lr-AdamW,step,train_loss_ce,train_loss_mask,train_loss_dice,train_loss_origin,train_loss_axis,train_loss_ce_0,train_loss_mask_0,train_loss_dice_0,train_loss_origin_0,train_loss_axis_0,train_loss_ce_1,train_loss_mask_1,train_loss_dice_1,train_loss_origin_1,train_loss_axis_1,train_loss_ce_2,train_loss_mask_2,train_loss_dice_2,train_loss_origin_2,train_loss_axis_2,train_loss_ce_3,train_loss_mask_3,train_loss_dice_3,train_loss_origin_3,train_loss_axis_3,train_loss_ce_4,train_loss_mask_4,train_loss_dice_4,train_loss_origin_4,train_loss_axis_4,train_loss_ce_5,train_loss_mask_5,train_loss_dice_5,train_loss_origin_5,train_loss_axis_5,train_loss_ce_6,train_loss_mask_6,train_loss_dice_6,train_loss_origin_6,train_loss_axis_6,train_loss_ce_7,train_loss_mask_7,train_loss_dice_7,train_loss_origin_7,train_loss_axis_7,train_loss_ce_8,train_loss_mask_8,train_loss_dice_8,train_loss_origin_8,train_loss_axis_8,train_loss_ce_9,train_loss_mask_9,train_loss_dice_9,train_loss_origin_9,train_loss_axis_9,train_loss_ce_10,train_loss_mask_10,train_loss_dice_10,train_loss_origin_10,train_loss_axis_10,mean_loss_ce,mean_loss_mask,mean_loss_dice,epoch,train_loss_mean,M_ap50,MA_ap50,MO_ap50,MAO_ap50,MAO_ST_ap50,MI_ap50,MIVec_ap50,MIOut_ap50,MIGT_ap50,MIOutGT_ap50,val_mean_box_ap_25,val_mean_box_ap_50,val_rotation_val_box_ap_50,val_translation_val_box_ap_50,val_rotation_val_box_ap_25,val_translation_val_box_ap_25,val_rotation_val_ap,val_rotation_val_ap_50,val_rotation_val_ap_25,val_translation_val_ap,val_translation_val_ap_50,val_translation_val_ap_25,val_mean_ap,val_mean_ap_50,val_mean_ap_25,val_loss_ce,val_loss_mask,val_loss_dice,val_loss_origin,val_loss_axis,val_loss_ce_0,val_loss_mask_0,val_loss_dice_0,val_loss_origin_0,val_loss_axis_0,val_loss_ce_1,val_loss_mask_1,val_loss_dice_1,val_loss_origin_1,val_loss_axis_1,val_loss_ce_2,val_loss_mask_2,val_loss_dice_2,val_loss_origin_2,val_loss_axis_2,val_loss_ce_3,val_loss_mask_3,val_loss_dice_3,val_loss_origin_3,val_loss_axis_3,val_loss_ce_4,val_loss_mask_4,val_loss_dice_4,val_loss_origin_4,val_loss_axis_4,val_loss_ce_5,val_loss_mask_5,val_loss_dice_5,val_loss_origin_5,val_loss_axis_5,val_loss_ce_6,val_loss_mask_6,val_loss_dice_6,val_loss_origin_6,val_loss_axis_6,val_loss_ce_7,val_loss_mask_7,val_loss_dice_7,val_loss_origin_7,val_loss_axis_7,val_loss_ce_8,val_loss_mask_8,val_loss_dice_8,val_loss_origin_8,val_loss_axis_8,val_loss_ce_9,val_loss_mask_9,val_loss_dice_9,val_loss_origin_9,val_loss_axis_9,val_loss_ce_10,val_loss_mask_10,val_loss_dice_10,val_loss_origin_10,val_loss_axis_10
8.831144344981e-07,49,,,,,,,,,,,,,,,,,,,,,,,,,,,,,,,,,,,,,,,,,,,,,,,,,,,,,,,,,,,,,,,,,,,,,,,,,,,,,,,,,,,,,,,,,,,,,,,,,,,,,,,,,,,,,,,,,,,,,,,,,,,,,,,,,,,,,,,,,,,,,,,,,,,,,,
,49,0.12054841220378876,0.09834693372249603,0.6922569870948792,0.38532695174217224,0.2353104054927826,2.331207513809204,0.3280392289161682,1.8438587188720703,2.6450583934783936,0.6121881604194641,1.158409833908081,0.18479129672050476,1.3976333141326904,1.197094440460205,0.4190579354763031,0.505405843257904,0.16004860401153564,1.0903986692428589,0.7128884196281433,0.2577749788761139,0.3848765790462494,0.12242446839809418,0.8570241928100586,0.639411985874176,0.23714517056941986,0.28312623500823975,0.10398803651332855,0.6953164935112,0.3287341296672821,0.2658478319644928,0.2280956655740738,0.123911052942276,0.7246093153953552,0.3042164146900177,0.26245707273483276,0.19088903069496155,0.09277290105819702,0.7255511283874512,0.32036301493644714,0.2478509545326233,0.20673511922359467,0.09191875159740448,0.6795826554298401,0.3011696934700012,0.2799878716468811,0.10066775977611542,0.09854099154472351,0.6712377071380615,0.26208552718162537,0.2267887443304062,0.09590732306241989,0.10533120483160019,0.667863130569458,0.2595096230506897,0.22056251764297485,0.4607778489589691,0.06636970490217209,0.5956810116767883,0.292532742023468,0.1822395771741867,0.5055539011955261,0.1313735991716385,0.886751115322113,0,,,,,,,,,,,,,,,,,,,,,,,,,,,,,,,,,,,,,,,,,,,,,,,,,,,,,,,,,,,,,,,,,,,,,,,,,,,,,,,,,,,,,,
1.13776842048475e-06,99,,,,,,,,,,,,,,,,,,,,,,,,,,,,,,,,,,,,,,,,,,,,,,,,,,,,,,,,,,,,,,,,,,,,,,,,,,,,,,,,,,,,,,,,,,,,,,,,,,,,,,,,,,,,,,,,,,,,,,,,,,,,,,,,,,,,,,,,,,,,,,,,,,,,,,
,99,0.08114264160394669,0.035027824342250824,0.11793315410614014,0.17917148768901825,0.0009249448776245117,1.0859196186065674,0.05983114242553711,0.4167296886444092,0.20593580603599548,0.05191361904144287,0.29672589898109436,0.03890145942568779,0.14776062965393066,0.14590218663215637,0.00033545494079589844,0.12499205768108368,0.04030052199959755,0.1247473955154419,0.14774900674819946,0.0011416077613830566,0.12427786737680435,0.037735965102910995,0.11606073379516602,0.17171542346477509,0.0012235641479492188,0.08028195053339005,0.031990449875593185,0.11636471748352051,0.18053701519966125,0.0004886388778686523,0.08497627824544907,0.0356140211224556,0.12338721752166748,0.16600841283798218,0.0007874369621276855,0.06584001332521439,0.036674175411462784,0.12215149402618408,0.17315462231636047,0.0008199214935302734,0.08965298533439636,0.036458127200603485,0.11748683452606201,0.18449705839157104,0.0013399720191955566,0.06045587360858917,0.030366461724042892,0.11727404594421387,0.1806148886680603,0.0006316900253295898,0.05109493434429169,0.03157748281955719,0.12277555465698242,0.1681002676486969,0.0003922581672668457,0.03168318793177605,0.03187481686472893,0.1259746551513672,0.17323485016822815,0.0007551312446594238,0.18142028152942657,0.03719603642821312,0.14738717675209045,0,,,,,,,,,,,,,,,,,,,,,,,,,,,,,,,,,,,,,,,,,,,,,,,,,,,,,,,,,,,,,,,,,,,,,,,,,,,,,,,,,,,,,,
1.5594056207178167e-06,149,,,,,,,,,,,,,,,,,,,,,,,,,,,,,,,,,,,,,,,,,,,,,,,,,,,,,,,,,,,,,,,,,,,,,,,,,,,,,,,,,,,,,,,,,,,,,,,,,,,,,,,,,,,,,,,,,,,,,,,,,,,,,,,,,,,,,,,,,,,,,,,,,,,,,,
,149,0.15329350531101227,0.04601313918828964,0.30186766386032104,0.5498378276824951,0.008178859949111938,1.490583062171936,0.20038850605487823,1.4273720979690552,1.7490260601043701,0.02279733121395111,0.4657180607318878,0.09044341742992401,0.8636785745620728,0.8439517021179199,0.01342521607875824,0.46338656544685364,0.038874391466379166,0.3313426673412323,0.4935210347175598,0.009033724665641785,0.5220754742622375,0.04557475447654724,0.3273988962173462,0.5285326838493347,0.012508794665336609,0.22349931299686432,0.05433296784758568,0.2943434715270996,0.5655324459075928,0.012037709355354309,0.20428170263767242,0.05587746202945709,0.2849685251712799,0.5826356410980225,0.013083845376968384,0.20702040195465088,0.04092026501893997,0.28387874364852905,0.5614950656890869,0.006737083196640015,0.21326026320457458,0.045363251119852066,0.2938779890537262,0.5765422582626343,0.011298030614852905,0.12696295976638794,0.04760514944791794,0.28607305884361267,0.5684638023376465,0.008267581462860107,0.14097389578819275,0.0490177646279335,0.2759069800376892,0.586904764175415,0.006250068545341492,0.1340373158454895,0.04005526006221771,0.2869552969932556,0.5653215646743774,0.0036085695028305054,0.3620910346508026,0.06287219375371933,0.4381386637687683,0,,,,,,,,,,,,,,,,,,,,,,,,,,,,,,,,,,,,,,,,,,,,,,,,,,,,,,,,,,,,,,,,,,,,,,,,,,,,,,,,,,,,,,
,194,,,,,,,,,,,,,,,,,,,,,,,,,,,,,,,,,,,,,,,,,,,,,,,,,,,,,,,,,,,,,,,,0,22.749958038330078,,,,,,,,,,,,,,,,,,,,,,,,,,,,,,,,,,,,,,,,,,,,,,,,,,,,,,,,,,,,,,,,,,,,,,,,,,,,,,,,,,,,,
2.1404245911677123e-06,199,,,,,,,,,,,,,,,,,,,,,,,,,,,,,,,,,,,,,,,,,,,,,,,,,,,,,,,,,,,,,,,,,,,,,,,,,,,,,,,,,,,,,,,,,,,,,,,,,,,,,,,,,,,,,,,,,,,,,,,,,,,,,,,,,,,,,,,,,,,,,,,,,,,,,,
,199,0.06851155310869217,0.034831900149583817,0.33000192046165466,0.2786906063556671,0.40004467964172363,1.5922333002090454,0.21038055419921875,1.5278581380844116,3.2183308601379395,0.4583456516265869,0.7442064881324768,0.16076907515525818,0.810823917388916,1.5751522779464722,0.4008418023586273,0.2803442180156708,0.07034516334533691,0.48896312713623047,0.9638598561286926,0.40100058913230896,0.2849333882331848,0.032151512801647186,0.3426915109157562,0.25827309489250183,0.4015560746192932,0.2022007405757904,0.03454902768135071,0.3487239181995392,0.27474740147590637,0.40028318762779236,0.1703781634569168,0.041523486375808716,0.37574321031570435,0.29245084524154663,0.40018054842948914,0.13667139410972595,0.03981906920671463,0.34995490312576294,0.24080264568328857,0.4004569947719574,0.17381790280342102,0.03735389932990074,0.3197745084762573,0.2370632141828537,0.4007391035556793,0.14228928089141846,0.03331025689840317,0.31779131293296814,0.24161405861377716,0.40008291602134705,0.10595507174730301,0.03574642911553383,0.3152225911617279,0.2101711481809616,0.4014293849468231,0.05631875619292259,0.034228309988975525,0.32237717509269714,0.20838724076747894,0.4003818929195404,0.3298216760158539,0.063750721514225,0.4874938428401947,1,,,,,,,,,,,,,,,,,,,,,,,,,,,,,,,,,,,,,,,,,,,,,,,,,,,,,,,,,,,,,,,,,,,,,,,,,,,,,,,,,,,,,,
2.87035048952554e-06,249,,,,,,,,,,,,,,,,,,,,,,,,,,,,,,,,,,,,,,,,,,,,,,,,,,,,,,,,,,,,,,,,,,,,,,,,,,,,,,,,,,,,,,,,,,,,,,,,,,,,,,,,,,,,,,,,,,,,,,,,,,,,,,,,,,,,,,,,,,,,,,,,,,,,,,
,249,0.039108067750930786,0.013395516201853752,0.2819949984550476,0.00724115502089262,0.0013639075914397836,2.1283814907073975,0.1569421887397766,1.6829930543899536,0.5414442420005798,0.44184863567352295,0.47390884160995483,0.024852322414517403,0.4484674334526062,0.007248448207974434,0.00353540712967515,0.30603182315826416,0.02232000231742859,0.3974993824958801,0.006734744179993868,0.001797548495233059,0.23848959803581238,0.015846678987145424,0.38476496934890747,0.0072313956916332245,0.0024956807028502226,0.1410064548254013,0.015235286206007004,0.3027462959289551,0.008157674223184586,0.001519697136245668,0.11322307586669922,0.014060265384614468,0.30634331703186035,0.00704070832580328,0.001888053840957582,0.03832967206835747,0.013542055152356625,0.28631770610809326,0.007341091986745596,0.0020516770891845226,0.029075095430016518,0.013945694081485271,0.3511318564414978,0.00700297299772501,0.0017823748057708144,0.0693078488111496,0.013541537337005138,0.23333629965782166,0.007102889474481344,0.0020053216721862555,0.11272776126861572,0.012597301043570042,0.24879910051822662,0.006844370625913143,0.0013808098156005144,0.057836420834064484,0.013864342123270035,0.26008158922195435,0.007369006052613258,0.0012793627101927996,0.31228551268577576,0.02751193195581436,0.43203967809677124,1,,,,,,,,,,,,,,,,,,,,,,,,,,,,,,,,,,,,,,,,,,,,,,,,,,,,,,,,,,,,,,,,,,,,,,,,,,,,,,,,,,,,,,
3.7360239198484284e-06,299,,,,,,,,,,,,,,,,,,,,,,,,,,,,,,,,,,,,,,,,,,,,,,,,,,,,,,,,,,,,,,,,,,,,,,,,,,,,,,,,,,,,,,,,,,,,,,,,,,,,,,,,,,,,,,,,,,,,,,,,,,,,,,,,,,,,,,,,,,,,,,,,,,,,,,
,299,0.3724556565284729,0.0594157800078392,0.5782047510147095,0.757491409778595,0.037105437368154526,2.3631367683410645,0.20351213216781616,1.8445903062820435,1.9241125583648682,0.6424180269241333,1.9547643661499023,0.16280663013458252,1.8823577165603638,2.250941276550293,0.663713276386261,1.5964537858963013,0.162836492061615,1.8293328285217285,1.8923462629318237,0.5330705046653748,0.913534939289093,0.2092321366071701,1.714076280593872,2.269897699356079,0.1895352602005005,0.6294320225715637,0.24944745004177094,1.5333651304244995,2.7264657020568848,0.049887944012880325,0.547039270401001,0.14942508935928345,1.3804397583007812,2.239102602005005,0.06626129150390625,0.6716060042381287,0.10938763618469238,1.074038028717041,1.3946850299835205,0.00892629474401474,1.1246774196624756,0.053727105259895325,0.6802964806556702,0.6103417277336121,0.01832422986626625,0.4069903492927551,0.05875891074538231,0.575316309928894,0.826249361038208,0.008449368178844452,0.28235864639282227,0.06443752348423004,0.6221802830696106,0.8580305576324463,0.01599784567952156,0.30888116359710693,0.06965322047472,0.6123777627944946,0.5324478149414062,0.0031949318945407867,0.9309442043304443,0.12938667833805084,1.1938812732696533,1,,,,,,,,,,,,,,,,,,,,,,,,,,,,,,,,,,,,,,,,,,,,,,,,,,,,,,,,,,,,,,,,,,,,,,,,,,,,,,,,,,,,,,
4.721838175411094e-06,349,,,,,,,,,,,,,,,,,,,,,,,,,,,,,,,,,,,,,,,,,,,,,,,,,,,,,,,,,,,,,,,,,,,,,,,,,,,,,,,,,,,,,,,,,,,,,,,,,,,,,,,,,,,,,,,,,,,,,,,,,,,,,,,,,,,,,,,,,,,,,,,,,,,,,,
,349,0.16720496118068695,0.0326748788356781,0.4884350299835205,0.014279384166002274,0.005816136486828327,2.2019662857055664,0.12630069255828857,1.6789276599884033,0.8907215595245361,0.3862289786338806,1.8337618112564087,0.059740737080574036,1.4096705913543701,0.3481765687465668,0.15478196740150452,1.3450262546539307,0.12912887334823608,1.0655301809310913,0.0145665118470788,0.15218055248260498,0.41528981924057007,0.10284419357776642,0.9822713136672974,0.010018770582973957,0.2767953872680664,0.40991491079330444,0.03114854171872139,0.4758567214012146,0.01358795166015625,0.010539847426116467,0.2052891105413437,0.0704571083188057,0.6527612805366516,0.013951478525996208,0.14439523220062256,0.2563861012458801,0.05554906278848648,0.6482633948326111,0.01659267395734787,0.10588528960943222,0.2520558834075928,0.03314030170440674,0.5308189988136292,0.016367873176932335,0.022617613896727562,0.19113989174365997,0.034911785274744034,0.5153809189796448,0.01513596624135971,0.010280575603246689,0.1715676188468933,0.037803683429956436,0.5041741132736206,0.015470080077648163,0.0031578713096678257,0.1862334907054901,0.03496497869491577,0.5200164914131165,0.01633690670132637,0.012166517786681652,0.6363196969032288,0.06238873675465584,0.7893422245979309,1,,,,,,,,,,,,,,,,,,,,,,,,,,,,,,,,,,,,,,,,,,,,,,,,,,,,,,,,,,,,,,,,,,,,,,,,,,,,,,,,,,,,,,
,389,,,,,,,,,,,,,,,,,,,,,,,,,,,,,,,,,,,,,,,,,,,,,,,,,,,,,,,,,,,,,,,,1,22.22501564025879,,,,,,,,,,,,,,,,,,,,,,,,,,,,,,,,,,,,,,,,,,,,,,,,,,,,,,,,,,,,,,,,,,,,,,,,,,,,,,,,,,,,,
5.8100206026547855e-06,399,,,,,,,,,,,,,,,,,,,,,,,,,,,,,,,,,,,,,,,,,,,,,,,,,,,,,,,,,,,,,,,,,,,,,,,,,,,,,,,,,,,,,,,,,,,,,,,,,,,,,,,,,,,,,,,,,,,,,,,,,,,,,,,,,,,,,,,,,,,,,,,,,,,,,,
,399,0.01861434616148472,0.02980330027639866,0.2157583236694336,0.14367371797561646,0.3902716040611267,1.2405003309249878,0.1376548558473587,1.0306315422058105,0.33635491132736206,0.5125535726547241,0.38827791810035706,0.07111853361129761,0.590054988861084,0.319920152425766,0.4310680031776428,0.12625379860401154,0.08829134702682495,0.5336269736289978,0.3312704265117645,0.43744775652885437,0.1284828782081604,0.02478228136897087,0.17971587181091309,0.16666841506958008,0.4097015857696533,0.05446827784180641,0.026239342987537384,0.1831861138343811,0.15296094119548798,0.40085670351982117,0.019946428015828133,0.026839639991521835,0.17958110570907593,0.14200910925865173,0.3986636698246002,0.02318905107676983,0.030614476650953293,0.2209901213645935,0.12097185850143433,0.37914565205574036,0.018051909282803535,0.0312696248292923,0.2346612811088562,0.11472602188587189,0.3947775065898895,0.020259983837604523,0.027306560426950455,0.2025545835494995,0.13987621665000916,0.39801958203315735,0.015485798940062523,0.02636101469397545,0.19394391775131226,0.1377556324005127,0.3831486701965332,0.01029874011874199,0.03328963369131088,0.23436403274536133,0.11103542149066925,0.3693998157978058,0.17198579013347626,0.04613088443875313,0.33325573801994324,2,,,,,,,,,,,,,,,,,,,,,,,,,,,,,,,,,,,,,,,,,,,,,,,,,,,,,,,,,,,,,,,,,,,,,,,,,,,,,,,,,,,,,,
6.980953013691647e-06,449,,,,,,,,,,,,,,,,,,,,,,,,,,,,,,,,,,,,,,,,,,,,,,,,,,,,,,,,,,,,,,,,,,,,,,,,,,,,,,,,,,,,,,,,,,,,,,,,,,,,,,,,,,,,,,,,,,,,,,,,,,,,,,,,,,,,,,,,,,,,,,,,,,,,,,
,449,0.10571915656328201,0.024972159415483475,0.3721637725830078,0.009502187371253967,0.0034052878618240356,1.7530536651611328,0.13514721393585205,1.5516053438186646,0.07238046079874039,0.2200118899345398,0.4688073396682739,0.016470933333039284,0.36856138706207275,0.0022467526141554117,0.00602954626083374,0.23789238929748535,0.018883345648646355,0.405265212059021,0.010616529732942581,0.006709083914756775,0.08714460581541061,0.01771223358809948,0.31030821800231934,0.010781330987811089,0.0058784931898117065,0.06645265221595764,0.01894160360097885,0.2706390917301178,0.00952170044183731,0.00383622944355011,0.0519937127828598,0.019205525517463684,0.27581557631492615,0.009993737563490868,0.003242775797843933,0.0394587442278862,0.027273744344711304,0.3769128918647766,0.009792378172278404,0.0047470927238464355,0.04955900087952614,0.031816743314266205,0.45669272541999817,0.010543028824031353,0.004322081804275513,0.09373341500759125,0.030907444655895233,0.44553881883621216,0.010425240732729435,0.003708064556121826,0.09748655557632446,0.02899743989109993,0.42121779918670654,0.011415857821702957,0.0029213279485702515,0.10555344820022583,0.03313295543193817,0.4642457962036133,0.009273303672671318,0.0033251196146011353,0.263071209192276,0.03362177684903145,0.47658056020736694,2,,,,,,,,,,,,,,,,,,,,,,,,,,,,,,,,,,,,,,,,,,,,,,,,,,,,,,,,,,,,,,,,,,,,,,,,,,,,,,,,,,,,,,
8.213525370839984e-06,499,,,,,,,,,,,,,,,,,,,,,,,,,,,,,,,,,,,,,,,,,,,,,,,,,,,,,,,,,,,,,,,,,,,,,,,,,,,,,,,,,,,,,,,,,,,,,,,,,,,,,,,,,,,,,,,,,,,,,,,,,,,,,,,,,,,,,,,,,,,,,,,,,,,,,,
,499,0.021146059036254883,0.0828757956624031,0.23940211534500122,0.3973717987537384,0.06685258448123932,1.48936927318573,0.4466155171394348,1.525306224822998,1.5762320756912231,0.22324690222740173,0.3497284948825836,0.1341402679681778,0.6845676302909851,0.8743709325790405,0.09803783893585205,0.39623260498046875,0.13692113757133484,0.3724634051322937,0.40692976117134094,0.08615797758102417,0.17782452702522278,0.07430461794137955,0.25973618030548096,0.3869815766811371,0.07505303621292114,0.13089191913604736,0.06837110221385956,0.2183002531528473,0.3894067406654358,0.0729171633720398,0.10636457055807114,0.07943052798509598,0.21761983633041382,0.3874496817588806,0.07717224955558777,0.08993785083293915,0.08945203572511673,0.23945096135139465,0.3689124882221222,0.0869797021150589,0.03752356022596359,0.08526802062988281,0.2503187656402588,0.39103424549102783,0.08274327218532562,0.0281487125903368,0.07401769608259201,0.2157001793384552,0.4013506770133972,0.06707480549812317,0.018385039642453194,0.07879243791103363,0.21848654747009277,0.39916640520095825,0.06973671913146973,0.03081616573035717,0.08222057670354843,0.22514453530311584,0.37148168683052063,0.08715474605560303,0.2396973967552185,0.11936748027801514,0.38887470960617065,2,,,,,,,,,,,,,,,,,,,,,,,,,,,,,,,,,,,,,,,,,,,,,,,,,,,,,,,,,,,,,,,,,,,,,,,,,,,,,,,,,,,,,,
9.485516366824004e-06,549,,,,,,,,,,,,,,,,,,,,,,,,,,,,,,,,,,,,,,,,,,,,,,,,,,,,,,,,,,,,,,,,,,,,,,,,,,,,,,,,,,,,,,,,,,,,,,,,,,,,,,,,,,,,,,,,,,,,,,,,,,,,,,,,,,,,,,,,,,,,,,,,,,,,,,
,549,0.02648811973631382,0.0787804126739502,0.09791644662618637,0.09745094180107117,0.0006740093231201172,1.373556137084961,0.520738422870636,1.2113240957260132,1.5862529277801514,0.00795823335647583,0.39041587710380554,0.14337953925132751,0.33612412214279175,0.08967031538486481,0.001492321491241455,0.0971023365855217,0.07662723958492279,0.0917431116104126,0.09958668053150177,0.0007168054580688477,0.05429466441273689,0.07893218100070953,0.09690865129232407,0.10136165469884872,0.00040928524686023593,0.03966924548149109,0.08510035276412964,0.09564118087291718,0.1003875732421875,0.0003948807716369629,0.04049477353692055,0.08334219455718994,0.09494304656982422,0.10211404412984848,0.0003483891487121582,0.030016453936696053,0.07868067920207977,0.09166741371154785,0.10075652599334717,0.00028967857360839844,0.013417266309261322,0.07779286801815033,0.09717830270528793,0.09732010960578918,0.00024791559553705156,0.017201166599988937,0.08220546692609787,0.09488272666931152,0.09826590120792389,0.0005402962560765445,0.01924176886677742,0.08448244631290436,0.09148498624563217,0.09886851906776428,0.0010069410782307386,0.03395884856581688,0.07994586229324341,0.09018659591674805,0.09980161488056183,0.00040262937545776367,0.17798805236816406,0.12250063568353653,0.20750005543231964,2,,,,,,,,,,,,,,,,,,,,,,,,,,,,,,,,,,,,,,,,,,,,,,,,,,,,,,,,,,,,,,,,,,,,,,,,,,,,,,,,,,,,,,
,584,,,,,,,,,,,,,,,,,,,,,,,,,,,,,,,,,,,,,,,,,,,,,,,,,,,,,,,,,,,,,,,,2,23.076736450195312,,,,,,,,,,,,,,,,,,,,,,,,,,,,,,,,,,,,,,,,,,,,,,,,,,,,,,,,,,,,,,,,,,,,,,,,,,,,,,,,,,,,,
1.0773994039386184e-05,599,,,,,,,,,,,,,,,,,,,,,,,,,,,,,,,,,,,,,,,,,,,,,,,,,,,,,,,,,,,,,,,,,,,,,,,,,,,,,,,,,,,,,,,,,,,,,,,,,,,,,,,,,,,,,,,,,,,,,,,,,,,,,,,,,,,,,,,,,,,,,,,,,,,,,,
,599,0.03689318150281906,0.02373061701655388,0.21559369564056396,0.20188938081264496,0.003715813159942627,1.2380764484405518,0.10853619873523712,0.9465956687927246,1.6836395263671875,0.10824364423751831,0.9824392199516296,0.1972467601299286,0.8769258856773376,1.729684829711914,0.0426253080368042,0.2648049592971802,0.1567976027727127,0.860552966594696,1.7113856077194214,0.023412466049194336,0.8492943048477173,0.024698510766029358,0.35566461086273193,0.29165488481521606,0.028362125158309937,0.1421273648738861,0.02220686711370945,0.23642343282699585,0.2630266547203064,0.009351789951324463,0.12227873504161835,0.030095160007476807,0.2829550504684448,0.3483904302120209,0.01501956582069397,0.09542641043663025,0.03066745027899742,0.32235240936279297,0.3796374201774597,0.007770031690597534,0.01263970136642456,0.02525409497320652,0.25283747911453247,0.2864730656147003,0.005371838808059692,0.014707244001328945,0.021737422794103622,0.2335628867149353,0.20876148343086243,0.003107607364654541,0.01113745104521513,0.023076385259628296,0.2207350730895996,0.20451009273529053,0.0044426023960113525,0.020493756979703903,0.02448994293808937,0.229444682598114,0.23829080164432526,0.00445181131362915,0.3158598840236664,0.05737808346748352,0.41947031021118164,3,,,,,,,,,,,,,,,,,,,,,,,,,,,,,,,,,,,,,,,,,,,,,,,,,,,,,,,,,,,,,,,,,,,,,,,,,,,,,,,,,,,,,,
1.2055729197871753e-05,649,,,,,,,,,,,,,,,,,,,,,,,,,,,,,,,,,,,,,,,,,,,,,,,,,,,,,,,,,,,,,,,,,,,,,,,,,,,,,,,,,,,,,,,,,,,,,,,,,,,,,,,,,,,,,,,,,,,,,,,,,,,,,,,,,,,,,,,,,,,,,,,,,,,,,,
,649,0.2143317610025406,0.05189039558172226,0.445693701505661,0.4361277222633362,0.0015385299921035767,2.0604145526885986,0.24523122608661652,1.7833679914474487,3.7511978149414062,0.04122084379196167,2.1006247997283936,0.432750403881073,1.7772977352142334,3.912956953048706,0.010764594189822674,0.4940553903579712,0.45458343625068665,1.7395085096359253,3.65700101852417,0.00019659599638544023,0.656051754951477,0.25787338614463806,1.5621646642684937,3.2593648433685303,0.0027865171432495117,1.0128761529922485,0.17318695783615112,0.973354697227478,1.9570236206054688,0.006713827606290579,0.6029456853866577,0.15419483184814453,1.093278408050537,2.2675483226776123,0.002922266721725464,0.577948808670044,0.11990226805210114,0.7618840932846069,1.3711986541748047,0.0013287216424942017,0.3005838692188263,0.09140954911708832,0.5792851448059082,0.9287042021751404,0.0027085989713668823,0.18452095985412598,0.05863025784492493,0.49393853545188904,0.6191679239273071,0.00173056626226753,0.16678273677825928,0.051185451447963715,0.4801117181777954,0.5779374837875366,0.0013145606499165297,0.2221428006887436,0.053557202219963074,0.4774462878704071,0.6265566349029541,0.0013688107719644904,0.7161065936088562,0.17869961261749268,1.0139442682266235,3,,,,,,,,,,,,,,,,,,,,,,,,,,,,,,,,,,,,,,,,,,,,,,,,,,,,,,,,,,,,,,,,,,,,,,,,,,,,,,,,,,,,,,
1.3307614208365581e-05,699,,,,,,,,,,,,,,,,,,,,,,,,,,,,,,,,,,,,,,,,,,,,,,,,,,,,,,,,,,,,,,,,,,,,,,,,,,,,,,,,,,,,,,,,,,,,,,,,,,,,,,,,,,,,,,,,,,,,,,,,,,,,,,,,,,,,,,,,,,,,,,,,,,,,,,
,699,0.14632728695869446,0.04936943203210831,0.5850980281829834,0.28842687606811523,0.15381669998168945,2.055461883544922,0.12532052397727966,1.6640651226043701,2.007606267929077,0.5194656848907471,0.4845682978630066,0.02181769162416458,0.783875048160553,1.0940990447998047,0.28269290924072266,0.20298337936401367,0.03420436754822731,0.692726731300354,0.46114930510520935,0.1522904336452484,0.26369720697402954,0.0625518411397934,0.6540119051933289,1.729255199432373,0.1475147008895874,0.19831226766109467,0.06081292778253555,0.5988718867301941,0.6263288855552673,0.15187543630599976,0.16386397182941437,0.05294152349233627,0.5990726351737976,0.629123866558075,0.15327996015548706,0.2357882708311081,0.06347116827964783,0.583306610584259,0.2896273136138916,0.15379896759986877,0.1874358057975769,0.051292501389980316,0.5660635828971863,0.25179195404052734,0.15055987238883972,0.16187307238578796,0.05720430612564087,0.5528829097747803,0.27233248949050903,0.1535046100616455,0.13673895597457886,0.061996571719646454,0.583791196346283,0.29747533798217773,0.15428993105888367,0.16765783727169037,0.049199916422367096,0.5858200788497925,0.2517046630382538,0.15296697616577148,0.36705902218818665,0.057515230029821396,0.7041321396827698,3,,,,,,,,,,,,,,,,,,,,,,,,,,,,,,,,,,,,,,,,,,,,,,,,,,,,,,,,,,,,,,,,,,,,,,,,,,,,,,,,,,,,,,
1.4507079587355574e-05,749,,,,,,,,,,,,,,,,,,,,,,,,,,,,,,,,,,,,,,,,,,,,,,,,,,,,,,,,,,,,,,,,,,,,,,,,,,,,,,,,,,,,,,,,,,,,,,,,,,,,,,,,,,,,,,,,,,,,,,,,,,,,,,,,,,,,,,,,,,,,,,,,,,,,,,
,749,0.2012905776500702,0.04984387010335922,0.26281189918518066,0.29188746213912964,0.0009149312973022461,1.0859094858169556,0.06297455728054047,0.5192140340805054,1.743924856185913,0.11001890897750854,0.4443930387496948,0.055613886564970016,0.4898366928100586,0.9599848985671997,0.004063546657562256,0.23486509919166565,0.04735565930604935,0.2627028226852417,0.2738019824028015,0.002089381217956543,0.11700135469436646,0.043753959238529205,0.23683786392211914,0.25591224431991577,0.0008438229560852051,0.11751200258731842,0.03175019472837448,0.18819117546081543,0.1983751803636551,0.0010194778442382812,0.11602292954921722,0.044141143560409546,0.20421373844146729,0.17542946338653564,0.0007699131965637207,0.1279931217432022,0.03539841249585152,0.20048153400421143,0.22761641442775726,0.0016179084777832031,0.12687033414840698,0.04652842506766319,0.2537260055541992,0.5878799557685852,0.0008158087730407715,0.15705908834934235,0.028241470456123352,0.18523728847503662,0.23357176780700684,0.0007045865058898926,0.17351983487606049,0.03873399645090103,0.19043266773223877,0.18804343044757843,0.0007491111755371094,0.1716519594192505,0.03640449792146683,0.22722697257995605,0.4687144160270691,0.002227485179901123,0.2561740577220917,0.04339500516653061,0.26840940117836,3,,,,,,,,,,,,,,,,,,,,,,,,,,,,,,,,,,,,,,,,,,,,,,,,,,,,,,,,,,,,,,,,,,,,,,,,,,,,,,,,,,,,,,
,779,,,,,,,,,,,,,,,,,,,,,,,,,,,,,,,,,,,,,,,,,,,,,,,,,,,,,,,,,,,,,,,,3,24.594772338867188,,,,,,,,,,,,,,,,,,,,,,,,,,,,,,,,,,,,,,,,,,,,,,,,,,,,,,,,,,,,,,,,,,,,,,,,,,,,,,,,,,,,,
1.5632500893405382e-05,799,,,,,,,,,,,,,,,,,,,,,,,,,,,,,,,,,,,,,,,,,,,,,,,,,,,,,,,,,,,,,,,,,,,,,,,,,,,,,,,,,,,,,,,,,,,,,,,,,,,,,,,,,,,,,,,,,,,,,,,,,,,,,,,,,,,,,,,,,,,,,,,,,,,,,,
,799,0.239109605550766,0.023044560104608536,0.12725698947906494,0.08225022256374359,1.3113021850585938e-06,1.085396409034729,0.029112912714481354,0.3559647798538208,0.23842650651931763,0.006484389305114746,0.6044124960899353,0.036696963012218475,0.33709287643432617,0.37951090931892395,0.0004304051399230957,0.24254651367664337,0.020919527858495712,0.21250343322753906,0.09526364505290985,0.00022983551025390625,0.16627131402492523,0.030678946524858475,0.16603326797485352,0.1228284165263176,0.0006613731384277344,0.21304310858249664,0.020678777247667313,0.13895690441131592,0.0968116968870163,0.00031310319900512695,0.2598762512207031,0.01813829503953457,0.13766682147979736,0.08459866046905518,5.745887756347656e-05,0.23773054778575897,0.02671709656715393,0.21614432334899902,0.19169706106185913,0.00042116641998291016,0.20527790486812592,0.02307957410812378,0.15999329090118408,0.12160433828830719,0.00013446807861328125,0.1660451889038086,0.024902749806642532,0.18725049495697021,0.1447599232196808,1.0728836059570312e-06,0.17282523214817047,0.020243484526872635,0.12137508392333984,0.0766080915927887,0.00031703710556030273,0.20611830055713654,0.019893350079655647,0.1504577398300171,0.09684507548809052,1.5556812286376953e-05,0.31655439734458923,0.024508852511644363,0.19255800545215607,4,,,,,,,,,,,,,,,,,,,,,,,,,,,,,,,,,,,,,,,,,,,,,,,,,,,,,,,,,,,,,,,,,,,,,,,,,,,,,,,,,,,,,,
1.6663588581230774e-05,849,,,,,,,,,,,,,,,,,,,,,,,,,,,,,,,,,,,,,,,,,,,,,,,,,,,,,,,,,,,,,,,,,,,,,,,,,,,,,,,,,,,,,,,,,,,,,,,,,,,,,,,,,,,,,,,,,,,,,,,,,,,,,,,,,,,,,,,,,,,,,,,,,,,,,,
,849,0.02792413718998432,0.03267305716872215,0.3418353796005249,0.05473710596561432,0.0002289116382598877,1.2400386333465576,0.08222377300262451,0.9877014756202698,1.7389683723449707,0.0110243558883667,1.088484764099121,0.10119874030351639,0.9551502466201782,1.7349421977996826,0.02510419487953186,0.2118309885263443,0.12199179828166962,0.9274699687957764,1.7181649208068848,0.005265086889266968,0.15388306975364685,0.13297399878501892,0.9402830600738525,1.6721243858337402,0.005194723606109619,0.49920210242271423,0.03652140125632286,0.4267454743385315,0.3437996208667755,0.005347788333892822,0.18335109949111938,0.06228841468691826,0.6273468732833862,0.7599529027938843,0.0006371140480041504,0.15867523849010468,0.03864135220646858,0.31582778692245483,0.06234361603856087,0.0009834468364715576,0.04610997438430786,0.041482578963041306,0.3287622332572937,0.07515977323055267,0.0005370378494262695,0.01943325623869896,0.03755000978708267,0.31441599130630493,0.05933229625225067,0.0002523064613342285,0.020967761054635048,0.03575173765420914,0.3165045380592346,0.053906768560409546,0.0008028149604797363,0.021586228162050247,0.039049047976732254,0.37189221382141113,0.10110583901405334,0.00024366378784179688,0.30595725774765015,0.06352882832288742,0.5711612701416016,4,,,,,,,,,,,,,,,,,,,,,,,,,,,,,,,,,,,,,,,,,,,,,,,,,,,,,,,,,,,,,,,,,,,,,,,,,,,,,,,,,,,,,,
1.758175378973442e-05,899,,,,,,,,,,,,,,,,,,,,,,,,,,,,,,,,,,,,,,,,,,,,,,,,,,,,,,,,,,,,,,,,,,,,,,,,,,,,,,,,,,,,,,,,,,,,,,,,,,,,,,,,,,,,,,,,,,,,,,,,,,,,,,,,,,,,,,,,,,,,,,,,,,,,,,
,899,0.1977410465478897,0.10853740572929382,0.6173720359802246,0.6890965700149536,0.31431424617767334,1.3760062456130981,0.15189018845558167,1.273254632949829,0.8019360303878784,0.6338242888450623,1.4184510707855225,0.1904112845659256,1.2102813720703125,0.7443806529045105,0.44184255599975586,0.254738986492157,0.1628788411617279,1.1529788970947266,0.6606330871582031,0.3730623126029968,0.6888806819915771,0.11680341511964798,1.1105440855026245,0.9455001354217529,0.35060757398605347,0.33652791380882263,0.11114072054624557,0.663787841796875,0.5093541145324707,0.3191150426864624,0.6512914896011353,0.16532182693481445,0.9576150178909302,1.1656405925750732,0.3535950183868408,0.23979026079177856,0.16572877764701843,0.8314943313598633,1.0912760496139526,0.3286069631576538,0.2876662611961365,0.0782250463962555,0.578150749206543,0.7189342379570007,0.31871506571769714,0.04999979957938194,0.2087160050868988,0.8314070701599121,1.0605297088623047,0.3092958927154541,0.14185769855976105,0.10279745608568192,0.7206743955612183,0.7320584058761597,0.3244861960411072,0.05187385529279709,0.229692280292511,0.8056137561798096,1.0821720361709595,0.3151704668998718,0.47456878423690796,0.149345263838768,0.8960978388786316,4,,,,,,,,,,,,,,,,,,,,,,,,,,,,,,,,,,,,,,,,,,,,,,,,,,,,,,,,,,,,,,,,,,,,,,,,,,,,,,,,,,,,,,
1.8370443469426144e-05,949,,,,,,,,,,,,,,,,,,,,,,,,,,,,,,,,,,,,,,,,,,,,,,,,,,,,,,,,,,,,,,,,,,,,,,,,,,,,,,,,,,,,,,,,,,,,,,,,,,,,,,,,,,,,,,,,,,,,,,,,,,,,,,,,,,,,,,,,,,,,,,,,,,,,,,
,949,0.8075613975524902,0.05567478388547897,0.37654560804367065,0.46861499547958374,0.25411444902420044,2.041611671447754,0.25969982147216797,1.6809154748916626,2.3677401542663574,0.5450422167778015,2.0667266845703125,0.2130812704563141,1.7010047435760498,2.4170734882354736,0.5441057085990906,1.0752619504928589,0.19381466507911682,1.5507525205612183,1.8083229064941406,0.26217660307884216,0.5285666584968567,0.15016700327396393,0.9633554816246033,1.1210622787475586,0.2521950304508209,1.0193415880203247,0.08258356899023056,0.6610771417617798,0.7479215860366821,0.2519344091415405,0.981231153011322,0.06342900544404984,0.44735878705978394,0.5772654414176941,0.2556164264678955,1.0123696327209473,0.06961637735366821,0.5088450312614441,0.43954646587371826,0.2561671733856201,0.7651090621948242,0.053190309554338455,0.37598085403442383,0.1985010802745819,0.2511647343635559,0.7341032028198242,0.05748036876320839,0.38901519775390625,0.28088903427124023,0.253068745136261,0.6772581934928894,0.05577083304524422,0.3730342984199524,0.25257205963134766,0.25270771980285645,0.8345687985420227,0.07149647176265717,0.43075111508369446,0.4111950397491455,0.25269076228141785,1.0453091859817505,0.11050037294626236,0.788219690322876,4,,,,,,,,,,,,,,,,,,,,,,,,,,,,,,,,,,,,,,,,,,,,,,,,,,,,,,,,,,,,,,,,,,,,,,,,,,,,,,,,,,,,,,
,974,,,,,,,,,,,,,,,,,,,,,,,,,,,,,,,,,,,,,,,,,,,,,,,,,,,,,,,,,,,,,,,,4,23.946147918701172,,,,,,,,,,,,,,,,,,,,,,,,,,,,,,,,,,,,,,,,,,,,,,,,,,,,,,,,,,,,,,,,,,,,,,,,,,,,,,,,,,,,,
1.901543880741757e-05,999,,,,,,,,,,,,,,,,,,,,,,,,,,,,,,,,,,,,,,,,,,,,,,,,,,,,,,,,,,,,,,,,,,,,,,,,,,,,,,,,,,,,,,,,,,,,,,,,,,,,,,,,,,,,,,,,,,,,,,,,,,,,,,,,,,,,,,,,,,,,,,,,,,,,,,
,999,0.10844513773918152,0.07201216369867325,0.7848047614097595,0.10690559446811676,0.0025631189346313477,1.4697240591049194,0.2602364122867584,1.3502085208892822,3.3777666091918945,0.3377905488014221,0.3516498804092407,0.09477047622203827,0.9389941096305847,0.6283769607543945,0.0034044187050312757,0.22862131893634796,0.0812402069568634,0.9262162446975708,0.19091448187828064,0.004196425434201956,0.1219634935259819,0.08364308625459671,0.7893275618553162,0.10448827594518661,0.002127965446561575,0.08362206071615219,0.08813045173883438,0.7821733355522156,0.10762055963277817,0.0027692518197000027,0.09491708129644394,0.0979706272482872,0.7840213775634766,0.1085011288523674,0.0032849512062966824,0.10160462558269501,0.0934741348028183,0.7886354923248291,0.09416884183883667,0.0021039447747170925,0.0652567520737648,0.08191179484128952,0.787722110748291,0.10571946948766708,0.003125449176877737,0.0846705511212349,0.08666457235813141,0.7816779017448425,0.10752549022436142,0.002937277313321829,0.07638110220432281,0.0959884524345398,0.7844731211662292,0.1053222119808197,0.00288863992318511,0.07206154614686966,0.08740673959255219,0.783883273601532,0.10206770896911621,0.0035844247322529554,0.23824313282966614,0.10195409506559372,0.8568448424339294,5,,,,,,,,,,,,,,,,,,,,,,,,,,,,,,,,,,,,,,,,,,,,,,,,,,,,,,,,,,,,,,,,,,,,,,,,,,,,,,,,,,,,,,
1.9505111569866004e-05,1049,,,,,,,,,,,,,,,,,,,,,,,,,,,,,,,,,,,,,,,,,,,,,,,,,,,,,,,,,,,,,,,,,,,,,,,,,,,,,,,,,,,,,,,,,,,,,,,,,,,,,,,,,,,,,,,,,,,,,,,,,,,,,,,,,,,,,,,,,,,,,,,,,,,,,,
,1049,0.012273239903151989,0.04958091676235199,0.15169744193553925,0.045553095638751984,0.0007875164737924933,1.3752762079238892,0.20424813032150269,1.276607871055603,2.547506093978882,0.22588461637496948,1.5275856256484985,0.276398628950119,1.1887272596359253,2.570472478866577,0.06002086400985718,0.6505894660949707,0.21142414212226868,1.157294511795044,2.218465805053711,0.00790858268737793,0.3682114779949188,0.12486684322357178,0.5527985692024231,1.0484180450439453,0.0008630752563476562,0.15703007578849792,0.052633095532655716,0.151300311088562,0.04752819985151291,0.00044659775448963046,0.17785120010375977,0.04985916614532471,0.16313254833221436,0.06112593412399292,0.017381450161337852,0.04855892434716225,0.052117686718702316,0.15394780039787292,0.048443298786878586,0.0007453759899362922,0.01261858455836773,0.04549131542444229,0.15546903014183044,0.045290764421224594,0.0005325874080881476,0.01613013818860054,0.043814174830913544,0.15251898765563965,0.04578059911727905,0.0009333888883702457,0.011077092960476875,0.041607748717069626,0.15366284549236298,0.04633265733718872,0.0006963213672861457,0.012256854213774204,0.050703100860118866,0.14752539992332458,0.04600847512483597,0.0007280906429514289,0.36412158608436584,0.10022874921560287,0.4503902196884155,5,,,,,,,,,,,,,,,,,,,,,,,,,,,,,,,,,,,,,,,,,,,,,,,,,,,,,,,,,,,,,,,,,,,,,,,,,,,,,,,,,,,,,,
1.9830633740423493e-05,1099,,,,,,,,,,,,,,,,,,,,,,,,,,,,,,,,,,,,,,,,,,,,,,,,,,,,,,,,,,,,,,,,,,,,,,,,,,,,,,,,,,,,,,,,,,,,,,,,,,,,,,,,,,,,,,,,,,,,,,,,,,,,,,,,,,,,,,,,,,,,,,,,,,,,,,
,1099,0.00858063343912363,0.05934081971645355,0.1899702250957489,0.4226425588130951,0.5350281596183777,1.3735073804855347,0.2240425944328308,1.2608437538146973,3.652657985687256,0.7905436754226685,0.5890222787857056,0.05827280879020691,0.2531394362449646,0.44878873229026794,0.37606626749038696,0.16495731472969055,0.05458162724971771,0.17542919516563416,0.42328304052352905,0.4826633930206299,0.027092482894659042,0.05647815763950348,0.18106111884117126,0.42830920219421387,0.5107729434967041,0.014088047668337822,0.054490894079208374,0.18487998843193054,0.43449923396110535,0.5456334352493286,0.01358905527740717,0.06011829525232315,0.1815795600414276,0.43786752223968506,0.4892560839653015,0.016491973772644997,0.0635523647069931,0.18087098002433777,0.4285133481025696,0.5073868036270142,0.017946308478713036,0.058571211993694305,0.18097516894340515,0.41385239362716675,0.4780958890914917,0.00921133067458868,0.05394474416971207,0.18639247119426727,0.4249741733074188,0.5354892015457153,0.007959320209920406,0.05565698444843292,0.1813753843307495,0.42987799644470215,0.49718713760375977,0.012415356002748013,0.05771130323410034,0.18585968017578125,0.42709028720855713,0.506670355796814,0.18790511786937714,0.07139682024717331,0.27853140234947205,5,,,,,,,,,,,,,,,,,,,,,,,,,,,,,,,,,,,,,,,,,,,,,,,,,,,,,,,,,,,,,,,,,,,,,,,,,,,,,,,,,,,,,,
1.998613667524524e-05,1149,,,,,,,,,,,,,,,,,,,,,,,,,,,,,,,,,,,,,,,,,,,,,,,,,,,,,,,,,,,,,,,,,,,,,,,,,,,,,,,,,,,,,,,,,,,,,,,,,,,,,,,,,,,,,,,,,,,,,,,,,,,,,,,,,,,,,,,,,,,,,,,,,,,,,,
,1149,0.036478541791439056,0.009575842879712582,0.25316953659057617,0.19079257547855377,0.010014900006353855,2.5854897499084473,0.1650177240371704,1.8218743801116943,1.68460214138031,0.7875522971153259,0.3802284598350525,0.05655336752533913,0.7123953700065613,0.41283154487609863,0.23884983360767365,0.16677352786064148,0.05774867162108421,0.6392078995704651,0.34953537583351135,0.2983960211277008,0.5095627307891846,0.01243868749588728,0.3129376471042633,0.1971857100725174,0.0470004677772522,0.16375452280044556,0.009177915751934052,0.24309039115905762,0.19373668730258942,0.024789465591311455,0.14523419737815857,0.010125362314283848,0.25993767380714417,0.1954548954963684,0.019343607127666473,0.1464070826768875,0.010271924547851086,0.2539146840572357,0.1918383091688156,0.04045810550451279,0.11011393368244171,0.008580511435866356,0.21306809782981873,0.18780086934566498,0.00857324618846178,0.07700373232364655,0.008574120700359344,0.21333959698677063,0.19174474477767944,0.010036047548055649,0.06138327717781067,0.009988456964492798,0.23243775963783264,0.19245733320713043,0.013106918893754482,0.0518687441945076,0.00923898909240961,0.21295081079006195,0.18897366523742676,0.009153207764029503,0.36952486634254456,0.03060763143002987,0.4473603069782257,5,,,,,,,,,,,,,,,,,,,,,,,,,,,,,,,,,,,,,,,,,,,,,,,,,,,,,,,,,,,,,,,,,,,,,,,,,,,,,,,,,,,,,,
,1169,,,,,,,,,,,,,,,,,,,,,,,,,,,,,,,,,,,,,,,,,,,,,,,,,,,,,,,,,,,,,,,,5,23.37849235534668,,,,,,,,,,,,,,,,,,,,,,,,,,,,,,,,,,,,,,,,,,,,,,,,,,,,,,,,,,,,,,,,,,,,,,,,,,,,,,,,,,,,,
1.9994041429345084e-05,1199,,,,,,,,,,,,,,,,,,,,,,,,,,,,,,,,,,,,,,,,,,,,,,,,,,,,,,,,,,,,,,,,,,,,,,,,,,,,,,,,,,,,,,,,,,,,,,,,,,,,,,,,,,,,,,,,,,,,,,,,,,,,,,,,,,,,,,,,,,,,,,,,,,,,,,
,1199,0.061278387904167175,0.043182630091905594,0.5194377899169922,0.06183094158768654,0.00942232832312584,2.0580599308013916,0.20598752796649933,1.70681631565094,2.144052267074585,0.3108343780040741,0.5448604226112366,0.05258644372224808,0.6552829146385193,0.0572916716337204,0.006431622430682182,0.38746756315231323,0.05250437185168266,0.525131106376648,0.037336550652980804,0.006893975660204887,0.16348551213741302,0.04745670408010483,0.5383877754211426,0.05232945829629898,0.007767992559820414,0.16399922966957092,0.04909326136112213,0.4938412606716156,0.04428616911172867,0.007253400050103664,0.16798239946365356,0.056917138397693634,0.49647006392478943,0.042098186910152435,0.004489703103899956,0.117657870054245,0.054441533982753754,0.5326110124588013,0.06190285459160805,0.01160212978720665,0.14199277758598328,0.04365772753953934,0.5172531604766846,0.06606952100992203,0.010639974847435951,0.1444176286458969,0.04790690541267395,0.5090980529785156,0.057754360139369965,0.009445080533623695,0.16397137939929962,0.053205475211143494,0.4845522344112396,0.05293263867497444,0.00664742523804307,0.14661864936351776,0.05161845684051514,0.5051679015159607,0.06154647469520569,0.013735133223235607,0.3551492989063263,0.06321318447589874,0.6236708164215088,6,,,,,,,,,,,,,,,,,,,,,,,,,,,,,,,,,,,,,,,,,,,,,,,,,,,,,,,,,,,,,,,,,,,,,,,,,,,,,,,,,,,,,,
1.9957653654174115e-05,1249,,,,,,,,,,,,,,,,,,,,,,,,,,,,,,,,,,,,,,,,,,,,,,,,,,,,,,,,,,,,,,,,,,,,,,,,,,,,,,,,,,,,,,,,,,,,,,,,,,,,,,,,,,,,,,,,,,,,,,,,,,,,,,,,,,,,,,,,,,,,,,,,,,,,,,
,1249,0.7619460225105286,0.007387136109173298,0.6827382445335388,1.4447813034057617,0.0077271065674722195,1.9161207675933838,0.12080015242099762,1.7066638469696045,3.3352789878845215,0.3661685585975647,0.37387561798095703,0.0066214073449373245,0.9495199918746948,1.782184362411499,0.019884556531906128,0.2648261487483978,0.006017610430717468,0.8401310443878174,1.0133694410324097,0.005113651510328054,0.2577502727508545,0.011463889852166176,0.9485127329826355,1.0772128105163574,0.0035149853210896254,0.8578487038612366,0.006517176516354084,0.5743458271026611,0.9366040229797363,0.008271565660834312,0.1772226095199585,0.010426456108689308,0.7732588648796082,1.1450130939483643,0.004615555517375469,0.8856092691421509,0.006161698140203953,0.5512375831604004,1.0116357803344727,0.008670508861541748,0.9137541055679321,0.008323089219629765,0.638325572013855,1.4761719703674316,0.04793810844421387,0.4865311086177826,0.007203328423202038,0.5873111486434937,1.4738037586212158,0.006445388309657574,0.4391016662120819,0.007856613025069237,0.5791569948196411,1.42824387550354,0.005304207559674978,0.2095443159341812,0.013738148845732212,0.821243166923523,1.129623293876648,0.004533966537564993,0.6286775469779968,0.017709724605083466,0.8043704032897949,6,,,,,,,,,,,,,,,,,,,,,,,,,,,,,,,,,,,,,,,,,,,,,,,,,,,,,,,,,,,,,,,,,,,,,,,,,,,,,,,,,,,,,,
1.9888308709018238e-05,1299,,,,,,,,,,,,,,,,,,,,,,,,,,,,,,,,,,,,,,,,,,,,,,,,,,,,,,,,,,,,,,,,,,,,,,,,,,,,,,,,,,,,,,,,,,,,,,,,,,,,,,,,,,,,,,,,,,,,,,,,,,,,,,,,,,,,,,,,,,,,,,,,,,,,,,
,1299,0.09346211701631546,0.02353343926370144,0.26388487219810486,0.06882467120885849,0.002052176045253873,1.9236465692520142,0.08736013621091843,1.6124365329742432,0.5123181343078613,0.18167762458324432,0.513379693031311,0.04104379564523697,0.4242407977581024,0.13206206262111664,0.0028445839416235685,0.3787274658679962,0.03202567994594574,0.3706483542919159,0.10444384068250656,0.003438282059505582,0.22949175536632538,0.036352068185806274,0.4126121997833252,0.045014236122369766,0.0042310357093811035,0.12141603976488113,0.042236119508743286,0.42578765749931335,0.04871734231710434,0.004026079084724188,0.11238973587751389,0.04167502373456955,0.4527297019958496,0.06976043432950974,0.0013330817455425858,0.09503529220819473,0.03579102084040642,0.43374547362327576,0.07191475480794907,0.0021201849449425936,0.06450437754392624,0.031988970935344696,0.3892362713813782,0.07278899848461151,0.004309642594307661,0.17144733667373657,0.024263519793748856,0.25762245059013367,0.06841074675321579,0.0032925009727478027,0.22642545402050018,0.021962158381938934,0.26763734221458435,0.07523249834775925,0.002311670919880271,0.154106006026268,0.024535872042179108,0.2646842896938324,0.07877454161643982,0.002068388508632779,0.34033599495887756,0.036897316575050354,0.46460551023483276,6,,,,,,,,,,,,,,,,,,,,,,,,,,,,,,,,,,,,,,,,,,,,,,,,,,,,,,,,,,,,,,,,,,,,,,,,,,,,,,,,,,,,,,
1.9786236108018543e-05,1349,,,,,,,,,,,,,,,,,,,,,,,,,,,,,,,,,,,,,,,,,,,,,,,,,,,,,,,,,,,,,,,,,,,,,,,,,,,,,,,,,,,,,,,,,,,,,,,,,,,,,,,,,,,,,,,,,,,,,,,,,,,,,,,,,,,,,,,,,,,,,,,,,,,,,,
,1349,0.28444966673851013,0.020452119410037994,0.4467603266239166,0.19438037276268005,0.2690911889076233,2.339003086090088,0.1580873727798462,1.785868525505066,1.513016939163208,0.7389767169952393,0.5956721305847168,0.06061097979545593,1.0313407182693481,1.0156835317611694,0.32745063304901123,0.3443816900253296,0.044762589037418365,0.7633417248725891,0.19177955389022827,0.31740108132362366,0.26487770676612854,0.03101467154920101,0.5998197793960571,0.19510231912136078,0.31995779275894165,0.28809112310409546,0.02378210797905922,0.4962600767612457,0.1885143667459488,0.26046597957611084,0.29972752928733826,0.02903110161423683,0.5329553484916687,0.19321514666080475,0.282333642244339,0.26339808106422424,0.029104558750987053,0.5461007952690125,0.19290952384471893,0.2979622185230255,0.30721819400787354,0.024476628750562668,0.5356122851371765,0.19512403011322021,0.29697152972221375,0.341187059879303,0.022201843559741974,0.4848470389842987,0.18793301284313202,0.2595062255859375,0.3472016155719757,0.02551945112645626,0.5195469856262207,0.1899799257516861,0.26212021708488464,0.3070804178714752,0.02472331002354622,0.5273405313491821,0.1966302990913391,0.24666599929332733,0.498524010181427,0.041147228330373764,0.6891494989395142,6,,,,,,,,,,,,,,,,,,,,,,,,,,,,,,,,,,,,,,,,,,,,,,,,,,,,,,,,,,,,,,,,,,,,,,,,,,,,,,,,,,,,,,
,1364,,,,,,,,,,,,,,,,,,,,,,,,,,,,,,,,,,,,,,,,,,,,,,,,,,,,,,,,,,,,,,,,6,22.068416595458984,,,,,,,,,,,,,,,,,,,,,,,,,,,,,,,,,,,,,,,,,,,,,,,,,,,,,,,,,,,,,,,,,,,,,,,,,,,,,,,,,,,,,
1.9651773685537632e-05,1399,,,,,,,,,,,,,,,,,,,,,,,,,,,,,,,,,,,,,,,,,,,,,,,,,,,,,,,,,,,,,,,,,,,,,,,,,,,,,,,,,,,,,,,,,,,,,,,,,,,,,,,,,,,,,,,,,,,,,,,,,,,,,,,,,,,,,,,,,,,,,,,,,,,,,,
,1399,0.2673274576663971,0.02393711544573307,0.47139906883239746,0.06884973496198654,0.08467575162649155,2.464815616607666,0.1553041636943817,1.8207359313964844,0.8563553094863892,0.3233981430530548,1.4780257940292358,0.09381122887134552,1.2168490886688232,0.398055762052536,0.25761061906814575,0.734718918800354,0.08866927772760391,1.0109857320785522,0.957095742225647,0.09326998144388199,0.5594308376312256,0.16494041681289673,0.6904361844062805,0.8047952651977539,0.1159268394112587,0.6793942451477051,0.03489937633275986,0.5303066372871399,0.29398661851882935,0.08658574521541595,0.6775941252708435,0.022839169949293137,0.3682842254638672,0.07762312144041061,0.0906851515173912,0.2896515130996704,0.02459867298603058,0.41939839720726013,0.07209738343954086,0.08568816632032394,0.12388501316308975,0.018807318061590195,0.3760962188243866,0.06940914690494537,0.08569646626710892,0.31796976923942566,0.022762568667531013,0.39978519082069397,0.06939756125211716,0.08255326002836227,0.21317587792873383,0.025508424267172813,0.4079892337322235,0.06707640737295151,0.07862343639135361,0.3841824233531952,0.025380495935678482,0.4805103838443756,0.06843311339616776,0.08697741478681564,0.6825143098831177,0.05845485255122185,0.6827313303947449,7,,,,,,,,,,,,,,,,,,,,,,,,,,,,,,,,,,,,,,,,,,,,,,,,,,,,,,,,,,,,,,,,,,,,,,,,,,,,,,,,,,,,,,
1.9485366478013776e-05,1449,,,,,,,,,,,,,,,,,,,,,,,,,,,,,,,,,,,,,,,,,,,,,,,,,,,,,,,,,,,,,,,,,,,,,,,,,,,,,,,,,,,,,,,,,,,,,,,,,,,,,,,,,,,,,,,,,,,,,,,,,,,,,,,,,,,,,,,,,,,,,,,,,,,,,,
,1449,0.23899543285369873,0.030278261750936508,0.34860652685165405,0.19504158198833466,0.33344078063964844,1.9946491718292236,0.36865073442459106,1.6967802047729492,0.7545937299728394,0.5636735558509827,0.7108874917030334,0.05558827519416809,0.6897527575492859,0.35626909136772156,0.3319423198699951,0.45221570134162903,0.05114030838012695,0.7187604904174805,0.2627853751182556,0.3351295590400696,0.9030864834785461,0.0323261097073555,0.5100342631340027,0.2472585141658783,0.3359178900718689,0.3395286798477173,0.040635064244270325,0.5212633609771729,0.20199482142925262,0.3352310359477997,0.34146347641944885,0.0365535244345665,0.5460667610168457,0.21057087182998657,0.3332584798336029,0.4507412910461426,0.035083089023828506,0.47681719064712524,0.24006333947181702,0.3337883949279785,0.20145376026630402,0.031095145270228386,0.3982902467250824,0.2273116558790207,0.3336026072502136,0.2455260008573532,0.03684701770544052,0.34282752871513367,0.20081959664821625,0.33390021324157715,0.269112229347229,0.03007611632347107,0.329474538564682,0.21821200847625732,0.33278483152389526,0.20704004168510437,0.028390856459736824,0.37372517585754395,0.23542802035808563,0.3331490159034729,0.5295583009719849,0.06472203880548477,0.5793665647506714,7,,,,,,,,,,,,,,,,,,,,,,,,,,,,,,,,,,,,,,,,,,,,,,,,,,,,,,,,,,,,,,,,,,,,,,,,,,,,,,,,,,,,,,
1.928756525100342e-05,1499,,,,,,,,,,,,,,,,,,,,,,,,,,,,,,,,,,,,,,,,,,,,,,,,,,,,,,,,,,,,,,,,,,,,,,,,,,,,,,,,,,,,,,,,,,,,,,,,,,,,,,,,,,,,,,,,,,,,,,,,,,,,,,,,,,,,,,,,,,,,,,,,,,,,,,
,1499,0.4355466067790985,0.04295539855957031,0.6576699614524841,0.6975042819976807,0.1710634082555771,2.178476333618164,0.22773218154907227,1.817171335220337,3.5071046352386475,0.37541934847831726,0.4516553282737732,0.11491788923740387,1.2368676662445068,1.6418445110321045,0.2920902371406555,0.46868211030960083,0.0881042331457138,0.9427244663238525,1.703307032585144,0.28879833221435547,0.39741846919059753,0.05832257866859436,0.8263208270072937,1.042738914489746,0.30236178636550903,0.3673144578933716,0.050613805651664734,0.7140052318572998,0.9162167310714722,0.24929466843605042,0.30448925495147705,0.08180254697799683,0.8118005990982056,1.2032966613769531,0.24394026398658752,0.4135090708732605,0.04486650228500366,0.6932616233825684,0.7477318644523621,0.24820062518119812,0.4073779582977295,0.051055341958999634,0.7019774913787842,0.8650612831115723,0.25152787566185,0.43147149682044983,0.05035465210676193,0.6437901258468628,0.6327611207962036,0.2480505108833313,0.45491188764572144,0.055396512150764465,0.6946307420730591,0.6871845126152039,0.268841028213501,0.43779873847961426,0.04992976784706116,0.6457291841506958,0.4941316246986389,0.245997354388237,0.5623876452445984,0.07633762061595917,0.8654958009719849,7,,,,,,,,,,,,,,,,,,,,,,,,,,,,,,,,,,,,,,,,,,,,,,,,,,,,,,,,,,,,,,,,,,,,,,,,,,,,,,,,,,,,,,
1.9059024676287186e-05,1549,,,,,,,,,,,,,,,,,,,,,,,,,,,,,,,,,,,,,,,,,,,,,,,,,,,,,,,,,,,,,,,,,,,,,,,,,,,,,,,,,,,,,,,,,,,,,,,,,,,,,,,,,,,,,,,,,,,,,,,,,,,,,,,,,,,,,,,,,,,,,,,,,,,,,,
,1549,0.22743919491767883,0.05462989956140518,0.551638126373291,0.3380677103996277,0.010051537305116653,2.7162163257598877,0.17957916855812073,1.9098188877105713,1.5504703521728516,0.48503684997558594,0.26312747597694397,0.1099531501531601,1.1527576446533203,0.5110001564025879,0.25164464116096497,0.7429617643356323,0.09633618593215942,1.068847894668579,0.31339800357818604,0.16081199049949646,0.3096047043800354,0.0607074610888958,0.7494915723800659,0.3126567602157593,0.008864667266607285,0.19798803329467773,0.06393536925315857,0.6311697959899902,0.32700613141059875,0.007426876574754715,0.14706175029277802,0.07077145576477051,0.6391563415527344,0.29137304425239563,0.0077118538320064545,0.11494971066713333,0.07143813371658325,0.6586970090866089,0.2971031963825226,0.008004643023014069,0.1211191713809967,0.07110149413347244,0.7076466083526611,0.2929074764251709,0.007155913859605789,0.18277214467525482,0.06860408186912537,0.6300969123840332,0.2829926013946533,0.00850047916173935,0.1367960274219513,0.08093946427106857,0.6599264144897461,0.28904038667678833,0.007717613130807877,0.24266155064105988,0.0661335438489914,0.616051435470581,0.3270544111728668,0.00722179189324379,0.4502248167991638,0.08284411579370499,0.8312748670578003,7,,,,,,,,,,,,,,,,,,,,,,,,,,,,,,,,,,,,,,,,,,,,,,,,,,,,,,,,,,,,,,,,,,,,,,,,,,,,,,,,,,,,,,
,1559,,,,,,,,,,,,,,,,,,,,,,,,,,,,,,,,,,,,,,,,,,,,,,,,,,,,,,,,,,,,,,,,7,22.198095321655273,,,,,,,,,,,,,,,,,,,,,,,,,,,,,,,,,,,,,,,,,,,,,,,,,,,,,,,,,,,,,,,,,,,,,,,,,,,,,,,,,,,,,
1.880050116507272e-05,1599,,,,,,,,,,,,,,,,,,,,,,,,,,,,,,,,,,,,,,,,,,,,,,,,,,,,,,,,,,,,,,,,,,,,,,,,,,,,,,,,,,,,,,,,,,,,,,,,,,,,,,,,,,,,,,,,,,,,,,,,,,,,,,,,,,,,,,,,,,,,,,,,,,,,,,
,1599,0.26723819971084595,0.07397399097681046,0.4269247353076935,0.3613112270832062,0.11418914794921875,2.6502912044525146,0.2773071527481079,1.8686264753341675,2.306727170944214,0.48461809754371643,0.33780795335769653,0.15999725461006165,0.9740607142448425,0.7973834276199341,0.11516831070184708,0.4794078469276428,0.11402665078639984,0.7374297976493835,0.6882928609848022,0.11218637973070145,0.6293589472770691,0.11356507241725922,0.6177498698234558,0.5026049017906189,0.11444070935249329,0.36212244629859924,0.0827760249376297,0.4547712504863739,0.4090310037136078,0.11393192410469055,0.36213061213493347,0.08399207890033722,0.47037526965141296,0.42090150713920593,0.11306627839803696,0.31912633776664734,0.08651067316532135,0.4853692650794983,0.4117586016654968,0.11446791142225266,0.31411394476890564,0.08704505115747452,0.42020678520202637,0.3796789050102234,0.11389654129743576,0.242919459939003,0.07991164177656174,0.42436733841896057,0.36370956897735596,0.11419332027435303,0.21468062698841095,0.08245138823986053,0.42778247594833374,0.39172208309173584,0.11414754390716553,0.2009052038192749,0.08162528276443481,0.44657468795776367,0.3773471713066101,0.11360049247741699,0.5316752195358276,0.11026518791913986,0.6461865305900574,8,,,,,,,,,,,,,,,,,,,,,,,,,,,,,,,,,,,,,,,,,,,,,,,,,,,,,,,,,,,,,,,,,,,,,,,,,,,,,,,,,,,,,,
1.851285036446585e-05,1649,,,,,,,,,,,,,,,,,,,,,,,,,,,,,,,,,,,,,,,,,,,,,,,,,,,,,,,,,,,,,,,,,,,,,,,,,,,,,,,,,,,,,,,,,,,,,,,,,,,,,,,,,,,,,,,,,,,,,,,,,,,,,,,,,,,,,,,,,,,,,,,,,,,,,,
,1649,0.006187403574585915,0.036825016140937805,0.045028090476989746,0.05877910554409027,0.0004360675811767578,1.075247049331665,0.06217673793435097,0.1445934772491455,0.0518866702914238,0.0029401183128356934,0.1397390216588974,0.15072008967399597,0.19955086708068848,0.06464651226997375,0.00024169683456420898,0.10401004552841187,0.04124723747372627,0.05110728740692139,0.06268597394227982,0.0008412003517150879,0.049771785736083984,0.04597507417201996,0.04986846446990967,0.062272340059280396,0.0006371140480041504,0.022704554721713066,0.05178878456354141,0.05292391777038574,0.04635024070739746,0.00032073259353637695,0.02967771515250206,0.03823292255401611,0.04555618762969971,0.07509471476078033,0.0001735091209411621,0.005345945246517658,0.03887146711349487,0.049410343170166016,0.06080366671085358,0.0006792545318603516,0.005750954616814852,0.0407748743891716,0.045708298683166504,0.0726063922047615,0.0004633665084838867,0.007304830942302942,0.04647684842348099,0.05163121223449707,0.0527009591460228,0.00038754940032958984,0.005911658052355051,0.03619568049907684,0.045598626136779785,0.07373201847076416,0.00033092498779296875,0.008428080007433891,0.03662481531500816,0.05081188678741455,0.06682685017585754,0.0004642605781555176,0.12167325615882874,0.052159130573272705,0.06931572407484055,8,,,,,,,,,,,,,,,,,,,,,,,,,,,,,,,,,,,,,,,,,,,,,,,,,,,,,,,,,,,,,,,,,,,,,,,,,,,,,,,,,,,,,,
1.8197024325496186e-05,1699,,,,,,,,,,,,,,,,,,,,,,,,,,,,,,,,,,,,,,,,,,,,,,,,,,,,,,,,,,,,,,,,,,,,,,,,,,,,,,,,,,,,,,,,,,,,,,,,,,,,,,,,,,,,,,,,,,,,,,,,,,,,,,,,,,,,,,,,,,,,,,,,,,,,,,
,1699,0.33073943853378296,0.016687821596860886,0.5270299911499023,0.0,0.026827029883861542,2.3896219730377197,0.036517783999443054,1.656205177307129,0.0,0.0038328245282173157,0.32010963559150696,0.04504893347620964,1.174946665763855,0.0,0.05413985252380371,0.2708665728569031,0.03680305927991867,0.9531822204589844,0.0,0.09379690140485764,0.2667020857334137,0.018032271414995193,0.8321579098701477,0.0,0.1735779047012329,0.2309972494840622,0.029443003237247467,0.7363022565841675,0.0,0.0339670404791832,0.3509964048862457,0.017772246152162552,0.5900553464889526,0.0,0.08460177481174469,0.25641772150993347,0.015732593834400177,0.5052812099456787,0.0,0.052446722984313965,0.3287850022315979,0.014783447608351707,0.48596811294555664,0.0,0.04261939972639084,0.26773151755332947,0.014622613787651062,0.44963952898979187,0.0,0.02562297135591507,0.2956906259059906,0.01698184572160244,0.49360108375549316,0.0,0.02258310467004776,0.25009340047836304,0.015728997066617012,0.4956541955471039,0.0,0.038044363260269165,0.46322929859161377,0.02317955158650875,0.7416686415672302,8,,,,,,,,,,,,,,,,,,,,,,,,,,,,,,,,,,,,,,,,,,,,,,,,,,,,,,,,,,,,,,,,,,,,,,,,,,,,,,,,,,,,,,
1.785406835207022e-05,1749,,,,,,,,,,,,,,,,,,,,,,,,,,,,,,,,,,,,,,,,,,,,,,,,,,,,,,,,,,,,,,,,,,,,,,,,,,,,,,,,,,,,,,,,,,,,,,,,,,,,,,,,,,,,,,,,,,,,,,,,,,,,,,,,,,,,,,,,,,,,,,,,,,,,,,
,1749,0.006547424476593733,0.08244989812374115,0.09722018241882324,0.11957632005214691,0.0014926593285053968,1.3748310804367065,0.5755358934402466,1.2121539115905762,1.5182737112045288,0.008018434047698975,0.3501777648925781,0.11397409439086914,0.19451181590557098,0.07729552686214447,0.0019981663208454847,0.08542663604021072,0.08466340601444244,0.11825057119131088,0.12545877695083618,0.002057969570159912,0.01911582611501217,0.08115272223949432,0.0976673811674118,0.11833767592906952,0.0009392897482030094,0.012603741139173508,0.07465557008981705,0.09845976531505585,0.12004725635051727,0.0012290875893086195,0.008677732199430466,0.07483315467834473,0.09643694013357162,0.11152265965938568,0.0005428990116342902,0.008828098885715008,0.07743214815855026,0.09714233875274658,0.11546459048986435,0.000527759431861341,0.014892039820551872,0.08530527353286743,0.09590327739715576,0.11840617656707764,0.0013868610840290785,0.007915189489722252,0.0736013725399971,0.09845805168151855,0.11976800858974457,0.0011722247581928968,0.006093418225646019,0.07474414259195328,0.09475143998861313,0.11229010671377182,0.00039581459714099765,0.006637741811573505,0.0751526802778244,0.09890143573284149,0.11864268779754639,0.000813563703559339,0.15847888588905334,0.12279169261455536,0.19998809695243835,8,,,,,,,,,,,,,,,,,,,,,,,,,,,,,,,,,,,,,,,,,,,,,,,,,,,,,,,,,,,,,,,,,,,,,,,,,,,,,,,,,,,,,,
,1754,,,,,,,,,,,,,,,,,,,,,,,,,,,,,,,,,,,,,,,,,,,,,,,,,,,,,,,,,,,,,,,,8,22.5233211517334,,,,,,,,,,,,,,,,,,,,,,,,,,,,,,,,,,,,,,,,,,,,,,,,,,,,,,,,,,,,,,,,,,,,,,,,,,,,,,,,,,,,,
1.7485117541281087e-05,1799,,,,,,,,,,,,,,,,,,,,,,,,,,,,,,,,,,,,,,,,,,,,,,,,,,,,,,,,,,,,,,,,,,,,,,,,,,,,,,,,,,,,,,,,,,,,,,,,,,,,,,,,,,,,,,,,,,,,,,,,,,,,,,,,,,,,,,,,,,,,,,,,,,,,,,
,1799,0.7154495120048523,0.0605122447013855,0.3792172074317932,0.6450263261795044,0.0021766028366982937,1.3763442039489746,0.13029827177524567,1.4470733404159546,4.513792037963867,0.011063754558563232,0.9814032912254333,0.05617331340909004,0.8238843679428101,1.996250033378601,0.0016282002907246351,0.7640365362167358,0.04159093648195267,0.5898272395133972,0.3378382921218872,0.006028473377227783,0.24338653683662415,0.06228771060705185,0.7369192838668823,0.41984307765960693,0.0035626888275146484,0.22349557280540466,0.08437647670507431,0.8450050354003906,0.4775145947933197,0.001927753328345716,0.2643992006778717,0.06691943109035492,0.7489099502563477,0.4789873957633972,0.003744204994291067,0.2881448566913605,0.046383585780858994,0.6735037565231323,0.357359379529953,0.0029716691933572292,0.19280004501342773,0.05387508124113083,0.7193307876586914,0.36613839864730835,0.0025596420746296644,0.6429848670959473,0.04085254669189453,0.3552674651145935,0.5310980677604675,0.0013620257377624512,0.8966934084892273,0.040407292544841766,0.34846460819244385,0.5302128791809082,0.009166479110717773,0.7257795929908752,0.0612880103290081,0.3828970789909363,0.6401574015617371,0.00724869966506958,0.6095764636993408,0.06208040937781334,0.6708583235740662,9,,,,,,,,,,,,,,,,,,,,,,,,,,,,,,,,,,,,,,,,,,,,,,,,,,,,,,,,,,,,,,,,,,,,,,,,,,,,,,,,,,,,,,
1.7091393026525763e-05,1849,,,,,,,,,,,,,,,,,,,,,,,,,,,,,,,,,,,,,,,,,,,,,,,,,,,,,,,,,,,,,,,,,,,,,,,,,,,,,,,,,,,,,,,,,,,,,,,,,,,,,,,,,,,,,,,,,,,,,,,,,,,,,,,,,,,,,,,,,,,,,,,,,,,,,,
,1849,0.14922697842121124,0.01762678660452366,0.2955887019634247,0.04548880085349083,0.0050648283213377,2.0521438121795654,0.1631847321987152,1.6898311376571655,0.7297256588935852,0.2991124987602234,2.265211343765259,0.1648741215467453,1.7154771089553833,0.760658323764801,0.470867395401001,1.6569583415985107,0.14132392406463623,1.7606513500213623,0.9953935146331787,0.4605600833892822,1.3063032627105713,0.12336037307977676,1.4184441566467285,0.9317274689674377,0.2364385724067688,1.2484060525894165,0.040222376585006714,0.5330066680908203,0.2567795217037201,0.008033199235796928,0.7791227102279663,0.027342919260263443,0.4528863728046417,0.18753160536289215,0.004091569688171148,0.5806875228881836,0.017019225284457207,0.3038937747478485,0.04455235227942467,0.006218603812158108,0.322224497795105,0.016254901885986328,0.26607534289360046,0.04539266601204872,0.005524507723748684,0.1859310418367386,0.016989896073937416,0.2758277654647827,0.0456581749022007,0.00654568849131465,0.1983584761619568,0.017911117523908615,0.2874389886856079,0.0443502813577652,0.007339869625866413,0.18865428864955902,0.01770949736237526,0.28066179156303406,0.04337040334939957,0.005724872928112745,0.9111023545265198,0.0636516585946083,0.7733152508735657,9,,,,,,,,,,,,,,,,,,,,,,,,,,,,,,,,,,,,,,,,,,,,,,,,,,,,,,,,,,,,,,,,,,,,,,,,,,,,,,,,,,,,,,
1.6674197935863914e-05,1899,,,,,,,,,,,,,,,,,,,,,,,,,,,,,,,,,,,,,,,,,,,,,,,,,,,,,,,,,,,,,,,,,,,,,,,,,,,,,,,,,,,,,,,,,,,,,,,,,,,,,,,,,,,,,,,,,,,,,,,,,,,,,,,,,,,,,,,,,,,,,,,,,,,,,,
,1899,0.10250797867774963,0.02161993458867073,0.34502726793289185,0.27221646904945374,0.0066462233662605286,1.9741276502609253,0.18782742321491241,1.6893553733825684,3.452493190765381,0.3776942789554596,0.3050798177719116,0.11791913211345673,0.9414272904396057,2.233485460281372,0.00356842577457428,0.40824609994888306,0.046923961490392685,0.7256160974502563,0.29433953762054443,0.01060812920331955,0.2373276948928833,0.031527210026979446,0.4542512595653534,0.17867092788219452,0.004991196095943451,0.2846684753894806,0.023088425397872925,0.3511592745780945,0.2840785086154938,0.005806595087051392,0.25498029589653015,0.025549661368131638,0.3733983337879181,0.26749542355537415,0.007723264396190643,0.22413477301597595,0.021575680002570152,0.3410341143608093,0.2593939006328583,0.004380151629447937,0.15119563043117523,0.022096190601587296,0.3636617064476013,0.2679729163646698,0.006330139935016632,0.15559090673923492,0.022498968988656998,0.3492632210254669,0.271524578332901,0.008136570453643799,0.16217352449893951,0.023731596767902374,0.3654868006706238,0.2782840430736542,0.014927938580513,0.17484712600708008,0.020218973979353905,0.3948543071746826,0.2720113694667816,0.004458233714103699,0.36957332491874695,0.04704809561371803,0.5578778982162476,9,,,,,,,,,,,,,,,,,,,,,,,,,,,,,,,,,,,,,,,,,,,,,,,,,,,,,,,,,,,,,,,,,,,,,,,,,,,,,,,,,,,,,,
1.6234913078995263e-05,1949,,,,,,,,,,,,,,,,,,,,,,,,,,,,,,,,,,,,,,,,,,,,,,,,,,,,,,,,,,,,,,,,,,,,,,,,,,,,,,,,,,,,,,,,,,,,,,,,,,,,,,,,,,,,,,,,,,,,,,,,,,,,,,,,,,,,,,,,,,,,,,,,,,,,,,
,1949,0.2453082799911499,0.13217060267925262,0.8072484731674194,0.07583111524581909,0.007044576108455658,2.112022638320923,0.17714695632457733,1.7429182529449463,0.7463821172714233,0.5185573101043701,1.3625826835632324,0.13815650343894958,1.4971851110458374,0.45264822244644165,0.1651785969734192,0.7562365531921387,0.14407381415367126,0.9563547372817993,0.40027573704719543,0.037739358842372894,0.37495937943458557,0.09741349518299103,0.8689507842063904,0.09514768421649933,0.007249459624290466,0.2150789499282837,0.10546758025884628,0.7905640602111816,0.115909144282341,0.003269106149673462,0.3013816475868225,0.11089202016592026,0.7613176703453064,0.0753498300909996,0.00628083199262619,0.22575423121452332,0.1635218858718872,0.8578829765319824,0.07707282900810242,0.014031335711479187,0.16718339920043945,0.1351504623889923,0.8761796951293945,0.08709815889596939,0.008141309022903442,0.1619512140750885,0.11619935929775238,0.7835859060287476,0.07791833579540253,0.006596267223358154,0.11964099854230881,0.10089769959449768,0.7951520085334778,0.07973551750183105,0.013081155717372894,0.28357189893722534,0.11533663421869278,0.7927237153053284,0.07605813443660736,0.026832319796085358,0.5271393060684204,0.12803559005260468,0.9608386158943176,9,,,,,,,,,,,,,,,,,,,,,,,,,,,,,,,,,,,,,,,,,,,,,,,,,,,,,,,,,,,,,,,,,,,,,,,,,,,,,,,,,,,,,,
,1949,,,,,,,,,,,,,,,,,,,,,,,,,,,,,,,,,,,,,,,,,,,,,,,,,,,,,,,,,,,,,0.4493693709373474,0.08028557151556015,0.59334796667099,9,,0.5681115643373044,0.4575604613399189,0.46271576629148203,0.11670715499426829,0.34979362007075077,0.0,0.0,0.0,0.0,0.0,0.4204492874645274,0.22404580824574566,0.2983893749607063,0.14970224153078504,0.4082070166418036,0.43269155828725125,0.46222907304763794,0.7368449568748474,0.8946160674095154,0.15704131126403809,0.3993781507015228,0.6478666663169861,0.30963519636309333,0.5681115643373044,0.7712413686555808,0.23221652209758759,0.05080536752939224,0.4359106719493866,0.3830625116825104,0.0883251503109932,1.936806559562683,0.25961050391197205,1.5798567533493042,3.127704620361328,0.32608601450920105,0.6821462512016296,0.12755544483661652,0.847267746925354,1.0921097993850708,0.12632505595684052,0.41802993416786194,0.08047590404748917,0.6034607887268066,0.5903261303901672,0.10694652795791626,0.3359287977218628,0.06342525035142899,0.49710705876350403,0.4371422231197357,0.08977082371711731,0.28948360681533813,0.053992003202438354,0.45872393250465393,0.42334264516830444,0.08839510381221771,0.2877714931964874,0.055481139570474625,0.45982784032821655,0.41858914494514465,0.09200979024171829,0.253201961517334,0.056085050106048584,0.46413642168045044,0.4102943539619446,0.08749864250421524,0.2505424916744232,0.05486958846449852,0.44480806589126587,0.38628527522087097,0.08522547036409378,0.24033743143081665,0.05115193501114845,0.43526124954223633,0.3751027584075928,0.08589503169059753,0.24106618762016296,0.05256441608071327,0.4408673048019409,0.3676949143409729,0.08925125002861023,0.2249011993408203,0.05741021782159805,0.4529479742050171,0.37747594714164734,0.0865137055516243
,1949,,,,,,,,,,,,,,,,,,,,,,,,,,,,,,,,,,,,,,,,,,,,,,,,,,,,,,,,,,,,,,,,9,23.191776275634766,,,,,,,,,,,,,,,,,,,,,,,,,,,,,,,,,,,,,,,,,,,,,,,,,,,,,,,,,,,,,,,,,,,,,,,,,,,,,,,,,,,,,
1.5774992377130492e-05,1999,,,,,,,,,,,,,,,,,,,,,,,,,,,,,,,,,,,,,,,,,,,,,,,,,,,,,,,,,,,,,,,,,,,,,,,,,,,,,,,,,,,,,,,,,,,,,,,,,,,,,,,,,,,,,,,,,,,,,,,,,,,,,,,,,,,,,,,,,,,,,,,,,,,,,,
,1999,0.06031147390604019,0.03466690331697464,0.33701738715171814,0.23127901554107666,0.5980865359306335,1.5946072340011597,0.15151095390319824,1.575033187866211,2.330425977706909,0.857098400592804,0.4153960347175598,0.07031773030757904,0.6848088502883911,0.56060791015625,0.5952712297439575,0.19185684621334076,0.04178407043218613,0.38924360275268555,0.22156062722206116,0.5919177532196045,0.11459113657474518,0.03355155140161514,0.3454776704311371,0.22471027076244354,0.6027817130088806,0.08863642066717148,0.035604506731033325,0.3380381762981415,0.21927230060100555,0.6091130375862122,0.09409071505069733,0.030815988779067993,0.33320361375808716,0.21891741454601288,0.6072165369987488,0.08041642606258392,0.037702009081840515,0.337983101606369,0.21425560116767883,0.6011895537376404,0.05286123603582382,0.03381982445716858,0.3360865116119385,0.2260213941335678,0.6021310091018677,0.06325046718120575,0.03410128504037857,0.3322233557701111,0.22544340789318085,0.6058799624443054,0.06478633731603622,0.034137796610593796,0.3287392556667328,0.2266552895307541,0.6042744517326355,0.08864853531122208,0.03601278364658356,0.34601888060569763,0.23525647819042206,0.5903173685073853,0.2424544095993042,0.04783545061945915,0.4736561179161072,10,,,,,,,,,,,,,,,,,,,,,,,,,,,,,,,,,,,,,,,,,,,,,,,,,,,,,,,,,,,,,,,,,,,,,,,,,,,,,,,,,,,,,,
1.5295958050881627e-05,2049,,,,,,,,,,,,,,,,,,,,,,,,,,,,,,,,,,,,,,,,,,,,,,,,,,,,,,,,,,,,,,,,,,,,,,,,,,,,,,,,,,,,,,,,,,,,,,,,,,,,,,,,,,,,,,,,,,,,,,,,,,,,,,,,,,,,,,,,,,,,,,,,,,,,,,
,2049,0.03637278452515602,0.046105824410915375,0.22709980607032776,0.3531477153301239,0.008271574974060059,1.7655746936798096,0.23111237585544586,1.674991250038147,3.6168622970581055,0.18504668772220612,1.5164068937301636,0.19200555980205536,1.5303064584732056,3.683077573776245,0.13080577552318573,1.1346765756607056,0.16144779324531555,1.2365210056304932,2.2868716716766357,0.061104290187358856,0.8499356508255005,0.12752582132816315,0.9034573435783386,0.8804265856742859,0.016269369050860405,0.22391360998153687,0.1312132030725479,0.6318588256835938,0.7580656409263611,0.009218488819897175,0.828913688659668,0.04453659802675247,0.36557191610336304,0.32309281826019287,0.025881418958306313,0.23194730281829834,0.10509010404348373,0.43903762102127075,0.4561357796192169,0.005742584355175495,0.16668370366096497,0.044517308473587036,0.23057794570922852,0.3076595067977905,0.0049538444727659225,0.1009141355752945,0.04570310562849045,0.23459000885486603,0.32652443647384644,0.005560142919421196,0.08614581823348999,0.045830272138118744,0.2716003954410553,0.42231255769729614,0.00846730824559927,0.061406638473272324,0.041915398091077805,0.2300167828798294,0.3188552260398865,0.0067998431622982025,0.5835742950439453,0.1014169454574585,0.6646357774734497,10,,,,,,,,,,,,,,,,,,,,,,,,,,,,,,,,,,,,,,,,,,,,,,,,,,,,,,,,,,,,,,,,,,,,,,,,,,,,,,,,,,,,,,
1.4799395582098748e-05,2099,,,,,,,,,,,,,,,,,,,,,,,,,,,,,,,,,,,,,,,,,,,,,,,,,,,,,,,,,,,,,,,,,,,,,,,,,,,,,,,,,,,,,,,,,,,,,,,,,,,,,,,,,,,,,,,,,,,,,,,,,,,,,,,,,,,,,,,,,,,,,,,,,,,,,,
,2099,0.04263889789581299,0.03170797973871231,0.2709167003631592,1.6424709558486938,0.0008890926837921143,1.2398520708084106,0.1475474238395691,1.1902592182159424,2.6222057342529297,0.053405582904815674,1.2793627977371216,0.1757722944021225,1.1598858833312988,2.466782808303833,0.13178709149360657,0.411123663187027,0.1740613430738449,0.9857640862464905,2.649728536605835,0.014111459255218506,0.5975164771080017,0.3391387462615967,0.8776000142097473,2.4937238693237305,0.0020071864128112793,0.44746705889701843,0.029423385858535767,0.2874247431755066,0.8109468221664429,0.0009836554527282715,0.40428492426872253,0.029817000031471252,0.24005752801895142,0.5975606441497803,0.0024019181728363037,0.27909618616104126,0.04485144838690758,0.31524962186813354,0.7966070175170898,0.002109318971633911,0.2334347516298294,0.03767318278551102,0.28119027614593506,0.7641044855117798,0.002020329236984253,0.052628424018621445,0.033534400165081024,0.33289867639541626,1.1590405702590942,0.0007522106170654297,0.05502675101161003,0.03317936882376671,0.3012250065803528,0.9878515005111694,0.0011273026466369629,0.05552886798977852,0.034339845180511475,0.30856919288635254,0.9550628662109375,0.0014109015464782715,0.4248300790786743,0.09258720278739929,0.5459200739860535,10,,,,,,,,,,,,,,,,,,,,,,,,,,,,,,,,,,,,,,,,,,,,,,,,,,,,,,,,,,,,,,,,,,,,,,,,,,,,,,,,,,,,,,
,2144,,,,,,,,,,,,,,,,,,,,,,,,,,,,,,,,,,,,,,,,,,,,,,,,,,,,,,,,,,,,,,,,10,21.84276580810547,,,,,,,,,,,,,,,,,,,,,,,,,,,,,,,,,,,,,,,,,,,,,,,,,,,,,,,,,,,,,,,,,,,,,,,,,,,,,,,,,,,,,
1.4286948466328087e-05,2149,,,,,,,,,,,,,,,,,,,,,,,,,,,,,,,,,,,,,,,,,,,,,,,,,,,,,,,,,,,,,,,,,,,,,,,,,,,,,,,,,,,,,,,,,,,,,,,,,,,,,,,,,,,,,,,,,,,,,,,,,,,,,,,,,,,,,,,,,,,,,,,,,,,,,,
,2149,0.058194659650325775,0.04449146240949631,0.1431734263896942,0.06513653695583344,0.002386172767728567,1.3716061115264893,0.388370156288147,1.3693808317184448,1.6496350765228271,0.0026872754096984863,0.24523364007472992,0.059271447360515594,0.43535494804382324,0.10728465765714645,0.006517748348414898,0.13923919200897217,0.04003544896841049,0.17728173732757568,0.08374287933111191,0.005277077667415142,0.08619041740894318,0.042236872017383575,0.1583091914653778,0.07635244727134705,0.004061083309352398,0.03086937963962555,0.04474354907870293,0.14678244292736053,0.0714465081691742,0.0040811700746417046,0.04042348638176918,0.044583819806575775,0.13525709509849548,0.07443849742412567,0.0025428335648030043,0.04233860224485397,0.040530335158109665,0.13411542773246765,0.07925775647163391,0.0017498930683359504,0.056486163288354874,0.04104936122894287,0.13089784979820251,0.08214467763900757,0.0027250847779214382,0.036042701452970505,0.04741985350847244,0.14829301834106445,0.07447145879268646,0.003754655597731471,0.04074990749359131,0.046337027102708817,0.13314127922058105,0.07642150670289993,0.003186563728377223,0.039839006960392,0.047506995499134064,0.1544157713651657,0.06286739557981491,0.0018418829422444105,0.18226777017116547,0.0738813579082489,0.27220025658607483,11,,,,,,,,,,,,,,,,,,,,,,,,,,,,,,,,,,,,,,,,,,,,,,,,,,,,,,,,,,,,,,,,,,,,,,,,,,,,,,,,,,,,,,
1.3760312773259566e-05,2199,,,,,,,,,,,,,,,,,,,,,,,,,,,,,,,,,,,,,,,,,,,,,,,,,,,,,,,,,,,,,,,,,,,,,,,,,,,,,,,,,,,,,,,,,,,,,,,,,,,,,,,,,,,,,,,,,,,,,,,,,,,,,,,,,,,,,,,,,,,,,,,,,,,,,,
,2199,0.5507704019546509,0.0764557495713234,0.550709068775177,0.2374512106180191,0.13471637666225433,2.4234414100646973,0.25464123487472534,1.8412500619888306,2.0353994369506836,0.2843186557292938,0.6400852203369141,0.13234493136405945,1.0994867086410522,0.6074240207672119,0.10741280019283295,0.43097418546676636,0.08769456297159195,0.921747624874115,0.776020348072052,0.0991213470697403,0.39650776982307434,0.09003296494483948,0.7075660228729248,0.556681215763092,0.10047433525323868,0.18120115995407104,0.09785603731870651,0.6394939422607422,0.34019777178764343,0.0986228957772255,0.13449907302856445,0.11333520710468292,0.6438083648681641,0.34536829590797424,0.09907249361276627,0.14440326392650604,0.09524686634540558,0.6188094019889832,0.33460092544555664,0.10722790658473969,0.13759145140647888,0.08804270625114441,0.5868580937385559,0.231061190366745,0.10383187234401703,0.28237804770469666,0.09080000221729279,0.5757086277008057,0.2346259504556656,0.09316020458936691,0.3046650290489197,0.08908683061599731,0.580346405506134,0.2363126575946808,0.09913931787014008,0.1448020190000534,0.07503780722618103,0.5855774879455566,0.2176273763179779,0.10332564264535904,0.4809432625770569,0.10754790902137756,0.7792801260948181,11,,,,,,,,,,,,,,,,,,,,,,,,,,,,,,,,,,,,,,,,,,,,,,,,,,,,,,,,,,,,,,,,,,,,,,,,,,,,,,,,,,,,,,
1.3221231533167236e-05,2249,,,,,,,,,,,,,,,,,,,,,,,,,,,,,,,,,,,,,,,,,,,,,,,,,,,,,,,,,,,,,,,,,,,,,,,,,,,,,,,,,,,,,,,,,,,,,,,,,,,,,,,,,,,,,,,,,,,,,,,,,,,,,,,,,,,,,,,,,,,,,,,,,,,,,,
,2249,0.05712568759918213,0.015519112348556519,0.17928561568260193,0.10063377022743225,0.9998903870582581,1.4878857135772705,0.111294686794281,1.4900037050247192,2.934682846069336,0.999603271484375,1.3235728740692139,0.09961459785699844,1.139148235321045,0.656662106513977,0.9965059161186218,0.4925367832183838,0.05899211764335632,0.8489599823951721,0.5532768964767456,1.0022635459899902,0.4061022400856018,0.024633776396512985,0.31316807866096497,0.13845668733119965,0.9966233968734741,0.229624405503273,0.019237061962485313,0.24242687225341797,0.12731564044952393,1.0014452934265137,0.19466708600521088,0.017918089404702187,0.21145471930503845,0.13047170639038086,0.9996404647827148,0.07855576276779175,0.015588183887302876,0.17302966117858887,0.11491306126117706,0.9996583461761475,0.042247332632541656,0.014767303131520748,0.17845478653907776,0.10620953142642975,0.9999141097068787,0.06386947631835938,0.014863673597574234,0.16935595870018005,0.10011155903339386,0.9994721412658691,0.09536737948656082,0.014480475336313248,0.16435417532920837,0.10940541326999664,0.9990172386169434,0.07269524037837982,0.016151484102010727,0.1860605776309967,0.11569730937480927,1.0002210140228271,0.3786875009536743,0.03525504842400551,0.44130852818489075,11,,,,,,,,,,,,,,,,,,,,,,,,,,,,,,,,,,,,,,,,,,,,,,,,,,,,,,,,,,,,,,,,,,,,,,,,,,,,,,,,,,,,,,
1.2671488967922167e-05,2299,,,,,,,,,,,,,,,,,,,,,,,,,,,,,,,,,,,,,,,,,,,,,,,,,,,,,,,,,,,,,,,,,,,,,,,,,,,,,,,,,,,,,,,,,,,,,,,,,,,,,,,,,,,,,,,,,,,,,,,,,,,,,,,,,,,,,,,,,,,,,,,,,,,,,,
,2299,0.23606222867965698,0.11033590883016586,0.756173312664032,0.6065472364425659,0.30084940791130066,2.6146676540374756,0.22775621712207794,1.8718398809432983,2.319742441177368,0.4878886640071869,0.5696835517883301,0.12733954191207886,1.0538049936294556,0.8839436769485474,0.29787677526474,0.545091450214386,0.10989527404308319,1.0174224376678467,0.8440157771110535,0.29768651723861694,0.2658361494541168,0.12265264987945557,0.7983185052871704,0.6642856597900391,0.2889825701713562,0.2737433910369873,0.09201115369796753,0.7411328554153442,0.5377066135406494,0.2993595600128174,0.21032045781612396,0.13048233091831207,0.7375625371932983,0.5671197772026062,0.2873426079750061,0.2582060992717743,0.09194616228342056,0.7278652191162109,0.5415941476821899,0.29331356287002563,0.19508671760559082,0.08937790244817734,0.7900037169456482,0.4977564811706543,0.34140726923942566,0.2351769655942917,0.07243432849645615,0.7007998824119568,0.48057734966278076,0.27953001856803894,0.23262524604797363,0.07992842048406601,0.709682822227478,0.4885846674442291,0.2718988060951233,0.25496211647987366,0.10403499752283096,0.7573328614234924,0.5643960237503052,0.2883439362049103,0.4909551739692688,0.1131829097867012,0.8884949088096619,11,,,,,,,,,,,,,,,,,,,,,,,,,,,,,,,,,,,,,,,,,,,,,,,,,,,,,,,,,,,,,,,,,,,,,,,,,,,,,,,,,,,,,,
,2339,,,,,,,,,,,,,,,,,,,,,,,,,,,,,,,,,,,,,,,,,,,,,,,,,,,,,,,,,,,,,,,,11,21.553720474243164,,,,,,,,,,,,,,,,,,,,,,,,,,,,,,,,,,,,,,,,,,,,,,,,,,,,,,,,,,,,,,,,,,,,,,,,,,,,,,,,,,,,,
1.211290458567158e-05,2349,,,,,,,,,,,,,,,,,,,,,,,,,,,,,,,,,,,,,,,,,,,,,,,,,,,,,,,,,,,,,,,,,,,,,,,,,,,,,,,,,,,,,,,,,,,,,,,,,,,,,,,,,,,,,,,,,,,,,,,,,,,,,,,,,,,,,,,,,,,,,,,,,,,,,,
,2349,0.24296367168426514,0.07721669971942902,0.7089188098907471,0.42937713861465454,0.3057596683502197,2.634437322616577,0.2666936218738556,1.8756643533706665,2.4528794288635254,0.4816378951072693,1.9449061155319214,0.1265990287065506,1.7183210849761963,1.6521296501159668,0.49085357785224915,1.0150525569915771,0.16853459179401398,1.5328246355056763,1.8643789291381836,0.43217045068740845,0.47758182883262634,0.11200007796287537,1.2563873529434204,1.2792941331863403,0.3584674596786499,0.517062246799469,0.1228143721818924,1.0153604745864868,0.9259747862815857,0.32993191480636597,0.5207813382148743,0.11653301119804382,0.9176341891288757,0.5702336430549622,0.31344088912010193,0.39992794394493103,0.08026224374771118,0.8086913824081421,0.44341036677360535,0.31650349497795105,0.2567136883735657,0.08544553816318512,0.6580719351768494,0.4913102686405182,0.28061893582344055,0.21076175570487976,0.0921642854809761,0.6810023784637451,0.4939514994621277,0.2754000127315521,0.21221254765987396,0.10683947056531906,0.6948961615562439,0.5103217363357544,0.28388863801956177,0.19949793815612793,0.09084082394838333,0.7848184704780579,0.539318859577179,0.2853633463382721,0.7193248867988586,0.12049531191587448,1.054382562637329,12,,,,,,,,,,,,,,,,,,,,,,,,,,,,,,,,,,,,,,,,,,,,,,,,,,,,,,,,,,,,,,,,,,,,,,,,,,,,,,,,,,,,,,
1.1547327158729422e-05,2399,,,,,,,,,,,,,,,,,,,,,,,,,,,,,,,,,,,,,,,,,,,,,,,,,,,,,,,,,,,,,,,,,,,,,,,,,,,,,,,,,,,,,,,,,,,,,,,,,,,,,,,,,,,,,,,,,,,,,,,,,,,,,,,,,,,,,,,,,,,,,,,,,,,,,,
,2399,0.009245858527719975,0.0546235516667366,0.3591817617416382,0.2882877588272095,0.002447843551635742,1.2348003387451172,0.09423589706420898,0.9572298526763916,1.7374604940414429,0.022167325019836426,0.7335735559463501,0.037025898694992065,0.3662137985229492,0.34534141421318054,0.0074045658111572266,0.27356046438217163,0.03743775933980942,0.3852991461753845,0.33015936613082886,0.005735158920288086,0.05207166075706482,0.05246594548225403,0.35951143503189087,0.2806427776813507,0.0014850199222564697,0.030567841604351997,0.05519332364201546,0.33549994230270386,0.272592157125473,0.0009756982326507568,0.02226276695728302,0.05350284278392792,0.3451744318008423,0.29970672726631165,0.0017360448837280273,0.042238350957632065,0.05469973385334015,0.3423086404800415,0.2803846299648285,0.0011446475982666016,0.043021202087402344,0.054742589592933655,0.3432531952857971,0.28914931416511536,0.0017958581447601318,0.010083670727908611,0.05508769303560257,0.3384312391281128,0.2835042178630829,0.002014666795730591,0.009280163794755936,0.05690545588731766,0.34848248958587646,0.2913548946380615,0.003132939338684082,0.006744613405317068,0.049141496419906616,0.353330135345459,0.2911890149116516,0.001780867576599121,0.2056208699941635,0.05458851531147957,0.40282633900642395,12,,,,,,,,,,,,,,,,,,,,,,,,,,,,,,,,,,,,,,,,,,,,,,,,,,,,,,,,,,,,,,,,,,,,,,,,,,,,,,,,,,,,,,
1.097662860460994e-05,2449,,,,,,,,,,,,,,,,,,,,,,,,,,,,,,,,,,,,,,,,,,,,,,,,,,,,,,,,,,,,,,,,,,,,,,,,,,,,,,,,,,,,,,,,,,,,,,,,,,,,,,,,,,,,,,,,,,,,,,,,,,,,,,,,,,,,,,,,,,,,,,,,,,,,,,
,2449,0.09725937247276306,0.032281313091516495,0.2853959798812866,0.020220652222633362,0.002523671602830291,2.435128688812256,0.1356203705072403,1.7629859447479248,1.8139985799789429,0.6280267834663391,0.36898738145828247,0.02827904000878334,0.6523081660270691,0.04501369595527649,0.3666023910045624,0.20096981525421143,0.04181859642267227,0.7787044048309326,0.01754065603017807,0.461340993642807,0.5888777375221252,0.038906559348106384,0.49704709649086,0.021494707092642784,0.004011766519397497,0.26396501064300537,0.03037630394101143,0.31096765398979187,0.018596885725855827,0.0017325282096862793,0.3437599837779999,0.031491607427597046,0.28316745162010193,0.020388053730130196,0.0032084803096950054,0.25343945622444153,0.0284891277551651,0.3015541732311249,0.024782681837677956,0.002185214776545763,0.16643905639648438,0.033297352492809296,0.2980521321296692,0.020605316385626793,0.00286473473533988,0.11403416097164154,0.02924477308988571,0.23520387709140778,0.022295402362942696,0.0023866891860961914,0.09901735186576843,0.031104160472750664,0.24591544270515442,0.02357357181608677,0.003050007624551654,0.10902860015630722,0.028443261981010437,0.2860683500766754,0.02316787652671337,0.0032219020649790764,0.42007556557655334,0.040779370814561844,0.49478089809417725,12,,,,,,,,,,,,,,,,,,,,,,,,,,,,,,,,,,,,,,,,,,,,,,,,,,,,,,,,,,,,,,,,,,,,,,,,,,,,,,,,,,,,,,
1.040269779045655e-05,2499,,,,,,,,,,,,,,,,,,,,,,,,,,,,,,,,,,,,,,,,,,,,,,,,,,,,,,,,,,,,,,,,,,,,,,,,,,,,,,,,,,,,,,,,,,,,,,,,,,,,,,,,,,,,,,,,,,,,,,,,,,,,,,,,,,,,,,,,,,,,,,,,,,,,,,
,2499,0.14627064764499664,0.14144565165042877,0.7796981334686279,0.7175464630126953,0.34457969665527344,2.40962815284729,0.29567450284957886,1.8092107772827148,1.7819889783859253,0.6477618217468262,2.2269134521484375,0.31384748220443726,1.8071820735931396,1.8926951885223389,0.6118279695510864,1.493409276008606,0.2344999462366104,1.6656969785690308,1.576703429222107,0.5356273651123047,0.9040231108665466,0.24354569613933563,1.437231421470642,1.1893584728240967,0.5191536545753479,1.1280230283737183,0.2606339752674103,1.1655728816986084,1.6354278326034546,0.3433029353618622,0.8640063405036926,0.23566684126853943,0.9484649896621704,0.8536574840545654,0.38924187421798706,0.2762589752674103,0.21624621748924255,0.888256311416626,1.364849328994751,0.3360207676887512,0.17285151779651642,0.21083496510982513,0.8598684072494507,0.7281448841094971,0.3360994756221771,0.3188767731189728,0.15319663286209106,0.7464568018913269,0.4539916217327118,0.3445926308631897,0.28653258085250854,0.16490301489830017,0.7686025500297546,0.45427221059799194,0.3600285053253174,0.20898498594760895,0.14790216088294983,0.777429461479187,0.709769606590271,0.3538864254951477,0.8696482181549072,0.21819975972175598,1.1378059387207031,12,,,,,,,,,,,,,,,,,,,,,,,,,,,,,,,,,,,,,,,,,,,,,,,,,,,,,,,,,,,,,,,,,,,,,,,,,,,,,,,,,,,,,,
,2534,,,,,,,,,,,,,,,,,,,,,,,,,,,,,,,,,,,,,,,,,,,,,,,,,,,,,,,,,,,,,,,,12,23.014144897460938,,,,,,,,,,,,,,,,,,,,,,,,,,,,,,,,,,,,,,,,,,,,,,,,,,,,,,,,,,,,,,,,,,,,,,,,,,,,,,,,,,,,,
9.827434281371753e-06,2549,,,,,,,,,,,,,,,,,,,,,,,,,,,,,,,,,,,,,,,,,,,,,,,,,,,,,,,,,,,,,,,,,,,,,,,,,,,,,,,,,,,,,,,,,,,,,,,,,,,,,,,,,,,,,,,,,,,,,,,,,,,,,,,,,,,,,,,,,,,,,,,,,,,,,,
,2549,0.0497589111328125,0.03418964147567749,0.149377703666687,0.18139976263046265,6.979703903198242e-05,1.0815582275390625,0.045794181525707245,0.44350647926330566,0.09554201364517212,0.04530912637710571,0.41629916429519653,0.04042055830359459,0.24658572673797607,0.12749060988426208,0.0015737414360046387,0.12306804209947586,0.029086027294397354,0.20868301391601562,0.14050501585006714,0.0016665458679199219,0.04832456633448601,0.03239736706018448,0.14054059982299805,0.16686521470546722,0.00025397539138793945,0.041297830641269684,0.0312490276992321,0.13107061386108398,0.178756445646286,0.0003781914710998535,0.043532177805900574,0.03092764876782894,0.14149463176727295,0.1687382161617279,0.0002849102020263672,0.02047255076467991,0.025472519919276237,0.13622701168060303,0.1775503158569336,0.00038999319076538086,0.03281022980809212,0.03354230523109436,0.14881408214569092,0.16451427340507507,8.434057235717773e-05,0.050785358995199203,0.03439207002520561,0.1415637731552124,0.1757735311985016,8.26120376586914e-05,0.03631852567195892,0.040970198810100555,0.15283441543579102,0.16268065571784973,7.534027099609375e-05,0.03635551780462265,0.03413859009742737,0.16308200359344482,0.1548769176006317,0.0003396272659301758,0.16504842042922974,0.0343816764652729,0.18364833295345306,13,,,,,,,,,,,,,,,,,,,,,,,,,,,,,,,,,,,,,,,,,,,,,,,,,,,,,,,,,,,,,,,,,,,,,,,,,,,,,,,,,,,,,,
9.252742053339503e-06,2599,,,,,,,,,,,,,,,,,,,,,,,,,,,,,,,,,,,,,,,,,,,,,,,,,,,,,,,,,,,,,,,,,,,,,,,,,,,,,,,,,,,,,,,,,,,,,,,,,,,,,,,,,,,,,,,,,,,,,,,,,,,,,,,,,,,,,,,,,,,,,,,,,,,,,,
,2599,0.10918992757797241,0.06239015609025955,0.28159040212631226,0.2678215503692627,0.11635975539684296,1.8344827890396118,0.45552515983581543,1.7200257778167725,3.5920462608337402,0.1203935518860817,1.1123219728469849,0.2739865183830261,1.00572669506073,1.30424165725708,0.13524597883224487,0.8550021648406982,0.09786246716976166,0.4450424909591675,0.6462839245796204,0.13620594143867493,0.2779984176158905,0.12766492366790771,0.4321209788322449,0.6476634740829468,0.1338697075843811,0.1875791698694229,0.04101734235882759,0.23383377492427826,0.2793063819408417,0.11752241104841232,0.2243952453136444,0.05313701927661896,0.2399851679801941,0.32353639602661133,0.11784987151622772,0.21613404154777527,0.04712308943271637,0.23652179539203644,0.30126169323921204,0.1174517497420311,0.042504116892814636,0.049055907875299454,0.24321192502975464,0.30976545810699463,0.1183137372136116,0.07097312808036804,0.0509314090013504,0.24842120707035065,0.3316117227077484,0.11638139933347702,0.09617246687412262,0.0622318759560585,0.2614942193031311,0.3623895049095154,0.11758766323328018,0.09744926542043686,0.07156088203191757,0.28065115213394165,0.38390833139419556,0.11667021363973618,0.42701688408851624,0.11604056507349014,0.46905213594436646,13,,,,,,,,,,,,,,,,,,,,,,,,,,,,,,,,,,,,,,,,,,,,,,,,,,,,,,,,,,,,,,,,,,,,,,,,,,,,,,,,,,,,,,
8.680523191548687e-06,2649,,,,,,,,,,,,,,,,,,,,,,,,,,,,,,,,,,,,,,,,,,,,,,,,,,,,,,,,,,,,,,,,,,,,,,,,,,,,,,,,,,,,,,,,,,,,,,,,,,,,,,,,,,,,,,,,,,,,,,,,,,,,,,,,,,,,,,,,,,,,,,,,,,,,,,
,2649,0.07414352893829346,0.10921523720026016,0.9460928440093994,0.7392581701278687,0.00020575523376464844,1.2377829551696777,0.1242951899766922,1.2658873796463013,5.674108982086182,0.2428554892539978,1.3458176851272583,0.11758778244256973,1.1860029697418213,6.034224987030029,0.10550534725189209,0.9305244088172913,0.12452179193496704,1.1420050859451294,6.211718559265137,0.00957295298576355,0.5352570414543152,0.17396076023578644,1.060227870941162,6.3385467529296875,0.0007013082504272461,0.14684537053108215,0.3558015823364258,1.044081687927246,6.343052864074707,0.000538259744644165,0.20353035628795624,0.035359542816877365,0.9573876857757568,0.7225621342658997,0.00021964311599731445,0.11337140947580338,0.04048347473144531,0.9898052215576172,0.7536698579788208,0.0004805326461791992,0.12777946889400482,0.09312226623296738,0.9374719858169556,0.7404527068138123,0.00020995736122131348,0.14609849452972412,0.16135331988334656,0.9394049644470215,0.7450609803199768,0.000245898962020874,0.14655861258506775,0.11939830332994461,0.9431688785552979,0.7424798607826233,0.0005753636360168457,0.0804639458656311,0.1159212663769722,0.9414166808128357,0.740971028804779,0.0003552436828613281,0.42401444911956787,0.13091838359832764,1.0294127464294434,13,,,,,,,,,,,,,,,,,,,,,,,,,,,,,,,,,,,,,,,,,,,,,,,,,,,,,,,,,,,,,,,,,,,,,,,,,,,,,,,,,,,,,,
8.112671594974653e-06,2699,,,,,,,,,,,,,,,,,,,,,,,,,,,,,,,,,,,,,,,,,,,,,,,,,,,,,,,,,,,,,,,,,,,,,,,,,,,,,,,,,,,,,,,,,,,,,,,,,,,,,,,,,,,,,,,,,,,,,,,,,,,,,,,,,,,,,,,,,,,,,,,,,,,,,,
,2699,0.38497188687324524,0.05805664509534836,0.5270606279373169,0.4504307508468628,0.012778520584106445,2.434009075164795,0.1501392424106598,1.8093528747558594,1.0235710144042969,0.3407534956932068,0.6123371124267578,0.06111091002821922,0.8879305720329285,0.5016565322875977,0.09459647536277771,0.28629884123802185,0.10000492632389069,0.9392973780632019,0.19314701855182648,0.0867643654346466,0.3433859050273895,0.0906369537115097,0.8461732268333435,0.6066291332244873,0.01051831804215908,0.26252520084381104,0.06084585189819336,0.6352605819702148,0.6183989644050598,0.022682271897792816,0.15114612877368927,0.07742257416248322,0.6090598106384277,0.589699387550354,0.011755049228668213,0.16362358629703522,0.05120471119880676,0.6217224597930908,0.776289165019989,0.009555687196552753,0.2295965999364853,0.06143595278263092,0.5634963512420654,0.6118453741073608,0.01170642301440239,0.3795333206653595,0.0608072429895401,0.5193728804588318,0.4525398910045624,0.008129402063786983,0.5168221592903137,0.05103568732738495,0.5270110368728638,0.915063202381134,0.014996116980910301,0.4902704060077667,0.0508631095290184,0.5518316030502319,0.7879863381385803,0.012254687957465649,0.5212100148200989,0.07279698550701141,0.7531307935714722,13,,,,,,,,,,,,,,,,,,,,,,,,,,,,,,,,,,,,,,,,,,,,,,,,,,,,,,,,,,,,,,,,,,,,,,,,,,,,,,,,,,,,,,
,2729,,,,,,,,,,,,,,,,,,,,,,,,,,,,,,,,,,,,,,,,,,,,,,,,,,,,,,,,,,,,,,,,13,22.148996353149414,,,,,,,,,,,,,,,,,,,,,,,,,,,,,,,,,,,,,,,,,,,,,,,,,,,,,,,,,,,,,,,,,,,,,,,,,,,,,,,,,,,,,
7.551066708055043e-06,2749,,,,,,,,,,,,,,,,,,,,,,,,,,,,,,,,,,,,,,,,,,,,,,,,,,,,,,,,,,,,,,,,,,,,,,,,,,,,,,,,,,,,,,,,,,,,,,,,,,,,,,,,,,,,,,,,,,,,,,,,,,,,,,,,,,,,,,,,,,,,,,,,,,,,,,
,2749,0.15937629342079163,0.01821191795170307,0.30635133385658264,0.3297317624092102,0.0018752217292785645,1.5774891376495361,0.10115355253219604,1.6077239513397217,2.551121711730957,0.23237210512161255,0.9931996464729309,0.057619065046310425,0.6148723363876343,0.4311898648738861,0.012521326541900635,0.812317967414856,0.027048230171203613,0.4526814818382263,0.36324837803840637,0.0037324726581573486,0.435568630695343,0.02439635992050171,0.3273538649082184,0.3655644655227661,0.0049524009227752686,0.22959327697753906,0.017993902787566185,0.2767697274684906,0.3350669741630554,0.008559346199035645,0.24158859252929688,0.01892128214240074,0.3005772829055786,0.3156950771808624,0.007052749395370483,0.20515482127666473,0.02165011130273342,0.2982013523578644,0.3418065309524536,0.00397886335849762,0.2606486976146698,0.018727876245975494,0.32418665289878845,0.34088897705078125,0.006435409188270569,0.18481740355491638,0.0162825807929039,0.2691592574119568,0.32827019691467285,0.0018909722566604614,0.17596164345741272,0.0180994663387537,0.2889118790626526,0.3317866027355194,0.0070280879735946655,0.18576060235500336,0.021631669253110886,0.34993329644203186,0.3733394145965576,0.004904553294181824,0.45512306690216064,0.030144667252898216,0.4513935446739197,14,,,,,,,,,,,,,,,,,,,,,,,,,,,,,,,,,,,,,,,,,,,,,,,,,,,,,,,,,,,,,,,,,,,,,,,,,,,,,,,,,,,,,,
6.99756730020645e-06,2799,,,,,,,,,,,,,,,,,,,,,,,,,,,,,,,,,,,,,,,,,,,,,,,,,,,,,,,,,,,,,,,,,,,,,,,,,,,,,,,,,,,,,,,,,,,,,,,,,,,,,,,,,,,,,,,,,,,,,,,,,,,,,,,,,,,,,,,,,,,,,,,,,,,,,,
,2799,0.024412104859948158,0.04278143495321274,0.11553812026977539,0.08332867920398712,0.0031897425651550293,1.3722399473190308,0.24676969647407532,1.2551372051239014,2.3218324184417725,0.9573171138763428,0.339053750038147,0.09908020496368408,0.3241318166255951,0.30543991923332214,0.007449309341609478,0.14823977649211884,0.045645467936992645,0.1207038164138794,0.0946061760187149,0.022959034889936447,0.03611987829208374,0.04922289773821831,0.12407609075307846,0.08467327058315277,0.005134443752467632,0.017323549836874008,0.045817166566848755,0.11545145511627197,0.08282249420881271,0.002869725227355957,0.01471341960132122,0.04909949004650116,0.11528027057647705,0.08311599493026733,0.005026718135923147,0.014040812849998474,0.04048919305205345,0.10730104148387909,0.08370762318372726,0.010002454742789268,0.011366564780473709,0.042452722787857056,0.11398904025554657,0.08453257381916046,0.006015797611325979,0.01644587516784668,0.04483060911297798,0.116690993309021,0.08366503566503525,0.0019193291664123535,0.020573299378156662,0.05002705752849579,0.11809559911489487,0.08143683522939682,0.003758808132261038,0.02187059260904789,0.03815492242574692,0.10714753717184067,0.08302146196365356,0.010892113670706749,0.16969996690750122,0.06619757413864136,0.22779524326324463,14,,,,,,,,,,,,,,,,,,,,,,,,,,,,,,,,,,,,,,,,,,,,,,,,,,,,,,,,,,,,,,,,,,,,,,,,,,,,,,,,,,,,,,
6.454005313770125e-06,2849,,,,,,,,,,,,,,,,,,,,,,,,,,,,,,,,,,,,,,,,,,,,,,,,,,,,,,,,,,,,,,,,,,,,,,,,,,,,,,,,,,,,,,,,,,,,,,,,,,,,,,,,,,,,,,,,,,,,,,,,,,,,,,,,,,,,,,,,,,,,,,,,,,,,,,
,2849,0.10517057031393051,0.165500208735466,0.7111995220184326,0.28731322288513184,0.0048050060868263245,2.1122617721557617,0.18486735224723816,1.730909824371338,0.7595258355140686,0.5266818404197693,0.5323523283004761,0.1685784012079239,0.982869029045105,0.5287115573883057,0.1105511337518692,0.18565288186073303,0.1856667399406433,1.0583250522613525,0.448650598526001,0.125661700963974,0.13178633153438568,0.19752883911132812,0.9258124232292175,0.2532014846801758,0.01500670611858368,0.13808628916740417,0.1572512984275818,0.8401467204093933,0.17264039814472198,0.012623310089111328,0.11300721019506454,0.18083450198173523,0.816401481628418,0.18252083659172058,0.011662289500236511,0.10014498978853226,0.15017838776111603,0.8001390695571899,0.13698866963386536,0.014626286923885345,0.10369519144296646,0.1647726446390152,0.7205240726470947,0.12690243124961853,0.004542887210845947,0.8247166872024536,0.13726669549942017,0.7047632932662964,0.11942529678344727,0.005204066634178162,0.1474475860595703,0.18345001339912415,0.7382289171218872,0.40829989314079285,0.010497905313968658,0.15372507274150848,0.16168715059757233,0.7293478846549988,0.14984819293022156,0.008160978555679321,0.38733723759651184,0.16979852318763733,0.8965556025505066,14,,,,,,,,,,,,,,,,,,,,,,,,,,,,,,,,,,,,,,,,,,,,,,,,,,,,,,,,,,,,,,,,,,,,,,,,,,,,,,,,,,,,,,
5.922179800748543e-06,2899,,,,,,,,,,,,,,,,,,,,,,,,,,,,,,,,,,,,,,,,,,,,,,,,,,,,,,,,,,,,,,,,,,,,,,,,,,,,,,,,,,,,,,,,,,,,,,,,,,,,,,,,,,,,,,,,,,,,,,,,,,,,,,,,,,,,,,,,,,,,,,,,,,,,,,
,2899,0.04525374621152878,0.03817424178123474,0.15815308690071106,0.31994256377220154,0.010252237319946289,1.5895880460739136,0.2656470239162445,1.5669764280319214,1.626360297203064,0.12325920909643173,0.6459454894065857,0.09934963285923004,0.7802157402038574,0.9135989546775818,0.10170722007751465,0.3807189464569092,0.05259566754102707,0.2803780734539032,0.3769007921218872,0.014609587378799915,0.33063599467277527,0.04036349058151245,0.1568770855665207,0.3085102140903473,0.015591228380799294,0.08929793536663055,0.03785257413983345,0.23838460445404053,0.31203529238700867,0.01161119993776083,0.08680924028158188,0.03822890296578407,0.2630360424518585,0.3171376883983612,0.023069655522704124,0.16998212039470673,0.03640783578157425,0.16336753964424133,0.31812936067581177,0.013195419684052467,0.04679916054010391,0.03635745495557785,0.1528245508670807,0.311892569065094,0.0146286366507411,0.02612829953432083,0.03720802068710327,0.1782400906085968,0.3219459056854248,0.011681866832077503,0.02122318372130394,0.037642404437065125,0.17178311944007874,0.3230384290218353,0.012174272909760475,0.03362545371055603,0.03775733336806297,0.16601033508777618,0.322471559047699,0.013609123416244984,0.28883397579193115,0.06313204765319824,0.35635387897491455,14,,,,,,,,,,,,,,,,,,,,,,,,,,,,,,,,,,,,,,,,,,,,,,,,,,,,,,,,,,,,,,,,,,,,,,,,,,,,,,,,,,,,,,
,2924,,,,,,,,,,,,,,,,,,,,,,,,,,,,,,,,,,,,,,,,,,,,,,,,,,,,,,,,,,,,,,,,14,22.253860473632812,,,,,,,,,,,,,,,,,,,,,,,,,,,,,,,,,,,,,,,,,,,,,,,,,,,,,,,,,,,,,,,,,,,,,,,,,,,,,,,,,,,,,
5.403850968400549e-06,2949,,,,,,,,,,,,,,,,,,,,,,,,,,,,,,,,,,,,,,,,,,,,,,,,,,,,,,,,,,,,,,,,,,,,,,,,,,,,,,,,,,,,,,,,,,,,,,,,,,,,,,,,,,,,,,,,,,,,,,,,,,,,,,,,,,,,,,,,,,,,,,,,,,,,,,
,2949,0.18388663232326508,0.010657086968421936,0.24544444680213928,0.007129463832825422,0.0009217262268066406,1.841046690940857,0.16165956854820251,1.6379858255386353,1.3907707929611206,0.31707507371902466,0.5602958798408508,0.012685284949839115,0.2891221046447754,0.11414892971515656,0.0008685469510965049,0.5913410186767578,0.012478213757276535,0.34345126152038574,0.029375022277235985,0.0025016784202307463,0.16167637705802917,0.012903492897748947,0.23393277823925018,0.010207337327301502,0.0018649935955181718,0.15521055459976196,0.012075052596628666,0.2074522227048874,0.007207557559013367,0.0015131355030462146,0.15255922079086304,0.012109609320759773,0.19638843834400177,0.008933009579777718,0.001994240330532193,0.1475137323141098,0.014067442156374454,0.25312772393226624,0.00890855398029089,0.0016319751739501953,0.1743955761194229,0.010959374718368053,0.26762136816978455,0.008325810544192791,0.0014270663959905505,0.1968138962984085,0.013358079828321934,0.2697983682155609,0.007422381546348333,0.0008402586099691689,0.20277756452560425,0.0144056286662817,0.25103381276130676,0.008104007691144943,0.001355373882688582,0.19734586775302887,0.01215437613427639,0.2613794505596161,0.008484969846904278,0.0016793608665466309,0.3804052472114563,0.02495943382382393,0.3713948130607605,15,,,,,,,,,,,,,,,,,,,,,,,,,,,,,,,,,,,,,,,,,,,,,,,,,,,,,,,,,,,,,,,,,,,,,,,,,,,,,,,,,,,,,,
4.900734353402819e-06,2999,,,,,,,,,,,,,,,,,,,,,,,,,,,,,,,,,,,,,,,,,,,,,,,,,,,,,,,,,,,,,,,,,,,,,,,,,,,,,,,,,,,,,,,,,,,,,,,,,,,,,,,,,,,,,,,,,,,,,,,,,,,,,,,,,,,,,,,,,,,,,,,,,,,,,,
,2999,0.26541706919670105,0.028229285031557083,0.7855480313301086,0.37971824407577515,0.07942212373018265,2.2300808429718018,0.1117343157529831,1.766865849494934,2.693960428237915,0.47267627716064453,2.1665425300598145,0.1430809497833252,1.757818579673767,2.6453187465667725,0.44749483466148376,1.383793830871582,0.09652571380138397,1.7207258939743042,1.4569143056869507,0.1340685486793518,0.5128849744796753,0.08161167800426483,1.3593542575836182,1.6239182949066162,0.12547393143177032,0.6133599281311035,0.06626154482364655,0.9536255598068237,1.3113220930099487,0.054227836430072784,0.4924785792827606,0.0818808451294899,0.9171088337898254,1.430863857269287,0.0700233206152916,0.3565821349620819,0.09717996418476105,0.9392035007476807,1.9304296970367432,0.07123001664876938,0.3261836767196655,0.042800627648830414,0.9498909115791321,1.3512901067733765,0.07647641003131866,0.29720744490623474,0.07316891849040985,0.8965597152709961,1.2629215717315674,0.05997355282306671,0.4978029727935791,0.030525367707014084,0.7605733871459961,0.3339225649833679,0.05937610939145088,0.37294045090675354,0.03863641619682312,0.7913234829902649,0.33564409613609314,0.07607587426900864,0.7929395437240601,0.07430297136306763,1.1332165002822876,15,,,,,,,,,,,,,,,,,,,,,,,,,,,,,,,,,,,,,,,,,,,,,,,,,,,,,,,,,,,,,,,,,,,,,,,,,,,,,,,,,,,,,,
4.414495143859497e-06,3049,,,,,,,,,,,,,,,,,,,,,,,,,,,,,,,,,,,,,,,,,,,,,,,,,,,,,,,,,,,,,,,,,,,,,,,,,,,,,,,,,,,,,,,,,,,,,,,,,,,,,,,,,,,,,,,,,,,,,,,,,,,,,,,,,,,,,,,,,,,,,,,,,,,,,,
,3049,0.10962250083684921,0.061775512993335724,0.5082206130027771,0.25900232791900635,0.26922348141670227,2.300863742828369,0.3098786473274231,1.8364239931106567,2.4353859424591064,0.6975877285003662,0.8779782056808472,0.18701720237731934,0.9597220420837402,0.7522231340408325,0.3059123754501343,0.949370265007019,0.08009792864322662,0.6328215003013611,0.35189783573150635,0.203919917345047,0.5134341716766357,0.06817975640296936,0.5384260416030884,0.2940886914730072,0.1831454634666443,0.25104957818984985,0.08426174521446228,0.5270391702651978,0.3177344799041748,0.19703789055347443,0.2497996836900711,0.0898868590593338,0.5428875684738159,0.3194343149662018,0.20123180747032166,0.1980919986963272,0.09644961357116699,0.5666407942771912,0.3380565345287323,0.19469986855983734,0.16072306036949158,0.12864971160888672,0.5360791683197021,0.4959926903247833,0.1727418601512909,0.20474626123905182,0.06343274563550949,0.5499345660209656,0.2720184028148651,0.20810285210609436,0.13412557542324066,0.07101316750049591,0.5589085817337036,0.2534014582633972,0.2073766142129898,0.15418505668640137,0.06905224919319153,0.5414305329322815,0.23505179584026337,0.32300058007240295,0.5086658596992493,0.1091412603855133,0.6915445327758789,15,,,,,,,,,,,,,,,,,,,,,,,,,,,,,,,,,,,,,,,,,,,,,,,,,,,,,,,,,,,,,,,,,,,,,,,,,,,,,,,,,,,,,,
3.946742667952901e-06,3099,,,,,,,,,,,,,,,,,,,,,,,,,,,,,,,,,,,,,,,,,,,,,,,,,,,,,,,,,,,,,,,,,,,,,,,,,,,,,,,,,,,,,,,,,,,,,,,,,,,,,,,,,,,,,,,,,,,,,,,,,,,,,,,,,,,,,,,,,,,,,,,,,,,,,,
,3099,0.11442834138870239,0.018443675711750984,0.17333804070949554,0.15304282307624817,0.001124781440012157,2.2090415954589844,0.1863497644662857,1.7848469018936157,2.2503535747528076,0.42252665758132935,2.3836917877197266,0.18998263776302338,1.7845268249511719,2.2269577980041504,0.43047019839286804,1.3998421430587769,0.15777859091758728,1.590348720550537,2.118159055709839,0.3898734450340271,0.8812710642814636,0.23262250423431396,1.1620784997940063,2.143963575363159,0.1818210333585739,1.2730517387390137,0.2440723180770874,0.9491222500801086,2.246208667755127,0.17229239642620087,1.353702187538147,0.0220124963670969,0.2748439311981201,0.1650943011045456,0.016721492633223534,0.3263280391693115,0.022447125986218452,0.19531019032001495,0.16276510059833527,0.001866591046564281,0.2316260039806366,0.02281199023127556,0.2617345154285431,0.16676990687847137,0.0017615735996514559,0.23962683975696564,0.016679421067237854,0.15752799808979034,0.1531466394662857,0.0014377236366271973,0.14336879551410675,0.01751255802810192,0.15350298583507538,0.1542276293039322,0.0022580325603485107,0.1443493813276291,0.01410736609250307,0.1845456212759018,0.1469169557094574,0.0018788933521136642,0.8916940093040466,0.09540170431137085,0.7226438522338867,15,,,,,,,,,,,,,,,,,,,,,,,,,,,,,,,,,,,,,,,,,,,,,,,,,,,,,,,,,,,,,,,,,,,,,,,,,,,,,,,,,,,,,,
,3119,,,,,,,,,,,,,,,,,,,,,,,,,,,,,,,,,,,,,,,,,,,,,,,,,,,,,,,,,,,,,,,,15,21.11801528930664,,,,,,,,,,,,,,,,,,,,,,,,,,,,,,,,,,,,,,,,,,,,,,,,,,,,,,,,,,,,,,,,,,,,,,,,,,,,,,,,,,,,,
3.499025067476305e-06,3149,,,,,,,,,,,,,,,,,,,,,,,,,,,,,,,,,,,,,,,,,,,,,,,,,,,,,,,,,,,,,,,,,,,,,,,,,,,,,,,,,,,,,,,,,,,,,,,,,,,,,,,,,,,,,,,,,,,,,,,,,,,,,,,,,,,,,,,,,,,,,,,,,,,,,,
,3149,1.0386576652526855,0.05936045944690704,0.5721905827522278,0.2457747757434845,0.20379383862018585,1.4879592657089233,0.24678465723991394,1.4194583892822266,2.091599702835083,0.8459780812263489,1.4566956758499146,0.3153923749923706,1.359440803527832,2.3926143646240234,0.5313264727592468,0.5391273498535156,0.13039742410182953,0.9256214499473572,0.7446463108062744,0.3466337323188782,0.4174203872680664,0.08979111909866333,0.589152455329895,0.6910808682441711,0.2895174026489258,0.16274532675743103,0.12852855026721954,0.5941455364227295,0.9257513284683228,0.2616708278656006,0.17329445481300354,0.11444814503192902,0.649277925491333,0.6717362999916077,0.2914067506790161,0.18885160982608795,0.09408698976039886,0.5907769203186035,0.3404099941253662,0.25229182839393616,0.16957831382751465,0.11123603582382202,0.6143802404403687,0.33767634630203247,0.2458571046590805,0.15912656486034393,0.13295650482177734,0.6133837103843689,0.35647812485694885,0.24534060060977936,0.20855261385440826,0.15977191925048828,0.6063354015350342,0.3580251932144165,0.24482689797878265,0.899302065372467,0.04869844764471054,0.5831512808799744,1.2647143602371216,0.49900883436203003,0.5751093029975891,0.1359543800354004,0.75977623462677,16,,,,,,,,,,,,,,,,,,,,,,,,,,,,,,,,,,,,,,,,,,,,,,,,,,,,,,,,,,,,,,,,,,,,,,,,,,,,,,,,,,,,,,
3.072824173878147e-06,3199,,,,,,,,,,,,,,,,,,,,,,,,,,,,,,,,,,,,,,,,,,,,,,,,,,,,,,,,,,,,,,,,,,,,,,,,,,,,,,,,,,,,,,,,,,,,,,,,,,,,,,,,,,,,,,,,,,,,,,,,,,,,,,,,,,,,,,,,,,,,,,,,,,,,,,
,3199,0.009596803225576878,0.034116584807634354,0.08453381061553955,0.05815572291612625,7.510185241699219e-06,1.0820417404174805,0.045038316398859024,0.24600279331207275,0.020169492810964584,0.05630987882614136,0.25485992431640625,0.03642067313194275,0.12248611450195312,0.06405031681060791,0.00018298625946044922,0.08637640625238419,0.03819212317466736,0.08598315715789795,0.06284189969301224,1.3470649719238281e-05,0.036662306636571884,0.030596554279327393,0.0772627592086792,0.06324706971645355,9.375810623168945e-05,0.011603644117712975,0.03237159550189972,0.08109474182128906,0.0600789338350296,8.225440979003906e-06,0.008975759148597717,0.028922604396939278,0.07848823070526123,0.0520223006606102,0.0002397298812866211,0.010876478627324104,0.03616030886769295,0.08220469951629639,0.0582476407289505,5.650520324707031e-05,0.01717284508049488,0.03090417943894863,0.08040463924407959,0.05904597416520119,4.941225051879883e-05,0.011946645565330982,0.032602302730083466,0.08200132846832275,0.05642494559288025,1.2874603271484375e-05,0.010181324556469917,0.03268831595778465,0.08329629898071289,0.05491204187273979,0.00010728836059570312,0.008315968327224255,0.0354563370347023,0.08193385601043701,0.055439457297325134,0.0001526474952697754,0.1290508210659027,0.03445582464337349,0.09880769997835159,16,,,,,,,,,,,,,,,,,,,,,,,,,,,,,,,,,,,,,,,,,,,,,,,,,,,,,,,,,,,,,,,,,,,,,,,,,,,,,,,,,,,,,,
2.6695506037766126e-06,3249,,,,,,,,,,,,,,,,,,,,,,,,,,,,,,,,,,,,,,,,,,,,,,,,,,,,,,,,,,,,,,,,,,,,,,,,,,,,,,,,,,,,,,,,,,,,,,,,,,,,,,,,,,,,,,,,,,,,,,,,,,,,,,,,,,,,,,,,,,,,,,,,,,,,,,
,3249,0.07861972600221634,0.036250632256269455,0.4009627103805542,0.09014126658439636,0.0005645751953125,1.3721470832824707,0.05242591351270676,1.3462505340576172,2.3604636192321777,0.06756573915481567,0.4471116364002228,0.08475320041179657,0.7286167144775391,0.5784889459609985,0.00129014253616333,0.32483750581741333,0.04071903973817825,0.4687140882015228,0.16151800751686096,0.0006248354911804199,0.14264659583568573,0.026957260444760323,0.395760178565979,0.08413456380367279,0.0006151596899144351,0.1418386697769165,0.029531698673963547,0.37612220644950867,0.07257677614688873,0.000603755353949964,0.12348362803459167,0.03752696141600609,0.39309823513031006,0.08884881436824799,0.001306692836806178,0.1233527809381485,0.04389076679944992,0.4128075838088989,0.06554260104894638,0.0003407995100133121,0.10406021028757095,0.02909545786678791,0.4048374891281128,0.07456298172473907,0.0006507834186777472,0.08541665226221085,0.02942332811653614,0.39174795150756836,0.08066800981760025,0.000571131706237793,0.07717008143663406,0.03267816826701164,0.39210593700408936,0.10464459657669067,0.001747429370880127,0.06844324618577957,0.035349540412425995,0.39119088649749756,0.08226469159126282,0.00042760372161865234,0.25742730498313904,0.03988349810242653,0.508517861366272,16,,,,,,,,,,,,,,,,,,,,,,,,,,,,,,,,,,,,,,,,,,,,,,,,,,,,,,,,,,,,,,,,,,,,,,,,,,,,,,,,,,,,,,
2.2905390901771964e-06,3299,,,,,,,,,,,,,,,,,,,,,,,,,,,,,,,,,,,,,,,,,,,,,,,,,,,,,,,,,,,,,,,,,,,,,,,,,,,,,,,,,,,,,,,,,,,,,,,,,,,,,,,,,,,,,,,,,,,,,,,,,,,,,,,,,,,,,,,,,,,,,,,,,,,,,,
,3299,0.07298963516950607,0.04317179322242737,0.24616560339927673,0.5455443263053894,0.0028437525033950806,1.4884134531021118,0.18745794892311096,1.446455717086792,4.730468273162842,0.20058414340019226,2.0760297775268555,0.279326856136322,1.4849730730056763,3.0804357528686523,0.2586280107498169,0.8374791741371155,0.19837512075901031,1.3946387767791748,3.117727279663086,0.09000368416309357,0.27065834403038025,0.12981386482715607,0.9732379913330078,2.6059751510620117,0.029157206416130066,0.24672037363052368,0.03325286880135536,0.32434049248695374,0.4825468361377716,0.006090149283409119,0.28921857476234436,0.03695257380604744,0.306367427110672,0.540584921836853,0.006836697459220886,0.14838527143001556,0.06912727653980255,0.403104692697525,0.8429152965545654,0.0028829872608184814,0.19606490433216095,0.060777805745601654,0.3354485332965851,0.7435706853866577,0.0006950795650482178,0.12371396273374557,0.03963237628340721,0.2384166419506073,0.6064020395278931,0.0024072229862213135,0.09485568851232529,0.048691026866436005,0.27494147419929504,0.6704282760620117,0.0017694830894470215,0.08405936509370804,0.04910903424024582,0.27542248368263245,0.6599576473236084,0.001320764422416687,0.4940490424633026,0.09797404706478119,0.6419594287872314,16,,,,,,,,,,,,,,,,,,,,,,,,,,,,,,,,,,,,,,,,,,,,,,,,,,,,,,,,,,,,,,,,,,,,,,,,,,,,,,,,,,,,,,
,3314,,,,,,,,,,,,,,,,,,,,,,,,,,,,,,,,,,,,,,,,,,,,,,,,,,,,,,,,,,,,,,,,16,21.293020248413086,,,,,,,,,,,,,,,,,,,,,,,,,,,,,,,,,,,,,,,,,,,,,,,,,,,,,,,,,,,,,,,,,,,,,,,,,,,,,,,,,,,,,
1.937044064845761e-06,3349,,,,,,,,,,,,,,,,,,,,,,,,,,,,,,,,,,,,,,,,,,,,,,,,,,,,,,,,,,,,,,,,,,,,,,,,,,,,,,,,,,,,,,,,,,,,,,,,,,,,,,,,,,,,,,,,,,,,,,,,,,,,,,,,,,,,,,,,,,,,,,,,,,,,,,
,3349,0.18381111323833466,0.017863774672150612,0.4711805582046509,0.4647160470485687,0.003239050507545471,2.1128945350646973,0.08191560208797455,1.7143703699111938,1.69422447681427,0.38410502672195435,2.0460145473480225,0.07967619597911835,1.7217402458190918,1.8506284952163696,0.42348846793174744,2.331038236618042,0.1807028204202652,1.6821439266204834,2.552220106124878,0.4397926926612854,1.7625532150268555,0.11122894287109375,1.6201189756393433,2.600724935531616,0.4131520092487335,1.7193509340286255,0.08571863174438477,1.1959953308105469,1.8781691789627075,0.029412366449832916,1.0255537033081055,0.057227496057748795,0.9548920392990112,0.7364932894706726,0.04317259043455124,0.3994242548942566,0.05233277007937431,0.6753692626953125,0.6112151145935059,0.006032958626747131,0.7469643354415894,0.040194299072027206,0.6761237382888794,0.5043119192123413,0.003577873110771179,0.209607794880867,0.018722455948591232,0.49166280031204224,0.4062427878379822,0.00391223281621933,0.1495627909898758,0.019954141229391098,0.5295343399047852,0.4517919421195984,0.003234848380088806,0.15657883882522583,0.026901988312602043,0.5301007032394409,0.42974045872688293,0.0037375688552856445,1.0702794790267944,0.06436992436647415,1.021936058998108,17,,,,,,,,,,,,,,,,,,,,,,,,,,,,,,,,,,,,,,,,,,,,,,,,,,,,,,,,,,,,,,,,,,,,,,,,,,,,,,,,,,,,,,
1.6102355064582532e-06,3399,,,,,,,,,,,,,,,,,,,,,,,,,,,,,,,,,,,,,,,,,,,,,,,,,,,,,,,,,,,,,,,,,,,,,,,,,,,,,,,,,,,,,,,,,,,,,,,,,,,,,,,,,,,,,,,,,,,,,,,,,,,,,,,,,,,,,,,,,,,,,,,,,,,,,,
,3399,0.020750291645526886,0.055480509996414185,0.2782249450683594,0.0573698952794075,0.006909489631652832,1.238632321357727,0.28121623396873474,1.1259803771972656,1.815626859664917,0.27780359983444214,0.3018501102924347,0.06232752650976181,0.6876887083053589,0.2554256021976471,0.003420591354370117,0.15619829297065735,0.06402315199375153,0.38935065269470215,0.044701654464006424,0.0025639235973358154,0.0884651318192482,0.060356222093105316,0.2651367783546448,0.04949241131544113,0.008801788091659546,0.0507870651781559,0.055521585047245026,0.26589393615722656,0.04727986454963684,0.005653411149978638,0.0640406459569931,0.060413867235183716,0.2664523720741272,0.04931192100048065,0.0030352771282196045,0.06545967608690262,0.058751050382852554,0.25526905059814453,0.046525739133358,0.006754398345947266,0.07316000014543533,0.05308716744184494,0.2803400754928589,0.05510125309228897,0.004464328289031982,0.02558615803718567,0.05500249192118645,0.2778390049934387,0.05789881944656372,0.00610843300819397,0.02493860013782978,0.06027985364198685,0.28138643503189087,0.060932405292987823,0.007739663124084473,0.06069781258702278,0.06011973321437836,0.28851306438446045,0.05141126364469528,0.002259761095046997,0.18088050186634064,0.07721494883298874,0.38850629329681396,17,,,,,,,,,,,,,,,,,,,,,,,,,,,,,,,,,,,,,,,,,,,,,,,,,,,,,,,,,,,,,,,,,,,,,,,,,,,,,,,,,,,,,,
1.311195068268684e-06,3449,,,,,,,,,,,,,,,,,,,,,,,,,,,,,,,,,,,,,,,,,,,,,,,,,,,,,,,,,,,,,,,,,,,,,,,,,,,,,,,,,,,,,,,,,,,,,,,,,,,,,,,,,,,,,,,,,,,,,,,,,,,,,,,,,,,,,,,,,,,,,,,,,,,,,,
,3449,0.047707315534353256,0.015514637343585491,0.15094280242919922,0.24600574374198914,0.6644365191459656,1.3720511198043823,0.12281126528978348,1.2724817991256714,3.05574107170105,0.6940021514892578,0.41172513365745544,0.04228480905294418,0.4454818367958069,0.4649367034435272,0.6581019163131714,0.07611001282930374,0.01928138919174671,0.24871425330638885,0.30518651008605957,0.662184476852417,0.03929968923330307,0.016406485810875893,0.1521834135055542,0.21547093987464905,0.6632685661315918,0.036104295402765274,0.015953976660966873,0.1439938247203827,0.24762725830078125,0.6634701490402222,0.03025921806693077,0.015866069123148918,0.14953498542308807,0.2393188327550888,0.662061870098114,0.02940857969224453,0.01524229347705841,0.1480151116847992,0.24447515606880188,0.6630229949951172,0.032897528260946274,0.014485851861536503,0.13892409205436707,0.21957436203956604,0.6628463268280029,0.029513219371438026,0.015276879072189331,0.14200949668884277,0.254489004611969,0.6647415161132812,0.028768230229616165,0.015236791223287582,0.14039604365825653,0.23431411385536194,0.6612300872802734,0.019389193505048752,0.014477379620075226,0.14376942813396454,0.2203100174665451,0.6628448963165283,0.17943613231182098,0.026903152465820312,0.27303725481033325,17,,,,,,,,,,,,,,,,,,,,,,,,,,,,,,,,,,,,,,,,,,,,,,,,,,,,,,,,,,,,,,,,,,,,,,,,,,,,,,,,,,,,,,
1.0409124981118362e-06,3499,,,,,,,,,,,,,,,,,,,,,,,,,,,,,,,,,,,,,,,,,,,,,,,,,,,,,,,,,,,,,,,,,,,,,,,,,,,,,,,,,,,,,,,,,,,,,,,,,,,,,,,,,,,,,,,,,,,,,,,,,,,,,,,,,,,,,,,,,,,,,,,,,,,,,,
,3499,0.0594760999083519,0.06848682463169098,0.3094514012336731,0.13486313819885254,0.0012363195419311523,1.4880789518356323,0.15505114197731018,1.4332934617996216,2.0452349185943604,0.015997588634490967,0.7042789459228516,0.15593776106834412,1.0849602222442627,0.9220820665359497,0.0047290027141571045,0.3898836374282837,0.07984484732151031,0.5851268768310547,0.24628257751464844,0.0071045756340026855,0.2722832262516022,0.05390453338623047,0.3307717442512512,0.1663135588169098,0.0009576380252838135,0.15563255548477173,0.05483803153038025,0.3360270857810974,0.14509692788124084,0.0029013603925704956,0.1473432183265686,0.07517415285110474,0.3496135473251343,0.124983049929142,0.0005250722169876099,0.1037682294845581,0.11015945672988892,0.4814077615737915,0.11127043515443802,0.0014766305685043335,0.08642841875553131,0.07330639660358429,0.3218715488910675,0.11573497951030731,0.0017683058977127075,0.06769519299268723,0.07016365230083466,0.3038782477378845,0.12945303320884705,0.0012511759996414185,0.07335282117128372,0.08223326504230499,0.3095470368862152,0.11304225027561188,0.0014017075300216675,0.06687957793474197,0.07948477566242218,0.29811570048332214,0.12929409742355347,0.001808270812034607,0.3012584149837494,0.0882154032588005,0.5120053887367249,17,,,,,,,,,,,,,,,,,,,,,,,,,,,,,,,,,,,,,,,,,,,,,,,,,,,,,,,,,,,,,,,,,,,,,,,,,,,,,,,,,,,,,,
,3509,,,,,,,,,,,,,,,,,,,,,,,,,,,,,,,,,,,,,,,,,,,,,,,,,,,,,,,,,,,,,,,,17,22.926050186157227,,,,,,,,,,,,,,,,,,,,,,,,,,,,,,,,,,,,,,,,,,,,,,,,,,,,,,,,,,,,,,,,,,,,,,,,,,,,,,,,,,,,,
8.002823625895042e-07,3549,,,,,,,,,,,,,,,,,,,,,,,,,,,,,,,,,,,,,,,,,,,,,,,,,,,,,,,,,,,,,,,,,,,,,,,,,,,,,,,,,,,,,,,,,,,,,,,,,,,,,,,,,,,,,,,,,,,,,,,,,,,,,,,,,,,,,,,,,,,,,,,,,,,,,,
,3549,0.17229989171028137,0.16327394545078278,0.9253648519515991,2.4562551975250244,0.0016537507763132453,1.3720786571502686,0.19405853748321533,1.488712191581726,4.193093299865723,0.005331516265869141,1.539707899093628,0.24511432647705078,1.511148452758789,3.420102596282959,0.00922161340713501,0.5068793296813965,0.2454746961593628,1.3742808103561401,3.096670627593994,0.0002459883689880371,0.3767026662826538,0.3096050024032593,1.352394461631775,2.966012477874756,0.0035362443886697292,0.36804643273353577,0.15036910772323608,0.9958138465881348,1.1222903728485107,0.003224611282348633,0.33180561661720276,0.13932852447032928,0.9700714945793152,1.0306695699691772,0.0007866820087656379,0.1975325345993042,0.14158590137958527,0.916486382484436,2.2594356536865234,0.0007599195232614875,0.2202928364276886,0.14613869786262512,0.9182922840118408,2.2732744216918945,0.001183152198791504,0.22265440225601196,0.07760962098836899,0.9050785899162292,1.4426977634429932,0.00033092498779296875,0.20945776998996735,0.061498016119003296,0.8847976922988892,3.7432124614715576,0.0018189549446105957,0.18010058999061584,0.057397276163101196,0.9016259908676147,3.8082375526428223,0.0007604360580444336,0.4747965633869171,0.16095447540283203,1.0953389406204224,18,,,,,,,,,,,,,,,,,,,,,,,,,,,,,,,,,,,,,,,,,,,,,,,,,,,,,,,,,,,,,,,,,,,,,,,,,,,,,,,,,,,,,,
5.901010862824512e-07,3599,,,,,,,,,,,,,,,,,,,,,,,,,,,,,,,,,,,,,,,,,,,,,,,,,,,,,,,,,,,,,,,,,,,,,,,,,,,,,,,,,,,,,,,,,,,,,,,,,,,,,,,,,,,,,,,,,,,,,,,,,,,,,,,,,,,,,,,,,,,,,,,,,,,,,,
,3599,0.14090949296951294,0.015900742262601852,0.3580120801925659,0.087661974132061,0.3327503800392151,1.994754672050476,0.3101392090320587,1.7022933959960938,0.7319196462631226,0.4468941390514374,0.5445374846458435,0.015792472288012505,0.4798448979854584,0.10111428797245026,0.3290087580680847,0.3320220708847046,0.016977207735180855,0.5148553252220154,0.11554427444934845,0.3333282470703125,0.2535400688648224,0.014909569174051285,0.3464442193508148,0.08513970673084259,0.33362695574760437,0.19924180209636688,0.01889224164187908,0.36179137229919434,0.08485027402639389,0.3339843153953552,0.15130983293056488,0.020952697843313217,0.35478124022483826,0.08996670693159103,0.3340005874633789,0.15476220846176147,0.020364604890346527,0.36557671427726746,0.08891654014587402,0.3335244059562683,0.144939586520195,0.016049163416028023,0.32998722791671753,0.0869348794221878,0.33335524797439575,0.14155414700508118,0.016712773591279984,0.3455917537212372,0.08581062406301498,0.3333725929260254,0.13264153897762299,0.01699872501194477,0.3328830897808075,0.0897497683763504,0.3329123556613922,0.1219562441110611,0.013947105035185814,0.31039029359817505,0.0954134464263916,0.3317851722240448,0.3593474328517914,0.04146970808506012,0.4835376441478729,18,,,,,,,,,,,,,,,,,,,,,,,,,,,,,,,,,,,,,,,,,,,,,,,,,,,,,,,,,,,,,,,,,,,,,,,,,,,,,,,,,,,,,,
4.110643157874848e-07,3649,,,,,,,,,,,,,,,,,,,,,,,,,,,,,,,,,,,,,,,,,,,,,,,,,,,,,,,,,,,,,,,,,,,,,,,,,,,,,,,,,,,,,,,,,,,,,,,,,,,,,,,,,,,,,,,,,,,,,,,,,,,,,,,,,,,,,,,,,,,,,,,,,,,,,,
,3649,0.10495948046445847,0.010377172380685806,0.29840847849845886,0.02885306626558304,0.0019562244415283203,1.9946898221969604,0.11517520248889923,1.7180252075195312,0.3765875995159149,0.26002681255340576,0.46918901801109314,0.033783238381147385,0.6212528944015503,0.04005289822816849,0.002163618803024292,0.4238101541996002,0.01418352872133255,0.4842836260795593,0.022351615130901337,0.0015970568638294935,0.29479384422302246,0.012196274474263191,0.3742603659629822,0.028704961761832237,0.0019929211121052504,0.17714405059814453,0.012209276668727398,0.3168054521083832,0.023855408653616905,0.0010725061874836683,0.143447145819664,0.012817597016692162,0.3056285083293915,0.028039060533046722,0.0014434258919209242,0.15466170012950897,0.010688487440347672,0.3016504645347595,0.01303110457956791,0.001709113596007228,0.14409738779067993,0.010680221021175385,0.3554041087627411,0.02161461114883423,0.0019552409648895264,0.12704366445541382,0.01245728600770235,0.3114805221557617,0.019487086683511734,0.0016244252910837531,0.12312398105859756,0.011702525429427624,0.30346405506134033,0.01653096079826355,0.001812885282561183,0.10579974949359894,0.012182057835161686,0.30351120233535767,0.022354740649461746,0.0017464956035837531,0.3552300035953522,0.022371072322130203,0.47451457381248474,18,,,,,,,,,,,,,,,,,,,,,,,,,,,,,,,,,,,,,,,,,,,,,,,,,,,,,,,,,,,,,,,,,,,,,,,,,,,,,,,,,,,,,,
2.6376461730406915e-07,3699,,,,,,,,,,,,,,,,,,,,,,,,,,,,,,,,,,,,,,,,,,,,,,,,,,,,,,,,,,,,,,,,,,,,,,,,,,,,,,,,,,,,,,,,,,,,,,,,,,,,,,,,,,,,,,,,,,,,,,,,,,,,,,,,,,,,,,,,,,,,,,,,,,,,,,
,3699,0.4441608190536499,0.11394820362329483,1.3052488565444946,1.8434481620788574,0.667293131351471,1.833754062652588,0.0911388173699379,1.7841740846633911,1.4212406873703003,0.9198508262634277,0.37910038232803345,0.07695829123258591,1.5384495258331299,3.19984769821167,0.9041487574577332,0.33813905715942383,0.07960417866706848,1.379311203956604,3.4736416339874268,0.7086098790168762,0.24767376482486725,0.10308811068534851,1.307349443435669,1.956112265586853,0.6593470573425293,0.13249419629573822,0.09856972098350525,1.2771285772323608,1.8377147912979126,0.666650116443634,0.08481999486684799,0.10141035914421082,1.2950330972671509,1.8326705694198608,0.673890233039856,0.13552211225032806,0.10279830545186996,1.2980835437774658,1.8098793029785156,0.6720011830329895,0.3536005914211273,0.12469422072172165,1.3117616176605225,1.9462273120880127,0.6509954929351807,0.26035627722740173,0.12157004326581955,1.3091402053833008,1.9470925331115723,0.6466505527496338,0.282723993062973,0.12206262350082397,1.3095707893371582,1.9361985921859741,0.6473113298416138,0.27065929770469666,0.14224356412887573,1.314768671989441,2.1251654624938965,0.6441828012466431,0.39691704511642456,0.10650720447301865,1.3691682815551758,18,,,,,,,,,,,,,,,,,,,,,,,,,,,,,,,,,,,,,,,,,,,,,,,,,,,,,,,,,,,,,,,,,,,,,,,,,,,,,,,,,,,,,,
,3704,,,,,,,,,,,,,,,,,,,,,,,,,,,,,,,,,,,,,,,,,,,,,,,,,,,,,,,,,,,,,,,,18,22.39603042602539,,,,,,,,,,,,,,,,,,,,,,,,,,,,,,,,,,,,,,,,,,,,,,,,,,,,,,,,,,,,,,,,,,,,,,,,,,,,,,,,,,,,,
1.486895153908227e-07,3749,,,,,,,,,,,,,,,,,,,,,,,,,,,,,,,,,,,,,,,,,,,,,,,,,,,,,,,,,,,,,,,,,,,,,,,,,,,,,,,,,,,,,,,,,,,,,,,,,,,,,,,,,,,,,,,,,,,,,,,,,,,,,,,,,,,,,,,,,,,,,,,,,,,,,,
,3749,0.010986101813614368,0.0512552484869957,0.6945688128471375,0.21523088216781616,0.000545501708984375,1.3722655773162842,0.20770646631717682,1.2699306011199951,2.415271759033203,0.5730639696121216,0.3293018937110901,0.10421834886074066,0.7253254652023315,2.3462510108947754,0.006329238414764404,0.1252945214509964,0.05837484821677208,0.6665138602256775,0.32891181111335754,0.0009307662840001285,0.04312675818800926,0.0482308566570282,0.6708189845085144,0.30773067474365234,0.0009682973613962531,0.03948623314499855,0.06520643085241318,0.6718243360519409,0.21297608315944672,0.0007211963529698551,0.030541496351361275,0.06133796647191048,0.6730758547782898,0.24321803450584412,0.0016484062653034925,0.02589433267712593,0.05722013860940933,0.6618995070457458,0.253653347492218,0.0006349881878122687,0.010371685028076172,0.05615957826375961,0.686621904373169,0.2495349496603012,0.0005564491148106754,0.021106019616127014,0.0622415691614151,0.6787175536155701,0.20703767240047455,0.0005849401350133121,0.02005855366587639,0.06101725250482559,0.6881734728813171,0.22381792962551117,0.0004910826683044434,0.009546902030706406,0.050320882350206375,0.6754400134086609,0.26568669080734253,0.00028783082962036133,0.16983167827129364,0.07360746711492538,0.7302425503730774,19,,,,,,,,,,,,,,,,,,,,,,,,,,,,,,,,,,,,,,,,,,,,,,,,,,,,,,,,,,,,,,,,,,,,,,,,,,,,,,,,,,,,,,
6.621987938315902e-08,3799,,,,,,,,,,,,,,,,,,,,,,,,,,,,,,,,,,,,,,,,,,,,,,,,,,,,,,,,,,,,,,,,,,,,,,,,,,,,,,,,,,,,,,,,,,,,,,,,,,,,,,,,,,,,,,,,,,,,,,,,,,,,,,,,,,,,,,,,,,,,,,,,,,,,,,
,3799,0.14798568189144135,0.06469900906085968,0.5270159244537354,0.36594244837760925,0.4996447265148163,1.8307702541351318,0.2502938508987427,1.771054983139038,3.1529104709625244,0.5064308643341064,0.7688645124435425,0.12756504118442535,0.9814980030059814,0.8256322145462036,0.501563549041748,0.350275456905365,0.10340534150600433,0.7768028974533081,0.6596615314483643,0.5024892091751099,0.48328718543052673,0.09763743728399277,0.695289134979248,1.046211838722229,0.5032060146331787,0.39242857694625854,0.07355909049510956,0.5032824277877808,0.9411150217056274,0.5035967230796814,0.3652796149253845,0.07308200746774673,0.501284122467041,0.9296572208404541,0.5030324459075928,0.43597373366355896,0.07030339539051056,0.5296749472618103,0.9311192631721497,0.5020843148231506,0.24480386078357697,0.05992259085178375,0.5012080669403076,0.21228602528572083,0.5005577802658081,0.1999860256910324,0.06693669408559799,0.5357140898704529,0.29907551407814026,0.49974748492240906,0.14906935393810272,0.06252831965684891,0.5119329690933228,0.27123579382896423,0.4998078942298889,0.1678280532360077,0.0595400296151638,0.5391058325767517,0.29244208335876465,0.5011182427406311,0.46137934923171997,0.09245606511831284,0.6978219747543335,19,,,,,,,,,,,,,,,,,,,,,,,,,,,,,,,,,,,,,,,,,,,,,,,,,,,,,,,,,,,,,,,,,,,,,,,,,,,,,,,,,,,,,,
1.6628662812605665e-08,3849,,,,,,,,,,,,,,,,,,,,,,,,,,,,,,,,,,,,,,,,,,,,,,,,,,,,,,,,,,,,,,,,,,,,,,,,,,,,,,,,,,,,,,,,,,,,,,,,,,,,,,,,,,,,,,,,,,,,,,,,,,,,,,,,,,,,,,,,,,,,,,,,,,,,,,
,3849,0.24571995437145233,0.03966624289751053,0.5918447375297546,0.1464301198720932,0.00750092975795269,2.8163790702819824,0.16833281517028809,1.8739064931869507,1.4247112274169922,0.4979214668273926,2.3006505966186523,0.07895062863826752,1.8931134939193726,1.3014150857925415,0.91820228099823,1.0678642988204956,0.09961745142936707,1.6588554382324219,1.2607394456863403,0.4884550869464874,0.5803110003471375,0.06602059304714203,1.2027169466018677,0.6909603476524353,0.2243543118238449,0.7955206036567688,0.039625756442546844,0.8346604704856873,0.2978031039237976,0.019438359886407852,0.6347987651824951,0.06222791224718094,0.9254984259605408,0.39713025093078613,0.19758115708827972,0.638379693031311,0.05018528923392296,0.7916185259819031,0.19597135484218597,0.01787402294576168,0.5866662263870239,0.03235213831067085,0.6507854461669922,0.2033674567937851,0.008809978142380714,0.3240226209163666,0.03506242483854294,0.5775271058082581,0.1588626205921173,0.01001755427569151,0.2642274796962738,0.03869478404521942,0.6145949959754944,0.17891375720500946,0.010553422383964062,0.2712439000606537,0.037325046956539154,0.5819085836410522,0.16464093327522278,0.01021305751055479,0.8771486878395081,0.06233842298388481,1.0164191722869873,19,,,,,,,,,,,,,,,,,,,,,,,,,,,,,,,,,,,,,,,,,,,,,,,,,,,,,,,,,,,,,,,,,,,,,,,,,,,,,,,,,,,,,,
8.000000000000001e-11,3899,,,,,,,,,,,,,,,,,,,,,,,,,,,,,,,,,,,,,,,,,,,,,,,,,,,,,,,,,,,,,,,,,,,,,,,,,,,,,,,,,,,,,,,,,,,,,,,,,,,,,,,,,,,,,,,,,,,,,,,,,,,,,,,,,,,,,,,,,,,,,,,,,,,,,,
,3899,0.016954008489847183,0.02923780120909214,0.08408224582672119,0.07747796922922134,0.00017249584197998047,1.0828619003295898,0.0630965381860733,0.3838205337524414,0.23161768913269043,0.0016831755638122559,0.28294113278388977,0.075009286403656,0.19073724746704102,0.1112520694732666,6.252527236938477e-05,0.05450340732932091,0.03553967922925949,0.0891491174697876,0.09661896526813507,0.0018503069877624512,0.028446799144148827,0.029384922236204147,0.08557629585266113,0.08733543753623962,0.0006458759307861328,0.04648678004741669,0.022297929972410202,0.08712852001190186,0.07633037865161896,0.00013297796249389648,0.04373861104249954,0.02319345250725746,0.08223199844360352,0.06541576236486435,0.0005716085433959961,0.03744342923164368,0.02402881532907486,0.08432412147521973,0.07738155126571655,0.0010247230529785156,0.030993133783340454,0.028203392401337624,0.08436048030853271,0.08241961896419525,0.00022339820861816406,0.040082111954689026,0.02250034548342228,0.08653473854064941,0.07862387597560883,0.0001563429832458496,0.03247178718447685,0.022425122559070587,0.0843205451965332,0.07672348618507385,0.0005397200584411621,0.01725248619914055,0.024936694651842117,0.08807456493377686,0.0722455084323883,0.0013545751571655273,0.1428479701280594,0.033321164548397064,0.11919503659009933,19,,,,,,,,,,,,,,,,,,,,,,,,,,,,,,,,,,,,,,,,,,,,,,,,,,,,,,,,,,,,,,,,,,,,,,,,,,,,,,,,,,,,,,
,3899,,,,,,,,,,,,,,,,,,,,,,,,,,,,,,,,,,,,,,,,,,,,,,,,,,,,,,,,,,,,,0.49819302558898926,0.0737118050456047,0.5941118001937866,19,,0.5730431854239411,0.45315490117737195,0.4681941140443473,0.09313570109733885,0.3451271284352121,0.0,0.0,0.0,0.0,0.0,0.41875517861891076,0.22839684941963403,0.3013213544826233,0.15547234435664475,0.4231213973632899,0.4143889598745316,0.46943143010139465,0.7194115519523621,0.883979856967926,0.15232707560062408,0.42667481303215027,0.6562241911888123,0.3108792490106929,0.5730431854239411,0.7701020234024469,0.2976866364479065,0.04448839649558067,0.42757901549339294,0.37137165665626526,0.09146884083747864,1.935180425643921,0.24274305999279022,1.5944932699203491,3.1725056171417236,0.3373749852180481,0.7918725609779358,0.11836126446723938,0.8744906783103943,1.1029471158981323,0.12530146539211273,0.4823371171951294,0.08055628091096878,0.6290532946586609,0.5808864831924438,0.11509517580270767,0.34941744804382324,0.06152300909161568,0.5132073163986206,0.4620552062988281,0.10113053768873215,0.3330783247947693,0.055745139718055725,0.46002256870269775,0.42816653847694397,0.09319648891687393,0.3288367986679077,0.049846991896629333,0.4542894959449768,0.368747353553772,0.09242770820856094,0.29209354519844055,0.05063021555542946,0.4582914412021637,0.37329691648483276,0.09060388058423996,0.292009174823761,0.04707443714141846,0.43489670753479004,0.36088642477989197,0.08887261152267456,0.3029659390449524,0.042993735522031784,0.42166078090667725,0.36618882417678833,0.09003128856420517,0.29636338353157043,0.04447169229388237,0.4200875759124756,0.37495920062065125,0.09218902885913849,0.27647513151168823,0.04610748216509819,0.44126924872398376,0.39466947317123413,0.09454082697629929
,3899,,,,,,,,,,,,,,,,,,,,,,,,,,,,,,,,,,,,,,,,,,,,,,,,,,,,,,,,,,,,,,,,19,22.05167579650879,,,,,,,,,,,,,,,,,,,,,,,,,,,,,,,,,,,,,,,,,,,,,,,,,,,,,,,,,,,,,,,,,,,,,,,,,,,,,,,,,,,,,
