epoch,step,train/L_coord_epoch,train/L_coord_step,train/L_geo_pred_pred_art_epoch,train/L_geo_pred_pred_art_step,train/L_kld_epoch,train/L_kld_step,train/L_mask_epoch,train/L_mask_step,train/L_motion_recon_epoch,train/L_motion_recon_step,train/L_motion_type_epoch,train/L_motion_type_step,train/L_origin_epoch,train/L_origin_map_epoch,train/L_origin_map_step,train/L_origin_step,train/L_point_3d_epoch,train/L_point_3d_step,train/L_point_map_epoch,train/L_point_map_step,train/L_trajectory_epoch,train/L_trajectory_step,train/L_vae_total_epoch,train/L_vae_total_step,train/loss_total_epoch,train/loss_total_step,val/L_coord,val/L_geo_pred_pred_art,val/L_kld,val/L_mask,val/L_motion_recon,val/L_motion_type,val/L_origin,val/L_origin_map,val/L_point_3d,val/L_point_map,val/L_trajectory,val/L_vae_total,val/loss_total
22,9289,,0.014121903106570244,,0.023365642875432968,,0.0,,0.14563465118408203,,0.01481507159769535,,0.23512963950634003,,,0.14767611026763916,0.003383033210411668,,0.002974127884954214,,0.1522035151720047,,0.014041722752153873,,0.01481507159769535,,0.36732643842697144,,,,,,,,,,,,,
22,9299,,0.012164046987891197,,0.017652828246355057,,0.0,,0.136639803647995,,0.019995655864477158,,0.25755971670150757,,,0.14309462904930115,0.003227809676900506,,0.0025263424031436443,,0.14998330175876617,,0.012328725308179855,,0.019995655864477158,,0.3705253303050995,,,,,,,,,,,,,
22,9309,,0.010880298912525177,,0.022647161036729813,,0.0,,0.1416184902191162,,0.010733149014413357,,0.25201210379600525,,,0.1448240876197815,0.004296442959457636,,0.0018617784371599555,,0.14973503351211548,,0.009466725401580334,,0.010733149014413357,,0.36497873067855835,,,,,,,,,,,,,
22,9319,,0.009278867393732071,,0.02260386198759079,,0.0,,0.13437502086162567,,0.011617648415267467,,0.24080565571784973,,,0.1433703899383545,0.0027807806618511677,,0.0025428887456655502,,0.14615054428577423,,0.008703408762812614,,0.011617648415267467,,0.3520730137825012,,,,,,,,,,,,,
22,9329,,0.011283560656011105,,0.018742524087429047,,0.0,,0.14414861798286438,,0.02470509707927704,,0.2383379340171814,,,0.14735858142375946,0.002679454395547509,,0.002057335339486599,,0.14912763237953186,,0.006838582456111908,,0.02470509707927704,,0.3651426136493683,,,,,,,,,,,,,
22,9339,,0.012917283922433853,,0.0237443670630455,,0.0,,0.13478533923625946,,0.013334082439541817,,0.2209380567073822,,,0.14938150346279144,0.0021706472616642714,,0.0024216179735958576,,0.1509278118610382,,0.009456790052354336,,0.013334082439541817,,0.35054102540016174,,,,,,,,,,,,,
22,9349,,0.009278741665184498,,0.028677314519882202,,0.0,,0.13639429211616516,,0.017520606517791748,,0.2926875948905945,,,0.14320231974124908,0.0034266954753547907,,0.0015707924030721188,,0.15151430666446686,,0.01131192035973072,,0.017520606517791748,,0.38632136583328247,,,,,,,,,,,,,
22,9359,,0.007634760811924934,,0.019232627004384995,,0.0,,0.13823482394218445,,0.012535253539681435,,0.25974082946777344,,,0.1373966634273529,0.002173116197809577,,0.002051715273410082,,0.14874041080474854,,0.0109596848487854,,0.012535253539681435,,0.36165687441825867,,,,,,,,,,,,,
22,9369,,0.010357556864619255,,0.02253088541328907,,0.0,,0.14640066027641296,,0.01566913351416588,,0.25630858540534973,,,0.14258472621440887,0.006497182883322239,,0.003130801022052765,,0.14948968589305878,,0.010034164413809776,,0.01566913351416588,,0.372489333152771,,,,,,,,,,,,,
22,9379,,0.013904412277042866,,0.017678234726190567,,0.0,,0.1446409970521927,,0.011652092449367046,,0.23756203055381775,,,0.1451021432876587,0.004559746943414211,,0.001972747500985861,,0.1525178849697113,,0.006200247909873724,,0.011652092449367046,,0.36082398891448975,,,,,,,,,,,,,
22,9389,,0.01467375922948122,,0.02606295235455036,,0.0,,0.15369930863380432,,0.03955831751227379,,0.24793767929077148,,,0.1500426083803177,0.01803811639547348,,0.0024777385406196117,,0.15132887661457062,,0.008215456269681454,,0.03955831751227379,,0.39559224247932434,,,,,,,,,,,,,
22,9399,,0.011273279786109924,,0.01930917426943779,,0.0,,0.13801774382591248,,0.015603559091687202,,0.26365146040916443,,,0.15025334060192108,0.003027313854545355,,0.003905001562088728,,0.1515730619430542,,0.004138481803238392,,0.015603559091687202,,0.3726525604724884,,,,,,,,,,,,,
22,9409,,0.013146057724952698,,0.024220071732997894,,0.0,,0.1455186903476715,,0.023751817643642426,,0.260332316160202,,,0.14089994132518768,0.0071621425449848175,,0.003392685204744339,,0.15188999474048615,,0.008970427326858044,,0.023751817643642426,,0.379954069852829,,,,,,,,,,,,,
22,9419,,0.008536115288734436,,0.020274166017770767,,0.0,,0.13649500906467438,,0.010804647579789162,,0.2250438779592514,,,0.15023447573184967,0.003740777261555195,,0.0015105491038411856,,0.14737670123577118,,0.008822327479720116,,0.010804647579789162,,0.3483096659183502,,,,,,,,,,,,,
22,9429,,0.007433061487972736,,0.02506328746676445,,0.0,,0.12954780459403992,,0.02889356203377247,,0.2791280746459961,,,0.14227411150932312,0.004828909412026405,,0.005728008225560188,,0.14851297438144684,,0.007963086478412151,,0.02889356203377247,,0.3796611428260803,,,,,,,,,,,,,
22,9439,,0.016109010204672813,,0.020211726427078247,,0.0,,0.15498477220535278,,0.011962221004068851,,0.23662951588630676,,,0.14703255891799927,0.004470896907150745,,0.0030724462121725082,,0.1520307958126068,,0.005805882625281811,,0.011962221004068851,,0.36807021498680115,,,,,,,,,,,,,
22,9449,,0.011648338288068771,,0.02332126349210739,,0.0,,0.15187914669513702,,0.028722558170557022,,0.21947817504405975,,,0.14321383833885193,0.003232101909816265,,0.002197733847424388,,0.14738093316555023,,0.00890960544347763,,0.028722558170557022,,0.3606633245944977,,,,,,,,,,,,,
22,9459,,0.01443474180996418,,0.020677005872130394,,0.0,,0.142072394490242,,0.01876825839281082,,0.21758992969989777,,,0.14223767817020416,0.011821537278592587,,0.004947763867676258,,0.15344294905662537,,0.008600343950092793,,0.01876825839281082,,0.3590255081653595,,,,,,,,,,,,,
22,9469,,0.009717114269733429,,0.020293787121772766,,0.0,,0.1393817663192749,,0.013803711161017418,,0.31018149852752686,,,0.14501912891864777,0.00436783954501152,,0.0022604058030992746,,0.15096662938594818,,0.008537287823855877,,0.013803711161017418,,0.3941470682621002,,,,,,,,,,,,,
22,9479,,0.01345878466963768,,0.01997300609946251,,0.0,,0.15983399748802185,,0.0109583530575037,,0.24479955434799194,,,0.15160129964351654,0.016985388472676277,,0.0021356670185923576,,0.15320685505867004,,0.01267598569393158,,0.0109583530575037,,0.3848252594470978,,,,,,,,,,,,,
22,9489,,0.011124745011329651,,0.02441154047846794,,0.0,,0.1504087895154953,,0.04397812485694885,,0.26830363273620605,,,0.14671719074249268,0.0036418631207197905,,0.002104340586811304,,0.14992915093898773,,0.008013889193534851,,0.04397812485694885,,0.3945520520210266,,,,,,,,,,,,,
22,9499,,0.013284203596413136,,0.027706798166036606,,0.0,,0.1327703297138214,,0.017720581963658333,,0.256011962890625,,,0.14117670059204102,0.003026772988960147,,0.0023415684700012207,,0.14887607097625732,,0.004923416301608086,,0.017720581963658333,,0.36283648014068604,,,,,,,,,,,,,
22,9509,,0.014318008907139301,,0.0197768397629261,,0.0,,0.14241981506347656,,0.010698300786316395,,0.22393590211868286,,,0.14482921361923218,0.0030213177669793367,,0.002364546526223421,,0.15325374901294708,,0.006911371368914843,,0.010698300786316395,,0.35285380482673645,,,,,,,,,,,,,
22,9519,,0.011933955363929272,,0.02040453441441059,,0.0,,0.15397483110427856,,0.013087071478366852,,0.23695886135101318,,,0.14221113920211792,0.002695739734917879,,0.0015186057426035404,,0.15176397562026978,,0.01038365438580513,,0.013087071478366852,,0.3643043637275696,,,,,,,,,,,,,
22,9529,,0.008905531838536263,,0.017323840409517288,,0.0,,0.13227549195289612,,0.025302305817604065,,0.23683559894561768,,,0.1516006588935852,0.0029998989775776863,,0.0020742621272802353,,0.1482049524784088,,0.008058994077146053,,0.025302305817604065,,0.35986119508743286,,,,,,,,,,,,,
22,9539,,0.007922048680484295,,0.022202525287866592,,0.0,,0.13629470765590668,,0.02682717703282833,,0.2473338544368744,,,0.14644673466682434,0.003989316523075104,,0.001551138237118721,,0.14721179008483887,,0.0065880827605724335,,0.02682717703282833,,0.36430272459983826,,,,,,,,,,,,,
22,9549,,0.012970849871635437,,0.01919885352253914,,0.0,,0.15068231523036957,,0.020196476951241493,,0.20860587060451508,,,0.14675036072731018,0.004898705054074526,,0.0024493332020938396,,0.15103308856487274,,0.007603124249726534,,0.020196476951241493,,0.3545149564743042,,,,,,,,,,,,,
22,9559,,0.009882928803563118,,0.024267232045531273,,0.0,,0.15244406461715698,,0.02760615386068821,,0.2612013518810272,,,0.14634476602077484,0.012897182255983353,,0.0026773863937705755,,0.14692696928977966,,0.012150123715400696,,0.02760615386068821,,0.3884921669960022,,,,,,,,,,,,,
22,9569,,0.013258296996355057,,0.021536201238632202,,0.0,,0.14616917073726654,,0.01970168761909008,,0.2629857659339905,,,0.1485300213098526,0.00813333597034216,,0.004090053960680962,,0.15482646226882935,,0.008564712479710579,,0.01970168761909008,,0.3852834105491638,,,,,,,,,,,,,
22,9579,,0.009739183820784092,,0.029980145394802094,,0.0,,0.13412371277809143,,0.013260850682854652,,0.24207672476768494,,,0.1407385617494583,0.004114306066185236,,0.001749300630763173,,0.14871130883693695,,0.00757957436144352,,0.013260850682854652,,0.35404476523399353,,,,,,,,,,,,,
22,9589,,0.012143567204475403,,0.024633903056383133,,0.0,,0.14323176443576813,,0.011176630854606628,,0.255981981754303,,,0.1456555873155594,0.005823798943310976,,0.0028995785396546125,,0.14800822734832764,,0.005999431479722261,,0.011176630854606628,,0.36792367696762085,,,,,,,,,,,,,
22,9599,,0.009812617674469948,,0.029138268902897835,,0.0,,0.1392344832420349,,0.027707410976290703,,0.23047271370887756,,,0.1423100233078003,0.005072945728898048,,0.0019292403012514114,,0.14813387393951416,,0.00845798198133707,,0.027707410976290703,,0.35947945713996887,,,,,,,,,,,,,
22,9609,,0.011185433715581894,,0.030445760115981102,,0.0,,0.13380616903305054,,0.03034653328359127,,0.28205129504203796,,,0.15085887908935547,0.015189845114946365,,0.001654646242968738,,0.1472460925579071,,0.005554302595555782,,0.03034653328359127,,0.39199116826057434,,,,,,,,,,,,,
22,9619,,0.011580590158700943,,0.01762489601969719,,0.0,,0.1427740752696991,,0.014466130174696445,,0.2173919379711151,,,0.1504322737455368,0.004285911563783884,,0.0023312708362936974,,0.15317396819591522,,0.010069289244711399,,0.014466130174696445,,0.35501521825790405,,,,,,,,,,,,,
22,9629,,0.012193381786346436,,0.01979738660156727,,0.0,,0.15015718340873718,,0.014638639986515045,,0.2628367841243744,,,0.14400571584701538,0.005447878502309322,,0.003686441807076335,,0.15102553367614746,,0.012157251127064228,,0.014638639986515045,,0.38005414605140686,,,,,,,,,,,,,
22,9639,,0.014577116817235947,,0.021464291960000992,,0.0,,0.13389061391353607,,0.016608934849500656,,0.21291297674179077,,,0.14643040299415588,0.008299438282847404,,0.004198675509542227,,0.1510278284549713,,0.00813874788582325,,0.016608934849500656,,0.3501887917518616,,,,,,,,,,,,,
22,9649,,0.011164442636072636,,0.019515573978424072,,0.0,,0.12481684237718582,,0.01343843899667263,,0.2507023811340332,,,0.1427333652973175,0.004184011835604906,,0.0018602355848997831,,0.14846888184547424,,0.010768633335828781,,0.01343843899667263,,0.3560201823711395,,,,,,,,,,,,,
22,9659,,0.012577369809150696,,0.017548266798257828,,0.0,,0.14292237162590027,,0.009736085310578346,,0.2348383069038391,,,0.1475013643503189,0.0034118834882974625,,0.002726986538618803,,0.14923815429210663,,0.004011020064353943,,0.009736085310578346,,0.35523656010627747,,,,,,,,,,,,,
22,9669,,0.01059022732079029,,0.016865387558937073,,0.0,,0.14237353205680847,,0.012675143778324127,,0.24545270204544067,,,0.15281206369400024,0.004172061569988728,,0.002751377411186695,,0.1497223973274231,,0.008681923151016235,,0.012675143778324127,,0.3663022816181183,,,,,,,,,,,,,
22,9679,,0.011605855077505112,,0.01927785761654377,,0.0,,0.1480124294757843,,0.012979988008737564,,0.2429911345243454,,,0.13982069492340088,0.00431789318099618,,0.0026611664798110723,,0.14682777225971222,,0.009505613707005978,,0.012979988008737564,,0.3612890839576721,,,,,,,,,,,,,
22,9689,,0.010430429130792618,,0.024898219853639603,,0.0,,0.13750408589839935,,0.02178315445780754,,0.2859717309474945,,,0.1402326226234436,0.0029304614290595055,,0.002087850822135806,,0.14715175330638885,,0.009158063679933548,,0.02178315445780754,,0.3811149001121521,,,,,,,,,,,,,
22,9699,,0.010730672627687454,,0.02189469151198864,,0.0,,0.1298508644104004,,0.013105744495987892,,0.24287530779838562,,,0.1491508036851883,0.005222647916525602,,0.002176794223487377,,0.149318665266037,,0.009459705092012882,,0.013105744495987892,,0.35813507437705994,,,,,,,,,,,,,
22,9705,,,,,,,,,,,,,,,,,,,,,,,,,,,0.0984778180718422,0.07308299839496613,0.0,0.41421234607696533,0.3055781424045563,0.35642656683921814,0.2278875857591629,0.24525097012519836,0.05311718210577965,0.25428837537765503,0.007927202619612217,0.3055781424045563,0.9888914227485657
22,9705,0.01152724213898182,,0.022477267310023308,,0.0,,0.14059466123580933,,0.019443582743406296,,0.24338440597057343,,0.004716550465673208,0.14512932300567627,,,0.0025752552319318056,,0.14997288584709167,,0.008770494721829891,,0.019443582743406296,,0.3653047978878021,,,,,,,,,,,,,,
23,9709,,0.01058887504041195,,0.020422715693712234,,0.0,,0.13484899699687958,,0.009848618879914284,,0.22677311301231384,,,0.15138311684131622,0.0013825339265167713,,0.0021746933925896883,,0.14784958958625793,,0.006243158131837845,,0.009848618879914284,,0.34758859872817993,,,,,,,,,,,,,
23,9719,,0.010534156113862991,,0.022316589951515198,,0.0,,0.12981967628002167,,0.02536425180733204,,0.2350957989692688,,,0.13958294689655304,0.0034057656303048134,,0.0022408529184758663,,0.149541974067688,,0.0071358936838805676,,0.02536425180733204,,0.35359230637550354,,,,,,,,,,,,,
23,9729,,0.011616956442594528,,0.020212294533848763,,0.0,,0.13946717977523804,,0.010739704594016075,,0.2354121208190918,,,0.13856549561023712,0.006563600618392229,,0.002958599478006363,,0.14824965596199036,,0.008112363517284393,,0.010739704594016075,,0.3528640568256378,,,,,,,,,,,,,
23,9739,,0.011765481904149055,,0.01984238438308239,,0.0,,0.13626092672348022,,0.0076107908971607685,,0.2439100444316864,,,0.14949719607830048,0.0026017692871391773,,0.0023314310237765312,,0.15049761533737183,,0.008682720363140106,,0.0076107908971607685,,0.35856324434280396,,,,,,,,,,,,,
23,9749,,0.008442673832178116,,0.018846683204174042,,0.0,,0.13538546860218048,,0.013690140098333359,,0.23529234528541565,,,0.14922793209552765,0.0026095109060406685,,0.0026835030876100063,,0.14765553176403046,,0.011538690887391567,,0.013690140098333359,,0.3551475703716278,,,,,,,,,,,,,
23,9759,,0.01351352408528328,,0.028688419610261917,,0.0,,0.1393471658229828,,0.021436449140310287,,0.2257646918296814,,,0.14300744235515594,0.00216779881156981,,0.0032289624214172363,,0.15073812007904053,,0.005736528430134058,,0.021436449140310287,,0.3553391993045807,,,,,,,,,,,,,
23,9769,,0.012146862223744392,,0.021394647657871246,,0.0,,0.14261211454868317,,0.010561211034655571,,0.2396405190229416,,,0.1457040011882782,0.00247734016738832,,0.00242581102065742,,0.14882589876651764,,0.007834608666598797,,0.010561211034655571,,0.3582536578178406,,,,,,,,,,,,,
23,9779,,0.010716821998357773,,0.019483841955661774,,0.0,,0.13317637145519257,,0.039671000093221664,,0.21923531591892242,,,0.14580421149730682,0.006253260187804699,,0.001695761806331575,,0.14909246563911438,,0.013988266699016094,,0.039671000093221664,,0.3617651164531708,,,,,,,,,,,,,
23,9789,,0.008060617372393608,,0.02616705186665058,,0.0,,0.1324615478515625,,0.016876934096217155,,0.2385064661502838,,,0.14245548844337463,0.0041361004114151,,0.001567724160850048,,0.14808498322963715,,0.008112424053251743,,0.016876934096217155,,0.3527478575706482,,,,,,,,,,,,,
23,9799,,0.008136903867125511,,0.02134801633656025,,0.0,,0.12262813746929169,,0.03369179740548134,,0.22509482502937317,,,0.14522534608840942,0.004047898110002279,,0.001855360111221671,,0.14407852292060852,,0.008124204352498055,,0.03369179740548134,,0.34857627749443054,,,,,,,,,,,,,
23,9809,,0.009621042758226395,,0.01994272880256176,,0.0,,0.14314128458499908,,0.025003239512443542,,0.2223021686077118,,,0.1451830267906189,0.0028231251053512096,,0.0018632638966664672,,0.14901377260684967,,0.007581066340208054,,0.025003239512443542,,0.35526028275489807,,,,,,,,,,,,,
23,9819,,0.011339413933455944,,0.019181758165359497,,0.0,,0.1415797621011734,,0.013362850993871689,,0.23472389578819275,,,0.1427139788866043,0.002648300491273403,,0.0021264050155878067,,0.15087994933128357,,0.009648420847952366,,0.013362850993871689,,0.35642966628074646,,,,,,,,,,,,,
23,9829,,0.012752586044371128,,0.017247021198272705,,0.0,,0.13891753554344177,,0.020904071629047394,,0.26960110664367676,,,0.13571611046791077,0.0021325566340237856,,0.0026770837139338255,,0.14892743527889252,,0.010775623843073845,,0.020904071629047394,,0.3729267120361328,,,,,,,,,,,,,
23,9839,,0.013821087777614594,,0.02135544642806053,,0.0,,0.14460408687591553,,0.02359536848962307,,0.2631503641605377,,,0.1449768841266632,0.00516586285084486,,0.005179559346288443,,0.14927367866039276,,0.007100078277289867,,0.02359536848962307,,0.38056907057762146,,,,,,,,,,,,,
23,9849,,0.014609482139348984,,0.01950450800359249,,0.0,,0.12611256539821625,,0.02649705670773983,,0.2286798059940338,,,0.14725250005722046,0.0031479911413043737,,0.002349086804315448,,0.15115472674369812,,0.01762697845697403,,0.02649705670773983,,0.36066555976867676,,,,,,,,,,,,,
23,9859,,0.01073295809328556,,0.02750416472554207,,0.0,,0.12365357577800751,,0.012414831668138504,,0.2789468765258789,,,0.14636482298374176,0.006899201776832342,,0.002284639049321413,,0.1484220027923584,,0.0066907103173434734,,0.012414831668138504,,0.3709551990032196,,,,,,,,,,,,,
23,9869,,0.01548184547573328,,0.03566723316907883,,0.0,,0.15826988220214844,,0.02793550118803978,,0.25704747438430786,,,0.14620642364025116,0.0020612182561308146,,0.003140780609101057,,0.1525803506374359,,0.009302545338869095,,0.02793550118803978,,0.38957977294921875,,,,,,,,,,,,,
23,9879,,0.013278165832161903,,0.022937551140785217,,0.0,,0.134386345744133,,0.02230558916926384,,0.2748569846153259,,,0.1435435265302658,0.002215113490819931,,0.0023126599844545126,,0.14962853491306305,,0.007463389541953802,,0.02230558916926384,,0.37728890776634216,,,,,,,,,,,,,
23,9889,,0.009811203926801682,,0.02173011004924774,,0.0,,0.13152606785297394,,0.033610276877880096,,0.2548314332962036,,,0.14663216471672058,0.0033555314876139164,,0.0021056472323834896,,0.14831694960594177,,0.00888379942625761,,0.033610276877880096,,0.3717094957828522,,,,,,,,,,,,,
23,9899,,0.00992518849670887,,0.02001630887389183,,0.0,,0.13807424902915955,,0.012623952701687813,,0.24070575833320618,,,0.14730173349380493,0.006513911299407482,,0.0019517773762345314,,0.14763908088207245,,0.01157543994486332,,0.012623952701687813,,0.36015716195106506,,,,,,,,,,,,,
23,9909,,0.009341169148683548,,0.027331361547112465,,0.0,,0.15030916035175323,,0.015438799746334553,,0.2512356638908386,,,0.14670430123806,0.0025976416654884815,,0.0035751766990870237,,0.14866282045841217,,0.008038628846406937,,0.015438799746334553,,0.3706848621368408,,,,,,,,,,,,,
23,9919,,0.01203833892941475,,0.015339566394686699,,0.0,,0.12874877452850342,,0.023829171434044838,,0.22935093939304352,,,0.14822852611541748,0.0022494399454444647,,0.002544056624174118,,0.14969444274902344,,0.00787732657045126,,0.023829171434044838,,0.3538144528865814,,,,,,,,,,,,,
23,9929,,0.00865310151129961,,0.02668706141412258,,0.0,,0.13731960952281952,,0.05858888104557991,,0.2343788743019104,,,0.1478210985660553,0.0031973114237189293,,0.0024924688041210175,,0.14630967378616333,,0.009871982038021088,,0.05858888104557991,,0.37698522210121155,,,,,,,,,,,,,
23,9939,,0.012437993660569191,,0.024444665759801865,,0.0,,0.1519707441329956,,0.01559499092400074,,0.2436145395040512,,,0.14080706238746643,0.003165250178426504,,0.0022389201913028955,,0.1488812118768692,,0.012336395680904388,,0.01559499092400074,,0.36796799302101135,,,,,,,,,,,,,
23,9949,,0.014400484971702099,,0.02092030644416809,,0.0,,0.13611342012882233,,0.011192172765731812,,0.23395562171936035,,,0.13970497250556946,0.002902813022956252,,0.0031290571205317974,,0.14801563322544098,,0.008487774059176445,,0.011192172765731812,,0.3510429859161377,,,,,,,,,,,,,
23,9959,,0.011185095645487309,,0.030377795919775963,,0.0,,0.12563343346118927,,0.011315157637000084,,0.2700299620628357,,,0.14222365617752075,0.002800600603222847,,0.0017491027247160673,,0.15118344128131866,,0.009240906685590744,,0.011315157637000084,,0.3657184839248657,,,,,,,,,,,,,
23,9969,,0.01405628863722086,,0.018194379284977913,,0.0,,0.16123777627944946,,0.03387294337153435,,0.2738809585571289,,,0.14172808825969696,0.004514743573963642,,0.002900846768170595,,0.150710791349411,,0.007065711077302694,,0.03387294337153435,,0.39680352807044983,,,,,,,,,,,,,
23,9979,,0.010457365773618221,,0.02635055035352707,,0.0,,0.1337922215461731,,0.017538826912641525,,0.21977323293685913,,,0.14590807259082794,0.0039226035587489605,,0.0016517611220479012,,0.14915281534194946,,0.007133584935218096,,0.017538826912641525,,0.34730029106140137,,,,,,,,,,,,,
23,9989,,0.010987989604473114,,0.02002756856381893,,0.0,,0.13918451964855194,,0.008847569115459919,,0.23930388689041138,,,0.14291980862617493,0.004900795873254538,,0.00445296335965395,,0.14830324053764343,,0.008760929107666016,,0.008847569115459919,,0.3558335602283478,,,,,,,,,,,,,
23,9999,,0.012374551966786385,,0.022181008011102676,,0.0,,0.15688109397888184,,0.011372451670467854,,0.24067512154579163,,,0.1431124210357666,0.0032628518529236317,,0.0025467341765761375,,0.15371841192245483,,0.012091504409909248,,0.011372451670467854,,0.3702356815338135,,,,,,,,,,,,,
23,10009,,0.013210713863372803,,0.023355470970273018,,0.0,,0.1316504180431366,,0.03394242748618126,,0.23110491037368774,,,0.14171138405799866,0.003547207685187459,,0.0025259926915168762,,0.15139958262443542,,0.009434723295271397,,0.03394242748618126,,0.3615992069244385,,,,,,,,,,,,,
23,10019,,0.017401285469532013,,0.02027803659439087,,0.0,,0.13832029700279236,,0.013601042330265045,,0.22984473407268524,,,0.15375177562236786,0.003447578987106681,,0.003044669283553958,,0.1531003713607788,,0.007493120618164539,,0.013601042330265045,,0.3620302677154541,,,,,,,,,,,,,
23,10029,,0.010574810206890106,,0.02367132529616356,,0.0,,0.149212047457695,,0.012724163010716438,,0.23245549201965332,,,0.14502504467964172,0.002569944132119417,,0.0028498887550085783,,0.14775338768959045,,0.007443731650710106,,0.012724163010716438,,0.3576714098453522,,,,,,,,,,,,,
23,10039,,0.014011614955961704,,0.018465586006641388,,0.0,,0.13945727050304413,,0.040792066603899,,0.22851714491844177,,,0.1458337903022766,0.002924585249274969,,0.002377146854996681,,0.1538201868534088,,0.013452769257128239,,0.040792066603899,,0.37243983149528503,,,,,,,,,,,,,
23,10049,,0.010777577757835388,,0.0202956423163414,,0.0,,0.131294384598732,,0.02890404686331749,,0.22830787301063538,,,0.1449180394411087,0.00470766332000494,,0.002734792185947299,,0.14993974566459656,,0.012544197961688042,,0.02890404686331749,,0.35909372568130493,,,,,,,,,,,,,
23,10059,,0.009801233187317848,,0.031113293021917343,,0.0,,0.12219159305095673,,0.016306303441524506,,0.25830772519111633,,,0.14886969327926636,0.0032276345882564783,,0.00265331519767642,,0.14927172660827637,,0.0071752904914319515,,0.016306303441524506,,0.3620136082172394,,,,,,,,,,,,,
23,10069,,0.008994558826088905,,0.021039288491010666,,0.0,,0.12778209149837494,,0.010789998807013035,,0.26590728759765625,,,0.14668357372283936,0.005184279289096594,,0.00373351713642478,,0.14758577942848206,,0.011100506410002708,,0.010789998807013035,,0.3659847378730774,,,,,,,,,,,,,
23,10079,,0.01257230993360281,,0.02118978276848793,,0.0,,0.14514170587062836,,0.011306047439575195,,0.2229774296283722,,,0.14352357387542725,0.003485575783997774,,0.0030107710044831038,,0.1520998775959015,,0.010521171614527702,,0.011306047439575195,,0.3544381856918335,,,,,,,,,,,,,
23,10089,,0.010717449709773064,,0.017749575898051262,,0.0,,0.14443613588809967,,0.013615168631076813,,0.2231580764055252,,,0.1465112715959549,0.0024761611130088568,,0.0014568227343261242,,0.14922451972961426,,0.007685768883675337,,0.013615168631076813,,0.35141563415527344,,,,,,,,,,,,,
23,10099,,0.008924335241317749,,0.025151029229164124,,0.0,,0.13742205500602722,,0.02367459237575531,,0.2551531493663788,,,0.1404552161693573,0.00789176020771265,,0.005053198896348476,,0.14831137657165527,,0.014943471178412437,,0.02367459237575531,,0.37342968583106995,,,,,,,,,,,,,
23,10109,,0.012113993987441063,,0.025140665471553802,,0.0,,0.1285032480955124,,0.01427276711910963,,0.2680445909500122,,,0.15137934684753418,0.009404144249856472,,0.002057046629488468,,0.15415874123573303,,0.007722558453679085,,0.01427276711910963,,0.3763422966003418,,,,,,,,,,,,,
23,10119,,0.010034013539552689,,0.022719083353877068,,0.0,,0.14611725509166718,,0.011507861316204071,,0.2600454092025757,,,0.14383256435394287,0.0035973279736936092,,0.0016861790791153908,,0.1467927098274231,,0.00750214047729969,,0.011507861316204071,,0.36782965064048767,,,,,,,,,,,,,
23,10127,,,,,,,,,,,,,,,,,,,,,,,,,,,0.10140153765678406,0.066618911921978,0.0,0.41625094413757324,0.30339285731315613,0.39112553000450134,0.24414491653442383,0.2460491955280304,0.05789720639586449,0.2592028081417084,0.010273304767906666,0.30339285731315613,1.021531105041504
23,10127,0.011390801519155502,,0.02240685187280178,,0.0,,0.1382663995027542,,0.01962525211274624,,0.2424205243587494,,0.004439251031726599,0.14507894217967987,,,0.002543954411521554,,0.14967602491378784,,0.008605138398706913,,0.01962525211274624,,0.36326372623443604,,,,,,,,,,,,,,
24,10129,,0.010679865255951881,,0.023051714524626732,,0.0,,0.12940789759159088,,0.012659352272748947,,0.2506418228149414,,,0.14679501950740814,0.004530668258666992,,0.0025993476156145334,,0.15094704926013947,,0.011295867152512074,,0.012659352272748947,,0.3620836138725281,,,,,,,,,,,,,
24,10139,,0.009939828887581825,,0.01742824725806713,,0.0,,0.12728261947631836,,0.02435033582150936,,0.28307631611824036,,,0.13689975440502167,0.0034364990424364805,,0.0016281630378216505,,0.14958545565605164,,0.005577403120696545,,0.02435033582150936,,0.3726310133934021,,,,,,,,,,,,,
24,10149,,0.01085631549358368,,0.02036215364933014,,0.0,,0.132605642080307,,0.00828527845442295,,0.24813197553157806,,,0.1472063660621643,0.002824510680511594,,0.0022643832489848137,,0.14729660749435425,,0.007937479764223099,,0.00828527845442295,,0.355740487575531,,,,,,,,,,,,,
24,10159,,0.009762037545442581,,0.021061250939965248,,0.0,,0.13755084574222565,,0.011814473196864128,,0.25653618574142456,,,0.1468864530324936,0.0015702310483902693,,0.001720026833936572,,0.14821964502334595,,0.01255206298083067,,0.011814473196864128,,0.3654121160507202,,,,,,,,,,,,,
24,10169,,0.008428378961980343,,0.022603724151849747,,0.0,,0.1287766993045807,,0.01737610436975956,,0.2443057894706726,,,0.13825048506259918,0.002725462894886732,,0.0016098797786980867,,0.146609365940094,,0.010349180549383163,,0.01737610436975956,,0.3514760434627533,,,,,,,,,,,,,
24,10179,,0.015271519310772419,,0.022046690806746483,,0.0,,0.13715070486068726,,0.03659334033727646,,0.2265338897705078,,,0.1405438929796219,0.002769271843135357,,0.002399654360488057,,0.15083499252796173,,0.010579781606793404,,0.03659334033727646,,0.36354318261146545,,,,,,,,,,,,,
24,10189,,0.01034868136048317,,0.014928211458027363,,0.0,,0.1389099508523941,,0.023981425911188126,,0.24297523498535156,,,0.14296875894069672,0.0029099255334585905,,0.0025797984562814236,,0.1476835310459137,,0.008395539596676826,,0.023981425911188126,,0.3618692457675934,,,,,,,,,,,,,
24,10199,,0.011152047663927078,,0.01824798807501793,,0.0,,0.1353154182434082,,0.010726436972618103,,0.22609826922416687,,,0.14103466272354126,0.0025182534009218216,,0.0015117425937205553,,0.15227597951889038,,0.006564213894307613,,0.010726436972618103,,0.34542328119277954,,,,,,,,,,,,,
24,10209,,0.010219862684607506,,0.02422010526061058,,0.0,,0.12968586385250092,,0.04132195562124252,,0.2607201933860779,,,0.1447252631187439,0.001686315517872572,,0.0019085209351032972,,0.14675895869731903,,0.010431306436657906,,0.04132195562124252,,0.3761511445045471,,,,,,,,,,,,,
24,10219,,0.011377440765500069,,0.015403274446725845,,0.0,,0.13583357632160187,,0.025620639324188232,,0.23728278279304504,,,0.14169619977474213,0.0024738661013543606,,0.002079047029837966,,0.14801859855651855,,0.010776922106742859,,0.025620639324188232,,0.35911989212036133,,,,,,,,,,,,,
24,10229,,0.01072138361632824,,0.01836802437901497,,0.0,,0.1323317587375641,,0.026326792314648628,,0.2590635418891907,,,0.14319854974746704,0.0031994199380278587,,0.0022901291958987713,,0.15002667903900146,,0.00844859704375267,,0.026326792314648628,,0.3696402311325073,,,,,,,,,,,,,
24,10239,,0.010445835068821907,,0.015461193397641182,,0.0,,0.13544635474681854,,0.018938016146421432,,0.2693760395050049,,,0.14177241921424866,0.002058778190985322,,0.0018821622943505645,,0.14967858791351318,,0.00931187067180872,,0.018938016146421432,,0.37100112438201904,,,,,,,,,,,,,
24,10249,,0.008962174877524376,,0.016410551965236664,,0.0,,0.1299958974123001,,0.006759021431207657,,0.24412836134433746,,,0.14156721532344818,0.0017061008838936687,,0.0015299662481993437,,0.14427869021892548,,0.00888049229979515,,0.006759021431207657,,0.34554505348205566,,,,,,,,,,,,,
24,10259,,0.013018820434808731,,0.01824823021888733,,0.0,,0.1398342400789261,,0.02041071280837059,,0.2280443012714386,,,0.14673806726932526,0.0032659524586051702,,0.002006218768656254,,0.14868533611297607,,0.01168800424784422,,0.02041071280837059,,0.3586706519126892,,,,,,,,,,,,,
24,10269,,0.014438215643167496,,0.020225636661052704,,0.0,,0.14101599156856537,,0.01294579915702343,,0.28007781505584717,,,0.14503292739391327,0.002408077009022236,,0.003070844803005457,,0.1531369686126709,,0.013523293659090996,,0.01294579915702343,,0.3848475515842438,,,,,,,,,,,,,
24,10279,,0.00889776274561882,,0.01978130266070366,,0.0,,0.13034485280513763,,0.03281744569540024,,0.24905534088611603,,,0.14186210930347443,0.002908896654844284,,0.0015039745485410094,,0.14420266449451447,,0.008945517241954803,,0.03281744569540024,,0.36224740743637085,,,,,,,,,,,,,
24,10289,,0.014859836548566818,,0.01570562645792961,,0.0,,0.14128071069717407,,0.011715489439666271,,0.23154813051223755,,,0.14485067129135132,0.0024112605024129152,,0.0035245695617049932,,0.15342366695404053,,0.008159860968589783,,0.011715489439666271,,0.35745763778686523,,,,,,,,,,,,,
24,10299,,0.00988619402050972,,0.0183015875518322,,0.0,,0.11689049750566483,,0.0061842650175094604,,0.22875019907951355,,,0.1493111103773117,0.004320030100643635,,0.002625725930556655,,0.14712126553058624,,0.005026078317314386,,0.0061842650175094604,,0.3368878662586212,,,,,,,,,,,,,
24,10309,,0.008365768939256668,,0.016544582322239876,,0.0,,0.12097594141960144,,0.009422538802027702,,0.21867823600769043,,,0.14482630789279938,0.0023886810522526503,,0.001420882879756391,,0.1458957940340042,,0.008805672638118267,,0.009422538802027702,,0.3320443630218506,,,,,,,,,,,,,
24,10319,,0.01117619127035141,,0.018085721880197525,,0.0,,0.13743461668491364,,0.011202428489923477,,0.26075226068496704,,,0.14343370497226715,0.002169093582779169,,0.0017468011938035488,,0.14754456281661987,,0.012768358923494816,,0.011202428489923477,,0.36592257022857666,,,,,,,,,,,,,
24,10329,,0.01086408831179142,,0.018154092133045197,,0.0,,0.1309550702571869,,0.010726165026426315,,0.2291986495256424,,,0.13890305161476135,0.0014210240915417671,,0.0019601150415837765,,0.1468198001384735,,0.007987498305737972,,0.010726165026426315,,0.34123310446739197,,,,,,,,,,,,,
24,10339,,0.008110095746815205,,0.02999204210937023,,0.0,,0.14794720709323883,,0.024962665513157845,,0.27939045429229736,,,0.14125068485736847,0.01112851407378912,,0.0022491884883493185,,0.14975637197494507,,0.013475962914526463,,0.024962665513157845,,0.39213475584983826,,,,,,,,,,,,,
24,10349,,0.009966992773115635,,0.01581151969730854,,0.0,,0.14544907212257385,,0.02302880585193634,,0.21456706523895264,,,0.14343996345996857,0.0025453269481658936,,0.0028697215020656586,,0.14878666400909424,,0.010770201683044434,,0.02302880585193634,,0.35229307413101196,,,,,,,,,,,,,
24,10359,,0.012771322391927242,,0.015653332695364952,,0.0,,0.12289778143167496,,0.020370103418827057,,0.2538868188858032,,,0.14616647362709045,0.003167388727888465,,0.005078586749732494,,0.14826294779777527,,0.003115621395409107,,0.020370103418827057,,0.35942384600639343,,,,,,,,,,,,,
24,10369,,0.010335105471313,,0.019213955849409103,,0.0,,0.12359268218278885,,0.008839871734380722,,0.23411956429481506,,,0.14415401220321655,0.0012031676014885306,,0.0023655965924263,,0.15023207664489746,,0.0078011611476540565,,0.008839871734380722,,0.3432430028915405,,,,,,,,,,,,,
24,10379,,0.010901735164225101,,0.018677789717912674,,0.0,,0.12424549460411072,,0.008078875951468945,,0.23700344562530518,,,0.1470315009355545,0.0021281561348587275,,0.0017170778010040522,,0.1503928005695343,,0.00604768842458725,,0.008078875951468945,,0.345641165971756,,,,,,,,,,,,,
24,10389,,0.007521869149059057,,0.015858523547649384,,0.0,,0.1054893434047699,,0.008519534021615982,,0.2258349508047104,,,0.1364043653011322,0.0019692566711455584,,0.001099304063245654,,0.14500749111175537,,0.006327187176793814,,0.008519534021615982,,0.32067248225212097,,,,,,,,,,,,,
24,10399,,0.009948608465492725,,0.017640814185142517,,0.0,,0.1344098448753357,,0.02215619385242462,,0.25282374024391174,,,0.13942594826221466,0.0026896060444414616,,0.0032517823856323957,,0.15084493160247803,,0.006183349061757326,,0.02215619385242462,,0.36263105273246765,,,,,,,,,,,,,
24,10409,,0.007832416333258152,,0.021042991429567337,,0.0,,0.1252778023481369,,0.008090587332844734,,0.271759569644928,,,0.13955555856227875,0.0037671513855457306,,0.0020556205417960882,,0.1456703543663025,,0.010037188418209553,,0.008090587332844734,,0.3591274321079254,,,,,,,,,,,,,
24,10419,,0.01137382723391056,,0.016072699800133705,,0.0,,0.12413796782493591,,0.009924715384840965,,0.23855288326740265,,,0.14403651654720306,0.0025165968108922243,,0.002198152942582965,,0.14960230886936188,,0.006734774447977543,,0.009924715384840965,,0.3461461365222931,,,,,,,,,,,,,
24,10429,,0.008983603678643703,,0.018573623150587082,,0.0,,0.12394701689481735,,0.008369216695427895,,0.2678956687450409,,,0.14247222244739532,0.004391780588775873,,0.00273641524836421,,0.14917418360710144,,0.008658449165523052,,0.008369216695427895,,0.3601716458797455,,,,,,,,,,,,,
24,10439,,0.009134635329246521,,0.016594279557466507,,0.0,,0.12504161894321442,,0.00835219956934452,,0.23547421395778656,,,0.14026017487049103,0.003308557439595461,,0.001940688001923263,,0.14678163826465607,,0.00928459968417883,,0.00835219956934452,,0.3414485454559326,,,,,,,,,,,,,
24,10449,,0.008885251358151436,,0.017131077125668526,,0.0,,0.11176099628210068,,0.009355572983622551,,0.2248471975326538,,,0.13424375653266907,0.002418707823380828,,0.0019496420864015818,,0.14810806512832642,,0.005632456392049789,,0.009355572983622551,,0.3253139555454254,,,,,,,,,,,,,
24,10459,,0.0072731636464595795,,0.01910637505352497,,0.0,,0.11455649882555008,,0.02341536432504654,,0.2381822168827057,,,0.14765232801437378,0.0015201065689325333,,0.001477481797337532,,0.14838138222694397,,0.0061756763607263565,,0.02341536432504654,,0.3462277352809906,,,,,,,,,,,,,
24,10469,,0.010869670659303665,,0.018737010657787323,,0.0,,0.13030906021595,,0.02235986292362213,,0.2713298201560974,,,0.1470181792974472,0.003068788442760706,,0.0021237931214272976,,0.15022090077400208,,0.009749884717166424,,0.02235986292362213,,0.3753986954689026,,,,,,,,,,,,,
24,10479,,0.008430629968643188,,0.02066173404455185,,0.0,,0.1305416226387024,,0.03567565605044365,,0.22770103812217712,,,0.14446981251239777,0.002695714356377721,,0.001367105171084404,,0.14861154556274414,,0.010984379798173904,,0.03567565605044365,,0.3573049008846283,,,,,,,,,,,,,
24,10489,,0.00935768336057663,,0.019595203921198845,,0.0,,0.12075956165790558,,0.010629872791469097,,0.21405211091041565,,,0.14693091809749603,0.0015165444929152727,,0.002113200258463621,,0.146613210439682,,0.006872796453535557,,0.010629872791469097,,0.33138248324394226,,,,,,,,,,,,,
24,10499,,0.010674714110791683,,0.01913582719862461,,0.0,,0.13221047818660736,,0.008721848018467426,,0.2328382432460785,,,0.1471162587404251,0.0038145212456583977,,0.002992259105667472,,0.15064449608325958,,0.00916331633925438,,0.008721848018467426,,0.35100165009498596,,,,,,,,,,,,,
24,10509,,0.013307956978678703,,0.01818813569843769,,0.0,,0.13469991087913513,,0.00917971320450306,,0.2193554937839508,,,0.14456899464130402,0.002458675764501095,,0.002561141736805439,,0.15067270398139954,,0.006522683426737785,,0.00917971320450306,,0.34348243474960327,,,,,,,,,,,,,
24,10519,,0.009918136522173882,,0.015298373997211456,,0.0,,0.11822181195020676,,0.023381249979138374,,0.2272161841392517,,,0.14514291286468506,0.0016970003489404917,,0.0019088196568191051,,0.14777854084968567,,0.005694602616131306,,0.023381249979138374,,0.3420095145702362,,,,,,,,,,,,,
24,10529,,0.011919276788830757,,0.023487672209739685,,0.0,,0.13701389729976654,,0.008671825751662254,,0.2177414894104004,,,0.14815068244934082,0.0020156551618129015,,0.0022194846533238888,,0.15132388472557068,,0.007230850402265787,,0.008671825751662254,,0.34549230337142944,,,,,,,,,,,,,
24,10539,,0.009471599943935871,,0.0212494395673275,,0.0,,0.13281233608722687,,0.014567757025361061,,0.24675220251083374,,,0.1456143856048584,0.002226948505267501,,0.003162029664963484,,0.14921437203884125,,0.009913496673107147,,0.014567757025361061,,0.3589925169944763,,,,,,,,,,,,,
24,10549,,0.012935088016092777,,0.020898867398500443,,0.0,,0.14090695977210999,,0.023483548313379288,,0.23344174027442932,,,0.1508394479751587,0.0023374478332698345,,0.003084592055529356,,0.1508898138999939,,0.008080278523266315,,0.023483548313379288,,0.36508938670158386,,,,,,,,,,,,,
24,10549,,,,,,,,,,,,,,,,,,,,,,,,,,,0.10013286769390106,0.07438144087791443,0.0,0.4119386076927185,0.2982328534126282,0.3629816770553589,0.2449323534965515,0.24899829924106598,0.05656761676073074,0.2588207423686981,0.008329947479069233,0.2982328534126282,1.0029056072235107
24,10549,0.01072877086699009,,0.019326573237776756,,0.0,,0.13050992786884308,,0.016499757766723633,,0.2418723851442337,,0.0032874648459255695,0.14444711804389954,,,0.0021649603731930256,,0.14894331991672516,,0.008493559435009956,,0.016499757766723633,,0.3554061949253082,,,,,,,,,,,,,,
25,10559,,0.010407807305455208,,0.015922868624329567,,0.0,,0.12623634934425354,,0.009218196384608746,,0.22883710265159607,,,0.14289017021656036,0.0041333152912557125,,0.0026122049894183874,,0.14723548293113708,,0.004452119581401348,,0.009218196384608746,,0.3396036624908447,,,,,,,,,,,,,
25,10569,,0.012023946270346642,,0.03009849041700363,,0.0,,0.12324921786785126,,0.010969497263431549,,0.27233803272247314,,,0.14748364686965942,0.003924997989088297,,0.0031489236280322075,,0.14662563800811768,,0.010785069316625595,,0.010969497263431549,,0.36828434467315674,,,,,,,,,,,,,
25,10579,,0.01159469224512577,,0.0176861509680748,,0.0,,0.1260482370853424,,0.014332336373627186,,0.25436919927597046,,,0.14450375735759735,0.0021246729884296656,,0.0026880474761128426,,0.15144266188144684,,0.007681685499846935,,0.014332336373627186,,0.35916125774383545,,,,,,,,,,,,,
25,10589,,0.012165914289653301,,0.023687992244958878,,0.0,,0.13756541907787323,,0.013650069013237953,,0.2457267940044403,,,0.14351694285869598,0.002261948771774769,,0.0019685188308358192,,0.15031719207763672,,0.007865126244723797,,0.013650069013237953,,0.3598877489566803,,,,,,,,,,,,,
25,10599,,0.010052678175270557,,0.021197639405727386,,0.0,,0.13352744281291962,,0.010513363406062126,,0.21476635336875916,,,0.15258347988128662,0.0017399085918441415,,0.0022293762303888798,,0.1486389935016632,,0.008469512686133385,,0.010513363406062126,,0.343380331993103,,,,,,,,,,,,,
25,10609,,0.012430349364876747,,0.01710253208875656,,0.0,,0.13473370671272278,,0.026078443974256516,,0.22333568334579468,,,0.14159046113491058,0.001843918114900589,,0.0017445593839511275,,0.14707809686660767,,0.007863062433898449,,0.026078443974256516,,0.3500593900680542,,,,,,,,,,,,,
25,10619,,0.012126505374908447,,0.01805879920721054,,0.0,,0.12734489142894745,,0.010552260093390942,,0.24000737071037292,,,0.14583201706409454,0.0024592538829892874,,0.0019791615195572376,,0.15135914087295532,,0.010055453516542912,,0.010552260093390942,,0.35266390442848206,,,,,,,,,,,,,
25,10629,,0.01176364067941904,,0.018499374389648438,,0.0,,0.13140596449375153,,0.00968290213495493,,0.25045081973075867,,,0.14729739725589752,0.0017493083141744137,,0.0018607936799526215,,0.14908547699451447,,0.009441022761166096,,0.00968290213495493,,0.35821861028671265,,,,,,,,,,,,,
25,10639,,0.014310907572507858,,0.017803393304347992,,0.0,,0.1331128031015396,,0.00957748107612133,,0.2403392195701599,,,0.1468316614627838,0.003677759552374482,,0.002107921987771988,,0.15307293832302094,,0.005415889900177717,,0.00957748107612133,,0.35600364208221436,,,,,,,,,,,,,
25,10649,,0.011207105591893196,,0.017484992742538452,,0.0,,0.1213374063372612,,0.006896626204252243,,0.22591489553451538,,,0.14420048892498016,0.002552473684772849,,0.003155440092086792,,0.14959502220153809,,0.007198317442089319,,0.006896626204252243,,0.33777737617492676,,,,,,,,,,,,,
25,10659,,0.008149540051817894,,0.017201583832502365,,0.0,,0.12303391098976135,,0.00902644731104374,,0.25418686866760254,,,0.14530473947525024,0.0011348128318786621,,0.0015749898739159107,,0.1492810845375061,,0.006275253836065531,,0.00902644731104374,,0.3507039546966553,,,,,,,,,,,,,
25,10669,,0.012004355899989605,,0.01737075112760067,,0.0,,0.13266678154468536,,0.032053351402282715,,0.264720618724823,,,0.13589076697826385,0.0020941724069416523,,0.0018284585094079375,,0.14665880799293518,,0.009477565065026283,,0.032053351402282715,,0.3704344928264618,,,,,,,,,,,,,
25,10679,,0.00797479972243309,,0.023724913597106934,,0.0,,0.13333021104335785,,0.018747560679912567,,0.23395851254463196,,,0.14496664702892303,0.0024897444527596235,,0.0025065436493605375,,0.15186205506324768,,0.013472754508256912,,0.018747560679912567,,0.35702693462371826,,,,,,,,,,,,,
25,10689,,0.015765372663736343,,0.01791047491133213,,0.0,,0.15283434092998505,,0.02309543639421463,,0.22724150121212006,,,0.14946337044239044,0.008967814035713673,,0.0029307191725820303,,0.15187615156173706,,0.008658425882458687,,0.02309543639421463,,0.3722076117992401,,,,,,,,,,,,,
25,10699,,0.009192770346999168,,0.01614229567348957,,0.0,,0.1347929686307907,,0.04105795547366142,,0.2087811678647995,,,0.13349378108978271,0.0017907434375956655,,0.0016071205027401447,,0.1472145915031433,,0.0065487343817949295,,0.04105795547366142,,0.3438541889190674,,,,,,,,,,,,,
25,10709,,0.012997809797525406,,0.025841660797595978,,0.0,,0.12804639339447021,,0.008201135322451591,,0.2525966763496399,,,0.14336100220680237,0.001392299309372902,,0.0022871545515954494,,0.15202315151691437,,0.005045587196946144,,0.008201135322451591,,0.35555973649024963,,,,,,,,,,,,,
25,10719,,0.009469248354434967,,0.01869446039199829,,0.0,,0.13309457898139954,,0.007857799530029297,,0.23228421807289124,,,0.1401103436946869,0.0015359055250883102,,0.0018877419643104076,,0.14664015173912048,,0.005024573300033808,,0.007857799530029297,,0.34082168340682983,,,,,,,,,,,,,
25,10729,,0.012562382966279984,,0.015223964117467403,,0.0,,0.1260400116443634,,0.015191393904387951,,0.2273935228586197,,,0.14362385869026184,0.00401237141340971,,0.003337708069011569,,0.14768588542938232,,0.006040770094841719,,0.015191393904387951,,0.34446632862091064,,,,,,,,,,,,,
25,10739,,0.01014087162911892,,0.017239276319742203,,0.0,,0.13276070356369019,,0.012433076277375221,,0.24159783124923706,,,0.15463636815547943,0.007978488691151142,,0.002027729991823435,,0.14732718467712402,,0.014272415079176426,,0.012433076277375221,,0.3633112609386444,,,,,,,,,,,,,
25,10749,,0.009775148704648018,,0.016811644658446312,,0.0,,0.11480481922626495,,0.007037922274321318,,0.23927271366119385,,,0.14863328635692596,0.0017675260314717889,,0.0016329371137544513,,0.148992657661438,,0.008894668892025948,,0.007037922274321318,,0.3420870304107666,,,,,,,,,,,,,
25,10759,,0.01053953729569912,,0.01897524669766426,,0.0,,0.1338133066892624,,0.01439623162150383,,0.2350304275751114,,,0.13955219089984894,0.0018811102490872145,,0.0015864800661802292,,0.14767515659332275,,0.011640460230410099,,0.01439623162150383,,0.3499549925327301,,,,,,,,,,,,,
25,10769,,0.009212018921971321,,0.02337878942489624,,0.0,,0.13035985827445984,,0.011045882478356361,,0.25474095344543457,,,0.13507896661758423,0.0031074790749698877,,0.0015001015271991491,,0.14617839455604553,,0.007660731207579374,,0.011045882478356361,,0.35178008675575256,,,,,,,,,,,,,
25,10779,,0.009733106940984726,,0.017804056406021118,,0.0,,0.12116558104753494,,0.00988682545721531,,0.282112717628479,,,0.1388963907957077,0.0018154321005567908,,0.0017528689932078123,,0.1492915153503418,,0.009924187324941158,,0.00988682545721531,,0.36406970024108887,,,,,,,,,,,,,
25,10789,,0.010452213697135448,,0.020668992772698402,,0.0,,0.12348254024982452,,0.01178837101906538,,0.23878949880599976,,,0.14666542410850525,0.0019200585084035993,,0.0023058708757162094,,0.1510366052389145,,0.008486025035381317,,0.01178837101906538,,0.3495302200317383,,,,,,,,,,,,,
25,10799,,0.013074757531285286,,0.018794236704707146,,0.0,,0.13385334610939026,,0.033687155693769455,,0.22094854712486267,,,0.14566712081432343,0.0023652687668800354,,0.0029638935811817646,,0.14872263371944427,,0.008814167231321335,,0.033687155693769455,,0.35692787170410156,,,,,,,,,,,,,
25,10809,,0.009961874224245548,,0.02177070826292038,,0.0,,0.12743665277957916,,0.01108485646545887,,0.2789366543292999,,,0.14625702798366547,0.0015908379573374987,,0.0016889132093638182,,0.14944657683372498,,0.008795637637376785,,0.01108485646545887,,0.36977657675743103,,,,,,,,,,,,,
25,10819,,0.01000116765499115,,0.020792992785573006,,0.0,,0.13315699994564056,,0.02049289643764496,,0.2568497657775879,,,0.140149787068367,0.0018925999756902456,,0.0015719318762421608,,0.14904358983039856,,0.00948567409068346,,0.02049289643764496,,0.36340153217315674,,,,,,,,,,,,,
25,10829,,0.00952921062707901,,0.0149662084877491,,0.0,,0.12839052081108093,,0.007637490052729845,,0.24187687039375305,,,0.14410531520843506,0.002531517995521426,,0.0017187537159770727,,0.1458779275417328,,0.009161137044429779,,0.007637490052729845,,0.3469109833240509,,,,,,,,,,,,,
25,10839,,0.010793546214699745,,0.018476437777280807,,0.0,,0.12455268204212189,,0.009449288249015808,,0.2327733337879181,,,0.13591668009757996,0.0023189373314380646,,0.0017720044124871492,,0.14886412024497986,,0.00749067310243845,,0.009449288249015808,,0.33881330490112305,,,,,,,,,,,,,
25,10849,,0.009000816382467747,,0.017510462552309036,,0.0,,0.12046560645103455,,0.009918510913848877,,0.23053133487701416,,,0.14745129644870758,0.0028205669950693846,,0.002292614197358489,,0.1439584195613861,,0.005546229425817728,,0.009918510913848877,,0.33774369955062866,,,,,,,,,,,,,
25,10859,,0.007569294888526201,,0.01638847589492798,,0.0,,0.11878510564565659,,0.008406893350183964,,0.23736006021499634,,,0.13954249024391174,0.003952290862798691,,0.0013046395033597946,,0.14935144782066345,,0.00825435109436512,,0.008406893350183964,,0.3389021158218384,,,,,,,,,,,,,
25,10869,,0.012471605092287064,,0.016917534172534943,,0.0,,0.12757036089897156,,0.025093572214245796,,0.25568628311157227,,,0.13803517818450928,0.002861494431272149,,0.0026565208099782467,,0.1523791253566742,,0.011346418410539627,,0.025093572214245796,,0.365742027759552,,,,,,,,,,,,,
25,10879,,0.009077182039618492,,0.017534688115119934,,0.0,,0.12701179087162018,,0.010254766792058945,,0.24840837717056274,,,0.1381920874118805,0.0016825159545987844,,0.0013263463042676449,,0.14843375980854034,,0.005833853501826525,,0.010254766792058945,,0.34686383605003357,,,,,,,,,,,,,
25,10889,,0.009502111002802849,,0.01707480102777481,,0.0,,0.1276758760213852,,0.006128118839114904,,0.23144353926181793,,,0.14878565073013306,0.001221948303282261,,0.001896618865430355,,0.14870484173297882,,0.011209131218492985,,0.006128118839114904,,0.34499141573905945,,,,,,,,,,,,,
25,10899,,0.009560610167682171,,0.020456932485103607,,0.0,,0.11353463679552078,,0.011223921552300453,,0.24369709193706512,,,0.145071342587471,0.006717289797961712,,0.0034010193776339293,,0.15091536939144135,,0.012074238620698452,,0.011223921552300453,,0.3501434326171875,,,,,,,,,,,,,
25,10909,,0.012945117428898811,,0.0179450623691082,,0.0,,0.12841589748859406,,0.019901152700185776,,0.23640206456184387,,,0.14054657518863678,0.00327737582847476,,0.002055711578577757,,0.14843185245990753,,0.01172433327883482,,0.019901152700185776,,0.35364454984664917,,,,,,,,,,,,,
25,10919,,0.012149311602115631,,0.0204458050429821,,0.0,,0.1357530653476715,,0.007624336518347263,,0.24911034107208252,,,0.14422090351581573,0.002342367311939597,,0.0021854820661246777,,0.15055564045906067,,0.009882566519081593,,0.007624336518347263,,0.35895657539367676,,,,,,,,,,,,,
25,10929,,0.00803400482982397,,0.017961539328098297,,0.0,,0.10729135572910309,,0.00854179635643959,,0.21971923112869263,,,0.14629273116588593,0.0021889004856348038,,0.0020404676906764507,,0.14774197340011597,,0.008001339621841908,,0.00854179635643959,,0.32672202587127686,,,,,,,,,,,,,
25,10939,,0.009493897669017315,,0.017393633723258972,,0.0,,0.12139689177274704,,0.018954986706376076,,0.26779210567474365,,,0.14467693865299225,0.008563278242945671,,0.001802413142286241,,0.14744602143764496,,0.010908911935985088,,0.018954986706376076,,0.3672570288181305,,,,,,,,,,,,,
25,10949,,0.013288275338709354,,0.022723890841007233,,0.0,,0.12616071105003357,,0.012404845096170902,,0.24405306577682495,,,0.1458529531955719,0.0027562107425183058,,0.002133825793862343,,0.14816828072071075,,0.01090080477297306,,0.012404845096170902,,0.35513192415237427,,,,,,,,,,,,,
25,10959,,0.009534385986626148,,0.02150581032037735,,0.0,,0.12051428854465485,,0.02517954260110855,,0.23222339153289795,,,0.1425679624080658,0.00233210320584476,,0.0017618534620851278,,0.14853262901306152,,0.00904825422912836,,0.02517954260110855,,0.3479978144168854,,,,,,,,,,,,,
25,10969,,0.010846970602869987,,0.01995796337723732,,0.0,,0.12264766544103622,,0.012386033311486244,,0.21638062596321106,,,0.13978679478168488,0.001487084082327783,,0.0022475644946098328,,0.15084172785282135,,0.008014677092432976,,0.012386033311486244,,0.33431535959243774,,,,,,,,,,,,,
25,10971,,,,,,,,,,,,,,,,,,,,,,,,,,,0.09992644190788269,0.07696571946144104,0.0,0.41340261697769165,0.29513734579086304,0.3688744604587555,0.23612917959690094,0.24637152254581451,0.05660145357251167,0.25803881883621216,0.00819532573223114,0.29513734579086304,0.9990350604057312
25,10971,0.010449850931763649,,0.01916228048503399,,0.0,,0.12611491978168488,,0.01532473973929882,,0.24174481630325317,,0.002925728913396597,0.1441599279642105,,,0.0020664085168391466,,0.14874789118766785,,0.008443400263786316,,0.01532473973929882,,0.35190510749816895,,,,,,,,,,,,,,
26,10979,,0.013606351800262928,,0.022681836038827896,,0.0,,0.11711737513542175,,0.014303055591881275,,0.2614176869392395,,,0.14718450605869293,0.002361995866522193,,0.003338687587529421,,0.15154320001602173,,0.008798740804195404,,0.014303055591881275,,0.36210399866104126,,,,,,,,,,,,,
26,10989,,0.0103107038885355,,0.01964021846652031,,0.0,,0.11910203099250793,,0.0077215260826051235,,0.23423345386981964,,,0.140891432762146,0.0025545558892190456,,0.0016919677145779133,,0.1488407552242279,,0.006667128764092922,,0.0077215260826051235,,0.3379708230495453,,,,,,,,,,,,,
26,10999,,0.012110721319913864,,0.015192816033959389,,0.0,,0.11519293487071991,,0.008570333942770958,,0.2685721516609192,,,0.14369356632232666,0.0018953540129587054,,0.002590225078165531,,0.15028919279575348,,0.007067238446325064,,0.008570333942770958,,0.3565101623535156,,,,,,,,,,,,,
26,11009,,0.013835456222295761,,0.01947663724422455,,0.0,,0.1271125078201294,,0.020184779539704323,,0.23260198533535004,,,0.14826560020446777,0.0028057461604475975,,0.002440531039610505,,0.14814609289169312,,0.004785226657986641,,0.020184779539704323,,0.35203665494918823,,,,,,,,,,,,,
26,11019,,0.010954676195979118,,0.01914064772427082,,0.0,,0.12119252979755402,,0.0058869230560958385,,0.22595170140266418,,,0.13973155617713928,0.002802338218316436,,0.0021384917199611664,,0.14735043048858643,,0.0065891616977751255,,0.0058869230560958385,,0.3332129418849945,,,,,,,,,,,,,
26,11029,,0.007371673826128244,,0.019799813628196716,,0.0,,0.11823757737874985,,0.010436153039336205,,0.2163039743900299,,,0.1451711803674698,0.0010101519292220473,,0.0014702662592753768,,0.14467830955982208,,0.005080139730125666,,0.010436153039336205,,0.3268596827983856,,,,,,,,,,,,,
26,11039,,0.008873222395777702,,0.018016040325164795,,0.0,,0.11547704041004181,,0.00806395336985588,,0.21886003017425537,,,0.14672699570655823,0.0016790598165243864,,0.0014003374380990863,,0.14877215027809143,,0.009759752079844475,,0.00806395336985588,,0.331607848405838,,,,,,,,,,,,,
26,11049,,0.012257552705705166,,0.017931297421455383,,0.0,,0.1369352787733078,,0.024312278255820274,,0.24005594849586487,,,0.13707204163074493,0.003231349866837263,,0.002907759975641966,,0.14840246737003326,,0.011744027025997639,,0.024312278255820274,,0.3602524697780609,,,,,,,,,,,,,
26,11059,,0.009698132984340191,,0.018137138336896896,,0.0,,0.13026063144207,,0.011462420225143433,,0.2313007265329361,,,0.14504501223564148,0.004669039510190487,,0.002604160225018859,,0.14793696999549866,,0.0077390894293785095,,0.011462420225143433,,0.3471717834472656,,,,,,,,,,,,,
26,11069,,0.011962693184614182,,0.014210907742381096,,0.0,,0.13037391006946564,,0.024525858461856842,,0.2417171597480774,,,0.1374386101961136,0.001100318506360054,,0.002093781717121601,,0.14596101641654968,,0.0071968017145991325,,0.024525858461856842,,0.3526061475276947,,,,,,,,,,,,,
26,11079,,0.008636842481791973,,0.018969522789120674,,0.0,,0.11817790567874908,,0.009937630966305733,,0.23236587643623352,,,0.14510773122310638,0.001559865428134799,,0.0015213952865451574,,0.14886067807674408,,0.006823331583291292,,0.009937630966305733,,0.33839258551597595,,,,,,,,,,,,,
26,11089,,0.01232607290148735,,0.01753154955804348,,0.0,,0.12524162232875824,,0.02245410531759262,,0.23556353151798248,,,0.14717049896717072,0.0031096171587705612,,0.0028026688378304243,,0.1491038203239441,,0.0060682715848088264,,0.02245410531759262,,0.3536732792854309,,,,,,,,,,,,,
26,11099,,0.010650179348886013,,0.022408608347177505,,0.0,,0.12032493948936462,,0.011600615456700325,,0.2815290093421936,,,0.14390897750854492,0.004143575206398964,,0.002511126920580864,,0.14750885963439941,,0.007876853458583355,,0.011600615456700325,,0.3672679662704468,,,,,,,,,,,,,
26,11109,,0.012495535425841808,,0.02620858885347843,,0.0,,0.1354750692844391,,0.0072484090924263,,0.2755253314971924,,,0.1411833018064499,0.001991487108170986,,0.0018849167972803116,,0.14771968126296997,,0.009285847656428814,,0.0072484090924263,,0.36902567744255066,,,,,,,,,,,,,
26,11119,,0.00993428286164999,,0.013780692592263222,,0.0,,0.12003766745328903,,0.0072746057994663715,,0.22510883212089539,,,0.13850435614585876,0.0019525060197338462,,0.0019437880255281925,,0.14793270826339722,,0.009222629480063915,,0.0072746057994663715,,0.3323337435722351,,,,,,,,,,,,,
26,11129,,0.009193036705255508,,0.022940021008253098,,0.0,,0.12255581468343735,,0.006652595475316048,,0.2750634551048279,,,0.1532459259033203,0.0013296176912263036,,0.0016493041766807437,,0.1474257856607437,,0.005000361707061529,,0.006652595475316048,,0.3633519411087036,,,,,,,,,,,,,
26,11139,,0.007857833057641983,,0.022187555208802223,,0.0,,0.13598161935806274,,0.01591092348098755,,0.25125807523727417,,,0.14122739434242249,0.0032231793738901615,,0.002686757594347,,0.14907431602478027,,0.009890432469546795,,0.01591092348098755,,0.3607740104198456,,,,,,,,,,,,,
26,11149,,0.0102247204631567,,0.019089002162218094,,0.0,,0.11337807774543762,,0.007358411327004433,,0.21697822213172913,,,0.14688673615455627,0.001460717641748488,,0.0016433254349976778,,0.14617201685905457,,0.006988218519836664,,0.007358411327004433,,0.3274541199207306,,,,,,,,,,,,,
26,11159,,0.011540461331605911,,0.022779978811740875,,0.0,,0.12292861938476562,,0.009118039160966873,,0.2452513724565506,,,0.14803043007850647,0.0017567629693076015,,0.002150504617020488,,0.14867113530635834,,0.006773470900952816,,0.009118039160966873,,0.35038843750953674,,,,,,,,,,,,,
26,11169,,0.009770339354872704,,0.021153749898076057,,0.0,,0.12272561341524124,,0.010968314483761787,,0.24649640917778015,,,0.14393171668052673,0.0025177726056426764,,0.0016614878550171852,,0.14707335829734802,,0.01313574519008398,,0.010968314483761787,,0.35125574469566345,,,,,,,,,,,,,
26,11179,,0.011056171730160713,,0.018666885793209076,,0.0,,0.12816472351551056,,0.007815792225301266,,0.2582017481327057,,,0.14428848028182983,0.002067065332084894,,0.0019202841212972999,,0.14807146787643433,,0.008068222552537918,,0.007815792225301266,,0.35669368505477905,,,,,,,,,,,,,
26,11189,,0.008112119510769844,,0.020888764411211014,,0.0,,0.1202414333820343,,0.021949995309114456,,0.23322457075119019,,,0.13784201443195343,0.0036554629914462566,,0.0031847073696553707,,0.14639097452163696,,0.006020605098456144,,0.021949995309114456,,0.34239983558654785,,,,,,,,,,,,,
26,11199,,0.012787087820470333,,0.014297552406787872,,0.0,,0.12792417407035828,,0.023288026452064514,,0.23182037472724915,,,0.14215557277202606,0.0015768528683111072,,0.003530398476868868,,0.15195533633232117,,0.009289746172726154,,0.023288026452064514,,0.3535935580730438,,,,,,,,,,,,,
26,11209,,0.009159820154309273,,0.018598802387714386,,0.0,,0.12061752378940582,,0.01169209461659193,,0.2328084409236908,,,0.14215810596942902,0.0016585758421570063,,0.001539076678454876,,0.1479002833366394,,0.01388742309063673,,0.01169209461659193,,0.3425705134868622,,,,,,,,,,,,,
26,11219,,0.011350499466061592,,0.01951889507472515,,0.0,,0.128657728433609,,0.008179236203432083,,0.25284522771835327,,,0.13849270343780518,0.0019025466172024608,,0.001637940644286573,,0.14576159417629242,,0.005320683587342501,,0.008179236203432083,,0.3490259647369385,,,,,,,,,,,,,
26,11229,,0.014836467802524567,,0.0201161690056324,,0.0,,0.13187354803085327,,0.008902642875909805,,0.26169124245643616,,,0.1397196352481842,0.0031774304807186127,,0.0020988211035728455,,0.15356314182281494,,0.008687570691108704,,0.008902642875909805,,0.3642868399620056,,,,,,,,,,,,,
26,11239,,0.00834442675113678,,0.014468284323811531,,0.0,,0.11964031308889389,,0.006345904897898436,,0.24133901298046112,,,0.14735639095306396,0.004947652108967304,,0.002420553471893072,,0.1473904252052307,,0.006106087472289801,,0.006345904897898436,,0.3433922231197357,,,,,,,,,,,,,
26,11249,,0.008880692534148693,,0.015468012541532516,,0.0,,0.12306470423936844,,0.007592073641717434,,0.21941055357456207,,,0.14586740732192993,0.003713777055963874,,0.002535303356125951,,0.1489424705505371,,0.005069233477115631,,0.007592073641717434,,0.3340849280357361,,,,,,,,,,,,,
26,11259,,0.010763583704829216,,0.017377592623233795,,0.0,,0.1215936467051506,,0.00791262462735176,,0.24745967984199524,,,0.146417498588562,0.004158774856477976,,0.002757212147116661,,0.14697962999343872,,0.009074333123862743,,0.00791262462735176,,0.350296288728714,,,,,,,,,,,,,
26,11269,,0.00990324653685093,,0.016583794727921486,,0.0,,0.1207742914557457,,0.01064380444586277,,0.21699689328670502,,,0.1448962241411209,0.003385515883564949,,0.003384654875844717,,0.1452016681432724,,0.008177059702575207,,0.01064380444586277,,0.333340048789978,,,,,,,,,,,,,
26,11279,,0.012405098415911198,,0.016648244112730026,,0.0,,0.1231086254119873,,0.02258603274822235,,0.2318514734506607,,,0.14811570942401886,0.0017656988929957151,,0.0021759653463959694,,0.14998263120651245,,0.008599533699452877,,0.02258603274822235,,0.3519602119922638,,,,,,,,,,,,,
26,11289,,0.009185465052723885,,0.02563721314072609,,0.0,,0.12461967766284943,,0.02101076766848564,,0.2596704959869385,,,0.14476996660232544,0.002426545135676861,,0.0015783170238137245,,0.14845158159732819,,0.006457156501710415,,0.02101076766848564,,0.36164870858192444,,,,,,,,,,,,,
26,11299,,0.011709513142704964,,0.0202677883207798,,0.0,,0.14267082512378693,,0.006679629907011986,,0.27742546796798706,,,0.13951502740383148,0.0027750665321946144,,0.0016470541013404727,,0.14911416172981262,,0.008288828656077385,,0.006679629907011986,,0.3719395697116852,,,,,,,,,,,,,
26,11309,,0.01577385514974594,,0.01569928601384163,,0.0,,0.1310987025499344,,0.009322304278612137,,0.22734011709690094,,,0.1498817652463913,0.008716181851923466,,0.0025837337598204613,,0.15164515376091003,,0.013335770927369595,,0.009322304278612137,,0.3564187288284302,,,,,,,,,,,,,
26,11319,,0.011158255860209465,,0.031240759417414665,,0.0,,0.12447502464056015,,0.010153367184102535,,0.2574135661125183,,,0.14526017010211945,0.001913005718961358,,0.0018304403638467193,,0.14932915568351746,,0.006647262256592512,,0.010153367184102535,,0.35721421241760254,,,,,,,,,,,,,
26,11329,,0.012238427996635437,,0.015562595799565315,,0.0,,0.13273866474628448,,0.011733170598745346,,0.2357819378376007,,,0.1416405588388443,0.002388658467680216,,0.002572770928964019,,0.14959204196929932,,0.008021581918001175,,0.011733170598745346,,0.3499101400375366,,,,,,,,,,,,,
26,11339,,0.012152139097452164,,0.023121092468500137,,0.0,,0.11666540801525116,,0.036480195820331573,,0.29252177476882935,,,0.14012587070465088,0.00161253591068089,,0.004616368096321821,,0.15204425156116486,,0.010373245924711227,,0.036480195820331573,,0.3856080174446106,,,,,,,,,,,,,
26,11349,,0.0070144617930054665,,0.019477425143122673,,0.0,,0.1110321432352066,,0.01022589486092329,,0.24941807985305786,,,0.14507265388965607,0.0019247714662924409,,0.0010260356357321143,,0.15049463510513306,,0.009302916936576366,,0.01022589486092329,,0.3447034955024719,,,,,,,,,,,,,
26,11359,,0.017674263566732407,,0.01576276496052742,,0.0,,0.14041243493556976,,0.030087266117334366,,0.23620900511741638,,,0.14100022614002228,0.002302480163052678,,0.002827929798513651,,0.15390798449516296,,0.009882126934826374,,0.030087266117334366,,0.3687281310558319,,,,,,,,,,,,,
26,11369,,0.009853050112724304,,0.027538657188415527,,0.0,,0.12195143103599548,,0.012895372696220875,,0.26272305846214294,,,0.1438659280538559,0.0023451894521713257,,0.0017876029014587402,,0.14581991732120514,,0.007559782359749079,,0.012895372696220875,,0.3571545481681824,,,,,,,,,,,,,
26,11379,,0.009893971495330334,,0.018842795863747597,,0.0,,0.11828594654798508,,0.006609493866562843,,0.20965126156806946,,,0.1534135490655899,0.00578272482380271,,0.002751046558842063,,0.14788490533828735,,0.005327710881829262,,0.006609493866562843,,0.33168458938598633,,,,,,,,,,,,,
26,11389,,0.010947827249765396,,0.016001885756850243,,0.0,,0.12683838605880737,,0.007452516816556454,,0.21956399083137512,,,0.1430884450674057,0.0014512913767248392,,0.0018548935186117887,,0.14761465787887573,,0.0069404104724526405,,0.007452516816556454,,0.33447641134262085,,,,,,,,,,,,,
26,11393,,,,,,,,,,,,,,,,,,,,,,,,,,,0.09968843311071396,0.07772289216518402,0.0,0.41351717710494995,0.29920002818107605,0.37308269739151,0.24681256711483002,0.2484062910079956,0.05688811093568802,0.2564104199409485,0.008187279105186462,0.29920002818107605,1.0088688135147095
26,11393,0.010365228168666363,,0.01907747983932495,,0.0,,0.12403542548418045,,0.014905453659594059,,0.24156980216503143,,0.0028658683877438307,0.14404268562793732,,,0.0020905982237309217,,0.14864422380924225,,0.00841361191123724,,0.014905453659594059,,0.35037413239479065,,,,,,,,,,,,,,
27,11399,,0.013050579465925694,,0.020173940807580948,,0.0,,0.1166767030954361,,0.0076799592934548855,,0.2307921200990677,,,0.14993998408317566,0.010138630867004395,,0.0020024788100272417,,0.1523858904838562,,0.004996524658054113,,0.0076799592934548855,,0.34584882855415344,,,,,,,,,,,,,
27,11409,,0.011571832001209259,,0.017212895676493645,,0.0,,0.12895604968070984,,0.008076846599578857,,0.2143661379814148,,,0.1445648968219757,0.0021374947391450405,,0.002216834807768464,,0.14889958500862122,,0.008182684890925884,,0.008076846599578857,,0.33620744943618774,,,,,,,,,,,,,
27,11419,,0.01008668728172779,,0.019535908475518227,,0.0,,0.13800185918807983,,0.021326608955860138,,0.2661323547363281,,,0.14888904988765717,0.00998164527118206,,0.0023896791972219944,,0.14835378527641296,,0.007482979446649551,,0.021326608955860138,,0.37827593088150024,,,,,,,,,,,,,
27,11429,,0.00847455020993948,,0.016792181879281998,,0.0,,0.1327696144580841,,0.0395389199256897,,0.2491670697927475,,,0.1423451453447342,0.0016806875355541706,,0.0013289436465129256,,0.1480393409729004,,0.011006276123225689,,0.0395389199256897,,0.36885449290275574,,,,,,,,,,,,,
27,11439,,0.011270839720964432,,0.024335166439414024,,0.0,,0.13312193751335144,,0.016379669308662415,,0.29382026195526123,,,0.14409971237182617,0.004480578005313873,,0.0033303890377283096,,0.15018539130687714,,0.0058641196228563786,,0.016379669308662415,,0.38370999693870544,,,,,,,,,,,,,
27,11449,,0.0131682138890028,,0.018559224903583527,,0.0,,0.1262217015028,,0.010626553557813168,,0.23113809525966644,,,0.14816072583198547,0.001383909140713513,,0.0018714084289968014,,0.14631830155849457,,0.010375655256211758,,0.010626553557813168,,0.34648820757865906,,,,,,,,,,,,,
27,11459,,0.008271623402833939,,0.020068690180778503,,0.0,,0.11700223386287689,,0.0084654800593853,,0.24531742930412292,,,0.13893985748291016,0.0017221065936610103,,0.001597054535523057,,0.1476001739501953,,0.010312434285879135,,0.0084654800593853,,0.341621071100235,,,,,,,,,,,,,
27,11469,,0.01018539909273386,,0.028462065383791924,,0.0,,0.13848605751991272,,0.028461594134569168,,0.24973732233047485,,,0.15039002895355225,0.010430107824504375,,0.00340282148681581,,0.1476747691631317,,0.009190170094370842,,0.028461594134569168,,0.37682533264160156,,,,,,,,,,,,,
27,11479,,0.009124953299760818,,0.016483813524246216,,0.0,,0.11218824237585068,,0.008455613628029823,,0.24097895622253418,,,0.1456703096628189,0.002474376233294606,,0.001511235604993999,,0.1466449499130249,,0.007068774197250605,,0.008455613628029823,,0.3387070894241333,,,,,,,,,,,,,
27,11489,,0.011929608881473541,,0.016713622957468033,,0.0,,0.11250294744968414,,0.012400912120938301,,0.23987028002738953,,,0.14947707951068878,0.0011310807894915342,,0.002220312599092722,,0.1514759212732315,,0.004426778759807348,,0.012400912120938301,,0.34438881278038025,,,,,,,,,,,,,
27,11499,,0.010211325250566006,,0.01640607789158821,,0.0,,0.11051902920007706,,0.007862009108066559,,0.2289312332868576,,,0.1397048681974411,0.0026520155370235443,,0.0017350420821458101,,0.1472068876028061,,0.009724072180688381,,0.007862009108066559,,0.33091384172439575,,,,,,,,,,,,,
27,11509,,0.010045977309346199,,0.018785584717988968,,0.0,,0.11538823693990707,,0.023805957287549973,,0.2472068965435028,,,0.1476353108882904,0.0011272839037701488,,0.002377533121034503,,0.14716437458992004,,0.010273399762809277,,0.023805957287549973,,0.3543910086154938,,,,,,,,,,,,,
27,11519,,0.011593159288167953,,0.01527999434620142,,0.0,,0.12603600323200226,,0.023268889635801315,,0.22338947653770447,,,0.1431678831577301,0.0033118603751063347,,0.0017736138543114066,,0.14974816143512726,,0.007068688049912453,,0.023268889635801315,,0.3462068438529968,,,,,,,,,,,,,
27,11529,,0.010051444172859192,,0.01710047572851181,,0.0,,0.12674948573112488,,0.011101318523287773,,0.252267062664032,,,0.1426818072795868,0.001137101324275136,,0.0015922400634735823,,0.146297425031662,,0.01196894608438015,,0.011101318523287773,,0.35363346338272095,,,,,,,,,,,,,
27,11539,,0.008659197017550468,,0.014946099370718002,,0.0,,0.11361286789178848,,0.013579742051661015,,0.22556543350219727,,,0.14771968126296997,0.0017286967486143112,,0.0018184653017669916,,0.1468314230442047,,0.010424251668155193,,0.013579742051661015,,0.336464524269104,,,,,,,,,,,,,
27,11549,,0.008055775426328182,,0.019801827147603035,,0.0,,0.1129327118396759,,0.007053477689623833,,0.2732580900192261,,,0.14685092866420746,0.0017421458614990115,,0.0026509722229093313,,0.14841926097869873,,0.006081146188080311,,0.007053477689623833,,0.3555024564266205,,,,,,,,,,,,,
27,11559,,0.009250300005078316,,0.015370058827102184,,0.0,,0.11507918685674667,,0.026051700115203857,,0.22455868124961853,,,0.1366071254014969,0.0024269698187708855,,0.0016861719777807593,,0.1512083113193512,,0.008782954886555672,,0.026051700115203857,,0.3393627107143402,,,,,,,,,,,,,
27,11569,,0.008580666035413742,,0.021723320707678795,,0.0,,0.12329131364822388,,0.01929762214422226,,0.2507129907608032,,,0.14122897386550903,0.0024656406603753567,,0.0022570681758224964,,0.15013983845710754,,0.009531321935355663,,0.01929762214422226,,0.355925053358078,,,,,,,,,,,,,
27,11579,,0.008822377771139145,,0.019447065889835358,,0.0,,0.12243104726076126,,0.02321360632777214,,0.23945334553718567,,,0.14439016580581665,0.001957112457603216,,0.0013421995099633932,,0.14790397882461548,,0.010763205587863922,,0.02321360632777214,,0.3520832359790802,,,,,,,,,,,,,
27,11589,,0.0105333486571908,,0.02239341475069523,,0.0,,0.12148625403642654,,0.008827575482428074,,0.23578868806362152,,,0.14256954193115234,0.002703552134335041,,0.001756088575348258,,0.14813578128814697,,0.00631884578615427,,0.008827575482428074,,0.3412991762161255,,,,,,,,,,,,,
27,11599,,0.01207457110285759,,0.020364010706543922,,0.0,,0.12244753539562225,,0.008903628215193748,,0.22081437706947327,,,0.1398647129535675,0.0015055373078212142,,0.0022896691225469112,,0.14727681875228882,,0.007674290332943201,,0.008903628215193748,,0.3334619700908661,,,,,,,,,,,,,
27,11609,,0.013594081625342369,,0.022350523620843887,,0.0,,0.13088512420654297,,0.02297603338956833,,0.25685495138168335,,,0.14217934012413025,0.0015935259871184826,,0.0019078345503658056,,0.14580151438713074,,0.005853057373315096,,0.02297603338956833,,0.36305779218673706,,,,,,,,,,,,,
27,11619,,0.009595496580004692,,0.024119511246681213,,0.0,,0.11716067790985107,,0.022106507793068886,,0.23930519819259644,,,0.14156141877174377,0.001928637269884348,,0.001617728266865015,,0.14922335743904114,,0.006208413280546665,,0.022106507793068886,,0.3467656373977661,,,,,,,,,,,,,
27,11629,,0.007865643128752708,,0.019677981734275818,,0.0,,0.11112583428621292,,0.009717174805700779,,0.22970959544181824,,,0.14434699714183807,0.0015375331277027726,,0.0012323217233642936,,0.14819246530532837,,0.007384219206869602,,0.009717174805700779,,0.3325237035751343,,,,,,,,,,,,,
27,11639,,0.010215895250439644,,0.02029496058821678,,0.0,,0.11982928961515427,,0.007845291867852211,,0.2344968616962433,,,0.14925196766853333,0.0028975787572562695,,0.0019656470976769924,,0.1492009460926056,,0.009054782800376415,,0.007845291867852211,,0.34440866112709045,,,,,,,,,,,,,
27,11649,,0.01100444607436657,,0.022770754992961884,,0.0,,0.11425624042749405,,0.00783531367778778,,0.24021340906620026,,,0.14056910574436188,0.0016082850052043796,,0.0018230614950880408,,0.1450670063495636,,0.008670855313539505,,0.00783531367778778,,0.3378009498119354,,,,,,,,,,,,,
27,11659,,0.007901877164840698,,0.014307184144854546,,0.0,,0.11583473533391953,,0.008240331895649433,,0.2218053638935089,,,0.15525725483894348,0.001567107392475009,,0.0017888806760311127,,0.14758531749248505,,0.006226879544556141,,0.008240331895649433,,0.334534615278244,,,,,,,,,,,,,
27,11669,,0.008636398240923882,,0.02783605083823204,,0.0,,0.11609834432601929,,0.01712692156434059,,0.2563104033470154,,,0.1485808938741684,0.008471745066344738,,0.0018803102429956198,,0.14664596319198608,,0.01271098293364048,,0.01712692156434059,,0.36101457476615906,,,,,,,,,,,,,
27,11679,,0.011193878948688507,,0.020211393013596535,,0.0,,0.1275949776172638,,0.006802295334637165,,0.24335965514183044,,,0.14454981684684753,0.0016202370170503855,,0.0014076720690354705,,0.14904487133026123,,0.006827361881732941,,0.006802295334637165,,0.3482215404510498,,,,,,,,,,,,,
27,11689,,0.00899088941514492,,0.016771314665675163,,0.0,,0.11041923612356186,,0.02188493311405182,,0.22049227356910706,,,0.14791955053806305,0.0013519801432266831,,0.0013697133399546146,,0.14744269847869873,,0.00585776986554265,,0.02188493311405182,,0.3345416188240051,,,,,,,,,,,,,
27,11699,,0.00951861310750246,,0.023741621524095535,,0.0,,0.12347115576267242,,0.012011799961328506,,0.2624024748802185,,,0.13706639409065247,0.0019276933744549751,,0.0025319568812847137,,0.1473020613193512,,0.006915534380823374,,0.012011799961328506,,0.3539479672908783,,,,,,,,,,,,,
27,11709,,0.007787235546857119,,0.01903337799012661,,0.0,,0.12834693491458893,,0.01093803159892559,,0.2502228617668152,,,0.14559626579284668,0.00281981797888875,,0.0012607559328898787,,0.146414652466774,,0.007477241102606058,,0.01093803159892559,,0.35233521461486816,,,,,,,,,,,,,
27,11719,,0.01078880112618208,,0.029784470796585083,,0.0,,0.12070433795452118,,0.013637658208608627,,0.26065316796302795,,,0.14507371187210083,0.0018854865338653326,,0.0019071775022894144,,0.15031076967716217,,0.005910967011004686,,0.013637658208608627,,0.35841450095176697,,,,,,,,,,,,,
27,11729,,0.010309776291251183,,0.019884487614035606,,0.0,,0.11699793487787247,,0.018557876348495483,,0.239205464720726,,,0.15021835267543793,0.0014067135052755475,,0.001871428219601512,,0.14819365739822388,,0.006862317677587271,,0.018557876348495483,,0.3488002121448517,,,,,,,,,,,,,
27,11739,,0.01037624292075634,,0.014311893843114376,,0.0,,0.11351323127746582,,0.03745230659842491,,0.22607678174972534,,,0.13899844884872437,0.0014330524718388915,,0.001718929037451744,,0.1513691246509552,,0.006503612734377384,,0.03745230659842491,,0.3451521098613739,,,,,,,,,,,,,
27,11749,,0.011830845847725868,,0.01782871037721634,,0.0,,0.11754706501960754,,0.020869923755526543,,0.23030933737754822,,,0.15056301653385162,0.003715747268870473,,0.003369484096765518,,0.15302817523479462,,0.008789041079580784,,0.020869923755526543,,0.35179418325424194,,,,,,,,,,,,,
27,11759,,0.01089685782790184,,0.020050901919603348,,0.0,,0.11712386459112167,,0.009047402068972588,,0.24672910571098328,,,0.13866032660007477,0.001406849012710154,,0.0025871428661048412,,0.14990685880184174,,0.009876035153865814,,0.009047402068972588,,0.3451222777366638,,,,,,,,,,,,,
27,11769,,0.011750654317438602,,0.020075324922800064,,0.0,,0.12038833647966385,,0.010785550810396671,,0.2630879282951355,,,0.1402433216571808,0.0018602920463308692,,0.0019777370616793633,,0.1463877558708191,,0.009312000125646591,,0.010785550810396671,,0.35490432381629944,,,,,,,,,,,,,
27,11779,,0.013212095946073532,,0.020541075617074966,,0.0,,0.13314688205718994,,0.02893010340631008,,0.2554953694343567,,,0.14856162667274475,0.0019194806227460504,,0.0022930265404284,,0.1505770981311798,,0.005974572151899338,,0.02893010340631008,,0.3721092641353607,,,,,,,,,,,,,
27,11789,,0.008299409411847591,,0.01904957741498947,,0.0,,0.12193582952022552,,0.011623646132647991,,0.2525494694709778,,,0.1439923793077469,0.0015989923849701881,,0.0020073712803423405,,0.14487528800964355,,0.007732744328677654,,0.011623646132647991,,0.34921252727508545,,,,,,,,,,,,,
27,11799,,0.009263897314667702,,0.0173780657351017,,0.0,,0.11321140825748444,,0.03419385850429535,,0.245737224817276,,,0.14727328717708588,0.0024896920658648014,,0.002025847090408206,,0.14894646406173706,,0.010074133053421974,,0.03419385850429535,,0.35834571719169617,,,,,,,,,,,,,
27,11809,,0.01058597769588232,,0.020162435248494148,,0.0,,0.12003055959939957,,0.03478287160396576,,0.24152706563472748,,,0.14070649445056915,0.0013520768843591213,,0.0024895158130675554,,0.14937655627727509,,0.006503106094896793,,0.03478287160396576,,0.35569334030151367,,,,,,,,,,,,,
27,11815,,,,,,,,,,,,,,,,,,,,,,,,,,,0.09989897906780243,0.0768362358212471,0.0,0.41377729177474976,0.2948700189590454,0.3661800026893616,0.2454683780670166,0.24909980595111847,0.056599654257297516,0.2578279376029968,0.00816975999623537,0.2948700189590454,1.0036293268203735
27,11815,0.01028616726398468,,0.019093187525868416,,0.0,,0.12222514301538467,,0.014712835662066936,,0.24140937626361847,,0.0027951872907578945,0.14418108761310577,,,0.002071024151518941,,0.14859417080879211,,0.008378440514206886,,0.014712835662066936,,0.34923622012138367,,,,,,,,,,,,,,
28,11819,,0.008773617446422577,,0.01772191748023033,,0.0,,0.11665257066488266,,0.005959021393209696,,0.22277452051639557,,,0.1422087699174881,0.0013776094419881701,,0.001543159014545381,,0.14844699203968048,,0.005381714552640915,,0.005959021393209696,,0.3283311724662781,,,,,,,,,,,,,
28,11829,,0.012409104034304619,,0.018971625715494156,,0.0,,0.12441768497228622,,0.012915468774735928,,0.23355072736740112,,,0.14220291376113892,0.0015791902551427484,,0.001788855530321598,,0.14800214767456055,,0.009391198866069317,,0.012915468774735928,,0.34502577781677246,,,,,,,,,,,,,
28,11839,,0.01466234028339386,,0.023042622953653336,,0.0,,0.12280228734016418,,0.010319660417735577,,0.21300935745239258,,,0.14740139245986938,0.001721327775157988,,0.003604508936405182,,0.1546798050403595,,0.010753312148153782,,0.010319660417735577,,0.34178125858306885,,,,,,,,,,,,,
28,11849,,0.010890152305364609,,0.01628183014690876,,0.0,,0.1188131794333458,,0.007866116240620613,,0.24917137622833252,,,0.1435128152370453,0.0028036325238645077,,0.0017702918266877532,,0.15044520795345306,,0.006876693107187748,,0.007866116240620613,,0.3477029502391815,,,,,,,,,,,,,
28,11859,,0.013779819011688232,,0.018211569637060165,,0.0,,0.1282167136669159,,0.007543629501014948,,0.25632137060165405,,,0.13812123239040375,0.0015086019411683083,,0.0018219746416434646,,0.15285344421863556,,0.008109441958367825,,0.007543629501014948,,0.35595929622650146,,,,,,,,,,,,,
28,11869,,0.00781750213354826,,0.023125845938920975,,0.0,,0.11844053119421005,,0.006723920814692974,,0.2404310554265976,,,0.1402326226234436,0.001460971194319427,,0.001846150029450655,,0.14614325761795044,,0.00476597435772419,,0.006723920814692974,,0.33624356985092163,,,,,,,,,,,,,
28,11879,,0.011488337069749832,,0.023785319179296494,,0.0,,0.130794495344162,,0.012249124236404896,,0.24729523062705994,,,0.14598281681537628,0.0011825918918475509,,0.0024124677293002605,,0.1502773016691208,,0.0070730093866586685,,0.012249124236404896,,0.35675618052482605,,,,,,,,,,,,,
28,11889,,0.012648536823689938,,0.015350623987615108,,0.0,,0.11193732917308807,,0.0070105185732245445,,0.21863457560539246,,,0.14811357855796814,0.0015816875966265798,,0.002469755243510008,,0.14872467517852783,,0.007784300483763218,,0.0070105185732245445,,0.3309875428676605,,,,,,,,,,,,,
28,11899,,0.009566045366227627,,0.0186825692653656,,0.0,,0.106293685734272,,0.007394727785140276,,0.21651481091976166,,,0.1513010412454605,0.002456013346090913,,0.0021588101517409086,,0.14809182286262512,,0.008907029405236244,,0.007394727785140276,,0.3282102346420288,,,,,,,,,,,,,
28,11909,,0.00900123082101345,,0.019538860768079758,,0.0,,0.12680351734161377,,0.0068468013778328896,,0.2254551351070404,,,0.14292845129966736,0.001764617394655943,,0.0013510951539501548,,0.14666898548603058,,0.006291098892688751,,0.0068468013778328896,,0.335509330034256,,,,,,,,,,,,,
28,11919,,0.006970815826207399,,0.022924238815903664,,0.0,,0.09920410066843033,,0.008258383721113205,,0.26540249586105347,,,0.14129534363746643,0.002632207004353404,,0.001637807348743081,,0.14528760313987732,,0.005461436230689287,,0.008258383721113205,,0.34036752581596375,,,,,,,,,,,,,
28,11929,,0.009352241642773151,,0.02440774440765381,,0.0,,0.10690878331661224,,0.008572611957788467,,0.2562751770019531,,,0.14189910888671875,0.0017685274360701442,,0.0016869278624653816,,0.15167561173439026,,0.008114292286336422,,0.008572611957788467,,0.34556740522384644,,,,,,,,,,,,,
28,11939,,0.010891338810324669,,0.015562957152724266,,0.0,,0.12489685416221619,,0.008224360644817352,,0.25544607639312744,,,0.14903083443641663,0.008010840974748135,,0.0017509193858131766,,0.1493159830570221,,0.007314424961805344,,0.008224360644817352,,0.3589971363544464,,,,,,,,,,,,,
28,11949,,0.010154305957257748,,0.0209385734051466,,0.0,,0.11576838791370392,,0.0069174999371171,,0.2725321054458618,,,0.15402041375637054,0.0010851200204342604,,0.0015439445851370692,,0.15029272437095642,,0.005975429434329271,,0.0069174999371171,,0.3612388074398041,,,,,,,,,,,,,
28,11959,,0.007206329144537449,,0.018920861184597015,,0.0,,0.10051678121089935,,0.02363372966647148,,0.22764137387275696,,,0.1424258053302765,0.0015576673904433846,,0.0011506725568324327,,0.14743608236312866,,0.009372644126415253,,0.02363372966647148,,0.3323626220226288,,,,,,,,,,,,,
28,11969,,0.007809605449438095,,0.01958668977022171,,0.0,,0.11758856475353241,,0.009112897329032421,,0.271292507648468,,,0.15073667466640472,0.0016432413831353188,,0.0012960227904841304,,0.146490216255188,,0.005377184599637985,,0.009112897329032421,,0.3576321303844452,,,,,,,,,,,,,
28,11979,,0.007448391057550907,,0.017726510763168335,,0.0,,0.11869693547487259,,0.009546691551804543,,0.22269956767559052,,,0.13540561497211456,0.002717092866078019,,0.0013268970651552081,,0.14523276686668396,,0.00856690015643835,,0.009546691551804543,,0.3275930881500244,,,,,,,,,,,,,
28,11989,,0.008267616853117943,,0.02190217189490795,,0.0,,0.11383666843175888,,0.012001244351267815,,0.24347171187400818,,,0.13864678144454956,0.0017576204845681787,,0.0011071928311139345,,0.14684706926345825,,0.007708658464252949,,0.012001244351267815,,0.3390125036239624,,,,,,,,,,,,,
28,11999,,0.010038137435913086,,0.01496640220284462,,0.0,,0.1246519535779953,,0.007640354800969362,,0.2570733428001404,,,0.14577633142471313,0.0011697912123054266,,0.0015869311755523086,,0.14827877283096313,,0.007597852032631636,,0.007640354800969362,,0.35340338945388794,,,,,,,,,,,,,
28,12009,,0.009029502049088478,,0.017326638102531433,,0.0,,0.13751830160617828,,0.0174084585160017,,0.26774415373802185,,,0.14493708312511444,0.0019331342773512006,,0.0017091669142246246,,0.14630283415317535,,0.006649082526564598,,0.0174084585160017,,0.3683485686779022,,,,,,,,,,,,,
28,12019,,0.011201024055480957,,0.014779981225728989,,0.0,,0.11662428826093674,,0.010270434431731701,,0.2341042459011078,,,0.14223121106624603,0.001149356598034501,,0.0024478971026837826,,0.1512044370174408,,0.00743144191801548,,0.010270434431731701,,0.33981019258499146,,,,,,,,,,,,,
28,12029,,0.00946754589676857,,0.017678920179605484,,0.0,,0.11791551113128662,,0.02085237205028534,,0.2139887809753418,,,0.14393392205238342,0.009596598334610462,,0.001931714708916843,,0.15174663066864014,,0.007862407714128494,,0.02085237205028534,,0.3404156565666199,,,,,,,,,,,,,
28,12039,,0.008243318647146225,,0.02514287456870079,,0.0,,0.11779805272817612,,0.02021072804927826,,0.25258076190948486,,,0.14538370072841644,0.0018491778755560517,,0.0019211493199691176,,0.14764994382858276,,0.00735546974465251,,0.02021072804927826,,0.3540104329586029,,,,,,,,,,,,,
28,12049,,0.009437971748411655,,0.017237849533557892,,0.0,,0.12195306271314621,,0.02536650188267231,,0.24828457832336426,,,0.14229726791381836,0.001467248541302979,,0.0015125032514333725,,0.14677904546260834,,0.009680722840130329,,0.02536650188267231,,0.35511326789855957,,,,,,,,,,,,,
28,12059,,0.0056953439489007,,0.01787758618593216,,0.0,,0.12041725218296051,,0.024538785219192505,,0.2554364800453186,,,0.13900668919086456,0.001616975641809404,,0.0010053508449345827,,0.1446104645729065,,0.005324166268110275,,0.024538785219192505,,0.35061347484588623,,,,,,,,,,,,,
28,12069,,0.008088424801826477,,0.017242103815078735,,0.0,,0.11384334415197372,,0.009114177897572517,,0.23221580684185028,,,0.149270161986351,0.0010960896033793688,,0.0015974737470969558,,0.14346516132354736,,0.009633278474211693,,0.009114177897572517,,0.3358861804008484,,,,,,,,,,,,,
28,12079,,0.01135220006108284,,0.022565791383385658,,0.0,,0.12371277064085007,,0.012823195196688175,,0.247886523604393,,,0.1492764800786972,0.00834594201296568,,0.001835645642131567,,0.15213707089424133,,0.008579396642744541,,0.012823195196688175,,0.3602311909198761,,,,,,,,,,,,,
28,12089,,0.010822556912899017,,0.017825886607170105,,0.0,,0.102095827460289,,0.01012833695858717,,0.23516175150871277,,,0.13897040486335754,0.0027468069456517696,,0.002019760198891163,,0.1478566825389862,,0.00508516002446413,,0.01012833695858717,,0.32922622561454773,,,,,,,,,,,,,
28,12099,,0.010682761669158936,,0.017662081867456436,,0.0,,0.13085901737213135,,0.01033088844269514,,0.26182544231414795,,,0.1416212022304535,0.0019847704097628593,,0.0022059245966374874,,0.14777427911758423,,0.00801167543977499,,0.01033088844269514,,0.3594142198562622,,,,,,,,,,,,,
28,12109,,0.012421775609254837,,0.017391353845596313,,0.0,,0.12308216094970703,,0.008522463962435722,,0.2135562002658844,,,0.14705759286880493,0.002512497128918767,,0.001982741989195347,,0.15105286240577698,,0.012220466509461403,,0.008522463962435722,,0.33794352412223816,,,,,,,,,,,,,
28,12119,,0.009367946535348892,,0.015008298680186272,,0.0,,0.13112832605838776,,0.03219853341579437,,0.24947771430015564,,,0.14475120604038239,0.0015153592685237527,,0.0014227087376639247,,0.14676591753959656,,0.009593086317181587,,0.03219853341579437,,0.3646112382411957,,,,,,,,,,,,,
28,12129,,0.008808065205812454,,0.01763373427093029,,0.0,,0.1282539963722229,,0.008350247517228127,,0.2502737045288086,,,0.14671552181243896,0.00196562591008842,,0.0014755406882613897,,0.1476653516292572,,0.0075274985283613205,,0.008350247517228127,,0.3522811532020569,,,,,,,,,,,,,
28,12139,,0.009899046272039413,,0.01509777083992958,,0.0,,0.12002094089984894,,0.011102309450507164,,0.265616774559021,,,0.14598175883293152,0.0019892563577741385,,0.001457251375541091,,0.14479827880859375,,0.011307365261018276,,0.011102309450507164,,0.3575962781906128,,,,,,,,,,,,,
28,12149,,0.009333213791251183,,0.01280970312654972,,0.0,,0.12953093647956848,,0.007817311212420464,,0.20932601392269135,,,0.15413767099380493,0.0009378627291880548,,0.0015142461052164435,,0.1477193683385849,,0.006246634759008884,,0.007817311212420464,,0.33456259965896606,,,,,,,,,,,,,
28,12159,,0.010048001073300838,,0.02178253047168255,,0.0,,0.11865613609552383,,0.0071000042371451855,,0.23204448819160461,,,0.15101522207260132,0.007616227492690086,,0.0017690759850665927,,0.14817921817302704,,0.007661402225494385,,0.0071000042371451855,,0.34422314167022705,,,,,,,,,,,,,
28,12169,,0.01018943265080452,,0.020171478390693665,,0.0,,0.12123090773820877,,0.009073744527995586,,0.23719261586666107,,,0.142404705286026,0.001977653009817004,,0.0015849180053919554,,0.14910544455051422,,0.012453258037567139,,0.009073744527995586,,0.34462353587150574,,,,,,,,,,,,,
28,12179,,0.008541801944375038,,0.01524331048130989,,0.0,,0.118453249335289,,0.007849027402698994,,0.2116662859916687,,,0.14377909898757935,0.0014712560223415494,,0.00147840881254524,,0.14705592393875122,,0.011050023138523102,,0.007849027402698994,,0.32719686627388,,,,,,,,,,,,,
28,12189,,0.013099947944283485,,0.02585214376449585,,0.0,,0.12853625416755676,,0.012501275166869164,,0.22333857417106628,,,0.14210712909698486,0.0018335396889597178,,0.0020662143360823393,,0.14968574047088623,,0.008833574131131172,,0.012501275166869164,,0.3435863256454468,,,,,,,,,,,,,
28,12199,,0.009775659069418907,,0.02099703624844551,,0.0,,0.12514087557792664,,0.021880846470594406,,0.25282561779022217,,,0.14127910137176514,0.001953560160472989,,0.0017172263469547033,,0.14652444422245026,,0.011324175633490086,,0.021880846470594406,,0.35831043124198914,,,,,,,,,,,,,
28,12209,,0.010014361701905727,,0.022845633327960968,,0.0,,0.10916261374950409,,0.007709233555942774,,0.23143936693668365,,,0.14620187878608704,0.002080748090520501,,0.001906135119497776,,0.15006813406944275,,0.0099985646083951,,0.007709233555942774,,0.33657506108283997,,,,,,,,,,,,,
28,12219,,0.011663984507322311,,0.020177282392978668,,0.0,,0.11539629101753235,,0.010362772271037102,,0.27689075469970703,,,0.14065377414226532,0.001317684887908399,,0.0018961706664413214,,0.14815694093704224,,0.0070326123386621475,,0.010362772271037102,,0.35870322585105896,,,,,,,,,,,,,
28,12229,,0.011770131066441536,,0.0184975266456604,,0.0,,0.11416207253932953,,0.028157515451312065,,0.25245368480682373,,,0.14613911509513855,0.0016881743213161826,,0.002318941755220294,,0.1514476239681244,,0.010138113982975483,,0.028157515451312065,,0.36098742485046387,,,,,,,,,,,,,
28,12237,,,,,,,,,,,,,,,,,,,,,,,,,,,0.10019442439079285,0.07607612013816833,0.0,0.41453561186790466,0.2934834957122803,0.3742332458496094,0.24323390424251556,0.24882134795188904,0.05701642110943794,0.2579910457134247,0.00809551402926445,0.2934834957122803,1.0064101219177246
28,12237,0.010153037495911121,,0.01892678812146187,,0.0,,0.12048614025115967,,0.0144047811627388,,0.24129128456115723,,0.00270692422054708,0.14405249059200287,,,0.001977577107027173,,0.1484566330909729,,0.008380905725061893,,0.0144047811627388,,0.3478473424911499,,,,,,,,,,,,,,
29,12239,,0.009784466587007046,,0.021288324147462845,,0.0,,0.11788182705640793,,0.030327118933200836,,0.2376791387796402,,,0.14604929089546204,0.0019652589689940214,,0.0016417339211329818,,0.1493462473154068,,0.009142979048192501,,0.030327118933200836,,0.354037880897522,,,,,,,,,,,,,
29,12249,,0.013746189884841442,,0.018009688705205917,,0.0,,0.125813826918602,,0.011131459847092628,,0.23433366417884827,,,0.1391592174768448,0.00253143347799778,,0.00289697153493762,,0.14993122220039368,,0.007849963381886482,,0.011131459847092628,,0.34549790620803833,,,,,,,,,,,,,
29,12259,,0.011842986568808556,,0.020932773128151894,,0.0,,0.12304195016622543,,0.028512369841337204,,0.24750471115112305,,,0.14152689278125763,0.0020909318700432777,,0.002511145081371069,,0.1472601741552353,,0.00972851924598217,,0.028512369841337204,,0.35910311341285706,,,,,,,,,,,,,
29,12269,,0.007977433502674103,,0.014026974327862263,,0.0,,0.10300064831972122,,0.006120043341070414,,0.2204018384218216,,,0.14945314824581146,0.002652166411280632,,0.0014312246348708868,,0.1494566798210144,,0.006308121141046286,,0.006120043341070414,,0.3248033821582794,,,,,,,,,,,,,
29,12279,,0.006911535281687975,,0.016231730580329895,,0.0,,0.11435990035533905,,0.027780435979366302,,0.26069462299346924,,,0.1418471485376358,0.0014323791256174445,,0.0011863608378916979,,0.14832228422164917,,0.00849083624780178,,0.027780435979366302,,0.35713595151901245,,,,,,,,,,,,,
29,12289,,0.00924970954656601,,0.022729232907295227,,0.0,,0.11926882714033127,,0.016334904357790947,,0.23844510316848755,,,0.14860814809799194,0.0014782771468162537,,0.0014615243999287486,,0.14571326971054077,,0.009112614206969738,,0.016334904357790947,,0.3471091091632843,,,,,,,,,,,,,
29,12299,,0.012314194813370705,,0.02798745408654213,,0.0,,0.12470950931310654,,0.011703955009579659,,0.2331068366765976,,,0.14924420416355133,0.0009717958164401352,,0.002140267286449671,,0.14938020706176758,,0.008936450816690922,,0.011703955009579659,,0.34905245900154114,,,,,,,,,,,,,
29,12309,,0.013444274663925171,,0.020451026037335396,,0.0,,0.13187505304813385,,0.011136510409414768,,0.23711562156677246,,,0.14839033782482147,0.011988640762865543,,0.0027849588077515364,,0.15016955137252808,,0.008525654673576355,,0.011136510409414768,,0.3597604036331177,,,,,,,,,,,,,
29,12319,,0.014772247523069382,,0.015337325632572174,,0.0,,0.11595360189676285,,0.008248274214565754,,0.23950077593326569,,,0.14390829205513,0.001680927351117134,,0.002143298741430044,,0.14789634943008423,,0.010602880269289017,,0.008248274214565754,,0.343887060880661,,,,,,,,,,,,,
29,12329,,0.010967948473989964,,0.01507594995200634,,0.0,,0.11432398110628128,,0.008708884939551353,,0.2324502319097519,,,0.14365772902965546,0.0021839397959411144,,0.0021483302116394043,,0.14939150214195251,,0.007828215137124062,,0.008708884939551353,,0.3373379707336426,,,,,,,,,,,,,
29,12339,,0.009291816502809525,,0.020473863929510117,,0.0,,0.10948812961578369,,0.022531047463417053,,0.22308677434921265,,,0.14925140142440796,0.011569386348128319,,0.002287114504724741,,0.1467141956090927,,0.008701956830918789,,0.022531047463417053,,0.3435083031654358,,,,,,,,,,,,,
29,12349,,0.008920105174183846,,0.013115274719893932,,0.0,,0.12250765413045883,,0.011149764060974121,,0.23756425082683563,,,0.15239280462265015,0.0010294384555891156,,0.002141442848369479,,0.14760491251945496,,0.004553253762423992,,0.011149764060974121,,0.34524333477020264,,,,,,,,,,,,,
29,12359,,0.009756231680512428,,0.022925712168216705,,0.0,,0.11839387565851212,,0.008098641410470009,,0.24276795983314514,,,0.14232468605041504,0.0021680081263184547,,0.0019032969139516354,,0.148489847779274,,0.007536530960351229,,0.008098641410470009,,0.34301212430000305,,,,,,,,,,,,,
29,12369,,0.011682514101266861,,0.016079774126410484,,0.0,,0.13609392940998077,,0.02189350128173828,,0.2204611450433731,,,0.13711485266685486,0.0015070694498717785,,0.0018147444352507591,,0.14882728457450867,,0.009582212194800377,,0.02189350128173828,,0.34609657526016235,,,,,,,,,,,,,
29,12379,,0.01001755427569151,,0.028719652444124222,,0.0,,0.1216149777173996,,0.012647543102502823,,0.2766507863998413,,,0.14473140239715576,0.0019423937192186713,,0.0019566069822758436,,0.15147048234939575,,0.010682089254260063,,0.012647543102502823,,0.3687288761138916,,,,,,,,,,,,,
29,12389,,0.010917342267930508,,0.023802990093827248,,0.0,,0.12352728098630905,,0.010634703561663628,,0.2553809583187103,,,0.14122289419174194,0.0012931672390550375,,0.0017225260380655527,,0.1504947543144226,,0.009805021807551384,,0.010634703561663628,,0.3548796474933624,,,,,,,,,,,,,
29,12399,,0.009323688223958015,,0.016989830881357193,,0.0,,0.1047682836651802,,0.020764470100402832,,0.21945595741271973,,,0.1441928744316101,0.0021148999221622944,,0.0017532994970679283,,0.14852431416511536,,0.005554337054491043,,0.020764470100402832,,0.329925000667572,,,,,,,,,,,,,
29,12409,,0.00819387286901474,,0.015370647422969341,,0.0,,0.11865522712469101,,0.006472236011177301,,0.24706237018108368,,,0.14173372089862823,0.0020476863719522953,,0.0013797151623293757,,0.14669199287891388,,0.006183108314871788,,0.006472236011177301,,0.34074699878692627,,,,,,,,,,,,,
29,12419,,0.008989373221993446,,0.019892539829015732,,0.0,,0.1227300763130188,,0.006827631965279579,,0.24260304868221283,,,0.1404833346605301,0.0014633038081228733,,0.0013924760278314352,,0.14958077669143677,,0.008601387962698936,,0.006827631965279579,,0.3433249294757843,,,,,,,,,,,,,
29,12429,,0.009529577568173409,,0.01943071372807026,,0.0,,0.12204840034246445,,0.0203956738114357,,0.25007227063179016,,,0.14792340993881226,0.0022239817772060633,,0.0017659415025264025,,0.15430215001106262,,0.00988041702657938,,0.0203956738114357,,0.3610140085220337,,,,,,,,,,,,,
29,12439,,0.010314183309674263,,0.020005349069833755,,0.0,,0.1326511800289154,,0.011715216562151909,,0.24926745891571045,,,0.143960103392601,0.0014608739875257015,,0.0018823533318936825,,0.15028099715709686,,0.00442659854888916,,0.011715216562151909,,0.3549800217151642,,,,,,,,,,,,,
29,12449,,0.008670292794704437,,0.022599946707487106,,0.0,,0.11543693393468857,,0.024673502892255783,,0.26427602767944336,,,0.14865724742412567,0.0016084800008684397,,0.0018051130464300513,,0.14828401803970337,,0.008718890137970448,,0.024673502892255783,,0.363325297832489,,,,,,,,,,,,,
29,12459,,0.007638078648597002,,0.016637273132801056,,0.0,,0.11245144158601761,,0.008363119326531887,,0.24447591602802277,,,0.14224794507026672,0.0013855054276064038,,0.0015744169941172004,,0.14820919930934906,,0.007759932428598404,,0.008363119326531887,,0.3387164771556854,,,,,,,,,,,,,
29,12469,,0.00919775478541851,,0.02036912739276886,,0.0,,0.11580239981412888,,0.007897911593317986,,0.23742641508579254,,,0.13461972773075104,0.0025291312485933304,,0.002066058572381735,,0.1490509808063507,,0.0057459366507828236,,0.007897911593317986,,0.3342050611972809,,,,,,,,,,,,,
29,12479,,0.012695970945060253,,0.01725466549396515,,0.0,,0.12422014027833939,,0.023660793900489807,,0.243839293718338,,,0.14740483462810516,0.0026104371063411236,,0.004582216497510672,,0.14808538556098938,,0.01129735168069601,,0.023660793900489807,,0.3609236776828766,,,,,,,,,,,,,
29,12489,,0.011292344890534878,,0.0266023650765419,,0.0,,0.11904002726078033,,0.02352936938405037,,0.25856101512908936,,,0.14229008555412292,0.0010750503279268742,,0.0016692639328539371,,0.14734730124473572,,0.00524421501904726,,0.02352936938405037,,0.3576846122741699,,,,,,,,,,,,,
29,12499,,0.008625023998320103,,0.019652385264635086,,0.0,,0.1215280219912529,,0.01062802318483591,,0.27471211552619934,,,0.1419680416584015,0.001118664164096117,,0.0014849182916805148,,0.1492529660463333,,0.007537669036537409,,0.01062802318483591,,0.3603929579257965,,,,,,,,,,,,,
29,12509,,0.010798330418765545,,0.01734563708305359,,0.0,,0.12895521521568298,,0.005601169541478157,,0.21682101488113403,,,0.1466272473335266,0.0029338281601667404,,0.0030828777235001326,,0.15001899003982544,,0.005456278100609779,,0.005601169541478157,,0.3368820250034332,,,,,,,,,,,,,
29,12519,,0.013730986975133419,,0.01912257820367813,,0.0,,0.12334153801202774,,0.011545227840542793,,0.2302882969379425,,,0.14276474714279175,0.0021476552356034517,,0.0024602769408375025,,0.14926867187023163,,0.006710187066346407,,0.011545227840542793,,0.3430410921573639,,,,,,,,,,,,,
29,12529,,0.008144566789269447,,0.018105626106262207,,0.0,,0.09990284591913223,,0.022899188101291656,,0.26629018783569336,,,0.13866674900054932,0.0027035146486014128,,0.001429851516149938,,0.14360223710536957,,0.007120185066014528,,0.022899188101291656,,0.3471902012825012,,,,,,,,,,,,,
29,12539,,0.012623816728591919,,0.021714670583605766,,0.0,,0.12883521616458893,,0.0234835222363472,,0.2795582413673401,,,0.14226530492305756,0.0015968227526172996,,0.0024824757128953934,,0.14757513999938965,,0.009240779094398022,,0.0234835222363472,,0.37600213289260864,,,,,,,,,,,,,
29,12549,,0.00941714271903038,,0.022978177294135094,,0.0,,0.10641870647668839,,0.008950794115662575,,0.23062056303024292,,,0.1422758251428604,0.001768016954883933,,0.0022323979064822197,,0.15192580223083496,,0.01006663590669632,,0.008950794115662575,,0.3341357409954071,,,,,,,,,,,,,
29,12559,,0.010883119888603687,,0.018242498859763145,,0.0,,0.12686029076576233,,0.028313539922237396,,0.24979014694690704,,,0.14651170372962952,0.001943166833370924,,0.0019370196387171745,,0.14827823638916016,,0.009374364279210567,,0.028313539922237396,,0.363770067691803,,,,,,,,,,,,,
29,12569,,0.013881966471672058,,0.015697143971920013,,0.0,,0.1422153264284134,,0.009440146386623383,,0.25603267550468445,,,0.13490937650203705,0.0035848107654601336,,0.003128021489828825,,0.14790049195289612,,0.009684912860393524,,0.009440146386623383,,0.3619585931301117,,,,,,,,,,,,,
29,12579,,0.008344213478267193,,0.018534548580646515,,0.0,,0.12701217830181122,,0.011638280935585499,,0.2555248737335205,,,0.1405370533466339,0.0035928809083998203,,0.001328627928160131,,0.14978539943695068,,0.01014995388686657,,0.011638280935585499,,0.3558102250099182,,,,,,,,,,,,,
29,12589,,0.011096762493252754,,0.018012791872024536,,0.0,,0.1280626654624939,,0.02404935285449028,,0.22297751903533936,,,0.14511185884475708,0.0025190841406583786,,0.001559922005981207,,0.14668422937393188,,0.008778500370681286,,0.02404935285449028,,0.3472212255001068,,,,,,,,,,,,,
29,12599,,0.009799610823392868,,0.017350608482956886,,0.0,,0.1217079758644104,,0.013817861676216125,,0.2266349196434021,,,0.1431749165058136,0.0014575170353055,,0.0013056228635832667,,0.14692646265029907,,0.004312437027692795,,0.013817861676216125,,0.3363037109375,,,,,,,,,,,,,
29,12609,,0.007856943644583225,,0.019109675660729408,,0.0,,0.10775908082723618,,0.008686846122145653,,0.22581711411476135,,,0.14540088176727295,0.0014751942362636328,,0.0015338396187871695,,0.1509951651096344,,0.009781891480088234,,0.008686846122145653,,0.33156445622444153,,,,,,,,,,,,,
29,12619,,0.010449258610606194,,0.01598167046904564,,0.0,,0.13436931371688843,,0.007511137519031763,,0.2418360561132431,,,0.14436370134353638,0.0014120257692411542,,0.0018507111817598343,,0.14797702431678772,,0.006870454642921686,,0.007511137519031763,,0.34991803765296936,,,,,,,,,,,,,
29,12629,,0.010708766058087349,,0.018752019852399826,,0.0,,0.12547262012958527,,0.018855812028050423,,0.25041478872299194,,,0.13854117691516876,0.0016994161996990442,,0.0016902396455407143,,0.1493307203054428,,0.005097285378724337,,0.018855812028050423,,0.35278061032295227,,,,,,,,,,,,,
29,12639,,0.00922570563852787,,0.015275316312909126,,0.0,,0.11275142431259155,,0.009391588158905506,,0.2529103755950928,,,0.14451146125793457,0.0016840074677020311,,0.0017905276035889983,,0.1479315459728241,,0.007037048693746328,,0.009391588158905506,,0.3451443314552307,,,,,,,,,,,,,
29,12649,,0.008094541728496552,,0.022350355982780457,,0.0,,0.10864579677581787,,0.033919934183359146,,0.25356051325798035,,,0.15258906781673431,0.001973395934328437,,0.0016700809355825186,,0.14606164395809174,,0.009227363392710686,,0.033919934183359146,,0.3601061999797821,,,,,,,,,,,,,
29,12659,,0.0071954503655433655,,0.021310359239578247,,0.0,,0.11245690286159515,,0.009754963219165802,,0.21309469640254974,,,0.1391017735004425,0.0019480426562950015,,0.0012441088911145926,,0.1472225934267044,,0.0059085022658109665,,0.009754963219165802,,0.3210945129394531,,,,,,,,,,,,,
29,12659,,,,,,,,,,,,,,,,,,,,,,,,,,,0.10002067685127258,0.077774278819561,0.0,0.41479435563087463,0.29152870178222656,0.3785446286201477,0.24620221555233002,0.25065863132476807,0.05700355023145676,0.2588329017162323,0.008071593940258026,0.29152870178222656,1.010606050491333
29,12659,0.010132232680916786,,0.018948586657643318,,0.0,,0.12014511227607727,,0.01425151713192463,,0.2413177639245987,,0.002512435195967555,0.1440318524837494,,,0.0019587469287216663,,0.14845167100429535,,0.008363372646272182,,0.01425151713192463,,0.34747743606567383,,,,,,,,,,,,,,
