epoch,step,train/L_coord_epoch,train/L_coord_step,train/L_kld_epoch,train/L_kld_step,train/L_mask_epoch,train/L_mask_step,train/L_motion_recon_epoch,train/L_motion_recon_step,train/L_motion_type_epoch,train/L_motion_type_step,train/L_origin_epoch,train/L_origin_map_epoch,train/L_origin_map_step,train/L_origin_step,train/L_point_3d_epoch,train/L_point_3d_step,train/L_point_map_epoch,train/L_point_map_step,train/L_trajectory_epoch,train/L_trajectory_m2,train/L_trajectory_step,train/L_vae_total_epoch,train/L_vae_total_step,train/loss_total_epoch,train/loss_total_step,val/L_coord,val/L_kld,val/L_mask,val/L_motion_recon,val/L_motion_type,val/L_origin,val/L_origin_map,val/L_point_3d,val/L_point_map,val/L_trajectory,val/L_trajectory_m2,val/L_vae_total,val/loss_total
0,9,,0.35244306921958923,,0.0,,0.6681850552558899,,0.0,,0.0,,,0.0,0.0,,0.2437359094619751,,5.1172332763671875,,,1.0457860231399536,,0.0,,3.7136917114257812,,,,,,,,,,,,,
0,19,,0.32610780000686646,,0.0,,0.6284295320510864,,0.0,,0.0,,,0.0,0.0,,0.30451324582099915,,4.330408573150635,,,0.928330659866333,,0.0,,3.258894920349121,,,,,,,,,,,,,
0,29,,0.25130391120910645,,0.0,,0.6787351369857788,,0.0,,0.0,,,0.0,0.0,,0.17255739867687225,,3.852266311645508,,,0.8667771816253662,,0.0,,2.9108200073242188,,,,,,,,,,,,,
0,39,,0.2570856213569641,,0.0,,0.6576112508773804,,0.0,,0.0,,,0.0,0.0,,0.18613843619823456,,3.252997398376465,,,0.8217179775238037,,0.0,,2.587775707244873,,,,,,,,,,,,,
0,49,,0.24289128184318542,,0.0,,0.6348790526390076,,0.0,,0.0,,,0.0,0.0,,0.17371311783790588,,3.4447240829467773,,,0.8062601089477539,,0.0,,2.6512339115142822,,,,,,,,,,,,,
0,59,,0.2134319394826889,,0.0,,0.635317325592041,,0.0,,0.0,,,0.0,0.0,,0.21464698016643524,,2.727721691131592,,,0.6305636167526245,,0.0,,2.2108407020568848,,,,,,,,,,,,,
0,69,,0.21580620110034943,,0.0,,0.6478627920150757,,0.0,,0.0,,,0.0,0.0,,0.21638190746307373,,2.9026119709014893,,,0.6627054214477539,,0.0,,2.3226840496063232,,,,,,,,,,,,,
0,79,,0.22967487573623657,,0.0,,0.6497722864151001,,0.0,,0.0,,,0.0,0.0,,0.2193593978881836,,3.0171432495117188,,,0.6570956707000732,,0.0,,2.3865227699279785,,,,,,,,,,,,,
0,89,,0.19312596321105957,,0.0,,0.6269890069961548,,0.0,,0.0,,,0.0,0.0,,0.12879057228565216,,2.689802408218384,,,0.6216040849685669,,0.0,,2.1301560401916504,,,,,,,,,,,,,
0,99,,0.19402645528316498,,0.0,,0.6352062225341797,,0.0,,0.0,,,0.0,0.0,,0.11106079071760178,,2.6762726306915283,,,0.5080493688583374,,0.0,,2.062307834625244,,,,,,,,,,,,,
0,109,,0.21597065031528473,,0.0,,0.5979121923446655,,0.0,,0.0,,,0.0,0.0,,0.10658220946788788,,2.948103427886963,,,0.7409507036209106,,0.0,,2.3047597408294678,,,,,,,,,,,,,
0,119,,0.17497652769088745,,0.0,,0.579369306564331,,0.0,,0.0,,,0.0,0.0,,0.10945844650268555,,2.6076745986938477,,,0.6668428182601929,,0.0,,2.0691609382629395,,,,,,,,,,,,,
0,129,,0.1531417965888977,,0.0,,0.5970244407653809,,0.0,,0.0,,,0.0,0.0,,0.11772014200687408,,2.5180177688598633,,,0.5446716547012329,,0.0,,1.9652879238128662,,,,,,,,,,,,,
0,139,,0.1517336070537567,,0.0,,0.5854088068008423,,0.0,,0.0,,,0.0,0.0,,0.099094919860363,,2.3749070167541504,,,0.6018380522727966,,0.0,,1.9064911603927612,,,,,,,,,,,,,
0,149,,0.15602818131446838,,0.0,,0.5706120133399963,,0.0,,0.0,,,0.0,0.0,,0.12268786132335663,,2.103586435317993,,,0.6158851981163025,,0.0,,1.7843998670578003,,,,,,,,,,,,,
0,159,,0.1362219750881195,,0.0,,0.5392335653305054,,0.0,,0.0,,,0.0,0.0,,0.09641605615615845,,2.119007110595703,,,0.5311384797096252,,0.0,,1.7110085487365723,,,,,,,,,,,,,
0,169,,0.13624873757362366,,0.0,,0.565178394317627,,0.0,,0.0,,,0.0,0.0,,0.07092497497797012,,1.9439003467559814,,,0.5404130816459656,,0.0,,1.6283328533172607,,,,,,,,,,,,,
0,179,,0.11561716347932816,,0.0,,0.5573623180389404,,0.0,,0.0,,,0.0,0.0,,0.0664031058549881,,1.947336196899414,,,0.5208176970481873,,0.0,,1.6037683486938477,,,,,,,,,,,,,
0,189,,0.12158237397670746,,0.0,,0.5389493703842163,,0.0,,0.0,,,0.0,0.0,,0.08621084690093994,,1.9087657928466797,,,0.5273970365524292,,0.0,,1.5914528369903564,,,,,,,,,,,,,
0,199,,0.13763271272182465,,0.0,,0.5463281869888306,,0.0,,0.0,,,0.0,0.0,,0.06783320009708405,,1.7929649353027344,,,0.5244582891464233,,0.0,,1.5346086025238037,,,,,,,,,,,,,
0,209,,0.11859680712223053,,0.0,,0.5460327863693237,,0.0,,0.0,,,0.0,0.0,,0.06317629665136337,,1.8112579584121704,,,0.5101842880249023,,0.0,,1.5246241092681885,,,,,,,,,,,,,
0,219,,0.1155809760093689,,0.0,,0.5499747395515442,,0.0,,0.0,,,0.0,0.0,,0.12581515312194824,,1.7854278087615967,,,0.5364380478858948,,0.0,,1.556618332862854,,,,,,,,,,,,,
0,229,,0.12178683280944824,,0.0,,0.5563724040985107,,0.0,,0.0,,,0.0,0.0,,0.07626446336507797,,1.568769931793213,,,0.45363298058509827,,0.0,,1.3884133100509644,,,,,,,,,,,,,
0,239,,0.10989755392074585,,0.0,,0.534860372543335,,0.0,,0.0,,,0.0,0.0,,0.06520600616931915,,1.7700443267822266,,,0.48744046688079834,,0.0,,1.4837243556976318,,,,,,,,,,,,,
0,249,,0.10357623547315598,,0.0,,0.5241068601608276,,0.0,,0.0,,,0.0,0.0,,0.051667824387550354,,1.7911878824234009,,,0.42111659049987793,,0.0,,1.4458277225494385,,,,,,,,,,,,,
0,259,,0.12062620371580124,,0.0,,0.5212973356246948,,0.0,,0.0,,,0.0,0.0,,0.06965063512325287,,1.630903720855713,,,0.470420777797699,,0.0,,1.4064494371414185,,,,,,,,,,,,,
0,269,,0.10274706035852432,,0.0,,0.5221541523933411,,0.0,,0.0,,,0.0,0.0,,0.08201484382152557,,1.6624324321746826,,,0.4799954891204834,,0.0,,1.4246718883514404,,,,,,,,,,,,,
0,279,,0.0880083218216896,,0.0,,0.5251150131225586,,0.0,,0.0,,,0.0,0.0,,0.06853418052196503,,1.368513584136963,,,0.5319177508354187,,0.0,,1.2910444736480713,,,,,,,,,,,,,
0,289,,0.1260497272014618,,0.0,,0.524872362613678,,0.0,,0.0,,,0.0,0.0,,0.06811311095952988,,1.2270551919937134,,,0.35621702671051025,,0.0,,1.151153802871704,,,,,,,,,,,,,
0,299,,0.09298654645681381,,0.0,,0.5237404704093933,,0.0,,0.0,,,0.0,0.0,,0.05155064910650253,,1.389314889907837,,,0.5298497676849365,,0.0,,1.2937211990356445,,,,,,,,,,,,,
0,309,,0.11768656969070435,,0.0,,0.5074727535247803,,0.0,,0.0,,,0.0,0.0,,0.0743887722492218,,1.432373285293579,,,0.5054832696914673,,0.0,,1.318702220916748,,,,,,,,,,,,,
0,319,,0.1153753474354744,,0.0,,0.5221223831176758,,0.0,,0.0,,,0.0,0.0,,0.08216474205255508,,1.4495443105697632,,,0.4846399128437042,,0.0,,1.3269233703613281,,,,,,,,,,,,,
0,329,,0.10490279644727707,,0.0,,0.5128792524337769,,0.0,,0.0,,,0.0,0.0,,0.05531594902276993,,1.2041089534759521,,,0.4841265082359314,,0.0,,1.1806666851043701,,,,,,,,,,,,,
0,339,,0.10558035969734192,,0.0,,0.5215233564376831,,0.0,,0.0,,,0.0,0.0,,0.043448857963085175,,1.1943854093551636,,,0.35577332973480225,,0.0,,1.1103556156158447,,,,,,,,,,,,,
0,349,,0.10200298577547073,,0.0,,0.5032718777656555,,0.0,,0.0,,,0.0,0.0,,0.060508064925670624,,1.122483730316162,,,0.47303634881973267,,0.0,,1.1306514739990234,,,,,,,,,,,,,
0,359,,0.0809318944811821,,0.0,,0.4950602352619171,,0.0,,0.0,,,0.0,0.0,,0.05323123186826706,,1.12757408618927,,,0.45846036076545715,,0.0,,1.1076289415359497,,,,,,,,,,,,,
0,369,,0.09954385459423065,,0.0,,0.5040394067764282,,0.0,,0.0,,,0.0,0.0,,0.07437776029109955,,1.1551064252853394,,,0.4906655550003052,,0.0,,1.1618664264678955,,,,,,,,,,,,,
0,379,,0.09363219141960144,,0.0,,0.5091716647148132,,0.0,,0.0,,,0.0,0.0,,0.05339454114437103,,1.0275328159332275,,,0.45382413268089294,,0.0,,1.0687776803970337,,,,,,,,,,,,,
0,389,,0.09483654797077179,,0.0,,0.4927026331424713,,0.0,,0.0,,,0.0,0.0,,0.06977054476737976,,1.0390015840530396,,,0.42407381534576416,,0.0,,1.060192584991455,,,,,,,,,,,,,
0,399,,0.1004570871591568,,0.0,,0.4936600625514984,,0.0,,0.0,,,0.0,0.0,,0.06887995451688766,,0.9973379969596863,,,0.4063713848590851,,0.0,,1.0333532094955444,,,,,,,,,,,,,
0,409,,0.06857317686080933,,0.0,,0.48982492089271545,,0.0,,0.0,,,0.0,0.0,,0.029976531863212585,,0.9948412775993347,,,0.3985556364059448,,0.0,,0.9908857345581055,,,,,,,,,,,,,
0,419,,0.09291380643844604,,0.0,,0.4802974760532379,,0.0,,0.0,,,0.0,0.0,,0.0381794273853302,,0.9490166902542114,,,0.432525634765625,,0.0,,0.9964665174484253,,,,,,,,,,,,,
0,429,,0.10215285420417786,,0.0,,0.49875056743621826,,0.0,,0.0,,,0.0,0.0,,0.05524902790784836,,0.928255021572113,,,0.3545585572719574,,0.0,,0.969482958316803,,,,,,,,,,,,,
0,439,,0.11082597821950912,,0.0,,0.47954991459846497,,0.0,,0.0,,,0.0,0.0,,0.055448781698942184,,0.8717955350875854,,,0.43137019872665405,,0.0,,0.9744951725006104,,,,,,,,,,,,,
0,449,,0.0887056440114975,,0.0,,0.48762789368629456,,0.0,,0.0,,,0.0,0.0,,0.044859662652015686,,0.8277089595794678,,,0.44060051441192627,,0.0,,0.9447513222694397,,,,,,,,,,,,,
0,459,,0.10223497450351715,,0.0,,0.48515501618385315,,0.0,,0.0,,,0.0,0.0,,0.06669028103351593,,0.8179429769515991,,,0.366224080324173,,0.0,,0.919123649597168,,,,,,,,,,,,,
0,469,,0.10962307453155518,,0.0,,0.49106085300445557,,0.0,,0.0,,,0.0,0.0,,0.06402367353439331,,0.8929095268249512,,,0.4905392527580261,,0.0,,1.0240782499313354,,,,,,,,,,,,,
0,479,,0.09782196581363678,,0.0,,0.4685779809951782,,0.0,,0.0,,,0.0,0.0,,0.04604865238070488,,0.8716179132461548,,,0.32669925689697266,,0.0,,0.9053828716278076,,,,,,,,,,,,,
0,489,,0.09108437597751617,,0.0,,0.4817376136779785,,0.0,,0.0,,,0.0,0.0,,0.039377160370349884,,0.8073351979255676,,,0.46164724230766296,,0.0,,0.9405907988548279,,,,,,,,,,,,,
0,499,,0.10049810260534286,,0.0,,0.4767242968082428,,0.0,,0.0,,,0.0,0.0,,0.045666083693504333,,0.7006663084030151,,,0.42610734701156616,,0.0,,0.8748310804367065,,,,,,,,,,,,,
0,509,,0.09443506598472595,,0.0,,0.46738672256469727,,0.0,,0.0,,,0.0,0.0,,0.06386782228946686,,0.6966912150382996,,,0.5135859847068787,,0.0,,0.9179834127426147,,,,,,,,,,,,,
0,519,,0.08214929699897766,,0.0,,0.4730047881603241,,0.0,,0.0,,,0.0,0.0,,0.04357592388987541,,0.6109743118286133,,,0.4225612282752991,,0.0,,0.8161327838897705,,,,,,,,,,,,,
0,529,,0.10127297043800354,,0.0,,0.47569623589515686,,0.0,,0.0,,,0.0,0.0,,0.04881078004837036,,0.7314465641975403,,,0.4560694694519043,,0.0,,0.9066480398178101,,,,,,,,,,,,,
0,539,,0.08202703297138214,,0.0,,0.4595060646533966,,0.0,,0.0,,,0.0,0.0,,0.03170036897063255,,0.6099839210510254,,,0.3919138014316559,,0.0,,0.7875655889511108,,,,,,,,,,,,,
0,549,,0.0927593857049942,,0.0,,0.44961291551589966,,0.0,,0.0,,,0.0,0.0,,0.048455916345119476,,0.594682514667511,,,0.3312886655330658,,0.0,,0.7583997249603271,,,,,,,,,,,,,
0,559,,0.075544573366642,,0.0,,0.4616703987121582,,0.0,,0.0,,,0.0,0.0,,0.02774272859096527,,0.5704792737960815,,,0.4240211546421051,,0.0,,0.7797290682792664,,,,,,,,,,,,,
0,569,,0.0759768858551979,,0.0,,0.4770623445510864,,0.0,,0.0,,,0.0,0.0,,0.04852335900068283,,0.5630467534065247,,,0.4045923948287964,,0.0,,0.7846008539199829,,,,,,,,,,,,,
0,579,,0.0938769280910492,,0.0,,0.4709503948688507,,0.0,,0.0,,,0.0,0.0,,0.03672271594405174,,0.5158695578575134,,,0.36469852924346924,,0.0,,0.7410590648651123,,,,,,,,,,,,,
0,589,,0.08796562254428864,,0.0,,0.4626190662384033,,0.0,,0.0,,,0.0,0.0,,0.035605624318122864,,0.5932477712631226,,,0.43973228335380554,,0.0,,0.8095852136611938,,,,,,,,,,,,,
0,599,,0.09021390974521637,,0.0,,0.4648122787475586,,0.0,,0.0,,,0.0,0.0,,0.04059942811727524,,0.5650436878204346,,,0.3819180130958557,,0.0,,0.7712936401367188,,,,,,,,,,,,,
0,609,,0.0948980376124382,,0.0,,0.4693045914173126,,0.0,,0.0,,,0.0,0.0,,0.04277680814266205,,0.600227952003479,,,0.43358251452445984,,0.0,,0.8203949332237244,,,,,,,,,,,,,
0,619,,0.0818667858839035,,0.0,,0.44598084688186646,,0.0,,0.0,,,0.0,0.0,,0.05989399179816246,,0.6011584997177124,,,0.3772093653678894,,0.0,,0.7830547094345093,,,,,,,,,,,,,
0,629,,0.08387838304042816,,0.0,,0.45450204610824585,,0.0,,0.0,,,0.0,0.0,,0.05663752183318138,,0.5340691208839417,,,0.47626999020576477,,0.0,,0.8026785254478455,,,,,,,,,,,,,
0,639,,0.09331797063350677,,0.0,,0.458501398563385,,0.0,,0.0,,,0.0,0.0,,0.04874582216143608,,0.5339981913566589,,,0.42269089818000793,,0.0,,0.7786271572113037,,,,,,,,,,,,,
0,649,,0.08898112922906876,,0.0,,0.46526244282722473,,0.0,,0.0,,,0.0,0.0,,0.046865373849868774,,0.5581193566322327,,,0.3619798421859741,,0.0,,0.7606040835380554,,,,,,,,,,,,,
0,659,,0.0891190692782402,,0.0,,0.4448579251766205,,0.0,,0.0,,,0.0,0.0,,0.03928467258810997,,0.45957720279693604,,,0.4164997637271881,,0.0,,0.724669337272644,,,,,,,,,,,,,
0,669,,0.07634532451629639,,0.0,,0.4478248357772827,,0.0,,0.0,,,0.0,0.0,,0.04662245139479637,,0.5956649780273438,,,0.32798880338668823,,0.0,,0.7472231388092041,,,,,,,,,,,,,
0,679,,0.07511970400810242,,0.0,,0.4391802251338959,,0.0,,0.0,,,0.0,0.0,,0.038865864276885986,,0.44236624240875244,,,0.34525081515312195,,0.0,,0.6703914403915405,,,,,,,,,,,,,
0,689,,0.059529028832912445,,0.0,,0.4406803846359253,,0.0,,0.0,,,0.0,0.0,,0.03498626500368118,,0.4455876052379608,,,0.3521236181259155,,0.0,,0.66645348072052,,,,,,,,,,,,,
0,699,,0.0858721137046814,,0.0,,0.4399268627166748,,0.0,,0.0,,,0.0,0.0,,0.04088614135980606,,0.388969749212265,,,0.3119299113750458,,0.0,,0.6337924003601074,,,,,,,,,,,,,
0,709,,0.07206004858016968,,0.0,,0.4650542736053467,,0.0,,0.0,,,0.0,0.0,,0.02599826455116272,,0.419832319021225,,,0.4313194751739502,,0.0,,0.7071322202682495,,,,,,,,,,,,,
0,719,,0.10042105615139008,,0.0,,0.4483128786087036,,0.0,,0.0,,,0.0,0.0,,0.048332057893276215,,0.41913196444511414,,,0.3338073492050171,,0.0,,0.6750026941299438,,,,,,,,,,,,,
0,729,,0.10352830588817596,,0.0,,0.47517895698547363,,0.0,,0.0,,,0.0,0.0,,0.04909483715891838,,0.4577195346355438,,,0.43022823333740234,,0.0,,0.7578749060630798,,,,,,,,,,,,,
0,739,,0.07245755940675735,,0.0,,0.43307849764823914,,0.0,,0.0,,,0.0,0.0,,0.03131972998380661,,0.43166297674179077,,,0.42658454179763794,,0.0,,0.6975516080856323,,,,,,,,,,,,,
0,749,,0.08062577247619629,,0.0,,0.4426302909851074,,0.0,,0.0,,,0.0,0.0,,0.03574206680059433,,0.4502173662185669,,,0.34385669231414795,,0.0,,0.6765360832214355,,,,,,,,,,,,,
0,759,,0.07105398178100586,,0.0,,0.45528632402420044,,0.0,,0.0,,,0.0,0.0,,0.042493514716625214,,0.40305790305137634,,,0.298785924911499,,0.0,,0.6353387832641602,,,,,,,,,,,,,
0,769,,0.07493876665830612,,0.0,,0.4299618601799011,,0.0,,0.0,,,0.0,0.0,,0.040767546743154526,,0.3711187541484833,,,0.43290266394615173,,0.0,,0.6748448014259338,,,,,,,,,,,,,
0,779,,0.06760519742965698,,0.0,,0.44514262676239014,,0.0,,0.0,,,0.0,0.0,,0.02802463434636593,,0.3847517967224121,,,0.4130656123161316,,0.0,,0.6692949533462524,,,,,,,,,,,,,
0,789,,0.06572200357913971,,0.0,,0.4203217923641205,,0.0,,0.0,,,0.0,0.0,,0.03476018086075783,,0.3627544045448303,,,0.4219963550567627,,0.0,,0.6527773141860962,,,,,,,,,,,,,
0,799,,0.0728851854801178,,0.0,,0.4528314769268036,,0.0,,0.0,,,0.0,0.0,,0.0365171879529953,,0.3616521954536438,,,0.29958027601242065,,0.0,,0.6117331385612488,,,,,,,,,,,,,
0,809,,0.09201668202877045,,0.0,,0.44719088077545166,,0.0,,0.0,,,0.0,0.0,,0.03581693023443222,,0.38524582982063293,,,0.34801605343818665,,0.0,,0.6541431546211243,,,,,,,,,,,,,
0,819,,0.057946186512708664,,0.0,,0.4332108795642853,,0.0,,0.0,,,0.0,0.0,,0.044066280126571655,,0.37155842781066895,,,0.36026906967163086,,0.0,,0.6335254311561584,,,,,,,,,,,,,
0,829,,0.08090050518512726,,0.0,,0.45478618144989014,,0.0,,0.0,,,0.0,0.0,,0.03400447592139244,,0.4006604552268982,,,0.4366200566291809,,0.0,,0.7034858465194702,,,,,,,,,,,,,
0,839,,0.07519185543060303,,0.0,,0.4349122643470764,,0.0,,0.0,,,0.0,0.0,,0.029165279120206833,,0.32659006118774414,,,0.3642139136791229,,0.0,,0.61503666639328,,,,,,,,,,,,,
0,844,,,,,,,,,,,,,,,,,,,,,,,,,,0.0983625054359436,0.0,0.4553239047527313,0.0,0.0,0.0,0.0,0.0533653162419796,0.3243109881877899,0.6545675992965698,0.11223170161247253,0.0,0.7929651737213135
0,844,0.11818787455558777,,0.0,,0.5775958299636841,,0.0,,0.0,,0.0,0.0,,,0.07235129177570343,,1.3870978355407715,,0.48599863052368164,0.086271733045578,,0.0,,1.3206158876419067,,,,,,,,,,,,,,
1,849,,0.07452574372291565,,0.0,,0.4321657121181488,,0.0,,0.0,,,0.0,0.0,,0.04542066901922226,,0.33336469531059265,,,0.34472572803497314,,0.0,,0.6151012778282166,,,,,,,,,,,,,
1,859,,0.07169636338949203,,0.0,,0.43939679861068726,,0.0,,0.0,,,0.0,0.0,,0.051254063844680786,,0.32643336057662964,,,0.42403167486190796,,0.0,,0.6564061641693115,,,,,,,,,,,,,
1,869,,0.07349000871181488,,0.0,,0.41235867142677307,,0.0,,0.0,,,0.0,0.0,,0.0396275669336319,,0.3702073395252228,,,0.3642544746398926,,0.0,,0.6299690008163452,,,,,,,,,,,,,
1,879,,0.058419566601514816,,0.0,,0.43090522289276123,,0.0,,0.0,,,0.0,0.0,,0.04247689247131348,,0.3406534194946289,,,0.40216559171676636,,0.0,,0.6373103857040405,,,,,,,,,,,,,
1,889,,0.05995939299464226,,0.0,,0.4229857325553894,,0.0,,0.0,,,0.0,0.0,,0.02846693806350231,,0.30962440371513367,,,0.3166361451148987,,0.0,,0.5688363313674927,,,,,,,,,,,,,
1,899,,0.060617946088314056,,0.0,,0.42406830191612244,,0.0,,0.0,,,0.0,0.0,,0.02687266282737255,,0.2994200587272644,,,0.3488194942474365,,0.0,,0.5798991918563843,,,,,,,,,,,,,
1,909,,0.08213779330253601,,0.0,,0.4410482943058014,,0.0,,0.0,,,0.0,0.0,,0.043262626975774765,,0.35351455211639404,,,0.42102718353271484,,0.0,,0.6704952120780945,,,,,,,,,,,,,
1,919,,0.06809695065021515,,0.0,,0.42244985699653625,,0.0,,0.0,,,0.0,0.0,,0.0425853505730629,,0.3152642250061035,,,0.3482236862182617,,0.0,,0.5983099937438965,,,,,,,,,,,,,
1,929,,0.06406529247760773,,0.0,,0.4345968961715698,,0.0,,0.0,,,0.0,0.0,,0.035090457648038864,,0.32512807846069336,,,0.32595711946487427,,0.0,,0.592418909072876,,,,,,,,,,,,,
1,939,,0.06137361004948616,,0.0,,0.414643794298172,,0.0,,0.0,,,0.0,0.0,,0.02693713828921318,,0.344868928194046,,,0.3546714186668396,,0.0,,0.6012474298477173,,,,,,,,,,,,,
1,949,,0.06548219174146652,,0.0,,0.43389883637428284,,0.0,,0.0,,,0.0,0.0,,0.022705113515257835,,0.31210580468177795,,,0.34241271018981934,,0.0,,0.5883023738861084,,,,,,,,,,,,,
1,959,,0.06358098983764648,,0.0,,0.42109012603759766,,0.0,,0.0,,,0.0,0.0,,0.026898596435785294,,0.29819607734680176,,,0.29050183296203613,,0.0,,0.5501338243484497,,,,,,,,,,,,,
1,969,,0.0725284144282341,,0.0,,0.4200795888900757,,0.0,,0.0,,,0.0,0.0,,0.029770489782094955,,0.2967800199985504,,,0.28682562708854675,,0.0,,0.552992045879364,,,,,,,,,,,,,
1,979,,0.051749128848314285,,0.0,,0.40577277541160583,,0.0,,0.0,,,0.0,0.0,,0.029590241611003876,,0.35989314317703247,,,0.37143072485923767,,0.0,,0.6092180013656616,,,,,,,,,,,,,
1,989,,0.07222437113523483,,0.0,,0.43558546900749207,,0.0,,0.0,,,0.0,0.0,,0.030223479494452477,,0.35628247261047363,,,0.4285130500793457,,0.0,,0.6614144444465637,,,,,,,,,,,,,
1,999,,0.07016906142234802,,0.0,,0.4301992654800415,,0.0,,0.0,,,0.0,0.0,,0.03433498367667198,,0.3283718228340149,,,0.3155558705329895,,0.0,,0.5893154740333557,,,,,,,,,,,,,
1,1009,,0.060694530606269836,,0.0,,0.41734230518341064,,0.0,,0.0,,,0.0,0.0,,0.026639092713594437,,0.3250494599342346,,,0.31416356563568115,,0.0,,0.5719444751739502,,,,,,,,,,,,,
1,1019,,0.050695665180683136,,0.0,,0.4041476547718048,,0.0,,0.0,,,0.0,0.0,,0.02017989568412304,,0.2986298203468323,,,0.3389081656932831,,0.0,,0.5562806129455566,,,,,,,,,,,,,
1,1029,,0.05638434737920761,,0.0,,0.42135128378868103,,0.0,,0.0,,,0.0,0.0,,0.020691420882940292,,0.3089604675769806,,,0.29774796962738037,,0.0,,0.552567720413208,,,,,,,,,,,,,
1,1039,,0.07519056648015976,,0.0,,0.4270588755607605,,0.0,,0.0,,,0.0,0.0,,0.027551745995879173,,0.3188960552215576,,,0.37523239850997925,,0.0,,0.6119648218154907,,,,,,,,,,,,,
1,1049,,0.05901862680912018,,0.0,,0.4251836836338043,,0.0,,0.0,,,0.0,0.0,,0.022379804402589798,,0.29227328300476074,,,0.43547555804252625,,0.0,,0.6171654462814331,,,,,,,,,,,,,
1,1059,,0.04576350376009941,,0.0,,0.3997073769569397,,0.0,,0.0,,,0.0,0.0,,0.03294293209910393,,0.28766852617263794,,,0.3444562554359436,,0.0,,0.5552693009376526,,,,,,,,,,,,,
1,1069,,0.07037335634231567,,0.0,,0.40113770961761475,,0.0,,0.0,,,0.0,0.0,,0.0400252491235733,,0.30548959970474243,,,0.3227430284023285,,0.0,,0.5698844790458679,,,,,,,,,,,,,
1,1079,,0.05717296525835991,,0.0,,0.4122273325920105,,0.0,,0.0,,,0.0,0.0,,0.021814603358507156,,0.3132794499397278,,,0.3237064480781555,,0.0,,0.5641003847122192,,,,,,,,,,,,,
1,1089,,0.0587792694568634,,0.0,,0.40766751766204834,,0.0,,0.0,,,0.0,0.0,,0.03188738226890564,,0.2864808440208435,,,0.2674626111984253,,0.0,,0.5261388421058655,,,,,,,,,,,,,
1,1099,,0.060827337205410004,,0.0,,0.3993665874004364,,0.0,,0.0,,,0.0,0.0,,0.02922970801591873,,0.31146690249443054,,,0.3752232789993286,,0.0,,0.5880569219589233,,,,,,,,,,,,,
1,1109,,0.05173307657241821,,0.0,,0.4036659896373749,,0.0,,0.0,,,0.0,0.0,,0.027709197252988815,,0.2779419422149658,,,0.3413500189781189,,0.0,,0.5512001514434814,,,,,,,,,,,,,
1,1119,,0.05547560006380081,,0.0,,0.4154205918312073,,0.0,,0.0,,,0.0,0.0,,0.031929001212120056,,0.2860794961452484,,,0.3298581838607788,,0.0,,0.5593814253807068,,,,,,,,,,,,,
1,1129,,0.05930561572313309,,0.0,,0.41538870334625244,,0.0,,0.0,,,0.0,0.0,,0.021825209259986877,,0.2818906009197235,,,0.3614339232444763,,0.0,,0.5699220299720764,,,,,,,,,,,,,
1,1139,,0.05317869409918785,,0.0,,0.4188520908355713,,0.0,,0.0,,,0.0,0.0,,0.02836860716342926,,0.2782992422580719,,,0.3324105739593506,,0.0,,0.5555545687675476,,,,,,,,,,,,,
1,1149,,0.05142465978860855,,0.0,,0.4184224307537079,,0.0,,0.0,,,0.0,0.0,,0.017327306792140007,,0.2832353115081787,,,0.38630712032318115,,0.0,,0.5783584117889404,,,,,,,,,,,,,
1,1159,,0.06960651278495789,,0.0,,0.4014839828014374,,0.0,,0.0,,,0.0,0.0,,0.021259641274809837,,0.2916862368583679,,,0.27989017963409424,,0.0,,0.5319632887840271,,,,,,,,,,,,,
1,1169,,0.06797731667757034,,0.0,,0.4099538028240204,,0.0,,0.0,,,0.0,0.0,,0.022600136697292328,,0.2897047996520996,,,0.3007788062095642,,0.0,,0.5455074310302734,,,,,,,,,,,,,
1,1179,,0.0544758103787899,,0.0,,0.39065060019493103,,0.0,,0.0,,,0.0,0.0,,0.03148419409990311,,0.2855396270751953,,,0.3919706344604492,,0.0,,0.5770604610443115,,,,,,,,,,,,,
1,1189,,0.05366306006908417,,0.0,,0.4049097001552582,,0.0,,0.0,,,0.0,0.0,,0.03540685400366783,,0.28220534324645996,,,0.3055526614189148,,0.0,,0.5408688187599182,,,,,,,,,,,,,
1,1199,,0.04617292433977127,,0.0,,0.41210976243019104,,0.0,,0.0,,,0.0,0.0,,0.023257851600646973,,0.29182952642440796,,,0.3538406789302826,,0.0,,0.5636053681373596,,,,,,,,,,,,,
1,1209,,0.052162714302539825,,0.0,,0.408309668302536,,0.0,,0.0,,,0.0,0.0,,0.02902490459382534,,0.2755715847015381,,,0.4211500287055969,,0.0,,0.5931094884872437,,,,,,,,,,,,,
1,1219,,0.06533566862344742,,0.0,,0.42418843507766724,,0.0,,0.0,,,0.0,0.0,,0.022894691675901413,,0.28806066513061523,,,0.3195068836212158,,0.0,,0.5599931478500366,,,,,,,,,,,,,
1,1229,,0.04919889196753502,,0.0,,0.38365840911865234,,0.0,,0.0,,,0.0,0.0,,0.022024301812052727,,0.28167450428009033,,,0.38885584473609924,,0.0,,0.562705934047699,,,,,,,,,,,,,
1,1239,,0.047962695360183716,,0.0,,0.35233187675476074,,0.0,,0.0,,,0.0,0.0,,0.022309988737106323,,0.26541244983673096,,,0.3058973252773285,,0.0,,0.4969571828842163,,,,,,,,,,,,,
1,1249,,0.05621732771396637,,0.0,,0.3899216055870056,,0.0,,0.0,,,0.0,0.0,,0.02491120621562004,,0.2800474464893341,,,0.33587151765823364,,0.0,,0.5434845685958862,,,,,,,,,,,,,
1,1259,,0.05152559652924538,,0.0,,0.405155211687088,,0.0,,0.0,,,0.0,0.0,,0.023254558444023132,,0.27746009826660156,,,0.41838061809539795,,0.0,,0.5878880023956299,,,,,,,,,,,,,
1,1269,,0.03781166300177574,,0.0,,0.37367069721221924,,0.0,,0.0,,,0.0,0.0,,0.01829696260392666,,0.2805032730102539,,,0.3564426898956299,,0.0,,0.533362627029419,,,,,,,,,,,,,
1,1279,,0.0606422945857048,,0.0,,0.402704119682312,,0.0,,0.0,,,0.0,0.0,,0.02894546464085579,,0.2653753161430359,,,0.28100013732910156,,0.0,,0.5193336606025696,,,,,,,,,,,,,
1,1289,,0.045103371143341064,,0.0,,0.38468775153160095,,0.0,,0.0,,,0.0,0.0,,0.022133944556117058,,0.2527914047241211,,,0.2639029622077942,,0.0,,0.48430973291397095,,,,,,,,,,,,,
1,1299,,0.04435434937477112,,0.0,,0.37187302112579346,,0.0,,0.0,,,0.0,0.0,,0.020745592191815376,,0.26657426357269287,,,0.2934614419937134,,0.0,,0.49850431084632874,,,,,,,,,,,,,
1,1309,,0.07281139492988586,,0.0,,0.3907714784145355,,0.0,,0.0,,,0.0,0.0,,0.043935082852840424,,0.2719079852104187,,,0.34778425097465515,,0.0,,0.5636050701141357,,,,,,,,,,,,,
1,1319,,0.05138327181339264,,0.0,,0.3756241500377655,,0.0,,0.0,,,0.0,0.0,,0.028431838378310204,,0.2561263144016266,,,0.2959038019180298,,0.0,,0.5037347078323364,,,,,,,,,,,,,
1,1329,,0.05088329687714577,,0.0,,0.3846675455570221,,0.0,,0.0,,,0.0,0.0,,0.022396935150027275,,0.27499037981033325,,,0.3786773681640625,,0.0,,0.5558077692985535,,,,,,,,,,,,,
1,1339,,0.048463284969329834,,0.0,,0.3747990131378174,,0.0,,0.0,,,0.0,0.0,,0.02706444263458252,,0.25767719745635986,,,0.308300256729126,,0.0,,0.5081521272659302,,,,,,,,,,,,,
1,1349,,0.041686903685331345,,0.0,,0.36739373207092285,,0.0,,0.0,,,0.0,0.0,,0.02198866568505764,,0.27769073843955994,,,0.2817572057247162,,0.0,,0.495258629322052,,,,,,,,,,,,,
1,1359,,0.03702995181083679,,0.0,,0.3577536642551422,,0.0,,0.0,,,0.0,0.0,,0.022215794771909714,,0.2625799775123596,,,0.2078177034854889,,0.0,,0.44369858503341675,,,,,,,,,,,,,
1,1369,,0.05070660263299942,,0.0,,0.38957998156547546,,0.0,,0.0,,,0.0,0.0,,0.020364250987768173,,0.282135009765625,,,0.34001320600509644,,0.0,,0.5413995385169983,,,,,,,,,,,,,
1,1379,,0.04231559857726097,,0.0,,0.3621423542499542,,0.0,,0.0,,,0.0,0.0,,0.025039833039045334,,0.2654443383216858,,,0.36559149622917175,,0.0,,0.5302668213844299,,,,,,,,,,,,,
1,1389,,0.04855947569012642,,0.0,,0.39388248324394226,,0.0,,0.0,,,0.0,0.0,,0.02478896640241146,,0.25677067041397095,,,0.38473066687583923,,0.0,,0.5543661117553711,,,,,,,,,,,,,
1,1399,,0.04875635355710983,,0.0,,0.3766646087169647,,0.0,,0.0,,,0.0,0.0,,0.018543709069490433,,0.2585112154483795,,,0.28193533420562744,,0.0,,0.4922056198120117,,,,,,,,,,,,,
1,1409,,0.05044222250580788,,0.0,,0.38217711448669434,,0.0,,0.0,,,0.0,0.0,,0.019244175404310226,,0.2668646574020386,,,0.24700328707695007,,0.0,,0.48286575078964233,,,,,,,,,,,,,
1,1419,,0.04343760758638382,,0.0,,0.3775239586830139,,0.0,,0.0,,,0.0,0.0,,0.014191552996635437,,0.2744203805923462,,,0.3715847134590149,,0.0,,0.540579080581665,,,,,,,,,,,,,
1,1429,,0.04796355962753296,,0.0,,0.3953174352645874,,0.0,,0.0,,,0.0,0.0,,0.02056622877717018,,0.25322481989860535,,,0.31457841396331787,,0.0,,0.5158252716064453,,,,,,,,,,,,,
1,1439,,0.04263831675052643,,0.0,,0.34793969988822937,,0.0,,0.0,,,0.0,0.0,,0.02612261474132538,,0.2477012574672699,,,0.32585713267326355,,0.0,,0.4951295256614685,,,,,,,,,,,,,
1,1449,,0.04724055528640747,,0.0,,0.3625117540359497,,0.0,,0.0,,,0.0,0.0,,0.025576895102858543,,0.2699628472328186,,,0.27889788150787354,,0.0,,0.4920949637889862,,,,,,,,,,,,,
1,1459,,0.045810066163539886,,0.0,,0.38760867714881897,,0.0,,0.0,,,0.0,0.0,,0.022005323320627213,,0.2507036328315735,,,0.2588956654071808,,0.0,,0.4825116991996765,,,,,,,,,,,,,
1,1469,,0.03809842839837074,,0.0,,0.37087878584861755,,0.0,,0.0,,,0.0,0.0,,0.015207725577056408,,0.28148379921913147,,,0.2744540572166443,,0.0,,0.4900614023208618,,,,,,,,,,,,,
1,1479,,0.04565472900867462,,0.0,,0.34146037697792053,,0.0,,0.0,,,0.0,0.0,,0.020014388486742973,,0.25476980209350586,,,0.32177603244781494,,0.0,,0.49183765053749084,,,,,,,,,,,,,
1,1489,,0.05619272589683533,,0.0,,0.3771403729915619,,0.0,,0.0,,,0.0,0.0,,0.028791725635528564,,0.2730455994606018,,,0.28269192576408386,,0.0,,0.5089311599731445,,,,,,,,,,,,,
1,1499,,0.04027383401989937,,0.0,,0.360216349363327,,0.0,,0.0,,,0.0,0.0,,0.01654788665473461,,0.24418412148952484,,,0.2661992013454437,,0.0,,0.4637106657028198,,,,,,,,,,,,,
1,1509,,0.04747266694903374,,0.0,,0.35731157660484314,,0.0,,0.0,,,0.0,0.0,,0.028314484283328056,,0.2553861141204834,,,0.3316696882247925,,0.0,,0.5100772380828857,,,,,,,,,,,,,
1,1519,,0.042217452079057693,,0.0,,0.3773758113384247,,0.0,,0.0,,,0.0,0.0,,0.01504197996109724,,0.24956241250038147,,,0.3028794229030609,,0.0,,0.4935385584831238,,,,,,,,,,,,,
1,1529,,0.035298027098178864,,0.0,,0.3670703172683716,,0.0,,0.0,,,0.0,0.0,,0.02130904048681259,,0.24333292245864868,,,0.2472567856311798,,0.0,,0.45713353157043457,,,,,,,,,,,,,
1,1539,,0.05326703190803528,,0.0,,0.3560412526130676,,0.0,,0.0,,,0.0,0.0,,0.016269324347376823,,0.2554676830768585,,,0.31063729524612427,,0.0,,0.49584129452705383,,,,,,,,,,,,,
1,1549,,0.05018734186887741,,0.0,,0.3629152178764343,,0.0,,0.0,,,0.0,0.0,,0.01963837817311287,,0.2484409660100937,,,0.26374825835227966,,0.0,,0.4724650979042053,,,,,,,,,,,,,
1,1559,,0.045175839215517044,,0.0,,0.36921897530555725,,0.0,,0.0,,,0.0,0.0,,0.015142499469220638,,0.24606719613075256,,,0.3707777261734009,,0.0,,0.5231910943984985,,,,,,,,,,,,,
1,1569,,0.04445965588092804,,0.0,,0.3761575520038605,,0.0,,0.0,,,0.0,0.0,,0.02831493318080902,,0.2543792724609375,,,0.3307315707206726,,0.0,,0.5170214772224426,,,,,,,,,,,,,
1,1579,,0.054680176079273224,,0.0,,0.358063668012619,,0.0,,0.0,,,0.0,0.0,,0.024519389495253563,,0.24213072657585144,,,0.29976922273635864,,0.0,,0.4895815849304199,,,,,,,,,,,,,
1,1589,,0.05373864993453026,,0.0,,0.3510632812976837,,0.0,,0.0,,,0.0,0.0,,0.020553383976221085,,0.24849893152713776,,,0.22338204085826874,,0.0,,0.44861817359924316,,,,,,,,,,,,,
1,1599,,0.044799983501434326,,0.0,,0.365338534116745,,0.0,,0.0,,,0.0,0.0,,0.015996459871530533,,0.2579641342163086,,,0.31252533197402954,,0.0,,0.49831223487854004,,,,,,,,,,,,,
1,1609,,0.04566114395856857,,0.0,,0.3736128807067871,,0.0,,0.0,,,0.0,0.0,,0.03805769979953766,,0.26052987575531006,,,0.2682897448539734,,0.0,,0.4930756688117981,,,,,,,,,,,,,
1,1619,,0.03460633009672165,,0.0,,0.3578679859638214,,0.0,,0.0,,,0.0,0.0,,0.017281264066696167,,0.2478768676519394,,,0.3223666250705719,,0.0,,0.48999953269958496,,,,,,,,,,,,,
1,1629,,0.04378794506192207,,0.0,,0.3454073667526245,,0.0,,0.0,,,0.0,0.0,,0.013086183927953243,,0.24615371227264404,,,0.20400619506835938,,0.0,,0.42622071504592896,,,,,,,,,,,,,
1,1639,,0.036998338997364044,,0.0,,0.360982745885849,,0.0,,0.0,,,0.0,0.0,,0.01456458866596222,,0.2367933839559555,,,0.2509281039237976,,0.0,,0.4501335620880127,,,,,,,,,,,,,
1,1649,,0.04311083257198334,,0.0,,0.3529851734638214,,0.0,,0.0,,,0.0,0.0,,0.020097846165299416,,0.23276033997535706,,,0.290560245513916,,0.0,,0.46975722908973694,,,,,,,,,,,,,
1,1659,,0.04437660798430443,,0.0,,0.38120225071907043,,0.0,,0.0,,,0.0,0.0,,0.015799399465322495,,0.24940820038318634,,,0.3258829712867737,,0.0,,0.508334755897522,,,,,,,,,,,,,
1,1669,,0.04058831185102463,,0.0,,0.34251660108566284,,0.0,,0.0,,,0.0,0.0,,0.020717009902000427,,0.2517128586769104,,,0.22277091443538666,,0.0,,0.43915286660194397,,,,,,,,,,,,,
1,1679,,0.03505876660346985,,0.0,,0.3702824115753174,,0.0,,0.0,,,0.0,0.0,,0.01939089223742485,,0.24073201417922974,,,0.326526403427124,,0.0,,0.49599525332450867,,,,,,,,,,,,,
1,1689,,0.03923429548740387,,0.0,,0.3609192669391632,,0.0,,0.0,,,0.0,0.0,,0.023662354797124863,,0.23589150607585907,,,0.27237841486930847,,0.0,,0.4660428762435913,,,,,,,,,,,,,
1,1689,,,,,,,,,,,,,,,,,,,,,,,,,,0.07497459650039673,0.0,0.4103842079639435,0.0,0.0,0.0,0.0,0.04463142901659012,0.2885248363018036,0.6644637584686279,0.1133243516087532,0.0,0.7414894104003906
1,1689,0.0542328767478466,,0.0,,0.3912833034992218,,0.0,,0.0,,0.0,0.0,,,0.0253888051956892,,0.28080233931541443,,0.32119596004486084,0.059971362352371216,,0.0,,0.536451518535614,,,,,,,,,,,,,,
2,1699,,0.049990732222795486,,0.0,,0.3687025308609009,,0.0,,0.0,,,0.0,0.0,,0.022533660754561424,,0.238833487033844,,,0.29338258504867554,,0.0,,0.4867214858531952,,,,,,,,,,,,,
2,1709,,0.03592723608016968,,0.0,,0.344827800989151,,0.0,,0.0,,,0.0,0.0,,0.013458788394927979,,0.2499794363975525,,,0.2928166389465332,,0.0,,0.46850496530532837,,,,,,,,,,,,,
2,1719,,0.041943348944187164,,0.0,,0.3610086739063263,,0.0,,0.0,,,0.0,0.0,,0.010897116735577583,,0.24029025435447693,,,0.27807343006134033,,0.0,,0.4661064147949219,,,,,,,,,,,,,
2,1729,,0.0398082435131073,,0.0,,0.3398805856704712,,0.0,,0.0,,,0.0,0.0,,0.021871007978916168,,0.24084722995758057,,,0.37483757734298706,,0.0,,0.5086223483085632,,,,,,,,,,,,,
2,1739,,0.03558063507080078,,0.0,,0.33236220479011536,,0.0,,0.0,,,0.0,0.0,,0.01757252961397171,,0.24169525504112244,,,0.3195335566997528,,0.0,,0.47337210178375244,,,,,,,,,,,,,
2,1749,,0.02744916081428528,,0.0,,0.3125576376914978,,0.0,,0.0,,,0.0,0.0,,0.0110891442745924,,0.23283079266548157,,,0.30170971155166626,,0.0,,0.44281822443008423,,,,,,,,,,,,,
2,1759,,0.037725068628787994,,0.0,,0.3570650517940521,,0.0,,0.0,,,0.0,0.0,,0.025858936831355095,,0.24250905215740204,,,0.28109848499298096,,0.0,,0.472128301858902,,,,,,,,,,,,,
2,1769,,0.03912937641143799,,0.0,,0.3235805630683899,,0.0,,0.0,,,0.0,0.0,,0.017516043037176132,,0.25004565715789795,,,0.3137141466140747,,0.0,,0.4719928801059723,,,,,,,,,,,,,
2,1779,,0.03301013261079788,,0.0,,0.32277464866638184,,0.0,,0.0,,,0.0,0.0,,0.015532190911471844,,0.23181816935539246,,,0.3393184542655945,,0.0,,0.4712268114089966,,,,,,,,,,,,,
2,1789,,0.03540444374084473,,0.0,,0.324236661195755,,0.0,,0.0,,,0.0,0.0,,0.015060387551784515,,0.23656995594501495,,,0.30121129751205444,,0.0,,0.4562413692474365,,,,,,,,,,,,,
2,1799,,0.04564868286252022,,0.0,,0.3475874066352844,,0.0,,0.0,,,0.0,0.0,,0.017688121646642685,,0.23526695370674133,,,0.25737112760543823,,0.0,,0.45178115367889404,,,,,,,,,,,,,
2,1809,,0.03462880849838257,,0.0,,0.3335709571838379,,0.0,,0.0,,,0.0,0.0,,0.016077052801847458,,0.24141806364059448,,,0.24437235295772552,,0.0,,0.4350336194038391,,,,,,,,,,,,,
2,1819,,0.03330424800515175,,0.0,,0.33937448263168335,,0.0,,0.0,,,0.0,0.0,,0.011289357207715511,,0.23980137705802917,,,0.2490246444940567,,0.0,,0.4363970458507538,,,,,,,,,,,,,
2,1829,,0.033989306539297104,,0.0,,0.31876781582832336,,0.0,,0.0,,,0.0,0.0,,0.015770774334669113,,0.23101043701171875,,,0.2774190902709961,,0.0,,0.4384787082672119,,,,,,,,,,,,,
2,1839,,0.03214576467871666,,0.0,,0.32608190178871155,,0.0,,0.0,,,0.0,0.0,,0.011521468870341778,,0.23943960666656494,,,0.2161465287208557,,0.0,,0.4126676023006439,,,,,,,,,,,,,
2,1849,,0.041627608239650726,,0.0,,0.33730348944664,,0.0,,0.0,,,0.0,0.0,,0.012221070937812328,,0.22762431204319,,,0.23223525285720825,,0.0,,0.4255058765411377,,,,,,,,,,,,,
2,1859,,0.030794046819210052,,0.0,,0.3267963230609894,,0.0,,0.0,,,0.0,0.0,,0.011991657316684723,,0.24336791038513184,,,0.25382280349731445,,0.0,,0.43338635563850403,,,,,,,,,,,,,
2,1869,,0.026022080332040787,,0.0,,0.30618056654930115,,0.0,,0.0,,,0.0,0.0,,0.013789102435112,,0.2185380458831787,,,0.2102447748184204,,0.0,,0.38738730549812317,,,,,,,,,,,,,
2,1879,,0.03780389577150345,,0.0,,0.33699488639831543,,0.0,,0.0,,,0.0,0.0,,0.016711007803678513,,0.24257928133010864,,,0.281004399061203,,0.0,,0.4575467109680176,,,,,,,,,,,,,
2,1889,,0.029012857005000114,,0.0,,0.3242734670639038,,0.0,,0.0,,,0.0,0.0,,0.0145623330026865,,0.22841954231262207,,,0.2032371610403061,,0.0,,0.399752676486969,,,,,,,,,,,,,
2,1899,,0.03316883742809296,,0.0,,0.30947351455688477,,0.0,,0.0,,,0.0,0.0,,0.016990099102258682,,0.23329797387123108,,,0.23221756517887115,,0.0,,0.41257399320602417,,,,,,,,,,,,,
2,1909,,0.029817115515470505,,0.0,,0.33215221762657166,,0.0,,0.0,,,0.0,0.0,,0.012565645389258862,,0.2309449166059494,,,0.2903668284416199,,0.0,,0.44792336225509644,,,,,,,,,,,,,
2,1919,,0.02833467908203602,,0.0,,0.3361845016479492,,0.0,,0.0,,,0.0,0.0,,0.01571999117732048,,0.23355640470981598,,,0.2539147436618805,,0.0,,0.43385517597198486,,,,,,,,,,,,,
2,1929,,0.03463742882013321,,0.0,,0.33266347646713257,,0.0,,0.0,,,0.0,0.0,,0.011689426377415657,,0.23524507880210876,,,0.24404418468475342,,0.0,,0.42913979291915894,,,,,,,,,,,,,
2,1939,,0.029373453930020332,,0.0,,0.30997800827026367,,0.0,,0.0,,,0.0,0.0,,0.016584765166044235,,0.23160842061042786,,,0.3065981864929199,,0.0,,0.4470714032649994,,,,,,,,,,,,,
2,1949,,0.04356740042567253,,0.0,,0.34299296140670776,,0.0,,0.0,,,0.0,0.0,,0.018453363329172134,,0.23466362059116364,,,0.22369472682476044,,0.0,,0.43168604373931885,,,,,,,,,,,,,
2,1959,,0.038329049944877625,,0.0,,0.3240554928779602,,0.0,,0.0,,,0.0,0.0,,0.016158578917384148,,0.2155371606349945,,,0.2050374150276184,,0.0,,0.3995588421821594,,,,,,,,,,,,,
2,1969,,0.04312150552868843,,0.0,,0.330270379781723,,0.0,,0.0,,,0.0,0.0,,0.018544774502515793,,0.2358657270669937,,,0.21707695722579956,,0.0,,0.42243969440460205,,,,,,,,,,,,,
2,1979,,0.030751537531614304,,0.0,,0.28082430362701416,,0.0,,0.0,,,0.0,0.0,,0.011980056762695312,,0.22496379911899567,,,0.2081703543663025,,0.0,,0.3783450126647949,,,,,,,,,,,,,
2,1989,,0.03906860202550888,,0.0,,0.32742252945899963,,0.0,,0.0,,,0.0,0.0,,0.012590589933097363,,0.23038409650325775,,,0.2470182180404663,,0.0,,0.4282419979572296,,,,,,,,,,,,,
2,1999,,0.035486213862895966,,0.0,,0.3368089199066162,,0.0,,0.0,,,0.0,0.0,,0.01363491453230381,,0.22607740759849548,,,0.24467496573925018,,0.0,,0.42834123969078064,,,,,,,,,,,,,
2,2009,,0.03786539286375046,,0.0,,0.3477782607078552,,0.0,,0.0,,,0.0,0.0,,0.01841694489121437,,0.2301514893770218,,,0.2988942861557007,,0.0,,0.4665531814098358,,,,,,,,,,,,,
2,2019,,0.039290305227041245,,0.0,,0.3134699761867523,,0.0,,0.0,,,0.0,0.0,,0.018961606547236443,,0.2256241887807846,,,0.21009206771850586,,0.0,,0.40371906757354736,,,,,,,,,,,,,
2,2029,,0.033773988485336304,,0.0,,0.319627046585083,,0.0,,0.0,,,0.0,0.0,,0.008824538439512253,,0.22468091547489166,,,0.18361447751522064,,0.0,,0.3852604925632477,,,,,,,,,,,,,
2,2039,,0.03712621331214905,,0.0,,0.33771923184394836,,0.0,,0.0,,,0.0,0.0,,0.014373574405908585,,0.223989337682724,,,0.238129660487175,,0.0,,0.42566901445388794,,,,,,,,,,,,,
2,2049,,0.034067779779434204,,0.0,,0.32688385248184204,,0.0,,0.0,,,0.0,0.0,,0.016206994652748108,,0.21618497371673584,,,0.19190284609794617,,0.0,,0.39262324571609497,,,,,,,,,,,,,
2,2059,,0.03716675937175751,,0.0,,0.3247981667518616,,0.0,,0.0,,,0.0,0.0,,0.017980389297008514,,0.2228449583053589,,,0.3345722556114197,,0.0,,0.468681275844574,,,,,,,,,,,,,
2,2069,,0.0288435909897089,,0.0,,0.3120591342449188,,0.0,,0.0,,,0.0,0.0,,0.011930170468986034,,0.2360011488199234,,,0.29040607810020447,,0.0,,0.43962007761001587,,,,,,,,,,,,,
2,2079,,0.04101746529340744,,0.0,,0.3412466049194336,,0.0,,0.0,,,0.0,0.0,,0.010362129658460617,,0.23160049319267273,,,0.2289377897977829,,0.0,,0.4265822768211365,,,,,,,,,,,,,
2,2089,,0.029597092419862747,,0.0,,0.3108750283718109,,0.0,,0.0,,,0.0,0.0,,0.01815762184560299,,0.24045109748840332,,,0.2552505135536194,,0.0,,0.427165687084198,,,,,,,,,,,,,
2,2099,,0.03522346913814545,,0.0,,0.32595908641815186,,0.0,,0.0,,,0.0,0.0,,0.016240034252405167,,0.23251403868198395,,,0.2702752351760864,,0.0,,0.44010594487190247,,,,,,,,,,,,,
2,2109,,0.027196776121854782,,0.0,,0.3274790346622467,,0.0,,0.0,,,0.0,0.0,,0.014979846775531769,,0.23067976534366608,,,0.30701738595962524,,0.0,,0.45367640256881714,,,,,,,,,,,,,
2,2119,,0.04586038365960121,,0.0,,0.32100191712379456,,0.0,,0.0,,,0.0,0.0,,0.01259412057697773,,0.2307712286710739,,,0.21959026157855988,,0.0,,0.4149089455604553,,,,,,,,,,,,,
2,2129,,0.025847826153039932,,0.0,,0.3071410059928894,,0.0,,0.0,,,0.0,0.0,,0.01516982913017273,,0.22248099744319916,,,0.25921332836151123,,0.0,,0.41492652893066406,,,,,,,,,,,,,
2,2139,,0.025833018124103546,,0.0,,0.3306092321872711,,0.0,,0.0,,,0.0,0.0,,0.015195224434137344,,0.23381134867668152,,,0.30869364738464355,,0.0,,0.4570712447166443,,,,,,,,,,,,,
2,2149,,0.03953997790813446,,0.0,,0.3107047379016876,,0.0,,0.0,,,0.0,0.0,,0.012916801497340202,,0.22677576541900635,,,0.28935277462005615,,0.0,,0.43964502215385437,,,,,,,,,,,,,
2,2159,,0.026865607127547264,,0.0,,0.30539432168006897,,0.0,,0.0,,,0.0,0.0,,0.012986535206437111,,0.220663920044899,,,0.25285881757736206,,0.0,,0.4093846082687378,,,,,,,,,,,,,
2,2169,,0.03660639375448227,,0.0,,0.3144388496875763,,0.0,,0.0,,,0.0,0.0,,0.01406675111502409,,0.23622334003448486,,,0.23755110800266266,,0.0,,0.41944319009780884,,,,,,,,,,,,,
2,2179,,0.03754846006631851,,0.0,,0.3129165470600128,,0.0,,0.0,,,0.0,0.0,,0.013326255604624748,,0.2287912666797638,,,0.39670830965042114,,0.0,,0.4946454167366028,,,,,,,,,,,,,
2,2189,,0.031173789873719215,,0.0,,0.31275904178619385,,0.0,,0.0,,,0.0,0.0,,0.016208257526159286,,0.22772455215454102,,,0.24131156504154205,,0.0,,0.4145885705947876,,,,,,,,,,,,,
2,2199,,0.03458920866250992,,0.0,,0.3251343071460724,,0.0,,0.0,,,0.0,0.0,,0.01293005608022213,,0.2258986234664917,,,0.207225501537323,,0.0,,0.40288883447647095,,,,,,,,,,,,,
2,2209,,0.03561844676733017,,0.0,,0.34543830156326294,,0.0,,0.0,,,0.0,0.0,,0.01450088620185852,,0.22454705834388733,,,0.21974743902683258,,0.0,,0.4199260473251343,,,,,,,,,,,,,
2,2219,,0.0299982950091362,,0.0,,0.30570220947265625,,0.0,,0.0,,,0.0,0.0,,0.010420620441436768,,0.21808907389640808,,,0.2269488275051117,,0.0,,0.3955795168876648,,,,,,,,,,,,,
2,2229,,0.039853863418102264,,0.0,,0.33167585730552673,,0.0,,0.0,,,0.0,0.0,,0.01249481551349163,,0.22319605946540833,,,0.22022919356822968,,0.0,,0.4137248992919922,,,,,,,,,,,,,
2,2239,,0.0251007080078125,,0.0,,0.306248277425766,,0.0,,0.0,,,0.0,0.0,,0.01200924813747406,,0.21775203943252563,,,0.15846934914588928,,0.0,,0.35978978872299194,,,,,,,,,,,,,
2,2249,,0.02679543010890484,,0.0,,0.29984503984451294,,0.0,,0.0,,,0.0,0.0,,0.007650386542081833,,0.21844756603240967,,,0.17853379249572754,,0.0,,0.36563611030578613,,,,,,,,,,,,,
2,2259,,0.03390799090266228,,0.0,,0.3143971860408783,,0.0,,0.0,,,0.0,0.0,,0.008905808441340923,,0.22091248631477356,,,0.24892093241214752,,0.0,,0.41352221369743347,,,,,,,,,,,,,
2,2269,,0.0535840168595314,,0.0,,0.33259350061416626,,0.0,,0.0,,,0.0,0.0,,0.01524354051798582,,0.2394265979528427,,,0.24515563249588013,,0.0,,0.4430016577243805,,,,,,,,,,,,,
2,2279,,0.03196953237056732,,0.0,,0.3091319799423218,,0.0,,0.0,,,0.0,0.0,,0.012040754780173302,,0.2118050903081894,,,0.28739818930625916,,0.0,,0.42617279291152954,,,,,,,,,,,,,
2,2289,,0.03435036540031433,,0.0,,0.28131765127182007,,0.0,,0.0,,,0.0,0.0,,0.014095964841544628,,0.2169375717639923,,,0.13918066024780273,,0.0,,0.3429411053657532,,,,,,,,,,,,,
2,2299,,0.028012963011860847,,0.0,,0.27441710233688354,,0.0,,0.0,,,0.0,0.0,,0.015760913491249084,,0.22198739647865295,,,0.2302807867527008,,0.0,,0.38522958755493164,,,,,,,,,,,,,
2,2309,,0.03109006956219673,,0.0,,0.321585088968277,,0.0,,0.0,,,0.0,0.0,,0.012412561103701591,,0.2101287543773651,,,0.19689959287643433,,0.0,,0.3860580325126648,,,,,,,,,,,,,
2,2319,,0.027249803766608238,,0.0,,0.2891714870929718,,0.0,,0.0,,,0.0,0.0,,0.01132299192249775,,0.21833986043930054,,,0.16171547770500183,,0.0,,0.35389983654022217,,,,,,,,,,,,,
2,2329,,0.038600824773311615,,0.0,,0.31314975023269653,,0.0,,0.0,,,0.0,0.0,,0.012898027896881104,,0.22779518365859985,,,0.21736502647399902,,0.0,,0.40490439534187317,,,,,,,,,,,,,
2,2339,,0.03137427568435669,,0.0,,0.29566463828086853,,0.0,,0.0,,,0.0,0.0,,0.01135979127138853,,0.2164561152458191,,,0.16287890076637268,,0.0,,0.3588668704032898,,,,,,,,,,,,,
2,2349,,0.028782688081264496,,0.0,,0.2784561812877655,,0.0,,0.0,,,0.0,0.0,,0.011748239398002625,,0.22114023566246033,,,0.1930159628391266,,0.0,,0.36657166481018066,,,,,,,,,,,,,
2,2359,,0.02937629073858261,,0.0,,0.31014078855514526,,0.0,,0.0,,,0.0,0.0,,0.013663724064826965,,0.2343946099281311,,,0.30273979902267456,,0.0,,0.44515758752822876,,,,,,,,,,,,,
2,2369,,0.030611151829361916,,0.0,,0.28339728713035583,,0.0,,0.0,,,0.0,0.0,,0.013868404552340508,,0.20955875515937805,,,0.17925585806369781,,0.0,,0.35834571719169617,,,,,,,,,,,,,
2,2379,,0.0408778041601181,,0.0,,0.31163227558135986,,0.0,,0.0,,,0.0,0.0,,0.017133530229330063,,0.21648672223091125,,,0.20736068487167358,,0.0,,0.396745502948761,,,,,,,,,,,,,
2,2389,,0.038660258054733276,,0.0,,0.2832641005516052,,0.0,,0.0,,,0.0,0.0,,0.018011687323451042,,0.22008639574050903,,,0.23920199275016785,,0.0,,0.3996122479438782,,,,,,,,,,,,,
2,2399,,0.02623746730387211,,0.0,,0.2898930311203003,,0.0,,0.0,,,0.0,0.0,,0.007891468703746796,,0.2161794900894165,,,0.1605677753686905,,0.0,,0.3503846228122711,,,,,,,,,,,,,
2,2409,,0.025811171159148216,,0.0,,0.30518829822540283,,0.0,,0.0,,,0.0,0.0,,0.009379265829920769,,0.22555702924728394,,,0.2808643579483032,,0.0,,0.42340007424354553,,,,,,,,,,,,,
2,2419,,0.0349428728222847,,0.0,,0.29966506361961365,,0.0,,0.0,,,0.0,0.0,,0.009130170568823814,,0.21390193700790405,,,0.1703130006790161,,0.0,,0.36397650837898254,,,,,,,,,,,,,
2,2429,,0.025504842400550842,,0.0,,0.2873750925064087,,0.0,,0.0,,,0.0,0.0,,0.008475657552480698,,0.22698625922203064,,,0.17523616552352905,,0.0,,0.3617890179157257,,,,,,,,,,,,,
2,2439,,0.024297162890434265,,0.0,,0.2588655352592468,,0.0,,0.0,,,0.0,0.0,,0.011964283883571625,,0.2084997594356537,,,0.22512966394424438,,0.0,,0.3643781840801239,,,,,,,,,,,,,
2,2449,,0.04339323192834854,,0.0,,0.29781877994537354,,0.0,,0.0,,,0.0,0.0,,0.017273642122745514,,0.21732072532176971,,,0.265129029750824,,0.0,,0.420467734336853,,,,,,,,,,,,,
2,2459,,0.035480797290802,,0.0,,0.29104623198509216,,0.0,,0.0,,,0.0,0.0,,0.01708400994539261,,0.21601758897304535,,,0.1750548779964447,,0.0,,0.3673417568206787,,,,,,,,,,,,,
2,2469,,0.03268130496144295,,0.0,,0.302436888217926,,0.0,,0.0,,,0.0,0.0,,0.013692948035895824,,0.21119359135627747,,,0.18637403845787048,,0.0,,0.37318938970565796,,,,,,,,,,,,,
2,2479,,0.03173099458217621,,0.0,,0.2741944193840027,,0.0,,0.0,,,0.0,0.0,,0.01565270684659481,,0.20645397901535034,,,0.14046336710453033,,0.0,,0.33424773812294006,,,,,,,,,,,,,
2,2489,,0.030979007482528687,,0.0,,0.2939400374889374,,0.0,,0.0,,,0.0,0.0,,0.01044449582695961,,0.20659960806369781,,,0.17889532446861267,,0.0,,0.3604292869567871,,,,,,,,,,,,,
2,2499,,0.03871043771505356,,0.0,,0.2963731586933136,,0.0,,0.0,,,0.0,0.0,,0.010630282573401928,,0.22429592907428741,,,0.1978440135717392,,0.0,,0.3839269280433655,,,,,,,,,,,,,
2,2509,,0.033197157084941864,,0.0,,0.3322128653526306,,0.0,,0.0,,,0.0,0.0,,0.013245183043181896,,0.2183396816253662,,,0.22487235069274902,,0.0,,0.41093361377716064,,,,,,,,,,,,,
2,2519,,0.034834202378988266,,0.0,,0.2995961010456085,,0.0,,0.0,,,0.0,0.0,,0.015878744423389435,,0.2253013253211975,,,0.12103012204170227,,0.0,,0.34832024574279785,,,,,,,,,,,,,
2,2529,,0.033276207745075226,,0.0,,0.30681824684143066,,0.0,,0.0,,,0.0,0.0,,0.0189962275326252,,0.22039836645126343,,,0.23051872849464417,,0.0,,0.4050039052963257,,,,,,,,,,,,,
2,2534,,,,,,,,,,,,,,,,,,,,,,,,,,0.06553807109594345,0.0,0.36767733097076416,0.0,0.0,0.0,0.0,0.03979431465268135,0.27152860164642334,0.5733785629272461,0.09819593280553818,0.0,0.658958375453949
2,2534,0.034627217799425125,,0.0,,0.31727996468544006,,0.0,,0.0,,0.0,0.0,,,0.014764738269150257,,0.22838877141475677,,0.23904412984848022,0.045319948345422745,,0.0,,0.41705283522605896,,,,,,,,,,,,,,
3,2539,,0.024623896926641464,,0.0,,0.287415087223053,,0.0,,0.0,,,0.0,0.0,,0.009390775114297867,,0.19861385226249695,,,0.21582120656967163,,0.0,,0.36793240904808044,,,,,,,,,,,,,
3,2549,,0.029536675661802292,,0.0,,0.28172382712364197,,0.0,,0.0,,,0.0,0.0,,0.012859667651355267,,0.2047080546617508,,,0.17399588227272034,,0.0,,0.3514120578765869,,,,,,,,,,,,,
3,2559,,0.018622882664203644,,0.0,,0.2867496609687805,,0.0,,0.0,,,0.0,0.0,,0.005917465314269066,,0.22339943051338196,,,0.20206652581691742,,0.0,,0.36837801337242126,,,,,,,,,,,,,
3,2569,,0.030476605519652367,,0.0,,0.29092851281166077,,0.0,,0.0,,,0.0,0.0,,0.014862335287034512,,0.2127774953842163,,,0.191112220287323,,0.0,,0.37007859349250793,,,,,,,,,,,,,
3,2579,,0.025984935462474823,,0.0,,0.2967166602611542,,0.0,,0.0,,,0.0,0.0,,0.008600828237831593,,0.21576723456382751,,,0.22388851642608643,,0.0,,0.3854790925979614,,,,,,,,,,,,,
3,2589,,0.03720426931977272,,0.0,,0.2921113073825836,,0.0,,0.0,,,0.0,0.0,,0.010574638843536377,,0.22195734083652496,,,0.16213417053222656,,0.0,,0.36199086904525757,,,,,,,,,,,,,
3,2599,,0.027552396059036255,,0.0,,0.25650760531425476,,0.0,,0.0,,,0.0,0.0,,0.007673119660466909,,0.21173438429832458,,,0.20665951073169708,,0.0,,0.3550634980201721,,,,,,,,,,,,,
3,2609,,0.02291940525174141,,0.0,,0.29267653822898865,,0.0,,0.0,,,0.0,0.0,,0.00809704139828682,,0.20590996742248535,,,0.15407782793045044,,0.0,,0.34184038639068604,,,,,,,,,,,,,
3,2619,,0.02730739861726761,,0.0,,0.29098057746887207,,0.0,,0.0,,,0.0,0.0,,0.018315277993679047,,0.2176259309053421,,,0.19399304687976837,,0.0,,0.3741110861301422,,,,,,,,,,,,,
3,2629,,0.025451766327023506,,0.0,,0.2708989083766937,,0.0,,0.0,,,0.0,0.0,,0.012681946158409119,,0.20445042848587036,,,0.1640997678041458,,0.0,,0.3387914001941681,,,,,,,,,,,,,
3,2639,,0.0338667668402195,,0.0,,0.2967604994773865,,0.0,,0.0,,,0.0,0.0,,0.012203462421894073,,0.20669732987880707,,,0.15210239589214325,,0.0,,0.3508152365684509,,,,,,,,,,,,,
3,2649,,0.02937540039420128,,0.0,,0.2852827310562134,,0.0,,0.0,,,0.0,0.0,,0.007441025227308273,,0.22489792108535767,,,0.13112694025039673,,0.0,,0.33906200528144836,,,,,,,,,,,,,
3,2659,,0.02441283129155636,,0.0,,0.2729983925819397,,0.0,,0.0,,,0.0,0.0,,0.011484084650874138,,0.21433423459529877,,,0.12440484762191772,,0.0,,0.3238171935081482,,,,,,,,,,,,,
3,2669,,0.031278155744075775,,0.0,,0.2683987319469452,,0.0,,0.0,,,0.0,0.0,,0.017547091469168663,,0.2021268606185913,,,0.13079890608787537,,0.0,,0.32507485151290894,,,,,,,,,,,,,
3,2679,,0.026782002300024033,,0.0,,0.26597991585731506,,0.0,,0.0,,,0.0,0.0,,0.009068487212061882,,0.21207670867443085,,,0.17596545815467834,,0.0,,0.3449362516403198,,,,,,,,,,,,,
3,2689,,0.025179028511047363,,0.0,,0.27672308683395386,,0.0,,0.0,,,0.0,0.0,,0.01831982098519802,,0.21558678150177002,,,0.12095379829406738,,0.0,,0.3283812701702118,,,,,,,,,,,,,
3,2699,,0.025480668991804123,,0.0,,0.27629023790359497,,0.0,,0.0,,,0.0,0.0,,0.008634435944259167,,0.20202739536762238,,,0.1496073305606842,,0.0,,0.3310200572013855,,,,,,,,,,,,,
3,2709,,0.02641260251402855,,0.0,,0.2838537395000458,,0.0,,0.0,,,0.0,0.0,,0.008680902421474457,,0.21343998610973358,,,0.13008072972297668,,0.0,,0.3312339782714844,,,,,,,,,,,,,
3,2719,,0.023147020488977432,,0.0,,0.2565055191516876,,0.0,,0.0,,,0.0,0.0,,0.015786681324243546,,0.20610621571540833,,,0.2056337147951126,,0.0,,0.35358956456184387,,,,,,,,,,,,,
3,2729,,0.0362262949347496,,0.0,,0.3073192238807678,,0.0,,0.0,,,0.0,0.0,,0.014263508841395378,,0.20841869711875916,,,0.20343345403671265,,0.0,,0.3848305642604828,,,,,,,,,,,,,
3,2739,,0.02653682790696621,,0.0,,0.27899599075317383,,0.0,,0.0,,,0.0,0.0,,0.011475860141217709,,0.20608705282211304,,,0.16476929187774658,,0.0,,0.34393250942230225,,,,,,,,,,,,,
3,2749,,0.030848722904920578,,0.0,,0.2658577263355255,,0.0,,0.0,,,0.0,0.0,,0.007703541778028011,,0.2039262056350708,,,0.09002436697483063,,0.0,,0.299180269241333,,,,,,,,,,,,,
3,2759,,0.03089951165020466,,0.0,,0.2683228552341461,,0.0,,0.0,,,0.0,0.0,,0.011690701358020306,,0.2117176502943039,,,0.17772486805915833,,0.0,,0.3501777648925781,,,,,,,,,,,,,
3,2769,,0.02941688895225525,,0.0,,0.291133850812912,,0.0,,0.0,,,0.0,0.0,,0.008608906529843807,,0.21376469731330872,,,0.16978710889816284,,0.0,,0.3563557267189026,,,,,,,,,,,,,
3,2779,,0.029906608164310455,,0.0,,0.2855587601661682,,0.0,,0.0,,,0.0,0.0,,0.015569861978292465,,0.19930320978164673,,,0.15760526061058044,,0.0,,0.343971848487854,,,,,,,,,,,,,
3,2789,,0.02343115769326687,,0.0,,0.26707231998443604,,0.0,,0.0,,,0.0,0.0,,0.008048932999372482,,0.20542752742767334,,,0.1547326147556305,,0.0,,0.32935625314712524,,,,,,,,,,,,,
3,2799,,0.029760286211967468,,0.0,,0.28755706548690796,,0.0,,0.0,,,0.0,0.0,,0.009184539318084717,,0.20866532623767853,,,0.13893336057662964,,0.0,,0.33705028891563416,,,,,,,,,,,,,
3,2809,,0.021399706602096558,,0.0,,0.2694000005722046,,0.0,,0.0,,,0.0,0.0,,0.007837217301130295,,0.19642966985702515,,,0.1538318395614624,,0.0,,0.32444921135902405,,,,,,,,,,,,,
3,2819,,0.022968340665102005,,0.0,,0.2926832437515259,,0.0,,0.0,,,0.0,0.0,,0.006612054072320461,,0.20168355107307434,,,0.18640221655368805,,0.0,,0.3551746904850006,,,,,,,,,,,,,
3,2829,,0.02247494086623192,,0.0,,0.2568214535713196,,0.0,,0.0,,,0.0,0.0,,0.007455917075276375,,0.21231141686439514,,,0.13023146986961365,,0.0,,0.3146476149559021,,,,,,,,,,,,,
3,2839,,0.022798484191298485,,0.0,,0.26173731684684753,,0.0,,0.0,,,0.0,0.0,,0.010952813550829887,,0.2032208889722824,,,0.1297633945941925,,0.0,,0.31423643231391907,,,,,,,,,,,,,
3,2849,,0.025579916313290596,,0.0,,0.2650177776813507,,0.0,,0.0,,,0.0,0.0,,0.012721601873636246,,0.2024097740650177,,,0.16244462132453918,,0.0,,0.3340868353843689,,,,,,,,,,,,,
3,2859,,0.028990667313337326,,0.0,,0.2604649066925049,,0.0,,0.0,,,0.0,0.0,,0.011505775153636932,,0.20659473538398743,,,0.13567852973937988,,0.0,,0.3216173052787781,,,,,,,,,,,,,
3,2869,,0.02702827751636505,,0.0,,0.2980123460292816,,0.0,,0.0,,,0.0,0.0,,0.011673088185489178,,0.2066519558429718,,,0.13452300429344177,,0.0,,0.33894431591033936,,,,,,,,,,,,,
3,2879,,0.03392842411994934,,0.0,,0.2707119882106781,,0.0,,0.0,,,0.0,0.0,,0.008365496061742306,,0.21401724219322205,,,0.10779329389333725,,0.0,,0.3174082338809967,,,,,,,,,,,,,
3,2889,,0.031551606953144073,,0.0,,0.29076987504959106,,0.0,,0.0,,,0.0,0.0,,0.009230652824044228,,0.20993134379386902,,,0.14038440585136414,,0.0,,0.3409339189529419,,,,,,,,,,,,,
3,2899,,0.034290559589862823,,0.0,,0.2815263867378235,,0.0,,0.0,,,0.0,0.0,,0.011304765939712524,,0.20726047456264496,,,0.12187834084033966,,0.0,,0.3281302750110626,,,,,,,,,,,,,
3,2909,,0.027855586260557175,,0.0,,0.24898873269557953,,0.0,,0.0,,,0.0,0.0,,0.010269544087350368,,0.22260090708732605,,,0.15302254259586334,,0.0,,0.331368625164032,,,,,,,,,,,,,
3,2919,,0.02588370442390442,,0.0,,0.262095183134079,,0.0,,0.0,,,0.0,0.0,,0.008569527417421341,,0.20854106545448303,,,0.14132609963417053,,0.0,,0.3232077956199646,,,,,,,,,,,,,
3,2929,,0.028024034574627876,,0.0,,0.27888092398643494,,0.0,,0.0,,,0.0,0.0,,0.006797730922698975,,0.20163965225219727,,,0.1114741638302803,,0.0,,0.3134082555770874,,,,,,,,,,,,,
3,2939,,0.03091442584991455,,0.0,,0.3033098578453064,,0.0,,0.0,,,0.0,0.0,,0.011315032839775085,,0.20856796205043793,,,0.12796692550182343,,0.0,,0.3410371243953705,,,,,,,,,,,,,
3,2949,,0.02652587741613388,,0.0,,0.2571753263473511,,0.0,,0.0,,,0.0,0.0,,0.01256549172103405,,0.20676155388355255,,,0.1584029346704483,,0.0,,0.3307155668735504,,,,,,,,,,,,,
3,2959,,0.03129842132329941,,0.0,,0.28700438141822815,,0.0,,0.0,,,0.0,0.0,,0.01135172974318266,,0.20920738577842712,,,0.1584959328174591,,0.0,,0.3486788868904114,,,,,,,,,,,,,
3,2969,,0.03169523924589157,,0.0,,0.2614911198616028,,0.0,,0.0,,,0.0,0.0,,0.012119370512664318,,0.19305378198623657,,,0.11201387643814087,,0.0,,0.3051866888999939,,,,,,,,,,,,,
3,2979,,0.018900157883763313,,0.0,,0.23619872331619263,,0.0,,0.0,,,0.0,0.0,,0.007158284075558186,,0.20245234668254852,,,0.11336201429367065,,0.0,,0.28903576731681824,,,,,,,,,,,,,
3,2989,,0.02675481326878071,,0.0,,0.262149840593338,,0.0,,0.0,,,0.0,0.0,,0.009438825771212578,,0.20894300937652588,,,0.12060454487800598,,0.0,,0.3139455318450928,,,,,,,,,,,,,
3,2999,,0.02302592806518078,,0.0,,0.24659736454486847,,0.0,,0.0,,,0.0,0.0,,0.005905242171138525,,0.2048788070678711,,,0.097335584461689,,0.0,,0.2888714671134949,,,,,,,,,,,,,
3,3009,,0.025381792336702347,,0.0,,0.2364666908979416,,0.0,,0.0,,,0.0,0.0,,0.008409864269196987,,0.1984083652496338,,,0.10836958140134811,,0.0,,0.28851816058158875,,,,,,,,,,,,,
3,3019,,0.01981828175485134,,0.0,,0.24529604613780975,,0.0,,0.0,,,0.0,0.0,,0.009855666197836399,,0.19997850060462952,,,0.10623441636562347,,0.0,,0.29059144854545593,,,,,,,,,,,,,
3,3029,,0.027980301529169083,,0.0,,0.26411205530166626,,0.0,,0.0,,,0.0,0.0,,0.01029193215072155,,0.21024325489997864,,,0.09783381968736649,,0.0,,0.30523067712783813,,,,,,,,,,,,,
3,3039,,0.02098790556192398,,0.0,,0.25396016240119934,,0.0,,0.0,,,0.0,0.0,,0.006991248112171888,,0.1974600851535797,,,0.1380355805158615,,0.0,,0.3087174892425537,,,,,,,,,,,,,
3,3049,,0.026572536677122116,,0.0,,0.24809587001800537,,0.0,,0.0,,,0.0,0.0,,0.011360883712768555,,0.20805934071540833,,,0.13221845030784607,,0.0,,0.31315353512763977,,,,,,,,,,,,,
3,3059,,0.039282046258449554,,0.0,,0.28312936425209045,,0.0,,0.0,,,0.0,0.0,,0.014395663514733315,,0.2029147744178772,,,0.07805511355400085,,0.0,,0.3088884949684143,,,,,,,,,,,,,
3,3069,,0.01577676646411419,,0.0,,0.2349633425474167,,0.0,,0.0,,,0.0,0.0,,0.008691801689565182,,0.1998983770608902,,,0.1011105626821518,,0.0,,0.2802204191684723,,,,,,,,,,,,,
3,3079,,0.022576864808797836,,0.0,,0.2432505190372467,,0.0,,0.0,,,0.0,0.0,,0.005449688993394375,,0.20107385516166687,,,0.09094401448965073,,0.0,,0.2816474735736847,,,,,,,,,,,,,
3,3089,,0.019109506160020828,,0.0,,0.24020127952098846,,0.0,,0.0,,,0.0,0.0,,0.010932426899671555,,0.20201390981674194,,,0.16634024679660797,,0.0,,0.3192986845970154,,,,,,,,,,,,,
3,3099,,0.030929820612072945,,0.0,,0.260449081659317,,0.0,,0.0,,,0.0,0.0,,0.009603511542081833,,0.1928034871816635,,,0.11625070869922638,,0.0,,0.3050183057785034,,,,,,,,,,,,,
3,3109,,0.02818002738058567,,0.0,,0.2623477876186371,,0.0,,0.0,,,0.0,0.0,,0.007576147094368935,,0.19485145807266235,,,0.14201590418815613,,0.0,,0.31748566031455994,,,,,,,,,,,,,
3,3119,,0.021018851548433304,,0.0,,0.2649196684360504,,0.0,,0.0,,,0.0,0.0,,0.012015915475785732,,0.19249168038368225,,,0.1407782882452011,,0.0,,0.31561219692230225,,,,,,,,,,,,,
3,3129,,0.024395229294896126,,0.0,,0.25214916467666626,,0.0,,0.0,,,0.0,0.0,,0.008969267830252647,,0.20895296335220337,,,0.09502696990966797,,0.0,,0.2947468161582947,,,,,,,,,,,,,
3,3139,,0.024036187678575516,,0.0,,0.26611560583114624,,0.0,,0.0,,,0.0,0.0,,0.008873548358678818,,0.2020610272884369,,,0.1131521612405777,,0.0,,0.3071192502975464,,,,,,,,,,,,,
3,3149,,0.030283987522125244,,0.0,,0.26475706696510315,,0.0,,0.0,,,0.0,0.0,,0.007407675497233868,,0.1979779601097107,,,0.09208471328020096,,0.0,,0.2962557077407837,,,,,,,,,,,,,
3,3159,,0.026993725448846817,,0.0,,0.2695334255695343,,0.0,,0.0,,,0.0,0.0,,0.008955715224146843,,0.20264406502246857,,,0.12032260000705719,,0.0,,0.3142247498035431,,,,,,,,,,,,,
3,3169,,0.026079967617988586,,0.0,,0.2621974050998688,,0.0,,0.0,,,0.0,0.0,,0.009081858210265636,,0.20541858673095703,,,0.08293406665325165,,0.0,,0.2928559482097626,,,,,,,,,,,,,
3,3179,,0.03812776878476143,,0.0,,0.26307377219200134,,0.0,,0.0,,,0.0,0.0,,0.01358154695481062,,0.19758303463459015,,,0.13371756672859192,,0.0,,0.3230418562889099,,,,,,,,,,,,,
3,3189,,0.03337094187736511,,0.0,,0.2647705078125,,0.0,,0.0,,,0.0,0.0,,0.008655797690153122,,0.20644670724868774,,,0.10337898880243301,,0.0,,0.30831146240234375,,,,,,,,,,,,,
3,3199,,0.03283936157822609,,0.0,,0.23960018157958984,,0.0,,0.0,,,0.0,0.0,,0.013629740104079247,,0.1975921243429184,,,0.14468644559383392,,0.0,,0.31417393684387207,,,,,,,,,,,,,
3,3209,,0.026755455881357193,,0.0,,0.24872344732284546,,0.0,,0.0,,,0.0,0.0,,0.0059835962019860744,,0.19189879298210144,,,0.1066175103187561,,0.0,,0.2899894118309021,,,,,,,,,,,,,
3,3219,,0.02369944006204605,,0.0,,0.262675940990448,,0.0,,0.0,,,0.0,0.0,,0.007575292140245438,,0.1994355320930481,,,0.09836570173501968,,0.0,,0.2958759665489197,,,,,,,,,,,,,
3,3229,,0.02555186115205288,,0.0,,0.2523612976074219,,0.0,,0.0,,,0.0,0.0,,0.00815114751458168,,0.20111528038978577,,,0.0958188995718956,,0.0,,0.29149922728538513,,,,,,,,,,,,,
3,3239,,0.03240729868412018,,0.0,,0.2558942437171936,,0.0,,0.0,,,0.0,0.0,,0.009059037081897259,,0.20125824213027954,,,0.14091938734054565,,0.0,,0.31976908445358276,,,,,,,,,,,,,
3,3249,,0.022957870736718178,,0.0,,0.26719826459884644,,0.0,,0.0,,,0.0,0.0,,0.007142852060496807,,0.19532835483551025,,,0.10917231440544128,,0.0,,0.30089980363845825,,,,,,,,,,,,,
3,3259,,0.016246408224105835,,0.0,,0.23036253452301025,,0.0,,0.0,,,0.0,0.0,,0.005756828933954239,,0.1929512470960617,,,0.0862903892993927,,0.0,,0.2658036947250366,,,,,,,,,,,,,
3,3269,,0.020240094512701035,,0.0,,0.2604503929615021,,0.0,,0.0,,,0.0,0.0,,0.007194656878709793,,0.20627224445343018,,,0.15694233775138855,,0.0,,0.3255498707294464,,,,,,,,,,,,,
3,3279,,0.030290011316537857,,0.0,,0.247548446059227,,0.0,,0.0,,,0.0,0.0,,0.010653287172317505,,0.21506594121456146,,,0.07780934870243073,,0.0,,0.2906835079193115,,,,,,,,,,,,,
3,3289,,0.021630238741636276,,0.0,,0.22705796360969543,,0.0,,0.0,,,0.0,0.0,,0.004979807883501053,,0.1987343579530716,,,0.10344564914703369,,0.0,,0.2779240012168884,,,,,,,,,,,,,
3,3299,,0.025606755167245865,,0.0,,0.2562370300292969,,0.0,,0.0,,,0.0,0.0,,0.008600677363574505,,0.18936596810817719,,,0.1294780969619751,,0.0,,0.30464428663253784,,,,,,,,,,,,,
3,3309,,0.033676959574222565,,0.0,,0.2525603473186493,,0.0,,0.0,,,0.0,0.0,,0.008073966950178146,,0.19658169150352478,,,0.08623997867107391,,0.0,,0.2885664701461792,,,,,,,,,,,,,
3,3319,,0.03653542697429657,,0.0,,0.27803555130958557,,0.0,,0.0,,,0.0,0.0,,0.011617413721978664,,0.20316004753112793,,,0.08650714159011841,,0.0,,0.30792778730392456,,,,,,,,,,,,,
3,3329,,0.03142642602324486,,0.0,,0.24454829096794128,,0.0,,0.0,,,0.0,0.0,,0.007106856442987919,,0.1937207579612732,,,0.08090044558048248,,0.0,,0.27885138988494873,,,,,,,,,,,,,
3,3339,,0.034186385571956635,,0.0,,0.25797179341316223,,0.0,,0.0,,,0.0,0.0,,0.00711198803037405,,0.20221686363220215,,,0.12520438432693481,,0.0,,0.31334570050239563,,,,,,,,,,,,,
3,3349,,0.020561015233397484,,0.0,,0.24477910995483398,,0.0,,0.0,,,0.0,0.0,,0.0062403930351138115,,0.1964828073978424,,,0.12660840153694153,,0.0,,0.2973358631134033,,,,,,,,,,,,,
3,3359,,0.027294114232063293,,0.0,,0.23784849047660828,,0.0,,0.0,,,0.0,0.0,,0.008730198256671429,,0.19704626500606537,,,0.10650372505187988,,0.0,,0.2887113690376282,,,,,,,,,,,,,
3,3369,,0.024358004331588745,,0.0,,0.23878520727157593,,0.0,,0.0,,,0.0,0.0,,0.007412028964608908,,0.19886723160743713,,,0.09584595263004303,,0.0,,0.2826341986656189,,,,,,,,,,,,,
3,3379,,0.03189733624458313,,0.0,,0.25092947483062744,,0.0,,0.0,,,0.0,0.0,,0.0107186920940876,,0.20193776488304138,,,0.13992255926132202,,0.0,,0.31770291924476624,,,,,,,,,,,,,
3,3379,,,,,,,,,,,,,,,,,,,,,,,,,,0.0637562945485115,0.0,0.33987149596214294,0.0,0.0,0.0,0.0,0.037186384201049805,0.26821812987327576,0.4986356198787689,0.08427397161722183,0.0,0.6038339138031006
3,3379,0.026565827429294586,,0.0,,0.26454105973243713,,0.0,,0.0,,0.0,0.0,,,0.009627335704863071,,0.2049371302127838,,0.1332063525915146,0.024825381115078926,,0.0,,0.3194389045238495,,,,,,,,,,,,,,
4,3389,,0.022281400859355927,,0.0,,0.21115198731422424,,0.0,,0.0,,,0.0,0.0,,0.007101843133568764,,0.18236571550369263,,,0.08005109429359436,,0.0,,0.2514760196208954,,,,,,,,,,,,,
4,3399,,0.021260423585772514,,0.0,,0.24828942120075226,,0.0,,0.0,,,0.0,0.0,,0.008475533686578274,,0.2076665461063385,,,0.09791408479213715,,0.0,,0.2918030023574829,,,,,,,,,,,,,
4,3409,,0.02036450058221817,,0.0,,0.2655722200870514,,0.0,,0.0,,,0.0,0.0,,0.0058365813456475735,,0.19466270506381989,,,0.08264027535915375,,0.0,,0.2845381498336792,,,,,,,,,,,,,
4,3419,,0.028337910771369934,,0.0,,0.24788326025009155,,0.0,,0.0,,,0.0,0.0,,0.009634528309106827,,0.20087668299674988,,,0.10212385654449463,,0.0,,0.29442811012268066,,,,,,,,,,,,,
4,3429,,0.026408635079860687,,0.0,,0.22678281366825104,,0.0,,0.0,,,0.0,0.0,,0.008942926302552223,,0.20306840538978577,,,0.09041343629360199,,0.0,,0.27780812978744507,,,,,,,,,,,,,
4,3439,,0.02268414944410324,,0.0,,0.27597108483314514,,0.0,,0.0,,,0.0,0.0,,0.008653612807393074,,0.20140132308006287,,,0.11886580288410187,,0.0,,0.3137879967689514,,,,,,,,,,,,,
4,3449,,0.024888407438993454,,0.0,,0.23531986773014069,,0.0,,0.0,,,0.0,0.0,,0.008772729896008968,,0.19033485651016235,,,0.09677161276340485,,0.0,,0.2780437171459198,,,,,,,,,,,,,
4,3459,,0.02236184850335121,,0.0,,0.22983600199222565,,0.0,,0.0,,,0.0,0.0,,0.0086168572306633,,0.19188624620437622,,,0.10026096552610397,,0.0,,0.27648094296455383,,,,,,,,,,,,,
4,3469,,0.022929809987545013,,0.0,,0.23647195100784302,,0.0,,0.0,,,0.0,0.0,,0.008482519537210464,,0.1959993690252304,,,0.18701034784317017,,0.0,,0.3254470229148865,,,,,,,,,,,,,
4,3479,,0.020664356648921967,,0.0,,0.23558354377746582,,0.0,,0.0,,,0.0,0.0,,0.006341591011732817,,0.18490725755691528,,,0.0617862194776535,,0.0,,0.25464147329330444,,,,,,,,,,,,,
4,3489,,0.020897991955280304,,0.0,,0.2620558440685272,,0.0,,0.0,,,0.0,0.0,,0.02521311305463314,,0.19866329431533813,,,0.09267579764127731,,0.0,,0.29975301027297974,,,,,,,,,,,,,
4,3499,,0.022867653518915176,,0.0,,0.22608304023742676,,0.0,,0.0,,,0.0,0.0,,0.007193388417363167,,0.19173294305801392,,,0.057702600955963135,,0.0,,0.25278979539871216,,,,,,,,,,,,,
4,3509,,0.02404368482530117,,0.0,,0.251580148935318,,0.0,,0.0,,,0.0,0.0,,0.008505376055836678,,0.19912758469581604,,,0.1038220077753067,,0.0,,0.2935394048690796,,,,,,,,,,,,,
4,3519,,0.025163400918245316,,0.0,,0.2192346304655075,,0.0,,0.0,,,0.0,0.0,,0.00719795934855938,,0.18926109373569489,,,0.06238400191068649,,0.0,,0.2516205310821533,,,,,,,,,,,,,
4,3529,,0.02547139674425125,,0.0,,0.26770588755607605,,0.0,,0.0,,,0.0,0.0,,0.007851499132812023,,0.19517052173614502,,,0.10928355157375336,,0.0,,0.3027414381504059,,,,,,,,,,,,,
4,3539,,0.02042100578546524,,0.0,,0.25192177295684814,,0.0,,0.0,,,0.0,0.0,,0.009041858837008476,,0.18981878459453583,,,0.1044195145368576,,0.0,,0.2878114581108093,,,,,,,,,,,,,
4,3549,,0.021250847727060318,,0.0,,0.23044148087501526,,0.0,,0.0,,,0.0,0.0,,0.005224650260061026,,0.18717795610427856,,,0.07675881683826447,,0.0,,0.2604268789291382,,,,,,,,,,,,,
4,3559,,0.017923403531312943,,0.0,,0.21478913724422455,,0.0,,0.0,,,0.0,0.0,,0.005178673192858696,,0.19062063097953796,,,0.0711219534277916,,0.0,,0.24981689453125,,,,,,,,,,,,,
4,3569,,0.017079569399356842,,0.0,,0.21387000381946564,,0.0,,0.0,,,0.0,0.0,,0.004888555966317654,,0.19064579904079437,,,0.05680130422115326,,0.0,,0.24164262413978577,,,,,,,,,,,,,
4,3579,,0.01591177098453045,,0.0,,0.21377982199192047,,0.0,,0.0,,,0.0,0.0,,0.004137779586017132,,0.1839952915906906,,,0.096564382314682,,0.0,,0.25719451904296875,,,,,,,,,,,,,
4,3589,,0.0216346625238657,,0.0,,0.21410852670669556,,0.0,,0.0,,,0.0,0.0,,0.006443378981202841,,0.19291001558303833,,,0.07652869820594788,,0.0,,0.2558126449584961,,,,,,,,,,,,,
4,3599,,0.021022100001573563,,0.0,,0.21815678477287292,,0.0,,0.0,,,0.0,0.0,,0.007014725357294083,,0.20404085516929626,,,0.08248823881149292,,0.0,,0.2663613557815552,,,,,,,,,,,,,
4,3609,,0.02116311527788639,,0.0,,0.23062436282634735,,0.0,,0.0,,,0.0,0.0,,0.00919751450419426,,0.1883220374584198,,,0.10029140114784241,,0.0,,0.2747991979122162,,,,,,,,,,,,,
4,3619,,0.026090752333402634,,0.0,,0.2438776195049286,,0.0,,0.0,,,0.0,0.0,,0.007429223507642746,,0.19250601530075073,,,0.08226731419563293,,0.0,,0.27608543634414673,,,,,,,,,,,,,
4,3629,,0.01382385939359665,,0.0,,0.2374579757452011,,0.0,,0.0,,,0.0,0.0,,0.005773989018052816,,0.18475931882858276,,,0.06556844711303711,,0.0,,0.25369179248809814,,,,,,,,,,,,,
4,3639,,0.01976853236556053,,0.0,,0.2210807055234909,,0.0,,0.0,,,0.0,0.0,,0.004976626019924879,,0.1855037808418274,,,0.09413435310125351,,0.0,,0.26273199915885925,,,,,,,,,,,,,
4,3649,,0.02095918357372284,,0.0,,0.22402547299861908,,0.0,,0.0,,,0.0,0.0,,0.006523981690406799,,0.19638875126838684,,,0.11356238275766373,,0.0,,0.28072988986968994,,,,,,,,,,,,,
4,3659,,0.02362809330224991,,0.0,,0.22518450021743774,,0.0,,0.0,,,0.0,0.0,,0.009659313596785069,,0.1959477961063385,,,0.07796354591846466,,0.0,,0.26619163155555725,,,,,,,,,,,,,
4,3669,,0.01662479154765606,,0.0,,0.21568110585212708,,0.0,,0.0,,,0.0,0.0,,0.012972607277333736,,0.19519060850143433,,,0.06866831332445145,,0.0,,0.2545686960220337,,,,,,,,,,,,,
4,3679,,0.03454051539301872,,0.0,,0.2261040359735489,,0.0,,0.0,,,0.0,0.0,,0.01941250078380108,,0.19443751871585846,,,0.10844112187623978,,0.0,,0.2914678454399109,,,,,,,,,,,,,
4,3689,,0.020206592977046967,,0.0,,0.2028164118528366,,0.0,,0.0,,,0.0,0.0,,0.006632446311414242,,0.1852187216281891,,,0.0824568048119545,,0.0,,0.2486654818058014,,,,,,,,,,,,,
4,3699,,0.017557332292199135,,0.0,,0.23332352936267853,,0.0,,0.0,,,0.0,0.0,,0.004570852965116501,,0.18808689713478088,,,0.07298383116722107,,0.0,,0.25826120376586914,,,,,,,,,,,,,
4,3709,,0.023682963103055954,,0.0,,0.2138720601797104,,0.0,,0.0,,,0.0,0.0,,0.0062036579474806786,,0.1942170113325119,,,0.06011534482240677,,0.0,,0.2490455061197281,,,,,,,,,,,,,
4,3719,,0.02635079249739647,,0.0,,0.24325260519981384,,0.0,,0.0,,,0.0,0.0,,0.0070731667801737785,,0.18940868973731995,,,0.08857939392328262,,0.0,,0.2773323357105255,,,,,,,,,,,,,
4,3729,,0.01885482296347618,,0.0,,0.20842893421649933,,0.0,,0.0,,,0.0,0.0,,0.005594538524746895,,0.18753767013549805,,,0.0649159625172615,,0.0,,0.24266596138477325,,,,,,,,,,,,,
4,3739,,0.019261298701167107,,0.0,,0.20875553786754608,,0.0,,0.0,,,0.0,0.0,,0.005482151638716459,,0.19345945119857788,,,0.05426667630672455,,0.0,,0.24061256647109985,,,,,,,,,,,,,
4,3749,,0.033925674855709076,,0.0,,0.24418915808200836,,0.0,,0.0,,,0.0,0.0,,0.009224475361406803,,0.20307981967926025,,,0.10712147504091263,,0.0,,0.29877030849456787,,,,,,,,,,,,,
4,3759,,0.02082761377096176,,0.0,,0.2187381535768509,,0.0,,0.0,,,0.0,0.0,,0.00491911917924881,,0.18273919820785522,,,0.09830039739608765,,0.0,,0.26276224851608276,,,,,,,,,,,,,
4,3769,,0.018976151943206787,,0.0,,0.19640061259269714,,0.0,,0.0,,,0.0,0.0,,0.007402022834867239,,0.18592974543571472,,,0.07370805740356445,,0.0,,0.2412082999944687,,,,,,,,,,,,,
4,3779,,0.01789763942360878,,0.0,,0.2137383222579956,,0.0,,0.0,,,0.0,0.0,,0.012483261525630951,,0.18431150913238525,,,0.11088979244232178,,0.0,,0.26966026425361633,,,,,,,,,,,,,
4,3789,,0.01788993552327156,,0.0,,0.23215433955192566,,0.0,,0.0,,,0.0,0.0,,0.005768854171037674,,0.193586528301239,,,0.06305921077728271,,0.0,,0.2562294602394104,,,,,,,,,,,,,
4,3799,,0.01702086254954338,,0.0,,0.2262263149023056,,0.0,,0.0,,,0.0,0.0,,0.005360548850148916,,0.18778908252716064,,,0.05858008563518524,,0.0,,0.24748843908309937,,,,,,,,,,,,,
4,3809,,0.02075839787721634,,0.0,,0.21627791225910187,,0.0,,0.0,,,0.0,0.0,,0.006911040749400854,,0.1895952820777893,,,0.05464749410748482,,0.0,,0.2440950572490692,,,,,,,,,,,,,
4,3819,,0.019521024078130722,,0.0,,0.2051364779472351,,0.0,,0.0,,,0.0,0.0,,0.00774514302611351,,0.18673840165138245,,,0.1072617769241333,,0.0,,0.26320141553878784,,,,,,,,,,,,,
4,3829,,0.016003938391804695,,0.0,,0.21301846206188202,,0.0,,0.0,,,0.0,0.0,,0.005803035106509924,,0.18052679300308228,,,0.1109929084777832,,0.0,,0.26317256689071655,,,,,,,,,,,,,
4,3839,,0.022686423733830452,,0.0,,0.20965035259723663,,0.0,,0.0,,,0.0,0.0,,0.006333439610898495,,0.1983974426984787,,,0.09802087396383286,,0.0,,0.2675442695617676,,,,,,,,,,,,,
4,3849,,0.013918252661824226,,0.0,,0.21610237658023834,,0.0,,0.0,,,0.0,0.0,,0.005492871627211571,,0.18872106075286865,,,0.07335960865020752,,0.0,,0.24879707396030426,,,,,,,,,,,,,
4,3859,,0.026398753747344017,,0.0,,0.2145330011844635,,0.0,,0.0,,,0.0,0.0,,0.008514388464391232,,0.19279706478118896,,,0.10441388189792633,,0.0,,0.2733285427093506,,,,,,,,,,,,,
4,3869,,0.02166890725493431,,0.0,,0.22547021508216858,,0.0,,0.0,,,0.0,0.0,,0.004982412792742252,,0.18361562490463257,,,0.0868600383400917,,0.0,,0.26129859685897827,,,,,,,,,,,,,
4,3879,,0.025694506242871284,,0.0,,0.24846987426280975,,0.0,,0.0,,,0.0,0.0,,0.0063762362115085125,,0.18438878655433655,,,0.07067905366420746,,0.0,,0.26780423521995544,,,,,,,,,,,,,
4,3889,,0.019259236752986908,,0.0,,0.20266272127628326,,0.0,,0.0,,,0.0,0.0,,0.007712560705840588,,0.18710178136825562,,,0.06509476900100708,,0.0,,0.24091553688049316,,,,,,,,,,,,,
4,3899,,0.015578589402139187,,0.0,,0.20823423564434052,,0.0,,0.0,,,0.0,0.0,,0.004629689734429121,,0.17772187292575836,,,0.046815693378448486,,0.0,,0.2264900505542755,,,,,,,,,,,,,
4,3909,,0.028345508500933647,,0.0,,0.2294304519891739,,0.0,,0.0,,,0.0,0.0,,0.008878217078745365,,0.19430513679981232,,,0.08215536177158356,,0.0,,0.2715573310852051,,,,,,,,,,,,,
4,3919,,0.030307184904813766,,0.0,,0.24187353253364563,,0.0,,0.0,,,0.0,0.0,,0.010634723119437695,,0.18587788939476013,,,0.07777856290340424,,0.0,,0.273235946893692,,,,,,,,,,,,,
4,3929,,0.022747904062271118,,0.0,,0.23545986413955688,,0.0,,0.0,,,0.0,0.0,,0.007212008349597454,,0.19571782648563385,,,0.0576959028840065,,0.0,,0.25941675901412964,,,,,,,,,,,,,
4,3939,,0.021278822794556618,,0.0,,0.21257932484149933,,0.0,,0.0,,,0.0,0.0,,0.0067201340571045876,,0.1880796104669571,,,0.06654712557792664,,0.0,,0.24760250747203827,,,,,,,,,,,,,
4,3949,,0.02431480586528778,,0.0,,0.21490433812141418,,0.0,,0.0,,,0.0,0.0,,0.006399213336408138,,0.18027952313423157,,,0.07664001733064651,,0.0,,0.2512689530849457,,,,,,,,,,,,,
4,3959,,0.025058310478925705,,0.0,,0.2112606167793274,,0.0,,0.0,,,0.0,0.0,,0.006257402710616589,,0.18268638849258423,,,0.11204222589731216,,0.0,,0.26865246891975403,,,,,,,,,,,,,
4,3969,,0.022258391603827477,,0.0,,0.24760326743125916,,0.0,,0.0,,,0.0,0.0,,0.005868743173778057,,0.19402793049812317,,,0.08780965209007263,,0.0,,0.27878397703170776,,,,,,,,,,,,,
4,3979,,0.021403074264526367,,0.0,,0.23398742079734802,,0.0,,0.0,,,0.0,0.0,,0.0035907120909541845,,0.19164210557937622,,,0.07324367761611938,,0.0,,0.26193350553512573,,,,,,,,,,,,,
4,3989,,0.020955201238393784,,0.0,,0.21346154808998108,,0.0,,0.0,,,0.0,0.0,,0.004931738134473562,,0.18234477937221527,,,0.07377058267593384,,0.0,,0.24773192405700684,,,,,,,,,,,,,
4,3999,,0.019114917144179344,,0.0,,0.21369092166423798,,0.0,,0.0,,,0.0,0.0,,0.003924332559108734,,0.19144678115844727,,,0.07033602893352509,,0.0,,0.24925649166107178,,,,,,,,,,,,,
4,4009,,0.02476666495203972,,0.0,,0.2174120545387268,,0.0,,0.0,,,0.0,0.0,,0.009480996988713741,,0.1873956024646759,,,0.05753999948501587,,0.0,,0.24829764664173126,,,,,,,,,,,,,
4,4019,,0.029683955013751984,,0.0,,0.25525689125061035,,0.0,,0.0,,,0.0,0.0,,0.011817540042102337,,0.18798163533210754,,,0.061672769486904144,,0.0,,0.2732063829898834,,,,,,,,,,,,,
4,4029,,0.02878730557858944,,0.0,,0.2452017366886139,,0.0,,0.0,,,0.0,0.0,,0.010495699010789394,,0.20081043243408203,,,0.09102500975131989,,0.0,,0.2881600856781006,,,,,,,,,,,,,
4,4039,,0.026812177151441574,,0.0,,0.2277844250202179,,0.0,,0.0,,,0.0,0.0,,0.009575522504746914,,0.18991732597351074,,,0.07332444936037064,,0.0,,0.2637069523334503,,,,,,,,,,,,,
4,4049,,0.017628077417612076,,0.0,,0.21281594038009644,,0.0,,0.0,,,0.0,0.0,,0.004110801964998245,,0.18435072898864746,,,0.05487946420907974,,0.0,,0.23689250648021698,,,,,,,,,,,,,
4,4059,,0.018125638365745544,,0.0,,0.18995019793510437,,0.0,,0.0,,,0.0,0.0,,0.005497259553521872,,0.18761411309242249,,,0.05101114511489868,,0.0,,0.2260991781949997,,,,,,,,,,,,,
4,4069,,0.02074560523033142,,0.0,,0.22255951166152954,,0.0,,0.0,,,0.0,0.0,,0.004921236075460911,,0.18399544060230255,,,0.05185610428452492,,0.0,,0.24203893542289734,,,,,,,,,,,,,
4,4079,,0.025193557143211365,,0.0,,0.22830675542354584,,0.0,,0.0,,,0.0,0.0,,0.006062428932636976,,0.18038155138492584,,,0.10059231519699097,,0.0,,0.2702683210372925,,,,,,,,,,,,,
4,4089,,0.020765727385878563,,0.0,,0.21327607333660126,,0.0,,0.0,,,0.0,0.0,,0.005604246165603399,,0.19588340818881989,,,0.09559012204408646,,0.0,,0.2655597925186157,,,,,,,,,,,,,
4,4099,,0.032124556601047516,,0.0,,0.2306317836046219,,0.0,,0.0,,,0.0,0.0,,0.006427194457501173,,0.1978060007095337,,,0.11009715497493744,,0.0,,0.28854334354400635,,,,,,,,,,,,,
4,4109,,0.027425628155469894,,0.0,,0.23812057077884674,,0.0,,0.0,,,0.0,0.0,,0.009711671620607376,,0.18666839599609375,,,0.060743555426597595,,0.0,,0.2613348960876465,,,,,,,,,,,,,
4,4119,,0.027746522799134254,,0.0,,0.2590615153312683,,0.0,,0.0,,,0.0,0.0,,0.009902182966470718,,0.19540688395500183,,,0.07167461514472961,,0.0,,0.28189587593078613,,,,,,,,,,,,,
4,4129,,0.01868637464940548,,0.0,,0.21295835077762604,,0.0,,0.0,,,0.0,0.0,,0.005287574138492346,,0.19179056584835052,,,0.06687512993812561,,0.0,,0.24779900908470154,,,,,,,,,,,,,
4,4139,,0.02196076512336731,,0.0,,0.21265201270580292,,0.0,,0.0,,,0.0,0.0,,0.007106745149940252,,0.1889255940914154,,,0.05737600848078728,,0.0,,0.2440105527639389,,,,,,,,,,,,,
4,4149,,0.02441449463367462,,0.0,,0.19135963916778564,,0.0,,0.0,,,0.0,0.0,,0.006155453622341156,,0.18479511141777039,,,0.05488422513008118,,0.0,,0.2308044731616974,,,,,,,,,,,,,
4,4159,,0.0260476041585207,,0.0,,0.24944543838500977,,0.0,,0.0,,,0.0,0.0,,0.00532048474997282,,0.18627890944480896,,,0.040154412388801575,,0.0,,0.25362342596054077,,,,,,,,,,,,,
4,4169,,0.018626300618052483,,0.0,,0.21473108232021332,,0.0,,0.0,,,0.0,0.0,,0.005083878058940172,,0.1847180724143982,,,0.061379022896289825,,0.0,,0.24226918816566467,,,,,,,,,,,,,
4,4179,,0.02159424126148224,,0.0,,0.22139902412891388,,0.0,,0.0,,,0.0,0.0,,0.005198657512664795,,0.19095759093761444,,,0.036414533853530884,,0.0,,0.23778201639652252,,,,,,,,,,,,,
4,4189,,0.024785321205854416,,0.0,,0.23883786797523499,,0.0,,0.0,,,0.0,0.0,,0.007184525951743126,,0.19110050797462463,,,0.08349378407001495,,0.0,,0.2727009952068329,,,,,,,,,,,,,
4,4199,,0.022021133452653885,,0.0,,0.22798140347003937,,0.0,,0.0,,,0.0,0.0,,0.006815659813582897,,0.1902790665626526,,,0.07657264173030853,,0.0,,0.2618349492549896,,,,,,,,,,,,,
4,4209,,0.02906910702586174,,0.0,,0.21526046097278595,,0.0,,0.0,,,0.0,0.0,,0.006687327288091183,,0.18999157845973969,,,0.05368261784315109,,0.0,,0.24734553694725037,,,,,,,,,,,,,
4,4219,,0.02136002480983734,,0.0,,0.21113133430480957,,0.0,,0.0,,,0.0,0.0,,0.007502648048102856,,0.18862518668174744,,,0.054714933037757874,,0.0,,0.24166706204414368,,,,,,,,,,,,,
4,4224,,,,,,,,,,,,,,,,,,,,,,,,,,0.06465087831020355,0.0,0.3386981189250946,0.0,0.0,0.0,0.0,0.0348544642329216,0.2605319619178772,0.4377136826515198,0.07199163734912872,0.0,0.5682246088981628
4,4224,0.022389013320207596,,0.0,,0.22615034878253937,,0.0,,0.0,,0.0,0.0,,,0.007143567781895399,,0.18998824059963226,,0.07761053740978241,0.013932429254055023,,0.0,,0.2616407573223114,,,,,,,,,,,,,,
5,4229,,0.019860904663801193,,0.0,,0.23514191806316376,,0.0,,0.0,,,0.0,0.0,,0.006742545403540134,,0.1817203164100647,,,0.059493131935596466,,0.0,,0.2514794170856476,,,,,,,,,,,,,
5,4239,,0.017755990847945213,,0.0,,0.20827338099479675,,0.0,,0.0,,,0.0,0.0,,0.005184005480259657,,0.19024315476417542,,,0.056413594633340836,,0.0,,0.23893505334854126,,,,,,,,,,,,,
5,4249,,0.013652829453349113,,0.0,,0.2051277905702591,,0.0,,0.0,,,0.0,0.0,,0.0038577052764594555,,0.17343878746032715,,,0.0634661316871643,,0.0,,0.22977161407470703,,,,,,,,,,,,,
5,4259,,0.016392717137932777,,0.0,,0.19436904788017273,,0.0,,0.0,,,0.0,0.0,,0.004561637528240681,,0.18296946585178375,,,0.06593957543373108,,0.0,,0.2321162223815918,,,,,,,,,,,,,
5,4269,,0.012529058381915092,,0.0,,0.20217353105545044,,0.0,,0.0,,,0.0,0.0,,0.006473235785961151,,0.18246042728424072,,,0.06571866571903229,,0.0,,0.23467746376991272,,,,,,,,,,,,,
5,4279,,0.013625421561300755,,0.0,,0.18450675904750824,,0.0,,0.0,,,0.0,0.0,,0.003625568002462387,,0.17870718240737915,,,0.03913670778274536,,0.0,,0.2098008245229721,,,,,,,,,,,,,
5,4289,,0.020205261185765266,,0.0,,0.20466281473636627,,0.0,,0.0,,,0.0,0.0,,0.008899127133190632,,0.1815531849861145,,,0.0809163749217987,,0.0,,0.24811837077140808,,,,,,,,,,,,,
5,4299,,0.021733243018388748,,0.0,,0.20385955274105072,,0.0,,0.0,,,0.0,0.0,,0.007643408142030239,,0.18663598597049713,,,0.06237655133008957,,0.0,,0.24112437665462494,,,,,,,,,,,,,
5,4309,,0.022565238177776337,,0.0,,0.21970288455486298,,0.0,,0.0,,,0.0,0.0,,0.003809988033026457,,0.17710533738136292,,,0.06077175959944725,,0.0,,0.24197760224342346,,,,,,,,,,,,,
5,4319,,0.01768936961889267,,0.0,,0.18996578454971313,,0.0,,0.0,,,0.0,0.0,,0.007086827885359526,,0.17924447357654572,,,0.06482504308223724,,0.0,,0.2294057309627533,,,,,,,,,,,,,
5,4329,,0.018303755670785904,,0.0,,0.19766253232955933,,0.0,,0.0,,,0.0,0.0,,0.005518356338143349,,0.18312886357307434,,,0.06311917304992676,,0.0,,0.23386633396148682,,,,,,,,,,,,,
5,4339,,0.02267720177769661,,0.0,,0.192222461104393,,0.0,,0.0,,,0.0,0.0,,0.0043348027393221855,,0.17327147722244263,,,0.08020637929439545,,0.0,,0.23635616898536682,,,,,,,,,,,,,
5,4349,,0.0167083740234375,,0.0,,0.18590103089809418,,0.0,,0.0,,,0.0,0.0,,0.003914856351912022,,0.1810552030801773,,,0.037477124482393265,,0.0,,0.2125283032655716,,,,,,,,,,,,,
5,4359,,0.01593719981610775,,0.0,,0.19597429037094116,,0.0,,0.0,,,0.0,0.0,,0.0067741647362709045,,0.17716848850250244,,,0.05116088688373566,,0.0,,0.22350752353668213,,,,,,,,,,,,,
5,4369,,0.02186863124370575,,0.0,,0.21643628180027008,,0.0,,0.0,,,0.0,0.0,,0.012786585837602615,,0.1849038302898407,,,0.056572042405605316,,0.0,,0.24628371000289917,,,,,,,,,,,,,
5,4379,,0.022897008806467056,,0.0,,0.22316280007362366,,0.0,,0.0,,,0.0,0.0,,0.007420763373374939,,0.18475240468978882,,,0.06746014952659607,,0.0,,0.25284653902053833,,,,,,,,,,,,,
5,4389,,0.02613196335732937,,0.0,,0.2187556028366089,,0.0,,0.0,,,0.0,0.0,,0.010539224371314049,,0.18210631608963013,,,0.052431438118219376,,0.0,,0.2449822723865509,,,,,,,,,,,,,
5,4399,,0.018622800707817078,,0.0,,0.2045021951198578,,0.0,,0.0,,,0.0,0.0,,0.0070945993065834045,,0.1841355562210083,,,0.0756830945611,,0.0,,0.2450191080570221,,,,,,,,,,,,,
5,4409,,0.024412851780653,,0.0,,0.20539192855358124,,0.0,,0.0,,,0.0,0.0,,0.006937795784324408,,0.18006592988967896,,,0.06036514788866043,,0.0,,0.23858682811260223,,,,,,,,,,,,,
5,4419,,0.022950895130634308,,0.0,,0.2315019965171814,,0.0,,0.0,,,0.0,0.0,,0.006690589711070061,,0.18644659221172333,,,0.07421765476465225,,0.0,,0.26090386509895325,,,,,,,,,,,,,
5,4429,,0.014372061938047409,,0.0,,0.2108498513698578,,0.0,,0.0,,,0.0,0.0,,0.005910319741815329,,0.18609647452831268,,,0.0759294182062149,,0.0,,0.24657905101776123,,,,,,,,,,,,,
5,4439,,0.012196660973131657,,0.0,,0.19998739659786224,,0.0,,0.0,,,0.0,0.0,,0.0038745910860598087,,0.18024425208568573,,,0.05630836635828018,,0.0,,0.22630563378334045,,,,,,,,,,,,,
5,4449,,0.016681328415870667,,0.0,,0.19459910690784454,,0.0,,0.0,,,0.0,0.0,,0.008217189460992813,,0.18346469104290009,,,0.0700022429227829,,0.0,,0.23648226261138916,,,,,,,,,,,,,
5,4459,,0.026675870642066002,,0.0,,0.21956440806388855,,0.0,,0.0,,,0.0,0.0,,0.007372446358203888,,0.1827937364578247,,,0.03920847922563553,,0.0,,0.2378074675798416,,,,,,,,,,,,,
5,4469,,0.02076638489961624,,0.0,,0.24969959259033203,,0.0,,0.0,,,0.0,0.0,,0.017638232558965683,,0.189120352268219,,,0.0914822667837143,,0.0,,0.2843534052371979,,,,,,,,,,,,,
5,4479,,0.024981332942843437,,0.0,,0.19830219447612762,,0.0,,0.0,,,0.0,0.0,,0.009018458425998688,,0.18227463960647583,,,0.047268956899642944,,0.0,,0.23092278838157654,,,,,,,,,,,,,
5,4489,,0.0201141107827425,,0.0,,0.22126448154449463,,0.0,,0.0,,,0.0,0.0,,0.004170114174485207,,0.17854924499988556,,,0.05050162971019745,,0.0,,0.23729979991912842,,,,,,,,,,,,,
5,4499,,0.02480890601873398,,0.0,,0.2299397736787796,,0.0,,0.0,,,0.0,0.0,,0.007968050427734852,,0.1869981288909912,,,0.053745195269584656,,0.0,,0.2517300248146057,,,,,,,,,,,,,
5,4509,,0.018155790865421295,,0.0,,0.17848040163516998,,0.0,,0.0,,,0.0,0.0,,0.0067433244548738,,0.18929694592952728,,,0.0354803130030632,,0.0,,0.2140783816576004,,,,,,,,,,,,,
5,4519,,0.019346505403518677,,0.0,,0.205946683883667,,0.0,,0.0,,,0.0,0.0,,0.009676718153059483,,0.18713048100471497,,,0.05213919281959534,,0.0,,0.23711979389190674,,,,,,,,,,,,,
5,4529,,0.017567310482263565,,0.0,,0.1983022689819336,,0.0,,0.0,,,0.0,0.0,,0.004396356176584959,,0.1756156086921692,,,0.05391297861933708,,0.0,,0.22489725053310394,,,,,,,,,,,,,
5,4539,,0.029742203652858734,,0.0,,0.2137731909751892,,0.0,,0.0,,,0.0,0.0,,0.009113432839512825,,0.18251633644104004,,,0.09585317969322205,,0.0,,0.26549917459487915,,,,,,,,,,,,,
5,4549,,0.018625866621732712,,0.0,,0.20943820476531982,,0.0,,0.0,,,0.0,0.0,,0.004781393334269524,,0.17859844863414764,,,0.06351041048765182,,0.0,,0.2374771684408188,,,,,,,,,,,,,
5,4559,,0.01303582452237606,,0.0,,0.18828003108501434,,0.0,,0.0,,,0.0,0.0,,0.0035653947852551937,,0.17902059853076935,,,0.06671766936779022,,0.0,,0.22530975937843323,,,,,,,,,,,,,
5,4569,,0.022476907819509506,,0.0,,0.2050437331199646,,0.0,,0.0,,,0.0,0.0,,0.007873360067605972,,0.18304435908794403,,,0.059108916670084,,0.0,,0.2387736439704895,,,,,,,,,,,,,
5,4579,,0.02141803689301014,,0.0,,0.208783820271492,,0.0,,0.0,,,0.0,0.0,,0.004741695709526539,,0.1834859848022461,,,0.039570052176713943,,0.0,,0.2289997935295105,,,,,,,,,,,,,
5,4589,,0.02030576951801777,,0.0,,0.19880850613117218,,0.0,,0.0,,,0.0,0.0,,0.0040322295390069485,,0.1886305809020996,,,0.053421393036842346,,0.0,,0.23259922862052917,,,,,,,,,,,,,
5,4599,,0.01421494409441948,,0.0,,0.21491223573684692,,0.0,,0.0,,,0.0,0.0,,0.006452492903918028,,0.17965207993984222,,,0.036175720393657684,,0.0,,0.22570374608039856,,,,,,,,,,,,,
5,4609,,0.017301466315984726,,0.0,,0.19623549282550812,,0.0,,0.0,,,0.0,0.0,,0.0035854498855769634,,0.17922861874103546,,,0.0670146644115448,,0.0,,0.23168285191059113,,,,,,,,,,,,,
5,4619,,0.015873542055487633,,0.0,,0.2291845679283142,,0.0,,0.0,,,0.0,0.0,,0.007046225946396589,,0.17887863516807556,,,0.09024877846240997,,0.0,,0.26061588525772095,,,,,,,,,,,,,
5,4629,,0.014334692619740963,,0.0,,0.19323016703128815,,0.0,,0.0,,,0.0,0.0,,0.005810607224702835,,0.1755434274673462,,,0.05951365828514099,,0.0,,0.2242162674665451,,,,,,,,,,,,,
5,4639,,0.016158243641257286,,0.0,,0.18946343660354614,,0.0,,0.0,,,0.0,0.0,,0.004130768124014139,,0.17885467410087585,,,0.04386726766824722,,0.0,,0.21623720228672028,,,,,,,,,,,,,
5,4649,,0.018624842166900635,,0.0,,0.2111423909664154,,0.0,,0.0,,,0.0,0.0,,0.0052175684832036495,,0.181402787566185,,,0.04454481229186058,,0.0,,0.23046620190143585,,,,,,,,,,,,,
5,4659,,0.021423980593681335,,0.0,,0.1869739145040512,,0.0,,0.0,,,0.0,0.0,,0.00449875695630908,,0.18365217745304108,,,0.031603775918483734,,0.0,,0.21407631039619446,,,,,,,,,,,,,
5,4669,,0.017094742506742477,,0.0,,0.1827215999364853,,0.0,,0.0,,,0.0,0.0,,0.004948130808770657,,0.18258683383464813,,,0.08067652583122253,,0.0,,0.23401391506195068,,,,,,,,,,,,,
5,4679,,0.01754974015057087,,0.0,,0.18545635044574738,,0.0,,0.0,,,0.0,0.0,,0.00825083814561367,,0.17652162909507751,,,0.053860221058130264,,0.0,,0.2208193987607956,,,,,,,,,,,,,
5,4689,,0.02141687273979187,,0.0,,0.19310829043388367,,0.0,,0.0,,,0.0,0.0,,0.006293021142482758,,0.18245929479599,,,0.05642571300268173,,0.0,,0.2298516035079956,,,,,,,,,,,,,
5,4699,,0.020792927592992783,,0.0,,0.17336136102676392,,0.0,,0.0,,,0.0,0.0,,0.00701045012101531,,0.180405855178833,,,0.05940999090671539,,0.0,,0.22049030661582947,,,,,,,,,,,,,
5,4709,,0.016228092834353447,,0.0,,0.18912675976753235,,0.0,,0.0,,,0.0,0.0,,0.004927590489387512,,0.1828964799642563,,,0.05891675502061844,,0.0,,0.2260478138923645,,,,,,,,,,,,,
5,4719,,0.022124698385596275,,0.0,,0.1887361854314804,,0.0,,0.0,,,0.0,0.0,,0.007450117729604244,,0.18043532967567444,,,0.05498151108622551,,0.0,,0.22686390578746796,,,,,,,,,,,,,
5,4729,,0.016036316752433777,,0.0,,0.1960296779870987,,0.0,,0.0,,,0.0,0.0,,0.007374726235866547,,0.17559972405433655,,,0.04301562160253525,,0.0,,0.2190280556678772,,,,,,,,,,,,,
5,4739,,0.020141568034887314,,0.0,,0.21670182049274445,,0.0,,0.0,,,0.0,0.0,,0.005146781913936138,,0.1727542281150818,,,0.10200411081314087,,0.0,,0.25837424397468567,,,,,,,,,,,,,
5,4749,,0.017256127670407295,,0.0,,0.18463344871997833,,0.0,,0.0,,,0.0,0.0,,0.006302732042968273,,0.17190611362457275,,,0.07122550159692764,,0.0,,0.225661963224411,,,,,,,,,,,,,
5,4759,,0.020141830667853355,,0.0,,0.19719195365905762,,0.0,,0.0,,,0.0,0.0,,0.006801361218094826,,0.1798451840877533,,,0.07976974546909332,,0.0,,0.2418750524520874,,,,,,,,,,,,,
5,4769,,0.017021311447024345,,0.0,,0.19908836483955383,,0.0,,0.0,,,0.0,0.0,,0.0032009955029934645,,0.1795041561126709,,,0.049613334238529205,,0.0,,0.2242140769958496,,,,,,,,,,,,,
5,4779,,0.020938610658049583,,0.0,,0.19339990615844727,,0.0,,0.0,,,0.0,0.0,,0.004770868457853794,,0.17669203877449036,,,0.041926100850105286,,0.0,,0.21886375546455383,,,,,,,,,,,,,
5,4789,,0.011964010074734688,,0.0,,0.19546912610530853,,0.0,,0.0,,,0.0,0.0,,0.0045902421697974205,,0.1766538918018341,,,0.08537392318248749,,0.0,,0.23702558875083923,,,,,,,,,,,,,
5,4799,,0.019075807183980942,,0.0,,0.17434558272361755,,0.0,,0.0,,,0.0,0.0,,0.005321367643773556,,0.1797855943441391,,,0.03738334774971008,,0.0,,0.20795583724975586,,,,,,,,,,,,,
5,4809,,0.017793944105505943,,0.0,,0.1912493258714676,,0.0,,0.0,,,0.0,0.0,,0.004357888828963041,,0.18055331707000732,,,0.047566354274749756,,0.0,,0.22076040506362915,,,,,,,,,,,,,
5,4819,,0.03053169697523117,,0.0,,0.19437488913536072,,0.0,,0.0,,,0.0,0.0,,0.009174784645438194,,0.17963707447052002,,,0.0641932412981987,,0.0,,0.23895585536956787,,,,,,,,,,,,,
5,4829,,0.017065905034542084,,0.0,,0.19521406292915344,,0.0,,0.0,,,0.0,0.0,,0.002630729926750064,,0.17423202097415924,,,0.05911029875278473,,0.0,,0.22412651777267456,,,,,,,,,,,,,
5,4839,,0.018462922424077988,,0.0,,0.194684237241745,,0.0,,0.0,,,0.0,0.0,,0.004347297362983227,,0.17411234974861145,,,0.08260491490364075,,0.0,,0.2371058613061905,,,,,,,,,,,,,
5,4849,,0.01276517752557993,,0.0,,0.18356595933437347,,0.0,,0.0,,,0.0,0.0,,0.004314329940825701,,0.16960299015045166,,,0.05324741080403328,,0.0,,0.211747944355011,,,,,,,,,,,,,
5,4859,,0.02103668637573719,,0.0,,0.20340022444725037,,0.0,,0.0,,,0.0,0.0,,0.007975293323397636,,0.16934490203857422,,,0.046005167067050934,,0.0,,0.22388112545013428,,,,,,,,,,,,,
5,4869,,0.01487622782588005,,0.0,,0.17894138395786285,,0.0,,0.0,,,0.0,0.0,,0.004451330751180649,,0.17112623155117035,,,0.04006778448820114,,0.0,,0.20473147928714752,,,,,,,,,,,,,
5,4879,,0.02017483301460743,,0.0,,0.1656537503004074,,0.0,,0.0,,,0.0,0.0,,0.009392496198415756,,0.18208351731300354,,,0.048240773379802704,,0.0,,0.2127726823091507,,,,,,,,,,,,,
5,4889,,0.017248932272195816,,0.0,,0.18239884078502655,,0.0,,0.0,,,0.0,0.0,,0.0025188829749822617,,0.17402459681034088,,,0.03751759976148605,,0.0,,0.2068544328212738,,,,,,,,,,,,,
5,4899,,0.017604049295186996,,0.0,,0.19928181171417236,,0.0,,0.0,,,0.0,0.0,,0.005104142241179943,,0.17839203774929047,,,0.07233289629220963,,0.0,,0.23635748028755188,,,,,,,,,,,,,
5,4909,,0.016783878207206726,,0.0,,0.18845482170581818,,0.0,,0.0,,,0.0,0.0,,0.0036631948314607143,,0.17621548473834991,,,0.07140623033046722,,0.0,,0.228261798620224,,,,,,,,,,,,,
5,4919,,0.019003117457032204,,0.0,,0.20585769414901733,,0.0,,0.0,,,0.0,0.0,,0.010783351957798004,,0.18409623205661774,,,0.06103821098804474,,0.0,,0.24038928747177124,,,,,,,,,,,,,
5,4929,,0.016562316566705704,,0.0,,0.16829746961593628,,0.0,,0.0,,,0.0,0.0,,0.0033829226158559322,,0.17645280063152313,,,0.04545382410287857,,0.0,,0.20507466793060303,,,,,,,,,,,,,
5,4939,,0.014690827578306198,,0.0,,0.19864748418331146,,0.0,,0.0,,,0.0,0.0,,0.00816983263939619,,0.17326432466506958,,,0.06908902525901794,,0.0,,0.23193074762821198,,,,,,,,,,,,,
5,4949,,0.02714858204126358,,0.0,,0.21835538744926453,,0.0,,0.0,,,0.0,0.0,,0.006800954695791006,,0.1851547658443451,,,0.07414823025465012,,0.0,,0.2558039426803589,,,,,,,,,,,,,
5,4959,,0.016938788816332817,,0.0,,0.20769855380058289,,0.0,,0.0,,,0.0,0.0,,0.0035072523169219494,,0.18166795372962952,,,0.08655168116092682,,0.0,,0.24818211793899536,,,,,,,,,,,,,
5,4969,,0.015515267848968506,,0.0,,0.18227039277553558,,0.0,,0.0,,,0.0,0.0,,0.004329494666308165,,0.17310526967048645,,,0.03204982355237007,,0.0,,0.20363512635231018,,,,,,,,,,,,,
5,4979,,0.015381823293864727,,0.0,,0.20148436725139618,,0.0,,0.0,,,0.0,0.0,,0.0053922263905406,,0.17739656567573547,,,0.042088210582733154,,0.0,,0.22087158262729645,,,,,,,,,,,,,
5,4989,,0.020107895135879517,,0.0,,0.19487394392490387,,0.0,,0.0,,,0.0,0.0,,0.004603004083037376,,0.178541362285614,,,0.06371556222438812,,0.0,,0.23092088103294373,,,,,,,,,,,,,
5,4999,,0.016742205247282982,,0.0,,0.19146119058132172,,0.0,,0.0,,,0.0,0.0,,0.004153396934270859,,0.17641127109527588,,,0.056628428399562836,,0.0,,0.22269825637340546,,,,,,,,,,,,,
5,5009,,0.013531222939491272,,0.0,,0.18297597765922546,,0.0,,0.0,,,0.0,0.0,,0.002890226198360324,,0.17578870058059692,,,0.047239016741514206,,0.0,,0.21121257543563843,,,,,,,,,,,,,
5,5019,,0.01862471178174019,,0.0,,0.1911199390888214,,0.0,,0.0,,,0.0,0.0,,0.004073490854352713,,0.17665420472621918,,,0.0512261763215065,,0.0,,0.22084926068782806,,,,,,,,,,,,,
5,5029,,0.017857443541288376,,0.0,,0.20118023455142975,,0.0,,0.0,,,0.0,0.0,,0.00460326112806797,,0.18099284172058105,,,0.036260418593883514,,0.0,,0.2204470932483673,,,,,,,,,,,,,
5,5039,,0.02451840415596962,,0.0,,0.20813196897506714,,0.0,,0.0,,,0.0,0.0,,0.006714104674756527,,0.18003585934638977,,,0.05514467507600784,,0.0,,0.2372725009918213,,,,,,,,,,,,,
5,5049,,0.013579567894339561,,0.0,,0.1953386515378952,,0.0,,0.0,,,0.0,0.0,,0.004264986142516136,,0.17747308313846588,,,0.06690534204244614,,0.0,,0.2287808209657669,,,,,,,,,,,,,
5,5059,,0.020794272422790527,,0.0,,0.19142237305641174,,0.0,,0.0,,,0.0,0.0,,0.004679417237639427,,0.1712004542350769,,,0.04433819651603699,,0.0,,0.21621735394001007,,,,,,,,,,,,,
5,5069,,0.01713976263999939,,0.0,,0.18942096829414368,,0.0,,0.0,,,0.0,0.0,,0.005005305632948875,,0.17478176951408386,,,0.0958777368068695,,0.0,,0.24111276865005493,,,,,,,,,,,,,
5,5069,,,,,,,,,,,,,,,,,,,,,,,,,,0.06394335627555847,0.0,0.3341740071773529,0.0,0.0,0.0,0.0,0.03658486530184746,0.24503664672374725,0.44440957903862,0.0735446885228157,0.0,0.5620742440223694
5,5069,0.01930125802755356,,0.0,,0.1997966766357422,,0.0,,0.0,,0.0,0.0,,,0.005879790987819433,,0.17992906272411346,,0.05472762510180473,0.009729214012622833,,0.0,,0.22981739044189453,,,,,,,,,,,,,,
6,5079,,0.014656072482466698,,0.0,,0.1677219718694687,,0.0,,0.0,,,0.0,0.0,,0.005244250874966383,,0.169084832072258,,,0.03473931550979614,,0.0,,0.19572322070598602,,,,,,,,,,,,,
6,5089,,0.019180428236722946,,0.0,,0.1992463916540146,,0.0,,0.0,,,0.0,0.0,,0.007628743536770344,,0.18014490604400635,,,0.04850262776017189,,0.0,,0.22735154628753662,,,,,,,,,,,,,
6,5099,,0.016504250466823578,,0.0,,0.1863349825143814,,0.0,,0.0,,,0.0,0.0,,0.004672505892813206,,0.17518819868564606,,,0.06045243889093399,,0.0,,0.22157618403434753,,,,,,,,,,,,,
6,5109,,0.016870426014065742,,0.0,,0.18309049308300018,,0.0,,0.0,,,0.0,0.0,,0.0051551079377532005,,0.17435672879219055,,,0.03537788242101669,,0.0,,0.2074253261089325,,,,,,,,,,,,,
6,5119,,0.015899114310741425,,0.0,,0.18301400542259216,,0.0,,0.0,,,0.0,0.0,,0.004392837639898062,,0.17613452672958374,,,0.05475155636668205,,0.0,,0.2170960158109665,,,,,,,,,,,,,
6,5129,,0.018331654369831085,,0.0,,0.1683093011379242,,0.0,,0.0,,,0.0,0.0,,0.006951841525733471,,0.17154699563980103,,,0.03985197842121124,,0.0,,0.20249587297439575,,,,,,,,,,,,,
6,5139,,0.015867244452238083,,0.0,,0.18945984542369843,,0.0,,0.0,,,0.0,0.0,,0.005831563379615545,,0.16723750531673431,,,0.03341435641050339,,0.0,,0.2059052586555481,,,,,,,,,,,,,
6,5149,,0.025204891338944435,,0.0,,0.197576642036438,,0.0,,0.0,,,0.0,0.0,,0.006900263484567404,,0.17716555297374725,,,0.044537290930747986,,0.0,,0.22569233179092407,,,,,,,,,,,,,
6,5159,,0.0198645181953907,,0.0,,0.1720312237739563,,0.0,,0.0,,,0.0,0.0,,0.00441347761079669,,0.18062461912631989,,,0.043687913566827774,,0.0,,0.21031087636947632,,,,,,,,,,,,,
6,5169,,0.010857324115931988,,0.0,,0.18058590590953827,,0.0,,0.0,,,0.0,0.0,,0.005277026444673538,,0.1724063754081726,,,0.03689703345298767,,0.0,,0.20301184058189392,,,,,,,,,,,,,
6,5179,,0.015542559325695038,,0.0,,0.18581867218017578,,0.0,,0.0,,,0.0,0.0,,0.004413296468555927,,0.17132234573364258,,,0.03978900983929634,,0.0,,0.20844295620918274,,,,,,,,,,,,,
6,5189,,0.01688005030155182,,0.0,,0.18091395497322083,,0.0,,0.0,,,0.0,0.0,,0.004841961897909641,,0.17285048961639404,,,0.05105963349342346,,0.0,,0.2132730484008789,,,,,,,,,,,,,
6,5199,,0.016338419169187546,,0.0,,0.17113631963729858,,0.0,,0.0,,,0.0,0.0,,0.005047741811722517,,0.1803036630153656,,,0.02741953171789646,,0.0,,0.20012283325195312,,,,,,,,,,,,,
6,5209,,0.020273149013519287,,0.0,,0.20308859646320343,,0.0,,0.0,,,0.0,0.0,,0.005517970304936171,,0.17512834072113037,,,0.07336532324552536,,0.0,,0.2386866807937622,,,,,,,,,,,,,
6,5219,,0.015037087723612785,,0.0,,0.18467387557029724,,0.0,,0.0,,,0.0,0.0,,0.003541669575497508,,0.1690380573272705,,,0.05561383441090584,,0.0,,0.21395227313041687,,,,,,,,,,,,,
6,5229,,0.01415247656404972,,0.0,,0.16846534609794617,,0.0,,0.0,,,0.0,0.0,,0.011406902223825455,,0.17478647828102112,,,0.03362055495381355,,0.0,,0.20121587812900543,,,,,,,,,,,,,
6,5239,,0.013940027914941311,,0.0,,0.1843690723180771,,0.0,,0.0,,,0.0,0.0,,0.003018137766048312,,0.17152859270572662,,,0.0379757434129715,,0.0,,0.2054157853126526,,,,,,,,,,,,,
6,5249,,0.01918131671845913,,0.0,,0.19547487795352936,,0.0,,0.0,,,0.0,0.0,,0.012080582790076733,,0.18032333254814148,,,0.05122007429599762,,0.0,,0.22914010286331177,,,,,,,,,,,,,
6,5259,,0.014348569326102734,,0.0,,0.1823558509349823,,0.0,,0.0,,,0.0,0.0,,0.0037199929356575012,,0.17100143432617188,,,0.04348021000623703,,0.0,,0.20745302736759186,,,,,,,,,,,,,
6,5269,,0.01865975558757782,,0.0,,0.18483757972717285,,0.0,,0.0,,,0.0,0.0,,0.004896202124655247,,0.16724753379821777,,,0.05046854540705681,,0.0,,0.2130548059940338,,,,,,,,,,,,,
6,5279,,0.012330818921327591,,0.0,,0.1814872920513153,,0.0,,0.0,,,0.0,0.0,,0.00362098659388721,,0.16618387401103973,,,0.03939536213874817,,0.0,,0.20150916278362274,,,,,,,,,,,,,
6,5289,,0.02097517065703869,,0.0,,0.19095945358276367,,0.0,,0.0,,,0.0,0.0,,0.003977638669312,,0.1748470664024353,,,0.046120885759592056,,0.0,,0.21844010055065155,,,,,,,,,,,,,
6,5299,,0.015383461490273476,,0.0,,0.17431911826133728,,0.0,,0.0,,,0.0,0.0,,0.0030700955539941788,,0.17241418361663818,,,0.036831263452768326,,0.0,,0.20100905001163483,,,,,,,,,,,,,
6,5309,,0.021028287708759308,,0.0,,0.1947254240512848,,0.0,,0.0,,,0.0,0.0,,0.005517050623893738,,0.17184588313102722,,,0.0647987499833107,,0.0,,0.22895769774913788,,,,,,,,,,,,,
6,5319,,0.019738076254725456,,0.0,,0.1854076236486435,,0.0,,0.0,,,0.0,0.0,,0.005301555152982473,,0.16713625192642212,,,0.025287628173828125,,0.0,,0.20143558084964752,,,,,,,,,,,,,
6,5329,,0.014432311058044434,,0.0,,0.20670731365680695,,0.0,,0.0,,,0.0,0.0,,0.006543666124343872,,0.16816705465316772,,,0.056271858513355255,,0.0,,0.22606109082698822,,,,,,,,,,,,,
6,5339,,0.015980331227183342,,0.0,,0.16114212572574615,,0.0,,0.0,,,0.0,0.0,,0.004865461029112339,,0.1773497760295868,,,0.03601311892271042,,0.0,,0.197675421833992,,,,,,,,,,,,,
6,5349,,0.015551687218248844,,0.0,,0.16711322963237762,,0.0,,0.0,,,0.0,0.0,,0.004075847566127777,,0.17838340997695923,,,0.02791982889175415,,0.0,,0.19652201235294342,,,,,,,,,,,,,
6,5359,,0.02256735786795616,,0.0,,0.19476693868637085,,0.0,,0.0,,,0.0,0.0,,0.005113051272928715,,0.17720021307468414,,,0.03829832375049591,,0.0,,0.21897295117378235,,,,,,,,,,,,,
6,5369,,0.019559474661946297,,0.0,,0.19873414933681488,,0.0,,0.0,,,0.0,0.0,,0.004886958748102188,,0.17142879962921143,,,0.029142092913389206,,0.0,,0.21187573671340942,,,,,,,,,,,,,
6,5379,,0.01492840051651001,,0.0,,0.1618833690881729,,0.0,,0.0,,,0.0,0.0,,0.0027836288791149855,,0.16812664270401,,,0.04440448433160782,,0.0,,0.19606325030326843,,,,,,,,,,,,,
6,5389,,0.020450931042432785,,0.0,,0.17445994913578033,,0.0,,0.0,,,0.0,0.0,,0.006391772069036961,,0.1797158569097519,,,0.05655103176832199,,0.0,,0.21878476440906525,,,,,,,,,,,,,
6,5399,,0.018845047801733017,,0.0,,0.18128742277622223,,0.0,,0.0,,,0.0,0.0,,0.005579618737101555,,0.1656995415687561,,,0.05616990849375725,,0.0,,0.21379075944423676,,,,,,,,,,,,,
6,5409,,0.030155036598443985,,0.0,,0.2095278948545456,,0.0,,0.0,,,0.0,0.0,,0.006621665321290493,,0.19307374954223633,,,0.06055406481027603,,0.0,,0.24996620416641235,,,,,,,,,,,,,
6,5419,,0.021644607186317444,,0.0,,0.19138751924037933,,0.0,,0.0,,,0.0,0.0,,0.005404805764555931,,0.1739901900291443,,,0.03374704718589783,,0.0,,0.2130870819091797,,,,,,,,,,,,,
6,5429,,0.017976250499486923,,0.0,,0.17780210077762604,,0.0,,0.0,,,0.0,0.0,,0.003833548631519079,,0.17185521125793457,,,0.03099404275417328,,0.0,,0.20123058557510376,,,,,,,,,,,,,
6,5439,,0.014330647885799408,,0.0,,0.16735804080963135,,0.0,,0.0,,,0.0,0.0,,0.006037021987140179,,0.17266881465911865,,,0.06712586432695389,,0.0,,0.21376019716262817,,,,,,,,,,,,,
6,5449,,0.01708463579416275,,0.0,,0.18799850344657898,,0.0,,0.0,,,0.0,0.0,,0.004350351169705391,,0.16888482868671417,,,0.05095110088586807,,0.0,,0.2146347165107727,,,,,,,,,,,,,
6,5459,,0.019768640398979187,,0.0,,0.20004495978355408,,0.0,,0.0,,,0.0,0.0,,0.004225733689963818,,0.17438076436519623,,,0.03789042308926582,,0.0,,0.21815526485443115,,,,,,,,,,,,,
6,5469,,0.020483046770095825,,0.0,,0.18244807422161102,,0.0,,0.0,,,0.0,0.0,,0.00603108387440443,,0.18015477061271667,,,0.052176911383867264,,0.0,,0.2206469476222992,,,,,,,,,,,,,
6,5479,,0.017921417951583862,,0.0,,0.20243847370147705,,0.0,,0.0,,,0.0,0.0,,0.012126069515943527,,0.17645655572414398,,,0.04840236157178879,,0.0,,0.22867244482040405,,,,,,,,,,,,,
6,5489,,0.017620868980884552,,0.0,,0.19628223776817322,,0.0,,0.0,,,0.0,0.0,,0.00408942112699151,,0.16630208492279053,,,0.027853848412632942,,0.0,,0.20607422292232513,,,,,,,,,,,,,
6,5499,,0.01595398411154747,,0.0,,0.18028324842453003,,0.0,,0.0,,,0.0,0.0,,0.004179037641733885,,0.16415207087993622,,,0.03523145616054535,,0.0,,0.19989991188049316,,,,,,,,,,,,,
6,5509,,0.01793922856450081,,0.0,,0.1977277547121048,,0.0,,0.0,,,0.0,0.0,,0.00351968826726079,,0.1780289262533188,,,0.02859666757285595,,0.0,,0.2129061371088028,,,,,,,,,,,,,
6,5519,,0.026564760133624077,,0.0,,0.21352490782737732,,0.0,,0.0,,,0.0,0.0,,0.007300801109522581,,0.1701657921075821,,,0.046805188059806824,,0.0,,0.23218071460723877,,,,,,,,,,,,,
6,5529,,0.016803346574306488,,0.0,,0.20403707027435303,,0.0,,0.0,,,0.0,0.0,,0.004678383935242891,,0.1668650358915329,,,0.06286105513572693,,0.0,,0.22762246429920197,,,,,,,,,,,,,
6,5539,,0.024781763553619385,,0.0,,0.1834440976381302,,0.0,,0.0,,,0.0,0.0,,0.005579002201557159,,0.1727752834558487,,,0.02647581323981285,,0.0,,0.206527978181839,,,,,,,,,,,,,
6,5549,,0.01603592373430729,,0.0,,0.16540266573429108,,0.0,,0.0,,,0.0,0.0,,0.003893501590937376,,0.17269520461559296,,,0.04426151141524315,,0.0,,0.20114439725875854,,,,,,,,,,,,,
6,5559,,0.015089754946529865,,0.0,,0.18031327426433563,,0.0,,0.0,,,0.0,0.0,,0.003919810988008976,,0.17020173370838165,,,0.05287780240178108,,0.0,,0.21120119094848633,,,,,,,,,,,,,
6,5569,,0.015364009886980057,,0.0,,0.17729367315769196,,0.0,,0.0,,,0.0,0.0,,0.004912080243229866,,0.17064201831817627,,,0.02636547200381756,,0.0,,0.1972886174917221,,,,,,,,,,,,,
6,5579,,0.020249437540769577,,0.0,,0.17110173404216766,,0.0,,0.0,,,0.0,0.0,,0.007982980459928513,,0.17520198225975037,,,0.03880883380770683,,0.0,,0.20667245984077454,,,,,,,,,,,,,
6,5589,,0.017931923270225525,,0.0,,0.14385442435741425,,0.0,,0.0,,,0.0,0.0,,0.003084620228037238,,0.1691717654466629,,,0.04188235104084015,,0.0,,0.18796256184577942,,,,,,,,,,,,,
6,5599,,0.014787016436457634,,0.0,,0.18414540588855743,,0.0,,0.0,,,0.0,0.0,,0.0034990175627171993,,0.17193028330802917,,,0.06571165472269058,,0.0,,0.22003670036792755,,,,,,,,,,,,,
6,5609,,0.016346871852874756,,0.0,,0.19267430901527405,,0.0,,0.0,,,0.0,0.0,,0.004076559096574783,,0.17757166922092438,,,0.040368400514125824,,0.0,,0.21551892161369324,,,,,,,,,,,,,
6,5619,,0.013950090855360031,,0.0,,0.16956451535224915,,0.0,,0.0,,,0.0,0.0,,0.005674370564520359,,0.16865691542625427,,,0.05046999454498291,,0.0,,0.20415793359279633,,,,,,,,,,,,,
6,5629,,0.013769755139946938,,0.0,,0.18306460976600647,,0.0,,0.0,,,0.0,0.0,,0.0032648644410073757,,0.17388692498207092,,,0.045238059014081955,,0.0,,0.20961210131645203,,,,,,,,,,,,,
6,5639,,0.013124926015734673,,0.0,,0.1653389185667038,,0.0,,0.0,,,0.0,0.0,,0.0028922357596457005,,0.16063036024570465,,,0.03206709027290344,,0.0,,0.1870267540216446,,,,,,,,,,,,,
6,5649,,0.013086746446788311,,0.0,,0.19534888863563538,,0.0,,0.0,,,0.0,0.0,,0.005206845235079527,,0.173880472779274,,,0.060602836310863495,,0.0,,0.22406290471553802,,,,,,,,,,,,,
6,5659,,0.019922809675335884,,0.0,,0.19550682604312897,,0.0,,0.0,,,0.0,0.0,,0.004494585562497377,,0.1712222695350647,,,0.029667425900697708,,0.0,,0.21040695905685425,,,,,,,,,,,,,
6,5669,,0.013361245393753052,,0.0,,0.1808488517999649,,0.0,,0.0,,,0.0,0.0,,0.004715980030596256,,0.16676218807697296,,,0.04225628823041916,,0.0,,0.20397228002548218,,,,,,,,,,,,,
6,5679,,0.011540578678250313,,0.0,,0.18645551800727844,,0.0,,0.0,,,0.0,0.0,,0.002434502588585019,,0.16614505648612976,,,0.026581432670354843,,0.0,,0.19657854735851288,,,,,,,,,,,,,
6,5689,,0.013586921617388725,,0.0,,0.1898888349533081,,0.0,,0.0,,,0.0,0.0,,0.003555925562977791,,0.1724700629711151,,,0.052652597427368164,,0.0,,0.21607716381549835,,,,,,,,,,,,,
6,5699,,0.0147209782153368,,0.0,,0.17982801795005798,,0.0,,0.0,,,0.0,0.0,,0.004406436812132597,,0.16796234250068665,,,0.05636253207921982,,0.0,,0.2116401493549347,,,,,,,,,,,,,
6,5709,,0.015465514734387398,,0.0,,0.2056644707918167,,0.0,,0.0,,,0.0,0.0,,0.0029084039852023125,,0.16407835483551025,,,0.034526288509368896,,0.0,,0.21132151782512665,,,,,,,,,,,,,
6,5719,,0.016382934525609016,,0.0,,0.165903702378273,,0.0,,0.0,,,0.0,0.0,,0.003021839540451765,,0.169870525598526,,,0.031192760914564133,,0.0,,0.19318588078022003,,,,,,,,,,,,,
6,5729,,0.015321174636483192,,0.0,,0.16790176928043365,,0.0,,0.0,,,0.0,0.0,,0.0032753273844718933,,0.1675398051738739,,,0.046398065984249115,,0.0,,0.2002180814743042,,,,,,,,,,,,,
6,5739,,0.019480567425489426,,0.0,,0.17171703279018402,,0.0,,0.0,,,0.0,0.0,,0.0037935960572212934,,0.16910260915756226,,,0.04325052350759506,,0.0,,0.20367217063903809,,,,,,,,,,,,,
6,5749,,0.013162855058908463,,0.0,,0.1759720742702484,,0.0,,0.0,,,0.0,0.0,,0.003082593670114875,,0.17188534140586853,,,0.039785854518413544,,0.0,,0.20194436609745026,,,,,,,,,,,,,
6,5759,,0.021238243207335472,,0.0,,0.18540549278259277,,0.0,,0.0,,,0.0,0.0,,0.006521925330162048,,0.17050419747829437,,,0.05392502248287201,,0.0,,0.2187974452972412,,,,,,,,,,,,,
6,5769,,0.018526962026953697,,0.0,,0.1713608056306839,,0.0,,0.0,,,0.0,0.0,,0.004524699877947569,,0.1715027093887329,,,0.03380826860666275,,0.0,,0.19986172020435333,,,,,,,,,,,,,
6,5779,,0.019275005906820297,,0.0,,0.17678165435791016,,0.0,,0.0,,,0.0,0.0,,0.004298804793506861,,0.16716696321964264,,,0.035848915576934814,,0.0,,0.20168566703796387,,,,,,,,,,,,,
6,5789,,0.018610632047057152,,0.0,,0.16497203707695007,,0.0,,0.0,,,0.0,0.0,,0.004815557971596718,,0.1640310436487198,,,0.03092726320028305,,0.0,,0.1916782706975937,,,,,,,,,,,,,
6,5799,,0.01860729791224003,,0.0,,0.1714947670698166,,0.0,,0.0,,,0.0,0.0,,0.005631906446069479,,0.1765744388103485,,,0.04394694045186043,,0.0,,0.20812766253948212,,,,,,,,,,,,,
6,5809,,0.023019928485155106,,0.0,,0.1741284877061844,,0.0,,0.0,,,0.0,0.0,,0.009180864319205284,,0.17786815762519836,,,0.04071173816919327,,0.0,,0.21245460212230682,,,,,,,,,,,,,
6,5819,,0.017156492918729782,,0.0,,0.1824081689119339,,0.0,,0.0,,,0.0,0.0,,0.004883605055510998,,0.16875895857810974,,,0.03081590309739113,,0.0,,0.2020115703344345,,,,,,,,,,,,,
6,5829,,0.012207744643092155,,0.0,,0.15280547738075256,,0.0,,0.0,,,0.0,0.0,,0.003229287452995777,,0.16475868225097656,,,0.057356126606464386,,0.0,,0.19517865777015686,,,,,,,,,,,,,
6,5839,,0.01818026602268219,,0.0,,0.16541531682014465,,0.0,,0.0,,,0.0,0.0,,0.004204551689326763,,0.17188048362731934,,,0.033093713223934174,,0.0,,0.1963871717453003,,,,,,,,,,,,,
6,5849,,0.015814710408449173,,0.0,,0.18704679608345032,,0.0,,0.0,,,0.0,0.0,,0.00311635946854949,,0.16679084300994873,,,0.06278429925441742,,0.0,,0.21777650713920593,,,,,,,,,,,,,
6,5859,,0.020061228424310684,,0.0,,0.1806367039680481,,0.0,,0.0,,,0.0,0.0,,0.004126947373151779,,0.17195868492126465,,,0.02903488092124462,,0.0,,0.2029092162847519,,,,,,,,,,,,,
6,5869,,0.015483692288398743,,0.0,,0.17001467943191528,,0.0,,0.0,,,0.0,0.0,,0.006549855228513479,,0.1682390421628952,,,0.04430859535932541,,0.0,,0.20229794085025787,,,,,,,,,,,,,
6,5879,,0.016758229583501816,,0.0,,0.18576499819755554,,0.0,,0.0,,,0.0,0.0,,0.003958218265324831,,0.1714445948600769,,,0.06142617389559746,,0.0,,0.21967610716819763,,,,,,,,,,,,,
6,5889,,0.014642090536653996,,0.0,,0.1807560920715332,,0.0,,0.0,,,0.0,0.0,,0.004721257835626602,,0.17007295787334442,,,0.052748702466487885,,0.0,,0.2114705592393875,,,,,,,,,,,,,
6,5899,,0.02967730537056923,,0.0,,0.19049084186553955,,0.0,,0.0,,,0.0,0.0,,0.006013544276356697,,0.17494450509548187,,,0.024872194975614548,,0.0,,0.21299919486045837,,,,,,,,,,,,,
6,5909,,0.013442860916256905,,0.0,,0.18020465970039368,,0.0,,0.0,,,0.0,0.0,,0.003978524822741747,,0.16555452346801758,,,0.03439650684595108,,0.0,,0.19878853857517242,,,,,,,,,,,,,
6,5914,,,,,,,,,,,,,,,,,,,,,,,,,,0.06583274155855179,0.0,0.3376411199569702,0.0,0.0,0.0,0.0,0.035886701196432114,0.24597163498401642,0.4371721148490906,0.07207949459552765,0.0,0.561252236366272
6,5914,0.016941901296377182,,0.0,,0.18050616979599,,0.0,,0.0,,0.0,0.0,,,0.0048783281818032265,,0.17194658517837524,,0.04401886463165283,0.007822570390999317,,0.0,,0.20914588868618011,,,,,,,,,,,,,,
7,5919,,0.018314100801944733,,0.0,,0.17281100153923035,,0.0,,0.0,,,0.0,0.0,,0.0035822498612105846,,0.16847655177116394,,,0.04946797713637352,,0.0,,0.2063259333372116,,,,,,,,,,,,,
7,5929,,0.015212111175060272,,0.0,,0.16794119775295258,,0.0,,0.0,,,0.0,0.0,,0.00420882785692811,,0.16806373000144958,,,0.029464824125170708,,0.0,,0.19244533777236938,,,,,,,,,,,,,
7,5939,,0.023327665403485298,,0.0,,0.1842389702796936,,0.0,,0.0,,,0.0,0.0,,0.005020505283027887,,0.16645392775535583,,,0.03395809978246689,,0.0,,0.2064995914697647,,,,,,,,,,,,,
7,5949,,0.012908942997455597,,0.0,,0.1951119303703308,,0.0,,0.0,,,0.0,0.0,,0.005239371210336685,,0.1632709950208664,,,0.033709313720464706,,0.0,,0.2051202803850174,,,,,,,,,,,,,
7,5959,,0.013477789238095284,,0.0,,0.15815971791744232,,0.0,,0.0,,,0.0,0.0,,0.0029705921187996864,,0.1712936908006668,,,0.03820822387933731,,0.0,,0.19205501675605774,,,,,,,,,,,,,
7,5969,,0.014626812189817429,,0.0,,0.18405857682228088,,0.0,,0.0,,,0.0,0.0,,0.0038515168707817793,,0.16251222789287567,,,0.03583572432398796,,0.0,,0.20044240355491638,,,,,,,,,,,,,
7,5979,,0.01896546594798565,,0.0,,0.15316042304039001,,0.0,,0.0,,,0.0,0.0,,0.003864168655127287,,0.1670665144920349,,,0.034638453274965286,,0.0,,0.18884751200675964,,,,,,,,,,,,,
7,5989,,0.01332380622625351,,0.0,,0.16064012050628662,,0.0,,0.0,,,0.0,0.0,,0.005799596663564444,,0.1664220690727234,,,0.030631836503744125,,0.0,,0.1884087175130844,,,,,,,,,,,,,
7,5999,,0.014951475895941257,,0.0,,0.16590294241905212,,0.0,,0.0,,,0.0,0.0,,0.0034829124342650175,,0.1742020845413208,,,0.033927079290151596,,0.0,,0.19623324275016785,,,,,,,,,,,,,
7,6009,,0.013544011861085892,,0.0,,0.16106551885604858,,0.0,,0.0,,,0.0,0.0,,0.003408649004995823,,0.15910616517066956,,,0.021984346210956573,,0.0,,0.17955434322357178,,,,,,,,,,,,,
7,6019,,0.009408766403794289,,0.0,,0.13377811014652252,,0.0,,0.0,,,0.0,0.0,,0.0039985524490475655,,0.16068845987319946,,,0.03363919258117676,,0.0,,0.170756533741951,,,,,,,,,,,,,
7,6029,,0.01100847963243723,,0.0,,0.1757301241159439,,0.0,,0.0,,,0.0,0.0,,0.003827183274552226,,0.16643458604812622,,,0.03908035159111023,,0.0,,0.19804035127162933,,,,,,,,,,,,,
7,6039,,0.020239390432834625,,0.0,,0.18575266003608704,,0.0,,0.0,,,0.0,0.0,,0.004243712872266769,,0.17168070375919342,,,0.047534696757793427,,0.0,,0.2147255837917328,,,,,,,,,,,,,
7,6049,,0.012768570333719254,,0.0,,0.16443191468715668,,0.0,,0.0,,,0.0,0.0,,0.00545711163431406,,0.171563521027565,,,0.026046745479106903,,0.0,,0.1901339292526245,,,,,,,,,,,,,
7,6059,,0.018599893897771835,,0.0,,0.17869406938552856,,0.0,,0.0,,,0.0,0.0,,0.0032319154124706984,,0.16528965532779694,,,0.024001941084861755,,0.0,,0.1949087381362915,,,,,,,,,,,,,
7,6069,,0.01817544363439083,,0.0,,0.16238635778427124,,0.0,,0.0,,,0.0,0.0,,0.007260387297719717,,0.16266785562038422,,,0.02692319080233574,,0.0,,0.18870662152767181,,,,,,,,,,,,,
7,6079,,0.015503259375691414,,0.0,,0.1678285449743271,,0.0,,0.0,,,0.0,0.0,,0.0035253854002803564,,0.1649012714624405,,,0.03366365283727646,,0.0,,0.19271105527877808,,,,,,,,,,,,,
7,6089,,0.011516068130731583,,0.0,,0.16271880269050598,,0.0,,0.0,,,0.0,0.0,,0.003343809861689806,,0.16701000928878784,,,0.038832806050777435,,0.0,,0.19171075522899628,,,,,,,,,,,,,
7,6099,,0.010680552572011948,,0.0,,0.1390361487865448,,0.0,,0.0,,,0.0,0.0,,0.0019964228849858046,,0.16437169909477234,,,0.04047942906618118,,0.0,,0.17828212678432465,,,,,,,,,,,,,
7,6109,,0.024003736674785614,,0.0,,0.1719851791858673,,0.0,,0.0,,,0.0,0.0,,0.0038883518427610397,,0.17026130855083466,,,0.024971477687358856,,0.0,,0.19755502045154572,,,,,,,,,,,,,
7,6119,,0.020348647609353065,,0.0,,0.1752070188522339,,0.0,,0.0,,,0.0,0.0,,0.004167376086115837,,0.16508805751800537,,,0.03368010371923447,,0.0,,0.1992456018924713,,,,,,,,,,,,,
7,6129,,0.022433873265981674,,0.0,,0.19200529158115387,,0.0,,0.0,,,0.0,0.0,,0.003998755011707544,,0.17459717392921448,,,0.032386548817157745,,0.0,,0.21271082758903503,,,,,,,,,,,,,
7,6139,,0.014159545302391052,,0.0,,0.174027681350708,,0.0,,0.0,,,0.0,0.0,,0.004818751942366362,,0.16904139518737793,,,0.04047960415482521,,0.0,,0.20126348733901978,,,,,,,,,,,,,
7,6149,,0.022036170586943626,,0.0,,0.1689046174287796,,0.0,,0.0,,,0.0,0.0,,0.007299977354705334,,0.17504480481147766,,,0.037299156188964844,,0.0,,0.20529237389564514,,,,,,,,,,,,,
7,6159,,0.01946546509861946,,0.0,,0.1741899847984314,,0.0,,0.0,,,0.0,0.0,,0.0038464958779513836,,0.16744142770767212,,,0.03544909134507179,,0.0,,0.20019623637199402,,,,,,,,,,,,,
7,6169,,0.013696298003196716,,0.0,,0.15899890661239624,,0.0,,0.0,,,0.0,0.0,,0.0026959781534969807,,0.1658262461423874,,,0.031118107959628105,,0.0,,0.18616777658462524,,,,,,,,,,,,,
7,6179,,0.015925180166959763,,0.0,,0.17573487758636475,,0.0,,0.0,,,0.0,0.0,,0.0063423640094697475,,0.17127548158168793,,,0.037803392857313156,,0.0,,0.20354063808918,,,,,,,,,,,,,
7,6189,,0.01215310487896204,,0.0,,0.1441187858581543,,0.0,,0.0,,,0.0,0.0,,0.0065001389011740685,,0.16568726301193237,,,0.027239417657256126,,0.0,,0.17784935235977173,,,,,,,,,,,,,
7,6199,,0.011562506668269634,,0.0,,0.16233588755130768,,0.0,,0.0,,,0.0,0.0,,0.003471639472991228,,0.16601458191871643,,,0.0307721309363842,,0.0,,0.18707837164402008,,,,,,,,,,,,,
7,6209,,0.018876444548368454,,0.0,,0.1726844757795334,,0.0,,0.0,,,0.0,0.0,,0.0043743508867919445,,0.17280839383602142,,,0.04293643683195114,,0.0,,0.20584005117416382,,,,,,,,,,,,,
7,6219,,0.01723231002688408,,0.0,,0.1676097810268402,,0.0,,0.0,,,0.0,0.0,,0.005178181454539299,,0.171894833445549,,,0.039111632853746414,,0.0,,0.20051336288452148,,,,,,,,,,,,,
7,6229,,0.015967678278684616,,0.0,,0.18176020681858063,,0.0,,0.0,,,0.0,0.0,,0.0044392794370651245,,0.16841092705726624,,,0.05821714922785759,,0.0,,0.2143976241350174,,,,,,,,,,,,,
7,6239,,0.015180103480815887,,0.0,,0.17186948657035828,,0.0,,0.0,,,0.0,0.0,,0.002640495076775551,,0.16339528560638428,,,0.03499094769358635,,0.0,,0.19403815269470215,,,,,,,,,,,,,
7,6249,,0.012370727956295013,,0.0,,0.1763441115617752,,0.0,,0.0,,,0.0,0.0,,0.0019948414992541075,,0.1691160798072815,,,0.03491192311048508,,0.0,,0.19736884534358978,,,,,,,,,,,,,
7,6259,,0.010564016178250313,,0.0,,0.1553579419851303,,0.0,,0.0,,,0.0,0.0,,0.0033040165435522795,,0.16290006041526794,,,0.028496578335762024,,0.0,,0.18031129240989685,,,,,,,,,,,,,
7,6269,,0.012991861440241337,,0.0,,0.15516753494739532,,0.0,,0.0,,,0.0,0.0,,0.008036082610487938,,0.161368265748024,,,0.03287532925605774,,0.0,,0.18521954119205475,,,,,,,,,,,,,
7,6279,,0.0223957858979702,,0.0,,0.16783016920089722,,0.0,,0.0,,,0.0,0.0,,0.00411431398242712,,0.16834211349487305,,,0.034973081201314926,,0.0,,0.19882772862911224,,,,,,,,,,,,,
7,6289,,0.013905111700296402,,0.0,,0.1640247255563736,,0.0,,0.0,,,0.0,0.0,,0.003107698168605566,,0.16181764006614685,,,0.06942632049322128,,0.0,,0.20614075660705566,,,,,,,,,,,,,
7,6299,,0.012645663693547249,,0.0,,0.1704997718334198,,0.0,,0.0,,,0.0,0.0,,0.002036485355347395,,0.16705085337162018,,,0.030868954956531525,,0.0,,0.1915508657693863,,,,,,,,,,,,,
7,6309,,0.012866280972957611,,0.0,,0.17353160679340363,,0.0,,0.0,,,0.0,0.0,,0.004642952233552933,,0.16315537691116333,,,0.05321957916021347,,0.0,,0.20370790362358093,,,,,,,,,,,,,
7,6319,,0.017072904855012894,,0.0,,0.1660885512828827,,0.0,,0.0,,,0.0,0.0,,0.004090568516403437,,0.17196506261825562,,,0.042914263904094696,,0.0,,0.20106568932533264,,,,,,,,,,,,,
7,6329,,0.013841260224580765,,0.0,,0.16103996336460114,,0.0,,0.0,,,0.0,0.0,,0.003477572463452816,,0.16132348775863647,,,0.05783036723732948,,0.0,,0.19875632226467133,,,,,,,,,,,,,
7,6339,,0.010031340643763542,,0.0,,0.14997941255569458,,0.0,,0.0,,,0.0,0.0,,0.003637793241068721,,0.16579359769821167,,,0.025245513767004013,,0.0,,0.17734383046627045,,,,,,,,,,,,,
7,6349,,0.012677028775215149,,0.0,,0.15054823458194733,,0.0,,0.0,,,0.0,0.0,,0.003840729594230652,,0.16540199518203735,,,0.0282281506806612,,0.0,,0.18034806847572327,,,,,,,,,,,,,
7,6359,,0.015707606449723244,,0.0,,0.15972919762134552,,0.0,,0.0,,,0.0,0.0,,0.003387466771528125,,0.16287022829055786,,,0.023530442267656326,,0.0,,0.18261247873306274,,,,,,,,,,,,,
7,6369,,0.013009377755224705,,0.0,,0.1795397400856018,,0.0,,0.0,,,0.0,0.0,,0.0029301110189408064,,0.16720238327980042,,,0.03264554589986801,,0.0,,0.1976635754108429,,,,,,,,,,,,,
7,6379,,0.010262931697070599,,0.0,,0.17116504907608032,,0.0,,0.0,,,0.0,0.0,,0.004869695287197828,,0.1655672937631607,,,0.038766637444496155,,0.0,,0.19531580805778503,,,,,,,,,,,,,
7,6389,,0.0135891642421484,,0.0,,0.1575637012720108,,0.0,,0.0,,,0.0,0.0,,0.004573714919388294,,0.1615949273109436,,,0.0347241535782814,,0.0,,0.1860228180885315,,,,,,,,,,,,,
7,6399,,0.019856709986925125,,0.0,,0.19934138655662537,,0.0,,0.0,,,0.0,0.0,,0.00392638985067606,,0.16690599918365479,,,0.04468921199440956,,0.0,,0.21735985577106476,,,,,,,,,,,,,
7,6409,,0.01229915302246809,,0.0,,0.15511080622673035,,0.0,,0.0,,,0.0,0.0,,0.0037486846558749676,,0.158598393201828,,,0.036705758422613144,,0.0,,0.1832313984632492,,,,,,,,,,,,,
7,6419,,0.012833351269364357,,0.0,,0.13925111293792725,,0.0,,0.0,,,0.0,0.0,,0.0026480022352188826,,0.16269095242023468,,,0.03538200631737709,,0.0,,0.17640270292758942,,,,,,,,,,,,,
7,6429,,0.011327074840664864,,0.0,,0.14721015095710754,,0.0,,0.0,,,0.0,0.0,,0.003628896549344063,,0.1608666479587555,,,0.05869616940617561,,0.0,,0.19086448848247528,,,,,,,,,,,,,
7,6439,,0.014167527668178082,,0.0,,0.16030792891979218,,0.0,,0.0,,,0.0,0.0,,0.004246615804731846,,0.17162561416625977,,,0.02997264266014099,,0.0,,0.19016017019748688,,,,,,,,,,,,,
7,6449,,0.014805269427597523,,0.0,,0.17050319910049438,,0.0,,0.0,,,0.0,0.0,,0.00333773042075336,,0.16467702388763428,,,0.025998525321483612,,0.0,,0.18966087698936462,,,,,,,,,,,,,
7,6459,,0.010960237123072147,,0.0,,0.15429747104644775,,0.0,,0.0,,,0.0,0.0,,0.003862677840515971,,0.16167676448822021,,,0.038894690573215485,,0.0,,0.1848459243774414,,,,,,,,,,,,,
7,6469,,0.017726615071296692,,0.0,,0.18528959155082703,,0.0,,0.0,,,0.0,0.0,,0.004297248087823391,,0.17078593373298645,,,0.04884765297174454,,0.0,,0.21347351372241974,,,,,,,,,,,,,
7,6479,,0.012362794950604439,,0.0,,0.14405301213264465,,0.0,,0.0,,,0.0,0.0,,0.004801133647561073,,0.1676338165998459,,,0.03305207937955856,,0.0,,0.18095141649246216,,,,,,,,,,,,,
7,6489,,0.017062388360500336,,0.0,,0.18364694714546204,,0.0,,0.0,,,0.0,0.0,,0.006715044379234314,,0.16797390580177307,,,0.05341259017586708,,0.0,,0.21440543234348297,,,,,,,,,,,,,
7,6499,,0.012213334441184998,,0.0,,0.15746979415416718,,0.0,,0.0,,,0.0,0.0,,0.0031532614957541227,,0.16548343002796173,,,0.02089517191052437,,0.0,,0.17960751056671143,,,,,,,,,,,,,
7,6509,,0.015534752979874611,,0.0,,0.15012134611606598,,0.0,,0.0,,,0.0,0.0,,0.003144851652905345,,0.1610286980867386,,,0.024274831637740135,,0.0,,0.17705224454402924,,,,,,,,,,,,,
7,6519,,0.01455953810364008,,0.0,,0.17602942883968353,,0.0,,0.0,,,0.0,0.0,,0.0035850810818374157,,0.16681167483329773,,,0.0512666255235672,,0.0,,0.2061261534690857,,,,,,,,,,,,,
7,6529,,0.011010612361133099,,0.0,,0.15038920938968658,,0.0,,0.0,,,0.0,0.0,,0.00468550156801939,,0.16055405139923096,,,0.026578780263662338,,0.0,,0.176609069108963,,,,,,,,,,,,,
7,6539,,0.013416416943073273,,0.0,,0.18076039850711823,,0.0,,0.0,,,0.0,0.0,,0.002926494460552931,,0.16455115377902985,,,0.028469018638134003,,0.0,,0.19506174325942993,,,,,,,,,,,,,
7,6549,,0.017480826005339622,,0.0,,0.1572551131248474,,0.0,,0.0,,,0.0,0.0,,0.006733834743499756,,0.1654142290353775,,,0.03163386136293411,,0.0,,0.18925891816616058,,,,,,,,,,,,,
7,6559,,0.012380135245621204,,0.0,,0.14898470044136047,,0.0,,0.0,,,0.0,0.0,,0.006513870321214199,,0.16480053961277008,,,0.0321684405207634,,0.0,,0.18242384493350983,,,,,,,,,,,,,
7,6569,,0.015788903459906578,,0.0,,0.17381681501865387,,0.0,,0.0,,,0.0,0.0,,0.0055020353756845,,0.16321420669555664,,,0.020812038332223892,,0.0,,0.18956699967384338,,,,,,,,,,,,,
7,6579,,0.011010337620973587,,0.0,,0.1445627212524414,,0.0,,0.0,,,0.0,0.0,,0.00480334646999836,,0.15846095979213715,,,0.028161147609353065,,0.0,,0.17349927127361298,,,,,,,,,,,,,
7,6589,,0.012379487976431847,,0.0,,0.15433761477470398,,0.0,,0.0,,,0.0,0.0,,0.006673402152955532,,0.16237872838974,,,0.042356058955192566,,0.0,,0.18906265497207642,,,,,,,,,,,,,
7,6599,,0.024829668924212456,,0.0,,0.18113988637924194,,0.0,,0.0,,,0.0,0.0,,0.012215296737849712,,0.17727772891521454,,,0.037763260304927826,,0.0,,0.21661292016506195,,,,,,,,,,,,,
7,6609,,0.012325605377554893,,0.0,,0.14524208009243011,,0.0,,0.0,,,0.0,0.0,,0.008031019940972328,,0.1683548390865326,,,0.023506691679358482,,0.0,,0.17873011529445648,,,,,,,,,,,,,
7,6619,,0.011054057627916336,,0.0,,0.14748430252075195,,0.0,,0.0,,,0.0,0.0,,0.00342412362806499,,0.17065289616584778,,,0.035192519426345825,,0.0,,0.18390396237373352,,,,,,,,,,,,,
7,6629,,0.01667570136487484,,0.0,,0.16661304235458374,,0.0,,0.0,,,0.0,0.0,,0.004595231264829636,,0.16812777519226074,,,0.029443468898534775,,0.0,,0.19272761046886444,,,,,,,,,,,,,
7,6639,,0.008682219311594963,,0.0,,0.1366632729768753,,0.0,,0.0,,,0.0,0.0,,0.002134901937097311,,0.16378144919872284,,,0.04234745353460312,,0.0,,0.17680464684963226,,,,,,,,,,,,,
7,6649,,0.00983566977083683,,0.0,,0.14475345611572266,,0.0,,0.0,,,0.0,0.0,,0.002024404238909483,,0.16095811128616333,,,0.026915758848190308,,0.0,,0.17224369943141937,,,,,,,,,,,,,
7,6659,,0.012257542461156845,,0.0,,0.1622079759836197,,0.0,,0.0,,,0.0,0.0,,0.006193680223077536,,0.16584551334381104,,,0.0423213355243206,,0.0,,0.19441300630569458,,,,,,,,,,,,,
7,6669,,0.014349599368870258,,0.0,,0.1639275848865509,,0.0,,0.0,,,0.0,0.0,,0.0030760611407458782,,0.1677316427230835,,,0.051869891583919525,,0.0,,0.20047739148139954,,,,,,,,,,,,,
7,6679,,0.012732296250760555,,0.0,,0.1608031690120697,,0.0,,0.0,,,0.0,0.0,,0.006514525040984154,,0.1637473702430725,,,0.03304824233055115,,0.0,,0.1884227991104126,,,,,,,,,,,,,
7,6689,,0.013099389150738716,,0.0,,0.14673002064228058,,0.0,,0.0,,,0.0,0.0,,0.005420949310064316,,0.15605266392230988,,,0.03996980935335159,,0.0,,0.1806364208459854,,,,,,,,,,,,,
7,6699,,0.012231887318193913,,0.0,,0.15718233585357666,,0.0,,0.0,,,0.0,0.0,,0.0024355293717235327,,0.15831373631954193,,,0.03785591945052147,,0.0,,0.18400971591472626,,,,,,,,,,,,,
7,6709,,0.013197178021073341,,0.0,,0.17938148975372314,,0.0,,0.0,,,0.0,0.0,,0.003671961836516857,,0.1593240350484848,,,0.041887350380420685,,0.0,,0.19873102009296417,,,,,,,,,,,,,
7,6719,,0.01424242090433836,,0.0,,0.1846804916858673,,0.0,,0.0,,,0.0,0.0,,0.00305646238848567,,0.16671516001224518,,,0.039597202092409134,,0.0,,0.2041458785533905,,,,,,,,,,,,,
7,6729,,0.015967445448040962,,0.0,,0.15079110860824585,,0.0,,0.0,,,0.0,0.0,,0.0032761821057647467,,0.1674688309431076,,,0.021644216030836105,,0.0,,0.1795738935470581,,,,,,,,,,,,,
7,6739,,0.01435465831309557,,0.0,,0.1545930951833725,,0.0,,0.0,,,0.0,0.0,,0.0030269972048699856,,0.16962674260139465,,,0.027884002774953842,,0.0,,0.184742733836174,,,,,,,,,,,,,
7,6749,,0.014109544456005096,,0.0,,0.1643141359090805,,0.0,,0.0,,,0.0,0.0,,0.005918408744037151,,0.1680273413658142,,,0.029269525781273842,,0.0,,0.19081948697566986,,,,,,,,,,,,,
7,6759,,0.012539776042103767,,0.0,,0.14639610052108765,,0.0,,0.0,,,0.0,0.0,,0.0025578211061656475,,0.15881015360355377,,,0.031555041670799255,,0.0,,0.17592942714691162,,,,,,,,,,,,,
7,6759,,,,,,,,,,,,,,,,,,,,,,,,,,0.0644659698009491,0.0,0.3367573022842407,0.0,0.0,0.0,0.0,0.035070840269327164,0.23169924318790436,0.3973708152770996,0.065752774477005,0.0,0.5326820015907288
7,6759,0.015339856967329979,,0.0,,0.1650054156780243,,0.0,,0.0,,0.0,0.0,,,0.004312567412853241,,0.16638723015785217,,0.03679478168487549,0.006544638425111771,,0.0,,0.1939200460910797,,,,,,,,,,,,,,
8,6769,,0.012744489125907421,,0.0,,0.14775066077709198,,0.0,,0.0,,,0.0,0.0,,0.0024280184879899025,,0.16324293613433838,,,0.023831434547901154,,0.0,,0.17499877512454987,,,,,,,,,,,,,
8,6779,,0.016472473740577698,,0.0,,0.18179647624492645,,0.0,,0.0,,,0.0,0.0,,0.0033095162361860275,,0.17083333432674408,,,0.025495287030935287,,0.0,,0.1989535540342331,,,,,,,,,,,,,
8,6789,,0.017048455774784088,,0.0,,0.1678190380334854,,0.0,,0.0,,,0.0,0.0,,0.00374286575242877,,0.1614980250597,,,0.03022886998951435,,0.0,,0.19016863405704498,,,,,,,,,,,,,
8,6799,,0.009660867042839527,,0.0,,0.14359886944293976,,0.0,,0.0,,,0.0,0.0,,0.002432384993880987,,0.16345638036727905,,,0.03583960980176926,,0.0,,0.17749404907226562,,,,,,,,,,,,,
8,6809,,0.01216184627264738,,0.0,,0.13314217329025269,,0.0,,0.0,,,0.0,0.0,,0.003421700093895197,,0.16167595982551575,,,0.032022133469581604,,0.0,,0.17121189832687378,,,,,,,,,,,,,
8,6819,,0.013305573724210262,,0.0,,0.15038253366947174,,0.0,,0.0,,,0.0,0.0,,0.0032273686956614256,,0.15766525268554688,,,0.01893959939479828,,0.0,,0.1717601716518402,,,,,,,,,,,,,
8,6829,,0.015616518445312977,,0.0,,0.15969723463058472,,0.0,,0.0,,,0.0,0.0,,0.003445917274802923,,0.1605719029903412,,,0.018371006473898888,,0.0,,0.17885129153728485,,,,,,,,,,,,,
8,6839,,0.01157758291810751,,0.0,,0.15600787103176117,,0.0,,0.0,,,0.0,0.0,,0.0026495587080717087,,0.16220764815807343,,,0.02457352727651596,,0.0,,0.17850808799266815,,,,,,,,,,,,,
8,6849,,0.013273137621581554,,0.0,,0.15757761895656586,,0.0,,0.0,,,0.0,0.0,,0.0036053285002708435,,0.16295009851455688,,,0.0347285196185112,,0.0,,0.1860673725605011,,,,,,,,,,,,,
8,6859,,0.012734835036098957,,0.0,,0.13968577980995178,,0.0,,0.0,,,0.0,0.0,,0.0031275423243641853,,0.1626800298690796,,,0.027996176853775978,,0.0,,0.1731121838092804,,,,,,,,,,,,,
8,6869,,0.012332930229604244,,0.0,,0.15278670191764832,,0.0,,0.0,,,0.0,0.0,,0.0020796600729227066,,0.1595725119113922,,,0.03502343222498894,,0.0,,0.18089760839939117,,,,,,,,,,,,,
8,6879,,0.016030918806791306,,0.0,,0.16671977937221527,,0.0,,0.0,,,0.0,0.0,,0.00285462848842144,,0.15782934427261353,,,0.02795594558119774,,0.0,,0.18569530546665192,,,,,,,,,,,,,
8,6889,,0.01715957745909691,,0.0,,0.16608355939388275,,0.0,,0.0,,,0.0,0.0,,0.00306926341727376,,0.15985023975372314,,,0.029553789645433426,,0.0,,0.1878582239151001,,,,,,,,,,,,,
8,6899,,0.01639888808131218,,0.0,,0.17232100665569305,,0.0,,0.0,,,0.0,0.0,,0.003731542732566595,,0.1621035486459732,,,0.02224201336503029,,0.0,,0.18839849531650543,,,,,,,,,,,,,
8,6909,,0.013447998091578484,,0.0,,0.15936429798603058,,0.0,,0.0,,,0.0,0.0,,0.0029675865080207586,,0.15884286165237427,,,0.047115929424762726,,0.0,,0.19086933135986328,,,,,,,,,,,,,
8,6919,,0.013923521153628826,,0.0,,0.15037131309509277,,0.0,,0.0,,,0.0,0.0,,0.0038077104836702347,,0.16028550267219543,,,0.027750296518206596,,0.0,,0.17806917428970337,,,,,,,,,,,,,
8,6929,,0.011961597949266434,,0.0,,0.13956347107887268,,0.0,,0.0,,,0.0,0.0,,0.0045930673368275166,,0.16270673274993896,,,0.05612141266465187,,0.0,,0.1874731481075287,,,,,,,,,,,,,
8,6939,,0.011527188122272491,,0.0,,0.14952771365642548,,0.0,,0.0,,,0.0,0.0,,0.0042808218859136105,,0.16551733016967773,,,0.033261388540267944,,0.0,,0.1820572316646576,,,,,,,,,,,,,
8,6949,,0.017690841108560562,,0.0,,0.15861552953720093,,0.0,,0.0,,,0.0,0.0,,0.00433255173265934,,0.1690295785665512,,,0.02478012442588806,,0.0,,0.18722431361675262,,,,,,,,,,,,,
8,6959,,0.01629643701016903,,0.0,,0.14831265807151794,,0.0,,0.0,,,0.0,0.0,,0.0028121459763497114,,0.16505178809165955,,,0.025865670293569565,,0.0,,0.17916935682296753,,,,,,,,,,,,,
8,6969,,0.017126183956861496,,0.0,,0.16084328293800354,,0.0,,0.0,,,0.0,0.0,,0.0037629399448633194,,0.16784745454788208,,,0.05471743643283844,,0.0,,0.2021486461162567,,,,,,,,,,,,,
8,6979,,0.01514115184545517,,0.0,,0.16068686544895172,,0.0,,0.0,,,0.0,0.0,,0.004283987917006016,,0.16635069251060486,,,0.04973401874303818,,0.0,,0.19809837639331818,,,,,,,,,,,,,
8,6989,,0.01325264386832714,,0.0,,0.1502651870250702,,0.0,,0.0,,,0.0,0.0,,0.002058730460703373,,0.16625182330608368,,,0.023802470415830612,,0.0,,0.17781542241573334,,,,,,,,,,,,,
8,6999,,0.014673278667032719,,0.0,,0.15769468247890472,,0.0,,0.0,,,0.0,0.0,,0.003586363745853305,,0.16215023398399353,,,0.030836571007966995,,0.0,,0.18447056412696838,,,,,,,,,,,,,
8,7009,,0.011469831690192223,,0.0,,0.15731582045555115,,0.0,,0.0,,,0.0,0.0,,0.0029154084622859955,,0.15923762321472168,,,0.028312508016824722,,0.0,,0.17962560057640076,,,,,,,,,,,,,
8,7019,,0.014898039400577545,,0.0,,0.1566542685031891,,0.0,,0.0,,,0.0,0.0,,0.002757543697953224,,0.15980640053749084,,,0.02179623395204544,,0.0,,0.1779562383890152,,,,,,,,,,,,,
8,7029,,0.013091318309307098,,0.0,,0.15233318507671356,,0.0,,0.0,,,0.0,0.0,,0.00767891388386488,,0.16291996836662292,,,0.03655924275517464,,0.0,,0.18629132211208344,,,,,,,,,,,,,
8,7039,,0.01270994357764721,,0.0,,0.13942472636699677,,0.0,,0.0,,,0.0,0.0,,0.002274854574352503,,0.16330713033676147,,,0.03101964294910431,,0.0,,0.17436814308166504,,,,,,,,,,,,,
8,7049,,0.01349908672273159,,0.0,,0.14585717022418976,,0.0,,0.0,,,0.0,0.0,,0.0021346521098166704,,0.16091212630271912,,,0.026522329077124596,,0.0,,0.17446269094944,,,,,,,,,,,,,
8,7059,,0.012598589062690735,,0.0,,0.12970151007175446,,0.0,,0.0,,,0.0,0.0,,0.002617527497932315,,0.15815171599388123,,,0.032014138996601105,,0.0,,0.1675417423248291,,,,,,,,,,,,,
8,7069,,0.011155783198773861,,0.0,,0.16662390530109406,,0.0,,0.0,,,0.0,0.0,,0.0034134024754166603,,0.1574016958475113,,,0.02173677459359169,,0.0,,0.18016578257083893,,,,,,,,,,,,,
8,7079,,0.011113161221146584,,0.0,,0.13859857618808746,,0.0,,0.0,,,0.0,0.0,,0.0018136564176529646,,0.1629611849784851,,,0.024552613496780396,,0.0,,0.1695195883512497,,,,,,,,,,,,,
8,7089,,0.01599346473813057,,0.0,,0.16362611949443817,,0.0,,0.0,,,0.0,0.0,,0.00562971830368042,,0.1626981943845749,,,0.037484265863895416,,0.0,,0.19271588325500488,,,,,,,,,,,,,
8,7099,,0.020274091511964798,,0.0,,0.16494567692279816,,0.0,,0.0,,,0.0,0.0,,0.007335571106523275,,0.1653233915567398,,,0.0381818562746048,,0.0,,0.1980302929878235,,,,,,,,,,,,,
8,7109,,0.012012872844934464,,0.0,,0.15318405628204346,,0.0,,0.0,,,0.0,0.0,,0.002770388498902321,,0.15859785676002502,,,0.028250282630324364,,0.0,,0.17740772664546967,,,,,,,,,,,,,
8,7119,,0.012412138283252716,,0.0,,0.1346009373664856,,0.0,,0.0,,,0.0,0.0,,0.002009417861700058,,0.16431182622909546,,,0.023726526647806168,,0.0,,0.1685304194688797,,,,,,,,,,,,,
8,7129,,0.011134062893688679,,0.0,,0.15829597413539886,,0.0,,0.0,,,0.0,0.0,,0.0029356549493968487,,0.16712172329425812,,,0.021552100777626038,,0.0,,0.18051975965499878,,,,,,,,,,,,,
8,7139,,0.019439859315752983,,0.0,,0.14432460069656372,,0.0,,0.0,,,0.0,0.0,,0.0036648064851760864,,0.16876418888568878,,,0.021391939371824265,,0.0,,0.17879268527030945,,,,,,,,,,,,,
8,7149,,0.011502500623464584,,0.0,,0.1476517915725708,,0.0,,0.0,,,0.0,0.0,,0.0037210898008197546,,0.1576540172100067,,,0.02024589292705059,,0.0,,0.1703876405954361,,,,,,,,,,,,,
8,7159,,0.015894580632448196,,0.0,,0.15666241943836212,,0.0,,0.0,,,0.0,0.0,,0.0040074787102639675,,0.16327808797359467,,,0.027893591672182083,,0.0,,0.18386809527873993,,,,,,,,,,,,,
8,7169,,0.013803438283503056,,0.0,,0.15057745575904846,,0.0,,0.0,,,0.0,0.0,,0.00315067614428699,,0.1651889979839325,,,0.021242916584014893,,0.0,,0.17698174715042114,,,,,,,,,,,,,
8,7179,,0.014030711725354195,,0.0,,0.16505922377109528,,0.0,,0.0,,,0.0,0.0,,0.003645466174930334,,0.16249915957450867,,,0.0315827950835228,,0.0,,0.18840870261192322,,,,,,,,,,,,,
8,7189,,0.013357831165194511,,0.0,,0.14398129284381866,,0.0,,0.0,,,0.0,0.0,,0.003995904698967934,,0.16165074706077576,,,0.016919543966650963,,0.0,,0.1699526607990265,,,,,,,,,,,,,
8,7199,,0.012486977502703667,,0.0,,0.16435690224170685,,0.0,,0.0,,,0.0,0.0,,0.008642470464110374,,0.1603761464357376,,,0.026971403509378433,,0.0,,0.18641693890094757,,,,,,,,,,,,,
8,7209,,0.02337167039513588,,0.0,,0.17394089698791504,,0.0,,0.0,,,0.0,0.0,,0.005535340867936611,,0.1685938984155655,,,0.032193757593631744,,0.0,,0.20181776583194733,,,,,,,,,,,,,
8,7219,,0.014405741356313229,,0.0,,0.14315536618232727,,0.0,,0.0,,,0.0,0.0,,0.0024584056809544563,,0.16290327906608582,,,0.02352837100625038,,0.0,,0.17322556674480438,,,,,,,,,,,,,
8,7229,,0.014483926817774773,,0.0,,0.17912492156028748,,0.0,,0.0,,,0.0,0.0,,0.00333440862596035,,0.16201797127723694,,,0.027156487107276917,,0.0,,0.19305884838104248,,,,,,,,,,,,,
8,7239,,0.017746780067682266,,0.0,,0.14903084933757782,,0.0,,0.0,,,0.0,0.0,,0.003267847467213869,,0.16235452890396118,,,0.017638854682445526,,0.0,,0.17501944303512573,,,,,,,,,,,,,
8,7249,,0.016355445608496666,,0.0,,0.14961755275726318,,0.0,,0.0,,,0.0,0.0,,0.0036764778196811676,,0.16248810291290283,,,0.031004145741462708,,0.0,,0.1815708577632904,,,,,,,,,,,,,
8,7259,,0.014289073646068573,,0.0,,0.15142285823822021,,0.0,,0.0,,,0.0,0.0,,0.0026229198556393385,,0.16161273419857025,,,0.04585224390029907,,0.0,,0.18789993226528168,,,,,,,,,,,,,
8,7269,,0.010519012808799744,,0.0,,0.14472046494483948,,0.0,,0.0,,,0.0,0.0,,0.001609236467629671,,0.163930743932724,,,0.031027430668473244,,0.0,,0.17590345442295074,,,,,,,,,,,,,
8,7279,,0.01128932274878025,,0.0,,0.1492927223443985,,0.0,,0.0,,,0.0,0.0,,0.002069967333227396,,0.16261664032936096,,,0.026466917246580124,,0.0,,0.17586779594421387,,,,,,,,,,,,,
8,7289,,0.014472488313913345,,0.0,,0.15780869126319885,,0.0,,0.0,,,0.0,0.0,,0.003323677461594343,,0.16614563763141632,,,0.0253436379134655,,0.0,,0.18354706466197968,,,,,,,,,,,,,
8,7299,,0.012528957799077034,,0.0,,0.15124917030334473,,0.0,,0.0,,,0.0,0.0,,0.0037606533151119947,,0.15999914705753326,,,0.018811460584402084,,0.0,,0.1731746941804886,,,,,,,,,,,,,
8,7309,,0.01211869902908802,,0.0,,0.13668808341026306,,0.0,,0.0,,,0.0,0.0,,0.0017092078924179077,,0.16246312856674194,,,0.031121158972382545,,0.0,,0.1720501333475113,,,,,,,,,,,,,
8,7319,,0.02343066968023777,,0.0,,0.1614718735218048,,0.0,,0.0,,,0.0,0.0,,0.007744286209344864,,0.17163944244384766,,,0.026157941669225693,,0.0,,0.19522210955619812,,,,,,,,,,,,,
8,7329,,0.010810942389070988,,0.0,,0.1399739533662796,,0.0,,0.0,,,0.0,0.0,,0.00663741072639823,,0.16454288363456726,,,0.03620728477835655,,0.0,,0.17908625304698944,,,,,,,,,,,,,
8,7339,,0.00888944324105978,,0.0,,0.1286683827638626,,0.0,,0.0,,,0.0,0.0,,0.0019274852238595486,,0.16280677914619446,,,0.020983967930078506,,0.0,,0.1616380363702774,,,,,,,,,,,,,
8,7349,,0.010264796204864979,,0.0,,0.1426897943019867,,0.0,,0.0,,,0.0,0.0,,0.002706997562199831,,0.16096587479114532,,,0.021908683702349663,,0.0,,0.16926807165145874,,,,,,,,,,,,,
8,7359,,0.01326295267790556,,0.0,,0.1333482265472412,,0.0,,0.0,,,0.0,0.0,,0.004211075603961945,,0.15893742442131042,,,0.029563775286078453,,0.0,,0.1696617305278778,,,,,,,,,,,,,
8,7369,,0.01621849276125431,,0.0,,0.17305190861225128,,0.0,,0.0,,,0.0,0.0,,0.0035105906426906586,,0.16832154989242554,,,0.049592599272727966,,0.0,,0.20534756779670715,,,,,,,,,,,,,
8,7379,,0.01576252281665802,,0.0,,0.15811239182949066,,0.0,,0.0,,,0.0,0.0,,0.0025896120350807905,,0.16585394740104675,,,0.027975518256425858,,0.0,,0.1851469874382019,,,,,,,,,,,,,
8,7389,,0.016270175576210022,,0.0,,0.1463984102010727,,0.0,,0.0,,,0.0,0.0,,0.0026111602783203125,,0.1602468639612198,,,0.031197641044855118,,0.0,,0.17836211621761322,,,,,,,,,,,,,
8,7399,,0.014272497966885567,,0.0,,0.15041397511959076,,0.0,,0.0,,,0.0,0.0,,0.0045823510736227036,,0.16746845841407776,,,0.03404392674565315,,0.0,,0.18539060652256012,,,,,,,,,,,,,
8,7409,,0.010132435709238052,,0.0,,0.1485983431339264,,0.0,,0.0,,,0.0,0.0,,0.002650617389008403,,0.15582534670829773,,,0.032985154539346695,,0.0,,0.17509594559669495,,,,,,,,,,,,,
8,7419,,0.01092592254281044,,0.0,,0.15559518337249756,,0.0,,0.0,,,0.0,0.0,,0.0020062909461557865,,0.15662093460559845,,,0.027950193732976913,,0.0,,0.1765492558479309,,,,,,,,,,,,,
8,7429,,0.008861648850142956,,0.0,,0.14415879547595978,,0.0,,0.0,,,0.0,0.0,,0.002545624040067196,,0.16097617149353027,,,0.0231986902654171,,0.0,,0.16987046599388123,,,,,,,,,,,,,
8,7439,,0.010750454850494862,,0.0,,0.14615792036056519,,0.0,,0.0,,,0.0,0.0,,0.0025983736850321293,,0.1641494631767273,,,0.039671964943408966,,0.0,,0.18166407942771912,,,,,,,,,,,,,
8,7449,,0.016076354309916496,,0.0,,0.1599806845188141,,0.0,,0.0,,,0.0,0.0,,0.003015434369444847,,0.16446200013160706,,,0.039988018572330475,,0.0,,0.19176124036312103,,,,,,,,,,,,,
8,7459,,0.01282641664147377,,0.0,,0.14718416333198547,,0.0,,0.0,,,0.0,0.0,,0.006319917272776365,,0.15850593149662018,,,0.019656013697385788,,0.0,,0.17224621772766113,,,,,,,,,,,,,
8,7469,,0.010319218039512634,,0.0,,0.14426203072071075,,0.0,,0.0,,,0.0,0.0,,0.004314433317631483,,0.15892083942890167,,,0.02896980009973049,,0.0,,0.1733931452035904,,,,,,,,,,,,,
8,7479,,0.015084384009242058,,0.0,,0.13457095623016357,,0.0,,0.0,,,0.0,0.0,,0.002949862740933895,,0.1601283997297287,,,0.022718537598848343,,0.0,,0.1677260845899582,,,,,,,,,,,,,
8,7489,,0.012168187648057938,,0.0,,0.15974795818328857,,0.0,,0.0,,,0.0,0.0,,0.0021734535694122314,,0.16221757233142853,,,0.025361448526382446,,0.0,,0.1808343082666397,,,,,,,,,,,,,
8,7499,,0.013171913102269173,,0.0,,0.14997772872447968,,0.0,,0.0,,,0.0,0.0,,0.002203416544944048,,0.15823562443256378,,,0.022767093032598495,,0.0,,0.17317788302898407,,,,,,,,,,,,,
8,7509,,0.01533281896263361,,0.0,,0.14823384582996368,,0.0,,0.0,,,0.0,0.0,,0.0022274621296674013,,0.16079676151275635,,,0.052313677966594696,,0.0,,0.18945227563381195,,,,,,,,,,,,,
8,7519,,0.013272680342197418,,0.0,,0.15208031237125397,,0.0,,0.0,,,0.0,0.0,,0.004874662961810827,,0.15741556882858276,,,0.04959665238857269,,0.0,,0.1886199414730072,,,,,,,,,,,,,
8,7529,,0.021515028551220894,,0.0,,0.1704847663640976,,0.0,,0.0,,,0.0,0.0,,0.008147737942636013,,0.16727177798748016,,,0.03669565171003342,,0.0,,0.20205749571323395,,,,,,,,,,,,,
8,7539,,0.014494100585579872,,0.0,,0.169082909822464,,0.0,,0.0,,,0.0,0.0,,0.0043561989441514015,,0.15772372484207153,,,0.02476491406559944,,0.0,,0.1852109283208847,,,,,,,,,,,,,
8,7549,,0.020479846745729446,,0.0,,0.1704189032316208,,0.0,,0.0,,,0.0,0.0,,0.00789228267967701,,0.16009807586669922,,,0.0185919851064682,,0.0,,0.1887405514717102,,,,,,,,,,,,,
8,7559,,0.014081154018640518,,0.0,,0.16068749129772186,,0.0,,0.0,,,0.0,0.0,,0.00478502968326211,,0.16096362471580505,,,0.021291647106409073,,0.0,,0.18090446293354034,,,,,,,,,,,,,
8,7569,,0.012037134729325771,,0.0,,0.1649276316165924,,0.0,,0.0,,,0.0,0.0,,0.0029799053445458412,,0.1597273051738739,,,0.027303772047162056,,0.0,,0.1834878772497177,,,,,,,,,,,,,
8,7579,,0.01407141238451004,,0.0,,0.1394767463207245,,0.0,,0.0,,,0.0,0.0,,0.004052920266985893,,0.1599152386188507,,,0.02720360830426216,,0.0,,0.17235995829105377,,,,,,,,,,,,,
8,7589,,0.015291369520127773,,0.0,,0.1410430669784546,,0.0,,0.0,,,0.0,0.0,,0.004273030906915665,,0.162379652261734,,,0.020733658224344254,,0.0,,0.17186038196086884,,,,,,,,,,,,,
8,7599,,0.01591048575937748,,0.0,,0.1451605260372162,,0.0,,0.0,,,0.0,0.0,,0.005115353036671877,,0.1613779067993164,,,0.03058999963104725,,0.0,,0.1790771335363388,,,,,,,,,,,,,
8,7604,,,,,,,,,,,,,,,,,,,,,,,,,,0.06414882093667984,0.0,0.353547602891922,0.0,0.0,0.0,0.0,0.03553245589137077,0.23539213836193085,0.4021204710006714,0.06571758538484573,0.0,0.545370876789093
8,7604,0.014106951653957367,,0.0,,0.15340860188007355,,0.0,,0.0,,0.0,0.0,,,0.003752973861992359,,0.16188137233257294,,0.031834397464990616,0.00571448914706707,,0.0,,0.1824922114610672,,,,,,,,,,,,,,
9,7609,,0.009216349571943283,,0.0,,0.12451782822608948,,0.0,,0.0,,,0.0,0.0,,0.001940069138072431,,0.15839684009552002,,,0.017109064385294914,,0.0,,0.15559007227420807,,,,,,,,,,,,,
9,7619,,0.014863523654639721,,0.0,,0.13638277351856232,,0.0,,0.0,,,0.0,0.0,,0.0032350942492485046,,0.1658417284488678,,,0.026285728439688683,,0.0,,0.17330443859100342,,,,,,,,,,,,,
9,7629,,0.008527043275535107,,0.0,,0.1316981166601181,,0.0,,0.0,,,0.0,0.0,,0.004031194373965263,,0.1564975380897522,,,0.024453353136777878,,0.0,,0.16260361671447754,,,,,,,,,,,,,
9,7639,,0.01088754553347826,,0.0,,0.13387081027030945,,0.0,,0.0,,,0.0,0.0,,0.0029933664482086897,,0.15725845098495483,,,0.03323741257190704,,0.0,,0.1691237986087799,,,,,,,,,,,,,
9,7649,,0.01409664936363697,,0.0,,0.1345277726650238,,0.0,,0.0,,,0.0,0.0,,0.0037370165809988976,,0.15768584609031677,,,0.025645483285188675,,0.0,,0.16784638166427612,,,,,,,,,,,,,
9,7659,,0.01518484391272068,,0.0,,0.1634519100189209,,0.0,,0.0,,,0.0,0.0,,0.002269331831485033,,0.16473761200904846,,,0.021623052656650543,,0.0,,0.18363337218761444,,,,,,,,,,,,,
9,7669,,0.012592167593538761,,0.0,,0.13866384327411652,,0.0,,0.0,,,0.0,0.0,,0.0027800786774605513,,0.16417154669761658,,,0.02413024939596653,,0.0,,0.1711689531803131,,,,,,,,,,,,,
9,7679,,0.012964443303644657,,0.0,,0.1409032791852951,,0.0,,0.0,,,0.0,0.0,,0.002859031781554222,,0.15960071980953217,,,0.045379605144262314,,0.0,,0.18085354566574097,,,,,,,,,,,,,
9,7689,,0.00826732162386179,,0.0,,0.12123170495033264,,0.0,,0.0,,,0.0,0.0,,0.0022667590528726578,,0.1558249145746231,,,0.02062561921775341,,0.0,,0.1541081666946411,,,,,,,,,,,,,
9,7699,,0.012915138155221939,,0.0,,0.151644766330719,,0.0,,0.0,,,0.0,0.0,,0.002655550604686141,,0.1612420529127121,,,0.056285712867975235,,0.0,,0.19237160682678223,,,,,,,,,,,,,
9,7709,,0.016614992171525955,,0.0,,0.14941149950027466,,0.0,,0.0,,,0.0,0.0,,0.003102879971265793,,0.1543591022491455,,,0.05662636086344719,,0.0,,0.1900574117898941,,,,,,,,,,,,,
9,7719,,0.007721554487943649,,0.0,,0.12804777920246124,,0.0,,0.0,,,0.0,0.0,,0.002292549703270197,,0.15403088927268982,,,0.015531670302152634,,0.0,,0.1538122147321701,,,,,,,,,,,,,
9,7729,,0.013715459033846855,,0.0,,0.14289326965808868,,0.0,,0.0,,,0.0,0.0,,0.0053070783615112305,,0.15805749595165253,,,0.021041054278612137,,0.0,,0.17050717771053314,,,,,,,,,,,,,
9,7739,,0.011797316372394562,,0.0,,0.1524949073791504,,0.0,,0.0,,,0.0,0.0,,0.002812350867316127,,0.16229575872421265,,,0.02454683557152748,,0.0,,0.17697358131408691,,,,,,,,,,,,,
9,7749,,0.018979955464601517,,0.0,,0.1789846420288086,,0.0,,0.0,,,0.0,0.0,,0.005149175878614187,,0.16010719537734985,,,0.027997884899377823,,0.0,,0.1956094354391098,,,,,,,,,,,,,
9,7759,,0.012537311762571335,,0.0,,0.1538989096879959,,0.0,,0.0,,,0.0,0.0,,0.00858578085899353,,0.1623622179031372,,,0.02587752416729927,,0.0,,0.18163086473941803,,,,,,,,,,,,,
9,7769,,0.01894683577120304,,0.0,,0.1589375138282776,,0.0,,0.0,,,0.0,0.0,,0.0058100344613194466,,0.16431033611297607,,,0.024051513522863388,,0.0,,0.1860281080007553,,,,,,,,,,,,,
9,7779,,0.012140050530433655,,0.0,,0.15824688971042633,,0.0,,0.0,,,0.0,0.0,,0.003868762170895934,,0.163742795586586,,,0.03173505887389183,,0.0,,0.1848667860031128,,,,,,,,,,,,,
9,7789,,0.010886963456869125,,0.0,,0.1420966535806656,,0.0,,0.0,,,0.0,0.0,,0.003062540665268898,,0.15941736102104187,,,0.030083119869232178,,0.0,,0.1727733314037323,,,,,,,,,,,,,
9,7799,,0.012936079874634743,,0.0,,0.12975269556045532,,0.0,,0.0,,,0.0,0.0,,0.002643432468175888,,0.15547694265842438,,,0.019087105989456177,,0.0,,0.15994812548160553,,,,,,,,,,,,,
9,7809,,0.009377961978316307,,0.0,,0.1396210789680481,,0.0,,0.0,,,0.0,0.0,,0.001954940613359213,,0.16350984573364258,,,0.0451720766723156,,0.0,,0.17981794476509094,,,,,,,,,,,,,
9,7819,,0.016951149329543114,,0.0,,0.15193279087543488,,0.0,,0.0,,,0.0,0.0,,0.0031114581506699324,,0.16011546552181244,,,0.018379073590040207,,0.0,,0.17524495720863342,,,,,,,,,,,,,
9,7829,,0.015345519408583641,,0.0,,0.13944821059703827,,0.0,,0.0,,,0.0,0.0,,0.002735584042966366,,0.1580868363380432,,,0.020351093262434006,,0.0,,0.16798362135887146,,,,,,,,,,,,,
9,7839,,0.014032924547791481,,0.0,,0.13292758166790009,,0.0,,0.0,,,0.0,0.0,,0.0028377417474985123,,0.1643395721912384,,,0.014351832680404186,,0.0,,0.16424483060836792,,,,,,,,,,,,,
9,7849,,0.01398659497499466,,0.0,,0.15806515514850616,,0.0,,0.0,,,0.0,0.0,,0.0034849902149289846,,0.15996646881103516,,,0.03121558576822281,,0.0,,0.18335938453674316,,,,,,,,,,,,,
9,7859,,0.018671676516532898,,0.0,,0.15945307910442352,,0.0,,0.0,,,0.0,0.0,,0.003596966154873371,,0.15965743362903595,,,0.03052554652094841,,0.0,,0.1859523504972458,,,,,,,,,,,,,
9,7869,,0.017815079540014267,,0.0,,0.13396763801574707,,0.0,,0.0,,,0.0,0.0,,0.003909449093043804,,0.1605784296989441,,,0.018575459718704224,,0.0,,0.16742302477359772,,,,,,,,,,,,,
9,7879,,0.013446470722556114,,0.0,,0.16253651678562164,,0.0,,0.0,,,0.0,0.0,,0.0024707713164389133,,0.15877605974674225,,,0.03254426643252373,,0.0,,0.18488703668117523,,,,,,,,,,,,,
9,7889,,0.01192663237452507,,0.0,,0.15238656103610992,,0.0,,0.0,,,0.0,0.0,,0.004234849475324154,,0.15614229440689087,,,0.020186252892017365,,0.0,,0.17243827879428864,,,,,,,,,,,,,
9,7899,,0.013578827492892742,,0.0,,0.15740966796875,,0.0,,0.0,,,0.0,0.0,,0.002242529531940818,,0.16081169247627258,,,0.016350405290722847,,0.0,,0.175196573138237,,,,,,,,,,,,,
9,7909,,0.025415144860744476,,0.0,,0.14977900683879852,,0.0,,0.0,,,0.0,0.0,,0.006504816468805075,,0.16278083622455597,,,0.018363306298851967,,0.0,,0.18142154812812805,,,,,,,,,,,,,
9,7919,,0.010909420438110828,,0.0,,0.13677968084812164,,0.0,,0.0,,,0.0,0.0,,0.004305932205170393,,0.15931804478168488,,,0.03212272375822067,,0.0,,0.17171789705753326,,,,,,,,,,,,,
9,7929,,0.014368812553584576,,0.0,,0.1496248096227646,,0.0,,0.0,,,0.0,0.0,,0.00282767484895885,,0.16347789764404297,,,0.02598886936903,,0.0,,0.17814403772354126,,,,,,,,,,,,,
9,7939,,0.0071525564417243,,0.0,,0.13103380799293518,,0.0,,0.0,,,0.0,0.0,,0.0019159596413373947,,0.15586142241954803,,,0.028355877846479416,,0.0,,0.16215980052947998,,,,,,,,,,,,,
9,7949,,0.013648155145347118,,0.0,,0.14424026012420654,,0.0,,0.0,,,0.0,0.0,,0.004422351717948914,,0.16027140617370605,,,0.017472099512815475,,0.0,,0.17002713680267334,,,,,,,,,,,,,
9,7959,,0.017256828024983406,,0.0,,0.139419287443161,,0.0,,0.0,,,0.0,0.0,,0.009017502889037132,,0.16496020555496216,,,0.03456415981054306,,0.0,,0.18260899186134338,,,,,,,,,,,,,
9,7969,,0.007349422201514244,,0.0,,0.14642997086048126,,0.0,,0.0,,,0.0,0.0,,0.0015130930114537477,,0.15977632999420166,,,0.02166997827589512,,0.0,,0.16836939752101898,,,,,,,,,,,,,
9,7979,,0.008222288452088833,,0.0,,0.11557218432426453,,0.0,,0.0,,,0.0,0.0,,0.0021584448404610157,,0.15392975509166718,,,0.02798398770391941,,0.0,,0.1539333164691925,,,,,,,,,,,,,
9,7989,,0.009863493964076042,,0.0,,0.13213977217674255,,0.0,,0.0,,,0.0,0.0,,0.0027234291192144156,,0.15479204058647156,,,0.025423824787139893,,0.0,,0.16247127950191498,,,,,,,,,,,,,
9,7999,,0.011807713657617569,,0.0,,0.1449470967054367,,0.0,,0.0,,,0.0,0.0,,0.00788918137550354,,0.16050732135772705,,,0.02074861153960228,,0.0,,0.17294996976852417,,,,,,,,,,,,,
9,8009,,0.013464114628732204,,0.0,,0.13401058316230774,,0.0,,0.0,,,0.0,0.0,,0.003878273069858551,,0.15957781672477722,,,0.02722867578268051,,0.0,,0.1690797358751297,,,,,,,,,,,,,
9,8019,,0.014023920521140099,,0.0,,0.15776720643043518,,0.0,,0.0,,,0.0,0.0,,0.002520777517929673,,0.1618930846452713,,,0.02586270682513714,,0.0,,0.18103384971618652,,,,,,,,,,,,,
9,8029,,0.011721283197402954,,0.0,,0.13914024829864502,,0.0,,0.0,,,0.0,0.0,,0.0034479813184589148,,0.15373794734477997,,,0.03406238183379173,,0.0,,0.1710549294948578,,,,,,,,,,,,,
9,8039,,0.008485492318868637,,0.0,,0.1432437151670456,,0.0,,0.0,,,0.0,0.0,,0.0016344976611435413,,0.15930691361427307,,,0.01638706400990486,,0.0,,0.16452884674072266,,,,,,,,,,,,,
9,8049,,0.008661862462759018,,0.0,,0.13471531867980957,,0.0,,0.0,,,0.0,0.0,,0.0020883209072053432,,0.1614159643650055,,,0.04655909538269043,,0.0,,0.1767202764749527,,,,,,,,,,,,,
9,8059,,0.010187268257141113,,0.0,,0.13557793200016022,,0.0,,0.0,,,0.0,0.0,,0.004108658991754055,,0.1622619479894638,,,0.029607106000185013,,0.0,,0.17087146639823914,,,,,,,,,,,,,
9,8069,,0.01242300309240818,,0.0,,0.13190731406211853,,0.0,,0.0,,,0.0,0.0,,0.004891311749815941,,0.15727989375591278,,,0.019346047192811966,,0.0,,0.16292378306388855,,,,,,,,,,,,,
9,8079,,0.009420013055205345,,0.0,,0.1209755390882492,,0.0,,0.0,,,0.0,0.0,,0.004099776968359947,,0.15893036127090454,,,0.025013182312250137,,0.0,,0.15921944379806519,,,,,,,,,,,,,
9,8089,,0.018375422805547714,,0.0,,0.15321217477321625,,0.0,,0.0,,,0.0,0.0,,0.0047788131050765514,,0.1598365306854248,,,0.017344161868095398,,0.0,,0.1767735481262207,,,,,,,,,,,,,
9,8099,,0.01928837224841118,,0.0,,0.14901849627494812,,0.0,,0.0,,,0.0,0.0,,0.005788239650428295,,0.16301706433296204,,,0.02791048213839531,,0.0,,0.1825113147497177,,,,,,,,,,,,,
9,8109,,0.008346758782863617,,0.0,,0.12629199028015137,,0.0,,0.0,,,0.0,0.0,,0.0038812397979199886,,0.158103346824646,,,0.02023804560303688,,0.0,,0.15843069553375244,,,,,,,,,,,,,
9,8119,,0.02387208677828312,,0.0,,0.16654081642627716,,0.0,,0.0,,,0.0,0.0,,0.01574000157415867,,0.16325989365577698,,,0.04456204175949097,,0.0,,0.2069874256849289,,,,,,,,,,,,,
9,8129,,0.00891365110874176,,0.0,,0.12380079925060272,,0.0,,0.0,,,0.0,0.0,,0.0019024235662072897,,0.15429463982582092,,,0.019565720111131668,,0.0,,0.15423861145973206,,,,,,,,,,,,,
9,8139,,0.01990584097802639,,0.0,,0.14982686936855316,,0.0,,0.0,,,0.0,0.0,,0.004553230479359627,,0.15832343697547913,,,0.03550063818693161,,0.0,,0.18405500054359436,,,,,,,,,,,,,
9,8149,,0.018526606261730194,,0.0,,0.1493968963623047,,0.0,,0.0,,,0.0,0.0,,0.005112435203045607,,0.16309703886508942,,,0.045637764036655426,,0.0,,0.19088536500930786,,,,,,,,,,,,,
9,8159,,0.011210495606064796,,0.0,,0.12740465998649597,,0.0,,0.0,,,0.0,0.0,,0.002262511057779193,,0.15564578771591187,,,0.0193195641040802,,0.0,,0.15792150795459747,,,,,,,,,,,,,
9,8169,,0.019668754190206528,,0.0,,0.14633497595787048,,0.0,,0.0,,,0.0,0.0,,0.0033238891046494246,,0.1704695075750351,,,0.026663821190595627,,0.0,,0.183230459690094,,,,,,,,,,,,,
9,8179,,0.02154393307864666,,0.0,,0.15384767949581146,,0.0,,0.0,,,0.0,0.0,,0.00436210073530674,,0.16314929723739624,,,0.04119996726512909,,0.0,,0.192051500082016,,,,,,,,,,,,,
9,8189,,0.016141004860401154,,0.0,,0.16828610002994537,,0.0,,0.0,,,0.0,0.0,,0.002568294992670417,,0.16224151849746704,,,0.03467372804880142,,0.0,,0.1919553130865097,,,,,,,,,,,,,
9,8199,,0.012294361367821693,,0.0,,0.1402788907289505,,0.0,,0.0,,,0.0,0.0,,0.0019258852116763592,,0.1576911211013794,,,0.0391644649207592,,0.0,,0.1756773442029953,,,,,,,,,,,,,
9,8209,,0.018990259617567062,,0.0,,0.15666413307189941,,0.0,,0.0,,,0.0,0.0,,0.0038281455636024475,,0.15852472186088562,,,0.018779894337058067,,0.0,,0.17839357256889343,,,,,,,,,,,,,
9,8219,,0.01844538375735283,,0.0,,0.15071570873260498,,0.0,,0.0,,,0.0,0.0,,0.006179561372846365,,0.15911012887954712,,,0.020234571769833565,,0.0,,0.17734268307685852,,,,,,,,,,,,,
9,8229,,0.012821869924664497,,0.0,,0.1673170030117035,,0.0,,0.0,,,0.0,0.0,,0.0024833311326801777,,0.15697944164276123,,,0.018791252747178078,,0.0,,0.17919646203517914,,,,,,,,,,,,,
9,8239,,0.011793545447289944,,0.0,,0.12739503383636475,,0.0,,0.0,,,0.0,0.0,,0.002700802870094776,,0.15791748464107513,,,0.03442537039518356,,0.0,,0.16711613535881042,,,,,,,,,,,,,
9,8249,,0.008585173636674881,,0.0,,0.13399916887283325,,0.0,,0.0,,,0.0,0.0,,0.0037969963159412146,,0.1541864573955536,,,0.01397761795669794,,0.0,,0.15727271139621735,,,,,,,,,,,,,
9,8259,,0.012031693011522293,,0.0,,0.13994188606739044,,0.0,,0.0,,,0.0,0.0,,0.002991861430928111,,0.15539442002773285,,,0.022174518555402756,,0.0,,0.16626718640327454,,,,,,,,,,,,,
9,8269,,0.01300697959959507,,0.0,,0.13597097992897034,,0.0,,0.0,,,0.0,0.0,,0.0028307815082371235,,0.16077369451522827,,,0.018354948610067368,,0.0,,0.16546869277954102,,,,,,,,,,,,,
9,8279,,0.013474946841597557,,0.0,,0.13873352110385895,,0.0,,0.0,,,0.0,0.0,,0.003967679105699062,,0.15770962834358215,,,0.021667305380105972,,0.0,,0.16777653992176056,,,,,,,,,,,,,
9,8289,,0.014646489173173904,,0.0,,0.15059879422187805,,0.0,,0.0,,,0.0,0.0,,0.0029407802503556013,,0.15789321064949036,,,0.0482354573905468,,0.0,,0.18715736269950867,,,,,,,,,,,,,
9,8299,,0.011113486252725124,,0.0,,0.14673559367656708,,0.0,,0.0,,,0.0,0.0,,0.0021379997488111258,,0.15652377903461456,,,0.030680028721690178,,0.0,,0.17359544336795807,,,,,,,,,,,,,
9,8309,,0.01503335777670145,,0.0,,0.13303132355213165,,0.0,,0.0,,,0.0,0.0,,0.008294951170682907,,0.159650057554245,,,0.020018918439745903,,0.0,,0.1680143028497696,,,,,,,,,,,,,
9,8319,,0.009183085523545742,,0.0,,0.1306777447462082,,0.0,,0.0,,,0.0,0.0,,0.002924725180491805,,0.15369877219200134,,,0.020728446543216705,,0.0,,0.1586063653230667,,,,,,,,,,,,,
9,8329,,0.015866264700889587,,0.0,,0.15605854988098145,,0.0,,0.0,,,0.0,0.0,,0.0020956899970769882,,0.1626369059085846,,,0.028897184878587723,,0.0,,0.1827773004770279,,,,,,,,,,,,,
9,8339,,0.007799255196005106,,0.0,,0.11749062687158585,,0.0,,0.0,,,0.0,0.0,,0.0017603294691070914,,0.15443849563598633,,,0.022812701761722565,,0.0,,0.1521507054567337,,,,,,,,,,,,,
9,8349,,0.011599352583289146,,0.0,,0.14645510911941528,,0.0,,0.0,,,0.0,0.0,,0.0023861262015998363,,0.15765266120433807,,,0.03685647249221802,,0.0,,0.17747487127780914,,,,,,,,,,,,,
9,8359,,0.010551154613494873,,0.0,,0.13419196009635925,,0.0,,0.0,,,0.0,0.0,,0.002690821886062622,,0.1589294672012329,,,0.022576164454221725,,0.0,,0.16446977853775024,,,,,,,,,,,,,
9,8369,,0.011681581847369671,,0.0,,0.12142748385667801,,0.0,,0.0,,,0.0,0.0,,0.002015339210629463,,0.16077937185764313,,,0.03088321164250374,,0.0,,0.1633935123682022,,,,,,,,,,,,,
9,8379,,0.012746620923280716,,0.0,,0.14100763201713562,,0.0,,0.0,,,0.0,0.0,,0.0028502997010946274,,0.1570156365633011,,,0.036180317401885986,,0.0,,0.17490026354789734,,,,,,,,,,,,,
9,8389,,0.012774605304002762,,0.0,,0.1399667114019394,,0.0,,0.0,,,0.0,0.0,,0.0032631184440106153,,0.15636099874973297,,,0.01684143953025341,,0.0,,0.16460344195365906,,,,,,,,,,,,,
9,8399,,0.012629318051040173,,0.0,,0.13318200409412384,,0.0,,0.0,,,0.0,0.0,,0.005468674004077911,,0.1564355194568634,,,0.03728228434920311,,0.0,,0.1724989116191864,,,,,,,,,,,,,
9,8409,,0.007483081892132759,,0.0,,0.13790571689605713,,0.0,,0.0,,,0.0,0.0,,0.003817805554717779,,0.15743756294250488,,,0.028244633227586746,,0.0,,0.1674444079399109,,,,,,,,,,,,,
9,8419,,0.018635336309671402,,0.0,,0.14100581407546997,,0.0,,0.0,,,0.0,0.0,,0.003375162836164236,,0.1598791927099228,,,0.024238092824816704,,0.0,,0.1735668033361435,,,,,,,,,,,,,
9,8429,,0.018951445817947388,,0.0,,0.1710769683122635,,0.0,,0.0,,,0.0,0.0,,0.0051968395709991455,,0.15335668623447418,,,0.039249107241630554,,0.0,,0.19391551613807678,,,,,,,,,,,,,
9,8439,,0.010473430156707764,,0.0,,0.1174711063504219,,0.0,,0.0,,,0.0,0.0,,0.002060898579657078,,0.15123136341571808,,,0.01770562306046486,,0.0,,0.1494712084531784,,,,,,,,,,,,,
9,8449,,0.009085898287594318,,0.0,,0.1282513439655304,,0.0,,0.0,,,0.0,0.0,,0.0021643429063260555,,0.1553049385547638,,,0.026695504784584045,,0.0,,0.16075101494789124,,,,,,,,,,,,,
9,8449,,,,,,,,,,,,,,,,,,,,,,,,,,0.06283098459243774,0.0,0.3439892828464508,0.0,0.0,0.0,0.0,0.036089956760406494,0.22803500294685364,0.4044879376888275,0.06538964807987213,0.0,0.5377166867256165
9,8449,0.013361775316298008,,0.0,,0.14388370513916016,,0.0,,0.0,,0.0,0.0,,,0.003582768142223358,,0.15883202850818634,,0.028174906969070435,0.0050603123381733894,,0.0,,0.17391765117645264,,,,,,,,,,,,,,
10,8459,,0.01721823215484619,,0.0,,0.14522111415863037,,0.0,,0.0,,,0.0,0.0,,0.0026152494829148054,,0.16070085763931274,,,0.01444240752607584,,0.0,,0.1700989305973053,,,,,,,,,,,,,
10,8469,,0.011648652143776417,,0.0,,0.14427831768989563,,0.0,,0.0,,,0.0,0.0,,0.001701553352177143,,0.15206238627433777,,,0.03518274426460266,,0.0,,0.17243683338165283,,,,,,,,,,,,,
10,8479,,0.01228351891040802,,0.0,,0.11826679855585098,,0.0,,0.0,,,0.0,0.0,,0.0021601072512567043,,0.15052103996276855,,,0.022994574159383774,,0.0,,0.15311302244663239,,,,,,,,,,,,,
10,8489,,0.01567477360367775,,0.0,,0.1664150506258011,,0.0,,0.0,,,0.0,0.0,,0.002122060861438513,,0.16325917840003967,,,0.05250313878059387,,0.0,,0.19998711347579956,,,,,,,,,,,,,
10,8499,,0.00987553596496582,,0.0,,0.12130448967218399,,0.0,,0.0,,,0.0,0.0,,0.0025571254082024097,,0.15556728839874268,,,0.02564682625234127,,0.0,,0.15747563540935516,,,,,,,,,,,,,
10,8509,,0.017493557184934616,,0.0,,0.15062761306762695,,0.0,,0.0,,,0.0,0.0,,0.004129429347813129,,0.1614021509885788,,,0.020424120128154755,,0.0,,0.17703844606876373,,,,,,,,,,,,,
10,8519,,0.0106502715498209,,0.0,,0.13861677050590515,,0.0,,0.0,,,0.0,0.0,,0.00361177371814847,,0.15465283393859863,,,0.037699051201343536,,0.0,,0.17261534929275513,,,,,,,,,,,,,
10,8529,,0.011729244142770767,,0.0,,0.14076566696166992,,0.0,,0.0,,,0.0,0.0,,0.0023011299781501293,,0.15709352493286133,,,0.015527922660112381,,0.0,,0.16370874643325806,,,,,,,,,,,,,
10,8539,,0.012068212032318115,,0.0,,0.13326498866081238,,0.0,,0.0,,,0.0,0.0,,0.001958440523594618,,0.15712013840675354,,,0.014345627278089523,,0.0,,0.15937869250774384,,,,,,,,,,,,,
10,8549,,0.012991676107048988,,0.0,,0.13869307935237885,,0.0,,0.0,,,0.0,0.0,,0.004845847375690937,,0.1528848558664322,,,0.02515565976500511,,0.0,,0.16728556156158447,,,,,,,,,,,,,
10,8559,,0.01912139542400837,,0.0,,0.14333109557628632,,0.0,,0.0,,,0.0,0.0,,0.004504144191741943,,0.16623471677303314,,,0.021594971418380737,,0.0,,0.17739316821098328,,,,,,,,,,,,,
10,8569,,0.015496754087507725,,0.0,,0.15847457945346832,,0.0,,0.0,,,0.0,0.0,,0.002743676071986556,,0.165982186794281,,,0.02173248678445816,,0.0,,0.18221482634544373,,,,,,,,,,,,,
10,8579,,0.007519369013607502,,0.0,,0.1271933913230896,,0.0,,0.0,,,0.0,0.0,,0.002508698031306267,,0.15511539578437805,,,0.0277952179312706,,0.0,,0.16006603837013245,,,,,,,,,,,,,
10,8589,,0.010836409404873848,,0.0,,0.13407112658023834,,0.0,,0.0,,,0.0,0.0,,0.002861702349036932,,0.1561538279056549,,,0.022502800449728966,,0.0,,0.16321295499801636,,,,,,,,,,,,,
10,8599,,0.017142239958047867,,0.0,,0.1638890653848648,,0.0,,0.0,,,0.0,0.0,,0.003191805211827159,,0.160415381193161,,,0.022415081039071083,,0.0,,0.18352678418159485,,,,,,,,,,,,,
10,8609,,0.016804315149784088,,0.0,,0.15545189380645752,,0.0,,0.0,,,0.0,0.0,,0.004542791284620762,,0.1529501974582672,,,0.022544942796230316,,0.0,,0.17614707350730896,,,,,,,,,,,,,
10,8619,,0.012702679261565208,,0.0,,0.1279616802930832,,0.0,,0.0,,,0.0,0.0,,0.004716620780527592,,0.16112011671066284,,,0.022674258798360825,,0.0,,0.16458769142627716,,,,,,,,,,,,,
10,8629,,0.013966701924800873,,0.0,,0.10856470465660095,,0.0,,0.0,,,0.0,0.0,,0.0036019771359860897,,0.15792043507099152,,,0.02439909428358078,,0.0,,0.15422646701335907,,,,,,,,,,,,,
10,8639,,0.013052567839622498,,0.0,,0.13071416318416595,,0.0,,0.0,,,0.0,0.0,,0.002505518728867173,,0.15617235004901886,,,0.025627821683883667,,0.0,,0.16403621435165405,,,,,,,,,,,,,
10,8649,,0.007526380941271782,,0.0,,0.12931948900222778,,0.0,,0.0,,,0.0,0.0,,0.0019712885841727257,,0.15449006855487823,,,0.018338652327656746,,0.0,,0.15582291781902313,,,,,,,,,,,,,
10,8659,,0.011195411905646324,,0.0,,0.13211986422538757,,0.0,,0.0,,,0.0,0.0,,0.0031877465080469847,,0.1494736671447754,,,0.018855106085538864,,0.0,,0.15741589665412903,,,,,,,,,,,,,
10,8669,,0.009899236261844635,,0.0,,0.138182133436203,,0.0,,0.0,,,0.0,0.0,,0.004259725101292133,,0.15285079181194305,,,0.021809130907058716,,0.0,,0.16350050270557404,,,,,,,,,,,,,
10,8679,,0.013545962981879711,,0.0,,0.15918128192424774,,0.0,,0.0,,,0.0,0.0,,0.0023377605248242617,,0.15661212801933289,,,0.027101539075374603,,0.0,,0.1793893277645111,,,,,,,,,,,,,
10,8689,,0.015665387734770775,,0.0,,0.13678564131259918,,0.0,,0.0,,,0.0,0.0,,0.0036020148545503616,,0.15933793783187866,,,0.029205255210399628,,0.0,,0.1722981184720993,,,,,,,,,,,,,
10,8699,,0.01678924448788166,,0.0,,0.1735747754573822,,0.0,,0.0,,,0.0,0.0,,0.0055325767025351524,,0.15970487892627716,,,0.052524350583553314,,0.0,,0.20406292378902435,,,,,,,,,,,,,
10,8709,,0.011765796691179276,,0.0,,0.1430656462907791,,0.0,,0.0,,,0.0,0.0,,0.001960089895874262,,0.16040769219398499,,,0.016921063885092735,,0.0,,0.16706016659736633,,,,,,,,,,,,,
10,8719,,0.01360330544412136,,0.0,,0.14841601252555847,,0.0,,0.0,,,0.0,0.0,,0.002502341289073229,,0.15797722339630127,,,0.05058877170085907,,0.0,,0.18654382228851318,,,,,,,,,,,,,
10,8729,,0.01594225876033306,,0.0,,0.14549508690834045,,0.0,,0.0,,,0.0,0.0,,0.0033947578631341457,,0.16656996309757233,,,0.02675550989806652,,0.0,,0.17907878756523132,,,,,,,,,,,,,
10,8739,,0.00971580296754837,,0.0,,0.13211947679519653,,0.0,,0.0,,,0.0,0.0,,0.0048522441647946835,,0.16024067997932434,,,0.016100723296403885,,0.0,,0.16151446104049683,,,,,,,,,,,,,
10,8749,,0.012776320800185204,,0.0,,0.1288442611694336,,0.0,,0.0,,,0.0,0.0,,0.003185110166668892,,0.15933212637901306,,,0.028511032462120056,,0.0,,0.1663244366645813,,,,,,,,,,,,,
10,8759,,0.008355897851288319,,0.0,,0.11896122246980667,,0.0,,0.0,,,0.0,0.0,,0.004153569228947163,,0.15152446925640106,,,0.02045874297618866,,0.0,,0.15172696113586426,,,,,,,,,,,,,
10,8769,,0.0132469292730093,,0.0,,0.153026282787323,,0.0,,0.0,,,0.0,0.0,,0.002006055787205696,,0.15457257628440857,,,0.014555532485246658,,0.0,,0.16870369017124176,,,,,,,,,,,,,
10,8779,,0.012428663671016693,,0.0,,0.15542306005954742,,0.0,,0.0,,,0.0,0.0,,0.002947443164885044,,0.1536692976951599,,,0.03182182461023331,,0.0,,0.1781451404094696,,,,,,,,,,,,,
10,8789,,0.011410580016672611,,0.0,,0.14817993342876434,,0.0,,0.0,,,0.0,0.0,,0.002148489700630307,,0.15592828392982483,,,0.032927826046943665,,0.0,,0.1752975583076477,,,,,,,,,,,,,
10,8799,,0.013883494772017002,,0.0,,0.13857442140579224,,0.0,,0.0,,,0.0,0.0,,0.002685289829969406,,0.15730217099189758,,,0.04483500495553017,,0.0,,0.1786401867866516,,,,,,,,,,,,,
10,8809,,0.01792732998728752,,0.0,,0.13277173042297363,,0.0,,0.0,,,0.0,0.0,,0.0037415437400341034,,0.1583889126777649,,,0.021888654679059982,,0.0,,0.16735906898975372,,,,,,,,,,,,,
10,8819,,0.016722869127988815,,0.0,,0.12373453378677368,,0.0,,0.0,,,0.0,0.0,,0.004663010593503714,,0.15960657596588135,,,0.022662421688437462,,0.0,,0.16369470953941345,,,,,,,,,,,,,
10,8829,,0.012944783084094524,,0.0,,0.15385718643665314,,0.0,,0.0,,,0.0,0.0,,0.002253954764455557,,0.15825557708740234,,,0.02769933082163334,,0.0,,0.17750540375709534,,,,,,,,,,,,,
10,8839,,0.014244022779166698,,0.0,,0.1429159790277481,,0.0,,0.0,,,0.0,0.0,,0.0063788508996367455,,0.1573847085237503,,,0.02062281221151352,,0.0,,0.1707731932401657,,,,,,,,,,,,,
10,8849,,0.01238754391670227,,0.0,,0.13261249661445618,,0.0,,0.0,,,0.0,0.0,,0.003047163365408778,,0.15140938758850098,,,0.03089349903166294,,0.0,,0.16517505049705505,,,,,,,,,,,,,
10,8859,,0.013361009769141674,,0.0,,0.12733224034309387,,0.0,,0.0,,,0.0,0.0,,0.005677725654095411,,0.15385514497756958,,,0.027649441733956337,,0.0,,0.1639377772808075,,,,,,,,,,,,,
10,8869,,0.01274385116994381,,0.0,,0.15818649530410767,,0.0,,0.0,,,0.0,0.0,,0.0020147848408669233,,0.1625511646270752,,,0.028060484677553177,,0.0,,0.18177840113639832,,,,,,,,,,,,,
10,8879,,0.008746776729822159,,0.0,,0.1356419175863266,,0.0,,0.0,,,0.0,0.0,,0.0027502616867423058,,0.15502038598060608,,,0.03138546645641327,,0.0,,0.16677239537239075,,,,,,,,,,,,,
10,8889,,0.01589309796690941,,0.0,,0.13083350658416748,,0.0,,0.0,,,0.0,0.0,,0.004377718083560467,,0.1579444408416748,,,0.0208827406167984,,0.0,,0.16496574878692627,,,,,,,,,,,,,
10,8899,,0.010635856539011002,,0.0,,0.13847234845161438,,0.0,,0.0,,,0.0,0.0,,0.001801541424356401,,0.15248918533325195,,,0.03382682055234909,,0.0,,0.16861288249492645,,,,,,,,,,,,,
10,8909,,0.009404858574271202,,0.0,,0.12720303237438202,,0.0,,0.0,,,0.0,0.0,,0.0038920361548662186,,0.1572389304637909,,,0.024235809221863747,,0.0,,0.16098733246326447,,,,,,,,,,,,,
10,8919,,0.01872449740767479,,0.0,,0.14543463289737701,,0.0,,0.0,,,0.0,0.0,,0.0043990639969706535,,0.15867865085601807,,,0.028707679361104965,,0.0,,0.17797225713729858,,,,,,,,,,,,,
10,8929,,0.01268471498042345,,0.0,,0.1477072536945343,,0.0,,0.0,,,0.0,0.0,,0.003014859277755022,,0.1560111939907074,,,0.015474081970751286,,0.0,,0.1674460470676422,,,,,,,,,,,,,
10,8939,,0.008426712825894356,,0.0,,0.12152999639511108,,0.0,,0.0,,,0.0,0.0,,0.0021527137141674757,,0.15718692541122437,,,0.02814449742436409,,0.0,,0.15872043371200562,,,,,,,,,,,,,
10,8949,,0.01033460721373558,,0.0,,0.13188545405864716,,0.0,,0.0,,,0.0,0.0,,0.007828570902347565,,0.1532534658908844,,,0.029376693069934845,,0.0,,0.16633938252925873,,,,,,,,,,,,,
10,8959,,0.015277302823960781,,0.0,,0.16160310804843903,,0.0,,0.0,,,0.0,0.0,,0.0035167373716831207,,0.15709315240383148,,,0.04094776138663292,,0.0,,0.18921902775764465,,,,,,,,,,,,,
10,8969,,0.012494513764977455,,0.0,,0.1383505016565323,,0.0,,0.0,,,0.0,0.0,,0.002208511345088482,,0.15310262143611908,,,0.019305970519781113,,0.0,,0.16273105144500732,,,,,,,,,,,,,
10,8979,,0.01248252298682928,,0.0,,0.14597779512405396,,0.0,,0.0,,,0.0,0.0,,0.0020936457440257072,,0.15448611974716187,,,0.016548458486795425,,0.0,,0.1657942682504654,,,,,,,,,,,,,
10,8989,,0.019388452172279358,,0.0,,0.14908675849437714,,0.0,,0.0,,,0.0,0.0,,0.004260732792317867,,0.15933528542518616,,,0.019442379474639893,,0.0,,0.1757567822933197,,,,,,,,,,,,,
10,8999,,0.007964910939335823,,0.0,,0.1175994873046875,,0.0,,0.0,,,0.0,0.0,,0.0018010437488555908,,0.1513870358467102,,,0.02766318805515766,,0.0,,0.15320783853530884,,,,,,,,,,,,,
10,9009,,0.007342236582189798,,0.0,,0.11398003995418549,,0.0,,0.0,,,0.0,0.0,,0.0018795875366777182,,0.14745600521564484,,,0.027023689821362495,,0.0,,0.1488407850265503,,,,,,,,,,,,,
10,9019,,0.008664214983582497,,0.0,,0.12553372979164124,,0.0,,0.0,,,0.0,0.0,,0.002566148992627859,,0.15648263692855835,,,0.02626068890094757,,0.0,,0.1597537100315094,,,,,,,,,,,,,
10,9029,,0.012475802563130856,,0.0,,0.14564117789268494,,0.0,,0.0,,,0.0,0.0,,0.0036380640231072903,,0.15364959836006165,,,0.018865033984184265,,0.0,,0.1671348214149475,,,,,,,,,,,,,
10,9039,,0.017460746690630913,,0.0,,0.14364638924598694,,0.0,,0.0,,,0.0,0.0,,0.007307758089154959,,0.1575160175561905,,,0.02423790842294693,,0.0,,0.1750844120979309,,,,,,,,,,,,,
10,9049,,0.014647077769041061,,0.0,,0.14180107414722443,,0.0,,0.0,,,0.0,0.0,,0.003108605742454529,,0.15036147832870483,,,0.02146567776799202,,0.0,,0.16569195687770844,,,,,,,,,,,,,
10,9059,,0.00555176567286253,,0.0,,0.10869678109884262,,0.0,,0.0,,,0.0,0.0,,0.001487386180087924,,0.1510944962501526,,,0.02518896758556366,,0.0,,0.1460096836090088,,,,,,,,,,,,,
10,9069,,0.017210939899086952,,0.0,,0.13163761794567108,,0.0,,0.0,,,0.0,0.0,,0.003035295754671097,,0.1547406017780304,,,0.015479772351682186,,0.0,,0.16105210781097412,,,,,,,,,,,,,
10,9079,,0.01901010423898697,,0.0,,0.12520156800746918,,0.0,,0.0,,,0.0,0.0,,0.004886217415332794,,0.16388386487960815,,,0.02259853109717369,,0.0,,0.16779014468193054,,,,,,,,,,,,,
10,9089,,0.009884514845907688,,0.0,,0.13580074906349182,,0.0,,0.0,,,0.0,0.0,,0.0025897209998220205,,0.15510234236717224,,,0.01564657688140869,,0.0,,0.15951195359230042,,,,,,,,,,,,,
10,9099,,0.009312475100159645,,0.0,,0.14147751033306122,,0.0,,0.0,,,0.0,0.0,,0.005127228796482086,,0.15282782912254333,,,0.023966077715158463,,0.0,,0.16635555028915405,,,,,,,,,,,,,
10,9109,,0.017994392663240433,,0.0,,0.1670011729001999,,0.0,,0.0,,,0.0,0.0,,0.003229929832741618,,0.15842780470848083,,,0.017682431265711784,,0.0,,0.18216785788536072,,,,,,,,,,,,,
10,9119,,0.011807980947196484,,0.0,,0.1177542582154274,,0.0,,0.0,,,0.0,0.0,,0.002790834754705429,,0.15821175277233124,,,0.017056476324796677,,0.0,,0.15381065011024475,,,,,,,,,,,,,
10,9129,,0.012658409774303436,,0.0,,0.1464882344007492,,0.0,,0.0,,,0.0,0.0,,0.002375471405684948,,0.1494501233100891,,,0.013147146441042423,,0.0,,0.1620597094297409,,,,,,,,,,,,,
10,9139,,0.015181681141257286,,0.0,,0.12458430975675583,,0.0,,0.0,,,0.0,0.0,,0.003649086458608508,,0.16670995950698853,,,0.014233719557523727,,0.0,,0.1621793806552887,,,,,,,,,,,,,
10,9149,,0.010651802644133568,,0.0,,0.12569980323314667,,0.0,,0.0,,,0.0,0.0,,0.002466571982949972,,0.15209272503852844,,,0.016508549451828003,,0.0,,0.15370970964431763,,,,,,,,,,,,,
10,9159,,0.01101616583764553,,0.0,,0.1234247088432312,,0.0,,0.0,,,0.0,0.0,,0.002726346254348755,,0.15839871764183044,,,0.013545744121074677,,0.0,,0.15455584228038788,,,,,,,,,,,,,
10,9169,,0.011760471388697624,,0.0,,0.15378054976463318,,0.0,,0.0,,,0.0,0.0,,0.002709160326048732,,0.15292178094387054,,,0.029404254630208015,,0.0,,0.1752880960702896,,,,,,,,,,,,,
10,9179,,0.008963452652096748,,0.0,,0.11182355880737305,,0.0,,0.0,,,0.0,0.0,,0.0018655535532161593,,0.15253230929374695,,,0.026077352464199066,,0.0,,0.1506311297416687,,,,,,,,,,,,,
10,9189,,0.014107718132436275,,0.0,,0.13082826137542725,,0.0,,0.0,,,0.0,0.0,,0.004122039303183556,,0.15456420183181763,,,0.029658284038305283,,0.0,,0.1666402518749237,,,,,,,,,,,,,
10,9199,,0.011228207498788834,,0.0,,0.12740981578826904,,0.0,,0.0,,,0.0,0.0,,0.00303818192332983,,0.15232135355472565,,,0.024867895990610123,,0.0,,0.15943270921707153,,,,,,,,,,,,,
10,9209,,0.012305008247494698,,0.0,,0.13770130276679993,,0.0,,0.0,,,0.0,0.0,,0.002087279222905636,,0.15471594035625458,,,0.04037213698029518,,0.0,,0.17359082400798798,,,,,,,,,,,,,
10,9219,,0.013280833140015602,,0.0,,0.12791931629180908,,0.0,,0.0,,,0.0,0.0,,0.002860668580979109,,0.1591944396495819,,,0.034286290407180786,,0.0,,0.16877077519893646,,,,,,,,,,,,,
10,9229,,0.008802331984043121,,0.0,,0.1301727592945099,,0.0,,0.0,,,0.0,0.0,,0.00221114419400692,,0.1632968932390213,,,0.01559733971953392,,0.0,,0.1600402444601059,,,,,,,,,,,,,
10,9239,,0.012893930077552795,,0.0,,0.13971306383609772,,0.0,,0.0,,,0.0,0.0,,0.0028946432285010815,,0.1545087844133377,,,0.03384513780474663,,0.0,,0.1719277799129486,,,,,,,,,,,,,
10,9249,,0.01534096896648407,,0.0,,0.14447760581970215,,0.0,,0.0,,,0.0,0.0,,0.00320606492459774,,0.16571471095085144,,,0.03157835826277733,,0.0,,0.1801588535308838,,,,,,,,,,,,,
10,9259,,0.008585887029767036,,0.0,,0.12987667322158813,,0.0,,0.0,,,0.0,0.0,,0.0022312060464173555,,0.15299373865127563,,,0.02262122556567192,,0.0,,0.15815436840057373,,,,,,,,,,,,,
10,9269,,0.010962119325995445,,0.0,,0.14160072803497314,,0.0,,0.0,,,0.0,0.0,,0.0027863222640007734,,0.15961073338985443,,,0.027921877801418304,,0.0,,0.17144089937210083,,,,,,,,,,,,,
10,9279,,0.010267754085361958,,0.0,,0.14148393273353577,,0.0,,0.0,,,0.0,0.0,,0.004075759090483189,,0.15453679859638214,,,0.02016434632241726,,0.0,,0.1652643084526062,,,,,,,,,,,,,
10,9289,,0.008756980299949646,,0.0,,0.11875288933515549,,0.0,,0.0,,,0.0,0.0,,0.0019211682956665754,,0.15531501173973083,,,0.016962271183729172,,0.0,,0.15085415542125702,,,,,,,,,,,,,
10,9294,,,,,,,,,,,,,,,,,,,,,,,,,,0.062276434153318405,0.0,0.3415418565273285,0.0,0.0,0.0,0.0,0.03886402025818825,0.2298375964164734,0.39622560143470764,0.06590958684682846,0.0,0.5343726873397827
10,9294,0.012507181614637375,,0.0,,0.13674752414226532,,0.0,,0.0,,0.0,0.0,,,0.003201439743861556,,0.1563159078359604,,0.025327948853373528,0.004554628860205412,,0.0,,0.1670500785112381,,,,,,,,,,,,,,
11,9299,,0.011781560257077217,,0.0,,0.12090100347995758,,0.0,,0.0,,,0.0,0.0,,0.007452865596860647,,0.15825316309928894,,,0.017811672762036324,,0.0,,0.1581001579761505,,,,,,,,,,,,,
11,9309,,0.013843976892530918,,0.0,,0.13196657598018646,,0.0,,0.0,,,0.0,0.0,,0.0037237307988107204,,0.15846776962280273,,,0.03617987036705017,,0.0,,0.17209097743034363,,,,,,,,,,,,,
11,9319,,0.009982889518141747,,0.0,,0.11982570588588715,,0.0,,0.0,,,0.0,0.0,,0.001779761048965156,,0.15932750701904297,,,0.023200567811727524,,0.0,,0.1570582240819931,,,,,,,,,,,,,
11,9329,,0.011702196672558784,,0.0,,0.12573879957199097,,0.0,,0.0,,,0.0,0.0,,0.006073370110243559,,0.15070588886737823,,,0.014323951676487923,,0.0,,0.15427209436893463,,,,,,,,,,,,,
11,9339,,0.008826620876789093,,0.0,,0.13733842968940735,,0.0,,0.0,,,0.0,0.0,,0.0026150408666580915,,0.15893618762493134,,,0.042552199214696884,,0.0,,0.17513422667980194,,,,,,,,,,,,,
11,9349,,0.010946063324809074,,0.0,,0.1272362917661667,,0.0,,0.0,,,0.0,0.0,,0.0035727235954254866,,0.14796939492225647,,,0.01385226659476757,,0.0,,0.1517883688211441,,,,,,,,,,,,,
11,9359,,0.008676429279148579,,0.0,,0.1260043978691101,,0.0,,0.0,,,0.0,0.0,,0.0024271258153021336,,0.15183088183403015,,,0.02290913090109825,,0.0,,0.155923992395401,,,,,,,,,,,,,
11,9369,,0.009465315379202366,,0.0,,0.12427839636802673,,0.0,,0.0,,,0.0,0.0,,0.00216147699393332,,0.15710602700710297,,,0.016882387921214104,,0.0,,0.15494678914546967,,,,,,,,,,,,,
11,9379,,0.012292256578803062,,0.0,,0.12575653195381165,,0.0,,0.0,,,0.0,0.0,,0.0039045680314302444,,0.1555902361869812,,,0.017057735472917557,,0.0,,0.1573006808757782,,,,,,,,,,,,,
11,9389,,0.013537335209548473,,0.0,,0.13950622081756592,,0.0,,0.0,,,0.0,0.0,,0.0037120506167411804,,0.15949511528015137,,,0.014595115557312965,,0.0,,0.1654229313135147,,,,,,,,,,,,,
11,9399,,0.014491850510239601,,0.0,,0.11591062694787979,,0.0,,0.0,,,0.0,0.0,,0.0032685399055480957,,0.15353178977966309,,,0.025750961154699326,,0.0,,0.15647688508033752,,,,,,,,,,,,,
11,9409,,0.00697440467774868,,0.0,,0.12074653804302216,,0.0,,0.0,,,0.0,0.0,,0.002474494744092226,,0.15103380382061005,,,0.02206050045788288,,0.0,,0.15164487063884735,,,,,,,,,,,,,
11,9419,,0.015475472435355186,,0.0,,0.15367472171783447,,0.0,,0.0,,,0.0,0.0,,0.002627942245453596,,0.1569332778453827,,,0.016450414434075356,,0.0,,0.17258091270923615,,,,,,,,,,,,,
11,9429,,0.009752794168889523,,0.0,,0.13466912508010864,,0.0,,0.0,,,0.0,0.0,,0.0036964043974876404,,0.15762639045715332,,,0.021968483924865723,,0.0,,0.1638565957546234,,,,,,,,,,,,,
11,9439,,0.0134304603561759,,0.0,,0.12363686412572861,,0.0,,0.0,,,0.0,0.0,,0.005376819055527449,,0.1558673232793808,,,0.01456877775490284,,0.0,,0.1564401090145111,,,,,,,,,,,,,
11,9449,,0.013593667186796665,,0.0,,0.14635199308395386,,0.0,,0.0,,,0.0,0.0,,0.009598991833627224,,0.15542474389076233,,,0.025538254529237747,,0.0,,0.17525383830070496,,,,,,,,,,,,,
11,9459,,0.0130604337900877,,0.0,,0.14059743285179138,,0.0,,0.0,,,0.0,0.0,,0.003413630649447441,,0.15828317403793335,,,0.021799685433506966,,0.0,,0.1685771644115448,,,,,,,,,,,,,
11,9469,,0.009044989943504333,,0.0,,0.13052749633789062,,0.0,,0.0,,,0.0,0.0,,0.0035139562096446753,,0.14608561992645264,,,0.025553258135914803,,0.0,,0.1573626697063446,,,,,,,,,,,,,
11,9479,,0.01350773312151432,,0.0,,0.12453258782625198,,0.0,,0.0,,,0.0,0.0,,0.004949661437422037,,0.15356792509555817,,,0.03047838807106018,,0.0,,0.16351814568042755,,,,,,,,,,,,,
11,9489,,0.009547784924507141,,0.0,,0.10642291605472565,,0.0,,0.0,,,0.0,0.0,,0.0018742651445791125,,0.14905798435211182,,,0.031022999435663223,,0.0,,0.14896295964717865,,,,,,,,,,,,,
11,9499,,0.01185652893036604,,0.0,,0.12193663418292999,,0.0,,0.0,,,0.0,0.0,,0.0022157353814691305,,0.1590319275856018,,,0.019414056092500687,,0.0,,0.15722744166851044,,,,,,,,,,,,,
11,9509,,0.011640305630862713,,0.0,,0.1280403733253479,,0.0,,0.0,,,0.0,0.0,,0.006147730629891157,,0.15656810998916626,,,0.026736462488770485,,0.0,,0.1645665019750595,,,,,,,,,,,,,
11,9519,,0.010736217722296715,,0.0,,0.13487258553504944,,0.0,,0.0,,,0.0,0.0,,0.0018646223470568657,,0.15293827652931213,,,0.0234968401491642,,0.0,,0.16195426881313324,,,,,,,,,,,,,
11,9529,,0.020138148218393326,,0.0,,0.1331690102815628,,0.0,,0.0,,,0.0,0.0,,0.004348287358880043,,0.16503335535526276,,,0.01602778770029545,,0.0,,0.1693582832813263,,,,,,,,,,,,,
11,9539,,0.013133497908711433,,0.0,,0.13398438692092896,,0.0,,0.0,,,0.0,0.0,,0.0035920930095016956,,0.15582847595214844,,,0.012092042714357376,,0.0,,0.15931525826454163,,,,,,,,,,,,,
11,9549,,0.011143375188112259,,0.0,,0.12528611719608307,,0.0,,0.0,,,0.0,0.0,,0.003933256026357412,,0.15544548630714417,,,0.037257518619298935,,0.0,,0.16653288900852203,,,,,,,,,,,,,
11,9559,,0.008123936131596565,,0.0,,0.11485166847705841,,0.0,,0.0,,,0.0,0.0,,0.002390432870015502,,0.15628260374069214,,,0.017581060528755188,,0.0,,0.1496148407459259,,,,,,,,,,,,,
11,9569,,0.010763710364699364,,0.0,,0.13032051920890808,,0.0,,0.0,,,0.0,0.0,,0.0019738832488656044,,0.15218469500541687,,,0.025807637721300125,,0.0,,0.16052523255348206,,,,,,,,,,,,,
11,9579,,0.015979114919900894,,0.0,,0.12705647945404053,,0.0,,0.0,,,0.0,0.0,,0.002695187460631132,,0.15513873100280762,,,0.011942604556679726,,0.0,,0.15640604496002197,,,,,,,,,,,,,
11,9589,,0.01388914417475462,,0.0,,0.1571943163871765,,0.0,,0.0,,,0.0,0.0,,0.0027708434499800205,,0.1543411761522293,,,0.033514611423015594,,0.0,,0.18085503578186035,,,,,,,,,,,,,
11,9599,,0.015366044826805592,,0.0,,0.13554485142230988,,0.0,,0.0,,,0.0,0.0,,0.002295246347784996,,0.15576383471488953,,,0.014955775812268257,,0.0,,0.16196289658546448,,,,,,,,,,,,,
11,9609,,0.014663268812000751,,0.0,,0.13115021586418152,,0.0,,0.0,,,0.0,0.0,,0.0034948880784213543,,0.15383370220661163,,,0.024204261600971222,,0.0,,0.16367317736148834,,,,,,,,,,,,,
11,9619,,0.00984988734126091,,0.0,,0.12963353097438812,,0.0,,0.0,,,0.0,0.0,,0.002023302484303713,,0.15217018127441406,,,0.03163343667984009,,0.0,,0.16265517473220825,,,,,,,,,,,,,
11,9629,,0.010867508128285408,,0.0,,0.12283344566822052,,0.0,,0.0,,,0.0,0.0,,0.0017395343165844679,,0.1563144028186798,,,0.013492011465132236,,0.0,,0.15262345969676971,,,,,,,,,,,,,
11,9639,,0.013720858842134476,,0.0,,0.13443589210510254,,0.0,,0.0,,,0.0,0.0,,0.002148888073861599,,0.15346099436283112,,,0.033258624374866486,,0.0,,0.16851262748241425,,,,,,,,,,,,,
11,9649,,0.01227794773876667,,0.0,,0.13183139264583588,,0.0,,0.0,,,0.0,0.0,,0.002133921254426241,,0.1520756036043167,,,0.031819917261600494,,0.0,,0.16506940126419067,,,,,,,,,,,,,
11,9659,,0.0106577817350626,,0.0,,0.129903182387352,,0.0,,0.0,,,0.0,0.0,,0.0018078460125252604,,0.15465012192726135,,,0.01708022877573967,,0.0,,0.15704956650733948,,,,,,,,,,,,,
11,9669,,0.010353950783610344,,0.0,,0.11881282180547714,,0.0,,0.0,,,0.0,0.0,,0.0015005277236923575,,0.15629948675632477,,,0.018036359921097755,,0.0,,0.15250156819820404,,,,,,,,,,,,,
11,9679,,0.010793741792440414,,0.0,,0.11785563826560974,,0.0,,0.0,,,0.0,0.0,,0.0022017245646566153,,0.15212583541870117,,,0.01729503460228443,,0.0,,0.15013599395751953,,,,,,,,,,,,,
11,9689,,0.012287730351090431,,0.0,,0.14004699885845184,,0.0,,0.0,,,0.0,0.0,,0.008247442543506622,,0.14994041621685028,,,0.01781708374619484,,0.0,,0.16416983306407928,,,,,,,,,,,,,
11,9699,,0.01321101188659668,,0.0,,0.11492919921875,,0.0,,0.0,,,0.0,0.0,,0.0044556367211043835,,0.15677586197853088,,,0.018399223685264587,,0.0,,0.15388545393943787,,,,,,,,,,,,,
11,9709,,0.009197096340358257,,0.0,,0.12132209539413452,,0.0,,0.0,,,0.0,0.0,,0.002142355777323246,,0.15528707206249237,,,0.02828940749168396,,0.0,,0.15811902284622192,,,,,,,,,,,,,
11,9719,,0.015324323438107967,,0.0,,0.12349548190832138,,0.0,,0.0,,,0.0,0.0,,0.0034785806201398373,,0.15542113780975342,,,0.03386372700333595,,0.0,,0.16579163074493408,,,,,,,,,,,,,
11,9729,,0.007834766060113907,,0.0,,0.12772686779499054,,0.0,,0.0,,,0.0,0.0,,0.001433892990462482,,0.1515965610742569,,,0.014668100513517857,,0.0,,0.15163008868694305,,,,,,,,,,,,,
11,9739,,0.009934568777680397,,0.0,,0.12111147493124008,,0.0,,0.0,,,0.0,0.0,,0.0025990032590925694,,0.15823036432266235,,,0.015834789723157883,,0.0,,0.153855100274086,,,,,,,,,,,,,
11,9749,,0.008995600044727325,,0.0,,0.12510593235492706,,0.0,,0.0,,,0.0,0.0,,0.0025524371303617954,,0.15213634073734283,,,0.017336660996079445,,0.0,,0.15306349098682404,,,,,,,,,,,,,
11,9759,,0.01033233292400837,,0.0,,0.1258821040391922,,0.0,,0.0,,,0.0,0.0,,0.001911172061227262,,0.15297871828079224,,,0.0160189438611269,,0.0,,0.15356163680553436,,,,,,,,,,,,,
11,9769,,0.01903693377971649,,0.0,,0.1445869356393814,,0.0,,0.0,,,0.0,0.0,,0.005165574606508017,,0.15599916875362396,,,0.011369679123163223,,0.0,,0.16807915270328522,,,,,,,,,,,,,
11,9779,,0.011473770253360271,,0.0,,0.13719052076339722,,0.0,,0.0,,,0.0,0.0,,0.0021604089997708797,,0.15216416120529175,,,0.02437448874115944,,0.0,,0.16368167102336884,,,,,,,,,,,,,
11,9789,,0.007889937609434128,,0.0,,0.12473170459270477,,0.0,,0.0,,,0.0,0.0,,0.0015947021311149001,,0.15892969071865082,,,0.01507746521383524,,0.0,,0.15411174297332764,,,,,,,,,,,,,
11,9799,,0.009852943941950798,,0.0,,0.14913086593151093,,0.0,,0.0,,,0.0,0.0,,0.0024611791595816612,,0.15517154335975647,,,0.0625988021492958,,0.0,,0.1896076500415802,,,,,,,,,,,,,
11,9809,,0.016902629286050797,,0.0,,0.1381169706583023,,0.0,,0.0,,,0.0,0.0,,0.003547174856066704,,0.15755978226661682,,,0.02393440157175064,,0.0,,0.17003047466278076,,,,,,,,,,,,,
11,9819,,0.01079582516103983,,0.0,,0.15084049105644226,,0.0,,0.0,,,0.0,0.0,,0.00187984062358737,,0.15417325496673584,,,0.03169787675142288,,0.0,,0.17469364404678345,,,,,,,,,,,,,
11,9829,,0.01200571097433567,,0.0,,0.12733131647109985,,0.0,,0.0,,,0.0,0.0,,0.0035252897068858147,,0.15203142166137695,,,0.015669425949454308,,0.0,,0.15528158843517303,,,,,,,,,,,,,
11,9839,,0.0072921272367239,,0.0,,0.12464635074138641,,0.0,,0.0,,,0.0,0.0,,0.0012800585245713592,,0.15271493792533875,,,0.022907260805368423,,0.0,,0.15442036092281342,,,,,,,,,,,,,
11,9849,,0.01415883470326662,,0.0,,0.11285002529621124,,0.0,,0.0,,,0.0,0.0,,0.0026675513945519924,,0.15500853955745697,,,0.015499992296099663,,0.0,,0.1500924676656723,,,,,,,,,,,,,
11,9859,,0.009626893326640129,,0.0,,0.12039284408092499,,0.0,,0.0,,,0.0,0.0,,0.002380408113822341,,0.15409055352210999,,,0.01409439742565155,,0.0,,0.1502925455570221,,,,,,,,,,,,,
11,9869,,0.008943465538322926,,0.0,,0.13343490660190582,,0.0,,0.0,,,0.0,0.0,,0.0016768663190305233,,0.1497286856174469,,,0.029365886002779007,,0.0,,0.16157491505146027,,,,,,,,,,,,,
11,9879,,0.00951194204390049,,0.0,,0.11462448537349701,,0.0,,0.0,,,0.0,0.0,,0.002056353958323598,,0.15014229714870453,,,0.025533808395266533,,0.0,,0.15093444287776947,,,,,,,,,,,,,
11,9889,,0.016666153445839882,,0.0,,0.12636889517307281,,0.0,,0.0,,,0.0,0.0,,0.003686734475195408,,0.1525801718235016,,,0.017717020586133003,,0.0,,0.1585094928741455,,,,,,,,,,,,,
11,9899,,0.012050863355398178,,0.0,,0.14685693383216858,,0.0,,0.0,,,0.0,0.0,,0.0019336100667715073,,0.1540583074092865,,,0.023473653942346573,,0.0,,0.16918668150901794,,,,,,,,,,,,,
11,9909,,0.015285692177712917,,0.0,,0.15573057532310486,,0.0,,0.0,,,0.0,0.0,,0.0029953820630908012,,0.1504518687725067,,,0.02875535935163498,,0.0,,0.17660944163799286,,,,,,,,,,,,,
11,9919,,0.015771858394145966,,0.0,,0.14277604222297668,,0.0,,0.0,,,0.0,0.0,,0.003352885600179434,,0.15390586853027344,,,0.016325712203979492,,0.0,,0.16606618463993073,,,,,,,,,,,,,
11,9929,,0.00920067261904478,,0.0,,0.12479263544082642,,0.0,,0.0,,,0.0,0.0,,0.0020941453985869884,,0.15076357126235962,,,0.02436697855591774,,0.0,,0.15560899674892426,,,,,,,,,,,,,
11,9939,,0.013823130168020725,,0.0,,0.10523255169391632,,0.0,,0.0,,,0.0,0.0,,0.0073292916640639305,,0.15086692571640015,,,0.02250521630048752,,0.0,,0.14987854659557343,,,,,,,,,,,,,
11,9949,,0.00979792233556509,,0.0,,0.14377745985984802,,0.0,,0.0,,,0.0,0.0,,0.003585939994081855,,0.15391981601715088,,,0.020063189789652824,,0.0,,0.1655721664428711,,,,,,,,,,,,,
11,9959,,0.01389830932021141,,0.0,,0.11911225318908691,,0.0,,0.0,,,0.0,0.0,,0.0030562616884708405,,0.15568087995052338,,,0.025944814085960388,,0.0,,0.15884625911712646,,,,,,,,,,,,,
11,9969,,0.012021243572235107,,0.0,,0.13447706401348114,,0.0,,0.0,,,0.0,0.0,,0.002567961346358061,,0.15087458491325378,,,0.01418356504291296,,0.0,,0.15706218779087067,,,,,,,,,,,,,
11,9979,,0.016062360256910324,,0.0,,0.13108302652835846,,0.0,,0.0,,,0.0,0.0,,0.003102961927652359,,0.1510082334280014,,,0.01873641647398472,,0.0,,0.15999649465084076,,,,,,,,,,,,,
11,9989,,0.007435663603246212,,0.0,,0.11944638192653656,,0.0,,0.0,,,0.0,0.0,,0.0033134182449430227,,0.1510859578847885,,,0.03938150778412819,,0.0,,0.16033145785331726,,,,,,,,,,,,,
11,9999,,0.00844557024538517,,0.0,,0.11626943200826645,,0.0,,0.0,,,0.0,0.0,,0.0019409616943448782,,0.1540488600730896,,,0.05732601135969162,,0.0,,0.16901542246341705,,,,,,,,,,,,,
11,10009,,0.015393204055726528,,0.0,,0.12944689393043518,,0.0,,0.0,,,0.0,0.0,,0.003971956204622984,,0.15539881587028503,,,0.048946451395750046,,0.0,,0.17657865583896637,,,,,,,,,,,,,
11,10019,,0.017269577831029892,,0.0,,0.14784646034240723,,0.0,,0.0,,,0.0,0.0,,0.0033993234392255545,,0.15994498133659363,,,0.031593963503837585,,0.0,,0.18002715706825256,,,,,,,,,,,,,
11,10029,,0.010965008288621902,,0.0,,0.135440394282341,,0.0,,0.0,,,0.0,0.0,,0.0017623871099203825,,0.15320239961147308,,,0.013800074346363544,,0.0,,0.15758514404296875,,,,,,,,,,,,,
11,10039,,0.012151846662163734,,0.0,,0.15206453204154968,,0.0,,0.0,,,0.0,0.0,,0.003036790294572711,,0.15394940972328186,,,0.017763711512088776,,0.0,,0.16948314011096954,,,,,,,,,,,,,
11,10049,,0.010457745753228664,,0.0,,0.13260722160339355,,0.0,,0.0,,,0.0,0.0,,0.001976695377379656,,0.1536208689212799,,,0.021485302597284317,,0.0,,0.160073921084404,,,,,,,,,,,,,
11,10059,,0.014153886586427689,,0.0,,0.1396455317735672,,0.0,,0.0,,,0.0,0.0,,0.0030827808659523726,,0.14948946237564087,,,0.02858887054026127,,0.0,,0.1674802601337433,,,,,,,,,,,,,
11,10069,,0.006915692239999771,,0.0,,0.11213614046573639,,0.0,,0.0,,,0.0,0.0,,0.0021218969486653805,,0.15518121421337128,,,0.030059730634093285,,0.0,,0.15320733189582825,,,,,,,,,,,,,
11,10079,,0.012508056126534939,,0.0,,0.12019705027341843,,0.0,,0.0,,,0.0,0.0,,0.004563864320516586,,0.1506240963935852,,,0.011820156127214432,,0.0,,0.14985662698745728,,,,,,,,,,,,,
11,10089,,0.010275709442794323,,0.0,,0.1257254183292389,,0.0,,0.0,,,0.0,0.0,,0.0051796212792396545,,0.1513596773147583,,,0.019514068961143494,,0.0,,0.15602725744247437,,,,,,,,,,,,,
11,10099,,0.01064261980354786,,0.0,,0.12796631455421448,,0.0,,0.0,,,0.0,0.0,,0.002795174717903137,,0.15173467993736267,,,0.01449046190828085,,0.0,,0.1538146287202835,,,,,,,,,,,,,
11,10109,,0.010277469642460346,,0.0,,0.12674923241138458,,0.0,,0.0,,,0.0,0.0,,0.003610486164689064,,0.1543588638305664,,,0.03179395571351051,,0.0,,0.1633950024843216,,,,,,,,,,,,,
11,10119,,0.010570845566689968,,0.0,,0.13827857375144958,,0.0,,0.0,,,0.0,0.0,,0.0032531707547605038,,0.1526617407798767,,,0.025666752830147743,,0.0,,0.16521553695201874,,,,,,,,,,,,,
11,10129,,0.007777212653309107,,0.0,,0.1343143880367279,,0.0,,0.0,,,0.0,0.0,,0.002783245174214244,,0.15031257271766663,,,0.017447032034397125,,0.0,,0.15631721913814545,,,,,,,,,,,,,
11,10139,,0.00860851164907217,,0.0,,0.1322518289089203,,0.0,,0.0,,,0.0,0.0,,0.0016863893251866102,,0.15248814225196838,,,0.02203506976366043,,0.0,,0.158534973859787,,,,,,,,,,,,,
11,10139,,,,,,,,,,,,,,,,,,,,,,,,,,0.06300871074199677,0.0,0.33439573645591736,0.0,0.0,0.0,0.0,0.03680594637989998,0.2210008203983307,0.384996235370636,0.0639602467417717,0.0,0.5201038122177124
11,10139,0.011943706311285496,,0.0,,0.13031016290187836,,0.0,,0.0,,0.0,0.0,,,0.003021764801815152,,0.1540488749742508,,0.02331584319472313,0.00419664615765214,,0.0,,0.16132007539272308,,,,,,,,,,,,,,
12,10149,,0.015416987240314484,,0.0,,0.12446044385433197,,0.0,,0.0,,,0.0,0.0,,0.002401233185082674,,0.15465566515922546,,,0.017623012885451317,,0.0,,0.1572786569595337,,,,,,,,,,,,,
12,10159,,0.00977159570902586,,0.0,,0.1346740573644638,,0.0,,0.0,,,0.0,0.0,,0.0021844892762601376,,0.15083475410938263,,,0.026595786213874817,,0.0,,0.16203033924102783,,,,,,,,,,,,,
12,10169,,0.011726122349500656,,0.0,,0.13536041975021362,,0.0,,0.0,,,0.0,0.0,,0.001675031497143209,,0.15664246678352356,,,0.016380978748202324,,0.0,,0.16089250147342682,,,,,,,,,,,,,
12,10179,,0.012490522116422653,,0.0,,0.11981223523616791,,0.0,,0.0,,,0.0,0.0,,0.0020693044643849134,,0.15373598039150238,,,0.029914209619164467,,0.0,,0.159011110663414,,,,,,,,,,,,,
12,10189,,0.010212521068751812,,0.0,,0.12055859714746475,,0.0,,0.0,,,0.0,0.0,,0.0027449200861155987,,0.15314634144306183,,,0.023617280647158623,,0.0,,0.15513981878757477,,,,,,,,,,,,,
12,10199,,0.009520219638943672,,0.0,,0.11798296123743057,,0.0,,0.0,,,0.0,0.0,,0.001221446436829865,,0.15265890955924988,,,0.015980640426278114,,0.0,,0.14868208765983582,,,,,,,,,,,,,
12,10209,,0.007649689447134733,,0.0,,0.10407339036464691,,0.0,,0.0,,,0.0,0.0,,0.0036068386398255825,,0.14537301659584045,,,0.03214431554079056,,0.0,,0.1464236080646515,,,,,,,,,,,,,
12,10219,,0.008943524211645126,,0.0,,0.10650184005498886,,0.0,,0.0,,,0.0,0.0,,0.001975922379642725,,0.1554158329963684,,,0.01836492121219635,,0.0,,0.1456010341644287,,,,,,,,,,,,,
12,10229,,0.00846116617321968,,0.0,,0.11225254833698273,,0.0,,0.0,,,0.0,0.0,,0.00196309806779027,,0.15482932329177856,,,0.022263845428824425,,0.0,,0.14988499879837036,,,,,,,,,,,,,
12,10239,,0.01082744263112545,,0.0,,0.14156751334667206,,0.0,,0.0,,,0.0,0.0,,0.002004648093134165,,0.1520247906446457,,,0.020692870020866394,,0.0,,0.16355863213539124,,,,,,,,,,,,,
12,10249,,0.009471042081713676,,0.0,,0.12674470245838165,,0.0,,0.0,,,0.0,0.0,,0.0018422557041049004,,0.1562434285879135,,,0.018610388040542603,,0.0,,0.1564559042453766,,,,,,,,,,,,,
12,10259,,0.00879755150526762,,0.0,,0.12762531638145447,,0.0,,0.0,,,0.0,0.0,,0.0011001316597685218,,0.15064793825149536,,,0.02334873378276825,,0.0,,0.15575984120368958,,,,,,,,,,,,,
12,10269,,0.0072685182094573975,,0.0,,0.10264141112565994,,0.0,,0.0,,,0.0,0.0,,0.004729798063635826,,0.14617511630058289,,,0.016528697684407234,,0.0,,0.13867177069187164,,,,,,,,,,,,,
12,10279,,0.01312427967786789,,0.0,,0.1241951435804367,,0.0,,0.0,,,0.0,0.0,,0.0024846980813890696,,0.1542905569076538,,,0.024072395637631416,,0.0,,0.1590835601091385,,,,,,,,,,,,,
12,10289,,0.0084909126162529,,0.0,,0.1258947253227234,,0.0,,0.0,,,0.0,0.0,,0.002394445240497589,,0.1501789540052414,,,0.0163322314620018,,0.0,,0.15164564549922943,,,,,,,,,,,,,
12,10299,,0.0065875607542693615,,0.0,,0.13353510200977325,,0.0,,0.0,,,0.0,0.0,,0.003017169889062643,,0.14675459265708923,,,0.016338489949703217,,0.0,,0.15311646461486816,,,,,,,,,,,,,
12,10309,,0.009632733650505543,,0.0,,0.1278061866760254,,0.0,,0.0,,,0.0,0.0,,0.001415790873579681,,0.14771656692028046,,,0.009453696198761463,,0.0,,0.14801248908042908,,,,,,,,,,,,,
12,10319,,0.009005915373563766,,0.0,,0.12343142926692963,,0.0,,0.0,,,0.0,0.0,,0.0038770493119955063,,0.14846165478229523,,,0.031781964004039764,,0.0,,0.15827900171279907,,,,,,,,,,,,,
12,10329,,0.013589289970695972,,0.0,,0.12272540479898453,,0.0,,0.0,,,0.0,0.0,,0.0047272248193621635,,0.15512117743492126,,,0.017343610525131226,,0.0,,0.15675334632396698,,,,,,,,,,,,,
12,10339,,0.007606670260429382,,0.0,,0.11550021916627884,,0.0,,0.0,,,0.0,0.0,,0.002130302367731929,,0.1452825665473938,,,0.03252942115068436,,0.0,,0.1515245884656906,,,,,,,,,,,,,
12,10349,,0.01612679660320282,,0.0,,0.14399433135986328,,0.0,,0.0,,,0.0,0.0,,0.004846030846238136,,0.15054745972156525,,,0.011202921159565449,,0.0,,0.16335877776145935,,,,,,,,,,,,,
12,10359,,0.01654396764934063,,0.0,,0.12406909465789795,,0.0,,0.0,,,0.0,0.0,,0.0038370226975530386,,0.15845519304275513,,,0.0151950903236866,,0.0,,0.15905018150806427,,,,,,,,,,,,,
12,10369,,0.009223953820765018,,0.0,,0.12024519592523575,,0.0,,0.0,,,0.0,0.0,,0.0015959501033648849,,0.15007777512073517,,,0.022740624845027924,,0.0,,0.15194176137447357,,,,,,,,,,,,,
12,10379,,0.012630557641386986,,0.0,,0.14106900990009308,,0.0,,0.0,,,0.0,0.0,,0.002033666707575321,,0.1573963761329651,,,0.027104651555418968,,0.0,,0.17011712491512299,,,,,,,,,,,,,
12,10389,,0.013268155977129936,,0.0,,0.11402341723442078,,0.0,,0.0,,,0.0,0.0,,0.004449739120900631,,0.16005682945251465,,,0.02577405422925949,,0.0,,0.1587860882282257,,,,,,,,,,,,,
12,10399,,0.01698482595384121,,0.0,,0.11666767299175262,,0.0,,0.0,,,0.0,0.0,,0.0022986005060374737,,0.15625011920928955,,,0.019494565203785896,,0.0,,0.15584789216518402,,,,,,,,,,,,,
12,10409,,0.006670255213975906,,0.0,,0.10989503562450409,,0.0,,0.0,,,0.0,0.0,,0.0012044443283230066,,0.15125592052936554,,,0.012774556875228882,,0.0,,0.14090010523796082,,,,,,,,,,,,,
12,10419,,0.005899845622479916,,0.0,,0.11156062036752701,,0.0,,0.0,,,0.0,0.0,,0.0014878101646900177,,0.14538630843162537,,,0.04103142395615578,,0.0,,0.15268300473690033,,,,,,,,,,,,,
12,10429,,0.017211928963661194,,0.0,,0.11429642140865326,,0.0,,0.0,,,0.0,0.0,,0.0035780351608991623,,0.15910285711288452,,,0.034720078110694885,,0.0,,0.16445466876029968,,,,,,,,,,,,,
12,10439,,0.017545634880661964,,0.0,,0.16227459907531738,,0.0,,0.0,,,0.0,0.0,,0.004296248313039541,,0.15763533115386963,,,0.046992287039756775,,0.0,,0.1943720579147339,,,,,,,,,,,,,
12,10449,,0.01296751294285059,,0.0,,0.14678378403186798,,0.0,,0.0,,,0.0,0.0,,0.005186490714550018,,0.15641359984874725,,,0.01644301787018776,,0.0,,0.16889721155166626,,,,,,,,,,,,,
12,10459,,0.015933390706777573,,0.0,,0.13104727864265442,,0.0,,0.0,,,0.0,0.0,,0.0035835287999361753,,0.1552446186542511,,,0.01744719408452511,,0.0,,0.16162800788879395,,,,,,,,,,,,,
12,10469,,0.013000955805182457,,0.0,,0.11916365474462509,,0.0,,0.0,,,0.0,0.0,,0.0041622621938586235,,0.15470141172409058,,,0.048168160021305084,,0.0,,0.16959822177886963,,,,,,,,,,,,,
12,10479,,0.008266875520348549,,0.0,,0.12372161448001862,,0.0,,0.0,,,0.0,0.0,,0.0016364020993933082,,0.15501371026039124,,,0.018947504460811615,,0.0,,0.153793066740036,,,,,,,,,,,,,
12,10489,,0.009102496318519115,,0.0,,0.1273295134305954,,0.0,,0.0,,,0.0,0.0,,0.002832125872373581,,0.15114158391952515,,,0.025859713554382324,,0.0,,0.15813271701335907,,,,,,,,,,,,,
12,10499,,0.013269255869090557,,0.0,,0.11304659396409988,,0.0,,0.0,,,0.0,0.0,,0.0024764807894825935,,0.15581947565078735,,,0.012779494747519493,,0.0,,0.14869564771652222,,,,,,,,,,,,,
12,10509,,0.02283404767513275,,0.0,,0.15711486339569092,,0.0,,0.0,,,0.0,0.0,,0.009590955451130867,,0.16429510712623596,,,0.01824699342250824,,0.0,,0.1860409677028656,,,,,,,,,,,,,
12,10519,,0.010448658838868141,,0.0,,0.1280927211046219,,0.0,,0.0,,,0.0,0.0,,0.003911646548658609,,0.15631884336471558,,,0.029553379863500595,,0.0,,0.16416262090206146,,,,,,,,,,,,,
12,10529,,0.00792352668941021,,0.0,,0.11811578273773193,,0.0,,0.0,,,0.0,0.0,,0.0019851825200021267,,0.15146863460540771,,,0.017858723178505898,,0.0,,0.14867591857910156,,,,,,,,,,,,,
12,10539,,0.010899938642978668,,0.0,,0.11434076726436615,,0.0,,0.0,,,0.0,0.0,,0.0024633905850350857,,0.15219886600971222,,,0.01887868531048298,,0.0,,0.1493908315896988,,,,,,,,,,,,,
12,10549,,0.010605541989207268,,0.0,,0.10692360252141953,,0.0,,0.0,,,0.0,0.0,,0.0024237502366304398,,0.15174216032028198,,,0.013824045658111572,,0.0,,0.1427595615386963,,,,,,,,,,,,,
12,10559,,0.011138636618852615,,0.0,,0.11300815641880035,,0.0,,0.0,,,0.0,0.0,,0.0029398396145552397,,0.14993643760681152,,,0.02422817423939705,,0.0,,0.15062563121318817,,,,,,,,,,,,,
12,10569,,0.00873467605561018,,0.0,,0.11857354640960693,,0.0,,0.0,,,0.0,0.0,,0.0037491186521947384,,0.15503302216529846,,,0.016587015241384506,,0.0,,0.15133869647979736,,,,,,,,,,,,,
12,10579,,0.009016345255076885,,0.0,,0.10844331234693527,,0.0,,0.0,,,0.0,0.0,,0.002325144363567233,,0.14776106178760529,,,0.016305774450302124,,0.0,,0.14192581176757812,,,,,,,,,,,,,
12,10589,,0.013900278136134148,,0.0,,0.11457818746566772,,0.0,,0.0,,,0.0,0.0,,0.00669355783611536,,0.15121892094612122,,,0.012681791558861732,,0.0,,0.1495363712310791,,,,,,,,,,,,,
12,10599,,0.009582648053765297,,0.0,,0.11252840608358383,,0.0,,0.0,,,0.0,0.0,,0.0024686434771865606,,0.14963027834892273,,,0.01583506539463997,,0.0,,0.14502252638339996,,,,,,,,,,,,,
12,10609,,0.018061291426420212,,0.0,,0.15452563762664795,,0.0,,0.0,,,0.0,0.0,,0.003465132787823677,,0.1556619256734848,,,0.022792290896177292,,0.0,,0.1772531419992447,,,,,,,,,,,,,
12,10619,,0.010979628190398216,,0.0,,0.11463046818971634,,0.0,,0.0,,,0.0,0.0,,0.0035388448741286993,,0.1508166491985321,,,0.022435907274484634,,0.0,,0.15120074152946472,,,,,,,,,,,,,
12,10629,,0.009623145684599876,,0.0,,0.11316006630659103,,0.0,,0.0,,,0.0,0.0,,0.0021983066108077765,,0.1524839699268341,,,0.018512681126594543,,0.0,,0.14798909425735474,,,,,,,,,,,,,
12,10639,,0.010640776716172695,,0.0,,0.12514832615852356,,0.0,,0.0,,,0.0,0.0,,0.003382169408723712,,0.15726511180400848,,,0.01959162950515747,,0.0,,0.15801399946212769,,,,,,,,,,,,,
12,10649,,0.013781080022454262,,0.0,,0.1567462533712387,,0.0,,0.0,,,0.0,0.0,,0.006941496394574642,,0.15932148694992065,,,0.02428884617984295,,0.0,,0.1805395781993866,,,,,,,,,,,,,
12,10659,,0.011863287538290024,,0.0,,0.12197905033826828,,0.0,,0.0,,,0.0,0.0,,0.004007793962955475,,0.15311460196971893,,,0.018506217747926712,,0.0,,0.1547354757785797,,,,,,,,,,,,,
12,10669,,0.011095144785940647,,0.0,,0.14240483939647675,,0.0,,0.0,,,0.0,0.0,,0.006531549617648125,,0.15236710011959076,,,0.0327979177236557,,0.0,,0.17259827256202698,,,,,,,,,,,,,
12,10679,,0.010839954018592834,,0.0,,0.1320536732673645,,0.0,,0.0,,,0.0,0.0,,0.0022358442656695843,,0.14982233941555023,,,0.02795834094285965,,0.0,,0.16145506501197815,,,,,,,,,,,,,
12,10689,,0.012161968275904655,,0.0,,0.10825622826814651,,0.0,,0.0,,,0.0,0.0,,0.0018248268170282245,,0.15249931812286377,,,0.019444167613983154,,0.0,,0.1470932513475418,,,,,,,,,,,,,
12,10699,,0.008638041093945503,,0.0,,0.1327694207429886,,0.0,,0.0,,,0.0,0.0,,0.0011407675920054317,,0.15191736817359924,,,0.025277787819504738,,0.0,,0.15987171232700348,,,,,,,,,,,,,
12,10709,,0.0073966458439826965,,0.0,,0.11243198812007904,,0.0,,0.0,,,0.0,0.0,,0.0032125867437571287,,0.14877182245254517,,,0.015505931340157986,,0.0,,0.14365950226783752,,,,,,,,,,,,,
12,10719,,0.008826936595141888,,0.0,,0.12779632210731506,,0.0,,0.0,,,0.0,0.0,,0.0017645431216806173,,0.15309172868728638,,,0.010226903483271599,,0.0,,0.1508532166481018,,,,,,,,,,,,,
12,10729,,0.009390382096171379,,0.0,,0.14598047733306885,,0.0,,0.0,,,0.0,0.0,,0.0019967129919677973,,0.1440417617559433,,,0.025375984609127045,,0.0,,0.16339267790317535,,,,,,,,,,,,,
12,10739,,0.008696853183209896,,0.0,,0.11487609893083572,,0.0,,0.0,,,0.0,0.0,,0.0016402764013037086,,0.14656946063041687,,,0.011268595233559608,,0.0,,0.14152564108371735,,,,,,,,,,,,,
12,10749,,0.01665996015071869,,0.0,,0.13944953680038452,,0.0,,0.0,,,0.0,0.0,,0.0035791981499642134,,0.15494826436042786,,,0.018162991851568222,,0.0,,0.1663999706506729,,,,,,,,,,,,,
12,10759,,0.007864437997341156,,0.0,,0.12103384733200073,,0.0,,0.0,,,0.0,0.0,,0.0022127751726657152,,0.1504010558128357,,,0.013916492462158203,,0.0,,0.147714301943779,,,,,,,,,,,,,
12,10769,,0.014236647635698318,,0.0,,0.14509688317775726,,0.0,,0.0,,,0.0,0.0,,0.0019480809569358826,,0.15107546746730804,,,0.03264781832695007,,0.0,,0.17250245809555054,,,,,,,,,,,,,
12,10779,,0.006934306584298611,,0.0,,0.11910063028335571,,0.0,,0.0,,,0.0,0.0,,0.0017439185176044703,,0.15203124284744263,,,0.013580561615526676,,0.0,,0.1466953307390213,,,,,,,,,,,,,
12,10789,,0.006025626324117184,,0.0,,0.10745411366224289,,0.0,,0.0,,,0.0,0.0,,0.002114234259352088,,0.1483258157968521,,,0.02112424559891224,,0.0,,0.14252200722694397,,,,,,,,,,,,,
12,10799,,0.007021465338766575,,0.0,,0.11556175351142883,,0.0,,0.0,,,0.0,0.0,,0.0015813314821571112,,0.14921654760837555,,,0.017384957522153854,,0.0,,0.14538303017616272,,,,,,,,,,,,,
12,10809,,0.007951799780130386,,0.0,,0.11165530234575272,,0.0,,0.0,,,0.0,0.0,,0.0029514485504478216,,0.15133652091026306,,,0.015317986719310284,,0.0,,0.14460651576519012,,,,,,,,,,,,,
12,10819,,0.015015269629657269,,0.0,,0.11765570193529129,,0.0,,0.0,,,0.0,0.0,,0.0028808689676225185,,0.152289018034935,,,0.02481166273355484,,0.0,,0.1563262641429901,,,,,,,,,,,,,
12,10829,,0.009707950986921787,,0.0,,0.11694102734327316,,0.0,,0.0,,,0.0,0.0,,0.002187969395890832,,0.14884930849075317,,,0.015390153974294662,,0.0,,0.14653821289539337,,,,,,,,,,,,,
12,10839,,0.012184198945760727,,0.0,,0.12512965500354767,,0.0,,0.0,,,0.0,0.0,,0.002375721000134945,,0.15281808376312256,,,0.018341125920414925,,0.0,,0.15542438626289368,,,,,,,,,,,,,
12,10849,,0.012809033505618572,,0.0,,0.1425163447856903,,0.0,,0.0,,,0.0,0.0,,0.0024550114758312702,,0.15671318769454956,,,0.025326848030090332,,0.0,,0.1699102222919464,,,,,,,,,,,,,
12,10859,,0.013518046587705612,,0.0,,0.12874242663383484,,0.0,,0.0,,,0.0,0.0,,0.0030319271609187126,,0.15860430896282196,,,0.01403715182095766,,0.0,,0.15896692872047424,,,,,,,,,,,,,
12,10869,,0.006699460558593273,,0.0,,0.11262641102075577,,0.0,,0.0,,,0.0,0.0,,0.0016844766214489937,,0.15359969437122345,,,0.011007188819348812,,0.0,,0.14280863106250763,,,,,,,,,,,,,
12,10879,,0.011410735547542572,,0.0,,0.1250263750553131,,0.0,,0.0,,,0.0,0.0,,0.0017448614817112684,,0.15157794952392578,,,0.017660021781921387,,0.0,,0.15370997786521912,,,,,,,,,,,,,
12,10889,,0.015261027961969376,,0.0,,0.1204390823841095,,0.0,,0.0,,,0.0,0.0,,0.004570653196424246,,0.15097537636756897,,,0.022066572681069374,,0.0,,0.15665635466575623,,,,,,,,,,,,,
12,10899,,0.010892072692513466,,0.0,,0.12090053409337997,,0.0,,0.0,,,0.0,0.0,,0.0017261290922760963,,0.15755483508110046,,,0.01757071539759636,,0.0,,0.15432213246822357,,,,,,,,,,,,,
12,10909,,0.014880295842885971,,0.0,,0.1429183930158615,,0.0,,0.0,,,0.0,0.0,,0.003930253908038139,,0.1518772691488266,,,0.03502032533288002,,0.0,,0.1743132621049881,,,,,,,,,,,,,
12,10919,,0.013781202957034111,,0.0,,0.1473049819469452,,0.0,,0.0,,,0.0,0.0,,0.002523969393223524,,0.15578043460845947,,,0.017152603715658188,,0.0,,0.16827158629894257,,,,,,,,,,,,,
12,10929,,0.015618538483977318,,0.0,,0.1362958401441574,,0.0,,0.0,,,0.0,0.0,,0.003516516415402293,,0.1599765121936798,,,0.01578068733215332,,0.0,,0.16559404134750366,,,,,,,,,,,,,
12,10939,,0.010630322620272636,,0.0,,0.11639310419559479,,0.0,,0.0,,,0.0,0.0,,0.00220991182141006,,0.1478869616985321,,,0.014059079810976982,,0.0,,0.145589679479599,,,,,,,,,,,,,
12,10949,,0.00936645083129406,,0.0,,0.11923853307962418,,0.0,,0.0,,,0.0,0.0,,0.0040483553893864155,,0.1545698642730713,,,0.024235986173152924,,0.0,,0.15572959184646606,,,,,,,,,,,,,
12,10959,,0.02268723025918007,,0.0,,0.13441339135169983,,0.0,,0.0,,,0.0,0.0,,0.00495638744905591,,0.16332164406776428,,,0.020044483244419098,,0.0,,0.1727115660905838,,,,,,,,,,,,,
12,10969,,0.010894184932112694,,0.0,,0.12543430924415588,,0.0,,0.0,,,0.0,0.0,,0.0017081847181543708,,0.1551467478275299,,,0.03626440465450287,,0.0,,0.16472390294075012,,,,,,,,,,,,,
12,10979,,0.00829997193068266,,0.0,,0.10059115290641785,,0.0,,0.0,,,0.0,0.0,,0.0016965242102742195,,0.15040317177772522,,,0.019696978852152824,,0.0,,0.14034390449523926,,,,,,,,,,,,,
12,10984,,,,,,,,,,,,,,,,,,,,,,,,,,0.06320333480834961,0.0,0.34219321608543396,0.0,0.0,0.0,0.0,0.03545051068067551,0.21916234493255615,0.3900505602359772,0.06430758535861969,0.0,0.5250299572944641
12,10984,0.011483912356197834,,0.0,,0.1252751350402832,,0.0,,0.0,,0.0,0.0,,,0.0028693547938019037,,0.152594655752182,,0.021476062014698982,0.0038778851740062237,,0.0,,0.15684950351715088,,,,,,,,,,,,,,
13,10989,,0.014408989809453487,,0.0,,0.1246640607714653,,0.0,,0.0,,,0.0,0.0,,0.002607956063002348,,0.15191346406936646,,,0.015432579442858696,,0.0,,0.15451350808143616,,,,,,,,,,,,,
13,10999,,0.008800119161605835,,0.0,,0.12113908678293228,,0.0,,0.0,,,0.0,0.0,,0.0013142431853339076,,0.1554097980260849,,,0.015835823491215706,,0.0,,0.15124954283237457,,,,,,,,,,,,,
13,11009,,0.007665401324629784,,0.0,,0.11031355708837509,,0.0,,0.0,,,0.0,0.0,,0.0013834335841238499,,0.1512913852930069,,,0.012367868795990944,,0.0,,0.14151081442832947,,,,,,,,,,,,,
13,11019,,0.007748616859316826,,0.0,,0.09886692464351654,,0.0,,0.0,,,0.0,0.0,,0.0014213621616363525,,0.1473231464624405,,,0.012208782136440277,,0.0,,0.13378441333770752,,,,,,,,,,,,,
13,11029,,0.008514699526131153,,0.0,,0.11755422502756119,,0.0,,0.0,,,0.0,0.0,,0.003743845736607909,,0.15488052368164062,,,0.010878671891987324,,0.0,,0.1477859914302826,,,,,,,,,,,,,
13,11039,,0.010716039687395096,,0.0,,0.1141115054488182,,0.0,,0.0,,,0.0,0.0,,0.003704216331243515,,0.15102067589759827,,,0.012045890092849731,,0.0,,0.1457991749048233,,,,,,,,,,,,,
13,11049,,0.010886233299970627,,0.0,,0.1356450766324997,,0.0,,0.0,,,0.0,0.0,,0.0031681363470852375,,0.1540665328502655,,,0.014695506542921066,,0.0,,0.15923072397708893,,,,,,,,,,,,,
13,11059,,0.012928685173392296,,0.0,,0.11500252038240433,,0.0,,0.0,,,0.0,0.0,,0.0027325996197760105,,0.15923213958740234,,,0.012417644262313843,,0.0,,0.15115679800510406,,,,,,,,,,,,,
13,11069,,0.01123298704624176,,0.0,,0.11011645197868347,,0.0,,0.0,,,0.0,0.0,,0.0014000990195199847,,0.14879436790943146,,,0.028923209756612778,,0.0,,0.15023356676101685,,,,,,,,,,,,,
13,11079,,0.006518487352877855,,0.0,,0.10732151567935944,,0.0,,0.0,,,0.0,0.0,,0.001001099357381463,,0.1491333246231079,,,0.026761770248413086,,0.0,,0.1453680843114853,,,,,,,,,,,,,
13,11089,,0.008452534675598145,,0.0,,0.10943390429019928,,0.0,,0.0,,,0.0,0.0,,0.0014849528670310974,,0.1543777585029602,,,0.013362515717744827,,0.0,,0.14355583488941193,,,,,,,,,,,,,
13,11099,,0.010226946324110031,,0.0,,0.11887519806623459,,0.0,,0.0,,,0.0,0.0,,0.0017942087724804878,,0.15269634127616882,,,0.02899806573987007,,0.0,,0.15629538893699646,,,,,,,,,,,,,
13,11109,,0.011026201769709587,,0.0,,0.10703279078006744,,0.0,,0.0,,,0.0,0.0,,0.0016034343279898167,,0.1515008807182312,,,0.009306593798100948,,0.0,,0.14023493230342865,,,,,,,,,,,,,
13,11119,,0.008416702039539814,,0.0,,0.11062473058700562,,0.0,,0.0,,,0.0,0.0,,0.0017562488792464137,,0.1535198986530304,,,0.019050635397434235,,0.0,,0.14668411016464233,,,,,,,,,,,,,
13,11129,,0.00997589435428381,,0.0,,0.1199149638414383,,0.0,,0.0,,,0.0,0.0,,0.0017731674015522003,,0.15478548407554626,,,0.014092501252889633,,0.0,,0.15027101337909698,,,,,,,,,,,,,
13,11139,,0.015453251078724861,,0.0,,0.11900455504655838,,0.0,,0.0,,,0.0,0.0,,0.003133118851110339,,0.15472754836082458,,,0.02879762277007103,,0.0,,0.1605580449104309,,,,,,,,,,,,,
13,11149,,0.009734010323882103,,0.0,,0.12444871664047241,,0.0,,0.0,,,0.0,0.0,,0.0027428576722741127,,0.15162326395511627,,,0.01522000227123499,,0.0,,0.15188442170619965,,,,,,,,,,,,,
13,11159,,0.01722767949104309,,0.0,,0.13496381044387817,,0.0,,0.0,,,0.0,0.0,,0.004905642010271549,,0.1531410962343216,,,0.014489990659058094,,0.0,,0.16236409544944763,,,,,,,,,,,,,
13,11169,,0.008853254839777946,,0.0,,0.11150066554546356,,0.0,,0.0,,,0.0,0.0,,0.0024859036784619093,,0.14858758449554443,,,0.021668830886483192,,0.0,,0.14654812216758728,,,,,,,,,,,,,
13,11179,,0.01496190670877695,,0.0,,0.13018111884593964,,0.0,,0.0,,,0.0,0.0,,0.002510359976440668,,0.15520526468753815,,,0.030445721000432968,,0.0,,0.16665218770503998,,,,,,,,,,,,,
13,11189,,0.014739765785634518,,0.0,,0.1267213225364685,,0.0,,0.0,,,0.0,0.0,,0.0016970699653029442,,0.15282577276229858,,,0.03563874214887619,,0.0,,0.16581133008003235,,,,,,,,,,,,,
13,11199,,0.009993867948651314,,0.0,,0.10965456813573837,,0.0,,0.0,,,0.0,0.0,,0.002060570754110813,,0.152502179145813,,,0.02366294339299202,,0.0,,0.14893707633018494,,,,,,,,,,,,,
13,11209,,0.008996712043881416,,0.0,,0.12696611881256104,,0.0,,0.0,,,0.0,0.0,,0.002527388511225581,,0.1537819802761078,,,0.019817767664790154,,0.0,,0.15604498982429504,,,,,,,,,,,,,
13,11219,,0.009651325643062592,,0.0,,0.1069226861000061,,0.0,,0.0,,,0.0,0.0,,0.0021785972639918327,,0.14527355134487152,,,0.013777993619441986,,0.0,,0.13890209794044495,,,,,,,,,,,,,
13,11229,,0.013268083333969116,,0.0,,0.13164296746253967,,0.0,,0.0,,,0.0,0.0,,0.0020501362159848213,,0.1548868715763092,,,0.01984773948788643,,0.0,,0.16084790229797363,,,,,,,,,,,,,
13,11239,,0.013540747575461864,,0.0,,0.1204926073551178,,0.0,,0.0,,,0.0,0.0,,0.0024041743017733097,,0.14858828485012054,,,0.012671118602156639,,0.0,,0.14884845912456512,,,,,,,,,,,,,
13,11249,,0.011935957707464695,,0.0,,0.13049574196338654,,0.0,,0.0,,,0.0,0.0,,0.003570874920114875,,0.1617196500301361,,,0.014940446242690086,,0.0,,0.16133134067058563,,,,,,,,,,,,,
13,11259,,0.01549907959997654,,0.0,,0.12777447700500488,,0.0,,0.0,,,0.0,0.0,,0.006302725523710251,,0.15649935603141785,,,0.016569048166275024,,0.0,,0.16132234036922455,,,,,,,,,,,,,
13,11269,,0.009020869620144367,,0.0,,0.10463901609182358,,0.0,,0.0,,,0.0,0.0,,0.005043531768023968,,0.14861878752708435,,,0.01975707709789276,,0.0,,0.1435396373271942,,,,,,,,,,,,,
13,11279,,0.012110136449337006,,0.0,,0.11029040813446045,,0.0,,0.0,,,0.0,0.0,,0.001963927410542965,,0.15337970852851868,,,0.01501556672155857,,0.0,,0.14637987315654755,,,,,,,,,,,,,
13,11289,,0.006487737409770489,,0.0,,0.10975436121225357,,0.0,,0.0,,,0.0,0.0,,0.001650290796533227,,0.14876876771450043,,,0.04237673059105873,,0.0,,0.1545189470052719,,,,,,,,,,,,,
13,11299,,0.00926209520548582,,0.0,,0.11510362476110458,,0.0,,0.0,,,0.0,0.0,,0.0017920322716236115,,0.1502164602279663,,,0.013668471947312355,,0.0,,0.14502134919166565,,,,,,,,,,,,,
13,11309,,0.010122297331690788,,0.0,,0.12498738616704941,,0.0,,0.0,,,0.0,0.0,,0.0018536627758294344,,0.14912235736846924,,,0.02053825557231903,,0.0,,0.15331199765205383,,,,,,,,,,,,,
13,11319,,0.00791305210441351,,0.0,,0.10536270588636398,,0.0,,0.0,,,0.0,0.0,,0.003470510244369507,,0.15344637632369995,,,0.030243275687098503,,0.0,,0.1502179652452469,,,,,,,,,,,,,
13,11329,,0.010434193536639214,,0.0,,0.13123689591884613,,0.0,,0.0,,,0.0,0.0,,0.0015777269145473838,,0.15124432742595673,,,0.02816883474588394,,0.0,,0.16133098304271698,,,,,,,,,,,,,
13,11339,,0.017845604568719864,,0.0,,0.13147519528865814,,0.0,,0.0,,,0.0,0.0,,0.004467530641704798,,0.15867966413497925,,,0.023720722645521164,,0.0,,0.16809435188770294,,,,,,,,,,,,,
13,11349,,0.008149881847202778,,0.0,,0.13440395891666412,,0.0,,0.0,,,0.0,0.0,,0.0015698373317718506,,0.1532614678144455,,,0.016260044649243355,,0.0,,0.15682260692119598,,,,,,,,,,,,,
13,11359,,0.009794636629521847,,0.0,,0.11783912777900696,,0.0,,0.0,,,0.0,0.0,,0.0016470787813887,,0.14933781325817108,,,0.017170898616313934,,0.0,,0.14789476990699768,,,,,,,,,,,,,
13,11369,,0.008253905922174454,,0.0,,0.11108388006687164,,0.0,,0.0,,,0.0,0.0,,0.0008976018871180713,,0.14330647885799408,,,0.015282378531992435,,0.0,,0.13941213488578796,,,,,,,,,,,,,
13,11379,,0.010980592109262943,,0.0,,0.1106405258178711,,0.0,,0.0,,,0.0,0.0,,0.004993065260350704,,0.15729977190494537,,,0.009987177327275276,,0.0,,0.14695055782794952,,,,,,,,,,,,,
13,11389,,0.011492229998111725,,0.0,,0.12508442997932434,,0.0,,0.0,,,0.0,0.0,,0.0036709243431687355,,0.1503894329071045,,,0.025918088853359222,,0.0,,0.15827755630016327,,,,,,,,,,,,,
13,11399,,0.009572561830282211,,0.0,,0.11936333775520325,,0.0,,0.0,,,0.0,0.0,,0.004147191531956196,,0.14863961935043335,,,0.02640691213309765,,0.0,,0.1540648192167282,,,,,,,,,,,,,
13,11409,,0.007037682458758354,,0.0,,0.11133017390966415,,0.0,,0.0,,,0.0,0.0,,0.0019287182949483395,,0.1521386057138443,,,0.01208492275327444,,0.0,,0.14226004481315613,,,,,,,,,,,,,
13,11419,,0.006796833127737045,,0.0,,0.10207462310791016,,0.0,,0.0,,,0.0,0.0,,0.0019409151282161474,,0.1540655791759491,,,0.010340976528823376,,0.0,,0.13760946691036224,,,,,,,,,,,,,
13,11429,,0.012587646953761578,,0.0,,0.13463754951953888,,0.0,,0.0,,,0.0,0.0,,0.0027066743932664394,,0.1515241265296936,,,0.012203842401504517,,0.0,,0.15682990849018097,,,,,,,,,,,,,
13,11439,,0.015849808230996132,,0.0,,0.1234230175614357,,0.0,,0.0,,,0.0,0.0,,0.00273376377299428,,0.15903151035308838,,,0.0182789359241724,,0.0,,0.1596585065126419,,,,,,,,,,,,,
13,11449,,0.009426921606063843,,0.0,,0.12034831941127777,,0.0,,0.0,,,0.0,0.0,,0.0014221782330423594,,0.14877289533615112,,,0.017610475420951843,,0.0,,0.1487903892993927,,,,,,,,,,,,,
13,11459,,0.006865807808935642,,0.0,,0.09638503193855286,,0.0,,0.0,,,0.0,0.0,,0.002206332515925169,,0.15365105867385864,,,0.043077219277620316,,0.0,,0.15109272301197052,,,,,,,,,,,,,
13,11469,,0.013391347602009773,,0.0,,0.11918201297521591,,0.0,,0.0,,,0.0,0.0,,0.0018432342913001776,,0.1511407345533371,,,0.0191812701523304,,0.0,,0.15236930549144745,,,,,,,,,,,,,
13,11479,,0.008520172908902168,,0.0,,0.11037072539329529,,0.0,,0.0,,,0.0,0.0,,0.0017785513773560524,,0.14675582945346832,,,0.01205485314130783,,0.0,,0.13974007964134216,,,,,,,,,,,,,
13,11489,,0.011173060163855553,,0.0,,0.12045754492282867,,0.0,,0.0,,,0.0,0.0,,0.0016985179390758276,,0.15360943973064423,,,0.011832929216325283,,0.0,,0.1493857502937317,,,,,,,,,,,,,
13,11499,,0.007799024228006601,,0.0,,0.12097272276878357,,0.0,,0.0,,,0.0,0.0,,0.002172180451452732,,0.1510724127292633,,,0.039889685809612274,,0.0,,0.16095301508903503,,,,,,,,,,,,,
13,11509,,0.009844677522778511,,0.0,,0.11269426345825195,,0.0,,0.0,,,0.0,0.0,,0.005387141834944487,,0.15044890344142914,,,0.030209079384803772,,0.0,,0.1542920470237732,,,,,,,,,,,,,
13,11519,,0.014445626176893711,,0.0,,0.11893937736749649,,0.0,,0.0,,,0.0,0.0,,0.005033435765653849,,0.15084077417850494,,,0.014264855533838272,,0.0,,0.15176203846931458,,,,,,,,,,,,,
13,11529,,0.006039803382009268,,0.0,,0.10105898231267929,,0.0,,0.0,,,0.0,0.0,,0.002220450434833765,,0.14801838994026184,,,0.02140624448657036,,0.0,,0.13937193155288696,,,,,,,,,,,,,
13,11539,,0.012163195759057999,,0.0,,0.11952611804008484,,0.0,,0.0,,,0.0,0.0,,0.0017029613954946399,,0.15039274096488953,,,0.015193254686892033,,0.0,,0.1494891345500946,,,,,,,,,,,,,
13,11549,,0.009754296392202377,,0.0,,0.12052122503519058,,0.0,,0.0,,,0.0,0.0,,0.002800959162414074,,0.1480245590209961,,,0.014894010499119759,,0.0,,0.14799752831459045,,,,,,,,,,,,,
13,11559,,0.014395086094737053,,0.0,,0.11651232093572617,,0.0,,0.0,,,0.0,0.0,,0.003533482551574707,,0.15390828251838684,,,0.04683567211031914,,0.0,,0.16759242117404938,,,,,,,,,,,,,
13,11569,,0.016129985451698303,,0.0,,0.1603720784187317,,0.0,,0.0,,,0.0,0.0,,0.002243656665086746,,0.15198421478271484,,,0.01260317862033844,,0.0,,0.17166656255722046,,,,,,,,,,,,,
13,11579,,0.010143637657165527,,0.0,,0.09637625515460968,,0.0,,0.0,,,0.0,0.0,,0.0027399929240345955,,0.15158115327358246,,,0.016477234661579132,,0.0,,0.13865913450717926,,,,,,,,,,,,,
13,11589,,0.010405374690890312,,0.0,,0.10912525653839111,,0.0,,0.0,,,0.0,0.0,,0.001483134925365448,,0.15079009532928467,,,0.02429964579641819,,0.0,,0.14805175364017487,,,,,,,,,,,,,
13,11599,,0.01091273594647646,,0.0,,0.11599871516227722,,0.0,,0.0,,,0.0,0.0,,0.0029759928584098816,,0.1557130068540573,,,0.029411960393190384,,0.0,,0.15750621259212494,,,,,,,,,,,,,
13,11609,,0.01376078650355339,,0.0,,0.13709470629692078,,0.0,,0.0,,,0.0,0.0,,0.0017307347152382135,,0.14986903965473175,,,0.012284033000469208,,0.0,,0.15736965835094452,,,,,,,,,,,,,
13,11619,,0.011943649500608444,,0.0,,0.10685727745294571,,0.0,,0.0,,,0.0,0.0,,0.0020700274035334587,,0.1518782675266266,,,0.01678656041622162,,0.0,,0.1447678804397583,,,,,,,,,,,,,
13,11629,,0.014251310378313065,,0.0,,0.11945360153913498,,0.0,,0.0,,,0.0,0.0,,0.002206812845543027,,0.15511523187160492,,,0.02942078746855259,,0.0,,0.16022387146949768,,,,,,,,,,,,,
13,11639,,0.014001168310642242,,0.0,,0.12782041728496552,,0.0,,0.0,,,0.0,0.0,,0.0033938593696802855,,0.15259221196174622,,,0.013570711016654968,,0.0,,0.15568917989730835,,,,,,,,,,,,,
13,11649,,0.009498952887952328,,0.0,,0.1169547289609909,,0.0,,0.0,,,0.0,0.0,,0.0018237435724586248,,0.15185999870300293,,,0.01746794953942299,,0.0,,0.14880269765853882,,,,,,,,,,,,,
13,11659,,0.008198384195566177,,0.0,,0.1104436069726944,,0.0,,0.0,,,0.0,0.0,,0.0016027892706915736,,0.14930421113967896,,,0.01922895386815071,,0.0,,0.14438897371292114,,,,,,,,,,,,,
13,11669,,0.008832738734781742,,0.0,,0.11338109523057938,,0.0,,0.0,,,0.0,0.0,,0.002404378727078438,,0.14412418007850647,,,0.0360880009829998,,0.0,,0.1524152010679245,,,,,,,,,,,,,
13,11679,,0.007831944152712822,,0.0,,0.11602519452571869,,0.0,,0.0,,,0.0,0.0,,0.0013648993335664272,,0.14751984179019928,,,0.013274874538183212,,0.0,,0.14300836622714996,,,,,,,,,,,,,
13,11689,,0.012346716597676277,,0.0,,0.1172388345003128,,0.0,,0.0,,,0.0,0.0,,0.0033900681883096695,,0.15109390020370483,,,0.02489585429430008,,0.0,,0.1544826775789261,,,,,,,,,,,,,
13,11699,,0.007948638871312141,,0.0,,0.11474012583494186,,0.0,,0.0,,,0.0,0.0,,0.0016514351591467857,,0.15363100171089172,,,0.02556920051574707,,0.0,,0.1517702043056488,,,,,,,,,,,,,
13,11709,,0.011584075167775154,,0.0,,0.10334073752164841,,0.0,,0.0,,,0.0,0.0,,0.005075839813798666,,0.15054011344909668,,,0.02119353786110878,,0.0,,0.14586715400218964,,,,,,,,,,,,,
13,11719,,0.009098537266254425,,0.0,,0.1076023280620575,,0.0,,0.0,,,0.0,0.0,,0.002051236806437373,,0.1490042805671692,,,0.017943009734153748,,0.0,,0.14284968376159668,,,,,,,,,,,,,
13,11729,,0.015986952930688858,,0.0,,0.13494817912578583,,0.0,,0.0,,,0.0,0.0,,0.007358594797551632,,0.15399610996246338,,,0.03090663067996502,,0.0,,0.17159822583198547,,,,,,,,,,,,,
13,11739,,0.016262296587228775,,0.0,,0.12747624516487122,,0.0,,0.0,,,0.0,0.0,,0.004344653338193893,,0.1537417471408844,,,0.011357974261045456,,0.0,,0.15659144520759583,,,,,,,,,,,,,
13,11749,,0.0104142464697361,,0.0,,0.12850384414196014,,0.0,,0.0,,,0.0,0.0,,0.0012071288656443357,,0.15114545822143555,,,0.01316797360777855,,0.0,,0.15221934020519257,,,,,,,,,,,,,
13,11759,,0.013418578542768955,,0.0,,0.1098548024892807,,0.0,,0.0,,,0.0,0.0,,0.0026778471656143665,,0.14983195066452026,,,0.014541292563080788,,0.0,,0.14516225457191467,,,,,,,,,,,,,
13,11769,,0.007946687750518322,,0.0,,0.12137023359537125,,0.0,,0.0,,,0.0,0.0,,0.002136476803570986,,0.15079441666603088,,,0.021897513419389725,,0.0,,0.15207266807556152,,,,,,,,,,,,,
13,11779,,0.00846017524600029,,0.0,,0.1261499524116516,,0.0,,0.0,,,0.0,0.0,,0.0013585530687123537,,0.14634133875370026,,,0.020597975701093674,,0.0,,0.15145397186279297,,,,,,,,,,,,,
13,11789,,0.007648495025932789,,0.0,,0.12500232458114624,,0.0,,0.0,,,0.0,0.0,,0.0009045542101375759,,0.15205451846122742,,,0.020141955465078354,,0.0,,0.15287593007087708,,,,,,,,,,,,,
13,11799,,0.013203111477196217,,0.0,,0.11969749629497528,,0.0,,0.0,,,0.0,0.0,,0.0023986424785107374,,0.15783345699310303,,,0.01837604120373726,,0.0,,0.15575438737869263,,,,,,,,,,,,,
13,11809,,0.010544400662183762,,0.0,,0.1439274251461029,,0.0,,0.0,,,0.0,0.0,,0.0014698822051286697,,0.1473972499370575,,,0.01681138388812542,,0.0,,0.16007515788078308,,,,,,,,,,,,,
13,11819,,0.015988435596227646,,0.0,,0.1140812560915947,,0.0,,0.0,,,0.0,0.0,,0.003934376873075962,,0.15869086980819702,,,0.012961020693182945,,0.0,,0.15282799303531647,,,,,,,,,,,,,
13,11829,,0.009123525582253933,,0.0,,0.11728391796350479,,0.0,,0.0,,,0.0,0.0,,0.002517582615837455,,0.14413809776306152,,,0.016090067103505135,,0.0,,0.14457659423351288,,,,,,,,,,,,,
13,11829,,,,,,,,,,,,,,,,,,,,,,,,,,0.06260203570127487,0.0,0.32842540740966797,0.0,0.0,0.0,0.0,0.036341991275548935,0.21879872679710388,0.3969883918762207,0.06530122458934784,0.0,0.5215782523155212
13,11829,0.01115542184561491,,0.0,,0.12042698264122009,,0.0,,0.0,,0.0,0.0,,,0.0025905920192599297,,0.15122361481189728,,0.0203965175896883,0.0036753113381564617,,0.0,,0.15289637446403503,,,,,,,,,,,,,,
14,11839,,0.007119456771761179,,0.0,,0.10285729169845581,,0.0,,0.0,,,0.0,0.0,,0.0023244209587574005,,0.1426931768655777,,,0.017119694501161575,,0.0,,0.1360570341348648,,,,,,,,,,,,,
14,11849,,0.011045640334486961,,0.0,,0.10801581293344498,,0.0,,0.0,,,0.0,0.0,,0.002415146678686142,,0.15337006747722626,,,0.015062748454511166,,0.0,,0.14495471119880676,,,,,,,,,,,,,
14,11859,,0.015769070014357567,,0.0,,0.12233761698007584,,0.0,,0.0,,,0.0,0.0,,0.0035559581592679024,,0.15270814299583435,,,0.013086823746562004,,0.0,,0.15372879803180695,,,,,,,,,,,,,
14,11869,,0.010362213477492332,,0.0,,0.1144866794347763,,0.0,,0.0,,,0.0,0.0,,0.0017527699237689376,,0.15284548699855804,,,0.013095995411276817,,0.0,,0.14627157151699066,,,,,,,,,,,,,
14,11879,,0.01605931669473648,,0.0,,0.12275250256061554,,0.0,,0.0,,,0.0,0.0,,0.0022481419146060944,,0.15367074310779572,,,0.04075854644179344,,0.0,,0.16774462163448334,,,,,,,,,,,,,
14,11889,,0.01292151864618063,,0.0,,0.1278066635131836,,0.0,,0.0,,,0.0,0.0,,0.0022288933396339417,,0.151424840092659,,,0.020241767168045044,,0.0,,0.1573118269443512,,,,,,,,,,,,,
14,11899,,0.0067566861398518085,,0.0,,0.11585915088653564,,0.0,,0.0,,,0.0,0.0,,0.0031363596208393574,,0.14558225870132446,,,0.02058548480272293,,0.0,,0.1459599733352661,,,,,,,,,,,,,
14,11909,,0.009567396715283394,,0.0,,0.1231904849410057,,0.0,,0.0,,,0.0,0.0,,0.0036217719316482544,,0.1435716301202774,,,0.027958722785115242,,0.0,,0.15395499765872955,,,,,,,,,,,,,
14,11919,,0.011031044647097588,,0.0,,0.12627968192100525,,0.0,,0.0,,,0.0,0.0,,0.0018208397086709738,,0.14840950071811676,,,0.025949355214834213,,0.0,,0.15674521028995514,,,,,,,,,,,,,
14,11929,,0.009827684611082077,,0.0,,0.13480408489704132,,0.0,,0.0,,,0.0,0.0,,0.00373234786093235,,0.14654821157455444,,,0.04534362256526947,,0.0,,0.1701279580593109,,,,,,,,,,,,,
14,11939,,0.009452261961996555,,0.0,,0.1048050969839096,,0.0,,0.0,,,0.0,0.0,,0.00501106446608901,,0.1488816738128662,,,0.00965118408203125,,0.0,,0.13890063762664795,,,,,,,,,,,,,
14,11949,,0.011646464467048645,,0.0,,0.1222754493355751,,0.0,,0.0,,,0.0,0.0,,0.00346226803958416,,0.15045687556266785,,,0.020420817658305168,,0.0,,0.15413092076778412,,,,,,,,,,,,,
14,11959,,0.007650394923985004,,0.0,,0.13482381403446198,,0.0,,0.0,,,0.0,0.0,,0.0015809377655386925,,0.14858293533325195,,,0.010871522128582,,0.0,,0.15175479650497437,,,,,,,,,,,,,
14,11969,,0.005986735224723816,,0.0,,0.10378491878509521,,0.0,,0.0,,,0.0,0.0,,0.0010678473627194762,,0.14667971432209015,,,0.018551083281636238,,0.0,,0.1380351483821869,,,,,,,,,,,,,
14,11979,,0.0062852827832102776,,0.0,,0.09081344306468964,,0.0,,0.0,,,0.0,0.0,,0.002169417915865779,,0.15043394267559052,,,0.014810234308242798,,0.0,,0.1322561502456665,,,,,,,,,,,,,
14,11989,,0.008492190390825272,,0.0,,0.12236493080854416,,0.0,,0.0,,,0.0,0.0,,0.0030817831866443157,,0.1413068175315857,,,0.013248320668935776,,0.0,,0.14424702525138855,,,,,,,,,,,,,
14,11999,,0.008984296582639217,,0.0,,0.11010590940713882,,0.0,,0.0,,,0.0,0.0,,0.0033038132824003696,,0.1478893756866455,,,0.018714068457484245,,0.0,,0.14449873566627502,,,,,,,,,,,,,
14,12009,,0.01106376014649868,,0.0,,0.11081959307193756,,0.0,,0.0,,,0.0,0.0,,0.0015944242477416992,,0.1456521451473236,,,0.015981702134013176,,0.0,,0.1425558179616928,,,,,,,,,,,,,
14,12019,,0.009976919740438461,,0.0,,0.11335892975330353,,0.0,,0.0,,,0.0,0.0,,0.0022819782607257366,,0.15013404190540314,,,0.020415499806404114,,0.0,,0.14808368682861328,,,,,,,,,,,,,
14,12029,,0.013298179022967815,,0.0,,0.11524125933647156,,0.0,,0.0,,,0.0,0.0,,0.002624905202537775,,0.15564090013504028,,,0.01860775426030159,,0.0,,0.15270650386810303,,,,,,,,,,,,,
14,12039,,0.012068645097315311,,0.0,,0.11764171719551086,,0.0,,0.0,,,0.0,0.0,,0.0024534419644623995,,0.14842185378074646,,,0.015875205397605896,,0.0,,0.1482304334640503,,,,,,,,,,,,,
14,12049,,0.013797806575894356,,0.0,,0.12935352325439453,,0.0,,0.0,,,0.0,0.0,,0.002218458103016019,,0.15518057346343994,,,0.008741083554923534,,0.0,,0.15464572608470917,,,,,,,,,,,,,
14,12059,,0.007669979240745306,,0.0,,0.11550446599721909,,0.0,,0.0,,,0.0,0.0,,0.0010787234641611576,,0.15077164769172668,,,0.0413857027888298,,0.0,,0.15820527076721191,,,,,,,,,,,,,
14,12069,,0.014918828383088112,,0.0,,0.11584116518497467,,0.0,,0.0,,,0.0,0.0,,0.003353700740262866,,0.1568109542131424,,,0.013602369464933872,,0.0,,0.15226352214813232,,,,,,,,,,,,,
14,12079,,0.012241490185260773,,0.0,,0.12971332669258118,,0.0,,0.0,,,0.0,0.0,,0.002497576642781496,,0.1511012315750122,,,0.013225499540567398,,0.0,,0.15438956022262573,,,,,,,,,,,,,
14,12089,,0.010477481409907341,,0.0,,0.12514683604240417,,0.0,,0.0,,,0.0,0.0,,0.0020944082643836737,,0.14971821010112762,,,0.009846769273281097,,0.0,,0.14864185452461243,,,,,,,,,,,,,
14,12099,,0.00708497641608119,,0.0,,0.09437646716833115,,0.0,,0.0,,,0.0,0.0,,0.0018435254460200667,,0.15064866840839386,,,0.012466294690966606,,0.0,,0.1332099437713623,,,,,,,,,,,,,
14,12109,,0.01341999787837267,,0.0,,0.12016862630844116,,0.0,,0.0,,,0.0,0.0,,0.003379839239642024,,0.15298408269882202,,,0.007771167904138565,,0.0,,0.1488618552684784,,,,,,,,,,,,,
14,12119,,0.011312976479530334,,0.0,,0.12427150458097458,,0.0,,0.0,,,0.0,0.0,,0.0021619764156639576,,0.14921829104423523,,,0.01159076951444149,,0.0,,0.14927777647972107,,,,,,,,,,,,,
14,12129,,0.009934496134519577,,0.0,,0.12758825719356537,,0.0,,0.0,,,0.0,0.0,,0.001727709430269897,,0.1516185700893402,,,0.008406941778957844,,0.0,,0.14963796734809875,,,,,,,,,,,,,
14,12139,,0.008045155555009842,,0.0,,0.10789830982685089,,0.0,,0.0,,,0.0,0.0,,0.0018408091273158789,,0.1463477909564972,,,0.013859383761882782,,0.0,,0.13899573683738708,,,,,,,,,,,,,
14,12149,,0.007435491308569908,,0.0,,0.11482660472393036,,0.0,,0.0,,,0.0,0.0,,0.002030041301622987,,0.15139007568359375,,,0.028185859322547913,,0.0,,0.15193405747413635,,,,,,,,,,,,,
14,12159,,0.007634477689862251,,0.0,,0.10571809858083725,,0.0,,0.0,,,0.0,0.0,,0.007422898896038532,,0.1515336036682129,,,0.00882876105606556,,0.0,,0.14056892693042755,,,,,,,,,,,,,
14,12169,,0.012001587077975273,,0.0,,0.11509443074464798,,0.0,,0.0,,,0.0,0.0,,0.0020866901613771915,,0.14752954244613647,,,0.022341057658195496,,0.0,,0.1495266556739807,,,,,,,,,,,,,
14,12179,,0.0089077427983284,,0.0,,0.1182064339518547,,0.0,,0.0,,,0.0,0.0,,0.002824930241331458,,0.14755216240882874,,,0.021082930266857147,,0.0,,0.14928710460662842,,,,,,,,,,,,,
14,12189,,0.013240775093436241,,0.0,,0.13067764043807983,,0.0,,0.0,,,0.0,0.0,,0.002470306120812893,,0.14988547563552856,,,0.023370537906885147,,0.0,,0.15982237458229065,,,,,,,,,,,,,
14,12199,,0.005906469654291868,,0.0,,0.11623480916023254,,0.0,,0.0,,,0.0,0.0,,0.0012755435891449451,,0.1442309021949768,,,0.01313768606632948,,0.0,,0.1403927057981491,,,,,,,,,,,,,
14,12209,,0.013305707834661007,,0.0,,0.13284440338611603,,0.0,,0.0,,,0.0,0.0,,0.0020476216450333595,,0.15319272875785828,,,0.018262457102537155,,0.0,,0.15982645750045776,,,,,,,,,,,,,
14,12219,,0.00783170759677887,,0.0,,0.10405699163675308,,0.0,,0.0,,,0.0,0.0,,0.0036038397811353207,,0.14913001656532288,,,0.024963553994894028,,0.0,,0.1447930485010147,,,,,,,,,,,,,
14,12229,,0.007634902838617563,,0.0,,0.11000414192676544,,0.0,,0.0,,,0.0,0.0,,0.0015182718634605408,,0.1484432965517044,,,0.009279669262468815,,0.0,,0.13844014704227448,,,,,,,,,,,,,
14,12239,,0.009085219353437424,,0.0,,0.11926101893186569,,0.0,,0.0,,,0.0,0.0,,0.00402471236884594,,0.14756980538368225,,,0.01676814630627632,,0.0,,0.1483544558286667,,,,,,,,,,,,,
14,12249,,0.006475226022303104,,0.0,,0.09999611228704453,,0.0,,0.0,,,0.0,0.0,,0.0022311662323772907,,0.14893220365047455,,,0.011174319311976433,,0.0,,0.1344045251607895,,,,,,,,,,,,,
14,12259,,0.012539245188236237,,0.0,,0.12986667454242706,,0.0,,0.0,,,0.0,0.0,,0.0025919314939528704,,0.1544809192419052,,,0.027310935780405998,,0.0,,0.16339485347270966,,,,,,,,,,,,,
14,12269,,0.019565291702747345,,0.0,,0.11062757670879364,,0.0,,0.0,,,0.0,0.0,,0.003385642310604453,,0.15394173562526703,,,0.020368900150060654,,0.0,,0.15394456684589386,,,,,,,,,,,,,
14,12279,,0.017078153789043427,,0.0,,0.114227794110775,,0.0,,0.0,,,0.0,0.0,,0.0035885616671293974,,0.15775656700134277,,,0.011085012927651405,,0.0,,0.1518680453300476,,,,,,,,,,,,,
14,12289,,0.014304895885288715,,0.0,,0.1191394180059433,,0.0,,0.0,,,0.0,0.0,,0.0021320730447769165,,0.15185333788394928,,,0.02728394977748394,,0.0,,0.1573568433523178,,,,,,,,,,,,,
14,12299,,0.007425243966281414,,0.0,,0.10734087228775024,,0.0,,0.0,,,0.0,0.0,,0.0010701532009989023,,0.15180346369743347,,,0.012041100300848484,,0.0,,0.13984040915966034,,,,,,,,,,,,,
14,12309,,0.010725787840783596,,0.0,,0.12417460232973099,,0.0,,0.0,,,0.0,0.0,,0.002541014924645424,,0.14999042451381683,,,0.021668870002031326,,0.0,,0.15455035865306854,,,,,,,,,,,,,
14,12319,,0.013439465314149857,,0.0,,0.13556163012981415,,0.0,,0.0,,,0.0,0.0,,0.0026135528460144997,,0.1528783142566681,,,0.024674218147993088,,0.0,,0.16458357870578766,,,,,,,,,,,,,
14,12329,,0.00729397451505065,,0.0,,0.10457628965377808,,0.0,,0.0,,,0.0,0.0,,0.0014183162711560726,,0.1469966471195221,,,0.017247769981622696,,0.0,,0.13876649737358093,,,,,,,,,,,,,
14,12339,,0.008897722698748112,,0.0,,0.0982031375169754,,0.0,,0.0,,,0.0,0.0,,0.0013522271765396,,0.14882239699363708,,,0.020162193104624748,,0.0,,0.138718843460083,,,,,,,,,,,,,
14,12349,,0.016285840421915054,,0.0,,0.13957062363624573,,0.0,,0.0,,,0.0,0.0,,0.0037785060703754425,,0.15011191368103027,,,0.027201751247048378,,0.0,,0.16847431659698486,,,,,,,,,,,,,
14,12359,,0.010830823332071304,,0.0,,0.1107330322265625,,0.0,,0.0,,,0.0,0.0,,0.0022524415981024504,,0.1515432894229889,,,0.014298954047262669,,0.0,,0.14482925832271576,,,,,,,,,,,,,
14,12369,,0.00995713658630848,,0.0,,0.10387478768825531,,0.0,,0.0,,,0.0,0.0,,0.0015169477555900812,,0.14821669459342957,,,0.02347182109951973,,0.0,,0.14351868629455566,,,,,,,,,,,,,
14,12379,,0.015794629231095314,,0.0,,0.13351348042488098,,0.0,,0.0,,,0.0,0.0,,0.0026668063364923,,0.1495131403207779,,,0.02575111947953701,,0.0,,0.16361959278583527,,,,,,,,,,,,,
14,12389,,0.008591611869633198,,0.0,,0.11457151174545288,,0.0,,0.0,,,0.0,0.0,,0.00779710290953517,,0.14753927290439606,,,0.03225433826446533,,0.0,,0.15537691116333008,,,,,,,,,,,,,
14,12399,,0.007630307227373123,,0.0,,0.1232200562953949,,0.0,,0.0,,,0.0,0.0,,0.0017251709941774607,,0.14762777090072632,,,0.03243032842874527,,0.0,,0.1563168168067932,,,,,,,,,,,,,
14,12409,,0.01141682080924511,,0.0,,0.11822957545518875,,0.0,,0.0,,,0.0,0.0,,0.0015765706775709987,,0.14376792311668396,,,0.024436086416244507,,0.0,,0.14971348643302917,,,,,,,,,,,,,
14,12419,,0.009817542508244514,,0.0,,0.10228819400072098,,0.0,,0.0,,,0.0,0.0,,0.0026283839251846075,,0.1507861316204071,,,0.014098046347498894,,0.0,,0.13980914652347565,,,,,,,,,,,,,
14,12429,,0.006758319213986397,,0.0,,0.10035213083028793,,0.0,,0.0,,,0.0,0.0,,0.0009935086127370596,,0.15172499418258667,,,0.01105479896068573,,0.0,,0.13544189929962158,,,,,,,,,,,,,
14,12439,,0.014522755518555641,,0.0,,0.12386175245046616,,0.0,,0.0,,,0.0,0.0,,0.002464033430442214,,0.15146780014038086,,,0.030723936855793,,0.0,,0.16152013838291168,,,,,,,,,,,,,
14,12449,,0.013102827593684196,,0.0,,0.12147276103496552,,0.0,,0.0,,,0.0,0.0,,0.007158785592764616,,0.1515573114156723,,,0.040553539991378784,,0.0,,0.16692261397838593,,,,,,,,,,,,,
14,12459,,0.01126196701079607,,0.0,,0.10963230580091476,,0.0,,0.0,,,0.0,0.0,,0.003204694017767906,,0.14784786105155945,,,0.014487475156784058,,0.0,,0.14321716129779816,,,,,,,,,,,,,
14,12469,,0.01695079542696476,,0.0,,0.12658017873764038,,0.0,,0.0,,,0.0,0.0,,0.003889119252562523,,0.15590263903141022,,,0.022777263075113297,,0.0,,0.16304998099803925,,,,,,,,,,,,,
14,12479,,0.010746585205197334,,0.0,,0.14163653552532196,,0.0,,0.0,,,0.0,0.0,,0.0014764582738280296,,0.1523771435022354,,,0.012577642686665058,,0.0,,0.15940719842910767,,,,,,,,,,,,,
14,12489,,0.012330415658652782,,0.0,,0.11409589648246765,,0.0,,0.0,,,0.0,0.0,,0.003897429211065173,,0.1506737917661667,,,0.025592297315597534,,0.0,,0.1532949060201645,,,,,,,,,,,,,
14,12499,,0.010653810575604439,,0.0,,0.11394031345844269,,0.0,,0.0,,,0.0,0.0,,0.001481084618717432,,0.14817309379577637,,,0.018321292474865913,,0.0,,0.1462848037481308,,,,,,,,,,,,,
14,12509,,0.006832003593444824,,0.0,,0.1128971204161644,,0.0,,0.0,,,0.0,0.0,,0.002413540380075574,,0.14759793877601624,,,0.026765501126646996,,0.0,,0.14825305342674255,,,,,,,,,,,,,
14,12519,,0.0076967221684753895,,0.0,,0.10316070169210434,,0.0,,0.0,,,0.0,0.0,,0.0019288499606773257,,0.14512395858764648,,,0.0102403424680233,,0.0,,0.13407528400421143,,,,,,,,,,,,,
14,12529,,0.009411131963133812,,0.0,,0.12561915814876556,,0.0,,0.0,,,0.0,0.0,,0.0022870227694511414,,0.1494971513748169,,,0.016374574974179268,,0.0,,0.15159453451633453,,,,,,,,,,,,,
14,12539,,0.008379466831684113,,0.0,,0.12443019449710846,,0.0,,0.0,,,0.0,0.0,,0.0015050568617880344,,0.14754144847393036,,,0.009436137042939663,,0.0,,0.1456461399793625,,,,,,,,,,,,,
14,12549,,0.012232990935444832,,0.0,,0.12020827829837799,,0.0,,0.0,,,0.0,0.0,,0.0016092490404844284,,0.15345390141010284,,,0.021376915276050568,,0.0,,0.15444065630435944,,,,,,,,,,,,,
14,12559,,0.008569959551095963,,0.0,,0.1008908674120903,,0.0,,0.0,,,0.0,0.0,,0.002183264819905162,,0.14451101422309875,,,0.010074928402900696,,0.0,,0.1331150233745575,,,,,,,,,,,,,
14,12569,,0.006053542252629995,,0.0,,0.10617833584547043,,0.0,,0.0,,,0.0,0.0,,0.0016184346750378609,,0.1489037573337555,,,0.03853919729590416,,0.0,,0.1506466418504715,,,,,,,,,,,,,
14,12579,,0.01089334674179554,,0.0,,0.10726272314786911,,0.0,,0.0,,,0.0,0.0,,0.003572357352823019,,0.14859479665756226,,,0.011072171851992607,,0.0,,0.1406976878643036,,,,,,,,,,,,,
14,12589,,0.011789316311478615,,0.0,,0.1098485141992569,,0.0,,0.0,,,0.0,0.0,,0.0021509192883968353,,0.1491144299507141,,,0.012412382289767265,,0.0,,0.14265777170658112,,,,,,,,,,,,,
14,12599,,0.016002129763364792,,0.0,,0.12807320058345795,,0.0,,0.0,,,0.0,0.0,,0.0045494562946259975,,0.15134070813655853,,,0.01554272510111332,,0.0,,0.1577540934085846,,,,,,,,,,,,,
14,12609,,0.00928507000207901,,0.0,,0.11540210992097855,,0.0,,0.0,,,0.0,0.0,,0.001690915203653276,,0.1504937708377838,,,0.022843793034553528,,0.0,,0.14985781908035278,,,,,,,,,,,,,
14,12619,,0.013468719087541103,,0.0,,0.11462689936161041,,0.0,,0.0,,,0.0,0.0,,0.0019262097775936127,,0.1575595736503601,,,0.0185045525431633,,0.0,,0.1530429720878601,,,,,,,,,,,,,
14,12629,,0.009499846026301384,,0.0,,0.10908865183591843,,0.0,,0.0,,,0.0,0.0,,0.0020649635698646307,,0.14773637056350708,,,0.011908385902643204,,0.0,,0.14014911651611328,,,,,,,,,,,,,
14,12639,,0.008928785100579262,,0.0,,0.11466509848833084,,0.0,,0.0,,,0.0,0.0,,0.001857133349403739,,0.14793896675109863,,,0.026961900293827057,,0.0,,0.15017592906951904,,,,,,,,,,,,,
14,12649,,0.009680403396487236,,0.0,,0.1161845326423645,,0.0,,0.0,,,0.0,0.0,,0.0017717638984322548,,0.14988252520561218,,,0.01481576543301344,,0.0,,0.14616750180721283,,,,,,,,,,,,,
14,12659,,0.01556336134672165,,0.0,,0.1162029281258583,,0.0,,0.0,,,0.0,0.0,,0.003221772611141205,,0.15367811918258667,,,0.010642049834132195,,0.0,,0.14965412020683289,,,,,,,,,,,,,
14,12669,,0.00655232323333621,,0.0,,0.10878705233335495,,0.0,,0.0,,,0.0,0.0,,0.0019163315882906318,,0.1525076925754547,,,0.018226811662316322,,0.0,,0.14399509131908417,,,,,,,,,,,,,
14,12674,,,,,,,,,,,,,,,,,,,,,,,,,,0.06412017345428467,0.0,0.3413219451904297,0.0,0.0,0.0,0.0,0.034159254282712936,0.2159838229417801,0.39085087180137634,0.06452223658561707,0.0,0.5232180953025818
14,12674,0.010759956203401089,,0.0,,0.11680406332015991,,0.0,,0.0,,0.0,0.0,,,0.0025393895339220762,,0.15005303919315338,,0.018860938027501106,0.003409355180338025,,0.0,,0.14950861036777496,,,,,,,,,,,,,,
15,12679,,0.007873001508414745,,0.0,,0.08791850507259369,,0.0,,0.0,,,0.0,0.0,,0.001091074664145708,,0.14766713976860046,,,0.020862415432929993,,0.0,,0.13270607590675354,,,,,,,,,,,,,
15,12689,,0.010787935927510262,,0.0,,0.12201280146837234,,0.0,,0.0,,,0.0,0.0,,0.0015899548307061195,,0.14839881658554077,,,0.02010253071784973,,0.0,,0.15144601464271545,,,,,,,,,,,,,
15,12699,,0.008846498094499111,,0.0,,0.11320637166500092,,0.0,,0.0,,,0.0,0.0,,0.001930038328282535,,0.1433289498090744,,,0.03263730928301811,,0.0,,0.14997456967830658,,,,,,,,,,,,,
15,12709,,0.011943873018026352,,0.0,,0.11595115065574646,,0.0,,0.0,,,0.0,0.0,,0.0039982181042432785,,0.1572369486093521,,,0.017884662374854088,,0.0,,0.15350744128227234,,,,,,,,,,,,,
15,12719,,0.005497936625033617,,0.0,,0.10448460280895233,,0.0,,0.0,,,0.0,0.0,,0.0010994921904057264,,0.14659249782562256,,,0.017305223271250725,,0.0,,0.13748988509178162,,,,,,,,,,,,,
15,12729,,0.007726733107119799,,0.0,,0.11770287901163101,,0.0,,0.0,,,0.0,0.0,,0.0009818075923249125,,0.1430671215057373,,,0.01124426070600748,,0.0,,0.14036139845848083,,,,,,,,,,,,,
15,12739,,0.010029571130871773,,0.0,,0.12628376483917236,,0.0,,0.0,,,0.0,0.0,,0.0017868917202576995,,0.15072572231292725,,,0.020787961781024933,,0.0,,0.1548069566488266,,,,,,,,,,,,,
15,12749,,0.012787450104951859,,0.0,,0.10303743928670883,,0.0,,0.0,,,0.0,0.0,,0.002969429362565279,,0.1515783965587616,,,0.014817142859101295,,0.0,,0.14259494841098785,,,,,,,,,,,,,
15,12759,,0.00893423892557621,,0.0,,0.11547241359949112,,0.0,,0.0,,,0.0,0.0,,0.001312423381023109,,0.15130174160003662,,,0.015107700601220131,,0.0,,0.14606425166130066,,,,,,,,,,,,,
15,12769,,0.008251547813415527,,0.0,,0.10094334185123444,,0.0,,0.0,,,0.0,0.0,,0.0013583442196249962,,0.15192651748657227,,,0.011712674982845783,,0.0,,0.13709619641304016,,,,,,,,,,,,,
15,12779,,0.009517750702798367,,0.0,,0.09644265472888947,,0.0,,0.0,,,0.0,0.0,,0.0021705576218664646,,0.15238796174526215,,,0.017628666013479233,,0.0,,0.13907380402088165,,,,,,,,,,,,,
15,12789,,0.006105643697082996,,0.0,,0.09594368189573288,,0.0,,0.0,,,0.0,0.0,,0.001186778536066413,,0.1487860083580017,,,0.014287428930401802,,0.0,,0.13315477967262268,,,,,,,,,,,,,
15,12799,,0.014243684709072113,,0.0,,0.11499220132827759,,0.0,,0.0,,,0.0,0.0,,0.005486776120960712,,0.15248242020606995,,,0.024525688961148262,,0.0,,0.1558654010295868,,,,,,,,,,,,,
15,12809,,0.013979307375848293,,0.0,,0.109287329018116,,0.0,,0.0,,,0.0,0.0,,0.002413894282653928,,0.15311473608016968,,,0.018154345452785492,,0.0,,0.1484748125076294,,,,,,,,,,,,,
15,12819,,0.013816235587000847,,0.0,,0.11562922596931458,,0.0,,0.0,,,0.0,0.0,,0.005714684724807739,,0.1538163721561432,,,0.013075845316052437,,0.0,,0.15102618932724,,,,,,,,,,,,,
15,12829,,0.01025632955133915,,0.0,,0.11873050034046173,,0.0,,0.0,,,0.0,0.0,,0.0015020848950371146,,0.1478818655014038,,,0.020358014851808548,,0.0,,0.1493643969297409,,,,,,,,,,,,,
15,12839,,0.011591726914048195,,0.0,,0.13044261932373047,,0.0,,0.0,,,0.0,0.0,,0.0037805798929184675,,0.14838656783103943,,,0.020045114681124687,,0.0,,0.15712329745292664,,,,,,,,,,,,,
15,12849,,0.009678220376372337,,0.0,,0.11570192128419876,,0.0,,0.0,,,0.0,0.0,,0.0026467707939445972,,0.15285012125968933,,,0.009111246094107628,,0.0,,0.14499413967132568,,,,,,,,,,,,,
15,12859,,0.0164017491042614,,0.0,,0.12005080282688141,,0.0,,0.0,,,0.0,0.0,,0.0038382885977625847,,0.1517021656036377,,,0.01746237464249134,,0.0,,0.15472768247127533,,,,,,,,,,,,,
15,12869,,0.00851102638989687,,0.0,,0.10388059169054031,,0.0,,0.0,,,0.0,0.0,,0.0011627157218754292,,0.1485563963651657,,,0.010374724864959717,,0.0,,0.13624273240566254,,,,,,,,,,,,,
15,12879,,0.01084075216203928,,0.0,,0.1144002228975296,,0.0,,0.0,,,0.0,0.0,,0.0018984036287292838,,0.15027350187301636,,,0.009151307865977287,,0.0,,0.14328208565711975,,,,,,,,,,,,,
15,12889,,0.00925552286207676,,0.0,,0.13010889291763306,,0.0,,0.0,,,0.0,0.0,,0.0014894240302965045,,0.1466052234172821,,,0.016422709450125694,,0.0,,0.15194089710712433,,,,,,,,,,,,,
15,12899,,0.013727452605962753,,0.0,,0.10881125181913376,,0.0,,0.0,,,0.0,0.0,,0.003197780344635248,,0.15636402368545532,,,0.009668008424341679,,0.0,,0.14588427543640137,,,,,,,,,,,,,
15,12909,,0.0068032932467758656,,0.0,,0.12180215120315552,,0.0,,0.0,,,0.0,0.0,,0.0014529358595609665,,0.1500658094882965,,,0.020545512437820435,,0.0,,0.15033484995365143,,,,,,,,,,,,,
15,12919,,0.010028235614299774,,0.0,,0.12477535009384155,,0.0,,0.0,,,0.0,0.0,,0.005012172274291515,,0.14586234092712402,,,0.01377373281866312,,0.0,,0.14972592890262604,,,,,,,,,,,,,
15,12929,,0.013579277321696281,,0.0,,0.10976904630661011,,0.0,,0.0,,,0.0,0.0,,0.0024761338718235493,,0.15386047959327698,,,0.03289445489645004,,0.0,,0.1562896966934204,,,,,,,,,,,,,
15,12939,,0.008640050888061523,,0.0,,0.10387782752513885,,0.0,,0.0,,,0.0,0.0,,0.0024613337591290474,,0.15281248092651367,,,0.010138058103621006,,0.0,,0.13896489143371582,,,,,,,,,,,,,
15,12949,,0.011328594759106636,,0.0,,0.1104653850197792,,0.0,,0.0,,,0.0,0.0,,0.0017094218637794256,,0.14843404293060303,,,0.01147348154336214,,0.0,,0.1417054682970047,,,,,,,,,,,,,
15,12959,,0.011461090296506882,,0.0,,0.10875529050827026,,0.0,,0.0,,,0.0,0.0,,0.0017026662826538086,,0.15447436273097992,,,0.018268335610628128,,0.0,,0.1473308801651001,,,,,,,,,,,,,
15,12969,,0.010640325024724007,,0.0,,0.12449338287115097,,0.0,,0.0,,,0.0,0.0,,0.002072146162390709,,0.1506013423204422,,,0.010965274646878242,,0.0,,0.1493862420320511,,,,,,,,,,,,,
15,12979,,0.009007184766232967,,0.0,,0.11303479969501495,,0.0,,0.0,,,0.0,0.0,,0.0016404699999839067,,0.1452791839838028,,,0.03932465240359306,,0.0,,0.15414313971996307,,,,,,,,,,,,,
15,12989,,0.008564663119614124,,0.0,,0.10950519889593124,,0.0,,0.0,,,0.0,0.0,,0.0023998944088816643,,0.1451500952243805,,,0.012678227387368679,,0.0,,0.1391490399837494,,,,,,,,,,,,,
15,12999,,0.016083596274256706,,0.0,,0.11647527664899826,,0.0,,0.0,,,0.0,0.0,,0.0028768337797373533,,0.1539330780506134,,,0.0320635586977005,,0.0,,0.16071617603302002,,,,,,,,,,,,,
15,13009,,0.00688524916768074,,0.0,,0.10550301522016525,,0.0,,0.0,,,0.0,0.0,,0.001549693290144205,,0.1465016007423401,,,0.016006743535399437,,0.0,,0.13822315633296967,,,,,,,,,,,,,
15,13019,,0.008998652920126915,,0.0,,0.12165585905313492,,0.0,,0.0,,,0.0,0.0,,0.004740008153021336,,0.14583146572113037,,,0.0156472846865654,,0.0,,0.14843663573265076,,,,,,,,,,,,,
15,13029,,0.00887513067573309,,0.0,,0.12352659553289413,,0.0,,0.0,,,0.0,0.0,,0.0022589832078665495,,0.15138459205627441,,,0.014343786984682083,,0.0,,0.15019455552101135,,,,,,,,,,,,,
15,13039,,0.010217161849141121,,0.0,,0.12209846079349518,,0.0,,0.0,,,0.0,0.0,,0.0028814447578042746,,0.14677782356739044,,,0.010337641462683678,,0.0,,0.14615626633167267,,,,,,,,,,,,,
15,13049,,0.007981183007359505,,0.0,,0.11126302927732468,,0.0,,0.0,,,0.0,0.0,,0.0013663278659805655,,0.14829307794570923,,,0.01726381480693817,,0.0,,0.14308372139930725,,,,,,,,,,,,,
15,13059,,0.010357456281781197,,0.0,,0.11327166855335236,,0.0,,0.0,,,0.0,0.0,,0.0037099390756338835,,0.1436912566423416,,,0.027609290555119514,,0.0,,0.1493198126554489,,,,,,,,,,,,,
15,13069,,0.010075937956571579,,0.0,,0.10761591047048569,,0.0,,0.0,,,0.0,0.0,,0.0012095761485397816,,0.15527230501174927,,,0.029827050864696503,,0.0,,0.15200039744377136,,,,,,,,,,,,,
15,13079,,0.014534810557961464,,0.0,,0.10782566666603088,,0.0,,0.0,,,0.0,0.0,,0.003968731500208378,,0.15048575401306152,,,0.00922001339495182,,0.0,,0.1430174857378006,,,,,,,,,,,,,
15,13089,,0.009832206182181835,,0.0,,0.11046202480792999,,0.0,,0.0,,,0.0,0.0,,0.001749188406392932,,0.15339228510856628,,,0.009034550748765469,,0.0,,0.14223513007164001,,,,,,,,,,,,,
15,13099,,0.010947776958346367,,0.0,,0.12944898009300232,,0.0,,0.0,,,0.0,0.0,,0.0022383315954357386,,0.15120334923267365,,,0.015694711357355118,,0.0,,0.15476657450199127,,,,,,,,,,,,,
15,13109,,0.006744458805769682,,0.0,,0.09200575947761536,,0.0,,0.0,,,0.0,0.0,,0.0019176681526005268,,0.14642921090126038,,,0.023949062451720238,,0.0,,0.13552308082580566,,,,,,,,,,,,,
15,13119,,0.0113853570073843,,0.0,,0.10336345434188843,,0.0,,0.0,,,0.0,0.0,,0.0028965116944164038,,0.15407419204711914,,,0.008807414211332798,,0.0,,0.14026346802711487,,,,,,,,,,,,,
15,13129,,0.008953576907515526,,0.0,,0.12034532427787781,,0.0,,0.0,,,0.0,0.0,,0.0017954136710613966,,0.1470693051815033,,,0.01724744401872158,,0.0,,0.14770552515983582,,,,,,,,,,,,,
15,13139,,0.014479955658316612,,0.0,,0.12277821451425552,,0.0,,0.0,,,0.0,0.0,,0.0021012229844927788,,0.1569749414920807,,,0.007636561524122953,,0.0,,0.15198543667793274,,,,,,,,,,,,,
15,13149,,0.014522969722747803,,0.0,,0.11695537716150284,,0.0,,0.0,,,0.0,0.0,,0.005668475292623043,,0.15674561262130737,,,0.01032567210495472,,0.0,,0.1521090418100357,,,,,,,,,,,,,
15,13159,,0.006271108984947205,,0.0,,0.10664209723472595,,0.0,,0.0,,,0.0,0.0,,0.003138600615784526,,0.14839018881320953,,,0.01661071926355362,,0.0,,0.14052636921405792,,,,,,,,,,,,,
15,13169,,0.014762824401259422,,0.0,,0.129888117313385,,0.0,,0.0,,,0.0,0.0,,0.003281735349446535,,0.15120956301689148,,,0.01150643639266491,,0.0,,0.15532433986663818,,,,,,,,,,,,,
15,13179,,0.013445261865854263,,0.0,,0.11034691333770752,,0.0,,0.0,,,0.0,0.0,,0.002046484500169754,,0.15466389060020447,,,0.012621556408703327,,0.0,,0.14656205475330353,,,,,,,,,,,,,
15,13189,,0.005646224599331617,,0.0,,0.09908042103052139,,0.0,,0.0,,,0.0,0.0,,0.0010897485772147775,,0.14790189266204834,,,0.02367447130382061,,0.0,,0.13869637250900269,,,,,,,,,,,,,
15,13199,,0.008475099690258503,,0.0,,0.12320266664028168,,0.0,,0.0,,,0.0,0.0,,0.0014232085086405277,,0.14791636168956757,,,0.013848223723471165,,0.0,,0.14743277430534363,,,,,,,,,,,,,
15,13209,,0.007940176874399185,,0.0,,0.11465749889612198,,0.0,,0.0,,,0.0,0.0,,0.0013238119427114725,,0.15042933821678162,,,0.030006512999534607,,0.0,,0.15217867493629456,,,,,,,,,,,,,
15,13219,,0.006025995127856731,,0.0,,0.09483252465724945,,0.0,,0.0,,,0.0,0.0,,0.0013960287906229496,,0.14368602633476257,,,0.03448181226849556,,0.0,,0.14021119475364685,,,,,,,,,,,,,
15,13229,,0.016631022095680237,,0.0,,0.12641161680221558,,0.0,,0.0,,,0.0,0.0,,0.00300349248573184,,0.15670809149742126,,,0.012249981984496117,,0.0,,0.15750209987163544,,,,,,,,,,,,,
15,13239,,0.007732669822871685,,0.0,,0.11119695007801056,,0.0,,0.0,,,0.0,0.0,,0.0028992146253585815,,0.14794638752937317,,,0.01515164878219366,,0.0,,0.14246343076229095,,,,,,,,,,,,,
15,13249,,0.01372014731168747,,0.0,,0.12666456401348114,,0.0,,0.0,,,0.0,0.0,,0.002775354078039527,,0.1529637724161148,,,0.011606920510530472,,0.0,,0.15386538207530975,,,,,,,,,,,,,
15,13259,,0.01088731549680233,,0.0,,0.12220355123281479,,0.0,,0.0,,,0.0,0.0,,0.0026722149923443794,,0.15033790469169617,,,0.02424662560224533,,0.0,,0.15517382323741913,,,,,,,,,,,,,
15,13269,,0.010399030521512032,,0.0,,0.1001560166478157,,0.0,,0.0,,,0.0,0.0,,0.001825540792196989,,0.14504291117191315,,,0.01551218330860138,,0.0,,0.136467844247818,,,,,,,,,,,,,
15,13279,,0.015477528795599937,,0.0,,0.1234525665640831,,0.0,,0.0,,,0.0,0.0,,0.004463165067136288,,0.16160917282104492,,,0.008845889009535313,,0.0,,0.15692417323589325,,,,,,,,,,,,,
15,13289,,0.00749801192432642,,0.0,,0.10978464037179947,,0.0,,0.0,,,0.0,0.0,,0.0027113500982522964,,0.1517404168844223,,,0.008514484390616417,,0.0,,0.14012446999549866,,,,,,,,,,,,,
15,13299,,0.008525785058736801,,0.0,,0.1092822253704071,,0.0,,0.0,,,0.0,0.0,,0.0017840502550825477,,0.14832688868045807,,,0.021981164813041687,,0.0,,0.14495006203651428,,,,,,,,,,,,,
15,13309,,0.006592578254640102,,0.0,,0.11062058061361313,,0.0,,0.0,,,0.0,0.0,,0.0016185848508030176,,0.14986413717269897,,,0.016389628872275352,,0.0,,0.142542764544487,,,,,,,,,,,,,
15,13319,,0.007062171585857868,,0.0,,0.11138662695884705,,0.0,,0.0,,,0.0,0.0,,0.0030310205183923244,,0.14474192261695862,,,0.012870999053120613,,0.0,,0.13954636454582214,,,,,,,,,,,,,
15,13329,,0.01077975146472454,,0.0,,0.11591619998216629,,0.0,,0.0,,,0.0,0.0,,0.002359585138037801,,0.1482812464237213,,,0.019817546010017395,,0.0,,0.14857715368270874,,,,,,,,,,,,,
15,13339,,0.014670610427856445,,0.0,,0.11707465350627899,,0.0,,0.0,,,0.0,0.0,,0.005758413579314947,,0.14913052320480347,,,0.013665547594428062,,0.0,,0.1501498818397522,,,,,,,,,,,,,
15,13349,,0.010148396715521812,,0.0,,0.11400478333234787,,0.0,,0.0,,,0.0,0.0,,0.0013463667128235102,,0.14978207647800446,,,0.014361942186951637,,0.0,,0.14482179284095764,,,,,,,,,,,,,
15,13359,,0.008994351141154766,,0.0,,0.10668904334306717,,0.0,,0.0,,,0.0,0.0,,0.001885075937025249,,0.1475793421268463,,,0.012036709114909172,,0.0,,0.13859225809574127,,,,,,,,,,,,,
15,13369,,0.011693662963807583,,0.0,,0.11214540898799896,,0.0,,0.0,,,0.0,0.0,,0.002832787809893489,,0.1505718231201172,,,0.012388831004500389,,0.0,,0.14481626451015472,,,,,,,,,,,,,
15,13379,,0.013756448403000832,,0.0,,0.1161544919013977,,0.0,,0.0,,,0.0,0.0,,0.0026032289024442434,,0.15414240956306458,,,0.027433566749095917,,0.0,,0.15704508125782013,,,,,,,,,,,,,
15,13389,,0.014633123762905598,,0.0,,0.1268020123243332,,0.0,,0.0,,,0.0,0.0,,0.0019403048790991306,,0.1528584063053131,,,0.012408948503434658,,0.0,,0.15432138741016388,,,,,,,,,,,,,
15,13399,,0.007058074232190847,,0.0,,0.10628236085176468,,0.0,,0.0,,,0.0,0.0,,0.0017475563799962401,,0.14400264620780945,,,0.0211264006793499,,0.0,,0.14010851085186005,,,,,,,,,,,,,
15,13409,,0.009842142462730408,,0.0,,0.10207714140415192,,0.0,,0.0,,,0.0,0.0,,0.002006745897233486,,0.1512407511472702,,,0.013311461545526981,,0.0,,0.1392391324043274,,,,,,,,,,,,,
15,13419,,0.010879892855882645,,0.0,,0.12146216630935669,,0.0,,0.0,,,0.0,0.0,,0.0038058224599808455,,0.14894762635231018,,,0.03885941579937935,,0.0,,0.16197746992111206,,,,,,,,,,,,,
15,13429,,0.01690315641462803,,0.0,,0.12207800894975662,,0.0,,0.0,,,0.0,0.0,,0.0034566649701446295,,0.15006932616233826,,,0.01797095686197281,,0.0,,0.1552390456199646,,,,,,,,,,,,,
15,13439,,0.012918934226036072,,0.0,,0.10588154196739197,,0.0,,0.0,,,0.0,0.0,,0.001922405674122274,,0.14987969398498535,,,0.009937270544469357,,0.0,,0.1402699053287506,,,,,,,,,,,,,
15,13449,,0.011068291962146759,,0.0,,0.11689554899930954,,0.0,,0.0,,,0.0,0.0,,0.005464468151330948,,0.15086397528648376,,,0.018495017662644386,,0.0,,0.15139365196228027,,,,,,,,,,,,,
15,13459,,0.008550198748707771,,0.0,,0.12428250908851624,,0.0,,0.0,,,0.0,0.0,,0.0011095290537923574,,0.14944377541542053,,,0.013325005769729614,,0.0,,0.14835551381111145,,,,,,,,,,,,,
15,13469,,0.00768338842317462,,0.0,,0.11213578283786774,,0.0,,0.0,,,0.0,0.0,,0.002884751185774803,,0.14904867112636566,,,0.0220931563526392,,0.0,,0.14692287147045135,,,,,,,,,,,,,
15,13479,,0.010443957522511482,,0.0,,0.1075594574213028,,0.0,,0.0,,,0.0,0.0,,0.002411829074844718,,0.15071627497673035,,,0.03130430728197098,,0.0,,0.15121792256832123,,,,,,,,,,,,,
15,13489,,0.006699254270642996,,0.0,,0.1093248650431633,,0.0,,0.0,,,0.0,0.0,,0.003169466508552432,,0.15538553893566132,,,0.01915973424911499,,0.0,,0.14686943590641022,,,,,,,,,,,,,
15,13499,,0.012233374640345573,,0.0,,0.1147705614566803,,0.0,,0.0,,,0.0,0.0,,0.0029491144232451916,,0.14767718315124512,,,0.019925571978092194,,0.0,,0.14877790212631226,,,,,,,,,,,,,
15,13509,,0.018693190068006516,,0.0,,0.13407379388809204,,0.0,,0.0,,,0.0,0.0,,0.004670131020247936,,0.1473761796951294,,,0.017496295273303986,,0.0,,0.16115479171276093,,,,,,,,,,,,,
15,13519,,0.006817839108407497,,0.0,,0.10728051513433456,,0.0,,0.0,,,0.0,0.0,,0.0014068919699639082,,0.14995849132537842,,,0.013782903552055359,,0.0,,0.13962331414222717,,,,,,,,,,,,,
15,13519,,,,,,,,,,,,,,,,,,,,,,,,,,0.061997443437576294,0.0,0.3385360538959503,0.0,0.0,0.0,0.0,0.03652951493859291,0.20993781089782715,0.3812306225299835,0.062200598418712616,0.0,0.5141157507896423
15,13519,0.010625840164721012,,0.0,,0.11399272829294205,,0.0,,0.0,,0.0,0.0,,,0.002549069235101342,,0.14987878501415253,,0.017894040793180466,0.003233850933611393,,0.0,,0.147470161318779,,,,,,,,,,,,,,
16,13529,,0.01236045639961958,,0.0,,0.10248102247714996,,0.0,,0.0,,,0.0,0.0,,0.00663033640012145,,0.15203189849853516,,,0.009137483313679695,,0.0,,0.1413205862045288,,,,,,,,,,,,,
16,13539,,0.007260079495608807,,0.0,,0.12209013104438782,,0.0,,0.0,,,0.0,0.0,,0.0014646768104285002,,0.1481778770685196,,,0.011843080632388592,,0.0,,0.1454179286956787,,,,,,,,,,,,,
16,13549,,0.010985529981553555,,0.0,,0.12590119242668152,,0.0,,0.0,,,0.0,0.0,,0.01687471754848957,,0.1505020260810852,,,0.026704320684075356,,0.0,,0.16548389196395874,,,,,,,,,,,,,
16,13559,,0.008080706000328064,,0.0,,0.12085599452257156,,0.0,,0.0,,,0.0,0.0,,0.001825712388381362,,0.1484183669090271,,,0.011376980692148209,,0.0,,0.14527888596057892,,,,,,,,,,,,,
16,13569,,0.017927957698702812,,0.0,,0.11757835000753403,,0.0,,0.0,,,0.0,0.0,,0.0046376679092645645,,0.1557045578956604,,,0.010711119510233402,,0.0,,0.15327982604503632,,,,,,,,,,,,,
16,13579,,0.01175022218376398,,0.0,,0.10997865349054337,,0.0,,0.0,,,0.0,0.0,,0.0021084134932607412,,0.15230989456176758,,,0.02129756659269333,,0.0,,0.14872238039970398,,,,,,,,,,,,,
16,13589,,0.011834651231765747,,0.0,,0.10066654533147812,,0.0,,0.0,,,0.0,0.0,,0.0025233726482838392,,0.15417245030403137,,,0.02064865082502365,,0.0,,0.14492283761501312,,,,,,,,,,,,,
16,13599,,0.00641696248203516,,0.0,,0.11459240317344666,,0.0,,0.0,,,0.0,0.0,,0.0015871217474341393,,0.1462693214416504,,,0.00850727315992117,,0.0,,0.13868655264377594,,,,,,,,,,,,,
16,13609,,0.0090543944388628,,0.0,,0.12532249093055725,,0.0,,0.0,,,0.0,0.0,,0.0012637791223824024,,0.154161274433136,,,0.01761506497859955,,0.0,,0.15370848774909973,,,,,,,,,,,,,
16,13619,,0.01228315755724907,,0.0,,0.10922227799892426,,0.0,,0.0,,,0.0,0.0,,0.0039381179958581924,,0.15122413635253906,,,0.01862189546227455,,0.0,,0.1476447880268097,,,,,,,,,,,,,
16,13629,,0.010227687656879425,,0.0,,0.11658383905887604,,0.0,,0.0,,,0.0,0.0,,0.004910240415483713,,0.14592047035694122,,,0.054771922528743744,,0.0,,0.16620707511901855,,,,,,,,,,,,,
16,13639,,0.008557279594242573,,0.0,,0.12701036036014557,,0.0,,0.0,,,0.0,0.0,,0.0013581443345174193,,0.14485564827919006,,,0.020046718418598175,,0.0,,0.15091408789157867,,,,,,,,,,,,,
16,13649,,0.00837693177163601,,0.0,,0.11351117491722107,,0.0,,0.0,,,0.0,0.0,,0.002764103701338172,,0.1445738971233368,,,0.011797251179814339,,0.0,,0.1405116766691208,,,,,,,,,,,,,
16,13659,,0.01025939080864191,,0.0,,0.10080783069133759,,0.0,,0.0,,,0.0,0.0,,0.0021162861958146095,,0.15138044953346252,,,0.015672409906983376,,0.0,,0.14011818170547485,,,,,,,,,,,,,
16,13669,,0.008196311071515083,,0.0,,0.10926294326782227,,0.0,,0.0,,,0.0,0.0,,0.0016272803768515587,,0.15061946213245392,,,0.011610842309892178,,0.0,,0.1406584084033966,,,,,,,,,,,,,
16,13679,,0.0069609135389328,,0.0,,0.10567817091941833,,0.0,,0.0,,,0.0,0.0,,0.002257527317851782,,0.14705857634544373,,,0.022182796150445938,,0.0,,0.1420689970254898,,,,,,,,,,,,,
16,13689,,0.008355066180229187,,0.0,,0.11859886348247528,,0.0,,0.0,,,0.0,0.0,,0.0023482840042561293,,0.1455760896205902,,,0.02532135508954525,,0.0,,0.15009982883930206,,,,,,,,,,,,,
16,13699,,0.012162929400801659,,0.0,,0.10810055583715439,,0.0,,0.0,,,0.0,0.0,,0.0018563371850177646,,0.15350285172462463,,,0.013721123337745667,,0.0,,0.14467188715934753,,,,,,,,,,,,,
16,13709,,0.011721666902303696,,0.0,,0.1094868928194046,,0.0,,0.0,,,0.0,0.0,,0.0019917599856853485,,0.1483476310968399,,,0.022283703088760376,,0.0,,0.14691582322120667,,,,,,,,,,,,,
16,13719,,0.010713838040828705,,0.0,,0.10168168693780899,,0.0,,0.0,,,0.0,0.0,,0.003923903685063124,,0.1514786183834076,,,0.013827543705701828,,0.0,,0.14081278443336487,,,,,,,,,,,,,
16,13729,,0.008708672598004341,,0.0,,0.13717591762542725,,0.0,,0.0,,,0.0,0.0,,0.0018738440703600645,,0.14578841626644135,,,0.024633195251226425,,0.0,,0.1590900421142578,,,,,,,,,,,,,
16,13739,,0.005507006775587797,,0.0,,0.08506958931684494,,0.0,,0.0,,,0.0,0.0,,0.0012544316705316305,,0.14556626975536346,,,0.020455092191696167,,0.0,,0.12892618775367737,,,,,,,,,,,,,
16,13749,,0.00867341086268425,,0.0,,0.10539694130420685,,0.0,,0.0,,,0.0,0.0,,0.001721115200780332,,0.14782488346099854,,,0.013649832457304,,0.0,,0.13863307237625122,,,,,,,,,,,,,
16,13759,,0.008640671148896217,,0.0,,0.11914928257465363,,0.0,,0.0,,,0.0,0.0,,0.00121928786393255,,0.1525956243276596,,,0.012324466370046139,,0.0,,0.1469646692276001,,,,,,,,,,,,,
16,13769,,0.02101757377386093,,0.0,,0.13651469349861145,,0.0,,0.0,,,0.0,0.0,,0.0044914474710822105,,0.15170161426067352,,,0.007971581071615219,,0.0,,0.1608484536409378,,,,,,,,,,,,,
16,13779,,0.010467451997101307,,0.0,,0.11008796840906143,,0.0,,0.0,,,0.0,0.0,,0.002132820663973689,,0.1505485475063324,,,0.010496593080461025,,0.0,,0.14186668395996094,,,,,,,,,,,,,
16,13789,,0.009910047054290771,,0.0,,0.11870705336332321,,0.0,,0.0,,,0.0,0.0,,0.001249830238521099,,0.14703001081943512,,,0.010681601241230965,,0.0,,0.14378926157951355,,,,,,,,,,,,,
16,13799,,0.011856039986014366,,0.0,,0.10661189258098602,,0.0,,0.0,,,0.0,0.0,,0.0017467967700213194,,0.1480208933353424,,,0.03549431636929512,,0.0,,0.15186497569084167,,,,,,,,,,,,,
16,13809,,0.0071137589402496815,,0.0,,0.10902335494756699,,0.0,,0.0,,,0.0,0.0,,0.0014402240049093962,,0.14806713163852692,,,0.014870348386466503,,0.0,,0.14025740325450897,,,,,,,,,,,,,
16,13819,,0.010110275819897652,,0.0,,0.11511030793190002,,0.0,,0.0,,,0.0,0.0,,0.0021462291479110718,,0.15112952888011932,,,0.009886572137475014,,0.0,,0.1441914439201355,,,,,,,,,,,,,
16,13829,,0.013775560073554516,,0.0,,0.10480441153049469,,0.0,,0.0,,,0.0,0.0,,0.0024600359611213207,,0.14957410097122192,,,0.011398384347558022,,0.0,,0.1410062313079834,,,,,,,,,,,,,
16,13839,,0.013042629696428776,,0.0,,0.12486570328474045,,0.0,,0.0,,,0.0,0.0,,0.0020311183761805296,,0.15103480219841003,,,0.010682241059839725,,0.0,,0.1508282572031021,,,,,,,,,,,,,
16,13849,,0.011315898038446903,,0.0,,0.11539332568645477,,0.0,,0.0,,,0.0,0.0,,0.0024209485854953527,,0.15185053646564484,,,0.01082397811114788,,0.0,,0.1459023505449295,,,,,,,,,,,,,
16,13859,,0.00991103146225214,,0.0,,0.11444231867790222,,0.0,,0.0,,,0.0,0.0,,0.001091150799766183,,0.14481878280639648,,,0.010565076023340225,,0.0,,0.14041417837142944,,,,,,,,,,,,,
16,13869,,0.010924272239208221,,0.0,,0.11401788890361786,,0.0,,0.0,,,0.0,0.0,,0.0016735666431486607,,0.14976000785827637,,,0.0173358004540205,,0.0,,0.14685578644275665,,,,,,,,,,,,,
16,13879,,0.009327184408903122,,0.0,,0.10598056018352509,,0.0,,0.0,,,0.0,0.0,,0.0016371803358197212,,0.14806358516216278,,,0.01407539937645197,,0.0,,0.13954195380210876,,,,,,,,,,,,,
16,13889,,0.010408807545900345,,0.0,,0.1194654256105423,,0.0,,0.0,,,0.0,0.0,,0.0022223861888051033,,0.1481342911720276,,,0.010040444321930408,,0.0,,0.14513567090034485,,,,,,,,,,,,,
16,13899,,0.009648035280406475,,0.0,,0.12194625288248062,,0.0,,0.0,,,0.0,0.0,,0.0011978247202932835,,0.15007416903972626,,,0.013195045292377472,,0.0,,0.14803065359592438,,,,,,,,,,,,,
16,13909,,0.009662333875894547,,0.0,,0.1093156635761261,,0.0,,0.0,,,0.0,0.0,,0.0017102662241086364,,0.14713618159294128,,,0.025198353454470634,,0.0,,0.14651139080524445,,,,,,,,,,,,,
16,13919,,0.012349193915724754,,0.0,,0.11003231257200241,,0.0,,0.0,,,0.0,0.0,,0.004308538511395454,,0.1478414535522461,,,0.014234431087970734,,0.0,,0.14438296854496002,,,,,,,,,,,,,
16,13929,,0.010779613628983498,,0.0,,0.10972227156162262,,0.0,,0.0,,,0.0,0.0,,0.0016404925845563412,,0.14922314882278442,,,0.027064155787229538,,0.0,,0.14921483397483826,,,,,,,,,,,,,
16,13939,,0.008311600424349308,,0.0,,0.09856618195772171,,0.0,,0.0,,,0.0,0.0,,0.0024417294189333916,,0.15357878804206848,,,0.007563855964690447,,0.0,,0.13523107767105103,,,,,,,,,,,,,
16,13949,,0.013937385752797127,,0.0,,0.1288602203130722,,0.0,,0.0,,,0.0,0.0,,0.0019896712619811296,,0.15054967999458313,,,0.030222192406654358,,0.0,,0.1627795696258545,,,,,,,,,,,,,
16,13959,,0.01474428828805685,,0.0,,0.13325345516204834,,0.0,,0.0,,,0.0,0.0,,0.004951981361955404,,0.1501259207725525,,,0.025150544941425323,,0.0,,0.1641130894422531,,,,,,,,,,,,,
16,13969,,0.014352956786751747,,0.0,,0.12125054746866226,,0.0,,0.0,,,0.0,0.0,,0.0023537352681159973,,0.1542249619960785,,,0.012520038522779942,,0.0,,0.15235111117362976,,,,,,,,,,,,,
16,13979,,0.006545926444232464,,0.0,,0.08983021229505539,,0.0,,0.0,,,0.0,0.0,,0.0011951011838391423,,0.1482427716255188,,,0.015447612851858139,,0.0,,0.13063082098960876,,,,,,,,,,,,,
16,13989,,0.007801824249327183,,0.0,,0.0998358353972435,,0.0,,0.0,,,0.0,0.0,,0.0010039800545200706,,0.14666268229484558,,,0.016159456223249435,,0.0,,0.13573189079761505,,,,,,,,,,,,,
16,13999,,0.017532626166939735,,0.0,,0.1036316454410553,,0.0,,0.0,,,0.0,0.0,,0.005032124929130077,,0.15440592169761658,,,0.012071534991264343,,0.0,,0.14633691310882568,,,,,,,,,,,,,
16,14009,,0.007493846118450165,,0.0,,0.10638827830553055,,0.0,,0.0,,,0.0,0.0,,0.0020255986601114273,,0.1478351354598999,,,0.02730569988489151,,0.0,,0.1455242782831192,,,,,,,,,,,,,
16,14019,,0.014165816828608513,,0.0,,0.12522372603416443,,0.0,,0.0,,,0.0,0.0,,0.005256435833871365,,0.15205290913581848,,,0.011967644095420837,,0.0,,0.15433326363563538,,,,,,,,,,,,,
16,14029,,0.007962956093251705,,0.0,,0.10425086319446564,,0.0,,0.0,,,0.0,0.0,,0.000962164718657732,,0.14642812311649323,,,0.010485897772014141,,0.0,,0.13504499197006226,,,,,,,,,,,,,
16,14039,,0.0091751329600811,,0.0,,0.11351504921913147,,0.0,,0.0,,,0.0,0.0,,0.002557773143053055,,0.14861063659191132,,,0.007697500288486481,,0.0,,0.14077803492546082,,,,,,,,,,,,,
16,14049,,0.0051929159089922905,,0.0,,0.09286997467279434,,0.0,,0.0,,,0.0,0.0,,0.00552015658468008,,0.14583192765712738,,,0.020034048706293106,,0.0,,0.13472451269626617,,,,,,,,,,,,,
16,14059,,0.009177003055810928,,0.0,,0.09930892288684845,,0.0,,0.0,,,0.0,0.0,,0.0017666638595983386,,0.14882466197013855,,,0.007627040147781372,,0.0,,0.1333521455526352,,,,,,,,,,,,,
16,14069,,0.008565711788833141,,0.0,,0.11136550456285477,,0.0,,0.0,,,0.0,0.0,,0.001991948578506708,,0.15043649077415466,,,0.014924764633178711,,0.0,,0.14364221692085266,,,,,,,,,,,,,
16,14079,,0.006000936962664127,,0.0,,0.09300727397203445,,0.0,,0.0,,,0.0,0.0,,0.001025108969770372,,0.1485191136598587,,,0.009665767662227154,,0.0,,0.12910909950733185,,,,,,,,,,,,,
16,14089,,0.012056926265358925,,0.0,,0.11026619374752045,,0.0,,0.0,,,0.0,0.0,,0.0021985089406371117,,0.15154367685317993,,,0.013981970958411694,,0.0,,0.1450236439704895,,,,,,,,,,,,,
16,14099,,0.009226194582879543,,0.0,,0.1320772022008896,,0.0,,0.0,,,0.0,0.0,,0.0015894098905846477,,0.1481124311685562,,,0.01165113877505064,,0.0,,0.1513281911611557,,,,,,,,,,,,,
16,14109,,0.00748694222420454,,0.0,,0.10037866234779358,,0.0,,0.0,,,0.0,0.0,,0.0008750224369578063,,0.14586547017097473,,,0.012119729071855545,,0.0,,0.13336291909217834,,,,,,,,,,,,,
16,14119,,0.00741268415004015,,0.0,,0.09713707119226456,,0.0,,0.0,,,0.0,0.0,,0.0009497980354353786,,0.1483822464942932,,,0.017684873193502426,,0.0,,0.1357833296060562,,,,,,,,,,,,,
16,14129,,0.005553379654884338,,0.0,,0.10240644216537476,,0.0,,0.0,,,0.0,0.0,,0.0024677510373294353,,0.14206358790397644,,,0.021605422720313072,,0.0,,0.13704830408096313,,,,,,,,,,,,,
16,14139,,0.009708638302981853,,0.0,,0.11595720052719116,,0.0,,0.0,,,0.0,0.0,,0.002613647608086467,,0.1466340869665146,,,0.018696995452046394,,0.0,,0.1468052864074707,,,,,,,,,,,,,
16,14149,,0.00845733005553484,,0.0,,0.10647173225879669,,0.0,,0.0,,,0.0,0.0,,0.0019186544232070446,,0.14703533053398132,,,0.018245374783873558,,0.0,,0.14106421172618866,,,,,,,,,,,,,
16,14159,,0.01060236245393753,,0.0,,0.11841708421707153,,0.0,,0.0,,,0.0,0.0,,0.0019455788424238563,,0.14923259615898132,,,0.026283910498023033,,0.0,,0.15324077010154724,,,,,,,,,,,,,
16,14169,,0.011378997005522251,,0.0,,0.11742744594812393,,0.0,,0.0,,,0.0,0.0,,0.002332243835553527,,0.15082451701164246,,,0.013841511681675911,,0.0,,0.14790235459804535,,,,,,,,,,,,,
16,14179,,0.00804133154451847,,0.0,,0.11361334472894669,,0.0,,0.0,,,0.0,0.0,,0.0017381594516336918,,0.14312826097011566,,,0.013125993311405182,,0.0,,0.1398235410451889,,,,,,,,,,,,,
16,14189,,0.007447024341672659,,0.0,,0.10868843644857407,,0.0,,0.0,,,0.0,0.0,,0.0008656579884700477,,0.14210261404514313,,,0.015866555273532867,,0.0,,0.13748514652252197,,,,,,,,,,,,,
16,14199,,0.011236336082220078,,0.0,,0.10201811045408249,,0.0,,0.0,,,0.0,0.0,,0.003346974030137062,,0.15420064330101013,,,0.011850114911794662,,0.0,,0.14132609963417053,,,,,,,,,,,,,
16,14209,,0.011932281777262688,,0.0,,0.10600471496582031,,0.0,,0.0,,,0.0,0.0,,0.0022290139459073544,,0.15022297203540802,,,0.02189727872610092,,0.0,,0.1461431235074997,,,,,,,,,,,,,
16,14219,,0.005159294698387384,,0.0,,0.08499224483966827,,0.0,,0.0,,,0.0,0.0,,0.001270725391805172,,0.14691191911697388,,,0.008271106518805027,,0.0,,0.1233026459813118,,,,,,,,,,,,,
16,14229,,0.007193890865892172,,0.0,,0.11419727653265,,0.0,,0.0,,,0.0,0.0,,0.0036912886425852776,,0.14853888750076294,,,0.015125286765396595,,0.0,,0.1443733125925064,,,,,,,,,,,,,
16,14239,,0.009947867132723331,,0.0,,0.09264025092124939,,0.0,,0.0,,,0.0,0.0,,0.0029170827474445105,,0.15258924663066864,,,0.00797296967357397,,0.0,,0.13303370773792267,,,,,,,,,,,,,
16,14249,,0.006151911802589893,,0.0,,0.09668843448162079,,0.0,,0.0,,,0.0,0.0,,0.00134748755954206,,0.1447514444589615,,,0.014531578868627548,,0.0,,0.1317354291677475,,,,,,,,,,,,,
16,14259,,0.010784418322145939,,0.0,,0.10027993470430374,,0.0,,0.0,,,0.0,0.0,,0.003312366781756282,,0.15185575187206268,,,0.015463573858141899,,0.0,,0.14084802567958832,,,,,,,,,,,,,
16,14269,,0.007898255251348019,,0.0,,0.10307519137859344,,0.0,,0.0,,,0.0,0.0,,0.001814897870644927,,0.14454194903373718,,,0.02039475180208683,,0.0,,0.1388625204563141,,,,,,,,,,,,,
16,14279,,0.012069348245859146,,0.0,,0.1258721798658371,,0.0,,0.0,,,0.0,0.0,,0.0023561962880194187,,0.1480703055858612,,,0.011311747133731842,,0.0,,0.1498398780822754,,,,,,,,,,,,,
16,14289,,0.013613155111670494,,0.0,,0.11645634472370148,,0.0,,0.0,,,0.0,0.0,,0.002493961714208126,,0.14975115656852722,,,0.009570799767971039,,0.0,,0.14594271779060364,,,,,,,,,,,,,
16,14299,,0.013068159110844135,,0.0,,0.11349581927061081,,0.0,,0.0,,,0.0,0.0,,0.0032000411301851273,,0.15107570588588715,,,0.012410287745296955,,0.0,,0.14662501215934753,,,,,,,,,,,,,
16,14309,,0.007930239662528038,,0.0,,0.10560011863708496,,0.0,,0.0,,,0.0,0.0,,0.0024274562019854784,,0.15105845034122467,,,0.008559426292777061,,0.0,,0.1377878487110138,,,,,,,,,,,,,
16,14319,,0.010381548665463924,,0.0,,0.14321231842041016,,0.0,,0.0,,,0.0,0.0,,0.001416559680365026,,0.1466730386018753,,,0.02852606028318405,,0.0,,0.16510476171970367,,,,,,,,,,,,,
16,14329,,0.01604825258255005,,0.0,,0.12805381417274475,,0.0,,0.0,,,0.0,0.0,,0.0025010444223880768,,0.15012100338935852,,,0.03265608474612236,,0.0,,0.16469009220600128,,,,,,,,,,,,,
16,14339,,0.01308283768594265,,0.0,,0.12377475202083588,,0.0,,0.0,,,0.0,0.0,,0.002459609415382147,,0.15108326077461243,,,0.025024957954883575,,0.0,,0.15771269798278809,,,,,,,,,,,,,
16,14349,,0.011277347803115845,,0.0,,0.11523714661598206,,0.0,,0.0,,,0.0,0.0,,0.00257280096411705,,0.15149958431720734,,,0.014250797219574451,,0.0,,0.14741884171962738,,,,,,,,,,,,,
16,14359,,0.00939485989511013,,0.0,,0.10499995946884155,,0.0,,0.0,,,0.0,0.0,,0.0025720950216054916,,0.14785517752170563,,,0.01208797562867403,,0.0,,0.13845501840114594,,,,,,,,,,,,,
16,14364,,,,,,,,,,,,,,,,,,,,,,,,,,0.06259259581565857,0.0,0.3347402811050415,0.0,0.0,0.0,0.0,0.03420586884021759,0.21591374278068542,0.3811328709125519,0.06195833534002304,0.0,0.5142927169799805
16,14364,0.01022406667470932,,0.0,,0.11070258915424347,,0.0,,0.0,,0.0,0.0,,,0.0023850982543081045,,0.14879776537418365,,0.016731275245547295,0.0030287576373666525,,0.0,,0.1444205343723297,,,,,,,,,,,,,,
17,14369,,0.011305627413094044,,0.0,,0.10042113065719604,,0.0,,0.0,,,0.0,0.0,,0.0021211253479123116,,0.15151003003120422,,,0.008840478025376797,,0.0,,0.13709919154644012,,,,,,,,,,,,,
17,14379,,0.007544039748609066,,0.0,,0.09391064941883087,,0.0,,0.0,,,0.0,0.0,,0.0016539113130420446,,0.14523324370384216,,,0.02065388113260269,,0.0,,0.13449786603450775,,,,,,,,,,,,,
17,14389,,0.007683116011321545,,0.0,,0.1100606843829155,,0.0,,0.0,,,0.0,0.0,,0.0017163800075650215,,0.1497800052165985,,,0.010185359045863152,,0.0,,0.13971278071403503,,,,,,,,,,,,,
17,14399,,0.008055012673139572,,0.0,,0.1077711433172226,,0.0,,0.0,,,0.0,0.0,,0.0019344119355082512,,0.1401434689760208,,,0.029771920293569565,,0.0,,0.14383797347545624,,,,,,,,,,,,,
17,14409,,0.008281407877802849,,0.0,,0.09852580726146698,,0.0,,0.0,,,0.0,0.0,,0.00116730818990618,,0.1503693163394928,,,0.011638518422842026,,0.0,,0.13499116897583008,,,,,,,,,,,,,
17,14419,,0.014465801417827606,,0.0,,0.11640652269124985,,0.0,,0.0,,,0.0,0.0,,0.002528990153223276,,0.1482468843460083,,,0.012602318078279495,,0.0,,0.1471252739429474,,,,,,,,,,,,,
17,14429,,0.006856056395918131,,0.0,,0.11211669445037842,,0.0,,0.0,,,0.0,0.0,,0.0015180798945948482,,0.14919579029083252,,,0.015460128895938396,,0.0,,0.14257337152957916,,,,,,,,,,,,,
17,14439,,0.012404464185237885,,0.0,,0.10345732420682907,,0.0,,0.0,,,0.0,0.0,,0.002501730341464281,,0.14959698915481567,,,0.011110656894743443,,0.0,,0.139535591006279,,,,,,,,,,,,,
17,14449,,0.010044886730611324,,0.0,,0.1269042193889618,,0.0,,0.0,,,0.0,0.0,,0.0014107715105637908,,0.14547771215438843,,,0.02244311198592186,,0.0,,0.1531403511762619,,,,,,,,,,,,,
17,14459,,0.00951850414276123,,0.0,,0.12154120206832886,,0.0,,0.0,,,0.0,0.0,,0.0016445610672235489,,0.1467408388853073,,,0.013881994411349297,,0.0,,0.14666354656219482,,,,,,,,,,,,,
17,14469,,0.014212695881724358,,0.0,,0.12477660179138184,,0.0,,0.0,,,0.0,0.0,,0.002797713503241539,,0.14907073974609375,,,0.027151210233569145,,0.0,,0.15900447964668274,,,,,,,,,,,,,
17,14479,,0.008823308162391186,,0.0,,0.10829384624958038,,0.0,,0.0,,,0.0,0.0,,0.001686224713921547,,0.13991373777389526,,,0.012068199925124645,,0.0,,0.1353926658630371,,,,,,,,,,,,,
17,14489,,0.007947491481900215,,0.0,,0.10768722742795944,,0.0,,0.0,,,0.0,0.0,,0.001251473557204008,,0.14405876398086548,,,0.0151551254093647,,0.0,,0.13805004954338074,,,,,,,,,,,,,
17,14499,,0.009070228785276413,,0.0,,0.0973583459854126,,0.0,,0.0,,,0.0,0.0,,0.0017829978605732322,,0.14596721529960632,,,0.017643850296735764,,0.0,,0.13591130077838898,,,,,,,,,,,,,
17,14509,,0.010558117181062698,,0.0,,0.10479725152254105,,0.0,,0.0,,,0.0,0.0,,0.0017438074573874474,,0.147941455245018,,,0.011543427594006062,,0.0,,0.13829202950000763,,,,,,,,,,,,,
17,14519,,0.009576691314578056,,0.0,,0.12172980606555939,,0.0,,0.0,,,0.0,0.0,,0.0018005568999797106,,0.14927971363067627,,,0.01283925212919712,,0.0,,0.14761300384998322,,,,,,,,,,,,,
17,14529,,0.004914652556180954,,0.0,,0.081366166472435,,0.0,,0.0,,,0.0,0.0,,0.001091888640075922,,0.14496061205863953,,,0.01209031417965889,,0.0,,0.12221181392669678,,,,,,,,,,,,,
17,14539,,0.010358051396906376,,0.0,,0.08892279118299484,,0.0,,0.0,,,0.0,0.0,,0.0018827024614438415,,0.1450774073600769,,,0.011296523734927177,,0.0,,0.12876874208450317,,,,,,,,,,,,,
17,14549,,0.010369604453444481,,0.0,,0.10361957550048828,,0.0,,0.0,,,0.0,0.0,,0.004979886580258608,,0.14440760016441345,,,0.013033019378781319,,0.0,,0.13820484280586243,,,,,,,,,,,,,
17,14559,,0.009681867435574532,,0.0,,0.11443585157394409,,0.0,,0.0,,,0.0,0.0,,0.0013287491165101528,,0.14800190925598145,,,0.010126924142241478,,0.0,,0.14178764820098877,,,,,,,,,,,,,
17,14569,,0.010004189796745777,,0.0,,0.10628759115934372,,0.0,,0.0,,,0.0,0.0,,0.0012024901807308197,,0.14939036965370178,,,0.009896598756313324,,0.0,,0.13839063048362732,,,,,,,,,,,,,
17,14579,,0.008519704453647137,,0.0,,0.10645134001970291,,0.0,,0.0,,,0.0,0.0,,0.0008733433205634356,,0.14722341299057007,,,0.011853573843836784,,0.0,,0.13746069371700287,,,,,,,,,,,,,
17,14589,,0.012588689103722572,,0.0,,0.10242351144552231,,0.0,,0.0,,,0.0,0.0,,0.002861171495169401,,0.15003861486911774,,,0.008786598220467567,,0.0,,0.1383492797613144,,,,,,,,,,,,,
17,14599,,0.00963792484253645,,0.0,,0.10208539664745331,,0.0,,0.0,,,0.0,0.0,,0.004373533185571432,,0.14756706357002258,,,0.015965381637215614,,0.0,,0.13981464505195618,,,,,,,,,,,,,
17,14609,,0.011897774413228035,,0.0,,0.10317829996347427,,0.0,,0.0,,,0.0,0.0,,0.0023124252911657095,,0.15197895467281342,,,0.012995163910090923,,0.0,,0.14118130505084991,,,,,,,,,,,,,
17,14619,,0.005665733944624662,,0.0,,0.09389054775238037,,0.0,,0.0,,,0.0,0.0,,0.001588398590683937,,0.14303277432918549,,,0.018933800980448723,,0.0,,0.13155563175678253,,,,,,,,,,,,,
17,14629,,0.007647948805242777,,0.0,,0.09836465120315552,,0.0,,0.0,,,0.0,0.0,,0.0015248095151036978,,0.14544779062271118,,,0.00836116075515747,,0.0,,0.13067318499088287,,,,,,,,,,,,,
17,14639,,0.006547861732542515,,0.0,,0.12081656605005264,,0.0,,0.0,,,0.0,0.0,,0.00486287334933877,,0.1476610153913498,,,0.011425133794546127,,0.0,,0.1456567347049713,,,,,,,,,,,,,
17,14649,,0.004772274289280176,,0.0,,0.08800700306892395,,0.0,,0.0,,,0.0,0.0,,0.001197837758809328,,0.14382877945899963,,,0.010755028575658798,,0.0,,0.12428046762943268,,,,,,,,,,,,,
17,14659,,0.014430496841669083,,0.0,,0.12478993833065033,,0.0,,0.0,,,0.0,0.0,,0.0032707974314689636,,0.14684784412384033,,,0.013461936265230179,,0.0,,0.15140052139759064,,,,,,,,,,,,,
17,14669,,0.014920808374881744,,0.0,,0.12740136682987213,,0.0,,0.0,,,0.0,0.0,,0.004877816885709763,,0.1510099619626999,,,0.008199060335755348,,0.0,,0.15320450067520142,,,,,,,,,,,,,
17,14679,,0.0075817834585905075,,0.0,,0.08444326370954514,,0.0,,0.0,,,0.0,0.0,,0.0014047655276954174,,0.15009838342666626,,,0.017511680722236633,,0.0,,0.13051994144916534,,,,,,,,,,,,,
17,14689,,0.008056293241679668,,0.0,,0.10261210799217224,,0.0,,0.0,,,0.0,0.0,,0.0019842167384922504,,0.14569014310836792,,,0.014235392212867737,,0.0,,0.1362890601158142,,,,,,,,,,,,,
17,14699,,0.00860808789730072,,0.0,,0.11156238615512848,,0.0,,0.0,,,0.0,0.0,,0.0013230701442807913,,0.14373552799224854,,,0.01340788509696722,,0.0,,0.13931848108768463,,,,,,,,,,,,,
17,14709,,0.011083632707595825,,0.0,,0.09991291910409927,,0.0,,0.0,,,0.0,0.0,,0.002697225660085678,,0.14656847715377808,,,0.014094973914325237,,0.0,,0.13717861473560333,,,,,,,,,,,,,
17,14719,,0.0066718971356749535,,0.0,,0.10500367730855942,,0.0,,0.0,,,0.0,0.0,,0.0030851576011627913,,0.14525781571865082,,,0.02438603714108467,,0.0,,0.14220230281352997,,,,,,,,,,,,,
17,14729,,0.005807282403111458,,0.0,,0.1018904522061348,,0.0,,0.0,,,0.0,0.0,,0.0009327519219368696,,0.1468248963356018,,,0.008458741009235382,,0.0,,0.1319570541381836,,,,,,,,,,,,,
17,14739,,0.009517611004412174,,0.0,,0.10968868434429169,,0.0,,0.0,,,0.0,0.0,,0.002564564812928438,,0.14711812138557434,,,0.02293870411813259,,0.0,,0.14591383934020996,,,,,,,,,,,,,
17,14749,,0.008862342685461044,,0.0,,0.10137365013360977,,0.0,,0.0,,,0.0,0.0,,0.002084537874907255,,0.15150392055511475,,,0.016236137598752975,,0.0,,0.14003027975559235,,,,,,,,,,,,,
17,14759,,0.014535799622535706,,0.0,,0.12493184208869934,,0.0,,0.0,,,0.0,0.0,,0.0025410843081772327,,0.15024691820144653,,,0.015295114368200302,,0.0,,0.1537753939628601,,,,,,,,,,,,,
17,14769,,0.007091473788022995,,0.0,,0.09566718339920044,,0.0,,0.0,,,0.0,0.0,,0.0013727375771850348,,0.14764662086963654,,,0.03302856162190437,,0.0,,0.14240328967571259,,,,,,,,,,,,,
17,14779,,0.008305080235004425,,0.0,,0.10503938794136047,,0.0,,0.0,,,0.0,0.0,,0.002453526481986046,,0.14521285891532898,,,0.010101085528731346,,0.0,,0.13555596768856049,,,,,,,,,,,,,
17,14789,,0.011149663478136063,,0.0,,0.13401035964488983,,0.0,,0.0,,,0.0,0.0,,0.0026139176916331053,,0.14771972596645355,,,0.007047936320304871,,0.0,,0.1512708067893982,,,,,,,,,,,,,
17,14799,,0.007225430570542812,,0.0,,0.11095866560935974,,0.0,,0.0,,,0.0,0.0,,0.0013763293391093612,,0.14875203371047974,,,0.016801420599222183,,0.0,,0.14255693554878235,,,,,,,,,,,,,
17,14809,,0.010718803852796555,,0.0,,0.12153179198503494,,0.0,,0.0,,,0.0,0.0,,0.0026254234835505486,,0.14862772822380066,,,0.008438173681497574,,0.0,,0.14597095549106598,,,,,,,,,,,,,
17,14819,,0.005877385847270489,,0.0,,0.09040660411119461,,0.0,,0.0,,,0.0,0.0,,0.0014145828317850828,,0.14774620532989502,,,0.011219421401619911,,0.0,,0.12833209335803986,,,,,,,,,,,,,
17,14829,,0.014324869960546494,,0.0,,0.11655587702989578,,0.0,,0.0,,,0.0,0.0,,0.0027554358821362257,,0.14876219630241394,,,0.016629882156848907,,0.0,,0.1495141237974167,,,,,,,,,,,,,
17,14839,,0.00945717841386795,,0.0,,0.10009080171585083,,0.0,,0.0,,,0.0,0.0,,0.0020370229613035917,,0.14699344336986542,,,0.01660253293812275,,0.0,,0.13759049773216248,,,,,,,,,,,,,
17,14849,,0.010848738253116608,,0.0,,0.10741375386714935,,0.0,,0.0,,,0.0,0.0,,0.0031984858214855194,,0.15108035504817963,,,0.007478616200387478,,0.0,,0.14000996947288513,,,,,,,,,,,,,
17,14859,,0.007307402323931456,,0.0,,0.10481182485818863,,0.0,,0.0,,,0.0,0.0,,0.0012292265892028809,,0.14625656604766846,,,0.020790796726942062,,0.0,,0.14019790291786194,,,,,,,,,,,,,
17,14869,,0.008222497068345547,,0.0,,0.11058685183525085,,0.0,,0.0,,,0.0,0.0,,0.0015925177140161395,,0.1462637037038803,,,0.01440492644906044,,0.0,,0.14053523540496826,,,,,,,,,,,,,
17,14879,,0.008170629851520061,,0.0,,0.10843292623758316,,0.0,,0.0,,,0.0,0.0,,0.0016678934916853905,,0.1459048092365265,,,0.01522049680352211,,0.0,,0.13969837129116058,,,,,,,,,,,,,
17,14889,,0.01052691601216793,,0.0,,0.11656851321458817,,0.0,,0.0,,,0.0,0.0,,0.003646165831014514,,0.15497997403144836,,,0.009781627915799618,,0.0,,0.1477515995502472,,,,,,,,,,,,,
17,14899,,0.01453532837331295,,0.0,,0.11959760636091232,,0.0,,0.0,,,0.0,0.0,,0.002436425071209669,,0.1534023880958557,,,0.012411901727318764,,0.0,,0.1511918306350708,,,,,,,,,,,,,
17,14909,,0.008249927312135696,,0.0,,0.10594240576028824,,0.0,,0.0,,,0.0,0.0,,0.0022151318844407797,,0.15088412165641785,,,0.012342475354671478,,0.0,,0.1398170292377472,,,,,,,,,,,,,
17,14919,,0.014437122270464897,,0.0,,0.1108802780508995,,0.0,,0.0,,,0.0,0.0,,0.003200109815225005,,0.1578739881515503,,,0.014544172212481499,,0.0,,0.15046782791614532,,,,,,,,,,,,,
17,14929,,0.01229577325284481,,0.0,,0.10539419203996658,,0.0,,0.0,,,0.0,0.0,,0.0028343573212623596,,0.1513526439666748,,,0.0165962316095829,,0.0,,0.14423659443855286,,,,,,,,,,,,,
17,14939,,0.013155914843082428,,0.0,,0.11354812234640121,,0.0,,0.0,,,0.0,0.0,,0.0025036013685166836,,0.1491536647081375,,,0.013538616709411144,,0.0,,0.14594995975494385,,,,,,,,,,,,,
17,14949,,0.007088396232575178,,0.0,,0.09732434898614883,,0.0,,0.0,,,0.0,0.0,,0.001180963241495192,,0.14222033321857452,,,0.015176416374742985,,0.0,,0.13149523735046387,,,,,,,,,,,,,
17,14959,,0.00622410885989666,,0.0,,0.08742059767246246,,0.0,,0.0,,,0.0,0.0,,0.001516604796051979,,0.1465875506401062,,,0.01366808358579874,,0.0,,0.12770847976207733,,,,,,,,,,,,,
17,14969,,0.009279496036469936,,0.0,,0.10289507359266281,,0.0,,0.0,,,0.0,0.0,,0.001782147097401321,,0.14976274967193604,,,0.025904370471835136,,0.0,,0.14481191337108612,,,,,,,,,,,,,
17,14979,,0.010276355780661106,,0.0,,0.11549529433250427,,0.0,,0.0,,,0.0,0.0,,0.001569676212966442,,0.1471332609653473,,,0.02748965099453926,,0.0,,0.15098212659358978,,,,,,,,,,,,,
17,14989,,0.00820005964487791,,0.0,,0.11992704123258591,,0.0,,0.0,,,0.0,0.0,,0.001202325220219791,,0.1454915702342987,,,0.014767811633646488,,0.0,,0.14479440450668335,,,,,,,,,,,,,
17,14999,,0.006795971654355526,,0.0,,0.09506029635667801,,0.0,,0.0,,,0.0,0.0,,0.001903511001728475,,0.14556118845939636,,,0.009583927690982819,,0.0,,0.1294524371623993,,,,,,,,,,,,,
17,15009,,0.010846128687262535,,0.0,,0.09943483769893646,,0.0,,0.0,,,0.0,0.0,,0.0017766421660780907,,0.15025493502616882,,,0.013706192374229431,,0.0,,0.13800936937332153,,,,,,,,,,,,,
17,15019,,0.008674774318933487,,0.0,,0.10423435270786285,,0.0,,0.0,,,0.0,0.0,,0.0018125611823052168,,0.149372398853302,,,0.017104363068938255,,0.0,,0.14059920608997345,,,,,,,,,,,,,
17,15029,,0.006974209565669298,,0.0,,0.10328034311532974,,0.0,,0.0,,,0.0,0.0,,0.0016233784845098853,,0.14435948431491852,,,0.035495709627866745,,0.0,,0.14586657285690308,,,,,,,,,,,,,
17,15039,,0.005609568208456039,,0.0,,0.10766897350549698,,0.0,,0.0,,,0.0,0.0,,0.0019408994121477008,,0.14851227402687073,,,0.020779389888048172,,0.0,,0.14225555956363678,,,,,,,,,,,,,
17,15049,,0.013795415870845318,,0.0,,0.13693885505199432,,0.0,,0.0,,,0.0,0.0,,0.0017132824286818504,,0.14938253164291382,,,0.011382083408534527,,0.0,,0.15660607814788818,,,,,,,,,,,,,
17,15059,,0.00513099692761898,,0.0,,0.08860518038272858,,0.0,,0.0,,,0.0,0.0,,0.0023892740719020367,,0.147376149892807,,,0.024367384612560272,,0.0,,0.13393448293209076,,,,,,,,,,,,,
17,15069,,0.01159872766584158,,0.0,,0.11687469482421875,,0.0,,0.0,,,0.0,0.0,,0.0017253899713978171,,0.15021103620529175,,,0.021590376272797585,,0.0,,0.15100011229515076,,,,,,,,,,,,,
17,15079,,0.008029809221625328,,0.0,,0.09805586189031601,,0.0,,0.0,,,0.0,0.0,,0.0027841224800795317,,0.1450982391834259,,,0.01988038793206215,,0.0,,0.13692422211170197,,,,,,,,,,,,,
17,15089,,0.008232013322412968,,0.0,,0.10659532248973846,,0.0,,0.0,,,0.0,0.0,,0.0012024437310174108,,0.14700613915920258,,,0.02120068669319153,,0.0,,0.14211830496788025,,,,,,,,,,,,,
17,15099,,0.011230725795030594,,0.0,,0.10857680439949036,,0.0,,0.0,,,0.0,0.0,,0.0030336226336658,,0.15029987692832947,,,0.01803264021873474,,0.0,,0.14558683335781097,,,,,,,,,,,,,
17,15109,,0.006708356086164713,,0.0,,0.10228610783815384,,0.0,,0.0,,,0.0,0.0,,0.0035590119659900665,,0.14603720605373383,,,0.015571380965411663,,0.0,,0.13708104193210602,,,,,,,,,,,,,
17,15119,,0.010413723066449165,,0.0,,0.12207400053739548,,0.0,,0.0,,,0.0,0.0,,0.0012241745134815574,,0.14755156636238098,,,0.010619726963341236,,0.0,,0.1459416002035141,,,,,,,,,,,,,
17,15129,,0.0084915142506361,,0.0,,0.10084012895822525,,0.0,,0.0,,,0.0,0.0,,0.0016164032276719809,,0.14494290947914124,,,0.015272262506186962,,0.0,,0.1355815976858139,,,,,,,,,,,,,
17,15139,,0.007339532487094402,,0.0,,0.09907109290361404,,0.0,,0.0,,,0.0,0.0,,0.002200199058279395,,0.14609447121620178,,,0.01072109304368496,,0.0,,0.132713183760643,,,,,,,,,,,,,
17,15149,,0.009517770260572433,,0.0,,0.09696256369352341,,0.0,,0.0,,,0.0,0.0,,0.001959693618118763,,0.14811936020851135,,,0.010833745822310448,,0.0,,0.1336965560913086,,,,,,,,,,,,,
17,15159,,0.007419561501592398,,0.0,,0.10795361548662186,,0.0,,0.0,,,0.0,0.0,,0.002487750258296728,,0.14683495461940765,,,0.009815878234803677,,0.0,,0.13725587725639343,,,,,,,,,,,,,
17,15169,,0.011170076206326485,,0.0,,0.10654875636100769,,0.0,,0.0,,,0.0,0.0,,0.0023463524412363768,,0.1454923450946808,,,0.016353510320186615,,0.0,,0.14095553755760193,,,,,,,,,,,,,
17,15179,,0.009243647567927837,,0.0,,0.10922509431838989,,0.0,,0.0,,,0.0,0.0,,0.0021925612818449736,,0.1493186205625534,,,0.028825771063566208,,0.0,,0.14940284192562103,,,,,,,,,,,,,
17,15189,,0.00974977482110262,,0.0,,0.1081053763628006,,0.0,,0.0,,,0.0,0.0,,0.0034734681248664856,,0.14705823361873627,,,0.008552679792046547,,0.0,,0.13846975564956665,,,,,,,,,,,,,
17,15199,,0.005850633606314659,,0.0,,0.0813906192779541,,0.0,,0.0,,,0.0,0.0,,0.0012789161410182714,,0.1429380625486374,,,0.02046792022883892,,0.0,,0.12596307694911957,,,,,,,,,,,,,
17,15209,,0.012663118541240692,,0.0,,0.11135468631982803,,0.0,,0.0,,,0.0,0.0,,0.00317850848659873,,0.15581393241882324,,,0.013280835002660751,,0.0,,0.14814554154872894,,,,,,,,,,,,,
17,15209,,,,,,,,,,,,,,,,,,,,,,,,,,0.06526399403810501,0.0,0.3410678207874298,0.0,0.0,0.0,0.0,0.03439655154943466,0.20967447757720947,0.39783647656440735,0.06395990401506424,0.0,0.5241195559501648
17,15209,0.010118423961102962,,0.0,,0.10854741930961609,,0.0,,0.0,,0.0,0.0,,,0.0023262992035597563,,0.1482567936182022,,0.01593758352100849,0.0028803206514567137,,0.0,,0.14259323477745056,,,,,,,,,,,,,,
18,15219,,0.010480275377631187,,0.0,,0.10119979083538055,,0.0,,0.0,,,0.0,0.0,,0.002446059137582779,,0.14892439544200897,,,0.010249356739223003,,0.0,,0.1366499364376068,,,,,,,,,,,,,
18,15229,,0.013028519228100777,,0.0,,0.11277676373720169,,0.0,,0.0,,,0.0,0.0,,0.0029715541750192642,,0.15297526121139526,,,0.030245358124375343,,0.0,,0.15599873661994934,,,,,,,,,,,,,
18,15239,,0.008114674128592014,,0.0,,0.09848164021968842,,0.0,,0.0,,,0.0,0.0,,0.0012142108753323555,,0.14780500531196594,,,0.014242416247725487,,0.0,,0.13492897152900696,,,,,,,,,,,,,
18,15249,,0.007729557808488607,,0.0,,0.09344040602445602,,0.0,,0.0,,,0.0,0.0,,0.0014350439887493849,,0.14607498049736023,,,0.010928690433502197,,0.0,,0.1298043429851532,,,,,,,,,,,,,
18,15259,,0.008357908576726913,,0.0,,0.10523466020822525,,0.0,,0.0,,,0.0,0.0,,0.0017905642744153738,,0.1457519382238388,,,0.01458150427788496,,0.0,,0.1378582864999771,,,,,,,,,,,,,
18,15269,,0.009070483967661858,,0.0,,0.11541365087032318,,0.0,,0.0,,,0.0,0.0,,0.0010370584204792976,,0.14926601946353912,,,0.007102672941982746,,0.0,,0.1409449428319931,,,,,,,,,,,,,
18,15279,,0.005717306397855282,,0.0,,0.07973501086235046,,0.0,,0.0,,,0.0,0.0,,0.0009403378935530782,,0.14837495982646942,,,0.007472078315913677,,0.0,,0.12111984938383102,,,,,,,,,,,,,
18,15289,,0.00909327156841755,,0.0,,0.10362634807825089,,0.0,,0.0,,,0.0,0.0,,0.0012378309620544314,,0.13979564607143402,,,0.024742458015680313,,0.0,,0.13924778997898102,,,,,,,,,,,,,
18,15299,,0.005808654241263866,,0.0,,0.08246579766273499,,0.0,,0.0,,,0.0,0.0,,0.0014088343596085906,,0.13991236686706543,,,0.013435162603855133,,0.0,,0.12151540815830231,,,,,,,,,,,,,
18,15309,,0.0071717859245836735,,0.0,,0.09565301239490509,,0.0,,0.0,,,0.0,0.0,,0.0031663267873227596,,0.14690250158309937,,,0.007138874847441912,,0.0,,0.1300162523984909,,,,,,,,,,,,,
18,15319,,0.009282182902097702,,0.0,,0.11333058774471283,,0.0,,0.0,,,0.0,0.0,,0.002473499160259962,,0.1481693685054779,,,0.013040498830378056,,0.0,,0.14314806461334229,,,,,,,,,,,,,
18,15329,,0.013379944488406181,,0.0,,0.11808589845895767,,0.0,,0.0,,,0.0,0.0,,0.003917417488992214,,0.1527949571609497,,,0.02521827071905136,,0.0,,0.15669824182987213,,,,,,,,,,,,,
18,15339,,0.008063358254730701,,0.0,,0.10620541870594025,,0.0,,0.0,,,0.0,0.0,,0.001964942552149296,,0.1489640176296234,,,0.011987540870904922,,0.0,,0.1385926455259323,,,,,,,,,,,,,
18,15349,,0.00801895186305046,,0.0,,0.1000996083021164,,0.0,,0.0,,,0.0,0.0,,0.0009259063517674804,,0.14548856019973755,,,0.011870652437210083,,0.0,,0.13320183753967285,,,,,,,,,,,,,
18,15359,,0.013595174998044968,,0.0,,0.1069779172539711,,0.0,,0.0,,,0.0,0.0,,0.002571260090917349,,0.14731986820697784,,,0.009168419055640697,,0.0,,0.1398163139820099,,,,,,,,,,,,,
18,15369,,0.013734008185565472,,0.0,,0.10192965716123581,,0.0,,0.0,,,0.0,0.0,,0.0034664429258555174,,0.15034550428390503,,,0.014528058469295502,,0.0,,0.14200185239315033,,,,,,,,,,,,,
18,15379,,0.005179476458579302,,0.0,,0.08961684256792068,,0.0,,0.0,,,0.0,0.0,,0.0013851418625563383,,0.1430438607931137,,,0.007823706604540348,,0.0,,0.12352451682090759,,,,,,,,,,,,,
18,15389,,0.01249011792242527,,0.0,,0.11362423002719879,,0.0,,0.0,,,0.0,0.0,,0.002120701130479574,,0.14907735586166382,,,0.02113979682326317,,0.0,,0.1492260992527008,,,,,,,,,,,,,
18,15399,,0.006219700910151005,,0.0,,0.11033489555120468,,0.0,,0.0,,,0.0,0.0,,0.0029675604309886694,,0.14615067839622498,,,0.009662623517215252,,0.0,,0.13766774535179138,,,,,,,,,,,,,
18,15409,,0.011578928679227829,,0.0,,0.11472143232822418,,0.0,,0.0,,,0.0,0.0,,0.0012965494534000754,,0.1489516645669937,,,0.01863921619951725,,0.0,,0.1475938856601715,,,,,,,,,,,,,
18,15419,,0.009642945602536201,,0.0,,0.11739983409643173,,0.0,,0.0,,,0.0,0.0,,0.003085274947807193,,0.1477712094783783,,,0.014203974977135658,,0.0,,0.14605163037776947,,,,,,,,,,,,,
18,15429,,0.0117692481726408,,0.0,,0.09602006524801254,,0.0,,0.0,,,0.0,0.0,,0.001943456707522273,,0.15094640851020813,,,0.010438931174576283,,0.0,,0.1355590522289276,,,,,,,,,,,,,
18,15439,,0.008848268538713455,,0.0,,0.10830367356538773,,0.0,,0.0,,,0.0,0.0,,0.001287316670641303,,0.14776143431663513,,,0.033199187368154526,,0.0,,0.14969994127750397,,,,,,,,,,,,,
18,15449,,0.01164380181580782,,0.0,,0.1116381362080574,,0.0,,0.0,,,0.0,0.0,,0.003659061621874571,,0.14961488544940948,,,0.007693229243159294,,0.0,,0.14212456345558167,,,,,,,,,,,,,
18,15459,,0.0070264204405248165,,0.0,,0.10572297126054764,,0.0,,0.0,,,0.0,0.0,,0.0016505476087331772,,0.14176228642463684,,,0.010343765839934349,,0.0,,0.13325299322605133,,,,,,,,,,,,,
18,15469,,0.006247958168387413,,0.0,,0.11176253110170364,,0.0,,0.0,,,0.0,0.0,,0.0008440408273600042,,0.1475762128829956,,,0.02169087901711464,,0.0,,0.14406080543994904,,,,,,,,,,,,,
18,15479,,0.008234187960624695,,0.0,,0.10591969639062881,,0.0,,0.0,,,0.0,0.0,,0.00197712704539299,,0.14602665603160858,,,0.021362999454140663,,0.0,,0.14176031947135925,,,,,,,,,,,,,
18,15489,,0.009191002696752548,,0.0,,0.11260346323251724,,0.0,,0.0,,,0.0,0.0,,0.001125959912315011,,0.14532507956027985,,,0.015127480961382389,,0.0,,0.14168649911880493,,,,,,,,,,,,,
18,15499,,0.009677361696958542,,0.0,,0.13343003392219543,,0.0,,0.0,,,0.0,0.0,,0.0037064775824546814,,0.1472865343093872,,,0.0409628190100193,,0.0,,0.16753160953521729,,,,,,,,,,,,,
18,15509,,0.011343080550432205,,0.0,,0.11234743148088455,,0.0,,0.0,,,0.0,0.0,,0.003157702973112464,,0.14748311042785645,,,0.011014554649591446,,0.0,,0.14267294108867645,,,,,,,,,,,,,
18,15519,,0.012973334640264511,,0.0,,0.10759977996349335,,0.0,,0.0,,,0.0,0.0,,0.0027114867698401213,,0.1503114253282547,,,0.022766966372728348,,0.0,,0.1481814980506897,,,,,,,,,,,,,
18,15529,,0.010611994192004204,,0.0,,0.10861583799123764,,0.0,,0.0,,,0.0,0.0,,0.002415645169094205,,0.15100865066051483,,,0.0218117143958807,,0.0,,0.14723192155361176,,,,,,,,,,,,,
18,15539,,0.015028078109025955,,0.0,,0.1287064254283905,,0.0,,0.0,,,0.0,0.0,,0.0023392243310809135,,0.14898695051670074,,,0.014325041323900223,,0.0,,0.1546928733587265,,,,,,,,,,,,,
18,15549,,0.006916635669767857,,0.0,,0.09599725157022476,,0.0,,0.0,,,0.0,0.0,,0.0012783561833202839,,0.14661674201488495,,,0.007771153002977371,,0.0,,0.12929008901119232,,,,,,,,,,,,,
18,15559,,0.007356582675129175,,0.0,,0.0996575728058815,,0.0,,0.0,,,0.0,0.0,,0.0014760785270482302,,0.14345794916152954,,,0.010182101279497147,,0.0,,0.13106514513492584,,,,,,,,,,,,,
18,15569,,0.008624279871582985,,0.0,,0.09661392122507095,,0.0,,0.0,,,0.0,0.0,,0.0018016621470451355,,0.1435064971446991,,,0.007219250779598951,,0.0,,0.12888281047344208,,,,,,,,,,,,,
18,15579,,0.013022205792367458,,0.0,,0.10357828438282013,,0.0,,0.0,,,0.0,0.0,,0.0024596666917204857,,0.1478465497493744,,,0.017084477469325066,,0.0,,0.1419956088066101,,,,,,,,,,,,,
18,15589,,0.011918719857931137,,0.0,,0.11822112649679184,,0.0,,0.0,,,0.0,0.0,,0.0022373939864337444,,0.15304672718048096,,,0.012760552577674389,,0.0,,0.14909225702285767,,,,,,,,,,,,,
18,15599,,0.0053669544868171215,,0.0,,0.09085540473461151,,0.0,,0.0,,,0.0,0.0,,0.0010040119523182511,,0.14729765057563782,,,0.011088535189628601,,0.0,,0.12780627608299255,,,,,,,,,,,,,
18,15609,,0.01369866356253624,,0.0,,0.105588898062706,,0.0,,0.0,,,0.0,0.0,,0.003901958931237459,,0.14944416284561157,,,0.007990355603396893,,0.0,,0.14031203091144562,,,,,,,,,,,,,
18,15619,,0.008741248399019241,,0.0,,0.0969875380396843,,0.0,,0.0,,,0.0,0.0,,0.002484700409695506,,0.14570796489715576,,,0.00714281527325511,,0.0,,0.1305321455001831,,,,,,,,,,,,,
18,15629,,0.0076790302991867065,,0.0,,0.10968796908855438,,0.0,,0.0,,,0.0,0.0,,0.0010960358195006847,,0.14300739765167236,,,0.0184998270124197,,0.0,,0.13998514413833618,,,,,,,,,,,,,
18,15639,,0.009829502552747726,,0.0,,0.11031074821949005,,0.0,,0.0,,,0.0,0.0,,0.002196557354182005,,0.14669254422187805,,,0.010118138045072556,,0.0,,0.13957373797893524,,,,,,,,,,,,,
18,15649,,0.008531608618795872,,0.0,,0.09599700570106506,,0.0,,0.0,,,0.0,0.0,,0.0010011809645220637,,0.14804059267044067,,,0.013621309772133827,,0.0,,0.13359583914279938,,,,,,,,,,,,,
18,15659,,0.006842828821390867,,0.0,,0.08649316430091858,,0.0,,0.0,,,0.0,0.0,,0.0012524147750809789,,0.14275667071342468,,,0.014883717522025108,,0.0,,0.1261143982410431,,,,,,,,,,,,,
18,15669,,0.010360847227275372,,0.0,,0.1028972640633583,,0.0,,0.0,,,0.0,0.0,,0.0015480549773201346,,0.15123021602630615,,,0.014956725761294365,,0.0,,0.14049653708934784,,,,,,,,,,,,,
18,15679,,0.00905676931142807,,0.0,,0.10185109078884125,,0.0,,0.0,,,0.0,0.0,,0.0029128144960850477,,0.14733803272247314,,,0.010105179622769356,,0.0,,0.13563194870948792,,,,,,,,,,,,,
18,15689,,0.007598234806209803,,0.0,,0.11357473582029343,,0.0,,0.0,,,0.0,0.0,,0.0010090358555316925,,0.14863252639770508,,,0.01057941373437643,,0.0,,0.14069697260856628,,,,,,,,,,,,,
18,15699,,0.011002294719219208,,0.0,,0.1158333495259285,,0.0,,0.0,,,0.0,0.0,,0.006460857577621937,,0.14720401167869568,,,0.00921314675360918,,0.0,,0.14485682547092438,,,,,,,,,,,,,
18,15709,,0.006977830547839403,,0.0,,0.09760678559541702,,0.0,,0.0,,,0.0,0.0,,0.0014529945328831673,,0.14535671472549438,,,0.010497926734387875,,0.0,,0.1309461146593094,,,,,,,,,,,,,
18,15719,,0.010331103578209877,,0.0,,0.10103502124547958,,0.0,,0.0,,,0.0,0.0,,0.004514121916145086,,0.15002882480621338,,,0.013843044638633728,,0.0,,0.13987606763839722,,,,,,,,,,,,,
18,15729,,0.00830551516264677,,0.0,,0.12299413233995438,,0.0,,0.0,,,0.0,0.0,,0.0017689079977571964,,0.1410278081893921,,,0.012901832349598408,,0.0,,0.14349910616874695,,,,,,,,,,,,,
18,15739,,0.009387645870447159,,0.0,,0.09584667533636093,,0.0,,0.0,,,0.0,0.0,,0.0014563403092324734,,0.147682785987854,,,0.016630571335554123,,0.0,,0.13550201058387756,,,,,,,,,,,,,
18,15749,,0.006998724304139614,,0.0,,0.08286042511463165,,0.0,,0.0,,,0.0,0.0,,0.0018924993928521872,,0.14411094784736633,,,0.021906789392232895,,0.0,,0.1288846880197525,,,,,,,,,,,,,
18,15759,,0.009577037766575813,,0.0,,0.103599414229393,,0.0,,0.0,,,0.0,0.0,,0.001503619714640081,,0.15066982805728912,,,0.012386832386255264,,0.0,,0.13886836171150208,,,,,,,,,,,,,
18,15769,,0.006637316197156906,,0.0,,0.09253016114234924,,0.0,,0.0,,,0.0,0.0,,0.0021206834353506565,,0.14828941226005554,,,0.009738114662468433,,0.0,,0.12965784966945648,,,,,,,,,,,,,
18,15779,,0.011619290336966515,,0.0,,0.11853505671024323,,0.0,,0.0,,,0.0,0.0,,0.0029773011337965727,,0.14721159636974335,,,0.009909573942422867,,0.0,,0.14512641727924347,,,,,,,,,,,,,
18,15789,,0.01213245838880539,,0.0,,0.11701308190822601,,0.0,,0.0,,,0.0,0.0,,0.002548989374190569,,0.14372414350509644,,,0.014553500339388847,,0.0,,0.144986093044281,,,,,,,,,,,,,
18,15799,,0.012054890394210815,,0.0,,0.11715797334909439,,0.0,,0.0,,,0.0,0.0,,0.0016407625516876578,,0.14551636576652527,,,0.011288818903267384,,0.0,,0.14382940530776978,,,,,,,,,,,,,
18,15809,,0.009239480830729008,,0.0,,0.1004549115896225,,0.0,,0.0,,,0.0,0.0,,0.0023810553830116987,,0.14786772429943085,,,0.01207038015127182,,0.0,,0.13600678741931915,,,,,,,,,,,,,
18,15819,,0.018878670409321785,,0.0,,0.11460035294294357,,0.0,,0.0,,,0.0,0.0,,0.002948519540950656,,0.15233579277992249,,,0.01046204473823309,,0.0,,0.149612694978714,,,,,,,,,,,,,
18,15829,,0.011844360269606113,,0.0,,0.11288919299840927,,0.0,,0.0,,,0.0,0.0,,0.0018705509137362242,,0.14951351284980774,,,0.008766759186983109,,0.0,,0.14244219660758972,,,,,,,,,,,,,
18,15839,,0.010443482547998428,,0.0,,0.11048243939876556,,0.0,,0.0,,,0.0,0.0,,0.0018756934441626072,,0.14416790008544922,,,0.022554250434041023,,0.0,,0.14476189017295837,,,,,,,,,,,,,
18,15849,,0.010774534195661545,,0.0,,0.1016462966799736,,0.0,,0.0,,,0.0,0.0,,0.002090737223625183,,0.14901141822338104,,,0.017149783670902252,,0.0,,0.14033637940883636,,,,,,,,,,,,,
18,15859,,0.01342696975916624,,0.0,,0.10322926938533783,,0.0,,0.0,,,0.0,0.0,,0.010279267095029354,,0.14971065521240234,,,0.019648609682917595,,0.0,,0.14814738929271698,,,,,,,,,,,,,
18,15869,,0.01108952984213829,,0.0,,0.11916549503803253,,0.0,,0.0,,,0.0,0.0,,0.0019362985622137785,,0.14953823387622833,,,0.015323799103498459,,0.0,,0.14852666854858398,,,,,,,,,,,,,
18,15879,,0.012083426117897034,,0.0,,0.107560895383358,,0.0,,0.0,,,0.0,0.0,,0.0019463538192212582,,0.15228304266929626,,,0.022170092910528183,,0.0,,0.1480219066143036,,,,,,,,,,,,,
18,15889,,0.017776798456907272,,0.0,,0.11598294973373413,,0.0,,0.0,,,0.0,0.0,,0.0023584370501339436,,0.14854949712753296,,,0.03127336874604225,,0.0,,0.15797051787376404,,,,,,,,,,,,,
18,15899,,0.007982349954545498,,0.0,,0.10390189290046692,,0.0,,0.0,,,0.0,0.0,,0.0014651729725301266,,0.1418878436088562,,,0.008627811446785927,,0.0,,0.13193252682685852,,,,,,,,,,,,,
18,15909,,0.008118188008666039,,0.0,,0.09938300400972366,,0.0,,0.0,,,0.0,0.0,,0.0038913842290639877,,0.14817017316818237,,,0.0279308520257473,,0.0,,0.14374679327011108,,,,,,,,,,,,,
18,15919,,0.006836573593318462,,0.0,,0.08229457587003708,,0.0,,0.0,,,0.0,0.0,,0.0023135654628276825,,0.1463983803987503,,,0.0257672518491745,,0.0,,0.1318051815032959,,,,,,,,,,,,,
18,15929,,0.008064504712820053,,0.0,,0.11858496069908142,,0.0,,0.0,,,0.0,0.0,,0.001142965629696846,,0.14637452363967896,,,0.029963189736008644,,0.0,,0.15206508338451385,,,,,,,,,,,,,
18,15939,,0.009457629173994064,,0.0,,0.09409819543361664,,0.0,,0.0,,,0.0,0.0,,0.001579016912728548,,0.1497623771429062,,,0.02003633975982666,,0.0,,0.13746677339076996,,,,,,,,,,,,,
18,15949,,0.010347217321395874,,0.0,,0.10630915313959122,,0.0,,0.0,,,0.0,0.0,,0.0011443713447079062,,0.1436484456062317,,,0.011782430112361908,,0.0,,0.1366158127784729,,,,,,,,,,,,,
18,15959,,0.007550922222435474,,0.0,,0.10534988343715668,,0.0,,0.0,,,0.0,0.0,,0.0009580256883054972,,0.14626778662204742,,,0.008787648752331734,,0.0,,0.13445714116096497,,,,,,,,,,,,,
18,15969,,0.009890466928482056,,0.0,,0.10888242721557617,,0.0,,0.0,,,0.0,0.0,,0.0026185940951108932,,0.1471250355243683,,,0.013596085831522942,,0.0,,0.14105629920959473,,,,,,,,,,,,,
18,15979,,0.006293751299381256,,0.0,,0.09170311689376831,,0.0,,0.0,,,0.0,0.0,,0.0021811954211443663,,0.14973071217536926,,,0.011658680625259876,,0.0,,0.13078372180461884,,,,,,,,,,,,,
18,15989,,0.009485805407166481,,0.0,,0.10571666806936264,,0.0,,0.0,,,0.0,0.0,,0.0021587247028946877,,0.14508627355098724,,,0.012690136209130287,,0.0,,0.13756880164146423,,,,,,,,,,,,,
18,15999,,0.01102258451282978,,0.0,,0.11352252215147018,,0.0,,0.0,,,0.0,0.0,,0.0019334172829985619,,0.14832539856433868,,,0.011903772130608559,,0.0,,0.14335384964942932,,,,,,,,,,,,,
18,16009,,0.0137283094227314,,0.0,,0.11956150084733963,,0.0,,0.0,,,0.0,0.0,,0.0017294844146817923,,0.14963650703430176,,,0.011808511801064014,,0.0,,0.14823216199874878,,,,,,,,,,,,,
18,16019,,0.014527334831655025,,0.0,,0.10238474607467651,,0.0,,0.0,,,0.0,0.0,,0.008315397426486015,,0.1483333259820938,,,0.00817068200558424,,0.0,,0.1408657282590866,,,,,,,,,,,,,
18,16029,,0.011798461899161339,,0.0,,0.111836738884449,,0.0,,0.0,,,0.0,0.0,,0.001959294779226184,,0.14982205629348755,,,0.010887994430959225,,0.0,,0.14315226674079895,,,,,,,,,,,,,
18,16039,,0.010399498976767063,,0.0,,0.11310914903879166,,0.0,,0.0,,,0.0,0.0,,0.004964785650372505,,0.14551277458667755,,,0.014169065281748772,,0.0,,0.14407764375209808,,,,,,,,,,,,,
18,16049,,0.006979886442422867,,0.0,,0.08820664882659912,,0.0,,0.0,,,0.0,0.0,,0.002176453825086355,,0.14679382741451263,,,0.007990231737494469,,0.0,,0.12607352435588837,,,,,,,,,,,,,
18,16054,,,,,,,,,,,,,,,,,,,,,,,,,,0.06361812353134155,0.0,0.3297352194786072,0.0,0.0,0.0,0.0,0.042040955275297165,0.2089669555425644,0.3735668957233429,0.06076468527317047,0.0,0.5089641809463501
18,16054,0.009859667159616947,,0.0,,0.10545554012060165,,0.0,,0.0,,0.0,0.0,,,0.0022143935784697533,,0.1476788967847824,,0.015054467134177685,0.002726461738348007,,0.0,,0.14013153314590454,,,,,,,,,,,,,,
19,16059,,0.008913125842809677,,0.0,,0.10136017203330994,,0.0,,0.0,,,0.0,0.0,,0.0013563365209847689,,0.1492694616317749,,,0.01896049827337265,,0.0,,0.13992980122566223,,,,,,,,,,,,,
19,16069,,0.008731026202440262,,0.0,,0.11832733452320099,,0.0,,0.0,,,0.0,0.0,,0.0014367029070854187,,0.14988669753074646,,,0.011623881757259369,,0.0,,0.1450028419494629,,,,,,,,,,,,,
19,16079,,0.007309127599000931,,0.0,,0.10856727510690689,,0.0,,0.0,,,0.0,0.0,,0.0012533136177808046,,0.1491507887840271,,,0.03520941734313965,,0.0,,0.1507449597120285,,,,,,,,,,,,,
19,16089,,0.013129176571965218,,0.0,,0.10503595322370529,,0.0,,0.0,,,0.0,0.0,,0.0024680679198354483,,0.15159913897514343,,,0.011018279008567333,,0.0,,0.141625314950943,,,,,,,,,,,,,
19,16099,,0.010137220844626427,,0.0,,0.1196352168917656,,0.0,,0.0,,,0.0,0.0,,0.001534004113636911,,0.14567454159259796,,,0.013980736956000328,,0.0,,0.14548087120056152,,,,,,,,,,,,,
19,16109,,0.008591098710894585,,0.0,,0.10156974196434021,,0.0,,0.0,,,0.0,0.0,,0.0016067804535850883,,0.14858518540859222,,,0.013721175491809845,,0.0,,0.1370369791984558,,,,,,,,,,,,,
19,16119,,0.012563016265630722,,0.0,,0.09486175328493118,,0.0,,0.0,,,0.0,0.0,,0.0034646650310605764,,0.1530509889125824,,,0.0108148492872715,,0.0,,0.13737763464450836,,,,,,,,,,,,,
19,16129,,0.006666555069386959,,0.0,,0.08864697068929672,,0.0,,0.0,,,0.0,0.0,,0.0014673243276774883,,0.1396627277135849,,,0.006150891073048115,,0.0,,0.12129722535610199,,,,,,,,,,,,,
19,16139,,0.0067441752180457115,,0.0,,0.09032154828310013,,0.0,,0.0,,,0.0,0.0,,0.0011861686361953616,,0.1455097794532776,,,0.010167209431529045,,0.0,,0.12696443498134613,,,,,,,,,,,,,
19,16149,,0.007871818728744984,,0.0,,0.0984872579574585,,0.0,,0.0,,,0.0,0.0,,0.0017525586299598217,,0.14742690324783325,,,0.011519056744873524,,0.0,,0.13352878391742706,,,,,,,,,,,,,
19,16159,,0.010766563937067986,,0.0,,0.11680829524993896,,0.0,,0.0,,,0.0,0.0,,0.0019168038852512836,,0.14785870909690857,,,0.007397960871458054,,0.0,,0.1423741579055786,,,,,,,,,,,,,
19,16169,,0.006610792130231857,,0.0,,0.10150270909070969,,0.0,,0.0,,,0.0,0.0,,0.001677646767348051,,0.15037748217582703,,,0.021062538027763367,,0.0,,0.1406155824661255,,,,,,,,,,,,,
19,16179,,0.010629705153405666,,0.0,,0.10259786993265152,,0.0,,0.0,,,0.0,0.0,,0.0011896784417331219,,0.15269941091537476,,,0.009339982643723488,,0.0,,0.13822832703590393,,,,,,,,,,,,,
19,16189,,0.007683000527322292,,0.0,,0.09717664122581482,,0.0,,0.0,,,0.0,0.0,,0.0017147985054180026,,0.14766064286231995,,,0.010180281475186348,,0.0,,0.1322076916694641,,,,,,,,,,,,,
19,16199,,0.010688528418540955,,0.0,,0.11010518670082092,,0.0,,0.0,,,0.0,0.0,,0.0021232268773019314,,0.14550814032554626,,,0.020280063152313232,,0.0,,0.14435258507728577,,,,,,,,,,,,,
19,16209,,0.007742093876004219,,0.0,,0.09996289759874344,,0.0,,0.0,,,0.0,0.0,,0.0036927121691405773,,0.1477811336517334,,,0.008464043028652668,,0.0,,0.13382144272327423,,,,,,,,,,,,,
19,16219,,0.010015910491347313,,0.0,,0.1081462949514389,,0.0,,0.0,,,0.0,0.0,,0.00235016830265522,,0.15052644908428192,,,0.011686978861689568,,0.0,,0.14136290550231934,,,,,,,,,,,,,
19,16229,,0.0065527791157364845,,0.0,,0.0972890555858612,,0.0,,0.0,,,0.0,0.0,,0.0015273414319381118,,0.14583711326122284,,,0.01092805340886116,,0.0,,0.1310671865940094,,,,,,,,,,,,,
19,16239,,0.009581591002643108,,0.0,,0.10477784276008606,,0.0,,0.0,,,0.0,0.0,,0.0022407849319279194,,0.1514827460050583,,,0.015302851796150208,,0.0,,0.1416929066181183,,,,,,,,,,,,,
19,16249,,0.008323244750499725,,0.0,,0.09515050798654556,,0.0,,0.0,,,0.0,0.0,,0.002329915761947632,,0.14729654788970947,,,0.00948382169008255,,0.0,,0.13129201531410217,,,,,,,,,,,,,
19,16259,,0.008534861728549004,,0.0,,0.10502532124519348,,0.0,,0.0,,,0.0,0.0,,0.0019366145133972168,,0.15118779242038727,,,0.011485104449093342,,0.0,,0.1390848457813263,,,,,,,,,,,,,
19,16269,,0.0070031145587563515,,0.0,,0.1000959724187851,,0.0,,0.0,,,0.0,0.0,,0.0014222736936062574,,0.1465754359960556,,,0.014780665747821331,,0.0,,0.13493874669075012,,,,,,,,,,,,,
19,16279,,0.011873441748321056,,0.0,,0.09890228509902954,,0.0,,0.0,,,0.0,0.0,,0.002434779889881611,,0.14511823654174805,,,0.009704780764877796,,0.0,,0.13401676714420319,,,,,,,,,,,,,
19,16289,,0.011123178526759148,,0.0,,0.10710959136486053,,0.0,,0.0,,,0.0,0.0,,0.002249425509944558,,0.1501172035932541,,,0.015663983300328255,,0.0,,0.14313168823719025,,,,,,,,,,,,,
19,16299,,0.010699119418859482,,0.0,,0.11476355791091919,,0.0,,0.0,,,0.0,0.0,,0.0015564186032861471,,0.14354100823402405,,,0.009184323251247406,,0.0,,0.1398722231388092,,,,,,,,,,,,,
19,16309,,0.012008218094706535,,0.0,,0.12151844799518585,,0.0,,0.0,,,0.0,0.0,,0.001878160983324051,,0.14700847864151,,,0.022567182779312134,,0.0,,0.15249024331569672,,,,,,,,,,,,,
19,16319,,0.006035212427377701,,0.0,,0.08332589268684387,,0.0,,0.0,,,0.0,0.0,,0.001222002785652876,,0.1416550725698471,,,0.018019933253526688,,0.0,,0.12512905895709991,,,,,,,,,,,,,
19,16329,,0.006854022853076458,,0.0,,0.09818682819604874,,0.0,,0.0,,,0.0,0.0,,0.0014714458957314491,,0.14432290196418762,,,0.008032829500734806,,0.0,,0.1294340193271637,,,,,,,,,,,,,
19,16339,,0.01047373004257679,,0.0,,0.09457280486822128,,0.0,,0.0,,,0.0,0.0,,0.004975342191755772,,0.14772382378578186,,,0.009982064366340637,,0.0,,0.1338638961315155,,,,,,,,,,,,,
19,16349,,0.0089194867759943,,0.0,,0.10935135185718536,,0.0,,0.0,,,0.0,0.0,,0.003300263313576579,,0.14871962368488312,,,0.01541169360280037,,0.0,,0.14285120368003845,,,,,,,,,,,,,
19,16359,,0.007831037975847721,,0.0,,0.10969918966293335,,0.0,,0.0,,,0.0,0.0,,0.0018298025242984295,,0.1445283591747284,,,0.018869496881961823,,0.0,,0.14137893915176392,,,,,,,,,,,,,
19,16369,,0.008577106520533562,,0.0,,0.10220909863710403,,0.0,,0.0,,,0.0,0.0,,0.0009673605673015118,,0.1434502899646759,,,0.009514741599559784,,0.0,,0.13235929608345032,,,,,,,,,,,,,
19,16379,,0.011353415437042713,,0.0,,0.10578407347202301,,0.0,,0.0,,,0.0,0.0,,0.002422599121928215,,0.15086720883846283,,,0.0069993408396840096,,0.0,,0.1387133151292801,,,,,,,,,,,,,
19,16389,,0.010668598115444183,,0.0,,0.10864325612783432,,0.0,,0.0,,,0.0,0.0,,0.002640779595822096,,0.15142841637134552,,,0.028345294296741486,,0.0,,0.1508631706237793,,,,,,,,,,,,,
19,16399,,0.011228971183300018,,0.0,,0.11532977968454361,,0.0,,0.0,,,0.0,0.0,,0.0024222435895353556,,0.14601673185825348,,,0.0215129554271698,,0.0,,0.1482553482055664,,,,,,,,,,,,,
19,16409,,0.013828324154019356,,0.0,,0.12390133738517761,,0.0,,0.0,,,0.0,0.0,,0.0025499158073216677,,0.14610354602336884,,,0.020918425172567368,,0.0,,0.15365077555179596,,,,,,,,,,,,,
19,16419,,0.007243550382554531,,0.0,,0.09704671055078506,,0.0,,0.0,,,0.0,0.0,,0.0015667146071791649,,0.14083054661750793,,,0.010691000148653984,,0.0,,0.128689244389534,,,,,,,,,,,,,
19,16429,,0.009462419897317886,,0.0,,0.09939474612474442,,0.0,,0.0,,,0.0,0.0,,0.0022252588532865047,,0.14908219873905182,,,0.017637407407164574,,0.0,,0.1389010101556778,,,,,,,,,,,,,
19,16439,,0.010420309379696846,,0.0,,0.1026478111743927,,0.0,,0.0,,,0.0,0.0,,0.0013877719175070524,,0.15357708930969238,,,0.008310075849294662,,0.0,,0.13817153871059418,,,,,,,,,,,,,
19,16449,,0.007590760476887226,,0.0,,0.10857025533914566,,0.0,,0.0,,,0.0,0.0,,0.0024296424817293882,,0.14639583230018616,,,0.00931415893137455,,0.0,,0.13715031743049622,,,,,,,,,,,,,
19,16459,,0.008085464127361774,,0.0,,0.1118568554520607,,0.0,,0.0,,,0.0,0.0,,0.002598083345219493,,0.14791817963123322,,,0.014018881134688854,,0.0,,0.14223873615264893,,,,,,,,,,,,,
19,16469,,0.01144598238170147,,0.0,,0.10670176893472672,,0.0,,0.0,,,0.0,0.0,,0.0027676864992827177,,0.14738190174102783,,,0.011265803128480911,,0.0,,0.13978156447410583,,,,,,,,,,,,,
19,16479,,0.0058219702914357185,,0.0,,0.09690675884485245,,0.0,,0.0,,,0.0,0.0,,0.0030519727151840925,,0.1503174602985382,,,0.01075117290019989,,0.0,,0.13342466950416565,,,,,,,,,,,,,
19,16489,,0.009039889089763165,,0.0,,0.10322703421115875,,0.0,,0.0,,,0.0,0.0,,0.0017230329103767872,,0.150887131690979,,,0.010636722669005394,,0.0,,0.13775688409805298,,,,,,,,,,,,,
19,16499,,0.015223881229758263,,0.0,,0.116604283452034,,0.0,,0.0,,,0.0,0.0,,0.005123816896229982,,0.15061208605766296,,,0.011998213827610016,,0.0,,0.14978115260601044,,,,,,,,,,,,,
19,16509,,0.007276903372257948,,0.0,,0.09742008149623871,,0.0,,0.0,,,0.0,0.0,,0.0018317241920158267,,0.14901044964790344,,,0.009860033169388771,,0.0,,0.13269959390163422,,,,,,,,,,,,,
19,16519,,0.010429766029119492,,0.0,,0.12809886038303375,,0.0,,0.0,,,0.0,0.0,,0.001611374318599701,,0.14940759539604187,,,0.010323995724320412,,0.0,,0.14993581175804138,,,,,,,,,,,,,
19,16529,,0.008308990858495235,,0.0,,0.09680204838514328,,0.0,,0.0,,,0.0,0.0,,0.0014371093129739165,,0.1469724327325821,,,0.03480716049671173,,0.0,,0.1441638469696045,,,,,,,,,,,,,
19,16539,,0.008603363297879696,,0.0,,0.09659934043884277,,0.0,,0.0,,,0.0,0.0,,0.0011852369643747807,,0.1485268473625183,,,0.010233345441520214,,0.0,,0.13257406651973724,,,,,,,,,,,,,
19,16549,,0.007732033729553223,,0.0,,0.09554707258939743,,0.0,,0.0,,,0.0,0.0,,0.001692501362413168,,0.14733430743217468,,,0.017918411642313004,,0.0,,0.13511216640472412,,,,,,,,,,,,,
19,16559,,0.0067297667264938354,,0.0,,0.1054828017950058,,0.0,,0.0,,,0.0,0.0,,0.0016170009039342403,,0.14325660467147827,,,0.02635921910405159,,0.0,,0.14172270894050598,,,,,,,,,,,,,
19,16569,,0.008405540138483047,,0.0,,0.10598096251487732,,0.0,,0.0,,,0.0,0.0,,0.001556812203489244,,0.14755693078041077,,,0.01443618442863226,,0.0,,0.13896821439266205,,,,,,,,,,,,,
19,16579,,0.007235516794025898,,0.0,,0.09475482255220413,,0.0,,0.0,,,0.0,0.0,,0.0013373596593737602,,0.1433337926864624,,,0.01012834720313549,,0.0,,0.12839491665363312,,,,,,,,,,,,,
19,16589,,0.016781790181994438,,0.0,,0.11764197051525116,,0.0,,0.0,,,0.0,0.0,,0.0028876084834337234,,0.15224596858024597,,,0.01754436269402504,,0.0,,0.15355083346366882,,,,,,,,,,,,,
19,16599,,0.012084349989891052,,0.0,,0.11063219606876373,,0.0,,0.0,,,0.0,0.0,,0.0016065698582679033,,0.14151272177696228,,,0.013460280373692513,,0.0,,0.13964807987213135,,,,,,,,,,,,,
19,16609,,0.0072282482869923115,,0.0,,0.10283796489238739,,0.0,,0.0,,,0.0,0.0,,0.0008755752351135015,,0.14557786285877228,,,0.009942308068275452,,0.0,,0.13323098421096802,,,,,,,,,,,,,
19,16619,,0.008879423141479492,,0.0,,0.10076189041137695,,0.0,,0.0,,,0.0,0.0,,0.002751930383965373,,0.14373452961444855,,,0.02537614107131958,,0.0,,0.1407519429922104,,,,,,,,,,,,,
19,16629,,0.0109469685703516,,0.0,,0.08980082720518112,,0.0,,0.0,,,0.0,0.0,,0.001582381664775312,,0.14552301168441772,,,0.023146606981754303,,0.0,,0.13549990952014923,,,,,,,,,,,,,
19,16639,,0.006563096772879362,,0.0,,0.10215228796005249,,0.0,,0.0,,,0.0,0.0,,0.0010718267876654863,,0.14666208624839783,,,0.024971019476652145,,0.0,,0.14071016013622284,,,,,,,,,,,,,
19,16649,,0.011545614339411259,,0.0,,0.10533216595649719,,0.0,,0.0,,,0.0,0.0,,0.0019787801429629326,,0.15195734798908234,,,0.024398619309067726,,0.0,,0.1476062834262848,,,,,,,,,,,,,
19,16659,,0.012462371960282326,,0.0,,0.09602585434913635,,0.0,,0.0,,,0.0,0.0,,0.0032448614947497845,,0.14813214540481567,,,0.009676304645836353,,0.0,,0.13477076590061188,,,,,,,,,,,,,
19,16669,,0.006413065828382969,,0.0,,0.0841846764087677,,0.0,,0.0,,,0.0,0.0,,0.0016425305511802435,,0.14808760583400726,,,0.011805573478341103,,0.0,,0.12606672942638397,,,,,,,,,,,,,
19,16679,,0.007139123510569334,,0.0,,0.09222548454999924,,0.0,,0.0,,,0.0,0.0,,0.0017595043173059821,,0.14838671684265137,,,0.03338220715522766,,0.0,,0.14144651591777802,,,,,,,,,,,,,
19,16689,,0.006841628812253475,,0.0,,0.09931417554616928,,0.0,,0.0,,,0.0,0.0,,0.0018346974393352866,,0.1471385359764099,,,0.024829644709825516,,0.0,,0.13997934758663177,,,,,,,,,,,,,
19,16699,,0.010686013847589493,,0.0,,0.11593174189329147,,0.0,,0.0,,,0.0,0.0,,0.004270107485353947,,0.15237438678741455,,,0.017249323427677155,,0.0,,0.15025578439235687,,,,,,,,,,,,,
19,16709,,0.014179293997585773,,0.0,,0.1069360077381134,,0.0,,0.0,,,0.0,0.0,,0.0028580594807863235,,0.15347664058208466,,,0.023296881467103958,,0.0,,0.1503734439611435,,,,,,,,,,,,,
19,16719,,0.008698618970811367,,0.0,,0.09184786677360535,,0.0,,0.0,,,0.0,0.0,,0.002084264997392893,,0.14802443981170654,,,0.01449123490601778,,0.0,,0.132573202252388,,,,,,,,,,,,,
19,16729,,0.01118088886141777,,0.0,,0.09960070252418518,,0.0,,0.0,,,0.0,0.0,,0.0015175910666584969,,0.15050067007541656,,,0.016499122604727745,,0.0,,0.13964949548244476,,,,,,,,,,,,,
19,16739,,0.004620714578777552,,0.0,,0.07890117168426514,,0.0,,0.0,,,0.0,0.0,,0.0007756125996820629,,0.14456875622272491,,,0.007522059604525566,,0.0,,0.11819415539503098,,,,,,,,,,,,,
19,16749,,0.011188965290784836,,0.0,,0.11059775203466415,,0.0,,0.0,,,0.0,0.0,,0.0025273647624999285,,0.1485828161239624,,,0.018079200759530067,,0.0,,0.14548803865909576,,,,,,,,,,,,,
19,16759,,0.008811135776340961,,0.0,,0.08914241939783096,,0.0,,0.0,,,0.0,0.0,,0.001036433270201087,,0.1460791826248169,,,0.011117381975054741,,0.0,,0.12809327244758606,,,,,,,,,,,,,
19,16769,,0.006938474718481302,,0.0,,0.08699585497379303,,0.0,,0.0,,,0.0,0.0,,0.0012579207541421056,,0.14634358882904053,,,0.007957269437611103,,0.0,,0.12474655359983444,,,,,,,,,,,,,
19,16779,,0.013658028095960617,,0.0,,0.12143945693969727,,0.0,,0.0,,,0.0,0.0,,0.0023876915220171213,,0.14773012697696686,,,0.010020913556218147,,0.0,,0.1476181000471115,,,,,,,,,,,,,
19,16789,,0.009815585799515247,,0.0,,0.10051780194044113,,0.0,,0.0,,,0.0,0.0,,0.0014141382416710258,,0.14765822887420654,,,0.01255259569734335,,0.0,,0.13597917556762695,,,,,,,,,,,,,
19,16799,,0.010550716891884804,,0.0,,0.1157061904668808,,0.0,,0.0,,,0.0,0.0,,0.0024098793510347605,,0.14833560585975647,,,0.02407265082001686,,0.0,,0.15053750574588776,,,,,,,,,,,,,
19,16809,,0.007703063078224659,,0.0,,0.09838942438364029,,0.0,,0.0,,,0.0,0.0,,0.000952228088863194,,0.14117221534252167,,,0.019328970462083817,,0.0,,0.13377295434474945,,,,,,,,,,,,,
19,16819,,0.007904235273599625,,0.0,,0.10138833522796631,,0.0,,0.0,,,0.0,0.0,,0.001616085646674037,,0.14581693708896637,,,0.011319187469780445,,0.0,,0.13402239978313446,,,,,,,,,,,,,
19,16829,,0.009126510471105576,,0.0,,0.11210513859987259,,0.0,,0.0,,,0.0,0.0,,0.0011158008128404617,,0.14929704368114471,,,0.009331212379038334,,0.0,,0.14048786461353302,,,,,,,,,,,,,
19,16839,,0.013315098360180855,,0.0,,0.10502040386199951,,0.0,,0.0,,,0.0,0.0,,0.002595989964902401,,0.14788907766342163,,,0.009143806993961334,,0.0,,0.13898219168186188,,,,,,,,,,,,,
19,16849,,0.0065695736557245255,,0.0,,0.093202605843544,,0.0,,0.0,,,0.0,0.0,,0.0018008407205343246,,0.1447329819202423,,,0.010576771572232246,,0.0,,0.12844139337539673,,,,,,,,,,,,,
19,16859,,0.007882809266448021,,0.0,,0.09790007770061493,,0.0,,0.0,,,0.0,0.0,,0.001084172516129911,,0.14780236780643463,,,0.02097654715180397,,0.0,,0.1378229856491089,,,,,,,,,,,,,
19,16869,,0.009998069144785404,,0.0,,0.10324343293905258,,0.0,,0.0,,,0.0,0.0,,0.001742836320772767,,0.14599686861038208,,,0.011882714927196503,,0.0,,0.1364319771528244,,,,,,,,,,,,,
19,16879,,0.00646207295358181,,0.0,,0.10366737842559814,,0.0,,0.0,,,0.0,0.0,,0.002079600468277931,,0.1467818021774292,,,0.010914837010204792,,0.0,,0.1349528431892395,,,,,,,,,,,,,
19,16889,,0.007737691514194012,,0.0,,0.1048901304602623,,0.0,,0.0,,,0.0,0.0,,0.0011312225833535194,,0.1479092389345169,,,0.01986004039645195,,0.0,,0.14076416194438934,,,,,,,,,,,,,
19,16899,,0.014106379821896553,,0.0,,0.13136115670204163,,0.0,,0.0,,,0.0,0.0,,0.0022825347259640694,,0.15456533432006836,,,0.011363143101334572,,0.0,,0.1568392813205719,,,,,,,,,,,,,
19,16899,,,,,,,,,,,,,,,,,,,,,,,,,,0.06250260770320892,0.0,0.3261466324329376,0.0,0.0,0.0,0.0,0.03779834508895874,0.20733779668807983,0.3754996657371521,0.06155643239617348,0.0,0.5046426057815552
19,16899,0.009712508879601955,,0.0,,0.10393587499856949,,0.0,,0.0,,0.0,0.0,,,0.0020421179942786694,,0.14734548330307007,,0.014488503336906433,0.002610089024528861,,0.0,,0.13876236975193024,,,,,,,,,,,,,,
20,16909,,0.009450642392039299,,0.0,,0.11489469558000565,,0.0,,0.0,,,0.0,0.0,,0.0008862762479111552,,0.1480787843465805,,,0.031079541891813278,,0.0,,0.15219496190547943,,,,,,,,,,,,,
20,16919,,0.006447207182645798,,0.0,,0.1062082052230835,,0.0,,0.0,,,0.0,0.0,,0.0008792625740170479,,0.14431700110435486,,,0.01012532040476799,,0.0,,0.13398848474025726,,,,,,,,,,,,,
20,16929,,0.008637549355626106,,0.0,,0.09234615415334702,,0.0,,0.0,,,0.0,0.0,,0.0017244273331016302,,0.15081357955932617,,,0.011169804260134697,,0.0,,0.1323457509279251,,,,,,,,,,,,,
20,16939,,0.010981312021613121,,0.0,,0.07734949886798859,,0.0,,0.0,,,0.0,0.0,,0.001737761776894331,,0.14732202887535095,,,0.009853415191173553,,0.0,,0.12362200021743774,,,,,,,,,,,,,
20,16949,,0.016076434403657913,,0.0,,0.11658040434122086,,0.0,,0.0,,,0.0,0.0,,0.003169158473610878,,0.15428414940834045,,,0.0107271084561944,,0.0,,0.15041862428188324,,,,,,,,,,,,,
20,16959,,0.007299201097339392,,0.0,,0.10929328948259354,,0.0,,0.0,,,0.0,0.0,,0.004226770251989365,,0.14657533168792725,,,0.019740741699934006,,0.0,,0.14356766641139984,,,,,,,,,,,,,
20,16969,,0.004921840503811836,,0.0,,0.08832365274429321,,0.0,,0.0,,,0.0,0.0,,0.000971929810475558,,0.148222416639328,,,0.005745469592511654,,0.0,,0.12409265339374542,,,,,,,,,,,,,
20,16979,,0.010685371235013008,,0.0,,0.09935954958200455,,0.0,,0.0,,,0.0,0.0,,0.0038976953364908695,,0.14626599848270416,,,0.009171908721327782,,0.0,,0.1346902698278427,,,,,,,,,,,,,
20,16989,,0.0072204191237688065,,0.0,,0.08759015053510666,,0.0,,0.0,,,0.0,0.0,,0.0018690390279516578,,0.14682944118976593,,,0.008968709036707878,,0.0,,0.1262388676404953,,,,,,,,,,,,,
20,16999,,0.010089447721838951,,0.0,,0.10437984019517899,,0.0,,0.0,,,0.0,0.0,,0.0018570167012512684,,0.14690226316452026,,,0.011339493095874786,,0.0,,0.1372840255498886,,,,,,,,,,,,,
20,17009,,0.007946084253489971,,0.0,,0.10931136459112167,,0.0,,0.0,,,0.0,0.0,,0.0017947129672393203,,0.14977280795574188,,,0.010099118575453758,,0.0,,0.13946203887462616,,,,,,,,,,,,,
20,17019,,0.007344154175370932,,0.0,,0.10436344146728516,,0.0,,0.0,,,0.0,0.0,,0.0011253603734076023,,0.1460728943347931,,,0.0161989014595747,,0.0,,0.1375523805618286,,,,,,,,,,,,,
20,17029,,0.0074439337477087975,,0.0,,0.09776046872138977,,0.0,,0.0,,,0.0,0.0,,0.001199723919853568,,0.14569520950317383,,,0.014056744053959846,,0.0,,0.13307803869247437,,,,,,,,,,,,,
20,17039,,0.011551644653081894,,0.0,,0.10788831859827042,,0.0,,0.0,,,0.0,0.0,,0.002156549831852317,,0.14736801385879517,,,0.014150796458125114,,0.0,,0.14155766367912292,,,,,,,,,,,,,
20,17049,,0.010453752242028713,,0.0,,0.09696466475725174,,0.0,,0.0,,,0.0,0.0,,0.002083401195704937,,0.14847040176391602,,,0.007423750124871731,,0.0,,0.13269798457622528,,,,,,,,,,,,,
20,17059,,0.00808791071176529,,0.0,,0.097391277551651,,0.0,,0.0,,,0.0,0.0,,0.0012590683763846755,,0.14798399806022644,,,0.012223754078149796,,0.0,,0.1334729939699173,,,,,,,,,,,,,
20,17069,,0.007256598211824894,,0.0,,0.08740954101085663,,0.0,,0.0,,,0.0,0.0,,0.0024757725186645985,,0.14843285083770752,,,0.008382057771086693,,0.0,,0.12697841227054596,,,,,,,,,,,,,
20,17079,,0.008356783539056778,,0.0,,0.09524672478437424,,0.0,,0.0,,,0.0,0.0,,0.0023316952865570784,,0.1481972485780716,,,0.00926733948290348,,0.0,,0.13169988989830017,,,,,,,,,,,,,
20,17089,,0.008353096432983875,,0.0,,0.08961072564125061,,0.0,,0.0,,,0.0,0.0,,0.0021137085277587175,,0.14928488433361053,,,0.013980730436742306,,0.0,,0.13167157769203186,,,,,,,,,,,,,
20,17099,,0.008211709558963776,,0.0,,0.08573087304830551,,0.0,,0.0,,,0.0,0.0,,0.0019038892351090908,,0.14998935163021088,,,0.007097356021404266,,0.0,,0.12646658718585968,,,,,,,,,,,,,
20,17109,,0.011615199968218803,,0.0,,0.11935588717460632,,0.0,,0.0,,,0.0,0.0,,0.0071802278980612755,,0.1472669094800949,,,0.008455558679997921,,0.0,,0.14693686366081238,,,,,,,,,,,,,
20,17119,,0.008545272052288055,,0.0,,0.10225267708301544,,0.0,,0.0,,,0.0,0.0,,0.0020496034994721413,,0.15053026378154755,,,0.015163382515311241,,0.0,,0.1392706036567688,,,,,,,,,,,,,
20,17129,,0.0113238375633955,,0.0,,0.10403119772672653,,0.0,,0.0,,,0.0,0.0,,0.0020880429074168205,,0.14503969252109528,,,0.00892115943133831,,0.0,,0.1357019543647766,,,,,,,,,,,,,
20,17139,,0.014013979583978653,,0.0,,0.10424500703811646,,0.0,,0.0,,,0.0,0.0,,0.003968703560531139,,0.14944973587989807,,,0.008001510053873062,,0.0,,0.13983947038650513,,,,,,,,,,,,,
20,17149,,0.012913445010781288,,0.0,,0.11554455757141113,,0.0,,0.0,,,0.0,0.0,,0.003556435462087393,,0.1486918032169342,,,0.007986202836036682,,0.0,,0.1443462073802948,,,,,,,,,,,,,
20,17159,,0.013989865779876709,,0.0,,0.12670373916625977,,0.0,,0.0,,,0.0,0.0,,0.0025308900512754917,,0.15585489571094513,,,0.010330239310860634,,0.0,,0.15470480918884277,,,,,,,,,,,,,
20,17169,,0.008929500356316566,,0.0,,0.10251773148775101,,0.0,,0.0,,,0.0,0.0,,0.001429994823411107,,0.14987975358963013,,,0.007429915014654398,,0.0,,0.13509345054626465,,,,,,,,,,,,,
20,17179,,0.010819573886692524,,0.0,,0.11411870270967484,,0.0,,0.0,,,0.0,0.0,,0.001363536692224443,,0.14722129702568054,,,0.009771929122507572,,0.0,,0.14164753258228302,,,,,,,,,,,,,
20,17189,,0.010327390395104885,,0.0,,0.10114983469247818,,0.0,,0.0,,,0.0,0.0,,0.0017400840297341347,,0.15124210715293884,,,0.021749328821897507,,0.0,,0.14310437440872192,,,,,,,,,,,,,
20,17199,,0.01743510365486145,,0.0,,0.10158136487007141,,0.0,,0.0,,,0.0,0.0,,0.004503453150391579,,0.15061593055725098,,,0.009844871237874031,,0.0,,0.14199036359786987,,,,,,,,,,,,,
20,17209,,0.012245403602719307,,0.0,,0.1173284500837326,,0.0,,0.0,,,0.0,0.0,,0.002886922564357519,,0.15306761860847473,,,0.007885563187301159,,0.0,,0.1467069834470749,,,,,,,,,,,,,
20,17219,,0.007390827871859074,,0.0,,0.09545888006687164,,0.0,,0.0,,,0.0,0.0,,0.001274545444175601,,0.1424286961555481,,,0.012248724699020386,,0.0,,0.129400834441185,,,,,,,,,,,,,
20,17229,,0.01028555165976286,,0.0,,0.09428274631500244,,0.0,,0.0,,,0.0,0.0,,0.0019361756276339293,,0.1451854705810547,,,0.008392550982534885,,0.0,,0.130041241645813,,,,,,,,,,,,,
20,17239,,0.006748585030436516,,0.0,,0.09524520486593246,,0.0,,0.0,,,0.0,0.0,,0.0015742671675980091,,0.14173483848571777,,,0.010117598809301853,,0.0,,0.1277102530002594,,,,,,,,,,,,,
20,17249,,0.012560253962874413,,0.0,,0.1053045466542244,,0.0,,0.0,,,0.0,0.0,,0.0016161792445927858,,0.14829042553901672,,,0.01009930856525898,,0.0,,0.13893535733222961,,,,,,,,,,,,,
20,17259,,0.007224483415484428,,0.0,,0.09498659521341324,,0.0,,0.0,,,0.0,0.0,,0.0014747934183105826,,0.14601273834705353,,,0.01054997555911541,,0.0,,0.1301243007183075,,,,,,,,,,,,,
20,17269,,0.014557424932718277,,0.0,,0.10805259644985199,,0.0,,0.0,,,0.0,0.0,,0.001962418667972088,,0.1460486650466919,,,0.01073429174721241,,0.0,,0.14067770540714264,,,,,,,,,,,,,
20,17279,,0.016238391399383545,,0.0,,0.1225358098745346,,0.0,,0.0,,,0.0,0.0,,0.0017692602705210447,,0.14886415004730225,,,0.014748973771929741,,0.0,,0.1520783007144928,,,,,,,,,,,,,
20,17289,,0.007712333928793669,,0.0,,0.11256754398345947,,0.0,,0.0,,,0.0,0.0,,0.0007532659801654518,,0.14443239569664001,,,0.02271006628870964,,0.0,,0.1440877914428711,,,,,,,,,,,,,
20,17299,,0.013730865903198719,,0.0,,0.10509226471185684,,0.0,,0.0,,,0.0,0.0,,0.0019937981851398945,,0.1517220437526703,,,0.02716810628771782,,0.0,,0.14985352754592896,,,,,,,,,,,,,
20,17309,,0.01327526941895485,,0.0,,0.11717614531517029,,0.0,,0.0,,,0.0,0.0,,0.0030594782438129187,,0.14968816936016083,,,0.021935710683465004,,0.0,,0.15256737172603607,,,,,,,,,,,,,
20,17319,,0.00950365699827671,,0.0,,0.0867549329996109,,0.0,,0.0,,,0.0,0.0,,0.0017673693364486098,,0.1404755711555481,,,0.028686419129371643,,0.0,,0.13359397649765015,,,,,,,,,,,,,
20,17329,,0.0130759971216321,,0.0,,0.11287069320678711,,0.0,,0.0,,,0.0,0.0,,0.004163876175880432,,0.1464352309703827,,,0.015032884664833546,,0.0,,0.14578935503959656,,,,,,,,,,,,,
20,17339,,0.00593311944976449,,0.0,,0.09058479964733124,,0.0,,0.0,,,0.0,0.0,,0.0008205342455767095,,0.14347821474075317,,,0.014230682514607906,,0.0,,0.12752367556095123,,,,,,,,,,,,,
20,17349,,0.007445813622325659,,0.0,,0.10973123461008072,,0.0,,0.0,,,0.0,0.0,,0.0016805509803816676,,0.1479070782661438,,,0.007045134902000427,,0.0,,0.13690489530563354,,,,,,,,,,,,,
20,17359,,0.007204290945082903,,0.0,,0.09318750351667404,,0.0,,0.0,,,0.0,0.0,,0.0014340205816552043,,0.14510393142700195,,,0.027782799676060677,,0.0,,0.13735628128051758,,,,,,,,,,,,,
20,17369,,0.008823610842227936,,0.0,,0.09955623000860214,,0.0,,0.0,,,0.0,0.0,,0.0010751658119261265,,0.14529050886631012,,,0.021101217716932297,,0.0,,0.13792335987091064,,,,,,,,,,,,,
20,17379,,0.005209815688431263,,0.0,,0.08367110043764114,,0.0,,0.0,,,0.0,0.0,,0.0012645835522562265,,0.1419617086648941,,,0.02829754911363125,,0.0,,0.13020238280296326,,,,,,,,,,,,,
20,17389,,0.008072173222899437,,0.0,,0.09987620264291763,,0.0,,0.0,,,0.0,0.0,,0.0011918683303520083,,0.14428910613059998,,,0.007700201123952866,,0.0,,0.13056476414203644,,,,,,,,,,,,,
20,17399,,0.008512873202562332,,0.0,,0.1075599193572998,,0.0,,0.0,,,0.0,0.0,,0.0019133853493258357,,0.1467374861240387,,,0.041325151920318604,,0.0,,0.15302442014217377,,,,,,,,,,,,,
20,17409,,0.008107351139187813,,0.0,,0.09896934032440186,,0.0,,0.0,,,0.0,0.0,,0.0017048337031155825,,0.15175998210906982,,,0.011996658518910408,,0.0,,0.13626909255981445,,,,,,,,,,,,,
20,17419,,0.0094220619648695,,0.0,,0.09426330775022507,,0.0,,0.0,,,0.0,0.0,,0.0014449709560722113,,0.14704862236976624,,,0.010617888532578945,,0.0,,0.13139842450618744,,,,,,,,,,,,,
20,17429,,0.005887484177947044,,0.0,,0.09620355069637299,,0.0,,0.0,,,0.0,0.0,,0.0019418251467868686,,0.14350827038288116,,,0.01570296473801136,,0.0,,0.1316220462322235,,,,,,,,,,,,,
20,17439,,0.005979706067591906,,0.0,,0.08307144045829773,,0.0,,0.0,,,0.0,0.0,,0.0018959862645715475,,0.1491738259792328,,,0.009443525224924088,,0.0,,0.12478223443031311,,,,,,,,,,,,,
20,17449,,0.0068749235942959785,,0.0,,0.11522823572158813,,0.0,,0.0,,,0.0,0.0,,0.0009849739726632833,,0.14210818707942963,,,0.013208035379648209,,0.0,,0.13920217752456665,,,,,,,,,,,,,
20,17459,,0.008506734855473042,,0.0,,0.11304920166730881,,0.0,,0.0,,,0.0,0.0,,0.0011754222214221954,,0.14737609028816223,,,0.009859934449195862,,0.0,,0.13998371362686157,,,,,,,,,,,,,
20,17469,,0.01250422839075327,,0.0,,0.0973404198884964,,0.0,,0.0,,,0.0,0.0,,0.0036382819525897503,,0.15057888627052307,,,0.013620896264910698,,0.0,,0.13884134590625763,,,,,,,,,,,,,
20,17479,,0.011339976452291012,,0.0,,0.11339324712753296,,0.0,,0.0,,,0.0,0.0,,0.002822678070515394,,0.15216673910617828,,,0.00977301225066185,,0.0,,0.1447478085756302,,,,,,,,,,,,,
20,17489,,0.006962236948311329,,0.0,,0.10685109347105026,,0.0,,0.0,,,0.0,0.0,,0.0008399633225053549,,0.14169128239154816,,,0.011971112340688705,,0.0,,0.13415783643722534,,,,,,,,,,,,,
20,17499,,0.009559513069689274,,0.0,,0.09272262454032898,,0.0,,0.0,,,0.0,0.0,,0.001810993766412139,,0.1474178433418274,,,0.014103826135396957,,0.0,,0.1328074038028717,,,,,,,,,,,,,
20,17509,,0.011572279036045074,,0.0,,0.11296925693750381,,0.0,,0.0,,,0.0,0.0,,0.004308946430683136,,0.14633594453334808,,,0.017559941858053207,,0.0,,0.1463731825351715,,,,,,,,,,,,,
20,17519,,0.00863395445048809,,0.0,,0.09991751611232758,,0.0,,0.0,,,0.0,0.0,,0.0015315029304474592,,0.1462109237909317,,,0.014586142264306545,,0.0,,0.13544002175331116,,,,,,,,,,,,,
20,17529,,0.0096335019916296,,0.0,,0.10373283177614212,,0.0,,0.0,,,0.0,0.0,,0.001258330070413649,,0.14519274234771729,,,0.00891616940498352,,0.0,,0.13436679542064667,,,,,,,,,,,,,
20,17539,,0.013630122877657413,,0.0,,0.10619363933801651,,0.0,,0.0,,,0.0,0.0,,0.0017545672599226236,,0.14682304859161377,,,0.008882327936589718,,0.0,,0.1386418491601944,,,,,,,,,,,,,
20,17549,,0.009290611371397972,,0.0,,0.10052734613418579,,0.0,,0.0,,,0.0,0.0,,0.0033237109892070293,,0.14681342244148254,,,0.01780381053686142,,0.0,,0.1388794481754303,,,,,,,,,,,,,
20,17559,,0.010719611309468746,,0.0,,0.11853377521038055,,0.0,,0.0,,,0.0,0.0,,0.0016594519838690758,,0.14614708721637726,,,0.009033914655447006,,0.0,,0.14304691553115845,,,,,,,,,,,,,
20,17569,,0.013487141579389572,,0.0,,0.10128656029701233,,0.0,,0.0,,,0.0,0.0,,0.0029709883965551853,,0.14799517393112183,,,0.0065906113013625145,,0.0,,0.13616523146629333,,,,,,,,,,,,,
20,17579,,0.004797003231942654,,0.0,,0.10501828044652939,,0.0,,0.0,,,0.0,0.0,,0.0008960869163274765,,0.1411290168762207,,,0.011754661798477173,,0.0,,0.13179753720760345,,,,,,,,,,,,,
20,17589,,0.010391583666205406,,0.0,,0.09502539038658142,,0.0,,0.0,,,0.0,0.0,,0.004888378083705902,,0.14944911003112793,,,0.012377762235701084,,0.0,,0.13606612384319305,,,,,,,,,,,,,
20,17599,,0.011002198792994022,,0.0,,0.11041044443845749,,0.0,,0.0,,,0.0,0.0,,0.00260646129027009,,0.14768660068511963,,,0.011528093367815018,,0.0,,0.14161691069602966,,,,,,,,,,,,,
20,17609,,0.009095830842852592,,0.0,,0.1054423451423645,,0.0,,0.0,,,0.0,0.0,,0.0015408414183184505,,0.14720670878887177,,,0.007814910262823105,,0.0,,0.13555032014846802,,,,,,,,,,,,,
20,17619,,0.009085964411497116,,0.0,,0.10144993662834167,,0.0,,0.0,,,0.0,0.0,,0.0025407690554857254,,0.14842188358306885,,,0.013341447338461876,,0.0,,0.13741999864578247,,,,,,,,,,,,,
20,17629,,0.01213360857218504,,0.0,,0.11139873415231705,,0.0,,0.0,,,0.0,0.0,,0.0020802279468625784,,0.1472008228302002,,,0.010875001549720764,,0.0,,0.14184418320655823,,,,,,,,,,,,,
20,17639,,0.006765750702470541,,0.0,,0.08474604040384293,,0.0,,0.0,,,0.0,0.0,,0.0014948062598705292,,0.14389552175998688,,,0.014819841831922531,,0.0,,0.12586098909378052,,,,,,,,,,,,,
20,17649,,0.00883670523762703,,0.0,,0.10048750787973404,,0.0,,0.0,,,0.0,0.0,,0.0017074107890948653,,0.14376875758171082,,,0.00854884646832943,,0.0,,0.1316746175289154,,,,,,,,,,,,,
20,17659,,0.01323242112994194,,0.0,,0.1112406849861145,,0.0,,0.0,,,0.0,0.0,,0.0019514592131599784,,0.14973115921020508,,,0.021882042288780212,,0.0,,0.14901888370513916,,,,,,,,,,,,,
20,17669,,0.013239266350865364,,0.0,,0.09173163026571274,,0.0,,0.0,,,0.0,0.0,,0.0023116162046790123,,0.14740364253520966,,,0.012965783476829529,,0.0,,0.13382595777511597,,,,,,,,,,,,,
20,17679,,0.010644521564245224,,0.0,,0.11681430041790009,,0.0,,0.0,,,0.0,0.0,,0.002878188155591488,,0.14742916822433472,,,0.01473094429820776,,0.0,,0.14624856412410736,,,,,,,,,,,,,
20,17689,,0.016582082957029343,,0.0,,0.11492563039064407,,0.0,,0.0,,,0.0,0.0,,0.003138182684779167,,0.15204113721847534,,,0.01760737970471382,,0.0,,0.15214720368385315,,,,,,,,,,,,,
20,17699,,0.011177269741892815,,0.0,,0.11735878139734268,,0.0,,0.0,,,0.0,0.0,,0.0014218983706086874,,0.14715008437633514,,,0.007975565269589424,,0.0,,0.1425418108701706,,,,,,,,,,,,,
20,17709,,0.010568000376224518,,0.0,,0.11966661363840103,,0.0,,0.0,,,0.0,0.0,,0.001300804316997528,,0.14933282136917114,,,0.01314032357186079,,0.0,,0.14700427651405334,,,,,,,,,,,,,
20,17719,,0.007131978869438171,,0.0,,0.09964099526405334,,0.0,,0.0,,,0.0,0.0,,0.0010306894546374679,,0.14556166529655457,,,0.014546290040016174,,0.0,,0.13395580649375916,,,,,,,,,,,,,
20,17729,,0.008409549482166767,,0.0,,0.09277068823575974,,0.0,,0.0,,,0.0,0.0,,0.001444135676138103,,0.14362919330596924,,,0.014445384033024311,,0.0,,0.13034947216510773,,,,,,,,,,,,,
20,17739,,0.01042784471064806,,0.0,,0.11325069516897202,,0.0,,0.0,,,0.0,0.0,,0.0014782672515138984,,0.1429254114627838,,,0.015447404235601425,,0.0,,0.1417648047208786,,,,,,,,,,,,,
20,17744,,,,,,,,,,,,,,,,,,,,,,,,,,0.06187853589653969,0.0,0.33008381724357605,0.0,0.0,0.0,0.0,0.0346282422542572,0.20383933186531067,0.3547813892364502,0.05828044191002846,0.0,0.49260571599006653
20,17744,0.00956754107028246,,0.0,,0.10254251211881638,,0.0,,0.0,,0.0,0.0,,,0.0020389938727021217,,0.1470474898815155,,0.013859766535460949,0.0025050772819668055,,0.0,,0.1375281810760498,,,,,,,,,,,,,,
21,17749,,0.006715518422424793,,0.0,,0.09699692577123642,,0.0,,0.0,,,0.0,0.0,,0.0010294103994965553,,0.1496371477842331,,,0.007255597040057182,,0.0,,0.13081727921962738,,,,,,,,,,,,,
21,17759,,0.007255610078573227,,0.0,,0.11247970908880234,,0.0,,0.0,,,0.0,0.0,,0.003091825172305107,,0.14761874079704285,,,0.013768645003437996,,0.0,,0.1421072632074356,,,,,,,,,,,,,
21,17769,,0.016832049936056137,,0.0,,0.1148153766989708,,0.0,,0.0,,,0.0,0.0,,0.0036307298578321934,,0.15137678384780884,,,0.011338206939399242,,0.0,,0.14899657666683197,,,,,,,,,,,,,
21,17779,,0.007812450174242258,,0.0,,0.08131522685289383,,0.0,,0.0,,,0.0,0.0,,0.0009043877944350243,,0.14642487466335297,,,0.01351611316204071,,0.0,,0.12498652935028076,,,,,,,,,,,,,
21,17789,,0.008546263910830021,,0.0,,0.08236154168844223,,0.0,,0.0,,,0.0,0.0,,0.0016175506170839071,,0.14549750089645386,,,0.013487037271261215,,0.0,,0.1257549524307251,,,,,,,,,,,,,
21,17799,,0.008400511927902699,,0.0,,0.08693201839923859,,0.0,,0.0,,,0.0,0.0,,0.001999164931476116,,0.144566148519516,,,0.01319926418364048,,0.0,,0.12754856050014496,,,,,,,,,,,,,
21,17809,,0.009292349219322205,,0.0,,0.08999521285295486,,0.0,,0.0,,,0.0,0.0,,0.0021417727693915367,,0.1473122239112854,,,0.018946778029203415,,0.0,,0.13384416699409485,,,,,,,,,,,,,
21,17819,,0.010061005130410194,,0.0,,0.10098215937614441,,0.0,,0.0,,,0.0,0.0,,0.0019503588555380702,,0.14436417818069458,,,0.008073661476373672,,0.0,,0.13271567225456238,,,,,,,,,,,,,
21,17829,,0.014780903235077858,,0.0,,0.11073223501443863,,0.0,,0.0,,,0.0,0.0,,0.004042103420943022,,0.15289098024368286,,,0.018304213881492615,,0.0,,0.15037521719932556,,,,,,,,,,,,,
21,17839,,0.014916297048330307,,0.0,,0.10321640968322754,,0.0,,0.0,,,0.0,0.0,,0.006152532994747162,,0.15333589911460876,,,0.011525420472025871,,0.0,,0.14457328617572784,,,,,,,,,,,,,
21,17849,,0.010337552055716515,,0.0,,0.10672575235366821,,0.0,,0.0,,,0.0,0.0,,0.0016180280363187194,,0.14810097217559814,,,0.03285197913646698,,0.0,,0.14981713891029358,,,,,,,,,,,,,
21,17859,,0.009536354802548885,,0.0,,0.08948174118995667,,0.0,,0.0,,,0.0,0.0,,0.0017862922977656126,,0.15001492202281952,,,0.016702601686120033,,0.0,,0.1337609589099884,,,,,,,,,,,,,
21,17869,,0.006532781757414341,,0.0,,0.09453897923231125,,0.0,,0.0,,,0.0,0.0,,0.0014121461426839232,,0.14242373406887054,,,0.009677818045020103,,0.0,,0.12729273736476898,,,,,,,,,,,,,
21,17879,,0.008036123588681221,,0.0,,0.0958169624209404,,0.0,,0.0,,,0.0,0.0,,0.0019387740176171064,,0.14712154865264893,,,0.007572613190859556,,0.0,,0.13024301826953888,,,,,,,,,,,,,
21,17889,,0.0074656386859714985,,0.0,,0.1080239936709404,,0.0,,0.0,,,0.0,0.0,,0.0014134815428406,,0.14571256935596466,,,0.007105301599949598,,0.0,,0.13486048579216003,,,,,,,,,,,,,
21,17899,,0.007798188831657171,,0.0,,0.09987594187259674,,0.0,,0.0,,,0.0,0.0,,0.0013358000433072448,,0.15091244876384735,,,0.024116920307278633,,0.0,,0.14201965928077698,,,,,,,,,,,,,
21,17909,,0.015298999845981598,,0.0,,0.1132737547159195,,0.0,,0.0,,,0.0,0.0,,0.002628824207931757,,0.14961299300193787,,,0.021133052185177803,,0.0,,0.1509738266468048,,,,,,,,,,,,,
21,17919,,0.0055009047500789165,,0.0,,0.10152585804462433,,0.0,,0.0,,,0.0,0.0,,0.0013526130933314562,,0.1459510326385498,,,0.009351790882647038,,0.0,,0.13184109330177307,,,,,,,,,,,,,
21,17929,,0.007685249671339989,,0.0,,0.09472573548555374,,0.0,,0.0,,,0.0,0.0,,0.0011659624287858605,,0.14587099850177765,,,0.009917274117469788,,0.0,,0.12968260049819946,,,,,,,,,,,,,
21,17939,,0.01402406208217144,,0.0,,0.10146600753068924,,0.0,,0.0,,,0.0,0.0,,0.0022351678926497698,,0.1512003242969513,,,0.018685460090637207,,0.0,,0.14380550384521484,,,,,,,,,,,,,
21,17949,,0.006271336693316698,,0.0,,0.0899314358830452,,0.0,,0.0,,,0.0,0.0,,0.0007840018952265382,,0.14481894671916962,,,0.008396224118769169,,0.0,,0.1251009702682495,,,,,,,,,,,,,
21,17959,,0.005559805780649185,,0.0,,0.09742982685565948,,0.0,,0.0,,,0.0,0.0,,0.0009346659644506872,,0.14599809050559998,,,0.018943477421998978,,0.0,,0.13443292677402496,,,,,,,,,,,,,
21,17969,,0.011825166642665863,,0.0,,0.10706101357936859,,0.0,,0.0,,,0.0,0.0,,0.0022062198258936405,,0.14903447031974792,,,0.009705428965389729,,0.0,,0.13991613686084747,,,,,,,,,,,,,
21,17979,,0.00881666038185358,,0.0,,0.13097253441810608,,0.0,,0.0,,,0.0,0.0,,0.0024063510354608297,,0.14389678835868835,,,0.018065083771944046,,0.0,,0.15207871794700623,,,,,,,,,,,,,
21,17989,,0.006814482621848583,,0.0,,0.09861832857131958,,0.0,,0.0,,,0.0,0.0,,0.0008523871656507254,,0.1455136090517044,,,0.010312341153621674,,0.0,,0.1310555785894394,,,,,,,,,,,,,
21,17999,,0.00895145907998085,,0.0,,0.10911482572555542,,0.0,,0.0,,,0.0,0.0,,0.001282249577343464,,0.14331091940402985,,,0.033418022096157074,,0.0,,0.14803873002529144,,,,,,,,,,,,,
21,18009,,0.009053264744579792,,0.0,,0.11659526824951172,,0.0,,0.0,,,0.0,0.0,,0.0016485664527863264,,0.14575588703155518,,,0.019080832600593567,,0.0,,0.14606690406799316,,,,,,,,,,,,,
21,18019,,0.010665198788046837,,0.0,,0.10147634148597717,,0.0,,0.0,,,0.0,0.0,,0.0011375315953046083,,0.1500415951013565,,,0.02343130111694336,,0.0,,0.14337599277496338,,,,,,,,,,,,,
21,18029,,0.010506924241781235,,0.0,,0.10078321397304535,,0.0,,0.0,,,0.0,0.0,,0.0014692296972498298,,0.1492326855659485,,,0.01548211183398962,,0.0,,0.13873708248138428,,,,,,,,,,,,,
21,18039,,0.0062635429203510284,,0.0,,0.08955925703048706,,0.0,,0.0,,,0.0,0.0,,0.0007953747408464551,,0.14750057458877563,,,0.012618644163012505,,0.0,,0.12836869060993195,,,,,,,,,,,,,
21,18049,,0.005710382014513016,,0.0,,0.09321174025535583,,0.0,,0.0,,,0.0,0.0,,0.002571974415332079,,0.14265726506710052,,,0.009548626840114594,,0.0,,0.12684999406337738,,,,,,,,,,,,,
21,18059,,0.009488765150308609,,0.0,,0.10487066954374313,,0.0,,0.0,,,0.0,0.0,,0.0024367314763367176,,0.14955994486808777,,,0.010409192182123661,,0.0,,0.1383826583623886,,,,,,,,,,,,,
21,18069,,0.007821362465620041,,0.0,,0.08960707485675812,,0.0,,0.0,,,0.0,0.0,,0.0031216288916766644,,0.1482025384902954,,,0.00986819714307785,,0.0,,0.12931039929389954,,,,,,,,,,,,,
21,18079,,0.013952952809631824,,0.0,,0.09662997722625732,,0.0,,0.0,,,0.0,0.0,,0.003246947657316923,,0.1505369246006012,,,0.008241561241447926,,0.0,,0.13630416989326477,,,,,,,,,,,,,
21,18089,,0.007992939092218876,,0.0,,0.09486706554889679,,0.0,,0.0,,,0.0,0.0,,0.0016924673691391945,,0.14628729224205017,,,0.009282728657126427,,0.0,,0.13006125390529633,,,,,,,,,,,,,
21,18099,,0.010098016820847988,,0.0,,0.10213503241539001,,0.0,,0.0,,,0.0,0.0,,0.0023364154621958733,,0.14957568049430847,,,0.012099351733922958,,0.0,,0.13812224566936493,,,,,,,,,,,,,
21,18109,,0.008065948262810707,,0.0,,0.09567348659038544,,0.0,,0.0,,,0.0,0.0,,0.0012987609952688217,,0.14417296648025513,,,0.018869202584028244,,0.0,,0.13404017686843872,,,,,,,,,,,,,
21,18119,,0.009945504367351532,,0.0,,0.10832802206277847,,0.0,,0.0,,,0.0,0.0,,0.0028462661430239677,,0.14772704243659973,,,0.019746338948607445,,0.0,,0.1442965865135193,,,,,,,,,,,,,
21,18129,,0.004290121141821146,,0.0,,0.07913713157176971,,0.0,,0.0,,,0.0,0.0,,0.0009525790228508413,,0.14266884326934814,,,0.00868638139218092,,0.0,,0.11786752194166183,,,,,,,,,,,,,
21,18139,,0.00751127116382122,,0.0,,0.10857155174016953,,0.0,,0.0,,,0.0,0.0,,0.001970639917999506,,0.1484203338623047,,,0.017340809106826782,,0.0,,0.14190730452537537,,,,,,,,,,,,,
21,18149,,0.008460424840450287,,0.0,,0.08430960029363632,,0.0,,0.0,,,0.0,0.0,,0.0022839114535599947,,0.14549554884433746,,,0.008738044649362564,,0.0,,0.12464376538991928,,,,,,,,,,,,,
21,18159,,0.011201301589608192,,0.0,,0.09332730621099472,,0.0,,0.0,,,0.0,0.0,,0.0034614845644682646,,0.14661231637001038,,,0.016066351905465126,,0.0,,0.13533437252044678,,,,,,,,,,,,,
21,18169,,0.005788825917989016,,0.0,,0.08768603950738907,,0.0,,0.0,,,0.0,0.0,,0.000910962640773505,,0.1462906301021576,,,0.01563248224556446,,0.0,,0.1281544715166092,,,,,,,,,,,,,
21,18179,,0.008096647448837757,,0.0,,0.10064520686864853,,0.0,,0.0,,,0.0,0.0,,0.0016836359864100814,,0.14780312776565552,,,0.015055679716169834,,0.0,,0.13664214313030243,,,,,,,,,,,,,
21,18189,,0.007462421432137489,,0.0,,0.09799903631210327,,0.0,,0.0,,,0.0,0.0,,0.002897863741964102,,0.14428243041038513,,,0.009079128503799438,,0.0,,0.13086044788360596,,,,,,,,,,,,,
21,18199,,0.008600050583481789,,0.0,,0.09468071162700653,,0.0,,0.0,,,0.0,0.0,,0.0010040164925158024,,0.14401166141033173,,,0.0161374993622303,,0.0,,0.13221697509288788,,,,,,,,,,,,,
21,18209,,0.012300031259655952,,0.0,,0.10053063929080963,,0.0,,0.0,,,0.0,0.0,,0.001825741957873106,,0.1504177451133728,,,0.009080654010176659,,0.0,,0.13707740604877472,,,,,,,,,,,,,
21,18219,,0.008230648003518581,,0.0,,0.09814082086086273,,0.0,,0.0,,,0.0,0.0,,0.0011789364507421851,,0.14431771636009216,,,0.007874860428273678,,0.0,,0.12987148761749268,,,,,,,,,,,,,
21,18229,,0.00785541720688343,,0.0,,0.10732440650463104,,0.0,,0.0,,,0.0,0.0,,0.0015992674743756652,,0.14429603517055511,,,0.049692049622535706,,0.0,,0.15538358688354492,,,,,,,,,,,,,
21,18239,,0.007090066559612751,,0.0,,0.090520478785038,,0.0,,0.0,,,0.0,0.0,,0.0010177670046687126,,0.14592908322811127,,,0.011942502111196518,,0.0,,0.12824994325637817,,,,,,,,,,,,,
21,18249,,0.007685863878577948,,0.0,,0.1110372319817543,,0.0,,0.0,,,0.0,0.0,,0.0014610070502385497,,0.15163332223892212,,,0.009791700169444084,,0.0,,0.14080455899238586,,,,,,,,,,,,,
21,18259,,0.008679641410708427,,0.0,,0.10638390481472015,,0.0,,0.0,,,0.0,0.0,,0.0022575687617063522,,0.14846138656139374,,,0.017136363312602043,,0.0,,0.1414594203233719,,,,,,,,,,,,,
21,18269,,0.0066833943128585815,,0.0,,0.10161484777927399,,0.0,,0.0,,,0.0,0.0,,0.0010360993910580873,,0.14584662020206451,,,0.016876311972737312,,0.0,,0.13602863252162933,,,,,,,,,,,,,
21,18279,,0.013355975970625877,,0.0,,0.088386669754982,,0.0,,0.0,,,0.0,0.0,,0.00305345980450511,,0.14783167839050293,,,0.010380633175373077,,0.0,,0.13150420784950256,,,,,,,,,,,,,
21,18289,,0.012480148114264011,,0.0,,0.11462275683879852,,0.0,,0.0,,,0.0,0.0,,0.0015662297373637557,,0.15361137688159943,,,0.022125668823719025,,0.0,,0.15220308303833008,,,,,,,,,,,,,
21,18299,,0.013691487722098827,,0.0,,0.10903603583574295,,0.0,,0.0,,,0.0,0.0,,0.002449987456202507,,0.1502082198858261,,,0.01017674244940281,,0.0,,0.14278124272823334,,,,,,,,,,,,,
21,18309,,0.007089214399456978,,0.0,,0.1129387840628624,,0.0,,0.0,,,0.0,0.0,,0.0020747841335833073,,0.14317795634269714,,,0.011499786749482155,,0.0,,0.13839027285575867,,,,,,,,,,,,,
21,18319,,0.006936770863831043,,0.0,,0.09238745272159576,,0.0,,0.0,,,0.0,0.0,,0.00157302082516253,,0.14280128479003906,,,0.00913066603243351,,0.0,,0.12641459703445435,,,,,,,,,,,,,
21,18329,,0.008337085135281086,,0.0,,0.10119573771953583,,0.0,,0.0,,,0.0,0.0,,0.0021683773957192898,,0.14388620853424072,,,0.013955185189843178,,0.0,,0.13477130234241486,,,,,,,,,,,,,
21,18339,,0.005756522063165903,,0.0,,0.10465747863054276,,0.0,,0.0,,,0.0,0.0,,0.0010831779800355434,,0.14621880650520325,,,0.007097160443663597,,0.0,,0.1324065625667572,,,,,,,,,,,,,
21,18349,,0.010221620090305805,,0.0,,0.09903791546821594,,0.0,,0.0,,,0.0,0.0,,0.004267382901161909,,0.148689404129982,,,0.010022969916462898,,0.0,,0.13611964881420135,,,,,,,,,,,,,
21,18359,,0.013037124648690224,,0.0,,0.11133106797933578,,0.0,,0.0,,,0.0,0.0,,0.003995119594037533,,0.15336093306541443,,,0.025504397228360176,,0.0,,0.1536143273115158,,,,,,,,,,,,,
21,18369,,0.01388439442962408,,0.0,,0.09866264462471008,,0.0,,0.0,,,0.0,0.0,,0.0020500216633081436,,0.14716607332229614,,,0.021420137956738472,,0.0,,0.1415916383266449,,,,,,,,,,,,,
21,18379,,0.011517063714563847,,0.0,,0.10883135348558426,,0.0,,0.0,,,0.0,0.0,,0.0017893663607537746,,0.14826050400733948,,,0.015536248683929443,,0.0,,0.14296726882457733,,,,,,,,,,,,,
21,18389,,0.0070252022705972195,,0.0,,0.09034411609172821,,0.0,,0.0,,,0.0,0.0,,0.0009403475560247898,,0.14912629127502441,,,0.022580597549676895,,0.0,,0.13500827550888062,,,,,,,,,,,,,
21,18399,,0.008985461667180061,,0.0,,0.10216844826936722,,0.0,,0.0,,,0.0,0.0,,0.0011066822335124016,,0.14808505773544312,,,0.016325784847140312,,0.0,,0.1383357048034668,,,,,,,,,,,,,
21,18409,,0.009793957695364952,,0.0,,0.08907736837863922,,0.0,,0.0,,,0.0,0.0,,0.0014580752467736602,,0.14645181596279144,,,0.01312535535544157,,0.0,,0.1299532800912857,,,,,,,,,,,,,
21,18419,,0.005639418959617615,,0.0,,0.09258239716291428,,0.0,,0.0,,,0.0,0.0,,0.0010856454027816653,,0.14620378613471985,,,0.008819269016385078,,0.0,,0.12716525793075562,,,,,,,,,,,,,
21,18429,,0.010992135852575302,,0.0,,0.12407690286636353,,0.0,,0.0,,,0.0,0.0,,0.0015930853551253676,,0.14438721537590027,,,0.03272899240255356,,0.0,,0.1568891704082489,,,,,,,,,,,,,
21,18439,,0.013101259246468544,,0.0,,0.10595022886991501,,0.0,,0.0,,,0.0,0.0,,0.0016941234935075045,,0.14673370122909546,,,0.005720257759094238,,0.0,,0.13659977912902832,,,,,,,,,,,,,
21,18449,,0.009732409380376339,,0.0,,0.10663757473230362,,0.0,,0.0,,,0.0,0.0,,0.0014656306011602283,,0.1448143571615219,,,0.027185607701539993,,0.0,,0.1449177861213684,,,,,,,,,,,,,
21,18459,,0.01118817925453186,,0.0,,0.09067870676517487,,0.0,,0.0,,,0.0,0.0,,0.00153220328502357,,0.1482393890619278,,,0.010754560120403767,,0.0,,0.1311965137720108,,,,,,,,,,,,,
21,18469,,0.003926082048565149,,0.0,,0.07234450429677963,,0.0,,0.0,,,0.0,0.0,,0.0009506875067017972,,0.1477903127670288,,,0.009070124477148056,,0.0,,0.11704086512327194,,,,,,,,,,,,,
21,18479,,0.00493048969656229,,0.0,,0.08500201255083084,,0.0,,0.0,,,0.0,0.0,,0.0015681982040405273,,0.14220556616783142,,,0.009784985333681107,,0.0,,0.12174562364816666,,,,,,,,,,,,,
21,18489,,0.010157814249396324,,0.0,,0.10156897455453873,,0.0,,0.0,,,0.0,0.0,,0.0014980350388213992,,0.15158611536026,,,0.007816473953425884,,0.0,,0.13631370663642883,,,,,,,,,,,,,
21,18499,,0.011151704005897045,,0.0,,0.09653802216053009,,0.0,,0.0,,,0.0,0.0,,0.0015813324134796858,,0.14609387516975403,,,0.011280396953225136,,0.0,,0.13332267105579376,,,,,,,,,,,,,
21,18509,,0.00794773269444704,,0.0,,0.09399618208408356,,0.0,,0.0,,,0.0,0.0,,0.001253941678442061,,0.14795225858688354,,,0.006420427933335304,,0.0,,0.12878526747226715,,,,,,,,,,,,,
21,18519,,0.01132148876786232,,0.0,,0.10376692563295364,,0.0,,0.0,,,0.0,0.0,,0.0018666175892576575,,0.15082769095897675,,,0.01030196063220501,,0.0,,0.13904233276844025,,,,,,,,,,,,,
21,18529,,0.007828367874026299,,0.0,,0.1119534820318222,,0.0,,0.0,,,0.0,0.0,,0.0013550093863159418,,0.14312207698822021,,,0.010319622233510017,,0.0,,0.13728928565979004,,,,,,,,,,,,,
21,18539,,0.008964849635958672,,0.0,,0.10134048014879227,,0.0,,0.0,,,0.0,0.0,,0.0020175043027848005,,0.13987059891223907,,,0.027722682803869247,,0.0,,0.13995805382728577,,,,,,,,,,,,,
21,18549,,0.011387437582015991,,0.0,,0.10263922810554504,,0.0,,0.0,,,0.0,0.0,,0.0026568230241537094,,0.14477597177028656,,,0.00627544429153204,,0.0,,0.13386745750904083,,,,,,,,,,,,,
21,18559,,0.010641351342201233,,0.0,,0.11772404611110687,,0.0,,0.0,,,0.0,0.0,,0.0019244719296693802,,0.14653825759887695,,,0.014312353916466236,,0.0,,0.14557024836540222,,,,,,,,,,,,,
21,18569,,0.009684532880783081,,0.0,,0.12171445786952972,,0.0,,0.0,,,0.0,0.0,,0.0012540968600660563,,0.14847342669963837,,,0.020624198019504547,,0.0,,0.15087535977363586,,,,,,,,,,,,,
21,18579,,0.008919190615415573,,0.0,,0.0961725115776062,,0.0,,0.0,,,0.0,0.0,,0.0016098080668598413,,0.1512289047241211,,,0.010022767819464207,,0.0,,0.13397657871246338,,,,,,,,,,,,,
21,18589,,0.00821196660399437,,0.0,,0.09054531157016754,,0.0,,0.0,,,0.0,0.0,,0.0010930695571005344,,0.14585424959659576,,,0.009909265674650669,,0.0,,0.12780693173408508,,,,,,,,,,,,,
21,18589,,,,,,,,,,,,,,,,,,,,,,,,,,0.0644858106970787,0.0,0.33948636054992676,0.0,0.0,0.0,0.0,0.03643159195780754,0.21391351521015167,0.3665689527988434,0.059763841331005096,0.0,0.5104432106018066
21,18589,0.009545735083520412,,0.0,,0.10081763565540314,,0.0,,0.0,,0.0,0.0,,,0.0019838872831314802,,0.1469542533159256,,0.013391968794167042,0.0024078558199107647,,0.0,,0.13634686172008514,,,,,,,,,,,,,,
22,18599,,0.016604041680693626,,0.0,,0.12330634146928787,,0.0,,0.0,,,0.0,0.0,,0.0026085402350872755,,0.1551646888256073,,,0.010914234444499016,,0.0,,0.15429891645908356,,,,,,,,,,,,,
22,18609,,0.012081541121006012,,0.0,,0.10979552567005157,,0.0,,0.0,,,0.0,0.0,,0.0019239605171605945,,0.15157607197761536,,,0.010549062862992287,,0.0,,0.14296308159828186,,,,,,,,,,,,,
22,18619,,0.011285828426480293,,0.0,,0.08941137045621872,,0.0,,0.0,,,0.0,0.0,,0.0019537059124559164,,0.15074777603149414,,,0.00896599143743515,,0.0,,0.13118234276771545,,,,,,,,,,,,,
22,18629,,0.01185587327927351,,0.0,,0.08963829278945923,,0.0,,0.0,,,0.0,0.0,,0.002194596454501152,,0.15055342018604279,,,0.03374730795621872,,0.0,,0.1439947485923767,,,,,,,,,,,,,
22,18639,,0.012374188750982285,,0.0,,0.10563301295042038,,0.0,,0.0,,,0.0,0.0,,0.0025299615226686,,0.15504609048366547,,,0.0076162684708833694,,0.0,,0.14159975945949554,,,,,,,,,,,,,
22,18649,,0.01275701355189085,,0.0,,0.10701368749141693,,0.0,,0.0,,,0.0,0.0,,0.002396075055003166,,0.14908266067504883,,,0.010801175609230995,,0.0,,0.14102530479431152,,,,,,,,,,,,,
22,18659,,0.01613413356244564,,0.0,,0.10755711048841476,,0.0,,0.0,,,0.0,0.0,,0.0032152633648365736,,0.15291303396224976,,,0.0061454856768250465,,0.0,,0.14298251271247864,,,,,,,,,,,,,
22,18669,,0.009386892430484295,,0.0,,0.11612340062856674,,0.0,,0.0,,,0.0,0.0,,0.0010606689611449838,,0.1426551342010498,,,0.008266529068350792,,0.0,,0.13874632120132446,,,,,,,,,,,,,
22,18679,,0.009517043828964233,,0.0,,0.09301978349685669,,0.0,,0.0,,,0.0,0.0,,0.001749042421579361,,0.14841872453689575,,,0.016995664685964584,,0.0,,0.1348501294851303,,,,,,,,,,,,,
22,18689,,0.007794200908392668,,0.0,,0.08659487962722778,,0.0,,0.0,,,0.0,0.0,,0.0018838001415133476,,0.14527173340320587,,,0.023791423067450523,,0.0,,0.13266801834106445,,,,,,,,,,,,,
22,18699,,0.007852243259549141,,0.0,,0.09837691485881805,,0.0,,0.0,,,0.0,0.0,,0.003098358167335391,,0.14496657252311707,,,0.010647867806255817,,0.0,,0.1324709802865982,,,,,,,,,,,,,
22,18709,,0.009150770492851734,,0.0,,0.10255518555641174,,0.0,,0.0,,,0.0,0.0,,0.0010767271742224693,,0.14204064011573792,,,0.008054662495851517,,0.0,,0.1314390003681183,,,,,,,,,,,,,
22,18719,,0.007228383328765631,,0.0,,0.12226976454257965,,0.0,,0.0,,,0.0,0.0,,0.0009025660692714155,,0.14873069524765015,,,0.018895823508501053,,0.0,,0.14901360869407654,,,,,,,,,,,,,
22,18729,,0.01289079524576664,,0.0,,0.10269997268915176,,0.0,,0.0,,,0.0,0.0,,0.002038084901869297,,0.14498674869537354,,,0.006075397599488497,,0.0,,0.13434550166130066,,,,,,,,,,,,,
22,18739,,0.007969129830598831,,0.0,,0.09336812049150467,,0.0,,0.0,,,0.0,0.0,,0.0026642954908311367,,0.1461528241634369,,,0.023075859993696213,,0.0,,0.1366150975227356,,,,,,,,,,,,,
22,18749,,0.007756833918392658,,0.0,,0.09181570261716843,,0.0,,0.0,,,0.0,0.0,,0.001554117538034916,,0.14826369285583496,,,0.0077810767106711864,,0.0,,0.12858571112155914,,,,,,,,,,,,,
22,18759,,0.010022610425949097,,0.0,,0.10935979336500168,,0.0,,0.0,,,0.0,0.0,,0.0018389084143564105,,0.14742082357406616,,,0.014080235734581947,,0.0,,0.14136119186878204,,,,,,,,,,,,,
22,18769,,0.006893133744597435,,0.0,,0.10301883518695831,,0.0,,0.0,,,0.0,0.0,,0.0007819476304575801,,0.1419965624809265,,,0.009186114184558392,,0.0,,0.1309383064508438,,,,,,,,,,,,,
22,18779,,0.013203399255871773,,0.0,,0.08618590235710144,,0.0,,0.0,,,0.0,0.0,,0.0028212107717990875,,0.14642362296581268,,,0.009454431012272835,,0.0,,0.1290442794561386,,,,,,,,,,,,,
22,18789,,0.0057004461996257305,,0.0,,0.09564614295959473,,0.0,,0.0,,,0.0,0.0,,0.0008498101960867643,,0.1442795693874359,,,0.018352312967181206,,0.0,,0.13241413235664368,,,,,,,,,,,,,
22,18799,,0.013577633537352085,,0.0,,0.09164684265851974,,0.0,,0.0,,,0.0,0.0,,0.002531913109123707,,0.1527567207813263,,,0.007123200222849846,,0.0,,0.13381816446781158,,,,,,,,,,,,,
22,18809,,0.0044176578521728516,,0.0,,0.08899636566638947,,0.0,,0.0,,,0.0,0.0,,0.0010793297551572323,,0.14550617337226868,,,0.006130650639533997,,0.0,,0.12306509166955948,,,,,,,,,,,,,
22,18819,,0.006610034964978695,,0.0,,0.11058181524276733,,0.0,,0.0,,,0.0,0.0,,0.0030933720991015434,,0.14577403664588928,,,0.022404057905077934,,0.0,,0.1442316472530365,,,,,,,,,,,,,
22,18829,,0.007699528709053993,,0.0,,0.08873344212770462,,0.0,,0.0,,,0.0,0.0,,0.001732241827994585,,0.14408919215202332,,,0.009860550984740257,,0.0,,0.1260574758052826,,,,,,,,,,,,,
22,18839,,0.007443810347467661,,0.0,,0.0927039384841919,,0.0,,0.0,,,0.0,0.0,,0.0016173673793673515,,0.1475549042224884,,,0.0188639834523201,,0.0,,0.13409200310707092,,,,,,,,,,,,,
22,18849,,0.007329446263611317,,0.0,,0.09149855375289917,,0.0,,0.0,,,0.0,0.0,,0.0018367304001003504,,0.1479576677083969,,,0.023960724472999573,,0.0,,0.13629156351089478,,,,,,,,,,,,,
22,18859,,0.008151672780513763,,0.0,,0.0936572253704071,,0.0,,0.0,,,0.0,0.0,,0.00653910543769598,,0.14590325951576233,,,0.008536994457244873,,0.0,,0.1313941329717636,,,,,,,,,,,,,
22,18869,,0.011307686567306519,,0.0,,0.11060073226690292,,0.0,,0.0,,,0.0,0.0,,0.0041460744105279446,,0.14798538386821747,,,0.009731859900057316,,0.0,,0.14188586175441742,,,,,,,,,,,,,
22,18879,,0.008589571341872215,,0.0,,0.09395676106214523,,0.0,,0.0,,,0.0,0.0,,0.002786344615742564,,0.1454245150089264,,,0.012700103223323822,,0.0,,0.1317286491394043,,,,,,,,,,,,,
22,18889,,0.006912627257406712,,0.0,,0.1015007421374321,,0.0,,0.0,,,0.0,0.0,,0.0012182043865323067,,0.14463621377944946,,,0.007038159295916557,,0.0,,0.13065296411514282,,,,,,,,,,,,,
22,18899,,0.008830469101667404,,0.0,,0.10049372166395187,,0.0,,0.0,,,0.0,0.0,,0.0018225470557808876,,0.15075121819972992,,,0.008107146248221397,,0.0,,0.13500255346298218,,,,,,,,,,,,,
22,18909,,0.008651748299598694,,0.0,,0.10233844816684723,,0.0,,0.0,,,0.0,0.0,,0.0014394994359463453,,0.14648228883743286,,,0.01284030545502901,,0.0,,0.1358761489391327,,,,,,,,,,,,,
22,18919,,0.009141175076365471,,0.0,,0.10152216255664825,,0.0,,0.0,,,0.0,0.0,,0.0010171839967370033,,0.14380592107772827,,,0.015788450837135315,,0.0,,0.13563743233680725,,,,,,,,,,,,,
22,18929,,0.017132101580500603,,0.0,,0.11397770792245865,,0.0,,0.0,,,0.0,0.0,,0.002836866769939661,,0.1481061577796936,,,0.009191186167299747,,0.0,,0.14562200009822845,,,,,,,,,,,,,
22,18939,,0.009433669969439507,,0.0,,0.09942761808633804,,0.0,,0.0,,,0.0,0.0,,0.0011772008147090673,,0.14727595448493958,,,0.008516242727637291,,0.0,,0.13291533291339874,,,,,,,,,,,,,
22,18949,,0.011585693806409836,,0.0,,0.10122837871313095,,0.0,,0.0,,,0.0,0.0,,0.0016280816635116935,,0.14743363857269287,,,0.02060462348163128,,0.0,,0.141240194439888,,,,,,,,,,,,,
22,18959,,0.015410108491778374,,0.0,,0.110819973051548,,0.0,,0.0,,,0.0,0.0,,0.003042645286768675,,0.15544356405735016,,,0.0068257590755820274,,0.0,,0.14577101171016693,,,,,,,,,,,,,
22,18969,,0.0090278759598732,,0.0,,0.10255200415849686,,0.0,,0.0,,,0.0,0.0,,0.001454599085263908,,0.14344698190689087,,,0.00974036194384098,,0.0,,0.1331108957529068,,,,,,,,,,,,,
22,18979,,0.012322892434895039,,0.0,,0.0995260551571846,,0.0,,0.0,,,0.0,0.0,,0.00563784409314394,,0.1524253636598587,,,0.013288764283061028,,0.0,,0.14160047471523285,,,,,,,,,,,,,
22,18989,,0.009382971562445164,,0.0,,0.10351131856441498,,0.0,,0.0,,,0.0,0.0,,0.0023164874874055386,,0.1446194350719452,,,0.010998401790857315,,0.0,,0.13541430234909058,,,,,,,,,,,,,
22,18999,,0.013672636821866035,,0.0,,0.11613885313272476,,0.0,,0.0,,,0.0,0.0,,0.0019870921969413757,,0.14835864305496216,,,0.014225653372704983,,0.0,,0.14719144999980927,,,,,,,,,,,,,
22,19009,,0.008972328156232834,,0.0,,0.10340003669261932,,0.0,,0.0,,,0.0,0.0,,0.0023640452418476343,,0.14290130138397217,,,0.01621507667005062,,0.0,,0.13692639768123627,,,,,,,,,,,,,
22,19019,,0.011587025597691536,,0.0,,0.11219364404678345,,0.0,,0.0,,,0.0,0.0,,0.0020068460144102573,,0.14778771996498108,,,0.019362665712833405,,0.0,,0.14646895229816437,,,,,,,,,,,,,
22,19029,,0.009583545848727226,,0.0,,0.09013346582651138,,0.0,,0.0,,,0.0,0.0,,0.0020700448658317327,,0.14372268319129944,,,0.0078018358908593655,,0.0,,0.12665578722953796,,,,,,,,,,,,,
22,19039,,0.00865647941827774,,0.0,,0.10489442199468613,,0.0,,0.0,,,0.0,0.0,,0.001150288968347013,,0.14596904814243317,,,0.009379595518112183,,0.0,,0.13502490520477295,,,,,,,,,,,,,
22,19049,,0.012483477592468262,,0.0,,0.11313656717538834,,0.0,,0.0,,,0.0,0.0,,0.0021382838021963835,,0.1460132598876953,,,0.015125159174203873,,0.0,,0.14444836974143982,,,,,,,,,,,,,
22,19059,,0.010103796608746052,,0.0,,0.0927642285823822,,0.0,,0.0,,,0.0,0.0,,0.0017837630584836006,,0.14396992325782776,,,0.009647989645600319,,0.0,,0.12913484871387482,,,,,,,,,,,,,
22,19069,,0.010818623006343842,,0.0,,0.09821783751249313,,0.0,,0.0,,,0.0,0.0,,0.0021697422489523888,,0.14937293529510498,,,0.006746836006641388,,0.0,,0.13366298377513885,,,,,,,,,,,,,
22,19079,,0.006717273965477943,,0.0,,0.10740302503108978,,0.0,,0.0,,,0.0,0.0,,0.0026393604930490255,,0.14081957936286926,,,0.008365403860807419,,0.0,,0.13297231495380402,,,,,,,,,,,,,
22,19089,,0.004028008319437504,,0.0,,0.08299174159765244,,0.0,,0.0,,,0.0,0.0,,0.0012322457041591406,,0.14105398952960968,,,0.01040180865675211,,0.0,,0.1198538988828659,,,,,,,,,,,,,
22,19099,,0.008075306192040443,,0.0,,0.09452039748430252,,0.0,,0.0,,,0.0,0.0,,0.001463340362533927,,0.14811494946479797,,,0.009287236258387566,,0.0,,0.13073061406612396,,,,,,,,,,,,,
22,19109,,0.008338280953466892,,0.0,,0.08806349337100983,,0.0,,0.0,,,0.0,0.0,,0.0018063326133415103,,0.14532385766506195,,,0.007478165905922651,,0.0,,0.12550507485866547,,,,,,,,,,,,,
22,19119,,0.006436095107346773,,0.0,,0.10037489980459213,,0.0,,0.0,,,0.0,0.0,,0.0033445439767092466,,0.13757416605949402,,,0.009484022855758667,,0.0,,0.1286068707704544,,,,,,,,,,,,,
22,19129,,0.011389917694032192,,0.0,,0.08713725954294205,,0.0,,0.0,,,0.0,0.0,,0.0020351025741547346,,0.15182581543922424,,,0.009374493733048439,,0.0,,0.13088129460811615,,,,,,,,,,,,,
22,19139,,0.009283103048801422,,0.0,,0.09951729327440262,,0.0,,0.0,,,0.0,0.0,,0.0016687277238816023,,0.1446007937192917,,,0.013449550606310368,,0.0,,0.13425973057746887,,,,,,,,,,,,,
22,19149,,0.016164716333150864,,0.0,,0.11752904951572418,,0.0,,0.0,,,0.0,0.0,,0.0018017233815044165,,0.15034306049346924,,,0.011377924121916294,,0.0,,0.1486082375049591,,,,,,,,,,,,,
22,19159,,0.006052237935364246,,0.0,,0.10045886784791946,,0.0,,0.0,,,0.0,0.0,,0.001164604676887393,,0.14176778495311737,,,0.007975148037075996,,0.0,,0.1287093311548233,,,,,,,,,,,,,
22,19169,,0.01743488758802414,,0.0,,0.10929310321807861,,0.0,,0.0,,,0.0,0.0,,0.003211722243577242,,0.15411418676376343,,,0.009617796167731285,,0.0,,0.14683586359024048,,,,,,,,,,,,,
22,19179,,0.012012274004518986,,0.0,,0.10241888463497162,,0.0,,0.0,,,0.0,0.0,,0.0024974883999675512,,0.14329056441783905,,,0.014716283418238163,,0.0,,0.13746775686740875,,,,,,,,,,,,,
22,19189,,0.007590905763208866,,0.0,,0.10743076354265213,,0.0,,0.0,,,0.0,0.0,,0.0014817679766565561,,0.1473424732685089,,,0.011092371307313442,,0.0,,0.13746914267539978,,,,,,,,,,,,,
22,19199,,0.005740925669670105,,0.0,,0.08034352213144302,,0.0,,0.0,,,0.0,0.0,,0.0011592290829867125,,0.14591732621192932,,,0.016811951994895935,,0.0,,0.12498647719621658,,,,,,,,,,,,,
22,19209,,0.010145097970962524,,0.0,,0.09417760372161865,,0.0,,0.0,,,0.0,0.0,,0.002369627356529236,,0.1457502543926239,,,0.013790996745228767,,0.0,,0.13311679661273956,,,,,,,,,,,,,
22,19219,,0.005403753370046616,,0.0,,0.09008190780878067,,0.0,,0.0,,,0.0,0.0,,0.0006833294173702598,,0.14205288887023926,,,0.022504553198814392,,0.0,,0.13036321103572845,,,,,,,,,,,,,
22,19229,,0.010258550755679607,,0.0,,0.09157948940992355,,0.0,,0.0,,,0.0,0.0,,0.0015677412739023566,,0.14698339998722076,,,0.011956235393881798,,0.0,,0.13117271661758423,,,,,,,,,,,,,
22,19239,,0.005152878817170858,,0.0,,0.07864349335432053,,0.0,,0.0,,,0.0,0.0,,0.0011347233084961772,,0.1435040533542633,,,0.014343940652906895,,0.0,,0.12138955295085907,,,,,,,,,,,,,
22,19249,,0.012062352150678635,,0.0,,0.10358656942844391,,0.0,,0.0,,,0.0,0.0,,0.005053975153714418,,0.1425292193889618,,,0.009556993842124939,,0.0,,0.13639456033706665,,,,,,,,,,,,,
22,19259,,0.01536594144999981,,0.0,,0.09958580881357193,,0.0,,0.0,,,0.0,0.0,,0.00301770749501884,,0.14829130470752716,,,0.013814480975270271,,0.0,,0.14003761112689972,,,,,,,,,,,,,
22,19269,,0.014194183051586151,,0.0,,0.10254807025194168,,0.0,,0.0,,,0.0,0.0,,0.0022275662049651146,,0.14537805318832397,,,0.012448789551854134,,0.0,,0.13839833438396454,,,,,,,,,,,,,
22,19279,,0.008675850927829742,,0.0,,0.11055292189121246,,0.0,,0.0,,,0.0,0.0,,0.0018909985665231943,,0.1426498293876648,,,0.014639103785157204,,0.0,,0.13920433819293976,,,,,,,,,,,,,
22,19289,,0.011303702369332314,,0.0,,0.11468735337257385,,0.0,,0.0,,,0.0,0.0,,0.001982373185455799,,0.15170657634735107,,,0.008133389055728912,,0.0,,0.14390668272972107,,,,,,,,,,,,,
22,19299,,0.012332037091255188,,0.0,,0.11050079017877579,,0.0,,0.0,,,0.0,0.0,,0.0023883767426013947,,0.14252911508083344,,,0.0057845343835651875,,0.0,,0.1367674469947815,,,,,,,,,,,,,
22,19309,,0.006684806197881699,,0.0,,0.08751991391181946,,0.0,,0.0,,,0.0,0.0,,0.003883632365614176,,0.1479300558567047,,,0.006466146558523178,,0.0,,0.1262422800064087,,,,,,,,,,,,,
22,19319,,0.006972654722630978,,0.0,,0.08946868777275085,,0.0,,0.0,,,0.0,0.0,,0.0030874870717525482,,0.14686402678489685,,,0.011246929876506329,,0.0,,0.12881989777088165,,,,,,,,,,,,,
22,19329,,0.00941167026758194,,0.0,,0.1016407161951065,,0.0,,0.0,,,0.0,0.0,,0.001545873237773776,,0.14945195615291595,,,0.015319790691137314,,0.0,,0.13868500292301178,,,,,,,,,,,,,
22,19339,,0.009104415774345398,,0.0,,0.0986790657043457,,0.0,,0.0,,,0.0,0.0,,0.0032387699466198683,,0.14676348865032196,,,0.020371822640299797,,0.0,,0.1390787810087204,,,,,,,,,,,,,
22,19349,,0.009672255255281925,,0.0,,0.09386372566223145,,0.0,,0.0,,,0.0,0.0,,0.0021533772815018892,,0.14618952572345734,,,0.006877392530441284,,0.0,,0.12937813997268677,,,,,,,,,,,,,
22,19359,,0.007146497722715139,,0.0,,0.09258178621530533,,0.0,,0.0,,,0.0,0.0,,0.00116223085206002,,0.14504188299179077,,,0.015675552189350128,,0.0,,0.13080397248268127,,,,,,,,,,,,,
22,19369,,0.004930585157126188,,0.0,,0.08918304741382599,,0.0,,0.0,,,0.0,0.0,,0.0009660362266004086,,0.14447039365768433,,,0.021348271518945694,,0.0,,0.13044917583465576,,,,,,,,,,,,,
22,19379,,0.012780124321579933,,0.0,,0.10045482218265533,,0.0,,0.0,,,0.0,0.0,,0.0021361541002988815,,0.14696845412254333,,,0.015900224447250366,,0.0,,0.13911987841129303,,,,,,,,,,,,,
22,19389,,0.007534603588283062,,0.0,,0.08262501657009125,,0.0,,0.0,,,0.0,0.0,,0.0016043405048549175,,0.14533963799476624,,,0.016485873609781265,,0.0,,0.1267947405576706,,,,,,,,,,,,,
22,19399,,0.008429650217294693,,0.0,,0.09496995806694031,,0.0,,0.0,,,0.0,0.0,,0.0018583815544843674,,0.1417788416147232,,,0.009280843660235405,,0.0,,0.128158837556839,,,,,,,,,,,,,
22,19409,,0.009410803206264973,,0.0,,0.0874965563416481,,0.0,,0.0,,,0.0,0.0,,0.0017879022052511573,,0.14600509405136108,,,0.019064221531152725,,0.0,,0.13188228011131287,,,,,,,,,,,,,
22,19419,,0.007482470944523811,,0.0,,0.08818263560533524,,0.0,,0.0,,,0.0,0.0,,0.0012236048933118582,,0.14636938273906708,,,0.017580486834049225,,0.0,,0.1304192990064621,,,,,,,,,,,,,
22,19429,,0.0074205282144248486,,0.0,,0.1055530533194542,,0.0,,0.0,,,0.0,0.0,,0.0017068118322640657,,0.14487843215465546,,,0.0069540743716061115,,0.0,,0.1332564502954483,,,,,,,,,,,,,
22,19434,,,,,,,,,,,,,,,,,,,,,,,,,,0.06267330795526505,0.0,0.3341827690601349,0.0,0.0,0.0,0.0,0.03635147213935852,0.20757420361042023,0.3751508295536041,0.061329398304224014,0.0,0.507966160774231
22,19434,0.009303034283220768,,0.0,,0.09830717742443085,,0.0,,0.0,,0.0,0.0,,,0.001966634299606085,,0.14656846225261688,,0.012572096660733223,0.002271517412737012,,0.0,,0.13435865938663483,,,,,,,,,,,,,,
23,19439,,0.005427072290331125,,0.0,,0.09235013276338577,,0.0,,0.0,,,0.0,0.0,,0.001038250746205449,,0.146893709897995,,,0.008690886199474335,,0.0,,0.12720002233982086,,,,,,,,,,,,,
23,19449,,0.008726969361305237,,0.0,,0.11936778575181961,,0.0,,0.0,,,0.0,0.0,,0.0014411890879273415,,0.14244814217090607,,,0.01315235160291195,,0.0,,0.14256823062896729,,,,,,,,,,,,,
23,19459,,0.006270593497902155,,0.0,,0.10006694495677948,,0.0,,0.0,,,0.0,0.0,,0.002167381811887026,,0.14948123693466187,,,0.010681704618036747,,0.0,,0.13433393836021423,,,,,,,,,,,,,
23,19469,,0.00939495861530304,,0.0,,0.10211215913295746,,0.0,,0.0,,,0.0,0.0,,0.0030481459107249975,,0.14562392234802246,,,0.011787175200879574,,0.0,,0.1359831839799881,,,,,,,,,,,,,
23,19479,,0.013177318498492241,,0.0,,0.09585626423358917,,0.0,,0.0,,,0.0,0.0,,0.002733806148171425,,0.14968755841255188,,,0.011521521955728531,,0.0,,0.13648822903633118,,,,,,,,,,,,,
23,19489,,0.007525472901761532,,0.0,,0.1155223473906517,,0.0,,0.0,,,0.0,0.0,,0.0013847476802766323,,0.13858135044574738,,,0.012760452926158905,,0.0,,0.13788717985153198,,,,,,,,,,,,,
23,19499,,0.010009713470935822,,0.0,,0.09842163324356079,,0.0,,0.0,,,0.0,0.0,,0.0020485534332692623,,0.15201115608215332,,,0.009855074808001518,,0.0,,0.1361730545759201,,,,,,,,,,,,,
23,19509,,0.009156339801847935,,0.0,,0.09892801940441132,,0.0,,0.0,,,0.0,0.0,,0.0012379450490698218,,0.14480149745941162,,,0.010860549286007881,,0.0,,0.13249218463897705,,,,,,,,,,,,,
23,19519,,0.008681661449372768,,0.0,,0.09129802137613297,,0.0,,0.0,,,0.0,0.0,,0.002386245643720031,,0.14233672618865967,,,0.013983277603983879,,0.0,,0.1293429583311081,,,,,,,,,,,,,
23,19529,,0.007221009582281113,,0.0,,0.09595099836587906,,0.0,,0.0,,,0.0,0.0,,0.0019511119462549686,,0.1447679102420807,,,0.008189519867300987,,0.0,,0.12904027104377747,,,,,,,,,,,,,
23,19539,,0.013902583159506321,,0.0,,0.10745120793581009,,0.0,,0.0,,,0.0,0.0,,0.002123094629496336,,0.14641961455345154,,,0.022005224600434303,,0.0,,0.14595085382461548,,,,,,,,,,,,,
23,19549,,0.012120544910430908,,0.0,,0.10573914647102356,,0.0,,0.0,,,0.0,0.0,,0.0020143454894423485,,0.14816968142986298,,,0.01846608892083168,,0.0,,0.14325489103794098,,,,,,,,,,,,,
23,19559,,0.008132853545248508,,0.0,,0.09532362222671509,,0.0,,0.0,,,0.0,0.0,,0.0012169242836534977,,0.14482398331165314,,,0.01557690929621458,,0.0,,0.1325371414422989,,,,,,,,,,,,,
23,19569,,0.0076493164524436,,0.0,,0.10704538971185684,,0.0,,0.0,,,0.0,0.0,,0.004050637595355511,,0.14479222893714905,,,0.010225869715213776,,0.0,,0.13688170909881592,,,,,,,,,,,,,
23,19579,,0.006017105653882027,,0.0,,0.09549742192029953,,0.0,,0.0,,,0.0,0.0,,0.004587254486978054,,0.14709699153900146,,,0.008033222518861294,,0.0,,0.1306159943342209,,,,,,,,,,,,,
23,19589,,0.008807671256363392,,0.0,,0.07985728979110718,,0.0,,0.0,,,0.0,0.0,,0.0016611544415354729,,0.14295516908168793,,,0.0323505774140358,,0.0,,0.13281592726707458,,,,,,,,,,,,,
23,19599,,0.0133939478546381,,0.0,,0.10533545166254044,,0.0,,0.0,,,0.0,0.0,,0.0030609467066824436,,0.15190860629081726,,,0.009120868518948555,,0.0,,0.14140990376472473,,,,,,,,,,,,,
23,19609,,0.015575407072901726,,0.0,,0.0979958102107048,,0.0,,0.0,,,0.0,0.0,,0.0024813308846205473,,0.14927703142166138,,,0.016461456194519997,,0.0,,0.1408955305814743,,,,,,,,,,,,,
23,19619,,0.006499880459159613,,0.0,,0.08770151436328888,,0.0,,0.0,,,0.0,0.0,,0.000898524303920567,,0.14210906624794006,,,0.010834736749529839,,0.0,,0.12402186542749405,,,,,,,,,,,,,
23,19629,,0.009470609948039055,,0.0,,0.1103651151061058,,0.0,,0.0,,,0.0,0.0,,0.002085689455270767,,0.14587756991386414,,,0.008839953690767288,,0.0,,0.1383194774389267,,,,,,,,,,,,,
23,19639,,0.008451120927929878,,0.0,,0.09770011901855469,,0.0,,0.0,,,0.0,0.0,,0.0011410766746848822,,0.14788366854190826,,,0.007112378254532814,,0.0,,0.131144180893898,,,,,,,,,,,,,
23,19649,,0.00852496363222599,,0.0,,0.09089507907629013,,0.0,,0.0,,,0.0,0.0,,0.0017357890028506517,,0.14874711632728577,,,0.010001827031373978,,0.0,,0.12995240092277527,,,,,,,,,,,,,
23,19659,,0.008416209369897842,,0.0,,0.08893381059169769,,0.0,,0.0,,,0.0,0.0,,0.003050481900572777,,0.14155185222625732,,,0.007223500404506922,,0.0,,0.12458792328834534,,,,,,,,,,,,,
23,19669,,0.008412887342274189,,0.0,,0.09199460595846176,,0.0,,0.0,,,0.0,0.0,,0.002204795368015766,,0.14705726504325867,,,0.024518106132745743,,0.0,,0.13709382712841034,,,,,,,,,,,,,
23,19679,,0.006495739333331585,,0.0,,0.09578069299459457,,0.0,,0.0,,,0.0,0.0,,0.000933685980271548,,0.14496055245399475,,,0.019968651235103607,,0.0,,0.13406966626644135,,,,,,,,,,,,,
23,19689,,0.011970198713243008,,0.0,,0.11583179235458374,,0.0,,0.0,,,0.0,0.0,,0.0019329655915498734,,0.14562708139419556,,,0.008787735365331173,,0.0,,0.14207488298416138,,,,,,,,,,,,,
23,19699,,0.010380590334534645,,0.0,,0.09833945333957672,,0.0,,0.0,,,0.0,0.0,,0.0012987199006602168,,0.14846175909042358,,,0.011238167062401772,,0.0,,0.1348593384027481,,,,,,,,,,,,,
23,19709,,0.009481320157647133,,0.0,,0.10680420696735382,,0.0,,0.0,,,0.0,0.0,,0.003988543525338173,,0.14709731936454773,,,0.011916998773813248,,0.0,,0.13964419066905975,,,,,,,,,,,,,
23,19719,,0.00840835552662611,,0.0,,0.08436862379312515,,0.0,,0.0,,,0.0,0.0,,0.003698888700455427,,0.14741402864456177,,,0.00791219249367714,,0.0,,0.12590104341506958,,,,,,,,,,,,,
23,19729,,0.008850771933794022,,0.0,,0.10381676256656647,,0.0,,0.0,,,0.0,0.0,,0.0032508764415979385,,0.15023404359817505,,,0.013090385124087334,,0.0,,0.13962140679359436,,,,,,,,,,,,,
23,19739,,0.010626950301229954,,0.0,,0.09195172041654587,,0.0,,0.0,,,0.0,0.0,,0.002865843940526247,,0.14567309617996216,,,0.011791272088885307,,0.0,,0.1314544379711151,,,,,,,,,,,,,
23,19749,,0.012017332017421722,,0.0,,0.09818428754806519,,0.0,,0.0,,,0.0,0.0,,0.0038285269401967525,,0.14842292666435242,,,0.011079642921686172,,0.0,,0.13676635921001434,,,,,,,,,,,,,
23,19759,,0.006118769757449627,,0.0,,0.10175109654664993,,0.0,,0.0,,,0.0,0.0,,0.0008339468622580171,,0.1494603157043457,,,0.008152799680829048,,0.0,,0.13315847516059875,,,,,,,,,,,,,
23,19769,,0.019925393164157867,,0.0,,0.09982151538133621,,0.0,,0.0,,,0.0,0.0,,0.0027283988893032074,,0.14897915720939636,,,0.011997366324067116,,0.0,,0.14172591269016266,,,,,,,,,,,,,
23,19779,,0.009319202974438667,,0.0,,0.09999264031648636,,0.0,,0.0,,,0.0,0.0,,0.0013672623317688704,,0.14456254243850708,,,0.006137130782008171,,0.0,,0.13068939745426178,,,,,,,,,,,,,
23,19789,,0.01750059798359871,,0.0,,0.10826543718576431,,0.0,,0.0,,,0.0,0.0,,0.004376017488539219,,0.15365196764469147,,,0.006384206935763359,,0.0,,0.14508911967277527,,,,,,,,,,,,,
23,19799,,0.016566140577197075,,0.0,,0.11089830845594406,,0.0,,0.0,,,0.0,0.0,,0.0030839252285659313,,0.14634963870048523,,,0.007692367769777775,,0.0,,0.14229518175125122,,,,,,,,,,,,,
23,19809,,0.009393991902470589,,0.0,,0.08776343613862991,,0.0,,0.0,,,0.0,0.0,,0.0017613120144233108,,0.1445627212524414,,,0.009723600000143051,,0.0,,0.12660253047943115,,,,,,,,,,,,,
23,19819,,0.014876220375299454,,0.0,,0.09839203208684921,,0.0,,0.0,,,0.0,0.0,,0.0024572741240262985,,0.14973178505897522,,,0.010815031826496124,,0.0,,0.13813616335391998,,,,,,,,,,,,,
23,19829,,0.010095280595123768,,0.0,,0.10644546896219254,,0.0,,0.0,,,0.0,0.0,,0.0013187493896111846,,0.14708390831947327,,,0.010548284277319908,,0.0,,0.13774584233760834,,,,,,,,,,,,,
23,19839,,0.006135841831564903,,0.0,,0.096942238509655,,0.0,,0.0,,,0.0,0.0,,0.0018493160605430603,,0.1453929841518402,,,0.01044425554573536,,0.0,,0.13038231432437897,,,,,,,,,,,,,
23,19849,,0.008551258593797684,,0.0,,0.10676850378513336,,0.0,,0.0,,,0.0,0.0,,0.0010733094532042742,,0.14679981768131256,,,0.021077781915664673,,0.0,,0.14213533699512482,,,,,,,,,,,,,
23,19859,,0.0064637865871191025,,0.0,,0.09645713120698929,,0.0,,0.0,,,0.0,0.0,,0.0007925895042717457,,0.1488582342863083,,,0.010266980156302452,,0.0,,0.131419375538826,,,,,,,,,,,,,
23,19869,,0.007616340648382902,,0.0,,0.09004923701286316,,0.0,,0.0,,,0.0,0.0,,0.0016331470105797052,,0.14151939749717712,,,0.014314491301774979,,0.0,,0.12756630778312683,,,,,,,,,,,,,
23,19879,,0.007981449365615845,,0.0,,0.1011488139629364,,0.0,,0.0,,,0.0,0.0,,0.0020503010600805283,,0.1466805636882782,,,0.011753927916288376,,0.0,,0.1348075270652771,,,,,,,,,,,,,
23,19889,,0.008824356831610203,,0.0,,0.10297343879938126,,0.0,,0.0,,,0.0,0.0,,0.0023543532006442547,,0.1440248191356659,,,0.010394329205155373,,0.0,,0.13428564369678497,,,,,,,,,,,,,
23,19899,,0.011037074029445648,,0.0,,0.10948674380779266,,0.0,,0.0,,,0.0,0.0,,0.002095447387546301,,0.14817214012145996,,,0.01113000139594078,,0.0,,0.1409607231616974,,,,,,,,,,,,,
23,19909,,0.012347766198217869,,0.0,,0.09956755489110947,,0.0,,0.0,,,0.0,0.0,,0.0019100768258795142,,0.14970043301582336,,,0.006438302807509899,,0.0,,0.13498207926750183,,,,,,,,,,,,,
23,19919,,0.014531438238918781,,0.0,,0.10807601362466812,,0.0,,0.0,,,0.0,0.0,,0.006687144748866558,,0.1558781862258911,,,0.02771722339093685,,0.0,,0.1564449965953827,,,,,,,,,,,,,
23,19929,,0.010066392831504345,,0.0,,0.10673004388809204,,0.0,,0.0,,,0.0,0.0,,0.002841509412974119,,0.15235169231891632,,,0.005784595385193825,,0.0,,0.13888710737228394,,,,,,,,,,,,,
23,19939,,0.009618092328310013,,0.0,,0.0870206207036972,,0.0,,0.0,,,0.0,0.0,,0.0013455025618895888,,0.1487225592136383,,,0.007758692372590303,,0.0,,0.12723273038864136,,,,,,,,,,,,,
23,19949,,0.007645745761692524,,0.0,,0.11401540786027908,,0.0,,0.0,,,0.0,0.0,,0.0013244186993688345,,0.14857205748558044,,,0.007540128659456968,,0.0,,0.1395488828420639,,,,,,,,,,,,,
23,19959,,0.009858589619398117,,0.0,,0.10662461817264557,,0.0,,0.0,,,0.0,0.0,,0.0038033551536500454,,0.14918233454227448,,,0.01477027591317892,,0.0,,0.14211957156658173,,,,,,,,,,,,,
23,19969,,0.00849410891532898,,0.0,,0.09776471555233002,,0.0,,0.0,,,0.0,0.0,,0.0014953743666410446,,0.1429036408662796,,,0.008430279791355133,,0.0,,0.12954404950141907,,,,,,,,,,,,,
23,19979,,0.008497938513755798,,0.0,,0.11519891023635864,,0.0,,0.0,,,0.0,0.0,,0.0015295585617423058,,0.1470775008201599,,,0.014801268465816975,,0.0,,0.14355258643627167,,,,,,,,,,,,,
23,19989,,0.010415734723210335,,0.0,,0.10088000446557999,,0.0,,0.0,,,0.0,0.0,,0.003110902849584818,,0.15270642936229706,,,0.00862603448331356,,0.0,,0.13786956667900085,,,,,,,,,,,,,
23,19999,,0.004554844461381435,,0.0,,0.09063827246427536,,0.0,,0.0,,,0.0,0.0,,0.0008803204400464892,,0.14106139540672302,,,0.013790313154459,,0.0,,0.1254625767469406,,,,,,,,,,,,,
23,20009,,0.010619846172630787,,0.0,,0.09932567179203033,,0.0,,0.0,,,0.0,0.0,,0.0018329400336369872,,0.14616400003433228,,,0.010175609961152077,,0.0,,0.13405902683734894,,,,,,,,,,,,,
23,20019,,0.006025327835232019,,0.0,,0.08890936523675919,,0.0,,0.0,,,0.0,0.0,,0.0010639263782650232,,0.14306004345417023,,,0.009040102362632751,,0.0,,0.12404938787221909,,,,,,,,,,,,,
23,20029,,0.006415604613721371,,0.0,,0.094820037484169,,0.0,,0.0,,,0.0,0.0,,0.0027446430176496506,,0.14935532212257385,,,0.005503176711499691,,0.0,,0.12941938638687134,,,,,,,,,,,,,
23,20039,,0.0069014644250273705,,0.0,,0.08758052438497543,,0.0,,0.0,,,0.0,0.0,,0.001544928178191185,,0.14730076491832733,,,0.01742408610880375,,0.0,,0.13037587702274323,,,,,,,,,,,,,
23,20049,,0.0131347281858325,,0.0,,0.10885589569807053,,0.0,,0.0,,,0.0,0.0,,0.0019496125169098377,,0.14756964147090912,,,0.008866893127560616,,0.0,,0.14018838107585907,,,,,,,,,,,,,
23,20059,,0.006743166595697403,,0.0,,0.09870417416095734,,0.0,,0.0,,,0.0,0.0,,0.0015736341010779142,,0.14243893325328827,,,0.012995229102671146,,0.0,,0.13122756779193878,,,,,,,,,,,,,
23,20069,,0.010465392842888832,,0.0,,0.104754239320755,,0.0,,0.0,,,0.0,0.0,,0.0015564284985885024,,0.14654849469661713,,,0.0179914403706789,,0.0,,0.14065799117088318,,,,,,,,,,,,,
23,20079,,0.012675094418227673,,0.0,,0.10200031101703644,,0.0,,0.0,,,0.0,0.0,,0.003839216660708189,,0.14299969375133514,,,0.00567715335637331,,0.0,,0.13359574973583221,,,,,,,,,,,,,
23,20089,,0.006787083577364683,,0.0,,0.0882425308227539,,0.0,,0.0,,,0.0,0.0,,0.0009796478552743793,,0.14837005734443665,,,0.016572676599025726,,0.0,,0.1304759979248047,,,,,,,,,,,,,
23,20099,,0.007353570312261581,,0.0,,0.09792196750640869,,0.0,,0.0,,,0.0,0.0,,0.001164682675153017,,0.1418026238679886,,,0.006178125739097595,,0.0,,0.12721049785614014,,,,,,,,,,,,,
23,20109,,0.010612402111291885,,0.0,,0.08301831036806107,,0.0,,0.0,,,0.0,0.0,,0.001966362353414297,,0.15346235036849976,,,0.01222559716552496,,0.0,,0.13064250349998474,,,,,,,,,,,,,
23,20119,,0.014040272682905197,,0.0,,0.12319174408912659,,0.0,,0.0,,,0.0,0.0,,0.0028753920923918486,,0.15132033824920654,,,0.007940741255879402,,0.0,,0.14968423545360565,,,,,,,,,,,,,
23,20129,,0.005468027666211128,,0.0,,0.078910693526268,,0.0,,0.0,,,0.0,0.0,,0.002190494444221258,,0.1433514803647995,,,0.025434177368879318,,0.0,,0.12767744064331055,,,,,,,,,,,,,
23,20139,,0.01081736572086811,,0.0,,0.10327588021755219,,0.0,,0.0,,,0.0,0.0,,0.0017479941016063094,,0.1442025601863861,,,0.013085414655506611,,0.0,,0.13656461238861084,,,,,,,,,,,,,
23,20149,,0.006469007581472397,,0.0,,0.08871590346097946,,0.0,,0.0,,,0.0,0.0,,0.0010434326250106096,,0.14545553922653198,,,0.007160877343267202,,0.0,,0.12442238628864288,,,,,,,,,,,,,
23,20159,,0.011190681718289852,,0.0,,0.07947658747434616,,0.0,,0.0,,,0.0,0.0,,0.0020806642714887857,,0.14327943325042725,,,0.01370159164071083,,0.0,,0.12486448138952255,,,,,,,,,,,,,
23,20169,,0.009789901785552502,,0.0,,0.09890716522932053,,0.0,,0.0,,,0.0,0.0,,0.0014929798198863864,,0.14595726132392883,,,0.010584944859147072,,0.0,,0.13336613774299622,,,,,,,,,,,,,
23,20179,,0.012198150157928467,,0.0,,0.1227906197309494,,0.0,,0.0,,,0.0,0.0,,0.0014487247681245208,,0.1492544263601303,,,0.01658935844898224,,0.0,,0.15114063024520874,,,,,,,,,,,,,
23,20189,,0.006174247711896896,,0.0,,0.0929771140217781,,0.0,,0.0,,,0.0,0.0,,0.0023994685616344213,,0.14315246045589447,,,0.008115306496620178,,0.0,,0.12640930712223053,,,,,,,,,,,,,
23,20199,,0.010897721163928509,,0.0,,0.114703468978405,,0.0,,0.0,,,0.0,0.0,,0.0017030618619173765,,0.14675793051719666,,,0.008520787581801414,,0.0,,0.14129148423671722,,,,,,,,,,,,,
23,20209,,0.012625291012227535,,0.0,,0.10538575053215027,,0.0,,0.0,,,0.0,0.0,,0.0030291136354207993,,0.14306437969207764,,,0.010117795318365097,,0.0,,0.13711115717887878,,,,,,,,,,,,,
23,20219,,0.007069661282002926,,0.0,,0.08996570855379105,,0.0,,0.0,,,0.0,0.0,,0.002439298201352358,,0.1430436670780182,,,0.017566926777362823,,0.0,,0.13004262745380402,,,,,,,,,,,,,
23,20229,,0.0035101748071610928,,0.0,,0.07061893492937088,,0.0,,0.0,,,0.0,0.0,,0.0017656510462984443,,0.14617247879505157,,,0.015918273478746414,,0.0,,0.11899276077747345,,,,,,,,,,,,,
23,20239,,0.015200681053102016,,0.0,,0.12264858931303024,,0.0,,0.0,,,0.0,0.0,,0.006768594495952129,,0.15082919597625732,,,0.010053034871816635,,0.0,,0.15275004506111145,,,,,,,,,,,,,
23,20249,,0.016366666182875633,,0.0,,0.1057523787021637,,0.0,,0.0,,,0.0,0.0,,0.0025113204028457403,,0.1506650447845459,,,0.012522791512310505,,0.0,,0.14390909671783447,,,,,,,,,,,,,
23,20259,,0.010891801677644253,,0.0,,0.10746502876281738,,0.0,,0.0,,,0.0,0.0,,0.0023060012608766556,,0.15140706300735474,,,0.007733716629445553,,0.0,,0.139901801943779,,,,,,,,,,,,,
23,20269,,0.010974626988172531,,0.0,,0.08477292954921722,,0.0,,0.0,,,0.0,0.0,,0.0018712393939495087,,0.1454717516899109,,,0.02079184725880623,,0.0,,0.13194119930267334,,,,,,,,,,,,,
23,20279,,0.005956193432211876,,0.0,,0.09093903005123138,,0.0,,0.0,,,0.0,0.0,,0.0012196404859423637,,0.14088761806488037,,,0.01133565790951252,,0.0,,0.1251690685749054,,,,,,,,,,,,,
23,20279,,,,,,,,,,,,,,,,,,,,,,,,,,0.061155498027801514,0.0,0.3262220323085785,0.0,0.0,0.0,0.0,0.03478970378637314,0.20679493248462677,0.3746711015701294,0.06154879182577133,0.0,0.5018166303634644
23,20279,0.009211353026330471,,0.0,,0.09675891697406769,,0.0,,0.0,,0.0,0.0,,,0.0019005093490704894,,0.1463753879070282,,0.012219146825373173,0.0021971319802105427,,0.0,,0.13323251903057098,,,,,,,,,,,,,,
24,20289,,0.008342677727341652,,0.0,,0.10063245892524719,,0.0,,0.0,,,0.0,0.0,,0.001093447208404541,,0.14168407022953033,,,0.010523892939090729,,0.0,,0.13113826513290405,,,,,,,,,,,,,
24,20299,,0.007328120060265064,,0.0,,0.09527753293514252,,0.0,,0.0,,,0.0,0.0,,0.0014925276627764106,,0.13990864157676697,,,0.015356721356511116,,0.0,,0.1296817809343338,,,,,,,,,,,,,
24,20309,,0.007301738020032644,,0.0,,0.08309461921453476,,0.0,,0.0,,,0.0,0.0,,0.0011471695033833385,,0.13960853219032288,,,0.011866013519465923,,0.0,,0.12150903791189194,,,,,,,,,,,,,
24,20319,,0.008027782663702965,,0.0,,0.08095499128103256,,0.0,,0.0,,,0.0,0.0,,0.0018593613058328629,,0.14398598670959473,,,0.009295753203332424,,0.0,,0.12206193804740906,,,,,,,,,,,,,
24,20329,,0.006750272586941719,,0.0,,0.0838959589600563,,0.0,,0.0,,,0.0,0.0,,0.0010802274337038398,,0.1474229395389557,,,0.022194985300302505,,0.0,,0.13067218661308289,,,,,,,,,,,,,
24,20339,,0.006272067315876484,,0.0,,0.07464277744293213,,0.0,,0.0,,,0.0,0.0,,0.0009538514423184097,,0.14669175446033478,,,0.018052276223897934,,0.0,,0.12330636382102966,,,,,,,,,,,,,
24,20349,,0.00973379984498024,,0.0,,0.09353838860988617,,0.0,,0.0,,,0.0,0.0,,0.0010896961903199553,,0.14674368500709534,,,0.011706231161952019,,0.0,,0.13140590488910675,,,,,,,,,,,,,
24,20359,,0.01028518658131361,,0.0,,0.09884198009967804,,0.0,,0.0,,,0.0,0.0,,0.0011597268749028444,,0.14302244782447815,,,0.010600515641272068,,0.0,,0.13195492327213287,,,,,,,,,,,,,
24,20369,,0.005906660109758377,,0.0,,0.06988328695297241,,0.0,,0.0,,,0.0,0.0,,0.0016627393197268248,,0.14530575275421143,,,0.024797556921839714,,0.0,,0.12377800047397614,,,,,,,,,,,,,
24,20379,,0.008491607382893562,,0.0,,0.095949687063694,,0.0,,0.0,,,0.0,0.0,,0.001205294393002987,,0.14752429723739624,,,0.013040082529187202,,0.0,,0.13310548663139343,,,,,,,,,,,,,
24,20389,,0.007512534968554974,,0.0,,0.09471176564693451,,0.0,,0.0,,,0.0,0.0,,0.001456831581890583,,0.14327624440193176,,,0.006013820879161358,,0.0,,0.12648560106754303,,,,,,,,,,,,,
24,20399,,0.011789434589445591,,0.0,,0.09325738251209259,,0.0,,0.0,,,0.0,0.0,,0.0027617679443210363,,0.1506211906671524,,,0.0067146229557693005,,0.0,,0.132572203874588,,,,,,,,,,,,,
24,20409,,0.017380552366375923,,0.0,,0.09977354109287262,,0.0,,0.0,,,0.0,0.0,,0.0025237994268536568,,0.15058746933937073,,,0.005998098757117987,,0.0,,0.1381317526102066,,,,,,,,,,,,,
24,20419,,0.007739062421023846,,0.0,,0.09368269890546799,,0.0,,0.0,,,0.0,0.0,,0.00140223721973598,,0.14885620772838593,,,0.008496787399053574,,0.0,,0.13008849322795868,,,,,,,,,,,,,
24,20429,,0.007256070151925087,,0.0,,0.08669323474168777,,0.0,,0.0,,,0.0,0.0,,0.0008055915823206306,,0.14605459570884705,,,0.005427803844213486,,0.0,,0.12311864644289017,,,,,,,,,,,,,
24,20439,,0.008167619816958904,,0.0,,0.09407767653465271,,0.0,,0.0,,,0.0,0.0,,0.001426374539732933,,0.14668923616409302,,,0.005217888858169317,,0.0,,0.12778939306735992,,,,,,,,,,,,,
24,20449,,0.01035735011100769,,0.0,,0.10432364791631699,,0.0,,0.0,,,0.0,0.0,,0.00264026690274477,,0.15143495798110962,,,0.009267320856451988,,0.0,,0.13901178538799286,,,,,,,,,,,,,
24,20459,,0.008049754425883293,,0.0,,0.09379036724567413,,0.0,,0.0,,,0.0,0.0,,0.0008100776467472315,,0.14700265228748322,,,0.007145892363041639,,0.0,,0.12839937210083008,,,,,,,,,,,,,
24,20469,,0.007386108860373497,,0.0,,0.08432368189096451,,0.0,,0.0,,,0.0,0.0,,0.001031151507049799,,0.1396234780550003,,,0.004589487798511982,,0.0,,0.11847694963216782,,,,,,,,,,,,,
24,20479,,0.009711471386253834,,0.0,,0.08617714792490005,,0.0,,0.0,,,0.0,0.0,,0.0015469844220206141,,0.14494705200195312,,,0.00870479829609394,,0.0,,0.1255437284708023,,,,,,,,,,,,,
24,20489,,0.006972611881792545,,0.0,,0.09359262138605118,,0.0,,0.0,,,0.0,0.0,,0.0008303410722874105,,0.14222076535224915,,,0.008167441934347153,,0.0,,0.12589187920093536,,,,,,,,,,,,,
24,20499,,0.009901429526507854,,0.0,,0.08659139275550842,,0.0,,0.0,,,0.0,0.0,,0.001650356687605381,,0.14462462067604065,,,0.013614242896437645,,0.0,,0.1281910240650177,,,,,,,,,,,,,
24,20509,,0.011381770484149456,,0.0,,0.09951222687959671,,0.0,,0.0,,,0.0,0.0,,0.002184024779126048,,0.1456809639930725,,,0.00489614624530077,,0.0,,0.13182756304740906,,,,,,,,,,,,,
24,20519,,0.0067605674266815186,,0.0,,0.07681850343942642,,0.0,,0.0,,,0.0,0.0,,0.0008084417204372585,,0.14639927446842194,,,0.006860777735710144,,0.0,,0.11882378906011581,,,,,,,,,,,,,
24,20529,,0.008079797960817814,,0.0,,0.09117099642753601,,0.0,,0.0,,,0.0,0.0,,0.0008596404222771525,,0.14434540271759033,,,0.008383889682590961,,0.0,,0.12641985714435577,,,,,,,,,,,,,
24,20539,,0.0034481282345950603,,0.0,,0.06400559097528458,,0.0,,0.0,,,0.0,0.0,,0.0006758968811482191,,0.14306093752384186,,,0.004915415309369564,,0.0,,0.10805299133062363,,,,,,,,,,,,,
24,20549,,0.00833695475012064,,0.0,,0.09193488955497742,,0.0,,0.0,,,0.0,0.0,,0.0013477606698870659,,0.14197885990142822,,,0.009473025798797607,,0.0,,0.12653574347496033,,,,,,,,,,,,,
24,20559,,0.008790274150669575,,0.0,,0.09248265624046326,,0.0,,0.0,,,0.0,0.0,,0.0009369721519760787,,0.1486208736896515,,,0.0050008706748485565,,0.0,,0.12791581451892853,,,,,,,,,,,,,
24,20569,,0.007574843242764473,,0.0,,0.08473285287618637,,0.0,,0.0,,,0.0,0.0,,0.001092153019271791,,0.14756068587303162,,,0.0047542499378323555,,0.0,,0.12285739183425903,,,,,,,,,,,,,
24,20579,,0.011622369289398193,,0.0,,0.09381822496652603,,0.0,,0.0,,,0.0,0.0,,0.0020551516208797693,,0.14693814516067505,,,0.00708856200799346,,0.0,,0.13076122105121613,,,,,,,,,,,,,
24,20589,,0.007016295567154884,,0.0,,0.09054413437843323,,0.0,,0.0,,,0.0,0.0,,0.0007571153109893203,,0.14454248547554016,,,0.0047492776066064835,,0.0,,0.12380465865135193,,,,,,,,,,,,,
24,20599,,0.011061510071158409,,0.0,,0.09781688451766968,,0.0,,0.0,,,0.0,0.0,,0.0016986553091555834,,0.14462652802467346,,,0.005987349897623062,,0.0,,0.13059546053409576,,,,,,,,,,,,,
24,20609,,0.014785906299948692,,0.0,,0.10785119980573654,,0.0,,0.0,,,0.0,0.0,,0.0015998852904886007,,0.1506800353527069,,,0.009676097892224789,,0.0,,0.14229656755924225,,,,,,,,,,,,,
24,20619,,0.00765442568808794,,0.0,,0.0835190936923027,,0.0,,0.0,,,0.0,0.0,,0.0011874581687152386,,0.1413024663925171,,,0.0059633320197463036,,0.0,,0.11981339007616043,,,,,,,,,,,,,
24,20629,,0.010211650282144547,,0.0,,0.0982341468334198,,0.0,,0.0,,,0.0,0.0,,0.001192929339595139,,0.1473892629146576,,,0.02734072506427765,,0.0,,0.14218434691429138,,,,,,,,,,,,,
24,20639,,0.006894458085298538,,0.0,,0.09161394834518433,,0.0,,0.0,,,0.0,0.0,,0.0006267988937906921,,0.14408814907073975,,,0.004782482050359249,,0.0,,0.12400291860103607,,,,,,,,,,,,,
24,20649,,0.00846077874302864,,0.0,,0.08333534747362137,,0.0,,0.0,,,0.0,0.0,,0.00215588859282434,,0.1423969268798828,,,0.006061052903532982,,0.0,,0.12120498716831207,,,,,,,,,,,,,
24,20659,,0.006435416638851166,,0.0,,0.07977531850337982,,0.0,,0.0,,,0.0,0.0,,0.0008026704890653491,,0.14331896603107452,,,0.006182737182825804,,0.0,,0.1182575523853302,,,,,,,,,,,,,
24,20669,,0.008667699992656708,,0.0,,0.09906448423862457,,0.0,,0.0,,,0.0,0.0,,0.002208105521276593,,0.14696229994297028,,,0.0074777849949896336,,0.0,,0.13219019770622253,,,,,,,,,,,,,
24,20679,,0.005240671336650848,,0.0,,0.07951449602842331,,0.0,,0.0,,,0.0,0.0,,0.0008227229118347168,,0.14759191870689392,,,0.006120529491454363,,0.0,,0.11964517831802368,,,,,,,,,,,,,
24,20689,,0.0049686124548316,,0.0,,0.07974980026483536,,0.0,,0.0,,,0.0,0.0,,0.0016440999461337924,,0.14577791094779968,,,0.006587715819478035,,0.0,,0.11936406791210175,,,,,,,,,,,,,
24,20699,,0.012096263468265533,,0.0,,0.10403382033109665,,0.0,,0.0,,,0.0,0.0,,0.0025457865558564663,,0.14970535039901733,,,0.013240779750049114,,0.0,,0.1408109962940216,,,,,,,,,,,,,
24,20709,,0.008111197501420975,,0.0,,0.08257235586643219,,0.0,,0.0,,,0.0,0.0,,0.0010950888972729445,,0.14346647262573242,,,0.004628933500498533,,0.0,,0.11993701756000519,,,,,,,,,,,,,
24,20719,,0.006982062011957169,,0.0,,0.095211923122406,,0.0,,0.0,,,0.0,0.0,,0.0010987232672050595,,0.14953483641147614,,,0.009693310596048832,,0.0,,0.1312604397535324,,,,,,,,,,,,,
24,20729,,0.012652112171053886,,0.0,,0.10325045138597488,,0.0,,0.0,,,0.0,0.0,,0.004286051262170076,,0.1436213105916977,,,0.006457464769482613,,0.0,,0.13513369858264923,,,,,,,,,,,,,
24,20739,,0.007055043242871761,,0.0,,0.08021705597639084,,0.0,,0.0,,,0.0,0.0,,0.0008738032774999738,,0.1446826457977295,,,0.005036438815295696,,0.0,,0.11893250048160553,,,,,,,,,,,,,
24,20749,,0.00741655845195055,,0.0,,0.08399174362421036,,0.0,,0.0,,,0.0,0.0,,0.0009337899973616004,,0.14331910014152527,,,0.009305168874561787,,0.0,,0.12248317897319794,,,,,,,,,,,,,
24,20759,,0.010983996093273163,,0.0,,0.0808999314904213,,0.0,,0.0,,,0.0,0.0,,0.0023411898873746395,,0.14892207086086273,,,0.005104939453303814,,0.0,,0.12412607669830322,,,,,,,,,,,,,
24,20769,,0.014028742909431458,,0.0,,0.10676727443933487,,0.0,,0.0,,,0.0,0.0,,0.0016562903765588999,,0.14555208384990692,,,0.005083261989057064,,0.0,,0.13654384016990662,,,,,,,,,,,,,
24,20779,,0.005913786590099335,,0.0,,0.07271502166986465,,0.0,,0.0,,,0.0,0.0,,0.0011972013162449002,,0.14573372900485992,,,0.004908433184027672,,0.0,,0.11523409187793732,,,,,,,,,,,,,
24,20789,,0.0035496780183166265,,0.0,,0.07083571702241898,,0.0,,0.0,,,0.0,0.0,,0.0005801978404633701,,0.1476738303899765,,,0.0042386408895254135,,0.0,,0.11343903094530106,,,,,,,,,,,,,
24,20799,,0.007540705613791943,,0.0,,0.08599774539470673,,0.0,,0.0,,,0.0,0.0,,0.0011854140320792794,,0.14497578144073486,,,0.007207849994301796,,0.0,,0.12345375120639801,,,,,,,,,,,,,
24,20809,,0.00995215680450201,,0.0,,0.09816829860210419,,0.0,,0.0,,,0.0,0.0,,0.0009437121916562319,,0.14539799094200134,,,0.008782874792814255,,0.0,,0.13162250816822052,,,,,,,,,,,,,
24,20819,,0.0077363671734929085,,0.0,,0.09092159569263458,,0.0,,0.0,,,0.0,0.0,,0.00112864188849926,,0.14681477844715118,,,0.009224869310855865,,0.0,,0.12791313230991364,,,,,,,,,,,,,
24,20829,,0.0078010959550738335,,0.0,,0.0824950784444809,,0.0,,0.0,,,0.0,0.0,,0.001010316307656467,,0.1457541584968567,,,0.007887560874223709,,0.0,,0.12247410416603088,,,,,,,,,,,,,
24,20839,,0.005601158831268549,,0.0,,0.07974182069301605,,0.0,,0.0,,,0.0,0.0,,0.0010808550287038088,,0.14686992764472961,,,0.01097602304071188,,0.0,,0.12213488668203354,,,,,,,,,,,,,
24,20849,,0.006420772057026625,,0.0,,0.0927388146519661,,0.0,,0.0,,,0.0,0.0,,0.0009041379089467227,,0.14265668392181396,,,0.008959325961768627,,0.0,,0.12583987414836884,,,,,,,,,,,,,
24,20859,,0.007283201441168785,,0.0,,0.07699098438024521,,0.0,,0.0,,,0.0,0.0,,0.0010607477743178606,,0.147860586643219,,,0.009653969667851925,,0.0,,0.12142474949359894,,,,,,,,,,,,,
24,20869,,0.008804067969322205,,0.0,,0.0940994918346405,,0.0,,0.0,,,0.0,0.0,,0.0014052775222808123,,0.14888405799865723,,,0.005060499534010887,,0.0,,0.1291266828775406,,,,,,,,,,,,,
24,20879,,0.009615332819521427,,0.0,,0.09313125163316727,,0.0,,0.0,,,0.0,0.0,,0.002010262105613947,,0.1462550163269043,,,0.006700518075376749,,0.0,,0.12885618209838867,,,,,,,,,,,,,
24,20889,,0.007241088431328535,,0.0,,0.08461253345012665,,0.0,,0.0,,,0.0,0.0,,0.0030629427637904882,,0.1496652066707611,,,0.010161235928535461,,0.0,,0.12737150490283966,,,,,,,,,,,,,
24,20899,,0.008016929030418396,,0.0,,0.07775532454252243,,0.0,,0.0,,,0.0,0.0,,0.0020629349164664745,,0.15091988444328308,,,0.010293373838067055,,0.0,,0.12452422827482224,,,,,,,,,,,,,
24,20909,,0.006826172117143869,,0.0,,0.08348865807056427,,0.0,,0.0,,,0.0,0.0,,0.001003723475150764,,0.14972352981567383,,,0.007445529103279114,,0.0,,0.12424381077289581,,,,,,,,,,,,,
24,20919,,0.007429804652929306,,0.0,,0.07832100987434387,,0.0,,0.0,,,0.0,0.0,,0.002011748729273677,,0.14822828769683838,,,0.006108961068093777,,0.0,,0.1210499033331871,,,,,,,,,,,,,
24,20929,,0.009069940075278282,,0.0,,0.08753437548875809,,0.0,,0.0,,,0.0,0.0,,0.0011427451390773058,,0.1430085301399231,,,0.004803488031029701,,0.0,,0.12277953326702118,,,,,,,,,,,,,
24,20939,,0.006709194742143154,,0.0,,0.09242275357246399,,0.0,,0.0,,,0.0,0.0,,0.0009583529899828136,,0.14292791485786438,,,0.01519591361284256,,0.0,,0.1291070580482483,,,,,,,,,,,,,
24,20949,,0.006283730734139681,,0.0,,0.08040700852870941,,0.0,,0.0,,,0.0,0.0,,0.0008359479252249002,,0.14887484908103943,,,0.006095881573855877,,0.0,,0.12124871462583542,,,,,,,,,,,,,
24,20959,,0.004733801353722811,,0.0,,0.08012694120407104,,0.0,,0.0,,,0.0,0.0,,0.00045915445662103593,,0.14384081959724426,,,0.010974629782140255,,0.0,,0.12006767094135284,,,,,,,,,,,,,
24,20969,,0.015291152521967888,,0.0,,0.0956106036901474,,0.0,,0.0,,,0.0,0.0,,0.002883622422814369,,0.15028458833694458,,,0.004337392747402191,,0.0,,0.13420367240905762,,,,,,,,,,,,,
24,20979,,0.018626149743795395,,0.0,,0.11157655715942383,,0.0,,0.0,,,0.0,0.0,,0.0034633330069482327,,0.14862269163131714,,,0.010833699256181717,,0.0,,0.14656122028827667,,,,,,,,,,,,,
24,20989,,0.007249352056533098,,0.0,,0.08537622541189194,,0.0,,0.0,,,0.0,0.0,,0.0010772544192150235,,0.14678432047367096,,,0.013895481824874878,,0.0,,0.12719130516052246,,,,,,,,,,,,,
24,20999,,0.006274382583796978,,0.0,,0.08938289433717728,,0.0,,0.0,,,0.0,0.0,,0.0008929496980272233,,0.14685872197151184,,,0.0077330246567726135,,0.0,,0.12557098269462585,,,,,,,,,,,,,
24,21009,,0.00503422599285841,,0.0,,0.08667144924402237,,0.0,,0.0,,,0.0,0.0,,0.0007177248480729759,,0.1432293951511383,,,0.008606822229921818,,0.0,,0.12212980538606644,,,,,,,,,,,,,
24,21019,,0.007501621730625629,,0.0,,0.08990433067083359,,0.0,,0.0,,,0.0,0.0,,0.0008263443014584482,,0.14570599794387817,,,0.006307663396000862,,0.0,,0.12512297928333282,,,,,,,,,,,,,
24,21029,,0.005984236020594835,,0.0,,0.09085285663604736,,0.0,,0.0,,,0.0,0.0,,0.0007949021528474987,,0.14695274829864502,,,0.0068808551877737045,,0.0,,0.12573279440402985,,,,,,,,,,,,,
24,21039,,0.0057656243443489075,,0.0,,0.08024855703115463,,0.0,,0.0,,,0.0,0.0,,0.001732589676976204,,0.14170390367507935,,,0.008350642397999763,,0.0,,0.11890065670013428,,,,,,,,,,,,,
24,21049,,0.009370878338813782,,0.0,,0.0757029727101326,,0.0,,0.0,,,0.0,0.0,,0.002049438189715147,,0.14564552903175354,,,0.02124321088194847,,0.0,,0.12700600922107697,,,,,,,,,,,,,
24,21059,,0.010693334974348545,,0.0,,0.10187031328678131,,0.0,,0.0,,,0.0,0.0,,0.0019530968274921179,,0.14544054865837097,,,0.010149172507226467,,0.0,,0.13505323231220245,,,,,,,,,,,,,
24,21069,,0.0069590299390256405,,0.0,,0.09893326461315155,,0.0,,0.0,,,0.0,0.0,,0.0009765186696313322,,0.14556846022605896,,,0.008648784831166267,,0.0,,0.1305430382490158,,,,,,,,,,,,,
24,21079,,0.007667910307645798,,0.0,,0.07931343466043472,,0.0,,0.0,,,0.0,0.0,,0.0009875623509287834,,0.14244994521141052,,,0.01549559272825718,,0.0,,0.12295722216367722,,,,,,,,,,,,,
24,21089,,0.010092543438076973,,0.0,,0.09134814888238907,,0.0,,0.0,,,0.0,0.0,,0.0012825129088014364,,0.1477643847465515,,,0.0057241362519562244,,0.0,,0.12810584902763367,,,,,,,,,,,,,
24,21099,,0.00518241198733449,,0.0,,0.07499252259731293,,0.0,,0.0,,,0.0,0.0,,0.0007367657381109893,,0.1489625722169876,,,0.006824973039329052,,0.0,,0.11834962666034698,,,,,,,,,,,,,
24,21109,,0.012556107714772224,,0.0,,0.09390474110841751,,0.0,,0.0,,,0.0,0.0,,0.001514551928266883,,0.14813098311424255,,,0.005073055624961853,,0.0,,0.13058972358703613,,,,,,,,,,,,,
24,21119,,0.006202843505889177,,0.0,,0.08532495051622391,,0.0,,0.0,,,0.0,0.0,,0.0016465007793158293,,0.14383302628993988,,,0.0053511932492256165,,0.0,,0.12117926776409149,,,,,,,,,,,,,
24,21124,,,,,,,,,,,,,,,,,,,,,,,,,,0.0629163384437561,0.0,0.3372100591659546,0.0,0.0,0.0,0.0,0.03553079441189766,0.20885421335697174,0.3640991449356079,0.05939190834760666,0.0,0.5043053030967712
24,21124,0.008545788004994392,,0.0,,0.08954457193613052,,0.0,,0.0,,0.0,0.0,,,0.0013936907052993774,,0.14560838043689728,,0.009422659873962402,0.0017631207592785358,,0.0,,0.1272575706243515,,,,,,,,,,,,,,
25,21129,,0.010074726305902004,,0.0,,0.09131778031587601,,0.0,,0.0,,,0.0,0.0,,0.0016258140094578266,,0.1492343544960022,,,0.006954412441700697,,0.0,,0.1296035349369049,,,,,,,,,,,,,
25,21139,,0.006489246152341366,,0.0,,0.07887724041938782,,0.0,,0.0,,,0.0,0.0,,0.0008194092661142349,,0.1462831050157547,,,0.007382606156170368,,0.0,,0.11992580443620682,,,,,,,,,,,,,
25,21149,,0.007778561674058437,,0.0,,0.09964990615844727,,0.0,,0.0,,,0.0,0.0,,0.0008304741932079196,,0.14447763562202454,,,0.006924890447407961,,0.0,,0.1298307329416275,,,,,,,,,,,,,
25,21159,,0.02059396728873253,,0.0,,0.10813858360052109,,0.0,,0.0,,,0.0,0.0,,0.003095229621976614,,0.15252342820167542,,,0.01344696432352066,,0.0,,0.14889909327030182,,,,,,,,,,,,,
25,21169,,0.009038563817739487,,0.0,,0.08418449759483337,,0.0,,0.0,,,0.0,0.0,,0.001245022052899003,,0.14750581979751587,,,0.008221445605158806,,0.0,,0.12509767711162567,,,,,,,,,,,,,
25,21179,,0.00632628146559,,0.0,,0.07231242954730988,,0.0,,0.0,,,0.0,0.0,,0.0009927034843713045,,0.14433513581752777,,,0.006212384440004826,,0.0,,0.11508946865797043,,,,,,,,,,,,,
25,21189,,0.008995728567242622,,0.0,,0.08945830911397934,,0.0,,0.0,,,0.0,0.0,,0.0011011295719072223,,0.14481398463249207,,,0.013381828553974628,,0.0,,0.1288754940032959,,,,,,,,,,,,,
25,21199,,0.00844106636941433,,0.0,,0.0787443295121193,,0.0,,0.0,,,0.0,0.0,,0.001192680443637073,,0.14470401406288147,,,0.0036740524228662252,,0.0,,0.11837805807590485,,,,,,,,,,,,,
25,21209,,0.00844636932015419,,0.0,,0.08684895187616348,,0.0,,0.0,,,0.0,0.0,,0.0009002693695947528,,0.14328548312187195,,,0.00821663811802864,,0.0,,0.12384884804487228,,,,,,,,,,,,,
25,21219,,0.0066889310255646706,,0.0,,0.08883059024810791,,0.0,,0.0,,,0.0,0.0,,0.0011791193392127752,,0.14079312980175018,,,0.013386107981204987,,0.0,,0.12543894350528717,,,,,,,,,,,,,
25,21229,,0.0074196127243340015,,0.0,,0.08787679672241211,,0.0,,0.0,,,0.0,0.0,,0.0009146396769210696,,0.1427331566810608,,,0.010110978037118912,,0.0,,0.12452758848667145,,,,,,,,,,,,,
25,21239,,0.005153315141797066,,0.0,,0.0701603814959526,,0.0,,0.0,,,0.0,0.0,,0.001731631113216281,,0.14472459256649017,,,0.004738421645015478,,0.0,,0.11325416713953018,,,,,,,,,,,,,
25,21249,,0.0036641403567045927,,0.0,,0.07257433980703354,,0.0,,0.0,,,0.0,0.0,,0.000503264251165092,,0.1452118307352066,,,0.006284928414970636,,0.0,,0.11411923915147781,,,,,,,,,,,,,
25,21259,,0.007678534369915724,,0.0,,0.08898868411779404,,0.0,,0.0,,,0.0,0.0,,0.0011548257898539305,,0.14136308431625366,,,0.006083840504288673,,0.0,,0.12263449281454086,,,,,,,,,,,,,
25,21269,,0.0059080570936203,,0.0,,0.08984825760126114,,0.0,,0.0,,,0.0,0.0,,0.0006243959069252014,,0.14528289437294006,,,0.006430713459849358,,0.0,,0.1240471601486206,,,,,,,,,,,,,
25,21279,,0.004817306995391846,,0.0,,0.06791101396083832,,0.0,,0.0,,,0.0,0.0,,0.0008558362605981529,,0.14419440925121307,,,0.006707367952913046,,0.0,,0.11224296689033508,,,,,,,,,,,,,
25,21289,,0.010895051062107086,,0.0,,0.09728926420211792,,0.0,,0.0,,,0.0,0.0,,0.0015810754848644137,,0.1477717161178589,,,0.011436550877988338,,0.0,,0.1344868242740631,,,,,,,,,,,,,
25,21299,,0.005064498633146286,,0.0,,0.08448375016450882,,0.0,,0.0,,,0.0,0.0,,0.0005798768834210932,,0.14347884058952332,,,0.007373759988695383,,0.0,,0.12049036473035812,,,,,,,,,,,,,
25,21309,,0.01191086508333683,,0.0,,0.09015940129756927,,0.0,,0.0,,,0.0,0.0,,0.0011923848651349545,,0.145391047000885,,,0.005965628661215305,,0.0,,0.1273096650838852,,,,,,,,,,,,,
25,21319,,0.008317777886986732,,0.0,,0.09740173816680908,,0.0,,0.0,,,0.0,0.0,,0.0016727781621739268,,0.14667096734046936,,,0.005614832974970341,,0.0,,0.12983904778957367,,,,,,,,,,,,,
25,21329,,0.01242468599230051,,0.0,,0.10106468945741653,,0.0,,0.0,,,0.0,0.0,,0.002749416045844555,,0.1487218588590622,,,0.015749597921967506,,0.0,,0.14035512506961823,,,,,,,,,,,,,
25,21339,,0.009425384923815727,,0.0,,0.08516153693199158,,0.0,,0.0,,,0.0,0.0,,0.0012366886949166656,,0.14814677834510803,,,0.0047202762216329575,,0.0,,0.1243453323841095,,,,,,,,,,,,,
25,21349,,0.006909417919814587,,0.0,,0.07716067135334015,,0.0,,0.0,,,0.0,0.0,,0.0012454091338440776,,0.14794772863388062,,,0.01695723831653595,,0.0,,0.12511023879051208,,,,,,,,,,,,,
25,21359,,0.00860724225640297,,0.0,,0.09893935918807983,,0.0,,0.0,,,0.0,0.0,,0.0010246149031445384,,0.1492360532283783,,,0.00438278540968895,,0.0,,0.1310950219631195,,,,,,,,,,,,,
25,21369,,0.007658627815544605,,0.0,,0.08225725591182709,,0.0,,0.0,,,0.0,0.0,,0.001138792373239994,,0.13969090580940247,,,0.0036366181448101997,,0.0,,0.11719109863042831,,,,,,,,,,,,,
25,21379,,0.009471606463193893,,0.0,,0.08590806275606155,,0.0,,0.0,,,0.0,0.0,,0.0020925581920892,,0.14448492228984833,,,0.004978775046765804,,0.0,,0.12346796691417694,,,,,,,,,,,,,
25,21389,,0.006661104504019022,,0.0,,0.0752602145075798,,0.0,,0.0,,,0.0,0.0,,0.0017218453576788306,,0.14086413383483887,,,0.005051713436841965,,0.0,,0.1147795096039772,,,,,,,,,,,,,
25,21399,,0.007830054499208927,,0.0,,0.08054856956005096,,0.0,,0.0,,,0.0,0.0,,0.001203751191496849,,0.14814132452011108,,,0.005427968688309193,,0.0,,0.12157583236694336,,,,,,,,,,,,,
25,21409,,0.008526833727955818,,0.0,,0.110621877014637,,0.0,,0.0,,,0.0,0.0,,0.0009823150467127562,,0.1459696888923645,,,0.022346533834934235,,0.0,,0.14422361552715302,,,,,,,,,,,,,
25,21419,,0.004162333905696869,,0.0,,0.0766872763633728,,0.0,,0.0,,,0.0,0.0,,0.0004437754105310887,,0.1459263414144516,,,0.004567408002912998,,0.0,,0.11589356511831284,,,,,,,,,,,,,
25,21429,,0.016052279621362686,,0.0,,0.1045495942234993,,0.0,,0.0,,,0.0,0.0,,0.0037007606588304043,,0.14971306920051575,,,0.008818148635327816,,0.0,,0.14141692221164703,,,,,,,,,,,,,
25,21439,,0.008882945403456688,,0.0,,0.07759037613868713,,0.0,,0.0,,,0.0,0.0,,0.0011839414946734905,,0.14965036511421204,,,0.004893559031188488,,0.0,,0.12110058963298798,,,,,,,,,,,,,
25,21449,,0.011977223679423332,,0.0,,0.08473318815231323,,0.0,,0.0,,,0.0,0.0,,0.002133443485945463,,0.14766862988471985,,,0.009686603210866451,,0.0,,0.12809954583644867,,,,,,,,,,,,,
25,21459,,0.005358773749321699,,0.0,,0.07493734359741211,,0.0,,0.0,,,0.0,0.0,,0.0005885941791348159,,0.1438143402338028,,,0.006045375484973192,,0.0,,0.11537221074104309,,,,,,,,,,,,,
25,21469,,0.004535887856036425,,0.0,,0.07820218056440353,,0.0,,0.0,,,0.0,0.0,,0.0011846700217574835,,0.14214903116226196,,,0.006228988990187645,,0.0,,0.1161503791809082,,,,,,,,,,,,,
25,21479,,0.006800725590437651,,0.0,,0.07760695368051529,,0.0,,0.0,,,0.0,0.0,,0.0008685476495884359,,0.1427520215511322,,,0.009063957259058952,,0.0,,0.11854609847068787,,,,,,,,,,,,,
25,21489,,0.00898364931344986,,0.0,,0.09629972279071808,,0.0,,0.0,,,0.0,0.0,,0.002035177778452635,,0.1449861228466034,,,0.007093764841556549,,0.0,,0.1296992152929306,,,,,,,,,,,,,
25,21499,,0.014110038056969643,,0.0,,0.07798082381486893,,0.0,,0.0,,,0.0,0.0,,0.002825874835252762,,0.143897145986557,,,0.005532717797905207,,0.0,,0.12217329442501068,,,,,,,,,,,,,
25,21509,,0.008002693764865398,,0.0,,0.08857879042625427,,0.0,,0.0,,,0.0,0.0,,0.0008778980700299144,,0.14396177232265472,,,0.006573237478733063,,0.0,,0.12399719655513763,,,,,,,,,,,,,
25,21519,,0.007022439502179623,,0.0,,0.08084657788276672,,0.0,,0.0,,,0.0,0.0,,0.0006600478664040565,,0.1464630514383316,,,0.00522981770336628,,0.0,,0.12011096626520157,,,,,,,,,,,,,
25,21529,,0.005585967097431421,,0.0,,0.08381256461143494,,0.0,,0.0,,,0.0,0.0,,0.00073903554584831,,0.14734280109405518,,,0.0030624691862612963,,0.0,,0.12027142196893692,,,,,,,,,,,,,
25,21539,,0.0064357272349298,,0.0,,0.07949751615524292,,0.0,,0.0,,,0.0,0.0,,0.0008588015916757286,,0.1441449522972107,,,0.0076833441853523254,,0.0,,0.1193101704120636,,,,,,,,,,,,,
25,21549,,0.00688190059736371,,0.0,,0.08350826054811478,,0.0,,0.0,,,0.0,0.0,,0.0013951277360320091,,0.14374719560146332,,,0.0047493427991867065,,0.0,,0.1201409175992012,,,,,,,,,,,,,
25,21559,,0.004979423247277737,,0.0,,0.07930172979831696,,0.0,,0.0,,,0.0,0.0,,0.0005642182077281177,,0.14582720398902893,,,0.010143738240003586,,0.0,,0.12040815502405167,,,,,,,,,,,,,
25,21569,,0.008992726914584637,,0.0,,0.09430740028619766,,0.0,,0.0,,,0.0,0.0,,0.001588995917700231,,0.14700256288051605,,,0.009282220155000687,,0.0,,0.13058696687221527,,,,,,,,,,,,,
25,21579,,0.006011426914483309,,0.0,,0.07120169699192047,,0.0,,0.0,,,0.0,0.0,,0.0007366451318375766,,0.14305798709392548,,,0.007473956793546677,,0.0,,0.1142408549785614,,,,,,,,,,,,,
25,21589,,0.006880204193294048,,0.0,,0.08583585917949677,,0.0,,0.0,,,0.0,0.0,,0.000672602909617126,,0.13792437314987183,,,0.013092759996652603,,0.0,,0.12220290303230286,,,,,,,,,,,,,
25,21599,,0.011760908178985119,,0.0,,0.10466673970222473,,0.0,,0.0,,,0.0,0.0,,0.0013601545942947268,,0.15265315771102905,,,0.0038955151103436947,,0.0,,0.13716824352741241,,,,,,,,,,,,,
25,21609,,0.007434626575559378,,0.0,,0.09938658773899078,,0.0,,0.0,,,0.0,0.0,,0.001227881759405136,,0.14210198819637299,,,0.003947691060602665,,0.0,,0.12704938650131226,,,,,,,,,,,,,
25,21619,,0.016368700191378593,,0.0,,0.11080269515514374,,0.0,,0.0,,,0.0,0.0,,0.0020035577472299337,,0.14878521859645844,,,0.004705752246081829,,0.0,,0.1413329541683197,,,,,,,,,,,,,
25,21629,,0.009696351364254951,,0.0,,0.08252368122339249,,0.0,,0.0,,,0.0,0.0,,0.0013218586100265384,,0.14473170042037964,,,0.01683790609240532,,0.0,,0.1275557428598404,,,,,,,,,,,,,
25,21639,,0.00893029198050499,,0.0,,0.0941593199968338,,0.0,,0.0,,,0.0,0.0,,0.0015585710061714053,,0.14659199118614197,,,0.012442976236343384,,0.0,,0.13184157013893127,,,,,,,,,,,,,
25,21649,,0.005731743760406971,,0.0,,0.0990900844335556,,0.0,,0.0,,,0.0,0.0,,0.0008467369480058551,,0.1438756287097931,,,0.007893691770732403,,0.0,,0.12871894240379333,,,,,,,,,,,,,
25,21659,,0.011070137843489647,,0.0,,0.09832271188497543,,0.0,,0.0,,,0.0,0.0,,0.001149820163846016,,0.15057997405529022,,,0.010595379397273064,,0.0,,0.13585901260375977,,,,,,,,,,,,,
25,21669,,0.0069987159222364426,,0.0,,0.08910930156707764,,0.0,,0.0,,,0.0,0.0,,0.0008488494786433876,,0.15009276568889618,,,0.006029727403074503,,0.0,,0.1265396773815155,,,,,,,,,,,,,
25,21679,,0.00662659015506506,,0.0,,0.08372573554515839,,0.0,,0.0,,,0.0,0.0,,0.0007038875482976437,,0.1436988115310669,,,0.006036792881786823,,0.0,,0.12039590626955032,,,,,,,,,,,,,
25,21689,,0.008186271414160728,,0.0,,0.07684513181447983,,0.0,,0.0,,,0.0,0.0,,0.0012226279359310865,,0.14402253925800323,,,0.0052912174724042416,,0.0,,0.11778388917446136,,,,,,,,,,,,,
25,21699,,0.009773630648851395,,0.0,,0.09426268935203552,,0.0,,0.0,,,0.0,0.0,,0.001407442381605506,,0.1435387134552002,,,0.004048106726258993,,0.0,,0.12651528418064117,,,,,,,,,,,,,
25,21709,,0.009138615801930428,,0.0,,0.08511745184659958,,0.0,,0.0,,,0.0,0.0,,0.0011911351466551423,,0.14263193309307098,,,0.006941751576960087,,0.0,,0.12251044064760208,,,,,,,,,,,,,
25,21719,,0.007126589305698872,,0.0,,0.0852065235376358,,0.0,,0.0,,,0.0,0.0,,0.0010338348802179098,,0.14098066091537476,,,0.004186543170362711,,0.0,,0.1192670688033104,,,,,,,,,,,,,
25,21729,,0.0071399942971765995,,0.0,,0.0909125804901123,,0.0,,0.0,,,0.0,0.0,,0.000735732726752758,,0.14425420761108398,,,0.01027537602931261,,0.0,,0.12665894627571106,,,,,,,,,,,,,
25,21739,,0.006844069808721542,,0.0,,0.07796929031610489,,0.0,,0.0,,,0.0,0.0,,0.0010660813422873616,,0.1486741602420807,,,0.0035302601754665375,,0.0,,0.11904193460941315,,,,,,,,,,,,,
25,21749,,0.012437032535672188,,0.0,,0.08791633695363998,,0.0,,0.0,,,0.0,0.0,,0.0015889521455392241,,0.14683830738067627,,,0.008425319567322731,,0.0,,0.1286029815673828,,,,,,,,,,,,,
25,21759,,0.007038623560220003,,0.0,,0.0993727296590805,,0.0,,0.0,,,0.0,0.0,,0.0018446361646056175,,0.14755061268806458,,,0.008075986057519913,,0.0,,0.1319413036108017,,,,,,,,,,,,,
25,21769,,0.006650375202298164,,0.0,,0.0844249278306961,,0.0,,0.0,,,0.0,0.0,,0.0010108549613505602,,0.14218328893184662,,,0.004806999117136002,,0.0,,0.11953821778297424,,,,,,,,,,,,,
25,21779,,0.005443176254630089,,0.0,,0.08750269562005997,,0.0,,0.0,,,0.0,0.0,,0.0004284208989702165,,0.14459288120269775,,,0.009992292150855064,,0.0,,0.12397972494363785,,,,,,,,,,,,,
25,21789,,0.006167071871459484,,0.0,,0.07357271760702133,,0.0,,0.0,,,0.0,0.0,,0.001278526964597404,,0.14520490169525146,,,0.016107097268104553,,0.0,,0.12116515636444092,,,,,,,,,,,,,
25,21799,,0.007073969580233097,,0.0,,0.07323426008224487,,0.0,,0.0,,,0.0,0.0,,0.0012018366251140833,,0.1443062722682953,,,0.012487449683248997,,0.0,,0.11915189772844315,,,,,,,,,,,,,
25,21809,,0.008755674585700035,,0.0,,0.0811375305056572,,0.0,,0.0,,,0.0,0.0,,0.0013455081498250365,,0.1472642570734024,,,0.013582650572061539,,0.0,,0.12604281306266785,,,,,,,,,,,,,
25,21819,,0.006609789095818996,,0.0,,0.07543488591909409,,0.0,,0.0,,,0.0,0.0,,0.0015470355283468962,,0.14504697918891907,,,0.004624471999704838,,0.0,,0.11663158237934113,,,,,,,,,,,,,
25,21829,,0.013061005622148514,,0.0,,0.09089621901512146,,0.0,,0.0,,,0.0,0.0,,0.002018329920247197,,0.14310628175735474,,,0.004460982047021389,,0.0,,0.12677140533924103,,,,,,,,,,,,,
25,21839,,0.00534492963925004,,0.0,,0.0797564759850502,,0.0,,0.0,,,0.0,0.0,,0.0006768553867004812,,0.14329928159713745,,,0.0041402792558074,,0.0,,0.11660890281200409,,,,,,,,,,,,,
25,21849,,0.009987733326852322,,0.0,,0.09525198489427567,,0.0,,0.0,,,0.0,0.0,,0.0016829653177410364,,0.14767029881477356,,,0.008816937915980816,,0.0,,0.13170495629310608,,,,,,,,,,,,,
25,21859,,0.009177235886454582,,0.0,,0.09163248538970947,,0.0,,0.0,,,0.0,0.0,,0.0016282325377687812,,0.14233671128749847,,,0.021590333431959152,,0.0,,0.13318249583244324,,,,,,,,,,,,,
25,21869,,0.0070112524554133415,,0.0,,0.08290569484233856,,0.0,,0.0,,,0.0,0.0,,0.0014676544815301895,,0.1465277224779129,,,0.019907429814338684,,0.0,,0.1289098858833313,,,,,,,,,,,,,
25,21879,,0.006444108672440052,,0.0,,0.0929519459605217,,0.0,,0.0,,,0.0,0.0,,0.0008161179139278829,,0.1427832990884781,,,0.006110618356615305,,0.0,,0.12455304712057114,,,,,,,,,,,,,
25,21889,,0.0046866415068507195,,0.0,,0.09398000687360764,,0.0,,0.0,,,0.0,0.0,,0.0005516363307833672,,0.14222420752048492,,,0.014683275483548641,,0.0,,0.1280628740787506,,,,,,,,,,,,,
25,21899,,0.013027452863752842,,0.0,,0.09018903970718384,,0.0,,0.0,,,0.0,0.0,,0.002444729208946228,,0.1465299129486084,,,0.00489170802757144,,0.0,,0.12854140996932983,,,,,,,,,,,,,
25,21909,,0.01131886150687933,,0.0,,0.10690456628799438,,0.0,,0.0,,,0.0,0.0,,0.0011882452527061105,,0.1486298143863678,,,0.01011587679386139,,0.0,,0.13907867670059204,,,,,,,,,,,,,
25,21919,,0.007576102390885353,,0.0,,0.09714705497026443,,0.0,,0.0,,,0.0,0.0,,0.001912789884954691,,0.1447790563106537,,,0.00583573617041111,,0.0,,0.12862537801265717,,,,,,,,,,,,,
25,21929,,0.00833465438336134,,0.0,,0.09355393797159195,,0.0,,0.0,,,0.0,0.0,,0.0014581559225916862,,0.1458703875541687,,,0.008961048908531666,,0.0,,0.1290890872478485,,,,,,,,,,,,,
25,21939,,0.006106897722929716,,0.0,,0.08907344192266464,,0.0,,0.0,,,0.0,0.0,,0.0017007810529321432,,0.14018681645393372,,,0.014022551476955414,,0.0,,0.12554524838924408,,,,,,,,,,,,,
25,21949,,0.007636362221091986,,0.0,,0.08633524179458618,,0.0,,0.0,,,0.0,0.0,,0.0009898267453536391,,0.14193540811538696,,,0.0055885110050439835,,0.0,,0.12124267965555191,,,,,,,,,,,,,
25,21959,,0.011503866873681545,,0.0,,0.08537691831588745,,0.0,,0.0,,,0.0,0.0,,0.0013493270380422473,,0.14744067192077637,,,0.013526787981390953,,0.0,,0.12959878146648407,,,,,,,,,,,,,
25,21969,,0.004010911099612713,,0.0,,0.07041193544864655,,0.0,,0.0,,,0.0,0.0,,0.0009268017020076513,,0.14353087544441223,,,0.00785994715988636,,0.0,,0.11337023973464966,,,,,,,,,,,,,
25,21969,,,,,,,,,,,,,,,,,,,,,,,,,,0.06256614625453949,0.0,0.3336670696735382,0.0,0.0,0.0,0.0,0.03577214106917381,0.20914505422115326,0.36145713925361633,0.0591430589556694,0.0,0.5013037919998169
25,21969,0.008245562203228474,,0.0,,0.0859847292304039,,0.0,,0.0,,0.0,0.0,,,0.0013015177100896835,,0.14534874260425568,,0.008788813836872578,0.0016746500041335821,,0.0,,0.1248345747590065,,,,,,,,,,,,,,
26,21979,,0.008710972964763641,,0.0,,0.08247368037700653,,0.0,,0.0,,,0.0,0.0,,0.001326424884609878,,0.14694568514823914,,,0.009375403635203838,,0.0,,0.12441608309745789,,,,,,,,,,,,,
26,21989,,0.007156535051763058,,0.0,,0.0900900810956955,,0.0,,0.0,,,0.0,0.0,,0.0018894285894930363,,0.13973680138587952,,,0.004418594762682915,,0.0,,0.1216457188129425,,,,,,,,,,,,,
26,21999,,0.008086515590548515,,0.0,,0.06973379105329514,,0.0,,0.0,,,0.0,0.0,,0.0012221545912325382,,0.14517037570476532,,,0.004363013431429863,,0.0,,0.11428792029619217,,,,,,,,,,,,,
26,22009,,0.012371480464935303,,0.0,,0.08887338638305664,,0.0,,0.0,,,0.0,0.0,,0.0032564697321504354,,0.14849591255187988,,,0.02497052401304245,,0.0,,0.13898389041423798,,,,,,,,,,,,,
26,22019,,0.009334406815469265,,0.0,,0.09952124953269958,,0.0,,0.0,,,0.0,0.0,,0.002054585376754403,,0.14463356137275696,,,0.006887177936732769,,0.0,,0.13121548295021057,,,,,,,,,,,,,
26,22029,,0.007452021352946758,,0.0,,0.0968862920999527,,0.0,,0.0,,,0.0,0.0,,0.0013631246984004974,,0.14010752737522125,,,0.00974110048264265,,0.0,,0.12777504324913025,,,,,,,,,,,,,
26,22039,,0.005556223914027214,,0.0,,0.0709836333990097,,0.0,,0.0,,,0.0,0.0,,0.0007117087370716035,,0.14684240520000458,,,0.0079048378393054,,0.0,,0.11599940806627274,,,,,,,,,,,,,
26,22049,,0.010929742828011513,,0.0,,0.07887062430381775,,0.0,,0.0,,,0.0,0.0,,0.001310013234615326,,0.1414741575717926,,,0.0057436274364590645,,0.0,,0.11916407942771912,,,,,,,,,,,,,
26,22059,,0.008614366874098778,,0.0,,0.08121238648891449,,0.0,,0.0,,,0.0,0.0,,0.0014019072987139225,,0.1423991620540619,,,0.006794316694140434,,0.0,,0.12021106481552124,,,,,,,,,,,,,
26,22069,,0.009079602546989918,,0.0,,0.0814305990934372,,0.0,,0.0,,,0.0,0.0,,0.001054291962645948,,0.14658977091312408,,,0.005024053156375885,,0.0,,0.12158915400505066,,,,,,,,,,,,,
26,22079,,0.010717727243900299,,0.0,,0.10320820659399033,,0.0,,0.0,,,0.0,0.0,,0.002003081375733018,,0.15153272449970245,,,0.006473378278315067,,0.0,,0.13696755468845367,,,,,,,,,,,,,
26,22089,,0.006973506882786751,,0.0,,0.08016663789749146,,0.0,,0.0,,,0.0,0.0,,0.0005676131695508957,,0.1432790756225586,,,0.004726121202111244,,0.0,,0.1178564801812172,,,,,,,,,,,,,
26,22099,,0.008357302285730839,,0.0,,0.08159797638654709,,0.0,,0.0,,,0.0,0.0,,0.0031668758019804955,,0.14356443285942078,,,0.00671436358243227,,0.0,,0.1217004731297493,,,,,,,,,,,,,
26,22109,,0.009242944419384003,,0.0,,0.085652194917202,,0.0,,0.0,,,0.0,0.0,,0.001794880023226142,,0.14461342990398407,,,0.004822778515517712,,0.0,,0.1230631098151207,,,,,,,,,,,,,
26,22119,,0.006726012099534273,,0.0,,0.08232950419187546,,0.0,,0.0,,,0.0,0.0,,0.001085013966076076,,0.1407237946987152,,,0.005491778254508972,,0.0,,0.11817805469036102,,,,,,,,,,,,,
26,22129,,0.006995056755840778,,0.0,,0.08202209323644638,,0.0,,0.0,,,0.0,0.0,,0.0013021547347307205,,0.14861975610256195,,,0.02207421138882637,,0.0,,0.13050663471221924,,,,,,,,,,,,,
26,22139,,0.007967308163642883,,0.0,,0.08889332413673401,,0.0,,0.0,,,0.0,0.0,,0.0009272698080167174,,0.14782258868217468,,,0.005716516636312008,,0.0,,0.12566350400447845,,,,,,,,,,,,,
26,22149,,0.01115710660815239,,0.0,,0.08232923597097397,,0.0,,0.0,,,0.0,0.0,,0.002033282769843936,,0.1478441059589386,,,0.0035628455225378275,,0.0,,0.12346329540014267,,,,,,,,,,,,,
26,22159,,0.006069174036383629,,0.0,,0.08408257365226746,,0.0,,0.0,,,0.0,0.0,,0.0007807529764249921,,0.1357254683971405,,,0.007672526873648167,,0.0,,0.11716524511575699,,,,,,,,,,,,,
26,22169,,0.005375768058001995,,0.0,,0.08359471708536148,,0.0,,0.0,,,0.0,0.0,,0.0011076059890910983,,0.14032988250255585,,,0.005635624751448631,,0.0,,0.11802180111408234,,,,,,,,,,,,,
26,22179,,0.011740929447114468,,0.0,,0.09164220839738846,,0.0,,0.0,,,0.0,0.0,,0.0014989434275776148,,0.15047284960746765,,,0.00535685196518898,,0.0,,0.13035587966442108,,,,,,,,,,,,,
26,22189,,0.006744923070073128,,0.0,,0.09339853376150131,,0.0,,0.0,,,0.0,0.0,,0.0012708529829978943,,0.1438276767730713,,,0.004581115208566189,,0.0,,0.12491155415773392,,,,,,,,,,,,,
26,22199,,0.006810829974710941,,0.0,,0.07868792116641998,,0.0,,0.0,,,0.0,0.0,,0.0009844929445534945,,0.13806399703025818,,,0.007989355362951756,,0.0,,0.11626829952001572,,,,,,,,,,,,,
26,22209,,0.008866405114531517,,0.0,,0.08005861937999725,,0.0,,0.0,,,0.0,0.0,,0.001355848740786314,,0.14092817902565002,,,0.040943268686532974,,0.0,,0.1360761523246765,,,,,,,,,,,,,
26,22219,,0.008503648452460766,,0.0,,0.09072750061750412,,0.0,,0.0,,,0.0,0.0,,0.0009692066814750433,,0.14506568014621735,,,0.006207326427102089,,0.0,,0.12573666870594025,,,,,,,,,,,,,
26,22229,,0.00772684533149004,,0.0,,0.07820480316877365,,0.0,,0.0,,,0.0,0.0,,0.0017801269423216581,,0.14431869983673096,,,0.01034298911690712,,0.0,,0.12118673324584961,,,,,,,,,,,,,
26,22239,,0.00889244582504034,,0.0,,0.08449439704418182,,0.0,,0.0,,,0.0,0.0,,0.001413091435097158,,0.13997292518615723,,,0.005191083066165447,,0.0,,0.11998197436332703,,,,,,,,,,,,,
26,22249,,0.008258713409304619,,0.0,,0.08887673169374466,,0.0,,0.0,,,0.0,0.0,,0.0017990566557273269,,0.14824096858501434,,,0.009306716732680798,,0.0,,0.12824110686779022,,,,,,,,,,,,,
26,22259,,0.00719044404104352,,0.0,,0.08386560529470444,,0.0,,0.0,,,0.0,0.0,,0.0009422398870810866,,0.1455588936805725,,,0.015025932341814041,,0.0,,0.12629157304763794,,,,,,,,,,,,,
26,22269,,0.00679862592369318,,0.0,,0.08507772535085678,,0.0,,0.0,,,0.0,0.0,,0.0008970996714197099,,0.1477317214012146,,,0.011736741289496422,,0.0,,0.12612095475196838,,,,,,,,,,,,,
26,22279,,0.008309952914714813,,0.0,,0.08779298514127731,,0.0,,0.0,,,0.0,0.0,,0.0013763986062258482,,0.1426648199558258,,,0.015060477890074253,,0.0,,0.12760232388973236,,,,,,,,,,,,,
26,22289,,0.01113209594041109,,0.0,,0.09328730404376984,,0.0,,0.0,,,0.0,0.0,,0.0016348350327461958,,0.14667031168937683,,,0.010048842057585716,,0.0,,0.13138669729232788,,,,,,,,,,,,,
26,22299,,0.009179970249533653,,0.0,,0.10104288905858994,,0.0,,0.0,,,0.0,0.0,,0.001062680152244866,,0.1472756564617157,,,0.006332837976515293,,0.0,,0.1324470341205597,,,,,,,,,,,,,
26,22309,,0.005551625974476337,,0.0,,0.09509266167879105,,0.0,,0.0,,,0.0,0.0,,0.0005943384021520615,,0.14202314615249634,,,0.012758398428559303,,0.0,,0.1280100792646408,,,,,,,,,,,,,
26,22319,,0.007691316306591034,,0.0,,0.08579608052968979,,0.0,,0.0,,,0.0,0.0,,0.0008168531348928809,,0.14833736419677734,,,0.00911376066505909,,0.0,,0.12587769329547882,,,,,,,,,,,,,
26,22329,,0.0077880509197711945,,0.0,,0.07643255591392517,,0.0,,0.0,,,0.0,0.0,,0.0011914371279999614,,0.1442204713821411,,,0.00431140698492527,,0.0,,0.11697196215391159,,,,,,,,,,,,,
26,22339,,0.00848928838968277,,0.0,,0.08077666163444519,,0.0,,0.0,,,0.0,0.0,,0.001581620890647173,,0.13963471353054047,,,0.004672465845942497,,0.0,,0.11757738143205643,,,,,,,,,,,,,
26,22349,,0.004469308070838451,,0.0,,0.09048063308000565,,0.0,,0.0,,,0.0,0.0,,0.0005636702408082783,,0.14478908479213715,,,0.0068632978945970535,,0.0,,0.12358299642801285,,,,,,,,,,,,,
26,22359,,0.01373152993619442,,0.0,,0.1037939116358757,,0.0,,0.0,,,0.0,0.0,,0.0028403138276189566,,0.15052521228790283,,,0.004662989638745785,,0.0,,0.13777698576450348,,,,,,,,,,,,,
26,22369,,0.007964740507304668,,0.0,,0.09893994778394699,,0.0,,0.0,,,0.0,0.0,,0.0010995150078088045,,0.14816692471504211,,,0.004904584027826786,,0.0,,0.13053786754608154,,,,,,,,,,,,,
26,22379,,0.0036630569957196712,,0.0,,0.07472240179777145,,0.0,,0.0,,,0.0,0.0,,0.0005568923661485314,,0.14157454669475555,,,0.016858428716659546,,0.0,,0.11868765950202942,,,,,,,,,,,,,
26,22389,,0.008457214571535587,,0.0,,0.08415421098470688,,0.0,,0.0,,,0.0,0.0,,0.0017299093306064606,,0.14367783069610596,,,0.006396378856152296,,0.0,,0.12220777571201324,,,,,,,,,,,,,
26,22399,,0.006272290833294392,,0.0,,0.08234065026044846,,0.0,,0.0,,,0.0,0.0,,0.000598579877987504,,0.14613234996795654,,,0.005345536395907402,,0.0,,0.12034470587968826,,,,,,,,,,,,,
26,22409,,0.006565704010426998,,0.0,,0.0854659304022789,,0.0,,0.0,,,0.0,0.0,,0.0015195895684882998,,0.14359654486179352,,,0.006800613831728697,,0.0,,0.12197418510913849,,,,,,,,,,,,,
26,22419,,0.008007737807929516,,0.0,,0.08306634426116943,,0.0,,0.0,,,0.0,0.0,,0.0011789601994678378,,0.14968499541282654,,,0.004247823730111122,,0.0,,0.12309293448925018,,,,,,,,,,,,,
26,22429,,0.005692592356353998,,0.0,,0.0690523311495781,,0.0,,0.0,,,0.0,0.0,,0.0008978754049167037,,0.14278659224510193,,,0.021396420896053314,,0.0,,0.11991290748119354,,,,,,,,,,,,,
26,22439,,0.008275970816612244,,0.0,,0.07327154278755188,,0.0,,0.0,,,0.0,0.0,,0.0007743675960227847,,0.14579957723617554,,,0.004572886973619461,,0.0,,0.11634717136621475,,,,,,,,,,,,,
26,22449,,0.004667898640036583,,0.0,,0.07979156076908112,,0.0,,0.0,,,0.0,0.0,,0.00116942566819489,,0.14232586324214935,,,0.005951446481049061,,0.0,,0.11695309728384018,,,,,,,,,,,,,
26,22459,,0.00873346533626318,,0.0,,0.09311430901288986,,0.0,,0.0,,,0.0,0.0,,0.000844846828840673,,0.14930927753448486,,,0.02010478265583515,,0.0,,0.13605333864688873,,,,,,,,,,,,,
26,22469,,0.008327468298375607,,0.0,,0.08388487249612808,,0.0,,0.0,,,0.0,0.0,,0.001663154922425747,,0.1435271054506302,,,0.017348233610391617,,0.0,,0.12737542390823364,,,,,,,,,,,,,
26,22479,,0.007877184078097343,,0.0,,0.08659156411886215,,0.0,,0.0,,,0.0,0.0,,0.0020008403807878494,,0.14614683389663696,,,0.018696974962949753,,0.0,,0.13065670430660248,,,,,,,,,,,,,
26,22489,,0.008084066212177277,,0.0,,0.07675790041685104,,0.0,,0.0,,,0.0,0.0,,0.0010169136803597212,,0.14444954693317413,,,0.013944115489721298,,0.0,,0.1221262663602829,,,,,,,,,,,,,
26,22499,,0.005942139774560928,,0.0,,0.07091191411018372,,0.0,,0.0,,,0.0,0.0,,0.0007271099602803588,,0.14879122376441956,,,0.012057814747095108,,0.0,,0.11921510100364685,,,,,,,,,,,,,
26,22509,,0.007994462735950947,,0.0,,0.0916934460401535,,0.0,,0.0,,,0.0,0.0,,0.0012262160889804363,,0.14550089836120605,,,0.0040475716814398766,,0.0,,0.1252312958240509,,,,,,,,,,,,,
26,22519,,0.00790162943303585,,0.0,,0.09223337471485138,,0.0,,0.0,,,0.0,0.0,,0.001277607399970293,,0.1501912772655487,,,0.005119579844176769,,0.0,,0.12836173176765442,,,,,,,,,,,,,
26,22529,,0.005353772081434727,,0.0,,0.07886913418769836,,0.0,,0.0,,,0.0,0.0,,0.0004924709210172296,,0.1415242850780487,,,0.006505167577415705,,0.0,,0.11637241393327713,,,,,,,,,,,,,
26,22539,,0.008744966238737106,,0.0,,0.07790414243936539,,0.0,,0.0,,,0.0,0.0,,0.001499753794632852,,0.14561665058135986,,,0.006426704116165638,,0.0,,0.1200961098074913,,,,,,,,,,,,,
26,22549,,0.010321970097720623,,0.0,,0.08763555437326431,,0.0,,0.0,,,0.0,0.0,,0.0019012398552149534,,0.14329402148723602,,,0.005903234705328941,,0.0,,0.12452801316976547,,,,,,,,,,,,,
26,22559,,0.008086669258773327,,0.0,,0.08934792131185532,,0.0,,0.0,,,0.0,0.0,,0.0006859900313429534,,0.143229678273201,,,0.007813149131834507,,0.0,,0.1245817020535469,,,,,,,,,,,,,
26,22569,,0.009081810712814331,,0.0,,0.10018019378185272,,0.0,,0.0,,,0.0,0.0,,0.0009056698763743043,,0.14733858406543732,,,0.012165875174105167,,0.0,,0.13483606278896332,,,,,,,,,,,,,
26,22579,,0.008176958188414574,,0.0,,0.07239612936973572,,0.0,,0.0,,,0.0,0.0,,0.001980680739507079,,0.1443585753440857,,,0.0047053685411810875,,0.0,,0.11580885201692581,,,,,,,,,,,,,
26,22589,,0.007030912674963474,,0.0,,0.07506771385669708,,0.0,,0.0,,,0.0,0.0,,0.000880567473359406,,0.14553433656692505,,,0.00712156854569912,,0.0,,0.11781755089759827,,,,,,,,,,,,,
26,22599,,0.008466660976409912,,0.0,,0.09553283452987671,,0.0,,0.0,,,0.0,0.0,,0.0013587556313723326,,0.15040792524814606,,,0.006811894942075014,,0.0,,0.1312890201807022,,,,,,,,,,,,,
26,22609,,0.009485336020588875,,0.0,,0.1040988340973854,,0.0,,0.0,,,0.0,0.0,,0.0011291543487459421,,0.14681628346443176,,,0.004114571958780289,,0.0,,0.13282208144664764,,,,,,,,,,,,,
26,22619,,0.012194598093628883,,0.0,,0.08999387919902802,,0.0,,0.0,,,0.0,0.0,,0.0015457303961738944,,0.14789782464504242,,,0.00727417878806591,,0.0,,0.12945310771465302,,,,,,,,,,,,,
26,22629,,0.0047483062371611595,,0.0,,0.08254926651716232,,0.0,,0.0,,,0.0,0.0,,0.0008096512174233794,,0.14361369609832764,,,0.008437953889369965,,0.0,,0.12007944285869598,,,,,,,,,,,,,
26,22639,,0.01078825257718563,,0.0,,0.08752270042896271,,0.0,,0.0,,,0.0,0.0,,0.0015332470647990704,,0.15132008492946625,,,0.007906428538262844,,0.0,,0.12953536212444305,,,,,,,,,,,,,
26,22649,,0.006855896674096584,,0.0,,0.09378302842378616,,0.0,,0.0,,,0.0,0.0,,0.0008930856129154563,,0.1453631967306137,,,0.007583878934383392,,0.0,,0.12723954021930695,,,,,,,,,,,,,
26,22659,,0.006560039706528187,,0.0,,0.07660884410142899,,0.0,,0.0,,,0.0,0.0,,0.0006969496607780457,,0.1422230303287506,,,0.007598232012242079,,0.0,,0.11684354394674301,,,,,,,,,,,,,
26,22669,,0.006117797922343016,,0.0,,0.08464004099369049,,0.0,,0.0,,,0.0,0.0,,0.0014959729742258787,,0.14029909670352936,,,0.02155473828315735,,0.0,,0.12705382704734802,,,,,,,,,,,,,
26,22679,,0.007120897527784109,,0.0,,0.09017518162727356,,0.0,,0.0,,,0.0,0.0,,0.0014307266101241112,,0.14262446761131287,,,0.01819688081741333,,0.0,,0.1297740638256073,,,,,,,,,,,,,
26,22689,,0.00851424876600504,,0.0,,0.08121683448553085,,0.0,,0.0,,,0.0,0.0,,0.000982427503913641,,0.14902840554714203,,,0.012398194521665573,,0.0,,0.1260700523853302,,,,,,,,,,,,,
26,22699,,0.008872625418007374,,0.0,,0.08256176114082336,,0.0,,0.0,,,0.0,0.0,,0.0009790839394554496,,0.14412251114845276,,,0.007865932770073414,,0.0,,0.12220095843076706,,,,,,,,,,,,,
26,22709,,0.012250049039721489,,0.0,,0.08577734977006912,,0.0,,0.0,,,0.0,0.0,,0.00203230744227767,,0.14848963916301727,,,0.016919374465942383,,0.0,,0.13273435831069946,,,,,,,,,,,,,
26,22719,,0.004621594678610563,,0.0,,0.08135687559843063,,0.0,,0.0,,,0.0,0.0,,0.0005783475935459137,,0.14743074774742126,,,0.00837570708245039,,0.0,,0.12118163704872131,,,,,,,,,,,,,
26,22729,,0.006431927904486656,,0.0,,0.08674900978803635,,0.0,,0.0,,,0.0,0.0,,0.0015242606168612838,,0.1444154530763626,,,0.007744908332824707,,0.0,,0.12343277037143707,,,,,,,,,,,,,
26,22739,,0.008041816763579845,,0.0,,0.08176629990339279,,0.0,,0.0,,,0.0,0.0,,0.0008871607715263963,,0.14486366510391235,,,0.006504772696644068,,0.0,,0.12103185802698135,,,,,,,,,,,,,
26,22749,,0.015277777798473835,,0.0,,0.08409734070301056,,0.0,,0.0,,,0.0,0.0,,0.002698318101465702,,0.1480804830789566,,,0.006765326950699091,,0.0,,0.128459632396698,,,,,,,,,,,,,
26,22759,,0.008348639123141766,,0.0,,0.08818289637565613,,0.0,,0.0,,,0.0,0.0,,0.0010713416850194335,,0.14767195284366608,,,0.00411091186106205,,0.0,,0.1246928796172142,,,,,,,,,,,,,
26,22769,,0.0066330148838460445,,0.0,,0.08514003455638885,,0.0,,0.0,,,0.0,0.0,,0.0007343804463744164,,0.14381113648414612,,,0.0051344712264835835,,0.0,,0.12072651833295822,,,,,,,,,,,,,
26,22779,,0.011453417129814625,,0.0,,0.09587544947862625,,0.0,,0.0,,,0.0,0.0,,0.0011841771192848682,,0.1448114812374115,,,0.008133094757795334,,0.0,,0.1307287961244583,,,,,,,,,,,,,
26,22789,,0.009593257680535316,,0.0,,0.08649692684412003,,0.0,,0.0,,,0.0,0.0,,0.0012057730928063393,,0.1447150856256485,,,0.009330548346042633,,0.0,,0.12567080557346344,,,,,,,,,,,,,
26,22799,,0.010662875138223171,,0.0,,0.0926332101225853,,0.0,,0.0,,,0.0,0.0,,0.001252432819455862,,0.14920593798160553,,,0.004470295272767544,,0.0,,0.1291123777627945,,,,,,,,,,,,,
26,22809,,0.005815144628286362,,0.0,,0.07855552434921265,,0.0,,0.0,,,0.0,0.0,,0.0006939129671081901,,0.14376044273376465,,,0.00805605947971344,,0.0,,0.11844054609537125,,,,,,,,,,,,,
26,22814,,,,,,,,,,,,,,,,,,,,,,,,,,0.06216705963015556,0.0,0.33607935905456543,0.0,0.0,0.0,0.0,0.035774558782577515,0.2068168818950653,0.3661961853504181,0.05975937470793724,0.0,0.5035169720649719
26,22814,0.008156631141901016,,0.0,,0.08417797088623047,,0.0,,0.0,,0.0,0.0,,,0.0012669952120631933,,0.145262211561203,,0.008577920496463776,0.0016357090789824724,,0.0,,0.1237209364771843,,,,,,,,,,,,,,
27,22819,,0.006510751321911812,,0.0,,0.08435092121362686,,0.0,,0.0,,,0.0,0.0,,0.0014819740317761898,,0.14081373810768127,,,0.006165017373859882,,0.0,,0.11966119706630707,,,,,,,,,,,,,
27,22829,,0.0050485823303461075,,0.0,,0.08400335907936096,,0.0,,0.0,,,0.0,0.0,,0.0007002807105891407,,0.14411568641662598,,,0.005887070670723915,,0.0,,0.11987749487161636,,,,,,,,,,,,,
27,22839,,0.009236020967364311,,0.0,,0.07991527020931244,,0.0,,0.0,,,0.0,0.0,,0.00118630426004529,,0.14975623786449432,,,0.004634619224816561,,0.0,,0.12236423045396805,,,,,,,,,,,,,
27,22849,,0.009942217729985714,,0.0,,0.07778887450695038,,0.0,,0.0,,,0.0,0.0,,0.0016549932770431042,,0.14402829110622406,,,0.006151428446173668,,0.0,,0.11978290230035782,,,,,,,,,,,,,
27,22859,,0.0044562541879713535,,0.0,,0.07648708671331406,,0.0,,0.0,,,0.0,0.0,,0.00040203245589509606,,0.14221636950969696,,,0.003242249134927988,,0.0,,0.11340199410915375,,,,,,,,,,,,,
27,22869,,0.005921093747019768,,0.0,,0.09658984839916229,,0.0,,0.0,,,0.0,0.0,,0.0010671333875507116,,0.14596757292747498,,,0.006699790246784687,,0.0,,0.1281227171421051,,,,,,,,,,,,,
27,22879,,0.007412388455122709,,0.0,,0.07744812965393066,,0.0,,0.0,,,0.0,0.0,,0.001791767543181777,,0.1476549506187439,,,0.006657411810010672,,0.0,,0.12048231810331345,,,,,,,,,,,,,
27,22889,,0.01070118322968483,,0.0,,0.08766058832406998,,0.0,,0.0,,,0.0,0.0,,0.0012081245658919215,,0.14762398600578308,,,0.003245886880904436,,0.0,,0.12521988153457642,,,,,,,,,,,,,
27,22899,,0.009916314855217934,,0.0,,0.1035127267241478,,0.0,,0.0,,,0.0,0.0,,0.0015112183755263686,,0.14987292885780334,,,0.009162100031971931,,0.0,,0.13698764145374298,,,,,,,,,,,,,
27,22909,,0.015272671356797218,,0.0,,0.09373228251934052,,0.0,,0.0,,,0.0,0.0,,0.0022998438216745853,,0.1482691764831543,,,0.011901028454303741,,0.0,,0.13573749363422394,,,,,,,,,,,,,
27,22919,,0.006685975007712841,,0.0,,0.08282303065061569,,0.0,,0.0,,,0.0,0.0,,0.0008002237882465124,,0.1445387899875641,,,0.013673599809408188,,0.0,,0.124260812997818,,,,,,,,,,,,,
27,22929,,0.005140770226716995,,0.0,,0.08217311650514603,,0.0,,0.0,,,0.0,0.0,,0.0024341195821762085,,0.13998165726661682,,,0.009163932874798775,,0.0,,0.11944679170846939,,,,,,,,,,,,,
27,22939,,0.010060762986540794,,0.0,,0.08831778168678284,,0.0,,0.0,,,0.0,0.0,,0.002442758297547698,,0.14735570549964905,,,0.005852240603417158,,0.0,,0.127014622092247,,,,,,,,,,,,,
27,22949,,0.004556573927402496,,0.0,,0.0746692568063736,,0.0,,0.0,,,0.0,0.0,,0.000682445359416306,,0.14291080832481384,,,0.017682485282421112,,0.0,,0.12025079131126404,,,,,,,,,,,,,
27,22959,,0.006877121049910784,,0.0,,0.08458704501390457,,0.0,,0.0,,,0.0,0.0,,0.002094607800245285,,0.13993993401527405,,,0.0048125023022294044,,0.0,,0.11915560811758041,,,,,,,,,,,,,
27,22969,,0.007461939472705126,,0.0,,0.07643662393093109,,0.0,,0.0,,,0.0,0.0,,0.0009299919474869967,,0.1483970284461975,,,0.005851179827004671,,0.0,,0.11953838169574738,,,,,,,,,,,,,
27,22979,,0.012055722996592522,,0.0,,0.09483443945646286,,0.0,,0.0,,,0.0,0.0,,0.0018266728147864342,,0.14966587722301483,,,0.007011110894382,,0.0,,0.13269691169261932,,,,,,,,,,,,,
27,22989,,0.01186947338283062,,0.0,,0.0916183590888977,,0.0,,0.0,,,0.0,0.0,,0.0015728146536275744,,0.14657676219940186,,,0.01027859840542078,,0.0,,0.13095800578594208,,,,,,,,,,,,,
27,22999,,0.010925970040261745,,0.0,,0.09044040739536285,,0.0,,0.0,,,0.0,0.0,,0.001411653938703239,,0.14463824033737183,,,0.010170761495828629,,0.0,,0.12879350781440735,,,,,,,,,,,,,
27,23009,,0.012406628578901291,,0.0,,0.08757218718528748,,0.0,,0.0,,,0.0,0.0,,0.0013252042699605227,,0.1433079093694687,,,0.014281699433922768,,0.0,,0.1294468194246292,,,,,,,,,,,,,
27,23019,,0.007139453664422035,,0.0,,0.08632666617631912,,0.0,,0.0,,,0.0,0.0,,0.0005647505167871714,,0.1437818706035614,,,0.012467334978282452,,0.0,,0.12514004111289978,,,,,,,,,,,,,
27,23029,,0.012245170772075653,,0.0,,0.08770293742418289,,0.0,,0.0,,,0.0,0.0,,0.0016521166544407606,,0.1515406370162964,,,0.005533387418836355,,0.0,,0.1293371319770813,,,,,,,,,,,,,
27,23039,,0.006669977679848671,,0.0,,0.07582338154315948,,0.0,,0.0,,,0.0,0.0,,0.0006251003360375762,,0.14708605408668518,,,0.011849951930344105,,0.0,,0.12102723866701126,,,,,,,,,,,,,
27,23049,,0.005905218422412872,,0.0,,0.08118610829114914,,0.0,,0.0,,,0.0,0.0,,0.00345298508182168,,0.14552181959152222,,,0.005943593569099903,,0.0,,0.1210048645734787,,,,,,,,,,,,,
27,23059,,0.013066723942756653,,0.0,,0.08882765471935272,,0.0,,0.0,,,0.0,0.0,,0.0014840168878436089,,0.14767035841941833,,,0.01820439286530018,,0.0,,0.134626567363739,,,,,,,,,,,,,
27,23069,,0.008899558335542679,,0.0,,0.08753851056098938,,0.0,,0.0,,,0.0,0.0,,0.002042278414592147,,0.1458715796470642,,,0.004442435689270496,,0.0,,0.12439718097448349,,,,,,,,,,,,,
27,23079,,0.010966885834932327,,0.0,,0.0739724338054657,,0.0,,0.0,,,0.0,0.0,,0.0015320011880248785,,0.14977456629276276,,,0.003230481641367078,,0.0,,0.11973818391561508,,,,,,,,,,,,,
27,23089,,0.005820094142109156,,0.0,,0.08550316840410233,,0.0,,0.0,,,0.0,0.0,,0.0006138675380498171,,0.14842873811721802,,,0.00777416629716754,,0.0,,0.12407001107931137,,,,,,,,,,,,,
27,23099,,0.006200813688337803,,0.0,,0.08714233338832855,,0.0,,0.0,,,0.0,0.0,,0.0009274462936446071,,0.14414438605308533,,,0.005995730869472027,,0.0,,0.12220536172389984,,,,,,,,,,,,,
27,23109,,0.004751135595142841,,0.0,,0.08036433905363083,,0.0,,0.0,,,0.0,0.0,,0.0004172853659838438,,0.14234614372253418,,,0.004429054446518421,,0.0,,0.11615398526191711,,,,,,,,,,,,,
27,23119,,0.00722852349281311,,0.0,,0.07752015441656113,,0.0,,0.0,,,0.0,0.0,,0.0011630177032202482,,0.14784643054008484,,,0.006873283535242081,,0.0,,0.12031570822000504,,,,,,,,,,,,,
27,23129,,0.0035079987719655037,,0.0,,0.07489989697933197,,0.0,,0.0,,,0.0,0.0,,0.0004083727253600955,,0.14606428146362305,,,0.0067065441980957985,,0.0,,0.11579354852437973,,,,,,,,,,,,,
27,23139,,0.00684487447142601,,0.0,,0.07133730500936508,,0.0,,0.0,,,0.0,0.0,,0.0007599686505272985,,0.13962675631046295,,,0.003121761605143547,,0.0,,0.11084533482789993,,,,,,,,,,,,,
27,23149,,0.006255602464079857,,0.0,,0.07448509335517883,,0.0,,0.0,,,0.0,0.0,,0.000719917006790638,,0.14621105790138245,,,0.009956909343600273,,0.0,,0.11881428956985474,,,,,,,,,,,,,
27,23159,,0.007923578843474388,,0.0,,0.09332893788814545,,0.0,,0.0,,,0.0,0.0,,0.0011506951414048672,,0.14465080201625824,,,0.005873043555766344,,0.0,,0.12646353244781494,,,,,,,,,,,,,
27,23169,,0.012345175258815289,,0.0,,0.10413384437561035,,0.0,,0.0,,,0.0,0.0,,0.0014642183668911457,,0.1485615074634552,,,0.006653874181210995,,0.0,,0.13657930493354797,,,,,,,,,,,,,
27,23179,,0.005089934449642897,,0.0,,0.08712846785783768,,0.0,,0.0,,,0.0,0.0,,0.0006362630520015955,,0.14531546831130981,,,0.004448798485100269,,0.0,,0.12130946666002274,,,,,,,,,,,,,
27,23189,,0.008603519760072231,,0.0,,0.08233488351106644,,0.0,,0.0,,,0.0,0.0,,0.0006652806769125164,,0.1443045735359192,,,0.004270432982593775,,0.0,,0.1200893372297287,,,,,,,,,,,,,
27,23199,,0.013483653776347637,,0.0,,0.0896170437335968,,0.0,,0.0,,,0.0,0.0,,0.003253666218370199,,0.14324751496315002,,,0.016295043751597404,,0.0,,0.13294845819473267,,,,,,,,,,,,,
27,23209,,0.008829066529870033,,0.0,,0.09065762162208557,,0.0,,0.0,,,0.0,0.0,,0.0008829714497551322,,0.1466033160686493,,,0.023874714970588684,,0.0,,0.13542383909225464,,,,,,,,,,,,,
27,23219,,0.0070464592427015305,,0.0,,0.07430809736251831,,0.0,,0.0,,,0.0,0.0,,0.000964330683927983,,0.14344850182533264,,,0.011523792520165443,,0.0,,0.11864559352397919,,,,,,,,,,,,,
27,23229,,0.01586528867483139,,0.0,,0.10146750509738922,,0.0,,0.0,,,0.0,0.0,,0.0019198842346668243,,0.14663982391357422,,,0.004116452299058437,,0.0,,0.13500447571277618,,,,,,,,,,,,,
27,23239,,0.004103993531316519,,0.0,,0.07001020014286041,,0.0,,0.0,,,0.0,0.0,,0.0005660445312969387,,0.14353227615356445,,,0.022762218490242958,,0.0,,0.12048736959695816,,,,,,,,,,,,,
27,23249,,0.01067048404365778,,0.0,,0.08020200580358505,,0.0,,0.0,,,0.0,0.0,,0.001212135422974825,,0.14640747010707855,,,0.00449793878942728,,0.0,,0.12149501591920853,,,,,,,,,,,,,
27,23259,,0.004413217306137085,,0.0,,0.07046687602996826,,0.0,,0.0,,,0.0,0.0,,0.0006101903272792697,,0.14161624014377594,,,0.011097609996795654,,0.0,,0.1141020655632019,,,,,,,,,,,,,
27,23269,,0.007138739340007305,,0.0,,0.08662271499633789,,0.0,,0.0,,,0.0,0.0,,0.0010449921246618032,,0.13966897130012512,,,0.0042890263721346855,,0.0,,0.11938222497701645,,,,,,,,,,,,,
27,23279,,0.00906648300588131,,0.0,,0.07586675137281418,,0.0,,0.0,,,0.0,0.0,,0.0018584242789074779,,0.14613917469978333,,,0.01710883527994156,,0.0,,0.125019833445549,,,,,,,,,,,,,
27,23289,,0.0048571075312793255,,0.0,,0.06919465959072113,,0.0,,0.0,,,0.0,0.0,,0.0010461604688316584,,0.14080065488815308,,,0.012863746844232082,,0.0,,0.11438116431236267,,,,,,,,,,,,,
27,23299,,0.005835892632603645,,0.0,,0.0729897990822792,,0.0,,0.0,,,0.0,0.0,,0.0009893428068608046,,0.14348553121089935,,,0.013094868510961533,,0.0,,0.1181977242231369,,,,,,,,,,,,,
27,23309,,0.008232091553509235,,0.0,,0.07390717417001724,,0.0,,0.0,,,0.0,0.0,,0.0014061819529160857,,0.14789624512195587,,,0.003230240661650896,,0.0,,0.1173359677195549,,,,,,,,,,,,,
27,23319,,0.007956520654261112,,0.0,,0.08747580647468567,,0.0,,0.0,,,0.0,0.0,,0.0007866088999435306,,0.1403791308403015,,,0.009274542331695557,,0.0,,0.12293630093336105,,,,,,,,,,,,,
27,23329,,0.008823812939226627,,0.0,,0.07697729021310806,,0.0,,0.0,,,0.0,0.0,,0.00121915596537292,,0.1425723135471344,,,0.005872051231563091,,0.0,,0.11773230880498886,,,,,,,,,,,,,
27,23339,,0.01242691557854414,,0.0,,0.08501353114843369,,0.0,,0.0,,,0.0,0.0,,0.0018687383271753788,,0.14905770123004913,,,0.004101421684026718,,0.0,,0.12623414397239685,,,,,,,,,,,,,
27,23349,,0.0085039883852005,,0.0,,0.07613722234964371,,0.0,,0.0,,,0.0,0.0,,0.0015398388495668769,,0.14555585384368896,,,0.00412499625235796,,0.0,,0.11793094873428345,,,,,,,,,,,,,
27,23359,,0.004876032471656799,,0.0,,0.07842162996530533,,0.0,,0.0,,,0.0,0.0,,0.0007589285960420966,,0.13878655433654785,,,0.009252801537513733,,0.0,,0.11604797095060349,,,,,,,,,,,,,
27,23369,,0.005685541778802872,,0.0,,0.060595542192459106,,0.0,,0.0,,,0.0,0.0,,0.002527325414121151,,0.1489618569612503,,,0.005890367552638054,,0.0,,0.11183031648397446,,,,,,,,,,,,,
27,23379,,0.007126913405954838,,0.0,,0.08307421207427979,,0.0,,0.0,,,0.0,0.0,,0.000957943731918931,,0.14410561323165894,,,0.0046446723863482475,,0.0,,0.1199546828866005,,,,,,,,,,,,,
27,23389,,0.004877196624875069,,0.0,,0.08062639832496643,,0.0,,0.0,,,0.0,0.0,,0.001603504060767591,,0.14476318657398224,,,0.018234461545944214,,0.0,,0.12505236268043518,,,,,,,,,,,,,
27,23399,,0.00769619457423687,,0.0,,0.08291541785001755,,0.0,,0.0,,,0.0,0.0,,0.0013051412533968687,,0.14787985384464264,,,0.004413683898746967,,0.0,,0.12210514396429062,,,,,,,,,,,,,
27,23409,,0.007840843871235847,,0.0,,0.07738254964351654,,0.0,,0.0,,,0.0,0.0,,0.0008564148447476327,,0.14547786116600037,,,0.007893914356827736,,0.0,,0.1197257936000824,,,,,,,,,,,,,
27,23419,,0.010068867355585098,,0.0,,0.08040302991867065,,0.0,,0.0,,,0.0,0.0,,0.002484320430085063,,0.14559593796730042,,,0.007020574528723955,,0.0,,0.12278636544942856,,,,,,,,,,,,,
27,23429,,0.012248653918504715,,0.0,,0.09010817855596542,,0.0,,0.0,,,0.0,0.0,,0.001896996982395649,,0.14873477816581726,,,0.009411347098648548,,0.0,,0.13119998574256897,,,,,,,,,,,,,
27,23439,,0.0063714561983942986,,0.0,,0.07783569395542145,,0.0,,0.0,,,0.0,0.0,,0.0009096665307879448,,0.14430823922157288,,,0.010481052100658417,,0.0,,0.11995305120944977,,,,,,,,,,,,,
27,23449,,0.016806967556476593,,0.0,,0.10153763741254807,,0.0,,0.0,,,0.0,0.0,,0.0014453900512307882,,0.1471470594406128,,,0.014034704305231571,,0.0,,0.14048588275909424,,,,,,,,,,,,,
27,23459,,0.005032101646065712,,0.0,,0.07018649578094482,,0.0,,0.0,,,0.0,0.0,,0.000556986196897924,,0.13915510475635529,,,0.007944242097437382,,0.0,,0.11143746972084045,,,,,,,,,,,,,
27,23469,,0.007086786907166243,,0.0,,0.08240407705307007,,0.0,,0.0,,,0.0,0.0,,0.0008939776453189552,,0.1435660719871521,,,0.008554559201002121,,0.0,,0.12125273793935776,,,,,,,,,,,,,
27,23479,,0.005925930105149746,,0.0,,0.07863830775022507,,0.0,,0.0,,,0.0,0.0,,0.000908170361071825,,0.14186900854110718,,,0.015490816906094551,,0.0,,0.1214161142706871,,,,,,,,,,,,,
27,23489,,0.007203861139714718,,0.0,,0.07254832983016968,,0.0,,0.0,,,0.0,0.0,,0.0010292704682797194,,0.14603272080421448,,,0.00798317976295948,,0.0,,0.11739867925643921,,,,,,,,,,,,,
27,23499,,0.010265153832733631,,0.0,,0.0764777809381485,,0.0,,0.0,,,0.0,0.0,,0.001039738766849041,,0.1476459503173828,,,0.009033928625285625,,0.0,,0.12223128229379654,,,,,,,,,,,,,
27,23509,,0.010230092331767082,,0.0,,0.09819938987493515,,0.0,,0.0,,,0.0,0.0,,0.0013487719697877765,,0.14435583353042603,,,0.007123059593141079,,0.0,,0.1306285709142685,,,,,,,,,,,,,
27,23519,,0.011595137417316437,,0.0,,0.08375637978315353,,0.0,,0.0,,,0.0,0.0,,0.0017306655645370483,,0.14793016016483307,,,0.009537223726511002,,0.0,,0.1272747814655304,,,,,,,,,,,,,
27,23529,,0.007194147445261478,,0.0,,0.1010831966996193,,0.0,,0.0,,,0.0,0.0,,0.000972630106844008,,0.14632120728492737,,,0.013086031191051006,,0.0,,0.13432860374450684,,,,,,,,,,,,,
27,23539,,0.0069723473861813545,,0.0,,0.0840962752699852,,0.0,,0.0,,,0.0,0.0,,0.0009818511316552758,,0.14559386670589447,,,0.007096265442669392,,0.0,,0.12237029522657394,,,,,,,,,,,,,
27,23549,,0.007161817047744989,,0.0,,0.07630162686109543,,0.0,,0.0,,,0.0,0.0,,0.0007335598347708583,,0.1468399614095688,,,0.008519956842064857,,0.0,,0.11977845430374146,,,,,,,,,,,,,
27,23559,,0.008129955269396305,,0.0,,0.08422588557004929,,0.0,,0.0,,,0.0,0.0,,0.001990941120311618,,0.14390096068382263,,,0.005580844357609749,,0.0,,0.12191429734230042,,,,,,,,,,,,,
27,23569,,0.009037880226969719,,0.0,,0.08526014536619186,,0.0,,0.0,,,0.0,0.0,,0.0009882766753435135,,0.14593148231506348,,,0.005762229673564434,,0.0,,0.12349001318216324,,,,,,,,,,,,,
27,23579,,0.007326542865484953,,0.0,,0.08807390183210373,,0.0,,0.0,,,0.0,0.0,,0.0010051577119156718,,0.14906367659568787,,,0.005972829647362232,,0.0,,0.1257210522890091,,,,,,,,,,,,,
27,23589,,0.005015491507947445,,0.0,,0.06745695322751999,,0.0,,0.0,,,0.0,0.0,,0.0012666005641222,,0.14475855231285095,,,0.007757249288260937,,0.0,,0.11312742531299591,,,,,,,,,,,,,
27,23599,,0.008159025572240353,,0.0,,0.0937015637755394,,0.0,,0.0,,,0.0,0.0,,0.001377000822685659,,0.14768250286579132,,,0.0035484321415424347,,0.0,,0.12723426520824432,,,,,,,,,,,,,
27,23609,,0.008181811310350895,,0.0,,0.06958457082509995,,0.0,,0.0,,,0.0,0.0,,0.0009532961994409561,,0.14774230122566223,,,0.004037400707602501,,0.0,,0.11524969339370728,,,,,,,,,,,,,
27,23619,,0.007233431097120047,,0.0,,0.08527196943759918,,0.0,,0.0,,,0.0,0.0,,0.0008183903992176056,,0.14685502648353577,,,0.007539193145930767,,0.0,,0.12385900318622589,,,,,,,,,,,,,
27,23629,,0.01006624661386013,,0.0,,0.08130072802305222,,0.0,,0.0,,,0.0,0.0,,0.0010422004852443933,,0.14405754208564758,,,0.004098324570804834,,0.0,,0.12028252333402634,,,,,,,,,,,,,
27,23639,,0.005801769904792309,,0.0,,0.07715395092964172,,0.0,,0.0,,,0.0,0.0,,0.000692020112182945,,0.14400005340576172,,,0.00848458707332611,,0.0,,0.11806619167327881,,,,,,,,,,,,,
27,23649,,0.007527399342507124,,0.0,,0.07992032170295715,,0.0,,0.0,,,0.0,0.0,,0.001076959422789514,,0.1456093192100525,,,0.010037440806627274,,0.0,,0.12208572030067444,,,,,,,,,,,,,
27,23659,,0.00957643985748291,,0.0,,0.0994093120098114,,0.0,,0.0,,,0.0,0.0,,0.001677066320553422,,0.148951917886734,,,0.011477814987301826,,0.0,,0.13554628193378448,,,,,,,,,,,,,
27,23659,,,,,,,,,,,,,,,,,,,,,,,,,,0.06251096725463867,0.0,0.33851248025894165,0.0,0.0,0.0,0.0,0.035290397703647614,0.20781724154949188,0.36398184299468994,0.05949612334370613,0.0,0.504056453704834
27,23659,0.008081096224486828,,0.0,,0.08301176130771637,,0.0,,0.0,,0.0,0.0,,,0.0012519974261522293,,0.14519236981868744,,0.008380281738936901,0.0016003218479454517,,0.0,,0.12295880913734436,,,,,,,,,,,,,,
28,23669,,0.00610025180503726,,0.0,,0.08756176382303238,,0.0,,0.0,,,0.0,0.0,,0.0010274786036461592,,0.14245423674583435,,,0.010720391757786274,,0.0,,0.12393205612897873,,,,,,,,,,,,,
28,23679,,0.0071740164421498775,,0.0,,0.07178235054016113,,0.0,,0.0,,,0.0,0.0,,0.002015880309045315,,0.14365680515766144,,,0.010127625428140163,,0.0,,0.11737833172082901,,,,,,,,,,,,,
28,23689,,0.007540387101471424,,0.0,,0.08508911728858948,,0.0,,0.0,,,0.0,0.0,,0.001184530439786613,,0.14845487475395203,,,0.004223909229040146,,0.0,,0.12324640899896622,,,,,,,,,,,,,
28,23699,,0.014477978460490704,,0.0,,0.09574465453624725,,0.0,,0.0,,,0.0,0.0,,0.0016189947491511703,,0.15005001425743103,,,0.012968616560101509,,0.0,,0.1374301314353943,,,,,,,,,,,,,
28,23709,,0.007552333641797304,,0.0,,0.0754360631108284,,0.0,,0.0,,,0.0,0.0,,0.000722204043995589,,0.14528749883174896,,,0.004872343968600035,,0.0,,0.11693522334098816,,,,,,,,,,,,,
28,23719,,0.004734814167022705,,0.0,,0.0659361481666565,,0.0,,0.0,,,0.0,0.0,,0.001347620040178299,,0.14438867568969727,,,0.014263041317462921,,0.0,,0.11533515155315399,,,,,,,,,,,,,
28,23729,,0.003977647516876459,,0.0,,0.08021873980760574,,0.0,,0.0,,,0.0,0.0,,0.00047065000399015844,,0.14048898220062256,,,0.008090340532362461,,0.0,,0.1166231781244278,,,,,,,,,,,,,
28,23739,,0.009909259155392647,,0.0,,0.07906179130077362,,0.0,,0.0,,,0.0,0.0,,0.0014335991581901908,,0.14410093426704407,,,0.012243966571986675,,0.0,,0.12337477505207062,,,,,,,,,,,,,
28,23749,,0.009936572052538395,,0.0,,0.09376238286495209,,0.0,,0.0,,,0.0,0.0,,0.001243039732798934,,0.14705073833465576,,,0.0038141501136124134,,0.0,,0.12790344655513763,,,,,,,,,,,,,
28,23759,,0.006328062154352665,,0.0,,0.08185496926307678,,0.0,,0.0,,,0.0,0.0,,0.0009330110042355955,,0.14477573335170746,,,0.00468215998262167,,0.0,,0.11928696185350418,,,,,,,,,,,,,
28,23769,,0.007050724700093269,,0.0,,0.08375698328018188,,0.0,,0.0,,,0.0,0.0,,0.001281264005228877,,0.14603063464164734,,,0.0090248454362154,,0.0,,0.1235722228884697,,,,,,,,,,,,,
28,23779,,0.00937236100435257,,0.0,,0.09312915802001953,,0.0,,0.0,,,0.0,0.0,,0.0014974938239902258,,0.14727507531642914,,,0.030860982835292816,,0.0,,0.14106754958629608,,,,,,,,,,,,,
28,23789,,0.007823912426829338,,0.0,,0.08478337526321411,,0.0,,0.0,,,0.0,0.0,,0.001003357581794262,,0.14892679452896118,,,0.004726368468254805,,0.0,,0.12363190203905106,,,,,,,,,,,,,
28,23799,,0.004827062599360943,,0.0,,0.07588431984186172,,0.0,,0.0,,,0.0,0.0,,0.0005545885651372373,,0.1445535272359848,,,0.01190359890460968,,0.0,,0.11886155605316162,,,,,,,,,,,,,
28,23809,,0.01211133785545826,,0.0,,0.10266772657632828,,0.0,,0.0,,,0.0,0.0,,0.001561386277899146,,0.1457517147064209,,,0.01789921149611473,,0.0,,0.13999567925930023,,,,,,,,,,,,,
28,23819,,0.009339239448308945,,0.0,,0.07757070660591125,,0.0,,0.0,,,0.0,0.0,,0.0014587872428819537,,0.1448765993118286,,,0.0081466194242239,,0.0,,0.12069597840309143,,,,,,,,,,,,,
28,23829,,0.014722299762070179,,0.0,,0.08456186950206757,,0.0,,0.0,,,0.0,0.0,,0.0017374292947351933,,0.14764034748077393,,,0.0031438488513231277,,0.0,,0.1259029060602188,,,,,,,,,,,,,
28,23839,,0.003442805027589202,,0.0,,0.07693853974342346,,0.0,,0.0,,,0.0,0.0,,0.0010950339492410421,,0.14973023533821106,,,0.006355572957545519,,0.0,,0.11878108978271484,,,,,,,,,,,,,
28,23849,,0.006255126092582941,,0.0,,0.0863235592842102,,0.0,,0.0,,,0.0,0.0,,0.0007549072615802288,,0.14982931315898895,,,0.010530691593885422,,0.0,,0.1268467903137207,,,,,,,,,,,,,
28,23859,,0.007260069716721773,,0.0,,0.08547286689281464,,0.0,,0.0,,,0.0,0.0,,0.0007442161440849304,,0.14188748598098755,,,0.0034755724482238293,,0.0,,0.1194201111793518,,,,,,,,,,,,,
28,23869,,0.007745095528662205,,0.0,,0.07773436605930328,,0.0,,0.0,,,0.0,0.0,,0.0008492961060255766,,0.14317363500595093,,,0.007479317486286163,,0.0,,0.11849085986614227,,,,,,,,,,,,,
28,23879,,0.005595717113465071,,0.0,,0.0670495554804802,,0.0,,0.0,,,0.0,0.0,,0.0011637338902801275,,0.1452651470899582,,,0.007205977104604244,,0.0,,0.1131400614976883,,,,,,,,,,,,,
28,23889,,0.007866495288908482,,0.0,,0.0914805456995964,,0.0,,0.0,,,0.0,0.0,,0.0008814501925371587,,0.1437157690525055,,,0.00913651566952467,,0.0,,0.1265403926372528,,,,,,,,,,,,,
28,23899,,0.008700447157025337,,0.0,,0.07056960463523865,,0.0,,0.0,,,0.0,0.0,,0.0009249437134712934,,0.1449069380760193,,,0.013071712106466293,,0.0,,0.11908682435750961,,,,,,,,,,,,,
28,23909,,0.008422638289630413,,0.0,,0.08465371280908585,,0.0,,0.0,,,0.0,0.0,,0.0006822274881415069,,0.14869898557662964,,,0.004528931342065334,,0.0,,0.1234932467341423,,,,,,,,,,,,,
28,23919,,0.01136833243072033,,0.0,,0.0880858302116394,,0.0,,0.0,,,0.0,0.0,,0.0020312860142439604,,0.14745751023292542,,,0.008102360181510448,,0.0,,0.12852266430854797,,,,,,,,,,,,,
28,23929,,0.0073891254141926765,,0.0,,0.07959673553705215,,0.0,,0.0,,,0.0,0.0,,0.0008911001496016979,,0.14744752645492554,,,0.0063762543722987175,,0.0,,0.12085036933422089,,,,,,,,,,,,,
28,23939,,0.005505941808223724,,0.0,,0.06594109535217285,,0.0,,0.0,,,0.0,0.0,,0.0007907137041911483,,0.14731603860855103,,,0.005452435463666916,,0.0,,0.11250311881303787,,,,,,,,,,,,,
28,23949,,0.008182726800441742,,0.0,,0.09364191442728043,,0.0,,0.0,,,0.0,0.0,,0.0012512670364230871,,0.1474142074584961,,,0.00549815408885479,,0.0,,0.1279941350221634,,,,,,,,,,,,,
28,23959,,0.009685078635811806,,0.0,,0.09861884266138077,,0.0,,0.0,,,0.0,0.0,,0.0008614568505436182,,0.14686988294124603,,,0.0038500626105815172,,0.0,,0.12994267046451569,,,,,,,,,,,,,
28,23969,,0.011844679713249207,,0.0,,0.09265023469924927,,0.0,,0.0,,,0.0,0.0,,0.0015234912279993296,,0.1467963308095932,,,0.007639250718057156,,0.0,,0.1302269995212555,,,,,,,,,,,,,
28,23979,,0.008627265691757202,,0.0,,0.0773535817861557,,0.0,,0.0,,,0.0,0.0,,0.0009775736834853888,,0.14433903992176056,,,0.008717900142073631,,0.0,,0.12000767886638641,,,,,,,,,,,,,
28,23989,,0.004670528694987297,,0.0,,0.08370936661958694,,0.0,,0.0,,,0.0,0.0,,0.0007892706198617816,,0.14065220952033997,,,0.00496758334338665,,0.0,,0.11739447712898254,,,,,,,,,,,,,
28,23999,,0.008131043054163456,,0.0,,0.0868953987956047,,0.0,,0.0,,,0.0,0.0,,0.0010857544839382172,,0.14333021640777588,,,0.0056234244257211685,,0.0,,0.1225329264998436,,,,,,,,,,,,,
28,24009,,0.01703590527176857,,0.0,,0.08950717002153397,,0.0,,0.0,,,0.0,0.0,,0.003367150202393532,,0.15114590525627136,,,0.005143848247826099,,0.0,,0.1330999881029129,,,,,,,,,,,,,
28,24019,,0.005536293610930443,,0.0,,0.07681402564048767,,0.0,,0.0,,,0.0,0.0,,0.0008769220439717174,,0.1417580544948578,,,0.012056684121489525,,0.0,,0.11852098256349564,,,,,,,,,,,,,
28,24029,,0.007481028325855732,,0.0,,0.06907013803720474,,0.0,,0.0,,,0.0,0.0,,0.0009299146477133036,,0.14399859309196472,,,0.0034095419105142355,,0.0,,0.11244460195302963,,,,,,,,,,,,,
28,24039,,0.0050170281901955605,,0.0,,0.08524630963802338,,0.0,,0.0,,,0.0,0.0,,0.0006473875837400556,,0.1453176885843277,,,0.015884608030319214,,0.0,,0.126056507229805,,,,,,,,,,,,,
28,24049,,0.008534573018550873,,0.0,,0.07495301961898804,,0.0,,0.0,,,0.0,0.0,,0.001161632128059864,,0.1443769931793213,,,0.010336296632885933,,0.0,,0.11968126147985458,,,,,,,,,,,,,
28,24059,,0.006469030398875475,,0.0,,0.07366853207349777,,0.0,,0.0,,,0.0,0.0,,0.001151003991253674,,0.14399319887161255,,,0.00633859820663929,,0.0,,0.11581018567085266,,,,,,,,,,,,,
28,24069,,0.004446931648999453,,0.0,,0.07983648777008057,,0.0,,0.0,,,0.0,0.0,,0.0014128086622804403,,0.1426520049571991,,,0.0061255404725670815,,0.0,,0.11723688989877701,,,,,,,,,,,,,
28,24079,,0.005087252706289291,,0.0,,0.07265543192625046,,0.0,,0.0,,,0.0,0.0,,0.0008358007180504501,,0.13590174913406372,,,0.004485131241381168,,0.0,,0.10948269069194794,,,,,,,,,,,,,
28,24089,,0.006819886155426502,,0.0,,0.08762963861227036,,0.0,,0.0,,,0.0,0.0,,0.0008720571058802307,,0.1443963348865509,,,0.00580238550901413,,0.0,,0.12276016175746918,,,,,,,,,,,,,
28,24099,,0.004489989951252937,,0.0,,0.08530925214290619,,0.0,,0.0,,,0.0,0.0,,0.000567691633477807,,0.14243921637535095,,,0.021092018112540245,,0.0,,0.12694908678531647,,,,,,,,,,,,,
28,24109,,0.009559373371303082,,0.0,,0.08711577951908112,,0.0,,0.0,,,0.0,0.0,,0.0011103620054200292,,0.1442701518535614,,,0.00545446015894413,,0.0,,0.1237550675868988,,,,,,,,,,,,,
28,24119,,0.012125987559556961,,0.0,,0.0896705612540245,,0.0,,0.0,,,0.0,0.0,,0.001604588469490409,,0.14824816584587097,,,0.019158171489834785,,0.0,,0.13540375232696533,,,,,,,,,,,,,
28,24129,,0.00614381255581975,,0.0,,0.08112260699272156,,0.0,,0.0,,,0.0,0.0,,0.0007082074880599976,,0.14264947175979614,,,0.007679142989218235,,0.0,,0.11915162205696106,,,,,,,,,,,,,
28,24139,,0.006704218219965696,,0.0,,0.0722150057554245,,0.0,,0.0,,,0.0,0.0,,0.000797040993347764,,0.14644202589988708,,,0.00350192585028708,,0.0,,0.11483010649681091,,,,,,,,,,,,,
28,24149,,0.00723543856292963,,0.0,,0.07973065972328186,,0.0,,0.0,,,0.0,0.0,,0.0007874903967604041,,0.14770950376987457,,,0.007061520591378212,,0.0,,0.1212623119354248,,,,,,,,,,,,,
28,24159,,0.010084187611937523,,0.0,,0.0830637589097023,,0.0,,0.0,,,0.0,0.0,,0.0009724317933432758,,0.14537233114242554,,,0.020740479230880737,,0.0,,0.13011658191680908,,,,,,,,,,,,,
28,24169,,0.0073294853791594505,,0.0,,0.086504727602005,,0.0,,0.0,,,0.0,0.0,,0.0008086154703050852,,0.14101062715053558,,,0.022665387019515038,,0.0,,0.12915942072868347,,,,,,,,,,,,,
28,24179,,0.008718661963939667,,0.0,,0.08112844079732895,,0.0,,0.0,,,0.0,0.0,,0.001371600548736751,,0.1486135572195053,,,0.0048371125012636185,,0.0,,0.12233468890190125,,,,,,,,,,,,,
28,24189,,0.015875406563282013,,0.0,,0.09341153502464294,,0.0,,0.0,,,0.0,0.0,,0.0025140042416751385,,0.15029795467853546,,,0.0061403848230838776,,0.0,,0.1341196447610855,,,,,,,,,,,,,
28,24199,,0.009617171250283718,,0.0,,0.09417572617530823,,0.0,,0.0,,,0.0,0.0,,0.0008764289086684585,,0.14945873618125916,,,0.004292192403227091,,0.0,,0.12921012938022614,,,,,,,,,,,,,
28,24209,,0.005817082244902849,,0.0,,0.08060486614704132,,0.0,,0.0,,,0.0,0.0,,0.0005770536954514682,,0.14505337178707123,,,0.008528233505785465,,0.0,,0.12029030174016953,,,,,,,,,,,,,
28,24219,,0.00893932394683361,,0.0,,0.07795881479978561,,0.0,,0.0,,,0.0,0.0,,0.0010117370402440429,,0.14807569980621338,,,0.020146656781435013,,0.0,,0.12806612253189087,,,,,,,,,,,,,
28,24229,,0.013688571751117706,,0.0,,0.09651447832584381,,0.0,,0.0,,,0.0,0.0,,0.0018350662430748343,,0.14653417468070984,,,0.0036484356969594955,,0.0,,0.13111037015914917,,,,,,,,,,,,,
28,24239,,0.007881020195782185,,0.0,,0.10443679988384247,,0.0,,0.0,,,0.0,0.0,,0.0010130986338481307,,0.1442347913980484,,,0.004823281429708004,,0.0,,0.13119448721408844,,,,,,,,,,,,,
28,24249,,0.008547643199563026,,0.0,,0.0864134281873703,,0.0,,0.0,,,0.0,0.0,,0.0009755179635249078,,0.14353981614112854,,,0.006183010060340166,,0.0,,0.12282971292734146,,,,,,,,,,,,,
28,24259,,0.004856258165091276,,0.0,,0.07361579686403275,,0.0,,0.0,,,0.0,0.0,,0.00047604943392798305,,0.14471420645713806,,,0.008461417630314827,,0.0,,0.11606185883283615,,,,,,,,,,,,,
28,24269,,0.00581503938883543,,0.0,,0.07483240216970444,,0.0,,0.0,,,0.0,0.0,,0.0007299652206711471,,0.1436435878276825,,,0.005722983740270138,,0.0,,0.11537199467420578,,,,,,,,,,,,,
28,24279,,0.018698956817388535,,0.0,,0.10342825204133987,,0.0,,0.0,,,0.0,0.0,,0.0032297931611537933,,0.15231791138648987,,,0.01507482398301363,,0.0,,0.1463748663663864,,,,,,,,,,,,,
28,24289,,0.011992368847131729,,0.0,,0.07909943908452988,,0.0,,0.0,,,0.0,0.0,,0.0012903400929644704,,0.15218430757522583,,,0.007631449960172176,,0.0,,0.12609894573688507,,,,,,,,,,,,,
28,24299,,0.0032690265215933323,,0.0,,0.07701104134321213,,0.0,,0.0,,,0.0,0.0,,0.00043439475120976567,,0.14350977540016174,,,0.026232270523905754,,0.0,,0.12522825598716736,,,,,,,,,,,,,
28,24309,,0.008940806612372398,,0.0,,0.08750113844871521,,0.0,,0.0,,,0.0,0.0,,0.0008273891871795058,,0.1445874124765396,,,0.003751099109649658,,0.0,,0.12280391901731491,,,,,,,,,,,,,
28,24319,,0.016810202971100807,,0.0,,0.10663807392120361,,0.0,,0.0,,,0.0,0.0,,0.0021480522118508816,,0.15508531033992767,,,0.00558750843629241,,0.0,,0.14313459396362305,,,,,,,,,,,,,
28,24329,,0.005248624831438065,,0.0,,0.07269462943077087,,0.0,,0.0,,,0.0,0.0,,0.0008827202254906297,,0.14138171076774597,,,0.0035603814758360386,,0.0,,0.11188402771949768,,,,,,,,,,,,,
28,24339,,0.00478427205234766,,0.0,,0.07863106578588486,,0.0,,0.0,,,0.0,0.0,,0.0007562082610093057,,0.1412079632282257,,,0.004013868980109692,,0.0,,0.1146966889500618,,,,,,,,,,,,,
28,24349,,0.0062236422672867775,,0.0,,0.08313236385583878,,0.0,,0.0,,,0.0,0.0,,0.0005934542277827859,,0.1459270417690277,,,0.0075013660825788975,,0.0,,0.12168893218040466,,,,,,,,,,,,,
28,24359,,0.006027582101523876,,0.0,,0.07986775785684586,,0.0,,0.0,,,0.0,0.0,,0.0005942999268881977,,0.14578145742416382,,,0.01634635217487812,,0.0,,0.12430872023105621,,,,,,,,,,,,,
28,24369,,0.00872197188436985,,0.0,,0.09438902884721756,,0.0,,0.0,,,0.0,0.0,,0.0013869142858311534,,0.14447565376758575,,,0.004439106211066246,,0.0,,0.1267063468694687,,,,,,,,,,,,,
28,24379,,0.008969319984316826,,0.0,,0.08407071977853775,,0.0,,0.0,,,0.0,0.0,,0.0013838575687259436,,0.14511415362358093,,,0.006085195578634739,,0.0,,0.12281162291765213,,,,,,,,,,,,,
28,24389,,0.015206228941679,,0.0,,0.08466711640357971,,0.0,,0.0,,,0.0,0.0,,0.0024037035182118416,,0.14828947186470032,,,0.007084867917001247,,0.0,,0.12882569432258606,,,,,,,,,,,,,
28,24399,,0.011092369444668293,,0.0,,0.0733698233962059,,0.0,,0.0,,,0.0,0.0,,0.0016440826002508402,,0.15109631419181824,,,0.0037928977981209755,,0.0,,0.12049774825572968,,,,,,,,,,,,,
28,24409,,0.003048267913982272,,0.0,,0.06691992282867432,,0.0,,0.0,,,0.0,0.0,,0.0004270854115020484,,0.14580562710762024,,,0.006127195432782173,,0.0,,0.11116404831409454,,,,,,,,,,,,,
28,24419,,0.005262363702058792,,0.0,,0.0652410015463829,,0.0,,0.0,,,0.0,0.0,,0.001136495964601636,,0.14087237417697906,,,0.004382345359772444,,0.0,,0.10844728350639343,,,,,,,,,,,,,
28,24429,,0.006789172999560833,,0.0,,0.07181164622306824,,0.0,,0.0,,,0.0,0.0,,0.0013252433855086565,,0.1405620276927948,,,0.022649863734841347,,0.0,,0.12156898528337479,,,,,,,,,,,,,
28,24439,,0.007176075596362352,,0.0,,0.07865753024816513,,0.0,,0.0,,,0.0,0.0,,0.0009257315541617572,,0.14482654631137848,,,0.004517214372754097,,0.0,,0.11805154383182526,,,,,,,,,,,,,
28,24449,,0.010126421228051186,,0.0,,0.08830718696117401,,0.0,,0.0,,,0.0,0.0,,0.001570504973642528,,0.1512783169746399,,,0.006031921599060297,,0.0,,0.12865717709064484,,,,,,,,,,,,,
28,24459,,0.005185829009860754,,0.0,,0.08581879734992981,,0.0,,0.0,,,0.0,0.0,,0.0004919382045045495,,0.1453585922718048,,,0.004374744836241007,,0.0,,0.12061494588851929,,,,,,,,,,,,,
28,24469,,0.011120862327516079,,0.0,,0.09761065244674683,,0.0,,0.0,,,0.0,0.0,,0.0018030137289315462,,0.1452755331993103,,,0.00960929412394762,,0.0,,0.13270966708660126,,,,,,,,,,,,,
28,24479,,0.006112595554441214,,0.0,,0.0757208839058876,,0.0,,0.0,,,0.0,0.0,,0.0012211287394165993,,0.14283722639083862,,,0.009748991578817368,,0.0,,0.11782041192054749,,,,,,,,,,,,,
28,24489,,0.008371518924832344,,0.0,,0.07457840442657471,,0.0,,0.0,,,0.0,0.0,,0.0014310575788840652,,0.14245383441448212,,,0.022325079888105392,,0.0,,0.12457995116710663,,,,,,,,,,,,,
28,24499,,0.010411899536848068,,0.0,,0.09433240443468094,,0.0,,0.0,,,0.0,0.0,,0.0013987021520733833,,0.1415996253490448,,,0.0057387575507164,,0.0,,0.1267406940460205,,,,,,,,,,,,,
28,24504,,,,,,,,,,,,,,,,,,,,,,,,,,0.06347642838954926,0.0,0.3400227725505829,0.0,0.0,0.0,0.0,0.035659246146678925,0.2088346630334854,0.36268624663352966,0.05926727131009102,0.0,0.5053397417068481
28,24504,0.007954513654112816,,0.0,,0.08158618956804276,,0.0,,0.0,,0.0,0.0,,,0.0011766953393816948,,0.1450856626033783,,0.008139444515109062,0.001560392091050744,,0.0,,0.1219712421298027,,,,,,,,,,,,,,
29,24509,,0.005821960512548685,,0.0,,0.07062271237373352,,0.0,,0.0,,,0.0,0.0,,0.0010695438832044601,,0.1458522081375122,,,0.004131454508751631,,0.0,,0.1137489378452301,,,,,,,,,,,,,
29,24519,,0.0061375731602311134,,0.0,,0.07218839973211288,,0.0,,0.0,,,0.0,0.0,,0.0008060293039306998,,0.15048038959503174,,,0.011856112629175186,,0.0,,0.12073425948619843,,,,,,,,,,,,,
29,24529,,0.00563065754249692,,0.0,,0.08540800213813782,,0.0,,0.0,,,0.0,0.0,,0.0010761821176856756,,0.1443113088607788,,,0.003708482254296541,,0.0,,0.12006731331348419,,,,,,,,,,,,,
29,24539,,0.011528504081070423,,0.0,,0.08938540518283844,,0.0,,0.0,,,0.0,0.0,,0.0027939057908952236,,0.15060585737228394,,,0.013564317487180233,,0.0,,0.1339389979839325,,,,,,,,,,,,,
29,24549,,0.006306415423750877,,0.0,,0.06992907077074051,,0.0,,0.0,,,0.0,0.0,,0.000857327482663095,,0.14568167924880981,,,0.011947192251682281,,0.0,,0.11736083030700684,,,,,,,,,,,,,
29,24559,,0.007379445247352123,,0.0,,0.0846996083855629,,0.0,,0.0,,,0.0,0.0,,0.0008720326004549861,,0.14818984270095825,,,0.005133843049407005,,0.0,,0.12313737720251083,,,,,,,,,,,,,
29,24569,,0.009542535990476608,,0.0,,0.08629943430423737,,0.0,,0.0,,,0.0,0.0,,0.0011585339671000838,,0.14192074537277222,,,0.005840888246893883,,0.0,,0.1223810687661171,,,,,,,,,,,,,
29,24579,,0.009527916088700294,,0.0,,0.08937082439661026,,0.0,,0.0,,,0.0,0.0,,0.0028917272575199604,,0.1499689817428589,,,0.00999758206307888,,0.0,,0.1308785080909729,,,,,,,,,,,,,
29,24589,,0.00977907981723547,,0.0,,0.08820822089910507,,0.0,,0.0,,,0.0,0.0,,0.0011949442559853196,,0.14235562086105347,,,0.00881132297217846,,0.0,,0.1251745969057083,,,,,,,,,,,,,
29,24599,,0.005794208496809006,,0.0,,0.08190527558326721,,0.0,,0.0,,,0.0,0.0,,0.00043400563299655914,,0.14660979807376862,,,0.013000160455703735,,0.0,,0.12387172877788544,,,,,,,,,,,,,
29,24609,,0.007276670075953007,,0.0,,0.07354505360126495,,0.0,,0.0,,,0.0,0.0,,0.0008867803844623268,,0.14230410754680634,,,0.011896919459104538,,0.0,,0.11795476824045181,,,,,,,,,,,,,
29,24619,,0.013461459428071976,,0.0,,0.08864236623048782,,0.0,,0.0,,,0.0,0.0,,0.0029992349445819855,,0.15405374765396118,,,0.005161951761692762,,0.0,,0.13215938210487366,,,,,,,,,,,,,
29,24629,,0.009813680313527584,,0.0,,0.0794464722275734,,0.0,,0.0,,,0.0,0.0,,0.0012576004955917597,,0.1464747190475464,,,0.005265057552605867,,0.0,,0.12112876027822495,,,,,,,,,,,,,
29,24639,,0.00699471402913332,,0.0,,0.09056012332439423,,0.0,,0.0,,,0.0,0.0,,0.0007941051153466105,,0.14466607570648193,,,0.022593781352043152,,0.0,,0.13280439376831055,,,,,,,,,,,,,
29,24649,,0.009644177742302418,,0.0,,0.07974228262901306,,0.0,,0.0,,,0.0,0.0,,0.0018830092158168554,,0.1435786485671997,,,0.004712538793683052,,0.0,,0.11978033185005188,,,,,,,,,,,,,
29,24659,,0.007193438708782196,,0.0,,0.0928945541381836,,0.0,,0.0,,,0.0,0.0,,0.0005744409863837063,,0.14446783065795898,,,0.0037463121116161346,,0.0,,0.12443829327821732,,,,,,,,,,,,,
29,24669,,0.0053814975544810295,,0.0,,0.07203788310289383,,0.0,,0.0,,,0.0,0.0,,0.001337370602414012,,0.1492886245250702,,,0.004630060866475105,,0.0,,0.11633770912885666,,,,,,,,,,,,,
29,24679,,0.0064232852309942245,,0.0,,0.07668349146842957,,0.0,,0.0,,,0.0,0.0,,0.0008068270981311798,,0.1449636071920395,,,0.0062146116979420185,,0.0,,0.11754591017961502,,,,,,,,,,,,,
29,24689,,0.012615716084837914,,0.0,,0.08810868859291077,,0.0,,0.0,,,0.0,0.0,,0.0015839118277654052,,0.14140352606773376,,,0.005842955783009529,,0.0,,0.1247773990035057,,,,,,,,,,,,,
29,24699,,0.006204168312251568,,0.0,,0.0774829313158989,,0.0,,0.0,,,0.0,0.0,,0.0006485911435447633,,0.14612306654453278,,,0.004822304006665945,,0.0,,0.11764052510261536,,,,,,,,,,,,,
29,24709,,0.009309766814112663,,0.0,,0.08794335275888443,,0.0,,0.0,,,0.0,0.0,,0.0012471851659938693,,0.14418292045593262,,,0.004030827432870865,,0.0,,0.12335702031850815,,,,,,,,,,,,,
29,24719,,0.005679082125425339,,0.0,,0.08053030073642731,,0.0,,0.0,,,0.0,0.0,,0.0006348242750391364,,0.1431746482849121,,,0.005351836793124676,,0.0,,0.11768534779548645,,,,,,,,,,,,,
29,24729,,0.004223245661705732,,0.0,,0.07135719060897827,,0.0,,0.0,,,0.0,0.0,,0.0011408115969970822,,0.13901224732398987,,,0.007145969197154045,,0.0,,0.11143973469734192,,,,,,,,,,,,,
29,24739,,0.006207115016877651,,0.0,,0.07988274842500687,,0.0,,0.0,,,0.0,0.0,,0.0012057079002261162,,0.14699360728263855,,,0.017179131507873535,,0.0,,0.1257341504096985,,,,,,,,,,,,,
29,24749,,0.00642620911821723,,0.0,,0.08293770998716354,,0.0,,0.0,,,0.0,0.0,,0.0005253424751572311,,0.14734646677970886,,,0.006648536771535873,,0.0,,0.12194214016199112,,,,,,,,,,,,,
29,24759,,0.007683874107897282,,0.0,,0.08657173067331314,,0.0,,0.0,,,0.0,0.0,,0.0009328410378657281,,0.1396680772304535,,,0.004891908727586269,,0.0,,0.11987420916557312,,,,,,,,,,,,,
29,24769,,0.015596121549606323,,0.0,,0.08707927912473679,,0.0,,0.0,,,0.0,0.0,,0.002321511972695589,,0.15086935460567474,,,0.006009424105286598,,0.0,,0.1309378445148468,,,,,,,,,,,,,
29,24779,,0.0041146609000861645,,0.0,,0.05770908668637276,,0.0,,0.0,,,0.0,0.0,,0.0006074697594158351,,0.14530722796916962,,,0.0038581625558435917,,0.0,,0.10579830408096313,,,,,,,,,,,,,
29,24789,,0.007960712537169456,,0.0,,0.07594528794288635,,0.0,,0.0,,,0.0,0.0,,0.0010044805239886045,,0.14214174449443817,,,0.005147918127477169,,0.0,,0.11610007286071777,,,,,,,,,,,,,
29,24799,,0.008184111677110195,,0.0,,0.07937988638877869,,0.0,,0.0,,,0.0,0.0,,0.000892011565156281,,0.14600059390068054,,,0.007323059253394604,,0.0,,0.1208898276090622,,,,,,,,,,,,,
29,24809,,0.007543512620031834,,0.0,,0.09537726640701294,,0.0,,0.0,,,0.0,0.0,,0.0006954078562557697,,0.14604660868644714,,,0.005549535620957613,,0.0,,0.12760616838932037,,,,,,,,,,,,,
29,24819,,0.006758654024451971,,0.0,,0.07012906670570374,,0.0,,0.0,,,0.0,0.0,,0.0006321609835140407,,0.14212831854820251,,,0.003451170865446329,,0.0,,0.11154969036579132,,,,,,,,,,,,,
29,24829,,0.013469885103404522,,0.0,,0.10025075823068619,,0.0,,0.0,,,0.0,0.0,,0.002123161917552352,,0.1490246057510376,,,0.004356262274086475,,0.0,,0.1346123218536377,,,,,,,,,,,,,
29,24839,,0.008936747908592224,,0.0,,0.06731916218996048,,0.0,,0.0,,,0.0,0.0,,0.001955576939508319,,0.14770323038101196,,,0.003919445443898439,,0.0,,0.1149170845746994,,,,,,,,,,,,,
29,24849,,0.007607479579746723,,0.0,,0.07035277783870697,,0.0,,0.0,,,0.0,0.0,,0.0009390440536662936,,0.14599335193634033,,,0.004137988202273846,,0.0,,0.11451531946659088,,,,,,,,,,,,,
29,24859,,0.007523791398853064,,0.0,,0.0675860270857811,,0.0,,0.0,,,0.0,0.0,,0.0006598557811230421,,0.14764007925987244,,,0.006422542966902256,,0.0,,0.11491615325212479,,,,,,,,,,,,,
29,24869,,0.00797127466648817,,0.0,,0.07572025805711746,,0.0,,0.0,,,0.0,0.0,,0.0009550285758450627,,0.1392446756362915,,,0.005570854991674423,,0.0,,0.11473104357719421,,,,,,,,,,,,,
29,24879,,0.009599221870303154,,0.0,,0.09555017203092575,,0.0,,0.0,,,0.0,0.0,,0.0011980024864897132,,0.1490156650543213,,,0.005373284686356783,,0.0,,0.130368173122406,,,,,,,,,,,,,
29,24889,,0.006859897635877132,,0.0,,0.07937569916248322,,0.0,,0.0,,,0.0,0.0,,0.0007073471788316965,,0.13982468843460083,,,0.013859391212463379,,0.0,,0.12031351029872894,,,,,,,,,,,,,
29,24899,,0.003358678426593542,,0.0,,0.06277962774038315,,0.0,,0.0,,,0.0,0.0,,0.0003586655657272786,,0.14503398537635803,,,0.006606717593967915,,0.0,,0.1090688407421112,,,,,,,,,,,,,
29,24909,,0.00764546450227499,,0.0,,0.09236954897642136,,0.0,,0.0,,,0.0,0.0,,0.0010531225707381964,,0.1464119255542755,,,0.003591096494346857,,0.0,,0.12553557753562927,,,,,,,,,,,,,
29,24919,,0.00797569565474987,,0.0,,0.08936221152544022,,0.0,,0.0,,,0.0,0.0,,0.002159234369173646,,0.14488714933395386,,,0.002999249380081892,,0.0,,0.12369176745414734,,,,,,,,,,,,,
29,24929,,0.008356159552931786,,0.0,,0.07634495943784714,,0.0,,0.0,,,0.0,0.0,,0.0009034477407112718,,0.14672040939331055,,,0.00439736433327198,,0.0,,0.11836116760969162,,,,,,,,,,,,,
29,24939,,0.0049062627367675304,,0.0,,0.09643680602312088,,0.0,,0.0,,,0.0,0.0,,0.0005183868343010545,,0.14525765180587769,,,0.008068643510341644,,0.0,,0.12759387493133545,,,,,,,,,,,,,
29,24949,,0.013588604517281055,,0.0,,0.08332091569900513,,0.0,,0.0,,,0.0,0.0,,0.0016156242927536368,,0.1474805772304535,,,0.007590720430016518,,0.0,,0.12679822742938995,,,,,,,,,,,,,
29,24959,,0.010392606258392334,,0.0,,0.09642757475376129,,0.0,,0.0,,,0.0,0.0,,0.0015998495509847999,,0.14592772722244263,,,0.004056135658174753,,0.0,,0.12920193374156952,,,,,,,,,,,,,
29,24969,,0.011447564698755741,,0.0,,0.08030732721090317,,0.0,,0.0,,,0.0,0.0,,0.0013484174851328135,,0.1454882174730301,,,0.0054771993309259415,,0.0,,0.12203436344861984,,,,,,,,,,,,,
29,24979,,0.008959912694990635,,0.0,,0.08322499692440033,,0.0,,0.0,,,0.0,0.0,,0.0014046647120267153,,0.14644229412078857,,,0.004500582814216614,,0.0,,0.12226622551679611,,,,,,,,,,,,,
29,24989,,0.005616061855107546,,0.0,,0.07775196433067322,,0.0,,0.0,,,0.0,0.0,,0.0007031750865280628,,0.1428472101688385,,,0.00920015200972557,,0.0,,0.11805928498506546,,,,,,,,,,,,,
29,24999,,0.00877545215189457,,0.0,,0.07134793698787689,,0.0,,0.0,,,0.0,0.0,,0.0012374648358672857,,0.14274771511554718,,,0.005790445953607559,,0.0,,0.11494950950145721,,,,,,,,,,,,,
29,25009,,0.006551479920744896,,0.0,,0.08173789083957672,,0.0,,0.0,,,0.0,0.0,,0.0005878363735973835,,0.14421507716178894,,,0.008658443577587605,,0.0,,0.12087535858154297,,,,,,,,,,,,,
29,25019,,0.008871454745531082,,0.0,,0.08283853530883789,,0.0,,0.0,,,0.0,0.0,,0.0011108641047030687,,0.15026317536830902,,,0.006543694529682398,,0.0,,0.12481386214494705,,,,,,,,,,,,,
29,25029,,0.008851256221532822,,0.0,,0.07663698494434357,,0.0,,0.0,,,0.0,0.0,,0.0015171996783465147,,0.14567607641220093,,,0.003967675380408764,,0.0,,0.11832460016012192,,,,,,,,,,,,,
29,25039,,0.008043482899665833,,0.0,,0.09606601297855377,,0.0,,0.0,,,0.0,0.0,,0.0009918736759573221,,0.145395427942276,,,0.005251478403806686,,0.0,,0.12787413597106934,,,,,,,,,,,,,
29,25049,,0.009464001283049583,,0.0,,0.0827770084142685,,0.0,,0.0,,,0.0,0.0,,0.001498090336099267,,0.146920844912529,,,0.006995717529207468,,0.0,,0.12382782995700836,,,,,,,,,,,,,
29,25059,,0.011605380102992058,,0.0,,0.10931079834699631,,0.0,,0.0,,,0.0,0.0,,0.0012858443660661578,,0.14742052555084229,,,0.003955556079745293,,0.0,,0.13678905367851257,,,,,,,,,,,,,
29,25069,,0.003203457221388817,,0.0,,0.06738626956939697,,0.0,,0.0,,,0.0,0.0,,0.0004905938403680921,,0.14663323760032654,,,0.004188768565654755,,0.0,,0.11095115542411804,,,,,,,,,,,,,
29,25079,,0.010200517252087593,,0.0,,0.08373841643333435,,0.0,,0.0,,,0.0,0.0,,0.00131828838493675,,0.14301058650016785,,,0.004260727670043707,,0.0,,0.1212642714381218,,,,,,,,,,,,,
29,25089,,0.006452122703194618,,0.0,,0.07445252686738968,,0.0,,0.0,,,0.0,0.0,,0.001083051203750074,,0.14697520434856415,,,0.015116514638066292,,0.0,,0.12203971296548843,,,,,,,,,,,,,
29,25099,,0.007337838876992464,,0.0,,0.09332846850156784,,0.0,,0.0,,,0.0,0.0,,0.0007208549650385976,,0.14893651008605957,,,0.003295325441285968,,0.0,,0.1268095076084137,,,,,,,,,,,,,
29,25109,,0.004443935584276915,,0.0,,0.06763486564159393,,0.0,,0.0,,,0.0,0.0,,0.002108172047883272,,0.14235030114650726,,,0.009789515286684036,,0.0,,0.11316338926553726,,,,,,,,,,,,,
29,25119,,0.00758941937237978,,0.0,,0.09448731690645218,,0.0,,0.0,,,0.0,0.0,,0.0009551261318847537,,0.14459125697612762,,,0.002875590231269598,,0.0,,0.12524935603141785,,,,,,,,,,,,,
29,25129,,0.0064547001384198666,,0.0,,0.086267851293087,,0.0,,0.0,,,0.0,0.0,,0.0008086712914519012,,0.14906460046768188,,,0.005658124573528767,,0.0,,0.12412697821855545,,,,,,,,,,,,,
29,25139,,0.0036033322103321552,,0.0,,0.0825379267334938,,0.0,,0.0,,,0.0,0.0,,0.0006897735293023288,,0.14518103003501892,,,0.011576574295759201,,0.0,,0.12179432064294815,,,,,,,,,,,,,
29,25149,,0.004518201574683189,,0.0,,0.087301105260849,,0.0,,0.0,,,0.0,0.0,,0.0005047132726758718,,0.14607682824134827,,,0.005086066201329231,,0.0,,0.12174345552921295,,,,,,,,,,,,,
29,25159,,0.005165182054042816,,0.0,,0.0607602633535862,,0.0,,0.0,,,0.0,0.0,,0.0009753603371791542,,0.14581575989723206,,,0.007242916151881218,,0.0,,0.10997974127531052,,,,,,,,,,,,,
29,25169,,0.007649507373571396,,0.0,,0.07175477594137192,,0.0,,0.0,,,0.0,0.0,,0.0013557294150814414,,0.14148300886154175,,,0.003935026004910469,,0.0,,0.11308902502059937,,,,,,,,,,,,,
29,25179,,0.0040511563420295715,,0.0,,0.07381638139486313,,0.0,,0.0,,,0.0,0.0,,0.0005530460621230304,,0.13973914086818695,,,0.0037786848843097687,,0.0,,0.1109691932797432,,,,,,,,,,,,,
29,25189,,0.01018904522061348,,0.0,,0.09362146258354187,,0.0,,0.0,,,0.0,0.0,,0.0010959440842270851,,0.1445007622241974,,,0.003919826354831457,,0.0,,0.12666352093219757,,,,,,,,,,,,,
29,25199,,0.009745645336806774,,0.0,,0.07432256639003754,,0.0,,0.0,,,0.0,0.0,,0.0011437380453571677,,0.14659111201763153,,,0.006237067747861147,,0.0,,0.11902006715536118,,,,,,,,,,,,,
29,25209,,0.014630280435085297,,0.0,,0.09186118096113205,,0.0,,0.0,,,0.0,0.0,,0.0021999352611601353,,0.15165287256240845,,,0.012574783526360989,,0.0,,0.13645954430103302,,,,,,,,,,,,,
29,25219,,0.00895677786320448,,0.0,,0.09664679318666458,,0.0,,0.0,,,0.0,0.0,,0.0016300482675433159,,0.14708402752876282,,,0.010784847661852837,,0.0,,0.13255123794078827,,,,,,,,,,,,,
29,25229,,0.009160151705145836,,0.0,,0.08114732801914215,,0.0,,0.0,,,0.0,0.0,,0.0014545887243002653,,0.14671717584133148,,,0.007694116793572903,,0.0,,0.12308667600154877,,,,,,,,,,,,,
29,25239,,0.00849154219031334,,0.0,,0.08328772336244583,,0.0,,0.0,,,0.0,0.0,,0.0010609712917357683,,0.14618027210235596,,,0.01988898776471615,,0.0,,0.12945474684238434,,,,,,,,,,,,,
29,25249,,0.018634095788002014,,0.0,,0.0894978791475296,,0.0,,0.0,,,0.0,0.0,,0.003999386914074421,,0.1522144228219986,,,0.003910901956260204,,0.0,,0.13412834703922272,,,,,,,,,,,,,
29,25259,,0.004538178443908691,,0.0,,0.07555678486824036,,0.0,,0.0,,,0.0,0.0,,0.000765712175052613,,0.14242100715637207,,,0.007255480624735355,,0.0,,0.11526858061552048,,,,,,,,,,,,,
29,25269,,0.010701091028749943,,0.0,,0.07397232949733734,,0.0,,0.0,,,0.0,0.0,,0.0024566713254898787,,0.14319764077663422,,,0.009931151755154133,,0.0,,0.12012943625450134,,,,,,,,,,,,,
29,25279,,0.014170716516673565,,0.0,,0.09593986719846725,,0.0,,0.0,,,0.0,0.0,,0.0020778505131602287,,0.15284106135368347,,,0.009928897023200989,,0.0,,0.13747918605804443,,,,,,,,,,,,,
29,25289,,0.008911758661270142,,0.0,,0.08452855050563812,,0.0,,0.0,,,0.0,0.0,,0.0019097556360065937,,0.14516746997833252,,,0.00926896184682846,,0.0,,0.12489324808120728,,,,,,,,,,,,,
29,25299,,0.006192766595631838,,0.0,,0.08217264711856842,,0.0,,0.0,,,0.0,0.0,,0.001066882163286209,,0.14656290411949158,,,0.0039033463690429926,,0.0,,0.11994927376508713,,,,,,,,,,,,,
29,25309,,0.0060915760695934296,,0.0,,0.0658096894621849,,0.0,,0.0,,,0.0,0.0,,0.0008563095470890403,,0.13982133567333221,,,0.00531825702637434,,0.0,,0.10894858092069626,,,,,,,,,,,,,
29,25319,,0.004866421222686768,,0.0,,0.07930866628885269,,0.0,,0.0,,,0.0,0.0,,0.001110422657802701,,0.14723025262355804,,,0.005922777112573385,,0.0,,0.11921927332878113,,,,,,,,,,,,,
29,25329,,0.00633764173835516,,0.0,,0.08683641254901886,,0.0,,0.0,,,0.0,0.0,,0.0011876593343913555,,0.14109307527542114,,,0.026066869497299194,,0.0,,0.1307608187198639,,,,,,,,,,,,,
29,25339,,0.0062148733995854855,,0.0,,0.08509175479412079,,0.0,,0.0,,,0.0,0.0,,0.000937794684432447,,0.14573347568511963,,,0.0043918839655816555,,0.0,,0.12118488550186157,,,,,,,,,,,,,
29,25349,,0.007363462820649147,,0.0,,0.07017087191343307,,0.0,,0.0,,,0.0,0.0,,0.0015584755456075072,,0.14502176642417908,,,0.010367751121520996,,0.0,,0.11724117398262024,,,,,,,,,,,,,
29,25349,,,,,,,,,,,,,,,,,,,,,,,,,,0.06246860697865486,0.0,0.33774688839912415,0.0,0.0,0.0,0.0,0.03526224195957184,0.208407461643219,0.3619537055492401,0.05914634093642235,0.0,0.5029192566871643
29,25349,0.007932624779641628,,0.0,,0.08140739798545837,,0.0,,0.0,,0.0,0.0,,,0.0011825418332591653,,0.14508266746997833,,0.008043319918215275,0.0015450870851054788,,0.0,,0.12182419747114182,,,,,,,,,,,,,,
