epoch,step,train/L_coord_epoch,train/L_coord_step,train/L_depth_anchor_epoch,train/L_depth_anchor_step,train/L_geo_pred_pred_art_epoch,train/L_geo_pred_pred_art_step,train/L_kld_epoch,train/L_kld_step,train/L_mask_epoch,train/L_mask_step,train/L_motion_recon_epoch,train/L_motion_recon_step,train/L_motion_type_epoch,train/L_motion_type_step,train/L_origin_epoch,train/L_origin_map_epoch,train/L_origin_map_step,train/L_origin_step,train/L_p_rev_balance_epoch,train/L_p_rev_balance_step,train/L_point_3d_epoch,train/L_point_3d_step,train/L_point_map_epoch,train/L_point_map_step,train/L_traj_proj_epoch,train/L_traj_proj_step,train/L_trajectory_epoch,train/L_trajectory_m2,train/L_trajectory_step,train/L_vae_total_epoch,train/L_vae_total_step,train/loss_total_epoch,train/loss_total_step,train/p_rev_mean,val/L_coord,val/L_depth_anchor,val/L_geo_pred_pred_art,val/L_kld,val/L_mask,val/L_motion_recon,val/L_motion_type,val/L_origin,val/L_origin_map,val/L_p_rev_balance,val/L_point_3d,val/L_point_map,val/L_traj_proj,val/L_trajectory,val/L_trajectory_m2,val/L_vae_total,val/loss_total
0,9,,0.28433042764663696,,0.14771024882793427,,0.33414286375045776,,0.0,,3.6726858615875244,,1.0,,0.6255950927734375,,,0.0,0.0,,0.05484675243496895,,201.122314453125,,7.65048885345459,,27.589059829711914,,,1.0741678476333618,,1.0,,19.732975006103516,,,,,,,,,,,,,,,,,,
0,19,,0.31807130575180054,,0.09082581102848053,,0.3541017770767212,,0.0,,1.080956220626831,,1.0,,0.5573800802230835,,,0.0,0.0,,0.03661777079105377,,192.26614379882812,,4.382253170013428,,13.452838897705078,,,1.0774552822113037,,1.0,,9.716191291809082,,,,,,,,,,,,,,,,,,
0,29,,0.25582367181777954,,0.04649770259857178,,0.3510444164276123,,0.0,,1.1624685525894165,,1.0,,0.5267541408538818,,,0.0,0.0,,0.029002690687775612,,200.19419860839844,,4.143762111663818,,7.793931007385254,,,1.0385048389434814,,1.0,,6.750847339630127,,,,,,,,,,,,,,,,,,
0,39,,0.1486453413963318,,0.07212371379137039,,0.34343916177749634,,0.0,,0.949874222278595,,1.0,,0.5102182030677795,,,0.0,0.0,,0.02500874176621437,,194.29562377929688,,3.1130528450012207,,5.623354911804199,,,1.1102690696716309,,1.0,,5.0003743171691895,,,,,,,,,,,,,,,,,,
0,39,,,,,,,,,,,,,,,,,,,,,,,,,,,,,,,,,,,0.356825053691864,0.1490272432565689,0.3448863923549652,0.0,1.0205003023147583,1.0,0.5056248307228088,0.0,0.0,0.024003205820918083,195.40264892578125,2.1785120964050293,21.12188148498535,1.1078613996505737,1.9701207876205444,1.0,12.459864616394043
0,39,0.26784747838974,,0.14474086463451385,,0.36106109619140625,,0.0,,2.941023349761963,,1.0,,0.5771600604057312,,0.0,0.0,,,0.04218524321913719,,200.93331909179688,,7.6981611251831055,,21.723163604736328,,1.0864546298980713,2.003696918487549,,1.0,,16.444664001464844,,0.4278128743171692,,,,,,,,,,,,,,,,,
1,49,,0.12245907634496689,,0.054260287433862686,,0.30830854177474976,,0.0,,0.9487264156341553,,1.0,,0.4768362045288086,,,0.0,0.0,,0.018042676150798798,,199.74606323242188,,3.280416488647461,,7.134363174438477,,,1.055838704109192,,1.0,,5.809964656829834,,,,,,,,,,,,,,,,,,
1,59,,0.11917349696159363,,0.0994034856557846,,0.27963435649871826,,0.0,,0.9584406614303589,,1.0,,0.4545116424560547,,,0.0,0.0,,0.013753642328083515,,203.8428192138672,,3.2033307552337646,,2.6552555561065674,,,1.0951789617538452,,1.0,,3.5526421070098877,,,,,,,,,,,,,,,,,,
1,69,,0.08471322059631348,,0.1277216672897339,,0.259748637676239,,0.0,,0.9639784097671509,,1.0,,0.4264417588710785,,,0.0,0.0,,0.009090900421142578,,209.1309814453125,,2.8203721046447754,,6.690207481384277,,,1.0703777074813843,,1.0,,5.374016761779785,,,,,,,,,,,,,,,,,,
1,79,,0.09178625047206879,,0.05570340156555176,,0.25295090675354004,,0.0,,0.9131247401237488,,1.0,,0.4159391224384308,,,0.0,0.0,,0.0075139538384974,,200.48260498046875,,2.5171806812286377,,3.417548418045044,,,1.0425338745117188,,1.0,,3.526723861694336,,,,,,,,,,,,,,,,,,
1,79,,,,,,,,,,,,,,,,,,,,,,,,,,,,,,,,,,,0.09036444872617722,0.03361004590988159,0.24066099524497986,0.0,0.867419421672821,1.0,0.4218599200248718,0.0,0.0,0.008302232250571251,196.6830291748047,1.9551151990890503,5.1426310539245605,1.0905486345291138,1.9661872386932373,1.0,4.072787761688232
1,79,0.11275526136159897,,0.058775193989276886,,0.27912527322769165,,0.0,,0.9613788723945618,,1.0,,0.45410579442977905,,0.0,0.0,,,0.013980239629745483,,200.82998657226562,,2.9822630882263184,,6.065509796142578,,1.0777194499969482,2.003282070159912,,1.0,,5.125243663787842,,0.34148263931274414,,,,,,,,,,,,,,,,,
2,89,,0.09757283329963684,,0.015354394912719727,,0.23995791375637054,,0.0,,0.8706433773040771,,1.0,,0.4054618775844574,,,0.0,0.0,,0.006083829328417778,,204.45416259765625,,2.4997854232788086,,3.1477229595184326,,,1.1128971576690674,,1.0,,3.3425772190093994,,,,,,,,,,,,,,,,,,
2,99,,0.07653764635324478,,0.048662152141332626,,0.20808187127113342,,0.0,,0.8275222778320312,,1.0,,0.38092994689941406,,,0.0,0.0,,0.003282747231423855,,196.4829559326172,,2.718946695327759,,2.9841372966766357,,,1.0580403804779053,,1.0,,3.3503525257110596,,,,,,,,,,,,,,,,,,
2,109,,0.09784603118896484,,0.0688064694404602,,0.21300062537193298,,0.0,,0.8178181648254395,,1.0,,0.38410550355911255,,,0.0,0.0,,0.0035534703638404608,,198.4449920654297,,2.7527806758880615,,5.706846237182617,,,1.0457546710968018,,1.0,,4.745125770568848,,,,,,,,,,,,,,,,,,
2,119,,0.0748540610074997,,0.04070977494120598,,0.21133027970790863,,0.0,,0.7806508541107178,,1.0,,0.3754943013191223,,,0.0,0.0,,0.002635429846122861,,205.71273803710938,,2.5898241996765137,,1.7463786602020264,,,1.0988832712173462,,1.0,,2.638659715652466,,,,,,,,,,,,,,,,,,
2,119,,,,,,,,,,,,,,,,,,,,,,,,,,,,,,,,,,,0.07080749422311783,0.031635306775569916,0.20294426381587982,0.0,0.7075964212417603,1.0,0.37525811791419983,0.0,0.0,0.0026558581739664078,196.29412841796875,1.7220051288604736,2.9987330436706543,1.0947223901748657,1.9665945768356323,1.0,2.78701114654541
2,119,0.08697212487459183,,0.05867014452815056,,0.22237062454223633,,0.0,,0.8225482106208801,,1.0,,0.3934778571128845,,0.0,0.0,,,0.004728570580482483,,201.3275909423828,,2.6009411811828613,,3.877326488494873,,1.074894905090332,2.0028274059295654,,1.0,,3.7478299140930176,,0.29240530729293823,,,,,,,,,,,,,,,,,
3,129,,0.06843996047973633,,0.03051668591797352,,0.20342151820659637,,0.0,,0.6870064735412598,,1.0,,0.37287643551826477,,,0.0,0.0,,0.0023851608857512474,,200.16604614257812,,2.476311683654785,,3.460139036178589,,,1.0931377410888672,,1.0,,3.3827414512634277,,,,,,,,,,,,,,,,,,
3,139,,0.06954988092184067,,0.05049820989370346,,0.1774105280637741,,0.0,,0.7627993822097778,,1.0,,0.36178186535835266,,,0.0,0.0,,0.001560741919092834,,207.4564666748047,,2.368628978729248,,5.75816011428833,,,1.0564558506011963,,1.0,,4.523339748382568,,,,,,,,,,,,,,,,,,
3,149,,0.09119825065135956,,0.07140441983938217,,0.1828998476266861,,0.0,,0.7762289047241211,,1.0,,0.36044418811798096,,,0.0,0.0,,0.001447400776669383,,201.06396484375,,2.5117573738098145,,2.217299461364746,,,1.0441389083862305,,1.0,,2.8529579639434814,,,,,,,,,,,,,,,,,,
3,159,,0.06938345730304718,,0.04512503743171692,,0.18597030639648438,,0.0,,0.7984790205955505,,1.0,,0.34871262311935425,,,0.0,0.0,,0.0007429226534441113,,208.45513916015625,,2.1309633255004883,,2.0829830169677734,,,1.065626621246338,,1.0,,2.582435369491577,,,,,,,,,,,,,,,,,,
3,159,,,,,,,,,,,,,,,,,,,,,,,,,,,,,,,,,,,0.05933327600359917,0.03532690182328224,0.17489132285118103,0.0,0.6512260437011719,1.0,0.3542161285877228,0.0,0.0,0.0010496689938008785,196.6337890625,1.598836064338684,2.2295708656311035,1.1048160791397095,1.968316674232483,1.0,2.3051607608795166
3,159,0.07266722619533539,,0.054491132497787476,,0.18182893097400665,,0.0,,0.7580798864364624,,1.0,,0.36200061440467834,,0.0,0.0,,,0.0016243159770965576,,201.39352416992188,,2.378883123397827,,3.087052345275879,,1.0796358585357666,2.004237413406372,,1.0,,3.1945815086364746,,0.2646133303642273,,,,,,,,,,,,,,,,,
4,169,,0.07072798907756805,,0.09005081653594971,,0.15887543559074402,,0.0,,0.7960021495819092,,1.0,,0.3445082902908325,,,0.0,0.0,,0.0005413256003521383,,201.1610565185547,,2.0944690704345703,,2.0241856575012207,,,1.0792455673217773,,1.0,,2.5538759231567383,,,,,,,,,,,,,,,,,,
4,179,,0.05553414300084114,,0.054739683866500854,,0.142625093460083,,0.0,,0.7468382716178894,,1.0,,0.33751344680786133,,,0.0,0.0,,0.00030271164723671973,,200.95712280273438,,2.228477716445923,,2.011169195175171,,,1.0976226329803467,,1.0,,2.562793254852295,,,,,,,,,,,,,,,,,,
4,189,,0.07569572329521179,,0.06680268794298172,,0.15058982372283936,,0.0,,0.6361349821090698,,1.0,,0.36430615186691284,,,0.0,0.0,,0.0016831397078931332,,210.56149291992188,,2.1852989196777344,,2.539452075958252,,,1.0554983615875244,,1.0,,2.767592668533325,,,,,,,,,,,,,,,,,,
4,199,,0.07076255232095718,,0.05157237872481346,,0.15720874071121216,,0.0,,0.7112030982971191,,1.0,,0.3389074206352234,,,0.0,0.0,,0.000357071723556146,,203.21250915527344,,1.975658655166626,,3.600639820098877,,,1.103971004486084,,1.0,,3.2208175659179688,,,,,,,,,,,,,,,,,,
4,199,,,,,,,,,,,,,,,,,,,,,,,,,,,,,,,,,,,0.05324122682213783,0.03839661180973053,0.1553785502910614,0.0,0.6029011607170105,1.0,0.34746024012565613,0.0,0.0,0.0006578342872671783,196.82423400878906,1.3721123933792114,1.722569227218628,1.1150083541870117,1.9695353507995605,1.0,1.9104771614074707
4,199,0.06388716399669647,,0.05231070518493652,,0.15791703760623932,,0.0,,0.7000436186790466,,1.0,,0.3484470546245575,,0.0,0.0,,,0.0007982737151905894,,201.34588623046875,,2.1782894134521484,,2.471806049346924,,1.0857700109481812,2.0163140296936035,,1.0,,2.749359607696533,,0.2519221901893616,,,,,,,,,,,,,,,,,
5,209,,0.0631745308637619,,0.04431159794330597,,0.15760298073291779,,0.0,,0.6690049767494202,,1.0,,0.35153189301490784,,,0.0,0.0,,0.0008831850136630237,,199.76406860351562,,1.9067742824554443,,1.5950080156326294,,,1.2910537719726562,,1.0,,2.1553385257720947,,,,,,,,,,,,,,,,,,
5,219,,0.04820075258612633,,0.0135468989610672,,0.1467408686876297,,0.0,,0.6433534026145935,,1.0,,0.3443242013454437,,,0.0,0.0,,0.0004809919628314674,,209.03172302246094,,1.8788461685180664,,1.4231971502304077,,,1.0683512687683105,,1.0,,2.018486976623535,,,,,,,,,,,,,,,,,,
5,229,,0.05104288458824158,,0.04311797022819519,,0.13849781453609467,,0.0,,0.7126739025115967,,1.0,,0.34952306747436523,,,0.0,0.0,,0.0007463464280590415,,195.3224334716797,,1.9178857803344727,,1.0833584070205688,,,1.0719127655029297,,1.0,,1.918262243270874,,,,,,,,,,,,,,,,,,
5,239,,0.06252241134643555,,0.08039183914661407,,0.1325872540473938,,0.0,,0.6609823703765869,,1.0,,0.3459504246711731,,,0.0,0.0,,0.0005904657882638276,,195.85919189453125,,1.891697645187378,,2.117770195007324,,,1.0995060205459595,,1.0,,2.420236110687256,,,,,,,,,,,,,,,,,,
5,239,,,,,,,,,,,,,,,,,,,,,,,,,,,,,,,,,,,0.04652021825313568,0.028876997530460358,0.14173486828804016,0.0,0.5643782019615173,1.0,0.342792809009552,0.0,0.0,0.00046636525075882673,196.74957275390625,1.3171451091766357,1.4334572553634644,1.12241530418396,1.9711534976959229,1.0,1.7095955610275269
5,239,0.05767711251974106,,0.04834901541471481,,0.14207060635089874,,0.0,,0.6609201431274414,,1.0,,0.34272482991218567,,0.0,0.0,,,0.0005140983266755939,,201.73483276367188,,1.9938520193099976,,1.9080755710601807,,1.0915489196777344,2.004335641860962,,1.0,,2.3489010334014893,,0.24637046456336975,,,,,,,,,,,,,,,,,
6,249,,0.050784338265657425,,0.06093950942158699,,0.13888493180274963,,0.0,,0.6394333243370056,,1.0,,0.3563023805618286,,,0.0,0.0,,0.0011733354767784476,,200.2412109375,,1.935931921005249,,1.233702301979065,,,1.1206094026565552,,1.0,,1.9748709201812744,,,,,,,,,,,,,,,,,,
6,259,,0.05658276379108429,,0.040164683014154434,,0.11745604872703552,,0.0,,0.6101529002189636,,1.0,,0.34078139066696167,,,0.0,0.0,,0.0003698958025779575,,202.8976287841797,,1.9583854675292969,,2.0228981971740723,,,1.0667734146118164,,1.0,,2.356022596359253,,,,,,,,,,,,,,,,,,
6,269,,0.04469781368970871,,0.04021597281098366,,0.13073275983333588,,0.0,,0.5888767242431641,,1.0,,0.34502506256103516,,,0.0,0.0,,0.0005248031811788678,,203.5345458984375,,1.787320852279663,,1.2266435623168945,,,1.1093255281448364,,1.0,,1.8572131395339966,,,,,,,,,,,,,,,,,,
6,279,,0.05476383864879608,,0.04301493987441063,,0.12131751328706741,,0.0,,0.5712242126464844,,1.0,,0.32310837507247925,,,0.0,0.0,,1.2347300980763976e-05,,199.11306762695312,,1.7997057437896729,,2.0755093097686768,,,1.1161705255508423,,1.0,,2.2842471599578857,,,,,,,,,,,,,,,,,,
6,279,,,,,,,,,,,,,,,,,,,,,,,,,,,,,,,,,,,0.043407488614320755,0.029643984511494637,0.13200436532497406,0.0,0.5216779708862305,1.0,0.34004122018814087,0.0,0.0,0.00037237355718389153,196.6751708984375,1.2285516262054443,1.422567367553711,1.1293390989303589,1.9723985195159912,1.0,1.6363109350204468
6,279,0.05562224239110947,,0.046858903020620346,,0.130097895860672,,0.0,,0.6159415245056152,,1.0,,0.34033745527267456,,0.0,0.0,,,0.0004212639178149402,,201.6108856201172,,1.907584547996521,,1.8862411975860596,,1.0956586599349976,2.018404483795166,,1.0,,2.2693448066711426,,0.24388666450977325,,,,,,,,,,,,,,,,,
7,289,,0.058434952050447464,,0.06953997164964676,,0.12089347094297409,,0.0,,0.6345031261444092,,1.0,,0.3308381140232086,,,0.0,0.0,,0.00010675121302483603,,198.2863006591797,,1.6899969577789307,,1.1363853216171265,,,1.0858796834945679,,1.0,,1.8065729141235352,,,,,,,,,,,,,,,,,,
7,299,,0.05520230904221535,,0.03599869832396507,,0.12113411724567413,,0.0,,0.5832287073135376,,1.0,,0.34047824144363403,,,0.0,0.0,,0.0003385341842658818,,193.67269897460938,,1.6965136528015137,,1.0170879364013672,,,1.1374903917312622,,1.0,,1.7062982320785522,,,,,,,,,,,,,,,,,,
7,309,,0.049656957387924194,,0.018949903547763824,,0.12276071310043335,,0.0,,0.5091233253479004,,1.0,,0.3452417254447937,,,0.0,0.0,,0.0005499857943505049,,196.89170837402344,,1.8145402669906616,,1.3206104040145874,,,1.1760696172714233,,1.0,,1.868991494178772,,,,,,,,,,,,,,,,,,
7,319,,0.04496840015053749,,0.07798177003860474,,0.12774614989757538,,0.0,,0.5842344760894775,,1.0,,0.34702184796333313,,,0.0,0.0,,0.0006000103894621134,,206.15524291992188,,1.7006268501281738,,1.2887953519821167,,,1.1074557304382324,,1.0,,1.8613779544830322,,,,,,,,,,,,,,,,,,
7,319,,,,,,,,,,,,,,,,,,,,,,,,,,,,,,,,,,,0.04118994623422623,0.03235580772161484,0.1191415786743164,0.0,0.49352794885635376,1.0,0.33883002400398254,0.0,0.0,0.0003257811476942152,196.80120849609375,1.166581392288208,1.1999975442886353,1.1386258602142334,1.9741030931472778,1.0,1.4789032936096191
7,319,0.05200549215078354,,0.046267639845609665,,0.11910208314657211,,0.0,,0.580609917640686,,1.0,,0.33855652809143066,,0.0,0.0,,,0.00035678682615980506,,201.71112060546875,,1.7977800369262695,,1.6345417499542236,,1.1019856929779053,2.015984058380127,,1.0,,2.0676913261413574,,0.24195468425750732,,,,,,,,,,,,,,,,,
8,329,,0.05018988251686096,,0.055041730403900146,,0.11592676490545273,,0.0,,0.590467095375061,,1.0,,0.3424302041530609,,,0.0,0.0,,0.0004238416440784931,,196.59152221679688,,1.619565725326538,,1.3943427801132202,,,1.081054449081421,,1.0,,1.8666083812713623,,,,,,,,,,,,,,,,,,
8,339,,0.050781503319740295,,0.07156036049127579,,0.11891841143369675,,0.0,,0.5200084447860718,,1.0,,0.350300669670105,,,0.0,0.0,,0.0007381750037893653,,209.64666748046875,,1.5260274410247803,,1.4677590131759644,,,1.1046864986419678,,1.0,,1.830329179763794,,,,,,,,,,,,,,,,,,
8,349,,0.04903920367360115,,0.030967358499765396,,0.10705889761447906,,0.0,,0.5615236759185791,,1.0,,0.33567264676094055,,,0.0,0.0,,0.00020317535381764174,,208.2468719482422,,1.6445304155349731,,1.041049599647522,,,1.1504945755004883,,1.0,,1.6743627786636353,,,,,,,,,,,,,,,,,,
8,359,,0.04852444306015968,,0.10927722603082657,,0.11250552535057068,,0.0,,0.5406435132026672,,1.0,,0.3434748649597168,,,0.0,0.0,,0.00043894327245652676,,202.49668884277344,,1.5507968664169312,,0.856598436832428,,,1.1306023597717285,,1.0,,1.5643901824951172,,,,,,,,,,,,,,,,,,
8,359,,,,,,,,,,,,,,,,,,,,,,,,,,,,,,,,,,,0.037136320024728775,0.037173762917518616,0.11135487258434296,0.0,0.46706822514533997,1.0,0.3373730480670929,0.0,0.0,0.0003484517219476402,196.86587524414062,1.0983059406280518,1.0627440214157104,1.1464194059371948,1.9760453701019287,1.0,1.3625239133834839
8,359,0.05014196038246155,,0.05077596381306648,,0.10989338159561157,,0.0,,0.5499304533004761,,1.0,,0.33694368600845337,,0.0,0.0,,,0.00027520995354279876,,201.6042938232422,,1.695481300354004,,1.5986624956130981,,1.1087925434112549,2.010643243789673,,1.0,,1.9836227893829346,,0.2401709109544754,,,,,,,,,,,,,,,,,
9,369,,0.040060292929410934,,0.04423205927014351,,0.09856661409139633,,0.0,,0.5598101615905762,,1.0,,0.3385859429836273,,,0.0,0.0,,0.00028616440249606967,,200.4235076904297,,1.6600098609924316,,1.2174538373947144,,,1.0595088005065918,,1.0,,1.7707828283309937,,,,,,,,,,,,,,,,,,
9,379,,0.0541800856590271,,0.06744322180747986,,0.10568936169147491,,0.0,,0.5159347653388977,,1.0,,0.3333301544189453,,,0.0,0.0,,0.00013309172936715186,,197.4244842529297,,1.5371108055114746,,2.6922237873077393,,,1.1399710178375244,,1.0,,2.4440817832946777,,,,,,,,,,,,,,,,,,
9,389,,0.044359803199768066,,0.08812213689088821,,0.08563467115163803,,0.0,,0.536756157875061,,1.0,,0.3243204951286316,,,0.0,0.0,,1.0262770956614986e-05,,212.2237548828125,,1.4674553871154785,,1.957242727279663,,,1.1199759244918823,,1.0,,2.0555367469787598,,,,,,,,,,,,,,,,,,
9,399,,0.04258211329579353,,0.04214195907115936,,0.0921885073184967,,0.0,,0.5427794456481934,,1.0,,0.3428213894367218,,,0.0,0.0,,0.00040550043922849,,198.65939331054688,,1.5938022136688232,,1.3486334085464478,,,1.1211576461791992,,1.0,,1.7943910360336304,,,,,,,,,,,,,,,,,,
9,399,,,,,,,,,,,,,,,,,,,,,,,,,,,,,,,,,,,0.03552984818816185,0.03665201738476753,0.10311958938837051,0.0,0.4403080940246582,1.0,0.3376069962978363,0.0,0.0,0.00027846975717693567,196.7069549560547,1.0286108255386353,1.060104489326477,1.1552579402923584,1.9771602153778076,1.0,1.31105375289917
9,399,0.04806371033191681,,0.05809416249394417,,0.1013009175658226,,0.0,,0.5171902775764465,,1.0,,0.3358535170555115,,0.0,0.0,,,0.0002819132641889155,,201.71226501464844,,1.5865342617034912,,1.5320701599121094,,1.1139423847198486,2.0155029296875,,1.0,,1.8812472820281982,,0.23889657855033875,,,,,,,,,,,,,,,,,
10,409,,0.05255766212940216,,0.021985266357660294,,0.09359413385391235,,0.0,,0.5024400949478149,,1.0,,0.33637914061546326,,,0.0,0.0,,0.0001825145591283217,,203.43215942382812,,1.5521211624145508,,1.6021445989608765,,,1.1096458435058594,,1.0,,1.8750749826431274,,,,,,,,,,,,,,,,,,
10,419,,0.04450777918100357,,0.01716485619544983,,0.0967184454202652,,0.0,,0.49173033237457275,,1.0,,0.3309744894504547,,,0.0,0.0,,9.620162018109113e-05,,200.21983337402344,,1.60007905960083,,0.981372594833374,,,1.0731432437896729,,1.0,,1.577147126197815,,,,,,,,,,,,,,,,,,
10,429,,0.04831957817077637,,0.039813265204429626,,0.09465387463569641,,0.0,,0.5362828969955444,,1.0,,0.33359813690185547,,,0.0,0.0,,0.00013630632020067424,,187.922607421875,,1.4470311403274536,,1.296030044555664,,,1.1252059936523438,,1.0,,1.6932719945907593,,,,,,,,,,,,,,,,,,
10,439,,0.041511282324790955,,0.04835614562034607,,0.10034094750881195,,0.0,,0.48890256881713867,,1.0,,0.34767380356788635,,,0.0,0.0,,0.0006268762517720461,,212.45828247070312,,1.5037072896957397,,1.12412691116333,,,1.0509634017944336,,1.0,,1.6136494874954224,,,,,,,,,,,,,,,,,,
10,439,,,,,,,,,,,,,,,,,,,,,,,,,,,,,,,,,,,0.034036435186862946,0.03024805523455143,0.09516260772943497,0.0,0.42344269156455994,1.0,0.3371908664703369,0.0,0.0,0.00027522447635419667,196.85385131835938,0.9985466599464417,0.9946087002754211,1.1661906242370605,1.9789129495620728,1.0,1.2500951290130615
10,439,0.04695509746670723,,0.04653221741318703,,0.09337130188941956,,0.0,,0.48787617683410645,,1.0,,0.33576157689094543,,0.0,0.0,,,0.0002590182702988386,,201.86065673828125,,1.5080668926239014,,1.4423243999481201,,1.1194604635238647,2.0223398208618164,,1.0,,1.775343894958496,,0.2385837584733963,,,,,,,,,,,,,,,,,
11,449,,0.04844064265489578,,0.030428869649767876,,0.08314523845911026,,0.0,,0.4713476002216339,,1.0,,0.34118080139160156,,,0.0,0.0,,0.0003406601317692548,,201.4423065185547,,1.4582812786102295,,1.9663654565811157,,,1.1575007438659668,,1.0,,1.9959168434143066,,,,,,,,,,,,,,,,,,
11,459,,0.04577438533306122,,0.028431007638573647,,0.07993130385875702,,0.0,,0.47034063935279846,,1.0,,0.3317806124687195,,,0.0,0.0,,8.439901284873486e-05,,205.51983642578125,,1.3764598369598389,,1.4251741170883179,,,1.1486293077468872,,1.0,,1.6811251640319824,,,,,,,,,,,,,,,,,,
11,469,,0.05519546940922737,,0.03691639006137848,,0.0872407853603363,,0.0,,0.4432803988456726,,1.0,,0.3299127519130707,,,0.0,0.0,,5.7395154726691544e-05,,205.1107177734375,,1.357950210571289,,1.6475679874420166,,,1.099050760269165,,1.0,,1.7792081832885742,,,,,,,,,,,,,,,,,,
11,479,,0.0432036891579628,,0.04025762155652046,,0.07771500200033188,,0.0,,0.4573133885860443,,1.0,,0.32298699021339417,,,0.0,0.0,,3.4690131656134326e-07,,202.4620361328125,,1.3712921142578125,,0.8571393489837646,,,1.0895490646362305,,1.0,,1.3923747539520264,,,,,,,,,,,,,,,,,,
11,479,,,,,,,,,,,,,,,,,,,,,,,,,,,,,,,,,,,0.033378418534994125,0.05013709515333176,0.08885369449853897,0.0,0.40967729687690735,1.0,0.3360463082790375,0.0,0.0,0.000255914987064898,196.74246215820312,0.9245287179946899,1.055951714515686,1.1758532524108887,1.9808622598648071,1.0,1.245849847793579
11,479,0.045924678444862366,,0.04554193094372749,,0.0863242894411087,,0.0,,0.46844181418418884,,1.0,,0.33446696400642395,,0.0,0.0,,,0.00021111418027430773,,201.54820251464844,,1.3884834051132202,,1.472198247909546,,1.1251111030578613,2.0197958946228027,,1.0,,1.719032883644104,,0.23714318871498108,,,,,,,,,,,,,,,,,
12,489,,0.05198836699128151,,0.12103249877691269,,0.0836031585931778,,0.0,,0.42121225595474243,,1.0,,0.33379554748535156,,,0.0,0.0,,0.00014064647257328033,,197.17181396484375,,1.2779338359832764,,2.55851411819458,,,1.1618118286132812,,1.0,,2.223771333694458,,,,,,,,,,,,,,,,,,
12,499,,0.04334180802106857,,0.030976267531514168,,0.09170816838741302,,0.0,,0.4667830467224121,,1.0,,0.3320707082748413,,,0.0,0.0,,9.384791337652132e-05,,208.62130737304688,,1.3736177682876587,,0.63563072681427,,,1.1168632507324219,,1.0,,1.2843925952911377,,,,,,,,,,,,,,,,,,
12,509,,0.053078606724739075,,0.011027771048247814,,0.08798854053020477,,0.0,,0.44580090045928955,,1.0,,0.3375604450702667,,,0.0,0.0,,0.0002279457257827744,,201.42172241210938,,1.280503511428833,,0.9290496706962585,,,1.1071027517318726,,1.0,,1.368643045425415,,,,,,,,,,,,,,,,,,
12,519,,0.0549047589302063,,0.0923701599240303,,0.07865144312381744,,0.0,,0.4191630184650421,,1.0,,0.3305198550224304,,,0.0,0.0,,6.546312215505168e-05,,196.546875,,1.3466309309005737,,1.2892444133758545,,,1.0979775190353394,,1.0,,1.6090545654296875,,,,,,,,,,,,,,,,,,
12,519,,,,,,,,,,,,,,,,,,,,,,,,,,,,,,,,,,,0.031780894845724106,0.05183776095509529,0.08268702775239944,0.0,0.38894590735435486,1.0,0.3361789286136627,0.0,0.0,0.0002188095822930336,197.21929931640625,0.8428561091423035,1.0257277488708496,1.1834312677383423,1.9819324016571045,1.0,1.1789520978927612
12,519,0.04532504826784134,,0.054915666580200195,,0.07981742918491364,,0.0,,0.4429017901420593,,1.0,,0.333560973405838,,0.0,0.0,,,0.0001755062403390184,,201.81686401367188,,1.342163324356079,,1.3460363149642944,,1.1327030658721924,2.0255239009857178,,1.0,,1.623740553855896,,0.23601841926574707,,,,,,,,,,,,,,,,,
13,529,,0.04536675661802292,,0.06946758925914764,,0.07689917087554932,,0.0,,0.38701608777046204,,1.0,,0.3259696960449219,,,0.0,0.0,,1.6227844753302634e-05,,203.17245483398438,,1.251386284828186,,2.22299861907959,,,1.0297653675079346,,1.0,,1.995815634727478,,,,,,,,,,,,,,,,,,
13,539,,0.04065363481640816,,0.03669017180800438,,0.06838519126176834,,0.0,,0.43804314732551575,,1.0,,0.32750949263572693,,,0.0,0.0,,2.15064956137212e-05,,208.66001892089844,,1.2595919370651245,,1.8950501680374146,,,1.1535335779190063,,1.0,,1.841863751411438,,,,,,,,,,,,,,,,,,
13,549,,0.05126166343688965,,0.014935064129531384,,0.07471272349357605,,0.0,,0.4567470848560333,,1.0,,0.33824241161346436,,,0.0,0.0,,0.0002226738870376721,,193.22813415527344,,1.2244477272033691,,1.6797025203704834,,,1.2974236011505127,,1.0,,1.7211296558380127,,,,,,,,,,,,,,,,,,
13,559,,0.03513457626104355,,0.02656642161309719,,0.07036375254392624,,0.0,,0.41464969515800476,,1.0,,0.3269411027431488,,,0.0,0.0,,1.3245449736132286e-05,,201.59642028808594,,1.1405622959136963,,1.0211787223815918,,,1.095858097076416,,1.0,,1.3260889053344727,,,,,,,,,,,,,,,,,,
13,559,,,,,,,,,,,,,,,,,,,,,,,,,,,,,,,,,,,0.030561452731490135,0.05127544701099396,0.07569210976362228,0.0,0.36809390783309937,1.0,0.3353095054626465,0.0,0.0,0.0002870291646104306,196.75303649902344,0.784111499786377,0.9853987693786621,1.1992924213409424,1.9848846197128296,1.0,1.1174334287643433
13,559,0.04527733102440834,,0.05533520504832268,,0.07503055781126022,,0.0,,0.4257623553276062,,1.0,,0.3341349959373474,,0.0,0.0,,,0.00018730433657765388,,201.51226806640625,,1.2512853145599365,,1.7034368515014648,,1.1390175819396973,2.0237605571746826,,1.0,,1.7481448650360107,,0.23628947138786316,,,,,,,,,,,,,,,,,
14,569,,0.04128774628043175,,0.06349419802427292,,0.06843508780002594,,0.0,,0.39491844177246094,,1.0,,0.32836905121803284,,,0.0,0.0,,3.0201050321920775e-05,,203.01629638671875,,1.1372523307800293,,1.078979253768921,,,1.1760646104812622,,1.0,,1.364824652671814,,,,,,,,,,,,,,,,,,
14,579,,0.0417126789689064,,0.028040697798132896,,0.07209944725036621,,0.0,,0.41174447536468506,,1.0,,0.33467748761177063,,,0.0,0.0,,0.00010654685320332646,,198.28250122070312,,1.1334340572357178,,1.0734755992889404,,,1.1180405616760254,,1.0,,1.3514668941497803,,,,,,,,,,,,,,,,,,
14,589,,0.05522499978542328,,0.12191449105739594,,0.07670466601848602,,0.0,,0.3960002660751343,,1.0,,0.3373521566390991,,,0.0,0.0,,0.00017787520482670516,,197.6484832763672,,1.1250362396240234,,1.8208868503570557,,,1.1178345680236816,,1.0,,1.7672908306121826,,,,,,,,,,,,,,,,,,
14,599,,0.044606298208236694,,0.02927895449101925,,0.07151183485984802,,0.0,,0.3676456809043884,,1.0,,0.32046622037887573,,,0.0,0.0,,3.654880856629461e-06,,199.08334350585938,,1.1763427257537842,,2.2693657875061035,,,1.2077395915985107,,1.0,,1.950772762298584,,,,,,,,,,,,,,,,,,
14,599,,,,,,,,,,,,,,,,,,,,,,,,,,,,,,,,,,,0.029612231999635696,0.0630718320608139,0.07184045016765594,0.0,0.35784417390823364,1.0,0.33400672674179077,0.0,0.0,0.0001683215523371473,196.53233337402344,0.7259963750839233,0.9467121958732605,1.2096669673919678,1.986951231956482,1.0,1.068886637687683
14,599,0.04388394206762314,,0.05650023743510246,,0.06968465447425842,,0.0,,0.40292105078697205,,1.0,,0.33234256505966187,,0.0,0.0,,,0.0001362201728625223,,201.48220825195312,,1.178844928741455,,1.3554970026016235,,1.1472681760787964,2.024665355682373,,1.0,,1.525860071182251,,0.23429670929908752,,,,,,,,,,,,,,,,,
15,609,,0.04464183375239372,,0.04417247697710991,,0.07342362403869629,,0.0,,0.37700319290161133,,1.0,,0.33374154567718506,,,0.0,0.0,,0.00011178643035236746,,199.54360961914062,,1.074988842010498,,1.4966288805007935,,,1.1977804899215698,,1.0,,1.526115894317627,,,,,,,,,,,,,,,,,,
15,619,,0.036362893879413605,,0.041663799434900284,,0.061792273074388504,,0.0,,0.401096910238266,,1.0,,0.341470330953598,,,0.0,0.0,,0.00028720186674036086,,200.20126342773438,,1.0047961473464966,,0.9469664096832275,,,1.0523381233215332,,1.0,,1.2217659950256348,,,,,,,,,,,,,,,,,,
15,629,,0.047972049564123154,,0.03543844074010849,,0.060318224132061005,,0.0,,0.38380131125450134,,1.0,,0.34031087160110474,,,0.0,0.0,,0.0002552115183789283,,202.7888641357422,,1.057619333267212,,2.1998260021209717,,,1.2197856903076172,,1.0,,1.868488073348999,,,,,,,,,,,,,,,,,,
15,639,,0.05062708258628845,,0.021039485931396484,,0.057006873190402985,,0.0,,0.4015183448791504,,1.0,,0.32327261567115784,,,0.0,0.0,,1.5163880107138539e-06,,200.20913696289062,,1.0249640941619873,,1.457930088043213,,,1.1039135456085205,,1.0,,1.483741044998169,,,,,,,,,,,,,,,,,,
15,639,,,,,,,,,,,,,,,,,,,,,,,,,,,,,,,,,,,0.028920290991663933,0.05427282676100731,0.06699839234352112,0.0,0.34646278619766235,1.0,0.3342721164226532,0.0,0.0,0.00013548077549785376,196.8407440185547,0.7157270908355713,0.9244498610496521,1.2216989994049072,1.9890894889831543,1.0,1.0416839122772217
15,639,0.04377247393131256,,0.051484059542417526,,0.06421688199043274,,0.0,,0.38921689987182617,,1.0,,0.3327174782752991,,0.0,0.0,,,0.000165954465046525,,201.84107971191406,,1.095658302307129,,1.295914649963379,,1.1569182872772217,2.0290932655334473,,1.0,,1.4445278644561768,,0.23435088992118835,,,,,,,,,,,,,,,,,
16,649,,0.05400259047746658,,0.0650910809636116,,0.06348808109760284,,0.0,,0.3774462044239044,,1.0,,0.341602623462677,,,0.0,0.0,,0.0002959627890959382,,200.88259887695312,,1.0151021480560303,,1.1868128776550293,,,1.1959542036056519,,1.0,,1.3557242155075073,,,,,,,,,,,,,,,,,,
16,659,,0.03934221714735031,,0.019382396712899208,,0.0553334541618824,,0.0,,0.382620632648468,,1.0,,0.32302722334861755,,,0.0,0.0,,2.692759153433144e-07,,197.05255126953125,,1.000169038772583,,1.6375325918197632,,,1.1585972309112549,,1.0,,1.545056939125061,,,,,,,,,,,,,,,,,,
16,669,,0.05249829590320587,,0.1256534308195114,,0.05579335242509842,,0.0,,0.36184483766555786,,1.0,,0.334486186504364,,,0.0,0.0,,0.00012041635636705905,,202.8396453857422,,1.0954363346099854,,1.164473295211792,,,1.1412309408187866,,1.0,,1.405592679977417,,,,,,,,,,,,,,,,,,
16,679,,0.04645998403429985,,0.07008902728557587,,0.053447477519512177,,0.0,,0.3533113896846771,,1.0,,0.31859979033470154,,,0.0,0.0,,1.2871754734078422e-05,,197.4107666015625,,1.1358212232589722,,0.8206213116645813,,,1.196845531463623,,1.0,,1.2185027599334717,,,,,,,,,,,,,,,,,,
16,679,,,,,,,,,,,,,,,,,,,,,,,,,,,,,,,,,,,0.027904629707336426,0.02745557203888893,0.062289800494909286,0.0,0.3313342332839966,1.0,0.33383065462112427,0.0,0.0,0.00015897057892289013,196.9970245361328,0.6901523470878601,0.8244475722312927,1.2377711534500122,1.9918299913406372,1.0,0.9569556713104248
16,679,0.04374763369560242,,0.05268218368291855,,0.06019102782011032,,0.0,,0.3738189935684204,,1.0,,0.33149629831314087,,0.0,0.0,,,0.00013634643983095884,,201.82070922851562,,1.0028138160705566,,1.5833275318145752,,1.165080189704895,2.02439284324646,,1.0,,1.5342824459075928,,0.23298156261444092,,,,,,,,,,,,,,,,,
17,689,,0.04581668600440025,,0.042316585779190063,,0.0564911887049675,,0.0,,0.3588719964027405,,1.0,,0.3396768569946289,,,0.0,0.0,,0.0002368454879615456,,203.35562133789062,,0.9742671847343445,,1.6964536905288696,,,1.1453983783721924,,1.0,,1.5646305084228516,,,,,,,,,,,,,,,,,,
17,699,,0.044780924916267395,,0.06929809600114822,,0.05809672921895981,,0.0,,0.34713128209114075,,1.0,,0.33299654722213745,,,0.0,0.0,,8.67933631525375e-05,,203.57711791992188,,1.1229078769683838,,1.4812297821044922,,,1.1440856456756592,,1.0,,1.538527011871338,,,,,,,,,,,,,,,,,,
17,709,,0.034915607422590256,,0.049985371530056,,0.056620240211486816,,0.0,,0.3773764669895172,,1.0,,0.3296574354171753,,,0.0,0.0,,3.8503596442751586e-05,,201.3635711669922,,0.9666419625282288,,1.6029189825057983,,,1.0980370044708252,,1.0,,1.521600365638733,,,,,,,,,,,,,,,,,,
17,719,,0.047771427780389786,,0.0322311595082283,,0.05806994438171387,,0.0,,0.38127243518829346,,1.0,,0.33677178621292114,,,0.0,0.0,,0.00017078017117455602,,206.64999389648438,,0.8997124433517456,,0.9548416137695312,,,1.0989238023757935,,1.0,,1.1638067960739136,,,,,,,,,,,,,,,,,,
17,719,,,,,,,,,,,,,,,,,,,,,,,,,,,,,,,,,,,0.027337877079844475,0.04042551666498184,0.059350889176130295,0.0,0.31885236501693726,1.0,0.33427292108535767,0.0,0.0,0.00019995940965600312,196.90797424316406,0.6179602146148682,0.8610212206840515,1.24718177318573,1.9932929277420044,1.0,0.9388336539268494
17,719,0.04124153032898903,,0.04282015934586525,,0.05639021471142769,,0.0,,0.3621654510498047,,1.0,,0.3316793739795685,,0.0,0.0,,,0.00014556653331965208,,202.09840393066406,,0.9448469281196594,,1.202666997909546,,1.173558235168457,2.036463499069214,,1.0,,1.3025822639465332,,0.23296885192394257,,,,,,,,,,,,,,,,,
18,729,,0.037129681557416916,,0.07782254368066788,,0.055073082447052,,0.0,,0.3618333339691162,,1.0,,0.32795658707618713,,,0.0,0.0,,1.6734407836338505e-05,,200.1119842529297,,0.8904123306274414,,0.5894131064414978,,,1.2891504764556885,,1.0,,0.9838210940361023,,,,,,,,,,,,,,,,,,
18,739,,0.041141439229249954,,0.04823990538716316,,0.0529831200838089,,0.0,,0.31991028785705566,,1.0,,0.3262893557548523,,,0.0,0.0,,5.622268872684799e-06,,199.92575073242188,,0.8477809429168701,,1.4799070358276367,,,1.145706295967102,,1.0,,1.373790979385376,,,,,,,,,,,,,,,,,,
18,749,,0.03552064299583435,,0.020515674725174904,,0.048283498734235764,,0.0,,0.32597100734710693,,1.0,,0.32200318574905396,,,0.0,0.0,,1.048256308422424e-06,,205.3765106201172,,0.8979933857917786,,0.8801229596138,,,1.2229104042053223,,1.0,,1.0848907232284546,,,,,,,,,,,,,,,,,,
18,759,,0.03875764459371567,,0.03927695378661156,,0.05215036869049072,,0.0,,0.3252410888671875,,1.0,,0.3382377624511719,,,0.0,0.0,,0.00016922158829402179,,203.1222381591797,,0.7916600704193115,,0.6713509559631348,,,1.1694750785827637,,1.0,,0.9384430646896362,,,,,,,,,,,,,,,,,,
18,759,,,,,,,,,,,,,,,,,,,,,,,,,,,,,,,,,,,0.026772094890475273,0.0363340862095356,0.056742120534181595,0.0,0.31240078806877136,1.0,0.33363842964172363,0.0,0.0,0.0002095492964144796,197.33152770996094,0.585340142250061,0.8078388571739197,1.2574161291122437,1.9955332279205322,1.0,0.8901219964027405
18,759,0.04265223816037178,,0.04788227006793022,,0.05432535335421562,,0.0,,0.34886953234672546,,1.0,,0.330699622631073,,0.0,0.0,,,0.0001570461899973452,,201.880126953125,,0.8773291707038879,,1.3336632251739502,,1.1787998676300049,2.038813829421997,,1.0,,1.3307092189788818,,0.2318623960018158,,,,,,,,,,,,,,,,,
19,769,,0.04063154011964798,,0.03025130368769169,,0.05274198204278946,,0.0,,0.32658395171165466,,1.0,,0.338756263256073,,,0.0,0.0,,0.00020063410920556635,,204.9974822998047,,0.7763071656227112,,1.188933253288269,,,1.1114213466644287,,1.0,,1.1867281198501587,,,,,,,,,,,,,,,,,,
19,779,,0.05302930250763893,,0.06589598953723907,,0.057536348700523376,,0.0,,0.34187185764312744,,1.0,,0.33981531858444214,,,0.0,0.0,,0.0002025645226240158,,203.93658447265625,,0.8218549489974976,,0.7396872639656067,,,1.117618203163147,,1.0,,1.0170246362686157,,,,,,,,,,,,,,,,,,
19,789,,0.0452011376619339,,0.03346081078052521,,0.05567954480648041,,0.0,,0.3335181176662445,,1.0,,0.3317473232746124,,,0.0,0.0,,4.9302114348392934e-05,,205.7052459716797,,0.7745176553726196,,1.0830392837524414,,,1.170328140258789,,1.0,,1.1404612064361572,,,,,,,,,,,,,,,,,,
19,799,,0.04962337017059326,,0.07118994742631912,,0.05089515447616577,,0.0,,0.35142242908477783,,1.0,,0.32983389496803284,,,0.0,0.0,,3.3809017622843385e-05,,200.46304321289062,,0.8637609481811523,,2.629633903503418,,,1.1914174556732178,,1.0,,1.9879217147827148,,,,,,,,,,,,,,,,,,
19,799,,,,,,,,,,,,,,,,,,,,,,,,,,,,,,,,,,,0.025826439261436462,0.021998973563313484,0.05403777211904526,0.0,0.30025342106819153,1.0,0.33332905173301697,0.0,0.0,0.00020385235256981105,197.40492248535156,0.540320098400116,0.7581848502159119,1.2688367366790771,1.9978948831558228,1.0,0.8287975788116455
19,799,0.040870871394872665,,0.03521145135164261,,0.05120481923222542,,0.0,,0.3377428650856018,,1.0,,0.3317895233631134,,0.0,0.0,,,0.0001484738168073818,,202.13905334472656,,0.8131629228591919,,1.1871767044067383,,1.185665249824524,2.045719623565674,,1.0,,1.2122772932052612,,0.2326701134443283,,,,,,,,,,,,,,,,,
20,809,,0.047565579414367676,,0.060940589755773544,,0.049521684646606445,,0.0,,0.32930609583854675,,1.0,,0.3335491120815277,,,0.0,0.0,,9.039325959747657e-05,,204.0005340576172,,0.8093084096908569,,2.527958393096924,,,1.0786833763122559,,1.0,,1.8925368785858154,,,,,,,,,,,,,,,,,,
20,819,,0.0486399345099926,,0.06768067181110382,,0.05605633556842804,,0.0,,0.35329633951187134,,1.0,,0.3442327380180359,,,0.0,0.0,,0.0003933419066015631,,208.37205505371094,,0.7959738969802856,,3.1458370685577393,,,1.1898130178451538,,1.0,,2.2115163803100586,,,,,,,,,,,,,,,,,,
20,829,,0.040100254118442535,,0.05018513277173042,,0.04057226702570915,,0.0,,0.3269377052783966,,1.0,,0.31038808822631836,,,0.0,0.0,,0.0001590245810803026,,199.05755615234375,,0.7376339435577393,,1.0842417478561401,,,1.164261817932129,,1.0,,1.1236861944198608,,,,,,,,,,,,,,,,,,
20,839,,0.04292093589901924,,0.04642672464251518,,0.044943973422050476,,0.0,,0.3060460090637207,,1.0,,0.3233019709587097,,,0.0,0.0,,6.446075673238738e-09,,203.93637084960938,,0.7414778470993042,,1.3824021816253662,,,1.3376872539520264,,1.0,,1.2641313076019287,,,,,,,,,,,,,,,,,,
20,839,,,,,,,,,,,,,,,,,,,,,,,,,,,,,,,,,,,0.024935757741332054,0.02265988476574421,0.05114208161830902,0.0,0.2969423830509186,1.0,0.3327575623989105,0.0,0.0,0.00017615724937058985,197.41429138183594,0.49374744296073914,0.7232706546783447,1.2826151847839355,2.00054931640625,1.0,0.7859804034233093
20,839,0.042023301124572754,,0.03549597039818764,,0.048885393887758255,,0.0,,0.32726913690567017,,1.0,,0.3309634029865265,,0.0,0.0,,,0.00015562656335532665,,202.3332977294922,,0.7582744359970093,,1.2983547449111938,,1.1945050954818726,2.0508553981781006,,1.0,,1.2356752157211304,,0.2316305935382843,,,,,,,,,,,,,,,,,
21,849,,0.036623433232307434,,0.016089200973510742,,0.044131044298410416,,0.0,,0.31115904450416565,,1.0,,0.3309955596923828,,,0.0,0.0,,3.6020534025738016e-05,,205.45989990234375,,0.6734937429428101,,1.1782822608947754,,,1.3007621765136719,,1.0,,1.1122549772262573,,,,,,,,,,,,,,,,,,
21,859,,0.053225502371788025,,0.032431844621896744,,0.04212886840105057,,0.0,,0.3008494973182678,,1.0,,0.31089791655540466,,,0.0,0.0,,0.00016478302131872624,,208.23333740234375,,0.7333899140357971,,0.9752914905548096,,,1.1005783081054688,,1.0,,1.051889419555664,,,,,,,,,,,,,,,,,,
21,869,,0.043931037187576294,,0.0193089060485363,,0.04283474385738373,,0.0,,0.31064876914024353,,1.0,,0.3176729083061218,,,0.0,0.0,,3.374285370227881e-05,,209.50584411621094,,0.6372048854827881,,3.3114242553710938,,,1.304746389389038,,1.0,,2.1655595302581787,,,,,,,,,,,,,,,,,,
21,879,,0.028311239555478096,,0.04608308523893356,,0.04842976853251457,,0.0,,0.29809191823005676,,1.0,,0.3348575532436371,,,0.0,0.0,,0.00011115461529698223,,200.57669067382812,,0.6322909593582153,,0.8423583507537842,,,1.2145965099334717,,1.0,,0.928466260433197,,,,,,,,,,,,,,,,,,
21,879,,,,,,,,,,,,,,,,,,,,,,,,,,,,,,,,,,,0.024694204330444336,0.035875193774700165,0.047979772090911865,0.0,0.28377974033355713,1.0,0.3330706059932709,0.0,0.0,9.846048487816006e-05,197.1836395263672,0.460989385843277,0.7207096219062805,1.3003182411193848,2.003810405731201,1.0,0.7678713202476501
21,879,0.04033169150352478,,0.03574983775615692,,0.045843929052352905,,0.0,,0.3182735741138458,,1.0,,0.330767422914505,,0.0,0.0,,,0.00010686965833883733,,202.19097900390625,,0.7033952474594116,,1.358612060546875,,1.2043936252593994,2.0439562797546387,,1.0,,1.2328190803527832,,0.23117439448833466,,,,,,,,,,,,,,,,,
22,889,,0.027829408645629883,,0.020237602293491364,,0.04370860010385513,,0.0,,0.3062244653701782,,1.0,,0.32807931303977966,,,0.0,0.0,,9.745685929374304e-06,,210.5449676513672,,0.6437341570854187,,0.6380439400672913,,,1.2185959815979004,,1.0,,0.822410523891449,,,,,,,,,,,,,,,,,,
22,899,,0.031377896666526794,,0.03010777197778225,,0.046826303005218506,,0.0,,0.3112828731536865,,1.0,,0.3278111517429352,,,0.0,0.0,,1.2932129720866214e-05,,206.122802734375,,0.6370049715042114,,1.5062364339828491,,,1.127938151359558,,1.0,,1.262694001197815,,,,,,,,,,,,,,,,,,
22,909,,0.03616407513618469,,0.07886818051338196,,0.04272318631410599,,0.0,,0.29143640398979187,,1.0,,0.33220842480659485,,,0.0,0.0,,3.146128074149601e-05,,207.01458740234375,,0.6484445333480835,,1.1742591857910156,,,1.1025269031524658,,1.0,,1.118874192237854,,,,,,,,,,,,,,,,,,
22,919,,0.03944941982626915,,0.040516991168260574,,0.04453630745410919,,0.0,,0.303804874420166,,1.0,,0.3412714898586273,,,0.0,0.0,,0.00020084311836399138,,201.1572265625,,0.6192564964294434,,1.082329511642456,,,1.1692285537719727,,1.0,,1.047232747077942,,,,,,,,,,,,,,,,,,
22,919,,,,,,,,,,,,,,,,,,,,,,,,,,,,,,,,,,,0.024376221001148224,0.018785614520311356,0.0467095673084259,0.0,0.2838054895401001,1.0,0.3328598737716675,0.0,0.0,0.00021233476581983268,197.52764892578125,0.4282864034175873,0.686532199382782,1.3151402473449707,2.0069308280944824,1.0,0.7256700396537781
22,919,0.03953719884157181,,0.037346601486206055,,0.043309226632118225,,0.0,,0.31054678559303284,,1.0,,0.3314550518989563,,0.0,0.0,,,0.00016501135542057455,,202.24916076660156,,0.6470769047737122,,1.4298447370529175,,1.2168313264846802,2.0545976161956787,,1.0,,1.2365896701812744,,0.2315889298915863,,,,,,,,,,,,,,,,,
23,929,,0.03695714846253395,,0.047432076185941696,,0.040669478476047516,,0.0,,0.29251760244369507,,1.0,,0.3233375549316406,,,0.0,0.0,,6.263621799007524e-07,,195.45172119140625,,0.5608727931976318,,0.9872113466262817,,,1.3009874820709229,,1.0,,0.9665627479553223,,,,,,,,,,,,,,,,,,
23,939,,0.041392698884010315,,0.025829540565609932,,0.045552097260951996,,0.0,,0.2945466935634613,,1.0,,0.34202077984809875,,,0.0,0.0,,0.0002512236824259162,,196.89761352539062,,0.6718364953994751,,2.7756576538085938,,,1.6171168088912964,,1.0,,1.90931236743927,,,,,,,,,,,,,,,,,,
23,949,,0.04499322548508644,,0.08853583037853241,,0.0369035080075264,,0.0,,0.2962379455566406,,1.0,,0.3193938136100769,,,0.0,0.0,,2.0503062842180952e-05,,203.3695068359375,,0.584743082523346,,2.381762981414795,,,1.214346170425415,,1.0,,1.7018370628356934,,,,,,,,,,,,,,,,,,
23,959,,0.04319567605853081,,0.01618395745754242,,0.04393170773983002,,0.0,,0.2830173373222351,,1.0,,0.346714586019516,,,0.0,0.0,,0.0003282681864220649,,203.8538055419922,,0.5594921112060547,,0.9747428894042969,,,1.2708871364593506,,1.0,,0.9428732991218567,,,,,,,,,,,,,,,,,,
23,959,,,,,,,,,,,,,,,,,,,,,,,,,,,,,,,,,,,0.02393271028995514,0.013620089739561081,0.04365064948797226,0.0,0.27745556831359863,1.0,0.3324802815914154,0.0,0.0,9.355125075671822e-05,197.91151428222656,0.40592461824417114,0.6630890369415283,1.3301613330841064,2.00974702835083,1.0,0.6964229345321655
23,959,0.040545396506786346,,0.03856397047638893,,0.04142184555530548,,0.0,,0.30196407437324524,,1.0,,0.3302499055862427,,0.0,0.0,,,0.00010288923658663407,,202.4296417236328,,0.5955360531806946,,1.2963509559631348,,1.2265105247497559,2.0596024990081787,,1.0,,1.1406737565994263,,0.23015634715557098,,,,,,,,,,,,,,,,,
24,969,,0.03798642009496689,,0.10525256395339966,,0.043422773480415344,,0.0,,0.28045257925987244,,1.0,,0.3308091163635254,,,0.0,0.0,,4.0033988625509664e-05,,202.59304809570312,,0.5743080377578735,,1.0467897653579712,,,1.12813401222229,,1.0,,1.026757001876831,,,,,,,,,,,,,,,,,,
24,979,,0.03140712156891823,,0.02592429891228676,,0.03394487127661705,,0.0,,0.2944738566875458,,1.0,,0.32591676712036133,,,0.0,0.0,,7.981886369634594e-07,,198.23660278320312,,0.5437419414520264,,0.7145880460739136,,,1.1374340057373047,,1.0,,0.8084625601768494,,,,,,,,,,,,,,,,,,
24,989,,0.0307212695479393,,0.020862137898802757,,0.04888974875211716,,0.0,,0.2950015366077423,,1.0,,0.34717559814453125,,,0.0,0.0,,0.00039297909825108945,,205.11279296875,,0.544093132019043,,1.4509918689727783,,,1.28336763381958,,1.0,,1.1759203672409058,,,,,,,,,,,,,,,,,,
24,999,,0.03197581693530083,,0.02796417661011219,,0.0442381352186203,,0.0,,0.27867966890335083,,1.0,,0.3366352915763855,,,0.0,0.0,,0.00010282568109687418,,201.14181518554688,,0.5020478367805481,,0.8201640248298645,,,1.2378045320510864,,1.0,,0.8348910808563232,,,,,,,,,,,,,,,,,,
24,999,,,,,,,,,,,,,,,,,,,,,,,,,,,,,,,,,,,0.024297909811139107,0.0192429106682539,0.04202692583203316,0.0,0.272387832403183,1.0,0.33236610889434814,0.0,0.0,0.00014625221956521273,197.90005493164062,0.37214887142181396,0.6274626851081848,1.344046711921692,2.0120224952697754,1.0,0.6620458960533142
24,999,0.0364876464009285,,0.03475899249315262,,0.03994324430823326,,0.0,,0.2922264635562897,,1.0,,0.33130162954330444,,0.0,0.0,,,0.0001182250416604802,,202.2257537841797,,0.556897759437561,,1.354958415031433,,1.2360421419143677,2.0572147369384766,,1.0,,1.1417181491851807,,0.23096399009227753,,,,,,,,,,,,,,,,,
25,1009,,0.04380655288696289,,0.03721078112721443,,0.04202265292406082,,0.0,,0.2965165078639984,,1.0,,0.34730425477027893,,,0.0,0.0,,0.0003959421592298895,,199.29501342773438,,0.5392970442771912,,1.8613197803497314,,,1.6529265642166138,,1.0,,1.3934755325317383,,,,,,,,,,,,,,,,,,
25,1019,,0.03718629479408264,,0.03296571224927902,,0.03954197093844414,,0.0,,0.2725505828857422,,1.0,,0.3343479037284851,,,0.0,0.0,,8.154142415151e-05,,209.62326049804688,,0.5611081123352051,,0.809846818447113,,,1.2985742092132568,,1.0,,0.8608236908912659,,,,,,,,,,,,,,,,,,
25,1029,,0.03132413327693939,,0.02367733046412468,,0.033392857760190964,,0.0,,0.2936837673187256,,1.0,,0.3139568269252777,,,0.0,0.0,,8.631452510599047e-05,,200.98382568359375,,0.5281262993812561,,0.46491044759750366,,,1.2176728248596191,,1.0,,0.6742434501647949,,,,,,,,,,,,,,,,,,
25,1039,,0.0308925099670887,,0.032516419887542725,,0.039575785398483276,,0.0,,0.27489548921585083,,1.0,,0.3335901200771332,,,0.0,0.0,,5.2331721235532314e-05,,201.52804565429688,,0.4947645664215088,,0.8797016143798828,,,1.2887693643569946,,1.0,,0.8603690266609192,,,,,,,,,,,,,,,,,,
25,1039,,,,,,,,,,,,,,,,,,,,,,,,,,,,,,,,,,,0.024049604311585426,0.012564383447170258,0.0406036302447319,0.0,0.26798203587532043,1.0,0.33364903926849365,0.0,0.0,0.00017806937103159726,197.84515380859375,0.36395829916000366,0.7075359225273132,1.3651981353759766,2.015998125076294,1.0,0.6921945810317993
25,1039,0.039168305695056915,,0.03514007478952408,,0.0374310202896595,,0.0,,0.2871233820915222,,1.0,,0.32981985807418823,,0.0,0.0,,,8.221577445510775e-05,,202.43963623046875,,0.5306168794631958,,1.3859325647354126,,1.2493568658828735,2.0576255321502686,,1.0,,1.1427745819091797,,0.22928836941719055,,,,,,,,,,,,,,,,,
26,1049,,0.0386180505156517,,0.04186677560210228,,0.04384858161211014,,0.0,,0.26893511414527893,,1.0,,0.34140270948410034,,,0.0,0.0,,0.00017355263116769493,,197.84019470214844,,0.5082058906555176,,0.7609688639640808,,,1.1952686309814453,,1.0,,0.8137689828872681,,,,,,,,,,,,,,,,,,
26,1059,,0.02757159434258938,,0.006429282482713461,,0.028276966884732246,,0.0,,0.24224922060966492,,1.0,,0.31405431032180786,,,0.0,0.0,,0.00010484271479072049,,202.69296264648438,,0.4865051507949829,,0.49551284313201904,,,1.2627127170562744,,1.0,,0.6320141553878784,,,,,,,,,,,,,,,,,,
26,1069,,0.034318000078201294,,0.032251641154289246,,0.040930137038230896,,0.0,,0.2943534255027771,,1.0,,0.3470018208026886,,,0.0,0.0,,0.00039530315552838147,,201.3846435546875,,0.5197950005531311,,0.8582395911216736,,,1.2216131687164307,,1.0,,0.8737694621086121,,,,,,,,,,,,,,,,,,
26,1079,,0.0317433625459671,,0.023680370301008224,,0.02984166145324707,,0.0,,0.2787529528141022,,1.0,,0.3295702040195465,,,0.0,0.0,,1.137138042395236e-05,,205.5494384765625,,0.4224458336830139,,0.6380670070648193,,,1.3403764963150024,,1.0,,0.7003345489501953,,,,,,,,,,,,,,,,,,
26,1079,,,,,,,,,,,,,,,,,,,,,,,,,,,,,,,,,,,0.02433086559176445,0.014740929007530212,0.03840390220284462,0.0,0.2643652856349945,1.0,0.3335586488246918,0.0,0.0,0.00012165620137238875,197.8784942626953,0.3445356488227844,0.6457533240318298,1.383872628211975,2.0192108154296875,1.0,0.6507642269134521
26,1079,0.03666190057992935,,0.033548396080732346,,0.03624686971306801,,0.0,,0.2818644940853119,,1.0,,0.33073896169662476,,0.0,0.0,,,0.0001404487993568182,,202.39906311035156,,0.4918440878391266,,1.4085242748260498,,1.2619165182113647,2.0577945709228516,,1.0,,1.1299164295196533,,0.22992300987243652,,,,,,,,,,,,,,,,,
27,1089,,0.03953155502676964,,0.008392092771828175,,0.03788479417562485,,0.0,,0.28320902585983276,,1.0,,0.3415141999721527,,,0.0,0.0,,0.0002577353734523058,,211.67343139648438,,0.46129584312438965,,0.9846364259719849,,,1.1961328983306885,,1.0,,0.8924497961997986,,,,,,,,,,,,,,,,,,
27,1099,,0.029612213373184204,,0.0077283913269639015,,0.041459813714027405,,0.0,,0.26972079277038574,,1.0,,0.3498438596725464,,,0.0,0.0,,0.00047380576143041253,,203.5991668701172,,0.47390615940093994,,0.5934581756591797,,,1.3311959505081177,,1.0,,0.691595733165741,,,,,,,,,,,,,,,,,,
27,1109,,0.03701353818178177,,0.030401915311813354,,0.036685943603515625,,0.0,,0.2722890377044678,,1.0,,0.32411038875579834,,,0.0,0.0,,4.450232609087834e-06,,195.01461791992188,,0.46955886483192444,,1.2601345777511597,,,1.176478624343872,,1.0,,1.03836989402771,,,,,,,,,,,,,,,,,,
27,1119,,0.044226422905921936,,0.017973754554986954,,0.02801024541258812,,0.0,,0.28048989176750183,,1.0,,0.3064787685871124,,,0.0,0.0,,0.00030064163729548454,,202.49038696289062,,0.4675862193107605,,1.1969023942947388,,,1.2034192085266113,,1.0,,1.0065406560897827,,,,,,,,,,,,,,,,,,
27,1119,,,,,,,,,,,,,,,,,,,,,,,,,,,,,,,,,,,0.024239948019385338,0.009098620153963566,0.03704562783241272,0.0,0.2606554627418518,1.0,0.33294323086738586,0.0,0.0,0.0001116625644499436,198.31163024902344,0.3287995755672455,0.6288478970527649,1.3984348773956299,2.021641492843628,1.0,0.6295811533927917
27,1119,0.03562368080019951,,0.022419629618525505,,0.034603092819452286,,0.0,,0.2754858136177063,,1.0,,0.32930976152420044,,0.0,0.0,,,0.00013350053632166237,,202.86302185058594,,0.4607647955417633,,1.1674182415008545,,1.2692124843597412,2.0708413124084473,,1.0,,0.984383225440979,,0.22834117710590363,,,,,,,,,,,,,,,,,
28,1129,,0.02986963838338852,,0.01106144580990076,,0.0366421639919281,,0.0,,0.2660878896713257,,1.0,,0.3410266041755676,,,0.0,0.0,,0.00019065296510234475,,204.4464569091797,,0.416340172290802,,0.5267294645309448,,,1.3180068731307983,,1.0,,0.6288037896156311,,,,,,,,,,,,,,,,,,
28,1139,,0.032714128494262695,,0.01672140695154667,,0.03333423286676407,,0.0,,0.2628171443939209,,1.0,,0.3282898962497711,,,0.0,0.0,,1.3296693396114279e-05,,207.96212768554688,,0.4041289687156677,,1.044015645980835,,,1.2701637744903564,,1.0,,0.8835387229919434,,,,,,,,,,,,,,,,,,
28,1149,,0.02669321745634079,,0.08155215531587601,,0.03306599706411362,,0.0,,0.2582935392856598,,1.0,,0.3274461627006531,,,0.0,0.0,,1.907188106997637e-06,,205.2283172607422,,0.42681145668029785,,0.7927957773208618,,,1.349244236946106,,1.0,,0.7963805794715881,,,,,,,,,,,,,,,,,,
28,1159,,0.03430357575416565,,0.019452039152383804,,0.033478230237960815,,0.0,,0.28708043694496155,,1.0,,0.32471874356269836,,,0.0,0.0,,1.614593884369242e-06,,200.77398681640625,,0.40645530819892883,,0.8332169651985168,,,1.330559253692627,,1.0,,0.7936028242111206,,,,,,,,,,,,,,,,,,
28,1159,,,,,,,,,,,,,,,,,,,,,,,,,,,,,,,,,,,0.02441362291574478,0.011245430447161198,0.03560103103518486,0.0,0.2562256157398224,1.0,0.33381497859954834,0.0,0.0,0.00018799897225107998,198.27920532226562,0.31663617491722107,0.6485307216644287,1.4055691957473755,2.0229742527008057,1.0,0.632179856300354
28,1159,0.033044975250959396,,0.031107282266020775,,0.03316597267985344,,0.0,,0.2664383351802826,,1.0,,0.33106112480163574,,0.0,0.0,,,8.017766231205314e-05,,202.86709594726562,,0.4314260482788086,,0.9833922386169434,,1.2680227756500244,2.080299139022827,,1.0,,0.8760608434677124,,0.22991175949573517,,,,,,,,,,,,,,,,,
29,1169,,0.03094518929719925,,0.02282598428428173,,0.03134969621896744,,0.0,,0.24994660913944244,,1.0,,0.32593441009521484,,,0.0,0.0,,4.0120019662026607e-07,,207.57717895507812,,0.4007209837436676,,0.5282931327819824,,,1.4977511167526245,,1.0,,0.6195010542869568,,,,,,,,,,,,,,,,,,
29,1179,,0.029037559404969215,,0.009881441481411457,,0.028065621852874756,,0.0,,0.2890307903289795,,1.0,,0.3249135911464691,,,0.0,0.0,,4.051551627526351e-07,,202.6156005859375,,0.4138972759246826,,1.287335991859436,,,1.1476359367370605,,1.0,,1.0173983573913574,,,,,,,,,,,,,,,,,,
29,1189,,0.025677558034658432,,0.03606981039047241,,0.03170083090662956,,0.0,,0.26664459705352783,,1.0,,0.33372944593429565,,,0.0,0.0,,6.858964479761198e-05,,209.97238159179688,,0.3975111246109009,,0.6066934466362,,,1.3195555210113525,,1.0,,0.6695026755332947,,,,,,,,,,,,,,,,,,
29,1199,,0.03383873775601387,,0.03083951212465763,,0.03286588191986084,,0.0,,0.25916561484336853,,1.0,,0.33853206038475037,,,0.0,0.0,,0.00014881377865094692,,197.96102905273438,,0.40293624997138977,,0.7887085676193237,,,1.183659553527832,,1.0,,0.7611053586006165,,,,,,,,,,,,,,,,,,
29,1199,,,,,,,,,,,,,,,,,,,,,,,,,,,,,,,,,,,0.024301446974277496,0.009515375830233097,0.03514360263943672,0.0,0.25290846824645996,1.0,0.3305750787258148,0.0,0.0,0.00014700448082294315,198.21029663085938,0.3043380379676819,0.651549756526947,1.413100242614746,2.0245532989501953,1.0,0.6248944401741028
29,1199,0.03070267103612423,,0.023381227627396584,,0.03229775279760361,,0.0,,0.26619333028793335,,1.0,,0.3333984613418579,,0.0,0.0,,,0.00014135916717350483,,202.8001251220703,,0.41212326288223267,,0.9356023669242859,,1.2843732833862305,2.075491189956665,,1.0,,0.8373017311096191,,0.2319231778383255,,,,,,,,,,,,,,,,,
30,1209,,0.03174266591668129,,0.015562373213469982,,0.03309038281440735,,0.0,,0.24063187837600708,,1.0,,0.3252835273742676,,,0.0,0.0,,3.1263787150237476e-06,,204.11380004882812,,0.4121749699115753,,0.7774026989936829,,,1.3159217834472656,,1.0,,0.7420679330825806,,,,,,,,,,,,,,,,,,
30,1219,,0.04399047791957855,,0.011826683767139912,,0.03505368530750275,,0.0,,0.2663925290107727,,1.0,,0.32752561569213867,,,0.0,0.0,,6.3436173149966635e-06,,199.16671752929688,,0.40837180614471436,,0.6583538055419922,,,1.1584010124206543,,1.0,,0.6979761719703674,,,,,,,,,,,,,,,,,,
30,1229,,0.027753792703151703,,0.008267765864729881,,0.03113432601094246,,0.0,,0.25078946352005005,,1.0,,0.3300132751464844,,,0.0,0.0,,6.495236448245123e-06,,206.57717895507812,,0.3966188430786133,,0.97702556848526,,,1.1935861110687256,,1.0,,0.8333443403244019,,,,,,,,,,,,,,,,,,
30,1239,,0.029136233031749725,,0.030334187671542168,,0.028017453849315643,,0.0,,0.26749950647354126,,1.0,,0.3227927088737488,,,0.0,0.0,,5.336411504686112e-06,,206.0035858154297,,0.3924974799156189,,0.9537310004234314,,,1.2895792722702026,,1.0,,0.8394036889076233,,,,,,,,,,,,,,,,,,
30,1239,,,,,,,,,,,,,,,,,,,,,,,,,,,,,,,,,,,0.02389906905591488,0.01872928813099861,0.034432727843523026,0.0,0.24961590766906738,1.0,0.33301204442977905,0.0,0.0,0.00011836192425107583,197.96615600585938,0.3014298677444458,0.6192720532417297,1.4195735454559326,2.02558970451355,1.0,0.6099755167961121
30,1239,0.03099837899208069,,0.01980000175535679,,0.03190244734287262,,0.0,,0.2602362632751465,,1.0,,0.32832369208335876,,0.0,0.0,,,0.00013191824837122113,,202.8320770263672,,0.39680418372154236,,0.9000433683395386,,1.2874844074249268,2.0667126178741455,,1.0,,0.8071972727775574,,0.22680489718914032,,,,,,,,,,,,,,,,,
31,1249,,0.03181445226073265,,0.044127512723207474,,0.029209528118371964,,0.0,,0.2259543538093567,,1.0,,0.311290442943573,,,0.0,0.0,,0.0001682611182332039,,205.2939910888672,,0.3710092008113861,,3.09346079826355,,,1.2507469654083252,,1.0,,1.886188268661499,,,,,,,,,,,,,,,,,,
31,1259,,0.03188098222017288,,0.02178332395851612,,0.027233989909291267,,0.0,,0.2547561228275299,,1.0,,0.3192576467990875,,,0.0,0.0,,6.344309804262593e-05,,205.1930389404297,,0.3739984631538391,,0.7289405465126038,,,1.3193199634552002,,1.0,,0.7084348201751709,,,,,,,,,,,,,,,,,,
31,1269,,0.027007032185792923,,0.007745501585304737,,0.031210388988256454,,0.0,,0.23829787969589233,,1.0,,0.3197086453437805,,,0.0,0.0,,2.0197210687911138e-05,,202.91075134277344,,0.36191752552986145,,0.5676591396331787,,,1.1565825939178467,,1.0,,0.604444682598114,,,,,,,,,,,,,,,,,,
31,1279,,0.027997806668281555,,0.0034163540694862604,,0.029252493754029274,,0.0,,0.2461913526058197,,1.0,,0.334952712059021,,,0.0,0.0,,8.523999713361263e-05,,208.59442138671875,,0.3487967848777771,,1.2872053384780884,,,1.2832531929016113,,1.0,,0.9597716331481934,,,,,,,,,,,,,,,,,,
31,1279,,,,,,,,,,,,,,,,,,,,,,,,,,,,,,,,,,,0.02421003207564354,0.00814852025359869,0.03298501670360565,0.0,0.24801105260849,1.0,0.33519214391708374,0.0,0.0,0.0001570449094288051,198.2427978515625,0.2878479063510895,0.6037787199020386,1.429287075996399,2.0270330905914307,1.0,0.5893750786781311
31,1279,0.029508426785469055,,0.018972333520650864,,0.030866703018546104,,0.0,,0.2538982927799225,,1.0,,0.33103641867637634,,0.0,0.0,,,0.00018371555779594928,,202.89320373535156,,0.375022828578949,,1.0066883563995361,,1.2906562089920044,2.0753438472747803,,1.0,,0.845223605632782,,0.22928579151630402,,,,,,,,,,,,,,,,,
32,1289,,0.02797810360789299,,0.025959091261029243,,0.030249329283833504,,0.0,,0.24558484554290771,,1.0,,0.3269093632698059,,,0.0,0.0,,1.3042537716501101e-07,,199.2196044921875,,0.39481446146965027,,0.5157745480537415,,,1.3011012077331543,,1.0,,0.6080805659294128,,,,,,,,,,,,,,,,,,
32,1299,,0.03192777931690216,,0.004102070815861225,,0.026535240933299065,,0.0,,0.22735968232154846,,1.0,,0.3164779543876648,,,0.0,0.0,,6.264400144573301e-05,,198.7054443359375,,0.3670955002307892,,0.49864527583122253,,,1.2952038049697876,,1.0,,0.5672499537467957,,,,,,,,,,,,,,,,,,
32,1309,,0.03485759347677231,,0.01321475487202406,,0.02944238856434822,,0.0,,0.2233009934425354,,1.0,,0.3264947831630707,,,0.0,0.0,,3.386679736649967e-06,,201.50732421875,,0.3614976704120636,,1.7555837631225586,,,1.45722234249115,,1.0,,1.1971733570098877,,,,,,,,,,,,,,,,,,
32,1319,,0.04169486463069916,,0.01120821014046669,,0.03125870227813721,,0.0,,0.25663328170776367,,1.0,,0.3317204415798187,,,0.0,0.0,,2.0390134523040615e-05,,203.0308074951172,,0.3553612232208252,,1.0835167169570923,,,1.3132191896438599,,1.0,,0.8773431777954102,,,,,,,,,,,,,,,,,,
32,1319,,,,,,,,,,,,,,,,,,,,,,,,,,,,,,,,,,,0.024097990244627,0.005260505247861147,0.0323895663022995,0.0,0.24576789140701294,1.0,0.33423760533332825,0.0,0.0,0.000214434796362184,198.22662353515625,0.27388995885849,0.6235967874526978,1.4308022260665894,2.027374029159546,1.0,0.5896527171134949
32,1319,0.028919929638504982,,0.016384802758693695,,0.030001584440469742,,0.0,,0.2477579563856125,,1.0,,0.3302728235721588,,0.0,0.0,,,0.00010694308730307966,,203.12420654296875,,0.35968223214149475,,0.7102190256118774,,1.298126459121704,2.0837788581848145,,1.0,,0.6845356225967407,,0.2285567969083786,,,,,,,,,,,,,,,,,
33,1329,,0.027167711406946182,,0.02869819477200508,,0.029567614197731018,,0.0,,0.24762247502803802,,1.0,,0.3330608308315277,,,0.0,0.0,,2.6455370971234515e-05,,203.16818237304688,,0.3355841040611267,,0.5501416325569153,,,1.400260329246521,,1.0,,0.5975770950317383,,,,,,,,,,,,,,,,,,
33,1339,,0.03400750830769539,,0.010100717656314373,,0.028970327228307724,,0.0,,0.24491411447525024,,1.0,,0.3320947587490082,,,0.0,0.0,,2.8156224288977683e-05,,201.86825561523438,,0.38882315158843994,,1.2176969051361084,,,1.2952184677124023,,1.0,,0.9506822824478149,,,,,,,,,,,,,,,,,,
33,1349,,0.035195913165807724,,0.026082457974553108,,0.02601700648665428,,0.0,,0.2516220211982727,,1.0,,0.3223513662815094,,,0.0,0.0,,2.1246074538794346e-05,,198.2144012451172,,0.3121211528778076,,2.714017629623413,,,1.3066761493682861,,1.0,,1.672131896018982,,,,,,,,,,,,,,,,,,
33,1359,,0.02976188436150551,,0.053371090441942215,,0.028421547263860703,,0.0,,0.25471144914627075,,1.0,,0.3297726511955261,,,0.0,0.0,,4.539320343610598e-06,,203.14852905273438,,0.32430994510650635,,1.480926275253296,,,1.200943946838379,,1.0,,1.0743848085403442,,,,,,,,,,,,,,,,,,
33,1359,,,,,,,,,,,,,,,,,,,,,,,,,,,,,,,,,,,0.02662075124680996,0.014236406423151493,0.031000161543488503,0.0,0.24296778440475464,1.0,0.3347245454788208,0.0,0.0,0.00010369288793299347,197.8399658203125,0.26772820949554443,0.897666335105896,1.4496891498565674,2.03084397315979,1.0,0.7277616262435913
33,1359,0.03347419947385788,,0.026269474998116493,,0.029099280014634132,,0.0,,0.24392922222614288,,1.0,,0.3297101557254791,,0.0,0.0,,,0.0001246538886334747,,202.85824584960938,,0.34780770540237427,,1.4175429344177246,,1.3023241758346558,2.074080467224121,,1.0,,1.0374841690063477,,0.22776171565055847,,,,,,,,,,,,,,,,,
34,1369,,0.026452232152223587,,0.03935815021395683,,0.027255574241280556,,0.0,,0.2476392388343811,,1.0,,0.3225835859775543,,,0.0,0.0,,1.2034927749482449e-05,,200.69927978515625,,0.31676673889160156,,0.522835373878479,,,1.3004429340362549,,1.0,,0.5792574286460876,,,,,,,,,,,,,,,,,,
34,1379,,0.036514777690172195,,0.010540666989982128,,0.029245033860206604,,0.0,,0.25044944882392883,,1.0,,0.340770423412323,,,0.0,0.0,,0.00017315239529125392,,202.36106872558594,,0.3372909128665924,,0.6874710917472839,,,1.4607192277908325,,1.0,,0.6641445755958557,,,,,,,,,,,,,,,,,,
34,1389,,0.034397050738334656,,0.04523701220750809,,0.02511114440858364,,0.0,,0.2578190565109253,,1.0,,0.3362060487270355,,,0.0,0.0,,9.681351366452873e-05,,203.475341796875,,0.3430713415145874,,0.9543087482452393,,,1.3301441669464111,,1.0,,0.8199761509895325,,,,,,,,,,,,,,,,,,
34,1399,,0.03830420970916748,,0.022529175505042076,,0.02994416281580925,,0.0,,0.23408085107803345,,1.0,,0.34442901611328125,,,0.0,0.0,,0.00022903726494405419,,195.9044189453125,,0.355644166469574,,4.298190116882324,,,1.216309905052185,,1.0,,2.477483034133911,,,,,,,,,,,,,,,,,,
34,1399,,,,,,,,,,,,,,,,,,,,,,,,,,,,,,,,,,,0.026966897770762444,0.018534773960709572,0.02940310724079609,0.0,0.24261628091335297,1.0,0.3331221640110016,0.0,0.0,0.00012015067477477714,197.93215942382812,0.2625235617160797,0.7237849235534668,1.4757905006408691,2.0360002517700195,1.0,0.6402134895324707
34,1399,0.034803085029125214,,0.02723851427435875,,0.027752500027418137,,0.0,,0.23880872130393982,,1.0,,0.3329085409641266,,0.0,0.0,,,0.00014917032967787236,,202.7114715576172,,0.33884984254837036,,1.2550314664840698,,1.3203898668289185,2.085315227508545,,1.0,,0.9502156376838684,,0.23070856928825378,,,,,,,,,,,,,,,,,
35,1409,,0.03708253800868988,,0.011018062941730022,,0.02981632947921753,,0.0,,0.24405498802661896,,1.0,,0.3473562002182007,,,0.0,0.0,,0.0003069074300583452,,200.34506225585938,,0.360263466835022,,3.4219484329223633,,,1.177740454673767,,1.0,,2.0403189659118652,,,,,,,,,,,,,,,,,,
35,1419,,0.03139859437942505,,0.0072865854017436504,,0.026094861328601837,,0.0,,0.23528233170509338,,1.0,,0.33761852979660034,,,0.0,0.0,,9.108935773838311e-05,,202.6829833984375,,0.3363054394721985,,0.836104154586792,,,1.1207053661346436,,1.0,,0.7258435487747192,,,,,,,,,,,,,,,,,,
35,1429,,0.021680312231183052,,0.008659372106194496,,0.025826305150985718,,0.0,,0.2452842742204666,,1.0,,0.3425312936306,,,0.0,0.0,,0.00023196380061563104,,206.10403442382812,,0.302235871553421,,0.40957704186439514,,,1.2681879997253418,,1.0,,0.4964170455932617,,,,,,,,,,,,,,,,,,
35,1439,,0.02388206496834755,,0.02550377883017063,,0.024440711364150047,,0.0,,0.2207631766796112,,1.0,,0.3174859881401062,,,0.0,0.0,,9.246922127204016e-05,,208.8592987060547,,0.3384864926338196,,0.38022926449775696,,,1.3699774742126465,,1.0,,0.49692264199256897,,,,,,,,,,,,,,,,,,
35,1439,,,,,,,,,,,,,,,,,,,,,,,,,,,,,,,,,,,0.024528754875063896,0.008279550820589066,0.028805967420339584,0.0,0.24094945192337036,1.0,0.33168575167655945,0.0,0.0,0.0001980218949029222,198.54640197753906,0.2622798681259155,0.6326276063919067,1.489113211631775,2.0385663509368896,1.0,0.5873121619224548
35,1439,0.02870156429708004,,0.018978837877511978,,0.026238467544317245,,0.0,,0.23610195517539978,,1.0,,0.3300308287143707,,0.0,0.0,,,0.00011740475747501478,,203.03915405273438,,0.33366140723228455,,0.9097444415092468,,1.3338021039962769,2.095241069793701,,1.0,,0.7662767171859741,,0.22785039246082306,,,,,,,,,,,,,,,,,
36,1449,,0.023190215229988098,,0.0063338628970086575,,0.02883078157901764,,0.0,,0.24411916732788086,,1.0,,0.331399142742157,,,0.0,0.0,,2.9046514100627974e-05,,195.69699096679688,,0.3181591331958771,,0.5898070335388184,,,1.4058607816696167,,1.0,,0.5937023162841797,,,,,,,,,,,,,,,,,,
36,1459,,0.038368552923202515,,0.014579285867512226,,0.026545800268650055,,0.0,,0.23446734249591827,,1.0,,0.3435151278972626,,,0.0,0.0,,0.00023152281937655061,,203.3887176513672,,0.3336869478225708,,0.7324854135513306,,,1.4444942474365234,,1.0,,0.6795641183853149,,,,,,,,,,,,,,,,,,
36,1469,,0.0495489239692688,,0.007623898796737194,,0.023761041462421417,,0.0,,0.2428058683872223,,1.0,,0.32186776399612427,,,0.0,0.0,,3.976103107561357e-05,,199.21923828125,,0.3383781313896179,,0.5100218653678894,,,1.3550705909729004,,1.0,,0.5765854120254517,,,,,,,,,,,,,,,,,,
36,1479,,0.029988575726747513,,0.004929404240101576,,0.023502269759774208,,0.0,,0.21669600903987885,,1.0,,0.32682883739471436,,,0.0,0.0,,1.439869947716943e-06,,201.1700897216797,,0.2966160178184509,,0.7214118838310242,,,1.2105200290679932,,1.0,,0.6371719241142273,,,,,,,,,,,,,,,,,,
36,1479,,,,,,,,,,,,,,,,,,,,,,,,,,,,,,,,,,,0.038426268845796585,0.009618894197046757,0.02737501449882984,0.0,0.23500508069992065,1.0,0.3363494277000427,0.0,0.0,0.0003128550306428224,197.8199920654297,0.2548462748527527,0.7062803506851196,1.4962940216064453,2.039949655532837,1.0,0.6249823570251465
36,1479,0.035632744431495667,,0.023287203162908554,,0.025693733245134354,,0.0,,0.23094531893730164,,1.0,,0.3299265205860138,,0.0,0.0,,,0.00012323314149398357,,202.81265258789062,,0.3217219114303589,,0.7968838214874268,,1.3394838571548462,2.0839717388153076,,1.0,,0.7068665623664856,,0.22766420245170593,,,,,,,,,,,,,,,,,
37,1489,,0.028419163078069687,,0.05917854607105255,,0.024441922083497047,,0.0,,0.22096765041351318,,1.0,,0.3357435166835785,,,0.0,0.0,,8.777008042670786e-05,,196.510986328125,,0.30773597955703735,,0.8329207897186279,,,1.2520971298217773,,1.0,,0.7270991206169128,,,,,,,,,,,,,,,,,,
37,1499,,0.03204471617937088,,0.007452025078237057,,0.027113772928714752,,0.0,,0.22349286079406738,,1.0,,0.33620578050613403,,,0.0,0.0,,8.727964450372383e-05,,206.5823974609375,,0.2993271052837372,,0.9920401573181152,,,1.1459777355194092,,1.0,,0.7799334526062012,,,,,,,,,,,,,,,,,,
37,1509,,0.027949389070272446,,0.018224705010652542,,0.02353065460920334,,0.0,,0.23836824297904968,,1.0,,0.3266547918319702,,,0.0,0.0,,3.1834422316023847e-06,,196.9178466796875,,0.3325195014476776,,1.0641701221466064,,,1.3652535676956177,,1.0,,0.8429706692695618,,,,,,,,,,,,,,,,,,
37,1519,,0.034170955419540405,,0.01255339290946722,,0.022537849843502045,,0.0,,0.21575269103050232,,1.0,,0.31979256868362427,,,0.0,0.0,,4.5249256800161675e-05,,201.86326599121094,,0.30765193700790405,,0.6540945172309875,,,1.2482218742370605,,1.0,,0.6143881678581238,,,,,,,,,,,,,,,,,,
37,1519,,,,,,,,,,,,,,,,,,,,,,,,,,,,,,,,,,,0.023918122053146362,0.008504554629325867,0.026447925716638565,0.0,0.23658540844917297,1.0,0.3330754339694977,0.0,0.0,0.00021637296595145017,198.60238647460938,0.252018004655838,0.7386981248855591,1.5126696825027466,2.0429980754852295,1.0,0.6326150894165039
37,1519,0.03585898131132126,,0.025309458374977112,,0.025001030415296555,,0.0,,0.22865259647369385,,1.0,,0.33163881301879883,,0.0,0.0,,,0.0001289457723032683,,202.37118530273438,,0.31788569688796997,,1.1359946727752686,,1.3402868509292603,2.07889723777771,,1.0,,0.8744152784347534,,0.2292632758617401,,,,,,,,,,,,,,,,,
38,1529,,0.03354271501302719,,0.04462467133998871,,0.024176673963665962,,0.0,,0.2121575027704239,,1.0,,0.3266739845275879,,,0.0,0.0,,1.2150619568274124e-06,,203.2673797607422,,0.3153999447822571,,0.5734750628471375,,,1.2588533163070679,,1.0,,0.592018187046051,,,,,,,,,,,,,,,,,,
38,1539,,0.040860917419195175,,0.04099893569946289,,0.022628378123044968,,0.0,,0.2089080512523651,,1.0,,0.32254523038864136,,,0.0,0.0,,2.4537050194339827e-05,,203.95285034179688,,0.2960748076438904,,1.2206350564956665,,,1.4552713632583618,,1.0,,0.9060139656066895,,,,,,,,,,,,,,,,,,
38,1549,,0.041427433490753174,,0.021381279453635216,,0.020388392731547356,,0.0,,0.21385003626346588,,1.0,,0.32296714186668396,,,0.0,0.0,,1.4997747712186538e-05,,203.02487182617188,,0.30256542563438416,,1.3130580186843872,,,1.3465752601623535,,1.0,,0.9481874108314514,,,,,,,,,,,,,,,,,,
38,1559,,0.025387924164533615,,0.016471512615680695,,0.021177241578698158,,0.0,,0.2235700786113739,,1.0,,0.32674551010131836,,,0.0,0.0,,4.0846209969913616e-08,,209.8024139404297,,0.31353551149368286,,0.5629519820213318,,,1.2447998523712158,,1.0,,0.5730761885643005,,,,,,,,,,,,,,,,,,
38,1559,,,,,,,,,,,,,,,,,,,,,,,,,,,,,,,,,,,0.02448335662484169,0.00709187239408493,0.02463780902326107,0.0,0.23390698432922363,1.0,0.3355248272418976,0.0,0.0,0.00018186269153375179,198.4485626220703,0.24784839153289795,0.6820388436317444,1.5479967594146729,2.050114393234253,1.0,0.6002395153045654
38,1559,0.033630985766649246,,0.025896618142724037,,0.023538997396826744,,0.0,,0.2248435914516449,,1.0,,0.3303360044956207,,0.0,0.0,,,7.435177394654602e-05,,202.64797973632812,,0.3115909993648529,,1.3699125051498413,,1.3680851459503174,2.1044809818267822,,1.0,,0.9853286743164062,,0.22788217663764954,,,,,,,,,,,,,,,,,
39,1569,,0.030295703560113907,,0.021718136966228485,,0.02145051211118698,,0.0,,0.2315920889377594,,1.0,,0.33347901701927185,,,0.0,0.0,,3.513988485792652e-05,,203.10226440429688,,0.2997952699661255,,0.9790353178977966,,,1.3301817178726196,,1.0,,0.7833808660507202,,,,,,,,,,,,,,,,,,
39,1579,,0.01769634149968624,,0.04400881007313728,,0.018580898642539978,,0.0,,0.20925699174404144,,1.0,,0.31173276901245117,,,0.0,0.0,,0.0002294072473887354,,207.65074157714844,,0.28847455978393555,,0.4600662589073181,,,1.401444435119629,,1.0,,0.5117242336273193,,,,,,,,,,,,,,,,,,
39,1589,,0.03235945478081703,,0.03264680504798889,,0.022227901965379715,,0.0,,0.22335682809352875,,1.0,,0.3292863965034485,,,0.0,0.0,,3.1283288990380242e-06,,202.89163208007812,,0.305450975894928,,1.0436575412750244,,,1.3898897171020508,,1.0,,0.8209601044654846,,,,,,,,,,,,,,,,,,
39,1599,,0.02392459101974964,,0.07376768440008163,,0.022343723103404045,,0.0,,0.20426250994205475,,1.0,,0.343254953622818,,,0.0,0.0,,0.00024360913084819913,,201.0511474609375,,0.3120519518852234,,0.640133798122406,,,1.3573354482650757,,1.0,,0.6294264793395996,,,,,,,,,,,,,,,,,,
39,1599,,,,,,,,,,,,,,,,,,,,,,,,,,,,,,,,,,,0.0270242877304554,0.020428461953997612,0.023999540135264397,0.0,0.23440715670585632,1.0,0.33512458205223083,0.0,0.0,0.00014025428390596062,198.0926513671875,0.24560220539569855,0.667236864566803,1.5568482875823975,2.0513787269592285,1.0,0.599819540977478
39,1599,0.02806868776679039,,0.02500460110604763,,0.02249831333756447,,0.0,,0.22197404503822327,,1.0,,0.33031126856803894,,0.0,0.0,,,0.00012524765043053776,,203.01849365234375,,0.3043590784072876,,0.7503407597541809,,1.3760536909103394,2.096857786178589,,1.0,,0.6671861410140991,,0.22771184146404266,,,,,,,,,,,,,,,,,
40,1609,,0.03800929710268974,,0.01905728504061699,,0.02149955928325653,,0.0,,0.21897783875465393,,1.0,,0.33105477690696716,,,0.0,0.0,,4.458031526155537e-06,,206.50718688964844,,0.29789865016937256,,0.3147088885307312,,,1.2019526958465576,,1.0,,0.4464781582355499,,,,,,,,,,,,,,,,,,
40,1619,,0.026934392750263214,,0.005583114456385374,,0.02521526627242565,,0.0,,0.22727139294147491,,1.0,,0.3309575915336609,,,0.0,0.0,,2.810951627907343e-06,,203.77337646484375,,0.27471381425857544,,0.4704614579677582,,,1.2183985710144043,,1.0,,0.5050050616264343,,,,,,,,,,,,,,,,,,
40,1629,,0.03130695968866348,,0.006936224643141031,,0.022439470514655113,,0.0,,0.20932497084140778,,1.0,,0.33521270751953125,,,0.0,0.0,,3.26947592839133e-05,,200.39724731445312,,0.2954621911048889,,0.7020328640937805,,,1.2390291690826416,,1.0,,0.6247918605804443,,,,,,,,,,,,,,,,,,
40,1639,,0.02527398057281971,,0.004025896079838276,,0.02048892341554165,,0.0,,0.2224021553993225,,1.0,,0.3317553400993347,,,0.0,0.0,,2.277233943459578e-05,,197.18087768554688,,0.2877708673477173,,0.3752559423446655,,,1.481355905532837,,1.0,,0.4594246745109558,,,,,,,,,,,,,,,,,,
40,1639,,,,,,,,,,,,,,,,,,,,,,,,,,,,,,,,,,,0.029251480475068092,0.019734181463718414,0.023799743503332138,0.0,0.23080456256866455,1.0,0.33459776639938354,0.0,0.0,0.00017698577721603215,197.95040893554688,0.24334844946861267,0.7540943026542664,1.5607705116271973,2.0522711277008057,1.0,0.6410849690437317
40,1639,0.031026428565382957,,0.018885215744376183,,0.021980267018079758,,0.0,,0.21816129982471466,,1.0,,0.3310149610042572,,0.0,0.0,,,0.0001044360687956214,,202.777099609375,,0.2978689968585968,,0.8219257593154907,,1.3812954425811768,2.1025335788726807,,1.0,,0.6961840391159058,,0.22838909924030304,,,,,,,,,,,,,,,,,
41,1649,,0.041731491684913635,,0.056205254048109055,,0.020221341401338577,,0.0,,0.2608720660209656,,1.0,,0.32901066541671753,,,0.0,0.0,,6.1422738326655235e-06,,203.48736572265625,,0.2901792526245117,,2.939772367477417,,,1.3161190748214722,,1.0,,1.7964054346084595,,,,,,,,,,,,,,,,,,
41,1659,,0.039113402366638184,,0.014239279553294182,,0.0207155030220747,,0.0,,0.2095143347978592,,1.0,,0.32093381881713867,,,0.0,0.0,,4.369611997390166e-05,,203.94664001464844,,0.3154526352882385,,2.2457470893859863,,,1.432157278060913,,1.0,,1.4141267538070679,,,,,,,,,,,,,,,,,,
41,1669,,0.040825169533491135,,0.01025992352515459,,0.01902611553668976,,0.0,,0.2108239382505417,,1.0,,0.3291650712490082,,,0.0,0.0,,4.276677373127313e-06,,197.5221405029297,,0.3175818622112274,,1.2050691843032837,,,1.60125732421875,,1.0,,0.8941847681999207,,,,,,,,,,,,,,,,,,
41,1679,,0.043725986033678055,,0.007283209357410669,,0.021602347493171692,,0.0,,0.22756536304950714,,1.0,,0.33313703536987305,,,0.0,0.0,,4.799507587449625e-05,,200.6904754638672,,0.30696210265159607,,0.7902255058288574,,,1.5767507553100586,,1.0,,0.690065324306488,,,,,,,,,,,,,,,,,,
41,1679,,,,,,,,,,,,,,,,,,,,,,,,,,,,,,,,,,,0.03233178332448006,0.019773345440626144,0.022813167423009872,0.0,0.22926729917526245,1.0,0.3318520784378052,0.0,0.0,0.0002783562522381544,197.71270751953125,0.24145430326461792,1.3898475170135498,1.5924665927886963,2.0580687522888184,1.0,0.9587576985359192
41,1679,0.036008816212415695,,0.028092462569475174,,0.021394919604063034,,0.0,,0.215632364153862,,1.0,,0.33200502395629883,,0.0,0.0,,,0.0001460097701055929,,202.45001220703125,,0.2976645827293396,,1.4140026569366455,,1.3932958841323853,2.1121582984924316,,1.0,,0.9979130029678345,,0.22924327850341797,,,,,,,,,,,,,,,,,
42,1689,,0.044687919318675995,,0.013619101606309414,,0.021722279489040375,,0.0,,0.23175454139709473,,1.0,,0.3378797471523285,,,0.0,0.0,,6.988857785472646e-05,,202.8258056640625,,0.29162660241127014,,1.3568172454833984,,,1.4658310413360596,,1.0,,0.9714598059654236,,,,,,,,,,,,,,,,,,
42,1699,,0.04463975131511688,,0.00969226099550724,,0.021486587822437286,,0.0,,0.2177012413740158,,1.0,,0.3649442791938782,,,0.0,0.0,,0.0011863093823194504,,199.15318298339844,,0.3064841628074646,,1.3856629133224487,,,1.4996432065963745,,1.0,,0.9848319888114929,,,,,,,,,,,,,,,,,,
42,1709,,0.05962751805782318,,0.015011104755103588,,0.020293768495321274,,0.0,,0.2148035764694214,,1.0,,0.33824387192726135,,,0.0,0.0,,9.221720392815769e-05,,193.1092529296875,,0.32620400190353394,,3.9708473682403564,,,1.281895399093628,,1.0,,2.2953224182128906,,,,,,,,,,,,,,,,,,
42,1719,,0.03953731060028076,,0.06669581681489944,,0.022339126095175743,,0.0,,0.21460053324699402,,1.0,,0.3437314033508301,,,0.0,0.0,,0.0002578162238933146,,205.70578002929688,,0.2872062921524048,,0.869515597820282,,,1.990079402923584,,1.0,,0.741140604019165,,,,,,,,,,,,,,,,,,
42,1719,,,,,,,,,,,,,,,,,,,,,,,,,,,,,,,,,,,0.039320848882198334,0.02679487131536007,0.02166026085615158,0.0,0.23030516505241394,1.0,0.3317074179649353,0.0,0.0,0.00011118574911961332,197.0186767578125,0.24068786203861237,1.1354310512542725,1.654417872428894,2.0704493522644043,1.0,0.8384915590286255
42,1719,0.049629323184490204,,0.03216100484132767,,0.020519744604825974,,0.0,,0.21361808478832245,,1.0,,0.32996854186058044,,0.0,0.0,,,0.00011927838204428554,,201.78750610351562,,0.3059576749801636,,1.7082674503326416,,1.4206230640411377,2.117731809616089,,1.0,,1.1569284200668335,,0.22720889747142792,,,,,,,,,,,,,,,,,
43,1729,,0.03580985963344574,,0.01690974272787571,,0.021034810692071915,,0.0,,0.2260541468858719,,1.0,,0.342160701751709,,,0.0,0.0,,0.0002477698726579547,,203.4999237060547,,0.2900172770023346,,0.46300122141838074,,,1.9043539762496948,,1.0,,0.51812344789505,,,,,,,,,,,,,,,,,,
43,1739,,0.03887154534459114,,0.06646653264760971,,0.020053062587976456,,0.0,,0.2128903567790985,,1.0,,0.3422815203666687,,,0.0,0.0,,0.00019076532043982297,,200.1024169921875,,0.3040846288204193,,1.440006971359253,,,1.5658131837844849,,1.0,,1.033260703086853,,,,,,,,,,,,,,,,,,
43,1749,,0.051011569797992706,,0.00715063139796257,,0.018237363547086716,,0.0,,0.20564229786396027,,1.0,,0.3333269953727722,,,0.0,0.0,,9.25583481148351e-06,,199.6363983154297,,0.3037361800670624,,0.4211517870426178,,,1.5684653520584106,,1.0,,0.4961746037006378,,,,,,,,,,,,,,,,,,
43,1759,,0.03533882275223732,,0.005772351287305355,,0.01830250211060047,,0.0,,0.21286217868328094,,1.0,,0.3264369070529938,,,0.0,0.0,,3.6308201742940582e-06,,212.90713500976562,,0.2823490500450134,,0.5165985226631165,,,1.4508638381958008,,1.0,,0.5282925367355347,,,,,,,,,,,,,,,,,,
43,1759,,,,,,,,,,,,,,,,,,,,,,,,,,,,,,,,,,,0.035816945135593414,0.008624950423836708,0.020598165690898895,0.0,0.22623546421527863,1.0,0.33583205938339233,0.0,0.0,0.0002360837534070015,197.9073028564453,0.24328328669071198,0.7071363925933838,1.6602349281311035,2.071794271469116,1.0,0.6127263903617859
43,1759,0.04002663120627403,,0.021698543801903725,,0.01918497309088707,,0.0,,0.2109614610671997,,1.0,,0.3277354836463928,,0.0,0.0,,,0.0001461687934352085,,202.27413940429688,,0.29365986585617065,,0.9815740585327148,,1.4562915563583374,2.136347770690918,,1.0,,0.7759518027305603,,0.22519560158252716,,,,,,,,,,,,,,,,,
44,1769,,0.05009879916906357,,0.02386106364428997,,0.018015481531620026,,0.0,,0.20914939045906067,,1.0,,0.3309798240661621,,,0.0,0.0,,1.821116529754363e-05,,198.5162353515625,,0.30980658531188965,,2.1879684925079346,,,1.5044610500335693,,1.0,,1.392252802848816,,,,,,,,,,,,,,,,,,
44,1779,,0.032864246517419815,,0.029825309291481972,,0.01833481341600418,,0.0,,0.20662528276443481,,1.0,,0.32809725403785706,,,0.0,0.0,,2.7192738798476057e-06,,195.521484375,,0.27644455432891846,,0.3330157399177551,,,1.4966951608657837,,1.0,,0.4412224292755127,,,,,,,,,,,,,,,,,,
44,1789,,0.01875177025794983,,0.006508177611976862,,0.02031330019235611,,0.0,,0.20782212913036346,,1.0,,0.31615179777145386,,,0.0,0.0,,9.804312139749527e-05,,206.1333465576172,,0.2828747630119324,,0.3562416136264801,,,1.4193809032440186,,1.0,,0.43817955255508423,,,,,,,,,,,,,,,,,,
44,1799,,0.022377509623765945,,0.003913829568773508,,0.01580800488591194,,0.0,,0.2248721420764923,,1.0,,0.31733548641204834,,,0.0,0.0,,8.103815343929455e-05,,200.0458984375,,0.301114559173584,,0.39438316226005554,,,1.3936220407485962,,1.0,,0.4749518930912018,,,,,,,,,,,,,,,,,,
44,1799,,,,,,,,,,,,,,,,,,,,,,,,,,,,,,,,,,,0.021984552964568138,0.008535710163414478,0.019869819283485413,0.0,0.22022393345832825,1.0,0.33212244510650635,0.0,0.0,0.00024228348047472537,198.5497589111328,0.23769883811473846,0.5785599946975708,1.683081865310669,2.076103448867798,1.0,0.5356096625328064
44,1799,0.03623756766319275,,0.01878456398844719,,0.018592383712530136,,0.0,,0.2065914422273636,,1.0,,0.330905556678772,,0.0,0.0,,,0.00017142495198640972,,202.53073120117188,,0.28828349709510803,,1.0469149351119995,,1.4609391689300537,2.1249196529388428,,1.0,,0.8003508448600769,,0.22834913432598114,,,,,,,,,,,,,,,,,
45,1809,,0.01690632663667202,,0.014227958396077156,,0.017158687114715576,,0.0,,0.20097218453884125,,1.0,,0.3050314784049988,,,0.0,0.0,,0.0005164405447430909,,203.0943603515625,,0.2978515625,,0.324390709400177,,,1.6088589429855347,,1.0,,0.42914846539497375,,,,,,,,,,,,,,,,,,
45,1819,,0.014458797872066498,,0.005118550732731819,,0.019978925585746765,,0.0,,0.18165302276611328,,1.0,,0.32938966155052185,,,0.0,0.0,,3.2848961382114794e-06,,202.06369018554688,,0.28075936436653137,,0.2675107717514038,,,1.1827948093414307,,1.0,,0.37674978375434875,,,,,,,,,,,,,,,,,,
45,1829,,0.01868966966867447,,0.0033653960563242435,,0.022901874035596848,,0.0,,0.24427489936351776,,1.0,,0.38121822476387024,,,0.0,0.0,,0.0025372877717018127,,209.2388153076172,,0.2900862395763397,,0.5295108556747437,,,1.5444674491882324,,1.0,,0.546522319316864,,,,,,,,,,,,,,,,,,
45,1839,,0.026818696409463882,,0.004732772242277861,,0.01697332039475441,,0.0,,0.19273006916046143,,1.0,,0.3041929304599762,,,0.0,0.0,,0.00043469900265336037,,202.50057983398438,,0.2973361611366272,,2.0489468574523926,,,1.3424367904663086,,1.0,,1.2871969938278198,,,,,,,,,,,,,,,,,,
45,1839,,,,,,,,,,,,,,,,,,,,,,,,,,,,,,,,,,,0.020799728110432625,0.006903036031872034,0.020009610801935196,0.0,0.22629863023757935,1.0,0.3310641944408417,0.0,0.0,7.185698632383719e-05,198.5860595703125,0.23331469297409058,0.5015016198158264,1.6740574836730957,2.0745739936828613,1.0,0.49644574522972107
45,1839,0.02178012579679489,,0.014194215647876263,,0.018062636256217957,,0.0,,0.20553486049175262,,1.0,,0.33056268095970154,,0.0,0.0,,,0.00020198531274218112,,203.56593322753906,,0.28076329827308655,,0.518568754196167,,1.4638205766677856,2.126084089279175,,1.0,,0.5223278403282166,,0.2280883491039276,,,,,,,,,,,,,,,,,
46,1849,,0.022965874522924423,,0.0281393863260746,,0.01754128187894821,,0.0,,0.21067652106285095,,1.0,,0.328824520111084,,,0.0,0.0,,2.357196109414872e-07,,207.28591918945312,,0.2772592306137085,,0.5108231902122498,,,1.9002848863601685,,1.0,,0.5266863107681274,,,,,,,,,,,,,,,,,,
46,1859,,0.01775858737528324,,0.006025433540344238,,0.01699158549308777,,0.0,,0.18937304615974426,,1.0,,0.32805919647216797,,,0.0,0.0,,1.7130878404714167e-07,,199.7242889404297,,0.26240211725234985,,0.4158862829208374,,,1.3816852569580078,,1.0,,0.44742199778556824,,,,,,,,,,,,,,,,,,
46,1869,,0.02443443238735199,,0.008854539133608341,,0.016918668523430824,,0.0,,0.21617841720581055,,1.0,,0.32179373502731323,,,0.0,0.0,,1.8656955944607034e-05,,203.22763061523438,,0.284284770488739,,0.49437299370765686,,,1.4422707557678223,,1.0,,0.5157638192176819,,,,,,,,,,,,,,,,,,
46,1879,,0.031085483729839325,,0.010721515864133835,,0.01851712167263031,,0.0,,0.17850172519683838,,1.0,,0.33516788482666016,,,0.0,0.0,,4.877681567450054e-05,,191.64248657226562,,0.2744876444339752,,0.4074456989765167,,,1.4137678146362305,,1.0,,0.4529971182346344,,,,,,,,,,,,,,,,,,
46,1879,,,,,,,,,,,,,,,,,,,,,,,,,,,,,,,,,,,0.03160681575536728,0.007986968383193016,0.01976551115512848,0.0,0.22277797758579254,1.0,0.3343697190284729,0.0,0.0,0.00024813591153360903,198.08383178710938,0.2329418808221817,0.6528158187866211,1.674382209777832,2.0738282203674316,1.0,0.5761653780937195
46,1879,0.02436171844601631,,0.017753835767507553,,0.01823989301919937,,0.0,,0.19997572898864746,,1.0,,0.32732516527175903,,0.0,0.0,,,0.00010346250928705558,,203.12631225585938,,0.27500542998313904,,0.5196945071220398,,1.4582536220550537,2.1201748847961426,,1.0,,0.5202713012695312,,0.22512772679328918,,,,,,,,,,,,,,,,,
47,1889,,0.03128403425216675,,0.02752462774515152,,0.018284209072589874,,0.0,,0.19030028581619263,,1.0,,0.3378070592880249,,,0.0,0.0,,0.00010242293501505628,,199.8919677734375,,0.28966909646987915,,0.44003531336784363,,,1.8586342334747314,,1.0,,0.4912863075733185,,,,,,,,,,,,,,,,,,
47,1899,,0.02785756066441536,,0.01709085702896118,,0.020171884447336197,,0.0,,0.23698341846466064,,1.0,,0.34858161211013794,,,0.0,0.0,,0.00041132388287223876,,206.3990936279297,,0.2800023555755615,,0.3708789646625519,,,1.261833906173706,,1.0,,0.4686294198036194,,,,,,,,,,,,,,,,,,
47,1909,,0.021187813952565193,,0.008061756379902363,,0.01579131744801998,,0.0,,0.18950460851192474,,1.0,,0.3199179768562317,,,0.0,0.0,,4.266564064892009e-05,,192.37158203125,,0.2766607701778412,,1.2275068759918213,,,1.3543777465820312,,1.0,,0.8630613684654236,,,,,,,,,,,,,,,,,,
47,1919,,0.02263881079852581,,0.002697110641747713,,0.020048655569553375,,0.0,,0.20511257648468018,,1.0,,0.3317069113254547,,,0.0,0.0,,1.215474185300991e-05,,207.43231201171875,,0.2624902129173279,,0.19759932160377502,,,1.3076893091201782,,1.0,,0.34727996587753296,,,,,,,,,,,,,,,,,,
47,1919,,,,,,,,,,,,,,,,,,,,,,,,,,,,,,,,,,,0.02266630344092846,0.006972891744226217,0.019898483529686928,0.0,0.2202153503894806,1.0,0.333113431930542,0.0,0.0,0.00011242135951761156,198.3688507080078,0.23198094964027405,0.5595878958702087,1.6692100763320923,2.0727291107177734,1.0,0.5227577090263367
47,1919,0.02629988268017769,,0.013537654653191566,,0.018015805631875992,,0.0,,0.19771994650363922,,1.0,,0.3312881588935852,,0.0,0.0,,,0.00012767227599397302,,203.03396606445312,,0.2745266556739807,,0.4875963628292084,,1.4588096141815186,2.093320369720459,,1.0,,0.5017057061195374,,0.2289063036441803,,,,,,,,,,,,,,,,,
48,1929,,0.02569088526070118,,0.01460975594818592,,0.017284931614995003,,0.0,,0.18841606378555298,,1.0,,0.3140050768852234,,,0.0,0.0,,0.00012168135435786098,,204.93038940429688,,0.26410865783691406,,0.56296706199646,,,1.5408294200897217,,1.0,,0.5296855568885803,,,,,,,,,,,,,,,,,,
48,1939,,0.02646404504776001,,0.018102720379829407,,0.018398180603981018,,0.0,,0.23366321623325348,,1.0,,0.329556941986084,,,0.0,0.0,,2.0453401248232694e-06,,190.8521728515625,,0.29366907477378845,,1.1808949708938599,,,1.228303074836731,,1.0,,0.8782378435134888,,,,,,,,,,,,,,,,,,
48,1949,,0.020535241812467575,,0.020286140963435173,,0.014339914545416832,,0.0,,0.2085103839635849,,1.0,,0.3111056387424469,,,0.0,0.0,,0.00021073187235742807,,200.78610229492188,,0.28145456314086914,,0.3175370693206787,,,1.4363782405853271,,1.0,,0.4257010519504547,,,,,,,,,,,,,,,,,,
48,1959,,0.019931916147470474,,0.010486369952559471,,0.017421633005142212,,0.0,,0.17387881875038147,,1.0,,0.33932065963745117,,,0.0,0.0,,0.00011359096970409155,,208.88330078125,,0.26833099126815796,,0.4583032727241516,,,1.3797285556793213,,1.0,,0.46726465225219727,,,,,,,,,,,,,,,,,,
48,1959,,,,,,,,,,,,,,,,,,,,,,,,,,,,,,,,,,,0.027576951310038567,0.02320094034075737,0.01921512559056282,0.0,0.2142668515443802,1.0,0.33693453669548035,0.0,0.0,0.00014009501319378614,198.05935668945312,0.2274305522441864,0.7013956308364868,1.6793233156204224,2.0743155479431152,1.0,0.5989270806312561
48,1959,0.023970145732164383,,0.016981489956378937,,0.018171966075897217,,0.0,,0.19705995917320251,,1.0,,0.32791534066200256,,0.0,0.0,,,0.00012692625750787556,,203.2765350341797,,0.2726285457611084,,0.637324869632721,,1.4582700729370117,2.118852138519287,,1.0,,0.5758631229400635,,0.22555840015411377,,,,,,,,,,,,,,,,,
49,1969,,0.02844301424920559,,0.05347985401749611,,0.018583599478006363,,0.0,,0.19552436470985413,,1.0,,0.34204500913619995,,,0.0,0.0,,0.0001858472533058375,,202.82054138183594,,0.2596563994884491,,0.872655987739563,,,1.4780880212783813,,1.0,,0.7068310976028442,,,,,,,,,,,,,,,,,,
49,1979,,0.04376263916492462,,0.018495909869670868,,0.016070276498794556,,0.0,,0.20977327227592468,,1.0,,0.3203781843185425,,,0.0,0.0,,3.363145879120566e-05,,199.0283660888672,,0.2751575708389282,,0.46435943245887756,,,1.4897387027740479,,1.0,,0.507398247718811,,,,,,,,,,,,,,,,,,
49,1989,,0.05269342660903931,,0.007534918375313282,,0.020592791959643364,,0.0,,0.20632663369178772,,1.0,,0.3193398416042328,,,0.0,0.0,,5.57530001970008e-05,,200.3330078125,,0.27721381187438965,,1.3563302755355835,,,1.4949042797088623,,1.0,,0.9521366953849792,,,,,,,,,,,,,,,,,,
49,1999,,0.05149506777524948,,0.02478018030524254,,0.021634843200445175,,0.0,,0.20203721523284912,,1.0,,0.34406930208206177,,,0.0,0.0,,0.00021471382933668792,,199.39984130859375,,0.2850683033466339,,2.5319459438323975,,,1.416667103767395,,1.0,,1.5499342679977417,,,,,,,,,,,,,,,,,,
49,1999,,,,,,,,,,,,,,,,,,,,,,,,,,,,,,,,,,,0.04369933530688286,0.01233236026018858,0.01960652321577072,0.0,0.21866557002067566,1.0,0.33414483070373535,0.0,0.0,0.00019658419478219002,197.17601013183594,0.23232437670230865,1.0294618606567383,1.6943461894989014,2.0775344371795654,1.0,0.7703006863594055
49,1999,0.03458574414253235,,0.0203945841640234,,0.01777387224137783,,0.0,,0.194827601313591,,1.0,,0.33028605580329895,,0.0,0.0,,,0.00014721561456099153,,202.39723205566406,,0.2740356922149658,,0.788169801235199,,1.4635038375854492,2.1203455924987793,,1.0,,0.6578577756881714,,0.22783160209655762,,,,,,,,,,,,,,,,,
50,2009,,0.04522804170846939,,0.04833073168992996,,0.01595413312315941,,0.0,,0.17932650446891785,,1.0,,0.3235115110874176,,,0.0,0.0,,8.329926458827686e-06,,199.04830932617188,,0.2558894157409668,,2.6403915882110596,,,1.7725814580917358,,1.0,,1.586182713508606,,,,,,,,,,,,,,,,,,
50,2019,,0.049306102097034454,,0.036033570766448975,,0.01635945402085781,,0.0,,0.21409691870212555,,1.0,,0.33652761578559875,,,0.0,0.0,,0.00010991196904797107,,193.863037109375,,0.2717229723930359,,1.0315234661102295,,,1.5238115787506104,,1.0,,0.803032398223877,,,,,,,,,,,,,,,,,,
50,2029,,0.05317867174744606,,0.017369884997606277,,0.014893829822540283,,0.0,,0.183045893907547,,1.0,,0.31828680634498596,,,0.0,0.0,,6.126587686594576e-05,,199.3959197998047,,0.27749794721603394,,3.572946786880493,,,1.616790533065796,,1.0,,2.053539514541626,,,,,,,,,,,,,,,,,,
50,2039,,0.07298292219638824,,0.019191298633813858,,0.015440864488482475,,0.0,,0.18350735306739807,,1.0,,0.3309478759765625,,,0.0,0.0,,8.305773917527404e-06,,198.1862030029297,,0.3036774694919586,,1.3107267618179321,,,1.294022560119629,,1.0,,0.9465911388397217,,,,,,,,,,,,,,,,,,
50,2039,,,,,,,,,,,,,,,,,,,,,,,,,,,,,,,,,,,0.04734956473112106,0.021091727539896965,0.0180839654058218,0.0,0.21841011941432953,1.0,0.33188217878341675,0.0,0.0,0.0001365874777548015,197.04055786132812,0.24478581547737122,1.193076491355896,1.7449314594268799,2.087003231048584,1.0,0.8642335534095764
50,2039,0.04610920697450638,,0.024547867476940155,,0.017163975164294243,,0.0,,0.1924644410610199,,1.0,,0.3295729458332062,,0.0,0.0,,,0.00016212681657634676,,202.1031494140625,,0.27910110354423523,,1.3320504426956177,,1.483999490737915,2.1281561851501465,,1.0,,0.9389339685440063,,0.22726614773273468,,,,,,,,,,,,,,,,,
51,2049,,0.035906076431274414,,0.017130037769675255,,0.0149546442553401,,0.0,,0.18322007358074188,,1.0,,0.3113231658935547,,,0.0,0.0,,0.00018984850612469018,,211.7415008544922,,0.28758394718170166,,0.44062328338623047,,,1.7380132675170898,,1.0,,0.4838220775127411,,,,,,,,,,,,,,,,,,
51,2059,,0.04444575309753418,,0.019369984045624733,,0.01351189985871315,,0.0,,0.1660948395729065,,1.0,,0.32482051849365234,,,0.0,0.0,,4.261160484020365e-06,,195.65640258789062,,0.27707552909851074,,0.6446626782417297,,,1.6076852083206177,,1.0,,0.5771777033805847,,,,,,,,,,,,,,,,,,
51,2069,,0.034717969596385956,,0.02746589481830597,,0.017818769440054893,,0.0,,0.2037811577320099,,1.0,,0.3387375771999359,,,0.0,0.0,,8.819498179946095e-05,,204.1600341796875,,0.2681705951690674,,0.5080748200416565,,,1.549689531326294,,1.0,,0.5229312181472778,,,,,,,,,,,,,,,,,,
51,2079,,0.034637048840522766,,0.01101505383849144,,0.014373648911714554,,0.0,,0.18171490728855133,,1.0,,0.3303641378879547,,,0.0,0.0,,2.4833338102325797e-05,,203.58328247070312,,0.2641223967075348,,1.30318284034729,,,1.6012005805969238,,1.0,,0.8987858891487122,,,,,,,,,,,,,,,,,,
51,2079,,,,,,,,,,,,,,,,,,,,,,,,,,,,,,,,,,,0.035439733415842056,0.015580889768898487,0.017249956727027893,0.0,0.21744324266910553,1.0,0.3304952383041382,0.0,0.0,9.290123853133991e-05,197.41307067871094,0.23234175145626068,0.818145751953125,1.76806640625,2.091823101043701,1.0,0.6612471342086792
51,2079,0.03871219605207443,,0.01927300915122032,,0.016041593626141548,,0.0,,0.19284625351428986,,1.0,,0.3295196294784546,,0.0,0.0,,,0.00013475929154083133,,202.20901489257812,,0.2774687111377716,,0.7347273230552673,,1.5207242965698242,2.122896432876587,,1.0,,0.6331852674484253,,0.22741150856018066,,,,,,,,,,,,,,,,,
52,2089,,0.03250651806592941,,0.0058746784925460815,,0.014969639480113983,,0.0,,0.21106258034706116,,1.0,,0.3245075047016144,,,0.0,0.0,,7.500521093106727e-09,,206.94473266601562,,0.2717749774456024,,0.9051330089569092,,,1.422066569328308,,1.0,,0.7146728038787842,,,,,,,,,,,,,,,,,,
52,2099,,0.028599945828318596,,0.03525930643081665,,0.016438554972410202,,0.0,,0.16786950826644897,,1.0,,0.33361223340034485,,,0.0,0.0,,2.6751735276775435e-05,,207.2210693359375,,0.2585720121860504,,0.9488292336463928,,,1.415715217590332,,1.0,,0.7212221622467041,,,,,,,,,,,,,,,,,,
52,2109,,0.03757132217288017,,0.01291641779243946,,0.014970317482948303,,0.0,,0.1581430435180664,,1.0,,0.3283187747001648,,,0.0,0.0,,2.674589950402151e-06,,202.82211303710938,,0.2701449394226074,,0.4617462456226349,,,1.3782398700714111,,1.0,,0.4717593491077423,,,,,,,,,,,,,,,,,,
52,2119,,0.033827584236860275,,0.0016196065116673708,,0.01534496434032917,,0.0,,0.1776251196861267,,1.0,,0.3236801028251648,,,0.0,0.0,,6.319770363916177e-06,,197.1270751953125,,0.2690419852733612,,0.4299635589122772,,,1.4893949031829834,,1.0,,0.45757657289505005,,,,,,,,,,,,,,,,,,
52,2119,,,,,,,,,,,,,,,,,,,,,,,,,,,,,,,,,,,0.03442750126123428,0.01687413826584816,0.01705864444375038,0.0,0.21638180315494537,1.0,0.3353789150714874,0.0,0.0,0.0001538766227895394,197.76992797851562,0.22823627293109894,1.0292036533355713,1.780207872390747,2.0939979553222656,1.0,0.7643445730209351
52,2119,0.03291507065296173,,0.016724616289138794,,0.01565142720937729,,0.0,,0.18891963362693787,,1.0,,0.32782915234565735,,0.0,0.0,,,0.00010934993770206347,,202.45370483398438,,0.2662901282310486,,0.6975681185722351,,1.5283397436141968,2.1472482681274414,,1.0,,0.6028286814689636,,0.22586417198181152,,,,,,,,,,,,,,,,,
53,2129,,0.025468753650784492,,0.010071888566017151,,0.017396124079823494,,0.0,,0.1937766969203949,,1.0,,0.3444100320339203,,,0.0,0.0,,0.00030508957570418715,,201.3203125,,0.2635849118232727,,1.0105652809143066,,,2.4208548069000244,,1.0,,0.7536258697509766,,,,,,,,,,,,,,,,,,
53,2139,,0.03968191146850586,,0.04143359512090683,,0.013207296840846539,,0.0,,0.1966240257024765,,1.0,,0.31989413499832153,,,0.0,0.0,,3.663376628537662e-05,,191.14468383789062,,0.25789475440979004,,1.0919749736785889,,,1.67257821559906,,1.0,,0.8151436448097229,,,,,,,,,,,,,,,,,,
53,2149,,0.031221963465213776,,0.009972390718758106,,0.01698024570941925,,0.0,,0.1882762610912323,,1.0,,0.33348074555397034,,,0.0,0.0,,5.3797739383298904e-05,,204.63272094726562,,0.2827429473400116,,0.22388431429862976,,,1.3797204494476318,,1.0,,0.36977386474609375,,,,,,,,,,,,,,,,,,
53,2159,,0.0337948203086853,,0.006369380746036768,,0.014268433675169945,,0.0,,0.1923464685678482,,1.0,,0.3199971914291382,,,0.0,0.0,,3.360899427207187e-05,,204.85400390625,,0.2775823175907135,,0.8925920128822327,,,1.5443682670593262,,1.0,,0.7027861475944519,,,,,,,,,,,,,,,,,,
53,2159,,,,,,,,,,,,,,,,,,,,,,,,,,,,,,,,,,,0.029498878866434097,0.016135789453983307,0.016804717481136322,0.0,0.2135060876607895,1.0,0.33489906787872314,0.0,0.0,0.00019352017261553556,197.81723022460938,0.2261388897895813,0.6631333827972412,1.785856008529663,2.0948338508605957,1.0,0.5759837627410889
53,2159,0.032362084835767746,,0.017217792570590973,,0.015467120334506035,,0.0,,0.18690522015094757,,1.0,,0.3289681673049927,,0.0,0.0,,,0.0001086675183614716,,202.32748413085938,,0.26599058508872986,,0.6275143623352051,,1.5303314924240112,2.1380341053009033,,1.0,,0.5665959119796753,,0.22699864208698273,,,,,,,,,,,,,,,,,
54,2169,,0.0315743014216423,,0.012829561717808247,,0.016716040670871735,,0.0,,0.17095588147640228,,1.0,,0.32029151916503906,,,0.0,0.0,,3.464556357357651e-05,,201.18931579589844,,0.2499890923500061,,2.112786293029785,,,1.409531593322754,,1.0,,1.2907564640045166,,,,,,,,,,,,,,,,,,
54,2179,,0.04081905633211136,,0.05171169340610504,,0.016138918697834015,,0.0,,0.18720553815364838,,1.0,,0.3572206497192383,,,0.0,0.0,,0.0008061692351475358,,197.7273406982422,,0.27653712034225464,,0.33098429441452026,,,1.5363045930862427,,1.0,,0.445645809173584,,,,,,,,,,,,,,,,,,
54,2189,,0.046580344438552856,,0.005691471975296736,,0.016285233199596405,,0.0,,0.19731128215789795,,1.0,,0.3537917137145996,,,0.0,0.0,,0.0006387062021531165,,197.34063720703125,,0.2491355538368225,,1.6127662658691406,,,1.5955159664154053,,1.0,,1.0576903820037842,,,,,,,,,,,,,,,,,,
54,2199,,0.04155180603265762,,0.02050551027059555,,0.01326469425112009,,0.0,,0.15241914987564087,,1.0,,0.3128281533718109,,,0.0,0.0,,0.00017431042215321213,,204.56893920898438,,0.2614061236381531,,0.4125100076198578,,,1.4209190607070923,,1.0,,0.4456098973751068,,,,,,,,,,,,,,,,,,
54,2199,,,,,,,,,,,,,,,,,,,,,,,,,,,,,,,,,,,0.0457737110555172,0.03529037535190582,0.016497936099767685,0.0,0.21091307699680328,1.0,0.3269302546977997,0.0,0.0,8.735880692256615e-05,197.35081481933594,0.22952577471733093,0.9954127669334412,1.8159846067428589,2.100400447845459,1.0,0.7601512670516968
54,2199,0.04153965041041374,,0.02076372690498829,,0.015248243696987629,,0.0,,0.1851315200328827,,1.0,,0.33013373613357544,,0.0,0.0,,,0.00017529772594571114,,202.2703399658203,,0.2680639922618866,,0.8321905136108398,,1.5467638969421387,2.149911403656006,,1.0,,0.675457239151001,,0.22819355130195618,,,,,,,,,,,,,,,,,
55,2209,,0.04996518790721893,,0.011833513155579567,,0.013051116839051247,,0.0,,0.1777196228504181,,1.0,,0.32059526443481445,,,0.0,0.0,,3.333656786708161e-05,,201.0377655029297,,0.2778366208076477,,0.4390020966529846,,,1.6394320726394653,,1.0,,0.47950026392936707,,,,,,,,,,,,,,,,,,
55,2219,,0.03273128718137741,,0.006627622991800308,,0.015532741323113441,,0.0,,0.17725953459739685,,1.0,,0.3218652606010437,,,0.0,0.0,,3.0383776902453974e-05,,205.45257568359375,,0.2791568636894226,,0.7490852475166321,,,1.4999595880508423,,1.0,,0.623998761177063,,,,,,,,,,,,,,,,,,
55,2229,,0.029576629400253296,,0.018725095316767693,,0.013231247663497925,,0.0,,0.18263185024261475,,1.0,,0.32347267866134644,,,0.0,0.0,,4.912687472824473e-06,,203.0347900390625,,0.2636352777481079,,1.5334200859069824,,,2.1972577571868896,,1.0,,1.015320062637329,,,,,,,,,,,,,,,,,,
55,2239,,0.0341840535402298,,0.0029216469265520573,,0.015122798271477222,,0.0,,0.1576026976108551,,1.0,,0.325649619102478,,,0.0,0.0,,1.2337268096018761e-08,,196.97372436523438,,0.2718716859817505,,0.7771568894386292,,,1.5755114555358887,,1.0,,0.6233807802200317,,,,,,,,,,,,,,,,,,
55,2239,,,,,,,,,,,,,,,,,,,,,,,,,,,,,,,,,,,0.03128112852573395,0.013504797592759132,0.015859588980674744,0.0,0.21403110027313232,1.0,0.33556607365608215,0.0,0.0,0.00016553144087083638,197.75706481933594,0.22493860125541687,0.6638110280036926,1.8319939374923706,2.1037044525146484,1.0,0.5754520297050476
55,2239,0.036422956734895706,,0.02152416855096817,,0.014795461669564247,,0.0,,0.1820954531431198,,1.0,,0.32643160223960876,,0.0,0.0,,,9.569749818183482e-05,,202.27987670898438,,0.2686622142791748,,0.7949962615966797,,1.5627700090408325,2.161374568939209,,1.0,,0.653377890586853,,0.22470614314079285,,,,,,,,,,,,,,,,,
56,2249,,0.029652919620275497,,0.031442396342754364,,0.013994455337524414,,0.0,,0.18262098729610443,,1.0,,0.3452101945877075,,,0.0,0.0,,0.00028511721757240593,,199.67868041992188,,0.25231271982192993,,1.0833436250686646,,,1.4041905403137207,,1.0,,0.7912283539772034,,,,,,,,,,,,,,,,,,
56,2259,,0.035163599997758865,,0.02123899944126606,,0.01420245599001646,,0.0,,0.16149339079856873,,1.0,,0.3235248625278473,,,0.0,0.0,,8.09379434940638e-06,,196.16036987304688,,0.27454185485839844,,1.3010214567184448,,,1.3144534826278687,,1.0,,0.8981539607048035,,,,,,,,,,,,,,,,,,
56,2269,,0.03331615775823593,,0.0620855838060379,,0.01394619420170784,,0.0,,0.18801283836364746,,1.0,,0.33752718567848206,,,0.0,0.0,,0.00011358906340319663,,199.58688354492188,,0.26536792516708374,,0.7310974597930908,,,1.5012565851211548,,1.0,,0.6413914561271667,,,,,,,,,,,,,,,,,,
56,2279,,0.04279802739620209,,0.025219688192009926,,0.01347049605101347,,0.0,,0.16494987905025482,,1.0,,0.3140939772129059,,,0.0,0.0,,0.00010697796096792445,,205.3843994140625,,0.27062737941741943,,0.6940532326698303,,,1.6233940124511719,,1.0,,0.6002246141433716,,,,,,,,,,,,,,,,,,
56,2279,,,,,,,,,,,,,,,,,,,,,,,,,,,,,,,,,,,0.03876180946826935,0.02449161931872368,0.015264749526977539,0.0,0.20843005180358887,1.0,0.3306688368320465,0.0,0.0,9.002037404570729e-05,197.52854919433594,0.22269268333911896,1.0553568601608276,1.8736107349395752,2.1117446422576904,1.0,0.7764379382133484
56,2279,0.04121178761124611,,0.025761034339666367,,0.014373419806361198,,0.0,,0.180089071393013,,1.0,,0.32875898480415344,,0.0,0.0,,,9.13816038519144e-05,,202.36593627929688,,0.2641071677207947,,0.8754620552062988,,1.5774949789047241,2.1685712337493896,,1.0,,0.6947985887527466,,0.2270473688840866,,,,,,,,,,,,,,,,,
57,2289,,0.04588065296411514,,0.055845797061920166,,0.013374477624893188,,0.0,,0.17596065998077393,,1.0,,0.31441134214401245,,,0.0,0.0,,0.00016300813877023757,,193.6312713623047,,0.27652841806411743,,1.006803035736084,,,1.5069698095321655,,1.0,,0.7819282412528992,,,,,,,,,,,,,,,,,,
57,2299,,0.03366997838020325,,0.023306673392653465,,0.012986460700631142,,0.0,,0.16260495781898499,,1.0,,0.32235392928123474,,,0.0,0.0,,1.4523734535032418e-05,,199.7815399169922,,0.2656532824039459,,1.5279349088668823,,,1.4903284311294556,,1.0,,1.0078908205032349,,,,,,,,,,,,,,,,,,
57,2309,,0.04068901389837265,,0.00829357374459505,,0.013621089980006218,,0.0,,0.17589914798736572,,1.0,,0.32702580094337463,,,0.0,0.0,,7.464429927495075e-07,,197.1060028076172,,0.2629757523536682,,0.6211429238319397,,,1.7131247520446777,,1.0,,0.5558627247810364,,,,,,,,,,,,,,,,,,
57,2319,,0.04039289057254791,,0.0038241432048380375,,0.014868048951029778,,0.0,,0.19760599732398987,,1.0,,0.3432173728942871,,,0.0,0.0,,0.00022787778289057314,,196.81161499023438,,0.27174073457717896,,0.217489093542099,,,1.5313432216644287,,1.0,,0.3671271502971649,,,,,,,,,,,,,,,,,,
57,2319,,,,,,,,,,,,,,,,,,,,,,,,,,,,,,,,,,,0.03871266543865204,0.01657843589782715,0.015041825361549854,0.0,0.20878033339977264,1.0,0.3305513262748718,0.0,0.0,0.00019588870054576546,197.28060913085938,0.22641214728355408,0.632584810256958,1.8901962041854858,2.115142583847046,1.0,0.5631363391876221
57,2319,0.04219825565814972,,0.026118319481611252,,0.013749065808951855,,0.0,,0.17792679369449615,,1.0,,0.32926231622695923,,0.0,0.0,,,0.00014342892973218113,,202.16458129882812,,0.2645842730998993,,0.8240920901298523,,1.5996971130371094,2.166887044906616,,1.0,,0.6689065098762512,,0.22768983244895935,,,,,,,,,,,,,,,,,
58,2329,,0.04100351780653,,0.04387388750910759,,0.013008659705519676,,0.0,,0.18204690515995026,,1.0,,0.33146801590919495,,,0.0,0.0,,2.4803941414575092e-05,,202.79144287109375,,0.2551719844341278,,0.3471668064594269,,,1.6531500816345215,,1.0,,0.4359448552131653,,,,,,,,,,,,,,,,,,
58,2339,,0.05162925273180008,,0.010745163075625896,,0.01150326244533062,,0.0,,0.16158437728881836,,1.0,,0.3154900372028351,,,0.0,0.0,,9.503187175141647e-05,,200.8558807373047,,0.26571619510650635,,0.6862413287162781,,,1.4282331466674805,,1.0,,0.5891559720039368,,,,,,,,,,,,,,,,,,
58,2349,,0.026915233582258224,,0.007122138515114784,,0.014353953301906586,,0.0,,0.1804860383272171,,1.0,,0.322592169046402,,,0.0,0.0,,9.791980119189247e-06,,206.166748046875,,0.2605384290218353,,0.3962215781211853,,,1.2500290870666504,,1.0,,0.4370819926261902,,,,,,,,,,,,,,,,,,
58,2359,,0.052584704011678696,,0.0058184522204101086,,0.013989053666591644,,0.0,,0.17443831264972687,,1.0,,0.3206309378147125,,,0.0,0.0,,4.048593109473586e-05,,193.04440307617188,,0.28017789125442505,,0.8429611921310425,,,1.6172709465026855,,1.0,,0.6794094443321228,,,,,,,,,,,,,,,,,,
58,2359,,,,,,,,,,,,,,,,,,,,,,,,,,,,,,,,,,,0.04265462979674339,0.02214108780026436,0.014471546746790409,0.0,0.21118929982185364,1.0,0.33235472440719604,0.0,0.0,0.00014503384591080248,197.03370666503906,0.2289927750825882,1.0650466680526733,1.9230901002883911,2.1213080883026123,1.0,0.7865318655967712
58,2359,0.041634637862443924,,0.020802658051252365,,0.013505866751074791,,0.0,,0.17741647362709045,,1.0,,0.325917512178421,,0.0,0.0,,,0.0001302576856687665,,202.112060546875,,0.2649480402469635,,0.9767554402351379,,1.616278886795044,2.1788501739501953,,1.0,,0.7421942949295044,,0.22465386986732483,,,,,,,,,,,,,,,,,
59,2369,,0.06527188420295715,,0.08703280240297318,,0.013120001181960106,,0.0,,0.16842223703861237,,1.0,,0.33169010281562805,,,0.0,0.0,,1.9722816432476975e-05,,203.44126892089844,,0.2800116539001465,,0.3132455348968506,,,1.5570119619369507,,1.0,,0.45831388235092163,,,,,,,,,,,,,,,,,,
59,2379,,0.02741974964737892,,0.005843320395797491,,0.012891408056020737,,0.0,,0.17646193504333496,,1.0,,0.3293476104736328,,,0.0,0.0,,3.6503811315924395e-06,,197.05673217773438,,0.26497700810432434,,0.4452492296695709,,,1.6178500652313232,,1.0,,0.46126657724380493,,,,,,,,,,,,,,,,,,
59,2389,,0.02042970061302185,,0.008724123239517212,,0.011501345783472061,,0.0,,0.17873021960258484,,1.0,,0.33993446826934814,,,0.0,0.0,,0.00017041426326613873,,200.3185272216797,,0.25646573305130005,,0.3229884207248688,,,1.9071567058563232,,1.0,,0.39490440487861633,,,,,,,,,,,,,,,,,,
59,2399,,0.02128566801548004,,0.005828517954796553,,0.013702001422643661,,0.0,,0.1787777543067932,,1.0,,0.3217288851737976,,,0.0,0.0,,1.93700980162248e-05,,200.3794403076172,,0.2684361934661865,,0.3036571145057678,,,1.7519171237945557,,1.0,,0.39037248492240906,,,,,,,,,,,,,,,,,,
59,2399,,,,,,,,,,,,,,,,,,,,,,,,,,,,,,,,,,,0.020288296043872833,0.01241628173738718,0.013901527971029282,0.0,0.2039734572172165,1.0,0.3318634033203125,0.0,0.0,8.788720151642337e-05,198.29876708984375,0.22956283390522003,0.5376009345054626,1.9416344165802002,2.12465763092041,1.0,0.5033549666404724
59,2399,0.031919438391923904,,0.02283693477511406,,0.012970291078090668,,0.0,,0.17571519315242767,,1.0,,0.3283509910106659,,0.0,0.0,,,0.00010329141514375806,,202.5775604248047,,0.26820108294487,,0.7256656885147095,,1.634469985961914,2.177753448486328,,1.0,,0.6135177612304688,,0.22716443240642548,,,,,,,,,,,,,,,,,
60,2409,,0.025831323117017746,,0.019840801134705544,,0.014352929778397083,,0.0,,0.18419243395328522,,1.0,,0.3407575488090515,,,0.0,0.0,,0.00023101973056327552,,207.85189819335938,,0.25997671484947205,,0.3507837653160095,,,1.639288067817688,,1.0,,0.421863317489624,,,,,,,,,,,,,,,,,,
60,2419,,0.03369242325425148,,0.0017912404146045446,,0.01306169480085373,,0.0,,0.15976785123348236,,1.0,,0.33982259035110474,,,0.0,0.0,,0.0001580347161507234,,200.60565185546875,,0.2608555555343628,,0.40492117404937744,,,1.683925747871399,,1.0,,0.4318993091583252,,,,,,,,,,,,,,,,,,
60,2429,,0.017793986946344376,,0.011171124875545502,,0.012034060433506966,,0.0,,0.15109366178512573,,1.0,,0.3096631169319153,,,0.0,0.0,,0.0002526679018046707,,206.17764282226562,,0.2504745125770569,,0.9790661931037903,,,1.5027620792388916,,1.0,,0.7061294913291931,,,,,,,,,,,,,,,,,,
60,2439,,0.023769717663526535,,0.009062536992132664,,0.012798825278878212,,0.0,,0.15982341766357422,,1.0,,0.33589887619018555,,,0.0,0.0,,9.641248470870778e-05,,199.7623291015625,,0.240540012717247,,0.31345489621162415,,,1.7780125141143799,,1.0,,0.3746533989906311,,,,,,,,,,,,,,,,,,
60,2439,,,,,,,,,,,,,,,,,,,,,,,,,,,,,,,,,,,0.029151849448680878,0.009221863001585007,0.01393643394112587,0.0,0.20821790397167206,1.0,0.3370470702648163,0.0,0.0,0.0002671516267582774,197.7428741455078,0.22436726093292236,0.562869131565094,1.9438321590423584,2.1249983310699463,1.0,0.5184412598609924
60,2439,0.026188060641288757,,0.010921068489551544,,0.012923079542815685,,0.0,,0.17305277287960052,,1.0,,0.3259883522987366,,0.0,0.0,,,8.0146397522185e-05,,203.02835083007812,,0.25783777236938477,,0.48735013604164124,,1.6395301818847656,2.1736650466918945,,1.0,,0.4790073037147522,,0.2249605357646942,,,,,,,,,,,,,,,,,
61,2449,,0.022815106436610222,,0.018106361851096153,,0.013738603331148624,,0.0,,0.1739402711391449,,1.0,,0.3278822898864746,,,0.0,0.0,,3.1090135053091217e-06,,209.3922576904297,,0.2534672021865845,,0.2927700877189636,,,1.649817705154419,,1.0,,0.38192492723464966,,,,,,,,,,,,,,,,,,
61,2459,,0.02110222354531288,,0.0027513611130416393,,0.012029786594212055,,0.0,,0.17667153477668762,,1.0,,0.31419000029563904,,,0.0,0.0,,0.00010028910037362948,,202.4593963623047,,0.24533390998840332,,0.4188423752784729,,,1.6180428266525269,,1.0,,0.43360385298728943,,,,,,,,,,,,,,,,,,
61,2469,,0.02629895880818367,,0.00951029360294342,,0.011559324339032173,,0.0,,0.14649420976638794,,1.0,,0.3162771165370941,,,0.0,0.0,,8.733505819691345e-05,,211.484375,,0.27141833305358887,,0.24399499595165253,,,1.4123272895812988,,1.0,,0.350057989358902,,,,,,,,,,,,,,,,,,
61,2479,,0.03164670243859291,,0.016760528087615967,,0.01627974957227707,,0.0,,0.16024746000766754,,1.0,,0.3512967824935913,,,0.0,0.0,,0.0004641828709281981,,205.020751953125,,0.23826976120471954,,1.1213324069976807,,,1.4990838766098022,,1.0,,0.7859885692596436,,,,,,,,,,,,,,,,,,
61,2479,,,,,,,,,,,,,,,,,,,,,,,,,,,,,,,,,,,0.028234658762812614,0.006072145886719227,0.014036261476576328,0.0,0.20908620953559875,1.0,0.3320227563381195,0.0,0.0,0.0001908549020299688,197.95297241210938,0.22066721320152283,0.5572664141654968,1.9377819299697876,2.1237494945526123,1.0,0.5121623873710632
61,2479,0.025246858596801758,,0.010338367894291878,,0.012949896976351738,,0.0,,0.17076615989208221,,1.0,,0.3293747305870056,,0.0,0.0,,,0.00012005151074845344,,202.70425415039062,,0.2531273066997528,,0.45615154504776,,1.6401596069335938,2.167813301086426,,1.0,,0.4591701626777649,,0.2282651662826538,,,,,,,,,,,,,,,,,
62,2489,,0.024707134813070297,,0.007710334379225969,,0.01312035322189331,,0.0,,0.15665632486343384,,1.0,,0.32898223400115967,,,0.0,0.0,,1.7745145669323392e-05,,210.055908203125,,0.24406327307224274,,0.31448373198509216,,,1.4614582061767578,,1.0,,0.3751313090324402,,,,,,,,,,,,,,,,,,
62,2499,,0.02297404408454895,,0.004087045788764954,,0.013310849666595459,,0.0,,0.16749534010887146,,1.0,,0.32867422699928284,,,0.0,0.0,,6.5450049078208394e-06,,202.0199432373047,,0.25546371936798096,,0.38057252764701843,,,1.509411096572876,,1.0,,0.41663071513175964,,,,,,,,,,,,,,,,,,
62,2509,,0.020323503762483597,,0.0036257817409932613,,0.013517891988158226,,0.0,,0.1446811556816101,,1.0,,0.3280927538871765,,,0.0,0.0,,2.262252110085683e-06,,212.95809936523438,,0.26116636395454407,,0.5060583353042603,,,1.654210090637207,,1.0,,0.46928051114082336,,,,,,,,,,,,,,,,,,
62,2519,,0.01589496061205864,,0.01045270636677742,,0.01329389400780201,,0.0,,0.17018143832683563,,1.0,,0.33591777086257935,,,0.0,0.0,,9.390623745275661e-05,,199.47677612304688,,0.2507500648498535,,0.24384860694408417,,,1.48316490650177,,1.0,,0.34694021940231323,,,,,,,,,,,,,,,,,,
62,2519,,,,,,,,,,,,,,,,,,,,,,,,,,,,,,,,,,,0.020586064085364342,0.012446013279259205,0.013896031305193901,0.0,0.20810885727405548,1.0,0.33425483107566833,0.0,0.0,0.00010335722618037835,198.44505310058594,0.21828366816043854,0.5836730599403381,1.937619924545288,2.123680830001831,1.0,0.5229901075363159
62,2519,0.021129129454493523,,0.011000800877809525,,0.012872107326984406,,0.0,,0.16637684404850006,,1.0,,0.32677942514419556,,0.0,0.0,,,6.95772105245851e-05,,203.03094482421875,,0.2524872422218323,,0.3937397301197052,,1.6358753442764282,2.1775004863739014,,1.0,,0.4236888885498047,,0.22585907578468323,,,,,,,,,,,,,,,,,
63,2529,,0.033269912004470825,,0.02024269849061966,,0.013517709448933601,,0.0,,0.15758037567138672,,1.0,,0.320316880941391,,,0.0,0.0,,2.0719951862702146e-05,,205.6978759765625,,0.2495044469833374,,0.7468156814575195,,,1.7666256427764893,,1.0,,0.6050686836242676,,,,,,,,,,,,,,,,,,
63,2539,,0.03184982016682625,,0.0023751186672598124,,0.011312063783407211,,0.0,,0.1535072922706604,,1.0,,0.32034769654273987,,,0.0,0.0,,3.926907811546698e-05,,196.775634765625,,0.2547444701194763,,0.298427939414978,,,1.6057758331298828,,1.0,,0.3716031610965729,,,,,,,,,,,,,,,,,,
63,2549,,0.04164518043398857,,0.00978508498519659,,0.013258110731840134,,0.0,,0.16159692406654358,,1.0,,0.323841392993927,,,0.0,0.0,,1.564985723234713e-05,,204.68505859375,,0.24616739153862,,0.3785971701145172,,,1.5910229682922363,,1.0,,0.4202295243740082,,,,,,,,,,,,,,,,,,
63,2559,,0.02857576310634613,,0.01025325059890747,,0.013962745666503906,,0.0,,0.17223268747329712,,1.0,,0.33134782314300537,,,0.0,0.0,,3.639461283455603e-05,,209.7547607421875,,0.2565985321998596,,0.2985152006149292,,,1.4056845903396606,,1.0,,0.38450220227241516,,,,,,,,,,,,,,,,,,
63,2559,,,,,,,,,,,,,,,,,,,,,,,,,,,,,,,,,,,0.038523782044649124,0.009144621901214123,0.01368896197527647,0.0,0.19986149668693542,1.0,0.3325856328010559,0.0,0.0,0.00017501338152214885,197.10345458984375,0.2202940136194229,0.7367734313011169,1.9409960508346558,2.1248161792755127,1.0,0.6037550568580627
63,2559,0.027178872376680374,,0.012539701536297798,,0.012796515598893166,,0.0,,0.16565480828285217,,1.0,,0.3271002173423767,,0.0,0.0,,,0.00013111472071614116,,202.68832397460938,,0.2514231503009796,,0.4791738986968994,,1.6388366222381592,2.187384605407715,,1.0,,0.46933048963546753,,0.226175457239151,,,,,,,,,,,,,,,,,
64,2569,,0.04758160561323166,,0.016324827447533607,,0.011456649750471115,,0.0,,0.16764578223228455,,1.0,,0.31444090604782104,,,0.0,0.0,,0.0001378884626319632,,192.28994750976562,,0.26168549060821533,,0.4522345960140228,,,1.4940394163131714,,1.0,,0.47395074367523193,,,,,,,,,,,,,,,,,,
64,2579,,0.02434375137090683,,0.004004292655736208,,0.012231044471263885,,0.0,,0.17991536855697632,,1.0,,0.33080577850341797,,,0.0,0.0,,1.1125598575745244e-05,,192.400634765625,,0.2710932791233063,,0.49413079023361206,,,1.2560293674468994,,1.0,,0.4879724383354187,,,,,,,,,,,,,,,,,,
64,2589,,0.012073703110218048,,0.009065376594662666,,0.011757775209844112,,0.0,,0.16619496047496796,,1.0,,0.31395405530929565,,,0.0,0.0,,0.00011625159822870046,,202.37852478027344,,0.24731436371803284,,0.2875020503997803,,,1.4482396841049194,,1.0,,0.3623090982437134,,,,,,,,,,,,,,,,,,
64,2599,,0.02267904207110405,,0.006056714802980423,,0.012579822912812233,,0.0,,0.1600198745727539,,1.0,,0.33250436186790466,,,0.0,0.0,,3.744377681869082e-05,,203.23779296875,,0.2463901787996292,,0.2694319188594818,,,1.9223967790603638,,1.0,,0.3535655438899994,,,,,,,,,,,,,,,,,,
64,2599,,,,,,,,,,,,,,,,,,,,,,,,,,,,,,,,,,,0.023365473374724388,0.012658162042498589,0.013470318168401718,0.0,0.19867247343063354,1.0,0.3294197916984558,0.0,0.0,4.9009064241545275e-05,198.41937255859375,0.22075797617435455,0.5196098685264587,1.9586987495422363,2.1282339096069336,1.0,0.4889035224914551
64,2599,0.026000553742051125,,0.015094593167304993,,0.012486387975513935,,0.0,,0.163652241230011,,1.0,,0.3283669948577881,,0.0,0.0,,,9.691838931757957e-05,,202.89425659179688,,0.2531592845916748,,0.502780556678772,,1.6508344411849976,2.1828041076660156,,1.0,,0.48164063692092896,,0.2275308072566986,,,,,,,,,,,,,,,,,
65,2609,,0.023457657545804977,,0.004459846764802933,,0.011979525908827782,,0.0,,0.1410679668188095,,1.0,,0.326666921377182,,,0.0,0.0,,3.286084620413021e-06,,209.27146911621094,,0.24384385347366333,,0.6728617548942566,,,1.4442367553710938,,1.0,,0.5440451502799988,,,,,,,,,,,,,,,,,,
65,2619,,0.0348491370677948,,0.008165539242327213,,0.011518726125359535,,0.0,,0.1640474647283554,,1.0,,0.3249804377555847,,,0.0,0.0,,3.526295131450752e-07,,197.6163787841797,,0.24572783708572388,,2.403512954711914,,,1.4002199172973633,,1.0,,1.429303526878357,,,,,,,,,,,,,,,,,,
65,2629,,0.027740638703107834,,0.007408931851387024,,0.012385139241814613,,0.0,,0.16846194863319397,,1.0,,0.32773274183273315,,,0.0,0.0,,8.957886166172102e-06,,202.88253784179688,,0.25729066133499146,,0.44362297654151917,,,1.730828881263733,,1.0,,0.4535055458545685,,,,,,,,,,,,,,,,,,
65,2639,,0.02712136134505272,,0.0249041561037302,,0.012575710192322731,,0.0,,0.1721220761537552,,1.0,,0.3364277780056,,,0.0,0.0,,0.00011184757022419944,,201.43621826171875,,0.250921368598938,,0.5282878875732422,,,1.4439347982406616,,1.0,,0.5029919147491455,,,,,,,,,,,,,,,,,,
65,2639,,,,,,,,,,,,,,,,,,,,,,,,,,,,,,,,,,,0.024127651005983353,0.008252982050180435,0.013318323530256748,0.0,0.20079298317432404,1.0,0.3370157480239868,0.0,0.0,0.00029002726660110056,198.2578125,0.21715648472309113,0.5395520925521851,1.9634416103363037,2.1286873817443848,1.0,0.49641793966293335
65,2639,0.023687012493610382,,0.012745928950607777,,0.012302467599511147,,0.0,,0.16194626688957214,,1.0,,0.3253093361854553,,0.0,0.0,,,8.039433305384591e-05,,202.91717529296875,,0.24937507510185242,,0.4666934013366699,,1.6524953842163086,2.1873769760131836,,1.0,,0.45849427580833435,,0.22457769513130188,,,,,,,,,,,,,,,,,
66,2649,,0.01794813573360443,,0.005795118864625692,,0.012680171988904476,,0.0,,0.16594159603118896,,1.0,,0.34178391098976135,,,0.0,0.0,,0.0002540136338211596,,206.4676971435547,,0.24785199761390686,,0.2051384150981903,,,1.5946460962295532,,1.0,,0.3227326571941376,,,,,,,,,,,,,,,,,,
66,2659,,0.02880406379699707,,0.01602168381214142,,0.010539310052990913,,0.0,,0.1657242476940155,,1.0,,0.302677720785141,,,0.0,0.0,,0.00045087351463735104,,197.613037109375,,0.24502763152122498,,0.39957526326179504,,,1.5912773609161377,,1.0,,0.4288558065891266,,,,,,,,,,,,,,,,,,
66,2669,,0.019748535007238388,,0.015289436094462872,,0.011531160213053226,,0.0,,0.16403010487556458,,1.0,,0.30156317353248596,,,0.0,0.0,,0.0005083325668238103,,199.6070556640625,,0.24099880456924438,,0.3204509913921356,,,1.6605443954467773,,1.0,,0.3816661834716797,,,,,,,,,,,,,,,,,,
66,2679,,0.02613050304353237,,0.003423148300498724,,0.011769034899771214,,0.0,,0.14368689060211182,,1.0,,0.3314433991909027,,,0.0,0.0,,4.0708287997404113e-05,,211.40451049804688,,0.23970374464988708,,0.22144778072834015,,,1.7393914461135864,,1.0,,0.3183932900428772,,,,,,,,,,,,,,,,,,
66,2679,,,,,,,,,,,,,,,,,,,,,,,,,,,,,,,,,,,0.02431515045464039,0.008235335350036621,0.013008873909711838,0.0,0.19770418107509613,1.0,0.33517763018608093,0.0,0.0,0.0001940765796462074,198.44760131835938,0.21499516069889069,0.6043694019317627,1.969051480293274,2.1302378177642822,1.0,0.5262075662612915
66,2679,0.021674608811736107,,0.011723561212420464,,0.012167613953351974,,0.0,,0.1600940078496933,,1.0,,0.32692191004753113,,0.0,0.0,,,0.00012075519043719396,,203.1424102783203,,0.24552364647388458,,0.37863895297050476,,1.6562635898590088,2.18815279006958,,1.0,,0.4101046025753021,,0.22626042366027832,,,,,,,,,,,,,,,,,
67,2689,,0.0223735012114048,,0.009493649005889893,,0.011977192014455795,,0.0,,0.14316068589687347,,1.0,,0.3238932490348816,,,0.0,0.0,,3.310331976535963e-06,,198.9534149169922,,0.24126452207565308,,0.2680714726448059,,,1.8743692636489868,,1.0,,0.3433813154697418,,,,,,,,,,,,,,,,,,
67,2699,,0.03367440775036812,,0.01800025813281536,,0.011521226726472378,,0.0,,0.15981435775756836,,1.0,,0.3335115313529968,,,0.0,0.0,,4.187259401078336e-05,,207.93394470214844,,0.25394028425216675,,0.35421282052993774,,,1.4105513095855713,,1.0,,0.41099414229393005,,,,,,,,,,,,,,,,,,
67,2709,,0.016490701586008072,,0.0021476137917488813,,0.014007206074893475,,0.0,,0.1624043881893158,,1.0,,0.3294967710971832,,,0.0,0.0,,1.3272036085254513e-05,,201.46310424804688,,0.24774204194545746,,0.21673758327960968,,,1.5301765203475952,,1.0,,0.32416853308677673,,,,,,,,,,,,,,,,,,
67,2719,,0.029221706092357635,,0.007037053350359201,,0.012227321974933147,,0.0,,0.1643259972333908,,1.0,,0.33983469009399414,,,0.0,0.0,,0.00015664483362343162,,211.5834197998047,,0.24051475524902344,,0.2608259320259094,,,1.637660026550293,,1.0,,0.35226377844810486,,,,,,,,,,,,,,,,,,
67,2719,,,,,,,,,,,,,,,,,,,,,,,,,,,,,,,,,,,0.017773065716028214,0.008808156475424767,0.013022486120462418,0.0,0.19906343519687653,1.0,0.33303412795066833,0.0,0.0,0.00022236438235267997,198.4809112548828,0.21571145951747894,0.4581300914287567,1.9708338975906372,2.1306986808776855,1.0,0.45115652680397034
67,2719,0.021428706124424934,,0.0120236249640584,,0.011936075054109097,,0.0,,0.15842024981975555,,1.0,,0.3278854489326477,,0.0,0.0,,,0.00011048939632019028,,202.97109985351562,,0.24567019939422607,,0.3539878726005554,,1.6558849811553955,2.185598850250244,,1.0,,0.39701414108276367,,0.2272832840681076,,,,,,,,,,,,,,,,,
68,2729,,0.02249986305832863,,0.009028903208673,,0.011207538656890392,,0.0,,0.1663607358932495,,1.0,,0.3152585029602051,,,0.0,0.0,,7.209723844425753e-05,,198.3364715576172,,0.2466592788696289,,0.28018468618392944,,,1.3837242126464844,,1.0,,0.36352354288101196,,,,,,,,,,,,,,,,,,
68,2739,,0.019683217629790306,,0.014792382717132568,,0.012814746238291264,,0.0,,0.1572059839963913,,1.0,,0.3447251319885254,,,0.0,0.0,,0.00036831037141382694,,199.84373474121094,,0.23240649700164795,,0.2096405029296875,,,1.6987628936767578,,1.0,,0.31832993030548096,,,,,,,,,,,,,,,,,,
68,2749,,0.014862262643873692,,0.005646205507218838,,0.012501008808612823,,0.0,,0.16278387606143951,,1.0,,0.33344393968582153,,,0.0,0.0,,4.5962518925080076e-05,,201.73486328125,,0.24892310798168182,,0.3244935870170593,,,1.8161025047302246,,1.0,,0.37962761521339417,,,,,,,,,,,,,,,,,,
68,2759,,0.020418427884578705,,0.008793995715677738,,0.013425406068563461,,0.0,,0.1611015945672989,,1.0,,0.33803853392601013,,,0.0,0.0,,0.0001329841325059533,,202.7606201171875,,0.24329441785812378,,0.28184109926223755,,,1.6437184810638428,,1.0,,0.359133780002594,,,,,,,,,,,,,,,,,,
68,2759,,,,,,,,,,,,,,,,,,,,,,,,,,,,,,,,,,,0.01778198406100273,0.004644972737878561,0.013193105347454548,0.0,0.19927382469177246,1.0,0.3290708065032959,0.0,0.0,9.44583589443937e-05,198.3774871826172,0.2131550908088684,0.49320733547210693,1.9688290357589722,2.1305289268493652,1.0,0.4653981029987335
68,2759,0.01742156222462654,,0.009297411888837814,,0.011968346312642097,,0.0,,0.15689042210578918,,1.0,,0.32859984040260315,,0.0,0.0,,,9.532806143397465e-05,,203.12918090820312,,0.24369104206562042,,0.2924956679344177,,1.658107042312622,2.1797614097595215,,1.0,,0.36114245653152466,,0.22814616560935974,,,,,,,,,,,,,,,,,
69,2769,,0.01686796545982361,,0.0026617993135005236,,0.011866863816976547,,0.0,,0.1302085518836975,,1.0,,0.3247913420200348,,,0.0,0.0,,3.918302354577463e-06,,203.4569091796875,,0.24033354222774506,,0.2069067656993866,,,1.4602235555648804,,1.0,,0.2996779680252075,,,,,,,,,,,,,,,,,,
69,2779,,0.016045445576310158,,0.004612226504832506,,0.012929592281579971,,0.0,,0.13662956655025482,,1.0,,0.32888782024383545,,,0.0,0.0,,8.91770287125837e-06,,196.476806640625,,0.23627658188343048,,0.22347335517406464,,,1.626028299331665,,1.0,,0.30981600284576416,,,,,,,,,,,,,,,,,,
69,2789,,0.01778062805533409,,0.0026172390207648277,,0.014737929217517376,,0.0,,0.15751241147518158,,1.0,,0.35097408294677734,,,0.0,0.0,,0.00062162009999156,,203.8680419921875,,0.25254103541374207,,0.30682098865509033,,,1.297560691833496,,1.0,,0.37042075395584106,,,,,,,,,,,,,,,,,,
69,2799,,0.015261789783835411,,0.005390514619648457,,0.012464127503335476,,0.0,,0.16892459988594055,,1.0,,0.3209884762763977,,,0.0,0.0,,2.110399873345159e-05,,204.508056640625,,0.2372167408466339,,0.23230938613414764,,,1.5178992748260498,,1.0,,0.33080849051475525,,,,,,,,,,,,,,,,,,
69,2799,,,,,,,,,,,,,,,,,,,,,,,,,,,,,,,,,,,0.01731833443045616,0.011200237087905407,0.013256741687655449,0.0,0.20205923914909363,1.0,0.33026793599128723,0.0,0.0,0.00011851492308778688,198.5218505859375,0.2123173326253891,0.466076523065567,1.9559625387191772,2.128075361251831,1.0,0.45587074756622314
69,2799,0.018116820603609085,,0.010006928816437721,,0.012086397036910057,,0.0,,0.15505661070346832,,1.0,,0.32514578104019165,,0.0,0.0,,,0.00010526084952289239,,203.11575317382812,,0.2403314858675003,,0.2954922318458557,,1.6520541906356812,2.16347074508667,,1.0,,0.360763281583786,,0.22486679255962372,,,,,,,,,,,,,,,,,
70,2809,,0.018298782408237457,,0.0029318216256797314,,0.01154313050210476,,0.0,,0.1717456877231598,,1.0,,0.31842249631881714,,,0.0,0.0,,3.431830555200577e-05,,202.2628631591797,,0.25057363510131836,,0.22484458982944489,,,2.0426430702209473,,1.0,,0.3353687524795532,,,,,,,,,,,,,,,,,,
70,2819,,0.02227155491709709,,0.009446512907743454,,0.011805687099695206,,0.0,,0.14630137383937836,,1.0,,0.3206769824028015,,,0.0,0.0,,2.7043395675718784e-05,,198.76011657714844,,0.2489839792251587,,0.31867751479148865,,,1.4444453716278076,,1.0,,0.374034583568573,,,,,,,,,,,,,,,,,,
70,2829,,0.014651549980044365,,0.0026383227668702602,,0.011865528300404549,,0.0,,0.16663268208503723,,1.0,,0.30812060832977295,,,0.0,0.0,,0.0002610756491776556,,200.0946044921875,,0.24030861258506775,,0.14745056629180908,,,1.3523812294006348,,1.0,,0.28715795278549194,,,,,,,,,,,,,,,,,,
70,2839,,0.015507099218666553,,0.039211224764585495,,0.012437350116670132,,0.0,,0.13732574880123138,,1.0,,0.3432951867580414,,,0.0,0.0,,0.00031525277881883085,,209.36349487304688,,0.23215927183628082,,0.6039915680885315,,,1.7415766716003418,,1.0,,0.5154988765716553,,,,,,,,,,,,,,,,,,
70,2839,,,,,,,,,,,,,,,,,,,,,,,,,,,,,,,,,,,0.017157452180981636,0.0076531474478542805,0.013082658872008324,0.0,0.2019300013780594,1.0,0.3379415273666382,0.0,0.0,0.00028942807693965733,198.78509521484375,0.21061237156391144,0.436601847410202,1.9558591842651367,2.1278767585754395,1.0,0.43843042850494385
70,2839,0.01776830106973648,,0.009980159811675549,,0.012082918547093868,,0.0,,0.15473107993602753,,1.0,,0.3256534934043884,,0.0,0.0,,,8.81184168974869e-05,,203.18589782714844,,0.23908455669879913,,0.2673492729663849,,1.6475355625152588,2.185793876647949,,1.0,,0.34570905566215515,,0.22543902695178986,,,,,,,,,,,,,,,,,
71,2849,,0.021796545013785362,,0.008437110111117363,,0.012531747110188007,,0.0,,0.14557501673698425,,1.0,,0.3373907208442688,,,0.0,0.0,,0.00013202666013967246,,206.00900268554688,,0.2399427890777588,,0.21212983131408691,,,1.837269902229309,,1.0,,0.31525981426239014,,,,,,,,,,,,,,,,,,
71,2859,,0.01972038298845291,,0.021781589835882187,,0.0124902268871665,,0.0,,0.17530301213264465,,1.0,,0.34490880370140076,,,0.0,0.0,,0.00034115591552108526,,202.7169189453125,,0.24336792528629303,,0.2207522690296173,,,1.5541980266571045,,1.0,,0.3418821692466736,,,,,,,,,,,,,,,,,,
71,2869,,0.025079332292079926,,0.0036394677590578794,,0.012227185070514679,,0.0,,0.13705921173095703,,1.0,,0.3351590037345886,,,0.0,0.0,,8.810124563751742e-05,,194.63031005859375,,0.2401905655860901,,0.2191426157951355,,,1.4958951473236084,,1.0,,0.31382235884666443,,,,,,,,,,,,,,,,,,
71,2879,,0.019917625933885574,,0.008288326673209667,,0.014004217460751534,,0.0,,0.15104755759239197,,1.0,,0.3207760751247406,,,0.0,0.0,,1.0473886504769325e-05,,195.09384155273438,,0.25098180770874023,,0.4518110752105713,,,1.4680618047714233,,1.0,,0.442428857088089,,,,,,,,,,,,,,,,,,
71,2879,,,,,,,,,,,,,,,,,,,,,,,,,,,,,,,,,,,0.017575925216078758,0.010069712065160275,0.013087635859847069,0.0,0.19464370608329773,1.0,0.3286120295524597,0.0,0.0,0.0002280493499711156,198.41102600097656,0.20617258548736572,0.6256030201911926,1.9531978368759155,2.1276662349700928,1.0,0.5284553170204163
71,2879,0.018902834504842758,,0.013070480898022652,,0.011880779638886452,,0.0,,0.15397687256336212,,1.0,,0.3275333344936371,,0.0,0.0,,,0.00012000613060081378,,203.1846466064453,,0.23956003785133362,,0.30692318081855774,,1.6448853015899658,2.1924312114715576,,1.0,,0.36746472120285034,,0.22743117809295654,,,,,,,,,,,,,,,,,
72,2889,,0.015773538500070572,,0.025128446519374847,,0.010852895677089691,,0.0,,0.12255000323057175,,1.0,,0.302692711353302,,,0.0,0.0,,0.00042642862536013126,,202.44271850585938,,0.23407301306724548,,0.2787848711013794,,,1.4907715320587158,,1.0,,0.33945342898368835,,,,,,,,,,,,,,,,,,
72,2899,,0.024835653603076935,,0.00522571848705411,,0.012448006309568882,,0.0,,0.15893428027629852,,1.0,,0.3329160809516907,,,0.0,0.0,,4.48150749434717e-05,,210.66537475585938,,0.2524007558822632,,0.4510628283023834,,,1.4160749912261963,,1.0,,0.44749683141708374,,,,,,,,,,,,,,,,,,
72,2909,,0.0281155277043581,,0.012339944019913673,,0.011601749807596207,,0.0,,0.13941773772239685,,1.0,,0.3401423394680023,,,0.0,0.0,,0.00018007961625698954,,207.24185180664062,,0.23818103969097137,,1.7152373790740967,,,1.5017956495285034,,1.0,,1.0678958892822266,,,,,,,,,,,,,,,,,,
72,2919,,0.02310864068567753,,0.0031264156568795443,,0.010346607305109501,,0.0,,0.1418863981962204,,1.0,,0.3226395547389984,,,0.0,0.0,,4.144346803514054e-06,,202.0169677734375,,0.24406492710113525,,0.2625546157360077,,,1.5810248851776123,,1.0,,0.3384072482585907,,,,,,,,,,,,,,,,,,
72,2919,,,,,,,,,,,,,,,,,,,,,,,,,,,,,,,,,,,0.016590530052781105,0.004391442518681288,0.01247322466224432,0.0,0.19620925188064575,1.0,0.3299984037876129,0.0,0.0,8.619528671260923e-05,198.455078125,0.20753057301044464,0.46859732270240784,1.980444312095642,2.132941722869873,1.0,0.44794994592666626
72,2919,0.021522892639040947,,0.0111508434638381,,0.011683628894388676,,0.0,,0.151607483625412,,1.0,,0.32596275210380554,,0.0,0.0,,,0.00010568268044153228,,202.84768676757812,,0.23971208930015564,,0.5124718546867371,,1.6565320491790771,2.1913177967071533,,1.0,,0.46945372223854065,,0.22612670063972473,,,,,,,,,,,,,,,,,
73,2929,,0.020448368042707443,,0.016472486779093742,,0.010562524199485779,,0.0,,0.148584246635437,,1.0,,0.31819963455200195,,,0.0,0.0,,3.0169449019012973e-05,,197.67202758789062,,0.2351284623146057,,0.22081789374351501,,,1.7646353244781494,,1.0,,0.32179704308509827,,,,,,,,,,,,,,,,,,
73,2939,,0.030084572732448578,,0.010264696553349495,,0.011977685615420341,,0.0,,0.14734604954719543,,1.0,,0.33448800444602966,,,0.0,0.0,,8.165449253283441e-05,,205.49322509765625,,0.2559243142604828,,0.6375548243522644,,,1.5428261756896973,,1.0,,0.5418258905410767,,,,,,,,,,,,,,,,,,
73,2949,,0.01923205889761448,,0.006871417164802551,,0.01161725539714098,,0.0,,0.13669805228710175,,1.0,,0.31854087114334106,,,0.0,0.0,,2.5732566427905113e-05,,210.7560272216797,,0.23889152705669403,,1.0449352264404297,,,1.4942126274108887,,1.0,,0.7244887351989746,,,,,,,,,,,,,,,,,,
73,2959,,0.018451277166604996,,0.017316417768597603,,0.011146203614771366,,0.0,,0.17193099856376648,,1.0,,0.3308706283569336,,,0.0,0.0,,4.19955285906326e-05,,206.03164672851562,,0.24028916656970978,,0.3514626622200012,,,1.3379037380218506,,1.0,,0.40086090564727783,,,,,,,,,,,,,,,,,,
73,2959,,,,,,,,,,,,,,,,,,,,,,,,,,,,,,,,,,,0.01690981350839138,0.0069135213270783424,0.012608835473656654,0.0,0.20555151998996735,1.0,0.33456316590309143,0.0,0.0,0.00020102430426049978,198.2616729736328,0.20659895241260529,0.45817190408706665,1.9749867916107178,2.1317923069000244,1.0,0.4484342932701111
73,2959,0.019293811172246933,,0.009508439339697361,,0.011483374051749706,,0.0,,0.14991030097007751,,1.0,,0.32563406229019165,,0.0,0.0,,,6.50044166832231e-05,,202.94691467285156,,0.2387079894542694,,0.36943039298057556,,1.6649783849716187,2.193298816680908,,1.0,,0.3946063220500946,,0.22588029503822327,,,,,,,,,,,,,,,,,
74,2969,,0.023650605231523514,,0.003739930922165513,,0.010936908423900604,,0.0,,0.14116480946540833,,1.0,,0.3173164427280426,,,0.0,0.0,,4.956529301125556e-05,,205.517333984375,,0.2515408396720886,,0.31172770261764526,,,1.8514008522033691,,1.0,,0.36703044176101685,,,,,,,,,,,,,,,,,,
74,2979,,0.030715620145201683,,0.02024567872285843,,0.011666198261082172,,0.0,,0.1631530374288559,,1.0,,0.33430975675582886,,,0.0,0.0,,8.980372513178736e-05,,200.32211303710938,,0.24278652667999268,,1.2618695497512817,,,1.6045210361480713,,1.0,,0.8605967164039612,,,,,,,,,,,,,,,,,,
74,2989,,0.016042955219745636,,0.0018484616884961724,,0.011434810236096382,,0.0,,0.16211268305778503,,1.0,,0.3263527750968933,,,0.0,0.0,,2.493528199920547e-06,,199.0978240966797,,0.2425331175327301,,0.2085004448890686,,,1.3678574562072754,,1.0,,0.31666356325149536,,,,,,,,,,,,,,,,,,
74,2999,,0.014063499867916107,,0.0037725106813013554,,0.011127917096018791,,0.0,,0.15762761235237122,,1.0,,0.3250003755092621,,,0.0,0.0,,3.6442452255869284e-07,,207.5364227294922,,0.2259465754032135,,0.33133551478385925,,,1.549940586090088,,1.0,,0.36748582124710083,,,,,,,,,,,,,,,,,,
74,2999,,,,,,,,,,,,,,,,,,,,,,,,,,,,,,,,,,,0.016482314094901085,0.007866169326007366,0.01210872270166874,0.0,0.1943170726299286,1.0,0.3312316834926605,0.0,0.0,0.00012411789793986827,198.39991760253906,0.206705242395401,0.4699254035949707,2.004840135574341,2.137721538543701,1.0,0.4489210844039917
74,2999,0.022694958373904228,,0.01177767664194107,,0.011364413425326347,,0.0,,0.1496913880109787,,1.0,,0.3264775276184082,,0.0,0.0,,,8.245612843893468e-05,,202.74208068847656,,0.24100804328918457,,0.555945634841919,,1.678907036781311,2.1836352348327637,,1.0,,0.491736501455307,,0.22678835690021515,,,,,,,,,,,,,,,,,
75,3009,,0.016469033434987068,,0.0025439271703362465,,0.01247700210660696,,0.0,,0.1582503318786621,,1.0,,0.3291206359863281,,,0.0,0.0,,1.5420333511428908e-05,,208.45510864257812,,0.23882120847702026,,0.23779015243053436,,,1.6722924709320068,,1.0,,0.32819274067878723,,,,,,,,,,,,,,,,,,
75,3019,,0.02164546400308609,,0.00266361515969038,,0.011062836274504662,,0.0,,0.13492652773857117,,1.0,,0.31676921248435974,,,0.0,0.0,,4.288589843781665e-05,,200.40524291992188,,0.24067863821983337,,0.22148540616035461,,,2.0877413749694824,,1.0,,0.31182754039764404,,,,,,,,,,,,,,,,,,
75,3029,,0.0226389542222023,,0.0046630860306322575,,0.012194100767374039,,0.0,,0.1615774929523468,,1.0,,0.32713785767555237,,,0.0,0.0,,1.3278442565933801e-05,,195.62509155273438,,0.2365785539150238,,0.3967529535293579,,,1.8485963344573975,,1.0,,0.41233158111572266,,,,,,,,,,,,,,,,,,
75,3039,,0.023468157276511192,,0.004594856407493353,,0.009666443802416325,,0.0,,0.16049617528915405,,1.0,,0.3176041543483734,,,0.0,0.0,,4.3544365325942636e-05,,203.27243041992188,,0.23494639992713928,,0.29808250069618225,,,1.5853056907653809,,1.0,,0.3617824912071228,,,,,,,,,,,,,,,,,,
75,3039,,,,,,,,,,,,,,,,,,,,,,,,,,,,,,,,,,,0.016772955656051636,0.009050262160599232,0.012034653685986996,0.0,0.199339359998703,1.0,0.3317452371120453,0.0,0.0,0.00017692062829155475,198.5204620361328,0.2050250917673111,0.4511486887931824,2.0077078342437744,2.1384775638580322,1.0,0.44196009635925293
75,3039,0.0185986515134573,,0.010605845600366592,,0.011192139238119125,,0.0,,0.14805011451244354,,1.0,,0.32570090889930725,,0.0,0.0,,,7.224076398415491e-05,,202.98719787597656,,0.23675718903541565,,0.33103519678115845,,1.684316873550415,2.1912918090820312,,1.0,,0.3736787736415863,,0.22613993287086487,,,,,,,,,,,,,,,,,
76,3049,,0.0456051230430603,,0.014428398571908474,,0.01053016260266304,,0.0,,0.14037497341632843,,1.0,,0.3267515003681183,,,0.0,-0.0,,1.2242117009009235e-06,,200.73739624023438,,0.246516615152359,,1.052397608757019,,,2.4631378650665283,,1.0,,0.7507149577140808,,,,,,,,,,,,,,,,,,
76,3059,,0.02302611991763115,,0.008002475835382938,,0.008899180218577385,,0.0,,0.14552566409111023,,1.0,,0.3048495352268219,,,0.0,0.0,,0.0003123765636701137,,200.564208984375,,0.23586472868919373,,0.29952090978622437,,,1.8094335794448853,,1.0,,0.35701602697372437,,,,,,,,,,,,,,,,,,
76,3069,,0.016105279326438904,,0.002207542769610882,,0.010713940486311913,,0.0,,0.16124127805233002,,1.0,,0.3182506561279297,,,0.0,0.0,,1.6550822692806832e-05,,200.38619995117188,,0.2303272932767868,,0.27586615085601807,,,1.690627932548523,,1.0,,0.3439534306526184,,,,,,,,,,,,,,,,,,
76,3079,,0.029555989429354668,,0.019635077565908432,,0.013147514313459396,,0.0,,0.15364180505275726,,1.0,,0.3453872799873352,,,0.0,0.0,,0.0003823013976216316,,197.7290496826172,,0.25051814317703247,,0.1539061814546585,,,1.5682787895202637,,1.0,,0.30513450503349304,,,,,,,,,,,,,,,,,,
76,3079,,,,,,,,,,,,,,,,,,,,,,,,,,,,,,,,,,,0.024626700207591057,0.0077345110476017,0.012029903009533882,0.0,0.19811049103736877,1.0,0.3322349786758423,0.0,0.0,0.00017398620548192412,197.37042236328125,0.20685823261737823,0.5405774116516113,2.0225565433502197,2.1414802074432373,1.0,0.4902436435222626
76,3079,0.025837615132331848,,0.012823112308979034,,0.011044659651815891,,0.0,,0.14803607761859894,,1.0,,0.32643601298332214,,0.0,0.0,,,0.00013831275282427669,,202.5341796875,,0.2381480187177658,,0.5052341222763062,,1.694677710533142,2.1961350440979004,,1.0,,0.46621307730674744,,0.22708050906658173,,,,,,,,,,,,,,,,,
77,3089,,0.012943651527166367,,0.006872843019664288,,0.01007294375449419,,0.0,,0.14128224551677704,,1.0,,0.3215920329093933,,,0.0,0.0,,3.0579376470996067e-06,,210.06744384765625,,0.22833284735679626,,0.22577977180480957,,,1.660520315170288,,1.0,,0.30861449241638184,,,,,,,,,,,,,,,,,,
77,3099,,0.031355734914541245,,0.0047643971629440784,,0.011573622934520245,,0.0,,0.15278849005699158,,1.0,,0.32712745666503906,,,0.0,0.0,,8.33534613775555e-06,,207.9694061279297,,0.24434059858322144,,0.9640242457389832,,,1.5038957595825195,,1.0,,0.6997982859611511,,,,,,,,,,,,,,,,,,
77,3109,,0.036423735320568085,,0.01217100489884615,,0.011462027207016945,,0.0,,0.14670565724372864,,1.0,,0.31212854385375977,,,0.0,0.0,,0.0001449175615562126,,212.51324462890625,,0.24177324771881104,,0.35258397459983826,,,1.5578583478927612,,1.0,,0.3960474729537964,,,,,,,,,,,,,,,,,,
77,3119,,0.03499371558427811,,0.031128112226724625,,0.010319458320736885,,0.0,,0.16906771063804626,,1.0,,0.3129456341266632,,,0.0,0.0,,0.00010443481733091176,,196.6681365966797,,0.25662368535995483,,0.9899582266807556,,,1.3848192691802979,,1.0,,0.7419699430465698,,,,,,,,,,,,,,,,,,
77,3119,,,,,,,,,,,,,,,,,,,,,,,,,,,,,,,,,,,0.023353533819317818,0.013502405025064945,0.01180297788232565,0.0,0.19859208166599274,1.0,0.32820481061935425,0.0,0.0,0.00013173572369851172,198.38226318359375,0.20939412713050842,0.6443648934364319,2.0695254802703857,2.150153875350952,1.0,0.5458496809005737
77,3119,0.03289652615785599,,0.018174724653363228,,0.010970108211040497,,0.0,,0.1471221148967743,,1.0,,0.32526862621307373,,0.0,0.0,,,8.260532922577113e-05,,201.97540283203125,,0.2461484968662262,,0.6491587162017822,,1.7163114547729492,2.2008719444274902,,1.0,,0.5478885173797607,,0.2262207567691803,,,,,,,,,,,,,,,,,
78,3129,,0.029299885034561157,,0.028654856607317924,,0.010594519786536694,,0.0,,0.1436275988817215,,1.0,,0.3265478014945984,,,0.0,0.0,,6.31332841294352e-06,,201.7977752685547,,0.23323211073875427,,0.571839451789856,,,1.666717529296875,,1.0,,0.5043895840644836,,,,,,,,,,,,,,,,,,
78,3139,,0.020219679921865463,,0.006308934185653925,,0.01112874411046505,,0.0,,0.14054904878139496,,1.0,,0.32314014434814453,,,0.0,0.0,,1.4194871482686722e-06,,202.41058349609375,,0.25393036007881165,,0.2574740946292877,,,1.5876014232635498,,1.0,,0.3403546214103699,,,,,,,,,,,,,,,,,,
78,3149,,0.026604197919368744,,0.01692700758576393,,0.009777231141924858,,0.0,,0.14435787498950958,,1.0,,0.3244178891181946,,,0.0,0.0,,2.417919233721477e-07,,198.61370849609375,,0.2381943166255951,,0.2714611291885376,,,1.444120168685913,,1.0,,0.3497501015663147,,,,,,,,,,,,,,,,,,
78,3159,,0.032769329845905304,,0.01193436048924923,,0.00875817146152258,,0.0,,0.1563141644001007,,1.0,,0.31873053312301636,,,0.0,0.0,,2.672184018592816e-05,,204.09786987304688,,0.245975062251091,,0.3100755512714386,,,2.384101152420044,,1.0,,0.3794233798980713,,,,,,,,,,,,,,,,,,
78,3159,,,,,,,,,,,,,,,,,,,,,,,,,,,,,,,,,,,0.02131134457886219,0.00864437036216259,0.011525957845151424,0.0,0.19404444098472595,1.0,0.32964468002319336,0.0,0.0,7.670574268558994e-05,198.09417724609375,0.20777970552444458,0.7383815050125122,2.0713698863983154,2.150702476501465,1.0,0.5862716436386108
78,3159,0.022318657487630844,,0.014518098905682564,,0.010652046650648117,,0.0,,0.1468016803264618,,1.0,,0.32487159967422485,,0.0,0.0,,,8.747170068090782e-05,,202.86831665039062,,0.23771889507770538,,0.43485888838768005,,1.717921495437622,2.201934337615967,,1.0,,0.42921701073646545,,0.22592580318450928,,,,,,,,,,,,,,,,,
79,3169,,0.029210418462753296,,0.0018623641226440668,,0.010209806263446808,,0.0,,0.1349981427192688,,1.0,,0.3270793855190277,,,0.0,0.0,,1.5320085367420688e-05,,202.84283447265625,,0.22795292735099792,,0.8037755489349365,,,1.946527123451233,,1.0,,0.5999283790588379,,,,,,,,,,,,,,,,,,
79,3179,,0.03139316290616989,,0.01250909361988306,,0.010590726509690285,,0.0,,0.14882247149944305,,1.0,,0.33075398206710815,,,0.0,-0.0,,6.327989103738219e-05,,200.0099334716797,,0.24474802613258362,,1.2593748569488525,,,1.7185349464416504,,1.0,,0.8495145440101624,,,,,,,,,,,,,,,,,,
79,3189,,0.03475940227508545,,0.009934337809681892,,0.009807574562728405,,0.0,,0.15506747364997864,,1.0,,0.3264143764972687,,,0.0,0.0,,9.637136827223003e-06,,199.60494995117188,,0.24689997732639313,,0.4926052689552307,,,1.795089840888977,,1.0,,0.4706188440322876,,,,,,,,,,,,,,,,,,
79,3199,,0.02018859051167965,,0.005773115903139114,,0.009557051584124565,,0.0,,0.16140985488891602,,1.0,,0.3050801157951355,,,0.0,0.0,,0.00032551854383200407,,200.26510620117188,,0.23968127369880676,,0.41962674260139465,,,1.5882928371429443,,1.0,,0.42445826530456543,,,,,,,,,,,,,,,,,,
79,3199,,,,,,,,,,,,,,,,,,,,,,,,,,,,,,,,,,,0.017218390479683876,0.005486966110765934,0.011218107305467129,0.0,0.1863575130701065,1.0,0.32982176542282104,0.0,0.0,9.337593655800447e-05,198.27708435058594,0.21047763526439667,0.5647174119949341,2.093858242034912,2.1549017429351807,1.0,0.4932974874973297
79,3199,0.029201721772551537,,0.012186634354293346,,0.010367174632847309,,0.0,,0.14496798813343048,,1.0,,0.324817419052124,,0.0,0.0,,,8.128979243338108e-05,,202.60382080078125,,0.24154599010944366,,0.5729463696479797,,1.7429885864257812,2.2140352725982666,,1.0,,0.5015017986297607,,0.22596292197704315,,,,,,,,,,,,,,,,,
80,3209,,0.029114987701177597,,0.0016157360514625907,,0.010280693881213665,,0.0,,0.15864033997058868,,1.0,,0.33639392256736755,,,0.0,0.0,,0.00015569140668958426,,198.42303466796875,,0.26489490270614624,,0.23178400099277496,,,1.5684787034988403,,1.0,,0.34413090348243713,,,,,,,,,,,,,,,,,,
80,3219,,0.019075829535722733,,0.05349422246217728,,0.010198459029197693,,0.0,,0.13537663221359253,,1.0,,0.3210289776325226,,,0.0,0.0,,4.961557351634838e-06,,202.4466552734375,,0.22458714246749878,,0.2602650225162506,,,1.9314966201782227,,1.0,,0.3474217355251312,,,,,,,,,,,,,,,,,,
80,3229,,0.016478758305311203,,0.015184253454208374,,0.010998827405273914,,0.0,,0.14788225293159485,,1.0,,0.31478652358055115,,,0.0,0.0,,5.960428461548872e-05,,197.790771484375,,0.23094609379768372,,0.16684338450431824,,,1.6748442649841309,,1.0,,0.2897970676422119,,,,,,,,,,,,,,,,,,
80,3239,,0.02115681767463684,,0.004853029735386372,,0.008998830802738667,,0.0,,0.14083661139011383,,1.0,,0.3164702355861664,,,0.0,0.0,,3.1237013899954036e-05,,201.46835327148438,,0.22609037160873413,,0.29687562584877014,,,1.3864665031433105,,1.0,,0.34582170844078064,,,,,,,,,,,,,,,,,,
80,3239,,,,,,,,,,,,,,,,,,,,,,,,,,,,,,,,,,,0.016900211572647095,0.008633951656520367,0.011264249682426453,0.0,0.1938473880290985,1.0,0.3295893371105194,0.0,0.0,0.00010106820991495624,198.36941528320312,0.2087983638048172,0.5004808306694031,2.0962259769439697,2.1556432247161865,1.0,0.4655073583126068
80,3239,0.021182432770729065,,0.014078943058848381,,0.010252183303236961,,0.0,,0.1442418396472931,,1.0,,0.3248327672481537,,0.0,0.0,,,6.671855953754857e-05,,202.85076904296875,,0.23506978154182434,,0.30718642473220825,,1.746891975402832,2.2157578468322754,,1.0,,0.36193832755088806,,0.22605374455451965,,,,,,,,,,,,,,,,,
81,3249,,0.016631489619612694,,0.0033510015346109867,,0.011006373912096024,,0.0,,0.13835042715072632,,1.0,,0.3108775019645691,,,0.0,0.0,,0.0001703232410363853,,204.66455078125,,0.24342311918735504,,0.1804989129304886,,,1.5016562938690186,,1.0,,0.29231327772140503,,,,,,,,,,,,,,,,,,
81,3259,,0.039585597813129425,,0.004467458464205265,,0.011667560786008835,,0.0,,0.12656205892562866,,1.0,,0.32505282759666443,,,0.0,0.0,,1.2227283150423318e-06,,202.94247436523438,,0.23977690935134888,,0.13429588079452515,,,1.7757978439331055,,1.0,,0.2735113501548767,,,,,,,,,,,,,,,,,,
81,3269,,0.02257942222058773,,0.004805095959454775,,0.009535315446555614,,0.0,,0.14065717160701752,,1.0,,0.317265123128891,,,0.0,0.0,,3.375947562744841e-05,,204.32870483398438,,0.22960755228996277,,0.16632604598999023,,,1.6276147365570068,,1.0,,0.2829580307006836,,,,,,,,,,,,,,,,,,
81,3279,,0.02131069451570511,,0.021834561601281166,,0.009388047270476818,,0.0,,0.14975804090499878,,1.0,,0.30637359619140625,,,0.0,0.0,,0.00028112862491980195,,201.3108367919922,,0.23146292567253113,,0.46655330061912537,,,1.747855544090271,,1.0,,0.44653913378715515,,,,,,,,,,,,,,,,,,
81,3279,,,,,,,,,,,,,,,,,,,,,,,,,,,,,,,,,,,0.01736406609416008,0.004846470430493355,0.011287899687886238,0.0,0.19352219998836517,1.0,0.32959866523742676,0.0,0.0,9.264409163733944e-05,198.22793579101562,0.20820531249046326,0.5158920884132385,2.0921623706817627,2.1548526287078857,1.0,0.4710901975631714
81,3279,0.021507661789655685,,0.010201150551438332,,0.010262761265039444,,0.0,,0.1422414779663086,,1.0,,0.32487455010414124,,0.0,0.0,,,7.985641423147172e-05,,202.90426635742188,,0.23412498831748962,,0.3005402982234955,,1.74960196018219,2.2169723510742188,,1.0,,0.35537394881248474,,0.22610250115394592,,,,,,,,,,,,,,,,,
82,3289,,0.025608669966459274,,0.0025521479547023773,,0.010375015437602997,,0.0,,0.12669840455055237,,1.0,,0.33136940002441406,,,0.0,0.0,,3.3496442483738065e-05,,203.64059448242188,,0.2403666079044342,,0.23285214602947235,,,1.7685750722885132,,1.0,,0.3150932490825653,,,,,,,,,,,,,,,,,,
82,3299,,0.016893405467271805,,0.03879440575838089,,0.010733569040894508,,0.0,,0.13631659746170044,,1.0,,0.3265314996242523,,,0.0,0.0,,3.1608833523932844e-06,,196.46615600585938,,0.23497039079666138,,0.3536674380302429,,,1.698735237121582,,1.0,,0.39139607548713684,,,,,,,,,,,,,,,,,,
82,3309,,0.02402968518435955,,0.01584574207663536,,0.010576171800494194,,0.0,,0.12979456782341003,,1.0,,0.3415505588054657,,,0.0,0.0,,0.00027857651002705097,,203.6792449951172,,0.23576369881629944,,0.14505639672279358,,,1.6334220170974731,,1.0,,0.27644193172454834,,,,,,,,,,,,,,,,,,
82,3319,,0.01768609881401062,,0.0029366130474954844,,0.009201878681778908,,0.0,,0.14661793410778046,,1.0,,0.313496857881546,,,0.0,0.0,,9.282233804697171e-05,,207.2838134765625,,0.2261207401752472,,0.16469904780387878,,,1.9978783130645752,,1.0,,0.279996782541275,,,,,,,,,,,,,,,,,,
82,3319,,,,,,,,,,,,,,,,,,,,,,,,,,,,,,,,,,,0.018213339149951935,0.004732823930680752,0.011309980414807796,0.0,0.19273251295089722,1.0,0.3298647701740265,0.0,0.0,0.00010650517651811242,198.0960235595703,0.20730818808078766,0.5522804856300354,2.0911080837249756,2.1546502113342285,1.0,0.48881787061691284
82,3319,0.022420614957809448,,0.012676571495831013,,0.010324004106223583,,0.0,,0.14255140721797943,,1.0,,0.3248654901981354,,0.0,0.0,,,7.654975343029946e-05,,202.7335662841797,,0.2343006134033203,,0.29847341775894165,,1.7385696172714233,2.209731101989746,,1.0,,0.35628193616867065,,0.22608330845832825,,,,,,,,,,,,,,,,,
83,3329,,0.020438384264707565,,0.003975280560553074,,0.010182352736592293,,0.0,,0.13762325048446655,,1.0,,0.32232627272605896,,,0.0,0.0,,6.181186108733527e-06,,201.06735229492188,,0.24378153681755066,,0.12178348749876022,,,1.5784614086151123,,1.0,,0.2648223042488098,,,,,,,,,,,,,,,,,,
83,3339,,0.018751345574855804,,0.034937333315610886,,0.008757757022976875,,0.0,,0.1555708646774292,,1.0,,0.32832735776901245,,,0.0,0.0,,1.78161481017014e-05,,200.42877197265625,,0.24755030870437622,,0.1988825500011444,,,1.701185703277588,,1.0,,0.32873088121414185,,,,,,,,,,,,,,,,,,
83,3349,,0.015872113406658173,,0.004716531839221716,,0.009506674483418465,,0.0,,0.12774448096752167,,1.0,,0.3062463700771332,,,0.0,0.0,,0.00025110089336521924,,198.98733520507812,,0.21804103255271912,,0.4699384570121765,,,2.1700754165649414,,1.0,,0.4192325174808502,,,,,,,,,,,,,,,,,,
83,3359,,0.01666371151804924,,0.0026272807735949755,,0.010400514118373394,,0.0,,0.12232024222612381,,1.0,,0.3271598815917969,,,0.0,0.0,,1.4393189303518739e-05,,209.4349822998047,,0.22846192121505737,,0.1911487579345703,,,1.3402948379516602,,1.0,,0.2816581726074219,,,,,,,,,,,,,,,,,,
83,3359,,,,,,,,,,,,,,,,,,,,,,,,,,,,,,,,,,,0.018150951713323593,0.006738605909049511,0.011252625845372677,0.0,0.1945430040359497,1.0,0.32989832758903503,0.0,0.0,8.259924652520567e-05,198.1755828857422,0.20680485665798187,0.573836088180542,2.0957796573638916,2.1553642749786377,1.0,0.5012033581733704
83,3359,0.02331284061074257,,0.012432037852704525,,0.010295812971889973,,0.0,,0.14209511876106262,,1.0,,0.3245849013328552,,0.0,0.0,,,5.801744555355981e-05,,202.7250213623047,,0.2333390712738037,,0.4067133367061615,,1.7490999698638916,2.2179882526397705,,1.0,,0.41000479459762573,,0.2258116900920868,,,,,,,,,,,,,,,,,
84,3369,,0.031228365376591682,,0.005361498333513737,,0.011283633299171925,,0.0,,0.15129607915878296,,1.0,,0.3221389651298523,,,0.0,0.0,,3.319355528219603e-07,,205.0737762451172,,0.24751359224319458,,0.1784856617450714,,,1.846621036529541,,1.0,,0.3080711364746094,,,,,,,,,,,,,,,,,,
84,3379,,0.021872159093618393,,0.004898070357739925,,0.009809531271457672,,0.0,,0.1389259248971939,,1.0,,0.3145919740200043,,,0.0,0.0,,8.538203110219911e-05,,206.349365234375,,0.23427382111549377,,0.5767842531204224,,,1.583402156829834,,1.0,,0.4894007444381714,,,,,,,,,,,,,,,,,,
84,3389,,0.037406325340270996,,0.03162682056427002,,0.010587546974420547,,0.0,,0.1503545492887497,,1.0,,0.31472042202949524,,,0.0,0.0,,6.454213871620595e-05,,205.7506103515625,,0.24105122685432434,,0.3472191095352173,,,1.5294296741485596,,1.0,,0.4049200415611267,,,,,,,,,,,,,,,,,,
84,3399,,0.027861639857292175,,0.02160932868719101,,0.010306118056178093,,0.0,,0.1308596432209015,,1.0,,0.31510210037231445,,,0.0,0.0,,8.244680793723091e-05,,205.4379119873047,,0.24421679973602295,,0.5015553832054138,,,1.5586440563201904,,1.0,,0.4641232192516327,,,,,,,,,,,,,,,,,,
84,3399,,,,,,,,,,,,,,,,,,,,,,,,,,,,,,,,,,,0.018289275467395782,0.01038373913615942,0.011274196207523346,0.0,0.1926603466272354,1.0,0.32987484335899353,0.0,0.0,8.725251973373815e-05,198.3033905029297,0.20653434097766876,0.507731020450592,2.0952789783477783,2.1555020809173584,1.0,0.4689704477787018
84,3399,0.023822912946343422,,0.010147066786885262,,0.010243672877550125,,0.0,,0.1413295716047287,,1.0,,0.3245972692966461,,0.0,0.0,,,5.294117727316916e-05,,202.747802734375,,0.23438341915607452,,0.3280688524246216,,1.7478405237197876,2.2149150371551514,,1.0,,0.36992669105529785,,0.22584247589111328,,,,,,,,,,,,,,,,,
85,3409,,0.023204734548926353,,0.015635065734386444,,0.00850723497569561,,0.0,,0.17000386118888855,,1.0,,0.31521281599998474,,,0.0,0.0,,7.140353409340605e-05,,198.80064392089844,,0.22883924841880798,,0.1888495534658432,,,1.5274299383163452,,1.0,,0.31415265798568726,,,,,,,,,,,,,,,,,,
85,3419,,0.022730354219675064,,0.01129280123859644,,0.01034276932477951,,0.0,,0.137235626578331,,1.0,,0.33334845304489136,,,0.0,0.0,,7.313492096727714e-05,,197.83628845214844,,0.24236184358596802,,0.20242100954055786,,,1.7894418239593506,,1.0,,0.3090916574001312,,,,,,,,,,,,,,,,,,
85,3429,,0.02389417216181755,,0.00643440056592226,,0.010036647319793701,,0.0,,0.15175573527812958,,1.0,,0.3301386833190918,,,0.0,0.0,,4.263177834218368e-05,,199.71324157714844,,0.2374400496482849,,0.21831750869750977,,,1.8973802328109741,,1.0,,0.31994590163230896,,,,,,,,,,,,,,,,,,
85,3439,,0.025628622621297836,,0.002509491052478552,,0.009981710463762283,,0.0,,0.12771748006343842,,1.0,,0.332444965839386,,,0.0,0.0,,5.9299811255186796e-05,,207.0196533203125,,0.22625333070755005,,0.20750269293785095,,,1.6667276620864868,,1.0,,0.29583361744880676,,,,,,,,,,,,,,,,,,
85,3439,,,,,,,,,,,,,,,,,,,,,,,,,,,,,,,,,,,0.01767166331410408,0.007233681157231331,0.011320950463414192,0.0,0.19394133985042572,1.0,0.3300792872905731,0.0,0.0,0.00011853962496388704,198.2585906982422,0.20725437998771667,0.5147439241409302,2.094907760620117,2.155569314956665,1.0,0.4716138243675232
85,3439,0.024335667490959167,,0.009504541754722595,,0.01023787073791027,,0.0,,0.14135077595710754,,1.0,,0.3250280022621155,,0.0,0.0,,,6.419164856197312e-05,,202.6722869873047,,0.23435132205486298,,0.33952420949935913,,1.7458808422088623,2.214001417160034,,1.0,,0.37558919191360474,,0.2262861430644989,,,,,,,,,,,,,,,,,
86,3449,,0.025625266134738922,,0.03503032028675079,,0.010464253835380077,,0.0,,0.14555475115776062,,1.0,,0.33347615599632263,,,0.0,0.0,,8.833441825117916e-05,,189.43438720703125,,0.23141449689865112,,0.1801667958498001,,,1.664842128753662,,1.0,,0.3099863827228546,,,,,,,,,,,,,,,,,,
86,3459,,0.017036139965057373,,0.0030962906312197447,,0.011018102057278156,,0.0,,0.1427450329065323,,1.0,,0.32794618606567383,,,0.0,0.0,,1.335587785433745e-05,,202.9004364013672,,0.2858675718307495,,0.16368216276168823,,,1.6268384456634521,,1.0,,0.30732205510139465,,,,,,,,,,,,,,,,,,
86,3469,,0.0339042954146862,,0.014004148542881012,,0.0091624204069376,,0.0,,0.1354367583990097,,1.0,,0.3155257999897003,,,0.0,0.0,,4.263488881406374e-05,,206.7100830078125,,0.24607929587364197,,0.1535486876964569,,,1.7144135236740112,,1.0,,0.29242414236068726,,,,,,,,,,,,,,,,,,
86,3479,,0.02090488374233246,,0.018865687772631645,,0.010154549032449722,,0.0,,0.133540078997612,,1.0,,0.335244745016098,,,0.0,0.0,,8.61006265040487e-05,,202.4453125,,0.22207534313201904,,0.2523755729198456,,,1.7767221927642822,,1.0,,0.3249393403530121,,,,,,,,,,,,,,,,,,
86,3479,,,,,,,,,,,,,,,,,,,,,,,,,,,,,,,,,,,0.018480835482478142,0.005017767194658518,0.011312343180179596,0.0,0.19351086020469666,1.0,0.3299790620803833,0.0,0.0,7.181785622378811e-05,198.20594787597656,0.20653600990772247,0.5367604494094849,2.097149133682251,2.1560258865356445,1.0,0.4813200831413269
86,3479,0.02346576564013958,,0.009844383224844933,,0.010210580192506313,,0.0,,0.14049598574638367,,1.0,,0.3252538740634918,,0.0,0.0,,,4.90626334794797e-05,,202.57632446289062,,0.23806333541870117,,0.31039106845855713,,1.7530025243759155,2.1634480953216553,,1.0,,0.3621758818626404,,0.22647516429424286,,,,,,,,,,,,,,,,,
87,3489,,0.03030218556523323,,0.018327675759792328,,0.008916892111301422,,0.0,,0.14167872071266174,,1.0,,0.3245226740837097,,,0.0,0.0,,1.674248210292717e-06,,196.171142578125,,0.22915029525756836,,0.17488530278205872,,,1.4736273288726807,,1.0,,0.29806461930274963,,,,,,,,,,,,,,,,,,
87,3499,,0.016385234892368317,,0.018342189490795135,,0.011021101847290993,,0.0,,0.12726794183254242,,1.0,,0.32808130979537964,,,0.0,0.0,,1.876188616733998e-05,,202.6141357421875,,0.22671861946582794,,0.17362216114997864,,,1.7077391147613525,,1.0,,0.2822795510292053,,,,,,,,,,,,,,,,,,
87,3509,,0.027765341103076935,,0.006028881296515465,,0.009866708889603615,,0.0,,0.14254193007946014,,1.0,,0.31755027174949646,,,0.0,0.0,,3.1055722502060235e-05,,197.8014373779297,,0.24888023734092712,,0.863036036491394,,,1.831080436706543,,1.0,,0.6451284289360046,,,,,,,,,,,,,,,,,,
87,3519,,0.02430681139230728,,0.0030574193224310875,,0.010446567088365555,,0.0,,0.13410121202468872,,1.0,,0.3282981812953949,,,0.0,0.0,,1.3101046533847693e-05,,198.95883178710938,,0.2305091768503189,,0.15369847416877747,,,1.8908236026763916,,1.0,,0.2738877534866333,,,,,,,,,,,,,,,,,,
87,3519,,,,,,,,,,,,,,,,,,,,,,,,,,,,,,,,,,,0.019272226840257645,0.006892806384712458,0.01127598900347948,0.0,0.19535134732723236,1.0,0.32996562123298645,0.0,0.0,0.00012602683273144066,198.0797882080078,0.2063821256160736,0.5484703183174133,2.095529556274414,2.1556668281555176,1.0,0.4893749952316284
87,3519,0.024405835196375847,,0.012858733534812927,,0.010264746844768524,,0.0,,0.14126616716384888,,1.0,,0.3249875009059906,,0.0,0.0,,,5.0703172746580094e-05,,202.65133666992188,,0.2348199337720871,,0.30426934361457825,,1.7517112493515015,2.2134058475494385,,1.0,,0.3598617911338806,,0.2262551486492157,,,,,,,,,,,,,,,,,
88,3529,,0.02643638849258423,,0.023456571623682976,,0.011235793121159077,,0.0,,0.1518222540616989,,1.0,,0.32252416014671326,,,0.0,0.0,,2.782344154184102e-06,,208.13853454589844,,0.23237299919128418,,0.9894289374351501,,,1.892374038696289,,1.0,,0.7128835320472717,,,,,,,,,,,,,,,,,,
88,3539,,0.028520043939352036,,0.005826308857649565,,0.009598642587661743,,0.0,,0.12978270649909973,,1.0,,0.3237948417663574,,,0.0,0.0,,1.7086500747609534e-07,,205.466064453125,,0.23103022575378418,,0.18707117438316345,,,1.2928510904312134,,1.0,,0.29207515716552734,,,,,,,,,,,,,,,,,,
88,3549,,0.031481340527534485,,0.002725510857999325,,0.009108680300414562,,0.0,,0.12748514115810394,,1.0,,0.32162266969680786,,,0.0,0.0,,2.7403978037909837e-06,,208.21890258789062,,0.2294674962759018,,0.2055204212665558,,,2.146061897277832,,1.0,,0.2992521822452545,,,,,,,,,,,,,,,,,,
88,3559,,0.02564188838005066,,0.026904262602329254,,0.010061340406537056,,0.0,,0.1452908217906952,,1.0,,0.31371039152145386,,,0.0,0.0,,8.819554204819724e-05,,197.33969116210938,,0.2429967224597931,,0.17865344882011414,,,1.8193238973617554,,1.0,,0.31079384684562683,,,,,,,,,,,,,,,,,,
88,3559,,,,,,,,,,,,,,,,,,,,,,,,,,,,,,,,,,,0.019587131217122078,0.007858282886445522,0.011234662495553493,0.0,0.19318711757659912,1.0,0.3297900855541229,0.0,0.0,0.0001006829843390733,198.1763458251953,0.20634092390537262,0.5301462411880493,2.0936689376831055,2.1552138328552246,1.0,0.4797336459159851
88,3559,0.024565812200307846,,0.009325840510427952,,0.010278315283358097,,0.0,,0.1405600607395172,,1.0,,0.32457026839256287,,0.0,0.0,,,5.4093274229671806e-05,,202.77532958984375,,0.23493178188800812,,0.28451108932495117,,1.7495687007904053,2.2215981483459473,,1.0,,0.348002165555954,,0.2258262187242508,,,,,,,,,,,,,,,,,
89,3569,,0.02170947939157486,,0.02466977760195732,,0.010842032730579376,,0.0,,0.1261584311723709,,1.0,,0.32766759395599365,,,0.0,0.0,,1.4747426575922873e-05,,193.82090759277344,,0.22530677914619446,,0.2019893079996109,,,1.45413339138031,,1.0,,0.3010084629058838,,,,,,,,,,,,,,,,,,
89,3579,,0.013960130512714386,,0.0012551601976156235,,0.010237835347652435,,0.0,,0.13436928391456604,,1.0,,0.32226458191871643,,,0.0,0.0,,4.015211629848636e-07,,197.02267456054688,,0.2445620596408844,,0.17083744704723358,,,1.717408537864685,,1.0,,0.2835160195827484,,,,,,,,,,,,,,,,,,
89,3589,,0.02492426708340645,,0.013138080015778542,,0.009000984951853752,,0.0,,0.14816655218601227,,1.0,,0.31738194823265076,,,0.0,0.0,,3.4369131753919646e-05,,197.24765014648438,,0.23800666630268097,,0.9014814496040344,,,1.7920641899108887,,1.0,,0.6637758016586304,,,,,,,,,,,,,,,,,,
89,3599,,0.02398880571126938,,0.00218385923653841,,0.00867084227502346,,0.0,,0.14653435349464417,,1.0,,0.3176766335964203,,,0.0,0.0,,2.1735420887125656e-05,,200.88229370117188,,0.2255013883113861,,0.21374693512916565,,,2.0359034538269043,,1.0,,0.30685561895370483,,,,,,,,,,,,,,,,,,
89,3599,,,,,,,,,,,,,,,,,,,,,,,,,,,,,,,,,,,0.020434625446796417,0.010529739782214165,0.011220160871744156,0.0,0.1941758543252945,1.0,0.3298931419849396,0.0,0.0,0.0001466261310270056,198.01284790039062,0.20611973106861115,0.5589829087257385,2.1000616550445557,2.156489610671997,1.0,0.4963167607784271
89,3599,0.024988185614347458,,0.008784805424511433,,0.010213395580649376,,0.0,,0.1402750313282013,,1.0,,0.32527080178260803,,0.0,0.0,,,8.555015665479004e-05,,202.5367431640625,,0.23245108127593994,,0.41045084595680237,,1.7487605810165405,2.2139086723327637,,1.0,,0.4095391631126404,,0.2265540361404419,,,,,,,,,,,,,,,,,
90,3609,,0.023875616490840912,,0.007608163170516491,,0.010330747812986374,,0.0,,0.1390155553817749,,1.0,,0.3266969621181488,,,0.0,0.0,,5.509562924999045e-06,,190.9661865234375,,0.2461630403995514,,0.18889299035072327,,,1.3446321487426758,,1.0,,0.30381351709365845,,,,,,,,,,,,,,,,,,
90,3619,,0.02122921496629715,,0.002228835364803672,,0.009433465078473091,,0.0,,0.14079108834266663,,1.0,,0.34342509508132935,,,0.0,0.0,,0.0003395779349375516,,198.6234130859375,,0.24359528720378876,,0.20263609290122986,,,1.481811285018921,,1.0,,0.3063533902168274,,,,,,,,,,,,,,,,,,
90,3629,,0.020581096410751343,,0.00584854232147336,,0.012643277645111084,,0.0,,0.15063931047916412,,1.0,,0.3475833833217621,,,0.0,0.0,,0.0004733167588710785,,197.06573486328125,,0.23017889261245728,,0.24401511251926422,,,1.5052112340927124,,1.0,,0.3271324634552002,,,,,,,,,,,,,,,,,,
90,3639,,0.029427433386445045,,0.02728097513318062,,0.009917505085468292,,0.0,,0.15017558634281158,,1.0,,0.30962303280830383,,,0.0,0.0,,0.0001919786591315642,,193.91070556640625,,0.25117161870002747,,0.44263529777526855,,,1.662198781967163,,1.0,,0.4514332115650177,,,,,,,,,,,,,,,,,,
90,3639,,,,,,,,,,,,,,,,,,,,,,,,,,,,,,,,,,,0.0210258811712265,0.012374261394143105,0.011280817911028862,0.0,0.19394099712371826,1.0,0.3296394646167755,0.0,0.0,8.03508737590164e-05,197.99461364746094,0.2060156911611557,0.5207715034484863,2.096914052963257,2.156078577041626,1.0,0.4782324731349945
90,3639,0.025503192096948624,,0.010314075276255608,,0.010227174498140812,,0.0,,0.14038407802581787,,1.0,,0.3251659870147705,,0.0,0.0,,,0.00012033102393615991,,202.43861389160156,,0.23388834297657013,,0.3420798182487488,,1.7512305974960327,2.208230495452881,,1.0,,0.37716755270957947,,0.226454496383667,,,,,,,,,,,,,,,,,
91,3649,,0.03225228190422058,,0.010300210677087307,,0.010190613567829132,,0.0,,0.14144988358020782,,1.0,,0.31611594557762146,,,0.0,0.0,,3.3114793041022494e-05,,196.94631958007812,,0.2340761423110962,,0.24879157543182373,,,2.5980052947998047,,1.0,,0.3344706594944,,,,,,,,,,,,,,,,,,
91,3659,,0.028166085481643677,,0.050655215978622437,,0.012356464751064777,,0.0,,0.14705990254878998,,1.0,,0.32909440994262695,,,0.0,0.0,,2.530815800128039e-05,,205.30526733398438,,0.24506062269210815,,0.7623103260993958,,,1.9738374948501587,,1.0,,0.6178743839263916,,,,,,,,,,,,,,,,,,
91,3669,,0.01935500279068947,,0.009558640420436859,,0.011516645550727844,,0.0,,0.12921950221061707,,1.0,,0.3297205865383148,,,0.0,0.0,,2.1717363779316656e-05,,199.7474365234375,,0.2295757234096527,,0.3127826750278473,,,1.6566821336746216,,1.0,,0.3514082729816437,,,,,,,,,,,,,,,,,,
91,3679,,0.02017132192850113,,0.0027760989032685757,,0.00998678244650364,,0.0,,0.13226571679115295,,1.0,,0.3112059533596039,,,0.0,0.0,,0.00012843798322137445,,200.9873046875,,0.23913082480430603,,0.25559836626052856,,,1.7244312763214111,,1.0,,0.3260340690612793,,,,,,,,,,,,,,,,,,
91,3679,,,,,,,,,,,,,,,,,,,,,,,,,,,,,,,,,,,0.022503040730953217,0.006458664312958717,0.011223581619560719,0.0,0.19456100463867188,1.0,0.32989606261253357,0.0,0.0,0.00014919735258445144,197.90597534179688,0.20569653809070587,0.5564719438552856,2.0976169109344482,2.155914068222046,1.0,0.4940425753593445
91,3679,0.026281658560037613,,0.013628864660859108,,0.010279681533575058,,0.0,,0.14033626019954681,,1.0,,0.32437223196029663,,0.0,0.0,,,7.688721234444529e-05,,202.55413818359375,,0.23312179744243622,,0.3139813244342804,,1.7499620914459229,2.2169837951660156,,1.0,,0.36474138498306274,,0.2257213592529297,,,,,,,,,,,,,,,,,
92,3689,,0.021447613835334778,,0.004270986188203096,,0.008921812288463116,,0.0,,0.13498452305793762,,1.0,,0.3214913308620453,,,0.0,0.0,,4.088657533429796e-06,,206.64413452148438,,0.23690322041511536,,0.2285369485616684,,,1.6606943607330322,,1.0,,0.3139658570289612,,,,,,,,,,,,,,,,,,
92,3699,,0.027460310608148575,,0.010404389351606369,,0.009607406333088875,,0.0,,0.13675808906555176,,1.0,,0.3236049711704254,,,0.0,0.0,,3.290914207809692e-07,,213.2394256591797,,0.22719044983386993,,0.30131247639656067,,,1.8874552249908447,,1.0,,0.3525237739086151,,,,,,,,,,,,,,,,,,
92,3709,,0.030610062181949615,,0.009919580072164536,,0.009256268851459026,,0.0,,0.12838229537010193,,1.0,,0.3172961175441742,,,0.0,0.0,,3.237789132981561e-05,,196.40965270996094,,0.2378881573677063,,0.4245298206806183,,,1.6165544986724854,,1.0,,0.4166067838668823,,,,,,,,,,,,,,,,,,
92,3719,,0.03435179591178894,,0.005989771336317062,,0.009757877327501774,,0.0,,0.12464680522680283,,1.0,,0.32023534178733826,,,0.0,0.0,,8.64271896716673e-06,,197.65599060058594,,0.2528802156448364,,0.3542534410953522,,,1.758650302886963,,1.0,,0.3870411217212677,,,,,,,,,,,,,,,,,,
92,3719,,,,,,,,,,,,,,,,,,,,,,,,,,,,,,,,,,,0.02230583317577839,0.0081211868673563,0.011232518590986729,0.0,0.19406889379024506,1.0,0.32945674657821655,0.0,0.0,0.0001877044269349426,197.93783569335938,0.20539052784442902,0.5202860832214355,2.097818613052368,2.1560232639312744,1.0,0.4763033390045166
92,3719,0.025905538350343704,,0.012428098358213902,,0.010242958553135395,,0.0,,0.13903601467609406,,1.0,,0.3247787654399872,,0.0,0.0,,,7.27170190657489e-05,,202.5130157470703,,0.23299090564250946,,0.4165557324886322,,1.745184302330017,2.217559337615967,,1.0,,0.4145188331604004,,0.22610262036323547,,,,,,,,,,,,,,,,,
93,3729,,0.0348135307431221,,0.008153418079018593,,0.01072157546877861,,0.0,,0.14658984541893005,,1.0,,0.32761508226394653,,,0.0,0.0,,9.713336112326942e-06,,202.17625427246094,,0.23744356632232666,,0.19321240484714508,,,1.8492286205291748,,1.0,,0.3111833930015564,,,,,,,,,,,,,,,,,,
93,3739,,0.027782656252384186,,0.001997831743210554,,0.01120719313621521,,0.0,,0.14576974511146545,,1.0,,0.34123000502586365,,,0.0,0.0,,0.000283543806290254,,194.13400268554688,,0.2427874654531479,,0.14386655390262604,,,1.3028484582901,,1.0,,0.2823646068572998,,,,,,,,,,,,,,,,,,
93,3749,,0.0327867828309536,,0.046133436262607574,,0.009328031912446022,,0.0,,0.1368991732597351,,1.0,,0.3133113980293274,,,0.0,0.0,,8.14123050076887e-05,,202.81494140625,,0.23299118876457214,,0.1952114850282669,,,1.9081226587295532,,1.0,,0.3229845464229584,,,,,,,,,,,,,,,,,,
93,3759,,0.02747460827231407,,0.006964658387005329,,0.011181382462382317,,0.0,,0.1321050524711609,,1.0,,0.3235796093940735,,,0.0,0.0,,4.1202348199931293e-08,,202.39517211914062,,0.23385439813137054,,1.2522286176681519,,,1.690208077430725,,1.0,,0.8274317979812622,,,,,,,,,,,,,,,,,,
93,3759,,,,,,,,,,,,,,,,,,,,,,,,,,,,,,,,,,,0.022529974579811096,0.006574318744242191,0.011232278309762478,0.0,0.19568245112895966,1.0,0.3295295834541321,0.0,0.0,0.00012610710109584033,197.92422485351562,0.20498774945735931,0.5432841181755066,2.0997328758239746,2.156336545944214,1.0,0.48771560192108154
93,3759,0.025726493448019028,,0.012715645134449005,,0.010263429023325443,,0.0,,0.14067918062210083,,1.0,,0.32467788457870483,,0.0,0.0,,,8.493713539792225e-05,,202.48434448242188,,0.23355504870414734,,0.3687727451324463,,1.7456871271133423,2.217379093170166,,1.0,,0.3917933702468872,,0.22601258754730225,,,,,,,,,,,,,,,,,
94,3769,,0.02475959248840809,,0.010131397284567356,,0.011141270399093628,,0.0,,0.12634356319904327,,1.0,,0.33102351427078247,,,0.0,0.0,,2.1761550669907592e-05,,204.81430053710938,,0.23081868886947632,,0.2750232219696045,,,1.6785142421722412,,1.0,,0.3346632421016693,,,,,,,,,,,,,,,,,,
94,3779,,0.0305673498660326,,0.001981240464374423,,0.010738003998994827,,0.0,,0.14654994010925293,,1.0,,0.32535696029663086,,,0.0,0.0,,3.1882827897788957e-06,,200.85984802246094,,0.23997890949249268,,0.2294112592935562,,,2.0805675983428955,,1.0,,0.32531973719596863,,,,,,,,,,,,,,,,,,
94,3789,,0.02097713202238083,,0.008452026173472404,,0.008523381315171719,,0.0,,0.13685157895088196,,1.0,,0.313180536031723,,,0.0,0.0,,9.301769023295492e-05,,207.54660034179688,,0.23219534754753113,,0.1753990203142166,,,1.5540586709976196,,1.0,,0.2878364026546478,,,,,,,,,,,,,,,,,,
94,3799,,0.01491148117929697,,0.011052119545638561,,0.010170836932957172,,0.0,,0.13331127166748047,,1.0,,0.3147406578063965,,,0.0,0.0,,6.309321179287508e-05,,202.9837646484375,,0.22925004363059998,,0.4011489748954773,,,2.157442092895508,,1.0,,0.3958855867385864,,,,,,,,,,,,,,,,,,
94,3799,,,,,,,,,,,,,,,,,,,,,,,,,,,,,,,,,,,0.022090811282396317,0.007608349435031414,0.011275647208094597,0.0,0.19315661489963531,1.0,0.3299552798271179,0.0,0.0,7.285041647264734e-05,198.0030059814453,0.20571696758270264,0.5292456150054932,2.096247673034668,2.155679702758789,1.0,0.4800731837749481
94,3799,0.025873515754938126,,0.012439306825399399,,0.010240859352052212,,0.0,,0.14008654654026031,,1.0,,0.3244798183441162,,0.0,0.0,,,5.8393034123582765e-05,,202.48696899414062,,0.23385731875896454,,0.32564598321914673,,1.743607521057129,2.211285352706909,,1.0,,0.3700045943260193,,0.2258439064025879,,,,,,,,,,,,,,,,,
95,3809,,0.021978922188282013,,0.005701832938939333,,0.009597573429346085,,0.0,,0.1438353955745697,,1.0,,0.3164665102958679,,,0.0,0.0,,5.858251824975014e-05,,202.71957397460938,,0.22159533202648163,,0.19786381721496582,,,1.8630461692810059,,1.0,,0.29647669196128845,,,,,,,,,,,,,,,,,,
95,3819,,0.018832985311746597,,0.011361490935087204,,0.011398793198168278,,0.0,,0.14027944207191467,,1.0,,0.3304826617240906,,,0.0,0.0,,4.077201083418913e-05,,203.5171356201172,,0.22895775735378265,,0.15633416175842285,,,2.0419771671295166,,1.0,,0.27904316782951355,,,,,,,,,,,,,,,,,,
95,3829,,0.02363143488764763,,0.016040408983826637,,0.010993177071213722,,0.0,,0.11845323443412781,,1.0,,0.3431187570095062,,,0.0,0.0,,0.0003334565262775868,,205.31631469726562,,0.22153860330581665,,0.940701425075531,,,1.679311752319336,,1.0,,0.66144859790802,,,,,,,,,,,,,,,,,,
95,3839,,0.028096750378608704,,0.006572408601641655,,0.009806100279092789,,0.0,,0.1193007230758667,,1.0,,0.31929904222488403,,,0.0,0.0,,1.5218535736494232e-05,,197.9901123046875,,0.23802846670150757,,0.25581109523773193,,,1.5242533683776855,,1.0,,0.32489293813705444,,,,,,,,,,,,,,,,,,
95,3839,,,,,,,,,,,,,,,,,,,,,,,,,,,,,,,,,,,0.02211390808224678,0.004768010228872299,0.011247076094150543,0.0,0.19496098160743713,1.0,0.3297056257724762,0.0,0.0,0.00012509551015682518,197.9811553955078,0.20582643151283264,0.5211412906646729,2.098559617996216,2.156183958053589,1.0,0.47559255361557007
95,3839,0.02538285031914711,,0.013340575620532036,,0.010249955579638481,,0.0,,0.1397947520017624,,1.0,,0.32487064599990845,,0.0,0.0,,,8.15213134046644e-05,,202.4302978515625,,0.23411878943443298,,0.418996661901474,,1.7534449100494385,2.198357105255127,,1.0,,0.41688257455825806,,0.22620046138763428,,,,,,,,,,,,,,,,,
96,3849,,0.02163352258503437,,0.00206282502040267,,0.009397478774189949,,0.0,,0.1342487931251526,,1.0,,0.3198152482509613,,,0.0,0.0,,6.678958015982062e-06,,204.06796264648438,,0.23079708218574524,,0.2789497375488281,,,2.0224480628967285,,1.0,,0.3347890377044678,,,,,,,,,,,,,,,,,,
96,3859,,0.021468229591846466,,0.014702781103551388,,0.010183131322264671,,0.0,,0.1352066695690155,,1.0,,0.31095266342163086,,,0.0,0.0,,0.00013568144640885293,,190.3496551513672,,0.2341526746749878,,0.2496178150177002,,,1.6837713718414307,,1.0,,0.328660249710083,,,,,,,,,,,,,,,,,,
96,3869,,0.02104182541370392,,0.0036702193319797516,,0.009909087792038918,,0.0,,0.14469778537750244,,1.0,,0.31602391600608826,,,0.0,0.0,,3.796495002461597e-05,,206.7418212890625,,0.22829774022102356,,0.1764921098947525,,,1.5831918716430664,,1.0,,0.28810974955558777,,,,,,,,,,,,,,,,,,
96,3879,,0.03226323425769806,,0.003287250641733408,,0.009873159229755402,,0.0,,0.14131999015808105,,1.0,,0.33171576261520386,,,0.0,0.0,,4.1253351810155436e-05,,193.55081176757812,,0.23024839162826538,,0.22982150316238403,,,2.1563754081726074,,1.0,,0.3194781243801117,,,,,,,,,,,,,,,,,,
96,3879,,,,,,,,,,,,,,,,,,,,,,,,,,,,,,,,,,,0.022276420146226883,0.009864999912679195,0.011262420564889908,0.0,0.1947145313024521,1.0,0.32965287566185,0.0,0.0,0.00014686169743072242,197.9873504638672,0.20596842467784882,0.5013506412506104,2.101053476333618,2.156691551208496,1.0,0.4682871699333191
96,3879,0.02523394301533699,,0.011874597519636154,,0.010273249819874763,,0.0,,0.13927379250526428,,1.0,,0.3249396085739136,,0.0,0.0,,,5.51488010387402e-05,,202.52247619628906,,0.232834130525589,,0.3434450924396515,,1.741661787033081,2.2179136276245117,,1.0,,0.3773857057094574,,0.2262871265411377,,,,,,,,,,,,,,,,,
97,3889,,0.02463401108980179,,0.009883022867143154,,0.009263839572668076,,0.0,,0.12694881856441498,,1.0,,0.3097795248031616,,,0.0,0.0,,0.00016173292533494532,,204.75003051757812,,0.22639910876750946,,0.32744643092155457,,,1.724557638168335,,1.0,,0.3586629331111908,,,,,,,,,,,,,,,,,,
97,3899,,0.01933705434203148,,0.007464700844138861,,0.009567448869347572,,0.0,,0.12728112936019897,,1.0,,0.3183773159980774,,,0.0,0.0,,4.199205432087183e-05,,200.65646362304688,,0.23496001958847046,,0.17656779289245605,,,1.517580270767212,,1.0,,0.28378310799598694,,,,,,,,,,,,,,,,,,
97,3909,,0.01981053501367569,,0.01223665475845337,,0.010305739939212799,,0.0,,0.15930189192295074,,1.0,,0.32957419753074646,,,0.0,0.0,,2.3611333745066077e-05,,209.87118530273438,,0.23829415440559387,,0.3776649832725525,,,1.653963565826416,,1.0,,0.4046964943408966,,,,,,,,,,,,,,,,,,
97,3919,,0.0230434387922287,,0.004436713643372059,,0.01079968735575676,,0.0,,0.13310469686985016,,1.0,,0.3354364335536957,,,0.0,0.0,,0.000122710524010472,,196.8114013671875,,0.23296119272708893,,0.21362324059009552,,,1.5960248708724976,,1.0,,0.3047259747982025,,,,,,,,,,,,,,,,,,
97,3919,,,,,,,,,,,,,,,,,,,,,,,,,,,,,,,,,,,0.021993430331349373,0.005256738048046827,0.011297921650111675,0.0,0.19605453312397003,1.0,0.32985633611679077,0.0,0.0,7.002589700277895e-05,197.96954345703125,0.20593269169330597,0.5275295376777649,2.0971856117248535,2.155963659286499,1.0,0.47954827547073364
97,3919,0.02553473971784115,,0.010802642442286015,,0.010276909917593002,,0.0,,0.13952627778053284,,1.0,,0.3249254822731018,,0.0,0.0,,,6.249911530176178e-05,,202.4272003173828,,0.23401415348052979,,0.4120565354824066,,1.7456880807876587,2.206148386001587,,1.0,,0.4120261073112488,,0.22626841068267822,,,,,,,,,,,,,,,,,
98,3929,,0.025194518268108368,,0.007938581518828869,,0.010312135331332684,,0.0,,0.155417338013649,,1.0,,0.3291967511177063,,,0.0,0.0,,2.627342655614484e-05,,196.7843017578125,,0.22914308309555054,,0.4258943498134613,,,1.6257164478302002,,1.0,,0.4228382706642151,,,,,,,,,,,,,,,,,,
98,3939,,0.03152165561914444,,0.008772607892751694,,0.009398205205798149,,0.0,,0.14886513352394104,,1.0,,0.32248249650001526,,,0.0,0.0,,2.1363274527175236e-07,,191.2958221435547,,0.24615398049354553,,0.28494691848754883,,,1.6285223960876465,,1.0,,0.36107009649276733,,,,,,,,,,,,,,,,,,
98,3949,,0.018766921013593674,,0.011714154854416847,,0.011696439236402512,,0.0,,0.14867010712623596,,1.0,,0.3328476846218109,,,0.0,0.0,,6.554536957992241e-05,,199.72393798828125,,0.2300463616847992,,0.5704983472824097,,,1.440229892730713,,1.0,,0.4910503625869751,,,,,,,,,,,,,,,,,,
98,3959,,0.01583857834339142,,0.004949113354086876,,0.009499240666627884,,0.0,,0.1308405101299286,,1.0,,0.3217654228210449,,,0.0,0.0,,2.3263060029421467e-06,,208.15884399414062,,0.24439826607704163,,0.24548491835594177,,,1.8330700397491455,,1.0,,0.32170674204826355,,,,,,,,,,,,,,,,,,
98,3959,,,,,,,,,,,,,,,,,,,,,,,,,,,,,,,,,,,0.02225373312830925,0.009530976414680481,0.011226488277316093,0.0,0.1947326809167862,1.0,0.32960399985313416,0.0,0.0,8.902828267309815e-05,197.948974609375,0.20581276714801788,0.5132880210876465,2.101541519165039,2.1566317081451416,1.0,0.4739762544631958
98,3959,0.025365134701132774,,0.01125125028192997,,0.010272951796650887,,0.0,,0.13955338299274445,,1.0,,0.3247140049934387,,0.0,0.0,,,6.337335071293637e-05,,202.5636749267578,,0.23356203734874725,,0.3989120423793793,,1.7498489618301392,2.2102019786834717,,1.0,,0.40538090467453003,,0.226069375872612,,,,,,,,,,,,,,,,,
99,3969,,0.02257462963461876,,0.007881749421358109,,0.00990883819758892,,0.0,,0.13492050766944885,,1.0,,0.31134527921676636,,,0.0,0.0,,0.00014306334196589887,,201.250244140625,,0.22823627293109894,,0.4876337945461273,,,1.489427089691162,,1.0,,0.44168591499328613,,,,,,,,,,,,,,,,,,
99,3979,,0.03336157649755478,,0.0019377879798412323,,0.009184688329696655,,0.0,,0.15234823524951935,,1.0,,0.3280452787876129,,,0.0,0.0,,1.5448433259734884e-05,,204.09255981445312,,0.24027115106582642,,0.26793158054351807,,,1.6090937852859497,,1.0,,0.34885135293006897,,,,,,,,,,,,,,,,,,
99,3989,,0.03078707680106163,,0.0023290340323001146,,0.009637891314923763,,0.0,,0.12568522989749908,,1.0,,0.32554540038108826,,,0.0,0.0,,8.84638120624004e-06,,206.03256225585938,,0.2410186380147934,,0.21844790875911713,,,1.7501639127731323,,1.0,,0.3101021647453308,,,,,,,,,,,,,,,,,,
99,3999,,0.023361943662166595,,0.0054391659796237946,,0.01073569618165493,,0.0,,0.14709976315498352,,1.0,,0.330080509185791,,,0.0,0.0,,1.8641254428075626e-05,,203.76535034179688,,0.22557413578033447,,0.22951620817184448,,,1.4101464748382568,,1.0,,0.3165785074234009,,,,,,,,,,,,,,,,,,
99,3999,,,,,,,,,,,,,,,,,,,,,,,,,,,,,,,,,,,0.02231411635875702,0.007933910004794598,0.011268293485045433,0.0,0.1940353810787201,1.0,0.32968801259994507,0.0,0.0,5.974516170681454e-05,197.95018005371094,0.20524907112121582,0.5410254001617432,2.0988383293151855,2.1562039852142334,1.0,0.4864356219768524
99,3999,0.025438537821173668,,0.011181879788637161,,0.01020614244043827,,0.0,,0.14018049836158752,,1.0,,0.32461825013160706,,0.0,0.0,,,6.354562356136739e-05,,202.60855102539062,,0.23304620385169983,,0.3939160704612732,,1.7508172988891602,2.2193520069122314,,1.0,,0.40293407440185547,,0.22600729763507843,,,,,,,,,,,,,,,,,
