model,idx,key,gt_type,pred_type,p_rev,axis_signed_deg,axis_unsigned_deg,origin_line_err_m,origin_qstar_err_m,point3d_err_m,point2d_err_frac,mask_iou,z_p_m,radius_m,matched,confidence
opdformer_p_rgb_512,0,420693/42445168/7953.145/a36b3f7b-da1a-43de-bf7f-66853430701a,0,0,nan,9.786991,9.786991,nan,nan,nan,nan,0.674352,nan,nan,1,0.002174
opdformer_p_rgb_512,1,420693/42445168/7953.245/a36b3f7b-da1a-43de-bf7f-66853430701a,0,0,nan,9.285965,9.285965,nan,nan,nan,nan,0.757895,nan,nan,1,0.019335
opdformer_p_rgb_512,2,420693/42445168/7953.345/a36b3f7b-da1a-43de-bf7f-66853430701a,0,0,nan,12.445610,12.445610,nan,nan,nan,nan,0.711688,nan,nan,1,0.164084
opdformer_p_rgb_512,3,420693/42445168/7953.445/a36b3f7b-da1a-43de-bf7f-66853430701a,0,0,nan,8.964348,8.964348,nan,nan,nan,nan,0.683099,nan,nan,1,0.008872
opdformer_p_rgb_512,4,420693/42445168/7955.444/88f94051-70d3-4070-914c-a7e4e85d9494,0,0,nan,15.073051,15.073051,nan,nan,nan,nan,0.818462,nan,nan,1,0.000050
opdformer_p_rgb_512,5,420693/42445168/7955.544/88f94051-70d3-4070-914c-a7e4e85d9494,0,0,nan,12.798938,12.798938,nan,nan,nan,nan,0.764706,nan,nan,1,0.000230
opdformer_p_rgb_512,6,420693/42445168/7955.544/a36b3f7b-da1a-43de-bf7f-66853430701a,0,0,nan,15.109884,15.109884,nan,nan,nan,nan,0.814004,nan,nan,1,0.000107
opdformer_p_rgb_512,7,420693/42445168/7955.644/88f94051-70d3-4070-914c-a7e4e85d9494,0,0,nan,34.913786,34.913786,nan,nan,nan,nan,0.803030,nan,nan,1,0.001173
opdformer_p_rgb_512,8,420693/42445168/7955.644/a36b3f7b-da1a-43de-bf7f-66853430701a,0,0,nan,9.123681,9.123681,nan,nan,nan,nan,0.772492,nan,nan,1,0.006717
opdformer_p_rgb_512,9,420693/42445168/7955.744/88f94051-70d3-4070-914c-a7e4e85d9494,0,0,nan,21.923535,21.923535,nan,nan,nan,nan,0.795666,nan,nan,1,0.000099
opdformer_p_rgb_512,10,420693/42445168/7955.744/a36b3f7b-da1a-43de-bf7f-66853430701a,0,0,nan,13.378061,13.378061,nan,nan,nan,nan,0.790625,nan,nan,1,0.000039
opdformer_p_rgb_512,11,420693/42445168/7955.844/88f94051-70d3-4070-914c-a7e4e85d9494,0,0,nan,36.475815,36.475815,nan,nan,nan,nan,0.782609,nan,nan,1,0.000183
opdformer_p_rgb_512,12,420693/42445168/7955.844/a36b3f7b-da1a-43de-bf7f-66853430701a,0,0,nan,6.357882,6.357882,nan,nan,nan,nan,0.754441,nan,nan,1,0.000175
opdformer_p_rgb_512,13,420693/42445168/7955.944/a36b3f7b-da1a-43de-bf7f-66853430701a,0,0,nan,11.085909,11.085909,nan,nan,nan,nan,0.655172,nan,nan,1,0.001409
opdformer_p_rgb_512,14,420693/42445168/7956.044/a36b3f7b-da1a-43de-bf7f-66853430701a,0,0,nan,2.144920,2.144920,nan,nan,nan,nan,0.614414,nan,nan,1,0.121200
opdformer_p_rgb_512,15,420693/42445168/7956.144/a36b3f7b-da1a-43de-bf7f-66853430701a,0,0,nan,5.279881,5.279881,nan,nan,nan,nan,0.628765,nan,nan,1,0.073691
opdformer_p_rgb_512,16,420693/42445168/7956.244/a36b3f7b-da1a-43de-bf7f-66853430701a,0,0,nan,6.495215,6.495215,nan,nan,nan,nan,0.697592,nan,nan,1,0.036026
opdformer_p_rgb_512,17,420693/42445168/7983.450/88f94051-70d3-4070-914c-a7e4e85d9494,0,0,nan,17.431429,17.431429,nan,nan,nan,nan,0.733716,nan,nan,1,0.003390
opdformer_p_rgb_512,18,420693/42445168/7983.550/88f94051-70d3-4070-914c-a7e4e85d9494,0,0,nan,13.842534,13.842534,nan,nan,nan,nan,0.641304,nan,nan,1,0.001986
opdformer_p_rgb_512,19,420693/42445168/7983.650/88f94051-70d3-4070-914c-a7e4e85d9494,0,0,nan,3.494654,3.494654,nan,nan,nan,nan,0.746421,nan,nan,1,0.000833
opdformer_p_rgb_512,20,420693/42445168/7983.750/88f94051-70d3-4070-914c-a7e4e85d9494,0,0,nan,5.502676,5.502676,nan,nan,nan,nan,0.716518,nan,nan,1,0.001858
opdformer_p_rgb_512,21,420693/42445168/7983.850/88f94051-70d3-4070-914c-a7e4e85d9494,0,0,nan,15.657065,15.657065,nan,nan,nan,nan,0.571101,nan,nan,1,0.002947
opdformer_p_rgb_512,22,420693/42445168/7983.850/a36b3f7b-da1a-43de-bf7f-66853430701a,0,0,nan,6.648735,6.648735,nan,nan,nan,nan,0.742037,nan,nan,1,0.922587
opdformer_p_rgb_512,23,420693/42445168/7983.950/88f94051-70d3-4070-914c-a7e4e85d9494,0,0,nan,31.718059,31.718059,nan,nan,nan,nan,0.534517,nan,nan,1,0.000310
opdformer_p_rgb_512,24,420693/42445168/7983.950/a36b3f7b-da1a-43de-bf7f-66853430701a,0,0,nan,6.614718,6.614718,nan,nan,nan,nan,0.769687,nan,nan,1,0.000557
opdformer_p_rgb_512,25,420693/42445168/7984.050/88f94051-70d3-4070-914c-a7e4e85d9494,0,0,nan,29.982976,29.982976,nan,nan,nan,nan,0.567442,nan,nan,1,0.000499
opdformer_p_rgb_512,26,420693/42445168/7984.050/a36b3f7b-da1a-43de-bf7f-66853430701a,0,0,nan,4.615131,4.615131,nan,nan,nan,nan,0.758564,nan,nan,1,0.040960
opdformer_p_rgb_512,27,420693/42445168/7984.150/88f94051-70d3-4070-914c-a7e4e85d9494,0,0,nan,29.339435,29.339435,nan,nan,nan,nan,0.492813,nan,nan,1,0.000540
opdformer_p_rgb_512,28,420693/42445168/7984.150/a36b3f7b-da1a-43de-bf7f-66853430701a,0,0,nan,9.049530,9.049530,nan,nan,nan,nan,0.702659,nan,nan,1,0.004668
opdformer_p_rgb_512,29,420693/42445168/7984.250/88f94051-70d3-4070-914c-a7e4e85d9494,0,0,nan,30.882462,30.882462,nan,nan,nan,nan,0.523422,nan,nan,1,0.000152
opdformer_p_rgb_512,30,420693/42445168/7984.250/a36b3f7b-da1a-43de-bf7f-66853430701a,0,0,nan,7.974875,7.974875,nan,nan,nan,nan,0.738938,nan,nan,1,0.002703
opdformer_p_rgb_512,31,420693/42445168/7984.350/88f94051-70d3-4070-914c-a7e4e85d9494,0,0,nan,26.857514,26.857514,nan,nan,nan,nan,0.504744,nan,nan,1,0.000530
opdformer_p_rgb_512,32,420693/42445168/7984.350/a36b3f7b-da1a-43de-bf7f-66853430701a,0,0,nan,9.170164,9.170164,nan,nan,nan,nan,0.615342,nan,nan,1,0.012497
opdformer_p_rgb_512,33,420693/42445168/7984.450/88f94051-70d3-4070-914c-a7e4e85d9494,0,0,nan,36.842663,36.842663,nan,nan,nan,nan,0.375954,nan,nan,1,0.000254
opdformer_p_rgb_512,34,420693/42445168/7984.450/a36b3f7b-da1a-43de-bf7f-66853430701a,0,0,nan,6.046039,6.046039,nan,nan,nan,nan,0.600735,nan,nan,1,0.013304
opdformer_p_rgb_512,35,420693/42445168/7984.550/88f94051-70d3-4070-914c-a7e4e85d9494,0,0,nan,79.673457,79.673457,nan,nan,nan,nan,0.254372,nan,nan,1,0.000206
opdformer_p_rgb_512,36,420693/42445168/7984.550/a36b3f7b-da1a-43de-bf7f-66853430701a,0,0,nan,8.555679,8.555679,nan,nan,nan,nan,0.409684,nan,nan,1,0.011038
opdformer_p_rgb_512,37,420693/42445168/7984.650/88f94051-70d3-4070-914c-a7e4e85d9494,0,0,nan,53.313546,53.313546,nan,nan,nan,nan,0.326496,nan,nan,1,0.000141
opdformer_p_rgb_512,38,420693/42445168/7984.650/a36b3f7b-da1a-43de-bf7f-66853430701a,0,0,nan,5.440025,5.440025,nan,nan,nan,nan,0.359917,nan,nan,1,0.014549
opdformer_p_rgb_512,39,420693/42445168/7984.749/88f94051-70d3-4070-914c-a7e4e85d9494,0,0,nan,43.896681,43.896681,nan,nan,nan,nan,0.326180,nan,nan,1,0.000120
opdformer_p_rgb_512,40,420693/42445168/7984.749/a36b3f7b-da1a-43de-bf7f-66853430701a,0,0,nan,3.813126,3.813126,nan,nan,nan,nan,0.380059,nan,nan,1,0.000346
opdformer_p_rgb_512,41,420693/42445168/7984.849/88f94051-70d3-4070-914c-a7e4e85d9494,0,0,nan,50.182529,50.182529,nan,nan,nan,nan,0.283802,nan,nan,1,0.000155
opdformer_p_rgb_512,42,420693/42445168/7984.849/a36b3f7b-da1a-43de-bf7f-66853430701a,0,0,nan,4.258416,4.258416,nan,nan,nan,nan,0.508551,nan,nan,1,0.004918
opdformer_p_rgb_512,43,420693/42445168/7984.949/88f94051-70d3-4070-914c-a7e4e85d9494,0,0,nan,47.526161,47.526161,nan,nan,nan,nan,0.298595,nan,nan,1,0.000114
opdformer_p_rgb_512,44,420693/42445168/7985.049/88f94051-70d3-4070-914c-a7e4e85d9494,0,0,nan,52.723106,52.723106,nan,nan,nan,nan,0.356627,nan,nan,1,0.000093
opdformer_p_rgb_512,45,420693/42445168/8018.353/6bed72dd-560e-4a8b-9514-f3947aebde36,1,-1,nan,90.000000,90.000000,nan,nan,nan,nan,0.000000,nan,nan,0,nan
opdformer_p_rgb_512,46,420693/42445168/8018.453/6bed72dd-560e-4a8b-9514-f3947aebde36,1,-1,nan,90.000000,90.000000,nan,nan,nan,nan,0.000000,nan,nan,0,nan
opdformer_p_rgb_512,47,420693/42445168/8018.553/6bed72dd-560e-4a8b-9514-f3947aebde36,1,-1,nan,90.000000,90.000000,nan,nan,nan,nan,0.000000,nan,nan,0,nan
opdformer_p_rgb_512,48,420693/42445168/8018.653/6bed72dd-560e-4a8b-9514-f3947aebde36,1,-1,nan,90.000000,90.000000,nan,nan,nan,nan,0.000000,nan,nan,0,nan
opdformer_p_rgb_512,49,420693/42445168/8018.753/6bed72dd-560e-4a8b-9514-f3947aebde36,1,-1,nan,90.000000,90.000000,nan,nan,nan,nan,0.000000,nan,nan,0,nan
opdformer_p_rgb_512,50,420693/42445168/8018.853/6bed72dd-560e-4a8b-9514-f3947aebde36,1,-1,nan,90.000000,90.000000,nan,nan,nan,nan,0.000000,nan,nan,0,nan
opdformer_p_rgb_512,51,420693/42445168/8018.953/6bed72dd-560e-4a8b-9514-f3947aebde36,1,0,nan,76.993536,76.993536,2.037933,2.049068,nan,nan,0.013056,nan,nan,1,0.000668
opdformer_p_rgb_512,52,420693/42445168/8025.650/6bed72dd-560e-4a8b-9514-f3947aebde36,1,-1,nan,90.000000,90.000000,nan,nan,nan,nan,0.000000,nan,nan,0,nan
opdformer_p_rgb_512,53,420693/42445168/8025.750/60b855c3-a87a-4add-9616-1e56c6b07836,1,-1,nan,90.000000,90.000000,nan,nan,nan,nan,0.000000,nan,nan,0,nan
opdformer_p_rgb_512,54,420693/42445168/8025.750/6bed72dd-560e-4a8b-9514-f3947aebde36,1,-1,nan,90.000000,90.000000,nan,nan,nan,nan,0.000000,nan,nan,0,nan
opdformer_p_rgb_512,55,420693/42445168/8025.850/60b855c3-a87a-4add-9616-1e56c6b07836,1,1,nan,80.447885,80.447885,1.513953,1.811399,nan,nan,0.082707,nan,nan,1,0.000819
opdformer_p_rgb_512,56,420693/42445168/8025.850/6bed72dd-560e-4a8b-9514-f3947aebde36,1,1,nan,73.342272,73.342272,2.115680,2.354289,nan,nan,0.447115,nan,nan,1,0.000551
opdformer_p_rgb_512,57,420693/42445168/8025.950/60b855c3-a87a-4add-9616-1e56c6b07836,1,1,nan,106.194439,73.805561,2.441352,2.546325,nan,nan,0.044619,nan,nan,1,0.000574
opdformer_p_rgb_512,58,420693/42445168/8025.950/6bed72dd-560e-4a8b-9514-f3947aebde36,1,0,nan,87.657670,87.657670,2.300468,2.762734,nan,nan,0.225141,nan,nan,1,0.000182
opdformer_p_rgb_512,59,420693/42445168/8026.050/60b855c3-a87a-4add-9616-1e56c6b07836,1,1,nan,98.601382,81.398618,1.405073,1.662272,nan,nan,0.109283,nan,nan,1,0.000650
opdformer_p_rgb_512,60,420693/42445168/8026.050/6bed72dd-560e-4a8b-9514-f3947aebde36,1,1,nan,92.595068,87.404932,1.207683,1.696436,nan,nan,0.242563,nan,nan,1,0.000702
opdformer_p_rgb_512,61,420693/42445168/8026.150/60b855c3-a87a-4add-9616-1e56c6b07836,1,1,nan,87.416619,87.416619,0.842983,1.376024,nan,nan,0.210210,nan,nan,1,0.000377
opdformer_p_rgb_512,62,420693/42445168/8026.150/6bed72dd-560e-4a8b-9514-f3947aebde36,1,1,nan,87.191297,87.191297,0.527477,1.363058,nan,nan,0.558099,nan,nan,1,0.000388
opdformer_p_rgb_512,63,420693/42445168/8026.150/bfae3b6c-30bc-4f5a-933a-3ad7b03a2740,0,0,nan,6.852846,6.852846,nan,nan,nan,nan,0.195431,nan,nan,1,0.000232
opdformer_p_rgb_512,64,420693/42445168/8026.250/60b855c3-a87a-4add-9616-1e56c6b07836,1,1,nan,77.944213,77.944213,0.833305,1.579666,nan,nan,0.262087,nan,nan,1,0.000431
opdformer_p_rgb_512,65,420693/42445168/8026.250/6bed72dd-560e-4a8b-9514-f3947aebde36,1,1,nan,77.627448,77.627448,0.357654,1.192958,nan,nan,0.544174,nan,nan,1,0.004073
opdformer_p_rgb_512,66,420693/42445168/8026.250/bfae3b6c-30bc-4f5a-933a-3ad7b03a2740,0,0,nan,14.041041,14.041041,nan,nan,nan,nan,0.192961,nan,nan,1,0.000290
opdformer_p_rgb_512,67,420693/42445168/8026.350/5c4018df-0a9d-4fed-8eb9-9893ee9b801a,1,-1,nan,90.000000,90.000000,nan,nan,nan,nan,0.000000,nan,nan,0,nan
opdformer_p_rgb_512,68,420693/42445168/8026.350/60b855c3-a87a-4add-9616-1e56c6b07836,1,1,nan,85.954700,85.954700,0.941565,1.604231,nan,nan,0.485714,nan,nan,1,0.000443
opdformer_p_rgb_512,69,420693/42445168/8026.350/6bed72dd-560e-4a8b-9514-f3947aebde36,1,1,nan,92.161269,87.838731,0.769807,1.531740,nan,nan,0.515030,nan,nan,1,0.000468
opdformer_p_rgb_512,70,420693/42445168/8026.350/bfae3b6c-30bc-4f5a-933a-3ad7b03a2740,0,0,nan,6.079052,6.079052,nan,nan,nan,nan,0.296903,nan,nan,1,0.000101
opdformer_p_rgb_512,71,420693/42445168/8026.450/5c4018df-0a9d-4fed-8eb9-9893ee9b801a,1,1,nan,27.217183,27.217183,0.191417,0.245574,nan,nan,0.032397,nan,nan,1,0.000852
opdformer_p_rgb_512,72,420693/42445168/8026.450/bfae3b6c-30bc-4f5a-933a-3ad7b03a2740,0,0,nan,11.198821,11.198821,nan,nan,nan,nan,0.394841,nan,nan,1,0.000965
opdformer_p_rgb_512,73,420693/42445168/8026.550/5c4018df-0a9d-4fed-8eb9-9893ee9b801a,1,1,nan,4.796698,4.796698,0.359743,0.361459,nan,nan,0.024051,nan,nan,1,0.501761
opdformer_p_rgb_512,74,420693/42445168/8026.550/8c9b1b0d-2687-4230-a567-95f50effe7b5,0,-1,nan,90.000000,90.000000,nan,nan,nan,nan,0.000000,nan,nan,0,nan
opdformer_p_rgb_512,75,420693/42445168/8026.550/bfae3b6c-30bc-4f5a-933a-3ad7b03a2740,0,0,nan,19.603456,19.603456,nan,nan,nan,nan,0.629779,nan,nan,1,0.000349
opdformer_p_rgb_512,76,420693/42445168/8026.649/5c4018df-0a9d-4fed-8eb9-9893ee9b801a,1,1,nan,7.481116,7.481116,0.315094,0.327813,nan,nan,0.222354,nan,nan,1,0.139594
opdformer_p_rgb_512,77,420693/42445168/8026.649/8c9b1b0d-2687-4230-a567-95f50effe7b5,0,-1,nan,90.000000,90.000000,nan,nan,nan,nan,0.000000,nan,nan,0,nan
opdformer_p_rgb_512,78,420693/42445168/8026.649/bfae3b6c-30bc-4f5a-933a-3ad7b03a2740,0,0,nan,15.140140,15.140140,nan,nan,nan,nan,0.478056,nan,nan,1,0.000519
opdformer_p_rgb_512,79,420693/42445168/8026.749/5c4018df-0a9d-4fed-8eb9-9893ee9b801a,1,1,nan,4.254412,4.254412,0.245347,0.257191,nan,nan,0.133599,nan,nan,1,0.670910
opdformer_p_rgb_512,80,420693/42445168/8026.749/8c9b1b0d-2687-4230-a567-95f50effe7b5,0,0,nan,144.086549,35.913451,nan,nan,nan,nan,0.026549,nan,nan,1,0.000113
opdformer_p_rgb_512,81,420693/42445168/8026.749/bfae3b6c-30bc-4f5a-933a-3ad7b03a2740,0,0,nan,7.460588,7.460588,nan,nan,nan,nan,0.528053,nan,nan,1,0.000202
opdformer_p_rgb_512,82,420693/42445168/8026.849/5c4018df-0a9d-4fed-8eb9-9893ee9b801a,1,1,nan,4.507779,4.507779,0.365424,0.387837,nan,nan,0.237713,nan,nan,1,0.820934
opdformer_p_rgb_512,83,420693/42445168/8026.849/8c9b1b0d-2687-4230-a567-95f50effe7b5,0,0,nan,127.907992,52.092008,nan,nan,nan,nan,0.076563,nan,nan,1,0.000078
opdformer_p_rgb_512,84,420693/42445168/8026.949/5c4018df-0a9d-4fed-8eb9-9893ee9b801a,1,1,nan,18.328892,18.328892,0.461698,0.467446,nan,nan,0.219557,nan,nan,1,0.774003
opdformer_p_rgb_512,85,420693/42445168/8026.949/8c9b1b0d-2687-4230-a567-95f50effe7b5,0,0,nan,103.135553,76.864447,nan,nan,nan,nan,0.270833,nan,nan,1,0.000253
opdformer_p_rgb_512,86,420693/42445168/8027.549/60b855c3-a87a-4add-9616-1e56c6b07836,1,1,nan,66.071642,66.071642,0.274473,0.853811,nan,nan,0.600000,nan,nan,1,0.000935
opdformer_p_rgb_512,87,420693/42445168/8027.549/6bed72dd-560e-4a8b-9514-f3947aebde36,1,1,nan,66.789905,66.789905,0.403782,0.689790,nan,nan,0.378057,nan,nan,1,0.002686
opdformer_p_rgb_512,88,420693/42445168/8027.649/60b855c3-a87a-4add-9616-1e56c6b07836,1,1,nan,54.606399,54.606399,0.118257,0.874011,nan,nan,0.588140,nan,nan,1,0.000352
opdformer_p_rgb_512,89,420693/42445168/8027.649/6bed72dd-560e-4a8b-9514-f3947aebde36,1,1,nan,80.755242,80.755242,0.355111,0.676220,nan,nan,0.422659,nan,nan,1,0.000529
opdformer_p_rgb_512,90,420693/42445168/8027.749/60b855c3-a87a-4add-9616-1e56c6b07836,1,1,nan,63.169068,63.169068,0.353919,0.693825,nan,nan,0.464380,nan,nan,1,0.001061
opdformer_p_rgb_512,91,420693/42445168/8027.749/6bed72dd-560e-4a8b-9514-f3947aebde36,1,1,nan,53.870995,53.870995,0.462676,0.599294,nan,nan,0.157333,nan,nan,1,0.000906
opdformer_p_rgb_512,92,420693/42445168/8027.849/60b855c3-a87a-4add-9616-1e56c6b07836,1,1,nan,68.277033,68.277033,0.142348,0.713602,nan,nan,0.645022,nan,nan,1,0.000069
opdformer_p_rgb_512,93,420693/42445168/8027.849/6bed72dd-560e-4a8b-9514-f3947aebde36,1,1,nan,68.105537,68.105537,0.380687,0.495539,nan,nan,0.344040,nan,nan,1,0.000421
opdformer_p_rgb_512,94,420693/42445168/8027.949/60b855c3-a87a-4add-9616-1e56c6b07836,1,1,nan,71.954818,71.954818,0.322594,0.734126,nan,nan,0.699620,nan,nan,1,0.002173
opdformer_p_rgb_512,95,420693/42445168/8027.949/6bed72dd-560e-4a8b-9514-f3947aebde36,1,1,nan,70.079935,70.079935,0.452378,0.582245,nan,nan,0.328058,nan,nan,1,0.000798
opdformer_p_rgb_512,96,420693/42445168/8028.049/60b855c3-a87a-4add-9616-1e56c6b07836,1,1,nan,85.537546,85.537546,0.153760,0.655521,nan,nan,0.618625,nan,nan,1,0.002144
opdformer_p_rgb_512,97,420693/42445168/8028.049/6bed72dd-560e-4a8b-9514-f3947aebde36,1,1,nan,68.800197,68.800197,0.400214,0.440240,nan,nan,0.035381,nan,nan,1,0.002192
opdformer_p_rgb_512,98,420693/42445168/8028.149/60b855c3-a87a-4add-9616-1e56c6b07836,1,1,nan,62.373636,62.373636,0.180233,0.706605,nan,nan,0.678947,nan,nan,1,0.000300
opdformer_p_rgb_512,99,420693/42445168/8028.149/6bed72dd-560e-4a8b-9514-f3947aebde36,1,1,nan,85.064207,85.064207,0.458339,0.557830,nan,nan,0.106538,nan,nan,1,0.004488
opdformer_p_rgb_512,100,420693/42445168/8028.249/60b855c3-a87a-4add-9616-1e56c6b07836,1,1,nan,64.873719,64.873719,0.073379,0.729451,nan,nan,0.603079,nan,nan,1,0.021169
opdformer_p_rgb_512,101,420693/42445168/8028.249/6bed72dd-560e-4a8b-9514-f3947aebde36,1,1,nan,80.571810,80.571810,0.412727,0.472229,nan,nan,0.013133,nan,nan,1,0.000704
opdformer_p_rgb_512,102,420693/42445168/8028.349/60b855c3-a87a-4add-9616-1e56c6b07836,1,1,nan,66.577125,66.577125,0.336618,0.587205,nan,nan,0.649327,nan,nan,1,0.001789
opdformer_p_rgb_512,103,420693/42445168/8028.349/6bed72dd-560e-4a8b-9514-f3947aebde36,1,-1,nan,90.000000,90.000000,nan,nan,nan,nan,0.000000,nan,nan,0,nan
opdformer_p_rgb_512,104,420693/42445168/8028.449/60b855c3-a87a-4add-9616-1e56c6b07836,1,1,nan,66.316225,66.316225,0.399166,0.566870,nan,nan,0.686473,nan,nan,1,0.001401
opdformer_p_rgb_512,105,420693/42445168/8028.449/6bed72dd-560e-4a8b-9514-f3947aebde36,1,-1,nan,90.000000,90.000000,nan,nan,nan,nan,0.000000,nan,nan,0,nan
opdformer_p_rgb_512,106,420693/42445168/8028.549/60b855c3-a87a-4add-9616-1e56c6b07836,1,1,nan,46.530699,46.530699,0.168661,0.512310,nan,nan,0.643159,nan,nan,1,0.000138
opdformer_p_rgb_512,107,420693/42445168/8028.549/6bed72dd-560e-4a8b-9514-f3947aebde36,1,1,nan,70.665197,70.665197,0.512971,0.516740,nan,nan,0.077243,nan,nan,1,0.005099
opdformer_p_rgb_512,108,420693/42445168/8028.649/60b855c3-a87a-4add-9616-1e56c6b07836,1,1,nan,56.721654,56.721654,0.161902,0.474389,nan,nan,0.448489,nan,nan,1,0.000225
opdformer_p_rgb_512,109,420693/42445168/8028.649/6bed72dd-560e-4a8b-9514-f3947aebde36,1,1,nan,76.058914,76.058914,0.331212,0.344667,nan,nan,0.039831,nan,nan,1,0.002103
opdformer_p_rgb_512,110,420693/42445168/8028.749/60b855c3-a87a-4add-9616-1e56c6b07836,1,1,nan,65.204302,65.204302,0.276367,0.483815,nan,nan,0.550188,nan,nan,1,0.000198
opdformer_p_rgb_512,111,420693/42445168/8028.749/6bed72dd-560e-4a8b-9514-f3947aebde36,1,-1,nan,90.000000,90.000000,nan,nan,nan,nan,0.000000,nan,nan,0,nan
opdformer_p_rgb_512,112,420693/42445168/8028.849/60b855c3-a87a-4add-9616-1e56c6b07836,1,1,nan,49.256805,49.256805,0.118516,0.534143,nan,nan,0.479743,nan,nan,1,0.000199
opdformer_p_rgb_512,113,420693/42445168/8028.849/6bed72dd-560e-4a8b-9514-f3947aebde36,1,-1,nan,90.000000,90.000000,nan,nan,nan,nan,0.000000,nan,nan,0,nan
opdformer_p_rgb_512,114,420693/42445168/8028.949/60b855c3-a87a-4add-9616-1e56c6b07836,1,1,nan,64.317225,64.317225,0.403664,0.427279,nan,nan,0.686646,nan,nan,1,0.001059
opdformer_p_rgb_512,115,420693/42445168/8028.949/6bed72dd-560e-4a8b-9514-f3947aebde36,1,-1,nan,90.000000,90.000000,nan,nan,nan,nan,0.000000,nan,nan,0,nan
opdformer_p_rgb_512,116,420693/42445168/8029.049/60b855c3-a87a-4add-9616-1e56c6b07836,1,1,nan,59.001647,59.001647,0.244055,0.270759,nan,nan,0.597628,nan,nan,1,0.001093
opdformer_p_rgb_512,117,420693/42445168/8029.049/df28757e-d9cf-43e7-9ac1-709bc6abe476,1,1,nan,76.725055,76.725055,1.524135,1.608129,nan,nan,0.460637,nan,nan,1,0.000935
opdformer_p_rgb_512,118,420693/42445168/8029.148/df28757e-d9cf-43e7-9ac1-709bc6abe476,1,1,nan,100.959870,79.040130,1.629238,1.691697,nan,nan,0.451505,nan,nan,1,0.005507
opdformer_p_rgb_512,119,420693/42445168/8029.248/df28757e-d9cf-43e7-9ac1-709bc6abe476,1,1,nan,84.840632,84.840632,1.587337,1.681325,nan,nan,0.464164,nan,nan,1,0.001689
opdformer_p_rgb_512,120,420693/42445168/8029.348/df28757e-d9cf-43e7-9ac1-709bc6abe476,1,1,nan,73.959620,73.959620,1.641645,1.757924,nan,nan,0.443096,nan,nan,1,0.000925
opdformer_p_rgb_512,121,420693/42445168/8029.748/df28757e-d9cf-43e7-9ac1-709bc6abe476,1,1,nan,14.619271,14.619271,1.154813,1.284779,nan,nan,0.459357,nan,nan,1,0.000758
opdformer_p_rgb_512,122,420693/42445168/8029.848/df28757e-d9cf-43e7-9ac1-709bc6abe476,1,1,nan,4.313112,4.313112,1.326618,1.377099,nan,nan,0.054167,nan,nan,1,0.002641
opdformer_p_rgb_512,123,420693/42445168/8029.948/df28757e-d9cf-43e7-9ac1-709bc6abe476,1,1,nan,18.361163,18.361163,1.560850,1.674536,nan,nan,0.430528,nan,nan,1,0.000168
opdformer_p_rgb_512,124,420693/42445168/8030.048/df28757e-d9cf-43e7-9ac1-709bc6abe476,1,1,nan,14.825605,14.825605,1.481332,1.544633,nan,nan,0.147810,nan,nan,1,0.000400
opdformer_p_rgb_512,125,420693/42445168/8030.148/1d54d368-d1f7-4a3a-be77-4132ef017919,1,1,nan,18.746460,18.746460,1.315720,1.333675,nan,nan,0.179234,nan,nan,1,0.010034
opdformer_p_rgb_512,126,420693/42445168/8030.148/df28757e-d9cf-43e7-9ac1-709bc6abe476,1,1,nan,12.238560,12.238560,1.404833,1.476844,nan,nan,0.102857,nan,nan,1,0.002080
opdformer_p_rgb_512,127,420693/42445168/8030.248/1d54d368-d1f7-4a3a-be77-4132ef017919,1,1,nan,14.425598,14.425598,1.286332,1.286768,nan,nan,0.139881,nan,nan,1,0.003003
opdformer_p_rgb_512,128,420693/42445168/8030.248/df28757e-d9cf-43e7-9ac1-709bc6abe476,1,1,nan,12.692086,12.692086,1.696956,1.780150,nan,nan,0.041026,nan,nan,1,0.009081
opdformer_p_rgb_512,129,420693/42445168/8030.348/1d54d368-d1f7-4a3a-be77-4132ef017919,1,0,nan,37.523458,37.523458,0.857744,0.952151,nan,nan,0.274165,nan,nan,1,0.006845
opdformer_p_rgb_512,130,420693/42445168/8030.348/df28757e-d9cf-43e7-9ac1-709bc6abe476,1,1,nan,12.937956,12.937956,1.143883,1.223724,nan,nan,0.344358,nan,nan,1,0.005108
opdformer_p_rgb_512,131,420693/42445168/8030.448/1d54d368-d1f7-4a3a-be77-4132ef017919,1,1,nan,12.898139,12.898139,0.867127,0.872005,nan,nan,0.388773,nan,nan,1,0.009605
opdformer_p_rgb_512,132,420693/42445168/8030.448/df28757e-d9cf-43e7-9ac1-709bc6abe476,1,1,nan,8.580864,8.580864,1.297994,1.448651,nan,nan,0.090349,nan,nan,1,0.037560
opdformer_p_rgb_512,133,420693/42445168/8030.548/1d54d368-d1f7-4a3a-be77-4132ef017919,1,1,nan,10.756066,10.756066,1.028708,1.099523,nan,nan,0.310403,nan,nan,1,0.005860
opdformer_p_rgb_512,134,420693/42445168/8030.548/df28757e-d9cf-43e7-9ac1-709bc6abe476,1,1,nan,14.802232,14.802232,1.281819,1.314940,nan,nan,0.293103,nan,nan,1,0.012006
opdformer_p_rgb_512,135,420693/42445168/8030.648/1d54d368-d1f7-4a3a-be77-4132ef017919,1,1,nan,12.263218,12.263218,0.646451,0.745739,nan,nan,0.344564,nan,nan,1,0.002311
opdformer_p_rgb_512,136,420693/42445168/8030.648/df28757e-d9cf-43e7-9ac1-709bc6abe476,1,1,nan,26.815790,26.815790,1.172534,1.197136,nan,nan,0.451376,nan,nan,1,0.002305
opdformer_p_rgb_512,137,420693/42445168/8030.748/1d54d368-d1f7-4a3a-be77-4132ef017919,1,1,nan,10.190881,10.190881,0.547768,0.589245,nan,nan,0.407609,nan,nan,1,0.043860
opdformer_p_rgb_512,138,420693/42445168/8030.748/df28757e-d9cf-43e7-9ac1-709bc6abe476,1,1,nan,93.201227,86.798773,0.842066,0.842066,nan,nan,0.422727,nan,nan,1,0.002292
opdformer_p_rgb_512,139,420693/42445168/8030.848/1d54d368-d1f7-4a3a-be77-4132ef017919,1,1,nan,5.099570,5.099570,0.273759,0.556372,nan,nan,0.324658,nan,nan,1,0.003000
opdformer_p_rgb_512,140,420693/42445168/8030.848/df28757e-d9cf-43e7-9ac1-709bc6abe476,1,1,nan,16.598158,16.598158,0.608720,0.836648,nan,nan,0.311072,nan,nan,1,0.000748
opdformer_p_rgb_512,141,420693/42445168/8030.948/1d54d368-d1f7-4a3a-be77-4132ef017919,1,1,nan,5.148783,5.148783,0.400013,0.434661,nan,nan,0.495455,nan,nan,1,0.894790
opdformer_p_rgb_512,142,420693/42445168/8030.948/df28757e-d9cf-43e7-9ac1-709bc6abe476,1,1,nan,77.291488,77.291488,0.559263,0.559560,nan,nan,0.336976,nan,nan,1,0.001793
opdformer_p_rgb_512,143,420693/42445168/8031.048/1d54d368-d1f7-4a3a-be77-4132ef017919,1,1,nan,6.152555,6.152555,0.430783,0.507745,nan,nan,0.391379,nan,nan,1,0.002914
opdformer_p_rgb_512,144,420693/42445168/8031.048/df28757e-d9cf-43e7-9ac1-709bc6abe476,1,1,nan,30.888963,30.888963,0.769676,0.915566,nan,nan,0.449254,nan,nan,1,0.001119
opdformer_p_rgb_512,145,420693/42445168/8031.148/1d54d368-d1f7-4a3a-be77-4132ef017919,1,1,nan,3.351905,3.351905,0.267647,0.298062,nan,nan,0.492063,nan,nan,1,0.003455
opdformer_p_rgb_512,146,420693/42445168/8031.148/df28757e-d9cf-43e7-9ac1-709bc6abe476,1,1,nan,32.873332,32.873332,0.799341,0.886127,nan,nan,0.415061,nan,nan,1,0.002641
opdformer_p_rgb_512,147,420693/42445168/8031.248/1d54d368-d1f7-4a3a-be77-4132ef017919,1,1,nan,3.409797,3.409797,0.624166,0.647397,nan,nan,0.356918,nan,nan,1,0.015601
opdformer_p_rgb_512,148,420693/42445168/8031.248/df28757e-d9cf-43e7-9ac1-709bc6abe476,1,1,nan,11.341520,11.341520,0.968633,1.101964,nan,nan,0.345560,nan,nan,1,0.003783
opdformer_p_rgb_512,149,420693/42445168/8031.348/1d54d368-d1f7-4a3a-be77-4132ef017919,1,1,nan,4.449575,4.449575,0.721916,0.723186,nan,nan,0.366460,nan,nan,1,0.006644
opdformer_p_rgb_512,150,420693/42445168/8031.348/df28757e-d9cf-43e7-9ac1-709bc6abe476,1,1,nan,94.210794,85.789206,1.266620,1.315243,nan,nan,0.472362,nan,nan,1,0.002081
opdformer_p_rgb_512,151,420693/42445168/8031.448/1d54d368-d1f7-4a3a-be77-4132ef017919,1,1,nan,2.603802,2.603802,1.011282,1.011359,nan,nan,0.304858,nan,nan,1,0.920063
opdformer_p_rgb_512,152,420693/42445168/8031.448/df28757e-d9cf-43e7-9ac1-709bc6abe476,1,1,nan,8.206965,8.206965,1.241712,1.340485,nan,nan,0.428571,nan,nan,1,0.000612
opdformer_p_rgb_512,153,420693/42445168/8031.548/1d54d368-d1f7-4a3a-be77-4132ef017919,1,1,nan,1.686847,1.686847,1.010523,1.027358,nan,nan,0.316957,nan,nan,1,0.000552
opdformer_p_rgb_512,154,420693/42445168/8031.548/df28757e-d9cf-43e7-9ac1-709bc6abe476,1,1,nan,52.690306,52.690306,1.341508,1.411510,nan,nan,0.511290,nan,nan,1,0.001250
opdformer_p_rgb_512,155,420693/42445168/8031.647/1d54d368-d1f7-4a3a-be77-4132ef017919,1,1,nan,3.945702,3.945702,0.736890,0.780621,nan,nan,0.351648,nan,nan,1,0.002014
opdformer_p_rgb_512,156,420693/42445168/8031.647/df28757e-d9cf-43e7-9ac1-709bc6abe476,1,1,nan,43.841462,43.841462,1.201240,1.315545,nan,nan,0.458971,nan,nan,1,0.000497
opdformer_p_rgb_512,157,420693/42445168/8031.747/1d54d368-d1f7-4a3a-be77-4132ef017919,1,1,nan,2.846316,2.846316,1.203435,1.207509,nan,nan,0.390071,nan,nan,1,0.005507
opdformer_p_rgb_512,158,420693/42445168/8031.847/1d54d368-d1f7-4a3a-be77-4132ef017919,1,1,nan,5.864209,5.864209,1.424097,1.424846,nan,nan,0.348837,nan,nan,1,0.927435
opdformer_p_rgb_512,159,420693/42445168/8031.947/1d54d368-d1f7-4a3a-be77-4132ef017919,1,1,nan,0.722311,0.722311,1.099061,1.102096,nan,nan,0.349398,nan,nan,1,0.003017
opdformer_p_rgb_512,160,420693/42445168/8032.047/1d54d368-d1f7-4a3a-be77-4132ef017919,1,1,nan,7.549115,7.549115,1.197939,1.214326,nan,nan,0.316340,nan,nan,1,0.000644
opdformer_p_rgb_512,161,420693/42445168/8032.147/1d54d368-d1f7-4a3a-be77-4132ef017919,1,1,nan,10.066497,10.066497,0.736520,0.781396,nan,nan,0.342970,nan,nan,1,0.003008
opdformer_p_rgb_512,162,420693/42445168/8032.247/1d54d368-d1f7-4a3a-be77-4132ef017919,1,1,nan,7.506470,7.506470,1.187568,1.260462,nan,nan,0.390977,nan,nan,1,0.000472
opdformer_p_rgb_512,163,420693/42445168/8032.447/1d54d368-d1f7-4a3a-be77-4132ef017919,1,1,nan,15.116302,15.116302,2.115108,2.129451,nan,nan,0.334694,nan,nan,1,0.938173
opdformer_p_rgb_512,164,420693/42445168/8032.547/1d54d368-d1f7-4a3a-be77-4132ef017919,1,1,nan,2.626615,2.626615,2.318336,2.321038,nan,nan,0.328021,nan,nan,1,0.928423
opdformer_p_rgb_512,165,420693/42445168/8032.647/1d54d368-d1f7-4a3a-be77-4132ef017919,1,1,nan,11.079364,11.079364,1.528209,1.540949,nan,nan,0.371274,nan,nan,1,0.004586
opdformer_p_rgb_512,166,420693/42445168/8032.747/1d54d368-d1f7-4a3a-be77-4132ef017919,1,1,nan,6.855020,6.855020,0.839300,0.973028,nan,nan,0.409310,nan,nan,1,0.000290
opdformer_p_rgb_512,167,420693/42445169/7835.742/a36b3f7b-da1a-43de-bf7f-66853430701a,0,0,nan,4.833572,4.833572,nan,nan,nan,nan,0.743980,nan,nan,1,0.729663
opdformer_p_rgb_512,168,420693/42445169/7835.842/a36b3f7b-da1a-43de-bf7f-66853430701a,0,0,nan,12.934904,12.934904,nan,nan,nan,nan,0.764560,nan,nan,1,0.000144
opdformer_p_rgb_512,169,420693/42445169/7835.942/a36b3f7b-da1a-43de-bf7f-66853430701a,0,0,nan,4.303047,4.303047,nan,nan,nan,nan,0.774536,nan,nan,1,0.967426
opdformer_p_rgb_512,170,420693/42445169/7836.042/a36b3f7b-da1a-43de-bf7f-66853430701a,0,0,nan,6.093762,6.093762,nan,nan,nan,nan,0.720430,nan,nan,1,0.727226
opdformer_p_rgb_512,171,420693/42445169/7836.142/a36b3f7b-da1a-43de-bf7f-66853430701a,0,0,nan,10.827174,10.827174,nan,nan,nan,nan,0.787324,nan,nan,1,0.000487
opdformer_p_rgb_512,172,420693/42445169/7836.242/a36b3f7b-da1a-43de-bf7f-66853430701a,0,0,nan,17.750958,17.750958,nan,nan,nan,nan,0.702158,nan,nan,1,0.900308
opdformer_p_rgb_512,173,420693/42445169/7836.342/a36b3f7b-da1a-43de-bf7f-66853430701a,0,0,nan,20.451021,20.451021,nan,nan,nan,nan,0.735250,nan,nan,1,0.000364
opdformer_p_rgb_512,174,420693/42445169/7836.442/a36b3f7b-da1a-43de-bf7f-66853430701a,0,0,nan,5.268310,5.268310,nan,nan,nan,nan,0.766719,nan,nan,1,0.959917
opdformer_p_rgb_512,175,420693/42445169/7836.542/a36b3f7b-da1a-43de-bf7f-66853430701a,0,0,nan,1.126684,1.126684,nan,nan,nan,nan,0.761171,nan,nan,1,0.000383
opdformer_p_rgb_512,176,420693/42445169/7836.642/a36b3f7b-da1a-43de-bf7f-66853430701a,0,0,nan,25.668818,25.668818,nan,nan,nan,nan,0.705069,nan,nan,1,0.000355
opdformer_p_rgb_512,177,420693/42445169/7836.742/a36b3f7b-da1a-43de-bf7f-66853430701a,0,0,nan,22.054449,22.054449,nan,nan,nan,nan,0.601351,nan,nan,1,0.001706
opdformer_p_rgb_512,178,420693/42445169/7836.842/a36b3f7b-da1a-43de-bf7f-66853430701a,0,0,nan,2.646658,2.646658,nan,nan,nan,nan,0.742902,nan,nan,1,0.966778
opdformer_p_rgb_512,179,420693/42445169/7836.942/a36b3f7b-da1a-43de-bf7f-66853430701a,0,0,nan,29.554110,29.554110,nan,nan,nan,nan,0.776050,nan,nan,1,0.962542
opdformer_p_rgb_512,180,420693/42445169/7837.042/a36b3f7b-da1a-43de-bf7f-66853430701a,0,0,nan,17.228910,17.228910,nan,nan,nan,nan,0.709191,nan,nan,1,0.005422
opdformer_p_rgb_512,181,420693/42445169/7837.142/a36b3f7b-da1a-43de-bf7f-66853430701a,0,0,nan,15.364119,15.364119,nan,nan,nan,nan,0.106332,nan,nan,1,0.002247
opdformer_p_rgb_512,182,420693/42445169/7837.242/a36b3f7b-da1a-43de-bf7f-66853430701a,0,0,nan,27.854672,27.854672,nan,nan,nan,nan,0.733945,nan,nan,1,0.000224
opdformer_p_rgb_512,183,420693/42445169/7837.342/a36b3f7b-da1a-43de-bf7f-66853430701a,0,0,nan,16.987777,16.987777,nan,nan,nan,nan,0.727503,nan,nan,1,0.002437
opdformer_p_rgb_512,184,420693/42445169/7837.442/a36b3f7b-da1a-43de-bf7f-66853430701a,0,0,nan,17.296481,17.296481,nan,nan,nan,nan,0.814286,nan,nan,1,0.001745
opdformer_p_rgb_512,185,420693/42445169/7837.542/a36b3f7b-da1a-43de-bf7f-66853430701a,0,0,nan,43.506416,43.506416,nan,nan,nan,nan,0.802059,nan,nan,1,0.000036
opdformer_p_rgb_512,186,420693/42445169/7841.040/a36b3f7b-da1a-43de-bf7f-66853430701a,0,0,nan,9.479430,9.479430,nan,nan,nan,nan,0.753910,nan,nan,1,0.000604
opdformer_p_rgb_512,187,420693/42445169/7841.140/a36b3f7b-da1a-43de-bf7f-66853430701a,0,0,nan,12.942618,12.942618,nan,nan,nan,nan,0.685358,nan,nan,1,0.000258
opdformer_p_rgb_512,188,420693/42445169/7841.240/a36b3f7b-da1a-43de-bf7f-66853430701a,0,0,nan,5.905418,5.905418,nan,nan,nan,nan,0.610236,nan,nan,1,0.000445
opdformer_p_rgb_512,189,420693/42445169/7841.340/a36b3f7b-da1a-43de-bf7f-66853430701a,0,0,nan,7.922290,7.922290,nan,nan,nan,nan,0.701657,nan,nan,1,0.000257
opdformer_p_rgb_512,190,420693/42445169/7841.440/a36b3f7b-da1a-43de-bf7f-66853430701a,0,0,nan,9.404266,9.404266,nan,nan,nan,nan,0.731057,nan,nan,1,0.000226
opdformer_p_rgb_512,191,420693/42445169/7841.540/a36b3f7b-da1a-43de-bf7f-66853430701a,0,0,nan,7.661926,7.661926,nan,nan,nan,nan,0.674883,nan,nan,1,0.000249
opdformer_p_rgb_512,192,420693/42445169/7841.640/a36b3f7b-da1a-43de-bf7f-66853430701a,0,0,nan,7.371476,7.371476,nan,nan,nan,nan,0.758962,nan,nan,1,0.928418
opdformer_p_rgb_512,193,420693/42445169/7841.740/a36b3f7b-da1a-43de-bf7f-66853430701a,0,0,nan,7.619077,7.619077,nan,nan,nan,nan,0.753846,nan,nan,1,0.947303
opdformer_p_rgb_512,194,420693/42445169/7841.840/a36b3f7b-da1a-43de-bf7f-66853430701a,0,0,nan,10.396777,10.396777,nan,nan,nan,nan,0.700935,nan,nan,1,0.000087
opdformer_p_rgb_512,195,420693/42445169/7841.940/a36b3f7b-da1a-43de-bf7f-66853430701a,0,0,nan,5.920897,5.920897,nan,nan,nan,nan,0.676404,nan,nan,1,0.936547
opdformer_p_rgb_512,196,420693/42445169/7842.040/a36b3f7b-da1a-43de-bf7f-66853430701a,0,0,nan,8.327300,8.327300,nan,nan,nan,nan,0.747073,nan,nan,1,0.965000
opdformer_p_rgb_512,197,420693/42445169/7842.140/a36b3f7b-da1a-43de-bf7f-66853430701a,0,0,nan,11.453820,11.453820,nan,nan,nan,nan,0.727483,nan,nan,1,0.000049
opdformer_p_rgb_512,198,420693/42445169/7842.240/a36b3f7b-da1a-43de-bf7f-66853430701a,0,0,nan,21.255918,21.255918,nan,nan,nan,nan,0.768335,nan,nan,1,0.000348
opdformer_p_rgb_512,199,420693/42445169/7842.340/a36b3f7b-da1a-43de-bf7f-66853430701a,0,0,nan,7.967639,7.967639,nan,nan,nan,nan,0.758939,nan,nan,1,0.958391
opdformer_p_rgb_512,200,420693/42445169/7842.440/a36b3f7b-da1a-43de-bf7f-66853430701a,0,0,nan,7.183870,7.183870,nan,nan,nan,nan,0.706016,nan,nan,1,0.000145
opdformer_p_rgb_512,201,420693/42445169/7842.540/a36b3f7b-da1a-43de-bf7f-66853430701a,0,0,nan,14.516908,14.516908,nan,nan,nan,nan,0.709251,nan,nan,1,0.002842
opdformer_p_rgb_512,202,420693/42445169/7842.640/a36b3f7b-da1a-43de-bf7f-66853430701a,0,0,nan,11.830657,11.830657,nan,nan,nan,nan,0.699069,nan,nan,1,0.000323
opdformer_p_rgb_512,203,420693/42445169/7883.440/6bed72dd-560e-4a8b-9514-f3947aebde36,1,1,nan,44.433227,44.433227,1.777474,1.857779,nan,nan,0.232108,nan,nan,1,0.003101
opdformer_p_rgb_512,204,420693/42445169/7883.540/6bed72dd-560e-4a8b-9514-f3947aebde36,1,1,nan,73.597277,73.597277,2.178727,2.376459,nan,nan,0.315700,nan,nan,1,0.000583
opdformer_p_rgb_512,205,420693/42445169/7883.640/6bed72dd-560e-4a8b-9514-f3947aebde36,1,1,nan,56.337952,56.337952,2.344063,2.477897,nan,nan,0.052189,nan,nan,1,0.000442
opdformer_p_rgb_512,206,420693/42445169/7883.740/6bed72dd-560e-4a8b-9514-f3947aebde36,1,1,nan,77.437198,77.437198,1.940862,2.034458,nan,nan,0.192308,nan,nan,1,0.000389
opdformer_p_rgb_512,207,420693/42445169/7887.738/6bed72dd-560e-4a8b-9514-f3947aebde36,1,1,nan,59.568096,59.568096,1.645779,1.844472,nan,nan,0.191667,nan,nan,1,0.002336
opdformer_p_rgb_512,208,420693/42445169/7887.838/6bed72dd-560e-4a8b-9514-f3947aebde36,1,1,nan,56.136354,56.136354,1.912121,1.984753,nan,nan,0.178022,nan,nan,1,0.005549
opdformer_p_rgb_512,209,420693/42445169/7887.938/6bed72dd-560e-4a8b-9514-f3947aebde36,1,1,nan,55.270940,55.270940,1.582795,1.742757,nan,nan,0.383686,nan,nan,1,0.001470
opdformer_p_rgb_512,210,420693/42445169/7888.038/6bed72dd-560e-4a8b-9514-f3947aebde36,1,1,nan,44.150937,44.150937,2.024893,2.098000,nan,nan,0.277592,nan,nan,1,0.001980
opdformer_p_rgb_512,211,420693/42445169/7888.138/60b855c3-a87a-4add-9616-1e56c6b07836,1,1,nan,56.400945,56.400945,1.686878,1.787929,nan,nan,0.081206,nan,nan,1,0.000592
opdformer_p_rgb_512,212,420693/42445169/7888.138/6bed72dd-560e-4a8b-9514-f3947aebde36,1,1,nan,25.902005,25.902005,1.197812,1.287371,nan,nan,0.546392,nan,nan,1,0.000677
opdformer_p_rgb_512,213,420693/42445169/7888.238/60b855c3-a87a-4add-9616-1e56c6b07836,1,1,nan,46.726217,46.726217,1.240204,1.381665,nan,nan,0.244833,nan,nan,1,0.000562
opdformer_p_rgb_512,214,420693/42445169/7888.238/6bed72dd-560e-4a8b-9514-f3947aebde36,1,1,nan,6.988989,6.988989,0.980700,1.064563,nan,nan,0.445122,nan,nan,1,0.000416
opdformer_p_rgb_512,215,420693/42445169/7888.338/6bed72dd-560e-4a8b-9514-f3947aebde36,1,1,nan,42.111201,42.111201,1.072421,1.211477,nan,nan,0.529891,nan,nan,1,0.001265
opdformer_p_rgb_512,216,420693/42445169/7888.438/6bed72dd-560e-4a8b-9514-f3947aebde36,1,1,nan,2.948592,2.948592,0.697928,0.764169,nan,nan,0.437884,nan,nan,1,0.000218
opdformer_p_rgb_512,217,420693/42445169/7888.538/6bed72dd-560e-4a8b-9514-f3947aebde36,1,1,nan,31.532290,31.532290,0.895312,1.111893,nan,nan,0.531780,nan,nan,1,0.000432
opdformer_p_rgb_512,218,420693/42445173/8117.747/e929f299-186a-4f70-bc5c-fe5ffe4a1787,0,0,nan,33.195375,33.195375,nan,nan,nan,nan,0.559091,nan,nan,1,0.016639
opdformer_p_rgb_512,219,420693/42445173/8117.847/e929f299-186a-4f70-bc5c-fe5ffe4a1787,0,0,nan,10.454594,10.454594,nan,nan,nan,nan,0.706131,nan,nan,1,0.000013
opdformer_p_rgb_512,220,420693/42445173/8117.946/e929f299-186a-4f70-bc5c-fe5ffe4a1787,0,0,nan,10.620138,10.620138,nan,nan,nan,nan,0.680346,nan,nan,1,0.000008
opdformer_p_rgb_512,221,420693/42445173/8118.046/e929f299-186a-4f70-bc5c-fe5ffe4a1787,0,0,nan,72.172916,72.172916,nan,nan,nan,nan,0.542424,nan,nan,1,0.000013
opdformer_p_rgb_512,222,420693/42445173/8118.146/e929f299-186a-4f70-bc5c-fe5ffe4a1787,0,0,nan,12.491946,12.491946,nan,nan,nan,nan,0.504854,nan,nan,1,0.002807
opdformer_p_rgb_512,223,420693/42445173/8118.246/e929f299-186a-4f70-bc5c-fe5ffe4a1787,0,0,nan,8.551325,8.551325,nan,nan,nan,nan,0.512590,nan,nan,1,0.001485
opdformer_p_rgb_512,224,420693/42445173/8118.346/e929f299-186a-4f70-bc5c-fe5ffe4a1787,0,0,nan,3.261047,3.261047,nan,nan,nan,nan,0.632042,nan,nan,1,0.000052
opdformer_p_rgb_512,225,420693/42445173/8118.446/10306637-5400-4d53-b74c-e94e587e4da2,0,0,nan,7.864837,7.864837,nan,nan,nan,nan,0.623377,nan,nan,1,0.000312
opdformer_p_rgb_512,226,420693/42445173/8118.446/e929f299-186a-4f70-bc5c-fe5ffe4a1787,0,0,nan,5.590901,5.590901,nan,nan,nan,nan,0.522807,nan,nan,1,0.000226
opdformer_p_rgb_512,227,420693/42445173/8118.546/10306637-5400-4d53-b74c-e94e587e4da2,0,0,nan,5.709842,5.709842,nan,nan,nan,nan,0.563830,nan,nan,1,0.000044
opdformer_p_rgb_512,228,420693/42445173/8118.546/e929f299-186a-4f70-bc5c-fe5ffe4a1787,0,0,nan,3.945152,3.945152,nan,nan,nan,nan,0.502530,nan,nan,1,0.000148
opdformer_p_rgb_512,229,420693/42445173/8118.646/10306637-5400-4d53-b74c-e94e587e4da2,0,0,nan,5.960210,5.960210,nan,nan,nan,nan,0.443902,nan,nan,1,0.000074
opdformer_p_rgb_512,230,420693/42445173/8118.646/e929f299-186a-4f70-bc5c-fe5ffe4a1787,0,0,nan,5.756142,5.756142,nan,nan,nan,nan,0.491197,nan,nan,1,0.000874
opdformer_p_rgb_512,231,420693/42445173/8118.746/10306637-5400-4d53-b74c-e94e587e4da2,0,0,nan,11.212659,11.212659,nan,nan,nan,nan,0.613043,nan,nan,1,0.000052
opdformer_p_rgb_512,232,420693/42445173/8118.746/e929f299-186a-4f70-bc5c-fe5ffe4a1787,0,0,nan,12.440745,12.440745,nan,nan,nan,nan,0.545305,nan,nan,1,0.000019
opdformer_p_rgb_512,233,420693/42445173/8118.846/10306637-5400-4d53-b74c-e94e587e4da2,0,0,nan,6.273690,6.273690,nan,nan,nan,nan,0.548673,nan,nan,1,0.000068
opdformer_p_rgb_512,234,420693/42445173/8118.846/e929f299-186a-4f70-bc5c-fe5ffe4a1787,0,0,nan,0.371714,0.371714,nan,nan,nan,nan,0.558923,nan,nan,1,0.000043
opdformer_p_rgb_512,235,420693/42445173/8118.946/10306637-5400-4d53-b74c-e94e587e4da2,0,0,nan,9.410790,9.410790,nan,nan,nan,nan,0.512931,nan,nan,1,0.000024
opdformer_p_rgb_512,236,420693/42445173/8118.946/e929f299-186a-4f70-bc5c-fe5ffe4a1787,0,0,nan,3.242102,3.242102,nan,nan,nan,nan,0.506217,nan,nan,1,0.000063
opdformer_p_rgb_512,237,420693/42445173/8119.046/10306637-5400-4d53-b74c-e94e587e4da2,0,0,nan,21.309408,21.309408,nan,nan,nan,nan,0.512987,nan,nan,1,0.000049
opdformer_p_rgb_512,238,420693/42445173/8119.046/e929f299-186a-4f70-bc5c-fe5ffe4a1787,0,0,nan,8.487255,8.487255,nan,nan,nan,nan,0.493976,nan,nan,1,0.000179
opdformer_p_rgb_512,239,420693/42445173/8119.146/10306637-5400-4d53-b74c-e94e587e4da2,0,0,nan,72.126601,72.126601,nan,nan,nan,nan,0.469854,nan,nan,1,0.000058
opdformer_p_rgb_512,240,420693/42445173/8119.146/e929f299-186a-4f70-bc5c-fe5ffe4a1787,0,0,nan,38.986419,38.986419,nan,nan,nan,nan,0.606327,nan,nan,1,0.000206
opdformer_p_rgb_512,241,420693/42445173/8119.246/10306637-5400-4d53-b74c-e94e587e4da2,0,0,nan,16.554735,16.554735,nan,nan,nan,nan,0.482897,nan,nan,1,0.000028
opdformer_p_rgb_512,242,420693/42445173/8119.246/e929f299-186a-4f70-bc5c-fe5ffe4a1787,0,0,nan,65.114443,65.114443,nan,nan,nan,nan,0.633929,nan,nan,1,0.000012
opdformer_p_rgb_512,243,420693/42445173/8119.346/10306637-5400-4d53-b74c-e94e587e4da2,0,0,nan,33.669007,33.669007,nan,nan,nan,nan,0.463357,nan,nan,1,0.000029
opdformer_p_rgb_512,244,420693/42445173/8119.346/e929f299-186a-4f70-bc5c-fe5ffe4a1787,0,0,nan,14.528075,14.528075,nan,nan,nan,nan,0.578748,nan,nan,1,0.000038
opdformer_p_rgb_512,245,420693/42445173/8119.446/10306637-5400-4d53-b74c-e94e587e4da2,0,0,nan,8.868205,8.868205,nan,nan,nan,nan,0.410194,nan,nan,1,0.001410
opdformer_p_rgb_512,246,420693/42445173/8119.446/e929f299-186a-4f70-bc5c-fe5ffe4a1787,0,0,nan,10.766795,10.766795,nan,nan,nan,nan,0.593117,nan,nan,1,0.000046
opdformer_p_rgb_512,247,420693/42445173/8119.546/10306637-5400-4d53-b74c-e94e587e4da2,0,0,nan,47.667635,47.667635,nan,nan,nan,nan,0.572314,nan,nan,1,0.000027
opdformer_p_rgb_512,248,420693/42445173/8119.546/e929f299-186a-4f70-bc5c-fe5ffe4a1787,0,0,nan,12.238819,12.238819,nan,nan,nan,nan,0.578748,nan,nan,1,0.000166
opdformer_p_rgb_512,249,420693/42445173/8119.646/10306637-5400-4d53-b74c-e94e587e4da2,0,0,nan,60.016481,60.016481,nan,nan,nan,nan,0.529412,nan,nan,1,0.000015
opdformer_p_rgb_512,250,420693/42445173/8119.646/e929f299-186a-4f70-bc5c-fe5ffe4a1787,0,0,nan,6.998886,6.998886,nan,nan,nan,nan,0.600775,nan,nan,1,0.000097
opdformer_p_rgb_512,251,420693/42445173/8119.746/10306637-5400-4d53-b74c-e94e587e4da2,0,0,nan,10.172216,10.172216,nan,nan,nan,nan,0.493182,nan,nan,1,0.003497
opdformer_p_rgb_512,252,420693/42445173/8119.746/e929f299-186a-4f70-bc5c-fe5ffe4a1787,0,0,nan,14.750061,14.750061,nan,nan,nan,nan,0.649728,nan,nan,1,0.000019
opdformer_p_rgb_512,253,420693/42445173/8119.846/10306637-5400-4d53-b74c-e94e587e4da2,0,0,nan,47.752788,47.752788,nan,nan,nan,nan,0.613169,nan,nan,1,0.000028
opdformer_p_rgb_512,254,420693/42445173/8119.846/e929f299-186a-4f70-bc5c-fe5ffe4a1787,0,0,nan,11.700331,11.700331,nan,nan,nan,nan,0.631481,nan,nan,1,0.000788
opdformer_p_rgb_512,255,420693/42445173/8119.946/10306637-5400-4d53-b74c-e94e587e4da2,0,0,nan,24.820852,24.820852,nan,nan,nan,nan,0.520147,nan,nan,1,0.000031
opdformer_p_rgb_512,256,420693/42445173/8119.946/e929f299-186a-4f70-bc5c-fe5ffe4a1787,0,0,nan,7.888597,7.888597,nan,nan,nan,nan,0.566722,nan,nan,1,0.000592
opdformer_p_rgb_512,257,420693/42445173/8120.046/10306637-5400-4d53-b74c-e94e587e4da2,0,0,nan,42.484785,42.484785,nan,nan,nan,nan,0.497196,nan,nan,1,0.000050
opdformer_p_rgb_512,258,420693/42445173/8120.046/e929f299-186a-4f70-bc5c-fe5ffe4a1787,0,0,nan,14.301070,14.301070,nan,nan,nan,nan,0.572093,nan,nan,1,0.000741
opdformer_p_rgb_512,259,420693/42445173/8120.146/e929f299-186a-4f70-bc5c-fe5ffe4a1787,0,0,nan,20.147125,20.147125,nan,nan,nan,nan,0.511696,nan,nan,1,0.000738
opdformer_p_rgb_512,260,420693/42445173/8120.246/e929f299-186a-4f70-bc5c-fe5ffe4a1787,0,0,nan,37.392408,37.392408,nan,nan,nan,nan,0.569620,nan,nan,1,0.000017
opdformer_p_rgb_512,261,420693/42445173/8120.346/e929f299-186a-4f70-bc5c-fe5ffe4a1787,0,0,nan,32.332297,32.332297,nan,nan,nan,nan,0.533994,nan,nan,1,0.000016
opdformer_p_rgb_512,262,420693/42445173/8120.445/10306637-5400-4d53-b74c-e94e587e4da2,0,0,nan,27.348323,27.348323,nan,nan,nan,nan,0.627832,nan,nan,1,0.000038
opdformer_p_rgb_512,263,420693/42445173/8120.445/e929f299-186a-4f70-bc5c-fe5ffe4a1787,0,0,nan,34.069108,34.069108,nan,nan,nan,nan,0.452055,nan,nan,1,0.000024
opdformer_p_rgb_512,264,420693/42445173/8120.545/10306637-5400-4d53-b74c-e94e587e4da2,0,0,nan,40.211622,40.211622,nan,nan,nan,nan,0.658789,nan,nan,1,0.000105
opdformer_p_rgb_512,265,420693/42445173/8120.545/e929f299-186a-4f70-bc5c-fe5ffe4a1787,0,0,nan,30.153303,30.153303,nan,nan,nan,nan,0.562315,nan,nan,1,0.000042
opdformer_p_rgb_512,266,420693/42445173/8120.645/10306637-5400-4d53-b74c-e94e587e4da2,0,0,nan,38.191751,38.191751,nan,nan,nan,nan,0.739683,nan,nan,1,0.000130
opdformer_p_rgb_512,267,420693/42445173/8120.645/e929f299-186a-4f70-bc5c-fe5ffe4a1787,0,0,nan,54.548183,54.548183,nan,nan,nan,nan,0.404412,nan,nan,1,0.000105
opdformer_p_rgb_512,268,420693/42445173/8120.745/10306637-5400-4d53-b74c-e94e587e4da2,0,0,nan,46.714761,46.714761,nan,nan,nan,nan,0.680129,nan,nan,1,0.000079
opdformer_p_rgb_512,269,420693/42445173/8120.745/e929f299-186a-4f70-bc5c-fe5ffe4a1787,0,0,nan,42.398755,42.398755,nan,nan,nan,nan,0.629349,nan,nan,1,0.000060
opdformer_p_rgb_512,270,420693/42445173/8120.845/10306637-5400-4d53-b74c-e94e587e4da2,0,0,nan,36.362259,36.362259,nan,nan,nan,nan,0.762346,nan,nan,1,0.000099
opdformer_p_rgb_512,271,420693/42445173/8120.845/e929f299-186a-4f70-bc5c-fe5ffe4a1787,0,0,nan,35.167061,35.167061,nan,nan,nan,nan,0.574964,nan,nan,1,0.000070
opdformer_p_rgb_512,272,420693/42445173/8120.945/10306637-5400-4d53-b74c-e94e587e4da2,0,0,nan,32.658849,32.658849,nan,nan,nan,nan,0.479871,nan,nan,1,0.000123
opdformer_p_rgb_512,273,420693/42445173/8120.945/e929f299-186a-4f70-bc5c-fe5ffe4a1787,0,0,nan,34.792553,34.792553,nan,nan,nan,nan,0.303175,nan,nan,1,0.001700
opdformer_p_rgb_512,274,420693/42445173/8121.045/10306637-5400-4d53-b74c-e94e587e4da2,0,0,nan,36.773185,36.773185,nan,nan,nan,nan,0.512555,nan,nan,1,0.000158
opdformer_p_rgb_512,275,420693/42445173/8121.045/e929f299-186a-4f70-bc5c-fe5ffe4a1787,0,0,nan,55.065067,55.065067,nan,nan,nan,nan,0.469673,nan,nan,1,0.002508
opdformer_p_rgb_512,276,420693/42445173/8121.145/10306637-5400-4d53-b74c-e94e587e4da2,0,0,nan,39.701314,39.701314,nan,nan,nan,nan,0.543333,nan,nan,1,0.000064
opdformer_p_rgb_512,277,420693/42445173/8121.145/e929f299-186a-4f70-bc5c-fe5ffe4a1787,0,0,nan,64.489142,64.489142,nan,nan,nan,nan,0.482517,nan,nan,1,0.000049
opdformer_p_rgb_512,278,420693/42445173/8121.245/10306637-5400-4d53-b74c-e94e587e4da2,0,0,nan,66.948890,66.948890,nan,nan,nan,nan,0.390071,nan,nan,1,0.000101
opdformer_p_rgb_512,279,420693/42445173/8121.245/e929f299-186a-4f70-bc5c-fe5ffe4a1787,0,0,nan,98.409804,81.590196,nan,nan,nan,nan,0.450980,nan,nan,1,0.000496
opdformer_p_rgb_512,280,420693/42445173/8121.345/10306637-5400-4d53-b74c-e94e587e4da2,0,0,nan,85.176308,85.176308,nan,nan,nan,nan,0.544077,nan,nan,1,0.000062
opdformer_p_rgb_512,281,420693/42445173/8121.345/e929f299-186a-4f70-bc5c-fe5ffe4a1787,0,0,nan,99.160244,80.839756,nan,nan,nan,nan,0.540462,nan,nan,1,0.001735
opdformer_p_rgb_512,282,420693/42445173/8121.445/10306637-5400-4d53-b74c-e94e587e4da2,0,0,nan,44.289135,44.289135,nan,nan,nan,nan,0.576105,nan,nan,1,0.000168
opdformer_p_rgb_512,283,420693/42445173/8121.445/e929f299-186a-4f70-bc5c-fe5ffe4a1787,0,0,nan,128.489522,51.510478,nan,nan,nan,nan,0.457726,nan,nan,1,0.000392
opdformer_p_rgb_512,284,420693/42445173/8121.545/10306637-5400-4d53-b74c-e94e587e4da2,0,0,nan,50.632280,50.632280,nan,nan,nan,nan,0.669643,nan,nan,1,0.000042
opdformer_p_rgb_512,285,420693/42445173/8121.545/e929f299-186a-4f70-bc5c-fe5ffe4a1787,0,0,nan,100.208026,79.791974,nan,nan,nan,nan,0.446750,nan,nan,1,0.000588
opdformer_p_rgb_512,286,420693/42445173/8121.645/10306637-5400-4d53-b74c-e94e587e4da2,0,0,nan,52.174195,52.174195,nan,nan,nan,nan,0.631720,nan,nan,1,0.000119
opdformer_p_rgb_512,287,420693/42445173/8121.645/e929f299-186a-4f70-bc5c-fe5ffe4a1787,0,0,nan,62.818987,62.818987,nan,nan,nan,nan,0.600267,nan,nan,1,0.000075
opdformer_p_rgb_512,288,420693/42445173/8121.745/10306637-5400-4d53-b74c-e94e587e4da2,0,0,nan,62.408560,62.408560,nan,nan,nan,nan,0.601023,nan,nan,1,0.000038
opdformer_p_rgb_512,289,420693/42445173/8121.745/e929f299-186a-4f70-bc5c-fe5ffe4a1787,0,0,nan,95.055953,84.944047,nan,nan,nan,nan,0.481622,nan,nan,1,0.000552
opdformer_p_rgb_512,290,420693/42445173/8121.845/10306637-5400-4d53-b74c-e94e587e4da2,0,0,nan,99.455218,80.544782,nan,nan,nan,nan,0.621879,nan,nan,1,0.000016
opdformer_p_rgb_512,291,420693/42445173/8121.845/e929f299-186a-4f70-bc5c-fe5ffe4a1787,0,0,nan,112.357772,67.642228,nan,nan,nan,nan,0.479319,nan,nan,1,0.000432
opdformer_p_rgb_512,292,420693/42445173/8121.945/10306637-5400-4d53-b74c-e94e587e4da2,0,0,nan,91.769601,88.230399,nan,nan,nan,nan,0.648579,nan,nan,1,0.000023
opdformer_p_rgb_512,293,420693/42445173/8121.945/e929f299-186a-4f70-bc5c-fe5ffe4a1787,0,0,nan,86.725003,86.725003,nan,nan,nan,nan,0.470303,nan,nan,1,0.000466
opdformer_p_rgb_512,294,420693/42445173/8122.045/10306637-5400-4d53-b74c-e94e587e4da2,0,0,nan,19.855821,19.855821,nan,nan,nan,nan,0.666240,nan,nan,1,0.000022
opdformer_p_rgb_512,295,420693/42445173/8122.045/e929f299-186a-4f70-bc5c-fe5ffe4a1787,0,0,nan,72.734569,72.734569,nan,nan,nan,nan,0.451613,nan,nan,1,0.000263
opdformer_p_rgb_512,296,420693/42445173/8122.145/10306637-5400-4d53-b74c-e94e587e4da2,0,0,nan,59.548412,59.548412,nan,nan,nan,nan,0.680778,nan,nan,1,0.000042
opdformer_p_rgb_512,297,420693/42445173/8122.145/e929f299-186a-4f70-bc5c-fe5ffe4a1787,0,0,nan,119.539563,60.460437,nan,nan,nan,nan,0.480355,nan,nan,1,0.000772
opdformer_p_rgb_512,298,420693/42445173/8122.245/10306637-5400-4d53-b74c-e94e587e4da2,0,0,nan,68.283879,68.283879,nan,nan,nan,nan,0.628422,nan,nan,1,0.000054
opdformer_p_rgb_512,299,420693/42445173/8122.245/e929f299-186a-4f70-bc5c-fe5ffe4a1787,0,0,nan,67.602845,67.602845,nan,nan,nan,nan,0.463542,nan,nan,1,0.000871
opdformer_p_rgb_512,300,420693/42445173/8122.345/10306637-5400-4d53-b74c-e94e587e4da2,0,0,nan,61.349781,61.349781,nan,nan,nan,nan,0.663462,nan,nan,1,0.000032
opdformer_p_rgb_512,301,420693/42445173/8122.345/e929f299-186a-4f70-bc5c-fe5ffe4a1787,0,0,nan,94.939909,85.060091,nan,nan,nan,nan,0.572901,nan,nan,1,0.000540
opdformer_p_rgb_512,302,420693/42445173/8122.445/10306637-5400-4d53-b74c-e94e587e4da2,0,0,nan,70.991075,70.991075,nan,nan,nan,nan,0.595948,nan,nan,1,0.000034
opdformer_p_rgb_512,303,420693/42445173/8122.445/e929f299-186a-4f70-bc5c-fe5ffe4a1787,0,0,nan,83.170510,83.170510,nan,nan,nan,nan,0.573269,nan,nan,1,0.001496
opdformer_p_rgb_512,304,420693/42445173/8122.545/10306637-5400-4d53-b74c-e94e587e4da2,0,0,nan,69.024295,69.024295,nan,nan,nan,nan,0.410714,nan,nan,1,0.000016
opdformer_p_rgb_512,305,420693/42445173/8122.545/e929f299-186a-4f70-bc5c-fe5ffe4a1787,0,0,nan,51.223162,51.223162,nan,nan,nan,nan,0.541391,nan,nan,1,0.002208
opdformer_p_rgb_512,306,420693/42445173/8122.645/10306637-5400-4d53-b74c-e94e587e4da2,0,0,nan,80.985438,80.985438,nan,nan,nan,nan,0.421839,nan,nan,1,0.000018
opdformer_p_rgb_512,307,420693/42445173/8122.645/e929f299-186a-4f70-bc5c-fe5ffe4a1787,0,0,nan,86.194086,86.194086,nan,nan,nan,nan,0.563869,nan,nan,1,0.005110
opdformer_p_rgb_512,308,420693/42445173/8122.745/10306637-5400-4d53-b74c-e94e587e4da2,0,0,nan,88.706218,88.706218,nan,nan,nan,nan,0.376426,nan,nan,1,0.002927
opdformer_p_rgb_512,309,420693/42445173/8122.745/e929f299-186a-4f70-bc5c-fe5ffe4a1787,0,0,nan,50.294255,50.294255,nan,nan,nan,nan,0.548023,nan,nan,1,0.000743
opdformer_p_rgb_512,310,420693/42445173/8122.845/10306637-5400-4d53-b74c-e94e587e4da2,0,0,nan,94.023811,85.976189,nan,nan,nan,nan,0.446571,nan,nan,1,0.000030
opdformer_p_rgb_512,311,420693/42445173/8122.845/e929f299-186a-4f70-bc5c-fe5ffe4a1787,0,0,nan,72.470139,72.470139,nan,nan,nan,nan,0.515206,nan,nan,1,0.000869
opdformer_p_rgb_512,312,420693/42445173/8122.944/10306637-5400-4d53-b74c-e94e587e4da2,0,0,nan,89.749623,89.749623,nan,nan,nan,nan,0.351706,nan,nan,1,0.008139
opdformer_p_rgb_512,313,420693/42445173/8122.944/e929f299-186a-4f70-bc5c-fe5ffe4a1787,0,0,nan,76.295443,76.295443,nan,nan,nan,nan,0.543307,nan,nan,1,0.000242
opdformer_p_rgb_512,314,420693/42445173/8123.044/10306637-5400-4d53-b74c-e94e587e4da2,0,0,nan,89.479581,89.479581,nan,nan,nan,nan,0.348285,nan,nan,1,0.005831
opdformer_p_rgb_512,315,420693/42445173/8123.044/e929f299-186a-4f70-bc5c-fe5ffe4a1787,0,0,nan,71.066615,71.066615,nan,nan,nan,nan,0.538760,nan,nan,1,0.000414
opdformer_p_rgb_512,316,420693/42445173/8123.144/10306637-5400-4d53-b74c-e94e587e4da2,0,0,nan,92.206150,87.793850,nan,nan,nan,nan,0.348684,nan,nan,1,0.005995
opdformer_p_rgb_512,317,420693/42445173/8123.144/e929f299-186a-4f70-bc5c-fe5ffe4a1787,0,0,nan,61.351977,61.351977,nan,nan,nan,nan,0.552209,nan,nan,1,0.000625
opdformer_p_rgb_512,318,420693/42445173/8123.244/10306637-5400-4d53-b74c-e94e587e4da2,0,0,nan,85.613908,85.613908,nan,nan,nan,nan,0.321196,nan,nan,1,0.006513
opdformer_p_rgb_512,319,420693/42445173/8123.344/10306637-5400-4d53-b74c-e94e587e4da2,0,0,nan,91.393834,88.606166,nan,nan,nan,nan,0.314839,nan,nan,1,0.010597
opdformer_p_rgb_512,320,420693/42445173/8123.344/e929f299-186a-4f70-bc5c-fe5ffe4a1787,0,0,nan,58.851566,58.851566,nan,nan,nan,nan,0.454545,nan,nan,1,0.000351
opdformer_p_rgb_512,321,420693/42445173/8123.444/10306637-5400-4d53-b74c-e94e587e4da2,0,0,nan,90.259443,89.740557,nan,nan,nan,nan,0.310345,nan,nan,1,0.015027
opdformer_p_rgb_512,322,420693/42445173/8123.444/e929f299-186a-4f70-bc5c-fe5ffe4a1787,0,0,nan,66.151513,66.151513,nan,nan,nan,nan,0.428832,nan,nan,1,0.000344
opdformer_p_rgb_512,323,420693/42445173/8123.544/10306637-5400-4d53-b74c-e94e587e4da2,0,0,nan,85.797843,85.797843,nan,nan,nan,nan,0.311538,nan,nan,1,0.009197
opdformer_p_rgb_512,324,420693/42445173/8123.544/e929f299-186a-4f70-bc5c-fe5ffe4a1787,0,0,nan,51.333186,51.333186,nan,nan,nan,nan,0.463822,nan,nan,1,0.000090
opdformer_p_rgb_512,325,420693/42445173/8123.644/10306637-5400-4d53-b74c-e94e587e4da2,0,0,nan,94.337090,85.662910,nan,nan,nan,nan,0.295547,nan,nan,1,0.018016
opdformer_p_rgb_512,326,420693/42445173/8123.644/e929f299-186a-4f70-bc5c-fe5ffe4a1787,0,0,nan,64.510207,64.510207,nan,nan,nan,nan,0.491770,nan,nan,1,0.000238
opdformer_p_rgb_512,327,420693/42445173/8123.744/10306637-5400-4d53-b74c-e94e587e4da2,0,0,nan,88.706440,88.706440,nan,nan,nan,nan,0.299157,nan,nan,1,0.024502
opdformer_p_rgb_512,328,420693/42445173/8123.744/e929f299-186a-4f70-bc5c-fe5ffe4a1787,0,0,nan,52.862056,52.862056,nan,nan,nan,nan,0.460474,nan,nan,1,0.000200
opdformer_p_rgb_512,329,420693/42445173/8123.844/10306637-5400-4d53-b74c-e94e587e4da2,0,0,nan,90.428007,89.571993,nan,nan,nan,nan,0.288703,nan,nan,1,0.003913
opdformer_p_rgb_512,330,420693/42445173/8123.844/e929f299-186a-4f70-bc5c-fe5ffe4a1787,0,0,nan,69.759516,69.759516,nan,nan,nan,nan,0.463312,nan,nan,1,0.000413
opdformer_p_rgb_512,331,420693/42445173/8123.944/10306637-5400-4d53-b74c-e94e587e4da2,0,0,nan,95.081341,84.918659,nan,nan,nan,nan,0.281583,nan,nan,1,0.002367
opdformer_p_rgb_512,332,420693/42445173/8123.944/e929f299-186a-4f70-bc5c-fe5ffe4a1787,0,0,nan,56.088223,56.088223,nan,nan,nan,nan,0.528169,nan,nan,1,0.000186
opdformer_p_rgb_512,333,420693/42445173/8124.044/10306637-5400-4d53-b74c-e94e587e4da2,0,0,nan,101.619128,78.380872,nan,nan,nan,nan,0.296117,nan,nan,1,0.003159
opdformer_p_rgb_512,334,420693/42445173/8124.044/e929f299-186a-4f70-bc5c-fe5ffe4a1787,0,0,nan,74.815984,74.815984,nan,nan,nan,nan,0.490566,nan,nan,1,0.000116
opdformer_p_rgb_512,335,420693/42445173/8124.144/10306637-5400-4d53-b74c-e94e587e4da2,0,0,nan,89.125915,89.125915,nan,nan,nan,nan,0.264214,nan,nan,1,0.007407
opdformer_p_rgb_512,336,420693/42445173/8124.144/e929f299-186a-4f70-bc5c-fe5ffe4a1787,0,0,nan,36.960101,36.960101,nan,nan,nan,nan,0.447368,nan,nan,1,0.000044
opdformer_p_rgb_512,337,420693/42445173/8124.244/10306637-5400-4d53-b74c-e94e587e4da2,0,0,nan,92.263666,87.736334,nan,nan,nan,nan,0.296564,nan,nan,1,0.051828
opdformer_p_rgb_512,338,420693/42445173/8124.344/10306637-5400-4d53-b74c-e94e587e4da2,0,0,nan,100.932525,79.067475,nan,nan,nan,nan,0.267760,nan,nan,1,0.006870
opdformer_p_rgb_512,339,420693/42445173/8124.444/10306637-5400-4d53-b74c-e94e587e4da2,0,0,nan,72.275098,72.275098,nan,nan,nan,nan,0.300567,nan,nan,1,0.004667
opdformer_p_rgb_512,340,420693/42445173/8124.544/10306637-5400-4d53-b74c-e94e587e4da2,0,0,nan,93.048815,86.951185,nan,nan,nan,nan,0.267135,nan,nan,1,0.008139
opdformer_p_rgb_512,341,420693/42445173/8124.644/10306637-5400-4d53-b74c-e94e587e4da2,0,0,nan,114.355260,65.644740,nan,nan,nan,nan,0.248175,nan,nan,1,0.003259
opdformer_p_rgb_512,342,420693/42445173/8124.744/10306637-5400-4d53-b74c-e94e587e4da2,0,0,nan,150.621844,29.378156,nan,nan,nan,nan,0.286424,nan,nan,1,0.000048
opdformer_p_rgb_512,343,420693/42445173/8124.844/10306637-5400-4d53-b74c-e94e587e4da2,0,0,nan,94.686263,85.313737,nan,nan,nan,nan,0.275742,nan,nan,1,0.012995
opdformer_p_rgb_512,344,420693/42445173/8124.944/10306637-5400-4d53-b74c-e94e587e4da2,0,0,nan,76.720501,76.720501,nan,nan,nan,nan,0.313059,nan,nan,1,0.005855
opdformer_p_rgb_512,345,420693/42445173/8172.741/a36b3f7b-da1a-43de-bf7f-66853430701a,0,0,nan,10.063943,10.063943,nan,nan,nan,nan,0.176583,nan,nan,1,0.000683
opdformer_p_rgb_512,346,420693/42445173/8172.841/a36b3f7b-da1a-43de-bf7f-66853430701a,0,0,nan,4.455155,4.455155,nan,nan,nan,nan,0.274428,nan,nan,1,0.000910
opdformer_p_rgb_512,347,420693/42445173/8172.941/a36b3f7b-da1a-43de-bf7f-66853430701a,0,0,nan,1.203124,1.203124,nan,nan,nan,nan,0.239865,nan,nan,1,0.001902
opdformer_p_rgb_512,348,420693/42445173/8173.041/a36b3f7b-da1a-43de-bf7f-66853430701a,0,0,nan,2.649910,2.649910,nan,nan,nan,nan,0.278571,nan,nan,1,0.969745
opdformer_p_rgb_512,349,420693/42445173/8173.141/a36b3f7b-da1a-43de-bf7f-66853430701a,0,0,nan,4.907132,4.907132,nan,nan,nan,nan,0.247834,nan,nan,1,0.000160
opdformer_p_rgb_512,350,420693/42445173/8173.241/a36b3f7b-da1a-43de-bf7f-66853430701a,0,0,nan,17.178376,17.178376,nan,nan,nan,nan,0.234070,nan,nan,1,0.000049
opdformer_p_rgb_512,351,420693/42445173/8173.341/a36b3f7b-da1a-43de-bf7f-66853430701a,0,0,nan,29.021072,29.021072,nan,nan,nan,nan,0.205596,nan,nan,1,0.000137
opdformer_p_rgb_512,352,420693/42445173/8173.441/a36b3f7b-da1a-43de-bf7f-66853430701a,0,0,nan,10.501562,10.501562,nan,nan,nan,nan,0.228291,nan,nan,1,0.000036
opdformer_p_rgb_512,353,420693/42445173/8228.353/60b855c3-a87a-4add-9616-1e56c6b07836,1,1,nan,84.351663,84.351663,0.974443,0.994347,nan,nan,0.385965,nan,nan,1,0.027949
opdformer_p_rgb_512,354,420693/42445173/8228.453/60b855c3-a87a-4add-9616-1e56c6b07836,1,1,nan,92.187295,87.812705,1.365109,1.411883,nan,nan,0.458937,nan,nan,1,0.002416
opdformer_p_rgb_512,355,420693/42445173/8228.553/60b855c3-a87a-4add-9616-1e56c6b07836,1,1,nan,68.000646,68.000646,1.225407,1.225412,nan,nan,0.505910,nan,nan,1,0.007883
opdformer_p_rgb_512,356,420693/42445173/8228.653/60b855c3-a87a-4add-9616-1e56c6b07836,1,1,nan,81.989531,81.989531,1.460695,1.554336,nan,nan,0.398833,nan,nan,1,0.008679
opdformer_p_rgb_512,357,420693/42445173/8234.250/60b855c3-a87a-4add-9616-1e56c6b07836,1,1,nan,85.075712,85.075712,3.525992,3.530777,nan,nan,0.615819,nan,nan,1,0.005474
opdformer_p_rgb_512,358,420693/42445173/8234.250/6bed72dd-560e-4a8b-9514-f3947aebde36,1,1,nan,75.961702,75.961702,3.814970,3.815032,nan,nan,0.375262,nan,nan,1,0.021767
opdformer_p_rgb_512,359,420693/42445173/8234.350/60b855c3-a87a-4add-9616-1e56c6b07836,1,1,nan,117.176454,62.823546,3.922757,3.928403,nan,nan,0.651399,nan,nan,1,0.011395
opdformer_p_rgb_512,360,420693/42445173/8234.350/6bed72dd-560e-4a8b-9514-f3947aebde36,1,1,nan,129.187616,50.812384,3.533066,3.536258,nan,nan,0.609865,nan,nan,1,0.002368
opdformer_p_rgb_512,361,420693/42445173/8234.450/60b855c3-a87a-4add-9616-1e56c6b07836,1,1,nan,98.640309,81.359691,2.974243,2.987680,nan,nan,0.568306,nan,nan,1,0.002110
opdformer_p_rgb_512,362,420693/42445173/8234.450/6bed72dd-560e-4a8b-9514-f3947aebde36,1,1,nan,87.257192,87.257192,2.900148,3.028956,nan,nan,0.408163,nan,nan,1,0.001279
opdformer_p_rgb_512,363,420693/42445173/8234.550/60b855c3-a87a-4add-9616-1e56c6b07836,1,1,nan,149.515110,30.484890,3.179461,3.530503,nan,nan,0.590994,nan,nan,1,0.000312
opdformer_p_rgb_512,364,420693/42445173/8234.550/6bed72dd-560e-4a8b-9514-f3947aebde36,1,1,nan,49.506396,49.506396,0.871103,1.742497,nan,nan,0.371166,nan,nan,1,0.000337
opdformer_p_rgb_512,365,420693/42445173/8234.650/60b855c3-a87a-4add-9616-1e56c6b07836,1,1,nan,57.697793,57.697793,0.286006,1.017561,nan,nan,0.175347,nan,nan,1,0.001986
opdformer_p_rgb_512,366,420693/42445173/8234.650/6bed72dd-560e-4a8b-9514-f3947aebde36,1,1,nan,28.407708,28.407708,0.138471,1.024525,nan,nan,0.458237,nan,nan,1,0.001101
opdformer_p_rgb_512,367,420693/42445173/8234.850/bfae3b6c-30bc-4f5a-933a-3ad7b03a2740,0,-1,nan,90.000000,90.000000,nan,nan,nan,nan,0.000000,nan,nan,0,nan
opdformer_p_rgb_512,368,420693/42445173/8234.950/bfae3b6c-30bc-4f5a-933a-3ad7b03a2740,0,-1,nan,90.000000,90.000000,nan,nan,nan,nan,0.000000,nan,nan,0,nan
opdformer_p_rgb_512,369,420693/42445173/8235.050/bfae3b6c-30bc-4f5a-933a-3ad7b03a2740,0,-1,nan,90.000000,90.000000,nan,nan,nan,nan,0.000000,nan,nan,0,nan
opdformer_p_rgb_512,370,420693/42445173/8235.150/bfae3b6c-30bc-4f5a-933a-3ad7b03a2740,0,-1,nan,90.000000,90.000000,nan,nan,nan,nan,0.000000,nan,nan,0,nan
opdformer_p_rgb_512,371,420693/42445173/8235.250/bfae3b6c-30bc-4f5a-933a-3ad7b03a2740,0,-1,nan,90.000000,90.000000,nan,nan,nan,nan,0.000000,nan,nan,0,nan
opdformer_p_rgb_512,372,420693/42445173/8235.350/bfae3b6c-30bc-4f5a-933a-3ad7b03a2740,0,-1,nan,90.000000,90.000000,nan,nan,nan,nan,0.000000,nan,nan,0,nan
opdformer_p_rgb_512,373,420693/42445173/8235.450/bfae3b6c-30bc-4f5a-933a-3ad7b03a2740,0,-1,nan,90.000000,90.000000,nan,nan,nan,nan,0.000000,nan,nan,0,nan
opdformer_p_rgb_512,374,420693/42445173/8235.550/bfae3b6c-30bc-4f5a-933a-3ad7b03a2740,0,0,nan,81.474489,81.474489,nan,nan,nan,nan,0.058431,nan,nan,1,0.000522
opdformer_p_rgb_512,375,420693/42445173/8235.650/5c4018df-0a9d-4fed-8eb9-9893ee9b801a,1,1,nan,17.039074,17.039074,0.469663,0.549023,nan,nan,0.498054,nan,nan,1,0.000483
opdformer_p_rgb_512,376,420693/42445173/8235.650/8c9b1b0d-2687-4230-a567-95f50effe7b5,0,-1,nan,90.000000,90.000000,nan,nan,nan,nan,0.000000,nan,nan,0,nan
opdformer_p_rgb_512,377,420693/42445173/8235.650/bfae3b6c-30bc-4f5a-933a-3ad7b03a2740,0,0,nan,105.821779,74.178221,nan,nan,nan,nan,0.047814,nan,nan,1,0.000374
opdformer_p_rgb_512,378,420693/42445173/8235.750/5c4018df-0a9d-4fed-8eb9-9893ee9b801a,1,1,nan,21.444247,21.444247,0.360983,0.474833,nan,nan,0.383155,nan,nan,1,0.000287
opdformer_p_rgb_512,379,420693/42445173/8235.750/8c9b1b0d-2687-4230-a567-95f50effe7b5,0,-1,nan,90.000000,90.000000,nan,nan,nan,nan,0.000000,nan,nan,0,nan
opdformer_p_rgb_512,380,420693/42445173/8235.750/bfae3b6c-30bc-4f5a-933a-3ad7b03a2740,0,-1,nan,90.000000,90.000000,nan,nan,nan,nan,0.000000,nan,nan,0,nan
opdformer_p_rgb_512,381,420693/42445173/8235.850/8c9b1b0d-2687-4230-a567-95f50effe7b5,0,0,nan,89.211665,89.211665,nan,nan,nan,nan,0.002045,nan,nan,1,0.000384
opdformer_p_rgb_512,382,420693/42445173/8235.850/bfae3b6c-30bc-4f5a-933a-3ad7b03a2740,0,0,nan,60.795685,60.795685,nan,nan,nan,nan,0.038732,nan,nan,1,0.000696
opdformer_p_rgb_512,383,420693/42445173/8235.950/8c9b1b0d-2687-4230-a567-95f50effe7b5,0,-1,nan,90.000000,90.000000,nan,nan,nan,nan,0.000000,nan,nan,0,nan
opdformer_p_rgb_512,384,420693/42445173/8235.950/bfae3b6c-30bc-4f5a-933a-3ad7b03a2740,0,0,nan,80.090758,80.090758,nan,nan,nan,nan,0.254422,nan,nan,1,0.001200
opdformer_p_rgb_512,385,420693/42445173/8236.050/8c9b1b0d-2687-4230-a567-95f50effe7b5,0,-1,nan,90.000000,90.000000,nan,nan,nan,nan,0.000000,nan,nan,0,nan
opdformer_p_rgb_512,386,420693/42445173/8236.150/8c9b1b0d-2687-4230-a567-95f50effe7b5,0,0,nan,115.027687,64.972313,nan,nan,nan,nan,0.055652,nan,nan,1,0.000843
opdformer_p_rgb_512,387,420693/42445173/8236.249/8c9b1b0d-2687-4230-a567-95f50effe7b5,0,0,nan,72.780685,72.780685,nan,nan,nan,nan,0.307155,nan,nan,1,0.002746
opdformer_p_rgb_512,388,420693/42445173/8239.848/1d54d368-d1f7-4a3a-be77-4132ef017919,1,-1,nan,90.000000,90.000000,nan,nan,nan,nan,0.000000,nan,nan,0,nan
opdformer_p_rgb_512,389,420693/42445173/8239.948/1d54d368-d1f7-4a3a-be77-4132ef017919,1,-1,nan,90.000000,90.000000,nan,nan,nan,nan,0.000000,nan,nan,0,nan
opdformer_p_rgb_512,390,420693/42445173/8240.048/1d54d368-d1f7-4a3a-be77-4132ef017919,1,1,nan,54.931266,54.931266,1.085213,1.085341,nan,nan,0.031579,nan,nan,1,0.003072
opdformer_p_rgb_512,391,420693/42445173/8240.148/1d54d368-d1f7-4a3a-be77-4132ef017919,1,1,nan,17.160823,17.160823,1.221170,1.238949,nan,nan,0.038409,nan,nan,1,0.002299
opdformer_p_rgb_512,392,420693/42445173/8240.248/1d54d368-d1f7-4a3a-be77-4132ef017919,1,1,nan,16.287112,16.287112,1.340582,1.350294,nan,nan,0.039244,nan,nan,1,0.002669
opdformer_p_rgb_512,393,420693/42445173/8241.947/df28757e-d9cf-43e7-9ac1-709bc6abe476,1,1,nan,9.076695,9.076695,0.753029,0.764986,nan,nan,0.001321,nan,nan,1,0.002840
opdformer_p_rgb_512,394,420693/42445173/8242.047/df28757e-d9cf-43e7-9ac1-709bc6abe476,1,1,nan,62.920566,62.920566,0.265292,0.265780,nan,nan,0.208042,nan,nan,1,0.001870
opdformer_p_rgb_512,395,420693/42445173/8242.147/df28757e-d9cf-43e7-9ac1-709bc6abe476,1,0,nan,50.124387,50.124387,0.266825,0.268503,nan,nan,0.442270,nan,nan,1,0.004657
opdformer_p_rgb_512,396,420693/42445173/8262.539/10306637-5400-4d53-b74c-e94e587e4da2,0,0,nan,143.798497,36.201503,nan,nan,nan,nan,0.404834,nan,nan,1,0.006579
opdformer_p_rgb_512,397,420693/42445173/8262.639/10306637-5400-4d53-b74c-e94e587e4da2,0,0,nan,101.293525,78.706475,nan,nan,nan,nan,0.345161,nan,nan,1,0.000057
opdformer_p_rgb_512,398,420693/42445173/8262.639/e929f299-186a-4f70-bc5c-fe5ffe4a1787,0,0,nan,127.634428,52.365572,nan,nan,nan,nan,0.547993,nan,nan,1,0.002062
opdformer_p_rgb_512,399,420693/42445173/8262.739/e929f299-186a-4f70-bc5c-fe5ffe4a1787,0,0,nan,73.652798,73.652798,nan,nan,nan,nan,0.518456,nan,nan,1,0.002070
opdformer_p_rgb_512,400,420693/42445173/8262.839/e929f299-186a-4f70-bc5c-fe5ffe4a1787,0,0,nan,22.667263,22.667263,nan,nan,nan,nan,0.575085,nan,nan,1,0.000032
opdformer_p_rgb_512,401,420693/42445173/8262.939/10306637-5400-4d53-b74c-e94e587e4da2,0,0,nan,19.378288,19.378288,nan,nan,nan,nan,0.488304,nan,nan,1,0.000094
opdformer_p_rgb_512,402,420693/42445173/8262.939/e929f299-186a-4f70-bc5c-fe5ffe4a1787,0,0,nan,12.992264,12.992264,nan,nan,nan,nan,0.563452,nan,nan,1,0.000052
opdformer_p_rgb_512,403,420693/42445173/8263.039/10306637-5400-4d53-b74c-e94e587e4da2,0,0,nan,14.941638,14.941638,nan,nan,nan,nan,0.386010,nan,nan,1,0.000582
opdformer_p_rgb_512,404,420693/42445173/8263.039/e929f299-186a-4f70-bc5c-fe5ffe4a1787,0,0,nan,12.898678,12.898678,nan,nan,nan,nan,0.581560,nan,nan,1,0.000382
opdformer_p_rgb_512,405,420693/42445173/8263.139/10306637-5400-4d53-b74c-e94e587e4da2,0,0,nan,23.751942,23.751942,nan,nan,nan,nan,0.531553,nan,nan,1,0.000331
opdformer_p_rgb_512,406,420693/42445173/8263.139/e929f299-186a-4f70-bc5c-fe5ffe4a1787,0,0,nan,23.197187,23.197187,nan,nan,nan,nan,0.501880,nan,nan,1,0.000195
opdformer_p_rgb_512,407,420693/42445173/8263.239/10306637-5400-4d53-b74c-e94e587e4da2,0,0,nan,15.651897,15.651897,nan,nan,nan,nan,0.484043,nan,nan,1,0.000068
opdformer_p_rgb_512,408,420693/42445173/8263.239/e929f299-186a-4f70-bc5c-fe5ffe4a1787,0,0,nan,14.320670,14.320670,nan,nan,nan,nan,0.570909,nan,nan,1,0.000109
opdformer_p_rgb_512,409,420693/42445173/8263.339/e929f299-186a-4f70-bc5c-fe5ffe4a1787,0,0,nan,44.066151,44.066151,nan,nan,nan,nan,0.429787,nan,nan,1,0.000251
opdformer_p_rgb_512,410,420693/42445173/8263.439/e929f299-186a-4f70-bc5c-fe5ffe4a1787,0,0,nan,124.234810,55.765190,nan,nan,nan,nan,0.502273,nan,nan,1,0.000639
opdformer_p_rgb_512,411,420693/42445173/8263.539/e929f299-186a-4f70-bc5c-fe5ffe4a1787,0,0,nan,70.799683,70.799683,nan,nan,nan,nan,0.478365,nan,nan,1,0.000420
opdformer_p_rgb_512,412,420693/42445173/8263.639/e929f299-186a-4f70-bc5c-fe5ffe4a1787,0,0,nan,128.376409,51.623591,nan,nan,nan,nan,0.461972,nan,nan,1,0.000831
opdformer_p_rgb_512,413,420693/42445173/8263.739/e929f299-186a-4f70-bc5c-fe5ffe4a1787,0,-1,nan,90.000000,90.000000,nan,nan,nan,nan,0.000000,nan,nan,0,nan
opdformer_p_rgb_512,414,420693/42445173/8263.839/e929f299-186a-4f70-bc5c-fe5ffe4a1787,0,0,nan,52.571985,52.571985,nan,nan,nan,nan,0.488294,nan,nan,1,0.000455
opdformer_p_rgb_512,415,420693/42445173/8263.939/e929f299-186a-4f70-bc5c-fe5ffe4a1787,0,0,nan,73.365561,73.365561,nan,nan,nan,nan,0.510417,nan,nan,1,0.000300
opdformer_p_rgb_512,416,421264/42444883/102365.116/e77b474b-d32a-4ebc-96e5-85712c18ad26,0,0,nan,119.183720,60.816280,nan,nan,nan,nan,0.495614,nan,nan,1,0.000027
opdformer_p_rgb_512,417,421264/42444883/102365.216/e77b474b-d32a-4ebc-96e5-85712c18ad26,0,0,nan,140.669497,39.330503,nan,nan,nan,nan,0.472393,nan,nan,1,0.000012
opdformer_p_rgb_512,418,421264/42444883/102365.316/e77b474b-d32a-4ebc-96e5-85712c18ad26,0,0,nan,116.778631,63.221369,nan,nan,nan,nan,0.496933,nan,nan,1,0.000021
opdformer_p_rgb_512,419,421264/42444883/102365.416/e77b474b-d32a-4ebc-96e5-85712c18ad26,0,0,nan,141.582415,38.417585,nan,nan,nan,nan,0.486316,nan,nan,1,0.000051
opdformer_p_rgb_512,420,421264/42444883/102365.516/e77b474b-d32a-4ebc-96e5-85712c18ad26,0,0,nan,114.501951,65.498049,nan,nan,nan,nan,0.486258,nan,nan,1,0.000059
opdformer_p_rgb_512,421,421264/42444883/102365.616/e77b474b-d32a-4ebc-96e5-85712c18ad26,0,0,nan,69.427762,69.427762,nan,nan,nan,nan,0.477670,nan,nan,1,0.000017
opdformer_p_rgb_512,422,421264/42444883/102365.716/e77b474b-d32a-4ebc-96e5-85712c18ad26,0,0,nan,43.999014,43.999014,nan,nan,nan,nan,0.526998,nan,nan,1,0.000006
opdformer_p_rgb_512,423,421264/42444883/102365.816/e77b474b-d32a-4ebc-96e5-85712c18ad26,0,0,nan,25.775324,25.775324,nan,nan,nan,nan,0.482213,nan,nan,1,0.000003
opdformer_p_rgb_512,424,421264/42444883/102365.916/e77b474b-d32a-4ebc-96e5-85712c18ad26,0,0,nan,22.678247,22.678247,nan,nan,nan,nan,0.518887,nan,nan,1,0.000002
opdformer_p_rgb_512,425,421264/42444883/102366.015/e77b474b-d32a-4ebc-96e5-85712c18ad26,0,0,nan,47.770426,47.770426,nan,nan,nan,nan,0.552239,nan,nan,1,0.000003
opdformer_p_rgb_512,426,421264/42444883/102368.115/e77b474b-d32a-4ebc-96e5-85712c18ad26,0,0,nan,10.896451,10.896451,nan,nan,nan,nan,0.633588,nan,nan,1,0.000022
opdformer_p_rgb_512,427,421264/42444883/102368.215/e77b474b-d32a-4ebc-96e5-85712c18ad26,0,0,nan,41.301322,41.301322,nan,nan,nan,nan,0.651558,nan,nan,1,0.000016
opdformer_p_rgb_512,428,421264/42444883/102368.315/e77b474b-d32a-4ebc-96e5-85712c18ad26,0,0,nan,8.992244,8.992244,nan,nan,nan,nan,0.627907,nan,nan,1,0.039537
opdformer_p_rgb_512,429,421264/42444883/102369.114/5072aa13-95a4-4a3a-aa40-76de86cce9b3,1,1,nan,8.333398,8.333398,0.135960,0.183179,nan,nan,0.109489,nan,nan,1,0.000061
opdformer_p_rgb_512,430,421264/42444883/102369.214/5072aa13-95a4-4a3a-aa40-76de86cce9b3,1,1,nan,7.695477,7.695477,0.084260,0.177674,nan,nan,0.193443,nan,nan,1,0.000030
opdformer_p_rgb_512,431,421264/42444883/102369.314/5072aa13-95a4-4a3a-aa40-76de86cce9b3,1,1,nan,5.711631,5.711631,0.085083,0.143389,nan,nan,0.329513,nan,nan,1,0.000022
opdformer_p_rgb_512,432,421264/42444883/102369.414/5072aa13-95a4-4a3a-aa40-76de86cce9b3,1,1,nan,7.082409,7.082409,0.067363,0.191538,nan,nan,0.322204,nan,nan,1,0.000091
opdformer_p_rgb_512,433,421264/42444883/102369.514/5072aa13-95a4-4a3a-aa40-76de86cce9b3,1,1,nan,8.457803,8.457803,0.103253,0.190586,nan,nan,0.271704,nan,nan,1,0.000168
opdformer_p_rgb_512,434,421264/42444883/102369.614/5072aa13-95a4-4a3a-aa40-76de86cce9b3,1,1,nan,6.035363,6.035363,0.027774,0.055148,nan,nan,0.224688,nan,nan,1,0.000102
opdformer_p_rgb_512,435,421264/42444883/102369.714/5072aa13-95a4-4a3a-aa40-76de86cce9b3,1,1,nan,6.309139,6.309139,0.015584,0.036885,nan,nan,0.170431,nan,nan,1,0.000134
opdformer_p_rgb_512,436,421264/42444885/102405.716/5072aa13-95a4-4a3a-aa40-76de86cce9b3,1,1,nan,7.268251,7.268251,0.228524,0.342260,nan,nan,0.269325,nan,nan,1,0.000039
opdformer_p_rgb_512,437,421264/42444885/102405.816/5072aa13-95a4-4a3a-aa40-76de86cce9b3,1,1,nan,8.146535,8.146535,0.146828,0.196842,nan,nan,0.345188,nan,nan,1,0.000029
opdformer_p_rgb_512,438,421264/42444885/102407.015/e77b474b-d32a-4ebc-96e5-85712c18ad26,0,0,nan,22.698966,22.698966,nan,nan,nan,nan,0.486692,nan,nan,1,0.000002
opdformer_p_rgb_512,439,421264/42444885/102407.115/e77b474b-d32a-4ebc-96e5-85712c18ad26,0,0,nan,31.665372,31.665372,nan,nan,nan,nan,0.496047,nan,nan,1,0.000003
opdformer_p_rgb_512,440,421264/42444885/102407.215/e77b474b-d32a-4ebc-96e5-85712c18ad26,0,0,nan,18.836831,18.836831,nan,nan,nan,nan,0.481953,nan,nan,1,0.000019
opdformer_p_rgb_512,441,421264/42444885/102407.315/e77b474b-d32a-4ebc-96e5-85712c18ad26,0,0,nan,41.994770,41.994770,nan,nan,nan,nan,0.548223,nan,nan,1,0.000010
opdformer_p_rgb_512,442,421264/42444887/102512.806/e77b474b-d32a-4ebc-96e5-85712c18ad26,0,0,nan,3.782100,3.782100,nan,nan,nan,nan,0.507212,nan,nan,1,0.000537
opdformer_p_rgb_512,443,421264/42444887/102512.906/e77b474b-d32a-4ebc-96e5-85712c18ad26,0,0,nan,7.750789,7.750789,nan,nan,nan,nan,0.463659,nan,nan,1,0.000114
opdformer_p_rgb_512,444,421264/42444887/102514.305/e77b474b-d32a-4ebc-96e5-85712c18ad26,0,0,nan,11.192043,11.192043,nan,nan,nan,nan,0.487624,nan,nan,1,0.000039
opdformer_p_rgb_512,445,421264/42444887/102514.405/e77b474b-d32a-4ebc-96e5-85712c18ad26,0,0,nan,15.949100,15.949100,nan,nan,nan,nan,0.512472,nan,nan,1,0.000027
opdformer_p_rgb_512,446,421264/42444887/102514.505/e77b474b-d32a-4ebc-96e5-85712c18ad26,0,0,nan,11.571338,11.571338,nan,nan,nan,nan,0.469083,nan,nan,1,0.000014
opdformer_p_rgb_512,447,421264/42444887/102514.605/e77b474b-d32a-4ebc-96e5-85712c18ad26,0,0,nan,10.109206,10.109206,nan,nan,nan,nan,0.479810,nan,nan,1,0.078868
opdformer_p_rgb_512,448,421264/42444887/102514.705/e77b474b-d32a-4ebc-96e5-85712c18ad26,0,0,nan,9.169466,9.169466,nan,nan,nan,nan,0.498795,nan,nan,1,0.007336
opdformer_p_rgb_512,449,421264/42444887/102514.805/e77b474b-d32a-4ebc-96e5-85712c18ad26,0,0,nan,7.662334,7.662334,nan,nan,nan,nan,0.516355,nan,nan,1,0.000026
opdformer_p_rgb_512,450,421264/42444887/102514.905/e77b474b-d32a-4ebc-96e5-85712c18ad26,0,0,nan,6.894418,6.894418,nan,nan,nan,nan,0.472505,nan,nan,1,0.000369
opdformer_p_rgb_512,451,421264/42444887/102515.005/e77b474b-d32a-4ebc-96e5-85712c18ad26,0,0,nan,5.974511,5.974511,nan,nan,nan,nan,0.487912,nan,nan,1,0.000963
opdformer_p_rgb_512,452,421386/42445451/149606.831/8ccd2cb4-64f0-4135-b1fe-ac88647e1497,0,0,nan,51.580460,51.580460,nan,nan,nan,nan,0.528351,nan,nan,1,0.000047
opdformer_p_rgb_512,453,421386/42445451/149606.931/8ccd2cb4-64f0-4135-b1fe-ac88647e1497,0,0,nan,44.788503,44.788503,nan,nan,nan,nan,0.600601,nan,nan,1,0.001275
opdformer_p_rgb_512,454,421386/42445451/149607.131/8ccd2cb4-64f0-4135-b1fe-ac88647e1497,0,0,nan,54.046163,54.046163,nan,nan,nan,nan,0.622024,nan,nan,1,0.000119
opdformer_p_rgb_512,455,422182/42445804/67813.322/aa4c5b08-ebdf-4002-b106-fcdcd6da709b,0,0,nan,63.182831,63.182831,nan,nan,nan,nan,0.056934,nan,nan,1,0.003017
opdformer_p_rgb_512,456,422182/42445804/67813.422/aa4c5b08-ebdf-4002-b106-fcdcd6da709b,0,0,nan,30.656274,30.656274,nan,nan,nan,nan,0.266824,nan,nan,1,0.001494
opdformer_p_rgb_512,457,422182/42445804/67813.522/aa4c5b08-ebdf-4002-b106-fcdcd6da709b,0,0,nan,60.348505,60.348505,nan,nan,nan,nan,0.490347,nan,nan,1,0.000688
opdformer_p_rgb_512,458,422182/42445804/67813.622/aa4c5b08-ebdf-4002-b106-fcdcd6da709b,0,0,nan,36.115200,36.115200,nan,nan,nan,nan,0.535270,nan,nan,1,0.000445
opdformer_p_rgb_512,459,422182/42445804/67813.722/aa4c5b08-ebdf-4002-b106-fcdcd6da709b,0,0,nan,39.870742,39.870742,nan,nan,nan,nan,0.495963,nan,nan,1,0.001964
opdformer_p_rgb_512,460,422182/42445804/67827.416/aa4c5b08-ebdf-4002-b106-fcdcd6da709b,0,-1,nan,90.000000,90.000000,nan,nan,nan,nan,0.000000,nan,nan,0,nan
opdformer_p_rgb_512,461,422182/42445804/67827.516/aa4c5b08-ebdf-4002-b106-fcdcd6da709b,0,-1,nan,90.000000,90.000000,nan,nan,nan,nan,0.000000,nan,nan,0,nan
opdformer_p_rgb_512,462,422182/42445804/67827.616/aa4c5b08-ebdf-4002-b106-fcdcd6da709b,0,-1,nan,90.000000,90.000000,nan,nan,nan,nan,0.000000,nan,nan,0,nan
opdformer_p_rgb_512,463,422182/42445804/67827.716/aa4c5b08-ebdf-4002-b106-fcdcd6da709b,0,-1,nan,90.000000,90.000000,nan,nan,nan,nan,0.000000,nan,nan,0,nan
opdformer_p_rgb_512,464,422182/42445804/67827.816/aa4c5b08-ebdf-4002-b106-fcdcd6da709b,0,-1,nan,90.000000,90.000000,nan,nan,nan,nan,0.000000,nan,nan,0,nan
opdformer_p_rgb_512,465,422182/42445804/67827.916/aa4c5b08-ebdf-4002-b106-fcdcd6da709b,0,-1,nan,90.000000,90.000000,nan,nan,nan,nan,0.000000,nan,nan,0,nan
opdformer_p_rgb_512,466,422182/42445804/67828.016/aa4c5b08-ebdf-4002-b106-fcdcd6da709b,0,-1,nan,90.000000,90.000000,nan,nan,nan,nan,0.000000,nan,nan,0,nan
opdformer_p_rgb_512,467,422182/42445804/67828.116/aa4c5b08-ebdf-4002-b106-fcdcd6da709b,0,-1,nan,90.000000,90.000000,nan,nan,nan,nan,0.000000,nan,nan,0,nan
opdformer_p_rgb_512,468,422182/42445804/67828.216/aa4c5b08-ebdf-4002-b106-fcdcd6da709b,0,-1,nan,90.000000,90.000000,nan,nan,nan,nan,0.000000,nan,nan,0,nan
opdformer_p_rgb_512,469,422182/42445804/67839.911/bed5673d-8341-47b4-a8dd-dd94d1539d6e,0,-1,nan,90.000000,90.000000,nan,nan,nan,nan,0.000000,nan,nan,0,nan
opdformer_p_rgb_512,470,422378/42447307/409819.100/faceecf8-a82f-4c16-84b6-ca6ccd385af8,0,0,nan,22.228570,22.228570,nan,nan,nan,nan,0.731266,nan,nan,1,0.001686
opdformer_p_rgb_512,471,422378/42447307/409819.200/faceecf8-a82f-4c16-84b6-ca6ccd385af8,0,0,nan,60.817148,60.817148,nan,nan,nan,nan,0.627494,nan,nan,1,0.002000
opdformer_p_rgb_512,472,422378/42447307/409819.300/faceecf8-a82f-4c16-84b6-ca6ccd385af8,0,0,nan,73.564085,73.564085,nan,nan,nan,nan,0.577465,nan,nan,1,0.001797
opdformer_p_rgb_512,473,422378/42447307/409819.400/faceecf8-a82f-4c16-84b6-ca6ccd385af8,0,0,nan,35.917988,35.917988,nan,nan,nan,nan,0.611440,nan,nan,1,0.004397
opdformer_p_rgb_512,474,422378/42447307/409819.500/faceecf8-a82f-4c16-84b6-ca6ccd385af8,0,0,nan,46.626296,46.626296,nan,nan,nan,nan,0.509946,nan,nan,1,0.001926
opdformer_p_rgb_512,475,422378/42447307/409819.599/faceecf8-a82f-4c16-84b6-ca6ccd385af8,0,0,nan,38.238346,38.238346,nan,nan,nan,nan,0.543071,nan,nan,1,0.003686
opdformer_p_rgb_512,476,422378/42447307/409819.699/faceecf8-a82f-4c16-84b6-ca6ccd385af8,0,0,nan,45.355975,45.355975,nan,nan,nan,nan,0.522463,nan,nan,1,0.008260
opdformer_p_rgb_512,477,422378/42447307/409914.094/8af04818-4685-4c12-ae09-800e5256def1,0,0,nan,35.503341,35.503341,nan,nan,nan,nan,0.275724,nan,nan,1,0.000430
opdformer_p_rgb_512,478,422378/42447307/409914.194/8af04818-4685-4c12-ae09-800e5256def1,0,-1,nan,90.000000,90.000000,nan,nan,nan,nan,0.000000,nan,nan,0,nan
opdformer_p_rgb_512,479,422378/42447307/409914.294/8af04818-4685-4c12-ae09-800e5256def1,0,0,nan,51.414243,51.414243,nan,nan,nan,nan,0.030185,nan,nan,1,0.000612
opdformer_p_rgb_512,480,422378/42447307/409914.394/8af04818-4685-4c12-ae09-800e5256def1,0,0,nan,54.420605,54.420605,nan,nan,nan,nan,0.480519,nan,nan,1,0.000236
opdformer_p_rgb_512,481,422378/42447307/409914.494/8af04818-4685-4c12-ae09-800e5256def1,0,0,nan,25.799084,25.799084,nan,nan,nan,nan,0.542932,nan,nan,1,0.000736
opdformer_p_rgb_512,482,422378/42447307/409914.594/8af04818-4685-4c12-ae09-800e5256def1,0,0,nan,27.918196,27.918196,nan,nan,nan,nan,0.001082,nan,nan,1,0.000498
opdformer_p_rgb_512,483,422378/42447307/409914.694/8af04818-4685-4c12-ae09-800e5256def1,0,0,nan,23.688789,23.688789,nan,nan,nan,nan,0.502822,nan,nan,1,0.002150
opdformer_p_rgb_512,484,422378/42447307/409914.794/8af04818-4685-4c12-ae09-800e5256def1,0,0,nan,8.114254,8.114254,nan,nan,nan,nan,0.464523,nan,nan,1,0.000301
opdformer_p_rgb_512,485,422378/42447307/409914.894/8af04818-4685-4c12-ae09-800e5256def1,0,0,nan,11.356685,11.356685,nan,nan,nan,nan,0.375789,nan,nan,1,0.000379
opdformer_p_rgb_512,486,422378/42447307/409914.993/8af04818-4685-4c12-ae09-800e5256def1,0,0,nan,58.252436,58.252436,nan,nan,nan,nan,0.171537,nan,nan,1,0.000259
opdformer_p_rgb_512,487,422378/42447307/409915.093/8af04818-4685-4c12-ae09-800e5256def1,0,0,nan,56.031607,56.031607,nan,nan,nan,nan,0.071429,nan,nan,1,0.000224
opdformer_p_rgb_512,488,422378/42447307/409915.193/8af04818-4685-4c12-ae09-800e5256def1,0,0,nan,25.167501,25.167501,nan,nan,nan,nan,0.117042,nan,nan,1,0.000431
opdformer_p_rgb_512,489,422378/42447307/409915.293/8af04818-4685-4c12-ae09-800e5256def1,0,0,nan,19.481296,19.481296,nan,nan,nan,nan,0.065781,nan,nan,1,0.000182
opdformer_p_rgb_512,490,422378/42447307/409915.393/8af04818-4685-4c12-ae09-800e5256def1,0,0,nan,14.320129,14.320129,nan,nan,nan,nan,0.151005,nan,nan,1,0.000216
opdformer_p_rgb_512,491,422378/42447307/409915.493/8af04818-4685-4c12-ae09-800e5256def1,0,0,nan,35.774278,35.774278,nan,nan,nan,nan,0.390759,nan,nan,1,0.000232
opdformer_p_rgb_512,492,422378/42447307/409915.593/8af04818-4685-4c12-ae09-800e5256def1,0,0,nan,59.799114,59.799114,nan,nan,nan,nan,0.096479,nan,nan,1,0.000234
opdformer_p_rgb_512,493,422378/42447307/409915.693/8af04818-4685-4c12-ae09-800e5256def1,0,0,nan,47.356794,47.356794,nan,nan,nan,nan,0.115438,nan,nan,1,0.000201
opdformer_p_rgb_512,494,422378/42447307/409915.793/8af04818-4685-4c12-ae09-800e5256def1,0,-1,nan,90.000000,90.000000,nan,nan,nan,nan,0.000000,nan,nan,0,nan
opdformer_p_rgb_512,495,422378/42447307/409915.893/8af04818-4685-4c12-ae09-800e5256def1,0,-1,nan,90.000000,90.000000,nan,nan,nan,nan,0.000000,nan,nan,0,nan
opdformer_p_rgb_512,496,422378/42447307/409915.993/8af04818-4685-4c12-ae09-800e5256def1,0,-1,nan,90.000000,90.000000,nan,nan,nan,nan,0.000000,nan,nan,0,nan
opdformer_p_rgb_512,497,422378/42447307/409916.093/8af04818-4685-4c12-ae09-800e5256def1,0,-1,nan,90.000000,90.000000,nan,nan,nan,nan,0.000000,nan,nan,0,nan
opdformer_p_rgb_512,498,422378/42447307/409916.193/8af04818-4685-4c12-ae09-800e5256def1,0,-1,nan,90.000000,90.000000,nan,nan,nan,nan,0.000000,nan,nan,0,nan
opdformer_p_rgb_512,499,422378/42447307/409916.293/8af04818-4685-4c12-ae09-800e5256def1,0,-1,nan,90.000000,90.000000,nan,nan,nan,nan,0.000000,nan,nan,0,nan
opdformer_p_rgb_512,500,422378/42447307/409916.393/8af04818-4685-4c12-ae09-800e5256def1,0,-1,nan,90.000000,90.000000,nan,nan,nan,nan,0.000000,nan,nan,0,nan
opdformer_p_rgb_512,501,422378/42447307/409916.493/8af04818-4685-4c12-ae09-800e5256def1,0,-1,nan,90.000000,90.000000,nan,nan,nan,nan,0.000000,nan,nan,0,nan
opdformer_p_rgb_512,502,422378/42447307/409916.593/8af04818-4685-4c12-ae09-800e5256def1,0,-1,nan,90.000000,90.000000,nan,nan,nan,nan,0.000000,nan,nan,0,nan
opdformer_p_rgb_512,503,422378/42447307/409947.397/09ac92eb-bd5e-42cd-9f16-1c49db3bd921,1,1,nan,142.556454,37.443546,0.761244,0.764224,nan,nan,0.311020,nan,nan,1,0.000153
opdformer_p_rgb_512,504,422378/42447307/409947.497/09ac92eb-bd5e-42cd-9f16-1c49db3bd921,1,1,nan,119.503043,60.496957,0.649254,0.659582,nan,nan,0.385925,nan,nan,1,0.000162
opdformer_p_rgb_512,505,422378/42447307/409947.597/09ac92eb-bd5e-42cd-9f16-1c49db3bd921,1,1,nan,45.632788,45.632788,0.497234,0.528545,nan,nan,0.405874,nan,nan,1,0.000091
opdformer_p_rgb_512,506,422378/42447307/409947.697/09ac92eb-bd5e-42cd-9f16-1c49db3bd921,1,1,nan,84.348182,84.348182,0.649049,0.660772,nan,nan,0.347158,nan,nan,1,0.000179
opdformer_p_rgb_512,507,422378/42447307/409947.797/09ac92eb-bd5e-42cd-9f16-1c49db3bd921,1,1,nan,12.542304,12.542304,0.703689,0.711028,nan,nan,0.329287,nan,nan,1,0.000599
opdformer_p_rgb_512,508,422378/42447307/409947.997/ce338c45-368f-46fa-a4c5-093e01bbf85b,1,1,nan,7.339965,7.339965,0.428234,0.485736,nan,nan,0.222649,nan,nan,1,0.000862
opdformer_p_rgb_512,509,422378/42447307/409948.096/ce338c45-368f-46fa-a4c5-093e01bbf85b,1,1,nan,18.586476,18.586476,0.787647,0.799016,nan,nan,0.378072,nan,nan,1,0.000648
opdformer_p_rgb_512,510,422378/42447307/409948.196/ce338c45-368f-46fa-a4c5-093e01bbf85b,1,1,nan,11.853607,11.853607,1.004140,1.022461,nan,nan,0.349802,nan,nan,1,0.000186
opdformer_p_rgb_512,511,422378/42447307/409948.296/ce338c45-368f-46fa-a4c5-093e01bbf85b,1,1,nan,17.108707,17.108707,1.308052,1.315022,nan,nan,0.430657,nan,nan,1,0.000032
opdformer_p_rgb_512,512,422378/42447307/409953.594/ce338c45-368f-46fa-a4c5-093e01bbf85b,1,1,nan,1.508051,1.508051,0.320373,0.344133,nan,nan,0.477243,nan,nan,1,0.002470
opdformer_p_rgb_512,513,422378/42447307/409953.694/ce338c45-368f-46fa-a4c5-093e01bbf85b,1,1,nan,11.772343,11.772343,0.271158,0.310668,nan,nan,0.443396,nan,nan,1,0.013114
opdformer_p_rgb_512,514,422378/42447307/409953.794/ce338c45-368f-46fa-a4c5-093e01bbf85b,1,1,nan,16.329302,16.329302,0.652910,0.666357,nan,nan,0.567308,nan,nan,1,0.000351
opdformer_p_rgb_512,515,422378/42447307/409959.992/ce338c45-368f-46fa-a4c5-093e01bbf85b,1,1,nan,136.796310,43.203690,0.470927,0.473889,nan,nan,0.796491,nan,nan,1,0.011261
opdformer_p_rgb_512,516,422378/42447307/409960.092/ce338c45-368f-46fa-a4c5-093e01bbf85b,1,1,nan,114.452537,65.547463,0.430275,0.469585,nan,nan,0.746795,nan,nan,1,0.012167
opdformer_p_rgb_512,517,422378/42447307/409960.191/ce338c45-368f-46fa-a4c5-093e01bbf85b,1,1,nan,85.860908,85.860908,0.460280,0.469018,nan,nan,0.520430,nan,nan,1,0.003108
opdformer_p_rgb_512,518,422378/42447307/409960.291/09ac92eb-bd5e-42cd-9f16-1c49db3bd921,1,1,nan,7.818290,7.818290,0.365838,0.378940,nan,nan,0.586420,nan,nan,1,0.000399
opdformer_p_rgb_512,519,422378/42447307/409960.291/ce338c45-368f-46fa-a4c5-093e01bbf85b,1,0,nan,72.622562,72.622562,0.285452,0.304287,nan,nan,0.164918,nan,nan,1,0.000340
opdformer_p_rgb_512,520,422378/42447307/409960.391/09ac92eb-bd5e-42cd-9f16-1c49db3bd921,1,1,nan,11.212770,11.212770,0.315827,0.318085,nan,nan,0.624224,nan,nan,1,0.002222
opdformer_p_rgb_512,521,422378/42447307/409960.391/ce338c45-368f-46fa-a4c5-093e01bbf85b,1,0,nan,76.151435,76.151435,0.281093,0.335292,nan,nan,0.117465,nan,nan,1,0.012811
opdformer_p_rgb_512,522,422378/42447307/409960.491/09ac92eb-bd5e-42cd-9f16-1c49db3bd921,1,1,nan,14.447429,14.447429,0.372417,0.372892,nan,nan,0.571429,nan,nan,1,0.000204
opdformer_p_rgb_512,523,422378/42447307/409960.491/ce338c45-368f-46fa-a4c5-093e01bbf85b,1,1,nan,151.966985,28.033015,0.220382,0.236001,nan,nan,0.670300,nan,nan,1,0.000214
opdformer_p_rgb_512,524,422378/42447307/409960.591/09ac92eb-bd5e-42cd-9f16-1c49db3bd921,1,1,nan,11.811445,11.811445,0.379788,0.388152,nan,nan,0.600575,nan,nan,1,0.000291
opdformer_p_rgb_512,525,422378/42447307/409960.591/ce338c45-368f-46fa-a4c5-093e01bbf85b,1,1,nan,157.891531,22.108469,0.202040,0.254699,nan,nan,0.637427,nan,nan,1,0.000195
opdformer_p_rgb_512,526,422378/42447307/409960.691/09ac92eb-bd5e-42cd-9f16-1c49db3bd921,1,1,nan,10.795414,10.795414,0.387182,0.403039,nan,nan,0.530343,nan,nan,1,0.005311
opdformer_p_rgb_512,527,422378/42447307/409960.691/ce338c45-368f-46fa-a4c5-093e01bbf85b,1,1,nan,144.577211,35.422789,0.234272,0.291986,nan,nan,0.673529,nan,nan,1,0.000391
opdformer_p_rgb_512,528,422378/42447307/409960.791/09ac92eb-bd5e-42cd-9f16-1c49db3bd921,1,1,nan,13.575613,13.575613,0.508358,0.517650,nan,nan,0.618421,nan,nan,1,0.000050
opdformer_p_rgb_512,529,422378/42447307/409960.791/ce338c45-368f-46fa-a4c5-093e01bbf85b,1,1,nan,144.395765,35.604235,0.156797,0.241128,nan,nan,0.763889,nan,nan,1,0.000215
opdformer_p_rgb_512,530,422378/42447307/409960.891/09ac92eb-bd5e-42cd-9f16-1c49db3bd921,1,1,nan,12.597513,12.597513,0.505930,0.514898,nan,nan,0.555556,nan,nan,1,0.000089
opdformer_p_rgb_512,531,422378/42447307/409960.891/ce338c45-368f-46fa-a4c5-093e01bbf85b,1,1,nan,129.945568,50.054432,0.144109,0.273344,nan,nan,0.723577,nan,nan,1,0.000416
opdformer_p_rgb_512,532,422378/42447307/409960.991/09ac92eb-bd5e-42cd-9f16-1c49db3bd921,1,1,nan,17.502779,17.502779,0.561365,0.569701,nan,nan,0.660112,nan,nan,1,0.000040
opdformer_p_rgb_512,533,422378/42447307/409960.991/ce338c45-368f-46fa-a4c5-093e01bbf85b,1,1,nan,147.002366,32.997634,0.207225,0.269683,nan,nan,0.665753,nan,nan,1,0.000503
opdformer_p_rgb_512,534,422378/42447307/409961.091/09ac92eb-bd5e-42cd-9f16-1c49db3bd921,1,1,nan,34.048361,34.048361,0.562334,0.566103,nan,nan,0.710914,nan,nan,1,0.000077
opdformer_p_rgb_512,535,422378/42447307/409961.091/ce338c45-368f-46fa-a4c5-093e01bbf85b,1,1,nan,121.921769,58.078231,0.100725,0.284525,nan,nan,0.722798,nan,nan,1,0.000028
opdformer_p_rgb_512,536,422378/42447307/409961.191/09ac92eb-bd5e-42cd-9f16-1c49db3bd921,1,1,nan,16.065149,16.065149,0.653886,0.654404,nan,nan,0.622590,nan,nan,1,0.000040
opdformer_p_rgb_512,537,422378/42447307/409961.191/ce338c45-368f-46fa-a4c5-093e01bbf85b,1,1,nan,144.288572,35.711428,0.109326,0.191996,nan,nan,0.449843,nan,nan,1,0.000072
opdformer_p_rgb_512,538,422378/42447307/409961.291/09ac92eb-bd5e-42cd-9f16-1c49db3bd921,1,1,nan,15.931470,15.931470,0.581863,0.605997,nan,nan,0.614078,nan,nan,1,0.000115
opdformer_p_rgb_512,539,422378/42447307/409961.291/ce338c45-368f-46fa-a4c5-093e01bbf85b,1,1,nan,160.302513,19.697487,0.035640,0.349348,nan,nan,0.715618,nan,nan,1,0.000015
opdformer_p_rgb_512,540,422378/42447307/409961.391/09ac92eb-bd5e-42cd-9f16-1c49db3bd921,1,1,nan,9.823777,9.823777,0.723233,0.728701,nan,nan,0.607143,nan,nan,1,0.000024
opdformer_p_rgb_512,541,422378/42447307/409961.391/ce338c45-368f-46fa-a4c5-093e01bbf85b,1,1,nan,166.666607,13.333393,0.127513,0.313760,nan,nan,0.709251,nan,nan,1,0.000050
opdformer_p_rgb_512,542,422378/42447307/409961.491/09ac92eb-bd5e-42cd-9f16-1c49db3bd921,1,1,nan,10.226601,10.226601,0.743670,0.744009,nan,nan,0.618056,nan,nan,1,0.000024
opdformer_p_rgb_512,543,422378/42447307/409961.591/09ac92eb-bd5e-42cd-9f16-1c49db3bd921,1,1,nan,8.228960,8.228960,0.649628,0.649735,nan,nan,0.754342,nan,nan,1,0.000022
opdformer_p_rgb_512,544,422378/42447307/409961.691/09ac92eb-bd5e-42cd-9f16-1c49db3bd921,1,1,nan,8.752876,8.752876,0.214791,0.214991,nan,nan,0.497872,nan,nan,1,0.000143
opdformer_p_rgb_512,545,422378/42447307/409961.791/09ac92eb-bd5e-42cd-9f16-1c49db3bd921,1,1,nan,17.218503,17.218503,0.207758,0.217292,nan,nan,0.343545,nan,nan,1,0.000106
opdformer_p_rgb_512,546,422378/42447307/409961.891/09ac92eb-bd5e-42cd-9f16-1c49db3bd921,1,1,nan,11.715999,11.715999,0.599352,0.617465,nan,nan,0.350482,nan,nan,1,0.000108
opdformer_p_rgb_512,547,422378/42447307/409961.891/ce338c45-368f-46fa-a4c5-093e01bbf85b,1,1,nan,178.117788,1.882212,0.238494,0.254602,nan,nan,0.486146,nan,nan,1,0.000056
opdformer_p_rgb_512,548,422378/42447307/409961.991/09ac92eb-bd5e-42cd-9f16-1c49db3bd921,1,1,nan,13.363737,13.363737,0.699699,0.700501,nan,nan,0.629630,nan,nan,1,0.000362
opdformer_p_rgb_512,549,422378/42447307/409961.991/ce338c45-368f-46fa-a4c5-093e01bbf85b,1,1,nan,169.544250,10.455750,0.982041,0.986761,nan,nan,0.381333,nan,nan,1,0.004337
opdformer_p_rgb_512,550,422378/42447307/409962.091/09ac92eb-bd5e-42cd-9f16-1c49db3bd921,1,-1,nan,90.000000,90.000000,nan,nan,nan,nan,0.000000,nan,nan,0,nan
opdformer_p_rgb_512,551,422378/42447307/409962.091/ce338c45-368f-46fa-a4c5-093e01bbf85b,1,-1,nan,90.000000,90.000000,nan,nan,nan,nan,0.000000,nan,nan,0,nan
opdformer_p_rgb_512,552,422378/42447307/409962.191/ce338c45-368f-46fa-a4c5-093e01bbf85b,1,1,nan,163.348072,16.651928,0.976982,0.980903,nan,nan,0.239437,nan,nan,1,0.000584
opdformer_p_rgb_512,553,422378/42447307/409962.291/ce338c45-368f-46fa-a4c5-093e01bbf85b,1,-1,nan,90.000000,90.000000,nan,nan,nan,nan,0.000000,nan,nan,0,nan
opdformer_p_rgb_512,554,422378/42447307/410007.589/89ca70a6-53b7-4a41-b7a6-dd7ae7c08647,1,-1,nan,90.000000,90.000000,nan,nan,nan,nan,0.000000,nan,nan,0,nan
opdformer_p_rgb_512,555,422378/42447307/410007.688/89ca70a6-53b7-4a41-b7a6-dd7ae7c08647,1,-1,nan,90.000000,90.000000,nan,nan,nan,nan,0.000000,nan,nan,0,nan
opdformer_p_rgb_512,556,422378/42447307/410007.788/89ca70a6-53b7-4a41-b7a6-dd7ae7c08647,1,-1,nan,90.000000,90.000000,nan,nan,nan,nan,0.000000,nan,nan,0,nan
opdformer_p_rgb_512,557,422378/42447307/410007.888/89ca70a6-53b7-4a41-b7a6-dd7ae7c08647,1,1,nan,125.400634,54.599366,1.375389,1.390103,nan,nan,0.009153,nan,nan,1,0.000095
opdformer_p_rgb_512,558,422378/42447307/410007.988/89ca70a6-53b7-4a41-b7a6-dd7ae7c08647,1,-1,nan,90.000000,90.000000,nan,nan,nan,nan,0.000000,nan,nan,0,nan
opdformer_p_rgb_512,559,422378/42447307/410008.088/89ca70a6-53b7-4a41-b7a6-dd7ae7c08647,1,-1,nan,90.000000,90.000000,nan,nan,nan,nan,0.000000,nan,nan,0,nan
opdformer_p_rgb_512,560,422378/42447307/410008.188/89ca70a6-53b7-4a41-b7a6-dd7ae7c08647,1,-1,nan,90.000000,90.000000,nan,nan,nan,nan,0.000000,nan,nan,0,nan
opdformer_p_rgb_512,561,422378/42447307/410008.288/89ca70a6-53b7-4a41-b7a6-dd7ae7c08647,1,-1,nan,90.000000,90.000000,nan,nan,nan,nan,0.000000,nan,nan,0,nan
opdformer_p_rgb_512,562,422378/42447307/410008.388/89ca70a6-53b7-4a41-b7a6-dd7ae7c08647,1,0,nan,21.916750,21.916750,1.246391,1.246764,nan,nan,0.034803,nan,nan,1,0.000074
opdformer_p_rgb_512,563,422378/42447307/410008.488/89ca70a6-53b7-4a41-b7a6-dd7ae7c08647,1,-1,nan,90.000000,90.000000,nan,nan,nan,nan,0.000000,nan,nan,0,nan
opdformer_p_rgb_512,564,422378/42447307/410008.588/89ca70a6-53b7-4a41-b7a6-dd7ae7c08647,1,-1,nan,90.000000,90.000000,nan,nan,nan,nan,0.000000,nan,nan,0,nan
opdformer_p_rgb_512,565,422378/42447307/410008.688/89ca70a6-53b7-4a41-b7a6-dd7ae7c08647,1,-1,nan,90.000000,90.000000,nan,nan,nan,nan,0.000000,nan,nan,0,nan
opdformer_p_rgb_512,566,422378/42447307/410008.788/89ca70a6-53b7-4a41-b7a6-dd7ae7c08647,1,-1,nan,90.000000,90.000000,nan,nan,nan,nan,0.000000,nan,nan,0,nan
opdformer_p_rgb_512,567,422378/42447310/409574.300/faceecf8-a82f-4c16-84b6-ca6ccd385af8,0,0,nan,71.897553,71.897553,nan,nan,nan,nan,0.555340,nan,nan,1,0.001068
opdformer_p_rgb_512,568,422378/42447310/409574.400/faceecf8-a82f-4c16-84b6-ca6ccd385af8,0,0,nan,76.196068,76.196068,nan,nan,nan,nan,0.681725,nan,nan,1,0.002169
opdformer_p_rgb_512,569,422378/42447310/409574.500/faceecf8-a82f-4c16-84b6-ca6ccd385af8,0,0,nan,76.927253,76.927253,nan,nan,nan,nan,0.661355,nan,nan,1,0.002178
opdformer_p_rgb_512,570,422378/42447310/409574.600/faceecf8-a82f-4c16-84b6-ca6ccd385af8,0,0,nan,71.624499,71.624499,nan,nan,nan,nan,0.580645,nan,nan,1,0.002750
opdformer_p_rgb_512,571,422378/42447310/409574.700/faceecf8-a82f-4c16-84b6-ca6ccd385af8,0,0,nan,71.577379,71.577379,nan,nan,nan,nan,0.501931,nan,nan,1,0.006472
opdformer_p_rgb_512,572,422378/42447310/409574.800/faceecf8-a82f-4c16-84b6-ca6ccd385af8,0,0,nan,68.936492,68.936492,nan,nan,nan,nan,0.656475,nan,nan,1,0.002315
opdformer_p_rgb_512,573,422378/42447310/409574.900/faceecf8-a82f-4c16-84b6-ca6ccd385af8,0,0,nan,34.452535,34.452535,nan,nan,nan,nan,0.640535,nan,nan,1,0.003459
opdformer_p_rgb_512,574,422378/42447310/409575.000/faceecf8-a82f-4c16-84b6-ca6ccd385af8,0,0,nan,61.798907,61.798907,nan,nan,nan,nan,0.458993,nan,nan,1,0.002145
opdformer_p_rgb_512,575,422378/42447310/409575.100/faceecf8-a82f-4c16-84b6-ca6ccd385af8,0,0,nan,116.915307,63.084693,nan,nan,nan,nan,0.606887,nan,nan,1,0.000421
opdformer_p_rgb_512,576,422378/42447310/409575.200/faceecf8-a82f-4c16-84b6-ca6ccd385af8,0,0,nan,100.818924,79.181076,nan,nan,nan,nan,0.632440,nan,nan,1,0.946420
opdformer_p_rgb_512,577,422378/42447310/409580.398/faceecf8-a82f-4c16-84b6-ca6ccd385af8,0,0,nan,34.236638,34.236638,nan,nan,nan,nan,0.471820,nan,nan,1,0.000923
opdformer_p_rgb_512,578,422378/42447310/409610.685/8af04818-4685-4c12-ae09-800e5256def1,0,0,nan,14.721535,14.721535,nan,nan,nan,nan,0.629265,nan,nan,1,0.000151
opdformer_p_rgb_512,579,422378/42447310/409610.785/8af04818-4685-4c12-ae09-800e5256def1,0,0,nan,15.188502,15.188502,nan,nan,nan,nan,0.437771,nan,nan,1,0.000185
opdformer_p_rgb_512,580,422378/42447310/409610.885/8af04818-4685-4c12-ae09-800e5256def1,0,0,nan,3.028582,3.028582,nan,nan,nan,nan,0.368582,nan,nan,1,0.000108
opdformer_p_rgb_512,581,422378/42447310/409610.985/8af04818-4685-4c12-ae09-800e5256def1,0,1,nan,42.044782,42.044782,nan,nan,nan,nan,0.456223,nan,nan,1,0.323350
opdformer_p_rgb_512,582,422378/42447310/409611.185/8af04818-4685-4c12-ae09-800e5256def1,0,0,nan,36.590015,36.590015,nan,nan,nan,nan,0.309063,nan,nan,1,0.000261
opdformer_p_rgb_512,583,422378/42447310/409611.285/8af04818-4685-4c12-ae09-800e5256def1,0,0,nan,19.686430,19.686430,nan,nan,nan,nan,0.276844,nan,nan,1,0.821136
opdformer_p_rgb_512,584,422378/42447310/409611.385/8af04818-4685-4c12-ae09-800e5256def1,0,0,nan,41.780089,41.780089,nan,nan,nan,nan,0.285266,nan,nan,1,0.000244
opdformer_p_rgb_512,585,422378/42447310/409611.485/8af04818-4685-4c12-ae09-800e5256def1,0,0,nan,59.221262,59.221262,nan,nan,nan,nan,0.252602,nan,nan,1,0.000170
opdformer_p_rgb_512,586,422378/42447310/409611.585/8af04818-4685-4c12-ae09-800e5256def1,0,0,nan,66.697637,66.697637,nan,nan,nan,nan,0.073115,nan,nan,1,0.000142
opdformer_p_rgb_512,587,422378/42447310/409611.685/8af04818-4685-4c12-ae09-800e5256def1,0,0,nan,65.450619,65.450619,nan,nan,nan,nan,0.180293,nan,nan,1,0.000103
opdformer_p_rgb_512,588,422378/42447310/409611.885/8af04818-4685-4c12-ae09-800e5256def1,0,0,nan,50.482298,50.482298,nan,nan,nan,nan,0.222222,nan,nan,1,0.000259
opdformer_p_rgb_512,589,422378/42447310/409611.985/8af04818-4685-4c12-ae09-800e5256def1,0,0,nan,59.079425,59.079425,nan,nan,nan,nan,0.059934,nan,nan,1,0.000132
opdformer_p_rgb_512,590,422378/42447310/409612.085/8af04818-4685-4c12-ae09-800e5256def1,0,1,nan,49.967337,49.967337,nan,nan,nan,nan,0.467790,nan,nan,1,0.000143
opdformer_p_rgb_512,591,422378/42447310/409612.185/8af04818-4685-4c12-ae09-800e5256def1,0,1,nan,51.424218,51.424218,nan,nan,nan,nan,0.464557,nan,nan,1,0.000100
opdformer_p_rgb_512,592,422378/42447310/409612.301/8af04818-4685-4c12-ae09-800e5256def1,0,1,nan,59.427134,59.427134,nan,nan,nan,nan,0.342807,nan,nan,1,0.003189
opdformer_p_rgb_512,593,422378/42447310/409612.401/8af04818-4685-4c12-ae09-800e5256def1,0,1,nan,56.719991,56.719991,nan,nan,nan,nan,0.143027,nan,nan,1,0.000791
opdformer_p_rgb_512,594,422378/42447310/409644.688/86ffb68b-827a-49b6-aaab-5197d0c9278b,1,0,nan,84.405512,84.405512,1.142121,1.160174,nan,nan,0.090667,nan,nan,1,0.002354
opdformer_p_rgb_512,595,422378/42447310/409644.688/89ca70a6-53b7-4a41-b7a6-dd7ae7c08647,1,-1,nan,90.000000,90.000000,nan,nan,nan,nan,0.000000,nan,nan,0,nan
opdformer_p_rgb_512,596,422378/42447310/409644.788/86ffb68b-827a-49b6-aaab-5197d0c9278b,1,0,nan,77.161813,77.161813,1.044347,1.044977,nan,nan,0.056863,nan,nan,1,0.000486
opdformer_p_rgb_512,597,422378/42447310/409644.788/89ca70a6-53b7-4a41-b7a6-dd7ae7c08647,1,-1,nan,90.000000,90.000000,nan,nan,nan,nan,0.000000,nan,nan,0,nan
opdformer_p_rgb_512,598,422378/42447310/409644.888/86ffb68b-827a-49b6-aaab-5197d0c9278b,1,0,nan,86.987622,86.987622,1.182389,1.190725,nan,nan,0.077108,nan,nan,1,0.000509
opdformer_p_rgb_512,599,422378/42447310/409644.888/89ca70a6-53b7-4a41-b7a6-dd7ae7c08647,1,-1,nan,90.000000,90.000000,nan,nan,nan,nan,0.000000,nan,nan,0,nan
opdformer_p_rgb_512,600,422378/42447310/409644.988/89ca70a6-53b7-4a41-b7a6-dd7ae7c08647,1,-1,nan,90.000000,90.000000,nan,nan,nan,nan,0.000000,nan,nan,0,nan
opdformer_p_rgb_512,601,422378/42447310/409645.088/89ca70a6-53b7-4a41-b7a6-dd7ae7c08647,1,-1,nan,90.000000,90.000000,nan,nan,nan,nan,0.000000,nan,nan,0,nan
opdformer_p_rgb_512,602,422378/42447310/409645.188/89ca70a6-53b7-4a41-b7a6-dd7ae7c08647,1,-1,nan,90.000000,90.000000,nan,nan,nan,nan,0.000000,nan,nan,0,nan
opdformer_p_rgb_512,603,422378/42447310/409645.288/89ca70a6-53b7-4a41-b7a6-dd7ae7c08647,1,-1,nan,90.000000,90.000000,nan,nan,nan,nan,0.000000,nan,nan,0,nan
opdformer_p_rgb_512,604,422378/42447310/409645.388/89ca70a6-53b7-4a41-b7a6-dd7ae7c08647,1,-1,nan,90.000000,90.000000,nan,nan,nan,nan,0.000000,nan,nan,0,nan
opdformer_p_rgb_512,605,422378/42447310/409645.488/89ca70a6-53b7-4a41-b7a6-dd7ae7c08647,1,-1,nan,90.000000,90.000000,nan,nan,nan,nan,0.000000,nan,nan,0,nan
opdformer_p_rgb_512,606,422378/42447310/409645.588/89ca70a6-53b7-4a41-b7a6-dd7ae7c08647,1,-1,nan,90.000000,90.000000,nan,nan,nan,nan,0.000000,nan,nan,0,nan
opdformer_p_rgb_512,607,422378/42447310/409645.688/89ca70a6-53b7-4a41-b7a6-dd7ae7c08647,1,-1,nan,90.000000,90.000000,nan,nan,nan,nan,0.000000,nan,nan,0,nan
opdformer_p_rgb_512,608,422383/42447275/408617.316/a1bf79d4-26b5-4468-856a-a1500da0d3dd,1,1,nan,25.850679,25.850679,0.459856,0.737709,nan,nan,0.370180,nan,nan,1,0.000799
opdformer_p_rgb_512,609,422383/42447275/408618.516/953db8ea-17dc-4340-9cc7-ac38a9109b46,0,0,nan,82.978907,82.978907,nan,nan,nan,nan,0.445993,nan,nan,1,0.151068
opdformer_p_rgb_512,610,422383/42447275/408618.616/953db8ea-17dc-4340-9cc7-ac38a9109b46,0,0,nan,67.624846,67.624846,nan,nan,nan,nan,0.343786,nan,nan,1,0.062763
opdformer_p_rgb_512,611,422383/42447275/408618.716/953db8ea-17dc-4340-9cc7-ac38a9109b46,0,0,nan,66.670653,66.670653,nan,nan,nan,nan,0.357555,nan,nan,1,0.335872
opdformer_p_rgb_512,612,422383/42447275/408618.816/953db8ea-17dc-4340-9cc7-ac38a9109b46,0,0,nan,69.476035,69.476035,nan,nan,nan,nan,0.446927,nan,nan,1,0.012135
opdformer_p_rgb_512,613,422383/42447275/408621.315/953db8ea-17dc-4340-9cc7-ac38a9109b46,0,0,nan,61.240250,61.240250,nan,nan,nan,nan,0.577308,nan,nan,1,0.000216
opdformer_p_rgb_512,614,422383/42447275/408621.415/953db8ea-17dc-4340-9cc7-ac38a9109b46,0,0,nan,56.137139,56.137139,nan,nan,nan,nan,0.525761,nan,nan,1,0.000059
opdformer_p_rgb_512,615,422383/42447275/408621.515/953db8ea-17dc-4340-9cc7-ac38a9109b46,0,0,nan,44.370764,44.370764,nan,nan,nan,nan,0.334554,nan,nan,1,0.000077
opdformer_p_rgb_512,616,422383/42447275/408621.615/953db8ea-17dc-4340-9cc7-ac38a9109b46,0,0,nan,43.278799,43.278799,nan,nan,nan,nan,0.405743,nan,nan,1,0.000094
opdformer_p_rgb_512,617,422383/42447275/408621.715/953db8ea-17dc-4340-9cc7-ac38a9109b46,0,0,nan,59.969566,59.969566,nan,nan,nan,nan,0.371779,nan,nan,1,0.000065
opdformer_p_rgb_512,618,422383/42447275/408621.831/953db8ea-17dc-4340-9cc7-ac38a9109b46,0,0,nan,81.213979,81.213979,nan,nan,nan,nan,0.466667,nan,nan,1,0.000629
opdformer_p_rgb_512,619,422383/42447275/408621.931/953db8ea-17dc-4340-9cc7-ac38a9109b46,0,0,nan,96.720735,83.279265,nan,nan,nan,nan,0.400000,nan,nan,1,0.000632
opdformer_p_rgb_512,620,422383/42447275/408622.031/953db8ea-17dc-4340-9cc7-ac38a9109b46,0,0,nan,86.576672,86.576672,nan,nan,nan,nan,0.296629,nan,nan,1,0.132201
opdformer_p_rgb_512,621,422383/42447275/408622.131/953db8ea-17dc-4340-9cc7-ac38a9109b46,0,0,nan,126.873555,53.126445,nan,nan,nan,nan,0.505747,nan,nan,1,0.000643
opdformer_p_rgb_512,622,422383/42447275/408622.231/953db8ea-17dc-4340-9cc7-ac38a9109b46,0,0,nan,126.359373,53.640627,nan,nan,nan,nan,0.236043,nan,nan,1,0.624887
opdformer_p_rgb_512,623,422383/42447275/408622.331/953db8ea-17dc-4340-9cc7-ac38a9109b46,0,0,nan,163.693140,16.306860,nan,nan,nan,nan,0.421731,nan,nan,1,0.000397
opdformer_p_rgb_512,624,422383/42447275/408623.531/953db8ea-17dc-4340-9cc7-ac38a9109b46,0,1,nan,96.217827,83.782173,nan,nan,nan,nan,0.537366,nan,nan,1,0.000832
opdformer_p_rgb_512,625,422383/42447275/408623.730/953db8ea-17dc-4340-9cc7-ac38a9109b46,0,1,nan,62.872329,62.872329,nan,nan,nan,nan,0.607989,nan,nan,1,0.023505
opdformer_p_rgb_512,626,422383/42447275/408623.830/953db8ea-17dc-4340-9cc7-ac38a9109b46,0,1,nan,134.597552,45.402448,nan,nan,nan,nan,0.528074,nan,nan,1,0.000139
opdformer_p_rgb_512,627,422383/42447275/408623.930/953db8ea-17dc-4340-9cc7-ac38a9109b46,0,1,nan,95.217631,84.782369,nan,nan,nan,nan,0.581004,nan,nan,1,0.000369
opdformer_p_rgb_512,628,422383/42447275/408624.030/953db8ea-17dc-4340-9cc7-ac38a9109b46,0,0,nan,79.235955,79.235955,nan,nan,nan,nan,0.534710,nan,nan,1,0.018959
opdformer_p_rgb_512,629,422383/42447275/408624.130/807a9798-2c91-4f20-a650-b103b924d95e,1,1,nan,126.241182,53.758818,0.862419,0.864036,nan,nan,0.610080,nan,nan,1,0.002750
opdformer_p_rgb_512,630,422383/42447275/408634.026/77f7e7a9-5f4e-40ce-b10a-bc3f58d731c3,0,0,nan,125.599888,54.400112,nan,nan,nan,nan,0.474531,nan,nan,1,0.002424
opdformer_p_rgb_512,631,422383/42447275/408634.126/77f7e7a9-5f4e-40ce-b10a-bc3f58d731c3,0,0,nan,116.082222,63.917778,nan,nan,nan,nan,0.636923,nan,nan,1,0.004828
opdformer_p_rgb_512,632,422383/42447275/408634.226/77f7e7a9-5f4e-40ce-b10a-bc3f58d731c3,0,0,nan,162.755231,17.244769,nan,nan,nan,nan,0.559557,nan,nan,1,0.002154
opdformer_p_rgb_512,633,422383/42447275/408634.926/339e8967-d520-4928-8daf-bff3ad2f4a72,0,0,nan,29.534723,29.534723,nan,nan,nan,nan,0.554878,nan,nan,1,0.000401
opdformer_p_rgb_512,634,422383/42447275/408635.026/339e8967-d520-4928-8daf-bff3ad2f4a72,0,0,nan,14.745241,14.745241,nan,nan,nan,nan,0.551084,nan,nan,1,0.000226
opdformer_p_rgb_512,635,422383/42447275/408635.126/339e8967-d520-4928-8daf-bff3ad2f4a72,0,0,nan,23.343532,23.343532,nan,nan,nan,nan,0.478328,nan,nan,1,0.000260
opdformer_p_rgb_512,636,422383/42447275/408635.126/39d9fac2-9a6e-478f-90e1-aab579babec7,0,0,nan,32.840828,32.840828,nan,nan,nan,nan,0.572581,nan,nan,1,0.000461
opdformer_p_rgb_512,637,422383/42447275/408635.226/39d9fac2-9a6e-478f-90e1-aab579babec7,0,0,nan,20.546504,20.546504,nan,nan,nan,nan,0.589147,nan,nan,1,0.015312
opdformer_p_rgb_512,638,422383/42447275/408635.326/39d9fac2-9a6e-478f-90e1-aab579babec7,0,0,nan,24.831985,24.831985,nan,nan,nan,nan,0.589319,nan,nan,1,0.000064
opdformer_p_rgb_512,639,422383/42447275/408638.025/9af3926f-d2c5-4508-9c4c-dd438702dac3,1,1,nan,159.930518,20.069482,0.331245,0.340760,nan,nan,0.606977,nan,nan,1,0.000087
opdformer_p_rgb_512,640,422383/42447275/408638.125/9af3926f-d2c5-4508-9c4c-dd438702dac3,1,0,nan,140.012728,39.987272,0.871816,0.872901,nan,nan,0.654545,nan,nan,1,0.000098
opdformer_p_rgb_512,641,422383/42447275/408645.621/9af3926f-d2c5-4508-9c4c-dd438702dac3,1,1,nan,16.407077,16.407077,0.221788,0.519129,nan,nan,0.688453,nan,nan,1,0.001214
opdformer_p_rgb_512,642,422383/42447275/408645.721/9af3926f-d2c5-4508-9c4c-dd438702dac3,1,1,nan,9.424348,9.424348,0.314970,0.492883,nan,nan,0.698238,nan,nan,1,0.000903
opdformer_p_rgb_512,643,422383/42447275/408645.821/9af3926f-d2c5-4508-9c4c-dd438702dac3,1,1,nan,35.023387,35.023387,0.137966,0.521782,nan,nan,0.674473,nan,nan,1,0.000973
opdformer_p_rgb_512,644,422383/42447275/408645.921/9af3926f-d2c5-4508-9c4c-dd438702dac3,1,1,nan,32.303998,32.303998,0.158910,0.514354,nan,nan,0.705729,nan,nan,1,0.000842
opdformer_p_rgb_512,645,422383/42447275/408646.021/9af3926f-d2c5-4508-9c4c-dd438702dac3,1,1,nan,54.934407,54.934407,0.079643,0.487001,nan,nan,0.687351,nan,nan,1,0.000540
opdformer_p_rgb_512,646,422383/42447275/408646.121/9af3926f-d2c5-4508-9c4c-dd438702dac3,1,1,nan,37.132458,37.132458,0.202321,0.683418,nan,nan,0.682018,nan,nan,1,0.000684
opdformer_p_rgb_512,647,422383/42447275/408646.221/9af3926f-d2c5-4508-9c4c-dd438702dac3,1,0,nan,64.069127,64.069127,0.296449,0.751169,nan,nan,0.652482,nan,nan,1,0.000314
opdformer_p_rgb_512,648,422383/42447275/408646.321/9af3926f-d2c5-4508-9c4c-dd438702dac3,1,1,nan,66.899940,66.899940,0.240751,0.573628,nan,nan,0.663438,nan,nan,1,0.000655
opdformer_p_rgb_512,649,422383/42447275/408646.421/9af3926f-d2c5-4508-9c4c-dd438702dac3,1,1,nan,110.591536,69.408464,0.474824,0.563110,nan,nan,0.770781,nan,nan,1,0.001375
opdformer_p_rgb_512,650,422383/42447275/408646.521/9af3926f-d2c5-4508-9c4c-dd438702dac3,1,0,nan,74.821137,74.821137,0.709918,1.081917,nan,nan,0.784264,nan,nan,1,0.000204
opdformer_p_rgb_512,651,422383/42447275/408646.621/9af3926f-d2c5-4508-9c4c-dd438702dac3,1,0,nan,123.029687,56.970313,0.486214,0.709423,nan,nan,0.769231,nan,nan,1,0.000668
opdformer_p_rgb_512,652,422383/42447275/408646.721/9af3926f-d2c5-4508-9c4c-dd438702dac3,1,0,nan,87.843743,87.843743,0.848340,1.195557,nan,nan,0.704641,nan,nan,1,0.000503
opdformer_p_rgb_512,653,422383/42447275/408646.821/9af3926f-d2c5-4508-9c4c-dd438702dac3,1,0,nan,98.010997,81.989003,1.584017,1.703241,nan,nan,0.788698,nan,nan,1,0.000097
opdformer_p_rgb_512,654,422383/42447275/408646.921/9af3926f-d2c5-4508-9c4c-dd438702dac3,1,0,nan,86.077397,86.077397,1.557403,1.776269,nan,nan,0.747642,nan,nan,1,0.000553
opdformer_p_rgb_512,655,422383/42447275/408647.021/9af3926f-d2c5-4508-9c4c-dd438702dac3,1,0,nan,137.353128,42.646872,1.520877,1.560782,nan,nan,0.811321,nan,nan,1,0.000172
opdformer_p_rgb_512,656,422383/42447275/408647.121/9af3926f-d2c5-4508-9c4c-dd438702dac3,1,0,nan,115.257410,64.742590,1.255287,1.424381,nan,nan,0.779817,nan,nan,1,0.000082
opdformer_p_rgb_512,657,422383/42447275/408647.221/9af3926f-d2c5-4508-9c4c-dd438702dac3,1,0,nan,108.216944,71.783056,0.602775,0.747180,nan,nan,0.809365,nan,nan,1,0.000041
opdformer_p_rgb_512,658,422383/42447275/408647.321/9af3926f-d2c5-4508-9c4c-dd438702dac3,1,1,nan,126.991259,53.008741,1.871283,1.953670,nan,nan,0.753333,nan,nan,1,0.000229
opdformer_p_rgb_512,659,422383/42447275/408652.819/4000b0b0-7792-4c8f-adae-eff5a707eeec,1,1,nan,41.798639,41.798639,0.403575,0.403711,nan,nan,0.603306,nan,nan,1,0.000480
opdformer_p_rgb_512,660,422383/42447275/408652.918/4000b0b0-7792-4c8f-adae-eff5a707eeec,1,0,nan,67.565885,67.565885,0.653420,0.657650,nan,nan,0.654867,nan,nan,1,0.000152
opdformer_p_rgb_512,661,422383/42447275/408652.918/ab2a5541-ca36-4f5d-813c-166575de4096,0,0,nan,162.122683,17.877317,nan,nan,nan,nan,0.112536,nan,nan,1,0.000107
opdformer_p_rgb_512,662,422383/42447275/408653.018/4000b0b0-7792-4c8f-adae-eff5a707eeec,1,0,nan,69.789561,69.789561,0.622688,0.625500,nan,nan,0.554667,nan,nan,1,0.000417
opdformer_p_rgb_512,663,422383/42447275/408653.018/ab2a5541-ca36-4f5d-813c-166575de4096,0,0,nan,44.157197,44.157197,nan,nan,nan,nan,0.231959,nan,nan,1,0.004813
opdformer_p_rgb_512,664,422383/42447275/408653.118/4000b0b0-7792-4c8f-adae-eff5a707eeec,1,0,nan,76.946096,76.946096,0.649628,0.658959,nan,nan,0.658402,nan,nan,1,0.000296
opdformer_p_rgb_512,665,422383/42447275/408653.118/ab2a5541-ca36-4f5d-813c-166575de4096,0,0,nan,98.993852,81.006148,nan,nan,nan,nan,0.115942,nan,nan,1,0.000075
opdformer_p_rgb_512,666,422383/42447275/408653.218/ab2a5541-ca36-4f5d-813c-166575de4096,0,0,nan,162.074312,17.925688,nan,nan,nan,nan,0.231278,nan,nan,1,0.001054
opdformer_p_rgb_512,667,422383/42447275/408653.318/ab2a5541-ca36-4f5d-813c-166575de4096,0,0,nan,163.586567,16.413433,nan,nan,nan,nan,0.063804,nan,nan,1,0.000194
opdformer_p_rgb_512,668,422383/42447275/408653.418/ab2a5541-ca36-4f5d-813c-166575de4096,0,0,nan,154.039765,25.960235,nan,nan,nan,nan,0.067389,nan,nan,1,0.003791
opdformer_p_rgb_512,669,422383/42447275/408653.518/ab2a5541-ca36-4f5d-813c-166575de4096,0,0,nan,163.230296,16.769704,nan,nan,nan,nan,0.118537,nan,nan,1,0.000040
opdformer_p_rgb_512,670,422383/42447275/408653.618/ab2a5541-ca36-4f5d-813c-166575de4096,0,0,nan,165.607982,14.392018,nan,nan,nan,nan,0.089219,nan,nan,1,0.000152
opdformer_p_rgb_512,671,422383/42447275/408653.718/ab2a5541-ca36-4f5d-813c-166575de4096,0,0,nan,152.905060,27.094940,nan,nan,nan,nan,0.097633,nan,nan,1,0.000042
opdformer_p_rgb_512,672,422383/42447275/408653.818/ab2a5541-ca36-4f5d-813c-166575de4096,0,0,nan,156.160248,23.839752,nan,nan,nan,nan,0.194872,nan,nan,1,0.000443
opdformer_p_rgb_512,673,422383/42447275/408653.918/ab2a5541-ca36-4f5d-813c-166575de4096,0,0,nan,166.234590,13.765410,nan,nan,nan,nan,0.099760,nan,nan,1,0.000691
opdformer_p_rgb_512,674,422383/42447275/408654.018/ab2a5541-ca36-4f5d-813c-166575de4096,0,0,nan,143.441647,36.558353,nan,nan,nan,nan,0.293722,nan,nan,1,0.001871
opdformer_p_rgb_512,675,422383/42447275/408654.118/ab2a5541-ca36-4f5d-813c-166575de4096,0,0,nan,123.840149,56.159851,nan,nan,nan,nan,0.313008,nan,nan,1,0.005417
opdformer_p_rgb_512,676,422383/42447275/408675.626/8db65c68-f9e9-40e7-a177-11a9129666ac,1,1,nan,6.389519,6.389519,0.124752,0.522092,nan,nan,0.271833,nan,nan,1,0.052007
opdformer_p_rgb_512,677,422383/42447275/408675.726/8db65c68-f9e9-40e7-a177-11a9129666ac,1,1,nan,13.628170,13.628170,0.754833,0.883223,nan,nan,0.296137,nan,nan,1,0.000110
opdformer_p_rgb_512,678,422383/42447275/408675.726/94824aa7-c80f-4fe6-b0a5-8f5b42c4fe34,1,1,nan,9.724341,9.724341,0.703089,0.799307,nan,nan,0.117089,nan,nan,1,0.000241
opdformer_p_rgb_512,679,422383/42447275/408675.826/8db65c68-f9e9-40e7-a177-11a9129666ac,1,1,nan,10.268954,10.268954,0.232013,0.552292,nan,nan,0.198113,nan,nan,1,0.000333
opdformer_p_rgb_512,680,422383/42447275/408675.826/94824aa7-c80f-4fe6-b0a5-8f5b42c4fe34,1,1,nan,10.065014,10.065014,0.719606,0.829177,nan,nan,0.113858,nan,nan,1,0.000193
opdformer_p_rgb_512,681,422383/42447275/408675.926/8db65c68-f9e9-40e7-a177-11a9129666ac,1,1,nan,23.964343,23.964343,0.288140,0.523624,nan,nan,0.224195,nan,nan,1,0.000159
opdformer_p_rgb_512,682,422383/42447275/408675.926/94824aa7-c80f-4fe6-b0a5-8f5b42c4fe34,1,1,nan,11.171862,11.171862,0.927562,1.018257,nan,nan,0.126119,nan,nan,1,0.000220
opdformer_p_rgb_512,683,422383/42447275/408676.026/8db65c68-f9e9-40e7-a177-11a9129666ac,1,1,nan,12.034181,12.034181,0.515890,0.640878,nan,nan,0.236893,nan,nan,1,0.000033
opdformer_p_rgb_512,684,422383/42447275/408676.026/94824aa7-c80f-4fe6-b0a5-8f5b42c4fe34,1,1,nan,10.066118,10.066118,0.733751,0.815165,nan,nan,0.124563,nan,nan,1,0.000108
opdformer_p_rgb_512,685,422383/42447275/408676.126/8db65c68-f9e9-40e7-a177-11a9129666ac,1,1,nan,59.671229,59.671229,0.305136,0.449081,nan,nan,0.222114,nan,nan,1,0.000238
opdformer_p_rgb_512,686,422383/42447275/408676.126/94824aa7-c80f-4fe6-b0a5-8f5b42c4fe34,1,1,nan,6.674721,6.674721,0.592480,0.679469,nan,nan,0.130650,nan,nan,1,0.000075
opdformer_p_rgb_512,687,422383/42447275/408676.226/8db65c68-f9e9-40e7-a177-11a9129666ac,1,1,nan,8.477452,8.477452,0.658274,0.766778,nan,nan,0.192623,nan,nan,1,0.000227
opdformer_p_rgb_512,688,422383/42447275/408676.226/94824aa7-c80f-4fe6-b0a5-8f5b42c4fe34,1,1,nan,6.356482,6.356482,0.532651,0.620272,nan,nan,0.128274,nan,nan,1,0.000058
opdformer_p_rgb_512,689,422383/42447275/408676.326/8db65c68-f9e9-40e7-a177-11a9129666ac,1,1,nan,91.662989,88.337011,0.966755,1.010940,nan,nan,0.236760,nan,nan,1,0.000076
opdformer_p_rgb_512,690,422383/42447275/408676.326/94824aa7-c80f-4fe6-b0a5-8f5b42c4fe34,1,1,nan,9.323752,9.323752,0.097357,0.240013,nan,nan,0.213669,nan,nan,1,0.000025
opdformer_p_rgb_512,691,422383/42447275/408676.425/8db65c68-f9e9-40e7-a177-11a9129666ac,1,1,nan,20.768162,20.768162,0.761762,0.805025,nan,nan,0.267592,nan,nan,1,0.000042
opdformer_p_rgb_512,692,422383/42447275/408676.425/94824aa7-c80f-4fe6-b0a5-8f5b42c4fe34,1,1,nan,9.308977,9.308977,0.575909,0.601589,nan,nan,0.118099,nan,nan,1,0.000015
opdformer_p_rgb_512,693,422383/42447287/408713.027/94824aa7-c80f-4fe6-b0a5-8f5b42c4fe34,1,1,nan,14.853794,14.853794,0.529772,0.537632,nan,nan,0.356725,nan,nan,1,0.000072
opdformer_p_rgb_512,694,422383/42447287/408713.127/94824aa7-c80f-4fe6-b0a5-8f5b42c4fe34,1,1,nan,11.377774,11.377774,0.338234,0.358708,nan,nan,0.302034,nan,nan,1,0.000106
opdformer_p_rgb_512,695,422383/42447287/408713.227/94824aa7-c80f-4fe6-b0a5-8f5b42c4fe34,1,1,nan,15.090485,15.090485,0.470369,0.491909,nan,nan,0.328786,nan,nan,1,0.000132
opdformer_p_rgb_512,696,422383/42447287/408713.327/94824aa7-c80f-4fe6-b0a5-8f5b42c4fe34,1,1,nan,21.605451,21.605451,0.480573,0.551103,nan,nan,0.207775,nan,nan,1,0.000197
opdformer_p_rgb_512,697,422383/42447287/408713.427/94824aa7-c80f-4fe6-b0a5-8f5b42c4fe34,1,1,nan,24.658914,24.658914,0.476200,0.604371,nan,nan,0.168715,nan,nan,1,0.000861
opdformer_p_rgb_512,698,422383/42447287/408713.527/94824aa7-c80f-4fe6-b0a5-8f5b42c4fe34,1,1,nan,21.595165,21.595165,0.421098,0.458730,nan,nan,0.168033,nan,nan,1,0.000139
opdformer_p_rgb_512,699,422383/42447287/408713.627/94824aa7-c80f-4fe6-b0a5-8f5b42c4fe34,1,1,nan,28.047057,28.047057,0.140235,0.285905,nan,nan,0.159683,nan,nan,1,0.000505
opdformer_p_rgb_512,700,422383/42447287/408713.727/94824aa7-c80f-4fe6-b0a5-8f5b42c4fe34,1,1,nan,27.336787,27.336787,0.329066,0.448160,nan,nan,0.207719,nan,nan,1,0.000401
opdformer_p_rgb_512,701,422383/42447287/408713.827/94824aa7-c80f-4fe6-b0a5-8f5b42c4fe34,1,1,nan,18.225907,18.225907,0.359078,0.478059,nan,nan,0.241989,nan,nan,1,0.000584
opdformer_p_rgb_512,702,422383/42447287/408713.927/94824aa7-c80f-4fe6-b0a5-8f5b42c4fe34,1,1,nan,18.284158,18.284158,0.407721,0.502624,nan,nan,0.219085,nan,nan,1,0.001070
opdformer_p_rgb_512,703,422383/42447287/408719.225/8db65c68-f9e9-40e7-a177-11a9129666ac,1,-1,nan,90.000000,90.000000,nan,nan,nan,nan,0.000000,nan,nan,0,nan
opdformer_p_rgb_512,704,422383/42447287/408719.325/8db65c68-f9e9-40e7-a177-11a9129666ac,1,-1,nan,90.000000,90.000000,nan,nan,nan,nan,0.000000,nan,nan,0,nan
opdformer_p_rgb_512,705,422383/42447287/408719.424/8db65c68-f9e9-40e7-a177-11a9129666ac,1,-1,nan,90.000000,90.000000,nan,nan,nan,nan,0.000000,nan,nan,0,nan
opdformer_p_rgb_512,706,422383/42447287/408719.524/8db65c68-f9e9-40e7-a177-11a9129666ac,1,-1,nan,90.000000,90.000000,nan,nan,nan,nan,0.000000,nan,nan,0,nan
opdformer_p_rgb_512,707,422383/42447287/408719.624/8db65c68-f9e9-40e7-a177-11a9129666ac,1,-1,nan,90.000000,90.000000,nan,nan,nan,nan,0.000000,nan,nan,0,nan
opdformer_p_rgb_512,708,422383/42447287/408719.724/8db65c68-f9e9-40e7-a177-11a9129666ac,1,-1,nan,90.000000,90.000000,nan,nan,nan,nan,0.000000,nan,nan,0,nan
opdformer_p_rgb_512,709,422383/42447287/408719.824/8db65c68-f9e9-40e7-a177-11a9129666ac,1,1,nan,9.629770,9.629770,0.326837,0.519554,nan,nan,0.088139,nan,nan,1,0.000026
opdformer_p_rgb_512,710,422383/42447287/408722.823/94824aa7-c80f-4fe6-b0a5-8f5b42c4fe34,1,1,nan,163.789732,16.210268,1.120981,1.201767,nan,nan,0.121784,nan,nan,1,0.000980
opdformer_p_rgb_512,711,422383/42447287/408722.923/94824aa7-c80f-4fe6-b0a5-8f5b42c4fe34,1,1,nan,163.823541,16.176459,1.193801,1.281146,nan,nan,0.137996,nan,nan,1,0.000150
opdformer_p_rgb_512,712,422383/42447287/408723.023/94824aa7-c80f-4fe6-b0a5-8f5b42c4fe34,1,1,nan,162.318244,17.681756,1.166027,1.219701,nan,nan,0.109347,nan,nan,1,0.000620
opdformer_p_rgb_512,713,422383/42447287/408723.123/94824aa7-c80f-4fe6-b0a5-8f5b42c4fe34,1,1,nan,136.778681,43.221319,1.094428,1.176941,nan,nan,0.101836,nan,nan,1,0.000593
opdformer_p_rgb_512,714,422383/42447287/408723.223/94824aa7-c80f-4fe6-b0a5-8f5b42c4fe34,1,1,nan,169.692208,10.307792,0.965078,1.076688,nan,nan,0.106272,nan,nan,1,0.002928
opdformer_p_rgb_512,715,422383/42447287/408723.723/94824aa7-c80f-4fe6-b0a5-8f5b42c4fe34,1,1,nan,112.521013,67.478987,0.841149,0.998329,nan,nan,0.119298,nan,nan,1,0.001431
opdformer_p_rgb_512,716,422383/42447287/408723.823/94824aa7-c80f-4fe6-b0a5-8f5b42c4fe34,1,1,nan,22.545505,22.545505,0.825177,1.020716,nan,nan,0.116013,nan,nan,1,0.012532
opdformer_p_rgb_512,717,422383/42447287/408723.923/94824aa7-c80f-4fe6-b0a5-8f5b42c4fe34,1,1,nan,26.253423,26.253423,1.182824,1.282846,nan,nan,0.130225,nan,nan,1,0.000079
opdformer_p_rgb_512,718,422383/42447287/408724.023/94824aa7-c80f-4fe6-b0a5-8f5b42c4fe34,1,1,nan,17.302462,17.302462,0.975252,1.055443,nan,nan,0.125000,nan,nan,1,0.000754
opdformer_p_rgb_512,719,422383/42447287/408729.620/94824aa7-c80f-4fe6-b0a5-8f5b42c4fe34,1,1,nan,10.843942,10.843942,0.520581,0.622436,nan,nan,0.133891,nan,nan,1,0.000118
opdformer_p_rgb_512,720,422383/42447287/408739.116/ab2a5541-ca36-4f5d-813c-166575de4096,0,0,nan,70.314828,70.314828,nan,nan,nan,nan,0.664557,nan,nan,1,0.001873
opdformer_p_rgb_512,721,422383/42447287/408744.714/53c26b39-b885-479d-a006-1a7241521950,0,-1,nan,90.000000,90.000000,nan,nan,nan,nan,0.000000,nan,nan,0,nan
opdformer_p_rgb_512,722,422383/42447287/408744.814/53c26b39-b885-479d-a006-1a7241521950,0,0,nan,61.706106,61.706106,nan,nan,nan,nan,0.399533,nan,nan,1,0.001870
opdformer_p_rgb_512,723,422383/42447287/408745.214/1c28ef61-0a04-4bac-81c4-5c6603f22c6c,0,0,nan,45.108376,45.108376,nan,nan,nan,nan,0.644737,nan,nan,1,0.350731
opdformer_p_rgb_512,724,422383/42447287/408745.214/53c26b39-b885-479d-a006-1a7241521950,0,0,nan,46.510559,46.510559,nan,nan,nan,nan,0.682320,nan,nan,1,0.000173
opdformer_p_rgb_512,725,422383/42447287/408746.014/1c28ef61-0a04-4bac-81c4-5c6603f22c6c,0,0,nan,30.170912,30.170912,nan,nan,nan,nan,0.486111,nan,nan,1,0.002733
opdformer_p_rgb_512,726,422383/42447287/408762.723/9af3926f-d2c5-4508-9c4c-dd438702dac3,1,0,nan,115.138527,64.861473,0.427606,0.513044,nan,nan,0.662687,nan,nan,1,0.002189
opdformer_p_rgb_512,727,422383/42447287/408762.823/9af3926f-d2c5-4508-9c4c-dd438702dac3,1,0,nan,121.874729,58.125271,0.336875,0.481962,nan,nan,0.739766,nan,nan,1,0.000227
opdformer_p_rgb_512,728,422383/42447287/408762.923/9af3926f-d2c5-4508-9c4c-dd438702dac3,1,0,nan,103.313880,76.686120,0.252320,0.418749,nan,nan,0.673854,nan,nan,1,0.001194
opdformer_p_rgb_512,729,422383/42447287/408763.023/9af3926f-d2c5-4508-9c4c-dd438702dac3,1,0,nan,92.711960,87.288040,0.249312,0.882145,nan,nan,0.714646,nan,nan,1,0.000172
opdformer_p_rgb_512,730,422383/42447287/408763.123/9af3926f-d2c5-4508-9c4c-dd438702dac3,1,0,nan,112.665459,67.334541,0.812015,0.966620,nan,nan,0.764574,nan,nan,1,0.000074
opdformer_p_rgb_512,731,422383/42447287/408764.722/9af3926f-d2c5-4508-9c4c-dd438702dac3,1,1,nan,176.290109,3.709891,0.402455,0.494493,nan,nan,0.538206,nan,nan,1,0.000129
opdformer_p_rgb_512,732,422383/42447287/408764.822/9af3926f-d2c5-4508-9c4c-dd438702dac3,1,1,nan,157.119473,22.880527,0.599487,0.625998,nan,nan,0.543514,nan,nan,1,0.000123
opdformer_p_rgb_512,733,422383/42447287/408764.922/9af3926f-d2c5-4508-9c4c-dd438702dac3,1,1,nan,177.113229,2.886771,0.226011,0.295423,nan,nan,0.502874,nan,nan,1,0.000063
opdformer_p_rgb_512,734,422383/42447287/408765.022/9af3926f-d2c5-4508-9c4c-dd438702dac3,1,1,nan,74.869840,74.869840,0.487865,0.495573,nan,nan,0.528767,nan,nan,1,0.000371
opdformer_p_rgb_512,735,422383/42447287/408765.122/9af3926f-d2c5-4508-9c4c-dd438702dac3,1,1,nan,153.182379,26.817621,0.572477,0.572623,nan,nan,0.610219,nan,nan,1,0.000126
opdformer_p_rgb_512,736,422383/42447287/408765.222/9af3926f-d2c5-4508-9c4c-dd438702dac3,1,1,nan,167.507242,12.492758,0.643665,0.645091,nan,nan,0.566952,nan,nan,1,0.000319
opdformer_p_rgb_512,737,422383/42447287/408765.322/9af3926f-d2c5-4508-9c4c-dd438702dac3,1,1,nan,176.851465,3.148535,0.616462,0.619217,nan,nan,0.434462,nan,nan,1,0.000187
opdformer_p_rgb_512,738,422383/42447287/408770.920/9af3926f-d2c5-4508-9c4c-dd438702dac3,1,0,nan,98.149917,81.850083,0.626917,0.641449,nan,nan,0.676171,nan,nan,1,0.000990
opdformer_p_rgb_512,739,422383/42447287/408771.020/9af3926f-d2c5-4508-9c4c-dd438702dac3,1,0,nan,108.993187,71.006813,0.463888,0.463896,nan,nan,0.660215,nan,nan,1,0.001156
opdformer_p_rgb_512,740,422383/42447287/408771.120/9af3926f-d2c5-4508-9c4c-dd438702dac3,1,0,nan,127.657805,52.342195,0.579190,0.579337,nan,nan,0.572854,nan,nan,1,0.002003
opdformer_p_rgb_512,741,422383/42447287/408771.220/9af3926f-d2c5-4508-9c4c-dd438702dac3,1,0,nan,148.086207,31.913793,0.377434,0.380819,nan,nan,0.529148,nan,nan,1,0.000318
opdformer_p_rgb_512,742,422383/42447287/408771.320/9af3926f-d2c5-4508-9c4c-dd438702dac3,1,0,nan,156.561915,23.438085,0.377330,0.399530,nan,nan,0.440347,nan,nan,1,0.000297
opdformer_p_rgb_512,743,422383/42447287/408771.420/9af3926f-d2c5-4508-9c4c-dd438702dac3,1,1,nan,160.594143,19.405857,0.687270,0.687811,nan,nan,0.241058,nan,nan,1,0.940841
opdformer_p_rgb_512,744,422383/42447287/408771.520/9af3926f-d2c5-4508-9c4c-dd438702dac3,1,1,nan,157.775238,22.224762,0.330959,0.338606,nan,nan,0.549180,nan,nan,1,0.000395
opdformer_p_rgb_512,745,422383/42447287/408771.620/9af3926f-d2c5-4508-9c4c-dd438702dac3,1,1,nan,64.374675,64.374675,0.225321,0.226931,nan,nan,0.492754,nan,nan,1,0.000191
opdformer_p_rgb_512,746,422383/42447287/408771.720/9af3926f-d2c5-4508-9c4c-dd438702dac3,1,1,nan,142.153642,37.846358,0.638183,0.695453,nan,nan,0.422998,nan,nan,1,0.000485
opdformer_p_rgb_512,747,422383/42447287/408778.117/339e8967-d520-4928-8daf-bff3ad2f4a72,0,0,nan,88.920541,88.920541,nan,nan,nan,nan,0.604222,nan,nan,1,0.000114
opdformer_p_rgb_512,748,422383/42447287/408778.217/339e8967-d520-4928-8daf-bff3ad2f4a72,0,0,nan,22.352484,22.352484,nan,nan,nan,nan,0.648649,nan,nan,1,0.006343
opdformer_p_rgb_512,749,422383/42447287/408778.317/339e8967-d520-4928-8daf-bff3ad2f4a72,0,0,nan,112.678081,67.321919,nan,nan,nan,nan,0.553134,nan,nan,1,0.000221
opdformer_p_rgb_512,750,422383/42447287/408778.417/339e8967-d520-4928-8daf-bff3ad2f4a72,0,0,nan,72.865414,72.865414,nan,nan,nan,nan,0.599415,nan,nan,1,0.001140
opdformer_p_rgb_512,751,422383/42447287/408778.517/339e8967-d520-4928-8daf-bff3ad2f4a72,0,0,nan,3.603039,3.603039,nan,nan,nan,nan,0.613181,nan,nan,1,0.003307
opdformer_p_rgb_512,752,422383/42447287/408778.617/339e8967-d520-4928-8daf-bff3ad2f4a72,0,0,nan,5.049641,5.049641,nan,nan,nan,nan,0.546218,nan,nan,1,0.000259
opdformer_p_rgb_512,753,422383/42447287/408778.717/339e8967-d520-4928-8daf-bff3ad2f4a72,0,0,nan,18.338872,18.338872,nan,nan,nan,nan,0.539063,nan,nan,1,0.000077
opdformer_p_rgb_512,754,422383/42447287/408778.817/339e8967-d520-4928-8daf-bff3ad2f4a72,0,0,nan,32.933577,32.933577,nan,nan,nan,nan,0.641399,nan,nan,1,0.000189
opdformer_p_rgb_512,755,422383/42447287/408778.917/339e8967-d520-4928-8daf-bff3ad2f4a72,0,0,nan,31.087268,31.087268,nan,nan,nan,nan,0.498721,nan,nan,1,0.978757
opdformer_p_rgb_512,756,422383/42447287/408779.017/339e8967-d520-4928-8daf-bff3ad2f4a72,0,0,nan,55.869833,55.869833,nan,nan,nan,nan,0.672043,nan,nan,1,0.001466
opdformer_p_rgb_512,757,422383/42447287/408779.117/339e8967-d520-4928-8daf-bff3ad2f4a72,0,0,nan,44.139797,44.139797,nan,nan,nan,nan,0.592920,nan,nan,1,0.000501
opdformer_p_rgb_512,758,422383/42447287/408779.416/339e8967-d520-4928-8daf-bff3ad2f4a72,0,0,nan,42.974686,42.974686,nan,nan,nan,nan,0.761589,nan,nan,1,0.000486
opdformer_p_rgb_512,759,422383/42447287/408784.914/953db8ea-17dc-4340-9cc7-ac38a9109b46,0,0,nan,129.358501,50.641499,nan,nan,nan,nan,0.528986,nan,nan,1,0.000753
opdformer_p_rgb_512,760,422383/42447287/408785.014/953db8ea-17dc-4340-9cc7-ac38a9109b46,0,0,nan,158.242417,21.757583,nan,nan,nan,nan,0.421875,nan,nan,1,0.001003
opdformer_p_rgb_512,761,422383/42447287/408785.114/953db8ea-17dc-4340-9cc7-ac38a9109b46,0,0,nan,93.271561,86.728439,nan,nan,nan,nan,0.298193,nan,nan,1,0.000501
opdformer_p_rgb_512,762,422383/42447287/408785.214/953db8ea-17dc-4340-9cc7-ac38a9109b46,0,0,nan,71.560386,71.560386,nan,nan,nan,nan,0.278219,nan,nan,1,0.000179
opdformer_p_rgb_512,763,422383/42447287/408785.314/953db8ea-17dc-4340-9cc7-ac38a9109b46,0,0,nan,107.067635,72.932365,nan,nan,nan,nan,0.165605,nan,nan,1,0.001227
opdformer_p_rgb_512,764,422383/42447287/408785.414/953db8ea-17dc-4340-9cc7-ac38a9109b46,0,0,nan,80.804001,80.804001,nan,nan,nan,nan,0.184591,nan,nan,1,0.002322
opdformer_p_rgb_512,765,422383/42447287/408785.514/953db8ea-17dc-4340-9cc7-ac38a9109b46,0,-1,nan,90.000000,90.000000,nan,nan,nan,nan,0.000000,nan,nan,0,nan
opdformer_p_rgb_512,766,422383/42447287/408785.614/953db8ea-17dc-4340-9cc7-ac38a9109b46,0,0,nan,67.818619,67.818619,nan,nan,nan,nan,0.251981,nan,nan,1,0.000580
opdformer_p_rgb_512,767,422383/42447287/408785.714/953db8ea-17dc-4340-9cc7-ac38a9109b46,0,0,nan,84.769917,84.769917,nan,nan,nan,nan,0.044828,nan,nan,1,0.001244
opdformer_p_rgb_512,768,422383/42447287/408785.814/953db8ea-17dc-4340-9cc7-ac38a9109b46,0,0,nan,31.065027,31.065027,nan,nan,nan,nan,0.176282,nan,nan,1,0.000459
opdformer_p_rgb_512,769,422383/42447287/408785.914/953db8ea-17dc-4340-9cc7-ac38a9109b46,0,0,nan,54.082928,54.082928,nan,nan,nan,nan,0.284281,nan,nan,1,0.000532
opdformer_p_rgb_512,770,422383/42447287/408786.014/953db8ea-17dc-4340-9cc7-ac38a9109b46,0,0,nan,108.567990,71.432010,nan,nan,nan,nan,0.002191,nan,nan,1,0.000320
opdformer_p_rgb_512,771,422383/42447287/408786.114/953db8ea-17dc-4340-9cc7-ac38a9109b46,0,0,nan,124.306313,55.693687,nan,nan,nan,nan,0.496229,nan,nan,1,0.000532
opdformer_p_rgb_512,772,422383/42447287/408786.214/953db8ea-17dc-4340-9cc7-ac38a9109b46,0,0,nan,82.041261,82.041261,nan,nan,nan,nan,0.484680,nan,nan,1,0.000263
opdformer_p_rgb_512,773,422383/42447287/408786.314/807a9798-2c91-4f20-a650-b103b924d95e,1,1,nan,146.485478,33.514522,0.902533,0.915960,nan,nan,0.661578,nan,nan,1,0.000348
opdformer_p_rgb_512,774,422383/42447287/408786.414/807a9798-2c91-4f20-a650-b103b924d95e,1,1,nan,139.691433,40.308567,0.993927,0.994346,nan,nan,0.710674,nan,nan,1,0.000086
opdformer_p_rgb_512,775,422383/42447287/408786.613/807a9798-2c91-4f20-a650-b103b924d95e,1,1,nan,154.964771,25.035229,1.167333,1.167333,nan,nan,0.621253,nan,nan,1,0.000472
opdformer_p_rgb_512,776,422383/42447287/408786.713/807a9798-2c91-4f20-a650-b103b924d95e,1,1,nan,121.357036,58.642964,0.847881,0.850242,nan,nan,0.498834,nan,nan,1,0.000490
opdformer_p_rgb_512,777,422383/42447287/408786.713/953db8ea-17dc-4340-9cc7-ac38a9109b46,0,0,nan,101.193251,78.806749,nan,nan,nan,nan,0.206041,nan,nan,1,0.000301
opdformer_p_rgb_512,778,422383/42447287/408786.813/807a9798-2c91-4f20-a650-b103b924d95e,1,1,nan,105.307089,74.692911,1.127846,1.127858,nan,nan,0.611529,nan,nan,1,0.000350
opdformer_p_rgb_512,779,422383/42447287/408786.813/953db8ea-17dc-4340-9cc7-ac38a9109b46,0,0,nan,125.259088,54.740912,nan,nan,nan,nan,0.261384,nan,nan,1,0.000201
opdformer_p_rgb_512,780,422383/42447287/408786.913/807a9798-2c91-4f20-a650-b103b924d95e,1,1,nan,89.630532,89.630532,1.245010,1.245061,nan,nan,0.555288,nan,nan,1,0.000620
opdformer_p_rgb_512,781,422383/42447287/408786.913/953db8ea-17dc-4340-9cc7-ac38a9109b46,0,0,nan,137.575961,42.424039,nan,nan,nan,nan,0.369352,nan,nan,1,0.000237
opdformer_p_rgb_512,782,422383/42447287/408787.013/807a9798-2c91-4f20-a650-b103b924d95e,1,1,nan,94.334880,85.665120,0.583252,0.585454,nan,nan,0.497653,nan,nan,1,0.000885
opdformer_p_rgb_512,783,422383/42447287/408787.013/953db8ea-17dc-4340-9cc7-ac38a9109b46,0,-1,nan,90.000000,90.000000,nan,nan,nan,nan,0.000000,nan,nan,0,nan
opdformer_p_rgb_512,784,422383/42447287/408787.113/807a9798-2c91-4f20-a650-b103b924d95e,1,1,nan,86.889269,86.889269,1.128732,1.133375,nan,nan,0.589552,nan,nan,1,0.000416
opdformer_p_rgb_512,785,422383/42447287/408787.113/953db8ea-17dc-4340-9cc7-ac38a9109b46,0,0,nan,158.957833,21.042167,nan,nan,nan,nan,0.078288,nan,nan,1,0.000495
opdformer_p_rgb_512,786,422383/42447287/408787.230/807a9798-2c91-4f20-a650-b103b924d95e,1,1,nan,91.512809,88.487191,1.103027,1.105273,nan,nan,0.677596,nan,nan,1,0.000356
opdformer_p_rgb_512,787,422383/42447287/408787.230/953db8ea-17dc-4340-9cc7-ac38a9109b46,0,0,nan,117.155974,62.844026,nan,nan,nan,nan,0.142340,nan,nan,1,0.000250
opdformer_p_rgb_512,788,422383/42447287/408787.330/807a9798-2c91-4f20-a650-b103b924d95e,1,1,nan,87.922177,87.922177,0.636048,0.636899,nan,nan,0.598886,nan,nan,1,0.000253
opdformer_p_rgb_512,789,422383/42447287/408787.330/953db8ea-17dc-4340-9cc7-ac38a9109b46,0,0,nan,81.367000,81.367000,nan,nan,nan,nan,0.117490,nan,nan,1,0.000234
opdformer_p_rgb_512,790,422383/42447287/408787.430/807a9798-2c91-4f20-a650-b103b924d95e,1,0,nan,99.698291,80.301709,0.754693,0.756155,nan,nan,0.573003,nan,nan,1,0.000717
opdformer_p_rgb_512,791,422383/42447287/408787.430/953db8ea-17dc-4340-9cc7-ac38a9109b46,0,0,nan,115.891377,64.108623,nan,nan,nan,nan,0.012107,nan,nan,1,0.000204
opdformer_p_rgb_512,792,422383/42447287/408787.530/807a9798-2c91-4f20-a650-b103b924d95e,1,0,nan,91.179209,88.820791,0.671765,0.681194,nan,nan,0.589674,nan,nan,1,0.000119
opdformer_p_rgb_512,793,422383/42447287/408787.530/953db8ea-17dc-4340-9cc7-ac38a9109b46,0,0,nan,65.155766,65.155766,nan,nan,nan,nan,0.165242,nan,nan,1,0.000066
opdformer_p_rgb_512,794,422383/42447287/408787.630/807a9798-2c91-4f20-a650-b103b924d95e,1,0,nan,91.229050,88.770950,0.627137,0.628632,nan,nan,0.484456,nan,nan,1,0.960538
opdformer_p_rgb_512,795,422383/42447287/408787.630/953db8ea-17dc-4340-9cc7-ac38a9109b46,0,-1,nan,90.000000,90.000000,nan,nan,nan,nan,0.000000,nan,nan,0,nan
opdformer_p_rgb_512,796,422383/42447287/408787.730/807a9798-2c91-4f20-a650-b103b924d95e,1,0,nan,99.097583,80.902417,0.380685,0.381374,nan,nan,0.596659,nan,nan,1,0.000160
opdformer_p_rgb_512,797,422383/42447287/408787.730/953db8ea-17dc-4340-9cc7-ac38a9109b46,0,-1,nan,90.000000,90.000000,nan,nan,nan,nan,0.000000,nan,nan,0,nan
opdformer_p_rgb_512,798,422383/42447287/408787.830/807a9798-2c91-4f20-a650-b103b924d95e,1,0,nan,89.001914,89.001914,0.435713,0.435844,nan,nan,0.579602,nan,nan,1,0.000053
opdformer_p_rgb_512,799,422383/42447287/408787.830/953db8ea-17dc-4340-9cc7-ac38a9109b46,0,0,nan,97.837708,82.162292,nan,nan,nan,nan,0.000815,nan,nan,1,0.000032
opdformer_p_rgb_512,800,422383/42447287/408787.930/953db8ea-17dc-4340-9cc7-ac38a9109b46,0,-1,nan,90.000000,90.000000,nan,nan,nan,nan,0.000000,nan,nan,0,nan
opdformer_p_rgb_512,801,422383/42447287/408788.030/953db8ea-17dc-4340-9cc7-ac38a9109b46,0,-1,nan,90.000000,90.000000,nan,nan,nan,nan,0.000000,nan,nan,0,nan
opdformer_p_rgb_512,802,422383/42447287/408788.129/953db8ea-17dc-4340-9cc7-ac38a9109b46,0,-1,nan,90.000000,90.000000,nan,nan,nan,nan,0.000000,nan,nan,0,nan
opdformer_p_rgb_512,803,422383/42447287/408788.229/953db8ea-17dc-4340-9cc7-ac38a9109b46,0,-1,nan,90.000000,90.000000,nan,nan,nan,nan,0.000000,nan,nan,0,nan
opdformer_p_rgb_512,804,422383/42447287/408788.329/953db8ea-17dc-4340-9cc7-ac38a9109b46,0,-1,nan,90.000000,90.000000,nan,nan,nan,nan,0.000000,nan,nan,0,nan
opdformer_p_rgb_512,805,422383/42447287/408788.429/953db8ea-17dc-4340-9cc7-ac38a9109b46,0,-1,nan,90.000000,90.000000,nan,nan,nan,nan,0.000000,nan,nan,0,nan
opdformer_p_rgb_512,806,422383/42447287/408788.529/953db8ea-17dc-4340-9cc7-ac38a9109b46,0,-1,nan,90.000000,90.000000,nan,nan,nan,nan,0.000000,nan,nan,0,nan
opdformer_p_rgb_512,807,422383/42447287/408788.629/953db8ea-17dc-4340-9cc7-ac38a9109b46,0,-1,nan,90.000000,90.000000,nan,nan,nan,nan,0.000000,nan,nan,0,nan
opdformer_p_rgb_512,808,422383/42447287/408788.729/953db8ea-17dc-4340-9cc7-ac38a9109b46,0,0,nan,145.477123,34.522877,nan,nan,nan,nan,0.000000,nan,nan,1,0.006234
opdformer_p_rgb_512,809,422383/42447287/408788.829/953db8ea-17dc-4340-9cc7-ac38a9109b46,0,-1,nan,90.000000,90.000000,nan,nan,nan,nan,0.000000,nan,nan,0,nan
opdformer_p_rgb_512,810,422383/42447287/408788.929/953db8ea-17dc-4340-9cc7-ac38a9109b46,0,-1,nan,90.000000,90.000000,nan,nan,nan,nan,0.000000,nan,nan,0,nan
opdformer_p_rgb_512,811,422383/42447287/408794.627/953db8ea-17dc-4340-9cc7-ac38a9109b46,0,0,nan,14.368328,14.368328,nan,nan,nan,nan,0.179592,nan,nan,1,0.002396
opdformer_p_rgb_512,812,422383/42447287/408794.727/953db8ea-17dc-4340-9cc7-ac38a9109b46,0,0,nan,50.766406,50.766406,nan,nan,nan,nan,0.277699,nan,nan,1,0.001789
opdformer_p_rgb_512,813,422383/42447287/408794.827/953db8ea-17dc-4340-9cc7-ac38a9109b46,0,0,nan,64.042456,64.042456,nan,nan,nan,nan,0.134121,nan,nan,1,0.002208
opdformer_p_rgb_512,814,422383/42447287/408794.927/953db8ea-17dc-4340-9cc7-ac38a9109b46,0,0,nan,95.124061,84.875939,nan,nan,nan,nan,0.315710,nan,nan,1,0.355816
opdformer_p_rgb_512,815,422383/42447287/408795.027/953db8ea-17dc-4340-9cc7-ac38a9109b46,0,0,nan,128.826166,51.173834,nan,nan,nan,nan,0.226181,nan,nan,1,0.001357
opdformer_p_rgb_512,816,422383/42447287/408795.127/953db8ea-17dc-4340-9cc7-ac38a9109b46,0,0,nan,77.357271,77.357271,nan,nan,nan,nan,0.247581,nan,nan,1,0.010402
opdformer_p_rgb_512,817,422383/42447287/408795.227/953db8ea-17dc-4340-9cc7-ac38a9109b46,0,0,nan,141.650799,38.349201,nan,nan,nan,nan,0.284426,nan,nan,1,0.080272
opdformer_p_rgb_512,818,422383/42447287/408795.327/953db8ea-17dc-4340-9cc7-ac38a9109b46,0,0,nan,134.316380,45.683620,nan,nan,nan,nan,0.387439,nan,nan,1,0.001403
opdformer_p_rgb_512,819,422383/42447287/408795.426/953db8ea-17dc-4340-9cc7-ac38a9109b46,0,0,nan,153.866429,26.133571,nan,nan,nan,nan,0.379310,nan,nan,1,0.297561
opdformer_p_rgb_512,820,422383/42447287/408795.526/953db8ea-17dc-4340-9cc7-ac38a9109b46,0,1,nan,90.316712,89.683288,nan,nan,nan,nan,0.451822,nan,nan,1,0.000891
opdformer_p_rgb_512,821,422383/42447287/408795.626/953db8ea-17dc-4340-9cc7-ac38a9109b46,0,1,nan,127.832262,52.167738,nan,nan,nan,nan,0.385647,nan,nan,1,0.262463
opdformer_p_rgb_512,822,422383/42447287/408795.726/953db8ea-17dc-4340-9cc7-ac38a9109b46,0,1,nan,161.137680,18.862320,nan,nan,nan,nan,0.395881,nan,nan,1,0.101375
opdformer_p_rgb_512,823,422383/42447287/408795.826/953db8ea-17dc-4340-9cc7-ac38a9109b46,0,1,nan,162.150227,17.849773,nan,nan,nan,nan,0.478762,nan,nan,1,0.000690
opdformer_p_rgb_512,824,422383/42447287/408795.926/953db8ea-17dc-4340-9cc7-ac38a9109b46,0,1,nan,135.365029,44.634971,nan,nan,nan,nan,0.537492,nan,nan,1,0.000973
opdformer_p_rgb_512,825,422383/42447287/408796.026/953db8ea-17dc-4340-9cc7-ac38a9109b46,0,1,nan,163.616109,16.383891,nan,nan,nan,nan,0.407643,nan,nan,1,0.001317
opdformer_p_rgb_512,826,422383/42447287/408796.726/953db8ea-17dc-4340-9cc7-ac38a9109b46,0,1,nan,170.268257,9.731743,nan,nan,nan,nan,0.556333,nan,nan,1,0.042026
opdformer_p_rgb_512,827,422383/42447287/408796.826/953db8ea-17dc-4340-9cc7-ac38a9109b46,0,0,nan,154.605726,25.394274,nan,nan,nan,nan,0.471037,nan,nan,1,0.010533
opdformer_p_rgb_512,828,422383/42447287/408796.926/953db8ea-17dc-4340-9cc7-ac38a9109b46,0,0,nan,143.974388,36.025612,nan,nan,nan,nan,0.293132,nan,nan,1,0.014451
opdformer_p_rgb_512,829,422383/42447287/408797.026/953db8ea-17dc-4340-9cc7-ac38a9109b46,0,0,nan,140.094408,39.905592,nan,nan,nan,nan,0.063993,nan,nan,1,0.031176
opdformer_p_rgb_512,830,422383/42447287/408797.126/953db8ea-17dc-4340-9cc7-ac38a9109b46,0,0,nan,162.611482,17.388518,nan,nan,nan,nan,0.149385,nan,nan,1,0.004393
opdformer_p_rgb_512,831,422383/42447287/408797.226/953db8ea-17dc-4340-9cc7-ac38a9109b46,0,0,nan,147.227703,32.772297,nan,nan,nan,nan,0.244425,nan,nan,1,0.028343
opdformer_p_rgb_512,832,422383/42447287/408797.326/953db8ea-17dc-4340-9cc7-ac38a9109b46,0,0,nan,130.832498,49.167502,nan,nan,nan,nan,0.156111,nan,nan,1,0.041056
opdformer_p_rgb_512,833,422383/42447287/408797.426/953db8ea-17dc-4340-9cc7-ac38a9109b46,0,0,nan,138.287664,41.712336,nan,nan,nan,nan,0.303351,nan,nan,1,0.000374
opdformer_p_rgb_512,834,422383/42447287/408797.526/953db8ea-17dc-4340-9cc7-ac38a9109b46,0,0,nan,139.184736,40.815264,nan,nan,nan,nan,0.387997,nan,nan,1,0.000414
opdformer_p_rgb_512,835,422383/42447287/408797.626/953db8ea-17dc-4340-9cc7-ac38a9109b46,0,0,nan,85.519584,85.519584,nan,nan,nan,nan,0.372533,nan,nan,1,0.005293
opdformer_p_rgb_512,836,422383/42447287/408797.726/953db8ea-17dc-4340-9cc7-ac38a9109b46,0,0,nan,44.073442,44.073442,nan,nan,nan,nan,0.409197,nan,nan,1,0.000080
opdformer_p_rgb_512,837,422383/42447287/408802.324/953db8ea-17dc-4340-9cc7-ac38a9109b46,0,-1,nan,90.000000,90.000000,nan,nan,nan,nan,0.000000,nan,nan,0,nan
opdformer_p_rgb_512,838,422383/42447287/408802.424/953db8ea-17dc-4340-9cc7-ac38a9109b46,0,-1,nan,90.000000,90.000000,nan,nan,nan,nan,0.000000,nan,nan,0,nan
opdformer_p_rgb_512,839,422383/42447287/408802.524/953db8ea-17dc-4340-9cc7-ac38a9109b46,0,-1,nan,90.000000,90.000000,nan,nan,nan,nan,0.000000,nan,nan,0,nan
opdformer_p_rgb_512,840,422383/42447287/408802.624/953db8ea-17dc-4340-9cc7-ac38a9109b46,0,-1,nan,90.000000,90.000000,nan,nan,nan,nan,0.000000,nan,nan,0,nan
opdformer_p_rgb_512,841,422383/42447287/408802.723/953db8ea-17dc-4340-9cc7-ac38a9109b46,0,-1,nan,90.000000,90.000000,nan,nan,nan,nan,0.000000,nan,nan,0,nan
opdformer_p_rgb_512,842,422383/42447287/408802.823/953db8ea-17dc-4340-9cc7-ac38a9109b46,0,-1,nan,90.000000,90.000000,nan,nan,nan,nan,0.000000,nan,nan,0,nan
opdformer_p_rgb_512,843,422383/42447287/408802.923/807a9798-2c91-4f20-a650-b103b924d95e,1,0,nan,123.989988,56.010012,0.418428,0.432487,nan,nan,0.523923,nan,nan,1,0.000269
opdformer_p_rgb_512,844,422383/42447287/408802.923/953db8ea-17dc-4340-9cc7-ac38a9109b46,0,-1,nan,90.000000,90.000000,nan,nan,nan,nan,0.000000,nan,nan,0,nan
opdformer_p_rgb_512,845,422383/42447287/408803.023/807a9798-2c91-4f20-a650-b103b924d95e,1,0,nan,119.799181,60.200819,0.237844,0.238052,nan,nan,0.578947,nan,nan,1,0.002273
opdformer_p_rgb_512,846,422383/42447287/408803.023/953db8ea-17dc-4340-9cc7-ac38a9109b46,0,-1,nan,90.000000,90.000000,nan,nan,nan,nan,0.000000,nan,nan,0,nan
opdformer_p_rgb_512,847,422383/42447287/408803.123/807a9798-2c91-4f20-a650-b103b924d95e,1,0,nan,113.586581,66.413419,0.233313,0.240919,nan,nan,0.567358,nan,nan,1,0.000695
opdformer_p_rgb_512,848,422383/42447287/408803.123/953db8ea-17dc-4340-9cc7-ac38a9109b46,0,-1,nan,90.000000,90.000000,nan,nan,nan,nan,0.000000,nan,nan,0,nan
opdformer_p_rgb_512,849,422383/42447287/408803.223/807a9798-2c91-4f20-a650-b103b924d95e,1,0,nan,110.310750,69.689250,0.423179,0.423298,nan,nan,0.657817,nan,nan,1,0.001754
opdformer_p_rgb_512,850,422383/42447287/408803.223/953db8ea-17dc-4340-9cc7-ac38a9109b46,0,-1,nan,90.000000,90.000000,nan,nan,nan,nan,0.000000,nan,nan,0,nan
opdformer_p_rgb_512,851,422383/42447287/408803.323/807a9798-2c91-4f20-a650-b103b924d95e,1,1,nan,48.943503,48.943503,0.506343,0.511317,nan,nan,0.547980,nan,nan,1,0.970720
opdformer_p_rgb_512,852,422383/42447287/408803.323/953db8ea-17dc-4340-9cc7-ac38a9109b46,0,-1,nan,90.000000,90.000000,nan,nan,nan,nan,0.000000,nan,nan,0,nan
opdformer_p_rgb_512,853,422383/42447287/408803.423/807a9798-2c91-4f20-a650-b103b924d95e,1,1,nan,18.741700,18.741700,0.760138,0.761571,nan,nan,0.541485,nan,nan,1,0.000623
opdformer_p_rgb_512,854,422383/42447287/408803.423/953db8ea-17dc-4340-9cc7-ac38a9109b46,0,-1,nan,90.000000,90.000000,nan,nan,nan,nan,0.000000,nan,nan,0,nan
opdformer_p_rgb_512,855,422383/42447287/408803.523/807a9798-2c91-4f20-a650-b103b924d95e,1,1,nan,41.211299,41.211299,1.152440,1.152472,nan,nan,0.617925,nan,nan,1,0.001037
opdformer_p_rgb_512,856,422383/42447287/408803.523/953db8ea-17dc-4340-9cc7-ac38a9109b46,0,-1,nan,90.000000,90.000000,nan,nan,nan,nan,0.000000,nan,nan,0,nan
opdformer_p_rgb_512,857,422383/42447287/408803.623/953db8ea-17dc-4340-9cc7-ac38a9109b46,0,-1,nan,90.000000,90.000000,nan,nan,nan,nan,0.000000,nan,nan,0,nan
opdformer_p_rgb_512,858,422383/42447287/408803.723/953db8ea-17dc-4340-9cc7-ac38a9109b46,0,-1,nan,90.000000,90.000000,nan,nan,nan,nan,0.000000,nan,nan,0,nan
opdformer_p_rgb_512,859,422383/42447287/408803.823/953db8ea-17dc-4340-9cc7-ac38a9109b46,0,-1,nan,90.000000,90.000000,nan,nan,nan,nan,0.000000,nan,nan,0,nan
opdformer_p_rgb_512,860,422383/42447287/408803.923/953db8ea-17dc-4340-9cc7-ac38a9109b46,0,-1,nan,90.000000,90.000000,nan,nan,nan,nan,0.000000,nan,nan,0,nan
opdformer_p_rgb_512,861,422383/42447287/408804.023/953db8ea-17dc-4340-9cc7-ac38a9109b46,0,-1,nan,90.000000,90.000000,nan,nan,nan,nan,0.000000,nan,nan,0,nan
opdformer_p_rgb_512,862,422383/42447287/408804.123/953db8ea-17dc-4340-9cc7-ac38a9109b46,0,-1,nan,90.000000,90.000000,nan,nan,nan,nan,0.000000,nan,nan,0,nan
opdformer_p_rgb_512,863,422383/42447287/408804.223/953db8ea-17dc-4340-9cc7-ac38a9109b46,0,0,nan,108.852446,71.147554,nan,nan,nan,nan,0.005540,nan,nan,1,0.002142
opdformer_p_rgb_512,864,422383/42447287/408804.323/953db8ea-17dc-4340-9cc7-ac38a9109b46,0,0,nan,122.252649,57.747351,nan,nan,nan,nan,0.010949,nan,nan,1,0.002322
opdformer_p_rgb_512,865,422383/42447287/408834.327/94824aa7-c80f-4fe6-b0a5-8f5b42c4fe34,1,1,nan,20.930217,20.930217,0.297430,0.311171,nan,nan,0.215827,nan,nan,1,0.000044
opdformer_p_rgb_512,866,422383/42447287/408834.427/94824aa7-c80f-4fe6-b0a5-8f5b42c4fe34,1,1,nan,24.908987,24.908987,0.336769,0.460421,nan,nan,0.193416,nan,nan,1,0.000150
opdformer_p_rgb_512,867,422383/42447287/408834.527/94824aa7-c80f-4fe6-b0a5-8f5b42c4fe34,1,1,nan,14.716247,14.716247,0.759129,0.805265,nan,nan,0.168807,nan,nan,1,0.000023
opdformer_p_rgb_512,868,422383/42447287/408834.627/94824aa7-c80f-4fe6-b0a5-8f5b42c4fe34,1,1,nan,77.192884,77.192884,1.006505,1.025626,nan,nan,0.169697,nan,nan,1,0.000040
opdformer_p_rgb_512,869,422383/42447287/408834.727/94824aa7-c80f-4fe6-b0a5-8f5b42c4fe34,1,1,nan,28.730561,28.730561,0.573003,0.689410,nan,nan,0.151341,nan,nan,1,0.954566
opdformer_p_rgb_512,870,422383/42447287/408834.827/94824aa7-c80f-4fe6-b0a5-8f5b42c4fe34,1,1,nan,22.963207,22.963207,0.680453,0.775913,nan,nan,0.133581,nan,nan,1,0.661462
opdformer_p_rgb_512,871,422383/42447287/408834.927/94824aa7-c80f-4fe6-b0a5-8f5b42c4fe34,1,1,nan,18.028791,18.028791,0.815961,0.842978,nan,nan,0.151020,nan,nan,1,0.316266
opdformer_p_rgb_512,872,422383/42447287/408835.727/c2d7404b-7a18-4916-9944-f0bd72f770e5,0,0,nan,13.734526,13.734526,nan,nan,nan,nan,0.607656,nan,nan,1,0.000217
opdformer_p_rgb_512,873,422383/42447287/408835.826/c2d7404b-7a18-4916-9944-f0bd72f770e5,0,0,nan,26.921541,26.921541,nan,nan,nan,nan,0.540094,nan,nan,1,0.000019
opdformer_p_rgb_512,874,422383/42447287/408835.926/c2d7404b-7a18-4916-9944-f0bd72f770e5,0,0,nan,5.672993,5.672993,nan,nan,nan,nan,0.625899,nan,nan,1,0.000036
opdformer_p_rgb_512,875,422383/42447287/408836.026/c2d7404b-7a18-4916-9944-f0bd72f770e5,0,0,nan,23.860352,23.860352,nan,nan,nan,nan,0.584388,nan,nan,1,0.000041
opdformer_p_rgb_512,876,422383/42447287/408836.126/c2d7404b-7a18-4916-9944-f0bd72f770e5,0,0,nan,11.556137,11.556137,nan,nan,nan,nan,0.579710,nan,nan,1,0.000067
opdformer_p_rgb_512,877,422383/42447287/408836.226/c2d7404b-7a18-4916-9944-f0bd72f770e5,0,0,nan,4.822623,4.822623,nan,nan,nan,nan,0.555110,nan,nan,1,0.000060
opdformer_p_rgb_512,878,422383/42447287/408836.326/c2d7404b-7a18-4916-9944-f0bd72f770e5,0,0,nan,20.184267,20.184267,nan,nan,nan,nan,0.584249,nan,nan,1,0.949663
opdformer_p_rgb_512,879,422383/42447287/408836.426/c2d7404b-7a18-4916-9944-f0bd72f770e5,0,0,nan,10.400584,10.400584,nan,nan,nan,nan,0.544510,nan,nan,1,0.965277
opdformer_p_rgb_512,880,422383/42447287/408836.526/c2d7404b-7a18-4916-9944-f0bd72f770e5,0,0,nan,14.064100,14.064100,nan,nan,nan,nan,0.534207,nan,nan,1,0.954535
opdformer_p_rgb_512,881,422383/42447287/408836.626/c2d7404b-7a18-4916-9944-f0bd72f770e5,0,0,nan,13.354384,13.354384,nan,nan,nan,nan,0.606864,nan,nan,1,0.000792
opdformer_p_rgb_512,882,422383/42447287/408836.726/c2d7404b-7a18-4916-9944-f0bd72f770e5,0,0,nan,15.218400,15.218400,nan,nan,nan,nan,0.523171,nan,nan,1,0.000383
opdformer_p_rgb_512,883,422383/42447287/408836.826/c2d7404b-7a18-4916-9944-f0bd72f770e5,0,0,nan,30.299757,30.299757,nan,nan,nan,nan,0.544554,nan,nan,1,0.941938
opdformer_p_rgb_512,884,422383/42447294/408871.628/53c26b39-b885-479d-a006-1a7241521950,0,0,nan,20.791744,20.791744,nan,nan,nan,nan,0.550265,nan,nan,1,0.000496
opdformer_p_rgb_512,885,422383/42447294/408871.728/53c26b39-b885-479d-a006-1a7241521950,0,0,nan,65.525555,65.525555,nan,nan,nan,nan,0.302115,nan,nan,1,0.001670
opdformer_p_rgb_512,886,422383/42447294/408871.828/53c26b39-b885-479d-a006-1a7241521950,0,0,nan,11.089045,11.089045,nan,nan,nan,nan,0.004505,nan,nan,1,0.000464
opdformer_p_rgb_512,887,422383/42447294/408871.928/53c26b39-b885-479d-a006-1a7241521950,0,0,nan,15.560314,15.560314,nan,nan,nan,nan,0.159091,nan,nan,1,0.000858
opdformer_p_rgb_512,888,422383/42447294/408871.928/c2d7404b-7a18-4916-9944-f0bd72f770e5,0,0,nan,14.297236,14.297236,nan,nan,nan,nan,0.447587,nan,nan,1,0.000031
opdformer_p_rgb_512,889,422383/42447294/408872.028/c2d7404b-7a18-4916-9944-f0bd72f770e5,0,0,nan,12.668050,12.668050,nan,nan,nan,nan,0.504690,nan,nan,1,0.000053
opdformer_p_rgb_512,890,422383/42447294/408872.128/c2d7404b-7a18-4916-9944-f0bd72f770e5,0,0,nan,12.867520,12.867520,nan,nan,nan,nan,0.518738,nan,nan,1,0.000083
opdformer_p_rgb_512,891,422383/42447294/408872.228/c2d7404b-7a18-4916-9944-f0bd72f770e5,0,0,nan,13.707660,13.707660,nan,nan,nan,nan,0.509434,nan,nan,1,0.000037
opdformer_p_rgb_512,892,422383/42447294/408872.328/c2d7404b-7a18-4916-9944-f0bd72f770e5,0,0,nan,15.932572,15.932572,nan,nan,nan,nan,0.588235,nan,nan,1,0.000034
opdformer_p_rgb_512,893,422383/42447294/408872.428/c2d7404b-7a18-4916-9944-f0bd72f770e5,0,0,nan,16.049331,16.049331,nan,nan,nan,nan,0.591449,nan,nan,1,0.035969
opdformer_p_rgb_512,894,422383/42447294/408872.528/c2d7404b-7a18-4916-9944-f0bd72f770e5,0,0,nan,21.221218,21.221218,nan,nan,nan,nan,0.576389,nan,nan,1,0.000170
opdformer_p_rgb_512,895,422383/42447294/408872.628/c2d7404b-7a18-4916-9944-f0bd72f770e5,0,0,nan,19.967905,19.967905,nan,nan,nan,nan,0.591687,nan,nan,1,0.000287
opdformer_p_rgb_512,896,422383/42447294/408872.728/c2d7404b-7a18-4916-9944-f0bd72f770e5,0,0,nan,19.291668,19.291668,nan,nan,nan,nan,0.573696,nan,nan,1,0.000058
opdformer_p_rgb_512,897,422383/42447294/408872.828/c2d7404b-7a18-4916-9944-f0bd72f770e5,0,0,nan,20.588379,20.588379,nan,nan,nan,nan,0.648910,nan,nan,1,0.000092
opdformer_p_rgb_512,898,422383/42447294/408872.928/c2d7404b-7a18-4916-9944-f0bd72f770e5,0,0,nan,10.666937,10.666937,nan,nan,nan,nan,0.687332,nan,nan,1,0.007304
opdformer_p_rgb_512,899,422383/42447294/408873.028/c2d7404b-7a18-4916-9944-f0bd72f770e5,0,0,nan,15.521840,15.521840,nan,nan,nan,nan,0.612676,nan,nan,1,0.000063
opdformer_p_rgb_512,900,422383/42447294/408873.128/c2d7404b-7a18-4916-9944-f0bd72f770e5,0,0,nan,20.238521,20.238521,nan,nan,nan,nan,0.587583,nan,nan,1,0.000459
opdformer_p_rgb_512,901,422383/42447294/408873.228/c2d7404b-7a18-4916-9944-f0bd72f770e5,0,0,nan,37.747200,37.747200,nan,nan,nan,nan,0.684896,nan,nan,1,0.000118
opdformer_p_rgb_512,902,422383/42447294/408875.127/c2d7404b-7a18-4916-9944-f0bd72f770e5,0,0,nan,10.957850,10.957850,nan,nan,nan,nan,0.668421,nan,nan,1,0.006525
opdformer_p_rgb_512,903,422383/42447294/408875.227/c2d7404b-7a18-4916-9944-f0bd72f770e5,0,0,nan,19.004097,19.004097,nan,nan,nan,nan,0.617284,nan,nan,1,0.000246
opdformer_p_rgb_512,904,422383/42447294/408875.327/c2d7404b-7a18-4916-9944-f0bd72f770e5,0,0,nan,30.655095,30.655095,nan,nan,nan,nan,0.665049,nan,nan,1,0.000830
opdformer_p_rgb_512,905,422383/42447294/408875.427/c2d7404b-7a18-4916-9944-f0bd72f770e5,0,0,nan,25.938053,25.938053,nan,nan,nan,nan,0.534447,nan,nan,1,0.000220
opdformer_p_rgb_512,906,422383/42447294/408875.527/c2d7404b-7a18-4916-9944-f0bd72f770e5,0,0,nan,23.562429,23.562429,nan,nan,nan,nan,0.562000,nan,nan,1,0.000547
opdformer_p_rgb_512,907,422383/42447294/408875.627/c2d7404b-7a18-4916-9944-f0bd72f770e5,0,0,nan,17.240481,17.240481,nan,nan,nan,nan,0.622989,nan,nan,1,0.015418
opdformer_p_rgb_512,908,422383/42447294/408875.727/c2d7404b-7a18-4916-9944-f0bd72f770e5,0,0,nan,20.582416,20.582416,nan,nan,nan,nan,0.597778,nan,nan,1,0.000127
opdformer_p_rgb_512,909,422383/42447294/408875.827/c2d7404b-7a18-4916-9944-f0bd72f770e5,0,0,nan,20.547046,20.547046,nan,nan,nan,nan,0.610599,nan,nan,1,0.000045
opdformer_p_rgb_512,910,422383/42447294/408875.927/c2d7404b-7a18-4916-9944-f0bd72f770e5,0,0,nan,14.366793,14.366793,nan,nan,nan,nan,0.568789,nan,nan,1,0.000147
opdformer_p_rgb_512,911,422383/42447294/408876.027/c2d7404b-7a18-4916-9944-f0bd72f770e5,0,0,nan,13.655867,13.655867,nan,nan,nan,nan,0.564054,nan,nan,1,0.000071
opdformer_p_rgb_512,912,422383/42447294/408876.126/c2d7404b-7a18-4916-9944-f0bd72f770e5,0,0,nan,13.706120,13.706120,nan,nan,nan,nan,0.590361,nan,nan,1,0.000064
opdformer_p_rgb_512,913,422383/42447294/408876.226/c2d7404b-7a18-4916-9944-f0bd72f770e5,0,0,nan,15.157874,15.157874,nan,nan,nan,nan,0.520833,nan,nan,1,0.000026
opdformer_p_rgb_512,914,422383/42447294/408876.326/c2d7404b-7a18-4916-9944-f0bd72f770e5,0,0,nan,13.262327,13.262327,nan,nan,nan,nan,0.570881,nan,nan,1,0.000064
opdformer_p_rgb_512,915,422383/42447294/408876.426/c2d7404b-7a18-4916-9944-f0bd72f770e5,0,0,nan,12.531102,12.531102,nan,nan,nan,nan,0.593117,nan,nan,1,0.000039
opdformer_p_rgb_512,916,422383/42447294/408876.526/c2d7404b-7a18-4916-9944-f0bd72f770e5,0,0,nan,13.121954,13.121954,nan,nan,nan,nan,0.628131,nan,nan,1,0.000026
opdformer_p_rgb_512,917,422383/42447294/408876.626/c2d7404b-7a18-4916-9944-f0bd72f770e5,0,0,nan,13.008263,13.008263,nan,nan,nan,nan,0.619522,nan,nan,1,0.000034
opdformer_p_rgb_512,918,422383/42447294/408876.726/c2d7404b-7a18-4916-9944-f0bd72f770e5,0,0,nan,11.927035,11.927035,nan,nan,nan,nan,0.531915,nan,nan,1,0.000040
opdformer_p_rgb_512,919,422383/42447294/408876.826/53c26b39-b885-479d-a006-1a7241521950,0,-1,nan,90.000000,90.000000,nan,nan,nan,nan,0.000000,nan,nan,0,nan
opdformer_p_rgb_512,920,422383/42447294/408876.926/53c26b39-b885-479d-a006-1a7241521950,0,-1,nan,90.000000,90.000000,nan,nan,nan,nan,0.000000,nan,nan,0,nan
opdformer_p_rgb_512,921,422383/42447294/408877.026/53c26b39-b885-479d-a006-1a7241521950,0,0,nan,17.145212,17.145212,nan,nan,nan,nan,0.596439,nan,nan,1,0.000609
opdformer_p_rgb_512,922,422383/42447294/408877.126/53c26b39-b885-479d-a006-1a7241521950,0,0,nan,34.293789,34.293789,nan,nan,nan,nan,0.232919,nan,nan,1,0.000870
opdformer_p_rgb_512,923,422383/42447294/408877.226/53c26b39-b885-479d-a006-1a7241521950,0,0,nan,34.514132,34.514132,nan,nan,nan,nan,0.419825,nan,nan,1,0.001075
opdformer_p_rgb_512,924,422383/42447294/408877.326/53c26b39-b885-479d-a006-1a7241521950,0,0,nan,22.144241,22.144241,nan,nan,nan,nan,0.388158,nan,nan,1,0.002649
opdformer_p_rgb_512,925,422383/42447294/408877.426/53c26b39-b885-479d-a006-1a7241521950,0,-1,nan,90.000000,90.000000,nan,nan,nan,nan,0.000000,nan,nan,0,nan
opdformer_p_rgb_512,926,422383/42447294/408877.526/53c26b39-b885-479d-a006-1a7241521950,0,-1,nan,90.000000,90.000000,nan,nan,nan,nan,0.000000,nan,nan,0,nan
opdformer_p_rgb_512,927,422383/42447294/408877.626/53c26b39-b885-479d-a006-1a7241521950,0,0,nan,27.644419,27.644419,nan,nan,nan,nan,0.232915,nan,nan,1,0.000232
opdformer_p_rgb_512,928,422383/42447294/408877.726/53c26b39-b885-479d-a006-1a7241521950,0,0,nan,18.338721,18.338721,nan,nan,nan,nan,0.007491,nan,nan,1,0.000133
opdformer_p_rgb_512,929,422383/42447294/408877.826/53c26b39-b885-479d-a006-1a7241521950,0,0,nan,30.960024,30.960024,nan,nan,nan,nan,0.285211,nan,nan,1,0.000216
opdformer_p_rgb_512,930,422383/42447294/408877.926/53c26b39-b885-479d-a006-1a7241521950,0,0,nan,29.401489,29.401489,nan,nan,nan,nan,0.363171,nan,nan,1,0.003596
opdformer_p_rgb_512,931,422383/42447294/408878.026/53c26b39-b885-479d-a006-1a7241521950,0,0,nan,32.434361,32.434361,nan,nan,nan,nan,0.362595,nan,nan,1,0.000434
opdformer_p_rgb_512,932,422383/42447294/408878.126/53c26b39-b885-479d-a006-1a7241521950,0,0,nan,39.575193,39.575193,nan,nan,nan,nan,0.500000,nan,nan,1,0.000271
opdformer_p_rgb_512,933,422383/42447294/408878.226/53c26b39-b885-479d-a006-1a7241521950,0,0,nan,36.554317,36.554317,nan,nan,nan,nan,0.733333,nan,nan,1,0.000702
opdformer_p_rgb_512,934,422383/42447294/408878.326/53c26b39-b885-479d-a006-1a7241521950,0,0,nan,25.242049,25.242049,nan,nan,nan,nan,0.448179,nan,nan,1,0.000693
opdformer_p_rgb_512,935,422383/42447294/408878.426/53c26b39-b885-479d-a006-1a7241521950,0,0,nan,43.176638,43.176638,nan,nan,nan,nan,0.785166,nan,nan,1,0.000918
opdformer_p_rgb_512,936,422383/42447294/408878.526/1c28ef61-0a04-4bac-81c4-5c6603f22c6c,0,0,nan,42.963682,42.963682,nan,nan,nan,nan,0.677083,nan,nan,1,0.002361
opdformer_p_rgb_512,937,422383/42447294/408878.526/53c26b39-b885-479d-a006-1a7241521950,0,0,nan,38.479835,38.479835,nan,nan,nan,nan,0.810127,nan,nan,1,0.000966
opdformer_p_rgb_512,938,422383/42447294/408878.625/1c28ef61-0a04-4bac-81c4-5c6603f22c6c,0,0,nan,38.236817,38.236817,nan,nan,nan,nan,0.452785,nan,nan,1,0.001507
opdformer_p_rgb_512,939,422383/42447294/408878.625/53c26b39-b885-479d-a006-1a7241521950,0,0,nan,29.107724,29.107724,nan,nan,nan,nan,0.644944,nan,nan,1,0.000732
opdformer_p_rgb_512,940,422383/42447294/408878.725/1c28ef61-0a04-4bac-81c4-5c6603f22c6c,0,0,nan,51.889345,51.889345,nan,nan,nan,nan,0.535469,nan,nan,1,0.000602
opdformer_p_rgb_512,941,422383/42447294/408878.725/53c26b39-b885-479d-a006-1a7241521950,0,0,nan,50.440329,50.440329,nan,nan,nan,nan,0.648069,nan,nan,1,0.000759
opdformer_p_rgb_512,942,422383/42447294/408878.825/1c28ef61-0a04-4bac-81c4-5c6603f22c6c,0,0,nan,21.357635,21.357635,nan,nan,nan,nan,0.682222,nan,nan,1,0.004131
opdformer_p_rgb_512,943,422383/42447294/408878.825/53c26b39-b885-479d-a006-1a7241521950,0,0,nan,20.635558,20.635558,nan,nan,nan,nan,0.729412,nan,nan,1,0.000446
opdformer_p_rgb_512,944,422383/42447294/408881.524/53c26b39-b885-479d-a006-1a7241521950,0,0,nan,13.470053,13.470053,nan,nan,nan,nan,0.489051,nan,nan,1,0.000953
opdformer_p_rgb_512,945,422383/42447294/408881.724/c2d7404b-7a18-4916-9944-f0bd72f770e5,0,0,nan,11.777039,11.777039,nan,nan,nan,nan,0.626424,nan,nan,1,0.000037
opdformer_p_rgb_512,946,422383/42447294/408949.713/66466716-c940-4eca-8c63-3dc562ea5a37,1,1,nan,169.034965,10.965035,0.314023,0.383029,nan,nan,0.657267,nan,nan,1,0.002725
opdformer_p_rgb_512,947,422383/42447294/408949.813/66466716-c940-4eca-8c63-3dc562ea5a37,1,1,nan,115.120944,64.879056,0.571213,0.608655,nan,nan,0.653924,nan,nan,1,0.000154
opdformer_p_rgb_512,948,422383/42447294/408949.913/66466716-c940-4eca-8c63-3dc562ea5a37,1,1,nan,168.113003,11.886997,0.373769,0.383036,nan,nan,0.674569,nan,nan,1,0.000134
opdformer_p_rgb_512,949,422383/42447294/408950.013/66466716-c940-4eca-8c63-3dc562ea5a37,1,1,nan,152.119518,27.880482,0.154469,0.273704,nan,nan,0.655844,nan,nan,1,0.000465
opdformer_p_rgb_512,950,422383/42447294/408950.113/66466716-c940-4eca-8c63-3dc562ea5a37,1,1,nan,174.984114,5.015886,0.069984,0.105857,nan,nan,0.596745,nan,nan,1,0.000253
opdformer_p_rgb_512,951,422383/42447294/408950.213/66466716-c940-4eca-8c63-3dc562ea5a37,1,1,nan,170.471747,9.528253,0.428142,0.471792,nan,nan,0.708333,nan,nan,1,0.000240
opdformer_p_rgb_512,952,422383/42447294/408950.313/66466716-c940-4eca-8c63-3dc562ea5a37,1,1,nan,149.354271,30.645729,0.211963,0.212103,nan,nan,0.625277,nan,nan,1,0.000351
opdformer_p_rgb_512,953,422383/42447294/408950.412/66466716-c940-4eca-8c63-3dc562ea5a37,1,1,nan,173.722648,6.277352,0.313292,0.325577,nan,nan,0.604938,nan,nan,1,0.000071
opdformer_p_rgb_512,954,422383/42447294/408950.512/66466716-c940-4eca-8c63-3dc562ea5a37,1,1,nan,119.992690,60.007310,0.179939,0.227489,nan,nan,0.549606,nan,nan,1,0.000065
opdformer_p_rgb_512,955,422383/42447294/408950.612/66466716-c940-4eca-8c63-3dc562ea5a37,1,1,nan,102.456612,77.543388,0.199708,0.273954,nan,nan,0.629834,nan,nan,1,0.000354
opdformer_p_rgb_512,956,422383/42447294/408952.212/66466716-c940-4eca-8c63-3dc562ea5a37,1,1,nan,162.713677,17.286323,0.240428,0.279572,nan,nan,0.189172,nan,nan,1,0.001375
opdformer_p_rgb_512,957,422383/42447294/408952.312/66466716-c940-4eca-8c63-3dc562ea5a37,1,1,nan,167.747322,12.252678,0.305877,0.333407,nan,nan,0.171151,nan,nan,1,0.000918
opdformer_p_rgb_512,958,422383/42447294/408976.918/a1bf79d4-26b5-4468-856a-a1500da0d3dd,1,1,nan,45.178126,45.178126,0.844366,1.218996,nan,nan,0.275064,nan,nan,1,0.111003
opdformer_p_rgb_512,959,422383/42447294/408978.418/a1bf79d4-26b5-4468-856a-a1500da0d3dd,1,1,nan,170.849628,9.150372,0.381015,0.582032,nan,nan,0.256219,nan,nan,1,0.089766
opdformer_p_rgb_512,960,422383/42447294/408982.916/953db8ea-17dc-4340-9cc7-ac38a9109b46,0,1,nan,135.818826,44.181174,nan,nan,nan,nan,0.404949,nan,nan,1,0.537034
opdformer_p_rgb_512,961,422383/42447294/408983.016/953db8ea-17dc-4340-9cc7-ac38a9109b46,0,1,nan,124.353351,55.646649,nan,nan,nan,nan,0.450909,nan,nan,1,0.608304
opdformer_p_rgb_512,962,422383/42447294/408983.116/953db8ea-17dc-4340-9cc7-ac38a9109b46,0,0,nan,134.305607,45.694393,nan,nan,nan,nan,0.446154,nan,nan,1,0.000674
opdformer_p_rgb_512,963,422383/42447294/408983.216/953db8ea-17dc-4340-9cc7-ac38a9109b46,0,0,nan,118.637004,61.362996,nan,nan,nan,nan,0.574441,nan,nan,1,0.000488
opdformer_p_rgb_512,964,422383/42447294/408983.316/953db8ea-17dc-4340-9cc7-ac38a9109b46,0,0,nan,165.718629,14.281371,nan,nan,nan,nan,0.531622,nan,nan,1,0.000877
opdformer_p_rgb_512,965,422383/42447294/408983.415/953db8ea-17dc-4340-9cc7-ac38a9109b46,0,0,nan,154.519991,25.480009,nan,nan,nan,nan,0.497110,nan,nan,1,0.882986
opdformer_p_rgb_512,966,422383/42447294/408983.515/953db8ea-17dc-4340-9cc7-ac38a9109b46,0,0,nan,123.069086,56.930914,nan,nan,nan,nan,0.566250,nan,nan,1,0.798329
opdformer_p_rgb_512,967,422383/42447294/408983.615/953db8ea-17dc-4340-9cc7-ac38a9109b46,0,0,nan,128.231956,51.768044,nan,nan,nan,nan,0.649666,nan,nan,1,0.000519
opdformer_p_rgb_512,968,422383/42447294/408983.715/953db8ea-17dc-4340-9cc7-ac38a9109b46,0,0,nan,108.153611,71.846389,nan,nan,nan,nan,0.577296,nan,nan,1,0.000687
opdformer_p_rgb_512,969,422383/42447294/408983.815/953db8ea-17dc-4340-9cc7-ac38a9109b46,0,0,nan,108.868773,71.131227,nan,nan,nan,nan,0.563665,nan,nan,1,0.512331
opdformer_p_rgb_512,970,422383/42447294/408983.915/953db8ea-17dc-4340-9cc7-ac38a9109b46,0,0,nan,93.388072,86.611928,nan,nan,nan,nan,0.435556,nan,nan,1,0.099480
opdformer_p_rgb_512,971,422383/42447294/408990.213/953db8ea-17dc-4340-9cc7-ac38a9109b46,0,0,nan,58.657192,58.657192,nan,nan,nan,nan,0.337975,nan,nan,1,0.002446
opdformer_p_rgb_512,972,422383/42447294/408990.313/953db8ea-17dc-4340-9cc7-ac38a9109b46,0,0,nan,30.013824,30.013824,nan,nan,nan,nan,0.338245,nan,nan,1,0.001549
opdformer_p_rgb_512,973,422383/42447294/408990.413/953db8ea-17dc-4340-9cc7-ac38a9109b46,0,0,nan,36.342346,36.342346,nan,nan,nan,nan,0.322751,nan,nan,1,0.001914
opdformer_p_rgb_512,974,422383/42447294/408990.513/953db8ea-17dc-4340-9cc7-ac38a9109b46,0,0,nan,44.710724,44.710724,nan,nan,nan,nan,0.312796,nan,nan,1,0.002796
opdformer_p_rgb_512,975,422383/42447294/408990.613/953db8ea-17dc-4340-9cc7-ac38a9109b46,0,0,nan,106.239179,73.760821,nan,nan,nan,nan,0.293532,nan,nan,1,0.002852
opdformer_p_rgb_512,976,422383/42447294/408990.712/953db8ea-17dc-4340-9cc7-ac38a9109b46,0,1,nan,124.185592,55.814408,nan,nan,nan,nan,0.431087,nan,nan,1,0.014233
opdformer_p_rgb_512,977,422383/42447294/408990.812/953db8ea-17dc-4340-9cc7-ac38a9109b46,0,1,nan,113.736679,66.263321,nan,nan,nan,nan,0.548223,nan,nan,1,0.881392
opdformer_p_rgb_512,978,422383/42447294/408990.912/953db8ea-17dc-4340-9cc7-ac38a9109b46,0,0,nan,166.679925,13.320075,nan,nan,nan,nan,0.689689,nan,nan,1,0.000427
opdformer_p_rgb_512,979,422383/42447294/408991.012/953db8ea-17dc-4340-9cc7-ac38a9109b46,0,1,nan,165.600110,14.399890,nan,nan,nan,nan,0.728217,nan,nan,1,0.000395
opdformer_p_rgb_512,980,422383/42447294/408991.112/953db8ea-17dc-4340-9cc7-ac38a9109b46,0,1,nan,90.503985,89.496015,nan,nan,nan,nan,0.710445,nan,nan,1,0.274396
opdformer_p_rgb_512,981,422383/42447294/408991.112/b975cac6-834a-41d9-9f82-70d52b0701f9,0,-1,nan,90.000000,90.000000,nan,nan,nan,nan,0.000000,nan,nan,0,nan
opdformer_p_rgb_512,982,422383/42447294/408991.212/953db8ea-17dc-4340-9cc7-ac38a9109b46,0,1,nan,85.143645,85.143645,nan,nan,nan,nan,0.684719,nan,nan,1,0.387620
opdformer_p_rgb_512,983,422383/42447294/408991.212/b975cac6-834a-41d9-9f82-70d52b0701f9,0,-1,nan,90.000000,90.000000,nan,nan,nan,nan,0.000000,nan,nan,0,nan
opdformer_p_rgb_512,984,422383/42447294/408991.312/953db8ea-17dc-4340-9cc7-ac38a9109b46,0,1,nan,83.816054,83.816054,nan,nan,nan,nan,0.712675,nan,nan,1,0.506043
opdformer_p_rgb_512,985,422383/42447294/408991.312/b975cac6-834a-41d9-9f82-70d52b0701f9,0,0,nan,27.231106,27.231106,nan,nan,nan,nan,0.026979,nan,nan,1,0.000072
opdformer_p_rgb_512,986,422383/42447294/408991.412/953db8ea-17dc-4340-9cc7-ac38a9109b46,0,1,nan,131.011647,48.988353,nan,nan,nan,nan,0.722908,nan,nan,1,0.000080
opdformer_p_rgb_512,987,422383/42447294/408992.412/953db8ea-17dc-4340-9cc7-ac38a9109b46,0,0,nan,53.688907,53.688907,nan,nan,nan,nan,0.477178,nan,nan,1,0.103748
opdformer_p_rgb_512,988,422383/42447294/408992.512/953db8ea-17dc-4340-9cc7-ac38a9109b46,0,0,nan,11.191116,11.191116,nan,nan,nan,nan,0.185665,nan,nan,1,0.013049
opdformer_p_rgb_512,989,422383/42447294/408992.612/953db8ea-17dc-4340-9cc7-ac38a9109b46,0,0,nan,44.462896,44.462896,nan,nan,nan,nan,0.015102,nan,nan,1,0.026097
opdformer_p_rgb_512,990,422383/42447294/408992.712/953db8ea-17dc-4340-9cc7-ac38a9109b46,0,-1,nan,90.000000,90.000000,nan,nan,nan,nan,0.000000,nan,nan,0,nan
opdformer_p_rgb_512,991,422383/42447294/408995.727/98bc929f-16e2-4c01-be53-61f5865b9237,1,1,nan,121.716148,58.283852,0.659571,0.715068,nan,nan,0.756522,nan,nan,1,0.007556
opdformer_p_rgb_512,992,422383/42447294/408995.827/98bc929f-16e2-4c01-be53-61f5865b9237,1,1,nan,148.695078,31.304922,0.999769,1.048931,nan,nan,0.734597,nan,nan,1,0.002169
opdformer_p_rgb_512,993,422383/42447294/408995.927/98bc929f-16e2-4c01-be53-61f5865b9237,1,1,nan,27.769609,27.769609,1.030561,1.040255,nan,nan,0.736111,nan,nan,1,0.012376
opdformer_p_rgb_512,994,422383/42447294/408996.027/98bc929f-16e2-4c01-be53-61f5865b9237,1,1,nan,33.315525,33.315525,1.201191,1.202021,nan,nan,0.702842,nan,nan,1,0.002194
opdformer_p_rgb_512,995,422383/42447294/408996.127/98bc929f-16e2-4c01-be53-61f5865b9237,1,1,nan,29.185526,29.185526,1.177151,1.182387,nan,nan,0.695767,nan,nan,1,0.001835
opdformer_p_rgb_512,996,422383/42447294/408996.227/98bc929f-16e2-4c01-be53-61f5865b9237,1,1,nan,80.563477,80.563477,0.745027,0.783803,nan,nan,0.603687,nan,nan,1,0.000275
opdformer_p_rgb_512,997,422383/42447294/408996.327/98bc929f-16e2-4c01-be53-61f5865b9237,1,1,nan,58.151466,58.151466,1.094673,1.098673,nan,nan,0.772334,nan,nan,1,0.001804
opdformer_p_rgb_512,998,422383/42447294/408996.427/98bc929f-16e2-4c01-be53-61f5865b9237,1,1,nan,10.640652,10.640652,0.726223,0.739887,nan,nan,0.713904,nan,nan,1,0.004092
opdformer_p_rgb_512,999,422383/42447294/408996.627/953db8ea-17dc-4340-9cc7-ac38a9109b46,0,0,nan,42.124351,42.124351,nan,nan,nan,nan,0.268556,nan,nan,1,0.001213
opdformer_p_rgb_512,1000,422383/42447294/408996.727/953db8ea-17dc-4340-9cc7-ac38a9109b46,0,0,nan,57.884958,57.884958,nan,nan,nan,nan,0.057778,nan,nan,1,0.001765
opdformer_p_rgb_512,1001,422383/42447294/408996.827/953db8ea-17dc-4340-9cc7-ac38a9109b46,0,0,nan,138.708528,41.291472,nan,nan,nan,nan,0.224436,nan,nan,1,0.000634
opdformer_p_rgb_512,1002,422383/42447294/408996.927/953db8ea-17dc-4340-9cc7-ac38a9109b46,0,0,nan,125.026823,54.973177,nan,nan,nan,nan,0.154331,nan,nan,1,0.000465
opdformer_p_rgb_512,1003,422383/42447294/408997.027/953db8ea-17dc-4340-9cc7-ac38a9109b46,0,0,nan,80.889766,80.889766,nan,nan,nan,nan,0.166667,nan,nan,1,0.000136
opdformer_p_rgb_512,1004,422383/42447294/408997.126/953db8ea-17dc-4340-9cc7-ac38a9109b46,0,-1,nan,90.000000,90.000000,nan,nan,nan,nan,0.000000,nan,nan,0,nan
opdformer_p_rgb_512,1005,422383/42447294/408997.226/953db8ea-17dc-4340-9cc7-ac38a9109b46,0,0,nan,69.481755,69.481755,nan,nan,nan,nan,0.144902,nan,nan,1,0.003741
opdformer_p_rgb_512,1006,422383/42447294/408997.326/953db8ea-17dc-4340-9cc7-ac38a9109b46,0,-1,nan,90.000000,90.000000,nan,nan,nan,nan,0.000000,nan,nan,0,nan
opdformer_p_rgb_512,1007,422383/42447294/408997.426/953db8ea-17dc-4340-9cc7-ac38a9109b46,0,0,nan,26.841018,26.841018,nan,nan,nan,nan,0.057245,nan,nan,1,0.003065
opdformer_p_rgb_512,1008,422383/42447294/408997.526/953db8ea-17dc-4340-9cc7-ac38a9109b46,0,0,nan,122.414670,57.585330,nan,nan,nan,nan,0.141593,nan,nan,1,0.001412
opdformer_p_rgb_512,1009,422383/42447294/408997.626/953db8ea-17dc-4340-9cc7-ac38a9109b46,0,0,nan,126.375532,53.624468,nan,nan,nan,nan,0.393092,nan,nan,1,0.000649
opdformer_p_rgb_512,1010,422383/42447294/408997.726/953db8ea-17dc-4340-9cc7-ac38a9109b46,0,0,nan,103.744983,76.255017,nan,nan,nan,nan,0.358209,nan,nan,1,0.001399
opdformer_p_rgb_512,1011,422383/42447294/408997.826/953db8ea-17dc-4340-9cc7-ac38a9109b46,0,0,nan,41.732148,41.732148,nan,nan,nan,nan,0.361413,nan,nan,1,0.000242
opdformer_p_rgb_512,1012,422383/42447294/409003.824/b3a07c38-2023-450a-8505-93b1bf2dfc46,1,1,nan,33.515940,33.515940,0.355055,0.355846,nan,nan,0.730769,nan,nan,1,0.066123
opdformer_p_rgb_512,1013,422383/42447294/409003.924/b3a07c38-2023-450a-8505-93b1bf2dfc46,1,1,nan,10.118006,10.118006,0.393250,0.444172,nan,nan,0.630952,nan,nan,1,0.017094
opdformer_p_rgb_512,1014,422383/42447294/409004.024/b3a07c38-2023-450a-8505-93b1bf2dfc46,1,1,nan,12.497674,12.497674,0.384797,0.392863,nan,nan,0.678161,nan,nan,1,0.004197
opdformer_p_rgb_512,1015,422383/42447294/409004.124/b3a07c38-2023-450a-8505-93b1bf2dfc46,1,1,nan,27.582385,27.582385,0.322958,0.338503,nan,nan,0.598746,nan,nan,1,0.000872
opdformer_p_rgb_512,1016,422383/42447294/409004.224/b3a07c38-2023-450a-8505-93b1bf2dfc46,1,1,nan,44.549224,44.549224,0.476777,0.482209,nan,nan,0.619672,nan,nan,1,0.004584
opdformer_p_rgb_512,1017,422383/42447294/409004.323/b3a07c38-2023-450a-8505-93b1bf2dfc46,1,1,nan,14.205794,14.205794,0.438929,0.442534,nan,nan,0.566879,nan,nan,1,0.007731
opdformer_p_rgb_512,1018,422383/42447294/409004.423/b3a07c38-2023-450a-8505-93b1bf2dfc46,1,1,nan,30.536307,30.536307,0.443477,0.445550,nan,nan,0.530675,nan,nan,1,0.000389
opdformer_p_rgb_512,1019,422383/42447294/409004.523/b3a07c38-2023-450a-8505-93b1bf2dfc46,1,1,nan,6.715690,6.715690,0.449456,0.460213,nan,nan,0.505128,nan,nan,1,0.000139
opdformer_p_rgb_512,1020,422383/42447294/409004.623/b3a07c38-2023-450a-8505-93b1bf2dfc46,1,1,nan,3.441181,3.441181,0.400483,0.408286,nan,nan,0.560224,nan,nan,1,0.001792
opdformer_p_rgb_512,1021,422383/42447294/409004.723/8061efd5-baa8-4912-a386-cb2156cd7541,0,-1,nan,90.000000,90.000000,nan,nan,nan,nan,0.000000,nan,nan,0,nan
opdformer_p_rgb_512,1022,422383/42447294/409004.723/b3a07c38-2023-450a-8505-93b1bf2dfc46,1,1,nan,46.296502,46.296502,0.402568,0.547199,nan,nan,0.434109,nan,nan,1,0.000244
opdformer_p_rgb_512,1023,422383/42447294/409004.823/8061efd5-baa8-4912-a386-cb2156cd7541,0,0,nan,55.727205,55.727205,nan,nan,nan,nan,0.090737,nan,nan,1,0.000169
opdformer_p_rgb_512,1024,422383/42447294/409004.823/b3a07c38-2023-450a-8505-93b1bf2dfc46,1,1,nan,31.137502,31.137502,0.583137,0.622396,nan,nan,0.458549,nan,nan,1,0.000122
opdformer_p_rgb_512,1025,422383/42447294/409004.923/77f7e7a9-5f4e-40ce-b10a-bc3f58d731c3,0,0,nan,137.144016,42.855984,nan,nan,nan,nan,0.583578,nan,nan,1,0.001012
opdformer_p_rgb_512,1026,422383/42447294/409004.923/8061efd5-baa8-4912-a386-cb2156cd7541,0,-1,nan,90.000000,90.000000,nan,nan,nan,nan,0.000000,nan,nan,0,nan
opdformer_p_rgb_512,1027,422383/42447294/409004.923/b3a07c38-2023-450a-8505-93b1bf2dfc46,1,1,nan,54.479900,54.479900,0.515155,0.522410,nan,nan,0.452381,nan,nan,1,0.000914
opdformer_p_rgb_512,1028,422383/42447294/409005.023/77f7e7a9-5f4e-40ce-b10a-bc3f58d731c3,0,0,nan,171.628314,8.371686,nan,nan,nan,nan,0.589812,nan,nan,1,0.000566
opdformer_p_rgb_512,1029,422383/42447294/409005.023/8061efd5-baa8-4912-a386-cb2156cd7541,0,0,nan,8.409776,8.409776,nan,nan,nan,nan,0.676471,nan,nan,1,0.005851
opdformer_p_rgb_512,1030,422383/42447294/409005.123/77f7e7a9-5f4e-40ce-b10a-bc3f58d731c3,0,0,nan,163.178602,16.821398,nan,nan,nan,nan,0.693215,nan,nan,1,0.000397
opdformer_p_rgb_512,1031,422383/42447294/409005.123/8061efd5-baa8-4912-a386-cb2156cd7541,0,0,nan,14.658589,14.658589,nan,nan,nan,nan,0.571816,nan,nan,1,0.002781
opdformer_p_rgb_512,1032,422383/42447294/409005.223/77f7e7a9-5f4e-40ce-b10a-bc3f58d731c3,0,0,nan,126.766574,53.233426,nan,nan,nan,nan,0.618902,nan,nan,1,0.001400
opdformer_p_rgb_512,1033,422383/42447294/409005.223/8061efd5-baa8-4912-a386-cb2156cd7541,0,0,nan,36.894322,36.894322,nan,nan,nan,nan,0.565445,nan,nan,1,0.001157
opdformer_p_rgb_512,1034,422383/42447294/409005.323/77f7e7a9-5f4e-40ce-b10a-bc3f58d731c3,0,0,nan,124.378385,55.621615,nan,nan,nan,nan,0.620061,nan,nan,1,0.001157
opdformer_p_rgb_512,1035,422383/42447294/409005.323/8061efd5-baa8-4912-a386-cb2156cd7541,0,0,nan,52.601553,52.601553,nan,nan,nan,nan,0.559682,nan,nan,1,0.005713
opdformer_p_rgb_512,1036,422383/42447294/409005.423/8061efd5-baa8-4912-a386-cb2156cd7541,0,0,nan,46.457519,46.457519,nan,nan,nan,nan,0.556787,nan,nan,1,0.001382
opdformer_p_rgb_512,1037,422383/42447294/409005.523/8061efd5-baa8-4912-a386-cb2156cd7541,0,0,nan,10.914961,10.914961,nan,nan,nan,nan,0.683377,nan,nan,1,0.000845
opdformer_p_rgb_512,1038,422383/42447294/409005.723/8061efd5-baa8-4912-a386-cb2156cd7541,0,0,nan,13.882784,13.882784,nan,nan,nan,nan,0.832776,nan,nan,1,0.000300
opdformer_p_rgb_512,1039,422383/42447294/409010.221/98bc929f-16e2-4c01-be53-61f5865b9237,1,1,nan,15.204644,15.204644,0.294505,0.296679,nan,nan,0.580311,nan,nan,1,0.006165
opdformer_p_rgb_512,1040,422383/42447294/409010.321/98bc929f-16e2-4c01-be53-61f5865b9237,1,1,nan,56.720724,56.720724,0.541881,0.543058,nan,nan,0.721003,nan,nan,1,0.005323
opdformer_p_rgb_512,1041,422383/42447294/409010.421/98bc929f-16e2-4c01-be53-61f5865b9237,1,1,nan,174.684635,5.315365,0.417414,0.430545,nan,nan,0.740181,nan,nan,1,0.000938
opdformer_p_rgb_512,1042,422383/42447294/409010.521/98bc929f-16e2-4c01-be53-61f5865b9237,1,1,nan,140.986485,39.013515,0.398018,0.404998,nan,nan,0.713333,nan,nan,1,0.001680
opdformer_p_rgb_512,1043,422383/42447294/409010.621/98bc929f-16e2-4c01-be53-61f5865b9237,1,1,nan,7.170985,7.170985,0.216055,0.216055,nan,nan,0.627907,nan,nan,1,0.002018
opdformer_p_rgb_512,1044,422383/42447294/409010.721/98bc929f-16e2-4c01-be53-61f5865b9237,1,1,nan,16.511054,16.511054,0.577996,0.587210,nan,nan,0.770588,nan,nan,1,0.002028
opdformer_p_rgb_512,1045,422383/42447294/409016.718/637f0fcb-9aec-45ee-88cc-48fe35c49a70,1,0,nan,64.303964,64.303964,0.602395,0.610926,nan,nan,0.662879,nan,nan,1,0.020634
opdformer_p_rgb_512,1046,422383/42447294/409016.818/637f0fcb-9aec-45ee-88cc-48fe35c49a70,1,0,nan,41.505213,41.505213,0.779052,0.779059,nan,nan,0.554828,nan,nan,1,0.000817
opdformer_p_rgb_512,1047,422383/42447294/409016.918/637f0fcb-9aec-45ee-88cc-48fe35c49a70,1,1,nan,33.200707,33.200707,0.667009,0.667180,nan,nan,0.498328,nan,nan,1,0.000283
opdformer_p_rgb_512,1048,422383/42447294/409017.018/637f0fcb-9aec-45ee-88cc-48fe35c49a70,1,0,nan,77.965183,77.965183,0.762281,0.778392,nan,nan,0.644269,nan,nan,1,0.000403
opdformer_p_rgb_512,1049,422383/42447294/409017.118/637f0fcb-9aec-45ee-88cc-48fe35c49a70,1,0,nan,78.317438,78.317438,0.378404,0.388947,nan,nan,0.443918,nan,nan,1,0.000333
opdformer_p_rgb_512,1050,422383/42447294/409017.218/637f0fcb-9aec-45ee-88cc-48fe35c49a70,1,0,nan,47.417062,47.417062,0.803424,0.809998,nan,nan,0.442068,nan,nan,1,0.000191
opdformer_p_rgb_512,1051,422383/42447294/409017.318/637f0fcb-9aec-45ee-88cc-48fe35c49a70,1,0,nan,34.351125,34.351125,0.104519,0.181361,nan,nan,0.451258,nan,nan,1,0.000478
opdformer_p_rgb_512,1052,422383/42447294/409018.218/8061efd5-baa8-4912-a386-cb2156cd7541,0,0,nan,29.284760,29.284760,nan,nan,nan,nan,0.538265,nan,nan,1,0.001331
opdformer_p_rgb_512,1053,422383/42447294/409018.318/8061efd5-baa8-4912-a386-cb2156cd7541,0,0,nan,12.404306,12.404306,nan,nan,nan,nan,0.606322,nan,nan,1,0.000487
opdformer_p_rgb_512,1054,422383/42447294/409018.418/8061efd5-baa8-4912-a386-cb2156cd7541,0,0,nan,14.288622,14.288622,nan,nan,nan,nan,0.549333,nan,nan,1,0.889128
opdformer_p_rgb_512,1055,422383/42447294/409019.617/8061efd5-baa8-4912-a386-cb2156cd7541,0,0,nan,81.467387,81.467387,nan,nan,nan,nan,0.507042,nan,nan,1,0.001332
opdformer_p_rgb_512,1056,422383/42447294/409021.816/8061efd5-baa8-4912-a386-cb2156cd7541,0,0,nan,164.411572,15.588428,nan,nan,nan,nan,0.233438,nan,nan,1,0.000313
opdformer_p_rgb_512,1057,422383/42447294/409064.015/94824aa7-c80f-4fe6-b0a5-8f5b42c4fe34,1,1,nan,12.043550,12.043550,0.929780,0.982654,nan,nan,0.055980,nan,nan,1,0.000190
opdformer_p_rgb_512,1058,422383/42447294/409064.115/94824aa7-c80f-4fe6-b0a5-8f5b42c4fe34,1,1,nan,6.967696,6.967696,0.902309,0.965352,nan,nan,0.018657,nan,nan,1,0.000173
opdformer_p_rgb_512,1059,422383/42447294/409064.215/94824aa7-c80f-4fe6-b0a5-8f5b42c4fe34,1,1,nan,7.462502,7.462502,1.027108,1.040853,nan,nan,0.021546,nan,nan,1,0.000059
opdformer_p_rgb_512,1060,422383/42447294/409064.315/8db65c68-f9e9-40e7-a177-11a9129666ac,1,1,nan,1.168961,1.168961,0.613144,0.656988,nan,nan,0.046472,nan,nan,1,0.001433
opdformer_p_rgb_512,1061,422383/42447294/409064.315/94824aa7-c80f-4fe6-b0a5-8f5b42c4fe34,1,1,nan,157.711365,22.288635,1.049130,1.099594,nan,nan,0.057471,nan,nan,1,0.935554
opdformer_p_rgb_512,1062,422383/42447294/409064.415/8db65c68-f9e9-40e7-a177-11a9129666ac,1,1,nan,162.618322,17.381678,0.232593,0.461631,nan,nan,0.098513,nan,nan,1,0.005256
opdformer_p_rgb_512,1063,422383/42447294/409064.415/94824aa7-c80f-4fe6-b0a5-8f5b42c4fe34,1,1,nan,54.971944,54.971944,0.426653,0.543685,nan,nan,0.131081,nan,nan,1,0.941031
opdformer_p_rgb_512,1064,422383/42447294/409064.515/94824aa7-c80f-4fe6-b0a5-8f5b42c4fe34,1,1,nan,171.173543,8.826457,0.459592,0.562568,nan,nan,0.099685,nan,nan,1,0.723357
opdformer_p_rgb_512,1065,422383/42447294/409064.615/94824aa7-c80f-4fe6-b0a5-8f5b42c4fe34,1,1,nan,153.578830,26.421170,0.621712,0.682060,nan,nan,0.092072,nan,nan,1,0.900660
opdformer_p_rgb_512,1066,422546/42446159/142109.247/1ef67c1c-a1e8-4dde-a751-c73f5912c2eb,0,-1,nan,90.000000,90.000000,nan,nan,nan,nan,0.000000,nan,nan,0,nan
opdformer_p_rgb_512,1067,422546/42446159/142109.347/1ef67c1c-a1e8-4dde-a751-c73f5912c2eb,0,-1,nan,90.000000,90.000000,nan,nan,nan,nan,0.000000,nan,nan,0,nan
opdformer_p_rgb_512,1068,422546/42446159/142109.447/1ef67c1c-a1e8-4dde-a751-c73f5912c2eb,0,-1,nan,90.000000,90.000000,nan,nan,nan,nan,0.000000,nan,nan,0,nan
opdformer_p_rgb_512,1069,422546/42446159/142109.547/1ef67c1c-a1e8-4dde-a751-c73f5912c2eb,0,-1,nan,90.000000,90.000000,nan,nan,nan,nan,0.000000,nan,nan,0,nan
opdformer_p_rgb_512,1070,422546/42446159/142109.647/1ef67c1c-a1e8-4dde-a751-c73f5912c2eb,0,-1,nan,90.000000,90.000000,nan,nan,nan,nan,0.000000,nan,nan,0,nan
opdformer_p_rgb_512,1071,422546/42446159/142116.145/1ef67c1c-a1e8-4dde-a751-c73f5912c2eb,0,-1,nan,90.000000,90.000000,nan,nan,nan,nan,0.000000,nan,nan,0,nan
opdformer_p_rgb_512,1072,422546/42446159/142116.244/1ef67c1c-a1e8-4dde-a751-c73f5912c2eb,0,-1,nan,90.000000,90.000000,nan,nan,nan,nan,0.000000,nan,nan,0,nan
opdformer_p_rgb_512,1073,422546/42446159/142116.344/1ef67c1c-a1e8-4dde-a751-c73f5912c2eb,0,-1,nan,90.000000,90.000000,nan,nan,nan,nan,0.000000,nan,nan,0,nan
opdformer_p_rgb_512,1074,422546/42446159/142116.444/1ef67c1c-a1e8-4dde-a751-c73f5912c2eb,0,0,nan,52.865985,52.865985,nan,nan,nan,nan,0.013986,nan,nan,1,0.000432
opdformer_p_rgb_512,1075,422546/42446159/142116.544/1ef67c1c-a1e8-4dde-a751-c73f5912c2eb,0,0,nan,7.508590,7.508590,nan,nan,nan,nan,0.180909,nan,nan,1,0.000905
opdformer_p_rgb_512,1076,422546/42446159/142116.644/1ef67c1c-a1e8-4dde-a751-c73f5912c2eb,0,0,nan,12.079731,12.079731,nan,nan,nan,nan,0.096651,nan,nan,1,0.006277
opdformer_p_rgb_512,1077,422546/42446159/142116.644/df881609-edf8-4fc8-81a2-49f8e15199d1,0,-1,nan,90.000000,90.000000,nan,nan,nan,nan,0.000000,nan,nan,0,nan
opdformer_p_rgb_512,1078,422546/42446159/142116.744/df881609-edf8-4fc8-81a2-49f8e15199d1,0,-1,nan,90.000000,90.000000,nan,nan,nan,nan,0.000000,nan,nan,0,nan
opdformer_p_rgb_512,1079,422546/42446159/142116.844/df881609-edf8-4fc8-81a2-49f8e15199d1,0,-1,nan,90.000000,90.000000,nan,nan,nan,nan,0.000000,nan,nan,0,nan
opdformer_p_rgb_512,1080,422546/42446159/142116.944/df881609-edf8-4fc8-81a2-49f8e15199d1,0,-1,nan,90.000000,90.000000,nan,nan,nan,nan,0.000000,nan,nan,0,nan
opdformer_p_rgb_512,1081,422546/42446159/142138.335/24c32a52-9a89-44e2-a47f-36b5a21bb0ee,0,-1,nan,90.000000,90.000000,nan,nan,nan,nan,0.000000,nan,nan,0,nan
opdformer_p_rgb_512,1082,422546/42446159/142138.435/24c32a52-9a89-44e2-a47f-36b5a21bb0ee,0,0,nan,32.770610,32.770610,nan,nan,nan,nan,0.133929,nan,nan,1,0.014481
opdformer_p_rgb_512,1083,422546/42446159/142138.535/24c32a52-9a89-44e2-a47f-36b5a21bb0ee,0,0,nan,9.665009,9.665009,nan,nan,nan,nan,0.311404,nan,nan,1,0.018687
opdformer_p_rgb_512,1084,422546/42446159/142138.635/24c32a52-9a89-44e2-a47f-36b5a21bb0ee,0,0,nan,35.042480,35.042480,nan,nan,nan,nan,0.168675,nan,nan,1,0.003315
opdformer_p_rgb_512,1085,422546/42446159/142138.735/24c32a52-9a89-44e2-a47f-36b5a21bb0ee,0,0,nan,21.277343,21.277343,nan,nan,nan,nan,0.446089,nan,nan,1,0.004328
opdformer_p_rgb_512,1086,422546/42446159/142138.835/24c32a52-9a89-44e2-a47f-36b5a21bb0ee,0,0,nan,38.972529,38.972529,nan,nan,nan,nan,0.466809,nan,nan,1,0.006023
opdformer_p_rgb_512,1087,422546/42446159/142138.935/24c32a52-9a89-44e2-a47f-36b5a21bb0ee,0,-1,nan,90.000000,90.000000,nan,nan,nan,nan,0.000000,nan,nan,0,nan
opdformer_p_rgb_512,1088,422546/42446159/142139.135/24c32a52-9a89-44e2-a47f-36b5a21bb0ee,0,0,nan,16.411516,16.411516,nan,nan,nan,nan,0.477318,nan,nan,1,0.001207
opdformer_p_rgb_512,1089,422546/42446159/142139.235/24c32a52-9a89-44e2-a47f-36b5a21bb0ee,0,-1,nan,90.000000,90.000000,nan,nan,nan,nan,0.000000,nan,nan,0,nan
opdformer_p_rgb_512,1090,422546/42446159/142139.335/24c32a52-9a89-44e2-a47f-36b5a21bb0ee,0,0,nan,4.662246,4.662246,nan,nan,nan,nan,0.265683,nan,nan,1,0.010387
opdformer_p_rgb_512,1091,422546/42446159/142139.435/24c32a52-9a89-44e2-a47f-36b5a21bb0ee,0,0,nan,12.019681,12.019681,nan,nan,nan,nan,0.415410,nan,nan,1,0.002762
opdformer_p_rgb_512,1092,422546/42446159/142139.535/24c32a52-9a89-44e2-a47f-36b5a21bb0ee,0,0,nan,71.242955,71.242955,nan,nan,nan,nan,0.564060,nan,nan,1,0.002221
opdformer_p_rgb_512,1093,422546/42446159/142139.635/24c32a52-9a89-44e2-a47f-36b5a21bb0ee,0,0,nan,12.308148,12.308148,nan,nan,nan,nan,0.630303,nan,nan,1,0.000228
opdformer_p_rgb_512,1094,422546/42446159/142139.735/24c32a52-9a89-44e2-a47f-36b5a21bb0ee,0,0,nan,29.325394,29.325394,nan,nan,nan,nan,0.718543,nan,nan,1,0.001372
opdformer_p_rgb_512,1095,422546/42446159/142139.835/24c32a52-9a89-44e2-a47f-36b5a21bb0ee,0,0,nan,28.137696,28.137696,nan,nan,nan,nan,0.611684,nan,nan,1,0.961667
opdformer_p_rgb_512,1096,422546/42446159/142139.935/24c32a52-9a89-44e2-a47f-36b5a21bb0ee,0,0,nan,21.448186,21.448186,nan,nan,nan,nan,0.685851,nan,nan,1,0.832213
opdformer_p_rgb_512,1097,422546/42446159/142140.035/24c32a52-9a89-44e2-a47f-36b5a21bb0ee,0,0,nan,25.669847,25.669847,nan,nan,nan,nan,0.684795,nan,nan,1,0.948798
opdformer_p_rgb_512,1098,422546/42446159/142140.135/24c32a52-9a89-44e2-a47f-36b5a21bb0ee,0,0,nan,20.165822,20.165822,nan,nan,nan,nan,0.748379,nan,nan,1,0.207530
opdformer_p_rgb_512,1099,422546/42446159/142140.235/24c32a52-9a89-44e2-a47f-36b5a21bb0ee,0,0,nan,18.645189,18.645189,nan,nan,nan,nan,0.655514,nan,nan,1,0.199628
opdformer_p_rgb_512,1100,422546/42446159/142140.335/24c32a52-9a89-44e2-a47f-36b5a21bb0ee,0,0,nan,17.444648,17.444648,nan,nan,nan,nan,0.748014,nan,nan,1,0.424882
opdformer_p_rgb_512,1101,422546/42446159/142140.435/24c32a52-9a89-44e2-a47f-36b5a21bb0ee,0,0,nan,17.278244,17.278244,nan,nan,nan,nan,0.728080,nan,nan,1,0.924202
opdformer_p_rgb_512,1102,422546/42446159/142140.534/24c32a52-9a89-44e2-a47f-36b5a21bb0ee,0,0,nan,28.897210,28.897210,nan,nan,nan,nan,0.830751,nan,nan,1,0.869138
opdformer_p_rgb_512,1103,422546/42446159/142140.634/24c32a52-9a89-44e2-a47f-36b5a21bb0ee,0,0,nan,13.691652,13.691652,nan,nan,nan,nan,0.422518,nan,nan,1,0.022633
opdformer_p_rgb_512,1104,422546/42446159/142140.734/24c32a52-9a89-44e2-a47f-36b5a21bb0ee,0,0,nan,33.760199,33.760199,nan,nan,nan,nan,0.762535,nan,nan,1,0.005317
opdformer_p_rgb_512,1105,422546/42446159/142140.834/24c32a52-9a89-44e2-a47f-36b5a21bb0ee,0,0,nan,20.389219,20.389219,nan,nan,nan,nan,0.233558,nan,nan,1,0.061834
opdformer_p_rgb_512,1106,422546/42446159/142140.934/24c32a52-9a89-44e2-a47f-36b5a21bb0ee,0,0,nan,4.028132,4.028132,nan,nan,nan,nan,0.337977,nan,nan,1,0.007042
opdformer_p_rgb_512,1107,422546/42446159/142161.043/24c32a52-9a89-44e2-a47f-36b5a21bb0ee,0,0,nan,22.530590,22.530590,nan,nan,nan,nan,0.155050,nan,nan,1,0.002281
opdformer_p_rgb_512,1108,422546/42446159/142161.143/24c32a52-9a89-44e2-a47f-36b5a21bb0ee,0,0,nan,26.597328,26.597328,nan,nan,nan,nan,0.574153,nan,nan,1,0.371755
opdformer_p_rgb_512,1109,422546/42446159/142165.341/24c32a52-9a89-44e2-a47f-36b5a21bb0ee,0,0,nan,12.503531,12.503531,nan,nan,nan,nan,0.098945,nan,nan,1,0.103567
opdformer_p_rgb_512,1110,422546/42446159/142165.441/24c32a52-9a89-44e2-a47f-36b5a21bb0ee,0,0,nan,10.246268,10.246268,nan,nan,nan,nan,0.517460,nan,nan,1,0.342445
opdformer_p_rgb_512,1111,422546/42446159/142165.541/24c32a52-9a89-44e2-a47f-36b5a21bb0ee,0,0,nan,10.370496,10.370496,nan,nan,nan,nan,0.416667,nan,nan,1,0.092767
opdformer_p_rgb_512,1112,422546/42446159/142165.641/24c32a52-9a89-44e2-a47f-36b5a21bb0ee,0,-1,nan,90.000000,90.000000,nan,nan,nan,nan,0.000000,nan,nan,0,nan
opdformer_p_rgb_512,1113,422546/42446159/142165.741/24c32a52-9a89-44e2-a47f-36b5a21bb0ee,0,0,nan,19.156551,19.156551,nan,nan,nan,nan,0.611801,nan,nan,1,0.046346
opdformer_p_rgb_512,1114,422546/42446159/142165.841/24c32a52-9a89-44e2-a47f-36b5a21bb0ee,0,0,nan,54.705385,54.705385,nan,nan,nan,nan,0.072981,nan,nan,1,0.000628
opdformer_p_rgb_512,1115,422546/42446159/142165.941/24c32a52-9a89-44e2-a47f-36b5a21bb0ee,0,0,nan,9.323997,9.323997,nan,nan,nan,nan,0.641243,nan,nan,1,0.782928
opdformer_p_rgb_512,1116,422546/42446159/142166.041/24c32a52-9a89-44e2-a47f-36b5a21bb0ee,0,0,nan,50.513926,50.513926,nan,nan,nan,nan,0.461126,nan,nan,1,0.029220
opdformer_p_rgb_512,1117,422546/42446159/142166.141/24c32a52-9a89-44e2-a47f-36b5a21bb0ee,0,0,nan,49.517910,49.517910,nan,nan,nan,nan,0.398312,nan,nan,1,0.003825
opdformer_p_rgb_512,1118,422546/42446159/142166.241/24c32a52-9a89-44e2-a47f-36b5a21bb0ee,0,0,nan,57.541228,57.541228,nan,nan,nan,nan,0.663462,nan,nan,1,0.023346
opdformer_p_rgb_512,1119,422546/42446159/142166.340/24c32a52-9a89-44e2-a47f-36b5a21bb0ee,0,0,nan,77.084371,77.084371,nan,nan,nan,nan,0.272825,nan,nan,1,0.006046
opdformer_p_rgb_512,1120,422546/42446159/142166.440/24c32a52-9a89-44e2-a47f-36b5a21bb0ee,0,0,nan,96.959827,83.040173,nan,nan,nan,nan,0.190428,nan,nan,1,0.000826
opdformer_p_rgb_512,1121,422546/42446159/142166.540/24c32a52-9a89-44e2-a47f-36b5a21bb0ee,0,0,nan,84.761529,84.761529,nan,nan,nan,nan,0.524038,nan,nan,1,0.001420
opdformer_p_rgb_512,1122,422546/42446159/142166.640/24c32a52-9a89-44e2-a47f-36b5a21bb0ee,0,0,nan,68.071689,68.071689,nan,nan,nan,nan,0.518445,nan,nan,1,0.008477
opdformer_p_rgb_512,1123,422546/42446159/142166.740/24c32a52-9a89-44e2-a47f-36b5a21bb0ee,0,0,nan,60.315214,60.315214,nan,nan,nan,nan,0.075391,nan,nan,1,0.010587
opdformer_p_rgb_512,1124,422546/42446159/142184.133/24c32a52-9a89-44e2-a47f-36b5a21bb0ee,0,0,nan,62.493109,62.493109,nan,nan,nan,nan,0.662866,nan,nan,1,0.013715
opdformer_p_rgb_512,1125,422546/42446159/142184.233/24c32a52-9a89-44e2-a47f-36b5a21bb0ee,0,0,nan,16.910482,16.910482,nan,nan,nan,nan,0.475904,nan,nan,1,0.666382
opdformer_p_rgb_512,1126,422546/42446159/142184.333/24c32a52-9a89-44e2-a47f-36b5a21bb0ee,0,0,nan,6.124513,6.124513,nan,nan,nan,nan,0.652597,nan,nan,1,0.001752
opdformer_p_rgb_512,1127,422546/42446159/142184.433/24c32a52-9a89-44e2-a47f-36b5a21bb0ee,0,0,nan,29.629995,29.629995,nan,nan,nan,nan,0.505728,nan,nan,1,0.039311
opdformer_p_rgb_512,1128,422546/42446159/142184.533/24c32a52-9a89-44e2-a47f-36b5a21bb0ee,0,0,nan,16.308135,16.308135,nan,nan,nan,nan,0.471530,nan,nan,1,0.001591
opdformer_p_rgb_512,1129,422546/42446159/142184.633/24c32a52-9a89-44e2-a47f-36b5a21bb0ee,0,0,nan,29.964943,29.964943,nan,nan,nan,nan,0.449275,nan,nan,1,0.001680
opdformer_p_rgb_512,1130,422546/42446159/142184.733/24c32a52-9a89-44e2-a47f-36b5a21bb0ee,0,0,nan,12.264086,12.264086,nan,nan,nan,nan,0.294227,nan,nan,1,0.121843
opdformer_p_rgb_512,1131,422546/42446159/142184.833/24c32a52-9a89-44e2-a47f-36b5a21bb0ee,0,0,nan,22.960961,22.960961,nan,nan,nan,nan,0.234432,nan,nan,1,0.000802
opdformer_p_rgb_512,1132,422546/42446159/142184.933/24c32a52-9a89-44e2-a47f-36b5a21bb0ee,0,0,nan,16.136989,16.136989,nan,nan,nan,nan,0.283495,nan,nan,1,0.003140
opdformer_p_rgb_512,1133,422546/42446159/142185.033/24c32a52-9a89-44e2-a47f-36b5a21bb0ee,0,-1,nan,90.000000,90.000000,nan,nan,nan,nan,0.000000,nan,nan,0,nan
opdformer_p_rgb_512,1134,422546/42446159/142185.133/24c32a52-9a89-44e2-a47f-36b5a21bb0ee,0,0,nan,37.269361,37.269361,nan,nan,nan,nan,0.272388,nan,nan,1,0.002888
opdformer_p_rgb_512,1135,422546/42446159/142185.233/24c32a52-9a89-44e2-a47f-36b5a21bb0ee,0,-1,nan,90.000000,90.000000,nan,nan,nan,nan,0.000000,nan,nan,0,nan
opdformer_p_rgb_512,1136,422546/42446159/142185.333/24c32a52-9a89-44e2-a47f-36b5a21bb0ee,0,-1,nan,90.000000,90.000000,nan,nan,nan,nan,0.000000,nan,nan,0,nan
opdformer_p_rgb_512,1137,422546/42446159/142185.433/24c32a52-9a89-44e2-a47f-36b5a21bb0ee,0,-1,nan,90.000000,90.000000,nan,nan,nan,nan,0.000000,nan,nan,0,nan
opdformer_p_rgb_512,1138,422546/42446159/142185.533/24c32a52-9a89-44e2-a47f-36b5a21bb0ee,0,-1,nan,90.000000,90.000000,nan,nan,nan,nan,0.000000,nan,nan,0,nan
opdformer_p_rgb_512,1139,422546/42446159/142187.632/24c32a52-9a89-44e2-a47f-36b5a21bb0ee,0,-1,nan,90.000000,90.000000,nan,nan,nan,nan,0.000000,nan,nan,0,nan
opdformer_p_rgb_512,1140,422546/42446159/142187.732/24c32a52-9a89-44e2-a47f-36b5a21bb0ee,0,-1,nan,90.000000,90.000000,nan,nan,nan,nan,0.000000,nan,nan,0,nan
opdformer_p_rgb_512,1141,423311/42898006/219507.853/325729ce-ef62-4822-a448-0eac8afb095b,0,0,nan,107.132421,72.867579,nan,nan,nan,nan,0.388740,nan,nan,1,0.000070
opdformer_p_rgb_512,1142,423311/42898006/219511.452/325729ce-ef62-4822-a448-0eac8afb095b,0,0,nan,87.166469,87.166469,nan,nan,nan,nan,0.515766,nan,nan,1,0.000572
opdformer_p_rgb_512,1143,423311/42898006/219511.552/325729ce-ef62-4822-a448-0eac8afb095b,0,0,nan,89.072369,89.072369,nan,nan,nan,nan,0.592208,nan,nan,1,0.000389
opdformer_p_rgb_512,1144,423311/42898007/219413.258/325729ce-ef62-4822-a448-0eac8afb095b,0,0,nan,75.859187,75.859187,nan,nan,nan,nan,0.450980,nan,nan,1,0.000262
opdformer_p_rgb_512,1145,434689/42898500/159971.109/fba075de-307b-421d-b46f-25a6e2e0bc1d,0,0,nan,20.735146,20.735146,nan,nan,nan,nan,0.429889,nan,nan,1,0.000046
opdformer_p_rgb_512,1146,434689/42898500/159971.209/fba075de-307b-421d-b46f-25a6e2e0bc1d,0,0,nan,27.457115,27.457115,nan,nan,nan,nan,0.408915,nan,nan,1,0.480811
opdformer_p_rgb_512,1147,434689/42898500/159971.309/b5f869d0-3ea8-48f1-9bd4-2004519e131c,0,0,nan,24.188065,24.188065,nan,nan,nan,nan,0.194139,nan,nan,1,0.000228
opdformer_p_rgb_512,1148,434689/42898500/159971.309/fba075de-307b-421d-b46f-25a6e2e0bc1d,0,0,nan,21.419798,21.419798,nan,nan,nan,nan,0.380098,nan,nan,1,0.499172
opdformer_p_rgb_512,1149,434689/42898500/159971.409/b5f869d0-3ea8-48f1-9bd4-2004519e131c,0,0,nan,18.357197,18.357197,nan,nan,nan,nan,0.210421,nan,nan,1,0.959053
opdformer_p_rgb_512,1150,434689/42898500/159971.409/fba075de-307b-421d-b46f-25a6e2e0bc1d,0,0,nan,17.527655,17.527655,nan,nan,nan,nan,0.316971,nan,nan,1,0.000048
opdformer_p_rgb_512,1151,434689/42898500/159971.508/b5f869d0-3ea8-48f1-9bd4-2004519e131c,0,0,nan,26.776474,26.776474,nan,nan,nan,nan,0.218121,nan,nan,1,0.966199
opdformer_p_rgb_512,1152,434689/42898500/159971.608/b5f869d0-3ea8-48f1-9bd4-2004519e131c,0,0,nan,6.631345,6.631345,nan,nan,nan,nan,0.228070,nan,nan,1,0.977932
opdformer_p_rgb_512,1153,434689/42898500/159971.708/b5f869d0-3ea8-48f1-9bd4-2004519e131c,0,0,nan,10.925316,10.925316,nan,nan,nan,nan,0.188272,nan,nan,1,0.954396
opdformer_p_rgb_512,1154,434689/42898500/159971.708/b893f911-9544-42c2-b6d7-308b4e206c2e,0,0,nan,93.553794,86.446206,nan,nan,nan,nan,0.135350,nan,nan,1,0.000063
opdformer_p_rgb_512,1155,434689/42898500/159971.808/4d674432-f373-47ee-bac9-27906d9aa20c,0,0,nan,13.238176,13.238176,nan,nan,nan,nan,0.276461,nan,nan,1,0.000046
opdformer_p_rgb_512,1156,434689/42898500/159971.808/b5f869d0-3ea8-48f1-9bd4-2004519e131c,0,0,nan,8.508808,8.508808,nan,nan,nan,nan,0.156545,nan,nan,1,0.954641
opdformer_p_rgb_512,1157,434689/42898500/159971.808/b893f911-9544-42c2-b6d7-308b4e206c2e,0,0,nan,70.614136,70.614136,nan,nan,nan,nan,0.149773,nan,nan,1,0.000113
opdformer_p_rgb_512,1158,434689/42898500/159971.908/4d674432-f373-47ee-bac9-27906d9aa20c,0,0,nan,8.665992,8.665992,nan,nan,nan,nan,0.260993,nan,nan,1,0.000015
opdformer_p_rgb_512,1159,434689/42898500/159971.908/b5f869d0-3ea8-48f1-9bd4-2004519e131c,0,0,nan,9.401680,9.401680,nan,nan,nan,nan,0.154370,nan,nan,1,0.963248
opdformer_p_rgb_512,1160,434689/42898500/159971.908/b893f911-9544-42c2-b6d7-308b4e206c2e,0,0,nan,61.944288,61.944288,nan,nan,nan,nan,0.102857,nan,nan,1,0.000201
opdformer_p_rgb_512,1161,434689/42898500/159972.008/4d674432-f373-47ee-bac9-27906d9aa20c,0,0,nan,23.276403,23.276403,nan,nan,nan,nan,0.227778,nan,nan,1,0.000012
opdformer_p_rgb_512,1162,434689/42898500/159972.008/b5f869d0-3ea8-48f1-9bd4-2004519e131c,0,0,nan,22.642103,22.642103,nan,nan,nan,nan,0.125613,nan,nan,1,0.972902
opdformer_p_rgb_512,1163,434689/42898500/159972.108/03630351-e34c-4d12-ad60-405332af5f42,0,0,nan,21.462494,21.462494,nan,nan,nan,nan,0.190120,nan,nan,1,0.960341
opdformer_p_rgb_512,1164,434689/42898500/159972.108/4a6807c2-7470-4c95-9775-92991ef7e54b,0,0,nan,71.441083,71.441083,nan,nan,nan,nan,0.198686,nan,nan,1,0.000008
opdformer_p_rgb_512,1165,434689/42898500/159972.108/4d674432-f373-47ee-bac9-27906d9aa20c,0,0,nan,104.200660,75.799340,nan,nan,nan,nan,0.208543,nan,nan,1,0.000024
opdformer_p_rgb_512,1166,434689/42898500/159972.108/b5f869d0-3ea8-48f1-9bd4-2004519e131c,0,0,nan,135.151390,44.848610,nan,nan,nan,nan,0.138258,nan,nan,1,0.000565
opdformer_p_rgb_512,1167,434689/42898500/159972.208/03630351-e34c-4d12-ad60-405332af5f42,0,0,nan,24.827393,24.827393,nan,nan,nan,nan,0.156250,nan,nan,1,0.000004
opdformer_p_rgb_512,1168,434689/42898500/159972.208/4a6807c2-7470-4c95-9775-92991ef7e54b,0,0,nan,49.959305,49.959305,nan,nan,nan,nan,0.201767,nan,nan,1,0.000004
opdformer_p_rgb_512,1169,434689/42898500/159972.208/4d674432-f373-47ee-bac9-27906d9aa20c,0,0,nan,57.226772,57.226772,nan,nan,nan,nan,0.190594,nan,nan,1,0.000003
opdformer_p_rgb_512,1170,434689/42898500/159972.308/03630351-e34c-4d12-ad60-405332af5f42,0,0,nan,16.226809,16.226809,nan,nan,nan,nan,0.187158,nan,nan,1,0.000003
opdformer_p_rgb_512,1171,434689/42898500/159972.308/4a6807c2-7470-4c95-9775-92991ef7e54b,0,0,nan,35.668432,35.668432,nan,nan,nan,nan,0.183284,nan,nan,1,0.975157
opdformer_p_rgb_512,1172,434689/42898500/159972.408/03630351-e34c-4d12-ad60-405332af5f42,0,0,nan,49.261744,49.261744,nan,nan,nan,nan,0.277997,nan,nan,1,0.000002
opdformer_p_rgb_512,1173,434689/42898500/159972.408/4a6807c2-7470-4c95-9775-92991ef7e54b,0,0,nan,32.253569,32.253569,nan,nan,nan,nan,0.221020,nan,nan,1,0.000003
opdformer_p_rgb_512,1174,434689/42898500/159972.508/4a6807c2-7470-4c95-9775-92991ef7e54b,0,0,nan,28.044135,28.044135,nan,nan,nan,nan,0.180082,nan,nan,1,0.000148
opdformer_p_rgb_512,1175,434689/42898500/159972.508/d59e1bfe-97b3-46c4-b371-a72d46263712,0,0,nan,11.070870,11.070870,nan,nan,nan,nan,0.292407,nan,nan,1,0.000025
opdformer_p_rgb_512,1176,434689/42898500/159972.608/4a6807c2-7470-4c95-9775-92991ef7e54b,0,0,nan,35.278882,35.278882,nan,nan,nan,nan,0.159601,nan,nan,1,0.000059
opdformer_p_rgb_512,1177,434689/42898500/159972.608/63ea4975-a0c7-4340-943d-5b1183b8e872,0,0,nan,30.603898,30.603898,nan,nan,nan,nan,0.249605,nan,nan,1,0.000016
opdformer_p_rgb_512,1178,434689/42898500/159972.708/4a6807c2-7470-4c95-9775-92991ef7e54b,0,0,nan,43.876018,43.876018,nan,nan,nan,nan,0.214054,nan,nan,1,0.000003
opdformer_p_rgb_512,1179,434689/42898500/159972.708/63ea4975-a0c7-4340-943d-5b1183b8e872,0,0,nan,38.301902,38.301902,nan,nan,nan,nan,0.226528,nan,nan,1,0.000004
opdformer_p_rgb_512,1180,434689/42898500/159972.808/4a6807c2-7470-4c95-9775-92991ef7e54b,0,0,nan,35.757750,35.757750,nan,nan,nan,nan,0.307514,nan,nan,1,0.000002
opdformer_p_rgb_512,1181,434689/42898500/159972.808/63ea4975-a0c7-4340-943d-5b1183b8e872,0,0,nan,32.306603,32.306603,nan,nan,nan,nan,0.247407,nan,nan,1,0.000003
opdformer_p_rgb_512,1182,434689/42898500/159972.908/4a6807c2-7470-4c95-9775-92991ef7e54b,0,0,nan,40.928255,40.928255,nan,nan,nan,nan,0.351872,nan,nan,1,0.000002
opdformer_p_rgb_512,1183,434689/42898500/159972.908/63ea4975-a0c7-4340-943d-5b1183b8e872,0,0,nan,34.086259,34.086259,nan,nan,nan,nan,0.272603,nan,nan,1,0.000004
opdformer_p_rgb_512,1184,434689/42898500/159973.008/63ea4975-a0c7-4340-943d-5b1183b8e872,0,0,nan,32.397184,32.397184,nan,nan,nan,nan,0.233377,nan,nan,1,0.960118
opdformer_p_rgb_512,1185,434689/42898500/159973.108/ccab236f-fe4a-40ef-afa6-d6bb235bd395,0,0,nan,20.083995,20.083995,nan,nan,nan,nan,0.360890,nan,nan,1,0.000003
opdformer_p_rgb_512,1186,434689/42898500/160004.911/02b8e075-3670-4d40-9d53-783f5d8117e5,0,0,nan,67.599763,67.599763,nan,nan,nan,nan,0.127527,nan,nan,1,0.000636
opdformer_p_rgb_512,1187,434689/42898500/160005.011/02b8e075-3670-4d40-9d53-783f5d8117e5,0,0,nan,58.311046,58.311046,nan,nan,nan,nan,0.190840,nan,nan,1,0.000088
opdformer_p_rgb_512,1188,434689/42898500/160005.011/fba075de-307b-421d-b46f-25a6e2e0bc1d,0,0,nan,50.264850,50.264850,nan,nan,nan,nan,0.400285,nan,nan,1,0.001739
opdformer_p_rgb_512,1189,434689/42898500/160005.111/02b8e075-3670-4d40-9d53-783f5d8117e5,0,0,nan,93.787005,86.212995,nan,nan,nan,nan,0.170732,nan,nan,1,0.000515
opdformer_p_rgb_512,1190,434689/42898500/160005.111/cb5ccce4-b922-464e-9ee4-0b7311f262d6,0,0,nan,27.344744,27.344744,nan,nan,nan,nan,0.257468,nan,nan,1,0.000180
opdformer_p_rgb_512,1191,434689/42898500/160005.111/d59e1bfe-97b3-46c4-b371-a72d46263712,0,0,nan,20.953806,20.953806,nan,nan,nan,nan,0.339254,nan,nan,1,0.000198
opdformer_p_rgb_512,1192,434689/42898500/160005.111/fba075de-307b-421d-b46f-25a6e2e0bc1d,0,0,nan,16.833009,16.833009,nan,nan,nan,nan,0.193403,nan,nan,1,0.013602
opdformer_p_rgb_512,1193,434689/42898500/160005.211/03630351-e34c-4d12-ad60-405332af5f42,0,0,nan,21.111481,21.111481,nan,nan,nan,nan,0.139785,nan,nan,1,0.916109
opdformer_p_rgb_512,1194,434689/42898500/160005.211/9bc060c3-3f84-44bf-baf2-9df610c5e257,0,0,nan,5.513250,5.513250,nan,nan,nan,nan,0.267703,nan,nan,1,0.000618
opdformer_p_rgb_512,1195,434689/42898500/160005.211/cb5ccce4-b922-464e-9ee4-0b7311f262d6,0,0,nan,10.575308,10.575308,nan,nan,nan,nan,0.305344,nan,nan,1,0.000885
opdformer_p_rgb_512,1196,434689/42898500/160005.211/d59e1bfe-97b3-46c4-b371-a72d46263712,0,0,nan,15.017355,15.017355,nan,nan,nan,nan,0.249584,nan,nan,1,0.004926
opdformer_p_rgb_512,1197,434689/42898500/160005.211/fba075de-307b-421d-b46f-25a6e2e0bc1d,0,0,nan,14.364312,14.364312,nan,nan,nan,nan,0.315985,nan,nan,1,0.000689
opdformer_p_rgb_512,1198,434689/42898500/160005.311/03630351-e34c-4d12-ad60-405332af5f42,0,0,nan,31.909109,31.909109,nan,nan,nan,nan,0.181951,nan,nan,1,0.815141
opdformer_p_rgb_512,1199,434689/42898500/160005.311/4d674432-f373-47ee-bac9-27906d9aa20c,0,0,nan,23.906423,23.906423,nan,nan,nan,nan,0.117972,nan,nan,1,0.001402
opdformer_p_rgb_512,1200,434689/42898500/160005.311/9bc060c3-3f84-44bf-baf2-9df610c5e257,0,0,nan,11.176228,11.176228,nan,nan,nan,nan,0.217116,nan,nan,1,0.000169
opdformer_p_rgb_512,1201,434689/42898500/160005.311/fba075de-307b-421d-b46f-25a6e2e0bc1d,0,0,nan,10.187884,10.187884,nan,nan,nan,nan,0.307420,nan,nan,1,0.001375
opdformer_p_rgb_512,1202,434689/42898500/160005.411/03630351-e34c-4d12-ad60-405332af5f42,0,0,nan,38.388512,38.388512,nan,nan,nan,nan,0.214920,nan,nan,1,0.687760
opdformer_p_rgb_512,1203,434689/42898500/160005.411/4d674432-f373-47ee-bac9-27906d9aa20c,0,0,nan,29.284536,29.284536,nan,nan,nan,nan,0.138952,nan,nan,1,0.083211
opdformer_p_rgb_512,1204,434689/42898500/160005.411/9bc060c3-3f84-44bf-baf2-9df610c5e257,0,0,nan,5.132019,5.132019,nan,nan,nan,nan,0.272212,nan,nan,1,0.003731
opdformer_p_rgb_512,1205,434689/42898500/160005.411/b5f869d0-3ea8-48f1-9bd4-2004519e131c,0,0,nan,19.399346,19.399346,nan,nan,nan,nan,0.256497,nan,nan,1,0.906949
opdformer_p_rgb_512,1206,434689/42898500/160005.411/fba075de-307b-421d-b46f-25a6e2e0bc1d,0,0,nan,21.950694,21.950694,nan,nan,nan,nan,0.348584,nan,nan,1,0.000298
opdformer_p_rgb_512,1207,434689/42898500/160005.511/03630351-e34c-4d12-ad60-405332af5f42,0,0,nan,25.915659,25.915659,nan,nan,nan,nan,0.189383,nan,nan,1,0.000034
opdformer_p_rgb_512,1208,434689/42898500/160005.511/4d674432-f373-47ee-bac9-27906d9aa20c,0,0,nan,26.116329,26.116329,nan,nan,nan,nan,0.195388,nan,nan,1,0.916734
opdformer_p_rgb_512,1209,434689/42898500/160005.511/9bc060c3-3f84-44bf-baf2-9df610c5e257,0,0,nan,20.463925,20.463925,nan,nan,nan,nan,0.226923,nan,nan,1,0.031053
opdformer_p_rgb_512,1210,434689/42898500/160005.511/b5f869d0-3ea8-48f1-9bd4-2004519e131c,0,0,nan,25.530438,25.530438,nan,nan,nan,nan,0.237832,nan,nan,1,0.935304
opdformer_p_rgb_512,1211,434689/42898500/160005.511/fba075de-307b-421d-b46f-25a6e2e0bc1d,0,0,nan,22.188858,22.188858,nan,nan,nan,nan,0.418719,nan,nan,1,0.000191
opdformer_p_rgb_512,1212,434689/42898500/160005.611/03630351-e34c-4d12-ad60-405332af5f42,0,0,nan,30.149587,30.149587,nan,nan,nan,nan,0.193215,nan,nan,1,0.771860
opdformer_p_rgb_512,1213,434689/42898500/160005.611/4d674432-f373-47ee-bac9-27906d9aa20c,0,0,nan,25.154685,25.154685,nan,nan,nan,nan,0.192402,nan,nan,1,0.000056
opdformer_p_rgb_512,1214,434689/42898500/160005.611/9bc060c3-3f84-44bf-baf2-9df610c5e257,0,0,nan,8.787496,8.787496,nan,nan,nan,nan,0.241313,nan,nan,1,0.090356
opdformer_p_rgb_512,1215,434689/42898500/160005.611/b5f869d0-3ea8-48f1-9bd4-2004519e131c,0,0,nan,26.217382,26.217382,nan,nan,nan,nan,0.276675,nan,nan,1,0.932376
opdformer_p_rgb_512,1216,434689/42898500/160005.611/fba075de-307b-421d-b46f-25a6e2e0bc1d,0,0,nan,21.139698,21.139698,nan,nan,nan,nan,0.241627,nan,nan,1,0.000081
opdformer_p_rgb_512,1217,434689/42898500/160005.711/03630351-e34c-4d12-ad60-405332af5f42,0,0,nan,29.744249,29.744249,nan,nan,nan,nan,0.180195,nan,nan,1,0.912796
opdformer_p_rgb_512,1218,434689/42898500/160005.711/4d674432-f373-47ee-bac9-27906d9aa20c,0,0,nan,24.854321,24.854321,nan,nan,nan,nan,0.265416,nan,nan,1,0.000127
opdformer_p_rgb_512,1219,434689/42898500/160005.711/9bc060c3-3f84-44bf-baf2-9df610c5e257,0,0,nan,11.373624,11.373624,nan,nan,nan,nan,0.230174,nan,nan,1,0.000284
opdformer_p_rgb_512,1220,434689/42898500/160005.711/b5f869d0-3ea8-48f1-9bd4-2004519e131c,0,0,nan,17.317040,17.317040,nan,nan,nan,nan,0.286029,nan,nan,1,0.000225
opdformer_p_rgb_512,1221,434689/42898500/160005.711/fba075de-307b-421d-b46f-25a6e2e0bc1d,0,0,nan,17.724484,17.724484,nan,nan,nan,nan,0.316397,nan,nan,1,0.000100
opdformer_p_rgb_512,1222,434689/42898500/160005.811/03630351-e34c-4d12-ad60-405332af5f42,0,0,nan,24.929655,24.929655,nan,nan,nan,nan,0.158218,nan,nan,1,0.880959
opdformer_p_rgb_512,1223,434689/42898500/160005.811/4d674432-f373-47ee-bac9-27906d9aa20c,0,0,nan,21.163439,21.163439,nan,nan,nan,nan,0.164045,nan,nan,1,0.160136
opdformer_p_rgb_512,1224,434689/42898500/160005.811/9bc060c3-3f84-44bf-baf2-9df610c5e257,0,0,nan,7.327029,7.327029,nan,nan,nan,nan,0.247444,nan,nan,1,0.654409
opdformer_p_rgb_512,1225,434689/42898500/160005.811/b5f869d0-3ea8-48f1-9bd4-2004519e131c,0,0,nan,34.679000,34.679000,nan,nan,nan,nan,0.248677,nan,nan,1,0.000650
opdformer_p_rgb_512,1226,434689/42898500/160005.811/fba075de-307b-421d-b46f-25a6e2e0bc1d,0,0,nan,25.441331,25.441331,nan,nan,nan,nan,0.351563,nan,nan,1,0.000232
opdformer_p_rgb_512,1227,434689/42898500/160005.911/03630351-e34c-4d12-ad60-405332af5f42,0,0,nan,32.489239,32.489239,nan,nan,nan,nan,0.189853,nan,nan,1,0.934413
opdformer_p_rgb_512,1228,434689/42898500/160005.911/4d674432-f373-47ee-bac9-27906d9aa20c,0,0,nan,20.659530,20.659530,nan,nan,nan,nan,0.225875,nan,nan,1,0.000083
opdformer_p_rgb_512,1229,434689/42898500/160005.911/9bc060c3-3f84-44bf-baf2-9df610c5e257,0,0,nan,6.258495,6.258495,nan,nan,nan,nan,0.263485,nan,nan,1,0.000223
opdformer_p_rgb_512,1230,434689/42898500/160005.911/b5f869d0-3ea8-48f1-9bd4-2004519e131c,0,0,nan,14.876905,14.876905,nan,nan,nan,nan,0.174619,nan,nan,1,0.000887
opdformer_p_rgb_512,1231,434689/42898500/160006.011/03630351-e34c-4d12-ad60-405332af5f42,0,0,nan,27.523956,27.523956,nan,nan,nan,nan,0.141113,nan,nan,1,0.886253
opdformer_p_rgb_512,1232,434689/42898500/160006.011/4d674432-f373-47ee-bac9-27906d9aa20c,0,0,nan,21.657464,21.657464,nan,nan,nan,nan,0.204082,nan,nan,1,0.000187
opdformer_p_rgb_512,1233,434689/42898500/160006.011/b5f869d0-3ea8-48f1-9bd4-2004519e131c,0,0,nan,23.678124,23.678124,nan,nan,nan,nan,0.185093,nan,nan,1,0.888446
opdformer_p_rgb_512,1234,434689/42898500/160006.111/03630351-e34c-4d12-ad60-405332af5f42,0,0,nan,35.180558,35.180558,nan,nan,nan,nan,0.197222,nan,nan,1,0.925874
opdformer_p_rgb_512,1235,434689/42898500/160006.111/4d674432-f373-47ee-bac9-27906d9aa20c,0,0,nan,32.518928,32.518928,nan,nan,nan,nan,0.290265,nan,nan,1,0.178946
opdformer_p_rgb_512,1236,434689/42898500/160006.111/b5f869d0-3ea8-48f1-9bd4-2004519e131c,0,0,nan,101.644745,78.355255,nan,nan,nan,nan,0.185771,nan,nan,1,0.000661
opdformer_p_rgb_512,1237,434689/42898500/160006.211/4d674432-f373-47ee-bac9-27906d9aa20c,0,0,nan,30.841608,30.841608,nan,nan,nan,nan,0.229462,nan,nan,1,0.933874
opdformer_p_rgb_512,1238,434689/42898500/160006.211/b5f869d0-3ea8-48f1-9bd4-2004519e131c,0,0,nan,26.788524,26.788524,nan,nan,nan,nan,0.154050,nan,nan,1,0.000046
opdformer_p_rgb_512,1239,434689/42898500/160006.311/4d674432-f373-47ee-bac9-27906d9aa20c,0,0,nan,22.492496,22.492496,nan,nan,nan,nan,0.366129,nan,nan,1,0.933936
opdformer_p_rgb_512,1240,434689/42898500/160006.311/b5f869d0-3ea8-48f1-9bd4-2004519e131c,0,0,nan,48.781987,48.781987,nan,nan,nan,nan,0.218319,nan,nan,1,0.000143
opdformer_p_rgb_512,1241,434689/42898500/160006.411/b5f869d0-3ea8-48f1-9bd4-2004519e131c,0,0,nan,47.153051,47.153051,nan,nan,nan,nan,0.195420,nan,nan,1,0.000092
opdformer_p_rgb_512,1242,434689/42898500/160006.511/b5f869d0-3ea8-48f1-9bd4-2004519e131c,0,0,nan,40.184414,40.184414,nan,nan,nan,nan,0.232558,nan,nan,1,0.959092
opdformer_p_rgb_512,1243,434689/42898500/160010.209/5da174a8-a51c-4bb5-a6f5-7772db87a286,1,-1,nan,90.000000,90.000000,nan,nan,nan,nan,0.000000,nan,nan,0,nan
opdformer_p_rgb_512,1244,434689/42898500/160010.309/5da174a8-a51c-4bb5-a6f5-7772db87a286,1,-1,nan,90.000000,90.000000,nan,nan,nan,nan,0.000000,nan,nan,0,nan
opdformer_p_rgb_512,1245,434689/42898500/160010.409/5da174a8-a51c-4bb5-a6f5-7772db87a286,1,-1,nan,90.000000,90.000000,nan,nan,nan,nan,0.000000,nan,nan,0,nan
opdformer_p_rgb_512,1246,434689/42898500/160010.509/5da174a8-a51c-4bb5-a6f5-7772db87a286,1,1,nan,169.901658,10.098342,0.766909,0.768254,nan,nan,0.150862,nan,nan,1,0.000440
opdformer_p_rgb_512,1247,434689/42898500/160010.609/5da174a8-a51c-4bb5-a6f5-7772db87a286,1,1,nan,169.387942,10.612058,1.169398,1.170057,nan,nan,0.040241,nan,nan,1,0.001640
opdformer_p_rgb_512,1248,434689/42898500/160010.709/5da174a8-a51c-4bb5-a6f5-7772db87a286,1,1,nan,171.876113,8.123887,0.780216,0.781736,nan,nan,0.194605,nan,nan,1,0.002136
opdformer_p_rgb_512,1249,434689/42898500/160010.809/5da174a8-a51c-4bb5-a6f5-7772db87a286,1,1,nan,174.960192,5.039808,1.169578,1.173914,nan,nan,0.043659,nan,nan,1,0.000827
opdformer_p_rgb_512,1250,434689/42898500/160010.909/5da174a8-a51c-4bb5-a6f5-7772db87a286,1,1,nan,171.700346,8.299654,1.369919,1.370782,nan,nan,0.166445,nan,nan,1,0.003452
opdformer_p_rgb_512,1251,434689/42898500/160011.009/5da174a8-a51c-4bb5-a6f5-7772db87a286,1,1,nan,172.336199,7.663801,0.849919,0.854584,nan,nan,0.055060,nan,nan,1,0.173937
opdformer_p_rgb_512,1252,434689/42898500/160011.109/5da174a8-a51c-4bb5-a6f5-7772db87a286,1,1,nan,173.757978,6.242022,0.784441,0.792278,nan,nan,0.431174,nan,nan,1,0.001538
opdformer_p_rgb_512,1253,434689/42898500/160011.209/5da174a8-a51c-4bb5-a6f5-7772db87a286,1,1,nan,150.650361,29.349639,0.696912,0.697575,nan,nan,0.321839,nan,nan,1,0.020841
opdformer_p_rgb_512,1254,434689/42898500/160011.309/5da174a8-a51c-4bb5-a6f5-7772db87a286,1,1,nan,168.967928,11.032072,0.413992,0.414136,nan,nan,0.293532,nan,nan,1,0.006688
opdformer_p_rgb_512,1255,434689/42898500/160011.409/5da174a8-a51c-4bb5-a6f5-7772db87a286,1,1,nan,169.497010,10.502990,0.596487,0.605486,nan,nan,0.303609,nan,nan,1,0.003759
opdformer_p_rgb_512,1256,434689/42898500/160011.509/5da174a8-a51c-4bb5-a6f5-7772db87a286,1,1,nan,171.056815,8.943185,0.695106,0.699917,nan,nan,0.449050,nan,nan,1,0.003148
opdformer_p_rgb_512,1257,434689/42898501/160024.503/b5f869d0-3ea8-48f1-9bd4-2004519e131c,0,0,nan,17.223099,17.223099,nan,nan,nan,nan,0.196507,nan,nan,1,0.000647
opdformer_p_rgb_512,1258,434689/42898501/160024.603/b5f869d0-3ea8-48f1-9bd4-2004519e131c,0,0,nan,14.660758,14.660758,nan,nan,nan,nan,0.172474,nan,nan,1,0.000864
opdformer_p_rgb_512,1259,434689/42898501/160024.703/b5f869d0-3ea8-48f1-9bd4-2004519e131c,0,0,nan,24.218268,24.218268,nan,nan,nan,nan,0.164013,nan,nan,1,0.246845
opdformer_p_rgb_512,1260,434689/42898501/160024.803/03630351-e34c-4d12-ad60-405332af5f42,0,0,nan,22.306243,22.306243,nan,nan,nan,nan,0.164013,nan,nan,1,0.820187
opdformer_p_rgb_512,1261,434689/42898501/160024.803/4d674432-f373-47ee-bac9-27906d9aa20c,0,0,nan,33.132975,33.132975,nan,nan,nan,nan,0.238250,nan,nan,1,0.000034
opdformer_p_rgb_512,1262,434689/42898501/160024.803/b5f869d0-3ea8-48f1-9bd4-2004519e131c,0,0,nan,47.073337,47.073337,nan,nan,nan,nan,0.167590,nan,nan,1,0.000351
opdformer_p_rgb_512,1263,434689/42898501/160024.903/03630351-e34c-4d12-ad60-405332af5f42,0,0,nan,44.835972,44.835972,nan,nan,nan,nan,0.336750,nan,nan,1,0.000010
opdformer_p_rgb_512,1264,434689/42898501/160024.903/4d674432-f373-47ee-bac9-27906d9aa20c,0,0,nan,68.233972,68.233972,nan,nan,nan,nan,0.239354,nan,nan,1,0.000032
opdformer_p_rgb_512,1265,434689/42898501/160024.903/b5f869d0-3ea8-48f1-9bd4-2004519e131c,0,0,nan,69.935697,69.935697,nan,nan,nan,nan,0.159548,nan,nan,1,0.000191
opdformer_p_rgb_512,1266,434689/42898501/160025.003/03630351-e34c-4d12-ad60-405332af5f42,0,0,nan,31.066295,31.066295,nan,nan,nan,nan,0.238030,nan,nan,1,0.000008
opdformer_p_rgb_512,1267,434689/42898501/160025.003/b893f911-9544-42c2-b6d7-308b4e206c2e,0,0,nan,84.707572,84.707572,nan,nan,nan,nan,0.136915,nan,nan,1,0.000031
opdformer_p_rgb_512,1268,434689/42898501/160025.003/cb5ccce4-b922-464e-9ee4-0b7311f262d6,0,0,nan,52.710126,52.710126,nan,nan,nan,nan,0.212066,nan,nan,1,0.000131
opdformer_p_rgb_512,1269,434689/42898501/160025.003/d59e1bfe-97b3-46c4-b371-a72d46263712,0,0,nan,39.206521,39.206521,nan,nan,nan,nan,0.234694,nan,nan,1,0.000006
opdformer_p_rgb_512,1270,434689/42898501/160025.103/b893f911-9544-42c2-b6d7-308b4e206c2e,0,0,nan,37.223364,37.223364,nan,nan,nan,nan,0.143369,nan,nan,1,0.000452
opdformer_p_rgb_512,1271,434689/42898501/160025.103/cb5ccce4-b922-464e-9ee4-0b7311f262d6,0,0,nan,27.708809,27.708809,nan,nan,nan,nan,0.170103,nan,nan,1,0.000044
opdformer_p_rgb_512,1272,434689/42898501/160025.303/4a6807c2-7470-4c95-9775-92991ef7e54b,0,0,nan,39.308197,39.308197,nan,nan,nan,nan,0.149398,nan,nan,1,0.000016
opdformer_p_rgb_512,1273,434689/42898501/160025.403/4a6807c2-7470-4c95-9775-92991ef7e54b,0,0,nan,54.420355,54.420355,nan,nan,nan,nan,0.142500,nan,nan,1,0.000004
opdformer_p_rgb_512,1274,434689/42898501/160025.403/63ea4975-a0c7-4340-943d-5b1183b8e872,0,0,nan,32.442476,32.442476,nan,nan,nan,nan,0.175074,nan,nan,1,0.000007
opdformer_p_rgb_512,1275,434689/42898501/160025.503/4a6807c2-7470-4c95-9775-92991ef7e54b,0,0,nan,43.118373,43.118373,nan,nan,nan,nan,0.261062,nan,nan,1,0.000022
opdformer_p_rgb_512,1276,434689/42898501/160025.503/63ea4975-a0c7-4340-943d-5b1183b8e872,0,0,nan,46.541624,46.541624,nan,nan,nan,nan,0.243086,nan,nan,1,0.000002
opdformer_p_rgb_512,1277,434689/42898501/160025.503/ccab236f-fe4a-40ef-afa6-d6bb235bd395,0,0,nan,29.976038,29.976038,nan,nan,nan,nan,0.231687,nan,nan,1,0.000019
opdformer_p_rgb_512,1278,434689/42898501/160025.603/4a6807c2-7470-4c95-9775-92991ef7e54b,0,0,nan,50.393366,50.393366,nan,nan,nan,nan,0.249753,nan,nan,1,0.000005
opdformer_p_rgb_512,1279,434689/42898501/160025.603/63ea4975-a0c7-4340-943d-5b1183b8e872,0,0,nan,35.232690,35.232690,nan,nan,nan,nan,0.144654,nan,nan,1,0.000019
opdformer_p_rgb_512,1280,434689/42898501/160025.603/ccab236f-fe4a-40ef-afa6-d6bb235bd395,0,0,nan,29.868371,29.868371,nan,nan,nan,nan,0.185294,nan,nan,1,0.000062
opdformer_p_rgb_512,1281,434689/42898501/160025.703/63ea4975-a0c7-4340-943d-5b1183b8e872,0,0,nan,44.900522,44.900522,nan,nan,nan,nan,0.226770,nan,nan,1,0.000003
opdformer_p_rgb_512,1282,434689/42898501/160025.703/ccab236f-fe4a-40ef-afa6-d6bb235bd395,0,0,nan,29.714284,29.714284,nan,nan,nan,nan,0.169128,nan,nan,1,0.000124
opdformer_p_rgb_512,1283,434689/42898501/160025.803/ccab236f-fe4a-40ef-afa6-d6bb235bd395,0,0,nan,41.202865,41.202865,nan,nan,nan,nan,0.250316,nan,nan,1,0.000002
opdformer_p_rgb_512,1284,434689/42898501/160025.803/ff29156b-ae83-4be7-af1a-61462204f30c,0,0,nan,24.952810,24.952810,nan,nan,nan,nan,0.173193,nan,nan,1,0.000002
opdformer_p_rgb_512,1285,434689/42898501/160025.903/ccab236f-fe4a-40ef-afa6-d6bb235bd395,0,0,nan,51.931763,51.931763,nan,nan,nan,nan,0.255866,nan,nan,1,0.000003
opdformer_p_rgb_512,1286,434689/42898501/160025.903/ff29156b-ae83-4be7-af1a-61462204f30c,0,0,nan,32.184754,32.184754,nan,nan,nan,nan,0.193548,nan,nan,1,0.000002
opdformer_p_rgb_512,1287,434689/42898501/160026.003/ff29156b-ae83-4be7-af1a-61462204f30c,0,0,nan,34.335015,34.335015,nan,nan,nan,nan,0.187679,nan,nan,1,0.000005
opdformer_p_rgb_512,1288,434689/42898502/160070.301/b893f911-9544-42c2-b6d7-308b4e206c2e,0,0,nan,6.069336,6.069336,nan,nan,nan,nan,0.235759,nan,nan,1,0.000006
opdformer_p_rgb_512,1289,434689/42898502/160070.401/b893f911-9544-42c2-b6d7-308b4e206c2e,0,0,nan,8.269078,8.269078,nan,nan,nan,nan,0.204317,nan,nan,1,0.000007
opdformer_p_rgb_512,1290,434689/42898502/160070.501/b893f911-9544-42c2-b6d7-308b4e206c2e,0,0,nan,10.319373,10.319373,nan,nan,nan,nan,0.243421,nan,nan,1,0.000005
opdformer_p_rgb_512,1291,434689/42898502/160070.601/4a6807c2-7470-4c95-9775-92991ef7e54b,0,0,nan,13.081861,13.081861,nan,nan,nan,nan,0.265802,nan,nan,1,0.000006
opdformer_p_rgb_512,1292,434689/42898502/160070.601/b893f911-9544-42c2-b6d7-308b4e206c2e,0,0,nan,16.558685,16.558685,nan,nan,nan,nan,0.164072,nan,nan,1,0.000010
opdformer_p_rgb_512,1293,434689/42898502/160070.701/4a6807c2-7470-4c95-9775-92991ef7e54b,0,0,nan,17.270127,17.270127,nan,nan,nan,nan,0.309179,nan,nan,1,0.000009
opdformer_p_rgb_512,1294,434689/42898502/160076.398/152222c5-382d-4c5f-b079-f2ba5bc71d79,1,0,nan,107.166522,72.833478,1.261559,1.261629,nan,nan,0.657718,nan,nan,1,0.005858
opdformer_p_rgb_512,1295,434689/42898502/160076.498/152222c5-382d-4c5f-b079-f2ba5bc71d79,1,0,nan,112.551379,67.448621,1.307233,1.312720,nan,nan,0.625000,nan,nan,1,0.009157
opdformer_p_rgb_512,1296,434689/42898502/160099.905/ccab236f-fe4a-40ef-afa6-d6bb235bd395,0,0,nan,64.797108,64.797108,nan,nan,nan,nan,0.217852,nan,nan,1,0.967080
opdformer_p_rgb_512,1297,434689/42898502/160100.005/4a6807c2-7470-4c95-9775-92991ef7e54b,0,0,nan,34.126728,34.126728,nan,nan,nan,nan,0.316348,nan,nan,1,0.000003
opdformer_p_rgb_512,1298,434689/42898502/160100.005/63ea4975-a0c7-4340-943d-5b1183b8e872,0,0,nan,22.768111,22.768111,nan,nan,nan,nan,0.139913,nan,nan,1,0.971977
opdformer_p_rgb_512,1299,434689/42898502/160100.105/4a6807c2-7470-4c95-9775-92991ef7e54b,0,0,nan,25.124296,25.124296,nan,nan,nan,nan,0.343137,nan,nan,1,0.000003
opdformer_p_rgb_512,1300,434689/42898502/160100.105/63ea4975-a0c7-4340-943d-5b1183b8e872,0,0,nan,23.104140,23.104140,nan,nan,nan,nan,0.141791,nan,nan,1,0.000006
opdformer_p_rgb_512,1301,434689/42898502/160100.105/b893f911-9544-42c2-b6d7-308b4e206c2e,0,0,nan,21.435508,21.435508,nan,nan,nan,nan,0.383130,nan,nan,1,0.000009
opdformer_p_rgb_512,1302,434689/42898502/160100.205/4a6807c2-7470-4c95-9775-92991ef7e54b,0,0,nan,16.433094,16.433094,nan,nan,nan,nan,0.311161,nan,nan,1,0.000005
opdformer_p_rgb_512,1303,434689/42898502/160100.205/63ea4975-a0c7-4340-943d-5b1183b8e872,0,0,nan,29.195085,29.195085,nan,nan,nan,nan,0.140693,nan,nan,1,0.000004
opdformer_p_rgb_512,1304,434689/42898502/160100.205/b893f911-9544-42c2-b6d7-308b4e206c2e,0,0,nan,19.967165,19.967165,nan,nan,nan,nan,0.425507,nan,nan,1,0.000003
opdformer_p_rgb_512,1305,434689/42898502/160100.305/4a6807c2-7470-4c95-9775-92991ef7e54b,0,0,nan,20.552131,20.552131,nan,nan,nan,nan,0.259768,nan,nan,1,0.000006
opdformer_p_rgb_512,1306,434689/42898502/160100.305/b893f911-9544-42c2-b6d7-308b4e206c2e,0,0,nan,20.910998,20.910998,nan,nan,nan,nan,0.389914,nan,nan,1,0.000006
opdformer_p_rgb_512,1307,434689/42898502/160100.405/4a6807c2-7470-4c95-9775-92991ef7e54b,0,0,nan,38.750945,38.750945,nan,nan,nan,nan,0.193002,nan,nan,1,0.000004
opdformer_p_rgb_512,1308,434689/42898502/160100.405/b893f911-9544-42c2-b6d7-308b4e206c2e,0,0,nan,19.504228,19.504228,nan,nan,nan,nan,0.413836,nan,nan,1,0.000009
opdformer_p_rgb_512,1309,434689/42898502/160100.505/4a6807c2-7470-4c95-9775-92991ef7e54b,0,0,nan,21.975392,21.975392,nan,nan,nan,nan,0.245067,nan,nan,1,0.000007
opdformer_p_rgb_512,1310,434689/42898502/160100.505/b893f911-9544-42c2-b6d7-308b4e206c2e,0,0,nan,19.296371,19.296371,nan,nan,nan,nan,0.425384,nan,nan,1,0.000003
opdformer_p_rgb_512,1311,434689/42898502/160100.605/b893f911-9544-42c2-b6d7-308b4e206c2e,0,0,nan,9.473736,9.473736,nan,nan,nan,nan,0.366667,nan,nan,1,0.000012
opdformer_p_rgb_512,1312,434689/42898502/160100.705/b893f911-9544-42c2-b6d7-308b4e206c2e,0,0,nan,15.099732,15.099732,nan,nan,nan,nan,0.368153,nan,nan,1,0.000010
opdformer_p_rgb_512,1313,434689/42898502/160100.805/b893f911-9544-42c2-b6d7-308b4e206c2e,0,0,nan,16.670296,16.670296,nan,nan,nan,nan,0.400768,nan,nan,1,0.000027
opdformer_p_rgb_512,1314,434689/42898502/160102.504/9bc060c3-3f84-44bf-baf2-9df610c5e257,0,0,nan,60.210920,60.210920,nan,nan,nan,nan,0.588235,nan,nan,1,0.000440
opdformer_p_rgb_512,1315,434689/42898502/160102.604/9bc060c3-3f84-44bf-baf2-9df610c5e257,0,0,nan,10.172710,10.172710,nan,nan,nan,nan,0.490119,nan,nan,1,0.921199
opdformer_p_rgb_512,1316,434689/42898502/160102.704/9bc060c3-3f84-44bf-baf2-9df610c5e257,0,0,nan,46.372487,46.372487,nan,nan,nan,nan,0.497496,nan,nan,1,0.000132
opdformer_p_rgb_512,1317,434689/42898502/160102.804/9bc060c3-3f84-44bf-baf2-9df610c5e257,0,0,nan,25.413322,25.413322,nan,nan,nan,nan,0.405063,nan,nan,1,0.901834
opdformer_p_rgb_512,1318,434689/42898502/160102.804/b5f869d0-3ea8-48f1-9bd4-2004519e131c,0,0,nan,9.197889,9.197889,nan,nan,nan,nan,0.436639,nan,nan,1,0.000024
opdformer_p_rgb_512,1319,434689/42898502/160102.804/fba075de-307b-421d-b46f-25a6e2e0bc1d,0,0,nan,43.694746,43.694746,nan,nan,nan,nan,0.530435,nan,nan,1,0.000180
opdformer_p_rgb_512,1320,434689/42898502/160102.904/9bc060c3-3f84-44bf-baf2-9df610c5e257,0,0,nan,13.195187,13.195187,nan,nan,nan,nan,0.459203,nan,nan,1,0.000054
opdformer_p_rgb_512,1321,434689/42898502/160102.904/b5f869d0-3ea8-48f1-9bd4-2004519e131c,0,0,nan,17.178809,17.178809,nan,nan,nan,nan,0.553997,nan,nan,1,0.000029
opdformer_p_rgb_512,1322,434689/42898502/160102.904/fba075de-307b-421d-b46f-25a6e2e0bc1d,0,0,nan,22.202875,22.202875,nan,nan,nan,nan,0.529582,nan,nan,1,0.000023
opdformer_p_rgb_512,1323,434689/42898502/160103.004/9bc060c3-3f84-44bf-baf2-9df610c5e257,0,0,nan,7.314942,7.314942,nan,nan,nan,nan,0.446184,nan,nan,1,0.000034
opdformer_p_rgb_512,1324,434689/42898502/160103.004/b5f869d0-3ea8-48f1-9bd4-2004519e131c,0,0,nan,27.524845,27.524845,nan,nan,nan,nan,0.498003,nan,nan,1,0.000030
opdformer_p_rgb_512,1325,434689/42898502/160103.004/fba075de-307b-421d-b46f-25a6e2e0bc1d,0,0,nan,16.832074,16.832074,nan,nan,nan,nan,0.521870,nan,nan,1,0.000052
opdformer_p_rgb_512,1326,434689/42898502/160103.104/02b8e075-3670-4d40-9d53-783f5d8117e5,0,0,nan,36.174495,36.174495,nan,nan,nan,nan,0.283133,nan,nan,1,0.000113
opdformer_p_rgb_512,1327,434689/42898502/160103.104/4d674432-f373-47ee-bac9-27906d9aa20c,0,0,nan,26.148116,26.148116,nan,nan,nan,nan,0.385897,nan,nan,1,0.287744
opdformer_p_rgb_512,1328,434689/42898502/160103.104/9bc060c3-3f84-44bf-baf2-9df610c5e257,0,0,nan,22.427524,22.427524,nan,nan,nan,nan,0.486486,nan,nan,1,0.000241
opdformer_p_rgb_512,1329,434689/42898502/160103.104/b5f869d0-3ea8-48f1-9bd4-2004519e131c,0,0,nan,26.656958,26.656958,nan,nan,nan,nan,0.537249,nan,nan,1,0.000110
opdformer_p_rgb_512,1330,434689/42898502/160103.104/fba075de-307b-421d-b46f-25a6e2e0bc1d,0,0,nan,25.120044,25.120044,nan,nan,nan,nan,0.540909,nan,nan,1,0.810229
opdformer_p_rgb_512,1331,434689/42898502/160103.204/02b8e075-3670-4d40-9d53-783f5d8117e5,0,0,nan,46.224103,46.224103,nan,nan,nan,nan,0.456710,nan,nan,1,0.000600
opdformer_p_rgb_512,1332,434689/42898502/160103.204/4d674432-f373-47ee-bac9-27906d9aa20c,0,0,nan,84.309915,84.309915,nan,nan,nan,nan,0.379447,nan,nan,1,0.203854
opdformer_p_rgb_512,1333,434689/42898502/160103.204/9bc060c3-3f84-44bf-baf2-9df610c5e257,0,0,nan,15.107020,15.107020,nan,nan,nan,nan,0.375235,nan,nan,1,0.000101
opdformer_p_rgb_512,1334,434689/42898502/160103.204/b5f869d0-3ea8-48f1-9bd4-2004519e131c,0,0,nan,34.173804,34.173804,nan,nan,nan,nan,0.462451,nan,nan,1,0.000085
opdformer_p_rgb_512,1335,434689/42898502/160103.204/fba075de-307b-421d-b46f-25a6e2e0bc1d,0,0,nan,19.625427,19.625427,nan,nan,nan,nan,0.473761,nan,nan,1,0.631521
opdformer_p_rgb_512,1336,434689/42898502/160103.304/02b8e075-3670-4d40-9d53-783f5d8117e5,0,0,nan,27.116066,27.116066,nan,nan,nan,nan,0.211982,nan,nan,1,0.000146
opdformer_p_rgb_512,1337,434689/42898502/160103.304/4d674432-f373-47ee-bac9-27906d9aa20c,0,0,nan,75.169866,75.169866,nan,nan,nan,nan,0.371505,nan,nan,1,0.442484
opdformer_p_rgb_512,1338,434689/42898502/160103.304/9bc060c3-3f84-44bf-baf2-9df610c5e257,0,0,nan,9.044765,9.044765,nan,nan,nan,nan,0.460292,nan,nan,1,0.000080
opdformer_p_rgb_512,1339,434689/42898502/160103.304/b5f869d0-3ea8-48f1-9bd4-2004519e131c,0,0,nan,46.456965,46.456965,nan,nan,nan,nan,0.500000,nan,nan,1,0.000234
opdformer_p_rgb_512,1340,434689/42898502/160103.304/fba075de-307b-421d-b46f-25a6e2e0bc1d,0,0,nan,20.928656,20.928656,nan,nan,nan,nan,0.491503,nan,nan,1,0.000051
opdformer_p_rgb_512,1341,434689/42898502/160103.404/02b8e075-3670-4d40-9d53-783f5d8117e5,0,0,nan,13.114609,13.114609,nan,nan,nan,nan,0.199686,nan,nan,1,0.058108
opdformer_p_rgb_512,1342,434689/42898502/160103.404/4d674432-f373-47ee-bac9-27906d9aa20c,0,0,nan,89.917840,89.917840,nan,nan,nan,nan,0.296781,nan,nan,1,0.877658
opdformer_p_rgb_512,1343,434689/42898502/160103.404/9bc060c3-3f84-44bf-baf2-9df610c5e257,0,0,nan,10.642983,10.642983,nan,nan,nan,nan,0.458671,nan,nan,1,0.000173
opdformer_p_rgb_512,1344,434689/42898502/160103.404/b5f869d0-3ea8-48f1-9bd4-2004519e131c,0,0,nan,50.537666,50.537666,nan,nan,nan,nan,0.547101,nan,nan,1,0.000137
opdformer_p_rgb_512,1345,434689/42898502/160103.404/fba075de-307b-421d-b46f-25a6e2e0bc1d,0,0,nan,16.260013,16.260013,nan,nan,nan,nan,0.447011,nan,nan,1,0.000081
opdformer_p_rgb_512,1346,434689/42898502/160103.504/02b8e075-3670-4d40-9d53-783f5d8117e5,0,0,nan,26.070784,26.070784,nan,nan,nan,nan,0.141818,nan,nan,1,0.002080
opdformer_p_rgb_512,1347,434689/42898502/160103.504/03630351-e34c-4d12-ad60-405332af5f42,0,0,nan,133.319117,46.680883,nan,nan,nan,nan,0.236994,nan,nan,1,0.000046
opdformer_p_rgb_512,1348,434689/42898502/160103.504/4d674432-f373-47ee-bac9-27906d9aa20c,0,0,nan,68.982358,68.982358,nan,nan,nan,nan,0.270816,nan,nan,1,0.000065
opdformer_p_rgb_512,1349,434689/42898502/160103.504/9bc060c3-3f84-44bf-baf2-9df610c5e257,0,0,nan,9.847751,9.847751,nan,nan,nan,nan,0.468694,nan,nan,1,0.913857
opdformer_p_rgb_512,1350,434689/42898502/160103.504/b5f869d0-3ea8-48f1-9bd4-2004519e131c,0,0,nan,40.802060,40.802060,nan,nan,nan,nan,0.399516,nan,nan,1,0.930166
opdformer_p_rgb_512,1351,434689/42898502/160103.504/fba075de-307b-421d-b46f-25a6e2e0bc1d,0,0,nan,17.561143,17.561143,nan,nan,nan,nan,0.420741,nan,nan,1,0.000075
opdformer_p_rgb_512,1352,434689/42898502/160103.604/02b8e075-3670-4d40-9d53-783f5d8117e5,0,0,nan,19.114222,19.114222,nan,nan,nan,nan,0.152778,nan,nan,1,0.000082
opdformer_p_rgb_512,1353,434689/42898502/160103.604/03630351-e34c-4d12-ad60-405332af5f42,0,0,nan,64.938844,64.938844,nan,nan,nan,nan,0.159115,nan,nan,1,0.000150
opdformer_p_rgb_512,1354,434689/42898502/160103.604/4d674432-f373-47ee-bac9-27906d9aa20c,0,0,nan,55.632757,55.632757,nan,nan,nan,nan,0.233851,nan,nan,1,0.193222
opdformer_p_rgb_512,1355,434689/42898502/160103.604/9bc060c3-3f84-44bf-baf2-9df610c5e257,0,0,nan,6.911629,6.911629,nan,nan,nan,nan,0.481178,nan,nan,1,0.000073
opdformer_p_rgb_512,1356,434689/42898502/160103.604/b5f869d0-3ea8-48f1-9bd4-2004519e131c,0,0,nan,34.423038,34.423038,nan,nan,nan,nan,0.449697,nan,nan,1,0.000641
opdformer_p_rgb_512,1357,434689/42898502/160103.604/fba075de-307b-421d-b46f-25a6e2e0bc1d,0,0,nan,9.848234,9.848234,nan,nan,nan,nan,0.443314,nan,nan,1,0.000139
opdformer_p_rgb_512,1358,434689/42898502/160103.704/02b8e075-3670-4d40-9d53-783f5d8117e5,0,1,nan,30.170203,30.170203,nan,nan,nan,nan,0.169168,nan,nan,1,0.000045
opdformer_p_rgb_512,1359,434689/42898502/160103.704/03630351-e34c-4d12-ad60-405332af5f42,0,0,nan,85.099955,85.099955,nan,nan,nan,nan,0.192355,nan,nan,1,0.364265
opdformer_p_rgb_512,1360,434689/42898502/160103.704/4d674432-f373-47ee-bac9-27906d9aa20c,0,0,nan,80.863771,80.863771,nan,nan,nan,nan,0.242894,nan,nan,1,0.000070
opdformer_p_rgb_512,1361,434689/42898502/160103.704/9bc060c3-3f84-44bf-baf2-9df610c5e257,0,0,nan,4.158434,4.158434,nan,nan,nan,nan,0.496610,nan,nan,1,0.941523
opdformer_p_rgb_512,1362,434689/42898502/160103.704/d59e1bfe-97b3-46c4-b371-a72d46263712,0,0,nan,20.173765,20.173765,nan,nan,nan,nan,0.104636,nan,nan,1,0.000121
opdformer_p_rgb_512,1363,434689/42898502/160103.704/fba075de-307b-421d-b46f-25a6e2e0bc1d,0,0,nan,24.603435,24.603435,nan,nan,nan,nan,0.460000,nan,nan,1,0.000268
opdformer_p_rgb_512,1364,434689/42898502/160103.804/02b8e075-3670-4d40-9d53-783f5d8117e5,0,0,nan,15.411702,15.411702,nan,nan,nan,nan,0.202723,nan,nan,1,0.569581
opdformer_p_rgb_512,1365,434689/42898502/160103.804/03630351-e34c-4d12-ad60-405332af5f42,0,0,nan,82.692394,82.692394,nan,nan,nan,nan,0.108911,nan,nan,1,0.821841
opdformer_p_rgb_512,1366,434689/42898502/160103.804/4d674432-f373-47ee-bac9-27906d9aa20c,0,0,nan,74.436706,74.436706,nan,nan,nan,nan,0.221007,nan,nan,1,0.000090
opdformer_p_rgb_512,1367,434689/42898502/160103.804/9bc060c3-3f84-44bf-baf2-9df610c5e257,0,0,nan,7.026878,7.026878,nan,nan,nan,nan,0.447025,nan,nan,1,0.951695
opdformer_p_rgb_512,1368,434689/42898502/160103.804/d59e1bfe-97b3-46c4-b371-a72d46263712,0,0,nan,17.053934,17.053934,nan,nan,nan,nan,0.126911,nan,nan,1,0.673623
opdformer_p_rgb_512,1369,434689/42898502/160103.804/fba075de-307b-421d-b46f-25a6e2e0bc1d,0,0,nan,22.932186,22.932186,nan,nan,nan,nan,0.405797,nan,nan,1,0.002709
opdformer_p_rgb_512,1370,434689/42898502/160103.904/02b8e075-3670-4d40-9d53-783f5d8117e5,0,0,nan,35.984855,35.984855,nan,nan,nan,nan,0.140394,nan,nan,1,0.000411
opdformer_p_rgb_512,1371,434689/42898502/160103.904/03630351-e34c-4d12-ad60-405332af5f42,0,0,nan,80.619376,80.619376,nan,nan,nan,nan,0.210996,nan,nan,1,0.727404
opdformer_p_rgb_512,1372,434689/42898502/160103.904/4d674432-f373-47ee-bac9-27906d9aa20c,0,0,nan,53.919115,53.919115,nan,nan,nan,nan,0.251724,nan,nan,1,0.000077
opdformer_p_rgb_512,1373,434689/42898502/160103.904/9bc060c3-3f84-44bf-baf2-9df610c5e257,0,0,nan,30.164816,30.164816,nan,nan,nan,nan,0.459418,nan,nan,1,0.939193
opdformer_p_rgb_512,1374,434689/42898502/160103.904/d59e1bfe-97b3-46c4-b371-a72d46263712,0,0,nan,11.731262,11.731262,nan,nan,nan,nan,0.143963,nan,nan,1,0.218777
opdformer_p_rgb_512,1375,434689/42898502/160103.904/fba075de-307b-421d-b46f-25a6e2e0bc1d,0,0,nan,42.203132,42.203132,nan,nan,nan,nan,0.335589,nan,nan,1,0.798862
opdformer_p_rgb_512,1376,434689/42898502/160104.004/02b8e075-3670-4d40-9d53-783f5d8117e5,0,0,nan,20.627447,20.627447,nan,nan,nan,nan,0.225033,nan,nan,1,0.000055
opdformer_p_rgb_512,1377,434689/42898502/160104.004/03630351-e34c-4d12-ad60-405332af5f42,0,0,nan,52.998433,52.998433,nan,nan,nan,nan,0.152616,nan,nan,1,0.301036
opdformer_p_rgb_512,1378,434689/42898502/160104.004/9bc060c3-3f84-44bf-baf2-9df610c5e257,0,0,nan,18.053649,18.053649,nan,nan,nan,nan,0.258600,nan,nan,1,0.911986
opdformer_p_rgb_512,1379,434689/42898502/160104.004/d59e1bfe-97b3-46c4-b371-a72d46263712,0,0,nan,5.489651,5.489651,nan,nan,nan,nan,0.177347,nan,nan,1,0.000055
opdformer_p_rgb_512,1380,434689/42898502/160104.004/fba075de-307b-421d-b46f-25a6e2e0bc1d,0,0,nan,18.382728,18.382728,nan,nan,nan,nan,0.264223,nan,nan,1,0.000068
opdformer_p_rgb_512,1381,434689/42898502/160104.104/02b8e075-3670-4d40-9d53-783f5d8117e5,0,0,nan,43.092393,43.092393,nan,nan,nan,nan,0.206135,nan,nan,1,0.000280
opdformer_p_rgb_512,1382,434689/42898502/160104.104/03630351-e34c-4d12-ad60-405332af5f42,0,0,nan,58.223478,58.223478,nan,nan,nan,nan,0.118767,nan,nan,1,0.000166
opdformer_p_rgb_512,1383,434689/42898502/160104.104/9bc060c3-3f84-44bf-baf2-9df610c5e257,0,0,nan,17.889283,17.889283,nan,nan,nan,nan,0.210804,nan,nan,1,0.010104
opdformer_p_rgb_512,1384,434689/42898502/160104.104/d59e1bfe-97b3-46c4-b371-a72d46263712,0,0,nan,10.679759,10.679759,nan,nan,nan,nan,0.199630,nan,nan,1,0.449164
opdformer_p_rgb_512,1385,434689/42898502/160104.104/fba075de-307b-421d-b46f-25a6e2e0bc1d,0,0,nan,40.038040,40.038040,nan,nan,nan,nan,0.209059,nan,nan,1,0.000497
opdformer_p_rgb_512,1386,434689/42898502/160104.204/02b8e075-3670-4d40-9d53-783f5d8117e5,0,0,nan,26.247226,26.247226,nan,nan,nan,nan,0.172367,nan,nan,1,0.000073
opdformer_p_rgb_512,1387,434689/42898502/160104.204/d59e1bfe-97b3-46c4-b371-a72d46263712,0,0,nan,23.939388,23.939388,nan,nan,nan,nan,0.325253,nan,nan,1,0.735774
opdformer_p_rgb_512,1388,434689/42898502/160104.204/fba075de-307b-421d-b46f-25a6e2e0bc1d,0,0,nan,25.056805,25.056805,nan,nan,nan,nan,0.274319,nan,nan,1,0.926940
opdformer_p_rgb_512,1389,434689/42898502/160104.303/02b8e075-3670-4d40-9d53-783f5d8117e5,0,0,nan,39.956832,39.956832,nan,nan,nan,nan,0.119000,nan,nan,1,0.000110
opdformer_p_rgb_512,1390,434689/42898502/160104.303/cb5ccce4-b922-464e-9ee4-0b7311f262d6,0,0,nan,118.459882,61.540118,nan,nan,nan,nan,0.131953,nan,nan,1,0.000023
opdformer_p_rgb_512,1391,434689/42898502/160104.303/d59e1bfe-97b3-46c4-b371-a72d46263712,0,0,nan,72.841060,72.841060,nan,nan,nan,nan,0.162706,nan,nan,1,0.936238
opdformer_p_rgb_512,1392,434689/42898502/160104.303/fba075de-307b-421d-b46f-25a6e2e0bc1d,0,0,nan,47.192999,47.192999,nan,nan,nan,nan,0.266464,nan,nan,1,0.000251
opdformer_p_rgb_512,1393,434689/42898502/160104.403/02b8e075-3670-4d40-9d53-783f5d8117e5,0,0,nan,19.541774,19.541774,nan,nan,nan,nan,0.133169,nan,nan,1,0.000014
opdformer_p_rgb_512,1394,434689/42898502/160104.403/cb5ccce4-b922-464e-9ee4-0b7311f262d6,0,0,nan,125.045132,54.954868,nan,nan,nan,nan,0.153216,nan,nan,1,0.000108
opdformer_p_rgb_512,1395,434689/42898502/160104.403/d59e1bfe-97b3-46c4-b371-a72d46263712,0,0,nan,101.870515,78.129485,nan,nan,nan,nan,0.202055,nan,nan,1,0.837028
opdformer_p_rgb_512,1396,434689/42898502/160104.403/fba075de-307b-421d-b46f-25a6e2e0bc1d,0,0,nan,33.141535,33.141535,nan,nan,nan,nan,0.321755,nan,nan,1,0.825151
opdformer_p_rgb_512,1397,434689/42898502/160104.503/02b8e075-3670-4d40-9d53-783f5d8117e5,0,0,nan,127.545316,52.454684,nan,nan,nan,nan,0.132482,nan,nan,1,0.000099
opdformer_p_rgb_512,1398,434689/42898502/160104.503/9630254b-e36f-4e32-8ec6-70b6a797ee1d,0,0,nan,107.513703,72.486297,nan,nan,nan,nan,0.164966,nan,nan,1,0.000027
opdformer_p_rgb_512,1399,434689/42898502/160104.503/cb5ccce4-b922-464e-9ee4-0b7311f262d6,0,0,nan,144.179357,35.820643,nan,nan,nan,nan,0.099227,nan,nan,1,0.000031
opdformer_p_rgb_512,1400,434689/42898502/160104.503/fba075de-307b-421d-b46f-25a6e2e0bc1d,0,0,nan,102.481299,77.518701,nan,nan,nan,nan,0.328671,nan,nan,1,0.889138
opdformer_p_rgb_512,1401,434689/42898502/160104.603/02b8e075-3670-4d40-9d53-783f5d8117e5,0,0,nan,124.399485,55.600515,nan,nan,nan,nan,0.197244,nan,nan,1,0.000067
opdformer_p_rgb_512,1402,434689/42898502/160104.603/9630254b-e36f-4e32-8ec6-70b6a797ee1d,0,0,nan,108.141462,71.858538,nan,nan,nan,nan,0.210626,nan,nan,1,0.000105
opdformer_p_rgb_512,1403,434689/42898502/160104.703/9630254b-e36f-4e32-8ec6-70b6a797ee1d,0,0,nan,25.826242,25.826242,nan,nan,nan,nan,0.202937,nan,nan,1,0.000023
opdformer_p_rgb_512,1404,434689/42898502/160104.903/ef6a3415-7764-4026-be1e-fd018ad174bb,0,0,nan,43.435507,43.435507,nan,nan,nan,nan,0.215470,nan,nan,1,0.000017
opdformer_p_rgb_512,1405,434689/42898502/160105.003/ef6a3415-7764-4026-be1e-fd018ad174bb,0,0,nan,71.920757,71.920757,nan,nan,nan,nan,0.189189,nan,nan,1,0.000043
opdformer_p_rgb_512,1406,434689/42898502/160107.502/ef6a3415-7764-4026-be1e-fd018ad174bb,0,0,nan,145.236098,34.763902,nan,nan,nan,nan,0.175949,nan,nan,1,0.951964
opdformer_p_rgb_512,1407,434897/42899163/182724.546/a7a3495a-db6a-4d86-b73b-50d277b9108f,0,0,nan,43.946272,43.946272,nan,nan,nan,nan,0.854237,nan,nan,1,0.000013
opdformer_p_rgb_512,1408,434897/42899163/182724.646/c1115b0d-0bf3-4842-940a-aafd01cd30ea,0,0,nan,34.030878,34.030878,nan,nan,nan,nan,0.764151,nan,nan,1,0.000014
opdformer_p_rgb_512,1409,434897/42899163/182724.746/c1115b0d-0bf3-4842-940a-aafd01cd30ea,0,0,nan,38.027923,38.027923,nan,nan,nan,nan,0.778736,nan,nan,1,0.986773
opdformer_p_rgb_512,1410,434897/42899163/182724.846/c1115b0d-0bf3-4842-940a-aafd01cd30ea,0,0,nan,42.157710,42.157710,nan,nan,nan,nan,0.708895,nan,nan,1,0.000061
opdformer_p_rgb_512,1411,434897/42899163/182727.245/90d91fd7-cff1-40d1-9f82-3fdd3b2651ff,1,1,nan,10.656465,10.656465,0.946723,0.951565,nan,nan,0.449153,nan,nan,1,0.002404
opdformer_p_rgb_512,1412,434897/42899163/182727.345/90d91fd7-cff1-40d1-9f82-3fdd3b2651ff,1,1,nan,10.570046,10.570046,1.147520,1.163329,nan,nan,0.344322,nan,nan,1,0.007856
opdformer_p_rgb_512,1413,434897/42899163/182727.445/90d91fd7-cff1-40d1-9f82-3fdd3b2651ff,1,1,nan,10.377532,10.377532,0.927810,0.932809,nan,nan,0.548983,nan,nan,1,0.002528
opdformer_p_rgb_512,1414,434897/42899163/182727.545/90d91fd7-cff1-40d1-9f82-3fdd3b2651ff,1,1,nan,11.600386,11.600386,1.051670,1.052082,nan,nan,0.444234,nan,nan,1,0.006177
opdformer_p_rgb_512,1415,434897/42899163/182727.645/90d91fd7-cff1-40d1-9f82-3fdd3b2651ff,1,1,nan,15.647697,15.647697,1.171539,1.172117,nan,nan,0.225352,nan,nan,1,0.001862
opdformer_p_rgb_512,1416,434897/42899163/182727.745/90d91fd7-cff1-40d1-9f82-3fdd3b2651ff,1,1,nan,17.975941,17.975941,1.425678,1.429612,nan,nan,0.367841,nan,nan,1,0.006348
opdformer_p_rgb_512,1417,434897/42899163/182727.845/90d91fd7-cff1-40d1-9f82-3fdd3b2651ff,1,1,nan,7.208901,7.208901,1.225143,1.230266,nan,nan,0.344961,nan,nan,1,0.001954
opdformer_p_rgb_512,1418,434897/42899163/182727.945/90d91fd7-cff1-40d1-9f82-3fdd3b2651ff,1,1,nan,163.254510,16.745490,1.226017,1.226114,nan,nan,0.622845,nan,nan,1,0.000464
opdformer_p_rgb_512,1419,434897/42899163/182728.045/90d91fd7-cff1-40d1-9f82-3fdd3b2651ff,1,1,nan,10.000317,10.000317,0.718288,0.742490,nan,nan,0.110442,nan,nan,1,0.001681
opdformer_p_rgb_512,1420,434897/42899163/182728.145/90d91fd7-cff1-40d1-9f82-3fdd3b2651ff,1,-1,nan,90.000000,90.000000,nan,nan,nan,nan,0.000000,nan,nan,0,nan
opdformer_p_rgb_512,1421,434897/42899163/182728.244/90d91fd7-cff1-40d1-9f82-3fdd3b2651ff,1,-1,nan,90.000000,90.000000,nan,nan,nan,nan,0.000000,nan,nan,0,nan
opdformer_p_rgb_512,1422,434897/42899163/182728.344/90d91fd7-cff1-40d1-9f82-3fdd3b2651ff,1,-1,nan,90.000000,90.000000,nan,nan,nan,nan,0.000000,nan,nan,0,nan
opdformer_p_rgb_512,1423,434897/42899163/182728.444/90d91fd7-cff1-40d1-9f82-3fdd3b2651ff,1,-1,nan,90.000000,90.000000,nan,nan,nan,nan,0.000000,nan,nan,0,nan
opdformer_p_rgb_512,1424,434897/42899163/182728.544/90d91fd7-cff1-40d1-9f82-3fdd3b2651ff,1,-1,nan,90.000000,90.000000,nan,nan,nan,nan,0.000000,nan,nan,0,nan
opdformer_p_rgb_512,1425,434897/42899163/182728.644/90d91fd7-cff1-40d1-9f82-3fdd3b2651ff,1,-1,nan,90.000000,90.000000,nan,nan,nan,nan,0.000000,nan,nan,0,nan
opdformer_p_rgb_512,1426,434897/42899163/182728.744/90d91fd7-cff1-40d1-9f82-3fdd3b2651ff,1,-1,nan,90.000000,90.000000,nan,nan,nan,nan,0.000000,nan,nan,0,nan
opdformer_p_rgb_512,1427,434897/42899163/182732.143/f94a0a13-6d6d-4f43-8599-912c0efd4e92,0,0,nan,32.361490,32.361490,nan,nan,nan,nan,0.745098,nan,nan,1,0.001270
opdformer_p_rgb_512,1428,434897/42899163/182732.243/f94a0a13-6d6d-4f43-8599-912c0efd4e92,0,0,nan,35.671521,35.671521,nan,nan,nan,nan,0.754658,nan,nan,1,0.002359
opdformer_p_rgb_512,1429,434897/42899165/182815.442/8cf60ae4-2136-4b9d-8ca1-a862fff537d7,0,0,nan,77.180225,77.180225,nan,nan,nan,nan,0.272523,nan,nan,1,0.000421
opdformer_p_rgb_512,1430,434897/42899165/182815.542/8cf60ae4-2136-4b9d-8ca1-a862fff537d7,0,0,nan,73.436706,73.436706,nan,nan,nan,nan,0.298643,nan,nan,1,0.000035
opdformer_p_rgb_512,1431,434897/42899165/182815.742/a7a3495a-db6a-4d86-b73b-50d277b9108f,0,0,nan,117.042636,62.957364,nan,nan,nan,nan,0.290722,nan,nan,1,0.000058
opdformer_p_rgb_512,1432,434897/42899165/182815.842/a7a3495a-db6a-4d86-b73b-50d277b9108f,0,0,nan,126.552330,53.447670,nan,nan,nan,nan,0.298441,nan,nan,1,0.000112
opdformer_p_rgb_512,1433,434897/42899165/182815.941/a7a3495a-db6a-4d86-b73b-50d277b9108f,0,0,nan,114.296593,65.703407,nan,nan,nan,nan,0.323404,nan,nan,1,0.000177
opdformer_p_rgb_512,1434,434897/42899165/182816.041/a7a3495a-db6a-4d86-b73b-50d277b9108f,0,0,nan,157.040732,22.959268,nan,nan,nan,nan,0.607895,nan,nan,1,0.000196
opdformer_p_rgb_512,1435,434897/42899165/182839.032/347b3834-0f9e-4a69-918c-eabcf311f1fa,0,-1,nan,90.000000,90.000000,nan,nan,nan,nan,0.000000,nan,nan,0,nan
opdformer_p_rgb_512,1436,434897/42899165/182839.032/6bcbcdbc-dd28-4502-b608-6d65808ca1b8,0,-1,nan,90.000000,90.000000,nan,nan,nan,nan,0.000000,nan,nan,0,nan
opdformer_p_rgb_512,1437,434897/42899165/182839.032/a7a3495a-db6a-4d86-b73b-50d277b9108f,0,-1,nan,90.000000,90.000000,nan,nan,nan,nan,0.000000,nan,nan,0,nan
opdformer_p_rgb_512,1438,434897/42899165/182839.032/c1115b0d-0bf3-4842-940a-aafd01cd30ea,0,-1,nan,90.000000,90.000000,nan,nan,nan,nan,0.000000,nan,nan,0,nan
opdformer_p_rgb_512,1439,434897/42899165/182839.032/faba1549-ad04-45bb-9b9f-d2625873f86f,0,-1,nan,90.000000,90.000000,nan,nan,nan,nan,0.000000,nan,nan,0,nan
opdformer_p_rgb_512,1440,434897/42899165/182839.232/347b3834-0f9e-4a69-918c-eabcf311f1fa,0,-1,nan,90.000000,90.000000,nan,nan,nan,nan,0.000000,nan,nan,0,nan
opdformer_p_rgb_512,1441,434897/42899165/182839.232/6bcbcdbc-dd28-4502-b608-6d65808ca1b8,0,-1,nan,90.000000,90.000000,nan,nan,nan,nan,0.000000,nan,nan,0,nan
opdformer_p_rgb_512,1442,434897/42899165/182839.232/8cf60ae4-2136-4b9d-8ca1-a862fff537d7,0,-1,nan,90.000000,90.000000,nan,nan,nan,nan,0.000000,nan,nan,0,nan
opdformer_p_rgb_512,1443,434897/42899165/182839.232/a7a3495a-db6a-4d86-b73b-50d277b9108f,0,-1,nan,90.000000,90.000000,nan,nan,nan,nan,0.000000,nan,nan,0,nan
opdformer_p_rgb_512,1444,434897/42899165/182839.232/c1115b0d-0bf3-4842-940a-aafd01cd30ea,0,-1,nan,90.000000,90.000000,nan,nan,nan,nan,0.000000,nan,nan,0,nan
opdformer_p_rgb_512,1445,434897/42899165/182839.232/faba1549-ad04-45bb-9b9f-d2625873f86f,0,-1,nan,90.000000,90.000000,nan,nan,nan,nan,0.000000,nan,nan,0,nan
opdformer_p_rgb_512,1446,434897/42899165/182839.332/347b3834-0f9e-4a69-918c-eabcf311f1fa,0,0,nan,8.430212,8.430212,nan,nan,nan,nan,0.002559,nan,nan,1,0.032812
opdformer_p_rgb_512,1447,434897/42899165/182839.332/6bcbcdbc-dd28-4502-b608-6d65808ca1b8,0,-1,nan,90.000000,90.000000,nan,nan,nan,nan,0.000000,nan,nan,0,nan
opdformer_p_rgb_512,1448,434897/42899165/182839.332/8cf60ae4-2136-4b9d-8ca1-a862fff537d7,0,-1,nan,90.000000,90.000000,nan,nan,nan,nan,0.000000,nan,nan,0,nan
opdformer_p_rgb_512,1449,434897/42899165/182839.332/a7a3495a-db6a-4d86-b73b-50d277b9108f,0,-1,nan,90.000000,90.000000,nan,nan,nan,nan,0.000000,nan,nan,0,nan
opdformer_p_rgb_512,1450,434897/42899165/182839.332/c1115b0d-0bf3-4842-940a-aafd01cd30ea,0,-1,nan,90.000000,90.000000,nan,nan,nan,nan,0.000000,nan,nan,0,nan
opdformer_p_rgb_512,1451,434897/42899165/182839.332/faba1549-ad04-45bb-9b9f-d2625873f86f,0,-1,nan,90.000000,90.000000,nan,nan,nan,nan,0.000000,nan,nan,0,nan
opdformer_p_rgb_512,1452,434897/42899165/182839.532/347b3834-0f9e-4a69-918c-eabcf311f1fa,0,-1,nan,90.000000,90.000000,nan,nan,nan,nan,0.000000,nan,nan,0,nan
opdformer_p_rgb_512,1453,434897/42899165/182839.532/6bcbcdbc-dd28-4502-b608-6d65808ca1b8,0,-1,nan,90.000000,90.000000,nan,nan,nan,nan,0.000000,nan,nan,0,nan
opdformer_p_rgb_512,1454,434897/42899165/182839.532/8cf60ae4-2136-4b9d-8ca1-a862fff537d7,0,-1,nan,90.000000,90.000000,nan,nan,nan,nan,0.000000,nan,nan,0,nan
opdformer_p_rgb_512,1455,434897/42899165/182839.532/a7a3495a-db6a-4d86-b73b-50d277b9108f,0,-1,nan,90.000000,90.000000,nan,nan,nan,nan,0.000000,nan,nan,0,nan
opdformer_p_rgb_512,1456,434897/42899165/182839.532/c1115b0d-0bf3-4842-940a-aafd01cd30ea,0,-1,nan,90.000000,90.000000,nan,nan,nan,nan,0.000000,nan,nan,0,nan
opdformer_p_rgb_512,1457,434897/42899165/182839.532/faba1549-ad04-45bb-9b9f-d2625873f86f,0,0,nan,67.723831,67.723831,nan,nan,nan,nan,0.007510,nan,nan,1,0.059543
opdformer_p_rgb_512,1458,434897/42899165/182839.632/347b3834-0f9e-4a69-918c-eabcf311f1fa,0,-1,nan,90.000000,90.000000,nan,nan,nan,nan,0.000000,nan,nan,0,nan
opdformer_p_rgb_512,1459,434897/42899165/182839.632/6bcbcdbc-dd28-4502-b608-6d65808ca1b8,0,-1,nan,90.000000,90.000000,nan,nan,nan,nan,0.000000,nan,nan,0,nan
opdformer_p_rgb_512,1460,434897/42899165/182839.632/8cf60ae4-2136-4b9d-8ca1-a862fff537d7,0,-1,nan,90.000000,90.000000,nan,nan,nan,nan,0.000000,nan,nan,0,nan
opdformer_p_rgb_512,1461,434897/42899165/182839.632/a7a3495a-db6a-4d86-b73b-50d277b9108f,0,-1,nan,90.000000,90.000000,nan,nan,nan,nan,0.000000,nan,nan,0,nan
opdformer_p_rgb_512,1462,434897/42899165/182839.632/c1115b0d-0bf3-4842-940a-aafd01cd30ea,0,-1,nan,90.000000,90.000000,nan,nan,nan,nan,0.000000,nan,nan,0,nan
opdformer_p_rgb_512,1463,434897/42899165/182839.632/faba1549-ad04-45bb-9b9f-d2625873f86f,0,-1,nan,90.000000,90.000000,nan,nan,nan,nan,0.000000,nan,nan,0,nan
opdformer_p_rgb_512,1464,434897/42899165/182839.732/347b3834-0f9e-4a69-918c-eabcf311f1fa,0,0,nan,8.093466,8.093466,nan,nan,nan,nan,0.002309,nan,nan,1,0.044200
opdformer_p_rgb_512,1465,434897/42899165/182839.732/8cf60ae4-2136-4b9d-8ca1-a862fff537d7,0,-1,nan,90.000000,90.000000,nan,nan,nan,nan,0.000000,nan,nan,0,nan
opdformer_p_rgb_512,1466,434897/42899165/182839.732/a7a3495a-db6a-4d86-b73b-50d277b9108f,0,-1,nan,90.000000,90.000000,nan,nan,nan,nan,0.000000,nan,nan,0,nan
opdformer_p_rgb_512,1467,434897/42899165/182839.732/c1115b0d-0bf3-4842-940a-aafd01cd30ea,0,-1,nan,90.000000,90.000000,nan,nan,nan,nan,0.000000,nan,nan,0,nan
opdformer_p_rgb_512,1468,434897/42899165/182839.732/faba1549-ad04-45bb-9b9f-d2625873f86f,0,0,nan,26.714431,26.714431,nan,nan,nan,nan,0.009501,nan,nan,1,0.050957
opdformer_p_rgb_512,1469,434897/42899165/182839.832/347b3834-0f9e-4a69-918c-eabcf311f1fa,0,0,nan,65.251678,65.251678,nan,nan,nan,nan,0.004515,nan,nan,1,0.056478
opdformer_p_rgb_512,1470,434897/42899165/182839.832/8cf60ae4-2136-4b9d-8ca1-a862fff537d7,0,-1,nan,90.000000,90.000000,nan,nan,nan,nan,0.000000,nan,nan,0,nan
opdformer_p_rgb_512,1471,434897/42899165/182839.832/a7a3495a-db6a-4d86-b73b-50d277b9108f,0,-1,nan,90.000000,90.000000,nan,nan,nan,nan,0.000000,nan,nan,0,nan
opdformer_p_rgb_512,1472,434897/42899165/182839.832/c1115b0d-0bf3-4842-940a-aafd01cd30ea,0,-1,nan,90.000000,90.000000,nan,nan,nan,nan,0.000000,nan,nan,0,nan
opdformer_p_rgb_512,1473,434897/42899165/182839.932/347b3834-0f9e-4a69-918c-eabcf311f1fa,0,0,nan,51.080914,51.080914,nan,nan,nan,nan,0.022801,nan,nan,1,0.011648
opdformer_p_rgb_512,1474,434897/42899165/182839.932/8cf60ae4-2136-4b9d-8ca1-a862fff537d7,0,-1,nan,90.000000,90.000000,nan,nan,nan,nan,0.000000,nan,nan,0,nan
opdformer_p_rgb_512,1475,434897/42899165/182839.932/a7a3495a-db6a-4d86-b73b-50d277b9108f,0,-1,nan,90.000000,90.000000,nan,nan,nan,nan,0.000000,nan,nan,0,nan
opdformer_p_rgb_512,1476,434897/42899165/182839.932/c1115b0d-0bf3-4842-940a-aafd01cd30ea,0,-1,nan,90.000000,90.000000,nan,nan,nan,nan,0.000000,nan,nan,0,nan
opdformer_p_rgb_512,1477,434897/42899165/182840.031/8cf60ae4-2136-4b9d-8ca1-a862fff537d7,0,-1,nan,90.000000,90.000000,nan,nan,nan,nan,0.000000,nan,nan,0,nan
opdformer_p_rgb_512,1478,434897/42899165/182840.031/a7a3495a-db6a-4d86-b73b-50d277b9108f,0,-1,nan,90.000000,90.000000,nan,nan,nan,nan,0.000000,nan,nan,0,nan
opdformer_p_rgb_512,1479,434897/42899165/182840.031/c1115b0d-0bf3-4842-940a-aafd01cd30ea,0,-1,nan,90.000000,90.000000,nan,nan,nan,nan,0.000000,nan,nan,0,nan
opdformer_p_rgb_512,1480,434897/42899165/182840.131/8cf60ae4-2136-4b9d-8ca1-a862fff537d7,0,-1,nan,90.000000,90.000000,nan,nan,nan,nan,0.000000,nan,nan,0,nan
opdformer_p_rgb_512,1481,434897/42899165/182840.131/a7a3495a-db6a-4d86-b73b-50d277b9108f,0,-1,nan,90.000000,90.000000,nan,nan,nan,nan,0.000000,nan,nan,0,nan
opdformer_p_rgb_512,1482,434897/42899165/182840.131/c1115b0d-0bf3-4842-940a-aafd01cd30ea,0,-1,nan,90.000000,90.000000,nan,nan,nan,nan,0.000000,nan,nan,0,nan
opdformer_p_rgb_512,1483,434897/42899165/182840.231/8cf60ae4-2136-4b9d-8ca1-a862fff537d7,0,-1,nan,90.000000,90.000000,nan,nan,nan,nan,0.000000,nan,nan,0,nan
opdformer_p_rgb_512,1484,434897/42899165/182840.231/a7a3495a-db6a-4d86-b73b-50d277b9108f,0,-1,nan,90.000000,90.000000,nan,nan,nan,nan,0.000000,nan,nan,0,nan
opdformer_p_rgb_512,1485,434897/42899165/182840.231/c1115b0d-0bf3-4842-940a-aafd01cd30ea,0,-1,nan,90.000000,90.000000,nan,nan,nan,nan,0.000000,nan,nan,0,nan
opdformer_p_rgb_512,1486,434897/42899165/182840.331/8cf60ae4-2136-4b9d-8ca1-a862fff537d7,0,-1,nan,90.000000,90.000000,nan,nan,nan,nan,0.000000,nan,nan,0,nan
opdformer_p_rgb_512,1487,434897/42899165/182840.331/a7a3495a-db6a-4d86-b73b-50d277b9108f,0,-1,nan,90.000000,90.000000,nan,nan,nan,nan,0.000000,nan,nan,0,nan
opdformer_p_rgb_512,1488,434897/42899165/182840.331/c1115b0d-0bf3-4842-940a-aafd01cd30ea,0,-1,nan,90.000000,90.000000,nan,nan,nan,nan,0.000000,nan,nan,0,nan
opdformer_p_rgb_512,1489,434897/42899165/182840.431/8cf60ae4-2136-4b9d-8ca1-a862fff537d7,0,-1,nan,90.000000,90.000000,nan,nan,nan,nan,0.000000,nan,nan,0,nan
opdformer_p_rgb_512,1490,434897/42899165/182840.431/a7a3495a-db6a-4d86-b73b-50d277b9108f,0,-1,nan,90.000000,90.000000,nan,nan,nan,nan,0.000000,nan,nan,0,nan
opdformer_p_rgb_512,1491,434897/42899165/182840.431/c1115b0d-0bf3-4842-940a-aafd01cd30ea,0,-1,nan,90.000000,90.000000,nan,nan,nan,nan,0.000000,nan,nan,0,nan
opdformer_p_rgb_512,1492,435718/42899666/235103.460/1f4cb1b2-8db3-4c27-8f1b-93e48c4dc055,1,1,nan,2.343920,2.343920,0.777140,0.826429,nan,nan,0.659910,nan,nan,1,0.000139
opdformer_p_rgb_512,1493,435718/42899666/235103.560/1f4cb1b2-8db3-4c27-8f1b-93e48c4dc055,1,1,nan,6.864430,6.864430,0.553252,0.621005,nan,nan,0.686160,nan,nan,1,0.000040
opdformer_p_rgb_512,1494,435718/42899668/235166.969/1f4cb1b2-8db3-4c27-8f1b-93e48c4dc055,1,1,nan,11.020416,11.020416,0.155489,0.159602,nan,nan,0.415033,nan,nan,1,0.001236
opdformer_p_rgb_512,1495,435718/42899668/235167.068/1f4cb1b2-8db3-4c27-8f1b-93e48c4dc055,1,1,nan,17.521713,17.521713,0.453368,0.474477,nan,nan,0.572496,nan,nan,1,0.000338
opdformer_p_rgb_512,1496,435718/42899668/235167.168/1f4cb1b2-8db3-4c27-8f1b-93e48c4dc055,1,1,nan,13.252728,13.252728,0.655436,0.737190,nan,nan,0.635846,nan,nan,1,0.002062
opdformer_p_rgb_512,1497,435718/42899668/235167.268/1f4cb1b2-8db3-4c27-8f1b-93e48c4dc055,1,1,nan,5.528224,5.528224,0.239714,0.286091,nan,nan,0.677966,nan,nan,1,0.010932
opdformer_p_rgb_512,1498,435718/42899668/235167.368/1f4cb1b2-8db3-4c27-8f1b-93e48c4dc055,1,1,nan,8.496625,8.496625,0.556862,0.595516,nan,nan,0.792381,nan,nan,1,0.001714
opdformer_p_rgb_512,1499,435718/42899668/235167.468/1f4cb1b2-8db3-4c27-8f1b-93e48c4dc055,1,1,nan,13.448715,13.448715,0.798698,0.844436,nan,nan,0.843352,nan,nan,1,0.004249
opdformer_p_rgb_512,1500,435718/42899668/235167.568/1f4cb1b2-8db3-4c27-8f1b-93e48c4dc055,1,1,nan,13.183401,13.183401,0.670404,0.703238,nan,nan,0.805556,nan,nan,1,0.000511
opdformer_p_rgb_512,1501,435718/42899668/235167.668/1f4cb1b2-8db3-4c27-8f1b-93e48c4dc055,1,1,nan,2.215093,2.215093,0.527516,0.569778,nan,nan,0.803340,nan,nan,1,0.000327
opdformer_p_rgb_512,1502,435718/42899668/235167.768/1f4cb1b2-8db3-4c27-8f1b-93e48c4dc055,1,1,nan,5.374444,5.374444,0.548687,0.592013,nan,nan,0.768797,nan,nan,1,0.000154
opdformer_p_rgb_512,1503,435718/42899668/235167.868/1f4cb1b2-8db3-4c27-8f1b-93e48c4dc055,1,1,nan,4.357711,4.357711,0.923445,0.960568,nan,nan,0.790741,nan,nan,1,0.000687
opdformer_p_rgb_512,1504,435718/42899668/235167.968/1f4cb1b2-8db3-4c27-8f1b-93e48c4dc055,1,1,nan,12.593642,12.593642,0.712554,0.714657,nan,nan,0.726003,nan,nan,1,0.004149
opdformer_p_rgb_512,1505,435718/42899668/235168.068/1f4cb1b2-8db3-4c27-8f1b-93e48c4dc055,1,1,nan,47.609206,47.609206,0.823071,0.823186,nan,nan,0.683636,nan,nan,1,0.000044
opdformer_p_rgb_512,1506,435718/42899668/235168.168/1f4cb1b2-8db3-4c27-8f1b-93e48c4dc055,1,1,nan,2.752787,2.752787,0.740046,0.749681,nan,nan,0.788494,nan,nan,1,0.000325
opdformer_p_rgb_512,1507,435718/42899668/235169.268/1f4cb1b2-8db3-4c27-8f1b-93e48c4dc055,1,1,nan,6.853161,6.853161,0.644816,0.649089,nan,nan,0.793496,nan,nan,1,0.000111
opdformer_p_rgb_512,1508,435718/42899668/235169.368/1f4cb1b2-8db3-4c27-8f1b-93e48c4dc055,1,1,nan,2.230674,2.230674,0.695485,0.704928,nan,nan,0.669065,nan,nan,1,0.001419
opdformer_p_rgb_512,1509,435718/42899668/235169.468/1f4cb1b2-8db3-4c27-8f1b-93e48c4dc055,1,1,nan,2.001412,2.001412,0.641074,0.644077,nan,nan,0.734496,nan,nan,1,0.000181
opdformer_p_rgb_512,1510,435718/42899668/235169.567/1f4cb1b2-8db3-4c27-8f1b-93e48c4dc055,1,1,nan,11.273472,11.273472,0.596304,0.597491,nan,nan,0.771760,nan,nan,1,0.002835
opdformer_p_rgb_512,1511,435718/42899668/235169.667/1f4cb1b2-8db3-4c27-8f1b-93e48c4dc055,1,1,nan,3.186143,3.186143,0.501797,0.511939,nan,nan,0.752456,nan,nan,1,0.000953
opdformer_p_rgb_512,1512,435718/42899668/235169.767/1f4cb1b2-8db3-4c27-8f1b-93e48c4dc055,1,1,nan,9.618012,9.618012,0.408090,0.410332,nan,nan,0.748491,nan,nan,1,0.000294
opdformer_p_rgb_512,1513,435718/42899668/235169.867/1f4cb1b2-8db3-4c27-8f1b-93e48c4dc055,1,1,nan,7.345539,7.345539,0.510591,0.512321,nan,nan,0.718254,nan,nan,1,0.002964
opdformer_p_rgb_512,1514,435718/42899668/235219.664/7d075773-16ce-46f1-ab21-98f1a55356a5,0,0,nan,9.217732,9.217732,nan,nan,nan,nan,0.794788,nan,nan,1,0.000954
opdformer_p_rgb_512,1515,435718/42899668/235229.161/7d075773-16ce-46f1-ab21-98f1a55356a5,0,0,nan,1.638010,1.638010,nan,nan,nan,nan,0.645683,nan,nan,1,0.163364
opdformer_p_rgb_512,1516,435718/42899668/235229.261/7d075773-16ce-46f1-ab21-98f1a55356a5,0,0,nan,5.914110,5.914110,nan,nan,nan,nan,0.602787,nan,nan,1,0.193962
opdformer_p_rgb_512,1517,435718/42899668/235229.360/7d075773-16ce-46f1-ab21-98f1a55356a5,0,0,nan,6.519221,6.519221,nan,nan,nan,nan,0.496038,nan,nan,1,0.170808
opdformer_p_rgb_512,1518,435718/42899668/235229.460/7d075773-16ce-46f1-ab21-98f1a55356a5,0,0,nan,7.715766,7.715766,nan,nan,nan,nan,0.549393,nan,nan,1,0.203007
opdformer_p_rgb_512,1519,435718/42899668/235229.560/7d075773-16ce-46f1-ab21-98f1a55356a5,0,0,nan,4.509821,4.509821,nan,nan,nan,nan,0.497600,nan,nan,1,0.258663
opdformer_p_rgb_512,1520,435718/42899668/235229.660/7d075773-16ce-46f1-ab21-98f1a55356a5,0,0,nan,5.147818,5.147818,nan,nan,nan,nan,0.495495,nan,nan,1,0.125864
opdformer_p_rgb_512,1521,435718/42899668/235229.760/7d075773-16ce-46f1-ab21-98f1a55356a5,0,0,nan,6.179647,6.179647,nan,nan,nan,nan,0.513417,nan,nan,1,0.111154
opdformer_p_rgb_512,1522,435718/42899668/235229.860/7d075773-16ce-46f1-ab21-98f1a55356a5,0,0,nan,6.415329,6.415329,nan,nan,nan,nan,0.531191,nan,nan,1,0.000427
opdformer_p_rgb_512,1523,435718/42899668/235229.960/7d075773-16ce-46f1-ab21-98f1a55356a5,0,0,nan,11.303795,11.303795,nan,nan,nan,nan,0.503975,nan,nan,1,0.000076
opdformer_p_rgb_512,1524,435718/42899668/235230.060/7d075773-16ce-46f1-ab21-98f1a55356a5,0,0,nan,8.290226,8.290226,nan,nan,nan,nan,0.537405,nan,nan,1,0.000260
opdformer_p_rgb_512,1525,435718/42899668/235230.160/7d075773-16ce-46f1-ab21-98f1a55356a5,0,0,nan,2.940796,2.940796,nan,nan,nan,nan,0.537092,nan,nan,1,0.143212
opdformer_p_rgb_512,1526,435718/42899668/235230.260/7d075773-16ce-46f1-ab21-98f1a55356a5,0,0,nan,1.826532,1.826532,nan,nan,nan,nan,0.559524,nan,nan,1,0.052351
opdformer_p_rgb_512,1527,435718/42899668/235230.360/7d075773-16ce-46f1-ab21-98f1a55356a5,0,0,nan,18.286499,18.286499,nan,nan,nan,nan,0.659612,nan,nan,1,0.001446
opdformer_p_rgb_512,1528,435718/42899668/235230.460/7d075773-16ce-46f1-ab21-98f1a55356a5,0,0,nan,2.583334,2.583334,nan,nan,nan,nan,0.559168,nan,nan,1,0.002476
opdformer_p_rgb_512,1529,435718/42899668/235231.460/7d075773-16ce-46f1-ab21-98f1a55356a5,0,0,nan,3.099238,3.099238,nan,nan,nan,nan,0.640673,nan,nan,1,0.582208
opdformer_p_rgb_512,1530,435718/42899668/235231.560/7d075773-16ce-46f1-ab21-98f1a55356a5,0,0,nan,2.078579,2.078579,nan,nan,nan,nan,0.695730,nan,nan,1,0.543277
opdformer_p_rgb_512,1531,435718/42899668/235231.660/7d075773-16ce-46f1-ab21-98f1a55356a5,0,0,nan,2.160533,2.160533,nan,nan,nan,nan,0.694139,nan,nan,1,0.549920
opdformer_p_rgb_512,1532,435718/42899668/235231.760/7d075773-16ce-46f1-ab21-98f1a55356a5,0,0,nan,0.894187,0.894187,nan,nan,nan,nan,0.636704,nan,nan,1,0.748840
opdformer_p_rgb_512,1533,435718/42899668/235231.859/7d075773-16ce-46f1-ab21-98f1a55356a5,0,0,nan,3.145909,3.145909,nan,nan,nan,nan,0.576471,nan,nan,1,0.629122
opdformer_p_rgb_512,1534,435718/42899668/235231.959/7d075773-16ce-46f1-ab21-98f1a55356a5,0,0,nan,2.005812,2.005812,nan,nan,nan,nan,0.567347,nan,nan,1,0.574093
opdformer_p_rgb_512,1535,435718/42899668/235232.059/7d075773-16ce-46f1-ab21-98f1a55356a5,0,0,nan,2.006947,2.006947,nan,nan,nan,nan,0.690307,nan,nan,1,0.761883
opdformer_p_rgb_512,1536,435718/42899668/235232.159/7d075773-16ce-46f1-ab21-98f1a55356a5,0,0,nan,6.526310,6.526310,nan,nan,nan,nan,0.607940,nan,nan,1,0.000290
opdformer_p_rgb_512,1537,435718/42899668/235234.758/7d075773-16ce-46f1-ab21-98f1a55356a5,0,0,nan,12.444398,12.444398,nan,nan,nan,nan,0.634981,nan,nan,1,0.946818
opdformer_p_rgb_512,1538,435718/42899668/235234.858/7d075773-16ce-46f1-ab21-98f1a55356a5,0,0,nan,11.070497,11.070497,nan,nan,nan,nan,0.658301,nan,nan,1,0.930455
opdformer_p_rgb_512,1539,435718/42899668/235234.958/7d075773-16ce-46f1-ab21-98f1a55356a5,0,0,nan,12.695026,12.695026,nan,nan,nan,nan,0.652344,nan,nan,1,0.943255
opdformer_p_rgb_512,1540,435718/42899668/235235.575/7d075773-16ce-46f1-ab21-98f1a55356a5,0,0,nan,13.587526,13.587526,nan,nan,nan,nan,0.652495,nan,nan,1,0.914521
opdformer_p_rgb_512,1541,435718/42899668/235235.675/7d075773-16ce-46f1-ab21-98f1a55356a5,0,0,nan,12.344633,12.344633,nan,nan,nan,nan,0.617133,nan,nan,1,0.935587
opdformer_p_rgb_512,1542,435718/42899668/235235.775/7d075773-16ce-46f1-ab21-98f1a55356a5,0,0,nan,13.676528,13.676528,nan,nan,nan,nan,0.671614,nan,nan,1,0.916706
opdformer_p_rgb_512,1543,435718/42899668/235235.875/7d075773-16ce-46f1-ab21-98f1a55356a5,0,0,nan,12.982183,12.982183,nan,nan,nan,nan,0.649091,nan,nan,1,0.903529
opdformer_p_rgb_512,1544,435718/42899668/235235.975/7d075773-16ce-46f1-ab21-98f1a55356a5,0,0,nan,12.988000,12.988000,nan,nan,nan,nan,0.591906,nan,nan,1,0.917116
opdformer_p_rgb_512,1545,435718/42899668/235236.074/7d075773-16ce-46f1-ab21-98f1a55356a5,0,0,nan,12.246532,12.246532,nan,nan,nan,nan,0.662385,nan,nan,1,0.879908
opdformer_p_rgb_512,1546,435718/42899668/235236.174/7d075773-16ce-46f1-ab21-98f1a55356a5,0,0,nan,10.935810,10.935810,nan,nan,nan,nan,0.603648,nan,nan,1,0.897948
opdformer_p_rgb_512,1547,435718/42899668/235236.274/7d075773-16ce-46f1-ab21-98f1a55356a5,0,0,nan,11.300329,11.300329,nan,nan,nan,nan,0.623090,nan,nan,1,0.799372
opdformer_p_rgb_512,1548,435718/42899668/235236.374/7d075773-16ce-46f1-ab21-98f1a55356a5,0,0,nan,11.002382,11.002382,nan,nan,nan,nan,0.690702,nan,nan,1,0.873760
opdformer_p_rgb_512,1549,435718/42899668/235236.474/7d075773-16ce-46f1-ab21-98f1a55356a5,0,0,nan,12.592374,12.592374,nan,nan,nan,nan,0.630691,nan,nan,1,0.925670
opdformer_p_rgb_512,1550,435718/42899668/235236.574/7d075773-16ce-46f1-ab21-98f1a55356a5,0,0,nan,9.336163,9.336163,nan,nan,nan,nan,0.696154,nan,nan,1,0.822011
opdformer_p_rgb_512,1551,435718/42899668/235236.674/7d075773-16ce-46f1-ab21-98f1a55356a5,0,0,nan,9.597530,9.597530,nan,nan,nan,nan,0.674336,nan,nan,1,0.766187
opdformer_p_rgb_512,1552,435718/42899668/235236.774/7d075773-16ce-46f1-ab21-98f1a55356a5,0,0,nan,9.359751,9.359751,nan,nan,nan,nan,0.731225,nan,nan,1,0.913460
opdformer_p_rgb_512,1553,435718/42899668/235236.874/7d075773-16ce-46f1-ab21-98f1a55356a5,0,0,nan,10.773732,10.773732,nan,nan,nan,nan,0.581818,nan,nan,1,0.000031
opdformer_p_rgb_512,1554,435718/42899668/235236.974/7d075773-16ce-46f1-ab21-98f1a55356a5,0,0,nan,10.936898,10.936898,nan,nan,nan,nan,0.592654,nan,nan,1,0.000004
opdformer_p_rgb_512,1555,435718/42899668/235237.074/7d075773-16ce-46f1-ab21-98f1a55356a5,0,0,nan,11.627134,11.627134,nan,nan,nan,nan,0.584288,nan,nan,1,0.922024
opdformer_p_rgb_512,1556,435718/42899668/235237.174/7d075773-16ce-46f1-ab21-98f1a55356a5,0,0,nan,12.364646,12.364646,nan,nan,nan,nan,0.631119,nan,nan,1,0.942740
opdformer_p_rgb_512,1557,435718/42899668/235237.274/7d075773-16ce-46f1-ab21-98f1a55356a5,0,0,nan,13.688318,13.688318,nan,nan,nan,nan,0.667961,nan,nan,1,0.929990
opdformer_p_rgb_512,1558,435718/42899668/235237.374/7d075773-16ce-46f1-ab21-98f1a55356a5,0,0,nan,12.828289,12.828289,nan,nan,nan,nan,0.644981,nan,nan,1,0.920487
opdformer_p_rgb_512,1559,435718/42899668/235237.474/7d075773-16ce-46f1-ab21-98f1a55356a5,0,0,nan,14.129143,14.129143,nan,nan,nan,nan,0.555154,nan,nan,1,0.922544
opdformer_p_rgb_512,1560,435718/42899668/235237.574/7d075773-16ce-46f1-ab21-98f1a55356a5,0,0,nan,10.437529,10.437529,nan,nan,nan,nan,0.569745,nan,nan,1,0.000010
opdformer_p_rgb_512,1561,435718/42899668/235237.674/7d075773-16ce-46f1-ab21-98f1a55356a5,0,0,nan,10.971234,10.971234,nan,nan,nan,nan,0.540076,nan,nan,1,0.929578
opdformer_p_rgb_512,1562,435718/42899668/235237.774/7d075773-16ce-46f1-ab21-98f1a55356a5,0,0,nan,9.881994,9.881994,nan,nan,nan,nan,0.495463,nan,nan,1,0.939280
opdformer_p_rgb_512,1563,435718/42899668/235237.874/7d075773-16ce-46f1-ab21-98f1a55356a5,0,0,nan,9.882952,9.882952,nan,nan,nan,nan,0.523256,nan,nan,1,0.930101
opdformer_p_rgb_512,1564,435718/42899668/235237.974/7d075773-16ce-46f1-ab21-98f1a55356a5,0,0,nan,8.506326,8.506326,nan,nan,nan,nan,0.566079,nan,nan,1,0.894586
opdformer_p_rgb_512,1565,435718/42899670/235074.272/1f4cb1b2-8db3-4c27-8f1b-93e48c4dc055,1,1,nan,6.794421,6.794421,0.992252,0.998345,nan,nan,0.745852,nan,nan,1,0.000214
opdformer_p_rgb_512,1566,435718/42899670/235074.372/1f4cb1b2-8db3-4c27-8f1b-93e48c4dc055,1,1,nan,9.196104,9.196104,0.944998,0.957342,nan,nan,0.584786,nan,nan,1,0.939676
opdformer_p_rgb_512,1567,435718/42899670/235074.472/1f4cb1b2-8db3-4c27-8f1b-93e48c4dc055,1,1,nan,17.355169,17.355169,1.062697,1.065514,nan,nan,0.619583,nan,nan,1,0.948616
opdformer_p_rgb_512,1568,435718/42899670/235074.572/1f4cb1b2-8db3-4c27-8f1b-93e48c4dc055,1,1,nan,3.278796,3.278796,1.067257,1.072105,nan,nan,0.616178,nan,nan,1,0.936199
opdformer_p_rgb_512,1569,435718/42899670/235074.672/1f4cb1b2-8db3-4c27-8f1b-93e48c4dc055,1,1,nan,18.807283,18.807283,0.963915,0.967721,nan,nan,0.626418,nan,nan,1,0.930807
opdformer_p_rgb_512,1570,435718/42899670/235074.772/1f4cb1b2-8db3-4c27-8f1b-93e48c4dc055,1,1,nan,11.285726,11.285726,0.896745,0.896793,nan,nan,0.737892,nan,nan,1,0.915558
opdformer_p_rgb_512,1571,435718/42899670/235074.872/1f4cb1b2-8db3-4c27-8f1b-93e48c4dc055,1,1,nan,5.679704,5.679704,0.919609,0.926348,nan,nan,0.656425,nan,nan,1,0.918993
opdformer_p_rgb_512,1572,435718/42899670/235074.972/1f4cb1b2-8db3-4c27-8f1b-93e48c4dc055,1,1,nan,8.127313,8.127313,0.892914,0.895958,nan,nan,0.628652,nan,nan,1,0.917433
opdformer_p_rgb_512,1573,435718/42899670/235075.072/1f4cb1b2-8db3-4c27-8f1b-93e48c4dc055,1,1,nan,21.487690,21.487690,0.868167,0.881797,nan,nan,0.580574,nan,nan,1,0.002196
opdformer_p_rgb_512,1574,435718/42899670/235075.172/1f4cb1b2-8db3-4c27-8f1b-93e48c4dc055,1,1,nan,28.476789,28.476789,0.805939,0.834224,nan,nan,0.635036,nan,nan,1,0.007610
opdformer_p_rgb_512,1575,435718/42899670/235075.272/1f4cb1b2-8db3-4c27-8f1b-93e48c4dc055,1,1,nan,28.924639,28.924639,0.907884,0.914922,nan,nan,0.614828,nan,nan,1,0.945206
opdformer_p_rgb_512,1576,435718/42899670/235075.372/1f4cb1b2-8db3-4c27-8f1b-93e48c4dc055,1,1,nan,30.951500,30.951500,0.819766,0.832202,nan,nan,0.669528,nan,nan,1,0.922103
opdformer_p_rgb_512,1577,435718/42899670/235075.471/1f4cb1b2-8db3-4c27-8f1b-93e48c4dc055,1,1,nan,48.771340,48.771340,0.908688,0.926534,nan,nan,0.591703,nan,nan,1,0.922875
opdformer_p_rgb_512,1578,435718/42899670/235083.168/1f4cb1b2-8db3-4c27-8f1b-93e48c4dc055,1,0,nan,19.922321,19.922321,0.775547,0.790348,nan,nan,0.785197,nan,nan,1,0.016518
opdformer_p_rgb_512,1579,437165/43649613/36925.781/59bdc802-154d-4048-8527-91344d812242,1,1,nan,7.641424,7.641424,0.721383,0.755697,nan,nan,0.558341,nan,nan,1,0.904139
opdformer_p_rgb_512,1580,437165/43649613/36925.880/59bdc802-154d-4048-8527-91344d812242,1,1,nan,5.383532,5.383532,0.696347,0.746183,nan,nan,0.505952,nan,nan,1,0.000286
opdformer_p_rgb_512,1581,437165/43649613/36925.980/59bdc802-154d-4048-8527-91344d812242,1,1,nan,2.242287,2.242287,0.816266,0.837397,nan,nan,0.430756,nan,nan,1,0.916151
opdformer_p_rgb_512,1582,437165/43649613/36926.080/59bdc802-154d-4048-8527-91344d812242,1,1,nan,10.686019,10.686019,0.601986,0.621622,nan,nan,0.545616,nan,nan,1,0.915004
opdformer_p_rgb_512,1583,437165/43649613/36926.180/59bdc802-154d-4048-8527-91344d812242,1,1,nan,14.640966,14.640966,0.623548,0.649092,nan,nan,0.563258,nan,nan,1,0.921563
opdformer_p_rgb_512,1584,437165/43649613/36926.280/59bdc802-154d-4048-8527-91344d812242,1,1,nan,20.150373,20.150373,0.595862,0.634642,nan,nan,0.497854,nan,nan,1,0.916823
opdformer_p_rgb_512,1585,437165/43649613/36926.380/59bdc802-154d-4048-8527-91344d812242,1,1,nan,12.653841,12.653841,0.614492,0.642482,nan,nan,0.508248,nan,nan,1,0.923275
opdformer_p_rgb_512,1586,437165/43649613/36926.480/59bdc802-154d-4048-8527-91344d812242,1,1,nan,9.442478,9.442478,0.309140,0.322580,nan,nan,0.498048,nan,nan,1,0.916826
opdformer_p_rgb_512,1587,437165/43649614/37058.975/59bdc802-154d-4048-8527-91344d812242,1,1,nan,6.910403,6.910403,0.406086,0.408244,nan,nan,0.571817,nan,nan,1,0.000095
opdformer_p_rgb_512,1588,437165/43649614/37059.075/59bdc802-154d-4048-8527-91344d812242,1,1,nan,5.786673,5.786673,0.453997,0.454175,nan,nan,0.525584,nan,nan,1,0.000066
opdformer_p_rgb_512,1589,437165/43649614/37059.175/59bdc802-154d-4048-8527-91344d812242,1,1,nan,7.391509,7.391509,0.411689,0.414643,nan,nan,0.513529,nan,nan,1,0.000202
opdformer_p_rgb_512,1590,437165/43649614/37059.275/59bdc802-154d-4048-8527-91344d812242,1,1,nan,6.440334,6.440334,0.381574,0.400613,nan,nan,0.564442,nan,nan,1,0.000219
opdformer_p_rgb_512,1591,437165/43649614/37059.375/59bdc802-154d-4048-8527-91344d812242,1,1,nan,8.349117,8.349117,0.445464,0.449327,nan,nan,0.561451,nan,nan,1,0.000165
opdformer_p_rgb_512,1592,437165/43649615/36986.189/59bdc802-154d-4048-8527-91344d812242,1,1,nan,133.356592,46.643408,0.830648,0.851788,nan,nan,0.777849,nan,nan,1,0.000082
opdformer_p_rgb_512,1593,437165/43649615/36986.289/59bdc802-154d-4048-8527-91344d812242,1,1,nan,73.150091,73.150091,0.589539,0.640116,nan,nan,0.670126,nan,nan,1,0.000147
opdformer_p_rgb_512,1594,437165/43649615/36986.389/59bdc802-154d-4048-8527-91344d812242,1,1,nan,14.323763,14.323763,0.375923,0.389974,nan,nan,0.796864,nan,nan,1,0.000174
opdformer_p_rgb_512,1595,437165/43649615/36986.489/59bdc802-154d-4048-8527-91344d812242,1,1,nan,19.785932,19.785932,0.571302,0.571309,nan,nan,0.802632,nan,nan,1,0.000373
opdformer_p_rgb_512,1596,437165/43649615/36986.589/59bdc802-154d-4048-8527-91344d812242,1,1,nan,10.506541,10.506541,0.153431,0.154232,nan,nan,0.761002,nan,nan,1,0.000078
opdformer_p_rgb_512,1597,437165/43649615/36986.689/59bdc802-154d-4048-8527-91344d812242,1,1,nan,10.806251,10.806251,0.446659,0.448951,nan,nan,0.705747,nan,nan,1,0.000079
opdformer_p_rgb_512,1598,437165/43649615/36986.789/59bdc802-154d-4048-8527-91344d812242,1,1,nan,8.716492,8.716492,0.307669,0.319067,nan,nan,0.672000,nan,nan,1,0.001043
opdformer_p_rgb_512,1599,437165/43649615/36986.889/59bdc802-154d-4048-8527-91344d812242,1,1,nan,7.365079,7.365079,0.245207,0.326019,nan,nan,0.488479,nan,nan,1,0.000313
opdformer_p_rgb_512,1600,437165/43649615/36989.188/59bdc802-154d-4048-8527-91344d812242,1,1,nan,11.608473,11.608473,0.190393,0.318006,nan,nan,0.612391,nan,nan,1,0.000228
opdformer_p_rgb_512,1601,437165/43649615/36989.288/59bdc802-154d-4048-8527-91344d812242,1,1,nan,12.605087,12.605087,0.151395,0.259859,nan,nan,0.695940,nan,nan,1,0.000083
opdformer_p_rgb_512,1602,437165/43649615/36989.387/59bdc802-154d-4048-8527-91344d812242,1,1,nan,13.690706,13.690706,1.771481,1.772521,nan,nan,0.779824,nan,nan,1,0.000157
opdformer_p_rgb_512,1603,437165/43649615/36989.487/59bdc802-154d-4048-8527-91344d812242,1,1,nan,17.256142,17.256142,0.398243,0.398245,nan,nan,0.684170,nan,nan,1,0.000142
opdformer_p_rgb_512,1604,437165/43649615/36989.587/59bdc802-154d-4048-8527-91344d812242,1,1,nan,29.208600,29.208600,0.555101,0.643330,nan,nan,0.662775,nan,nan,1,0.000265
opdformer_p_rgb_512,1605,437165/43649615/36989.687/59bdc802-154d-4048-8527-91344d812242,1,1,nan,14.304100,14.304100,0.556752,0.647005,nan,nan,0.664474,nan,nan,1,0.001224
opdformer_p_rgb_512,1606,437294/43649762/52491.153/1d53a54d-7533-4b4e-8064-c9c315981d6c,0,0,nan,36.808965,36.808965,nan,nan,nan,nan,0.691257,nan,nan,1,0.012749
opdformer_p_rgb_512,1607,437294/43649762/52491.253/1d53a54d-7533-4b4e-8064-c9c315981d6c,0,0,nan,69.988210,69.988210,nan,nan,nan,nan,0.693370,nan,nan,1,0.003219
opdformer_p_rgb_512,1608,437294/43649762/52491.353/1d53a54d-7533-4b4e-8064-c9c315981d6c,0,0,nan,80.782898,80.782898,nan,nan,nan,nan,0.547222,nan,nan,1,0.004838
opdformer_p_rgb_512,1609,437294/43649762/52491.453/1d53a54d-7533-4b4e-8064-c9c315981d6c,0,0,nan,81.265132,81.265132,nan,nan,nan,nan,0.429851,nan,nan,1,0.002574
opdformer_p_rgb_512,1610,437294/43649762/52491.553/1d53a54d-7533-4b4e-8064-c9c315981d6c,0,0,nan,98.238838,81.761162,nan,nan,nan,nan,0.409375,nan,nan,1,0.004974
opdformer_p_rgb_512,1611,437294/43649762/52491.653/1d53a54d-7533-4b4e-8064-c9c315981d6c,0,0,nan,120.498360,59.501640,nan,nan,nan,nan,0.539267,nan,nan,1,0.902870
opdformer_p_rgb_512,1612,437294/43649762/52491.753/1d53a54d-7533-4b4e-8064-c9c315981d6c,0,0,nan,122.973065,57.026935,nan,nan,nan,nan,0.582555,nan,nan,1,0.004190
opdformer_p_rgb_512,1613,437294/43649762/52491.853/1d53a54d-7533-4b4e-8064-c9c315981d6c,0,0,nan,104.850584,75.149416,nan,nan,nan,nan,0.568733,nan,nan,1,0.001167
opdformer_p_rgb_512,1614,437294/43649762/52491.953/1d53a54d-7533-4b4e-8064-c9c315981d6c,0,0,nan,108.317795,71.682205,nan,nan,nan,nan,0.397959,nan,nan,1,0.002040
opdformer_p_rgb_512,1615,437294/43649762/52492.053/1d53a54d-7533-4b4e-8064-c9c315981d6c,0,0,nan,127.807733,52.192267,nan,nan,nan,nan,0.443750,nan,nan,1,0.003082
opdformer_p_rgb_512,1616,437294/43649762/52492.153/1d53a54d-7533-4b4e-8064-c9c315981d6c,0,0,nan,115.064488,64.935512,nan,nan,nan,nan,0.671924,nan,nan,1,0.001096
opdformer_p_rgb_512,1617,437294/43649762/52492.253/1d53a54d-7533-4b4e-8064-c9c315981d6c,0,0,nan,138.691794,41.308206,nan,nan,nan,nan,0.624260,nan,nan,1,0.000839
opdformer_p_rgb_512,1618,437294/43649762/52492.353/1d53a54d-7533-4b4e-8064-c9c315981d6c,0,0,nan,147.726279,32.273721,nan,nan,nan,nan,0.479310,nan,nan,1,0.004499
opdformer_p_rgb_512,1619,437294/43649762/52492.453/1d53a54d-7533-4b4e-8064-c9c315981d6c,0,0,nan,134.753378,45.246622,nan,nan,nan,nan,0.061567,nan,nan,1,0.018955
opdformer_p_rgb_512,1620,437294/43649762/52492.553/1d53a54d-7533-4b4e-8064-c9c315981d6c,0,0,nan,58.361730,58.361730,nan,nan,nan,nan,0.368421,nan,nan,1,0.004244
opdformer_p_rgb_512,1621,437294/43649762/52492.653/1d53a54d-7533-4b4e-8064-c9c315981d6c,0,0,nan,45.409398,45.409398,nan,nan,nan,nan,0.530249,nan,nan,1,0.004169
opdformer_p_rgb_512,1622,437294/43649762/52492.753/1d53a54d-7533-4b4e-8064-c9c315981d6c,0,0,nan,140.645594,39.354406,nan,nan,nan,nan,0.143322,nan,nan,1,0.002719
opdformer_p_rgb_512,1623,437294/43649762/52492.853/1d53a54d-7533-4b4e-8064-c9c315981d6c,0,0,nan,101.597499,78.402501,nan,nan,nan,nan,0.418060,nan,nan,1,0.004270
opdformer_p_rgb_512,1624,437294/43649762/52492.953/1d53a54d-7533-4b4e-8064-c9c315981d6c,0,0,nan,62.835304,62.835304,nan,nan,nan,nan,0.227882,nan,nan,1,0.001181
opdformer_p_rgb_512,1625,437294/43649762/52493.052/1d53a54d-7533-4b4e-8064-c9c315981d6c,0,0,nan,49.943080,49.943080,nan,nan,nan,nan,0.170103,nan,nan,1,0.003884
opdformer_p_rgb_512,1626,437294/43649762/52493.152/1d53a54d-7533-4b4e-8064-c9c315981d6c,0,0,nan,65.015369,65.015369,nan,nan,nan,nan,0.059448,nan,nan,1,0.001473
opdformer_p_rgb_512,1627,437294/43649762/52493.252/1d53a54d-7533-4b4e-8064-c9c315981d6c,0,0,nan,55.996975,55.996975,nan,nan,nan,nan,0.051565,nan,nan,1,0.003117
opdformer_p_rgb_512,1628,437294/43649762/52493.352/1d53a54d-7533-4b4e-8064-c9c315981d6c,0,0,nan,80.703497,80.703497,nan,nan,nan,nan,0.387195,nan,nan,1,0.001587
opdformer_p_rgb_512,1629,437294/43649762/52493.452/1d53a54d-7533-4b4e-8064-c9c315981d6c,0,0,nan,84.910498,84.910498,nan,nan,nan,nan,0.059028,nan,nan,1,0.000381
opdformer_p_rgb_512,1630,437294/43649762/52520.858/6b66a51b-42d3-4c2e-8b47-2960ce71e9ae,0,0,nan,52.932044,52.932044,nan,nan,nan,nan,0.498442,nan,nan,1,0.002844
opdformer_p_rgb_512,1631,437294/43649762/52520.958/6b66a51b-42d3-4c2e-8b47-2960ce71e9ae,0,0,nan,12.705227,12.705227,nan,nan,nan,nan,0.784127,nan,nan,1,0.000202
opdformer_p_rgb_512,1632,437294/43649762/52521.058/6b66a51b-42d3-4c2e-8b47-2960ce71e9ae,0,0,nan,24.950534,24.950534,nan,nan,nan,nan,0.729970,nan,nan,1,0.000015
opdformer_p_rgb_512,1633,437294/43649762/52527.555/6b66a51b-42d3-4c2e-8b47-2960ce71e9ae,0,0,nan,18.233305,18.233305,nan,nan,nan,nan,0.587258,nan,nan,1,0.003726
opdformer_p_rgb_512,1634,437294/43649762/52527.655/4e5e2ecb-31b3-4d77-af4e-37fac2357f18,0,0,nan,17.599450,17.599450,nan,nan,nan,nan,0.637931,nan,nan,1,0.002704
opdformer_p_rgb_512,1635,437294/43649762/52527.655/6b66a51b-42d3-4c2e-8b47-2960ce71e9ae,0,0,nan,26.605653,26.605653,nan,nan,nan,nan,0.676647,nan,nan,1,0.000005
opdformer_p_rgb_512,1636,437294/43649762/52528.554/6b66a51b-42d3-4c2e-8b47-2960ce71e9ae,0,0,nan,6.572275,6.572275,nan,nan,nan,nan,0.707641,nan,nan,1,0.000187
opdformer_p_rgb_512,1637,437294/43649762/52528.654/4e5e2ecb-31b3-4d77-af4e-37fac2357f18,0,0,nan,12.518852,12.518852,nan,nan,nan,nan,0.415162,nan,nan,1,0.000462
opdformer_p_rgb_512,1638,437294/43649762/52528.654/6b66a51b-42d3-4c2e-8b47-2960ce71e9ae,0,0,nan,4.556526,4.556526,nan,nan,nan,nan,0.656151,nan,nan,1,0.000112
opdformer_p_rgb_512,1639,437294/43649762/52528.754/4e5e2ecb-31b3-4d77-af4e-37fac2357f18,0,0,nan,10.537656,10.537656,nan,nan,nan,nan,0.437500,nan,nan,1,0.001167
opdformer_p_rgb_512,1640,437294/43649762/52528.754/6b66a51b-42d3-4c2e-8b47-2960ce71e9ae,0,0,nan,3.827149,3.827149,nan,nan,nan,nan,0.754601,nan,nan,1,0.000160
opdformer_p_rgb_512,1641,437294/43649762/52528.854/4e5e2ecb-31b3-4d77-af4e-37fac2357f18,0,0,nan,1.485467,1.485467,nan,nan,nan,nan,0.500000,nan,nan,1,0.000523
opdformer_p_rgb_512,1642,437294/43649762/52528.854/6b66a51b-42d3-4c2e-8b47-2960ce71e9ae,0,0,nan,18.781696,18.781696,nan,nan,nan,nan,0.695531,nan,nan,1,0.000437
opdformer_p_rgb_512,1643,437294/43649762/52528.954/4e5e2ecb-31b3-4d77-af4e-37fac2357f18,0,0,nan,14.037049,14.037049,nan,nan,nan,nan,0.542587,nan,nan,1,0.000029
opdformer_p_rgb_512,1644,437294/43649762/52528.954/6b66a51b-42d3-4c2e-8b47-2960ce71e9ae,0,0,nan,14.673442,14.673442,nan,nan,nan,nan,0.638756,nan,nan,1,0.000007
opdformer_p_rgb_512,1645,437294/43649762/52529.054/4e5e2ecb-31b3-4d77-af4e-37fac2357f18,0,0,nan,4.258657,4.258657,nan,nan,nan,nan,0.578082,nan,nan,1,0.000090
opdformer_p_rgb_512,1646,437294/43649762/52529.054/6b66a51b-42d3-4c2e-8b47-2960ce71e9ae,0,0,nan,38.126330,38.126330,nan,nan,nan,nan,0.732057,nan,nan,1,0.000074
opdformer_p_rgb_512,1647,437294/43649762/52529.154/4e5e2ecb-31b3-4d77-af4e-37fac2357f18,0,0,nan,39.196977,39.196977,nan,nan,nan,nan,0.662050,nan,nan,1,0.000020
opdformer_p_rgb_512,1648,437294/43649762/52529.154/6b66a51b-42d3-4c2e-8b47-2960ce71e9ae,0,0,nan,22.640670,22.640670,nan,nan,nan,nan,0.728900,nan,nan,1,0.000011
opdformer_p_rgb_512,1649,437294/43649762/52529.254/6b66a51b-42d3-4c2e-8b47-2960ce71e9ae,0,0,nan,15.159513,15.159513,nan,nan,nan,nan,0.771053,nan,nan,1,0.000027
opdformer_p_rgb_512,1650,437294/43649762/52532.053/4e5e2ecb-31b3-4d77-af4e-37fac2357f18,0,0,nan,27.669843,27.669843,nan,nan,nan,nan,0.403974,nan,nan,1,0.000022
opdformer_p_rgb_512,1651,437294/43649762/52532.153/4e5e2ecb-31b3-4d77-af4e-37fac2357f18,0,0,nan,169.975202,10.024798,nan,nan,nan,nan,0.647059,nan,nan,1,0.000429
opdformer_p_rgb_512,1652,437294/43649762/52532.253/4e5e2ecb-31b3-4d77-af4e-37fac2357f18,0,0,nan,173.099666,6.900334,nan,nan,nan,nan,0.550000,nan,nan,1,0.000233
opdformer_p_rgb_512,1653,437294/43649762/52532.253/6b66a51b-42d3-4c2e-8b47-2960ce71e9ae,0,0,nan,29.509712,29.509712,nan,nan,nan,nan,0.532164,nan,nan,1,0.000137
opdformer_p_rgb_512,1654,437294/43649762/52534.952/67397baf-a3c7-498d-b975-46af6ece93b2,1,1,nan,1.997562,1.997562,0.506203,0.506254,nan,nan,0.693252,nan,nan,1,0.000005
opdformer_p_rgb_512,1655,437294/43649762/52534.952/bd63b02a-f7c7-4271-8a20-ba5ba1447d2e,1,1,nan,2.469027,2.469027,0.141399,0.191027,nan,nan,0.757785,nan,nan,1,0.000014
opdformer_p_rgb_512,1656,437294/43649762/52535.052/67397baf-a3c7-498d-b975-46af6ece93b2,1,1,nan,0.745625,0.745625,0.469035,0.469400,nan,nan,0.759554,nan,nan,1,0.000004
opdformer_p_rgb_512,1657,437294/43649762/52535.052/bd63b02a-f7c7-4271-8a20-ba5ba1447d2e,1,1,nan,1.887522,1.887522,0.296770,0.314378,nan,nan,0.586572,nan,nan,1,0.000043
opdformer_p_rgb_512,1658,437294/43649762/52535.152/67397baf-a3c7-498d-b975-46af6ece93b2,1,1,nan,3.204941,3.204941,0.620875,0.623675,nan,nan,0.630394,nan,nan,1,0.000008
opdformer_p_rgb_512,1659,437294/43649762/52535.152/bd63b02a-f7c7-4271-8a20-ba5ba1447d2e,1,1,nan,1.278999,1.278999,0.445468,0.469016,nan,nan,0.509934,nan,nan,1,0.000040
opdformer_p_rgb_512,1660,437294/43649762/52535.252/67397baf-a3c7-498d-b975-46af6ece93b2,1,1,nan,1.773795,1.773795,0.429053,0.442463,nan,nan,0.708647,nan,nan,1,0.000003
opdformer_p_rgb_512,1661,437294/43649762/52535.252/bd63b02a-f7c7-4271-8a20-ba5ba1447d2e,1,1,nan,1.056401,1.056401,0.366726,0.398541,nan,nan,0.584615,nan,nan,1,0.000004
opdformer_p_rgb_512,1662,437294/43649762/52535.352/67397baf-a3c7-498d-b975-46af6ece93b2,1,1,nan,2.654539,2.654539,0.541278,0.542093,nan,nan,0.743539,nan,nan,1,0.000004
opdformer_p_rgb_512,1663,437294/43649762/52535.352/bd63b02a-f7c7-4271-8a20-ba5ba1447d2e,1,1,nan,3.794881,3.794881,0.366782,0.419597,nan,nan,0.570888,nan,nan,1,0.000015
opdformer_p_rgb_512,1664,437294/43649762/52535.452/67397baf-a3c7-498d-b975-46af6ece93b2,1,1,nan,3.119771,3.119771,0.676119,0.676119,nan,nan,0.739496,nan,nan,1,0.000002
opdformer_p_rgb_512,1665,437294/43649762/52535.452/bd63b02a-f7c7-4271-8a20-ba5ba1447d2e,1,1,nan,0.582493,0.582493,0.581850,0.589257,nan,nan,0.689320,nan,nan,1,0.000003
opdformer_p_rgb_512,1666,437294/43649762/52535.552/67397baf-a3c7-498d-b975-46af6ece93b2,1,1,nan,5.878829,5.878829,0.622652,0.622652,nan,nan,0.662946,nan,nan,1,0.000003
opdformer_p_rgb_512,1667,437294/43649762/52535.552/bd63b02a-f7c7-4271-8a20-ba5ba1447d2e,1,1,nan,0.947751,0.947751,0.533281,0.536338,nan,nan,0.738717,nan,nan,1,0.000003
opdformer_p_rgb_512,1668,437294/43649762/52535.651/67397baf-a3c7-498d-b975-46af6ece93b2,1,1,nan,7.413313,7.413313,0.795439,0.795454,nan,nan,0.661885,nan,nan,1,0.001406
opdformer_p_rgb_512,1669,437294/43649762/52535.651/bd63b02a-f7c7-4271-8a20-ba5ba1447d2e,1,1,nan,1.854453,1.854453,0.723848,0.724322,nan,nan,0.694737,nan,nan,1,0.000004
opdformer_p_rgb_512,1670,437294/43649762/52535.751/67397baf-a3c7-498d-b975-46af6ece93b2,1,1,nan,7.333057,7.333057,0.610087,0.611410,nan,nan,0.653422,nan,nan,1,0.001817
opdformer_p_rgb_512,1671,437294/43649762/52535.751/bd63b02a-f7c7-4271-8a20-ba5ba1447d2e,1,1,nan,3.628642,3.628642,0.455609,0.466124,nan,nan,0.629717,nan,nan,1,0.000010
opdformer_p_rgb_512,1672,437294/43649762/52535.851/67397baf-a3c7-498d-b975-46af6ece93b2,1,1,nan,4.616372,4.616372,0.621484,0.631770,nan,nan,0.704762,nan,nan,1,0.000004
opdformer_p_rgb_512,1673,437294/43649762/52535.851/bd63b02a-f7c7-4271-8a20-ba5ba1447d2e,1,1,nan,3.315790,3.315790,0.562100,0.598771,nan,nan,0.686321,nan,nan,1,0.000003
opdformer_p_rgb_512,1674,437294/43649762/52535.951/67397baf-a3c7-498d-b975-46af6ece93b2,1,1,nan,5.340618,5.340618,0.636776,0.642991,nan,nan,0.775656,nan,nan,1,0.000002
opdformer_p_rgb_512,1675,437294/43649762/52535.951/bd63b02a-f7c7-4271-8a20-ba5ba1447d2e,1,1,nan,4.542194,4.542194,0.525758,0.568015,nan,nan,0.808955,nan,nan,1,0.000005
opdformer_p_rgb_512,1676,437294/43649762/52536.051/67397baf-a3c7-498d-b975-46af6ece93b2,1,1,nan,3.345650,3.345650,0.559870,0.571638,nan,nan,0.741379,nan,nan,1,0.000003
opdformer_p_rgb_512,1677,437294/43649762/52536.051/bd63b02a-f7c7-4271-8a20-ba5ba1447d2e,1,1,nan,2.955008,2.955008,0.482576,0.549555,nan,nan,0.751515,nan,nan,1,0.000003
opdformer_p_rgb_512,1678,437294/43649762/52536.151/67397baf-a3c7-498d-b975-46af6ece93b2,1,1,nan,3.315395,3.315395,0.578366,0.581459,nan,nan,0.762590,nan,nan,1,0.000005
opdformer_p_rgb_512,1679,437294/43649762/52536.151/bd63b02a-f7c7-4271-8a20-ba5ba1447d2e,1,1,nan,5.153904,5.153904,0.470294,0.518293,nan,nan,0.606299,nan,nan,1,0.000021
opdformer_p_rgb_512,1680,437294/43649762/52536.251/67397baf-a3c7-498d-b975-46af6ece93b2,1,1,nan,3.357207,3.357207,0.526116,0.530331,nan,nan,0.789976,nan,nan,1,0.000004
opdformer_p_rgb_512,1681,437294/43649762/52536.251/bd63b02a-f7c7-4271-8a20-ba5ba1447d2e,1,1,nan,2.423556,2.423556,0.499408,0.528338,nan,nan,0.658793,nan,nan,1,0.000008
opdformer_p_rgb_512,1682,437294/43649762/52536.351/67397baf-a3c7-498d-b975-46af6ece93b2,1,1,nan,5.318415,5.318415,0.620148,0.631329,nan,nan,0.744186,nan,nan,1,0.000004
opdformer_p_rgb_512,1683,437294/43649762/52536.351/bd63b02a-f7c7-4271-8a20-ba5ba1447d2e,1,1,nan,7.975668,7.975668,0.590978,0.633493,nan,nan,0.693820,nan,nan,1,0.000045
opdformer_p_rgb_512,1684,437294/43649762/52536.451/67397baf-a3c7-498d-b975-46af6ece93b2,1,1,nan,4.715807,4.715807,0.775677,0.777521,nan,nan,0.812500,nan,nan,1,0.000004
opdformer_p_rgb_512,1685,437294/43649762/52536.451/bd63b02a-f7c7-4271-8a20-ba5ba1447d2e,1,1,nan,6.881070,6.881070,0.629384,0.651874,nan,nan,0.509138,nan,nan,1,0.000017
opdformer_p_rgb_512,1686,437294/43649762/52536.551/67397baf-a3c7-498d-b975-46af6ece93b2,1,1,nan,4.540490,4.540490,0.973337,0.973497,nan,nan,0.779343,nan,nan,1,0.000005
opdformer_p_rgb_512,1687,437294/43649762/52536.551/bd63b02a-f7c7-4271-8a20-ba5ba1447d2e,1,1,nan,8.208235,8.208235,0.857315,0.872246,nan,nan,0.835962,nan,nan,1,0.000011
opdformer_p_rgb_512,1688,437294/43649762/52536.651/67397baf-a3c7-498d-b975-46af6ece93b2,1,1,nan,6.164280,6.164280,0.916770,0.919791,nan,nan,0.811905,nan,nan,1,0.000006
opdformer_p_rgb_512,1689,437294/43649762/52536.651/bd63b02a-f7c7-4271-8a20-ba5ba1447d2e,1,1,nan,6.529806,6.529806,0.894716,0.910123,nan,nan,0.779456,nan,nan,1,0.000005
opdformer_p_rgb_512,1690,437294/43649762/52536.751/67397baf-a3c7-498d-b975-46af6ece93b2,1,1,nan,3.714027,3.714027,0.890251,0.890297,nan,nan,0.768559,nan,nan,1,0.000006
opdformer_p_rgb_512,1691,437294/43649762/52536.751/bd63b02a-f7c7-4271-8a20-ba5ba1447d2e,1,1,nan,7.846535,7.846535,0.889054,0.903507,nan,nan,0.598015,nan,nan,1,0.000010
opdformer_p_rgb_512,1692,437294/43649762/52536.851/67397baf-a3c7-498d-b975-46af6ece93b2,1,1,nan,0.792659,0.792659,0.759064,0.761713,nan,nan,0.838428,nan,nan,1,0.000003
opdformer_p_rgb_512,1693,437294/43649762/52536.851/bd63b02a-f7c7-4271-8a20-ba5ba1447d2e,1,1,nan,4.115737,4.115737,0.768233,0.769806,nan,nan,0.723404,nan,nan,1,0.000009
opdformer_p_rgb_512,1694,437294/43649762/52536.951/bd63b02a-f7c7-4271-8a20-ba5ba1447d2e,1,1,nan,5.171940,5.171940,0.904051,0.912716,nan,nan,0.759669,nan,nan,1,0.000078
opdformer_p_rgb_512,1695,437294/43649762/52546.447/a32fbc05-5e6a-4bf0-b36b-655203cd99aa,1,1,nan,63.337728,63.337728,1.557021,1.559147,nan,nan,0.618457,nan,nan,1,0.002155
opdformer_p_rgb_512,1696,437294/43649762/52546.547/a32fbc05-5e6a-4bf0-b36b-655203cd99aa,1,1,nan,45.610239,45.610239,1.076163,1.080218,nan,nan,0.613848,nan,nan,1,0.233533
opdformer_p_rgb_512,1697,437294/43649762/52546.647/a32fbc05-5e6a-4bf0-b36b-655203cd99aa,1,1,nan,4.828601,4.828601,0.976030,0.986195,nan,nan,0.633663,nan,nan,1,0.001381
opdformer_p_rgb_512,1698,437294/43649762/52546.747/a32fbc05-5e6a-4bf0-b36b-655203cd99aa,1,1,nan,11.878841,11.878841,1.111806,1.112087,nan,nan,0.553571,nan,nan,1,0.004901
opdformer_p_rgb_512,1699,437294/43649762/52546.847/a32fbc05-5e6a-4bf0-b36b-655203cd99aa,1,1,nan,11.503671,11.503671,0.844441,0.898002,nan,nan,0.550989,nan,nan,1,0.001702
opdformer_p_rgb_512,1700,437294/43649762/52546.947/a32fbc05-5e6a-4bf0-b36b-655203cd99aa,1,1,nan,3.805834,3.805834,1.102244,1.137105,nan,nan,0.637636,nan,nan,1,0.001996
opdformer_p_rgb_512,1701,437294/43649762/52547.047/a32fbc05-5e6a-4bf0-b36b-655203cd99aa,1,0,nan,58.746522,58.746522,1.130574,1.185468,nan,nan,0.494590,nan,nan,1,0.002481
opdformer_p_rgb_512,1702,437294/43649762/52547.147/a32fbc05-5e6a-4bf0-b36b-655203cd99aa,1,0,nan,40.951016,40.951016,0.943037,0.961436,nan,nan,0.581616,nan,nan,1,0.009670
opdformer_p_rgb_512,1703,437294/43649762/52547.247/a32fbc05-5e6a-4bf0-b36b-655203cd99aa,1,1,nan,14.596084,14.596084,0.652647,0.680331,nan,nan,0.628169,nan,nan,1,0.002165
opdformer_p_rgb_512,1704,437294/43649762/52547.347/a32fbc05-5e6a-4bf0-b36b-655203cd99aa,1,0,nan,68.356732,68.356732,0.592968,0.621471,nan,nan,0.666667,nan,nan,1,0.001652
opdformer_p_rgb_512,1705,437294/43649762/52547.447/a32fbc05-5e6a-4bf0-b36b-655203cd99aa,1,1,nan,26.030112,26.030112,0.569394,0.641613,nan,nan,0.509687,nan,nan,1,0.001152
opdformer_p_rgb_512,1706,437294/43649762/52547.547/a32fbc05-5e6a-4bf0-b36b-655203cd99aa,1,1,nan,13.985085,13.985085,0.183142,0.278015,nan,nan,0.516179,nan,nan,1,0.001989
opdformer_p_rgb_512,1707,437294/43649762/52547.646/a32fbc05-5e6a-4bf0-b36b-655203cd99aa,1,1,nan,16.082852,16.082852,0.460725,0.499237,nan,nan,0.571947,nan,nan,1,0.000778
opdformer_p_rgb_512,1708,437294/43649762/52547.746/a32fbc05-5e6a-4bf0-b36b-655203cd99aa,1,1,nan,1.664433,1.664433,0.433602,0.443521,nan,nan,0.433465,nan,nan,1,0.000981
opdformer_p_rgb_512,1709,437294/43649762/52547.846/4e6488bb-bc7d-4de3-bc7a-8d0cb78f6881,1,0,nan,104.491002,75.508998,0.576905,0.584570,nan,nan,0.209567,nan,nan,1,0.001380
opdformer_p_rgb_512,1710,437294/43649762/52547.846/a32fbc05-5e6a-4bf0-b36b-655203cd99aa,1,0,nan,37.732163,37.732163,0.231817,0.420244,nan,nan,0.480292,nan,nan,1,0.053500
opdformer_p_rgb_512,1711,437294/43649762/52563.357/4e6488bb-bc7d-4de3-bc7a-8d0cb78f6881,1,1,nan,15.528550,15.528550,0.668577,0.685151,nan,nan,0.713178,nan,nan,1,0.002341
opdformer_p_rgb_512,1712,437294/43649762/52563.457/4e6488bb-bc7d-4de3-bc7a-8d0cb78f6881,1,1,nan,11.008320,11.008320,0.174219,0.183842,nan,nan,0.542042,nan,nan,1,0.001726
opdformer_p_rgb_512,1713,437294/43649762/52563.557/4e6488bb-bc7d-4de3-bc7a-8d0cb78f6881,1,1,nan,17.708259,17.708259,0.325656,0.325664,nan,nan,0.561514,nan,nan,1,0.000195
opdformer_p_rgb_512,1714,437294/43649762/52563.656/4e6488bb-bc7d-4de3-bc7a-8d0cb78f6881,1,1,nan,18.154703,18.154703,0.730192,0.734021,nan,nan,0.558179,nan,nan,1,0.001268
opdformer_p_rgb_512,1715,437294/43649762/52563.756/4e6488bb-bc7d-4de3-bc7a-8d0cb78f6881,1,1,nan,17.080822,17.080822,0.516846,0.518474,nan,nan,0.537893,nan,nan,1,0.000276
opdformer_p_rgb_512,1716,437294/43649762/52563.756/a32fbc05-5e6a-4bf0-b36b-655203cd99aa,1,1,nan,124.400222,55.599778,0.571955,0.575622,nan,nan,0.573333,nan,nan,1,0.000307
opdformer_p_rgb_512,1717,437294/43649762/52563.856/4e6488bb-bc7d-4de3-bc7a-8d0cb78f6881,1,1,nan,11.017251,11.017251,0.702569,0.717676,nan,nan,0.557235,nan,nan,1,0.672488
opdformer_p_rgb_512,1718,437294/43649762/52563.856/a32fbc05-5e6a-4bf0-b36b-655203cd99aa,1,1,nan,57.222658,57.222658,0.616600,0.618484,nan,nan,0.623377,nan,nan,1,0.004217
opdformer_p_rgb_512,1719,437294/43649762/52563.956/4e6488bb-bc7d-4de3-bc7a-8d0cb78f6881,1,1,nan,12.417119,12.417119,0.452657,0.464287,nan,nan,0.476103,nan,nan,1,0.001281
opdformer_p_rgb_512,1720,437294/43649762/52563.956/a32fbc05-5e6a-4bf0-b36b-655203cd99aa,1,1,nan,165.428621,14.571379,0.591802,0.597719,nan,nan,0.555344,nan,nan,1,0.000819
opdformer_p_rgb_512,1721,437294/43649762/52564.056/4e6488bb-bc7d-4de3-bc7a-8d0cb78f6881,1,1,nan,8.350107,8.350107,0.550414,0.598044,nan,nan,0.616408,nan,nan,1,0.809180
opdformer_p_rgb_512,1722,437294/43649762/52564.056/a32fbc05-5e6a-4bf0-b36b-655203cd99aa,1,1,nan,20.426793,20.426793,0.432039,0.479301,nan,nan,0.634744,nan,nan,1,0.009619
opdformer_p_rgb_512,1723,437294/43649762/52564.156/4e6488bb-bc7d-4de3-bc7a-8d0cb78f6881,1,1,nan,11.666070,11.666070,0.720254,0.721879,nan,nan,0.483871,nan,nan,1,0.002084
opdformer_p_rgb_512,1724,437294/43649762/52564.156/a32fbc05-5e6a-4bf0-b36b-655203cd99aa,1,1,nan,4.998117,4.998117,0.596870,0.597704,nan,nan,0.546845,nan,nan,1,0.003122
opdformer_p_rgb_512,1725,437294/43649762/52564.256/4e6488bb-bc7d-4de3-bc7a-8d0cb78f6881,1,1,nan,7.372529,7.372529,0.540851,0.569095,nan,nan,0.674518,nan,nan,1,0.838019
opdformer_p_rgb_512,1726,437294/43649762/52564.256/a32fbc05-5e6a-4bf0-b36b-655203cd99aa,1,1,nan,141.150709,38.849291,0.465497,0.477976,nan,nan,0.597980,nan,nan,1,0.000261
opdformer_p_rgb_512,1727,437294/43649762/52564.356/4e6488bb-bc7d-4de3-bc7a-8d0cb78f6881,1,1,nan,5.810662,5.810662,0.730719,0.743075,nan,nan,0.649706,nan,nan,1,0.747037
opdformer_p_rgb_512,1728,437294/43649762/52564.356/a32fbc05-5e6a-4bf0-b36b-655203cd99aa,1,1,nan,12.425070,12.425070,0.551257,0.555084,nan,nan,0.577617,nan,nan,1,0.002833
opdformer_p_rgb_512,1729,437294/43649762/52564.456/4e6488bb-bc7d-4de3-bc7a-8d0cb78f6881,1,1,nan,2.414247,2.414247,0.389643,0.459561,nan,nan,0.584270,nan,nan,1,0.746114
opdformer_p_rgb_512,1730,437294/43649762/52564.456/a32fbc05-5e6a-4bf0-b36b-655203cd99aa,1,1,nan,99.139105,80.860895,0.397151,0.468175,nan,nan,0.511706,nan,nan,1,0.004172
opdformer_p_rgb_512,1731,437294/43649762/52564.556/4e6488bb-bc7d-4de3-bc7a-8d0cb78f6881,1,1,nan,4.081930,4.081930,0.495042,0.497860,nan,nan,0.636364,nan,nan,1,0.000285
opdformer_p_rgb_512,1732,437294/43649762/52564.556/a32fbc05-5e6a-4bf0-b36b-655203cd99aa,1,1,nan,5.086643,5.086643,0.340069,0.349823,nan,nan,0.641618,nan,nan,1,0.079619
opdformer_p_rgb_512,1733,437294/43649762/52570.054/4e6488bb-bc7d-4de3-bc7a-8d0cb78f6881,1,1,nan,3.512922,3.512922,0.598971,0.615368,nan,nan,0.510909,nan,nan,1,0.001859
opdformer_p_rgb_512,1734,437294/43649762/52570.054/a32fbc05-5e6a-4bf0-b36b-655203cd99aa,1,1,nan,7.673574,7.673574,0.493119,0.510882,nan,nan,0.619965,nan,nan,1,0.005633
opdformer_p_rgb_512,1735,437294/43649762/52570.154/4e6488bb-bc7d-4de3-bc7a-8d0cb78f6881,1,1,nan,8.517822,8.517822,0.299348,0.342335,nan,nan,0.545310,nan,nan,1,0.818679
opdformer_p_rgb_512,1736,437294/43649762/52570.154/a32fbc05-5e6a-4bf0-b36b-655203cd99aa,1,1,nan,23.976827,23.976827,0.364004,0.430833,nan,nan,0.630094,nan,nan,1,0.000357
opdformer_p_rgb_512,1737,437294/43649762/52570.254/4e6488bb-bc7d-4de3-bc7a-8d0cb78f6881,1,1,nan,11.330248,11.330248,0.330288,0.408852,nan,nan,0.600000,nan,nan,1,0.000492
opdformer_p_rgb_512,1738,437294/43649762/52570.254/a32fbc05-5e6a-4bf0-b36b-655203cd99aa,1,1,nan,10.952721,10.952721,0.280174,0.415789,nan,nan,0.632530,nan,nan,1,0.000767
opdformer_p_rgb_512,1739,437294/43649762/52570.354/4e6488bb-bc7d-4de3-bc7a-8d0cb78f6881,1,1,nan,11.841454,11.841454,0.332381,0.396364,nan,nan,0.514231,nan,nan,1,0.000722
opdformer_p_rgb_512,1740,437294/43649762/52570.354/a32fbc05-5e6a-4bf0-b36b-655203cd99aa,1,1,nan,70.248628,70.248628,0.276127,0.365710,nan,nan,0.626917,nan,nan,1,0.000554
opdformer_p_rgb_512,1741,437294/43649762/52570.454/4e6488bb-bc7d-4de3-bc7a-8d0cb78f6881,1,1,nan,15.098775,15.098775,0.520431,0.586946,nan,nan,0.403810,nan,nan,1,0.002091
opdformer_p_rgb_512,1742,437294/43649762/52570.454/a32fbc05-5e6a-4bf0-b36b-655203cd99aa,1,1,nan,24.097487,24.097487,0.454742,0.483361,nan,nan,0.545455,nan,nan,1,0.001487
opdformer_p_rgb_512,1743,437294/43649762/52570.554/4e6488bb-bc7d-4de3-bc7a-8d0cb78f6881,1,1,nan,15.948190,15.948190,0.523161,0.534244,nan,nan,0.556962,nan,nan,1,0.000430
opdformer_p_rgb_512,1744,437294/43649762/52570.554/a32fbc05-5e6a-4bf0-b36b-655203cd99aa,1,1,nan,73.102470,73.102470,0.655436,0.655474,nan,nan,0.480438,nan,nan,1,0.004505
opdformer_p_rgb_512,1745,437294/43649762/52570.654/4e6488bb-bc7d-4de3-bc7a-8d0cb78f6881,1,1,nan,16.864815,16.864815,0.428770,0.464822,nan,nan,0.567901,nan,nan,1,0.000787
opdformer_p_rgb_512,1746,437294/43649762/52570.654/a32fbc05-5e6a-4bf0-b36b-655203cd99aa,1,1,nan,47.841756,47.841756,0.328521,0.380309,nan,nan,0.373926,nan,nan,1,0.023685
opdformer_p_rgb_512,1747,437294/43649762/52570.754/4e6488bb-bc7d-4de3-bc7a-8d0cb78f6881,1,1,nan,20.820292,20.820292,0.335711,0.431838,nan,nan,0.596067,nan,nan,1,0.000477
opdformer_p_rgb_512,1748,437294/43649762/52570.754/a32fbc05-5e6a-4bf0-b36b-655203cd99aa,1,1,nan,106.628021,73.371979,0.281674,0.338243,nan,nan,0.671180,nan,nan,1,0.000773
opdformer_p_rgb_512,1749,437294/43649762/52570.854/4e6488bb-bc7d-4de3-bc7a-8d0cb78f6881,1,1,nan,18.040252,18.040252,0.461535,0.548857,nan,nan,0.588235,nan,nan,1,0.000321
opdformer_p_rgb_512,1750,437294/43649762/52570.854/a32fbc05-5e6a-4bf0-b36b-655203cd99aa,1,1,nan,28.182473,28.182473,0.258419,0.290708,nan,nan,0.661859,nan,nan,1,0.000437
opdformer_p_rgb_512,1751,437294/43649762/52570.953/4e6488bb-bc7d-4de3-bc7a-8d0cb78f6881,1,1,nan,23.451905,23.451905,0.429797,0.585124,nan,nan,0.414763,nan,nan,1,0.000487
opdformer_p_rgb_512,1752,437294/43649762/52570.953/a32fbc05-5e6a-4bf0-b36b-655203cd99aa,1,1,nan,109.755637,70.244363,0.106600,0.350071,nan,nan,0.728625,nan,nan,1,0.000772
opdformer_p_rgb_512,1753,437294/43649762/52571.053/4e6488bb-bc7d-4de3-bc7a-8d0cb78f6881,1,1,nan,19.381994,19.381994,0.469520,0.561844,nan,nan,0.461028,nan,nan,1,0.000526
opdformer_p_rgb_512,1754,437294/43649762/52571.053/a32fbc05-5e6a-4bf0-b36b-655203cd99aa,1,1,nan,41.447476,41.447476,0.157053,0.376710,nan,nan,0.635158,nan,nan,1,0.000422
opdformer_p_rgb_512,1755,437294/43649762/52571.153/4e6488bb-bc7d-4de3-bc7a-8d0cb78f6881,1,1,nan,23.694330,23.694330,0.382767,0.506022,nan,nan,0.366528,nan,nan,1,0.001295
opdformer_p_rgb_512,1756,437294/43649762/52571.153/a32fbc05-5e6a-4bf0-b36b-655203cd99aa,1,1,nan,52.933949,52.933949,0.255996,0.276770,nan,nan,0.611475,nan,nan,1,0.000481
opdformer_p_rgb_512,1757,437294/43649762/52571.253/4e6488bb-bc7d-4de3-bc7a-8d0cb78f6881,1,1,nan,25.022125,25.022125,0.140505,0.150824,nan,nan,0.291898,nan,nan,1,0.000150
opdformer_p_rgb_512,1758,437294/43649762/52571.253/a32fbc05-5e6a-4bf0-b36b-655203cd99aa,1,1,nan,121.999593,58.000407,0.370740,0.371614,nan,nan,0.452941,nan,nan,1,0.000246
opdformer_p_rgb_512,1759,437294/43649762/52575.751/4e6488bb-bc7d-4de3-bc7a-8d0cb78f6881,1,1,nan,8.478352,8.478352,0.111828,0.179909,nan,nan,0.766546,nan,nan,1,0.000854
opdformer_p_rgb_512,1760,437294/43649762/52575.751/a32fbc05-5e6a-4bf0-b36b-655203cd99aa,1,1,nan,9.093379,9.093379,0.601802,0.601951,nan,nan,0.272296,nan,nan,1,0.015297
opdformer_p_rgb_512,1761,437294/43649762/52575.851/4e6488bb-bc7d-4de3-bc7a-8d0cb78f6881,1,1,nan,6.655574,6.655574,0.315139,0.336633,nan,nan,0.507919,nan,nan,1,0.676140
opdformer_p_rgb_512,1762,437294/43649762/52575.851/a32fbc05-5e6a-4bf0-b36b-655203cd99aa,1,1,nan,169.875307,10.124693,0.726864,0.729281,nan,nan,0.243709,nan,nan,1,0.001296
opdformer_p_rgb_512,1763,437294/43649762/52575.951/4e6488bb-bc7d-4de3-bc7a-8d0cb78f6881,1,1,nan,6.966236,6.966236,0.194193,0.249875,nan,nan,0.393214,nan,nan,1,0.000720
opdformer_p_rgb_512,1764,437294/43649762/52575.951/a32fbc05-5e6a-4bf0-b36b-655203cd99aa,1,1,nan,7.500414,7.500414,0.638966,0.641858,nan,nan,0.138587,nan,nan,1,0.232819
opdformer_p_rgb_512,1765,437294/43649762/52576.051/4e6488bb-bc7d-4de3-bc7a-8d0cb78f6881,1,1,nan,5.255739,5.255739,0.113138,0.113646,nan,nan,0.556533,nan,nan,1,0.001601
opdformer_p_rgb_512,1766,437294/43649762/52576.051/a32fbc05-5e6a-4bf0-b36b-655203cd99aa,1,1,nan,4.611427,4.611427,0.691469,0.692014,nan,nan,0.088608,nan,nan,1,0.013834
opdformer_p_rgb_512,1767,437294/43649762/52576.151/4e6488bb-bc7d-4de3-bc7a-8d0cb78f6881,1,1,nan,7.874389,7.874389,0.198698,0.232589,nan,nan,0.341981,nan,nan,1,0.192739
opdformer_p_rgb_512,1768,437294/43649762/52576.151/a32fbc05-5e6a-4bf0-b36b-655203cd99aa,1,1,nan,169.688793,10.311207,0.515272,0.519863,nan,nan,0.286765,nan,nan,1,0.000786
opdformer_p_rgb_512,1769,437294/43649762/52576.251/4e6488bb-bc7d-4de3-bc7a-8d0cb78f6881,1,1,nan,4.995687,4.995687,0.172918,0.176561,nan,nan,0.541322,nan,nan,1,0.005511
opdformer_p_rgb_512,1770,437294/43649762/52576.251/a32fbc05-5e6a-4bf0-b36b-655203cd99aa,1,1,nan,171.834916,8.165084,0.500859,0.505006,nan,nan,0.408795,nan,nan,1,0.000535
opdformer_p_rgb_512,1771,437294/43649762/52576.351/4e6488bb-bc7d-4de3-bc7a-8d0cb78f6881,1,1,nan,6.737212,6.737212,0.125332,0.165807,nan,nan,0.618037,nan,nan,1,0.001528
opdformer_p_rgb_512,1772,437294/43649762/52576.351/a32fbc05-5e6a-4bf0-b36b-655203cd99aa,1,1,nan,170.366100,9.633900,0.430915,0.442617,nan,nan,0.319018,nan,nan,1,0.000543
opdformer_p_rgb_512,1773,437294/43649762/52576.451/4e6488bb-bc7d-4de3-bc7a-8d0cb78f6881,1,1,nan,6.984222,6.984222,0.314743,0.315214,nan,nan,0.746706,nan,nan,1,0.000462
opdformer_p_rgb_512,1774,437294/43649762/52576.451/a32fbc05-5e6a-4bf0-b36b-655203cd99aa,1,1,nan,167.626067,12.373933,0.549134,0.552206,nan,nan,0.194631,nan,nan,1,0.000427
opdformer_p_rgb_512,1775,437294/43649762/52576.551/4e6488bb-bc7d-4de3-bc7a-8d0cb78f6881,1,1,nan,8.357116,8.357116,0.299867,0.305473,nan,nan,0.513545,nan,nan,1,0.001017
opdformer_p_rgb_512,1776,437294/43649762/52576.551/a32fbc05-5e6a-4bf0-b36b-655203cd99aa,1,1,nan,166.153928,13.846072,0.573189,0.589027,nan,nan,0.103641,nan,nan,1,0.001921
opdformer_p_rgb_512,1777,437294/43649762/52576.651/4e6488bb-bc7d-4de3-bc7a-8d0cb78f6881,1,1,nan,6.857146,6.857146,0.524769,0.524957,nan,nan,0.770629,nan,nan,1,0.000467
opdformer_p_rgb_512,1778,437294/43649762/52576.651/a32fbc05-5e6a-4bf0-b36b-655203cd99aa,1,1,nan,170.208623,9.791377,0.731699,0.735187,nan,nan,0.283041,nan,nan,1,0.000544
opdformer_p_rgb_512,1779,437294/43649762/52576.751/4e6488bb-bc7d-4de3-bc7a-8d0cb78f6881,1,1,nan,8.037519,8.037519,0.190411,0.198026,nan,nan,0.596491,nan,nan,1,0.000389
opdformer_p_rgb_512,1780,437294/43649762/52576.751/a32fbc05-5e6a-4bf0-b36b-655203cd99aa,1,1,nan,167.640239,12.359761,0.483087,0.495446,nan,nan,0.466576,nan,nan,1,0.000336
opdformer_p_rgb_512,1781,437294/43649762/52576.851/4e6488bb-bc7d-4de3-bc7a-8d0cb78f6881,1,1,nan,9.904795,9.904795,0.338537,0.339283,nan,nan,0.795597,nan,nan,1,0.001118
opdformer_p_rgb_512,1782,437294/43649762/52576.851/a32fbc05-5e6a-4bf0-b36b-655203cd99aa,1,1,nan,156.593205,23.406795,0.763875,0.782836,nan,nan,0.223270,nan,nan,1,0.001024
opdformer_p_rgb_512,1783,437294/43649762/52576.951/4e6488bb-bc7d-4de3-bc7a-8d0cb78f6881,1,1,nan,8.874064,8.874064,0.356645,0.357397,nan,nan,0.710210,nan,nan,1,0.000511
opdformer_p_rgb_512,1784,437294/43649762/52576.951/a32fbc05-5e6a-4bf0-b36b-655203cd99aa,1,1,nan,28.768240,28.768240,0.809421,0.838706,nan,nan,0.248756,nan,nan,1,0.001118
opdformer_p_rgb_512,1785,437294/43649762/52577.051/4e6488bb-bc7d-4de3-bc7a-8d0cb78f6881,1,1,nan,18.744535,18.744535,0.479130,0.479548,nan,nan,0.269006,nan,nan,1,0.052797
opdformer_p_rgb_512,1786,437294/43649762/52577.051/a32fbc05-5e6a-4bf0-b36b-655203cd99aa,1,1,nan,156.584621,23.415379,0.443206,0.450462,nan,nan,0.249626,nan,nan,1,0.000690
opdformer_p_rgb_512,1787,437294/43649762/52577.151/4e6488bb-bc7d-4de3-bc7a-8d0cb78f6881,1,1,nan,17.213272,17.213272,0.309095,0.407360,nan,nan,0.326715,nan,nan,1,0.001174
opdformer_p_rgb_512,1788,437294/43649762/52577.151/a32fbc05-5e6a-4bf0-b36b-655203cd99aa,1,1,nan,23.577201,23.577201,0.706965,0.747108,nan,nan,0.286649,nan,nan,1,0.023684
opdformer_p_rgb_512,1789,437294/43649762/52577.251/4e6488bb-bc7d-4de3-bc7a-8d0cb78f6881,1,1,nan,18.620070,18.620070,0.384065,0.397475,nan,nan,0.728943,nan,nan,1,0.001323
opdformer_p_rgb_512,1790,437294/43649762/52577.251/a32fbc05-5e6a-4bf0-b36b-655203cd99aa,1,1,nan,160.815888,19.184112,0.449239,0.450899,nan,nan,0.500818,nan,nan,1,0.002601
opdformer_p_rgb_512,1791,437294/43649762/52577.351/4e6488bb-bc7d-4de3-bc7a-8d0cb78f6881,1,1,nan,24.447021,24.447021,0.319701,0.437054,nan,nan,0.477306,nan,nan,1,0.002264
opdformer_p_rgb_512,1792,437294/43649762/52577.351/a32fbc05-5e6a-4bf0-b36b-655203cd99aa,1,1,nan,32.948071,32.948071,0.276186,0.276445,nan,nan,0.353125,nan,nan,1,0.005456
opdformer_p_rgb_512,1793,437294/43649762/52577.451/a32fbc05-5e6a-4bf0-b36b-655203cd99aa,1,1,nan,156.240946,23.759054,0.269330,0.274974,nan,nan,0.183333,nan,nan,1,0.001258
opdformer_p_rgb_512,1794,437294/43649762/52577.551/a32fbc05-5e6a-4bf0-b36b-655203cd99aa,1,1,nan,63.514119,63.514119,0.161537,0.166953,nan,nan,0.368012,nan,nan,1,0.000628
opdformer_p_rgb_512,1795,437294/43649762/52577.651/a32fbc05-5e6a-4bf0-b36b-655203cd99aa,1,1,nan,112.872713,67.127287,0.267001,0.271160,nan,nan,0.308642,nan,nan,1,0.005494
opdformer_p_rgb_512,1796,437294/43649763/52433.444/4e6488bb-bc7d-4de3-bc7a-8d0cb78f6881,1,1,nan,77.968528,77.968528,0.934701,0.946070,nan,nan,0.417160,nan,nan,1,0.005050
opdformer_p_rgb_512,1797,437294/43649763/52433.544/4e6488bb-bc7d-4de3-bc7a-8d0cb78f6881,1,1,nan,95.334341,84.665659,0.959704,0.975183,nan,nan,0.532995,nan,nan,1,0.002756
opdformer_p_rgb_512,1798,437294/43649767/52379.849/67397baf-a3c7-498d-b975-46af6ece93b2,1,1,nan,6.001640,6.001640,0.530228,0.538916,nan,nan,0.674473,nan,nan,1,0.049784
opdformer_p_rgb_512,1799,437294/43649767/52379.849/bd63b02a-f7c7-4271-8a20-ba5ba1447d2e,1,1,nan,9.207388,9.207388,0.473858,0.604595,nan,nan,0.730028,nan,nan,1,0.000029
opdformer_p_rgb_512,1800,437294/43649767/52379.949/67397baf-a3c7-498d-b975-46af6ece93b2,1,1,nan,8.232680,8.232680,0.658536,0.659057,nan,nan,0.732984,nan,nan,1,0.000021
opdformer_p_rgb_512,1801,437294/43649767/52379.949/bd63b02a-f7c7-4271-8a20-ba5ba1447d2e,1,1,nan,3.713389,3.713389,0.437884,0.452525,nan,nan,0.342593,nan,nan,1,0.000042
opdformer_p_rgb_512,1802,437294/43649767/52380.049/67397baf-a3c7-498d-b975-46af6ece93b2,1,1,nan,7.808323,7.808323,0.531863,0.531916,nan,nan,0.558473,nan,nan,1,0.018252
opdformer_p_rgb_512,1803,437294/43649767/52380.049/bd63b02a-f7c7-4271-8a20-ba5ba1447d2e,1,1,nan,4.440792,4.440792,0.518678,0.525712,nan,nan,0.438182,nan,nan,1,0.000017
opdformer_p_rgb_512,1804,437294/43649767/52380.149/67397baf-a3c7-498d-b975-46af6ece93b2,1,1,nan,12.097250,12.097250,0.874860,0.883842,nan,nan,0.486726,nan,nan,1,0.000004
opdformer_p_rgb_512,1805,437294/43649767/52380.149/bd63b02a-f7c7-4271-8a20-ba5ba1447d2e,1,1,nan,5.292234,5.292234,0.605630,0.650067,nan,nan,0.660465,nan,nan,1,0.000046
opdformer_p_rgb_512,1806,437294/43649767/52380.249/67397baf-a3c7-498d-b975-46af6ece93b2,1,1,nan,11.372296,11.372296,0.723442,0.724001,nan,nan,0.685484,nan,nan,1,0.000003
opdformer_p_rgb_512,1807,437294/43649767/52380.249/bd63b02a-f7c7-4271-8a20-ba5ba1447d2e,1,1,nan,2.447953,2.447953,0.382046,0.428129,nan,nan,0.694064,nan,nan,1,0.000004
opdformer_p_rgb_512,1808,437294/43649767/52380.349/67397baf-a3c7-498d-b975-46af6ece93b2,1,1,nan,13.679786,13.679786,0.745684,0.755765,nan,nan,0.617647,nan,nan,1,0.016739
opdformer_p_rgb_512,1809,437294/43649767/52380.349/bd63b02a-f7c7-4271-8a20-ba5ba1447d2e,1,1,nan,6.444175,6.444175,0.693330,0.703556,nan,nan,0.694836,nan,nan,1,0.000005
opdformer_p_rgb_512,1810,437294/43649767/52380.449/67397baf-a3c7-498d-b975-46af6ece93b2,1,1,nan,13.227808,13.227808,0.503730,0.523412,nan,nan,0.663462,nan,nan,1,0.000003
opdformer_p_rgb_512,1811,437294/43649767/52380.449/bd63b02a-f7c7-4271-8a20-ba5ba1447d2e,1,1,nan,6.271822,6.271822,0.436520,0.437756,nan,nan,0.822055,nan,nan,1,0.000003
opdformer_p_rgb_512,1812,437294/43649767/52380.549/67397baf-a3c7-498d-b975-46af6ece93b2,1,1,nan,11.565187,11.565187,0.748920,0.750270,nan,nan,0.628770,nan,nan,1,0.000002
opdformer_p_rgb_512,1813,437294/43649767/52380.549/bd63b02a-f7c7-4271-8a20-ba5ba1447d2e,1,1,nan,5.698906,5.698906,0.550668,0.553751,nan,nan,0.687640,nan,nan,1,0.000002
opdformer_p_rgb_512,1814,437294/43649767/52380.649/67397baf-a3c7-498d-b975-46af6ece93b2,1,1,nan,11.130652,11.130652,0.660315,0.660580,nan,nan,0.563131,nan,nan,1,0.000003
opdformer_p_rgb_512,1815,437294/43649767/52380.649/bd63b02a-f7c7-4271-8a20-ba5ba1447d2e,1,1,nan,8.208516,8.208516,0.595591,0.595685,nan,nan,0.662309,nan,nan,1,0.000003
opdformer_p_rgb_512,1816,437294/43649767/52380.749/67397baf-a3c7-498d-b975-46af6ece93b2,1,1,nan,8.041063,8.041063,0.774669,0.776627,nan,nan,0.623256,nan,nan,1,0.000002
opdformer_p_rgb_512,1817,437294/43649767/52380.749/bd63b02a-f7c7-4271-8a20-ba5ba1447d2e,1,1,nan,7.297909,7.297909,0.497063,0.503852,nan,nan,0.592841,nan,nan,1,0.000005
opdformer_p_rgb_512,1818,437294/43649767/52380.849/67397baf-a3c7-498d-b975-46af6ece93b2,1,1,nan,12.755308,12.755308,0.415913,0.418705,nan,nan,0.600462,nan,nan,1,0.000996
opdformer_p_rgb_512,1819,437294/43649767/52380.849/bd63b02a-f7c7-4271-8a20-ba5ba1447d2e,1,1,nan,8.204967,8.204967,0.443317,0.443513,nan,nan,0.674419,nan,nan,1,0.000005
opdformer_p_rgb_512,1820,437294/43649767/52380.949/67397baf-a3c7-498d-b975-46af6ece93b2,1,1,nan,7.148725,7.148725,0.487545,0.490197,nan,nan,0.649289,nan,nan,1,0.000003
opdformer_p_rgb_512,1821,437294/43649767/52380.949/bd63b02a-f7c7-4271-8a20-ba5ba1447d2e,1,1,nan,6.496718,6.496718,0.309469,0.328157,nan,nan,0.678261,nan,nan,1,0.000004
opdformer_p_rgb_512,1822,437294/43649767/52381.049/67397baf-a3c7-498d-b975-46af6ece93b2,1,1,nan,10.722760,10.722760,0.660868,0.661173,nan,nan,0.651869,nan,nan,1,0.000004
opdformer_p_rgb_512,1823,437294/43649767/52381.049/bd63b02a-f7c7-4271-8a20-ba5ba1447d2e,1,1,nan,4.735763,4.735763,0.536175,0.541700,nan,nan,0.729064,nan,nan,1,0.000011
opdformer_p_rgb_512,1824,437294/43649767/52381.149/67397baf-a3c7-498d-b975-46af6ece93b2,1,1,nan,5.122357,5.122357,0.396927,0.399189,nan,nan,0.706731,nan,nan,1,0.000005
opdformer_p_rgb_512,1825,437294/43649767/52381.149/bd63b02a-f7c7-4271-8a20-ba5ba1447d2e,1,1,nan,6.009422,6.009422,0.527323,0.528227,nan,nan,0.716019,nan,nan,1,0.000010
opdformer_p_rgb_512,1826,437294/43649767/52382.148/67397baf-a3c7-498d-b975-46af6ece93b2,1,1,nan,5.890852,5.890852,0.764457,0.765328,nan,nan,0.706395,nan,nan,1,0.000004
opdformer_p_rgb_512,1827,437294/43649767/52382.248/67397baf-a3c7-498d-b975-46af6ece93b2,1,1,nan,3.318633,3.318633,0.655644,0.655668,nan,nan,0.701220,nan,nan,1,0.000008
opdformer_p_rgb_512,1828,437294/43649767/52382.348/67397baf-a3c7-498d-b975-46af6ece93b2,1,1,nan,7.426341,7.426341,0.674156,0.681526,nan,nan,0.697068,nan,nan,1,0.000007
opdformer_p_rgb_512,1829,437294/43649767/52382.448/67397baf-a3c7-498d-b975-46af6ece93b2,1,1,nan,8.068459,8.068459,0.815132,0.820121,nan,nan,0.710366,nan,nan,1,0.000002
opdformer_p_rgb_512,1830,437294/43649767/52382.548/67397baf-a3c7-498d-b975-46af6ece93b2,1,1,nan,6.256415,6.256415,0.983643,0.985792,nan,nan,0.681004,nan,nan,1,0.000003
opdformer_p_rgb_512,1831,437294/43649767/52383.048/67397baf-a3c7-498d-b975-46af6ece93b2,1,1,nan,9.185097,9.185097,1.160026,1.160075,nan,nan,0.719653,nan,nan,1,0.000006
opdformer_p_rgb_512,1832,437294/43649767/52383.148/67397baf-a3c7-498d-b975-46af6ece93b2,1,1,nan,7.911567,7.911567,0.971997,0.981104,nan,nan,0.757764,nan,nan,1,0.000002
opdformer_p_rgb_512,1833,437294/43649767/52383.248/67397baf-a3c7-498d-b975-46af6ece93b2,1,1,nan,0.936503,0.936503,1.134063,1.134929,nan,nan,0.583908,nan,nan,1,0.000003
opdformer_p_rgb_512,1834,437294/43649767/52383.348/67397baf-a3c7-498d-b975-46af6ece93b2,1,1,nan,5.392176,5.392176,0.884205,0.886703,nan,nan,0.724675,nan,nan,1,0.000029
opdformer_p_rgb_512,1835,437294/43649767/52383.348/bd63b02a-f7c7-4271-8a20-ba5ba1447d2e,1,1,nan,6.143818,6.143818,0.620403,0.642260,nan,nan,0.475309,nan,nan,1,0.016711
opdformer_p_rgb_512,1836,437294/43649767/52388.346/a32fbc05-5e6a-4bf0-b36b-655203cd99aa,1,0,nan,36.758217,36.758217,1.284349,1.289269,nan,nan,0.687192,nan,nan,1,0.000935
opdformer_p_rgb_512,1837,437294/43649767/52388.446/a32fbc05-5e6a-4bf0-b36b-655203cd99aa,1,0,nan,60.029635,60.029635,1.177145,1.186407,nan,nan,0.725061,nan,nan,1,0.002359
opdformer_p_rgb_512,1838,437294/43649767/52388.546/a32fbc05-5e6a-4bf0-b36b-655203cd99aa,1,0,nan,55.882867,55.882867,1.279964,1.315983,nan,nan,0.635731,nan,nan,1,0.006862
opdformer_p_rgb_512,1839,437294/43649767/52388.646/a32fbc05-5e6a-4bf0-b36b-655203cd99aa,1,0,nan,53.606061,53.606061,1.515161,1.545288,nan,nan,0.362353,nan,nan,1,0.001648
opdformer_p_rgb_512,1840,437294/43649767/52388.746/4e6488bb-bc7d-4de3-bc7a-8d0cb78f6881,1,1,nan,116.160402,63.839598,0.495028,0.524830,nan,nan,0.070994,nan,nan,1,0.001743
opdformer_p_rgb_512,1841,437294/43649767/52388.746/a32fbc05-5e6a-4bf0-b36b-655203cd99aa,1,1,nan,63.839598,63.839598,1.161685,1.175138,nan,nan,0.063492,nan,nan,1,0.001743
opdformer_p_rgb_512,1842,437294/43649767/52388.846/4e6488bb-bc7d-4de3-bc7a-8d0cb78f6881,1,0,nan,100.140358,79.859642,0.500628,0.684409,nan,nan,0.601831,nan,nan,1,0.001559
opdformer_p_rgb_512,1843,437294/43649767/52388.846/a32fbc05-5e6a-4bf0-b36b-655203cd99aa,1,0,nan,77.864751,77.864751,1.242205,1.300559,nan,nan,0.469388,nan,nan,1,0.006522
opdformer_p_rgb_512,1844,437294/43649767/52388.946/4e6488bb-bc7d-4de3-bc7a-8d0cb78f6881,1,0,nan,92.692729,87.307271,0.498526,0.549552,nan,nan,0.691610,nan,nan,1,0.001458
opdformer_p_rgb_512,1845,437294/43649767/52388.946/a32fbc05-5e6a-4bf0-b36b-655203cd99aa,1,0,nan,80.168508,80.168508,1.298977,1.337315,nan,nan,0.567329,nan,nan,1,0.001516
opdformer_p_rgb_512,1846,437294/43649767/52389.046/4e6488bb-bc7d-4de3-bc7a-8d0cb78f6881,1,0,nan,72.418176,72.418176,0.515989,0.522324,nan,nan,0.708428,nan,nan,1,0.000557
opdformer_p_rgb_512,1847,437294/43649767/52389.046/a32fbc05-5e6a-4bf0-b36b-655203cd99aa,1,1,nan,65.565560,65.565560,0.976919,0.982130,nan,nan,0.683698,nan,nan,1,0.000655
opdformer_p_rgb_512,1848,437294/43649767/52389.146/4e6488bb-bc7d-4de3-bc7a-8d0cb78f6881,1,0,nan,110.119574,69.880426,0.455521,0.468710,nan,nan,0.377470,nan,nan,1,0.001202
opdformer_p_rgb_512,1849,437294/43649767/52389.146/a32fbc05-5e6a-4bf0-b36b-655203cd99aa,1,0,nan,79.374845,79.374845,1.226849,1.233169,nan,nan,0.587007,nan,nan,1,0.001965
opdformer_p_rgb_512,1850,437294/43649767/52389.245/a32fbc05-5e6a-4bf0-b36b-655203cd99aa,1,1,nan,36.314605,36.314605,1.181713,1.216351,nan,nan,0.747475,nan,nan,1,0.000899
opdformer_p_rgb_512,1851,437294/43649767/52389.345/a32fbc05-5e6a-4bf0-b36b-655203cd99aa,1,0,nan,57.856496,57.856496,1.290607,1.311957,nan,nan,0.705521,nan,nan,1,0.001077
opdformer_p_rgb_512,1852,437294/43649767/52390.945/a32fbc05-5e6a-4bf0-b36b-655203cd99aa,1,1,nan,30.941675,30.941675,0.997406,1.002895,nan,nan,0.712681,nan,nan,1,0.000500
opdformer_p_rgb_512,1853,437294/43649767/52391.045/a32fbc05-5e6a-4bf0-b36b-655203cd99aa,1,1,nan,17.545463,17.545463,1.135491,1.141885,nan,nan,0.805031,nan,nan,1,0.000208
opdformer_p_rgb_512,1854,437294/43649767/52391.145/4e6488bb-bc7d-4de3-bc7a-8d0cb78f6881,1,1,nan,155.293445,24.706555,0.154252,0.191875,nan,nan,0.397077,nan,nan,1,0.000766
opdformer_p_rgb_512,1855,437294/43649767/52391.145/a32fbc05-5e6a-4bf0-b36b-655203cd99aa,1,1,nan,45.356820,45.356820,1.082524,1.090165,nan,nan,0.664013,nan,nan,1,0.000765
opdformer_p_rgb_512,1856,437294/43649767/52391.245/4e6488bb-bc7d-4de3-bc7a-8d0cb78f6881,1,0,nan,111.901745,68.098255,0.323231,0.385719,nan,nan,0.628488,nan,nan,1,0.001870
opdformer_p_rgb_512,1857,437294/43649767/52391.245/a32fbc05-5e6a-4bf0-b36b-655203cd99aa,1,0,nan,56.383416,56.383416,1.286448,1.306017,nan,nan,0.559690,nan,nan,1,0.001972
opdformer_p_rgb_512,1858,437294/43649767/52391.345/4e6488bb-bc7d-4de3-bc7a-8d0cb78f6881,1,0,nan,132.867839,47.132161,0.472090,0.527451,nan,nan,0.484564,nan,nan,1,0.000816
opdformer_p_rgb_512,1859,437294/43649767/52391.345/a32fbc05-5e6a-4bf0-b36b-655203cd99aa,1,1,nan,14.519728,14.519728,1.239001,1.247867,nan,nan,0.552283,nan,nan,1,0.000837
opdformer_p_rgb_512,1860,437294/43649767/52391.445/4e6488bb-bc7d-4de3-bc7a-8d0cb78f6881,1,0,nan,139.941921,40.058079,0.438744,0.443591,nan,nan,0.461827,nan,nan,1,0.000802
opdformer_p_rgb_512,1861,437294/43649767/52391.445/a32fbc05-5e6a-4bf0-b36b-655203cd99aa,1,1,nan,3.740500,3.740500,0.924781,0.925087,nan,nan,0.617211,nan,nan,1,0.002431
opdformer_p_rgb_512,1862,437294/43649767/52391.545/4e6488bb-bc7d-4de3-bc7a-8d0cb78f6881,1,1,nan,169.184956,10.815044,0.550484,0.556607,nan,nan,0.331263,nan,nan,1,0.001428
opdformer_p_rgb_512,1863,437294/43649767/52391.545/a32fbc05-5e6a-4bf0-b36b-655203cd99aa,1,1,nan,7.091332,7.091332,0.379966,0.380283,nan,nan,0.649425,nan,nan,1,0.001279
opdformer_p_rgb_512,1864,437294/43649767/52391.644/a32fbc05-5e6a-4bf0-b36b-655203cd99aa,1,1,nan,5.720257,5.720257,0.397206,0.403102,nan,nan,0.635281,nan,nan,1,0.002352
opdformer_p_rgb_512,1865,437294/43649767/52391.744/a32fbc05-5e6a-4bf0-b36b-655203cd99aa,1,1,nan,36.749339,36.749339,0.418601,0.425254,nan,nan,0.646202,nan,nan,1,0.002434
opdformer_p_rgb_512,1866,437294/43649767/52391.844/a32fbc05-5e6a-4bf0-b36b-655203cd99aa,1,0,nan,28.761869,28.761869,0.391883,0.422814,nan,nan,0.638070,nan,nan,1,0.001893
opdformer_p_rgb_512,1867,437294/43649767/52391.944/a32fbc05-5e6a-4bf0-b36b-655203cd99aa,1,1,nan,1.663008,1.663008,0.511876,0.518020,nan,nan,0.608096,nan,nan,1,0.001776
opdformer_p_rgb_512,1868,437294/43649767/52399.258/fbdca1b0-62dd-4849-9662-0f674a3e5ae2,0,0,nan,159.706421,20.293579,nan,nan,nan,nan,0.622596,nan,nan,1,0.000359
opdformer_p_rgb_512,1869,437709/43828390/94722.611/5a4db5a5-ba49-46f5-897a-c3de231c95f8,0,1,nan,80.838720,80.838720,nan,nan,nan,nan,0.683377,nan,nan,1,0.002491
opdformer_p_rgb_512,1870,437709/43828390/94722.711/52be2853-8bd2-426b-b599-c6490375ba70,0,-1,nan,90.000000,90.000000,nan,nan,nan,nan,0.000000,nan,nan,0,nan
opdformer_p_rgb_512,1871,437709/43828390/94722.711/5a4db5a5-ba49-46f5-897a-c3de231c95f8,0,1,nan,71.181774,71.181774,nan,nan,nan,nan,0.668750,nan,nan,1,0.008696
opdformer_p_rgb_512,1872,437709/43828390/94722.711/accba39d-890d-45c6-ad90-3a923cce8ace,0,-1,nan,90.000000,90.000000,nan,nan,nan,nan,0.000000,nan,nan,0,nan
opdformer_p_rgb_512,1873,437709/43828390/94722.811/52be2853-8bd2-426b-b599-c6490375ba70,0,-1,nan,90.000000,90.000000,nan,nan,nan,nan,0.000000,nan,nan,0,nan
opdformer_p_rgb_512,1874,437709/43828390/94722.811/accba39d-890d-45c6-ad90-3a923cce8ace,0,-1,nan,90.000000,90.000000,nan,nan,nan,nan,0.000000,nan,nan,0,nan
opdformer_p_rgb_512,1875,437709/43828390/94722.911/52be2853-8bd2-426b-b599-c6490375ba70,0,-1,nan,90.000000,90.000000,nan,nan,nan,nan,0.000000,nan,nan,0,nan
opdformer_p_rgb_512,1876,437709/43828390/94722.911/accba39d-890d-45c6-ad90-3a923cce8ace,0,-1,nan,90.000000,90.000000,nan,nan,nan,nan,0.000000,nan,nan,0,nan
opdformer_p_rgb_512,1877,437709/43828390/94723.011/52be2853-8bd2-426b-b599-c6490375ba70,0,-1,nan,90.000000,90.000000,nan,nan,nan,nan,0.000000,nan,nan,0,nan
opdformer_p_rgb_512,1878,437709/43828390/94723.011/5a4db5a5-ba49-46f5-897a-c3de231c95f8,0,0,nan,64.826956,64.826956,nan,nan,nan,nan,0.356998,nan,nan,1,0.006046
opdformer_p_rgb_512,1879,437709/43828390/94723.011/accba39d-890d-45c6-ad90-3a923cce8ace,0,-1,nan,90.000000,90.000000,nan,nan,nan,nan,0.000000,nan,nan,0,nan
opdformer_p_rgb_512,1880,437709/43828390/94723.111/52be2853-8bd2-426b-b599-c6490375ba70,0,0,nan,59.150634,59.150634,nan,nan,nan,nan,0.026042,nan,nan,1,0.001883
opdformer_p_rgb_512,1881,437709/43828390/94723.111/5a4db5a5-ba49-46f5-897a-c3de231c95f8,0,0,nan,17.674000,17.674000,nan,nan,nan,nan,0.809836,nan,nan,1,0.008553
opdformer_p_rgb_512,1882,437709/43828390/94723.111/accba39d-890d-45c6-ad90-3a923cce8ace,0,0,nan,52.253620,52.253620,nan,nan,nan,nan,0.207792,nan,nan,1,0.000911
opdformer_p_rgb_512,1883,437709/43828390/94723.211/52be2853-8bd2-426b-b599-c6490375ba70,0,0,nan,37.361391,37.361391,nan,nan,nan,nan,0.155807,nan,nan,1,0.001256
opdformer_p_rgb_512,1884,437709/43828390/94723.211/5a4db5a5-ba49-46f5-897a-c3de231c95f8,0,0,nan,123.682072,56.317928,nan,nan,nan,nan,0.748521,nan,nan,1,0.003719
opdformer_p_rgb_512,1885,437709/43828390/94723.211/accba39d-890d-45c6-ad90-3a923cce8ace,0,0,nan,57.813808,57.813808,nan,nan,nan,nan,0.490862,nan,nan,1,0.001058
opdformer_p_rgb_512,1886,437709/43828390/94723.311/52be2853-8bd2-426b-b599-c6490375ba70,0,-1,nan,90.000000,90.000000,nan,nan,nan,nan,0.000000,nan,nan,0,nan
opdformer_p_rgb_512,1887,437709/43828390/94723.311/accba39d-890d-45c6-ad90-3a923cce8ace,0,0,nan,51.356746,51.356746,nan,nan,nan,nan,0.361290,nan,nan,1,0.012849
opdformer_p_rgb_512,1888,437709/43828390/94723.411/52be2853-8bd2-426b-b599-c6490375ba70,0,-1,nan,90.000000,90.000000,nan,nan,nan,nan,0.000000,nan,nan,0,nan
opdformer_p_rgb_512,1889,437709/43828390/94723.411/accba39d-890d-45c6-ad90-3a923cce8ace,0,0,nan,57.938074,57.938074,nan,nan,nan,nan,0.303263,nan,nan,1,0.002632
opdformer_p_rgb_512,1890,437709/43828390/94723.511/accba39d-890d-45c6-ad90-3a923cce8ace,0,0,nan,34.271137,34.271137,nan,nan,nan,nan,0.315534,nan,nan,1,0.003972
opdformer_p_rgb_512,1891,437709/43828390/94723.611/accba39d-890d-45c6-ad90-3a923cce8ace,0,-1,nan,90.000000,90.000000,nan,nan,nan,nan,0.000000,nan,nan,0,nan
opdformer_p_rgb_512,1892,437709/43828390/94730.408/52be2853-8bd2-426b-b599-c6490375ba70,0,0,nan,75.717064,75.717064,nan,nan,nan,nan,0.308668,nan,nan,1,0.000017
opdformer_p_rgb_512,1893,437709/43828390/94730.408/accba39d-890d-45c6-ad90-3a923cce8ace,0,0,nan,83.200698,83.200698,nan,nan,nan,nan,0.537915,nan,nan,1,0.000018
opdformer_p_rgb_512,1894,437709/43828390/94730.508/52be2853-8bd2-426b-b599-c6490375ba70,0,0,nan,88.557238,88.557238,nan,nan,nan,nan,0.401891,nan,nan,1,0.008503
opdformer_p_rgb_512,1895,437709/43828390/94730.508/5a4db5a5-ba49-46f5-897a-c3de231c95f8,0,0,nan,65.483273,65.483273,nan,nan,nan,nan,0.569588,nan,nan,1,0.000028
opdformer_p_rgb_512,1896,437709/43828390/94730.508/accba39d-890d-45c6-ad90-3a923cce8ace,0,0,nan,70.403381,70.403381,nan,nan,nan,nan,0.665823,nan,nan,1,0.000018
opdformer_p_rgb_512,1897,437709/43828390/94780.321/e3c28992-449f-4f22-bc08-8f9186fb0219,0,1,nan,121.052404,58.947596,nan,nan,nan,nan,0.522788,nan,nan,1,0.000034
opdformer_p_rgb_512,1898,437709/43828390/94780.421/e3c28992-449f-4f22-bc08-8f9186fb0219,0,-1,nan,90.000000,90.000000,nan,nan,nan,nan,0.000000,nan,nan,0,nan
opdformer_p_rgb_512,1899,437709/43828390/94780.521/e3c28992-449f-4f22-bc08-8f9186fb0219,0,-1,nan,90.000000,90.000000,nan,nan,nan,nan,0.000000,nan,nan,0,nan
opdformer_p_rgb_512,1900,437709/43828390/94780.621/e3c28992-449f-4f22-bc08-8f9186fb0219,0,0,nan,94.251559,85.748441,nan,nan,nan,nan,0.584192,nan,nan,1,0.000187
opdformer_p_rgb_512,1901,437709/43828390/94780.720/e3c28992-449f-4f22-bc08-8f9186fb0219,0,-1,nan,90.000000,90.000000,nan,nan,nan,nan,0.000000,nan,nan,0,nan
opdformer_p_rgb_512,1902,437709/43828390/94780.820/e3c28992-449f-4f22-bc08-8f9186fb0219,0,0,nan,86.252608,86.252608,nan,nan,nan,nan,0.562914,nan,nan,1,0.004698
opdformer_p_rgb_512,1903,437709/43828390/94780.920/e3c28992-449f-4f22-bc08-8f9186fb0219,0,0,nan,87.403245,87.403245,nan,nan,nan,nan,0.562914,nan,nan,1,0.327084
opdformer_p_rgb_512,1904,437709/43828390/94781.020/e3c28992-449f-4f22-bc08-8f9186fb0219,0,0,nan,90.311383,89.688617,nan,nan,nan,nan,0.566176,nan,nan,1,0.002019
opdformer_p_rgb_512,1905,437709/43828390/94781.120/e3c28992-449f-4f22-bc08-8f9186fb0219,0,0,nan,85.033285,85.033285,nan,nan,nan,nan,0.023303,nan,nan,1,0.001894
opdformer_p_rgb_512,1906,437709/43828390/94787.518/52be2853-8bd2-426b-b599-c6490375ba70,0,0,nan,33.679398,33.679398,nan,nan,nan,nan,0.710875,nan,nan,1,0.000116
opdformer_p_rgb_512,1907,437709/43828390/94787.618/52be2853-8bd2-426b-b599-c6490375ba70,0,0,nan,31.836798,31.836798,nan,nan,nan,nan,0.723164,nan,nan,1,0.000102
opdformer_p_rgb_512,1908,437709/43828390/94787.718/52be2853-8bd2-426b-b599-c6490375ba70,0,0,nan,30.293954,30.293954,nan,nan,nan,nan,0.669516,nan,nan,1,0.000101
opdformer_p_rgb_512,1909,437709/43828390/94787.818/52be2853-8bd2-426b-b599-c6490375ba70,0,0,nan,32.253841,32.253841,nan,nan,nan,nan,0.756522,nan,nan,1,0.000083
opdformer_p_rgb_512,1910,437709/43828390/94787.918/52be2853-8bd2-426b-b599-c6490375ba70,0,0,nan,41.550254,41.550254,nan,nan,nan,nan,0.731988,nan,nan,1,0.000054
opdformer_p_rgb_512,1911,437709/43828390/94788.017/52be2853-8bd2-426b-b599-c6490375ba70,0,0,nan,34.056185,34.056185,nan,nan,nan,nan,0.708223,nan,nan,1,0.000060
opdformer_p_rgb_512,1912,437709/43828390/94788.117/52be2853-8bd2-426b-b599-c6490375ba70,0,0,nan,37.274553,37.274553,nan,nan,nan,nan,0.780220,nan,nan,1,0.000052
opdformer_p_rgb_512,1913,437709/43828390/94788.117/c5d9caa5-43c1-4c41-9d99-78a563b13cfe,0,0,nan,11.002039,11.002039,nan,nan,nan,nan,0.502370,nan,nan,1,0.000309
opdformer_p_rgb_512,1914,437709/43828390/94788.217/52be2853-8bd2-426b-b599-c6490375ba70,0,0,nan,36.275710,36.275710,nan,nan,nan,nan,0.729064,nan,nan,1,0.000113
opdformer_p_rgb_512,1915,437709/43828390/94788.317/52be2853-8bd2-426b-b599-c6490375ba70,0,0,nan,34.942308,34.942308,nan,nan,nan,nan,0.700000,nan,nan,1,0.000053
opdformer_p_rgb_512,1916,437709/43828390/94788.317/accba39d-890d-45c6-ad90-3a923cce8ace,0,0,nan,19.266663,19.266663,nan,nan,nan,nan,0.550403,nan,nan,1,0.000026
opdformer_p_rgb_512,1917,437709/43828390/94788.417/52be2853-8bd2-426b-b599-c6490375ba70,0,0,nan,27.899520,27.899520,nan,nan,nan,nan,0.730603,nan,nan,1,0.000337
opdformer_p_rgb_512,1918,437709/43828390/94788.417/accba39d-890d-45c6-ad90-3a923cce8ace,0,0,nan,13.480512,13.480512,nan,nan,nan,nan,0.611940,nan,nan,1,0.000071
opdformer_p_rgb_512,1919,437709/43828390/94788.517/5a4db5a5-ba49-46f5-897a-c3de231c95f8,0,0,nan,21.560598,21.560598,nan,nan,nan,nan,0.622120,nan,nan,1,0.000139
opdformer_p_rgb_512,1920,437709/43828390/94788.517/accba39d-890d-45c6-ad90-3a923cce8ace,0,0,nan,20.218829,20.218829,nan,nan,nan,nan,0.778905,nan,nan,1,0.000020
opdformer_p_rgb_512,1921,437709/43828390/94788.617/5a4db5a5-ba49-46f5-897a-c3de231c95f8,0,0,nan,20.027648,20.027648,nan,nan,nan,nan,0.628635,nan,nan,1,0.000894
opdformer_p_rgb_512,1922,437709/43828391/94862.420/5a4db5a5-ba49-46f5-897a-c3de231c95f8,0,0,nan,114.811493,65.188507,nan,nan,nan,nan,0.770522,nan,nan,1,0.002188
opdformer_p_rgb_512,1923,437709/43828391/94862.520/5a4db5a5-ba49-46f5-897a-c3de231c95f8,0,0,nan,46.684592,46.684592,nan,nan,nan,nan,0.838509,nan,nan,1,0.000017
opdformer_p_rgb_512,1924,437709/43828391/94862.620/5a4db5a5-ba49-46f5-897a-c3de231c95f8,0,0,nan,53.428238,53.428238,nan,nan,nan,nan,0.629630,nan,nan,1,0.000293
opdformer_p_rgb_512,1925,437709/43828391/94862.720/5a4db5a5-ba49-46f5-897a-c3de231c95f8,0,0,nan,48.496270,48.496270,nan,nan,nan,nan,0.818548,nan,nan,1,0.000032
opdformer_p_rgb_512,1926,437709/43828391/94862.820/5a4db5a5-ba49-46f5-897a-c3de231c95f8,0,0,nan,33.721273,33.721273,nan,nan,nan,nan,0.658436,nan,nan,1,0.000045
opdformer_p_rgb_512,1927,437709/43828391/94862.920/5a4db5a5-ba49-46f5-897a-c3de231c95f8,0,0,nan,44.964583,44.964583,nan,nan,nan,nan,0.754348,nan,nan,1,0.000051
opdformer_p_rgb_512,1928,437709/43828391/94863.020/5a4db5a5-ba49-46f5-897a-c3de231c95f8,0,0,nan,49.548507,49.548507,nan,nan,nan,nan,0.684455,nan,nan,1,0.000011
opdformer_p_rgb_512,1929,437709/43828391/94863.020/accba39d-890d-45c6-ad90-3a923cce8ace,0,0,nan,39.380211,39.380211,nan,nan,nan,nan,0.834646,nan,nan,1,0.000006
opdformer_p_rgb_512,1930,437709/43828391/94863.120/5a4db5a5-ba49-46f5-897a-c3de231c95f8,0,0,nan,58.508768,58.508768,nan,nan,nan,nan,0.743386,nan,nan,1,0.000028
opdformer_p_rgb_512,1931,437709/43828391/94863.120/accba39d-890d-45c6-ad90-3a923cce8ace,0,0,nan,45.173245,45.173245,nan,nan,nan,nan,0.785408,nan,nan,1,0.000054
opdformer_p_rgb_512,1932,437709/43828391/94863.220/5a4db5a5-ba49-46f5-897a-c3de231c95f8,0,0,nan,56.783515,56.783515,nan,nan,nan,nan,0.575835,nan,nan,1,0.000046
opdformer_p_rgb_512,1933,437709/43828391/94863.220/accba39d-890d-45c6-ad90-3a923cce8ace,0,0,nan,51.840079,51.840079,nan,nan,nan,nan,0.707368,nan,nan,1,0.000100
opdformer_p_rgb_512,1934,437709/43828391/94863.320/52be2853-8bd2-426b-b599-c6490375ba70,0,0,nan,45.842903,45.842903,nan,nan,nan,nan,0.608919,nan,nan,1,0.000037
opdformer_p_rgb_512,1935,437709/43828391/94863.320/5a4db5a5-ba49-46f5-897a-c3de231c95f8,0,0,nan,56.939347,56.939347,nan,nan,nan,nan,0.585242,nan,nan,1,0.000008
opdformer_p_rgb_512,1936,437709/43828391/94863.320/accba39d-890d-45c6-ad90-3a923cce8ace,0,0,nan,56.928767,56.928767,nan,nan,nan,nan,0.740566,nan,nan,1,0.000028
opdformer_p_rgb_512,1937,437709/43828391/94863.420/52be2853-8bd2-426b-b599-c6490375ba70,0,0,nan,36.457286,36.457286,nan,nan,nan,nan,0.638838,nan,nan,1,0.000013
opdformer_p_rgb_512,1938,437709/43828391/94863.420/5a4db5a5-ba49-46f5-897a-c3de231c95f8,0,0,nan,53.787993,53.787993,nan,nan,nan,nan,0.564865,nan,nan,1,0.000006
opdformer_p_rgb_512,1939,437709/43828391/94863.420/accba39d-890d-45c6-ad90-3a923cce8ace,0,0,nan,50.419245,50.419245,nan,nan,nan,nan,0.603175,nan,nan,1,0.000061
opdformer_p_rgb_512,1940,437709/43828391/94863.520/5a4db5a5-ba49-46f5-897a-c3de231c95f8,0,0,nan,51.727208,51.727208,nan,nan,nan,nan,0.555866,nan,nan,1,0.000028
opdformer_p_rgb_512,1941,437709/43828391/94863.520/accba39d-890d-45c6-ad90-3a923cce8ace,0,0,nan,38.620806,38.620806,nan,nan,nan,nan,0.632794,nan,nan,1,0.000022
opdformer_p_rgb_512,1942,437709/43828391/94863.619/accba39d-890d-45c6-ad90-3a923cce8ace,0,0,nan,60.196237,60.196237,nan,nan,nan,nan,0.777778,nan,nan,1,0.000036
opdformer_p_rgb_512,1943,437709/43828391/94863.719/52be2853-8bd2-426b-b599-c6490375ba70,0,0,nan,29.467655,29.467655,nan,nan,nan,nan,0.755924,nan,nan,1,0.000040
opdformer_p_rgb_512,1944,437709/43828391/94863.719/accba39d-890d-45c6-ad90-3a923cce8ace,0,0,nan,41.158309,41.158309,nan,nan,nan,nan,0.687845,nan,nan,1,0.000209
opdformer_p_rgb_512,1945,437709/43828391/94863.819/accba39d-890d-45c6-ad90-3a923cce8ace,0,0,nan,44.063774,44.063774,nan,nan,nan,nan,0.816327,nan,nan,1,0.000055
opdformer_p_rgb_512,1946,437709/43828391/94863.919/accba39d-890d-45c6-ad90-3a923cce8ace,0,0,nan,18.140270,18.140270,nan,nan,nan,nan,0.584416,nan,nan,1,0.000146
opdformer_p_rgb_512,1947,437709/43828391/94864.019/accba39d-890d-45c6-ad90-3a923cce8ace,0,0,nan,46.639468,46.639468,nan,nan,nan,nan,0.700272,nan,nan,1,0.000226
opdformer_p_rgb_512,1948,437709/43828391/94864.119/accba39d-890d-45c6-ad90-3a923cce8ace,0,0,nan,127.505916,52.494084,nan,nan,nan,nan,0.256293,nan,nan,1,0.000989
opdformer_p_rgb_512,1949,437709/43828391/94864.719/52be2853-8bd2-426b-b599-c6490375ba70,0,-1,nan,90.000000,90.000000,nan,nan,nan,nan,0.000000,nan,nan,0,nan
opdformer_p_rgb_512,1950,437709/43828391/94864.819/52be2853-8bd2-426b-b599-c6490375ba70,0,-1,nan,90.000000,90.000000,nan,nan,nan,nan,0.000000,nan,nan,0,nan
opdformer_p_rgb_512,1951,437709/43828391/94864.919/52be2853-8bd2-426b-b599-c6490375ba70,0,-1,nan,90.000000,90.000000,nan,nan,nan,nan,0.000000,nan,nan,0,nan
opdformer_p_rgb_512,1952,437709/43828391/94869.417/52be2853-8bd2-426b-b599-c6490375ba70,0,0,nan,22.418646,22.418646,nan,nan,nan,nan,0.726994,nan,nan,1,0.547554
opdformer_p_rgb_512,1953,437709/43828391/94869.517/52be2853-8bd2-426b-b599-c6490375ba70,0,0,nan,57.641187,57.641187,nan,nan,nan,nan,0.733129,nan,nan,1,0.947085
opdformer_p_rgb_512,1954,437709/43828391/94869.617/52be2853-8bd2-426b-b599-c6490375ba70,0,0,nan,45.231643,45.231643,nan,nan,nan,nan,0.760234,nan,nan,1,0.000005
opdformer_p_rgb_512,1955,437709/43828391/94869.617/accba39d-890d-45c6-ad90-3a923cce8ace,0,0,nan,62.129261,62.129261,nan,nan,nan,nan,0.571429,nan,nan,1,0.000012
opdformer_p_rgb_512,1956,437709/43828391/94869.717/52be2853-8bd2-426b-b599-c6490375ba70,0,0,nan,47.271578,47.271578,nan,nan,nan,nan,0.685714,nan,nan,1,0.000010
opdformer_p_rgb_512,1957,437709/43828391/94869.717/accba39d-890d-45c6-ad90-3a923cce8ace,0,0,nan,53.918697,53.918697,nan,nan,nan,nan,0.598485,nan,nan,1,0.000017
opdformer_p_rgb_512,1958,437709/43828391/94869.817/52be2853-8bd2-426b-b599-c6490375ba70,0,0,nan,34.156207,34.156207,nan,nan,nan,nan,0.661333,nan,nan,1,0.000009
opdformer_p_rgb_512,1959,437709/43828391/94869.817/5a4db5a5-ba49-46f5-897a-c3de231c95f8,0,0,nan,44.587781,44.587781,nan,nan,nan,nan,0.598291,nan,nan,1,0.000019
opdformer_p_rgb_512,1960,437709/43828391/94869.817/accba39d-890d-45c6-ad90-3a923cce8ace,0,0,nan,49.953466,49.953466,nan,nan,nan,nan,0.605263,nan,nan,1,0.936150
opdformer_p_rgb_512,1961,437709/43828391/94869.917/52be2853-8bd2-426b-b599-c6490375ba70,0,0,nan,32.589941,32.589941,nan,nan,nan,nan,0.685930,nan,nan,1,0.000008
opdformer_p_rgb_512,1962,437709/43828391/94869.917/5a4db5a5-ba49-46f5-897a-c3de231c95f8,0,0,nan,46.383530,46.383530,nan,nan,nan,nan,0.639535,nan,nan,1,0.000010
opdformer_p_rgb_512,1963,437709/43828391/94869.917/accba39d-890d-45c6-ad90-3a923cce8ace,0,0,nan,45.199088,45.199088,nan,nan,nan,nan,0.640969,nan,nan,1,0.000008
opdformer_p_rgb_512,1964,437709/43828391/94870.017/52be2853-8bd2-426b-b599-c6490375ba70,0,0,nan,31.959852,31.959852,nan,nan,nan,nan,0.646552,nan,nan,1,0.000018
opdformer_p_rgb_512,1965,437709/43828391/94870.017/5a4db5a5-ba49-46f5-897a-c3de231c95f8,0,0,nan,36.878552,36.878552,nan,nan,nan,nan,0.670695,nan,nan,1,0.005235
opdformer_p_rgb_512,1966,437709/43828391/94870.017/accba39d-890d-45c6-ad90-3a923cce8ace,0,0,nan,37.400020,37.400020,nan,nan,nan,nan,0.635266,nan,nan,1,0.000034
opdformer_p_rgb_512,1967,437709/43828391/94870.117/52be2853-8bd2-426b-b599-c6490375ba70,0,0,nan,39.327254,39.327254,nan,nan,nan,nan,0.711628,nan,nan,1,0.000024
opdformer_p_rgb_512,1968,437709/43828391/94870.117/5a4db5a5-ba49-46f5-897a-c3de231c95f8,0,0,nan,40.910787,40.910787,nan,nan,nan,nan,0.706704,nan,nan,1,0.000005
opdformer_p_rgb_512,1969,437709/43828391/94870.117/accba39d-890d-45c6-ad90-3a923cce8ace,0,0,nan,45.686237,45.686237,nan,nan,nan,nan,0.654412,nan,nan,1,0.000013
opdformer_p_rgb_512,1970,437709/43828391/94870.217/52be2853-8bd2-426b-b599-c6490375ba70,0,0,nan,39.191449,39.191449,nan,nan,nan,nan,0.786667,nan,nan,1,0.000070
opdformer_p_rgb_512,1971,437709/43828391/94870.217/5a4db5a5-ba49-46f5-897a-c3de231c95f8,0,0,nan,45.501660,45.501660,nan,nan,nan,nan,0.664865,nan,nan,1,0.000006
opdformer_p_rgb_512,1972,437709/43828391/94870.217/accba39d-890d-45c6-ad90-3a923cce8ace,0,0,nan,45.597193,45.597193,nan,nan,nan,nan,0.643836,nan,nan,1,0.000031
opdformer_p_rgb_512,1973,437709/43828391/94870.317/099ecc1d-15de-4f08-a324-97d98d23b5af,0,-1,nan,90.000000,90.000000,nan,nan,nan,nan,0.000000,nan,nan,0,nan
opdformer_p_rgb_512,1974,437709/43828391/94870.317/52be2853-8bd2-426b-b599-c6490375ba70,0,0,nan,41.348686,41.348686,nan,nan,nan,nan,0.680258,nan,nan,1,0.000102
opdformer_p_rgb_512,1975,437709/43828391/94870.317/5a4db5a5-ba49-46f5-897a-c3de231c95f8,0,0,nan,44.374589,44.374589,nan,nan,nan,nan,0.676471,nan,nan,1,0.000019
opdformer_p_rgb_512,1976,437709/43828391/94870.317/accba39d-890d-45c6-ad90-3a923cce8ace,0,0,nan,45.744640,45.744640,nan,nan,nan,nan,0.724299,nan,nan,1,0.000081
opdformer_p_rgb_512,1977,437709/43828391/94870.417/099ecc1d-15de-4f08-a324-97d98d23b5af,0,-1,nan,90.000000,90.000000,nan,nan,nan,nan,0.000000,nan,nan,0,nan
opdformer_p_rgb_512,1978,437709/43828391/94870.417/52be2853-8bd2-426b-b599-c6490375ba70,0,0,nan,46.805874,46.805874,nan,nan,nan,nan,0.782998,nan,nan,1,0.000157
opdformer_p_rgb_512,1979,437709/43828391/94870.417/5a4db5a5-ba49-46f5-897a-c3de231c95f8,0,0,nan,46.092295,46.092295,nan,nan,nan,nan,0.708791,nan,nan,1,0.000054
opdformer_p_rgb_512,1980,437709/43828391/94870.417/accba39d-890d-45c6-ad90-3a923cce8ace,0,0,nan,46.591113,46.591113,nan,nan,nan,nan,0.834146,nan,nan,1,0.000016
opdformer_p_rgb_512,1981,437709/43828391/94870.517/099ecc1d-15de-4f08-a324-97d98d23b5af,0,0,nan,45.991675,45.991675,nan,nan,nan,nan,0.430070,nan,nan,1,0.000124
opdformer_p_rgb_512,1982,437709/43828391/94870.517/52be2853-8bd2-426b-b599-c6490375ba70,0,0,nan,48.149129,48.149129,nan,nan,nan,nan,0.651709,nan,nan,1,0.000227
opdformer_p_rgb_512,1983,437709/43828391/94870.517/5a4db5a5-ba49-46f5-897a-c3de231c95f8,0,0,nan,46.640462,46.640462,nan,nan,nan,nan,0.771084,nan,nan,1,0.000030
opdformer_p_rgb_512,1984,437709/43828391/94870.517/accba39d-890d-45c6-ad90-3a923cce8ace,0,0,nan,51.592515,51.592515,nan,nan,nan,nan,0.698876,nan,nan,1,0.000035
opdformer_p_rgb_512,1985,437709/43828391/94870.617/099ecc1d-15de-4f08-a324-97d98d23b5af,0,-1,nan,90.000000,90.000000,nan,nan,nan,nan,0.000000,nan,nan,0,nan
opdformer_p_rgb_512,1986,437709/43828391/94870.617/52be2853-8bd2-426b-b599-c6490375ba70,0,0,nan,40.034565,40.034565,nan,nan,nan,nan,0.618497,nan,nan,1,0.000057
opdformer_p_rgb_512,1987,437709/43828391/94870.617/5a4db5a5-ba49-46f5-897a-c3de231c95f8,0,0,nan,44.862990,44.862990,nan,nan,nan,nan,0.718232,nan,nan,1,0.000054
opdformer_p_rgb_512,1988,437709/43828391/94870.617/accba39d-890d-45c6-ad90-3a923cce8ace,0,0,nan,52.241145,52.241145,nan,nan,nan,nan,0.665208,nan,nan,1,0.000087
opdformer_p_rgb_512,1989,437709/43828391/94870.717/099ecc1d-15de-4f08-a324-97d98d23b5af,0,0,nan,31.135834,31.135834,nan,nan,nan,nan,0.684385,nan,nan,1,0.000114
opdformer_p_rgb_512,1990,437709/43828391/94870.717/52be2853-8bd2-426b-b599-c6490375ba70,0,0,nan,40.298915,40.298915,nan,nan,nan,nan,0.472837,nan,nan,1,0.002194
opdformer_p_rgb_512,1991,437709/43828391/94870.717/5a4db5a5-ba49-46f5-897a-c3de231c95f8,0,0,nan,40.632202,40.632202,nan,nan,nan,nan,0.712251,nan,nan,1,0.000125
opdformer_p_rgb_512,1992,437709/43828391/94870.717/accba39d-890d-45c6-ad90-3a923cce8ace,0,0,nan,45.125828,45.125828,nan,nan,nan,nan,0.683333,nan,nan,1,0.000273
opdformer_p_rgb_512,1993,437709/43828391/94870.817/099ecc1d-15de-4f08-a324-97d98d23b5af,0,-1,nan,90.000000,90.000000,nan,nan,nan,nan,0.000000,nan,nan,0,nan
opdformer_p_rgb_512,1994,437709/43828391/94870.817/52be2853-8bd2-426b-b599-c6490375ba70,0,0,nan,34.688533,34.688533,nan,nan,nan,nan,0.771186,nan,nan,1,0.000035
opdformer_p_rgb_512,1995,437709/43828391/94870.817/5a4db5a5-ba49-46f5-897a-c3de231c95f8,0,0,nan,39.103315,39.103315,nan,nan,nan,nan,0.665730,nan,nan,1,0.000029
opdformer_p_rgb_512,1996,437709/43828391/94870.817/5ec0c6cc-36f1-4124-899e-94ea44707e9c,0,0,nan,28.362396,28.362396,nan,nan,nan,nan,0.411243,nan,nan,1,0.000051
opdformer_p_rgb_512,1997,437709/43828391/94870.817/accba39d-890d-45c6-ad90-3a923cce8ace,0,0,nan,41.628400,41.628400,nan,nan,nan,nan,0.651399,nan,nan,1,0.000098
opdformer_p_rgb_512,1998,437709/43828391/94870.916/099ecc1d-15de-4f08-a324-97d98d23b5af,0,0,nan,15.851177,15.851177,nan,nan,nan,nan,0.522843,nan,nan,1,0.000114
opdformer_p_rgb_512,1999,437709/43828391/94870.916/52be2853-8bd2-426b-b599-c6490375ba70,0,0,nan,33.885375,33.885375,nan,nan,nan,nan,0.701010,nan,nan,1,0.000029
opdformer_p_rgb_512,2000,437709/43828391/94870.916/5a4db5a5-ba49-46f5-897a-c3de231c95f8,0,0,nan,39.002579,39.002579,nan,nan,nan,nan,0.735202,nan,nan,1,0.000031
opdformer_p_rgb_512,2001,437709/43828391/94870.916/5ec0c6cc-36f1-4124-899e-94ea44707e9c,0,-1,nan,90.000000,90.000000,nan,nan,nan,nan,0.000000,nan,nan,0,nan
opdformer_p_rgb_512,2002,437709/43828391/94870.916/accba39d-890d-45c6-ad90-3a923cce8ace,0,0,nan,39.426199,39.426199,nan,nan,nan,nan,0.648402,nan,nan,1,0.000090
opdformer_p_rgb_512,2003,437709/43828391/94871.016/099ecc1d-15de-4f08-a324-97d98d23b5af,0,0,nan,23.236327,23.236327,nan,nan,nan,nan,0.734756,nan,nan,1,0.000072
opdformer_p_rgb_512,2004,437709/43828391/94871.016/52be2853-8bd2-426b-b599-c6490375ba70,0,0,nan,27.132094,27.132094,nan,nan,nan,nan,0.680934,nan,nan,1,0.000030
opdformer_p_rgb_512,2005,437709/43828391/94871.016/5a4db5a5-ba49-46f5-897a-c3de231c95f8,0,0,nan,42.373459,42.373459,nan,nan,nan,nan,0.696379,nan,nan,1,0.000048
opdformer_p_rgb_512,2006,437709/43828391/94871.016/5ec0c6cc-36f1-4124-899e-94ea44707e9c,0,-1,nan,90.000000,90.000000,nan,nan,nan,nan,0.000000,nan,nan,0,nan
opdformer_p_rgb_512,2007,437709/43828391/94871.016/accba39d-890d-45c6-ad90-3a923cce8ace,0,0,nan,35.972499,35.972499,nan,nan,nan,nan,0.682609,nan,nan,1,0.000065
opdformer_p_rgb_512,2008,437709/43828391/94871.116/099ecc1d-15de-4f08-a324-97d98d23b5af,0,0,nan,9.069701,9.069701,nan,nan,nan,nan,0.667752,nan,nan,1,0.000022
opdformer_p_rgb_512,2009,437709/43828391/94871.116/52be2853-8bd2-426b-b599-c6490375ba70,0,0,nan,30.242425,30.242425,nan,nan,nan,nan,0.792952,nan,nan,1,0.000028
opdformer_p_rgb_512,2010,437709/43828391/94871.116/5a4db5a5-ba49-46f5-897a-c3de231c95f8,0,0,nan,43.965755,43.965755,nan,nan,nan,nan,0.733333,nan,nan,1,0.000022
opdformer_p_rgb_512,2011,437709/43828391/94871.116/accba39d-890d-45c6-ad90-3a923cce8ace,0,0,nan,45.410868,45.410868,nan,nan,nan,nan,0.677725,nan,nan,1,0.000022
opdformer_p_rgb_512,2012,437709/43828391/94871.216/099ecc1d-15de-4f08-a324-97d98d23b5af,0,-1,nan,90.000000,90.000000,nan,nan,nan,nan,0.000000,nan,nan,0,nan
opdformer_p_rgb_512,2013,437709/43828391/94871.216/52be2853-8bd2-426b-b599-c6490375ba70,0,0,nan,34.846316,34.846316,nan,nan,nan,nan,0.698152,nan,nan,1,0.000025
opdformer_p_rgb_512,2014,437709/43828391/94871.216/5a4db5a5-ba49-46f5-897a-c3de231c95f8,0,0,nan,49.439172,49.439172,nan,nan,nan,nan,0.706231,nan,nan,1,0.000125
opdformer_p_rgb_512,2015,437709/43828391/94871.216/accba39d-890d-45c6-ad90-3a923cce8ace,0,0,nan,50.230884,50.230884,nan,nan,nan,nan,0.678815,nan,nan,1,0.000022
opdformer_p_rgb_512,2016,437709/43828391/94871.316/099ecc1d-15de-4f08-a324-97d98d23b5af,0,-1,nan,90.000000,90.000000,nan,nan,nan,nan,0.000000,nan,nan,0,nan
opdformer_p_rgb_512,2017,437709/43828391/94871.316/52be2853-8bd2-426b-b599-c6490375ba70,0,0,nan,40.392653,40.392653,nan,nan,nan,nan,0.732759,nan,nan,1,0.000021
opdformer_p_rgb_512,2018,437709/43828391/94871.316/5a4db5a5-ba49-46f5-897a-c3de231c95f8,0,0,nan,41.201394,41.201394,nan,nan,nan,nan,0.713499,nan,nan,1,0.000028
opdformer_p_rgb_512,2019,437709/43828391/94871.316/accba39d-890d-45c6-ad90-3a923cce8ace,0,0,nan,49.653057,49.653057,nan,nan,nan,nan,0.672249,nan,nan,1,0.000019
opdformer_p_rgb_512,2020,437709/43828391/94871.416/099ecc1d-15de-4f08-a324-97d98d23b5af,0,0,nan,36.649415,36.649415,nan,nan,nan,nan,0.108772,nan,nan,1,0.000037
opdformer_p_rgb_512,2021,437709/43828391/94871.416/52be2853-8bd2-426b-b599-c6490375ba70,0,0,nan,40.482810,40.482810,nan,nan,nan,nan,0.767094,nan,nan,1,0.000014
opdformer_p_rgb_512,2022,437709/43828391/94871.416/5a4db5a5-ba49-46f5-897a-c3de231c95f8,0,0,nan,38.316649,38.316649,nan,nan,nan,nan,0.720461,nan,nan,1,0.000015
opdformer_p_rgb_512,2023,437709/43828391/94871.416/accba39d-890d-45c6-ad90-3a923cce8ace,0,0,nan,47.546876,47.546876,nan,nan,nan,nan,0.704327,nan,nan,1,0.000015
opdformer_p_rgb_512,2024,437709/43828391/94871.516/52be2853-8bd2-426b-b599-c6490375ba70,0,0,nan,46.528461,46.528461,nan,nan,nan,nan,0.661905,nan,nan,1,0.000069
opdformer_p_rgb_512,2025,437709/43828391/94871.516/5a4db5a5-ba49-46f5-897a-c3de231c95f8,0,0,nan,47.033094,47.033094,nan,nan,nan,nan,0.735465,nan,nan,1,0.000016
opdformer_p_rgb_512,2026,437709/43828391/94871.516/accba39d-890d-45c6-ad90-3a923cce8ace,0,0,nan,47.478773,47.478773,nan,nan,nan,nan,0.703980,nan,nan,1,0.000020
opdformer_p_rgb_512,2027,437709/43828391/94871.616/52be2853-8bd2-426b-b599-c6490375ba70,0,0,nan,50.064207,50.064207,nan,nan,nan,nan,0.709172,nan,nan,1,0.000109
opdformer_p_rgb_512,2028,437709/43828391/94871.616/5a4db5a5-ba49-46f5-897a-c3de231c95f8,0,0,nan,34.522823,34.522823,nan,nan,nan,nan,0.684358,nan,nan,1,0.000034
opdformer_p_rgb_512,2029,437709/43828391/94871.616/accba39d-890d-45c6-ad90-3a923cce8ace,0,0,nan,45.589177,45.589177,nan,nan,nan,nan,0.728261,nan,nan,1,0.000193
opdformer_p_rgb_512,2030,437709/43828391/94871.616/d3ecc295-e6fd-46df-8b48-e55ec3d469e3,0,0,nan,74.830467,74.830467,nan,nan,nan,nan,0.455882,nan,nan,1,0.000017
opdformer_p_rgb_512,2031,437709/43828391/94871.716/52be2853-8bd2-426b-b599-c6490375ba70,0,0,nan,51.440803,51.440803,nan,nan,nan,nan,0.658933,nan,nan,1,0.000015
opdformer_p_rgb_512,2032,437709/43828391/94871.716/5a4db5a5-ba49-46f5-897a-c3de231c95f8,0,0,nan,42.422003,42.422003,nan,nan,nan,nan,0.683060,nan,nan,1,0.000013
opdformer_p_rgb_512,2033,437709/43828391/94871.716/accba39d-890d-45c6-ad90-3a923cce8ace,0,0,nan,50.764356,50.764356,nan,nan,nan,nan,0.630273,nan,nan,1,0.000058
opdformer_p_rgb_512,2034,437709/43828391/94871.816/52be2853-8bd2-426b-b599-c6490375ba70,0,0,nan,50.805130,50.805130,nan,nan,nan,nan,0.625780,nan,nan,1,0.000163
opdformer_p_rgb_512,2035,437709/43828391/94871.816/accba39d-890d-45c6-ad90-3a923cce8ace,0,0,nan,49.658121,49.658121,nan,nan,nan,nan,0.601990,nan,nan,1,0.908947
opdformer_p_rgb_512,2036,437709/43828391/94871.916/52be2853-8bd2-426b-b599-c6490375ba70,0,0,nan,49.167822,49.167822,nan,nan,nan,nan,0.608989,nan,nan,1,0.000012
opdformer_p_rgb_512,2037,437709/43828391/94871.916/accba39d-890d-45c6-ad90-3a923cce8ace,0,0,nan,43.892204,43.892204,nan,nan,nan,nan,0.615776,nan,nan,1,0.909628
opdformer_p_rgb_512,2038,437709/43828391/94872.016/52be2853-8bd2-426b-b599-c6490375ba70,0,0,nan,35.095980,35.095980,nan,nan,nan,nan,0.616972,nan,nan,1,0.678206
opdformer_p_rgb_512,2039,437709/43828391/94872.016/accba39d-890d-45c6-ad90-3a923cce8ace,0,0,nan,38.634241,38.634241,nan,nan,nan,nan,0.505669,nan,nan,1,0.000031
opdformer_p_rgb_512,2040,437709/43828391/94872.116/52be2853-8bd2-426b-b599-c6490375ba70,0,0,nan,27.320307,27.320307,nan,nan,nan,nan,0.563193,nan,nan,1,0.933614
opdformer_p_rgb_512,2041,437709/43828391/94872.216/52be2853-8bd2-426b-b599-c6490375ba70,0,0,nan,35.382784,35.382784,nan,nan,nan,nan,0.550898,nan,nan,1,0.953360
opdformer_p_rgb_512,2042,437709/43828391/94872.216/d9e21eab-26b1-46c3-a331-2f4d55fb2121,0,0,nan,75.918229,75.918229,nan,nan,nan,nan,0.029654,nan,nan,1,0.000094
opdformer_p_rgb_512,2043,437709/43828391/94872.316/d9e21eab-26b1-46c3-a331-2f4d55fb2121,0,-1,nan,90.000000,90.000000,nan,nan,nan,nan,0.000000,nan,nan,0,nan
opdformer_p_rgb_512,2044,437709/43828391/94872.416/d9e21eab-26b1-46c3-a331-2f4d55fb2121,0,-1,nan,90.000000,90.000000,nan,nan,nan,nan,0.000000,nan,nan,0,nan
opdformer_p_rgb_512,2045,437709/43828391/94872.516/d9e21eab-26b1-46c3-a331-2f4d55fb2121,0,-1,nan,90.000000,90.000000,nan,nan,nan,nan,0.000000,nan,nan,0,nan
opdformer_p_rgb_512,2046,437709/43828391/94872.616/d9e21eab-26b1-46c3-a331-2f4d55fb2121,0,-1,nan,90.000000,90.000000,nan,nan,nan,nan,0.000000,nan,nan,0,nan
opdformer_p_rgb_512,2047,437709/43828391/94875.215/14fc568e-8824-4ec8-9817-97d6185075fb,0,-1,nan,90.000000,90.000000,nan,nan,nan,nan,0.000000,nan,nan,0,nan
opdformer_p_rgb_512,2048,437709/43828391/94875.315/14fc568e-8824-4ec8-9817-97d6185075fb,0,0,nan,28.295064,28.295064,nan,nan,nan,nan,0.036364,nan,nan,1,0.003473
opdformer_p_rgb_512,2049,437709/43828391/94875.315/8af15108-fd6d-4268-95c0-e91f796099b2,0,-1,nan,90.000000,90.000000,nan,nan,nan,nan,0.000000,nan,nan,0,nan
opdformer_p_rgb_512,2050,437709/43828391/94875.415/14fc568e-8824-4ec8-9817-97d6185075fb,0,0,nan,7.829563,7.829563,nan,nan,nan,nan,0.580097,nan,nan,1,0.003061
opdformer_p_rgb_512,2051,437709/43828391/94875.415/8af15108-fd6d-4268-95c0-e91f796099b2,0,-1,nan,90.000000,90.000000,nan,nan,nan,nan,0.000000,nan,nan,0,nan
opdformer_p_rgb_512,2052,437709/43828391/94875.515/14fc568e-8824-4ec8-9817-97d6185075fb,0,0,nan,64.861128,64.861128,nan,nan,nan,nan,0.092072,nan,nan,1,0.002650
opdformer_p_rgb_512,2053,437709/43828391/94875.515/8af15108-fd6d-4268-95c0-e91f796099b2,0,-1,nan,90.000000,90.000000,nan,nan,nan,nan,0.000000,nan,nan,0,nan
opdformer_p_rgb_512,2054,437709/43828391/94875.615/14fc568e-8824-4ec8-9817-97d6185075fb,0,-1,nan,90.000000,90.000000,nan,nan,nan,nan,0.000000,nan,nan,0,nan
opdformer_p_rgb_512,2055,437709/43828391/94875.615/8af15108-fd6d-4268-95c0-e91f796099b2,0,-1,nan,90.000000,90.000000,nan,nan,nan,nan,0.000000,nan,nan,0,nan
opdformer_p_rgb_512,2056,437709/43828391/94875.714/14fc568e-8824-4ec8-9817-97d6185075fb,0,-1,nan,90.000000,90.000000,nan,nan,nan,nan,0.000000,nan,nan,0,nan
opdformer_p_rgb_512,2057,437709/43828391/94875.714/8af15108-fd6d-4268-95c0-e91f796099b2,0,-1,nan,90.000000,90.000000,nan,nan,nan,nan,0.000000,nan,nan,0,nan
opdformer_p_rgb_512,2058,437709/43828391/94875.814/14fc568e-8824-4ec8-9817-97d6185075fb,0,-1,nan,90.000000,90.000000,nan,nan,nan,nan,0.000000,nan,nan,0,nan
opdformer_p_rgb_512,2059,437709/43828391/94875.814/8af15108-fd6d-4268-95c0-e91f796099b2,0,-1,nan,90.000000,90.000000,nan,nan,nan,nan,0.000000,nan,nan,0,nan
opdformer_p_rgb_512,2060,437709/43828391/94875.914/14fc568e-8824-4ec8-9817-97d6185075fb,0,-1,nan,90.000000,90.000000,nan,nan,nan,nan,0.000000,nan,nan,0,nan
opdformer_p_rgb_512,2061,437709/43828391/94875.914/8af15108-fd6d-4268-95c0-e91f796099b2,0,-1,nan,90.000000,90.000000,nan,nan,nan,nan,0.000000,nan,nan,0,nan
opdformer_p_rgb_512,2062,437709/43828391/94876.014/14fc568e-8824-4ec8-9817-97d6185075fb,0,0,nan,18.696733,18.696733,nan,nan,nan,nan,0.289641,nan,nan,1,0.000998
opdformer_p_rgb_512,2063,437709/43828391/94876.014/8af15108-fd6d-4268-95c0-e91f796099b2,0,-1,nan,90.000000,90.000000,nan,nan,nan,nan,0.000000,nan,nan,0,nan
opdformer_p_rgb_512,2064,437709/43828391/94876.114/14fc568e-8824-4ec8-9817-97d6185075fb,0,-1,nan,90.000000,90.000000,nan,nan,nan,nan,0.000000,nan,nan,0,nan
opdformer_p_rgb_512,2065,437709/43828391/94876.114/8af15108-fd6d-4268-95c0-e91f796099b2,0,-1,nan,90.000000,90.000000,nan,nan,nan,nan,0.000000,nan,nan,0,nan
opdformer_p_rgb_512,2066,437709/43828391/94876.214/14fc568e-8824-4ec8-9817-97d6185075fb,0,-1,nan,90.000000,90.000000,nan,nan,nan,nan,0.000000,nan,nan,0,nan
opdformer_p_rgb_512,2067,437709/43828391/94876.214/8af15108-fd6d-4268-95c0-e91f796099b2,0,-1,nan,90.000000,90.000000,nan,nan,nan,nan,0.000000,nan,nan,0,nan
opdformer_p_rgb_512,2068,437709/43828391/94876.314/14fc568e-8824-4ec8-9817-97d6185075fb,0,-1,nan,90.000000,90.000000,nan,nan,nan,nan,0.000000,nan,nan,0,nan
opdformer_p_rgb_512,2069,437709/43828391/94876.314/8af15108-fd6d-4268-95c0-e91f796099b2,0,0,nan,30.718811,30.718811,nan,nan,nan,nan,0.002146,nan,nan,1,0.000222
opdformer_p_rgb_512,2070,437709/43828391/94876.414/14fc568e-8824-4ec8-9817-97d6185075fb,0,-1,nan,90.000000,90.000000,nan,nan,nan,nan,0.000000,nan,nan,0,nan
opdformer_p_rgb_512,2071,437709/43828391/94876.414/8af15108-fd6d-4268-95c0-e91f796099b2,0,-1,nan,90.000000,90.000000,nan,nan,nan,nan,0.000000,nan,nan,0,nan
opdformer_p_rgb_512,2072,437709/43828391/94876.514/8af15108-fd6d-4268-95c0-e91f796099b2,0,0,nan,28.396025,28.396025,nan,nan,nan,nan,0.164535,nan,nan,1,0.002827
opdformer_p_rgb_512,2073,437709/43828391/94876.614/8af15108-fd6d-4268-95c0-e91f796099b2,0,-1,nan,90.000000,90.000000,nan,nan,nan,nan,0.000000,nan,nan,0,nan
opdformer_p_rgb_512,2074,437709/43828391/94876.714/8af15108-fd6d-4268-95c0-e91f796099b2,0,0,nan,31.485807,31.485807,nan,nan,nan,nan,0.115520,nan,nan,1,0.115320
opdformer_p_rgb_512,2075,437709/43828391/94877.714/8af15108-fd6d-4268-95c0-e91f796099b2,0,-1,nan,90.000000,90.000000,nan,nan,nan,nan,0.000000,nan,nan,0,nan
opdformer_p_rgb_512,2076,437709/43828391/94877.814/14fc568e-8824-4ec8-9817-97d6185075fb,0,0,nan,70.802487,70.802487,nan,nan,nan,nan,0.249655,nan,nan,1,0.000609
opdformer_p_rgb_512,2077,437709/43828391/94877.814/8af15108-fd6d-4268-95c0-e91f796099b2,0,-1,nan,90.000000,90.000000,nan,nan,nan,nan,0.000000,nan,nan,0,nan
opdformer_p_rgb_512,2078,437709/43828391/94877.914/14fc568e-8824-4ec8-9817-97d6185075fb,0,0,nan,160.163608,19.836392,nan,nan,nan,nan,0.205801,nan,nan,1,0.003579
opdformer_p_rgb_512,2079,437709/43828391/94877.914/8af15108-fd6d-4268-95c0-e91f796099b2,0,-1,nan,90.000000,90.000000,nan,nan,nan,nan,0.000000,nan,nan,0,nan
opdformer_p_rgb_512,2080,437709/43828391/94878.014/14fc568e-8824-4ec8-9817-97d6185075fb,0,0,nan,103.763784,76.236216,nan,nan,nan,nan,0.452703,nan,nan,1,0.002734
opdformer_p_rgb_512,2081,437709/43828391/94878.014/8af15108-fd6d-4268-95c0-e91f796099b2,0,-1,nan,90.000000,90.000000,nan,nan,nan,nan,0.000000,nan,nan,0,nan
opdformer_p_rgb_512,2082,437709/43828391/94878.513/e6ec7932-849a-46cd-a0ef-1358cfc95f9b,1,1,nan,25.935647,25.935647,0.366980,0.367005,nan,nan,0.501193,nan,nan,1,0.005548
opdformer_p_rgb_512,2083,437709/43828391/94884.311/8af15108-fd6d-4268-95c0-e91f796099b2,0,-1,nan,90.000000,90.000000,nan,nan,nan,nan,0.000000,nan,nan,0,nan
opdformer_p_rgb_512,2084,437709/43828391/94884.411/8af15108-fd6d-4268-95c0-e91f796099b2,0,-1,nan,90.000000,90.000000,nan,nan,nan,nan,0.000000,nan,nan,0,nan
opdformer_p_rgb_512,2085,437709/43828391/94884.511/14fc568e-8824-4ec8-9817-97d6185075fb,0,0,nan,55.369071,55.369071,nan,nan,nan,nan,0.321508,nan,nan,1,0.025346
opdformer_p_rgb_512,2086,437709/43828391/94884.511/8af15108-fd6d-4268-95c0-e91f796099b2,0,-1,nan,90.000000,90.000000,nan,nan,nan,nan,0.000000,nan,nan,0,nan
opdformer_p_rgb_512,2087,437709/43828391/94884.611/14fc568e-8824-4ec8-9817-97d6185075fb,0,0,nan,70.402758,70.402758,nan,nan,nan,nan,0.038339,nan,nan,1,0.003885
opdformer_p_rgb_512,2088,437709/43828391/94884.611/8af15108-fd6d-4268-95c0-e91f796099b2,0,-1,nan,90.000000,90.000000,nan,nan,nan,nan,0.000000,nan,nan,0,nan
opdformer_p_rgb_512,2089,437709/43828391/94884.711/14fc568e-8824-4ec8-9817-97d6185075fb,0,0,nan,49.380803,49.380803,nan,nan,nan,nan,0.274566,nan,nan,1,0.039364
opdformer_p_rgb_512,2090,437709/43828391/94884.711/8af15108-fd6d-4268-95c0-e91f796099b2,0,-1,nan,90.000000,90.000000,nan,nan,nan,nan,0.000000,nan,nan,0,nan
opdformer_p_rgb_512,2091,437709/43828391/94884.811/14fc568e-8824-4ec8-9817-97d6185075fb,0,-1,nan,90.000000,90.000000,nan,nan,nan,nan,0.000000,nan,nan,0,nan
opdformer_p_rgb_512,2092,437709/43828391/94884.811/8af15108-fd6d-4268-95c0-e91f796099b2,0,-1,nan,90.000000,90.000000,nan,nan,nan,nan,0.000000,nan,nan,0,nan
opdformer_p_rgb_512,2093,437709/43828391/94884.911/14fc568e-8824-4ec8-9817-97d6185075fb,0,-1,nan,90.000000,90.000000,nan,nan,nan,nan,0.000000,nan,nan,0,nan
opdformer_p_rgb_512,2094,437709/43828391/94892.408/d9e21eab-26b1-46c3-a331-2f4d55fb2121,0,0,nan,26.059787,26.059787,nan,nan,nan,nan,0.482234,nan,nan,1,0.000039
opdformer_p_rgb_512,2095,437709/43828391/94892.508/d9e21eab-26b1-46c3-a331-2f4d55fb2121,0,0,nan,18.706877,18.706877,nan,nan,nan,nan,0.574917,nan,nan,1,0.000080
opdformer_p_rgb_512,2096,437709/43828391/94892.608/d9e21eab-26b1-46c3-a331-2f4d55fb2121,0,0,nan,18.381144,18.381144,nan,nan,nan,nan,0.536471,nan,nan,1,0.000569
opdformer_p_rgb_512,2097,437709/43828391/94892.707/d9e21eab-26b1-46c3-a331-2f4d55fb2121,0,0,nan,16.655597,16.655597,nan,nan,nan,nan,0.624204,nan,nan,1,0.000223
opdformer_p_rgb_512,2098,437709/43828391/94892.807/d9e21eab-26b1-46c3-a331-2f4d55fb2121,0,0,nan,25.754925,25.754925,nan,nan,nan,nan,0.777344,nan,nan,1,0.000057
opdformer_p_rgb_512,2099,437709/43828391/94892.907/d9e21eab-26b1-46c3-a331-2f4d55fb2121,0,0,nan,41.369652,41.369652,nan,nan,nan,nan,0.685112,nan,nan,1,0.000035
opdformer_p_rgb_512,2100,437709/43828391/94893.007/d9e21eab-26b1-46c3-a331-2f4d55fb2121,0,0,nan,17.539000,17.539000,nan,nan,nan,nan,0.673102,nan,nan,1,0.000109
opdformer_p_rgb_512,2101,437709/43828391/94893.107/d9e21eab-26b1-46c3-a331-2f4d55fb2121,0,0,nan,8.635365,8.635365,nan,nan,nan,nan,0.639810,nan,nan,1,0.000076
opdformer_p_rgb_512,2102,437709/43828391/94893.307/099ecc1d-15de-4f08-a324-97d98d23b5af,0,0,nan,15.401099,15.401099,nan,nan,nan,nan,0.757685,nan,nan,1,0.000094
opdformer_p_rgb_512,2103,437709/43828391/94893.407/099ecc1d-15de-4f08-a324-97d98d23b5af,0,0,nan,20.502534,20.502534,nan,nan,nan,nan,0.780357,nan,nan,1,0.000081
opdformer_p_rgb_512,2104,437709/43828391/94893.507/099ecc1d-15de-4f08-a324-97d98d23b5af,0,0,nan,14.556034,14.556034,nan,nan,nan,nan,0.818318,nan,nan,1,0.000598
opdformer_p_rgb_512,2105,437709/43828391/94893.507/d3ecc295-e6fd-46df-8b48-e55ec3d469e3,0,-1,nan,90.000000,90.000000,nan,nan,nan,nan,0.000000,nan,nan,0,nan
opdformer_p_rgb_512,2106,437709/43828391/94893.607/099ecc1d-15de-4f08-a324-97d98d23b5af,0,0,nan,39.534470,39.534470,nan,nan,nan,nan,0.745008,nan,nan,1,0.000179
opdformer_p_rgb_512,2107,437709/43828391/94893.607/5ec0c6cc-36f1-4124-899e-94ea44707e9c,0,0,nan,92.444332,87.555668,nan,nan,nan,nan,0.524735,nan,nan,1,0.000183
opdformer_p_rgb_512,2108,437709/43828391/94893.607/d3ecc295-e6fd-46df-8b48-e55ec3d469e3,0,0,nan,108.566061,71.433939,nan,nan,nan,nan,0.079566,nan,nan,1,0.000512
opdformer_p_rgb_512,2109,437709/43828391/94893.707/d3ecc295-e6fd-46df-8b48-e55ec3d469e3,0,-1,nan,90.000000,90.000000,nan,nan,nan,nan,0.000000,nan,nan,0,nan
opdformer_p_rgb_512,2110,437709/43828391/94893.807/d3ecc295-e6fd-46df-8b48-e55ec3d469e3,0,0,nan,94.831528,85.168472,nan,nan,nan,nan,0.407285,nan,nan,1,0.002560
opdformer_p_rgb_512,2111,437709/43828391/94893.907/d3ecc295-e6fd-46df-8b48-e55ec3d469e3,0,0,nan,106.251837,73.748163,nan,nan,nan,nan,0.022187,nan,nan,1,0.004504
opdformer_p_rgb_512,2112,437709/43828391/94894.007/d3ecc295-e6fd-46df-8b48-e55ec3d469e3,0,1,nan,76.943186,76.943186,nan,nan,nan,nan,0.015385,nan,nan,1,0.005500
opdformer_p_rgb_512,2113,437709/43828391/94894.107/d3ecc295-e6fd-46df-8b48-e55ec3d469e3,0,1,nan,74.947813,74.947813,nan,nan,nan,nan,0.307018,nan,nan,1,0.001154
opdformer_p_rgb_512,2114,437709/43828391/94909.017/d9e21eab-26b1-46c3-a331-2f4d55fb2121,0,-1,nan,90.000000,90.000000,nan,nan,nan,nan,0.000000,nan,nan,0,nan
opdformer_p_rgb_512,2115,437709/43828391/94909.117/d9e21eab-26b1-46c3-a331-2f4d55fb2121,0,-1,nan,90.000000,90.000000,nan,nan,nan,nan,0.000000,nan,nan,0,nan
opdformer_p_rgb_512,2116,437709/43828391/94909.217/d9e21eab-26b1-46c3-a331-2f4d55fb2121,0,-1,nan,90.000000,90.000000,nan,nan,nan,nan,0.000000,nan,nan,0,nan
opdformer_p_rgb_512,2117,437709/43828391/94909.317/d9e21eab-26b1-46c3-a331-2f4d55fb2121,0,-1,nan,90.000000,90.000000,nan,nan,nan,nan,0.000000,nan,nan,0,nan
opdformer_p_rgb_512,2118,437709/43828391/94921.112/e3c28992-449f-4f22-bc08-8f9186fb0219,0,0,nan,37.650678,37.650678,nan,nan,nan,nan,0.022013,nan,nan,1,0.000123
opdformer_p_rgb_512,2119,437709/43828391/94921.212/e3c28992-449f-4f22-bc08-8f9186fb0219,0,0,nan,64.798338,64.798338,nan,nan,nan,nan,0.050971,nan,nan,1,0.000053
opdformer_p_rgb_512,2120,437709/43828391/94921.312/e3c28992-449f-4f22-bc08-8f9186fb0219,0,0,nan,75.364841,75.364841,nan,nan,nan,nan,0.082077,nan,nan,1,0.000161
opdformer_p_rgb_512,2121,437709/43828391/94921.412/e3c28992-449f-4f22-bc08-8f9186fb0219,0,0,nan,72.424703,72.424703,nan,nan,nan,nan,0.160428,nan,nan,1,0.000027
opdformer_p_rgb_512,2122,437709/43828391/94921.512/e3c28992-449f-4f22-bc08-8f9186fb0219,0,0,nan,76.019687,76.019687,nan,nan,nan,nan,0.164882,nan,nan,1,0.001598
opdformer_p_rgb_512,2123,437709/43828393/94630.316/5a4db5a5-ba49-46f5-897a-c3de231c95f8,0,0,nan,78.972808,78.972808,nan,nan,nan,nan,0.689008,nan,nan,1,0.000430
opdformer_p_rgb_512,2124,437709/43828393/94630.416/5a4db5a5-ba49-46f5-897a-c3de231c95f8,0,0,nan,112.766326,67.233674,nan,nan,nan,nan,0.748447,nan,nan,1,0.001227
opdformer_p_rgb_512,2125,437709/43828393/94630.516/5a4db5a5-ba49-46f5-897a-c3de231c95f8,0,0,nan,115.916980,64.083020,nan,nan,nan,nan,0.543165,nan,nan,1,0.134676
opdformer_p_rgb_512,2126,437709/43828393/94630.516/accba39d-890d-45c6-ad90-3a923cce8ace,0,1,nan,98.446391,81.553609,nan,nan,nan,nan,0.622685,nan,nan,1,0.103362
opdformer_p_rgb_512,2127,437709/43828393/94630.616/5a4db5a5-ba49-46f5-897a-c3de231c95f8,0,0,nan,162.871073,17.128927,nan,nan,nan,nan,0.726415,nan,nan,1,0.028349
opdformer_p_rgb_512,2128,437709/43828393/94630.616/accba39d-890d-45c6-ad90-3a923cce8ace,0,0,nan,161.787140,18.212860,nan,nan,nan,nan,0.707865,nan,nan,1,0.017428
opdformer_p_rgb_512,2129,437709/43828393/94630.716/5a4db5a5-ba49-46f5-897a-c3de231c95f8,0,0,nan,156.560740,23.439260,nan,nan,nan,nan,0.801205,nan,nan,1,0.006887
opdformer_p_rgb_512,2130,437709/43828393/94630.716/accba39d-890d-45c6-ad90-3a923cce8ace,0,0,nan,157.798607,22.201393,nan,nan,nan,nan,0.549738,nan,nan,1,0.034016
opdformer_p_rgb_512,2131,437709/43828393/94630.816/5a4db5a5-ba49-46f5-897a-c3de231c95f8,0,0,nan,128.212632,51.787368,nan,nan,nan,nan,0.463158,nan,nan,1,0.000659
opdformer_p_rgb_512,2132,437709/43828393/94630.816/accba39d-890d-45c6-ad90-3a923cce8ace,0,-1,nan,90.000000,90.000000,nan,nan,nan,nan,0.000000,nan,nan,0,nan
opdformer_p_rgb_512,2133,437709/43828393/94630.916/5a4db5a5-ba49-46f5-897a-c3de231c95f8,0,0,nan,99.010706,80.989294,nan,nan,nan,nan,0.391837,nan,nan,1,0.000553
opdformer_p_rgb_512,2134,437709/43828393/94630.916/accba39d-890d-45c6-ad90-3a923cce8ace,0,0,nan,98.908589,81.091411,nan,nan,nan,nan,0.537190,nan,nan,1,0.001384
opdformer_p_rgb_512,2135,437709/43828393/94631.016/5a4db5a5-ba49-46f5-897a-c3de231c95f8,0,0,nan,142.513734,37.486266,nan,nan,nan,nan,0.280464,nan,nan,1,0.001882
opdformer_p_rgb_512,2136,437709/43828393/94631.016/accba39d-890d-45c6-ad90-3a923cce8ace,0,0,nan,121.002036,58.997964,nan,nan,nan,nan,0.319290,nan,nan,1,0.001154
opdformer_p_rgb_512,2137,437709/43828393/94631.116/accba39d-890d-45c6-ad90-3a923cce8ace,0,0,nan,117.733770,62.266230,nan,nan,nan,nan,0.742188,nan,nan,1,0.016998
opdformer_p_rgb_512,2138,437709/43828393/94631.216/accba39d-890d-45c6-ad90-3a923cce8ace,0,0,nan,130.835252,49.164748,nan,nan,nan,nan,0.704327,nan,nan,1,0.000569
opdformer_p_rgb_512,2139,437709/43828393/94631.316/accba39d-890d-45c6-ad90-3a923cce8ace,0,0,nan,134.531396,45.468604,nan,nan,nan,nan,0.739030,nan,nan,1,0.000109
opdformer_p_rgb_512,2140,437709/43828393/94631.416/accba39d-890d-45c6-ad90-3a923cce8ace,0,0,nan,90.575380,89.424620,nan,nan,nan,nan,0.749465,nan,nan,1,0.005421
opdformer_p_rgb_512,2141,437709/43828393/94632.315/d3ecc295-e6fd-46df-8b48-e55ec3d469e3,0,0,nan,106.721126,73.278874,nan,nan,nan,nan,0.372781,nan,nan,1,0.018065
opdformer_p_rgb_512,2142,437709/43828393/94632.415/d3ecc295-e6fd-46df-8b48-e55ec3d469e3,0,0,nan,73.387928,73.387928,nan,nan,nan,nan,0.243856,nan,nan,1,0.024607
opdformer_p_rgb_512,2143,437709/43828393/94632.515/d3ecc295-e6fd-46df-8b48-e55ec3d469e3,0,0,nan,90.489467,89.510533,nan,nan,nan,nan,0.516432,nan,nan,1,0.004503
opdformer_p_rgb_512,2144,437709/43828393/94632.615/d3ecc295-e6fd-46df-8b48-e55ec3d469e3,0,0,nan,112.595337,67.404663,nan,nan,nan,nan,0.529637,nan,nan,1,0.001903
opdformer_p_rgb_512,2145,437709/43828393/94632.715/d3ecc295-e6fd-46df-8b48-e55ec3d469e3,0,0,nan,125.967785,54.032215,nan,nan,nan,nan,0.500000,nan,nan,1,0.001485
opdformer_p_rgb_512,2146,437709/43828393/94632.815/4fa39dac-e6ad-4e60-9557-66e850e9ac3c,0,0,nan,42.620813,42.620813,nan,nan,nan,nan,0.628866,nan,nan,1,0.002724
opdformer_p_rgb_512,2147,437709/43828393/94649.408/d9e21eab-26b1-46c3-a331-2f4d55fb2121,0,0,nan,27.746982,27.746982,nan,nan,nan,nan,0.459270,nan,nan,1,0.000145
opdformer_p_rgb_512,2148,437709/43828393/94649.508/d9e21eab-26b1-46c3-a331-2f4d55fb2121,0,0,nan,19.016385,19.016385,nan,nan,nan,nan,0.551020,nan,nan,1,0.000277
opdformer_p_rgb_512,2149,437709/43828393/94649.608/d9e21eab-26b1-46c3-a331-2f4d55fb2121,0,0,nan,15.421564,15.421564,nan,nan,nan,nan,0.433071,nan,nan,1,0.000097
opdformer_p_rgb_512,2150,437709/43828393/94649.708/d9e21eab-26b1-46c3-a331-2f4d55fb2121,0,0,nan,23.656280,23.656280,nan,nan,nan,nan,0.712794,nan,nan,1,0.000291
opdformer_p_rgb_512,2151,437709/43828393/94649.808/d9e21eab-26b1-46c3-a331-2f4d55fb2121,0,0,nan,15.161964,15.161964,nan,nan,nan,nan,0.538667,nan,nan,1,0.000536
opdformer_p_rgb_512,2152,437709/43828393/94649.908/d9e21eab-26b1-46c3-a331-2f4d55fb2121,0,0,nan,11.014816,11.014816,nan,nan,nan,nan,0.548469,nan,nan,1,0.000073
opdformer_p_rgb_512,2153,437709/43828393/94650.008/d9e21eab-26b1-46c3-a331-2f4d55fb2121,0,0,nan,12.433092,12.433092,nan,nan,nan,nan,0.641089,nan,nan,1,0.000036
opdformer_p_rgb_512,2154,437709/43828393/94650.108/d9e21eab-26b1-46c3-a331-2f4d55fb2121,0,0,nan,24.485437,24.485437,nan,nan,nan,nan,0.642500,nan,nan,1,0.000016
opdformer_p_rgb_512,2155,437709/43828393/94650.208/d9e21eab-26b1-46c3-a331-2f4d55fb2121,0,0,nan,25.782333,25.782333,nan,nan,nan,nan,0.802993,nan,nan,1,0.000049
opdformer_p_rgb_512,2156,437709/43828393/94650.608/52be2853-8bd2-426b-b599-c6490375ba70,0,0,nan,31.823917,31.823917,nan,nan,nan,nan,0.673367,nan,nan,1,0.971801
opdformer_p_rgb_512,2157,437709/43828393/94650.708/52be2853-8bd2-426b-b599-c6490375ba70,0,0,nan,25.633484,25.633484,nan,nan,nan,nan,0.621827,nan,nan,1,0.826990
opdformer_p_rgb_512,2158,437709/43828393/94650.808/52be2853-8bd2-426b-b599-c6490375ba70,0,0,nan,36.512254,36.512254,nan,nan,nan,nan,0.670213,nan,nan,1,0.686429
opdformer_p_rgb_512,2159,437709/43828393/94650.808/accba39d-890d-45c6-ad90-3a923cce8ace,0,0,nan,44.414500,44.414500,nan,nan,nan,nan,0.509804,nan,nan,1,0.961395
opdformer_p_rgb_512,2160,437709/43828393/94650.908/52be2853-8bd2-426b-b599-c6490375ba70,0,0,nan,25.053737,25.053737,nan,nan,nan,nan,0.657068,nan,nan,1,0.097523
opdformer_p_rgb_512,2161,437709/43828393/94650.908/accba39d-890d-45c6-ad90-3a923cce8ace,0,0,nan,32.863474,32.863474,nan,nan,nan,nan,0.669333,nan,nan,1,0.000014
opdformer_p_rgb_512,2162,437709/43828393/94651.008/52be2853-8bd2-426b-b599-c6490375ba70,0,0,nan,37.799657,37.799657,nan,nan,nan,nan,0.551230,nan,nan,1,0.000010
opdformer_p_rgb_512,2163,437709/43828393/94651.008/accba39d-890d-45c6-ad90-3a923cce8ace,0,0,nan,38.016069,38.016069,nan,nan,nan,nan,0.604113,nan,nan,1,0.000008
opdformer_p_rgb_512,2164,437709/43828393/94651.107/52be2853-8bd2-426b-b599-c6490375ba70,0,0,nan,35.763957,35.763957,nan,nan,nan,nan,0.714607,nan,nan,1,0.000009
opdformer_p_rgb_512,2165,437709/43828393/94651.107/accba39d-890d-45c6-ad90-3a923cce8ace,0,0,nan,39.748373,39.748373,nan,nan,nan,nan,0.657963,nan,nan,1,0.000027
opdformer_p_rgb_512,2166,437709/43828393/94651.207/099ecc1d-15de-4f08-a324-97d98d23b5af,0,0,nan,46.745097,46.745097,nan,nan,nan,nan,0.596552,nan,nan,1,0.000048
opdformer_p_rgb_512,2167,437709/43828393/94651.207/52be2853-8bd2-426b-b599-c6490375ba70,0,0,nan,41.614683,41.614683,nan,nan,nan,nan,0.682648,nan,nan,1,0.000008
opdformer_p_rgb_512,2168,437709/43828393/94651.207/accba39d-890d-45c6-ad90-3a923cce8ace,0,0,nan,44.764097,44.764097,nan,nan,nan,nan,0.663043,nan,nan,1,0.000056
opdformer_p_rgb_512,2169,437709/43828393/94651.307/099ecc1d-15de-4f08-a324-97d98d23b5af,0,0,nan,49.906237,49.906237,nan,nan,nan,nan,0.516605,nan,nan,1,0.000032
opdformer_p_rgb_512,2170,437709/43828393/94651.307/52be2853-8bd2-426b-b599-c6490375ba70,0,0,nan,49.195281,49.195281,nan,nan,nan,nan,0.624096,nan,nan,1,0.000008
opdformer_p_rgb_512,2171,437709/43828393/94651.307/accba39d-890d-45c6-ad90-3a923cce8ace,0,0,nan,46.358906,46.358906,nan,nan,nan,nan,0.778107,nan,nan,1,0.000035
opdformer_p_rgb_512,2172,437709/43828393/94651.407/52be2853-8bd2-426b-b599-c6490375ba70,0,0,nan,51.083730,51.083730,nan,nan,nan,nan,0.575521,nan,nan,1,0.000013
opdformer_p_rgb_512,2173,437709/43828393/94651.407/accba39d-890d-45c6-ad90-3a923cce8ace,0,0,nan,51.830013,51.830013,nan,nan,nan,nan,0.639665,nan,nan,1,0.000013
opdformer_p_rgb_512,2174,437709/43828393/94651.507/52be2853-8bd2-426b-b599-c6490375ba70,0,0,nan,40.552095,40.552095,nan,nan,nan,nan,0.576316,nan,nan,1,0.000026
opdformer_p_rgb_512,2175,437709/43828393/94651.507/accba39d-890d-45c6-ad90-3a923cce8ace,0,0,nan,43.616309,43.616309,nan,nan,nan,nan,0.558511,nan,nan,1,0.000020
opdformer_p_rgb_512,2176,437709/43828393/94651.607/52be2853-8bd2-426b-b599-c6490375ba70,0,0,nan,45.462888,45.462888,nan,nan,nan,nan,0.474747,nan,nan,1,0.796079
opdformer_p_rgb_512,2177,437709/43828393/94651.607/accba39d-890d-45c6-ad90-3a923cce8ace,0,0,nan,47.040687,47.040687,nan,nan,nan,nan,0.542373,nan,nan,1,0.857951
opdformer_p_rgb_512,2178,437709/43828393/94651.707/52be2853-8bd2-426b-b599-c6490375ba70,0,0,nan,50.693817,50.693817,nan,nan,nan,nan,0.669510,nan,nan,1,0.000012
opdformer_p_rgb_512,2179,437709/43828393/94651.707/5a4db5a5-ba49-46f5-897a-c3de231c95f8,0,0,nan,52.110625,52.110625,nan,nan,nan,nan,0.681948,nan,nan,1,0.000011
opdformer_p_rgb_512,2180,437709/43828393/94651.707/accba39d-890d-45c6-ad90-3a923cce8ace,0,0,nan,49.952440,49.952440,nan,nan,nan,nan,0.701299,nan,nan,1,0.000011
opdformer_p_rgb_512,2181,437709/43828393/94651.807/52be2853-8bd2-426b-b599-c6490375ba70,0,0,nan,42.802832,42.802832,nan,nan,nan,nan,0.526217,nan,nan,1,0.935937
opdformer_p_rgb_512,2182,437709/43828393/94651.807/accba39d-890d-45c6-ad90-3a923cce8ace,0,0,nan,41.621640,41.621640,nan,nan,nan,nan,0.568475,nan,nan,1,0.186174
opdformer_p_rgb_512,2183,437709/43828393/94652.024/099ecc1d-15de-4f08-a324-97d98d23b5af,0,-1,nan,90.000000,90.000000,nan,nan,nan,nan,0.000000,nan,nan,0,nan
opdformer_p_rgb_512,2184,437709/43828393/94652.024/5ec0c6cc-36f1-4124-899e-94ea44707e9c,0,-1,nan,90.000000,90.000000,nan,nan,nan,nan,0.000000,nan,nan,0,nan
opdformer_p_rgb_512,2185,437709/43828393/94652.124/099ecc1d-15de-4f08-a324-97d98d23b5af,0,-1,nan,90.000000,90.000000,nan,nan,nan,nan,0.000000,nan,nan,0,nan
opdformer_p_rgb_512,2186,437709/43828393/94652.124/5ec0c6cc-36f1-4124-899e-94ea44707e9c,0,-1,nan,90.000000,90.000000,nan,nan,nan,nan,0.000000,nan,nan,0,nan
opdformer_p_rgb_512,2187,437709/43828393/94652.224/099ecc1d-15de-4f08-a324-97d98d23b5af,0,-1,nan,90.000000,90.000000,nan,nan,nan,nan,0.000000,nan,nan,0,nan
opdformer_p_rgb_512,2188,437709/43828393/94652.224/d9e21eab-26b1-46c3-a331-2f4d55fb2121,0,0,nan,30.543252,30.543252,nan,nan,nan,nan,0.345489,nan,nan,1,0.000272
opdformer_p_rgb_512,2189,437709/43828393/94652.324/d9e21eab-26b1-46c3-a331-2f4d55fb2121,0,0,nan,24.346221,24.346221,nan,nan,nan,nan,0.580000,nan,nan,1,0.000547
opdformer_p_rgb_512,2190,437709/43828393/94652.424/d9e21eab-26b1-46c3-a331-2f4d55fb2121,0,0,nan,58.174062,58.174062,nan,nan,nan,nan,0.495808,nan,nan,1,0.000970
opdformer_p_rgb_512,2191,437709/43828393/94652.524/d9e21eab-26b1-46c3-a331-2f4d55fb2121,0,0,nan,50.779071,50.779071,nan,nan,nan,nan,0.612330,nan,nan,1,0.000727
opdformer_p_rgb_512,2192,455342/44358471/46556.795/65b9b8eb-e554-437e-8475-95ff4a585906,0,1,nan,17.837236,17.837236,nan,nan,nan,nan,0.714286,nan,nan,1,0.031491
opdformer_p_rgb_512,2193,455342/44358471/46556.895/65b9b8eb-e554-437e-8475-95ff4a585906,0,1,nan,26.265433,26.265433,nan,nan,nan,nan,0.749186,nan,nan,1,0.000293
opdformer_p_rgb_512,2194,455342/44358471/46570.390/5fe5cb6d-cd6d-4084-9fe3-fe6e78ffc550,0,0,nan,19.110819,19.110819,nan,nan,nan,nan,0.717117,nan,nan,1,0.000092
opdformer_p_rgb_512,2195,455342/44358471/46570.490/5fe5cb6d-cd6d-4084-9fe3-fe6e78ffc550,0,0,nan,34.658107,34.658107,nan,nan,nan,nan,0.775362,nan,nan,1,0.000016
opdformer_p_rgb_512,2196,455342/44358471/46570.590/5fe5cb6d-cd6d-4084-9fe3-fe6e78ffc550,0,0,nan,15.198469,15.198469,nan,nan,nan,nan,0.731618,nan,nan,1,0.978371
opdformer_p_rgb_512,2197,455342/44358471/46570.690/5fe5cb6d-cd6d-4084-9fe3-fe6e78ffc550,0,0,nan,45.262422,45.262422,nan,nan,nan,nan,0.732448,nan,nan,1,0.000009
opdformer_p_rgb_512,2198,455342/44358471/46570.790/5fe5cb6d-cd6d-4084-9fe3-fe6e78ffc550,0,0,nan,13.636637,13.636637,nan,nan,nan,nan,0.718341,nan,nan,1,0.984857
opdformer_p_rgb_512,2199,455342/44358471/46570.890/5fe5cb6d-cd6d-4084-9fe3-fe6e78ffc550,0,0,nan,26.389055,26.389055,nan,nan,nan,nan,0.728216,nan,nan,1,0.983011
opdformer_p_rgb_512,2200,455342/44358471/46570.990/5fe5cb6d-cd6d-4084-9fe3-fe6e78ffc550,0,0,nan,31.571958,31.571958,nan,nan,nan,nan,0.744395,nan,nan,1,0.981861
opdformer_p_rgb_512,2201,455342/44358471/46571.089/5fe5cb6d-cd6d-4084-9fe3-fe6e78ffc550,0,0,nan,38.967554,38.967554,nan,nan,nan,nan,0.645455,nan,nan,1,0.000016
opdformer_p_rgb_512,2202,455342/44358471/46571.189/5fe5cb6d-cd6d-4084-9fe3-fe6e78ffc550,0,0,nan,51.201814,51.201814,nan,nan,nan,nan,0.642082,nan,nan,1,0.000016
opdformer_p_rgb_512,2203,455342/44358471/46571.189/65b9b8eb-e554-437e-8475-95ff4a585906,0,0,nan,38.803989,38.803989,nan,nan,nan,nan,0.557300,nan,nan,1,0.000026
opdformer_p_rgb_512,2204,455342/44358471/46571.189/b52141d8-74fa-4507-b952-5e8c2ad9262b,0,0,nan,89.910836,89.910836,nan,nan,nan,nan,0.749491,nan,nan,1,0.000023
opdformer_p_rgb_512,2205,455342/44358471/46571.289/5fe5cb6d-cd6d-4084-9fe3-fe6e78ffc550,0,0,nan,16.836705,16.836705,nan,nan,nan,nan,0.665919,nan,nan,1,0.989966
opdformer_p_rgb_512,2206,455342/44358471/46571.289/65b9b8eb-e554-437e-8475-95ff4a585906,0,0,nan,21.447246,21.447246,nan,nan,nan,nan,0.526316,nan,nan,1,0.000047
opdformer_p_rgb_512,2207,455342/44358471/46571.289/b52141d8-74fa-4507-b952-5e8c2ad9262b,0,0,nan,92.603204,87.396796,nan,nan,nan,nan,0.834532,nan,nan,1,0.000012
opdformer_p_rgb_512,2208,455342/44358471/46571.389/5fe5cb6d-cd6d-4084-9fe3-fe6e78ffc550,0,0,nan,14.988753,14.988753,nan,nan,nan,nan,0.793765,nan,nan,1,0.000016
opdformer_p_rgb_512,2209,455342/44358471/46571.389/65b9b8eb-e554-437e-8475-95ff4a585906,0,0,nan,29.858810,29.858810,nan,nan,nan,nan,0.451839,nan,nan,1,0.000077
opdformer_p_rgb_512,2210,455342/44358471/46571.389/b52141d8-74fa-4507-b952-5e8c2ad9262b,0,0,nan,111.900689,68.099311,nan,nan,nan,nan,0.819951,nan,nan,1,0.000042
opdformer_p_rgb_512,2211,455342/44358471/46571.489/5fe5cb6d-cd6d-4084-9fe3-fe6e78ffc550,0,0,nan,35.536283,35.536283,nan,nan,nan,nan,0.628631,nan,nan,1,0.000011
opdformer_p_rgb_512,2212,455342/44358471/46571.489/65b9b8eb-e554-437e-8475-95ff4a585906,0,0,nan,41.378231,41.378231,nan,nan,nan,nan,0.398510,nan,nan,1,0.000116
opdformer_p_rgb_512,2213,455342/44358471/46571.489/b52141d8-74fa-4507-b952-5e8c2ad9262b,0,0,nan,114.832615,65.167385,nan,nan,nan,nan,0.803665,nan,nan,1,0.000016
opdformer_p_rgb_512,2214,455342/44358471/46571.589/5fe5cb6d-cd6d-4084-9fe3-fe6e78ffc550,0,0,nan,32.576680,32.576680,nan,nan,nan,nan,0.732394,nan,nan,1,0.000006
opdformer_p_rgb_512,2215,455342/44358471/46571.589/65b9b8eb-e554-437e-8475-95ff4a585906,0,-1,nan,90.000000,90.000000,nan,nan,nan,nan,0.000000,nan,nan,0,nan
opdformer_p_rgb_512,2216,455342/44358471/46571.589/b52141d8-74fa-4507-b952-5e8c2ad9262b,0,0,nan,96.224742,83.775258,nan,nan,nan,nan,0.736181,nan,nan,1,0.000053
opdformer_p_rgb_512,2217,455342/44358471/46571.689/5fe5cb6d-cd6d-4084-9fe3-fe6e78ffc550,0,0,nan,36.768505,36.768505,nan,nan,nan,nan,0.670886,nan,nan,1,0.000008
opdformer_p_rgb_512,2218,455342/44358471/46571.689/65b9b8eb-e554-437e-8475-95ff4a585906,0,-1,nan,90.000000,90.000000,nan,nan,nan,nan,0.000000,nan,nan,0,nan
opdformer_p_rgb_512,2219,455342/44358471/46571.689/b52141d8-74fa-4507-b952-5e8c2ad9262b,0,0,nan,105.320559,74.679441,nan,nan,nan,nan,0.643026,nan,nan,1,0.000042
opdformer_p_rgb_512,2220,455342/44358471/46571.789/5fe5cb6d-cd6d-4084-9fe3-fe6e78ffc550,0,0,nan,31.473408,31.473408,nan,nan,nan,nan,0.663405,nan,nan,1,0.000011
opdformer_p_rgb_512,2221,455342/44358471/46571.789/65b9b8eb-e554-437e-8475-95ff4a585906,0,0,nan,36.630784,36.630784,nan,nan,nan,nan,0.165067,nan,nan,1,0.000087
opdformer_p_rgb_512,2222,455342/44358471/46571.789/b52141d8-74fa-4507-b952-5e8c2ad9262b,0,0,nan,102.184794,77.815206,nan,nan,nan,nan,0.711111,nan,nan,1,0.000043
opdformer_p_rgb_512,2223,455342/44358471/46571.889/5fe5cb6d-cd6d-4084-9fe3-fe6e78ffc550,0,0,nan,46.689255,46.689255,nan,nan,nan,nan,0.760085,nan,nan,1,0.000017
opdformer_p_rgb_512,2224,455342/44358471/46571.889/65b9b8eb-e554-437e-8475-95ff4a585906,0,-1,nan,90.000000,90.000000,nan,nan,nan,nan,0.000000,nan,nan,0,nan
opdformer_p_rgb_512,2225,455342/44358471/46571.889/b52141d8-74fa-4507-b952-5e8c2ad9262b,0,0,nan,125.672740,54.327260,nan,nan,nan,nan,0.620930,nan,nan,1,0.000045
opdformer_p_rgb_512,2226,455342/44358471/46571.989/5fe5cb6d-cd6d-4084-9fe3-fe6e78ffc550,0,0,nan,8.187941,8.187941,nan,nan,nan,nan,0.745690,nan,nan,1,0.000033
opdformer_p_rgb_512,2227,455342/44358471/46571.989/65b9b8eb-e554-437e-8475-95ff4a585906,0,0,nan,21.088113,21.088113,nan,nan,nan,nan,0.103896,nan,nan,1,0.000553
opdformer_p_rgb_512,2228,455342/44358471/46571.989/b52141d8-74fa-4507-b952-5e8c2ad9262b,0,0,nan,76.470698,76.470698,nan,nan,nan,nan,0.713555,nan,nan,1,0.000408
opdformer_p_rgb_512,2229,455342/44358471/46572.089/5fe5cb6d-cd6d-4084-9fe3-fe6e78ffc550,0,0,nan,4.615758,4.615758,nan,nan,nan,nan,0.662409,nan,nan,1,0.008573
opdformer_p_rgb_512,2230,455342/44358471/46572.089/65b9b8eb-e554-437e-8475-95ff4a585906,0,0,nan,15.255169,15.255169,nan,nan,nan,nan,0.696589,nan,nan,1,0.000207
opdformer_p_rgb_512,2231,455342/44358471/46572.089/b52141d8-74fa-4507-b952-5e8c2ad9262b,0,0,nan,84.100784,84.100784,nan,nan,nan,nan,0.840000,nan,nan,1,0.000212
opdformer_p_rgb_512,2232,455342/44358471/46572.189/65b9b8eb-e554-437e-8475-95ff4a585906,0,0,nan,9.001554,9.001554,nan,nan,nan,nan,0.380414,nan,nan,1,0.011890
opdformer_p_rgb_512,2233,455342/44358471/46572.289/65b9b8eb-e554-437e-8475-95ff4a585906,0,0,nan,2.364521,2.364521,nan,nan,nan,nan,0.672474,nan,nan,1,0.000505
opdformer_p_rgb_512,2234,455342/44358471/46572.389/65b9b8eb-e554-437e-8475-95ff4a585906,0,0,nan,4.998039,4.998039,nan,nan,nan,nan,0.696284,nan,nan,1,0.950822
opdformer_p_rgb_512,2235,455342/44358471/46572.389/e7fcd6f5-5401-4290-bdec-3836af8bab4c,0,0,nan,23.321021,23.321021,nan,nan,nan,nan,0.557789,nan,nan,1,0.000802
opdformer_p_rgb_512,2236,455342/44358471/46572.489/65b9b8eb-e554-437e-8475-95ff4a585906,0,0,nan,4.281271,4.281271,nan,nan,nan,nan,0.686804,nan,nan,1,0.950810
opdformer_p_rgb_512,2237,455342/44358471/46572.589/65b9b8eb-e554-437e-8475-95ff4a585906,0,0,nan,5.760724,5.760724,nan,nan,nan,nan,0.683721,nan,nan,1,0.949983
opdformer_p_rgb_512,2238,455342/44358471/46572.689/65b9b8eb-e554-437e-8475-95ff4a585906,0,0,nan,11.829508,11.829508,nan,nan,nan,nan,0.660494,nan,nan,1,0.946269
opdformer_p_rgb_512,2239,455342/44358471/46580.586/563c8b11-28f8-4acd-9022-021bbbffcff3,1,1,nan,15.723941,15.723941,0.700071,0.700256,nan,nan,0.120448,nan,nan,1,0.024894
opdformer_p_rgb_512,2240,455342/44358471/46580.686/563c8b11-28f8-4acd-9022-021bbbffcff3,1,1,nan,15.408027,15.408027,0.686081,0.711111,nan,nan,0.043825,nan,nan,1,0.138902
opdformer_p_rgb_512,2241,455342/44358471/46585.800/65b9b8eb-e554-437e-8475-95ff4a585906,0,1,nan,0.969975,0.969975,nan,nan,nan,nan,0.557229,nan,nan,1,0.000125
opdformer_p_rgb_512,2242,455342/44358471/46585.900/65b9b8eb-e554-437e-8475-95ff4a585906,0,0,nan,3.119776,3.119776,nan,nan,nan,nan,0.667293,nan,nan,1,0.003102
opdformer_p_rgb_512,2243,455342/44358471/46586.000/65b9b8eb-e554-437e-8475-95ff4a585906,0,0,nan,5.074026,5.074026,nan,nan,nan,nan,0.611222,nan,nan,1,0.000297
opdformer_p_rgb_512,2244,455342/44358471/46586.100/65b9b8eb-e554-437e-8475-95ff4a585906,0,0,nan,4.288393,4.288393,nan,nan,nan,nan,0.611940,nan,nan,1,0.000209
opdformer_p_rgb_512,2245,455342/44358471/46586.200/65b9b8eb-e554-437e-8475-95ff4a585906,0,1,nan,7.435005,7.435005,nan,nan,nan,nan,0.571106,nan,nan,1,0.000242
opdformer_p_rgb_512,2246,455342/44358471/46586.200/b52141d8-74fa-4507-b952-5e8c2ad9262b,0,0,nan,47.488744,47.488744,nan,nan,nan,nan,0.783099,nan,nan,1,0.000660
opdformer_p_rgb_512,2247,455342/44358471/46586.300/65b9b8eb-e554-437e-8475-95ff4a585906,0,0,nan,1.858857,1.858857,nan,nan,nan,nan,0.645540,nan,nan,1,0.000167
opdformer_p_rgb_512,2248,455342/44358471/46586.300/b52141d8-74fa-4507-b952-5e8c2ad9262b,0,0,nan,19.720133,19.720133,nan,nan,nan,nan,0.661972,nan,nan,1,0.892611
opdformer_p_rgb_512,2249,455342/44358471/46586.400/65b9b8eb-e554-437e-8475-95ff4a585906,0,0,nan,3.791627,3.791627,nan,nan,nan,nan,0.576923,nan,nan,1,0.000123
opdformer_p_rgb_512,2250,455342/44358471/46586.400/b52141d8-74fa-4507-b952-5e8c2ad9262b,0,1,nan,66.745999,66.745999,nan,nan,nan,nan,0.680352,nan,nan,1,0.000337
opdformer_p_rgb_512,2251,455342/44358471/46586.500/5fe5cb6d-cd6d-4084-9fe3-fe6e78ffc550,0,0,nan,5.359362,5.359362,nan,nan,nan,nan,0.539216,nan,nan,1,0.000260
opdformer_p_rgb_512,2252,455342/44358471/46586.500/65b9b8eb-e554-437e-8475-95ff4a585906,0,0,nan,3.885212,3.885212,nan,nan,nan,nan,0.428571,nan,nan,1,0.000091
opdformer_p_rgb_512,2253,455342/44358471/46586.500/b52141d8-74fa-4507-b952-5e8c2ad9262b,0,0,nan,27.458192,27.458192,nan,nan,nan,nan,0.767081,nan,nan,1,0.000117
opdformer_p_rgb_512,2254,455342/44358471/46586.600/5fe5cb6d-cd6d-4084-9fe3-fe6e78ffc550,0,0,nan,4.229013,4.229013,nan,nan,nan,nan,0.594255,nan,nan,1,0.000115
opdformer_p_rgb_512,2255,455342/44358471/46586.600/65b9b8eb-e554-437e-8475-95ff4a585906,0,1,nan,9.052622,9.052622,nan,nan,nan,nan,0.389034,nan,nan,1,0.000065
opdformer_p_rgb_512,2256,455342/44358471/46586.600/b52141d8-74fa-4507-b952-5e8c2ad9262b,0,1,nan,54.346475,54.346475,nan,nan,nan,nan,0.732558,nan,nan,1,0.000102
opdformer_p_rgb_512,2257,455342/44358471/46586.700/5fe5cb6d-cd6d-4084-9fe3-fe6e78ffc550,0,0,nan,2.644213,2.644213,nan,nan,nan,nan,0.613139,nan,nan,1,0.000057
opdformer_p_rgb_512,2258,455342/44358471/46586.700/65b9b8eb-e554-437e-8475-95ff4a585906,0,-1,nan,90.000000,90.000000,nan,nan,nan,nan,0.000000,nan,nan,0,nan
opdformer_p_rgb_512,2259,455342/44358471/46586.700/b52141d8-74fa-4507-b952-5e8c2ad9262b,0,1,nan,28.717412,28.717412,nan,nan,nan,nan,0.739683,nan,nan,1,0.000089
opdformer_p_rgb_512,2260,455342/44358471/46586.800/5fe5cb6d-cd6d-4084-9fe3-fe6e78ffc550,0,0,nan,3.322235,3.322235,nan,nan,nan,nan,0.656315,nan,nan,1,0.000460
opdformer_p_rgb_512,2261,455342/44358471/46586.800/65b9b8eb-e554-437e-8475-95ff4a585906,0,0,nan,6.181933,6.181933,nan,nan,nan,nan,0.522427,nan,nan,1,0.000167
opdformer_p_rgb_512,2262,455342/44358471/46586.800/b52141d8-74fa-4507-b952-5e8c2ad9262b,0,0,nan,35.730537,35.730537,nan,nan,nan,nan,0.758621,nan,nan,1,0.000573
opdformer_p_rgb_512,2263,455342/44358471/46586.900/5fe5cb6d-cd6d-4084-9fe3-fe6e78ffc550,0,0,nan,4.329523,4.329523,nan,nan,nan,nan,0.598194,nan,nan,1,0.000118
opdformer_p_rgb_512,2264,455342/44358471/46586.900/65b9b8eb-e554-437e-8475-95ff4a585906,0,0,nan,12.103536,12.103536,nan,nan,nan,nan,0.193029,nan,nan,1,0.000877
opdformer_p_rgb_512,2265,455342/44358471/46586.900/b52141d8-74fa-4507-b952-5e8c2ad9262b,0,0,nan,25.687371,25.687371,nan,nan,nan,nan,0.726384,nan,nan,1,0.000264
opdformer_p_rgb_512,2266,455342/44358471/46587.000/5fe5cb6d-cd6d-4084-9fe3-fe6e78ffc550,0,0,nan,7.286464,7.286464,nan,nan,nan,nan,0.507109,nan,nan,1,0.011181
opdformer_p_rgb_512,2267,455342/44358471/46587.000/65b9b8eb-e554-437e-8475-95ff4a585906,0,-1,nan,90.000000,90.000000,nan,nan,nan,nan,0.000000,nan,nan,0,nan
opdformer_p_rgb_512,2268,455342/44358471/46587.000/b52141d8-74fa-4507-b952-5e8c2ad9262b,0,1,nan,24.516455,24.516455,nan,nan,nan,nan,0.739496,nan,nan,1,0.000569
opdformer_p_rgb_512,2269,455342/44358471/46587.100/5fe5cb6d-cd6d-4084-9fe3-fe6e78ffc550,0,0,nan,7.707748,7.707748,nan,nan,nan,nan,0.503704,nan,nan,1,0.010670
opdformer_p_rgb_512,2270,455342/44358471/46587.100/65b9b8eb-e554-437e-8475-95ff4a585906,0,0,nan,17.715716,17.715716,nan,nan,nan,nan,0.711217,nan,nan,1,0.000376
opdformer_p_rgb_512,2271,455342/44358471/46587.100/b52141d8-74fa-4507-b952-5e8c2ad9262b,0,0,nan,24.378395,24.378395,nan,nan,nan,nan,0.769231,nan,nan,1,0.000095
opdformer_p_rgb_512,2272,455342/44358471/46587.200/5fe5cb6d-cd6d-4084-9fe3-fe6e78ffc550,0,0,nan,12.931209,12.931209,nan,nan,nan,nan,0.577023,nan,nan,1,0.004004
opdformer_p_rgb_512,2273,455342/44358471/46587.200/65b9b8eb-e554-437e-8475-95ff4a585906,0,-1,nan,90.000000,90.000000,nan,nan,nan,nan,0.000000,nan,nan,0,nan
opdformer_p_rgb_512,2274,455342/44358471/46587.200/b52141d8-74fa-4507-b952-5e8c2ad9262b,0,0,nan,10.182381,10.182381,nan,nan,nan,nan,0.775216,nan,nan,1,0.000052
opdformer_p_rgb_512,2275,455342/44358471/46587.300/5fe5cb6d-cd6d-4084-9fe3-fe6e78ffc550,0,0,nan,8.927888,8.927888,nan,nan,nan,nan,0.692513,nan,nan,1,0.000961
opdformer_p_rgb_512,2276,455342/44358471/46587.300/65b9b8eb-e554-437e-8475-95ff4a585906,0,0,nan,19.513918,19.513918,nan,nan,nan,nan,0.632517,nan,nan,1,0.000117
opdformer_p_rgb_512,2277,455342/44358471/46587.300/b52141d8-74fa-4507-b952-5e8c2ad9262b,0,0,nan,42.224688,42.224688,nan,nan,nan,nan,0.712082,nan,nan,1,0.000044
opdformer_p_rgb_512,2278,455342/44358471/46587.400/5fe5cb6d-cd6d-4084-9fe3-fe6e78ffc550,0,0,nan,12.185780,12.185780,nan,nan,nan,nan,0.650873,nan,nan,1,0.000044
opdformer_p_rgb_512,2279,455342/44358471/46587.400/65b9b8eb-e554-437e-8475-95ff4a585906,0,-1,nan,90.000000,90.000000,nan,nan,nan,nan,0.000000,nan,nan,0,nan
opdformer_p_rgb_512,2280,455342/44358471/46587.400/b52141d8-74fa-4507-b952-5e8c2ad9262b,0,0,nan,23.073652,23.073652,nan,nan,nan,nan,0.721354,nan,nan,1,0.048446
opdformer_p_rgb_512,2281,455342/44358471/46587.500/5fe5cb6d-cd6d-4084-9fe3-fe6e78ffc550,0,0,nan,27.082831,27.082831,nan,nan,nan,nan,0.708791,nan,nan,1,0.000010
opdformer_p_rgb_512,2282,455342/44358471/46587.500/65b9b8eb-e554-437e-8475-95ff4a585906,0,0,nan,35.848206,35.848206,nan,nan,nan,nan,0.636179,nan,nan,1,0.000024
opdformer_p_rgb_512,2283,455342/44358471/46587.500/b52141d8-74fa-4507-b952-5e8c2ad9262b,0,0,nan,32.391659,32.391659,nan,nan,nan,nan,0.731830,nan,nan,1,0.000007
opdformer_p_rgb_512,2284,455342/44358471/46587.600/5fe5cb6d-cd6d-4084-9fe3-fe6e78ffc550,0,0,nan,32.559598,32.559598,nan,nan,nan,nan,0.725714,nan,nan,1,0.003736
opdformer_p_rgb_512,2285,455342/44358471/46587.600/65b9b8eb-e554-437e-8475-95ff4a585906,0,0,nan,27.062450,27.062450,nan,nan,nan,nan,0.526946,nan,nan,1,0.000047
opdformer_p_rgb_512,2286,455342/44358471/46587.600/b52141d8-74fa-4507-b952-5e8c2ad9262b,0,0,nan,57.013382,57.013382,nan,nan,nan,nan,0.730028,nan,nan,1,0.000020
opdformer_p_rgb_512,2287,455342/44358471/46587.700/5fe5cb6d-cd6d-4084-9fe3-fe6e78ffc550,0,0,nan,20.826639,20.826639,nan,nan,nan,nan,0.697297,nan,nan,1,0.005989
opdformer_p_rgb_512,2288,455342/44358471/46587.700/65b9b8eb-e554-437e-8475-95ff4a585906,0,0,nan,20.063880,20.063880,nan,nan,nan,nan,0.525988,nan,nan,1,0.000054
opdformer_p_rgb_512,2289,455342/44358471/46587.700/b52141d8-74fa-4507-b952-5e8c2ad9262b,0,0,nan,64.318283,64.318283,nan,nan,nan,nan,0.732010,nan,nan,1,0.000017
opdformer_p_rgb_512,2290,455342/44358471/46587.800/5fe5cb6d-cd6d-4084-9fe3-fe6e78ffc550,0,0,nan,12.560840,12.560840,nan,nan,nan,nan,0.694236,nan,nan,1,0.000052
opdformer_p_rgb_512,2291,455342/44358471/46587.800/65b9b8eb-e554-437e-8475-95ff4a585906,0,0,nan,27.027313,27.027313,nan,nan,nan,nan,0.456612,nan,nan,1,0.000078
opdformer_p_rgb_512,2292,455342/44358471/46587.800/b52141d8-74fa-4507-b952-5e8c2ad9262b,0,0,nan,37.701033,37.701033,nan,nan,nan,nan,0.752941,nan,nan,1,0.021412
opdformer_p_rgb_512,2293,455342/44358471/46587.899/5fe5cb6d-cd6d-4084-9fe3-fe6e78ffc550,0,0,nan,23.230064,23.230064,nan,nan,nan,nan,0.723118,nan,nan,1,0.000044
opdformer_p_rgb_512,2294,455342/44358471/46587.899/65b9b8eb-e554-437e-8475-95ff4a585906,0,0,nan,15.307999,15.307999,nan,nan,nan,nan,0.649225,nan,nan,1,0.000118
opdformer_p_rgb_512,2295,455342/44358471/46587.899/b52141d8-74fa-4507-b952-5e8c2ad9262b,0,0,nan,57.815104,57.815104,nan,nan,nan,nan,0.746341,nan,nan,1,0.000027
opdformer_p_rgb_512,2296,455342/44358471/46587.999/5fe5cb6d-cd6d-4084-9fe3-fe6e78ffc550,0,0,nan,8.219859,8.219859,nan,nan,nan,nan,0.681081,nan,nan,1,0.000324
opdformer_p_rgb_512,2297,455342/44358471/46587.999/65b9b8eb-e554-437e-8475-95ff4a585906,0,0,nan,17.625196,17.625196,nan,nan,nan,nan,0.522088,nan,nan,1,0.000139
opdformer_p_rgb_512,2298,455342/44358471/46588.099/5fe5cb6d-cd6d-4084-9fe3-fe6e78ffc550,0,0,nan,9.811863,9.811863,nan,nan,nan,nan,0.704082,nan,nan,1,0.962538
opdformer_p_rgb_512,2299,455342/44358471/46588.099/65b9b8eb-e554-437e-8475-95ff4a585906,0,0,nan,11.921171,11.921171,nan,nan,nan,nan,0.616105,nan,nan,1,0.002380
opdformer_p_rgb_512,2300,455342/44358471/46588.199/5fe5cb6d-cd6d-4084-9fe3-fe6e78ffc550,0,0,nan,11.921985,11.921985,nan,nan,nan,nan,0.627078,nan,nan,1,0.000107
opdformer_p_rgb_512,2301,455342/44358471/46588.199/65b9b8eb-e554-437e-8475-95ff4a585906,0,0,nan,12.696057,12.696057,nan,nan,nan,nan,0.701128,nan,nan,1,0.000032
opdformer_p_rgb_512,2302,455342/44358471/46588.199/b52141d8-74fa-4507-b952-5e8c2ad9262b,0,0,nan,71.083047,71.083047,nan,nan,nan,nan,0.704595,nan,nan,1,0.000075
opdformer_p_rgb_512,2303,455342/44358471/46588.299/5fe5cb6d-cd6d-4084-9fe3-fe6e78ffc550,0,0,nan,8.946732,8.946732,nan,nan,nan,nan,0.695755,nan,nan,1,0.000045
opdformer_p_rgb_512,2304,455342/44358471/46588.299/65b9b8eb-e554-437e-8475-95ff4a585906,0,0,nan,8.425731,8.425731,nan,nan,nan,nan,0.604000,nan,nan,1,0.000444
opdformer_p_rgb_512,2305,455342/44358471/46588.299/b52141d8-74fa-4507-b952-5e8c2ad9262b,0,0,nan,55.981203,55.981203,nan,nan,nan,nan,0.688492,nan,nan,1,0.000144
opdformer_p_rgb_512,2306,455342/44358471/46588.399/5fe5cb6d-cd6d-4084-9fe3-fe6e78ffc550,0,0,nan,10.447719,10.447719,nan,nan,nan,nan,0.639913,nan,nan,1,0.959284
opdformer_p_rgb_512,2307,455342/44358471/46588.399/65b9b8eb-e554-437e-8475-95ff4a585906,0,0,nan,10.298523,10.298523,nan,nan,nan,nan,0.634862,nan,nan,1,0.000139
opdformer_p_rgb_512,2308,455342/44358471/46588.499/5fe5cb6d-cd6d-4084-9fe3-fe6e78ffc550,0,0,nan,13.289887,13.289887,nan,nan,nan,nan,0.646694,nan,nan,1,0.000165
opdformer_p_rgb_512,2309,455342/44358471/46588.499/65b9b8eb-e554-437e-8475-95ff4a585906,0,0,nan,12.603664,12.603664,nan,nan,nan,nan,0.672072,nan,nan,1,0.000562
opdformer_p_rgb_512,2310,455342/44358471/46588.599/5fe5cb6d-cd6d-4084-9fe3-fe6e78ffc550,0,0,nan,15.208643,15.208643,nan,nan,nan,nan,0.630859,nan,nan,1,0.000066
opdformer_p_rgb_512,2311,455342/44358471/46588.599/65b9b8eb-e554-437e-8475-95ff4a585906,0,0,nan,13.878158,13.878158,nan,nan,nan,nan,0.623886,nan,nan,1,0.000086
opdformer_p_rgb_512,2312,455342/44358471/46588.699/5fe5cb6d-cd6d-4084-9fe3-fe6e78ffc550,0,0,nan,26.663620,26.663620,nan,nan,nan,nan,0.525130,nan,nan,1,0.112626
opdformer_p_rgb_512,2313,455342/44358471/46588.699/65b9b8eb-e554-437e-8475-95ff4a585906,0,0,nan,13.031791,13.031791,nan,nan,nan,nan,0.702749,nan,nan,1,0.000053
opdformer_p_rgb_512,2314,455342/44358471/46588.699/e7fcd6f5-5401-4290-bdec-3836af8bab4c,0,-1,nan,90.000000,90.000000,nan,nan,nan,nan,0.000000,nan,nan,0,nan
opdformer_p_rgb_512,2315,455342/44358471/46588.799/5fe5cb6d-cd6d-4084-9fe3-fe6e78ffc550,0,0,nan,13.268825,13.268825,nan,nan,nan,nan,0.622837,nan,nan,1,0.002287
opdformer_p_rgb_512,2316,455342/44358471/46588.799/65b9b8eb-e554-437e-8475-95ff4a585906,0,0,nan,10.750275,10.750275,nan,nan,nan,nan,0.723327,nan,nan,1,0.000125
opdformer_p_rgb_512,2317,455342/44358471/46588.799/e7fcd6f5-5401-4290-bdec-3836af8bab4c,0,-1,nan,90.000000,90.000000,nan,nan,nan,nan,0.000000,nan,nan,0,nan
opdformer_p_rgb_512,2318,455342/44358471/46588.899/65b9b8eb-e554-437e-8475-95ff4a585906,0,0,nan,4.687427,4.687427,nan,nan,nan,nan,0.701667,nan,nan,1,0.000051
opdformer_p_rgb_512,2319,455342/44358471/46588.899/e7fcd6f5-5401-4290-bdec-3836af8bab4c,0,-1,nan,90.000000,90.000000,nan,nan,nan,nan,0.000000,nan,nan,0,nan
opdformer_p_rgb_512,2320,455342/44358471/46588.999/65b9b8eb-e554-437e-8475-95ff4a585906,0,0,nan,6.867878,6.867878,nan,nan,nan,nan,0.695876,nan,nan,1,0.000085
opdformer_p_rgb_512,2321,455342/44358471/46588.999/e7fcd6f5-5401-4290-bdec-3836af8bab4c,0,0,nan,5.738350,5.738350,nan,nan,nan,nan,0.129568,nan,nan,1,0.002567
opdformer_p_rgb_512,2322,455342/44358471/46589.099/65b9b8eb-e554-437e-8475-95ff4a585906,0,0,nan,6.266699,6.266699,nan,nan,nan,nan,0.711290,nan,nan,1,0.000130
opdformer_p_rgb_512,2323,455342/44358471/46589.099/e7fcd6f5-5401-4290-bdec-3836af8bab4c,0,0,nan,17.488782,17.488782,nan,nan,nan,nan,0.683582,nan,nan,1,0.000368
opdformer_p_rgb_512,2324,455342/44358471/46589.199/65b9b8eb-e554-437e-8475-95ff4a585906,0,0,nan,5.684460,5.684460,nan,nan,nan,nan,0.683409,nan,nan,1,0.028342
opdformer_p_rgb_512,2325,455342/44358471/46589.199/e7fcd6f5-5401-4290-bdec-3836af8bab4c,0,0,nan,38.221114,38.221114,nan,nan,nan,nan,0.720297,nan,nan,1,0.000190
opdformer_p_rgb_512,2326,455342/44358471/46589.299/65b9b8eb-e554-437e-8475-95ff4a585906,0,0,nan,5.309834,5.309834,nan,nan,nan,nan,0.695346,nan,nan,1,0.000662
opdformer_p_rgb_512,2327,455342/44358471/46589.299/e7fcd6f5-5401-4290-bdec-3836af8bab4c,0,0,nan,14.439381,14.439381,nan,nan,nan,nan,0.769231,nan,nan,1,0.000056
opdformer_p_rgb_512,2328,455342/44358471/46589.399/e7fcd6f5-5401-4290-bdec-3836af8bab4c,0,0,nan,31.405924,31.405924,nan,nan,nan,nan,0.785263,nan,nan,1,0.021912
opdformer_p_rgb_512,2329,455342/44358471/46589.499/ac4a3fbd-ba4c-499a-863a-23ce59e7a5be,0,0,nan,31.714743,31.714743,nan,nan,nan,nan,0.711765,nan,nan,1,0.005146
opdformer_p_rgb_512,2330,455342/44358471/46589.599/ac4a3fbd-ba4c-499a-863a-23ce59e7a5be,0,0,nan,57.469511,57.469511,nan,nan,nan,nan,0.748447,nan,nan,1,0.000296
opdformer_p_rgb_512,2331,455342/44358471/46589.699/ac4a3fbd-ba4c-499a-863a-23ce59e7a5be,0,0,nan,39.791268,39.791268,nan,nan,nan,nan,0.715116,nan,nan,1,0.000189
opdformer_p_rgb_512,2332,455342/44358471/46589.799/ac4a3fbd-ba4c-499a-863a-23ce59e7a5be,0,0,nan,36.170532,36.170532,nan,nan,nan,nan,0.712707,nan,nan,1,0.000074
opdformer_p_rgb_512,2333,455342/44358471/46589.899/ac4a3fbd-ba4c-499a-863a-23ce59e7a5be,0,0,nan,39.335842,39.335842,nan,nan,nan,nan,0.778667,nan,nan,1,0.000361
opdformer_p_rgb_512,2334,455342/44358471/46589.999/ac4a3fbd-ba4c-499a-863a-23ce59e7a5be,0,0,nan,32.660046,32.660046,nan,nan,nan,nan,0.678663,nan,nan,1,0.000028
opdformer_p_rgb_512,2335,455342/44358471/46590.099/ac4a3fbd-ba4c-499a-863a-23ce59e7a5be,0,0,nan,40.416348,40.416348,nan,nan,nan,nan,0.736111,nan,nan,1,0.000039
opdformer_p_rgb_512,2336,455342/44358471/46590.199/ac4a3fbd-ba4c-499a-863a-23ce59e7a5be,0,0,nan,56.864031,56.864031,nan,nan,nan,nan,0.636364,nan,nan,1,0.000075
opdformer_p_rgb_512,2337,455342/44358471/46590.299/ac4a3fbd-ba4c-499a-863a-23ce59e7a5be,0,0,nan,35.512914,35.512914,nan,nan,nan,nan,0.758621,nan,nan,1,0.000036
opdformer_p_rgb_512,2338,455342/44358471/46590.398/ac4a3fbd-ba4c-499a-863a-23ce59e7a5be,0,0,nan,15.245872,15.245872,nan,nan,nan,nan,0.717742,nan,nan,1,0.738549
opdformer_p_rgb_512,2339,455342/44358471/46590.498/ac4a3fbd-ba4c-499a-863a-23ce59e7a5be,0,0,nan,69.822248,69.822248,nan,nan,nan,nan,0.711905,nan,nan,1,0.000398
opdformer_p_rgb_512,2340,455342/44358471/46590.598/ac4a3fbd-ba4c-499a-863a-23ce59e7a5be,0,0,nan,20.070743,20.070743,nan,nan,nan,nan,0.703518,nan,nan,1,0.000065
opdformer_p_rgb_512,2341,455342/44358471/46590.698/ac4a3fbd-ba4c-499a-863a-23ce59e7a5be,0,0,nan,14.038201,14.038201,nan,nan,nan,nan,0.712195,nan,nan,1,0.000035
opdformer_p_rgb_512,2342,455342/44358471/46590.798/ac4a3fbd-ba4c-499a-863a-23ce59e7a5be,0,0,nan,4.498451,4.498451,nan,nan,nan,nan,0.692857,nan,nan,1,0.000088
opdformer_p_rgb_512,2343,455342/44358471/46590.898/ac4a3fbd-ba4c-499a-863a-23ce59e7a5be,0,0,nan,13.119259,13.119259,nan,nan,nan,nan,0.733010,nan,nan,1,0.000081
opdformer_p_rgb_512,2344,455342/44358471/46590.998/ac4a3fbd-ba4c-499a-863a-23ce59e7a5be,0,0,nan,16.553641,16.553641,nan,nan,nan,nan,0.651765,nan,nan,1,0.243149
opdformer_p_rgb_512,2345,455342/44358471/46591.098/ac4a3fbd-ba4c-499a-863a-23ce59e7a5be,0,0,nan,7.532879,7.532879,nan,nan,nan,nan,0.653933,nan,nan,1,0.000030
opdformer_p_rgb_512,2346,455342/44358471/46591.198/ac4a3fbd-ba4c-499a-863a-23ce59e7a5be,0,0,nan,15.827654,15.827654,nan,nan,nan,nan,0.634529,nan,nan,1,0.000014
opdformer_p_rgb_512,2347,455342/44358471/46591.198/e7fcd6f5-5401-4290-bdec-3836af8bab4c,0,0,nan,32.456849,32.456849,nan,nan,nan,nan,0.690789,nan,nan,1,0.000044
opdformer_p_rgb_512,2348,455342/44358471/46591.298/65b9b8eb-e554-437e-8475-95ff4a585906,0,0,nan,11.557057,11.557057,nan,nan,nan,nan,0.587251,nan,nan,1,0.000018
opdformer_p_rgb_512,2349,455342/44358471/46591.298/ac4a3fbd-ba4c-499a-863a-23ce59e7a5be,0,0,nan,5.101738,5.101738,nan,nan,nan,nan,0.711497,nan,nan,1,0.000015
opdformer_p_rgb_512,2350,455342/44358471/46591.298/e7fcd6f5-5401-4290-bdec-3836af8bab4c,0,0,nan,18.604498,18.604498,nan,nan,nan,nan,0.732120,nan,nan,1,0.000015
opdformer_p_rgb_512,2351,455342/44358471/46591.398/65b9b8eb-e554-437e-8475-95ff4a585906,0,0,nan,17.394643,17.394643,nan,nan,nan,nan,0.444947,nan,nan,1,0.000147
opdformer_p_rgb_512,2352,455342/44358471/46591.398/ac4a3fbd-ba4c-499a-863a-23ce59e7a5be,0,0,nan,3.421415,3.421415,nan,nan,nan,nan,0.617284,nan,nan,1,0.000018
opdformer_p_rgb_512,2353,455342/44358471/46591.398/e7fcd6f5-5401-4290-bdec-3836af8bab4c,0,0,nan,5.094571,5.094571,nan,nan,nan,nan,0.711243,nan,nan,1,0.000180
opdformer_p_rgb_512,2354,455342/44358471/46591.498/65b9b8eb-e554-437e-8475-95ff4a585906,0,0,nan,35.100259,35.100259,nan,nan,nan,nan,0.561166,nan,nan,1,0.000038
opdformer_p_rgb_512,2355,455342/44358471/46591.498/ac4a3fbd-ba4c-499a-863a-23ce59e7a5be,0,0,nan,8.014199,8.014199,nan,nan,nan,nan,0.607143,nan,nan,1,0.000026
opdformer_p_rgb_512,2356,455342/44358471/46591.498/e7fcd6f5-5401-4290-bdec-3836af8bab4c,0,0,nan,24.854949,24.854949,nan,nan,nan,nan,0.836810,nan,nan,1,0.000032
opdformer_p_rgb_512,2357,455342/44358471/46591.598/65b9b8eb-e554-437e-8475-95ff4a585906,0,0,nan,5.872533,5.872533,nan,nan,nan,nan,0.550035,nan,nan,1,0.000618
opdformer_p_rgb_512,2358,455342/44358471/46591.598/ac4a3fbd-ba4c-499a-863a-23ce59e7a5be,0,0,nan,14.195267,14.195267,nan,nan,nan,nan,0.609804,nan,nan,1,0.000012
opdformer_p_rgb_512,2359,455342/44358471/46591.598/e7fcd6f5-5401-4290-bdec-3836af8bab4c,0,0,nan,19.690031,19.690031,nan,nan,nan,nan,0.762972,nan,nan,1,0.000065
opdformer_p_rgb_512,2360,455342/44358471/46591.698/65b9b8eb-e554-437e-8475-95ff4a585906,0,0,nan,15.718479,15.718479,nan,nan,nan,nan,0.471506,nan,nan,1,0.000071
opdformer_p_rgb_512,2361,455342/44358471/46591.698/ac4a3fbd-ba4c-499a-863a-23ce59e7a5be,0,0,nan,12.333647,12.333647,nan,nan,nan,nan,0.584699,nan,nan,1,0.000025
opdformer_p_rgb_512,2362,455342/44358471/46591.698/e7fcd6f5-5401-4290-bdec-3836af8bab4c,0,0,nan,19.294419,19.294419,nan,nan,nan,nan,0.729299,nan,nan,1,0.000016
opdformer_p_rgb_512,2363,455342/44358471/46591.798/65b9b8eb-e554-437e-8475-95ff4a585906,0,0,nan,38.690452,38.690452,nan,nan,nan,nan,0.420982,nan,nan,1,0.000011
opdformer_p_rgb_512,2364,455342/44358471/46591.798/ac4a3fbd-ba4c-499a-863a-23ce59e7a5be,0,0,nan,5.342975,5.342975,nan,nan,nan,nan,0.570896,nan,nan,1,0.000012
opdformer_p_rgb_512,2365,455342/44358471/46591.798/e7fcd6f5-5401-4290-bdec-3836af8bab4c,0,0,nan,19.628977,19.628977,nan,nan,nan,nan,0.723307,nan,nan,1,0.000028
opdformer_p_rgb_512,2366,455342/44358471/46591.898/65b9b8eb-e554-437e-8475-95ff4a585906,0,0,nan,14.102658,14.102658,nan,nan,nan,nan,0.527559,nan,nan,1,0.000036
opdformer_p_rgb_512,2367,455342/44358471/46591.898/ac4a3fbd-ba4c-499a-863a-23ce59e7a5be,0,0,nan,4.098174,4.098174,nan,nan,nan,nan,0.574733,nan,nan,1,0.000016
opdformer_p_rgb_512,2368,455342/44358471/46591.898/e7fcd6f5-5401-4290-bdec-3836af8bab4c,0,0,nan,14.482303,14.482303,nan,nan,nan,nan,0.821545,nan,nan,1,0.000024
opdformer_p_rgb_512,2369,455342/44358471/46591.998/65b9b8eb-e554-437e-8475-95ff4a585906,0,0,nan,61.572175,61.572175,nan,nan,nan,nan,0.504714,nan,nan,1,0.000025
opdformer_p_rgb_512,2370,455342/44358471/46591.998/ac4a3fbd-ba4c-499a-863a-23ce59e7a5be,0,0,nan,13.804222,13.804222,nan,nan,nan,nan,0.515599,nan,nan,1,0.000024
opdformer_p_rgb_512,2371,455342/44358471/46591.998/e7fcd6f5-5401-4290-bdec-3836af8bab4c,0,0,nan,27.747548,27.747548,nan,nan,nan,nan,0.750293,nan,nan,1,0.000017
opdformer_p_rgb_512,2372,455342/44358471/46592.098/65b9b8eb-e554-437e-8475-95ff4a585906,0,0,nan,50.635731,50.635731,nan,nan,nan,nan,0.542839,nan,nan,1,0.000039
opdformer_p_rgb_512,2373,455342/44358471/46592.098/ac4a3fbd-ba4c-499a-863a-23ce59e7a5be,0,0,nan,4.485873,4.485873,nan,nan,nan,nan,0.510109,nan,nan,1,0.001466
opdformer_p_rgb_512,2374,455342/44358471/46592.098/e7fcd6f5-5401-4290-bdec-3836af8bab4c,0,0,nan,22.985377,22.985377,nan,nan,nan,nan,0.738758,nan,nan,1,0.000018
opdformer_p_rgb_512,2375,455342/44358471/46592.198/65b9b8eb-e554-437e-8475-95ff4a585906,0,0,nan,72.031915,72.031915,nan,nan,nan,nan,0.421122,nan,nan,1,0.000066
opdformer_p_rgb_512,2376,455342/44358471/46592.198/ac4a3fbd-ba4c-499a-863a-23ce59e7a5be,0,0,nan,15.495057,15.495057,nan,nan,nan,nan,0.522907,nan,nan,1,0.000083
opdformer_p_rgb_512,2377,455342/44358471/46592.198/e7fcd6f5-5401-4290-bdec-3836af8bab4c,0,0,nan,21.543469,21.543469,nan,nan,nan,nan,0.726351,nan,nan,1,0.000020
opdformer_p_rgb_512,2378,455342/44358471/46592.298/65b9b8eb-e554-437e-8475-95ff4a585906,0,0,nan,18.482201,18.482201,nan,nan,nan,nan,0.380762,nan,nan,1,0.000036
opdformer_p_rgb_512,2379,455342/44358471/46592.298/ac4a3fbd-ba4c-499a-863a-23ce59e7a5be,0,0,nan,12.382616,12.382616,nan,nan,nan,nan,0.507389,nan,nan,1,0.000011
opdformer_p_rgb_512,2380,455342/44358471/46592.298/e7fcd6f5-5401-4290-bdec-3836af8bab4c,0,0,nan,16.287423,16.287423,nan,nan,nan,nan,0.705228,nan,nan,1,0.000037
opdformer_p_rgb_512,2381,455342/44358471/46592.398/65b9b8eb-e554-437e-8475-95ff4a585906,0,0,nan,27.855187,27.855187,nan,nan,nan,nan,0.416723,nan,nan,1,0.000016
opdformer_p_rgb_512,2382,455342/44358471/46592.398/ac4a3fbd-ba4c-499a-863a-23ce59e7a5be,0,0,nan,19.279321,19.279321,nan,nan,nan,nan,0.464630,nan,nan,1,0.000031
opdformer_p_rgb_512,2383,455342/44358471/46592.398/e7fcd6f5-5401-4290-bdec-3836af8bab4c,0,0,nan,38.762607,38.762607,nan,nan,nan,nan,0.856787,nan,nan,1,0.000027
opdformer_p_rgb_512,2384,455342/44358471/46592.498/65b9b8eb-e554-437e-8475-95ff4a585906,0,0,nan,55.660618,55.660618,nan,nan,nan,nan,0.498057,nan,nan,1,0.000017
opdformer_p_rgb_512,2385,455342/44358471/46592.498/ac4a3fbd-ba4c-499a-863a-23ce59e7a5be,0,0,nan,11.673423,11.673423,nan,nan,nan,nan,0.499187,nan,nan,1,0.000007
opdformer_p_rgb_512,2386,455342/44358471/46592.498/e7fcd6f5-5401-4290-bdec-3836af8bab4c,0,0,nan,25.436826,25.436826,nan,nan,nan,nan,0.703529,nan,nan,1,0.000074
opdformer_p_rgb_512,2387,455342/44358471/46592.598/65b9b8eb-e554-437e-8475-95ff4a585906,0,0,nan,88.572049,88.572049,nan,nan,nan,nan,0.445987,nan,nan,1,0.000016
opdformer_p_rgb_512,2388,455342/44358471/46592.598/ac4a3fbd-ba4c-499a-863a-23ce59e7a5be,0,0,nan,9.783894,9.783894,nan,nan,nan,nan,0.450156,nan,nan,1,0.000009
opdformer_p_rgb_512,2389,455342/44358471/46592.598/e7fcd6f5-5401-4290-bdec-3836af8bab4c,0,0,nan,16.724281,16.724281,nan,nan,nan,nan,0.760694,nan,nan,1,0.000031
opdformer_p_rgb_512,2390,455342/44358471/46592.698/65b9b8eb-e554-437e-8475-95ff4a585906,0,0,nan,79.488947,79.488947,nan,nan,nan,nan,0.441977,nan,nan,1,0.000026
opdformer_p_rgb_512,2391,455342/44358471/46592.698/ac4a3fbd-ba4c-499a-863a-23ce59e7a5be,0,0,nan,12.453498,12.453498,nan,nan,nan,nan,0.430060,nan,nan,1,0.000011
opdformer_p_rgb_512,2392,455342/44358471/46592.698/e7fcd6f5-5401-4290-bdec-3836af8bab4c,0,0,nan,21.208903,21.208903,nan,nan,nan,nan,0.777778,nan,nan,1,0.000047
opdformer_p_rgb_512,2393,455342/44358471/46592.798/65b9b8eb-e554-437e-8475-95ff4a585906,0,0,nan,68.293454,68.293454,nan,nan,nan,nan,0.381951,nan,nan,1,0.000009
opdformer_p_rgb_512,2394,455342/44358471/46592.798/ac4a3fbd-ba4c-499a-863a-23ce59e7a5be,0,0,nan,1.854478,1.854478,nan,nan,nan,nan,0.480926,nan,nan,1,0.000013
opdformer_p_rgb_512,2395,455342/44358471/46592.798/e7fcd6f5-5401-4290-bdec-3836af8bab4c,0,0,nan,19.798215,19.798215,nan,nan,nan,nan,0.763033,nan,nan,1,0.000022
opdformer_p_rgb_512,2396,455342/44358471/46592.897/ac4a3fbd-ba4c-499a-863a-23ce59e7a5be,0,0,nan,14.203381,14.203381,nan,nan,nan,nan,0.479798,nan,nan,1,0.000018
opdformer_p_rgb_512,2397,455342/44358471/46592.997/ac4a3fbd-ba4c-499a-863a-23ce59e7a5be,0,0,nan,13.111090,13.111090,nan,nan,nan,nan,0.506667,nan,nan,1,0.951821
opdformer_p_rgb_512,2398,455342/44358471/46593.097/ac4a3fbd-ba4c-499a-863a-23ce59e7a5be,0,0,nan,14.153655,14.153655,nan,nan,nan,nan,0.570060,nan,nan,1,0.000006
opdformer_p_rgb_512,2399,455342/44358471/46593.197/ac4a3fbd-ba4c-499a-863a-23ce59e7a5be,0,0,nan,11.496335,11.496335,nan,nan,nan,nan,0.558061,nan,nan,1,0.000002
opdformer_p_rgb_512,2400,455342/44358471/46593.297/ac4a3fbd-ba4c-499a-863a-23ce59e7a5be,0,0,nan,4.405156,4.405156,nan,nan,nan,nan,0.500534,nan,nan,1,0.000006
opdformer_p_rgb_512,2401,455342/44358471/46593.397/ac4a3fbd-ba4c-499a-863a-23ce59e7a5be,0,0,nan,9.986239,9.986239,nan,nan,nan,nan,0.570430,nan,nan,1,0.000006
opdformer_p_rgb_512,2402,455342/44358471/46593.497/ac4a3fbd-ba4c-499a-863a-23ce59e7a5be,0,0,nan,8.748528,8.748528,nan,nan,nan,nan,0.632959,nan,nan,1,0.000029
opdformer_p_rgb_512,2403,455342/44358471/46593.597/ac4a3fbd-ba4c-499a-863a-23ce59e7a5be,0,0,nan,6.604134,6.604134,nan,nan,nan,nan,0.491758,nan,nan,1,0.000157
opdformer_p_rgb_512,2404,455342/44358471/46593.697/ac4a3fbd-ba4c-499a-863a-23ce59e7a5be,0,0,nan,11.744540,11.744540,nan,nan,nan,nan,0.528558,nan,nan,1,0.000007
opdformer_p_rgb_512,2405,455342/44358471/46593.797/ac4a3fbd-ba4c-499a-863a-23ce59e7a5be,0,0,nan,15.469548,15.469548,nan,nan,nan,nan,0.467803,nan,nan,1,0.000006
opdformer_p_rgb_512,2406,455342/44358472/46615.189/65b9b8eb-e554-437e-8475-95ff4a585906,0,0,nan,10.840711,10.840711,nan,nan,nan,nan,0.662295,nan,nan,1,0.000197
opdformer_p_rgb_512,2407,455342/44358472/46615.289/65b9b8eb-e554-437e-8475-95ff4a585906,0,0,nan,7.639983,7.639983,nan,nan,nan,nan,0.430168,nan,nan,1,0.002819
opdformer_p_rgb_512,2408,455342/44358472/46615.389/65b9b8eb-e554-437e-8475-95ff4a585906,0,0,nan,16.202927,16.202927,nan,nan,nan,nan,0.521490,nan,nan,1,0.001053
opdformer_p_rgb_512,2409,455342/44358472/46615.588/ac4a3fbd-ba4c-499a-863a-23ce59e7a5be,0,0,nan,44.110539,44.110539,nan,nan,nan,nan,0.778816,nan,nan,1,0.000049
opdformer_p_rgb_512,2410,455342/44358472/46615.688/ac4a3fbd-ba4c-499a-863a-23ce59e7a5be,0,0,nan,109.734561,70.265439,nan,nan,nan,nan,0.823151,nan,nan,1,0.000056
opdformer_p_rgb_512,2411,455342/44358472/46615.788/ac4a3fbd-ba4c-499a-863a-23ce59e7a5be,0,0,nan,93.712681,86.287319,nan,nan,nan,nan,0.676829,nan,nan,1,0.000079
opdformer_p_rgb_512,2412,455342/44358472/46615.888/ac4a3fbd-ba4c-499a-863a-23ce59e7a5be,0,0,nan,95.655380,84.344620,nan,nan,nan,nan,0.765579,nan,nan,1,0.000015
opdformer_p_rgb_512,2413,455342/44358472/46615.988/ac4a3fbd-ba4c-499a-863a-23ce59e7a5be,0,0,nan,129.134698,50.865302,nan,nan,nan,nan,0.684814,nan,nan,1,0.000092
opdformer_p_rgb_512,2414,455342/44358472/46616.088/ac4a3fbd-ba4c-499a-863a-23ce59e7a5be,0,0,nan,102.880499,77.119501,nan,nan,nan,nan,0.777215,nan,nan,1,0.000015
opdformer_p_rgb_512,2415,455342/44358472/46616.188/ac4a3fbd-ba4c-499a-863a-23ce59e7a5be,0,0,nan,142.415100,37.584900,nan,nan,nan,nan,0.836186,nan,nan,1,0.000011
opdformer_p_rgb_512,2416,455342/44358472/46616.288/ac4a3fbd-ba4c-499a-863a-23ce59e7a5be,0,0,nan,138.050256,41.949744,nan,nan,nan,nan,0.713930,nan,nan,1,0.071161
opdformer_p_rgb_512,2417,455342/44358472/46616.388/ac4a3fbd-ba4c-499a-863a-23ce59e7a5be,0,0,nan,157.807312,22.192688,nan,nan,nan,nan,0.742857,nan,nan,1,0.000010
opdformer_p_rgb_512,2418,455342/44358472/46616.488/ac4a3fbd-ba4c-499a-863a-23ce59e7a5be,0,0,nan,150.534536,29.465464,nan,nan,nan,nan,0.690789,nan,nan,1,0.000162
opdformer_p_rgb_512,2419,455342/44358472/46616.588/ac4a3fbd-ba4c-499a-863a-23ce59e7a5be,0,0,nan,133.696977,46.303023,nan,nan,nan,nan,0.824524,nan,nan,1,0.000160
opdformer_p_rgb_512,2420,455342/44358472/46616.688/ac4a3fbd-ba4c-499a-863a-23ce59e7a5be,0,0,nan,118.151497,61.848503,nan,nan,nan,nan,0.820158,nan,nan,1,0.000034
opdformer_p_rgb_512,2421,455342/44358472/46616.788/ac4a3fbd-ba4c-499a-863a-23ce59e7a5be,0,0,nan,115.714744,64.285256,nan,nan,nan,nan,0.863378,nan,nan,1,0.000097
opdformer_p_rgb_512,2422,455342/44358472/46624.785/5fe5cb6d-cd6d-4084-9fe3-fe6e78ffc550,0,0,nan,4.667199,4.667199,nan,nan,nan,nan,0.706019,nan,nan,1,0.000612
opdformer_p_rgb_512,2423,455342/44358472/46624.901/5fe5cb6d-cd6d-4084-9fe3-fe6e78ffc550,0,0,nan,8.782177,8.782177,nan,nan,nan,nan,0.656471,nan,nan,1,0.000163
opdformer_p_rgb_512,2424,455342/44358472/46625.001/5fe5cb6d-cd6d-4084-9fe3-fe6e78ffc550,0,0,nan,13.961966,13.961966,nan,nan,nan,nan,0.572104,nan,nan,1,0.001235
opdformer_p_rgb_512,2425,455342/44358472/46625.101/5fe5cb6d-cd6d-4084-9fe3-fe6e78ffc550,0,0,nan,10.873878,10.873878,nan,nan,nan,nan,0.731132,nan,nan,1,0.000235
opdformer_p_rgb_512,2426,455342/44358472/46625.101/b52141d8-74fa-4507-b952-5e8c2ad9262b,0,0,nan,17.773019,17.773019,nan,nan,nan,nan,0.782895,nan,nan,1,0.000010
opdformer_p_rgb_512,2427,455342/44358472/46625.701/5fe5cb6d-cd6d-4084-9fe3-fe6e78ffc550,0,0,nan,29.831256,29.831256,nan,nan,nan,nan,0.676892,nan,nan,1,0.005182
opdformer_p_rgb_512,2428,455342/44358472/46625.701/65b9b8eb-e554-437e-8475-95ff4a585906,0,0,nan,20.513325,20.513325,nan,nan,nan,nan,0.334807,nan,nan,1,0.000016
opdformer_p_rgb_512,2429,455342/44358472/46625.701/e7fcd6f5-5401-4290-bdec-3836af8bab4c,0,0,nan,36.166704,36.166704,nan,nan,nan,nan,0.800926,nan,nan,1,0.000020
opdformer_p_rgb_512,2430,455342/44358472/46625.801/5fe5cb6d-cd6d-4084-9fe3-fe6e78ffc550,0,0,nan,33.572605,33.572605,nan,nan,nan,nan,0.719101,nan,nan,1,0.000015
opdformer_p_rgb_512,2431,455342/44358472/46625.801/65b9b8eb-e554-437e-8475-95ff4a585906,0,0,nan,20.517287,20.517287,nan,nan,nan,nan,0.440534,nan,nan,1,0.000019
opdformer_p_rgb_512,2432,455342/44358472/46625.801/ac4a3fbd-ba4c-499a-863a-23ce59e7a5be,0,0,nan,1.719936,1.719936,nan,nan,nan,nan,0.716456,nan,nan,1,0.000038
opdformer_p_rgb_512,2433,455342/44358472/46625.801/e7fcd6f5-5401-4290-bdec-3836af8bab4c,0,0,nan,28.562698,28.562698,nan,nan,nan,nan,0.880711,nan,nan,1,0.000019
opdformer_p_rgb_512,2434,455342/44358472/46625.901/5fe5cb6d-cd6d-4084-9fe3-fe6e78ffc550,0,0,nan,17.567854,17.567854,nan,nan,nan,nan,0.770221,nan,nan,1,0.000004
opdformer_p_rgb_512,2435,455342/44358472/46625.901/65b9b8eb-e554-437e-8475-95ff4a585906,0,0,nan,89.004787,89.004787,nan,nan,nan,nan,0.051414,nan,nan,1,0.000010
opdformer_p_rgb_512,2436,455342/44358472/46625.901/ac4a3fbd-ba4c-499a-863a-23ce59e7a5be,0,0,nan,6.420008,6.420008,nan,nan,nan,nan,0.644444,nan,nan,1,0.000026
opdformer_p_rgb_512,2437,455342/44358472/46625.901/e7fcd6f5-5401-4290-bdec-3836af8bab4c,0,0,nan,14.850328,14.850328,nan,nan,nan,nan,0.835025,nan,nan,1,0.000035
opdformer_p_rgb_512,2438,455342/44358472/46626.001/5fe5cb6d-cd6d-4084-9fe3-fe6e78ffc550,0,0,nan,15.855034,15.855034,nan,nan,nan,nan,0.762063,nan,nan,1,0.000039
opdformer_p_rgb_512,2439,455342/44358472/46626.001/65b9b8eb-e554-437e-8475-95ff4a585906,0,0,nan,32.399729,32.399729,nan,nan,nan,nan,0.348178,nan,nan,1,0.000466
opdformer_p_rgb_512,2440,455342/44358472/46626.001/ac4a3fbd-ba4c-499a-863a-23ce59e7a5be,0,0,nan,7.291909,7.291909,nan,nan,nan,nan,0.688427,nan,nan,1,0.000083
opdformer_p_rgb_512,2441,455342/44358472/46626.001/e7fcd6f5-5401-4290-bdec-3836af8bab4c,0,0,nan,22.449230,22.449230,nan,nan,nan,nan,0.821244,nan,nan,1,0.000116
opdformer_p_rgb_512,2442,455342/44358472/46626.101/5fe5cb6d-cd6d-4084-9fe3-fe6e78ffc550,0,0,nan,22.590765,22.590765,nan,nan,nan,nan,0.757962,nan,nan,1,0.000019
opdformer_p_rgb_512,2443,455342/44358472/46626.101/65b9b8eb-e554-437e-8475-95ff4a585906,0,0,nan,67.454056,67.454056,nan,nan,nan,nan,0.110490,nan,nan,1,0.000074
opdformer_p_rgb_512,2444,455342/44358472/46626.101/ac4a3fbd-ba4c-499a-863a-23ce59e7a5be,0,0,nan,7.587772,7.587772,nan,nan,nan,nan,0.695375,nan,nan,1,0.000059
opdformer_p_rgb_512,2445,455342/44358472/46626.101/e7fcd6f5-5401-4290-bdec-3836af8bab4c,0,0,nan,33.650082,33.650082,nan,nan,nan,nan,0.840314,nan,nan,1,0.000052
opdformer_p_rgb_512,2446,455342/44358472/46626.201/5fe5cb6d-cd6d-4084-9fe3-fe6e78ffc550,0,0,nan,6.515058,6.515058,nan,nan,nan,nan,0.809302,nan,nan,1,0.000031
opdformer_p_rgb_512,2447,455342/44358472/46626.201/65b9b8eb-e554-437e-8475-95ff4a585906,0,0,nan,37.910692,37.910692,nan,nan,nan,nan,0.286685,nan,nan,1,0.002205
opdformer_p_rgb_512,2448,455342/44358472/46626.201/ac4a3fbd-ba4c-499a-863a-23ce59e7a5be,0,0,nan,7.669328,7.669328,nan,nan,nan,nan,0.614516,nan,nan,1,0.000087
opdformer_p_rgb_512,2449,455342/44358472/46626.201/e7fcd6f5-5401-4290-bdec-3836af8bab4c,0,0,nan,60.234536,60.234536,nan,nan,nan,nan,0.879265,nan,nan,1,0.000082
opdformer_p_rgb_512,2450,455342/44358472/46626.301/5fe5cb6d-cd6d-4084-9fe3-fe6e78ffc550,0,0,nan,9.211125,9.211125,nan,nan,nan,nan,0.801113,nan,nan,1,0.000383
opdformer_p_rgb_512,2451,455342/44358472/46626.301/65b9b8eb-e554-437e-8475-95ff4a585906,0,0,nan,36.012868,36.012868,nan,nan,nan,nan,0.535871,nan,nan,1,0.000522
opdformer_p_rgb_512,2452,455342/44358472/46626.301/ac4a3fbd-ba4c-499a-863a-23ce59e7a5be,0,0,nan,21.504979,21.504979,nan,nan,nan,nan,0.600000,nan,nan,1,0.000062
opdformer_p_rgb_512,2453,455342/44358472/46626.301/e7fcd6f5-5401-4290-bdec-3836af8bab4c,0,0,nan,64.465513,64.465513,nan,nan,nan,nan,0.854167,nan,nan,1,0.000052
opdformer_p_rgb_512,2454,455342/44358472/46626.401/65b9b8eb-e554-437e-8475-95ff4a585906,0,0,nan,27.735494,27.735494,nan,nan,nan,nan,0.483680,nan,nan,1,0.000288
opdformer_p_rgb_512,2455,455342/44358472/46626.401/ac4a3fbd-ba4c-499a-863a-23ce59e7a5be,0,0,nan,19.151282,19.151282,nan,nan,nan,nan,0.575758,nan,nan,1,0.000059
opdformer_p_rgb_512,2456,455342/44358472/46626.401/e7fcd6f5-5401-4290-bdec-3836af8bab4c,0,0,nan,65.371128,65.371128,nan,nan,nan,nan,0.814721,nan,nan,1,0.000138
opdformer_p_rgb_512,2457,455342/44358472/46626.501/65b9b8eb-e554-437e-8475-95ff4a585906,0,0,nan,21.591727,21.591727,nan,nan,nan,nan,0.665301,nan,nan,1,0.000569
opdformer_p_rgb_512,2458,455342/44358472/46626.501/ac4a3fbd-ba4c-499a-863a-23ce59e7a5be,0,0,nan,15.225310,15.225310,nan,nan,nan,nan,0.543210,nan,nan,1,0.000205
opdformer_p_rgb_512,2459,455342/44358472/46626.501/b52141d8-74fa-4507-b952-5e8c2ad9262b,0,0,nan,93.257293,86.742707,nan,nan,nan,nan,0.844595,nan,nan,1,0.003824
opdformer_p_rgb_512,2460,455342/44358472/46626.501/e7fcd6f5-5401-4290-bdec-3836af8bab4c,0,0,nan,54.625462,54.625462,nan,nan,nan,nan,0.854962,nan,nan,1,0.000151
opdformer_p_rgb_512,2461,455342/44358472/46626.601/65b9b8eb-e554-437e-8475-95ff4a585906,0,0,nan,52.502988,52.502988,nan,nan,nan,nan,0.541963,nan,nan,1,0.000170
opdformer_p_rgb_512,2462,455342/44358472/46626.601/ac4a3fbd-ba4c-499a-863a-23ce59e7a5be,0,0,nan,9.847069,9.847069,nan,nan,nan,nan,0.624138,nan,nan,1,0.000226
opdformer_p_rgb_512,2463,455342/44358472/46626.601/b52141d8-74fa-4507-b952-5e8c2ad9262b,0,0,nan,60.172936,60.172936,nan,nan,nan,nan,0.899666,nan,nan,1,0.000164
opdformer_p_rgb_512,2464,455342/44358472/46626.601/e7fcd6f5-5401-4290-bdec-3836af8bab4c,0,0,nan,30.019106,30.019106,nan,nan,nan,nan,0.895141,nan,nan,1,0.000161
opdformer_p_rgb_512,2465,455342/44358472/46626.701/65b9b8eb-e554-437e-8475-95ff4a585906,0,0,nan,73.616528,73.616528,nan,nan,nan,nan,0.280347,nan,nan,1,0.000159
opdformer_p_rgb_512,2466,455342/44358472/46626.701/ac4a3fbd-ba4c-499a-863a-23ce59e7a5be,0,0,nan,29.663624,29.663624,nan,nan,nan,nan,0.520211,nan,nan,1,0.000165
opdformer_p_rgb_512,2467,455342/44358472/46626.701/b52141d8-74fa-4507-b952-5e8c2ad9262b,0,0,nan,72.878032,72.878032,nan,nan,nan,nan,0.788235,nan,nan,1,0.000395
opdformer_p_rgb_512,2468,455342/44358472/46626.701/e7fcd6f5-5401-4290-bdec-3836af8bab4c,0,0,nan,50.451830,50.451830,nan,nan,nan,nan,0.839196,nan,nan,1,0.000190
opdformer_p_rgb_512,2469,455342/44358472/46626.801/65b9b8eb-e554-437e-8475-95ff4a585906,0,0,nan,45.893069,45.893069,nan,nan,nan,nan,0.450216,nan,nan,1,0.000241
opdformer_p_rgb_512,2470,455342/44358472/46626.801/ac4a3fbd-ba4c-499a-863a-23ce59e7a5be,0,0,nan,29.145683,29.145683,nan,nan,nan,nan,0.461255,nan,nan,1,0.000116
opdformer_p_rgb_512,2471,455342/44358472/46626.801/e7fcd6f5-5401-4290-bdec-3836af8bab4c,0,0,nan,34.032141,34.032141,nan,nan,nan,nan,0.852657,nan,nan,1,0.000141
opdformer_p_rgb_512,2472,455342/44358472/46626.901/65b9b8eb-e554-437e-8475-95ff4a585906,0,0,nan,39.779665,39.779665,nan,nan,nan,nan,0.371935,nan,nan,1,0.000446
opdformer_p_rgb_512,2473,455342/44358472/46626.901/ac4a3fbd-ba4c-499a-863a-23ce59e7a5be,0,0,nan,12.798039,12.798039,nan,nan,nan,nan,0.697297,nan,nan,1,0.000083
opdformer_p_rgb_512,2474,455342/44358472/46626.901/e7fcd6f5-5401-4290-bdec-3836af8bab4c,0,0,nan,21.854672,21.854672,nan,nan,nan,nan,0.872500,nan,nan,1,0.000049
opdformer_p_rgb_512,2475,455342/44358472/46627.001/65b9b8eb-e554-437e-8475-95ff4a585906,0,0,nan,21.817327,21.817327,nan,nan,nan,nan,0.460165,nan,nan,1,0.000689
opdformer_p_rgb_512,2476,455342/44358472/46627.001/ac4a3fbd-ba4c-499a-863a-23ce59e7a5be,0,0,nan,38.706265,38.706265,nan,nan,nan,nan,0.563303,nan,nan,1,0.000145
opdformer_p_rgb_512,2477,455342/44358472/46627.001/e7fcd6f5-5401-4290-bdec-3836af8bab4c,0,0,nan,22.596735,22.596735,nan,nan,nan,nan,0.851319,nan,nan,1,0.000111
opdformer_p_rgb_512,2478,455342/44358472/46627.101/65b9b8eb-e554-437e-8475-95ff4a585906,0,0,nan,25.278207,25.278207,nan,nan,nan,nan,0.523684,nan,nan,1,0.000410
opdformer_p_rgb_512,2479,455342/44358472/46627.101/ac4a3fbd-ba4c-499a-863a-23ce59e7a5be,0,0,nan,19.474596,19.474596,nan,nan,nan,nan,0.666048,nan,nan,1,0.000118
opdformer_p_rgb_512,2480,455342/44358472/46627.201/ac4a3fbd-ba4c-499a-863a-23ce59e7a5be,0,0,nan,36.547446,36.547446,nan,nan,nan,nan,0.645985,nan,nan,1,0.000091
opdformer_p_rgb_512,2481,455342/44358472/46627.301/ac4a3fbd-ba4c-499a-863a-23ce59e7a5be,0,0,nan,14.449379,14.449379,nan,nan,nan,nan,0.489170,nan,nan,1,0.000241
opdformer_p_rgb_512,2482,455342/44358472/46627.400/ac4a3fbd-ba4c-499a-863a-23ce59e7a5be,0,0,nan,25.448003,25.448003,nan,nan,nan,nan,0.684303,nan,nan,1,0.000218
opdformer_p_rgb_512,2483,455342/44358472/46628.400/ac4a3fbd-ba4c-499a-863a-23ce59e7a5be,0,0,nan,19.993462,19.993462,nan,nan,nan,nan,0.677007,nan,nan,1,0.000194
opdformer_p_rgb_512,2484,455342/44358472/46628.500/ac4a3fbd-ba4c-499a-863a-23ce59e7a5be,0,0,nan,46.631963,46.631963,nan,nan,nan,nan,0.655617,nan,nan,1,0.000105
opdformer_p_rgb_512,2485,455342/44358472/46628.600/65b9b8eb-e554-437e-8475-95ff4a585906,0,0,nan,73.483864,73.483864,nan,nan,nan,nan,0.523688,nan,nan,1,0.000172
opdformer_p_rgb_512,2486,455342/44358472/46628.600/ac4a3fbd-ba4c-499a-863a-23ce59e7a5be,0,0,nan,12.492715,12.492715,nan,nan,nan,nan,0.489758,nan,nan,1,0.000107
opdformer_p_rgb_512,2487,455342/44358472/46628.700/65b9b8eb-e554-437e-8475-95ff4a585906,0,0,nan,38.757214,38.757214,nan,nan,nan,nan,0.358090,nan,nan,1,0.001134
opdformer_p_rgb_512,2488,455342/44358472/46628.700/ac4a3fbd-ba4c-499a-863a-23ce59e7a5be,0,0,nan,15.619182,15.619182,nan,nan,nan,nan,0.640145,nan,nan,1,0.000054
opdformer_p_rgb_512,2489,455342/44358472/46628.700/e7fcd6f5-5401-4290-bdec-3836af8bab4c,0,0,nan,6.289232,6.289232,nan,nan,nan,nan,0.788235,nan,nan,1,0.000056
opdformer_p_rgb_512,2490,455342/44358472/46628.800/65b9b8eb-e554-437e-8475-95ff4a585906,0,0,nan,34.068446,34.068446,nan,nan,nan,nan,0.459288,nan,nan,1,0.002925
opdformer_p_rgb_512,2491,455342/44358472/46628.800/ac4a3fbd-ba4c-499a-863a-23ce59e7a5be,0,0,nan,3.756675,3.756675,nan,nan,nan,nan,0.463717,nan,nan,1,0.000080
opdformer_p_rgb_512,2492,455342/44358472/46628.800/e7fcd6f5-5401-4290-bdec-3836af8bab4c,0,0,nan,20.714544,20.714544,nan,nan,nan,nan,0.883610,nan,nan,1,0.000106
opdformer_p_rgb_512,2493,455342/44358472/46628.900/65b9b8eb-e554-437e-8475-95ff4a585906,0,0,nan,19.720320,19.720320,nan,nan,nan,nan,0.358170,nan,nan,1,0.000114
opdformer_p_rgb_512,2494,455342/44358472/46628.900/ac4a3fbd-ba4c-499a-863a-23ce59e7a5be,0,0,nan,20.165729,20.165729,nan,nan,nan,nan,0.633508,nan,nan,1,0.000033
opdformer_p_rgb_512,2495,455342/44358472/46628.900/e7fcd6f5-5401-4290-bdec-3836af8bab4c,0,0,nan,10.803130,10.803130,nan,nan,nan,nan,0.877030,nan,nan,1,0.000035
opdformer_p_rgb_512,2496,455342/44358472/46629.000/65b9b8eb-e554-437e-8475-95ff4a585906,0,0,nan,26.546858,26.546858,nan,nan,nan,nan,0.475703,nan,nan,1,0.000758
opdformer_p_rgb_512,2497,455342/44358472/46629.000/ac4a3fbd-ba4c-499a-863a-23ce59e7a5be,0,0,nan,27.270088,27.270088,nan,nan,nan,nan,0.586735,nan,nan,1,0.000099
opdformer_p_rgb_512,2498,455342/44358472/46629.000/e7fcd6f5-5401-4290-bdec-3836af8bab4c,0,0,nan,20.110575,20.110575,nan,nan,nan,nan,0.826185,nan,nan,1,0.000059
opdformer_p_rgb_512,2499,455342/44358472/46629.100/65b9b8eb-e554-437e-8475-95ff4a585906,0,0,nan,33.410211,33.410211,nan,nan,nan,nan,0.366791,nan,nan,1,0.000426
opdformer_p_rgb_512,2500,455342/44358472/46629.100/ac4a3fbd-ba4c-499a-863a-23ce59e7a5be,0,0,nan,36.165966,36.165966,nan,nan,nan,nan,0.633181,nan,nan,1,0.000096
opdformer_p_rgb_512,2501,455342/44358472/46629.100/b52141d8-74fa-4507-b952-5e8c2ad9262b,0,0,nan,46.060401,46.060401,nan,nan,nan,nan,0.838235,nan,nan,1,0.000269
opdformer_p_rgb_512,2502,455342/44358472/46629.100/e7fcd6f5-5401-4290-bdec-3836af8bab4c,0,0,nan,24.939794,24.939794,nan,nan,nan,nan,0.801339,nan,nan,1,0.000060
opdformer_p_rgb_512,2503,455342/44358472/46629.200/65b9b8eb-e554-437e-8475-95ff4a585906,0,0,nan,35.349102,35.349102,nan,nan,nan,nan,0.372840,nan,nan,1,0.000189
opdformer_p_rgb_512,2504,455342/44358472/46629.200/ac4a3fbd-ba4c-499a-863a-23ce59e7a5be,0,0,nan,11.203712,11.203712,nan,nan,nan,nan,0.654854,nan,nan,1,0.000184
opdformer_p_rgb_512,2505,455342/44358472/46629.200/b52141d8-74fa-4507-b952-5e8c2ad9262b,0,0,nan,53.514793,53.514793,nan,nan,nan,nan,0.832370,nan,nan,1,0.000071
opdformer_p_rgb_512,2506,455342/44358472/46629.200/e7fcd6f5-5401-4290-bdec-3836af8bab4c,0,0,nan,19.318415,19.318415,nan,nan,nan,nan,0.784753,nan,nan,1,0.000046
opdformer_p_rgb_512,2507,455342/44358472/46629.300/65b9b8eb-e554-437e-8475-95ff4a585906,0,0,nan,22.805478,22.805478,nan,nan,nan,nan,0.405152,nan,nan,1,0.000149
opdformer_p_rgb_512,2508,455342/44358472/46629.300/ac4a3fbd-ba4c-499a-863a-23ce59e7a5be,0,0,nan,8.513320,8.513320,nan,nan,nan,nan,0.546784,nan,nan,1,0.000121
opdformer_p_rgb_512,2509,455342/44358472/46629.300/b52141d8-74fa-4507-b952-5e8c2ad9262b,0,0,nan,50.630459,50.630459,nan,nan,nan,nan,0.856725,nan,nan,1,0.000273
opdformer_p_rgb_512,2510,455342/44358472/46629.300/e7fcd6f5-5401-4290-bdec-3836af8bab4c,0,0,nan,25.347089,25.347089,nan,nan,nan,nan,0.823656,nan,nan,1,0.000166
opdformer_p_rgb_512,2511,455342/44358472/46629.400/65b9b8eb-e554-437e-8475-95ff4a585906,0,0,nan,16.818533,16.818533,nan,nan,nan,nan,0.396807,nan,nan,1,0.003393
opdformer_p_rgb_512,2512,455342/44358472/46629.400/ac4a3fbd-ba4c-499a-863a-23ce59e7a5be,0,0,nan,21.664495,21.664495,nan,nan,nan,nan,0.682831,nan,nan,1,0.000144
opdformer_p_rgb_512,2513,455342/44358472/46629.400/b52141d8-74fa-4507-b952-5e8c2ad9262b,0,0,nan,50.264043,50.264043,nan,nan,nan,nan,0.891026,nan,nan,1,0.000301
opdformer_p_rgb_512,2514,455342/44358472/46629.400/e7fcd6f5-5401-4290-bdec-3836af8bab4c,0,0,nan,36.584274,36.584274,nan,nan,nan,nan,0.814815,nan,nan,1,0.000114
opdformer_p_rgb_512,2515,455342/44358472/46629.500/65b9b8eb-e554-437e-8475-95ff4a585906,0,0,nan,10.159592,10.159592,nan,nan,nan,nan,0.462622,nan,nan,1,0.001035
opdformer_p_rgb_512,2516,455342/44358472/46629.500/ac4a3fbd-ba4c-499a-863a-23ce59e7a5be,0,0,nan,2.769194,2.769194,nan,nan,nan,nan,0.691578,nan,nan,1,0.000248
opdformer_p_rgb_512,2517,455342/44358472/46629.500/b52141d8-74fa-4507-b952-5e8c2ad9262b,0,0,nan,84.332974,84.332974,nan,nan,nan,nan,0.772989,nan,nan,1,0.000279
opdformer_p_rgb_512,2518,455342/44358472/46629.500/e7fcd6f5-5401-4290-bdec-3836af8bab4c,0,0,nan,38.782332,38.782332,nan,nan,nan,nan,0.834343,nan,nan,1,0.000073
opdformer_p_rgb_512,2519,455342/44358472/46629.600/5fe5cb6d-cd6d-4084-9fe3-fe6e78ffc550,0,0,nan,20.512961,20.512961,nan,nan,nan,nan,0.643470,nan,nan,1,0.000114
opdformer_p_rgb_512,2520,455342/44358472/46629.600/65b9b8eb-e554-437e-8475-95ff4a585906,0,0,nan,0.215675,0.215675,nan,nan,nan,nan,0.443089,nan,nan,1,0.000118
opdformer_p_rgb_512,2521,455342/44358472/46629.600/ac4a3fbd-ba4c-499a-863a-23ce59e7a5be,0,0,nan,11.410189,11.410189,nan,nan,nan,nan,0.656051,nan,nan,1,0.000050
opdformer_p_rgb_512,2522,455342/44358472/46629.600/b52141d8-74fa-4507-b952-5e8c2ad9262b,0,0,nan,66.045440,66.045440,nan,nan,nan,nan,0.752412,nan,nan,1,0.000050
opdformer_p_rgb_512,2523,455342/44358472/46629.600/e7fcd6f5-5401-4290-bdec-3836af8bab4c,0,0,nan,33.616922,33.616922,nan,nan,nan,nan,0.846465,nan,nan,1,0.000046
opdformer_p_rgb_512,2524,455342/44358472/46629.700/5fe5cb6d-cd6d-4084-9fe3-fe6e78ffc550,0,0,nan,11.868454,11.868454,nan,nan,nan,nan,0.618095,nan,nan,1,0.000057
opdformer_p_rgb_512,2525,455342/44358472/46629.700/65b9b8eb-e554-437e-8475-95ff4a585906,0,0,nan,3.137749,3.137749,nan,nan,nan,nan,0.527403,nan,nan,1,0.000929
opdformer_p_rgb_512,2526,455342/44358472/46629.700/ac4a3fbd-ba4c-499a-863a-23ce59e7a5be,0,0,nan,12.488662,12.488662,nan,nan,nan,nan,0.688047,nan,nan,1,0.000092
opdformer_p_rgb_512,2527,455342/44358472/46629.700/b52141d8-74fa-4507-b952-5e8c2ad9262b,0,0,nan,57.047796,57.047796,nan,nan,nan,nan,0.843333,nan,nan,1,0.000063
opdformer_p_rgb_512,2528,455342/44358472/46629.700/e7fcd6f5-5401-4290-bdec-3836af8bab4c,0,0,nan,44.747321,44.747321,nan,nan,nan,nan,0.863724,nan,nan,1,0.000059
opdformer_p_rgb_512,2529,455342/44358472/46629.800/5fe5cb6d-cd6d-4084-9fe3-fe6e78ffc550,0,0,nan,8.365772,8.365772,nan,nan,nan,nan,0.626442,nan,nan,1,0.000610
opdformer_p_rgb_512,2530,455342/44358472/46629.800/65b9b8eb-e554-437e-8475-95ff4a585906,0,0,nan,1.630434,1.630434,nan,nan,nan,nan,0.397950,nan,nan,1,0.000407
opdformer_p_rgb_512,2531,455342/44358472/46629.800/ac4a3fbd-ba4c-499a-863a-23ce59e7a5be,0,0,nan,4.069005,4.069005,nan,nan,nan,nan,0.695917,nan,nan,1,0.000123
opdformer_p_rgb_512,2532,455342/44358472/46629.800/b52141d8-74fa-4507-b952-5e8c2ad9262b,0,0,nan,73.513409,73.513409,nan,nan,nan,nan,0.627240,nan,nan,1,0.000227
opdformer_p_rgb_512,2533,455342/44358472/46629.800/e7fcd6f5-5401-4290-bdec-3836af8bab4c,0,0,nan,35.640184,35.640184,nan,nan,nan,nan,0.872865,nan,nan,1,0.000085
opdformer_p_rgb_512,2534,455342/44358472/46629.899/65b9b8eb-e554-437e-8475-95ff4a585906,0,0,nan,11.657687,11.657687,nan,nan,nan,nan,0.386895,nan,nan,1,0.000251
opdformer_p_rgb_512,2535,455342/44358472/46629.899/ac4a3fbd-ba4c-499a-863a-23ce59e7a5be,0,0,nan,20.397050,20.397050,nan,nan,nan,nan,0.654908,nan,nan,1,0.006937
opdformer_p_rgb_512,2536,455342/44358472/46629.899/b52141d8-74fa-4507-b952-5e8c2ad9262b,0,0,nan,86.332154,86.332154,nan,nan,nan,nan,0.748366,nan,nan,1,0.000341
opdformer_p_rgb_512,2537,455342/44358472/46629.899/e7fcd6f5-5401-4290-bdec-3836af8bab4c,0,0,nan,40.526667,40.526667,nan,nan,nan,nan,0.879699,nan,nan,1,0.000099
opdformer_p_rgb_512,2538,455342/44358472/46629.999/65b9b8eb-e554-437e-8475-95ff4a585906,0,0,nan,4.187762,4.187762,nan,nan,nan,nan,0.457080,nan,nan,1,0.000854
opdformer_p_rgb_512,2539,455342/44358472/46629.999/ac4a3fbd-ba4c-499a-863a-23ce59e7a5be,0,0,nan,51.484566,51.484566,nan,nan,nan,nan,0.747297,nan,nan,1,0.000220
opdformer_p_rgb_512,2540,455342/44358472/46629.999/b52141d8-74fa-4507-b952-5e8c2ad9262b,0,0,nan,90.745965,89.254035,nan,nan,nan,nan,0.848276,nan,nan,1,0.000492
opdformer_p_rgb_512,2541,455342/44358472/46629.999/e7fcd6f5-5401-4290-bdec-3836af8bab4c,0,0,nan,47.586702,47.586702,nan,nan,nan,nan,0.876897,nan,nan,1,0.000252
opdformer_p_rgb_512,2542,455342/44358472/46630.199/65b9b8eb-e554-437e-8475-95ff4a585906,0,0,nan,3.520853,3.520853,nan,nan,nan,nan,0.487072,nan,nan,1,0.002058
opdformer_p_rgb_512,2543,455342/44358472/46630.199/b52141d8-74fa-4507-b952-5e8c2ad9262b,0,0,nan,41.591923,41.591923,nan,nan,nan,nan,0.770349,nan,nan,1,0.194725
opdformer_p_rgb_512,2544,455342/44358472/46630.199/e7fcd6f5-5401-4290-bdec-3836af8bab4c,0,0,nan,44.909487,44.909487,nan,nan,nan,nan,0.802153,nan,nan,1,0.000134
opdformer_p_rgb_512,2545,455342/44358472/46630.299/65b9b8eb-e554-437e-8475-95ff4a585906,0,0,nan,7.658722,7.658722,nan,nan,nan,nan,0.464684,nan,nan,1,0.000462
opdformer_p_rgb_512,2546,455342/44358472/46630.299/b52141d8-74fa-4507-b952-5e8c2ad9262b,0,0,nan,40.867340,40.867340,nan,nan,nan,nan,0.795062,nan,nan,1,0.000083
opdformer_p_rgb_512,2547,455342/44358472/46630.299/e7fcd6f5-5401-4290-bdec-3836af8bab4c,0,0,nan,47.594297,47.594297,nan,nan,nan,nan,0.825537,nan,nan,1,0.099766
opdformer_p_rgb_512,2548,455342/44358472/46630.399/65b9b8eb-e554-437e-8475-95ff4a585906,0,0,nan,5.904719,5.904719,nan,nan,nan,nan,0.470118,nan,nan,1,0.001419
opdformer_p_rgb_512,2549,455342/44358472/46630.399/b52141d8-74fa-4507-b952-5e8c2ad9262b,0,0,nan,32.396732,32.396732,nan,nan,nan,nan,0.782998,nan,nan,1,0.000084
opdformer_p_rgb_512,2550,455342/44358472/46630.399/e7fcd6f5-5401-4290-bdec-3836af8bab4c,0,0,nan,40.007798,40.007798,nan,nan,nan,nan,0.815090,nan,nan,1,0.000029
opdformer_p_rgb_512,2551,455342/44358472/46630.499/65b9b8eb-e554-437e-8475-95ff4a585906,0,0,nan,17.831691,17.831691,nan,nan,nan,nan,0.452792,nan,nan,1,0.000768
opdformer_p_rgb_512,2552,455342/44358472/46630.499/b52141d8-74fa-4507-b952-5e8c2ad9262b,0,0,nan,34.065879,34.065879,nan,nan,nan,nan,0.768737,nan,nan,1,0.000099
opdformer_p_rgb_512,2553,455342/44358472/46630.499/e7fcd6f5-5401-4290-bdec-3836af8bab4c,0,0,nan,53.925875,53.925875,nan,nan,nan,nan,0.794732,nan,nan,1,0.000047
opdformer_p_rgb_512,2554,455342/44358472/46630.599/65b9b8eb-e554-437e-8475-95ff4a585906,0,0,nan,12.495521,12.495521,nan,nan,nan,nan,0.509223,nan,nan,1,0.000784
opdformer_p_rgb_512,2555,455342/44358472/46630.599/b52141d8-74fa-4507-b952-5e8c2ad9262b,0,0,nan,29.966311,29.966311,nan,nan,nan,nan,0.704082,nan,nan,1,0.769802
opdformer_p_rgb_512,2556,455342/44358472/46630.599/e7fcd6f5-5401-4290-bdec-3836af8bab4c,0,0,nan,3.339187,3.339187,nan,nan,nan,nan,0.806768,nan,nan,1,0.219972
opdformer_p_rgb_512,2557,455342/44358472/46630.699/65b9b8eb-e554-437e-8475-95ff4a585906,0,0,nan,8.064426,8.064426,nan,nan,nan,nan,0.522754,nan,nan,1,0.000379
opdformer_p_rgb_512,2558,455342/44358472/46630.699/b52141d8-74fa-4507-b952-5e8c2ad9262b,0,0,nan,38.555140,38.555140,nan,nan,nan,nan,0.812500,nan,nan,1,0.000163
opdformer_p_rgb_512,2559,455342/44358472/46630.699/e7fcd6f5-5401-4290-bdec-3836af8bab4c,0,0,nan,17.126680,17.126680,nan,nan,nan,nan,0.816653,nan,nan,1,0.462559
opdformer_p_rgb_512,2560,455342/44358472/46630.799/b52141d8-74fa-4507-b952-5e8c2ad9262b,0,0,nan,43.170246,43.170246,nan,nan,nan,nan,0.707361,nan,nan,1,0.000024
opdformer_p_rgb_512,2561,455342/44358472/46630.799/e7fcd6f5-5401-4290-bdec-3836af8bab4c,0,0,nan,33.423184,33.423184,nan,nan,nan,nan,0.785666,nan,nan,1,0.198284
opdformer_p_rgb_512,2562,455342/44358472/46630.899/b52141d8-74fa-4507-b952-5e8c2ad9262b,0,0,nan,26.832978,26.832978,nan,nan,nan,nan,0.719658,nan,nan,1,0.506461
opdformer_p_rgb_512,2563,455342/44358472/46630.899/e7fcd6f5-5401-4290-bdec-3836af8bab4c,0,0,nan,109.907076,70.092924,nan,nan,nan,nan,0.782007,nan,nan,1,0.000026
opdformer_p_rgb_512,2564,455342/44358472/46630.999/b52141d8-74fa-4507-b952-5e8c2ad9262b,0,0,nan,25.709705,25.709705,nan,nan,nan,nan,0.744914,nan,nan,1,0.745691
opdformer_p_rgb_512,2565,455342/44358472/46631.099/b52141d8-74fa-4507-b952-5e8c2ad9262b,0,0,nan,26.549543,26.549543,nan,nan,nan,nan,0.790419,nan,nan,1,0.655271
opdformer_p_rgb_512,2566,455342/44358472/46636.597/5fe5cb6d-cd6d-4084-9fe3-fe6e78ffc550,0,0,nan,12.144032,12.144032,nan,nan,nan,nan,0.673981,nan,nan,1,0.000033
opdformer_p_rgb_512,2567,455342/44358472/46636.697/5fe5cb6d-cd6d-4084-9fe3-fe6e78ffc550,0,0,nan,9.840454,9.840454,nan,nan,nan,nan,0.694400,nan,nan,1,0.981156
opdformer_p_rgb_512,2568,455342/44358472/46636.797/5fe5cb6d-cd6d-4084-9fe3-fe6e78ffc550,0,0,nan,8.809205,8.809205,nan,nan,nan,nan,0.772152,nan,nan,1,0.980716
opdformer_p_rgb_512,2569,455342/44358472/46636.897/5fe5cb6d-cd6d-4084-9fe3-fe6e78ffc550,0,0,nan,11.377888,11.377888,nan,nan,nan,nan,0.737736,nan,nan,1,0.977494
opdformer_p_rgb_512,2570,455342/44358472/46636.997/5fe5cb6d-cd6d-4084-9fe3-fe6e78ffc550,0,0,nan,10.918474,10.918474,nan,nan,nan,nan,0.722110,nan,nan,1,0.000010
opdformer_p_rgb_512,2571,455342/44358472/46637.097/5fe5cb6d-cd6d-4084-9fe3-fe6e78ffc550,0,0,nan,4.649037,4.649037,nan,nan,nan,nan,0.830549,nan,nan,1,0.000042
opdformer_p_rgb_512,2572,455342/44358472/46637.197/5fe5cb6d-cd6d-4084-9fe3-fe6e78ffc550,0,0,nan,6.107755,6.107755,nan,nan,nan,nan,0.786192,nan,nan,1,0.000045
opdformer_p_rgb_512,2573,455342/44358472/46637.197/e7fcd6f5-5401-4290-bdec-3836af8bab4c,0,0,nan,53.885294,53.885294,nan,nan,nan,nan,0.550336,nan,nan,1,0.000099
opdformer_p_rgb_512,2574,455342/44358472/46637.297/5fe5cb6d-cd6d-4084-9fe3-fe6e78ffc550,0,0,nan,6.045913,6.045913,nan,nan,nan,nan,0.829574,nan,nan,1,0.000048
opdformer_p_rgb_512,2575,455342/44358472/46637.297/65b9b8eb-e554-437e-8475-95ff4a585906,0,0,nan,14.269834,14.269834,nan,nan,nan,nan,0.078353,nan,nan,1,0.001256
opdformer_p_rgb_512,2576,455342/44358472/46637.297/b52141d8-74fa-4507-b952-5e8c2ad9262b,0,0,nan,30.368408,30.368408,nan,nan,nan,nan,0.691574,nan,nan,1,0.000328
opdformer_p_rgb_512,2577,455342/44358472/46637.297/e7fcd6f5-5401-4290-bdec-3836af8bab4c,0,0,nan,40.813710,40.813710,nan,nan,nan,nan,0.608200,nan,nan,1,0.000186
opdformer_p_rgb_512,2578,455342/44358472/46637.397/5fe5cb6d-cd6d-4084-9fe3-fe6e78ffc550,0,0,nan,4.634093,4.634093,nan,nan,nan,nan,0.762115,nan,nan,1,0.983053
opdformer_p_rgb_512,2579,455342/44358472/46637.397/65b9b8eb-e554-437e-8475-95ff4a585906,0,-1,nan,90.000000,90.000000,nan,nan,nan,nan,0.000000,nan,nan,0,nan
opdformer_p_rgb_512,2580,455342/44358472/46637.397/b52141d8-74fa-4507-b952-5e8c2ad9262b,0,0,nan,43.081374,43.081374,nan,nan,nan,nan,0.781250,nan,nan,1,0.000204
opdformer_p_rgb_512,2581,455342/44358472/46637.397/e7fcd6f5-5401-4290-bdec-3836af8bab4c,0,0,nan,116.183851,63.816149,nan,nan,nan,nan,0.522145,nan,nan,1,0.000042
opdformer_p_rgb_512,2582,455342/44358472/46637.496/5fe5cb6d-cd6d-4084-9fe3-fe6e78ffc550,0,0,nan,7.956034,7.956034,nan,nan,nan,nan,0.759574,nan,nan,1,0.000547
opdformer_p_rgb_512,2583,455342/44358472/46637.496/65b9b8eb-e554-437e-8475-95ff4a585906,0,-1,nan,90.000000,90.000000,nan,nan,nan,nan,0.000000,nan,nan,0,nan
opdformer_p_rgb_512,2584,455342/44358472/46637.496/b52141d8-74fa-4507-b952-5e8c2ad9262b,0,0,nan,9.575287,9.575287,nan,nan,nan,nan,0.825321,nan,nan,1,0.000137
opdformer_p_rgb_512,2585,455342/44358472/46637.496/e7fcd6f5-5401-4290-bdec-3836af8bab4c,0,0,nan,29.051594,29.051594,nan,nan,nan,nan,0.514634,nan,nan,1,0.000134
opdformer_p_rgb_512,2586,455342/44358472/46637.596/5fe5cb6d-cd6d-4084-9fe3-fe6e78ffc550,0,0,nan,13.469353,13.469353,nan,nan,nan,nan,0.774554,nan,nan,1,0.000053
opdformer_p_rgb_512,2587,455342/44358472/46637.596/65b9b8eb-e554-437e-8475-95ff4a585906,0,0,nan,18.837037,18.837037,nan,nan,nan,nan,0.289051,nan,nan,1,0.003801
opdformer_p_rgb_512,2588,455342/44358472/46637.596/b52141d8-74fa-4507-b952-5e8c2ad9262b,0,0,nan,14.142022,14.142022,nan,nan,nan,nan,0.897059,nan,nan,1,0.000056
opdformer_p_rgb_512,2589,455342/44358472/46637.596/e7fcd6f5-5401-4290-bdec-3836af8bab4c,0,1,nan,24.016058,24.016058,nan,nan,nan,nan,0.429379,nan,nan,1,0.000032
opdformer_p_rgb_512,2590,455342/44358472/46637.696/5fe5cb6d-cd6d-4084-9fe3-fe6e78ffc550,0,0,nan,0.959700,0.959700,nan,nan,nan,nan,0.764826,nan,nan,1,0.000088
opdformer_p_rgb_512,2591,455342/44358472/46637.696/65b9b8eb-e554-437e-8475-95ff4a585906,0,-1,nan,90.000000,90.000000,nan,nan,nan,nan,0.000000,nan,nan,0,nan
opdformer_p_rgb_512,2592,455342/44358472/46637.696/b52141d8-74fa-4507-b952-5e8c2ad9262b,0,0,nan,38.156621,38.156621,nan,nan,nan,nan,0.863216,nan,nan,1,0.000031
opdformer_p_rgb_512,2593,455342/44358472/46637.696/e7fcd6f5-5401-4290-bdec-3836af8bab4c,0,-1,nan,90.000000,90.000000,nan,nan,nan,nan,0.000000,nan,nan,0,nan
opdformer_p_rgb_512,2594,455342/44358472/46637.796/5fe5cb6d-cd6d-4084-9fe3-fe6e78ffc550,0,0,nan,2.653076,2.653076,nan,nan,nan,nan,0.828810,nan,nan,1,0.000034
opdformer_p_rgb_512,2595,455342/44358472/46637.796/65b9b8eb-e554-437e-8475-95ff4a585906,0,0,nan,15.769003,15.769003,nan,nan,nan,nan,0.172956,nan,nan,1,0.000436
opdformer_p_rgb_512,2596,455342/44358472/46637.796/b52141d8-74fa-4507-b952-5e8c2ad9262b,0,0,nan,39.942950,39.942950,nan,nan,nan,nan,0.836158,nan,nan,1,0.000076
opdformer_p_rgb_512,2597,455342/44358472/46637.896/5fe5cb6d-cd6d-4084-9fe3-fe6e78ffc550,0,0,nan,1.218524,1.218524,nan,nan,nan,nan,0.850312,nan,nan,1,0.000017
opdformer_p_rgb_512,2598,455342/44358472/46637.896/65b9b8eb-e554-437e-8475-95ff4a585906,0,0,nan,20.060936,20.060936,nan,nan,nan,nan,0.393841,nan,nan,1,0.000396
opdformer_p_rgb_512,2599,455342/44358472/46637.896/b52141d8-74fa-4507-b952-5e8c2ad9262b,0,0,nan,53.648907,53.648907,nan,nan,nan,nan,0.877264,nan,nan,1,0.000049
opdformer_p_rgb_512,2600,455342/44358472/46637.996/5fe5cb6d-cd6d-4084-9fe3-fe6e78ffc550,0,0,nan,16.711527,16.711527,nan,nan,nan,nan,0.857430,nan,nan,1,0.000112
opdformer_p_rgb_512,2601,455342/44358472/46637.996/65b9b8eb-e554-437e-8475-95ff4a585906,0,0,nan,18.090215,18.090215,nan,nan,nan,nan,0.131229,nan,nan,1,0.000684
opdformer_p_rgb_512,2602,455342/44358472/46637.996/b52141d8-74fa-4507-b952-5e8c2ad9262b,0,0,nan,22.084443,22.084443,nan,nan,nan,nan,0.847082,nan,nan,1,0.000093
opdformer_p_rgb_512,2603,455342/44358472/46638.096/5fe5cb6d-cd6d-4084-9fe3-fe6e78ffc550,0,0,nan,6.709894,6.709894,nan,nan,nan,nan,0.828921,nan,nan,1,0.000055
opdformer_p_rgb_512,2604,455342/44358472/46638.096/65b9b8eb-e554-437e-8475-95ff4a585906,0,0,nan,10.617834,10.617834,nan,nan,nan,nan,0.540268,nan,nan,1,0.000823
opdformer_p_rgb_512,2605,455342/44358472/46638.096/b52141d8-74fa-4507-b952-5e8c2ad9262b,0,0,nan,15.379631,15.379631,nan,nan,nan,nan,0.835729,nan,nan,1,0.000429
opdformer_p_rgb_512,2606,455342/44358472/46638.196/5fe5cb6d-cd6d-4084-9fe3-fe6e78ffc550,0,0,nan,2.111967,2.111967,nan,nan,nan,nan,0.789931,nan,nan,1,0.981601
opdformer_p_rgb_512,2607,455342/44358472/46638.196/65b9b8eb-e554-437e-8475-95ff4a585906,0,-1,nan,90.000000,90.000000,nan,nan,nan,nan,0.000000,nan,nan,0,nan
opdformer_p_rgb_512,2608,455342/44358472/46638.196/b52141d8-74fa-4507-b952-5e8c2ad9262b,0,0,nan,12.770195,12.770195,nan,nan,nan,nan,0.807531,nan,nan,1,0.000159
opdformer_p_rgb_512,2609,455342/44358472/46638.296/5fe5cb6d-cd6d-4084-9fe3-fe6e78ffc550,0,0,nan,2.387893,2.387893,nan,nan,nan,nan,0.806026,nan,nan,1,0.000344
opdformer_p_rgb_512,2610,455342/44358472/46638.296/65b9b8eb-e554-437e-8475-95ff4a585906,0,-1,nan,90.000000,90.000000,nan,nan,nan,nan,0.000000,nan,nan,0,nan
opdformer_p_rgb_512,2611,455342/44358472/46638.296/b52141d8-74fa-4507-b952-5e8c2ad9262b,0,1,nan,47.865092,47.865092,nan,nan,nan,nan,0.819328,nan,nan,1,0.000538
opdformer_p_rgb_512,2612,455342/44358472/46638.396/65b9b8eb-e554-437e-8475-95ff4a585906,0,0,nan,16.592426,16.592426,nan,nan,nan,nan,0.434853,nan,nan,1,0.002502
opdformer_p_rgb_512,2613,455342/44358472/46638.396/b52141d8-74fa-4507-b952-5e8c2ad9262b,0,0,nan,12.657105,12.657105,nan,nan,nan,nan,0.763975,nan,nan,1,0.000262
opdformer_p_rgb_512,2614,455342/44358472/46638.496/65b9b8eb-e554-437e-8475-95ff4a585906,0,0,nan,15.218549,15.218549,nan,nan,nan,nan,0.137830,nan,nan,1,0.002468
opdformer_p_rgb_512,2615,455342/44358472/46638.496/b52141d8-74fa-4507-b952-5e8c2ad9262b,0,0,nan,7.724022,7.724022,nan,nan,nan,nan,0.868534,nan,nan,1,0.000277
opdformer_p_rgb_512,2616,455342/44358472/46638.596/65b9b8eb-e554-437e-8475-95ff4a585906,0,0,nan,11.342963,11.342963,nan,nan,nan,nan,0.371377,nan,nan,1,0.000544
opdformer_p_rgb_512,2617,455342/44358472/46638.596/b52141d8-74fa-4507-b952-5e8c2ad9262b,0,0,nan,18.814816,18.814816,nan,nan,nan,nan,0.820175,nan,nan,1,0.000196
opdformer_p_rgb_512,2618,455342/44358472/46638.696/65b9b8eb-e554-437e-8475-95ff4a585906,0,0,nan,10.661464,10.661464,nan,nan,nan,nan,0.656743,nan,nan,1,0.000962
opdformer_p_rgb_512,2619,455342/44358472/46638.696/b52141d8-74fa-4507-b952-5e8c2ad9262b,0,1,nan,41.966321,41.966321,nan,nan,nan,nan,0.774468,nan,nan,1,0.000232
opdformer_p_rgb_512,2620,455342/44358472/46638.796/65b9b8eb-e554-437e-8475-95ff4a585906,0,0,nan,12.883390,12.883390,nan,nan,nan,nan,0.333333,nan,nan,1,0.003752
opdformer_p_rgb_512,2621,455342/44358472/46638.796/b52141d8-74fa-4507-b952-5e8c2ad9262b,0,0,nan,16.914480,16.914480,nan,nan,nan,nan,0.784553,nan,nan,1,0.000470
opdformer_p_rgb_512,2622,455342/44358472/46638.896/65b9b8eb-e554-437e-8475-95ff4a585906,0,0,nan,11.166975,11.166975,nan,nan,nan,nan,0.219885,nan,nan,1,0.004310
opdformer_p_rgb_512,2623,455342/44358472/46638.896/b52141d8-74fa-4507-b952-5e8c2ad9262b,0,0,nan,34.091021,34.091021,nan,nan,nan,nan,0.781116,nan,nan,1,0.001446
opdformer_p_rgb_512,2624,455342/44358472/46638.996/65b9b8eb-e554-437e-8475-95ff4a585906,0,0,nan,10.745428,10.745428,nan,nan,nan,nan,0.537736,nan,nan,1,0.001754
opdformer_p_rgb_512,2625,455342/44358472/46638.996/b52141d8-74fa-4507-b952-5e8c2ad9262b,0,0,nan,23.278517,23.278517,nan,nan,nan,nan,0.837675,nan,nan,1,0.948769
opdformer_p_rgb_512,2626,455342/44358472/46639.096/65b9b8eb-e554-437e-8475-95ff4a585906,0,-1,nan,90.000000,90.000000,nan,nan,nan,nan,0.000000,nan,nan,0,nan
opdformer_p_rgb_512,2627,455342/44358472/46639.096/e7fcd6f5-5401-4290-bdec-3836af8bab4c,0,0,nan,172.642983,7.357017,nan,nan,nan,nan,0.548589,nan,nan,1,0.002058
opdformer_p_rgb_512,2628,455342/44358472/46639.196/65b9b8eb-e554-437e-8475-95ff4a585906,0,-1,nan,90.000000,90.000000,nan,nan,nan,nan,0.000000,nan,nan,0,nan
opdformer_p_rgb_512,2629,455342/44358472/46639.196/e7fcd6f5-5401-4290-bdec-3836af8bab4c,0,0,nan,103.000698,76.999302,nan,nan,nan,nan,0.490854,nan,nan,1,0.001315
opdformer_p_rgb_512,2630,455342/44358472/46639.296/65b9b8eb-e554-437e-8475-95ff4a585906,0,-1,nan,90.000000,90.000000,nan,nan,nan,nan,0.000000,nan,nan,0,nan
opdformer_p_rgb_512,2631,455342/44358472/46639.296/e7fcd6f5-5401-4290-bdec-3836af8bab4c,0,0,nan,87.993458,87.993458,nan,nan,nan,nan,0.585987,nan,nan,1,0.001292
opdformer_p_rgb_512,2632,455342/44358472/46639.396/65b9b8eb-e554-437e-8475-95ff4a585906,0,0,nan,9.290572,9.290572,nan,nan,nan,nan,0.383721,nan,nan,1,0.000874
opdformer_p_rgb_512,2633,455342/44358472/46639.496/65b9b8eb-e554-437e-8475-95ff4a585906,0,0,nan,16.027534,16.027534,nan,nan,nan,nan,0.504303,nan,nan,1,0.102483
opdformer_p_rgb_512,2634,455342/44358472/46639.596/65b9b8eb-e554-437e-8475-95ff4a585906,0,0,nan,12.146761,12.146761,nan,nan,nan,nan,0.511667,nan,nan,1,0.001431
opdformer_p_rgb_512,2635,455342/44358472/46639.696/65b9b8eb-e554-437e-8475-95ff4a585906,0,0,nan,7.439063,7.439063,nan,nan,nan,nan,0.566719,nan,nan,1,0.000172
opdformer_p_rgb_512,2636,455342/44358472/46639.796/65b9b8eb-e554-437e-8475-95ff4a585906,0,0,nan,18.353876,18.353876,nan,nan,nan,nan,0.554559,nan,nan,1,0.003466
opdformer_p_rgb_512,2637,455342/44358472/46639.896/65b9b8eb-e554-437e-8475-95ff4a585906,0,0,nan,26.478322,26.478322,nan,nan,nan,nan,0.332143,nan,nan,1,0.001048
opdformer_p_rgb_512,2638,455342/44358472/46649.792/e7fcd6f5-5401-4290-bdec-3836af8bab4c,0,0,nan,59.598478,59.598478,nan,nan,nan,nan,0.770642,nan,nan,1,0.000046
opdformer_p_rgb_512,2639,455342/44358472/46649.892/e7fcd6f5-5401-4290-bdec-3836af8bab4c,0,0,nan,66.947572,66.947572,nan,nan,nan,nan,0.564039,nan,nan,1,0.000207
opdformer_p_rgb_512,2640,455342/44358472/46649.992/5fe5cb6d-cd6d-4084-9fe3-fe6e78ffc550,0,0,nan,7.869868,7.869868,nan,nan,nan,nan,0.803191,nan,nan,1,0.981604
opdformer_p_rgb_512,2641,455342/44358472/46649.992/e7fcd6f5-5401-4290-bdec-3836af8bab4c,0,0,nan,38.884757,38.884757,nan,nan,nan,nan,0.636585,nan,nan,1,0.000074
opdformer_p_rgb_512,2642,455342/44358472/46650.091/5fe5cb6d-cd6d-4084-9fe3-fe6e78ffc550,0,0,nan,3.876631,3.876631,nan,nan,nan,nan,0.722997,nan,nan,1,0.000050
opdformer_p_rgb_512,2643,455342/44358472/46650.091/e7fcd6f5-5401-4290-bdec-3836af8bab4c,0,0,nan,52.954552,52.954552,nan,nan,nan,nan,0.641026,nan,nan,1,0.000066
opdformer_p_rgb_512,2644,455342/44358472/46650.191/5fe5cb6d-cd6d-4084-9fe3-fe6e78ffc550,0,0,nan,7.140795,7.140795,nan,nan,nan,nan,0.784672,nan,nan,1,0.982746
opdformer_p_rgb_512,2645,455342/44358472/46650.191/e7fcd6f5-5401-4290-bdec-3836af8bab4c,0,0,nan,25.319585,25.319585,nan,nan,nan,nan,0.619816,nan,nan,1,0.000247
opdformer_p_rgb_512,2646,455342/44358472/46650.291/5fe5cb6d-cd6d-4084-9fe3-fe6e78ffc550,0,0,nan,0.994669,0.994669,nan,nan,nan,nan,0.744879,nan,nan,1,0.000253
opdformer_p_rgb_512,2647,455342/44358472/46650.291/e7fcd6f5-5401-4290-bdec-3836af8bab4c,0,0,nan,49.235322,49.235322,nan,nan,nan,nan,0.479263,nan,nan,1,0.000115
opdformer_p_rgb_512,2648,455342/44358472/46650.391/5fe5cb6d-cd6d-4084-9fe3-fe6e78ffc550,0,0,nan,3.530786,3.530786,nan,nan,nan,nan,0.723022,nan,nan,1,0.000423
opdformer_p_rgb_512,2649,455342/44358472/46650.391/e7fcd6f5-5401-4290-bdec-3836af8bab4c,0,0,nan,48.548634,48.548634,nan,nan,nan,nan,0.629067,nan,nan,1,0.000235
opdformer_p_rgb_512,2650,455342/44358472/46650.491/5fe5cb6d-cd6d-4084-9fe3-fe6e78ffc550,0,0,nan,15.501721,15.501721,nan,nan,nan,nan,0.782857,nan,nan,1,0.981603
opdformer_p_rgb_512,2651,455342/44358472/46650.591/5fe5cb6d-cd6d-4084-9fe3-fe6e78ffc550,0,0,nan,4.696211,4.696211,nan,nan,nan,nan,0.750909,nan,nan,1,0.000011
opdformer_p_rgb_512,2652,455342/44358472/46650.691/5fe5cb6d-cd6d-4084-9fe3-fe6e78ffc550,0,0,nan,10.868155,10.868155,nan,nan,nan,nan,0.760396,nan,nan,1,0.000009
opdformer_p_rgb_512,2653,455342/44358472/46650.791/5fe5cb6d-cd6d-4084-9fe3-fe6e78ffc550,0,0,nan,10.428511,10.428511,nan,nan,nan,nan,0.756906,nan,nan,1,0.000005
opdformer_p_rgb_512,2654,455342/44358472/46650.891/5fe5cb6d-cd6d-4084-9fe3-fe6e78ffc550,0,0,nan,13.654806,13.654806,nan,nan,nan,nan,0.693662,nan,nan,1,0.000077
opdformer_p_rgb_512,2655,455342/44358472/46650.991/5fe5cb6d-cd6d-4084-9fe3-fe6e78ffc550,0,0,nan,8.185004,8.185004,nan,nan,nan,nan,0.782450,nan,nan,1,0.980502
opdformer_p_rgb_512,2656,455342/44358472/46651.091/5fe5cb6d-cd6d-4084-9fe3-fe6e78ffc550,0,0,nan,6.544919,6.544919,nan,nan,nan,nan,0.740351,nan,nan,1,0.981694
opdformer_p_rgb_512,2657,455342/44358472/46651.091/e7fcd6f5-5401-4290-bdec-3836af8bab4c,0,0,nan,36.182578,36.182578,nan,nan,nan,nan,0.729730,nan,nan,1,0.000107
opdformer_p_rgb_512,2658,455342/44358472/46651.191/5fe5cb6d-cd6d-4084-9fe3-fe6e78ffc550,0,0,nan,5.759403,5.759403,nan,nan,nan,nan,0.715232,nan,nan,1,0.984525
opdformer_p_rgb_512,2659,455342/44358472/46651.191/e7fcd6f5-5401-4290-bdec-3836af8bab4c,0,0,nan,20.728386,20.728386,nan,nan,nan,nan,0.707368,nan,nan,1,0.000042
opdformer_p_rgb_512,2660,455342/44358472/46651.291/5fe5cb6d-cd6d-4084-9fe3-fe6e78ffc550,0,0,nan,8.364423,8.364423,nan,nan,nan,nan,0.751261,nan,nan,1,0.979458
opdformer_p_rgb_512,2661,455342/44358472/46651.291/e7fcd6f5-5401-4290-bdec-3836af8bab4c,0,0,nan,44.458146,44.458146,nan,nan,nan,nan,0.697228,nan,nan,1,0.000070
opdformer_p_rgb_512,2662,455342/44358472/46651.391/5fe5cb6d-cd6d-4084-9fe3-fe6e78ffc550,0,0,nan,4.900372,4.900372,nan,nan,nan,nan,0.720968,nan,nan,1,0.981491
opdformer_p_rgb_512,2663,455342/44358472/46651.391/e7fcd6f5-5401-4290-bdec-3836af8bab4c,0,0,nan,39.243280,39.243280,nan,nan,nan,nan,0.793456,nan,nan,1,0.000140
opdformer_p_rgb_512,2664,455342/44358472/46651.491/5fe5cb6d-cd6d-4084-9fe3-fe6e78ffc550,0,0,nan,4.414523,4.414523,nan,nan,nan,nan,0.817391,nan,nan,1,0.000034
opdformer_p_rgb_512,2665,455342/44358472/46651.491/e7fcd6f5-5401-4290-bdec-3836af8bab4c,0,0,nan,32.613101,32.613101,nan,nan,nan,nan,0.712766,nan,nan,1,0.000100
opdformer_p_rgb_512,2666,455342/44358472/46651.591/5fe5cb6d-cd6d-4084-9fe3-fe6e78ffc550,0,0,nan,4.578267,4.578267,nan,nan,nan,nan,0.800000,nan,nan,1,0.000048
opdformer_p_rgb_512,2667,455342/44358472/46651.591/65b9b8eb-e554-437e-8475-95ff4a585906,0,0,nan,6.613230,6.613230,nan,nan,nan,nan,0.415212,nan,nan,1,0.000087
opdformer_p_rgb_512,2668,455342/44358472/46651.591/e7fcd6f5-5401-4290-bdec-3836af8bab4c,0,0,nan,41.834764,41.834764,nan,nan,nan,nan,0.763676,nan,nan,1,0.000020
opdformer_p_rgb_512,2669,455342/44358472/46651.691/5fe5cb6d-cd6d-4084-9fe3-fe6e78ffc550,0,0,nan,5.777945,5.777945,nan,nan,nan,nan,0.761290,nan,nan,1,0.978570
opdformer_p_rgb_512,2670,455342/44358472/46651.691/65b9b8eb-e554-437e-8475-95ff4a585906,0,0,nan,3.022430,3.022430,nan,nan,nan,nan,0.505929,nan,nan,1,0.000395
opdformer_p_rgb_512,2671,455342/44358472/46651.691/e7fcd6f5-5401-4290-bdec-3836af8bab4c,0,0,nan,35.687435,35.687435,nan,nan,nan,nan,0.707965,nan,nan,1,0.000047
opdformer_p_rgb_512,2672,455342/44358472/46651.791/5fe5cb6d-cd6d-4084-9fe3-fe6e78ffc550,0,0,nan,5.946462,5.946462,nan,nan,nan,nan,0.748830,nan,nan,1,0.978400
opdformer_p_rgb_512,2673,455342/44358472/46651.791/65b9b8eb-e554-437e-8475-95ff4a585906,0,0,nan,10.950687,10.950687,nan,nan,nan,nan,0.328534,nan,nan,1,0.000544
opdformer_p_rgb_512,2674,455342/44358472/46651.791/e7fcd6f5-5401-4290-bdec-3836af8bab4c,0,0,nan,17.954568,17.954568,nan,nan,nan,nan,0.782313,nan,nan,1,0.000176
opdformer_p_rgb_512,2675,455342/44358472/46651.891/5fe5cb6d-cd6d-4084-9fe3-fe6e78ffc550,0,0,nan,5.427307,5.427307,nan,nan,nan,nan,0.757669,nan,nan,1,0.000036
opdformer_p_rgb_512,2676,455342/44358472/46651.891/65b9b8eb-e554-437e-8475-95ff4a585906,0,0,nan,17.608451,17.608451,nan,nan,nan,nan,0.146113,nan,nan,1,0.000057
opdformer_p_rgb_512,2677,455342/44358472/46651.891/e7fcd6f5-5401-4290-bdec-3836af8bab4c,0,0,nan,35.745291,35.745291,nan,nan,nan,nan,0.811765,nan,nan,1,0.000056
opdformer_p_rgb_512,2678,455342/44358472/46651.991/5fe5cb6d-cd6d-4084-9fe3-fe6e78ffc550,0,0,nan,7.081345,7.081345,nan,nan,nan,nan,0.792580,nan,nan,1,0.000248
opdformer_p_rgb_512,2679,455342/44358472/46651.991/65b9b8eb-e554-437e-8475-95ff4a585906,0,-1,nan,90.000000,90.000000,nan,nan,nan,nan,0.000000,nan,nan,0,nan
opdformer_p_rgb_512,2680,455342/44358472/46651.991/b52141d8-74fa-4507-b952-5e8c2ad9262b,0,0,nan,33.934486,33.934486,nan,nan,nan,nan,0.736330,nan,nan,1,0.000167
opdformer_p_rgb_512,2681,455342/44358472/46651.991/e7fcd6f5-5401-4290-bdec-3836af8bab4c,0,0,nan,29.915229,29.915229,nan,nan,nan,nan,0.793182,nan,nan,1,0.000037
opdformer_p_rgb_512,2682,455342/44358472/46652.091/5fe5cb6d-cd6d-4084-9fe3-fe6e78ffc550,0,0,nan,3.732701,3.732701,nan,nan,nan,nan,0.671429,nan,nan,1,0.000079
opdformer_p_rgb_512,2683,455342/44358472/46652.091/65b9b8eb-e554-437e-8475-95ff4a585906,0,0,nan,12.346588,12.346588,nan,nan,nan,nan,0.254144,nan,nan,1,0.000264
opdformer_p_rgb_512,2684,455342/44358472/46652.091/b52141d8-74fa-4507-b952-5e8c2ad9262b,0,0,nan,54.867715,54.867715,nan,nan,nan,nan,0.753713,nan,nan,1,0.000020
opdformer_p_rgb_512,2685,455342/44358472/46652.091/e7fcd6f5-5401-4290-bdec-3836af8bab4c,0,0,nan,17.004266,17.004266,nan,nan,nan,nan,0.786036,nan,nan,1,0.000023
opdformer_p_rgb_512,2686,455342/44358472/46652.191/5fe5cb6d-cd6d-4084-9fe3-fe6e78ffc550,0,0,nan,2.220316,2.220316,nan,nan,nan,nan,0.726753,nan,nan,1,0.000155
opdformer_p_rgb_512,2687,455342/44358472/46652.191/65b9b8eb-e554-437e-8475-95ff4a585906,0,0,nan,8.600446,8.600446,nan,nan,nan,nan,0.605556,nan,nan,1,0.000214
opdformer_p_rgb_512,2688,455342/44358472/46652.191/b52141d8-74fa-4507-b952-5e8c2ad9262b,0,0,nan,34.633409,34.633409,nan,nan,nan,nan,0.709302,nan,nan,1,0.000055
opdformer_p_rgb_512,2689,455342/44358472/46652.191/e7fcd6f5-5401-4290-bdec-3836af8bab4c,0,0,nan,21.921518,21.921518,nan,nan,nan,nan,0.729792,nan,nan,1,0.000059
opdformer_p_rgb_512,2690,455342/44358472/46652.291/5fe5cb6d-cd6d-4084-9fe3-fe6e78ffc550,0,0,nan,2.415477,2.415477,nan,nan,nan,nan,0.728423,nan,nan,1,0.000249
opdformer_p_rgb_512,2691,455342/44358472/46652.291/65b9b8eb-e554-437e-8475-95ff4a585906,0,0,nan,13.768582,13.768582,nan,nan,nan,nan,0.264430,nan,nan,1,0.000091
opdformer_p_rgb_512,2692,455342/44358472/46652.291/b52141d8-74fa-4507-b952-5e8c2ad9262b,0,0,nan,48.270866,48.270866,nan,nan,nan,nan,0.756198,nan,nan,1,0.000042
opdformer_p_rgb_512,2693,455342/44358472/46652.291/e7fcd6f5-5401-4290-bdec-3836af8bab4c,0,0,nan,21.957387,21.957387,nan,nan,nan,nan,0.749403,nan,nan,1,0.000054
opdformer_p_rgb_512,2694,455342/44358472/46652.391/5fe5cb6d-cd6d-4084-9fe3-fe6e78ffc550,0,0,nan,1.377271,1.377271,nan,nan,nan,nan,0.731084,nan,nan,1,0.000475
opdformer_p_rgb_512,2695,455342/44358472/46652.391/65b9b8eb-e554-437e-8475-95ff4a585906,0,0,nan,8.708213,8.708213,nan,nan,nan,nan,0.220386,nan,nan,1,0.000103
opdformer_p_rgb_512,2696,455342/44358472/46652.391/b52141d8-74fa-4507-b952-5e8c2ad9262b,0,0,nan,75.794080,75.794080,nan,nan,nan,nan,0.784828,nan,nan,1,0.000128
opdformer_p_rgb_512,2697,455342/44358472/46652.391/e7fcd6f5-5401-4290-bdec-3836af8bab4c,0,0,nan,33.503152,33.503152,nan,nan,nan,nan,0.683698,nan,nan,1,0.011538
opdformer_p_rgb_512,2698,455342/44358472/46652.491/65b9b8eb-e554-437e-8475-95ff4a585906,0,0,nan,6.921585,6.921585,nan,nan,nan,nan,0.284031,nan,nan,1,0.000023
opdformer_p_rgb_512,2699,455342/44358472/46652.491/b52141d8-74fa-4507-b952-5e8c2ad9262b,0,0,nan,99.755820,80.244180,nan,nan,nan,nan,0.675250,nan,nan,1,0.000023
opdformer_p_rgb_512,2700,455342/44358472/46652.491/e7fcd6f5-5401-4290-bdec-3836af8bab4c,0,0,nan,69.686966,69.686966,nan,nan,nan,nan,0.776286,nan,nan,1,0.000039
opdformer_p_rgb_512,2701,455342/44358472/46652.591/65b9b8eb-e554-437e-8475-95ff4a585906,0,0,nan,7.352313,7.352313,nan,nan,nan,nan,0.609337,nan,nan,1,0.000214
opdformer_p_rgb_512,2702,455342/44358472/46652.591/ac4a3fbd-ba4c-499a-863a-23ce59e7a5be,0,0,nan,140.807476,39.192524,nan,nan,nan,nan,0.458647,nan,nan,1,0.000207
opdformer_p_rgb_512,2703,455342/44358472/46652.591/b52141d8-74fa-4507-b952-5e8c2ad9262b,0,0,nan,56.200186,56.200186,nan,nan,nan,nan,0.673789,nan,nan,1,0.000017
opdformer_p_rgb_512,2704,455342/44358472/46652.591/e7fcd6f5-5401-4290-bdec-3836af8bab4c,0,0,nan,79.424903,79.424903,nan,nan,nan,nan,0.773547,nan,nan,1,0.000093
opdformer_p_rgb_512,2705,455342/44358472/46652.690/65b9b8eb-e554-437e-8475-95ff4a585906,0,0,nan,21.045031,21.045031,nan,nan,nan,nan,0.521487,nan,nan,1,0.000019
opdformer_p_rgb_512,2706,455342/44358472/46652.690/b52141d8-74fa-4507-b952-5e8c2ad9262b,0,0,nan,43.673090,43.673090,nan,nan,nan,nan,0.697222,nan,nan,1,0.000015
opdformer_p_rgb_512,2707,455342/44358472/46652.690/e7fcd6f5-5401-4290-bdec-3836af8bab4c,0,0,nan,71.901416,71.901416,nan,nan,nan,nan,0.855984,nan,nan,1,0.000283
opdformer_p_rgb_512,2708,455342/44358472/46652.790/b52141d8-74fa-4507-b952-5e8c2ad9262b,0,0,nan,66.449607,66.449607,nan,nan,nan,nan,0.620186,nan,nan,1,0.000008
opdformer_p_rgb_512,2709,455342/44358472/46652.790/e7fcd6f5-5401-4290-bdec-3836af8bab4c,0,0,nan,101.891408,78.108592,nan,nan,nan,nan,0.869811,nan,nan,1,0.000133
opdformer_p_rgb_512,2710,455342/44358472/46652.890/b52141d8-74fa-4507-b952-5e8c2ad9262b,0,0,nan,68.193906,68.193906,nan,nan,nan,nan,0.621287,nan,nan,1,0.000012
opdformer_p_rgb_512,2711,455342/44358472/46652.990/b52141d8-74fa-4507-b952-5e8c2ad9262b,0,0,nan,97.250079,82.749921,nan,nan,nan,nan,0.691824,nan,nan,1,0.000027
opdformer_p_rgb_512,2712,455342/44358472/46653.090/b52141d8-74fa-4507-b952-5e8c2ad9262b,0,0,nan,90.393492,89.606508,nan,nan,nan,nan,0.741974,nan,nan,1,0.000019
opdformer_p_rgb_512,2713,455342/44358472/46654.290/b52141d8-74fa-4507-b952-5e8c2ad9262b,0,0,nan,115.625765,64.374235,nan,nan,nan,nan,0.819959,nan,nan,1,0.000093
opdformer_p_rgb_512,2714,455342/44358472/46654.390/b52141d8-74fa-4507-b952-5e8c2ad9262b,0,0,nan,114.918678,65.081322,nan,nan,nan,nan,0.798035,nan,nan,1,0.000030
opdformer_p_rgb_512,2715,455342/44358472/46654.490/b52141d8-74fa-4507-b952-5e8c2ad9262b,0,0,nan,119.475102,60.524898,nan,nan,nan,nan,0.769140,nan,nan,1,0.000064
opdformer_p_rgb_512,2716,455342/44358472/46654.590/65b9b8eb-e554-437e-8475-95ff4a585906,0,0,nan,6.811816,6.811816,nan,nan,nan,nan,0.512397,nan,nan,1,0.000211
opdformer_p_rgb_512,2717,455342/44358472/46654.590/b52141d8-74fa-4507-b952-5e8c2ad9262b,0,0,nan,77.768292,77.768292,nan,nan,nan,nan,0.618391,nan,nan,1,0.000037
opdformer_p_rgb_512,2718,455342/44358472/46654.590/e7fcd6f5-5401-4290-bdec-3836af8bab4c,0,0,nan,31.725638,31.725638,nan,nan,nan,nan,0.829787,nan,nan,1,0.000149
opdformer_p_rgb_512,2719,455342/44358472/46654.690/65b9b8eb-e554-437e-8475-95ff4a585906,0,0,nan,11.820682,11.820682,nan,nan,nan,nan,0.426889,nan,nan,1,0.000079
opdformer_p_rgb_512,2720,455342/44358472/46654.690/ac4a3fbd-ba4c-499a-863a-23ce59e7a5be,0,0,nan,46.128682,46.128682,nan,nan,nan,nan,0.736287,nan,nan,1,0.000058
opdformer_p_rgb_512,2721,455342/44358472/46654.690/b52141d8-74fa-4507-b952-5e8c2ad9262b,0,0,nan,70.607896,70.607896,nan,nan,nan,nan,0.698630,nan,nan,1,0.000052
opdformer_p_rgb_512,2722,455342/44358472/46654.690/e7fcd6f5-5401-4290-bdec-3836af8bab4c,0,0,nan,28.576802,28.576802,nan,nan,nan,nan,0.723404,nan,nan,1,0.000018
opdformer_p_rgb_512,2723,455342/44358472/46654.790/65b9b8eb-e554-437e-8475-95ff4a585906,0,0,nan,41.162952,41.162952,nan,nan,nan,nan,0.513145,nan,nan,1,0.000041
opdformer_p_rgb_512,2724,455342/44358472/46654.790/ac4a3fbd-ba4c-499a-863a-23ce59e7a5be,0,0,nan,30.642473,30.642473,nan,nan,nan,nan,0.821978,nan,nan,1,0.000024
opdformer_p_rgb_512,2725,455342/44358472/46654.790/b52141d8-74fa-4507-b952-5e8c2ad9262b,0,0,nan,68.260506,68.260506,nan,nan,nan,nan,0.873462,nan,nan,1,0.000021
opdformer_p_rgb_512,2726,455342/44358472/46654.790/e7fcd6f5-5401-4290-bdec-3836af8bab4c,0,0,nan,20.831300,20.831300,nan,nan,nan,nan,0.724919,nan,nan,1,0.000014
opdformer_p_rgb_512,2727,455342/44358472/46654.890/65b9b8eb-e554-437e-8475-95ff4a585906,0,0,nan,27.591425,27.591425,nan,nan,nan,nan,0.561922,nan,nan,1,0.000065
opdformer_p_rgb_512,2728,455342/44358472/46654.890/ac4a3fbd-ba4c-499a-863a-23ce59e7a5be,0,0,nan,19.321744,19.321744,nan,nan,nan,nan,0.807692,nan,nan,1,0.000021
opdformer_p_rgb_512,2729,455342/44358472/46654.890/b52141d8-74fa-4507-b952-5e8c2ad9262b,0,0,nan,36.033607,36.033607,nan,nan,nan,nan,0.832606,nan,nan,1,0.000026
opdformer_p_rgb_512,2730,455342/44358472/46654.890/e7fcd6f5-5401-4290-bdec-3836af8bab4c,0,0,nan,18.032203,18.032203,nan,nan,nan,nan,0.797950,nan,nan,1,0.000022
opdformer_p_rgb_512,2731,455342/44358472/46654.990/65b9b8eb-e554-437e-8475-95ff4a585906,0,0,nan,4.824090,4.824090,nan,nan,nan,nan,0.374893,nan,nan,1,0.000836
opdformer_p_rgb_512,2732,455342/44358472/46654.990/ac4a3fbd-ba4c-499a-863a-23ce59e7a5be,0,0,nan,16.700361,16.700361,nan,nan,nan,nan,0.804255,nan,nan,1,0.000015
opdformer_p_rgb_512,2733,455342/44358472/46654.990/e7fcd6f5-5401-4290-bdec-3836af8bab4c,0,0,nan,25.822975,25.822975,nan,nan,nan,nan,0.728900,nan,nan,1,0.000019
opdformer_p_rgb_512,2734,455342/44358472/46655.090/65b9b8eb-e554-437e-8475-95ff4a585906,0,0,nan,8.199515,8.199515,nan,nan,nan,nan,0.486239,nan,nan,1,0.000112
opdformer_p_rgb_512,2735,455342/44358472/46655.090/ac4a3fbd-ba4c-499a-863a-23ce59e7a5be,0,0,nan,26.938020,26.938020,nan,nan,nan,nan,0.795547,nan,nan,1,0.000008
opdformer_p_rgb_512,2736,455342/44358472/46655.090/e7fcd6f5-5401-4290-bdec-3836af8bab4c,0,0,nan,30.439053,30.439053,nan,nan,nan,nan,0.812088,nan,nan,1,0.000010
opdformer_p_rgb_512,2737,455342/44358472/46655.189/65b9b8eb-e554-437e-8475-95ff4a585906,0,0,nan,7.053617,7.053617,nan,nan,nan,nan,0.510854,nan,nan,1,0.000076
opdformer_p_rgb_512,2738,455342/44358472/46655.189/ac4a3fbd-ba4c-499a-863a-23ce59e7a5be,0,0,nan,56.791613,56.791613,nan,nan,nan,nan,0.802041,nan,nan,1,0.000068
opdformer_p_rgb_512,2739,455342/44358472/46655.189/e7fcd6f5-5401-4290-bdec-3836af8bab4c,0,0,nan,48.632283,48.632283,nan,nan,nan,nan,0.618221,nan,nan,1,0.000075
opdformer_p_rgb_512,2740,455342/44358472/46655.289/65b9b8eb-e554-437e-8475-95ff4a585906,0,0,nan,12.095819,12.095819,nan,nan,nan,nan,0.532922,nan,nan,1,0.004382
opdformer_p_rgb_512,2741,455342/44358472/46655.289/ac4a3fbd-ba4c-499a-863a-23ce59e7a5be,0,0,nan,4.117208,4.117208,nan,nan,nan,nan,0.876636,nan,nan,1,0.000042
opdformer_p_rgb_512,2742,455342/44358472/46655.289/e7fcd6f5-5401-4290-bdec-3836af8bab4c,0,0,nan,8.917315,8.917315,nan,nan,nan,nan,0.715953,nan,nan,1,0.000033
opdformer_p_rgb_512,2743,455342/44358472/46655.389/65b9b8eb-e554-437e-8475-95ff4a585906,0,0,nan,11.901328,11.901328,nan,nan,nan,nan,0.515416,nan,nan,1,0.000042
opdformer_p_rgb_512,2744,455342/44358472/46655.389/ac4a3fbd-ba4c-499a-863a-23ce59e7a5be,0,0,nan,91.990764,88.009236,nan,nan,nan,nan,0.770440,nan,nan,1,0.000076
opdformer_p_rgb_512,2745,455342/44358472/46655.389/e7fcd6f5-5401-4290-bdec-3836af8bab4c,0,0,nan,56.336513,56.336513,nan,nan,nan,nan,0.598639,nan,nan,1,0.000163
opdformer_p_rgb_512,2746,455342/44358472/46655.489/65b9b8eb-e554-437e-8475-95ff4a585906,0,0,nan,14.127251,14.127251,nan,nan,nan,nan,0.411528,nan,nan,1,0.000021
opdformer_p_rgb_512,2747,455342/44358472/46655.489/ac4a3fbd-ba4c-499a-863a-23ce59e7a5be,0,0,nan,22.841808,22.841808,nan,nan,nan,nan,0.809836,nan,nan,1,0.000010
opdformer_p_rgb_512,2748,455342/44358472/46655.489/e7fcd6f5-5401-4290-bdec-3836af8bab4c,0,0,nan,24.276883,24.276883,nan,nan,nan,nan,0.780702,nan,nan,1,0.000008
opdformer_p_rgb_512,2749,455342/44358472/46655.589/ac4a3fbd-ba4c-499a-863a-23ce59e7a5be,0,0,nan,25.827981,25.827981,nan,nan,nan,nan,0.753226,nan,nan,1,0.000008
opdformer_p_rgb_512,2750,455342/44358472/46655.589/e7fcd6f5-5401-4290-bdec-3836af8bab4c,0,0,nan,71.955734,71.955734,nan,nan,nan,nan,0.734361,nan,nan,1,0.000031
opdformer_p_rgb_512,2751,455342/44358472/46655.689/ac4a3fbd-ba4c-499a-863a-23ce59e7a5be,0,0,nan,34.583610,34.583610,nan,nan,nan,nan,0.642857,nan,nan,1,0.000039
opdformer_p_rgb_512,2752,455342/44358472/46655.789/ac4a3fbd-ba4c-499a-863a-23ce59e7a5be,0,0,nan,21.092993,21.092993,nan,nan,nan,nan,0.772512,nan,nan,1,0.000031
opdformer_p_rgb_512,2753,455342/44358472/46655.889/ac4a3fbd-ba4c-499a-863a-23ce59e7a5be,0,0,nan,1.928346,1.928346,nan,nan,nan,nan,0.751891,nan,nan,1,0.000039
opdformer_p_rgb_512,2754,455342/44358472/46655.989/ac4a3fbd-ba4c-499a-863a-23ce59e7a5be,0,0,nan,33.521991,33.521991,nan,nan,nan,nan,0.758766,nan,nan,1,0.000018
opdformer_p_rgb_512,2755,455342/44358472/46656.089/ac4a3fbd-ba4c-499a-863a-23ce59e7a5be,0,0,nan,39.605656,39.605656,nan,nan,nan,nan,0.791826,nan,nan,1,0.000017
opdformer_p_rgb_512,2756,455342/44358472/46656.189/ac4a3fbd-ba4c-499a-863a-23ce59e7a5be,0,0,nan,39.284350,39.284350,nan,nan,nan,nan,0.734357,nan,nan,1,0.000002
opdformer_p_rgb_512,2757,455342/44358472/46656.289/ac4a3fbd-ba4c-499a-863a-23ce59e7a5be,0,0,nan,41.214343,41.214343,nan,nan,nan,nan,0.711599,nan,nan,1,0.000006
opdformer_p_rgb_512,2758,455342/44358472/46656.389/ac4a3fbd-ba4c-499a-863a-23ce59e7a5be,0,0,nan,35.094921,35.094921,nan,nan,nan,nan,0.730237,nan,nan,1,0.000017
opdformer_p_rgb_512,2759,455342/44358472/46656.489/ac4a3fbd-ba4c-499a-863a-23ce59e7a5be,0,0,nan,37.075478,37.075478,nan,nan,nan,nan,0.670290,nan,nan,1,0.000022
opdformer_p_rgb_512,2760,455342/44358472/46656.589/ac4a3fbd-ba4c-499a-863a-23ce59e7a5be,0,0,nan,52.372942,52.372942,nan,nan,nan,nan,0.647409,nan,nan,1,0.000025
opdformer_p_rgb_512,2761,455342/44358472/46656.689/ac4a3fbd-ba4c-499a-863a-23ce59e7a5be,0,0,nan,54.122614,54.122614,nan,nan,nan,nan,0.767787,nan,nan,1,0.000013
opdformer_p_rgb_512,2762,455342/44358472/46656.789/ac4a3fbd-ba4c-499a-863a-23ce59e7a5be,0,0,nan,55.633029,55.633029,nan,nan,nan,nan,0.752149,nan,nan,1,0.000016
opdformer_p_rgb_512,2763,455342/44358472/46656.889/ac4a3fbd-ba4c-499a-863a-23ce59e7a5be,0,0,nan,69.193571,69.193571,nan,nan,nan,nan,0.564859,nan,nan,1,0.000013
opdformer_p_rgb_512,2764,455342/44358472/46656.989/ac4a3fbd-ba4c-499a-863a-23ce59e7a5be,0,0,nan,59.913177,59.913177,nan,nan,nan,nan,0.596845,nan,nan,1,0.000011
opdformer_p_rgb_512,2765,455342/44358472/46657.089/ac4a3fbd-ba4c-499a-863a-23ce59e7a5be,0,0,nan,66.620678,66.620678,nan,nan,nan,nan,0.533913,nan,nan,1,0.000016
opdformer_p_rgb_512,2766,455342/44358472/46657.189/ac4a3fbd-ba4c-499a-863a-23ce59e7a5be,0,0,nan,61.233603,61.233603,nan,nan,nan,nan,0.595499,nan,nan,1,0.000017
opdformer_p_rgb_512,2767,455342/44358472/46657.289/ac4a3fbd-ba4c-499a-863a-23ce59e7a5be,0,0,nan,66.766982,66.766982,nan,nan,nan,nan,0.606415,nan,nan,1,0.000055
opdformer_p_rgb_512,2768,455342/44358472/46657.389/ac4a3fbd-ba4c-499a-863a-23ce59e7a5be,0,0,nan,100.066691,79.933309,nan,nan,nan,nan,0.409176,nan,nan,1,0.000014
opdformer_p_rgb_512,2769,455342/44358472/46657.489/ac4a3fbd-ba4c-499a-863a-23ce59e7a5be,0,0,nan,81.877558,81.877558,nan,nan,nan,nan,0.527186,nan,nan,1,0.000041
opdformer_p_rgb_512,2770,464236/44358617/510.724/0a6892f3-c74d-40c8-857e-8bc762ffa368,0,0,nan,35.386205,35.386205,nan,nan,nan,nan,0.013932,nan,nan,1,0.004313
opdformer_p_rgb_512,2771,464236/44358617/510.724/5bf4f56c-3b82-47a5-96c3-91231957964b,1,0,nan,29.425332,29.425332,1.538654,1.543360,nan,nan,0.101461,nan,nan,1,0.001738
opdformer_p_rgb_512,2772,464236/44358617/510.824/0a6892f3-c74d-40c8-857e-8bc762ffa368,0,1,nan,87.147548,87.147548,nan,nan,nan,nan,0.009470,nan,nan,1,0.002203
opdformer_p_rgb_512,2773,464236/44358617/510.824/5bf4f56c-3b82-47a5-96c3-91231957964b,1,1,nan,171.732930,8.267070,0.928014,1.213463,nan,nan,0.010891,nan,nan,1,0.002203
opdformer_p_rgb_512,2774,464236/44358617/510.924/0a6892f3-c74d-40c8-857e-8bc762ffa368,0,-1,nan,90.000000,90.000000,nan,nan,nan,nan,0.000000,nan,nan,0,nan
opdformer_p_rgb_512,2775,464236/44358617/510.924/5bf4f56c-3b82-47a5-96c3-91231957964b,1,-1,nan,90.000000,90.000000,nan,nan,nan,nan,0.000000,nan,nan,0,nan
opdformer_p_rgb_512,2776,464236/44358617/511.024/5bf4f56c-3b82-47a5-96c3-91231957964b,1,0,nan,128.084020,51.915980,1.193619,1.526217,nan,nan,0.006692,nan,nan,1,0.001479
opdformer_p_rgb_512,2777,464236/44358617/511.124/5bf4f56c-3b82-47a5-96c3-91231957964b,1,0,nan,37.868770,37.868770,0.195544,0.628601,nan,nan,0.050802,nan,nan,1,0.002615
opdformer_p_rgb_512,2778,464236/44358617/511.224/5bf4f56c-3b82-47a5-96c3-91231957964b,1,-1,nan,90.000000,90.000000,nan,nan,nan,nan,0.000000,nan,nan,0,nan
opdformer_p_rgb_512,2779,464236/44358617/511.324/5bf4f56c-3b82-47a5-96c3-91231957964b,1,1,nan,30.308200,30.308200,1.445372,1.604685,nan,nan,0.004367,nan,nan,1,0.001810
opdformer_p_rgb_512,2780,464236/44358617/512.024/5bf4f56c-3b82-47a5-96c3-91231957964b,1,-1,nan,90.000000,90.000000,nan,nan,nan,nan,0.000000,nan,nan,0,nan
opdformer_p_rgb_512,2781,464236/44358617/512.124/5bf4f56c-3b82-47a5-96c3-91231957964b,1,0,nan,56.672277,56.672277,0.804374,0.814472,nan,nan,0.074766,nan,nan,1,0.001571
opdformer_p_rgb_512,2782,464236/44358617/512.224/5bf4f56c-3b82-47a5-96c3-91231957964b,1,1,nan,61.863960,61.863960,1.222475,1.285300,nan,nan,0.021978,nan,nan,1,0.000573
opdformer_p_rgb_512,2783,464236/44358617/512.723/5bf4f56c-3b82-47a5-96c3-91231957964b,1,1,nan,127.752673,52.247327,0.768843,0.822821,nan,nan,0.089888,nan,nan,1,0.003775
opdformer_p_rgb_512,2784,464236/44358617/512.823/5bf4f56c-3b82-47a5-96c3-91231957964b,1,-1,nan,90.000000,90.000000,nan,nan,nan,nan,0.000000,nan,nan,0,nan
opdformer_p_rgb_512,2785,464236/44358617/512.923/5bf4f56c-3b82-47a5-96c3-91231957964b,1,-1,nan,90.000000,90.000000,nan,nan,nan,nan,0.000000,nan,nan,0,nan
opdformer_p_rgb_512,2786,464236/44358617/513.023/5bf4f56c-3b82-47a5-96c3-91231957964b,1,-1,nan,90.000000,90.000000,nan,nan,nan,nan,0.000000,nan,nan,0,nan
opdformer_p_rgb_512,2787,464236/44358617/513.123/5bf4f56c-3b82-47a5-96c3-91231957964b,1,0,nan,63.458512,63.458512,1.162695,1.271268,nan,nan,0.028061,nan,nan,1,0.001267
opdformer_p_rgb_512,2788,464236/44358617/513.223/5bf4f56c-3b82-47a5-96c3-91231957964b,1,1,nan,58.692220,58.692220,0.623003,0.882132,nan,nan,0.020672,nan,nan,1,0.000429
opdformer_p_rgb_512,2789,464236/44358617/513.323/5bf4f56c-3b82-47a5-96c3-91231957964b,1,0,nan,42.788503,42.788503,1.274697,1.339330,nan,nan,0.001684,nan,nan,1,0.000917
opdformer_p_rgb_512,2790,464236/44358617/513.423/5bf4f56c-3b82-47a5-96c3-91231957964b,1,-1,nan,90.000000,90.000000,nan,nan,nan,nan,0.000000,nan,nan,0,nan
opdformer_p_rgb_512,2791,464236/44358617/513.523/5bf4f56c-3b82-47a5-96c3-91231957964b,1,-1,nan,90.000000,90.000000,nan,nan,nan,nan,0.000000,nan,nan,0,nan
opdformer_p_rgb_512,2792,464236/44358617/513.623/5bf4f56c-3b82-47a5-96c3-91231957964b,1,-1,nan,90.000000,90.000000,nan,nan,nan,nan,0.000000,nan,nan,0,nan
opdformer_p_rgb_512,2793,464236/44358617/513.723/5bf4f56c-3b82-47a5-96c3-91231957964b,1,0,nan,45.736240,45.736240,0.438900,0.606021,nan,nan,0.034946,nan,nan,1,0.000733
opdformer_p_rgb_512,2794,464236/44358617/513.823/5bf4f56c-3b82-47a5-96c3-91231957964b,1,-1,nan,90.000000,90.000000,nan,nan,nan,nan,0.000000,nan,nan,0,nan
opdformer_p_rgb_512,2795,464236/44358617/513.923/5bf4f56c-3b82-47a5-96c3-91231957964b,1,0,nan,59.386779,59.386779,0.263965,0.405786,nan,nan,0.014002,nan,nan,1,0.000325
opdformer_p_rgb_512,2796,464236/44358617/514.023/5bf4f56c-3b82-47a5-96c3-91231957964b,1,0,nan,24.718243,24.718243,0.515686,0.806584,nan,nan,0.007782,nan,nan,1,0.000328
opdformer_p_rgb_512,2797,464236/44358617/514.123/5bf4f56c-3b82-47a5-96c3-91231957964b,1,0,nan,58.877145,58.877145,0.300913,0.331497,nan,nan,0.052846,nan,nan,1,0.000508
opdformer_p_rgb_512,2798,464236/44358617/514.223/5bf4f56c-3b82-47a5-96c3-91231957964b,1,0,nan,22.457526,22.457526,0.330464,0.864743,nan,nan,0.073171,nan,nan,1,0.000582
opdformer_p_rgb_512,2799,464236/44358617/514.323/5bf4f56c-3b82-47a5-96c3-91231957964b,1,0,nan,27.324386,27.324386,0.579741,0.899795,nan,nan,0.076923,nan,nan,1,0.000528
opdformer_p_rgb_512,2800,464236/44358617/514.423/5bf4f56c-3b82-47a5-96c3-91231957964b,1,-1,nan,90.000000,90.000000,nan,nan,nan,nan,0.000000,nan,nan,0,nan
opdformer_p_rgb_512,2801,464236/44358617/514.523/5bf4f56c-3b82-47a5-96c3-91231957964b,1,0,nan,52.189445,52.189445,1.115742,1.271848,nan,nan,0.120316,nan,nan,1,0.000275
opdformer_p_rgb_512,2802,464236/44358617/514.623/5bf4f56c-3b82-47a5-96c3-91231957964b,1,0,nan,66.577775,66.577775,0.877535,1.010919,nan,nan,0.127517,nan,nan,1,0.000207
opdformer_p_rgb_512,2803,464236/44358617/514.723/5bf4f56c-3b82-47a5-96c3-91231957964b,1,0,nan,69.244881,69.244881,0.580423,0.640757,nan,nan,0.059113,nan,nan,1,0.000325
opdformer_p_rgb_512,2804,464236/44358617/515.522/5bf4f56c-3b82-47a5-96c3-91231957964b,1,0,nan,7.400814,7.400814,0.792478,0.994459,nan,nan,0.127615,nan,nan,1,0.000312
opdformer_p_rgb_512,2805,464236/44358617/515.622/5bf4f56c-3b82-47a5-96c3-91231957964b,1,0,nan,24.952220,24.952220,0.865661,1.136884,nan,nan,0.108545,nan,nan,1,0.000818
opdformer_p_rgb_512,2806,464236/44358617/515.722/5bf4f56c-3b82-47a5-96c3-91231957964b,1,0,nan,33.796090,33.796090,0.520328,0.798144,nan,nan,0.024000,nan,nan,1,0.000356
opdformer_p_rgb_512,2807,464236/44358617/515.822/5bf4f56c-3b82-47a5-96c3-91231957964b,1,0,nan,36.176570,36.176570,0.408373,1.360852,nan,nan,0.000861,nan,nan,1,0.000725
opdformer_p_rgb_512,2808,464236/44358617/515.922/5bf4f56c-3b82-47a5-96c3-91231957964b,1,0,nan,21.731377,21.731377,0.500518,1.023941,nan,nan,0.020101,nan,nan,1,0.000859
opdformer_p_rgb_512,2809,464236/44358617/516.022/5bf4f56c-3b82-47a5-96c3-91231957964b,1,-1,nan,90.000000,90.000000,nan,nan,nan,nan,0.000000,nan,nan,0,nan
opdformer_p_rgb_512,2810,464236/44358617/516.122/5bf4f56c-3b82-47a5-96c3-91231957964b,1,-1,nan,90.000000,90.000000,nan,nan,nan,nan,0.000000,nan,nan,0,nan
opdformer_p_rgb_512,2811,464236/44358617/516.222/5bf4f56c-3b82-47a5-96c3-91231957964b,1,-1,nan,90.000000,90.000000,nan,nan,nan,nan,0.000000,nan,nan,0,nan
opdformer_p_rgb_512,2812,464236/44358617/516.322/5bf4f56c-3b82-47a5-96c3-91231957964b,1,-1,nan,90.000000,90.000000,nan,nan,nan,nan,0.000000,nan,nan,0,nan
opdformer_p_rgb_512,2813,464236/44358617/516.422/5bf4f56c-3b82-47a5-96c3-91231957964b,1,-1,nan,90.000000,90.000000,nan,nan,nan,nan,0.000000,nan,nan,0,nan
opdformer_p_rgb_512,2814,464236/44358617/516.522/5bf4f56c-3b82-47a5-96c3-91231957964b,1,0,nan,63.015943,63.015943,0.609501,0.800676,nan,nan,0.051225,nan,nan,1,0.000282
opdformer_p_rgb_512,2815,464236/44358617/516.622/5bf4f56c-3b82-47a5-96c3-91231957964b,1,-1,nan,90.000000,90.000000,nan,nan,nan,nan,0.000000,nan,nan,0,nan
opdformer_p_rgb_512,2816,464236/44358617/516.722/5bf4f56c-3b82-47a5-96c3-91231957964b,1,-1,nan,90.000000,90.000000,nan,nan,nan,nan,0.000000,nan,nan,0,nan
opdformer_p_rgb_512,2817,464236/44358617/516.822/5bf4f56c-3b82-47a5-96c3-91231957964b,1,0,nan,80.332649,80.332649,0.525554,0.630042,nan,nan,0.040230,nan,nan,1,0.000355
opdformer_p_rgb_512,2818,464236/44358617/516.922/5bf4f56c-3b82-47a5-96c3-91231957964b,1,1,nan,95.999933,84.000067,0.862397,1.230749,nan,nan,0.025773,nan,nan,1,0.000978
opdformer_p_rgb_512,2819,464236/44358617/517.022/5bf4f56c-3b82-47a5-96c3-91231957964b,1,-1,nan,90.000000,90.000000,nan,nan,nan,nan,0.000000,nan,nan,0,nan
opdformer_p_rgb_512,2820,464236/44358617/538.829/5eba29ce-e14b-4f03-ba9e-cb4ca29d8ecc,1,1,nan,159.409562,20.590438,0.424958,0.427735,nan,nan,0.182310,nan,nan,1,0.001236
opdformer_p_rgb_512,2821,464236/44358617/538.929/5eba29ce-e14b-4f03-ba9e-cb4ca29d8ecc,1,1,nan,146.655618,33.344382,0.530052,0.540551,nan,nan,0.317197,nan,nan,1,0.000367
opdformer_p_rgb_512,2822,464236/44358617/539.329/43efd8c8-c4ea-4dde-9a58-4a4c42d68a46,0,0,nan,22.799580,22.799580,nan,nan,nan,nan,0.384401,nan,nan,1,0.000997
opdformer_p_rgb_512,2823,464236/44358617/539.429/43efd8c8-c4ea-4dde-9a58-4a4c42d68a46,0,0,nan,34.799138,34.799138,nan,nan,nan,nan,0.314176,nan,nan,1,0.002021
opdformer_p_rgb_512,2824,464236/44358617/539.529/43efd8c8-c4ea-4dde-9a58-4a4c42d68a46,0,0,nan,8.911994,8.911994,nan,nan,nan,nan,0.344007,nan,nan,1,0.002782
opdformer_p_rgb_512,2825,464236/44358617/539.629/43efd8c8-c4ea-4dde-9a58-4a4c42d68a46,0,0,nan,16.902865,16.902865,nan,nan,nan,nan,0.488235,nan,nan,1,0.003152
opdformer_p_rgb_512,2826,464236/44358617/539.729/43efd8c8-c4ea-4dde-9a58-4a4c42d68a46,0,0,nan,38.549592,38.549592,nan,nan,nan,nan,0.504638,nan,nan,1,0.000414
opdformer_p_rgb_512,2827,464236/44358617/539.829/43efd8c8-c4ea-4dde-9a58-4a4c42d68a46,0,0,nan,21.447638,21.447638,nan,nan,nan,nan,0.580331,nan,nan,1,0.001226
opdformer_p_rgb_512,2828,464236/44358617/539.929/43efd8c8-c4ea-4dde-9a58-4a4c42d68a46,0,0,nan,29.401126,29.401126,nan,nan,nan,nan,0.557803,nan,nan,1,0.003133
opdformer_p_rgb_512,2829,464236/44358617/540.029/43efd8c8-c4ea-4dde-9a58-4a4c42d68a46,0,0,nan,39.982357,39.982357,nan,nan,nan,nan,0.538749,nan,nan,1,0.000827
opdformer_p_rgb_512,2830,464236/44358617/540.129/43efd8c8-c4ea-4dde-9a58-4a4c42d68a46,0,0,nan,42.519403,42.519403,nan,nan,nan,nan,0.556655,nan,nan,1,0.000776
opdformer_p_rgb_512,2831,464236/44358617/540.229/a9d0b47b-d9b2-464f-8ebd-33d638731bf1,0,0,nan,18.997575,18.997575,nan,nan,nan,nan,0.347345,nan,nan,1,0.003191
opdformer_p_rgb_512,2832,464236/44358617/540.329/43efd8c8-c4ea-4dde-9a58-4a4c42d68a46,0,0,nan,107.870925,72.129075,nan,nan,nan,nan,0.388519,nan,nan,1,0.002476
opdformer_p_rgb_512,2833,464236/44358617/540.329/a9d0b47b-d9b2-464f-8ebd-33d638731bf1,0,0,nan,65.815942,65.815942,nan,nan,nan,nan,0.139673,nan,nan,1,0.001425
opdformer_p_rgb_512,2834,464236/44358617/540.429/43efd8c8-c4ea-4dde-9a58-4a4c42d68a46,0,0,nan,49.700044,49.700044,nan,nan,nan,nan,0.468375,nan,nan,1,0.001491
opdformer_p_rgb_512,2835,464236/44358617/542.128/40e076f5-4119-41bd-87ad-b2694c86d044,0,0,nan,45.876999,45.876999,nan,nan,nan,nan,0.520776,nan,nan,1,0.003162
opdformer_p_rgb_512,2836,464236/44358620/587.026/b2fef922-5cc3-4eb0-a718-850253ca80ae,1,1,nan,165.924939,14.075061,0.711955,0.731473,nan,nan,0.228013,nan,nan,1,0.008722
opdformer_p_rgb_512,2837,464236/44358620/587.825/068fa3bc-0082-4c95-973a-c6298544ca89,1,1,nan,173.340182,6.659818,0.641597,0.795136,nan,nan,0.140252,nan,nan,1,0.001251
opdformer_p_rgb_512,2838,464236/44358620/587.925/068fa3bc-0082-4c95-973a-c6298544ca89,1,1,nan,175.395492,4.604508,0.551676,0.796444,nan,nan,0.220979,nan,nan,1,0.000705
opdformer_p_rgb_512,2839,464236/44358620/588.025/068fa3bc-0082-4c95-973a-c6298544ca89,1,1,nan,177.188003,2.811997,0.679384,0.932725,nan,nan,0.105417,nan,nan,1,0.949666
opdformer_p_rgb_512,2840,464236/44358620/588.125/068fa3bc-0082-4c95-973a-c6298544ca89,1,1,nan,173.633609,6.366391,0.568938,0.810279,nan,nan,0.200581,nan,nan,1,0.002348
opdformer_p_rgb_512,2841,464236/44358620/588.225/068fa3bc-0082-4c95-973a-c6298544ca89,1,1,nan,119.879139,60.120861,0.604726,0.897658,nan,nan,0.291737,nan,nan,1,0.005546
opdformer_p_rgb_512,2842,464236/44358620/588.325/068fa3bc-0082-4c95-973a-c6298544ca89,1,1,nan,172.943021,7.056979,0.774208,0.985408,nan,nan,0.208745,nan,nan,1,0.001970
opdformer_p_rgb_512,2843,464236/44358620/588.425/068fa3bc-0082-4c95-973a-c6298544ca89,1,1,nan,49.971680,49.971680,0.883990,1.115537,nan,nan,0.300319,nan,nan,1,0.002819
opdformer_p_rgb_512,2844,464236/44358620/588.525/068fa3bc-0082-4c95-973a-c6298544ca89,1,1,nan,152.361650,27.638350,0.746936,0.920530,nan,nan,0.260763,nan,nan,1,0.005070
opdformer_p_rgb_512,2845,464236/44358620/588.625/068fa3bc-0082-4c95-973a-c6298544ca89,1,1,nan,135.044902,44.955098,1.041921,1.155125,nan,nan,0.207490,nan,nan,1,0.001507
opdformer_p_rgb_512,2846,464236/44358620/597.322/5bf4f56c-3b82-47a5-96c3-91231957964b,1,0,nan,17.917646,17.917646,1.446626,1.476850,nan,nan,0.073113,nan,nan,1,0.014910
opdformer_p_rgb_512,2847,464236/44358620/598.321/5bf4f56c-3b82-47a5-96c3-91231957964b,1,0,nan,35.031046,35.031046,0.878712,0.896213,nan,nan,0.064417,nan,nan,1,0.004404
opdformer_p_rgb_512,2848,464236/44358620/598.421/5bf4f56c-3b82-47a5-96c3-91231957964b,1,0,nan,66.314851,66.314851,0.639773,0.671038,nan,nan,0.039755,nan,nan,1,0.001996
opdformer_p_rgb_512,2849,464236/44358620/598.521/5bf4f56c-3b82-47a5-96c3-91231957964b,1,0,nan,47.296131,47.296131,0.577381,0.666860,nan,nan,0.095718,nan,nan,1,0.005281
opdformer_p_rgb_512,2850,464236/44358620/598.621/5bf4f56c-3b82-47a5-96c3-91231957964b,1,0,nan,61.724604,61.724604,0.627281,0.627373,nan,nan,0.078095,nan,nan,1,0.001825
opdformer_p_rgb_512,2851,464236/44358620/600.220/0a6892f3-c74d-40c8-857e-8bc762ffa368,0,0,nan,107.729392,72.270608,nan,nan,nan,nan,0.073710,nan,nan,1,0.002705
opdformer_p_rgb_512,2852,464236/44358620/602.419/0a6892f3-c74d-40c8-857e-8bc762ffa368,0,0,nan,82.694645,82.694645,nan,nan,nan,nan,0.003067,nan,nan,1,0.004042
opdformer_p_rgb_512,2853,464236/44358620/602.519/0a6892f3-c74d-40c8-857e-8bc762ffa368,0,-1,nan,90.000000,90.000000,nan,nan,nan,nan,0.000000,nan,nan,0,nan
opdformer_p_rgb_512,2854,464236/44358620/602.519/5bf4f56c-3b82-47a5-96c3-91231957964b,1,-1,nan,90.000000,90.000000,nan,nan,nan,nan,0.000000,nan,nan,0,nan
opdformer_p_rgb_512,2855,464236/44358620/602.619/0a6892f3-c74d-40c8-857e-8bc762ffa368,0,-1,nan,90.000000,90.000000,nan,nan,nan,nan,0.000000,nan,nan,0,nan
opdformer_p_rgb_512,2856,464236/44358620/602.619/5bf4f56c-3b82-47a5-96c3-91231957964b,1,-1,nan,90.000000,90.000000,nan,nan,nan,nan,0.000000,nan,nan,0,nan
opdformer_p_rgb_512,2857,464236/44358620/602.736/0a6892f3-c74d-40c8-857e-8bc762ffa368,0,-1,nan,90.000000,90.000000,nan,nan,nan,nan,0.000000,nan,nan,0,nan
opdformer_p_rgb_512,2858,464236/44358620/602.736/5bf4f56c-3b82-47a5-96c3-91231957964b,1,-1,nan,90.000000,90.000000,nan,nan,nan,nan,0.000000,nan,nan,0,nan
opdformer_p_rgb_512,2859,464236/44358620/602.836/0a6892f3-c74d-40c8-857e-8bc762ffa368,0,-1,nan,90.000000,90.000000,nan,nan,nan,nan,0.000000,nan,nan,0,nan
opdformer_p_rgb_512,2860,464236/44358620/602.836/5bf4f56c-3b82-47a5-96c3-91231957964b,1,-1,nan,90.000000,90.000000,nan,nan,nan,nan,0.000000,nan,nan,0,nan
opdformer_p_rgb_512,2861,464236/44358620/602.936/0a6892f3-c74d-40c8-857e-8bc762ffa368,0,-1,nan,90.000000,90.000000,nan,nan,nan,nan,0.000000,nan,nan,0,nan
opdformer_p_rgb_512,2862,464236/44358620/602.936/5bf4f56c-3b82-47a5-96c3-91231957964b,1,-1,nan,90.000000,90.000000,nan,nan,nan,nan,0.000000,nan,nan,0,nan
opdformer_p_rgb_512,2863,464236/44358620/603.036/0a6892f3-c74d-40c8-857e-8bc762ffa368,0,-1,nan,90.000000,90.000000,nan,nan,nan,nan,0.000000,nan,nan,0,nan
opdformer_p_rgb_512,2864,464236/44358620/603.036/5bf4f56c-3b82-47a5-96c3-91231957964b,1,-1,nan,90.000000,90.000000,nan,nan,nan,nan,0.000000,nan,nan,0,nan
opdformer_p_rgb_512,2865,464236/44358620/603.136/0a6892f3-c74d-40c8-857e-8bc762ffa368,0,-1,nan,90.000000,90.000000,nan,nan,nan,nan,0.000000,nan,nan,0,nan
opdformer_p_rgb_512,2866,464236/44358620/603.136/5bf4f56c-3b82-47a5-96c3-91231957964b,1,-1,nan,90.000000,90.000000,nan,nan,nan,nan,0.000000,nan,nan,0,nan
opdformer_p_rgb_512,2867,464236/44358620/603.236/0a6892f3-c74d-40c8-857e-8bc762ffa368,0,-1,nan,90.000000,90.000000,nan,nan,nan,nan,0.000000,nan,nan,0,nan
opdformer_p_rgb_512,2868,464236/44358620/603.236/5bf4f56c-3b82-47a5-96c3-91231957964b,1,-1,nan,90.000000,90.000000,nan,nan,nan,nan,0.000000,nan,nan,0,nan
opdformer_p_rgb_512,2869,464236/44358620/603.336/0a6892f3-c74d-40c8-857e-8bc762ffa368,0,-1,nan,90.000000,90.000000,nan,nan,nan,nan,0.000000,nan,nan,0,nan
opdformer_p_rgb_512,2870,464236/44358620/603.336/5bf4f56c-3b82-47a5-96c3-91231957964b,1,-1,nan,90.000000,90.000000,nan,nan,nan,nan,0.000000,nan,nan,0,nan
opdformer_p_rgb_512,2871,464236/44358620/603.436/0a6892f3-c74d-40c8-857e-8bc762ffa368,0,-1,nan,90.000000,90.000000,nan,nan,nan,nan,0.000000,nan,nan,0,nan
opdformer_p_rgb_512,2872,464236/44358620/603.436/5bf4f56c-3b82-47a5-96c3-91231957964b,1,-1,nan,90.000000,90.000000,nan,nan,nan,nan,0.000000,nan,nan,0,nan
opdformer_p_rgb_512,2873,464236/44358620/603.536/0a6892f3-c74d-40c8-857e-8bc762ffa368,0,-1,nan,90.000000,90.000000,nan,nan,nan,nan,0.000000,nan,nan,0,nan
opdformer_p_rgb_512,2874,464236/44358620/603.536/5bf4f56c-3b82-47a5-96c3-91231957964b,1,-1,nan,90.000000,90.000000,nan,nan,nan,nan,0.000000,nan,nan,0,nan
opdformer_p_rgb_512,2875,464236/44358620/603.636/0a6892f3-c74d-40c8-857e-8bc762ffa368,0,-1,nan,90.000000,90.000000,nan,nan,nan,nan,0.000000,nan,nan,0,nan
opdformer_p_rgb_512,2876,464236/44358620/603.636/5bf4f56c-3b82-47a5-96c3-91231957964b,1,-1,nan,90.000000,90.000000,nan,nan,nan,nan,0.000000,nan,nan,0,nan
opdformer_p_rgb_512,2877,464236/44358620/603.736/0a6892f3-c74d-40c8-857e-8bc762ffa368,0,-1,nan,90.000000,90.000000,nan,nan,nan,nan,0.000000,nan,nan,0,nan
opdformer_p_rgb_512,2878,464236/44358620/603.736/5bf4f56c-3b82-47a5-96c3-91231957964b,1,-1,nan,90.000000,90.000000,nan,nan,nan,nan,0.000000,nan,nan,0,nan
opdformer_p_rgb_512,2879,464236/44358620/603.835/0a6892f3-c74d-40c8-857e-8bc762ffa368,0,0,nan,96.939099,83.060901,nan,nan,nan,nan,0.013158,nan,nan,1,0.009560
opdformer_p_rgb_512,2880,464236/44358620/603.835/5bf4f56c-3b82-47a5-96c3-91231957964b,1,0,nan,10.119745,10.119745,0.923036,0.971547,nan,nan,0.114644,nan,nan,1,0.009560
opdformer_p_rgb_512,2881,464236/44358620/603.935/0a6892f3-c74d-40c8-857e-8bc762ffa368,0,0,nan,107.004012,72.995988,nan,nan,nan,nan,0.067183,nan,nan,1,0.187289
opdformer_p_rgb_512,2882,464236/44358620/603.935/5bf4f56c-3b82-47a5-96c3-91231957964b,1,0,nan,9.725358,9.725358,0.949131,0.969124,nan,nan,0.021725,nan,nan,1,0.037201
opdformer_p_rgb_512,2883,464236/44358620/604.035/0a6892f3-c74d-40c8-857e-8bc762ffa368,0,-1,nan,90.000000,90.000000,nan,nan,nan,nan,0.000000,nan,nan,0,nan
opdformer_p_rgb_512,2884,464236/44358620/604.035/5bf4f56c-3b82-47a5-96c3-91231957964b,1,0,nan,4.585472,4.585472,0.468688,0.497792,nan,nan,0.040057,nan,nan,1,0.028019
opdformer_p_rgb_512,2885,464236/44358620/604.135/0a6892f3-c74d-40c8-857e-8bc762ffa368,0,0,nan,120.268752,59.731248,nan,nan,nan,nan,0.009063,nan,nan,1,0.006919
opdformer_p_rgb_512,2886,464236/44358620/604.135/5bf4f56c-3b82-47a5-96c3-91231957964b,1,0,nan,57.458893,57.458893,0.483940,0.518502,nan,nan,0.019815,nan,nan,1,0.011764
opdformer_p_rgb_512,2887,464236/44358620/604.235/0a6892f3-c74d-40c8-857e-8bc762ffa368,0,-1,nan,90.000000,90.000000,nan,nan,nan,nan,0.000000,nan,nan,0,nan
opdformer_p_rgb_512,2888,464236/44358620/604.235/5bf4f56c-3b82-47a5-96c3-91231957964b,1,-1,nan,90.000000,90.000000,nan,nan,nan,nan,0.000000,nan,nan,0,nan
opdformer_p_rgb_512,2889,464236/44358620/604.335/0a6892f3-c74d-40c8-857e-8bc762ffa368,0,-1,nan,90.000000,90.000000,nan,nan,nan,nan,0.000000,nan,nan,0,nan
opdformer_p_rgb_512,2890,464236/44358620/604.335/5bf4f56c-3b82-47a5-96c3-91231957964b,1,1,nan,49.489042,49.489042,0.670318,0.958215,nan,nan,0.002234,nan,nan,1,0.034444
opdformer_p_rgb_512,2891,464236/44358620/604.435/0a6892f3-c74d-40c8-857e-8bc762ffa368,0,-1,nan,90.000000,90.000000,nan,nan,nan,nan,0.000000,nan,nan,0,nan
opdformer_p_rgb_512,2892,464236/44358620/604.435/5bf4f56c-3b82-47a5-96c3-91231957964b,1,-1,nan,90.000000,90.000000,nan,nan,nan,nan,0.000000,nan,nan,0,nan
opdformer_p_rgb_512,2893,464236/44358620/604.535/0a6892f3-c74d-40c8-857e-8bc762ffa368,0,-1,nan,90.000000,90.000000,nan,nan,nan,nan,0.000000,nan,nan,0,nan
opdformer_p_rgb_512,2894,464236/44358620/604.535/5bf4f56c-3b82-47a5-96c3-91231957964b,1,-1,nan,90.000000,90.000000,nan,nan,nan,nan,0.000000,nan,nan,0,nan
opdformer_p_rgb_512,2895,464236/44358620/604.635/0a6892f3-c74d-40c8-857e-8bc762ffa368,0,-1,nan,90.000000,90.000000,nan,nan,nan,nan,0.000000,nan,nan,0,nan
opdformer_p_rgb_512,2896,464236/44358620/604.735/0a6892f3-c74d-40c8-857e-8bc762ffa368,0,-1,nan,90.000000,90.000000,nan,nan,nan,nan,0.000000,nan,nan,0,nan
opdformer_p_rgb_512,2897,464236/44358620/604.835/0a6892f3-c74d-40c8-857e-8bc762ffa368,0,-1,nan,90.000000,90.000000,nan,nan,nan,nan,0.000000,nan,nan,0,nan
opdformer_p_rgb_512,2898,464236/44358620/604.935/0a6892f3-c74d-40c8-857e-8bc762ffa368,0,-1,nan,90.000000,90.000000,nan,nan,nan,nan,0.000000,nan,nan,0,nan
opdformer_p_rgb_512,2899,464236/44358620/605.035/0a6892f3-c74d-40c8-857e-8bc762ffa368,0,-1,nan,90.000000,90.000000,nan,nan,nan,nan,0.000000,nan,nan,0,nan
opdformer_p_rgb_512,2900,464236/44358620/605.135/0a6892f3-c74d-40c8-857e-8bc762ffa368,0,-1,nan,90.000000,90.000000,nan,nan,nan,nan,0.000000,nan,nan,0,nan
opdformer_p_rgb_512,2901,464236/44358620/605.735/0a6892f3-c74d-40c8-857e-8bc762ffa368,0,0,nan,61.295702,61.295702,nan,nan,nan,nan,0.331441,nan,nan,1,0.868172
opdformer_p_rgb_512,2902,464236/44358620/605.835/0a6892f3-c74d-40c8-857e-8bc762ffa368,0,0,nan,64.866968,64.866968,nan,nan,nan,nan,0.188032,nan,nan,1,0.913720
opdformer_p_rgb_512,2903,464236/44358620/605.935/0a6892f3-c74d-40c8-857e-8bc762ffa368,0,0,nan,9.791141,9.791141,nan,nan,nan,nan,0.011859,nan,nan,1,0.185112
opdformer_p_rgb_512,2904,464236/44358620/606.035/0a6892f3-c74d-40c8-857e-8bc762ffa368,0,-1,nan,90.000000,90.000000,nan,nan,nan,nan,0.000000,nan,nan,0,nan
opdformer_p_rgb_512,2905,464236/44358620/606.135/0a6892f3-c74d-40c8-857e-8bc762ffa368,0,-1,nan,90.000000,90.000000,nan,nan,nan,nan,0.000000,nan,nan,0,nan
opdformer_p_rgb_512,2906,464236/44358620/606.234/0a6892f3-c74d-40c8-857e-8bc762ffa368,0,-1,nan,90.000000,90.000000,nan,nan,nan,nan,0.000000,nan,nan,0,nan
opdformer_p_rgb_512,2907,464236/44358620/606.334/0a6892f3-c74d-40c8-857e-8bc762ffa368,0,0,nan,47.620159,47.620159,nan,nan,nan,nan,0.252170,nan,nan,1,0.559739
opdformer_p_rgb_512,2908,464236/44358620/606.434/0a6892f3-c74d-40c8-857e-8bc762ffa368,0,-1,nan,90.000000,90.000000,nan,nan,nan,nan,0.000000,nan,nan,0,nan
opdformer_p_rgb_512,2909,464236/44358620/606.534/0a6892f3-c74d-40c8-857e-8bc762ffa368,0,0,nan,61.169149,61.169149,nan,nan,nan,nan,0.218064,nan,nan,1,0.841761
opdformer_p_rgb_512,2910,464236/44358620/606.634/0a6892f3-c74d-40c8-857e-8bc762ffa368,0,0,nan,41.656760,41.656760,nan,nan,nan,nan,0.191377,nan,nan,1,0.856394
opdformer_p_rgb_512,2911,464236/44358620/606.734/0a6892f3-c74d-40c8-857e-8bc762ffa368,0,0,nan,59.854838,59.854838,nan,nan,nan,nan,0.203057,nan,nan,1,0.848483
opdformer_p_rgb_512,2912,464236/44358620/606.834/0a6892f3-c74d-40c8-857e-8bc762ffa368,0,0,nan,55.491744,55.491744,nan,nan,nan,nan,0.195544,nan,nan,1,0.840993
opdformer_p_rgb_512,2913,464236/44358620/606.934/0a6892f3-c74d-40c8-857e-8bc762ffa368,0,0,nan,29.577406,29.577406,nan,nan,nan,nan,0.074209,nan,nan,1,0.687004
opdformer_p_rgb_512,2914,464236/44358620/607.034/0a6892f3-c74d-40c8-857e-8bc762ffa368,0,0,nan,58.232567,58.232567,nan,nan,nan,nan,0.287223,nan,nan,1,0.002090
opdformer_p_rgb_512,2915,464236/44358620/607.134/0a6892f3-c74d-40c8-857e-8bc762ffa368,0,0,nan,37.188758,37.188758,nan,nan,nan,nan,0.306867,nan,nan,1,0.002718
opdformer_p_rgb_512,2916,464236/44358620/633.923/43efd8c8-c4ea-4dde-9a58-4a4c42d68a46,0,0,nan,27.646966,27.646966,nan,nan,nan,nan,0.445869,nan,nan,1,0.000962
opdformer_p_rgb_512,2917,464236/44358620/634.023/43efd8c8-c4ea-4dde-9a58-4a4c42d68a46,0,0,nan,34.396876,34.396876,nan,nan,nan,nan,0.506494,nan,nan,1,0.002247
opdformer_p_rgb_512,2918,464236/44358620/634.123/43efd8c8-c4ea-4dde-9a58-4a4c42d68a46,0,0,nan,41.573679,41.573679,nan,nan,nan,nan,0.531981,nan,nan,1,0.004777
opdformer_p_rgb_512,2919,464236/44358620/634.223/43efd8c8-c4ea-4dde-9a58-4a4c42d68a46,0,0,nan,27.611264,27.611264,nan,nan,nan,nan,0.439628,nan,nan,1,0.001783
opdformer_p_rgb_512,2920,464236/44358620/634.323/43efd8c8-c4ea-4dde-9a58-4a4c42d68a46,0,0,nan,31.231681,31.231681,nan,nan,nan,nan,0.588430,nan,nan,1,0.001703
opdformer_p_rgb_512,2921,464236/44358620/634.423/43efd8c8-c4ea-4dde-9a58-4a4c42d68a46,0,0,nan,11.957810,11.957810,nan,nan,nan,nan,0.582400,nan,nan,1,0.001302
opdformer_p_rgb_512,2922,464236/44358620/634.523/43efd8c8-c4ea-4dde-9a58-4a4c42d68a46,0,0,nan,10.598046,10.598046,nan,nan,nan,nan,0.582803,nan,nan,1,0.000962
opdformer_p_rgb_512,2923,464236/44358620/634.623/43efd8c8-c4ea-4dde-9a58-4a4c42d68a46,0,0,nan,32.699594,32.699594,nan,nan,nan,nan,0.506993,nan,nan,1,0.000183
opdformer_p_rgb_512,2924,464236/44358620/634.723/43efd8c8-c4ea-4dde-9a58-4a4c42d68a46,0,0,nan,19.617323,19.617323,nan,nan,nan,nan,0.497674,nan,nan,1,0.000951
opdformer_p_rgb_512,2925,464236/44358620/634.823/43efd8c8-c4ea-4dde-9a58-4a4c42d68a46,0,0,nan,25.016952,25.016952,nan,nan,nan,nan,0.517504,nan,nan,1,0.001553
opdformer_p_rgb_512,2926,464236/44358620/634.923/43efd8c8-c4ea-4dde-9a58-4a4c42d68a46,0,0,nan,46.974414,46.974414,nan,nan,nan,nan,0.531852,nan,nan,1,0.001211
opdformer_p_rgb_512,2927,464236/44358620/635.022/43efd8c8-c4ea-4dde-9a58-4a4c42d68a46,0,0,nan,62.561561,62.561561,nan,nan,nan,nan,0.439601,nan,nan,1,0.012564
opdformer_p_rgb_512,2928,464236/44358620/646.135/43efd8c8-c4ea-4dde-9a58-4a4c42d68a46,0,0,nan,85.407543,85.407543,nan,nan,nan,nan,0.370485,nan,nan,1,0.000348
opdformer_p_rgb_512,2929,464236/44358620/646.234/43efd8c8-c4ea-4dde-9a58-4a4c42d68a46,0,0,nan,61.439270,61.439270,nan,nan,nan,nan,0.365779,nan,nan,1,0.001763
opdformer_p_rgb_512,2930,464236/44358620/646.334/43efd8c8-c4ea-4dde-9a58-4a4c42d68a46,0,0,nan,68.253900,68.253900,nan,nan,nan,nan,0.268507,nan,nan,1,0.004737
opdformer_p_rgb_512,2931,464236/44358620/646.434/43efd8c8-c4ea-4dde-9a58-4a4c42d68a46,0,0,nan,43.111290,43.111290,nan,nan,nan,nan,0.276941,nan,nan,1,0.002276
opdformer_p_rgb_512,2932,464236/44358620/646.534/43efd8c8-c4ea-4dde-9a58-4a4c42d68a46,0,0,nan,36.612533,36.612533,nan,nan,nan,nan,0.258541,nan,nan,1,0.003229
opdformer_p_rgb_512,2933,464979/44796491/1678.397/e94427f5-c99f-4560-b706-92d39fb4318b,0,0,nan,22.243395,22.243395,nan,nan,nan,nan,0.318093,nan,nan,1,0.000866
opdformer_p_rgb_512,2934,464979/44796491/1678.497/e94427f5-c99f-4560-b706-92d39fb4318b,0,0,nan,80.156318,80.156318,nan,nan,nan,nan,0.293290,nan,nan,1,0.000736
opdformer_p_rgb_512,2935,464979/44796491/1678.597/e94427f5-c99f-4560-b706-92d39fb4318b,0,0,nan,98.249661,81.750339,nan,nan,nan,nan,0.378833,nan,nan,1,0.000300
opdformer_p_rgb_512,2936,464979/44796491/1678.697/e94427f5-c99f-4560-b706-92d39fb4318b,0,0,nan,82.846660,82.846660,nan,nan,nan,nan,0.412229,nan,nan,1,0.001500
opdformer_p_rgb_512,2937,464979/44796491/1678.797/e94427f5-c99f-4560-b706-92d39fb4318b,0,0,nan,36.776641,36.776641,nan,nan,nan,nan,0.448959,nan,nan,1,0.000188
opdformer_p_rgb_512,2938,464979/44796491/1678.897/e94427f5-c99f-4560-b706-92d39fb4318b,0,0,nan,33.673444,33.673444,nan,nan,nan,nan,0.414172,nan,nan,1,0.008252
opdformer_p_rgb_512,2939,464979/44796491/1678.997/e94427f5-c99f-4560-b706-92d39fb4318b,0,0,nan,12.384052,12.384052,nan,nan,nan,nan,0.410079,nan,nan,1,0.001226
opdformer_p_rgb_512,2940,464979/44796491/1679.096/e94427f5-c99f-4560-b706-92d39fb4318b,0,0,nan,8.614014,8.614014,nan,nan,nan,nan,0.470360,nan,nan,1,0.005279
opdformer_p_rgb_512,2941,464979/44796491/1679.196/e94427f5-c99f-4560-b706-92d39fb4318b,0,0,nan,20.161847,20.161847,nan,nan,nan,nan,0.493659,nan,nan,1,0.004969
opdformer_p_rgb_512,2942,464979/44796491/1679.296/e94427f5-c99f-4560-b706-92d39fb4318b,0,0,nan,46.216119,46.216119,nan,nan,nan,nan,0.380952,nan,nan,1,0.001372
opdformer_p_rgb_512,2943,464979/44796491/1679.396/e94427f5-c99f-4560-b706-92d39fb4318b,0,0,nan,7.939107,7.939107,nan,nan,nan,nan,0.498556,nan,nan,1,0.003189
opdformer_p_rgb_512,2944,464979/44796491/1679.496/e94427f5-c99f-4560-b706-92d39fb4318b,0,0,nan,22.208725,22.208725,nan,nan,nan,nan,0.472222,nan,nan,1,0.005315
opdformer_p_rgb_512,2945,464979/44796491/1679.596/e94427f5-c99f-4560-b706-92d39fb4318b,0,0,nan,53.242951,53.242951,nan,nan,nan,nan,0.473535,nan,nan,1,0.000295
opdformer_p_rgb_512,2946,464979/44796491/1679.696/e94427f5-c99f-4560-b706-92d39fb4318b,0,0,nan,34.755824,34.755824,nan,nan,nan,nan,0.459888,nan,nan,1,0.000200
opdformer_p_rgb_512,2947,464979/44796491/1679.796/e94427f5-c99f-4560-b706-92d39fb4318b,0,0,nan,21.596751,21.596751,nan,nan,nan,nan,0.453054,nan,nan,1,0.010514
opdformer_p_rgb_512,2948,464979/44796491/1679.896/e94427f5-c99f-4560-b706-92d39fb4318b,0,0,nan,39.413135,39.413135,nan,nan,nan,nan,0.472149,nan,nan,1,0.000182
opdformer_p_rgb_512,2949,464979/44796491/1679.996/e94427f5-c99f-4560-b706-92d39fb4318b,0,1,nan,30.188623,30.188623,nan,nan,nan,nan,0.464058,nan,nan,1,0.000709
opdformer_p_rgb_512,2950,464979/44796491/1680.096/e94427f5-c99f-4560-b706-92d39fb4318b,0,0,nan,35.576172,35.576172,nan,nan,nan,nan,0.460432,nan,nan,1,0.000468
opdformer_p_rgb_512,2951,464979/44796491/1680.196/e94427f5-c99f-4560-b706-92d39fb4318b,0,0,nan,34.610449,34.610449,nan,nan,nan,nan,0.459670,nan,nan,1,0.028381
opdformer_p_rgb_512,2952,464979/44796491/1680.296/e94427f5-c99f-4560-b706-92d39fb4318b,0,0,nan,34.323508,34.323508,nan,nan,nan,nan,0.420642,nan,nan,1,0.000375
opdformer_p_rgb_512,2953,464979/44796491/1680.396/e94427f5-c99f-4560-b706-92d39fb4318b,0,0,nan,22.040060,22.040060,nan,nan,nan,nan,0.476276,nan,nan,1,0.001184
opdformer_p_rgb_512,2954,464979/44796491/1680.496/e94427f5-c99f-4560-b706-92d39fb4318b,0,1,nan,33.810061,33.810061,nan,nan,nan,nan,0.439149,nan,nan,1,0.000238
opdformer_p_rgb_512,2955,464979/44796491/1680.596/e94427f5-c99f-4560-b706-92d39fb4318b,0,1,nan,33.113694,33.113694,nan,nan,nan,nan,0.409014,nan,nan,1,0.001376
opdformer_p_rgb_512,2956,464979/44796491/1680.696/e94427f5-c99f-4560-b706-92d39fb4318b,0,0,nan,37.696671,37.696671,nan,nan,nan,nan,0.416327,nan,nan,1,0.000203
opdformer_p_rgb_512,2957,464979/44796491/1680.796/11dcf86e-c180-4cb7-ba6b-a7a73fb05927,0,0,nan,3.649653,3.649653,nan,nan,nan,nan,0.483373,nan,nan,1,0.001050
opdformer_p_rgb_512,2958,464979/44796491/1680.796/e94427f5-c99f-4560-b706-92d39fb4318b,0,1,nan,38.764537,38.764537,nan,nan,nan,nan,0.434189,nan,nan,1,0.000202
opdformer_p_rgb_512,2959,464979/44796491/1680.896/11dcf86e-c180-4cb7-ba6b-a7a73fb05927,0,1,nan,73.022075,73.022075,nan,nan,nan,nan,0.482353,nan,nan,1,0.000087
opdformer_p_rgb_512,2960,464979/44796491/1680.896/e94427f5-c99f-4560-b706-92d39fb4318b,0,1,nan,58.724932,58.724932,nan,nan,nan,nan,0.446429,nan,nan,1,0.000054
opdformer_p_rgb_512,2961,464979/44796491/1680.996/11dcf86e-c180-4cb7-ba6b-a7a73fb05927,0,1,nan,72.309941,72.309941,nan,nan,nan,nan,0.550177,nan,nan,1,0.000067
opdformer_p_rgb_512,2962,464979/44796491/1680.996/e94427f5-c99f-4560-b706-92d39fb4318b,0,1,nan,79.370167,79.370167,nan,nan,nan,nan,0.447794,nan,nan,1,0.000046
opdformer_p_rgb_512,2963,464979/44796491/1681.096/11dcf86e-c180-4cb7-ba6b-a7a73fb05927,0,1,nan,71.942850,71.942850,nan,nan,nan,nan,0.610849,nan,nan,1,0.000081
opdformer_p_rgb_512,2964,464979/44796491/1681.096/e94427f5-c99f-4560-b706-92d39fb4318b,0,1,nan,70.599304,70.599304,nan,nan,nan,nan,0.323308,nan,nan,1,0.000030
opdformer_p_rgb_512,2965,464979/44796491/1681.196/11dcf86e-c180-4cb7-ba6b-a7a73fb05927,0,1,nan,78.006482,78.006482,nan,nan,nan,nan,0.593458,nan,nan,1,0.000149
opdformer_p_rgb_512,2966,464979/44796491/1681.196/e94427f5-c99f-4560-b706-92d39fb4318b,0,0,nan,69.157481,69.157481,nan,nan,nan,nan,0.375093,nan,nan,1,0.000019
opdformer_p_rgb_512,2967,464979/44796491/1681.296/11dcf86e-c180-4cb7-ba6b-a7a73fb05927,0,0,nan,66.205886,66.205886,nan,nan,nan,nan,0.632406,nan,nan,1,0.000100
opdformer_p_rgb_512,2968,464979/44796491/1681.296/e94427f5-c99f-4560-b706-92d39fb4318b,0,1,nan,57.950312,57.950312,nan,nan,nan,nan,0.345522,nan,nan,1,0.000024
opdformer_p_rgb_512,2969,464979/44796491/1681.396/11dcf86e-c180-4cb7-ba6b-a7a73fb05927,0,1,nan,65.474334,65.474334,nan,nan,nan,nan,0.599278,nan,nan,1,0.962409
opdformer_p_rgb_512,2970,464979/44796491/1681.396/e94427f5-c99f-4560-b706-92d39fb4318b,0,0,nan,31.303225,31.303225,nan,nan,nan,nan,0.414173,nan,nan,1,0.000018
opdformer_p_rgb_512,2971,464979/44796491/1681.496/11dcf86e-c180-4cb7-ba6b-a7a73fb05927,0,1,nan,72.562894,72.562894,nan,nan,nan,nan,0.616685,nan,nan,1,0.000030
opdformer_p_rgb_512,2972,464979/44796491/1681.496/e94427f5-c99f-4560-b706-92d39fb4318b,0,0,nan,40.777319,40.777319,nan,nan,nan,nan,0.325816,nan,nan,1,0.000052
opdformer_p_rgb_512,2973,464979/44796491/1681.595/11dcf86e-c180-4cb7-ba6b-a7a73fb05927,0,1,nan,84.720463,84.720463,nan,nan,nan,nan,0.603333,nan,nan,1,0.000019
opdformer_p_rgb_512,2974,464979/44796491/1681.595/e94427f5-c99f-4560-b706-92d39fb4318b,0,0,nan,55.184236,55.184236,nan,nan,nan,nan,0.398389,nan,nan,1,0.001230
opdformer_p_rgb_512,2975,464979/44796491/1681.695/11dcf86e-c180-4cb7-ba6b-a7a73fb05927,0,0,nan,17.858795,17.858795,nan,nan,nan,nan,0.610609,nan,nan,1,0.946597
opdformer_p_rgb_512,2976,464979/44796491/1681.695/e94427f5-c99f-4560-b706-92d39fb4318b,0,0,nan,7.066894,7.066894,nan,nan,nan,nan,0.405838,nan,nan,1,0.000116
opdformer_p_rgb_512,2977,464979/44796491/1681.795/11dcf86e-c180-4cb7-ba6b-a7a73fb05927,0,0,nan,61.045774,61.045774,nan,nan,nan,nan,0.581818,nan,nan,1,0.000111
opdformer_p_rgb_512,2978,464979/44796491/1681.795/e94427f5-c99f-4560-b706-92d39fb4318b,0,0,nan,14.168442,14.168442,nan,nan,nan,nan,0.458801,nan,nan,1,0.000204
opdformer_p_rgb_512,2979,464979/44796491/1681.895/11dcf86e-c180-4cb7-ba6b-a7a73fb05927,0,0,nan,24.815491,24.815491,nan,nan,nan,nan,0.601996,nan,nan,1,0.000067
opdformer_p_rgb_512,2980,464979/44796491/1681.895/e94427f5-c99f-4560-b706-92d39fb4318b,0,0,nan,27.762874,27.762874,nan,nan,nan,nan,0.324975,nan,nan,1,0.000282
opdformer_p_rgb_512,2981,464979/44796491/1681.995/11dcf86e-c180-4cb7-ba6b-a7a73fb05927,0,0,nan,22.492669,22.492669,nan,nan,nan,nan,0.550562,nan,nan,1,0.000061
opdformer_p_rgb_512,2982,464979/44796491/1681.995/e94427f5-c99f-4560-b706-92d39fb4318b,0,0,nan,1.881679,1.881679,nan,nan,nan,nan,0.400210,nan,nan,1,0.000183
opdformer_p_rgb_512,2983,464979/44796491/1682.095/11dcf86e-c180-4cb7-ba6b-a7a73fb05927,0,0,nan,28.460984,28.460984,nan,nan,nan,nan,0.545035,nan,nan,1,0.000036
opdformer_p_rgb_512,2984,464979/44796491/1682.095/e94427f5-c99f-4560-b706-92d39fb4318b,0,1,nan,39.603990,39.603990,nan,nan,nan,nan,0.331217,nan,nan,1,0.000213
opdformer_p_rgb_512,2985,464979/44796491/1682.195/11dcf86e-c180-4cb7-ba6b-a7a73fb05927,0,0,nan,16.235462,16.235462,nan,nan,nan,nan,0.590406,nan,nan,1,0.000171
opdformer_p_rgb_512,2986,464979/44796491/1682.195/e94427f5-c99f-4560-b706-92d39fb4318b,0,0,nan,29.742360,29.742360,nan,nan,nan,nan,0.368737,nan,nan,1,0.000307
opdformer_p_rgb_512,2987,464979/44796491/1682.295/11dcf86e-c180-4cb7-ba6b-a7a73fb05927,0,0,nan,22.454877,22.454877,nan,nan,nan,nan,0.607748,nan,nan,1,0.000094
opdformer_p_rgb_512,2988,464979/44796491/1682.295/e94427f5-c99f-4560-b706-92d39fb4318b,0,0,nan,33.120854,33.120854,nan,nan,nan,nan,0.457048,nan,nan,1,0.000064
opdformer_p_rgb_512,2989,464979/44796491/1682.395/11dcf86e-c180-4cb7-ba6b-a7a73fb05927,0,0,nan,17.462817,17.462817,nan,nan,nan,nan,0.603727,nan,nan,1,0.000273
opdformer_p_rgb_512,2990,464979/44796491/1682.395/e94427f5-c99f-4560-b706-92d39fb4318b,0,0,nan,41.625138,41.625138,nan,nan,nan,nan,0.407366,nan,nan,1,0.000110
opdformer_p_rgb_512,2991,464979/44796491/1682.495/11dcf86e-c180-4cb7-ba6b-a7a73fb05927,0,0,nan,15.499079,15.499079,nan,nan,nan,nan,0.558559,nan,nan,1,0.000792
opdformer_p_rgb_512,2992,464979/44796491/1682.495/e94427f5-c99f-4560-b706-92d39fb4318b,0,0,nan,27.643035,27.643035,nan,nan,nan,nan,0.480706,nan,nan,1,0.000048
opdformer_p_rgb_512,2993,464979/44796491/1682.595/11dcf86e-c180-4cb7-ba6b-a7a73fb05927,0,0,nan,17.420766,17.420766,nan,nan,nan,nan,0.585927,nan,nan,1,0.000054
opdformer_p_rgb_512,2994,464979/44796491/1682.595/e94427f5-c99f-4560-b706-92d39fb4318b,0,0,nan,14.716794,14.716794,nan,nan,nan,nan,0.437653,nan,nan,1,0.000017
opdformer_p_rgb_512,2995,464979/44796491/1682.695/11dcf86e-c180-4cb7-ba6b-a7a73fb05927,0,0,nan,7.388999,7.388999,nan,nan,nan,nan,0.444767,nan,nan,1,0.002518
opdformer_p_rgb_512,2996,464979/44796491/1682.695/e94427f5-c99f-4560-b706-92d39fb4318b,0,0,nan,15.355067,15.355067,nan,nan,nan,nan,0.422652,nan,nan,1,0.000144
opdformer_p_rgb_512,2997,464979/44796491/1682.795/11dcf86e-c180-4cb7-ba6b-a7a73fb05927,0,0,nan,16.685535,16.685535,nan,nan,nan,nan,0.518400,nan,nan,1,0.019990
opdformer_p_rgb_512,2998,464979/44796491/1682.795/e94427f5-c99f-4560-b706-92d39fb4318b,0,0,nan,13.422719,13.422719,nan,nan,nan,nan,0.462173,nan,nan,1,0.000785
opdformer_p_rgb_512,2999,464979/44796491/1682.895/11dcf86e-c180-4cb7-ba6b-a7a73fb05927,0,0,nan,8.134364,8.134364,nan,nan,nan,nan,0.463287,nan,nan,1,0.001398
opdformer_p_rgb_512,3000,464979/44796491/1682.895/e94427f5-c99f-4560-b706-92d39fb4318b,0,0,nan,14.229714,14.229714,nan,nan,nan,nan,0.389694,nan,nan,1,0.000725
opdformer_p_rgb_512,3001,464979/44796491/1682.995/11dcf86e-c180-4cb7-ba6b-a7a73fb05927,0,0,nan,15.782075,15.782075,nan,nan,nan,nan,0.461538,nan,nan,1,0.014069
opdformer_p_rgb_512,3002,464979/44796491/1682.995/e94427f5-c99f-4560-b706-92d39fb4318b,0,0,nan,12.257086,12.257086,nan,nan,nan,nan,0.510367,nan,nan,1,0.010925
opdformer_p_rgb_512,3003,464979/44796491/1683.095/11dcf86e-c180-4cb7-ba6b-a7a73fb05927,0,0,nan,4.342418,4.342418,nan,nan,nan,nan,0.531250,nan,nan,1,0.000327
opdformer_p_rgb_512,3004,464979/44796491/1683.095/e94427f5-c99f-4560-b706-92d39fb4318b,0,0,nan,20.505669,20.505669,nan,nan,nan,nan,0.516556,nan,nan,1,0.006331
opdformer_p_rgb_512,3005,464979/44796491/1683.195/11dcf86e-c180-4cb7-ba6b-a7a73fb05927,0,0,nan,26.473053,26.473053,nan,nan,nan,nan,0.535777,nan,nan,1,0.002646
opdformer_p_rgb_512,3006,464979/44796491/1683.195/e94427f5-c99f-4560-b706-92d39fb4318b,0,0,nan,18.271118,18.271118,nan,nan,nan,nan,0.462016,nan,nan,1,0.002682
opdformer_p_rgb_512,3007,464979/44796491/1683.295/11dcf86e-c180-4cb7-ba6b-a7a73fb05927,0,0,nan,5.834130,5.834130,nan,nan,nan,nan,0.526502,nan,nan,1,0.010734
opdformer_p_rgb_512,3008,464979/44796491/1683.295/e94427f5-c99f-4560-b706-92d39fb4318b,0,0,nan,7.641934,7.641934,nan,nan,nan,nan,0.494290,nan,nan,1,0.023557
opdformer_p_rgb_512,3009,464979/44796491/1683.395/11dcf86e-c180-4cb7-ba6b-a7a73fb05927,0,0,nan,6.287767,6.287767,nan,nan,nan,nan,0.580460,nan,nan,1,0.009540
opdformer_p_rgb_512,3010,464979/44796491/1683.395/e94427f5-c99f-4560-b706-92d39fb4318b,0,0,nan,13.576417,13.576417,nan,nan,nan,nan,0.456911,nan,nan,1,0.002919
opdformer_p_rgb_512,3011,464979/44796491/1683.495/11dcf86e-c180-4cb7-ba6b-a7a73fb05927,0,0,nan,13.295327,13.295327,nan,nan,nan,nan,0.512770,nan,nan,1,0.034843
opdformer_p_rgb_512,3012,464979/44796491/1683.495/e94427f5-c99f-4560-b706-92d39fb4318b,0,0,nan,17.277125,17.277125,nan,nan,nan,nan,0.499099,nan,nan,1,0.015654
opdformer_p_rgb_512,3013,464979/44796491/1683.595/11dcf86e-c180-4cb7-ba6b-a7a73fb05927,0,0,nan,12.240883,12.240883,nan,nan,nan,nan,0.475050,nan,nan,1,0.188368
opdformer_p_rgb_512,3014,464979/44796491/1683.595/e94427f5-c99f-4560-b706-92d39fb4318b,0,0,nan,10.669782,10.669782,nan,nan,nan,nan,0.434938,nan,nan,1,0.010776
opdformer_p_rgb_512,3015,464979/44796491/1683.695/11dcf86e-c180-4cb7-ba6b-a7a73fb05927,0,0,nan,38.130575,38.130575,nan,nan,nan,nan,0.475285,nan,nan,1,0.074208
opdformer_p_rgb_512,3016,464979/44796491/1698.189/37557c5a-4654-4953-93d5-1cc84cb93a41,0,0,nan,9.739419,9.739419,nan,nan,nan,nan,0.334646,nan,nan,1,0.000015
opdformer_p_rgb_512,3017,464979/44796491/1698.289/37557c5a-4654-4953-93d5-1cc84cb93a41,0,0,nan,9.716340,9.716340,nan,nan,nan,nan,0.304673,nan,nan,1,0.953228
opdformer_p_rgb_512,3018,464979/44796491/1698.389/37557c5a-4654-4953-93d5-1cc84cb93a41,0,0,nan,24.299176,24.299176,nan,nan,nan,nan,0.424020,nan,nan,1,0.000043
opdformer_p_rgb_512,3019,464979/44796491/1698.489/37557c5a-4654-4953-93d5-1cc84cb93a41,0,0,nan,14.188333,14.188333,nan,nan,nan,nan,0.400415,nan,nan,1,0.000019
opdformer_p_rgb_512,3020,464979/44796491/1698.489/5eca4e0d-f48b-4916-bc53-731f12a7a57b,0,0,nan,3.606556,3.606556,nan,nan,nan,nan,0.656085,nan,nan,1,0.000019
opdformer_p_rgb_512,3021,464979/44796491/1698.589/37557c5a-4654-4953-93d5-1cc84cb93a41,0,0,nan,10.791825,10.791825,nan,nan,nan,nan,0.407507,nan,nan,1,0.000009
opdformer_p_rgb_512,3022,464979/44796491/1698.589/5eca4e0d-f48b-4916-bc53-731f12a7a57b,0,0,nan,7.504697,7.504697,nan,nan,nan,nan,0.546703,nan,nan,1,0.000007
opdformer_p_rgb_512,3023,464979/44796491/1698.689/37557c5a-4654-4953-93d5-1cc84cb93a41,0,0,nan,1.231789,1.231789,nan,nan,nan,nan,0.372998,nan,nan,1,0.000095
opdformer_p_rgb_512,3024,464979/44796491/1698.689/5eca4e0d-f48b-4916-bc53-731f12a7a57b,0,0,nan,2.326822,2.326822,nan,nan,nan,nan,0.607143,nan,nan,1,0.000133
opdformer_p_rgb_512,3025,464979/44796491/1698.789/37557c5a-4654-4953-93d5-1cc84cb93a41,0,0,nan,6.238198,6.238198,nan,nan,nan,nan,0.391667,nan,nan,1,0.000053
opdformer_p_rgb_512,3026,464979/44796491/1698.789/5eca4e0d-f48b-4916-bc53-731f12a7a57b,0,0,nan,9.315724,9.315724,nan,nan,nan,nan,0.465517,nan,nan,1,0.000156
opdformer_p_rgb_512,3027,464979/44796491/1698.889/37557c5a-4654-4953-93d5-1cc84cb93a41,0,0,nan,3.655317,3.655317,nan,nan,nan,nan,0.355556,nan,nan,1,0.000141
opdformer_p_rgb_512,3028,464979/44796491/1698.989/37557c5a-4654-4953-93d5-1cc84cb93a41,0,0,nan,11.299358,11.299358,nan,nan,nan,nan,0.465854,nan,nan,1,0.000221
opdformer_p_rgb_512,3029,464979/44796491/1699.089/37557c5a-4654-4953-93d5-1cc84cb93a41,0,0,nan,30.055884,30.055884,nan,nan,nan,nan,0.546296,nan,nan,1,0.000009
opdformer_p_rgb_512,3030,464979/44796491/1699.089/5eca4e0d-f48b-4916-bc53-731f12a7a57b,0,0,nan,3.802539,3.802539,nan,nan,nan,nan,0.397631,nan,nan,1,0.000006
opdformer_p_rgb_512,3031,464979/44796491/1699.189/37557c5a-4654-4953-93d5-1cc84cb93a41,0,0,nan,30.506171,30.506171,nan,nan,nan,nan,0.466387,nan,nan,1,0.000120
opdformer_p_rgb_512,3032,464979/44796491/1699.189/5eca4e0d-f48b-4916-bc53-731f12a7a57b,0,0,nan,5.053213,5.053213,nan,nan,nan,nan,0.624625,nan,nan,1,0.000025
opdformer_p_rgb_512,3033,464979/44796491/1699.288/37557c5a-4654-4953-93d5-1cc84cb93a41,0,0,nan,18.634063,18.634063,nan,nan,nan,nan,0.419655,nan,nan,1,0.000017
opdformer_p_rgb_512,3034,464979/44796491/1699.288/5eca4e0d-f48b-4916-bc53-731f12a7a57b,0,0,nan,15.305977,15.305977,nan,nan,nan,nan,0.532164,nan,nan,1,0.000017
opdformer_p_rgb_512,3035,464979/44796491/1699.388/5eca4e0d-f48b-4916-bc53-731f12a7a57b,0,0,nan,34.293407,34.293407,nan,nan,nan,nan,0.667464,nan,nan,1,0.000016
opdformer_p_rgb_512,3036,464979/44796491/1699.488/5eca4e0d-f48b-4916-bc53-731f12a7a57b,0,0,nan,21.372139,21.372139,nan,nan,nan,nan,0.599165,nan,nan,1,0.000070
opdformer_p_rgb_512,3037,464979/44796491/1699.588/5eca4e0d-f48b-4916-bc53-731f12a7a57b,0,0,nan,11.482959,11.482959,nan,nan,nan,nan,0.647687,nan,nan,1,0.000606
opdformer_p_rgb_512,3038,464979/44796491/1699.888/5ec5e394-d944-429b-ba04-2ac28faa55e1,0,0,nan,0.987899,0.987899,nan,nan,nan,nan,0.575058,nan,nan,1,0.000122
opdformer_p_rgb_512,3039,464979/44796491/1699.988/5ec5e394-d944-429b-ba04-2ac28faa55e1,0,0,nan,2.976602,2.976602,nan,nan,nan,nan,0.568584,nan,nan,1,0.000870
opdformer_p_rgb_512,3040,464979/44796491/1715.399/91e4f4d7-f7e1-4f14-b58b-a690ad93bf1b,0,0,nan,57.725626,57.725626,nan,nan,nan,nan,0.396355,nan,nan,1,0.002695
opdformer_p_rgb_512,3041,464979/44796491/1715.499/91e4f4d7-f7e1-4f14-b58b-a690ad93bf1b,0,0,nan,100.441592,79.558408,nan,nan,nan,nan,0.465374,nan,nan,1,0.000349
opdformer_p_rgb_512,3042,464979/44796491/1715.599/91e4f4d7-f7e1-4f14-b58b-a690ad93bf1b,0,0,nan,75.667249,75.667249,nan,nan,nan,nan,0.416459,nan,nan,1,0.000334
opdformer_p_rgb_512,3043,464979/44796491/1715.699/91e4f4d7-f7e1-4f14-b58b-a690ad93bf1b,0,0,nan,97.986448,82.013552,nan,nan,nan,nan,0.431981,nan,nan,1,0.000367
opdformer_p_rgb_512,3044,464979/44796491/1715.799/7d686698-3295-4bc1-a2f2-b2786813eb01,0,0,nan,75.504570,75.504570,nan,nan,nan,nan,0.581498,nan,nan,1,0.000488
opdformer_p_rgb_512,3045,464979/44796491/1715.799/91e4f4d7-f7e1-4f14-b58b-a690ad93bf1b,0,0,nan,56.547578,56.547578,nan,nan,nan,nan,0.304444,nan,nan,1,0.000363
opdformer_p_rgb_512,3046,464979/44796491/1715.899/91e4f4d7-f7e1-4f14-b58b-a690ad93bf1b,0,0,nan,64.168445,64.168445,nan,nan,nan,nan,0.427642,nan,nan,1,0.001491
opdformer_p_rgb_512,3047,464979/44796491/1716.998/3acf6731-7916-4158-aeb6-2301ae102a85,0,0,nan,75.798464,75.798464,nan,nan,nan,nan,0.774306,nan,nan,1,0.001276
opdformer_p_rgb_512,3048,464979/44796491/1722.496/e69c3e28-637c-484d-b31c-326f310b369f,1,1,nan,11.215792,11.215792,0.433053,0.436982,nan,nan,0.650367,nan,nan,1,0.965365
opdformer_p_rgb_512,3049,464979/44796491/1722.596/e69c3e28-637c-484d-b31c-326f310b369f,1,1,nan,13.984595,13.984595,0.384969,0.416981,nan,nan,0.676923,nan,nan,1,0.974117
opdformer_p_rgb_512,3050,464979/44796491/1722.696/e69c3e28-637c-484d-b31c-326f310b369f,1,1,nan,13.932741,13.932741,0.586149,0.592492,nan,nan,0.644110,nan,nan,1,0.952879
opdformer_p_rgb_512,3051,464979/44796491/1722.796/e69c3e28-637c-484d-b31c-326f310b369f,1,1,nan,19.390242,19.390242,0.494543,0.553760,nan,nan,0.716535,nan,nan,1,0.947994
opdformer_p_rgb_512,3052,464979/44796491/1734.991/91e4f4d7-f7e1-4f14-b58b-a690ad93bf1b,0,0,nan,12.421846,12.421846,nan,nan,nan,nan,0.746795,nan,nan,1,0.002885
opdformer_p_rgb_512,3053,464979/44796491/1735.091/91e4f4d7-f7e1-4f14-b58b-a690ad93bf1b,0,0,nan,42.954135,42.954135,nan,nan,nan,nan,0.736000,nan,nan,1,0.004900
opdformer_p_rgb_512,3054,464979/44796491/1736.091/455f0c66-42c7-4df5-b739-c5ab5cbaa6fc,0,0,nan,74.807556,74.807556,nan,nan,nan,nan,0.645429,nan,nan,1,0.002793
opdformer_p_rgb_512,3055,464979/44796491/1736.291/455f0c66-42c7-4df5-b739-c5ab5cbaa6fc,0,0,nan,52.064903,52.064903,nan,nan,nan,nan,0.630380,nan,nan,1,0.000479
opdformer_p_rgb_512,3056,464979/44796491/1736.390/455f0c66-42c7-4df5-b739-c5ab5cbaa6fc,0,0,nan,61.026111,61.026111,nan,nan,nan,nan,0.627753,nan,nan,1,0.974482
opdformer_p_rgb_512,3057,464979/44796491/1736.490/455f0c66-42c7-4df5-b739-c5ab5cbaa6fc,0,0,nan,50.866282,50.866282,nan,nan,nan,nan,0.646930,nan,nan,1,0.978537
opdformer_p_rgb_512,3058,464979/44796491/1736.590/455f0c66-42c7-4df5-b739-c5ab5cbaa6fc,0,0,nan,68.278621,68.278621,nan,nan,nan,nan,0.609504,nan,nan,1,0.964668
opdformer_p_rgb_512,3059,464979/44796491/1736.690/455f0c66-42c7-4df5-b739-c5ab5cbaa6fc,0,0,nan,42.305380,42.305380,nan,nan,nan,nan,0.601227,nan,nan,1,0.976966
opdformer_p_rgb_512,3060,464979/44796491/1736.790/455f0c66-42c7-4df5-b739-c5ab5cbaa6fc,0,0,nan,51.933586,51.933586,nan,nan,nan,nan,0.566728,nan,nan,1,0.000005
opdformer_p_rgb_512,3061,464979/44796491/1736.890/455f0c66-42c7-4df5-b739-c5ab5cbaa6fc,0,0,nan,39.545233,39.545233,nan,nan,nan,nan,0.591522,nan,nan,1,0.000003
opdformer_p_rgb_512,3062,464979/44796491/1736.990/455f0c66-42c7-4df5-b739-c5ab5cbaa6fc,0,0,nan,29.616453,29.616453,nan,nan,nan,nan,0.552361,nan,nan,1,0.000005
opdformer_p_rgb_512,3063,464979/44796491/1737.090/3acf6731-7916-4158-aeb6-2301ae102a85,0,0,nan,24.112342,24.112342,nan,nan,nan,nan,0.600791,nan,nan,1,0.000004
opdformer_p_rgb_512,3064,464979/44796491/1737.090/455f0c66-42c7-4df5-b739-c5ab5cbaa6fc,0,0,nan,7.667418,7.667418,nan,nan,nan,nan,0.531429,nan,nan,1,0.917318
opdformer_p_rgb_512,3065,464979/44796491/1737.190/3acf6731-7916-4158-aeb6-2301ae102a85,0,0,nan,37.901794,37.901794,nan,nan,nan,nan,0.629167,nan,nan,1,0.000007
opdformer_p_rgb_512,3066,464979/44796491/1737.190/455f0c66-42c7-4df5-b739-c5ab5cbaa6fc,0,0,nan,24.680202,24.680202,nan,nan,nan,nan,0.535448,nan,nan,1,0.000008
opdformer_p_rgb_512,3067,464979/44796491/1737.190/6f50f737-575e-4eed-9699-b5ac82af4fe0,0,0,nan,48.826874,48.826874,nan,nan,nan,nan,0.646322,nan,nan,1,0.000008
opdformer_p_rgb_512,3068,464979/44796491/1737.290/3acf6731-7916-4158-aeb6-2301ae102a85,0,0,nan,40.643770,40.643770,nan,nan,nan,nan,0.555072,nan,nan,1,0.000002
opdformer_p_rgb_512,3069,464979/44796491/1737.290/455f0c66-42c7-4df5-b739-c5ab5cbaa6fc,0,0,nan,19.919077,19.919077,nan,nan,nan,nan,0.606742,nan,nan,1,0.970612
opdformer_p_rgb_512,3070,464979/44796491/1737.290/6f50f737-575e-4eed-9699-b5ac82af4fe0,0,0,nan,13.242276,13.242276,nan,nan,nan,nan,0.664025,nan,nan,1,0.000003
opdformer_p_rgb_512,3071,464979/44796491/1737.390/3acf6731-7916-4158-aeb6-2301ae102a85,0,0,nan,47.344817,47.344817,nan,nan,nan,nan,0.567416,nan,nan,1,0.000002
opdformer_p_rgb_512,3072,464979/44796491/1737.390/455f0c66-42c7-4df5-b739-c5ab5cbaa6fc,0,0,nan,26.761261,26.761261,nan,nan,nan,nan,0.554945,nan,nan,1,0.969666
opdformer_p_rgb_512,3073,464979/44796491/1737.390/6f50f737-575e-4eed-9699-b5ac82af4fe0,0,0,nan,16.023641,16.023641,nan,nan,nan,nan,0.568438,nan,nan,1,0.000003
opdformer_p_rgb_512,3074,464979/44796491/1737.490/3acf6731-7916-4158-aeb6-2301ae102a85,0,0,nan,36.442729,36.442729,nan,nan,nan,nan,0.597685,nan,nan,1,0.000004
opdformer_p_rgb_512,3075,464979/44796491/1737.490/455f0c66-42c7-4df5-b739-c5ab5cbaa6fc,0,0,nan,23.538709,23.538709,nan,nan,nan,nan,0.536082,nan,nan,1,0.000004
opdformer_p_rgb_512,3076,464979/44796491/1737.490/6f50f737-575e-4eed-9699-b5ac82af4fe0,0,0,nan,9.170014,9.170014,nan,nan,nan,nan,0.659744,nan,nan,1,0.000013
opdformer_p_rgb_512,3077,464979/44796491/1737.590/3acf6731-7916-4158-aeb6-2301ae102a85,0,0,nan,25.272224,25.272224,nan,nan,nan,nan,0.533428,nan,nan,1,0.000001
opdformer_p_rgb_512,3078,464979/44796491/1737.590/455f0c66-42c7-4df5-b739-c5ab5cbaa6fc,0,0,nan,7.323606,7.323606,nan,nan,nan,nan,0.645914,nan,nan,1,0.000004
opdformer_p_rgb_512,3079,464979/44796491/1737.590/6f50f737-575e-4eed-9699-b5ac82af4fe0,0,0,nan,8.696406,8.696406,nan,nan,nan,nan,0.584270,nan,nan,1,0.000004
opdformer_p_rgb_512,3080,464979/44796491/1737.690/3acf6731-7916-4158-aeb6-2301ae102a85,0,0,nan,12.286329,12.286329,nan,nan,nan,nan,0.533716,nan,nan,1,0.000002
opdformer_p_rgb_512,3081,464979/44796491/1737.690/455f0c66-42c7-4df5-b739-c5ab5cbaa6fc,0,0,nan,6.106724,6.106724,nan,nan,nan,nan,0.570642,nan,nan,1,0.000002
opdformer_p_rgb_512,3082,464979/44796491/1737.690/6f50f737-575e-4eed-9699-b5ac82af4fe0,0,0,nan,6.528324,6.528324,nan,nan,nan,nan,0.561905,nan,nan,1,0.000003
opdformer_p_rgb_512,3083,464979/44796491/1737.790/3acf6731-7916-4158-aeb6-2301ae102a85,0,0,nan,22.959315,22.959315,nan,nan,nan,nan,0.577586,nan,nan,1,0.000001
opdformer_p_rgb_512,3084,464979/44796491/1737.790/455f0c66-42c7-4df5-b739-c5ab5cbaa6fc,0,0,nan,12.542382,12.542382,nan,nan,nan,nan,0.612245,nan,nan,1,0.000001
opdformer_p_rgb_512,3085,464979/44796491/1737.790/6f50f737-575e-4eed-9699-b5ac82af4fe0,0,0,nan,11.283252,11.283252,nan,nan,nan,nan,0.595880,nan,nan,1,0.000003
opdformer_p_rgb_512,3086,464979/44796491/1737.890/3acf6731-7916-4158-aeb6-2301ae102a85,0,0,nan,12.953297,12.953297,nan,nan,nan,nan,0.564399,nan,nan,1,0.000001
opdformer_p_rgb_512,3087,464979/44796491/1737.890/455f0c66-42c7-4df5-b739-c5ab5cbaa6fc,0,0,nan,4.405249,4.405249,nan,nan,nan,nan,0.600346,nan,nan,1,0.000002
opdformer_p_rgb_512,3088,464979/44796491/1737.890/6f50f737-575e-4eed-9699-b5ac82af4fe0,0,0,nan,12.608122,12.608122,nan,nan,nan,nan,0.620130,nan,nan,1,0.000003
opdformer_p_rgb_512,3089,464979/44796491/1737.990/3acf6731-7916-4158-aeb6-2301ae102a85,0,0,nan,28.789994,28.789994,nan,nan,nan,nan,0.570571,nan,nan,1,0.000003
opdformer_p_rgb_512,3090,464979/44796491/1737.990/455f0c66-42c7-4df5-b739-c5ab5cbaa6fc,0,0,nan,3.128518,3.128518,nan,nan,nan,nan,0.617544,nan,nan,1,0.976522
opdformer_p_rgb_512,3091,464979/44796491/1737.990/6f50f737-575e-4eed-9699-b5ac82af4fe0,0,0,nan,17.778706,17.778706,nan,nan,nan,nan,0.597582,nan,nan,1,0.000003
opdformer_p_rgb_512,3092,464979/44796491/1738.090/3acf6731-7916-4158-aeb6-2301ae102a85,0,0,nan,19.097000,19.097000,nan,nan,nan,nan,0.577922,nan,nan,1,0.000001
opdformer_p_rgb_512,3093,464979/44796491/1738.090/455f0c66-42c7-4df5-b739-c5ab5cbaa6fc,0,0,nan,3.852925,3.852925,nan,nan,nan,nan,0.637081,nan,nan,1,0.973419
opdformer_p_rgb_512,3094,464979/44796491/1738.090/6f50f737-575e-4eed-9699-b5ac82af4fe0,0,0,nan,21.329691,21.329691,nan,nan,nan,nan,0.602941,nan,nan,1,0.000003
opdformer_p_rgb_512,3095,464979/44796491/1738.190/3acf6731-7916-4158-aeb6-2301ae102a85,0,0,nan,31.166293,31.166293,nan,nan,nan,nan,0.614187,nan,nan,1,0.000002
opdformer_p_rgb_512,3096,464979/44796491/1738.190/455f0c66-42c7-4df5-b739-c5ab5cbaa6fc,0,0,nan,7.877655,7.877655,nan,nan,nan,nan,0.668067,nan,nan,1,0.974072
opdformer_p_rgb_512,3097,464979/44796491/1738.190/6f50f737-575e-4eed-9699-b5ac82af4fe0,0,0,nan,21.777711,21.777711,nan,nan,nan,nan,0.681905,nan,nan,1,0.000002
opdformer_p_rgb_512,3098,464979/44796491/1738.290/3acf6731-7916-4158-aeb6-2301ae102a85,0,0,nan,18.171790,18.171790,nan,nan,nan,nan,0.592661,nan,nan,1,0.972812
opdformer_p_rgb_512,3099,464979/44796491/1738.290/455f0c66-42c7-4df5-b739-c5ab5cbaa6fc,0,0,nan,4.573803,4.573803,nan,nan,nan,nan,0.665362,nan,nan,1,0.000003
opdformer_p_rgb_512,3100,464979/44796491/1738.290/6f50f737-575e-4eed-9699-b5ac82af4fe0,0,0,nan,32.527919,32.527919,nan,nan,nan,nan,0.672316,nan,nan,1,0.000003
opdformer_p_rgb_512,3101,464979/44796491/1738.390/3acf6731-7916-4158-aeb6-2301ae102a85,0,0,nan,26.555993,26.555993,nan,nan,nan,nan,0.678182,nan,nan,1,0.000006
opdformer_p_rgb_512,3102,464979/44796491/1738.390/455f0c66-42c7-4df5-b739-c5ab5cbaa6fc,0,0,nan,11.713583,11.713583,nan,nan,nan,nan,0.665962,nan,nan,1,0.000002
opdformer_p_rgb_512,3103,464979/44796491/1738.390/6f50f737-575e-4eed-9699-b5ac82af4fe0,0,0,nan,33.914510,33.914510,nan,nan,nan,nan,0.671906,nan,nan,1,0.000005
opdformer_p_rgb_512,3104,464979/44796491/1738.490/3acf6731-7916-4158-aeb6-2301ae102a85,0,0,nan,26.135955,26.135955,nan,nan,nan,nan,0.656126,nan,nan,1,0.000007
opdformer_p_rgb_512,3105,464979/44796491/1738.490/455f0c66-42c7-4df5-b739-c5ab5cbaa6fc,0,0,nan,8.564785,8.564785,nan,nan,nan,nan,0.636166,nan,nan,1,0.000002
opdformer_p_rgb_512,3106,464979/44796491/1738.490/6f50f737-575e-4eed-9699-b5ac82af4fe0,0,0,nan,8.890385,8.890385,nan,nan,nan,nan,0.661191,nan,nan,1,0.000003
opdformer_p_rgb_512,3107,464979/44796491/1738.590/3acf6731-7916-4158-aeb6-2301ae102a85,0,0,nan,28.198639,28.198639,nan,nan,nan,nan,0.684524,nan,nan,1,0.000016
opdformer_p_rgb_512,3108,464979/44796491/1738.590/455f0c66-42c7-4df5-b739-c5ab5cbaa6fc,0,0,nan,29.079302,29.079302,nan,nan,nan,nan,0.517699,nan,nan,1,0.000003
opdformer_p_rgb_512,3109,464979/44796491/1738.590/6f50f737-575e-4eed-9699-b5ac82af4fe0,0,0,nan,11.251316,11.251316,nan,nan,nan,nan,0.658000,nan,nan,1,0.000002
opdformer_p_rgb_512,3110,464979/44796491/1738.690/3acf6731-7916-4158-aeb6-2301ae102a85,0,0,nan,38.876355,38.876355,nan,nan,nan,nan,0.614256,nan,nan,1,0.000004
opdformer_p_rgb_512,3111,464979/44796491/1738.690/455f0c66-42c7-4df5-b739-c5ab5cbaa6fc,0,0,nan,38.780168,38.780168,nan,nan,nan,nan,0.496614,nan,nan,1,0.000009
opdformer_p_rgb_512,3112,464979/44796491/1738.690/6f50f737-575e-4eed-9699-b5ac82af4fe0,0,0,nan,30.556365,30.556365,nan,nan,nan,nan,0.712766,nan,nan,1,0.000005
opdformer_p_rgb_512,3113,464979/44796491/1738.790/3acf6731-7916-4158-aeb6-2301ae102a85,0,0,nan,34.335768,34.335768,nan,nan,nan,nan,0.684807,nan,nan,1,0.000007
opdformer_p_rgb_512,3114,464979/44796491/1738.790/6f50f737-575e-4eed-9699-b5ac82af4fe0,0,0,nan,28.453189,28.453189,nan,nan,nan,nan,0.641350,nan,nan,1,0.000005
opdformer_p_rgb_512,3115,464979/44796491/1738.889/3acf6731-7916-4158-aeb6-2301ae102a85,0,0,nan,31.365324,31.365324,nan,nan,nan,nan,0.668235,nan,nan,1,0.000006
opdformer_p_rgb_512,3116,464979/44796491/1738.889/6f50f737-575e-4eed-9699-b5ac82af4fe0,0,0,nan,29.402959,29.402959,nan,nan,nan,nan,0.656064,nan,nan,1,0.000007
opdformer_p_rgb_512,3117,464979/44796491/1738.989/3acf6731-7916-4158-aeb6-2301ae102a85,0,0,nan,20.224034,20.224034,nan,nan,nan,nan,0.615566,nan,nan,1,0.000009
opdformer_p_rgb_512,3118,464979/44796491/1738.989/6f50f737-575e-4eed-9699-b5ac82af4fe0,0,0,nan,19.873728,19.873728,nan,nan,nan,nan,0.537341,nan,nan,1,0.000006
opdformer_p_rgb_512,3119,464979/44796491/1739.089/3acf6731-7916-4158-aeb6-2301ae102a85,0,0,nan,19.336295,19.336295,nan,nan,nan,nan,0.700000,nan,nan,1,0.000009
opdformer_p_rgb_512,3120,464979/44796491/1739.189/3acf6731-7916-4158-aeb6-2301ae102a85,0,0,nan,15.540619,15.540619,nan,nan,nan,nan,0.641264,nan,nan,1,0.000012
opdformer_p_rgb_512,3121,464979/44796491/1739.189/455f0c66-42c7-4df5-b739-c5ab5cbaa6fc,0,0,nan,32.285804,32.285804,nan,nan,nan,nan,0.529255,nan,nan,1,0.000026
opdformer_p_rgb_512,3122,464979/44796492/1592.997/e24272c9-53a8-425e-8487-389fd4ef8d43,0,0,nan,134.898340,45.101660,nan,nan,nan,nan,0.081129,nan,nan,1,0.000110
opdformer_p_rgb_512,3123,464979/44796492/1593.097/e24272c9-53a8-425e-8487-389fd4ef8d43,0,0,nan,25.127373,25.127373,nan,nan,nan,nan,0.067114,nan,nan,1,0.000653
opdformer_p_rgb_512,3124,464979/44796492/1593.197/e24272c9-53a8-425e-8487-389fd4ef8d43,0,0,nan,19.959254,19.959254,nan,nan,nan,nan,0.099359,nan,nan,1,0.000098
opdformer_p_rgb_512,3125,464979/44796492/1606.692/91e4f4d7-f7e1-4f14-b58b-a690ad93bf1b,0,0,nan,6.035939,6.035939,nan,nan,nan,nan,0.633838,nan,nan,1,0.015424
opdformer_p_rgb_512,3126,464979/44796492/1607.791/3acf6731-7916-4158-aeb6-2301ae102a85,0,0,nan,120.231649,59.768351,nan,nan,nan,nan,0.800578,nan,nan,1,0.000537
opdformer_p_rgb_512,3127,464979/44796492/1607.791/6f50f737-575e-4eed-9699-b5ac82af4fe0,0,0,nan,109.661807,70.338193,nan,nan,nan,nan,0.604222,nan,nan,1,0.000282
opdformer_p_rgb_512,3128,464979/44796492/1607.891/3acf6731-7916-4158-aeb6-2301ae102a85,0,0,nan,23.691857,23.691857,nan,nan,nan,nan,0.731343,nan,nan,1,0.980477
opdformer_p_rgb_512,3129,464979/44796492/1607.891/6f50f737-575e-4eed-9699-b5ac82af4fe0,0,0,nan,52.902152,52.902152,nan,nan,nan,nan,0.506562,nan,nan,1,0.025568
opdformer_p_rgb_512,3130,464979/44796492/1607.991/3acf6731-7916-4158-aeb6-2301ae102a85,0,0,nan,71.347997,71.347997,nan,nan,nan,nan,0.746130,nan,nan,1,0.000045
opdformer_p_rgb_512,3131,464979/44796492/1607.991/6f50f737-575e-4eed-9699-b5ac82af4fe0,0,0,nan,101.485696,78.514304,nan,nan,nan,nan,0.547558,nan,nan,1,0.404274
opdformer_p_rgb_512,3132,464979/44796492/1608.091/3acf6731-7916-4158-aeb6-2301ae102a85,0,0,nan,65.668778,65.668778,nan,nan,nan,nan,0.742331,nan,nan,1,0.000044
opdformer_p_rgb_512,3133,464979/44796492/1608.091/6f50f737-575e-4eed-9699-b5ac82af4fe0,0,0,nan,76.709795,76.709795,nan,nan,nan,nan,0.510441,nan,nan,1,0.000119
opdformer_p_rgb_512,3134,464979/44796492/1608.191/3acf6731-7916-4158-aeb6-2301ae102a85,0,0,nan,62.235121,62.235121,nan,nan,nan,nan,0.771186,nan,nan,1,0.000087
opdformer_p_rgb_512,3135,464979/44796492/1608.191/6f50f737-575e-4eed-9699-b5ac82af4fe0,0,0,nan,75.747004,75.747004,nan,nan,nan,nan,0.583133,nan,nan,1,0.000040
opdformer_p_rgb_512,3136,464979/44796492/1608.291/3acf6731-7916-4158-aeb6-2301ae102a85,0,0,nan,62.753447,62.753447,nan,nan,nan,nan,0.711340,nan,nan,1,0.000018
opdformer_p_rgb_512,3137,464979/44796492/1608.291/6f50f737-575e-4eed-9699-b5ac82af4fe0,0,0,nan,97.457060,82.542940,nan,nan,nan,nan,0.542601,nan,nan,1,0.000026
opdformer_p_rgb_512,3138,464979/44796492/1608.391/3acf6731-7916-4158-aeb6-2301ae102a85,0,0,nan,87.527668,87.527668,nan,nan,nan,nan,0.646597,nan,nan,1,0.940123
opdformer_p_rgb_512,3139,464979/44796492/1608.391/6f50f737-575e-4eed-9699-b5ac82af4fe0,0,0,nan,93.522212,86.477788,nan,nan,nan,nan,0.465324,nan,nan,1,0.000039
opdformer_p_rgb_512,3140,464979/44796492/1608.491/3acf6731-7916-4158-aeb6-2301ae102a85,0,0,nan,32.301297,32.301297,nan,nan,nan,nan,0.683698,nan,nan,1,0.870995
opdformer_p_rgb_512,3141,464979/44796492/1608.491/6f50f737-575e-4eed-9699-b5ac82af4fe0,0,0,nan,22.596814,22.596814,nan,nan,nan,nan,0.493097,nan,nan,1,0.000016
opdformer_p_rgb_512,3142,464979/44796492/1608.591/3acf6731-7916-4158-aeb6-2301ae102a85,0,0,nan,21.201852,21.201852,nan,nan,nan,nan,0.576923,nan,nan,1,0.000009
opdformer_p_rgb_512,3143,464979/44796492/1608.591/455f0c66-42c7-4df5-b739-c5ab5cbaa6fc,0,0,nan,152.245379,27.754621,nan,nan,nan,nan,0.495392,nan,nan,1,0.000008
opdformer_p_rgb_512,3144,464979/44796492/1608.591/6f50f737-575e-4eed-9699-b5ac82af4fe0,0,0,nan,29.985380,29.985380,nan,nan,nan,nan,0.475610,nan,nan,1,0.000036
opdformer_p_rgb_512,3145,464979/44796492/1608.691/3acf6731-7916-4158-aeb6-2301ae102a85,0,0,nan,35.906603,35.906603,nan,nan,nan,nan,0.645224,nan,nan,1,0.000004
opdformer_p_rgb_512,3146,464979/44796492/1608.691/455f0c66-42c7-4df5-b739-c5ab5cbaa6fc,0,0,nan,35.487762,35.487762,nan,nan,nan,nan,0.512528,nan,nan,1,0.000002
opdformer_p_rgb_512,3147,464979/44796492/1608.791/3acf6731-7916-4158-aeb6-2301ae102a85,0,0,nan,7.947256,7.947256,nan,nan,nan,nan,0.598553,nan,nan,1,0.000002
opdformer_p_rgb_512,3148,464979/44796492/1608.791/455f0c66-42c7-4df5-b739-c5ab5cbaa6fc,0,0,nan,21.879627,21.879627,nan,nan,nan,nan,0.562376,nan,nan,1,0.000001
opdformer_p_rgb_512,3149,464979/44796492/1608.891/3acf6731-7916-4158-aeb6-2301ae102a85,0,0,nan,21.708374,21.708374,nan,nan,nan,nan,0.550820,nan,nan,1,0.000004
opdformer_p_rgb_512,3150,464979/44796492/1608.891/455f0c66-42c7-4df5-b739-c5ab5cbaa6fc,0,0,nan,32.336992,32.336992,nan,nan,nan,nan,0.471349,nan,nan,1,0.000009
opdformer_p_rgb_512,3151,464979/44796492/1608.991/3acf6731-7916-4158-aeb6-2301ae102a85,0,0,nan,11.714960,11.714960,nan,nan,nan,nan,0.502134,nan,nan,1,0.000004
opdformer_p_rgb_512,3152,464979/44796492/1620.986/b5219453-844a-44aa-8db5-5ee65c05c482,0,0,nan,103.782571,76.217429,nan,nan,nan,nan,0.526316,nan,nan,1,0.001429
opdformer_p_rgb_512,3153,464979/44796492/1621.086/b5219453-844a-44aa-8db5-5ee65c05c482,0,0,nan,109.089233,70.910767,nan,nan,nan,nan,0.562334,nan,nan,1,0.000975
opdformer_p_rgb_512,3154,464979/44796492/1621.186/b5219453-844a-44aa-8db5-5ee65c05c482,0,0,nan,129.571775,50.428225,nan,nan,nan,nan,0.572559,nan,nan,1,0.001305
opdformer_p_rgb_512,3155,464979/44796492/1621.286/b5219453-844a-44aa-8db5-5ee65c05c482,0,0,nan,129.481917,50.518083,nan,nan,nan,nan,0.489270,nan,nan,1,0.001624
opdformer_p_rgb_512,3156,464979/44796492/1621.386/b5219453-844a-44aa-8db5-5ee65c05c482,0,0,nan,78.751478,78.751478,nan,nan,nan,nan,0.472155,nan,nan,1,0.003542
opdformer_p_rgb_512,3157,464979/44796492/1621.486/b5219453-844a-44aa-8db5-5ee65c05c482,0,0,nan,130.580902,49.419098,nan,nan,nan,nan,0.482684,nan,nan,1,0.000695
opdformer_p_rgb_512,3158,464979/44796492/1621.586/b5219453-844a-44aa-8db5-5ee65c05c482,0,0,nan,149.522909,30.477091,nan,nan,nan,nan,0.555789,nan,nan,1,0.002711
opdformer_p_rgb_512,3159,464979/44796492/1621.686/b5219453-844a-44aa-8db5-5ee65c05c482,0,0,nan,111.593632,68.406368,nan,nan,nan,nan,0.426573,nan,nan,1,0.005195
opdformer_p_rgb_512,3160,464979/44796492/1621.786/b5219453-844a-44aa-8db5-5ee65c05c482,0,0,nan,116.860012,63.139988,nan,nan,nan,nan,0.420354,nan,nan,1,0.005432
opdformer_p_rgb_512,3161,464979/44796492/1621.886/b5219453-844a-44aa-8db5-5ee65c05c482,0,0,nan,140.693462,39.306538,nan,nan,nan,nan,0.403877,nan,nan,1,0.009350
opdformer_p_rgb_512,3162,464979/44796492/1621.986/b5219453-844a-44aa-8db5-5ee65c05c482,0,0,nan,157.983806,22.016194,nan,nan,nan,nan,0.517045,nan,nan,1,0.006975
opdformer_p_rgb_512,3163,464979/44796492/1622.086/b5219453-844a-44aa-8db5-5ee65c05c482,0,0,nan,172.627084,7.372916,nan,nan,nan,nan,0.412297,nan,nan,1,0.020257
opdformer_p_rgb_512,3164,464979/44796492/1622.186/b5219453-844a-44aa-8db5-5ee65c05c482,0,0,nan,172.161004,7.838996,nan,nan,nan,nan,0.460366,nan,nan,1,0.005481
opdformer_p_rgb_512,3165,464979/44796492/1622.286/b5219453-844a-44aa-8db5-5ee65c05c482,0,0,nan,162.542789,17.457211,nan,nan,nan,nan,0.536534,nan,nan,1,0.018665
opdformer_p_rgb_512,3166,464979/44796492/1622.386/b5219453-844a-44aa-8db5-5ee65c05c482,0,0,nan,172.598188,7.401812,nan,nan,nan,nan,0.431271,nan,nan,1,0.127559
opdformer_p_rgb_512,3167,464979/44796492/1622.486/b5219453-844a-44aa-8db5-5ee65c05c482,0,0,nan,152.647892,27.352108,nan,nan,nan,nan,0.528205,nan,nan,1,0.003549
opdformer_p_rgb_512,3168,464979/44796492/1622.585/b5219453-844a-44aa-8db5-5ee65c05c482,0,0,nan,155.981276,24.018724,nan,nan,nan,nan,0.408333,nan,nan,1,0.005314
opdformer_p_rgb_512,3169,464979/44796492/1622.685/b5219453-844a-44aa-8db5-5ee65c05c482,0,0,nan,141.098470,38.901530,nan,nan,nan,nan,0.559184,nan,nan,1,0.017482
opdformer_p_rgb_512,3170,464979/44796492/1622.785/b5219453-844a-44aa-8db5-5ee65c05c482,0,0,nan,121.473035,58.526965,nan,nan,nan,nan,0.345700,nan,nan,1,0.008848
opdformer_p_rgb_512,3171,464979/44796492/1622.885/b5219453-844a-44aa-8db5-5ee65c05c482,0,0,nan,119.998909,60.001091,nan,nan,nan,nan,0.476695,nan,nan,1,0.012804
opdformer_p_rgb_512,3172,464979/44796492/1622.985/b5219453-844a-44aa-8db5-5ee65c05c482,0,0,nan,41.739145,41.739145,nan,nan,nan,nan,0.568421,nan,nan,1,0.002546
opdformer_p_rgb_512,3173,464979/44796492/1623.585/b5219453-844a-44aa-8db5-5ee65c05c482,0,0,nan,26.243200,26.243200,nan,nan,nan,nan,0.123967,nan,nan,1,0.006763
opdformer_p_rgb_512,3174,464979/44796492/1623.685/b5219453-844a-44aa-8db5-5ee65c05c482,0,0,nan,30.569089,30.569089,nan,nan,nan,nan,0.115385,nan,nan,1,0.002439
opdformer_p_rgb_512,3175,464979/44796492/1624.085/5ec5e394-d944-429b-ba04-2ac28faa55e1,0,0,nan,38.613287,38.613287,nan,nan,nan,nan,0.250554,nan,nan,1,0.000880
opdformer_p_rgb_512,3176,464979/44796492/1624.385/5eca4e0d-f48b-4916-bc53-731f12a7a57b,0,0,nan,31.442824,31.442824,nan,nan,nan,nan,0.440208,nan,nan,1,0.001084
opdformer_p_rgb_512,3177,464979/44796492/1627.500/37557c5a-4654-4953-93d5-1cc84cb93a41,0,0,nan,20.298721,20.298721,nan,nan,nan,nan,0.462121,nan,nan,1,0.000045
opdformer_p_rgb_512,3178,464979/44796492/1633.398/11dcf86e-c180-4cb7-ba6b-a7a73fb05927,0,0,nan,28.735723,28.735723,nan,nan,nan,nan,0.441341,nan,nan,1,0.010897
opdformer_p_rgb_512,3179,464979/44796492/1633.498/11dcf86e-c180-4cb7-ba6b-a7a73fb05927,0,0,nan,30.434211,30.434211,nan,nan,nan,nan,0.236504,nan,nan,1,0.020529
opdformer_p_rgb_512,3180,464979/44796492/1633.498/e94427f5-c99f-4560-b706-92d39fb4318b,0,0,nan,47.830599,47.830599,nan,nan,nan,nan,0.456057,nan,nan,1,0.005631
opdformer_p_rgb_512,3181,464979/44796492/1633.598/11dcf86e-c180-4cb7-ba6b-a7a73fb05927,0,0,nan,17.224507,17.224507,nan,nan,nan,nan,0.439698,nan,nan,1,0.003143
opdformer_p_rgb_512,3182,464979/44796492/1633.598/e94427f5-c99f-4560-b706-92d39fb4318b,0,0,nan,44.414475,44.414475,nan,nan,nan,nan,0.502463,nan,nan,1,0.023588
opdformer_p_rgb_512,3183,464979/44796492/1633.698/11dcf86e-c180-4cb7-ba6b-a7a73fb05927,0,0,nan,13.800608,13.800608,nan,nan,nan,nan,0.390181,nan,nan,1,0.092141
opdformer_p_rgb_512,3184,464979/44796492/1633.698/e94427f5-c99f-4560-b706-92d39fb4318b,0,0,nan,41.119475,41.119475,nan,nan,nan,nan,0.422170,nan,nan,1,0.030881
opdformer_p_rgb_512,3185,464979/44796492/1633.798/11dcf86e-c180-4cb7-ba6b-a7a73fb05927,0,0,nan,23.104761,23.104761,nan,nan,nan,nan,0.402010,nan,nan,1,0.006356
opdformer_p_rgb_512,3186,464979/44796492/1633.798/e94427f5-c99f-4560-b706-92d39fb4318b,0,0,nan,44.275133,44.275133,nan,nan,nan,nan,0.445977,nan,nan,1,0.002993
opdformer_p_rgb_512,3187,464979/44796492/1633.898/11dcf86e-c180-4cb7-ba6b-a7a73fb05927,0,0,nan,24.863575,24.863575,nan,nan,nan,nan,0.407407,nan,nan,1,0.006980
opdformer_p_rgb_512,3188,464979/44796492/1633.898/e94427f5-c99f-4560-b706-92d39fb4318b,0,0,nan,24.729921,24.729921,nan,nan,nan,nan,0.482906,nan,nan,1,0.004203
opdformer_p_rgb_512,3189,464979/44796492/1633.998/11dcf86e-c180-4cb7-ba6b-a7a73fb05927,0,0,nan,17.433074,17.433074,nan,nan,nan,nan,0.419103,nan,nan,1,0.005290
opdformer_p_rgb_512,3190,464979/44796492/1633.998/e94427f5-c99f-4560-b706-92d39fb4318b,0,0,nan,21.782817,21.782817,nan,nan,nan,nan,0.458874,nan,nan,1,0.008104
opdformer_p_rgb_512,3191,464979/44796492/1634.098/11dcf86e-c180-4cb7-ba6b-a7a73fb05927,0,0,nan,19.483285,19.483285,nan,nan,nan,nan,0.435388,nan,nan,1,0.001862
opdformer_p_rgb_512,3192,464979/44796492/1634.098/e94427f5-c99f-4560-b706-92d39fb4318b,0,0,nan,35.904055,35.904055,nan,nan,nan,nan,0.431866,nan,nan,1,0.008877
opdformer_p_rgb_512,3193,464979/44796492/1634.198/11dcf86e-c180-4cb7-ba6b-a7a73fb05927,0,0,nan,18.230267,18.230267,nan,nan,nan,nan,0.479691,nan,nan,1,0.001214
opdformer_p_rgb_512,3194,464979/44796492/1634.198/e94427f5-c99f-4560-b706-92d39fb4318b,0,0,nan,32.390483,32.390483,nan,nan,nan,nan,0.420408,nan,nan,1,0.006545
opdformer_p_rgb_512,3195,464979/44796492/1634.298/11dcf86e-c180-4cb7-ba6b-a7a73fb05927,0,0,nan,13.667293,13.667293,nan,nan,nan,nan,0.512605,nan,nan,1,0.003065
opdformer_p_rgb_512,3196,464979/44796492/1634.298/e94427f5-c99f-4560-b706-92d39fb4318b,0,0,nan,12.815525,12.815525,nan,nan,nan,nan,0.468927,nan,nan,1,0.003356
opdformer_p_rgb_512,3197,464979/44796492/1634.397/11dcf86e-c180-4cb7-ba6b-a7a73fb05927,0,0,nan,19.764608,19.764608,nan,nan,nan,nan,0.512579,nan,nan,1,0.009351
opdformer_p_rgb_512,3198,464979/44796492/1634.397/e94427f5-c99f-4560-b706-92d39fb4318b,0,0,nan,21.055882,21.055882,nan,nan,nan,nan,0.456667,nan,nan,1,0.010244
opdformer_p_rgb_512,3199,464979/44796492/1634.497/11dcf86e-c180-4cb7-ba6b-a7a73fb05927,0,0,nan,32.689438,32.689438,nan,nan,nan,nan,0.503864,nan,nan,1,0.000140
opdformer_p_rgb_512,3200,464979/44796492/1634.497/e94427f5-c99f-4560-b706-92d39fb4318b,0,0,nan,24.949190,24.949190,nan,nan,nan,nan,0.436641,nan,nan,1,0.001222
opdformer_p_rgb_512,3201,464979/44796492/1634.597/11dcf86e-c180-4cb7-ba6b-a7a73fb05927,0,0,nan,22.567481,22.567481,nan,nan,nan,nan,0.484581,nan,nan,1,0.000420
opdformer_p_rgb_512,3202,464979/44796492/1634.597/e94427f5-c99f-4560-b706-92d39fb4318b,0,0,nan,26.736683,26.736683,nan,nan,nan,nan,0.436306,nan,nan,1,0.016852
opdformer_p_rgb_512,3203,464979/44796492/1634.697/11dcf86e-c180-4cb7-ba6b-a7a73fb05927,0,0,nan,50.290327,50.290327,nan,nan,nan,nan,0.436975,nan,nan,1,0.000051
opdformer_p_rgb_512,3204,464979/44796492/1634.697/e94427f5-c99f-4560-b706-92d39fb4318b,0,0,nan,23.836708,23.836708,nan,nan,nan,nan,0.371060,nan,nan,1,0.000057
opdformer_p_rgb_512,3205,464979/44796492/1634.797/11dcf86e-c180-4cb7-ba6b-a7a73fb05927,0,0,nan,41.370498,41.370498,nan,nan,nan,nan,0.474667,nan,nan,1,0.000147
opdformer_p_rgb_512,3206,464979/44796492/1634.797/e94427f5-c99f-4560-b706-92d39fb4318b,0,0,nan,20.826265,20.826265,nan,nan,nan,nan,0.403129,nan,nan,1,0.000093
opdformer_p_rgb_512,3207,464979/44796492/1634.897/11dcf86e-c180-4cb7-ba6b-a7a73fb05927,0,0,nan,3.546007,3.546007,nan,nan,nan,nan,0.330688,nan,nan,1,0.000478
opdformer_p_rgb_512,3208,464979/44796492/1634.897/e94427f5-c99f-4560-b706-92d39fb4318b,0,0,nan,29.775534,29.775534,nan,nan,nan,nan,0.365721,nan,nan,1,0.000025
opdformer_p_rgb_512,3209,464979/44796492/1634.997/11dcf86e-c180-4cb7-ba6b-a7a73fb05927,0,0,nan,10.591481,10.591481,nan,nan,nan,nan,0.369077,nan,nan,1,0.001062
opdformer_p_rgb_512,3210,464979/44796492/1635.097/11dcf86e-c180-4cb7-ba6b-a7a73fb05927,0,0,nan,16.493052,16.493052,nan,nan,nan,nan,0.340358,nan,nan,1,0.000461
opdformer_p_rgb_512,3211,464979/44796492/1635.197/11dcf86e-c180-4cb7-ba6b-a7a73fb05927,0,0,nan,9.318999,9.318999,nan,nan,nan,nan,0.302610,nan,nan,1,0.000183
opdformer_p_rgb_512,3212,464979/44796492/1646.893/ec37f15d-9b20-481b-9fca-53d947ba78cc,1,1,nan,6.339859,6.339859,0.286051,0.439105,nan,nan,0.164147,nan,nan,1,0.000886
opdformer_p_rgb_512,3213,464979/44796498/1557.295/e94427f5-c99f-4560-b706-92d39fb4318b,0,0,nan,43.106535,43.106535,nan,nan,nan,nan,0.468531,nan,nan,1,0.001152
opdformer_p_rgb_512,3214,464979/44796498/1557.395/e94427f5-c99f-4560-b706-92d39fb4318b,0,0,nan,2.983423,2.983423,nan,nan,nan,nan,0.550691,nan,nan,1,0.001907
opdformer_p_rgb_512,3215,464982/44796483/728.094/adcaf722-111c-4392-9e07-34a55fc0ffa0,1,1,nan,1.826496,1.826496,0.833341,0.851337,nan,nan,0.190016,nan,nan,1,0.000613
opdformer_p_rgb_512,3216,464982/44796483/728.194/adcaf722-111c-4392-9e07-34a55fc0ffa0,1,1,nan,2.040596,2.040596,0.835548,0.837797,nan,nan,0.267918,nan,nan,1,0.000400
opdformer_p_rgb_512,3217,464982/44796483/728.294/adcaf722-111c-4392-9e07-34a55fc0ffa0,1,1,nan,5.599703,5.599703,0.335591,0.338912,nan,nan,0.337815,nan,nan,1,0.000427
opdformer_p_rgb_512,3218,464982/44796483/728.394/adcaf722-111c-4392-9e07-34a55fc0ffa0,1,1,nan,7.634031,7.634031,0.213223,0.237377,nan,nan,0.311270,nan,nan,1,0.000289
opdformer_p_rgb_512,3219,464982/44796483/728.494/adcaf722-111c-4392-9e07-34a55fc0ffa0,1,1,nan,6.349427,6.349427,0.296945,0.298385,nan,nan,0.350980,nan,nan,1,0.001564
opdformer_p_rgb_512,3220,464982/44796483/728.594/adcaf722-111c-4392-9e07-34a55fc0ffa0,1,1,nan,4.885001,4.885001,0.383154,0.384302,nan,nan,0.332689,nan,nan,1,0.000422
opdformer_p_rgb_512,3221,464982/44796483/728.694/adcaf722-111c-4392-9e07-34a55fc0ffa0,1,1,nan,5.806885,5.806885,0.160359,0.160785,nan,nan,0.356275,nan,nan,1,0.000805
opdformer_p_rgb_512,3222,464982/44796483/728.794/adcaf722-111c-4392-9e07-34a55fc0ffa0,1,1,nan,5.079809,5.079809,0.181659,0.181839,nan,nan,0.335366,nan,nan,1,0.001908
opdformer_p_rgb_512,3223,464982/44796483/728.894/adcaf722-111c-4392-9e07-34a55fc0ffa0,1,1,nan,4.440074,4.440074,0.224100,0.229863,nan,nan,0.313063,nan,nan,1,0.886682
opdformer_p_rgb_512,3224,464982/44796483/728.994/adcaf722-111c-4392-9e07-34a55fc0ffa0,1,1,nan,5.024268,5.024268,0.281293,0.289743,nan,nan,0.359918,nan,nan,1,0.000290
opdformer_p_rgb_512,3225,464982/44796483/729.094/adcaf722-111c-4392-9e07-34a55fc0ffa0,1,1,nan,4.424826,4.424826,0.263122,0.266202,nan,nan,0.293303,nan,nan,1,0.883218
opdformer_p_rgb_512,3226,464982/44796483/729.194/adcaf722-111c-4392-9e07-34a55fc0ffa0,1,1,nan,4.979901,4.979901,0.307476,0.336424,nan,nan,0.342916,nan,nan,1,0.000318
opdformer_p_rgb_512,3227,464982/44796483/729.294/adcaf722-111c-4392-9e07-34a55fc0ffa0,1,1,nan,7.079001,7.079001,0.238609,0.265115,nan,nan,0.388309,nan,nan,1,0.000117
opdformer_p_rgb_512,3228,464982/44796483/729.394/adcaf722-111c-4392-9e07-34a55fc0ffa0,1,1,nan,4.866917,4.866917,0.389550,0.390649,nan,nan,0.405830,nan,nan,1,0.000381
opdformer_p_rgb_512,3229,464982/44796483/729.494/adcaf722-111c-4392-9e07-34a55fc0ffa0,1,1,nan,1.100653,1.100653,0.516119,0.517701,nan,nan,0.330416,nan,nan,1,0.000309
opdformer_p_rgb_512,3230,464982/44796483/729.594/adcaf722-111c-4392-9e07-34a55fc0ffa0,1,1,nan,3.144758,3.144758,0.462920,0.466019,nan,nan,0.289157,nan,nan,1,0.000316
opdformer_p_rgb_512,3231,464982/44796483/806.197/daa3f74b-49f3-4dd7-a997-fc858734eb39,0,0,nan,42.318090,42.318090,nan,nan,nan,nan,0.398529,nan,nan,1,0.002352
opdformer_p_rgb_512,3232,464982/44796483/806.297/daa3f74b-49f3-4dd7-a997-fc858734eb39,0,0,nan,18.164124,18.164124,nan,nan,nan,nan,0.345876,nan,nan,1,0.001323
opdformer_p_rgb_512,3233,464982/44796483/806.397/daa3f74b-49f3-4dd7-a997-fc858734eb39,0,0,nan,16.360359,16.360359,nan,nan,nan,nan,0.573150,nan,nan,1,0.000789
opdformer_p_rgb_512,3234,464982/44796483/806.497/daa3f74b-49f3-4dd7-a997-fc858734eb39,0,0,nan,15.391349,15.391349,nan,nan,nan,nan,0.484277,nan,nan,1,0.000597
opdformer_p_rgb_512,3235,464982/44796483/806.597/daa3f74b-49f3-4dd7-a997-fc858734eb39,0,0,nan,26.072716,26.072716,nan,nan,nan,nan,0.527439,nan,nan,1,0.001143
opdformer_p_rgb_512,3236,464982/44796483/806.697/daa3f74b-49f3-4dd7-a997-fc858734eb39,0,0,nan,33.558819,33.558819,nan,nan,nan,nan,0.580065,nan,nan,1,0.002293
opdformer_p_rgb_512,3237,464982/44796483/806.797/daa3f74b-49f3-4dd7-a997-fc858734eb39,0,0,nan,75.404152,75.404152,nan,nan,nan,nan,0.528571,nan,nan,1,0.007642
opdformer_p_rgb_512,3238,464982/44796483/806.897/daa3f74b-49f3-4dd7-a997-fc858734eb39,0,0,nan,74.064090,74.064090,nan,nan,nan,nan,0.536542,nan,nan,1,0.004190
opdformer_p_rgb_512,3239,464982/44796483/806.997/daa3f74b-49f3-4dd7-a997-fc858734eb39,0,0,nan,66.258125,66.258125,nan,nan,nan,nan,0.537143,nan,nan,1,0.001468
opdformer_p_rgb_512,3240,464982/44796483/807.096/daa3f74b-49f3-4dd7-a997-fc858734eb39,0,0,nan,78.692229,78.692229,nan,nan,nan,nan,0.648752,nan,nan,1,0.003393
opdformer_p_rgb_512,3241,464982/44796483/807.196/daa3f74b-49f3-4dd7-a997-fc858734eb39,0,0,nan,80.458255,80.458255,nan,nan,nan,nan,0.573438,nan,nan,1,0.002200
opdformer_p_rgb_512,3242,464982/44796483/807.296/daa3f74b-49f3-4dd7-a997-fc858734eb39,0,0,nan,76.793417,76.793417,nan,nan,nan,nan,0.610915,nan,nan,1,0.000907
opdformer_p_rgb_512,3243,464982/44796483/807.396/daa3f74b-49f3-4dd7-a997-fc858734eb39,0,0,nan,68.798397,68.798397,nan,nan,nan,nan,0.430177,nan,nan,1,0.004364
opdformer_p_rgb_512,3244,464982/44796483/807.496/daa3f74b-49f3-4dd7-a997-fc858734eb39,0,0,nan,68.060351,68.060351,nan,nan,nan,nan,0.415959,nan,nan,1,0.000910
opdformer_p_rgb_512,3245,464982/44796483/807.596/daa3f74b-49f3-4dd7-a997-fc858734eb39,0,0,nan,68.273416,68.273416,nan,nan,nan,nan,0.437396,nan,nan,1,0.002501
opdformer_p_rgb_512,3246,464982/44796483/807.696/daa3f74b-49f3-4dd7-a997-fc858734eb39,0,0,nan,74.213635,74.213635,nan,nan,nan,nan,0.558923,nan,nan,1,0.002058
opdformer_p_rgb_512,3247,464982/44796483/807.796/daa3f74b-49f3-4dd7-a997-fc858734eb39,0,0,nan,86.745001,86.745001,nan,nan,nan,nan,0.593750,nan,nan,1,0.001263
opdformer_p_rgb_512,3248,464982/44796483/807.896/daa3f74b-49f3-4dd7-a997-fc858734eb39,0,0,nan,85.710479,85.710479,nan,nan,nan,nan,0.569600,nan,nan,1,0.002228
opdformer_p_rgb_512,3249,464982/44796483/807.996/daa3f74b-49f3-4dd7-a997-fc858734eb39,0,0,nan,76.935665,76.935665,nan,nan,nan,nan,0.435852,nan,nan,1,0.001352
opdformer_p_rgb_512,3250,464982/44796483/808.096/daa3f74b-49f3-4dd7-a997-fc858734eb39,0,0,nan,79.563405,79.563405,nan,nan,nan,nan,0.460457,nan,nan,1,0.002099
opdformer_p_rgb_512,3251,464982/44796483/808.196/daa3f74b-49f3-4dd7-a997-fc858734eb39,0,0,nan,79.448153,79.448153,nan,nan,nan,nan,0.404553,nan,nan,1,0.002484
opdformer_p_rgb_512,3252,464982/44796483/808.296/daa3f74b-49f3-4dd7-a997-fc858734eb39,0,0,nan,74.796339,74.796339,nan,nan,nan,nan,0.386777,nan,nan,1,0.002306
opdformer_p_rgb_512,3253,464982/44796483/808.396/daa3f74b-49f3-4dd7-a997-fc858734eb39,0,0,nan,92.197206,87.802794,nan,nan,nan,nan,0.326165,nan,nan,1,0.005297
opdformer_p_rgb_512,3254,464982/44796483/808.496/daa3f74b-49f3-4dd7-a997-fc858734eb39,0,0,nan,71.666448,71.666448,nan,nan,nan,nan,0.632000,nan,nan,1,0.003488
opdformer_p_rgb_512,3255,464982/44796483/808.596/daa3f74b-49f3-4dd7-a997-fc858734eb39,0,0,nan,74.101102,74.101102,nan,nan,nan,nan,0.437838,nan,nan,1,0.001080
opdformer_p_rgb_512,3256,464982/44796483/808.696/daa3f74b-49f3-4dd7-a997-fc858734eb39,0,0,nan,80.828172,80.828172,nan,nan,nan,nan,0.448544,nan,nan,1,0.003183
opdformer_p_rgb_512,3257,464982/44796483/808.796/daa3f74b-49f3-4dd7-a997-fc858734eb39,0,0,nan,70.328229,70.328229,nan,nan,nan,nan,0.536982,nan,nan,1,0.000728
opdformer_p_rgb_512,3258,464982/44796483/808.896/daa3f74b-49f3-4dd7-a997-fc858734eb39,0,0,nan,15.518802,15.518802,nan,nan,nan,nan,0.568720,nan,nan,1,0.001139
opdformer_p_rgb_512,3259,464982/44796483/808.996/daa3f74b-49f3-4dd7-a997-fc858734eb39,0,0,nan,63.790008,63.790008,nan,nan,nan,nan,0.571644,nan,nan,1,0.000595
opdformer_p_rgb_512,3260,464982/44796483/809.096/daa3f74b-49f3-4dd7-a997-fc858734eb39,0,0,nan,11.678659,11.678659,nan,nan,nan,nan,0.556634,nan,nan,1,0.002164
opdformer_p_rgb_512,3261,464982/44796483/809.196/daa3f74b-49f3-4dd7-a997-fc858734eb39,0,0,nan,46.167181,46.167181,nan,nan,nan,nan,0.304225,nan,nan,1,0.000725
opdformer_p_rgb_512,3262,464982/44796483/809.296/daa3f74b-49f3-4dd7-a997-fc858734eb39,0,0,nan,27.016905,27.016905,nan,nan,nan,nan,0.368585,nan,nan,1,0.000499
opdformer_p_rgb_512,3263,464982/44796483/809.396/daa3f74b-49f3-4dd7-a997-fc858734eb39,0,0,nan,22.232343,22.232343,nan,nan,nan,nan,0.215297,nan,nan,1,0.000320
opdformer_p_rgb_512,3264,464982/44796483/809.496/daa3f74b-49f3-4dd7-a997-fc858734eb39,0,0,nan,30.075214,30.075214,nan,nan,nan,nan,0.198748,nan,nan,1,0.002126
opdformer_p_rgb_512,3265,464982/44796483/809.595/daa3f74b-49f3-4dd7-a997-fc858734eb39,0,0,nan,36.730462,36.730462,nan,nan,nan,nan,0.371667,nan,nan,1,0.000823
opdformer_p_rgb_512,3266,464982/44796483/809.695/daa3f74b-49f3-4dd7-a997-fc858734eb39,0,0,nan,63.156220,63.156220,nan,nan,nan,nan,0.254731,nan,nan,1,0.000671
opdformer_p_rgb_512,3267,464982/44796483/809.795/daa3f74b-49f3-4dd7-a997-fc858734eb39,0,0,nan,79.849457,79.849457,nan,nan,nan,nan,0.111817,nan,nan,1,0.003244
opdformer_p_rgb_512,3268,464982/44796483/809.895/daa3f74b-49f3-4dd7-a997-fc858734eb39,0,0,nan,76.682030,76.682030,nan,nan,nan,nan,0.072202,nan,nan,1,0.002899
opdformer_p_rgb_512,3269,464982/44796483/809.995/daa3f74b-49f3-4dd7-a997-fc858734eb39,0,-1,nan,90.000000,90.000000,nan,nan,nan,nan,0.000000,nan,nan,0,nan
opdformer_p_rgb_512,3270,464982/44796483/810.095/daa3f74b-49f3-4dd7-a997-fc858734eb39,0,-1,nan,90.000000,90.000000,nan,nan,nan,nan,0.000000,nan,nan,0,nan
opdformer_p_rgb_512,3271,464982/44796483/810.195/daa3f74b-49f3-4dd7-a997-fc858734eb39,0,-1,nan,90.000000,90.000000,nan,nan,nan,nan,0.000000,nan,nan,0,nan
opdformer_p_rgb_512,3272,464982/44796483/810.295/daa3f74b-49f3-4dd7-a997-fc858734eb39,0,-1,nan,90.000000,90.000000,nan,nan,nan,nan,0.000000,nan,nan,0,nan
opdformer_p_rgb_512,3273,464982/44796483/810.395/daa3f74b-49f3-4dd7-a997-fc858734eb39,0,-1,nan,90.000000,90.000000,nan,nan,nan,nan,0.000000,nan,nan,0,nan
opdformer_p_rgb_512,3274,464982/44796483/810.495/daa3f74b-49f3-4dd7-a997-fc858734eb39,0,-1,nan,90.000000,90.000000,nan,nan,nan,nan,0.000000,nan,nan,0,nan
opdformer_p_rgb_512,3275,464982/44796483/810.595/daa3f74b-49f3-4dd7-a997-fc858734eb39,0,-1,nan,90.000000,90.000000,nan,nan,nan,nan,0.000000,nan,nan,0,nan
opdformer_p_rgb_512,3276,464982/44796483/810.695/daa3f74b-49f3-4dd7-a997-fc858734eb39,0,-1,nan,90.000000,90.000000,nan,nan,nan,nan,0.000000,nan,nan,0,nan
opdformer_p_rgb_512,3277,464982/44796483/810.795/daa3f74b-49f3-4dd7-a997-fc858734eb39,0,-1,nan,90.000000,90.000000,nan,nan,nan,nan,0.000000,nan,nan,0,nan
opdformer_p_rgb_512,3278,464982/44796483/810.895/daa3f74b-49f3-4dd7-a997-fc858734eb39,0,-1,nan,90.000000,90.000000,nan,nan,nan,nan,0.000000,nan,nan,0,nan
opdformer_p_rgb_512,3279,464982/44796483/810.995/daa3f74b-49f3-4dd7-a997-fc858734eb39,0,-1,nan,90.000000,90.000000,nan,nan,nan,nan,0.000000,nan,nan,0,nan
opdformer_p_rgb_512,3280,464982/44796483/811.095/daa3f74b-49f3-4dd7-a997-fc858734eb39,0,-1,nan,90.000000,90.000000,nan,nan,nan,nan,0.000000,nan,nan,0,nan
opdformer_p_rgb_512,3281,464982/44796483/811.195/daa3f74b-49f3-4dd7-a997-fc858734eb39,0,-1,nan,90.000000,90.000000,nan,nan,nan,nan,0.000000,nan,nan,0,nan
opdformer_p_rgb_512,3282,464982/44796483/811.295/daa3f74b-49f3-4dd7-a997-fc858734eb39,0,-1,nan,90.000000,90.000000,nan,nan,nan,nan,0.000000,nan,nan,0,nan
opdformer_p_rgb_512,3283,464982/44796483/811.395/daa3f74b-49f3-4dd7-a997-fc858734eb39,0,-1,nan,90.000000,90.000000,nan,nan,nan,nan,0.000000,nan,nan,0,nan
opdformer_p_rgb_512,3284,464982/44796483/811.495/daa3f74b-49f3-4dd7-a997-fc858734eb39,0,-1,nan,90.000000,90.000000,nan,nan,nan,nan,0.000000,nan,nan,0,nan
opdformer_p_rgb_512,3285,464982/44796483/811.595/daa3f74b-49f3-4dd7-a997-fc858734eb39,0,-1,nan,90.000000,90.000000,nan,nan,nan,nan,0.000000,nan,nan,0,nan
opdformer_p_rgb_512,3286,464982/44796483/811.695/daa3f74b-49f3-4dd7-a997-fc858734eb39,0,-1,nan,90.000000,90.000000,nan,nan,nan,nan,0.000000,nan,nan,0,nan
opdformer_p_rgb_512,3287,464982/44796483/811.795/daa3f74b-49f3-4dd7-a997-fc858734eb39,0,-1,nan,90.000000,90.000000,nan,nan,nan,nan,0.000000,nan,nan,0,nan
opdformer_p_rgb_512,3288,464982/44796483/811.895/daa3f74b-49f3-4dd7-a997-fc858734eb39,0,-1,nan,90.000000,90.000000,nan,nan,nan,nan,0.000000,nan,nan,0,nan
opdformer_p_rgb_512,3289,464982/44796483/811.995/daa3f74b-49f3-4dd7-a997-fc858734eb39,0,-1,nan,90.000000,90.000000,nan,nan,nan,nan,0.000000,nan,nan,0,nan
opdformer_p_rgb_512,3290,464982/44796483/812.094/daa3f74b-49f3-4dd7-a997-fc858734eb39,0,-1,nan,90.000000,90.000000,nan,nan,nan,nan,0.000000,nan,nan,0,nan
opdformer_p_rgb_512,3291,464982/44796483/812.194/daa3f74b-49f3-4dd7-a997-fc858734eb39,0,-1,nan,90.000000,90.000000,nan,nan,nan,nan,0.000000,nan,nan,0,nan
opdformer_p_rgb_512,3292,464982/44796483/812.294/daa3f74b-49f3-4dd7-a997-fc858734eb39,0,-1,nan,90.000000,90.000000,nan,nan,nan,nan,0.000000,nan,nan,0,nan
opdformer_p_rgb_512,3293,464982/44796483/812.394/daa3f74b-49f3-4dd7-a997-fc858734eb39,0,-1,nan,90.000000,90.000000,nan,nan,nan,nan,0.000000,nan,nan,0,nan
opdformer_p_rgb_512,3294,464982/44796483/812.494/daa3f74b-49f3-4dd7-a997-fc858734eb39,0,-1,nan,90.000000,90.000000,nan,nan,nan,nan,0.000000,nan,nan,0,nan
opdformer_p_rgb_512,3295,464982/44796483/812.594/daa3f74b-49f3-4dd7-a997-fc858734eb39,0,-1,nan,90.000000,90.000000,nan,nan,nan,nan,0.000000,nan,nan,0,nan
opdformer_p_rgb_512,3296,464982/44796483/812.694/daa3f74b-49f3-4dd7-a997-fc858734eb39,0,-1,nan,90.000000,90.000000,nan,nan,nan,nan,0.000000,nan,nan,0,nan
opdformer_p_rgb_512,3297,464982/44796483/812.794/daa3f74b-49f3-4dd7-a997-fc858734eb39,0,-1,nan,90.000000,90.000000,nan,nan,nan,nan,0.000000,nan,nan,0,nan
opdformer_p_rgb_512,3298,464982/44796483/812.894/daa3f74b-49f3-4dd7-a997-fc858734eb39,0,-1,nan,90.000000,90.000000,nan,nan,nan,nan,0.000000,nan,nan,0,nan
opdformer_p_rgb_512,3299,464982/44796483/812.994/daa3f74b-49f3-4dd7-a997-fc858734eb39,0,-1,nan,90.000000,90.000000,nan,nan,nan,nan,0.000000,nan,nan,0,nan
opdformer_p_rgb_512,3300,464982/44796483/813.094/daa3f74b-49f3-4dd7-a997-fc858734eb39,0,-1,nan,90.000000,90.000000,nan,nan,nan,nan,0.000000,nan,nan,0,nan
opdformer_p_rgb_512,3301,464982/44796483/813.194/daa3f74b-49f3-4dd7-a997-fc858734eb39,0,-1,nan,90.000000,90.000000,nan,nan,nan,nan,0.000000,nan,nan,0,nan
opdformer_p_rgb_512,3302,464982/44796483/813.294/daa3f74b-49f3-4dd7-a997-fc858734eb39,0,-1,nan,90.000000,90.000000,nan,nan,nan,nan,0.000000,nan,nan,0,nan
opdformer_p_rgb_512,3303,464982/44796483/813.394/daa3f74b-49f3-4dd7-a997-fc858734eb39,0,-1,nan,90.000000,90.000000,nan,nan,nan,nan,0.000000,nan,nan,0,nan
opdformer_p_rgb_512,3304,464982/44796483/813.494/daa3f74b-49f3-4dd7-a997-fc858734eb39,0,-1,nan,90.000000,90.000000,nan,nan,nan,nan,0.000000,nan,nan,0,nan
opdformer_p_rgb_512,3305,464982/44796483/813.594/daa3f74b-49f3-4dd7-a997-fc858734eb39,0,-1,nan,90.000000,90.000000,nan,nan,nan,nan,0.000000,nan,nan,0,nan
opdformer_p_rgb_512,3306,464982/44796483/813.694/daa3f74b-49f3-4dd7-a997-fc858734eb39,0,-1,nan,90.000000,90.000000,nan,nan,nan,nan,0.000000,nan,nan,0,nan
opdformer_p_rgb_512,3307,464982/44796483/813.794/daa3f74b-49f3-4dd7-a997-fc858734eb39,0,-1,nan,90.000000,90.000000,nan,nan,nan,nan,0.000000,nan,nan,0,nan
opdformer_p_rgb_512,3308,464982/44796483/813.894/daa3f74b-49f3-4dd7-a997-fc858734eb39,0,-1,nan,90.000000,90.000000,nan,nan,nan,nan,0.000000,nan,nan,0,nan
opdformer_p_rgb_512,3309,464982/44796483/813.994/daa3f74b-49f3-4dd7-a997-fc858734eb39,0,-1,nan,90.000000,90.000000,nan,nan,nan,nan,0.000000,nan,nan,0,nan
opdformer_p_rgb_512,3310,464982/44796483/814.094/daa3f74b-49f3-4dd7-a997-fc858734eb39,0,-1,nan,90.000000,90.000000,nan,nan,nan,nan,0.000000,nan,nan,0,nan
opdformer_p_rgb_512,3311,464982/44796483/814.194/daa3f74b-49f3-4dd7-a997-fc858734eb39,0,-1,nan,90.000000,90.000000,nan,nan,nan,nan,0.000000,nan,nan,0,nan
opdformer_p_rgb_512,3312,464982/44796483/814.294/daa3f74b-49f3-4dd7-a997-fc858734eb39,0,-1,nan,90.000000,90.000000,nan,nan,nan,nan,0.000000,nan,nan,0,nan
opdformer_p_rgb_512,3313,464982/44796483/814.394/daa3f74b-49f3-4dd7-a997-fc858734eb39,0,-1,nan,90.000000,90.000000,nan,nan,nan,nan,0.000000,nan,nan,0,nan
opdformer_p_rgb_512,3314,464982/44796483/814.494/daa3f74b-49f3-4dd7-a997-fc858734eb39,0,-1,nan,90.000000,90.000000,nan,nan,nan,nan,0.000000,nan,nan,0,nan
opdformer_p_rgb_512,3315,466159/44796596/18007.502/38e289e8-d9b3-478d-a2b9-c0b5b0b10753,0,0,nan,7.361782,7.361782,nan,nan,nan,nan,0.225564,nan,nan,1,0.000102
opdformer_p_rgb_512,3316,466159/44796596/18007.502/dac7f56a-e436-4881-a989-052d76bcfa88,0,0,nan,18.760582,18.760582,nan,nan,nan,nan,0.181102,nan,nan,1,0.973012
opdformer_p_rgb_512,3317,466159/44796596/18007.602/38e289e8-d9b3-478d-a2b9-c0b5b0b10753,0,0,nan,13.021098,13.021098,nan,nan,nan,nan,0.222025,nan,nan,1,0.000067
opdformer_p_rgb_512,3318,466159/44796596/18007.602/c3d2e21e-77d8-44e2-a0ec-52820e492e84,0,0,nan,11.730920,11.730920,nan,nan,nan,nan,0.448155,nan,nan,1,0.000266
opdformer_p_rgb_512,3319,466159/44796596/18007.602/dac7f56a-e436-4881-a989-052d76bcfa88,0,0,nan,8.421711,8.421711,nan,nan,nan,nan,0.190328,nan,nan,1,0.974279
opdformer_p_rgb_512,3320,466159/44796596/18007.702/38e289e8-d9b3-478d-a2b9-c0b5b0b10753,0,0,nan,1.983523,1.983523,nan,nan,nan,nan,0.243292,nan,nan,1,0.000115
opdformer_p_rgb_512,3321,466159/44796596/18007.702/c3d2e21e-77d8-44e2-a0ec-52820e492e84,0,0,nan,4.229923,4.229923,nan,nan,nan,nan,0.444834,nan,nan,1,0.000157
opdformer_p_rgb_512,3322,466159/44796596/18007.702/dac7f56a-e436-4881-a989-052d76bcfa88,0,0,nan,2.582437,2.582437,nan,nan,nan,nan,0.209898,nan,nan,1,0.975819
opdformer_p_rgb_512,3323,466159/44796596/18007.802/38e289e8-d9b3-478d-a2b9-c0b5b0b10753,0,0,nan,1.590628,1.590628,nan,nan,nan,nan,0.262948,nan,nan,1,0.000030
opdformer_p_rgb_512,3324,466159/44796596/18007.802/c3d2e21e-77d8-44e2-a0ec-52820e492e84,0,0,nan,5.927604,5.927604,nan,nan,nan,nan,0.446429,nan,nan,1,0.000058
opdformer_p_rgb_512,3325,466159/44796596/18007.802/dac7f56a-e436-4881-a989-052d76bcfa88,0,0,nan,1.560793,1.560793,nan,nan,nan,nan,0.199643,nan,nan,1,0.977912
opdformer_p_rgb_512,3326,466159/44796596/18007.902/38e289e8-d9b3-478d-a2b9-c0b5b0b10753,0,0,nan,2.421194,2.421194,nan,nan,nan,nan,0.277662,nan,nan,1,0.000035
opdformer_p_rgb_512,3327,466159/44796596/18007.902/c3d2e21e-77d8-44e2-a0ec-52820e492e84,0,0,nan,9.073942,9.073942,nan,nan,nan,nan,0.485663,nan,nan,1,0.000043
opdformer_p_rgb_512,3328,466159/44796596/18007.902/dac7f56a-e436-4881-a989-052d76bcfa88,0,0,nan,4.104602,4.104602,nan,nan,nan,nan,0.198516,nan,nan,1,0.972574
opdformer_p_rgb_512,3329,466159/44796596/18008.002/38e289e8-d9b3-478d-a2b9-c0b5b0b10753,0,0,nan,3.094418,3.094418,nan,nan,nan,nan,0.269388,nan,nan,1,0.000018
opdformer_p_rgb_512,3330,466159/44796596/18008.002/c3d2e21e-77d8-44e2-a0ec-52820e492e84,0,0,nan,2.557995,2.557995,nan,nan,nan,nan,0.493671,nan,nan,1,0.000041
opdformer_p_rgb_512,3331,466159/44796596/18008.002/dac7f56a-e436-4881-a989-052d76bcfa88,0,0,nan,1.344967,1.344967,nan,nan,nan,nan,0.229630,nan,nan,1,0.000054
opdformer_p_rgb_512,3332,466159/44796596/18008.102/38e289e8-d9b3-478d-a2b9-c0b5b0b10753,0,0,nan,9.761742,9.761742,nan,nan,nan,nan,0.273267,nan,nan,1,0.000057
opdformer_p_rgb_512,3333,466159/44796596/18008.102/c3d2e21e-77d8-44e2-a0ec-52820e492e84,0,0,nan,10.952683,10.952683,nan,nan,nan,nan,0.517110,nan,nan,1,0.000633
opdformer_p_rgb_512,3334,466159/44796596/18008.102/dac7f56a-e436-4881-a989-052d76bcfa88,0,0,nan,5.396339,5.396339,nan,nan,nan,nan,0.205224,nan,nan,1,0.973800
opdformer_p_rgb_512,3335,466159/44796596/18008.202/38e289e8-d9b3-478d-a2b9-c0b5b0b10753,0,0,nan,12.521785,12.521785,nan,nan,nan,nan,0.335484,nan,nan,1,0.000062
opdformer_p_rgb_512,3336,466159/44796596/18008.202/c3d2e21e-77d8-44e2-a0ec-52820e492e84,0,0,nan,7.892766,7.892766,nan,nan,nan,nan,0.450450,nan,nan,1,0.000250
opdformer_p_rgb_512,3337,466159/44796596/18008.202/dac7f56a-e436-4881-a989-052d76bcfa88,0,0,nan,9.026703,9.026703,nan,nan,nan,nan,0.234127,nan,nan,1,0.000021
opdformer_p_rgb_512,3338,466159/44796596/18008.301/38e289e8-d9b3-478d-a2b9-c0b5b0b10753,0,0,nan,12.761265,12.761265,nan,nan,nan,nan,0.272727,nan,nan,1,0.000017
opdformer_p_rgb_512,3339,466159/44796596/18008.301/c3d2e21e-77d8-44e2-a0ec-52820e492e84,0,0,nan,6.799636,6.799636,nan,nan,nan,nan,0.445920,nan,nan,1,0.000332
opdformer_p_rgb_512,3340,466159/44796596/18008.301/dac7f56a-e436-4881-a989-052d76bcfa88,0,0,nan,8.112079,8.112079,nan,nan,nan,nan,0.218519,nan,nan,1,0.000010
opdformer_p_rgb_512,3341,466159/44796596/18008.401/38e289e8-d9b3-478d-a2b9-c0b5b0b10753,0,0,nan,13.713149,13.713149,nan,nan,nan,nan,0.318658,nan,nan,1,0.000046
opdformer_p_rgb_512,3342,466159/44796596/18008.401/c3d2e21e-77d8-44e2-a0ec-52820e492e84,0,0,nan,13.283119,13.283119,nan,nan,nan,nan,0.377176,nan,nan,1,0.000587
opdformer_p_rgb_512,3343,466159/44796596/18008.401/dac7f56a-e436-4881-a989-052d76bcfa88,0,0,nan,11.969283,11.969283,nan,nan,nan,nan,0.238835,nan,nan,1,0.978524
opdformer_p_rgb_512,3344,466159/44796596/18008.501/38e289e8-d9b3-478d-a2b9-c0b5b0b10753,0,0,nan,15.856375,15.856375,nan,nan,nan,nan,0.310484,nan,nan,1,0.000068
opdformer_p_rgb_512,3345,466159/44796596/18008.501/c3d2e21e-77d8-44e2-a0ec-52820e492e84,0,0,nan,12.136287,12.136287,nan,nan,nan,nan,0.474849,nan,nan,1,0.001017
opdformer_p_rgb_512,3346,466159/44796596/18008.501/dac7f56a-e436-4881-a989-052d76bcfa88,0,0,nan,11.897548,11.897548,nan,nan,nan,nan,0.274090,nan,nan,1,0.000097
opdformer_p_rgb_512,3347,466159/44796596/18008.601/38e289e8-d9b3-478d-a2b9-c0b5b0b10753,0,0,nan,7.202622,7.202622,nan,nan,nan,nan,0.309963,nan,nan,1,0.000861
opdformer_p_rgb_512,3348,466159/44796596/18008.601/c3d2e21e-77d8-44e2-a0ec-52820e492e84,0,0,nan,11.218111,11.218111,nan,nan,nan,nan,0.421471,nan,nan,1,0.000309
opdformer_p_rgb_512,3349,466159/44796596/18008.601/dac7f56a-e436-4881-a989-052d76bcfa88,0,0,nan,11.700607,11.700607,nan,nan,nan,nan,0.212291,nan,nan,1,0.000050
opdformer_p_rgb_512,3350,466159/44796596/18008.701/c3d2e21e-77d8-44e2-a0ec-52820e492e84,0,0,nan,15.170577,15.170577,nan,nan,nan,nan,0.466667,nan,nan,1,0.000044
opdformer_p_rgb_512,3351,466159/44796596/18008.701/dac7f56a-e436-4881-a989-052d76bcfa88,0,0,nan,16.325409,16.325409,nan,nan,nan,nan,0.228733,nan,nan,1,0.000128
opdformer_p_rgb_512,3352,466159/44796596/18008.801/c3d2e21e-77d8-44e2-a0ec-52820e492e84,0,0,nan,14.907313,14.907313,nan,nan,nan,nan,0.445946,nan,nan,1,0.000043
opdformer_p_rgb_512,3353,466159/44796596/18008.801/dac7f56a-e436-4881-a989-052d76bcfa88,0,0,nan,29.305717,29.305717,nan,nan,nan,nan,0.244660,nan,nan,1,0.000069
opdformer_p_rgb_512,3354,466159/44796596/18008.901/c3d2e21e-77d8-44e2-a0ec-52820e492e84,0,0,nan,16.824740,16.824740,nan,nan,nan,nan,0.630542,nan,nan,1,0.001189
opdformer_p_rgb_512,3355,466159/44796596/18009.001/91dd17dd-d317-43eb-aafd-d21f67de524b,0,0,nan,17.645929,17.645929,nan,nan,nan,nan,0.251894,nan,nan,1,0.002087
opdformer_p_rgb_512,3356,466159/44796596/18009.001/c3d2e21e-77d8-44e2-a0ec-52820e492e84,0,0,nan,22.898562,22.898562,nan,nan,nan,nan,0.200000,nan,nan,1,0.000830
opdformer_p_rgb_512,3357,466159/44796596/18009.001/ed823405-95a2-4b26-a767-a229c470171b,0,0,nan,16.989789,16.989789,nan,nan,nan,nan,0.470437,nan,nan,1,0.105674
opdformer_p_rgb_512,3358,466159/44796596/18009.101/91dd17dd-d317-43eb-aafd-d21f67de524b,0,0,nan,8.974317,8.974317,nan,nan,nan,nan,0.295170,nan,nan,1,0.001735
opdformer_p_rgb_512,3359,466159/44796596/18017.398/e3aa9da8-d811-46d0-989f-5b24c1824de6,0,-1,nan,90.000000,90.000000,nan,nan,nan,nan,0.000000,nan,nan,0,nan
opdformer_p_rgb_512,3360,466159/44796596/18017.498/e3aa9da8-d811-46d0-989f-5b24c1824de6,0,-1,nan,90.000000,90.000000,nan,nan,nan,nan,0.000000,nan,nan,0,nan
opdformer_p_rgb_512,3361,466159/44796596/18017.598/e3aa9da8-d811-46d0-989f-5b24c1824de6,0,-1,nan,90.000000,90.000000,nan,nan,nan,nan,0.000000,nan,nan,0,nan
opdformer_p_rgb_512,3362,466159/44796596/18017.698/e3aa9da8-d811-46d0-989f-5b24c1824de6,0,-1,nan,90.000000,90.000000,nan,nan,nan,nan,0.000000,nan,nan,0,nan
opdformer_p_rgb_512,3363,466159/44796596/18017.798/e3aa9da8-d811-46d0-989f-5b24c1824de6,0,0,nan,77.842405,77.842405,nan,nan,nan,nan,0.064171,nan,nan,1,0.004035
opdformer_p_rgb_512,3364,466159/44796598/18049.901/28ae729b-2199-49be-a7d1-8029d0749a14,1,-1,nan,90.000000,90.000000,nan,nan,nan,nan,0.000000,nan,nan,0,nan
opdformer_p_rgb_512,3365,466159/44796598/18050.001/28ae729b-2199-49be-a7d1-8029d0749a14,1,-1,nan,90.000000,90.000000,nan,nan,nan,nan,0.000000,nan,nan,0,nan
opdformer_p_rgb_512,3366,466159/44796598/18050.101/28ae729b-2199-49be-a7d1-8029d0749a14,1,1,nan,12.009208,12.009208,0.824133,0.829649,nan,nan,0.611446,nan,nan,1,0.000777
opdformer_p_rgb_512,3367,466159/44796598/18050.201/28ae729b-2199-49be-a7d1-8029d0749a14,1,1,nan,144.810148,35.189852,0.434544,0.442863,nan,nan,0.430730,nan,nan,1,0.004242
opdformer_p_rgb_512,3368,466159/44796598/18050.301/28ae729b-2199-49be-a7d1-8029d0749a14,1,1,nan,97.081526,82.918474,1.516014,1.699800,nan,nan,0.179412,nan,nan,1,0.003948
opdformer_p_rgb_512,3369,466159/44796598/18050.401/28ae729b-2199-49be-a7d1-8029d0749a14,1,1,nan,28.126444,28.126444,0.394274,0.420981,nan,nan,0.517454,nan,nan,1,0.004165
opdformer_p_rgb_512,3370,466159/44796598/18050.401/503e37dd-8f07-40db-a0d0-d7c95c3deddf,1,1,nan,54.327135,54.327135,0.987268,1.067037,nan,nan,0.227147,nan,nan,1,0.002327
opdformer_p_rgb_512,3371,466159/44796598/18050.501/28ae729b-2199-49be-a7d1-8029d0749a14,1,1,nan,39.645803,39.645803,0.540851,0.541445,nan,nan,0.489796,nan,nan,1,0.000881
opdformer_p_rgb_512,3372,466159/44796598/18050.501/503e37dd-8f07-40db-a0d0-d7c95c3deddf,1,1,nan,69.408837,69.408837,1.112226,1.198059,nan,nan,0.242424,nan,nan,1,0.001386
opdformer_p_rgb_512,3373,466159/44796598/18050.601/28ae729b-2199-49be-a7d1-8029d0749a14,1,1,nan,97.475421,82.524579,0.310596,0.361111,nan,nan,0.400000,nan,nan,1,0.005431
opdformer_p_rgb_512,3374,466159/44796598/18050.601/503e37dd-8f07-40db-a0d0-d7c95c3deddf,1,1,nan,66.974783,66.974783,1.361819,1.428680,nan,nan,0.433333,nan,nan,1,0.001649
opdformer_p_rgb_512,3375,466159/44796598/18050.701/28ae729b-2199-49be-a7d1-8029d0749a14,1,1,nan,109.468512,70.531488,1.195732,1.568531,nan,nan,0.552632,nan,nan,1,0.017566
opdformer_p_rgb_512,3376,466159/44796598/18050.701/503e37dd-8f07-40db-a0d0-d7c95c3deddf,1,1,nan,91.263582,88.736418,1.750515,2.370943,nan,nan,0.271242,nan,nan,1,0.005351
opdformer_p_rgb_512,3377,466159/44796598/18050.801/28ae729b-2199-49be-a7d1-8029d0749a14,1,1,nan,117.046294,62.953706,0.319969,0.379908,nan,nan,0.227273,nan,nan,1,0.002341
opdformer_p_rgb_512,3378,466159/44796598/18050.801/503e37dd-8f07-40db-a0d0-d7c95c3deddf,1,1,nan,72.123432,72.123432,1.207617,1.327901,nan,nan,0.321041,nan,nan,1,0.002119
opdformer_p_rgb_512,3379,466159/44796598/18050.901/503e37dd-8f07-40db-a0d0-d7c95c3deddf,1,1,nan,52.543397,52.543397,0.846715,0.907592,nan,nan,0.075402,nan,nan,1,0.002310
opdformer_p_rgb_512,3380,466159/44796598/18051.000/503e37dd-8f07-40db-a0d0-d7c95c3deddf,1,0,nan,67.012489,67.012489,1.475290,1.484236,nan,nan,0.077922,nan,nan,1,0.002477
opdformer_p_rgb_512,3381,466159/44796598/18051.100/503e37dd-8f07-40db-a0d0-d7c95c3deddf,1,1,nan,40.825914,40.825914,0.225107,0.601142,nan,nan,0.043805,nan,nan,1,0.004113
opdformer_p_rgb_512,3382,466159/44796598/18104.895/e3aa9da8-d811-46d0-989f-5b24c1824de6,0,0,nan,87.135925,87.135925,nan,nan,nan,nan,0.473322,nan,nan,1,0.005801
opdformer_p_rgb_512,3383,466159/44796598/18104.995/e3aa9da8-d811-46d0-989f-5b24c1824de6,0,1,nan,25.241219,25.241219,nan,nan,nan,nan,0.462347,nan,nan,1,0.021155
opdformer_p_rgb_512,3384,466159/44796598/18105.095/e3aa9da8-d811-46d0-989f-5b24c1824de6,0,1,nan,77.296186,77.296186,nan,nan,nan,nan,0.036585,nan,nan,1,0.008081
opdformer_p_rgb_512,3385,466159/44796598/18105.195/e3aa9da8-d811-46d0-989f-5b24c1824de6,0,-1,nan,90.000000,90.000000,nan,nan,nan,nan,0.000000,nan,nan,0,nan
opdformer_p_rgb_512,3386,466159/44796598/18105.295/e3aa9da8-d811-46d0-989f-5b24c1824de6,0,1,nan,73.664303,73.664303,nan,nan,nan,nan,0.283843,nan,nan,1,0.028526
opdformer_p_rgb_512,3387,466159/44796598/18105.395/e3aa9da8-d811-46d0-989f-5b24c1824de6,0,-1,nan,90.000000,90.000000,nan,nan,nan,nan,0.000000,nan,nan,0,nan
opdformer_p_rgb_512,3388,466159/44796598/18105.495/e3aa9da8-d811-46d0-989f-5b24c1824de6,0,1,nan,67.520123,67.520123,nan,nan,nan,nan,0.445759,nan,nan,1,0.017031
opdformer_p_rgb_512,3389,466159/44796598/18105.595/e3aa9da8-d811-46d0-989f-5b24c1824de6,0,1,nan,78.924441,78.924441,nan,nan,nan,nan,0.065177,nan,nan,1,0.030091
opdformer_p_rgb_512,3390,466159/44796598/18105.695/e3aa9da8-d811-46d0-989f-5b24c1824de6,0,0,nan,75.903298,75.903298,nan,nan,nan,nan,0.029412,nan,nan,1,0.007527
opdformer_p_rgb_512,3391,466159/44796598/18105.794/e3aa9da8-d811-46d0-989f-5b24c1824de6,0,0,nan,76.670183,76.670183,nan,nan,nan,nan,0.325714,nan,nan,1,0.015471
opdformer_p_rgb_512,3392,466159/44796598/18105.894/e3aa9da8-d811-46d0-989f-5b24c1824de6,0,-1,nan,90.000000,90.000000,nan,nan,nan,nan,0.000000,nan,nan,0,nan
opdformer_p_rgb_512,3393,466159/44796598/18105.994/e3aa9da8-d811-46d0-989f-5b24c1824de6,0,0,nan,86.970777,86.970777,nan,nan,nan,nan,0.015571,nan,nan,1,0.014471
opdformer_p_rgb_512,3394,466159/44796598/18106.094/e3aa9da8-d811-46d0-989f-5b24c1824de6,0,1,nan,110.960141,69.039859,nan,nan,nan,nan,0.103245,nan,nan,1,0.005897
opdformer_p_rgb_512,3395,466159/44796598/18106.194/e3aa9da8-d811-46d0-989f-5b24c1824de6,0,1,nan,81.706916,81.706916,nan,nan,nan,nan,0.114155,nan,nan,1,0.006406
opdformer_p_rgb_512,3396,466159/44796598/18106.294/e3aa9da8-d811-46d0-989f-5b24c1824de6,0,0,nan,45.262470,45.262470,nan,nan,nan,nan,0.039906,nan,nan,1,0.001282
opdformer_p_rgb_512,3397,466159/44796598/18106.394/7ae7a94d-950b-4f23-8c37-a8b9d4a16a31,0,0,nan,64.155527,64.155527,nan,nan,nan,nan,0.210959,nan,nan,1,0.000849
opdformer_p_rgb_512,3398,466159/44796598/18106.394/e3aa9da8-d811-46d0-989f-5b24c1824de6,0,0,nan,86.607687,86.607687,nan,nan,nan,nan,0.099462,nan,nan,1,0.000959
opdformer_p_rgb_512,3399,466159/44796598/18106.494/7ae7a94d-950b-4f23-8c37-a8b9d4a16a31,0,-1,nan,90.000000,90.000000,nan,nan,nan,nan,0.000000,nan,nan,0,nan
opdformer_p_rgb_512,3400,466159/44796598/18115.407/7ae7a94d-950b-4f23-8c37-a8b9d4a16a31,0,-1,nan,90.000000,90.000000,nan,nan,nan,nan,0.000000,nan,nan,0,nan
opdformer_p_rgb_512,3401,466159/44796598/18115.407/e3aa9da8-d811-46d0-989f-5b24c1824de6,0,-1,nan,90.000000,90.000000,nan,nan,nan,nan,0.000000,nan,nan,0,nan
opdformer_p_rgb_512,3402,466159/44796598/18115.507/7ae7a94d-950b-4f23-8c37-a8b9d4a16a31,0,-1,nan,90.000000,90.000000,nan,nan,nan,nan,0.000000,nan,nan,0,nan
opdformer_p_rgb_512,3403,466159/44796598/18115.507/e3aa9da8-d811-46d0-989f-5b24c1824de6,0,-1,nan,90.000000,90.000000,nan,nan,nan,nan,0.000000,nan,nan,0,nan
opdformer_p_rgb_512,3404,466159/44796598/18115.607/7ae7a94d-950b-4f23-8c37-a8b9d4a16a31,0,-1,nan,90.000000,90.000000,nan,nan,nan,nan,0.000000,nan,nan,0,nan
opdformer_p_rgb_512,3405,466159/44796598/18115.607/e3aa9da8-d811-46d0-989f-5b24c1824de6,0,0,nan,99.191970,80.808030,nan,nan,nan,nan,0.035821,nan,nan,1,0.002262
opdformer_p_rgb_512,3406,466159/44796598/18115.607/e98f3611-e2bb-4e9d-8c4e-235110620680,0,-1,nan,90.000000,90.000000,nan,nan,nan,nan,0.000000,nan,nan,0,nan
opdformer_p_rgb_512,3407,466159/44796598/18115.707/7ae7a94d-950b-4f23-8c37-a8b9d4a16a31,0,-1,nan,90.000000,90.000000,nan,nan,nan,nan,0.000000,nan,nan,0,nan
opdformer_p_rgb_512,3408,466159/44796598/18115.707/e3aa9da8-d811-46d0-989f-5b24c1824de6,0,0,nan,104.351320,75.648680,nan,nan,nan,nan,0.033857,nan,nan,1,0.005280
opdformer_p_rgb_512,3409,466159/44796598/18115.707/e98f3611-e2bb-4e9d-8c4e-235110620680,0,-1,nan,90.000000,90.000000,nan,nan,nan,nan,0.000000,nan,nan,0,nan
opdformer_p_rgb_512,3410,466159/44796598/18115.807/7ae7a94d-950b-4f23-8c37-a8b9d4a16a31,0,-1,nan,90.000000,90.000000,nan,nan,nan,nan,0.000000,nan,nan,0,nan
opdformer_p_rgb_512,3411,466159/44796598/18115.807/e3aa9da8-d811-46d0-989f-5b24c1824de6,0,0,nan,93.477503,86.522497,nan,nan,nan,nan,0.064871,nan,nan,1,0.010981
opdformer_p_rgb_512,3412,466159/44796598/18115.807/e98f3611-e2bb-4e9d-8c4e-235110620680,0,-1,nan,90.000000,90.000000,nan,nan,nan,nan,0.000000,nan,nan,0,nan
opdformer_p_rgb_512,3413,466159/44796598/18115.907/7ae7a94d-950b-4f23-8c37-a8b9d4a16a31,0,-1,nan,90.000000,90.000000,nan,nan,nan,nan,0.000000,nan,nan,0,nan
opdformer_p_rgb_512,3414,466159/44796598/18115.907/e3aa9da8-d811-46d0-989f-5b24c1824de6,0,-1,nan,90.000000,90.000000,nan,nan,nan,nan,0.000000,nan,nan,0,nan
opdformer_p_rgb_512,3415,466159/44796598/18115.907/e98f3611-e2bb-4e9d-8c4e-235110620680,0,-1,nan,90.000000,90.000000,nan,nan,nan,nan,0.000000,nan,nan,0,nan
opdformer_p_rgb_512,3416,466159/44796598/18116.007/7ae7a94d-950b-4f23-8c37-a8b9d4a16a31,0,-1,nan,90.000000,90.000000,nan,nan,nan,nan,0.000000,nan,nan,0,nan
opdformer_p_rgb_512,3417,466159/44796598/18116.007/e3aa9da8-d811-46d0-989f-5b24c1824de6,0,-1,nan,90.000000,90.000000,nan,nan,nan,nan,0.000000,nan,nan,0,nan
opdformer_p_rgb_512,3418,466159/44796598/18116.007/e98f3611-e2bb-4e9d-8c4e-235110620680,0,-1,nan,90.000000,90.000000,nan,nan,nan,nan,0.000000,nan,nan,0,nan
opdformer_p_rgb_512,3419,466159/44796598/18116.107/7ae7a94d-950b-4f23-8c37-a8b9d4a16a31,0,-1,nan,90.000000,90.000000,nan,nan,nan,nan,0.000000,nan,nan,0,nan
opdformer_p_rgb_512,3420,466159/44796598/18116.107/e3aa9da8-d811-46d0-989f-5b24c1824de6,0,0,nan,91.720700,88.279300,nan,nan,nan,nan,0.003554,nan,nan,1,0.000796
opdformer_p_rgb_512,3421,466159/44796598/18116.107/e98f3611-e2bb-4e9d-8c4e-235110620680,0,-1,nan,90.000000,90.000000,nan,nan,nan,nan,0.000000,nan,nan,0,nan
opdformer_p_rgb_512,3422,466159/44796598/18116.207/7ae7a94d-950b-4f23-8c37-a8b9d4a16a31,0,-1,nan,90.000000,90.000000,nan,nan,nan,nan,0.000000,nan,nan,0,nan
opdformer_p_rgb_512,3423,466159/44796598/18116.207/e3aa9da8-d811-46d0-989f-5b24c1824de6,0,-1,nan,90.000000,90.000000,nan,nan,nan,nan,0.000000,nan,nan,0,nan
opdformer_p_rgb_512,3424,466159/44796598/18116.207/e98f3611-e2bb-4e9d-8c4e-235110620680,0,-1,nan,90.000000,90.000000,nan,nan,nan,nan,0.000000,nan,nan,0,nan
opdformer_p_rgb_512,3425,466159/44796598/18116.307/7ae7a94d-950b-4f23-8c37-a8b9d4a16a31,0,-1,nan,90.000000,90.000000,nan,nan,nan,nan,0.000000,nan,nan,0,nan
opdformer_p_rgb_512,3426,466159/44796598/18116.307/e3aa9da8-d811-46d0-989f-5b24c1824de6,0,-1,nan,90.000000,90.000000,nan,nan,nan,nan,0.000000,nan,nan,0,nan
opdformer_p_rgb_512,3427,466159/44796598/18116.307/e98f3611-e2bb-4e9d-8c4e-235110620680,0,-1,nan,90.000000,90.000000,nan,nan,nan,nan,0.000000,nan,nan,0,nan
opdformer_p_rgb_512,3428,466159/44796598/18116.407/7ae7a94d-950b-4f23-8c37-a8b9d4a16a31,0,-1,nan,90.000000,90.000000,nan,nan,nan,nan,0.000000,nan,nan,0,nan
opdformer_p_rgb_512,3429,466159/44796598/18116.407/e3aa9da8-d811-46d0-989f-5b24c1824de6,0,-1,nan,90.000000,90.000000,nan,nan,nan,nan,0.000000,nan,nan,0,nan
opdformer_p_rgb_512,3430,466159/44796598/18116.407/e98f3611-e2bb-4e9d-8c4e-235110620680,0,-1,nan,90.000000,90.000000,nan,nan,nan,nan,0.000000,nan,nan,0,nan
opdformer_p_rgb_512,3431,466159/44796598/18116.507/7ae7a94d-950b-4f23-8c37-a8b9d4a16a31,0,-1,nan,90.000000,90.000000,nan,nan,nan,nan,0.000000,nan,nan,0,nan
opdformer_p_rgb_512,3432,466159/44796598/18116.507/e3aa9da8-d811-46d0-989f-5b24c1824de6,0,-1,nan,90.000000,90.000000,nan,nan,nan,nan,0.000000,nan,nan,0,nan
opdformer_p_rgb_512,3433,466159/44796598/18116.507/e98f3611-e2bb-4e9d-8c4e-235110620680,0,-1,nan,90.000000,90.000000,nan,nan,nan,nan,0.000000,nan,nan,0,nan
opdformer_p_rgb_512,3434,466159/44796598/18116.607/7ae7a94d-950b-4f23-8c37-a8b9d4a16a31,0,-1,nan,90.000000,90.000000,nan,nan,nan,nan,0.000000,nan,nan,0,nan
opdformer_p_rgb_512,3435,466159/44796598/18116.607/e3aa9da8-d811-46d0-989f-5b24c1824de6,0,-1,nan,90.000000,90.000000,nan,nan,nan,nan,0.000000,nan,nan,0,nan
opdformer_p_rgb_512,3436,466159/44796598/18116.607/e98f3611-e2bb-4e9d-8c4e-235110620680,0,-1,nan,90.000000,90.000000,nan,nan,nan,nan,0.000000,nan,nan,0,nan
opdformer_p_rgb_512,3437,466159/44796598/18116.707/7ae7a94d-950b-4f23-8c37-a8b9d4a16a31,0,-1,nan,90.000000,90.000000,nan,nan,nan,nan,0.000000,nan,nan,0,nan
opdformer_p_rgb_512,3438,466159/44796598/18116.707/e3aa9da8-d811-46d0-989f-5b24c1824de6,0,-1,nan,90.000000,90.000000,nan,nan,nan,nan,0.000000,nan,nan,0,nan
opdformer_p_rgb_512,3439,466159/44796598/18116.707/e98f3611-e2bb-4e9d-8c4e-235110620680,0,-1,nan,90.000000,90.000000,nan,nan,nan,nan,0.000000,nan,nan,0,nan
opdformer_p_rgb_512,3440,466159/44796598/18116.807/7ae7a94d-950b-4f23-8c37-a8b9d4a16a31,0,-1,nan,90.000000,90.000000,nan,nan,nan,nan,0.000000,nan,nan,0,nan
opdformer_p_rgb_512,3441,466159/44796598/18116.807/e3aa9da8-d811-46d0-989f-5b24c1824de6,0,-1,nan,90.000000,90.000000,nan,nan,nan,nan,0.000000,nan,nan,0,nan
opdformer_p_rgb_512,3442,466159/44796598/18116.807/e98f3611-e2bb-4e9d-8c4e-235110620680,0,-1,nan,90.000000,90.000000,nan,nan,nan,nan,0.000000,nan,nan,0,nan
opdformer_p_rgb_512,3443,466159/44796598/18116.907/7ae7a94d-950b-4f23-8c37-a8b9d4a16a31,0,-1,nan,90.000000,90.000000,nan,nan,nan,nan,0.000000,nan,nan,0,nan
opdformer_p_rgb_512,3444,466159/44796598/18116.907/e3aa9da8-d811-46d0-989f-5b24c1824de6,0,-1,nan,90.000000,90.000000,nan,nan,nan,nan,0.000000,nan,nan,0,nan
opdformer_p_rgb_512,3445,466159/44796598/18116.907/e98f3611-e2bb-4e9d-8c4e-235110620680,0,-1,nan,90.000000,90.000000,nan,nan,nan,nan,0.000000,nan,nan,0,nan
opdformer_p_rgb_512,3446,466159/44796598/18117.006/7ae7a94d-950b-4f23-8c37-a8b9d4a16a31,0,0,nan,66.394651,66.394651,nan,nan,nan,nan,0.182844,nan,nan,1,0.000746
opdformer_p_rgb_512,3447,466159/44796598/18117.006/e3aa9da8-d811-46d0-989f-5b24c1824de6,0,-1,nan,90.000000,90.000000,nan,nan,nan,nan,0.000000,nan,nan,0,nan
opdformer_p_rgb_512,3448,466159/44796598/18117.006/e98f3611-e2bb-4e9d-8c4e-235110620680,0,-1,nan,90.000000,90.000000,nan,nan,nan,nan,0.000000,nan,nan,0,nan
opdformer_p_rgb_512,3449,466159/44796598/18117.106/7ae7a94d-950b-4f23-8c37-a8b9d4a16a31,0,-1,nan,90.000000,90.000000,nan,nan,nan,nan,0.000000,nan,nan,0,nan
opdformer_p_rgb_512,3450,466159/44796598/18117.106/e3aa9da8-d811-46d0-989f-5b24c1824de6,0,-1,nan,90.000000,90.000000,nan,nan,nan,nan,0.000000,nan,nan,0,nan
opdformer_p_rgb_512,3451,466159/44796598/18117.106/e98f3611-e2bb-4e9d-8c4e-235110620680,0,-1,nan,90.000000,90.000000,nan,nan,nan,nan,0.000000,nan,nan,0,nan
opdformer_p_rgb_512,3452,466159/44796598/18117.206/7ae7a94d-950b-4f23-8c37-a8b9d4a16a31,0,0,nan,64.763933,64.763933,nan,nan,nan,nan,0.253561,nan,nan,1,0.000497
opdformer_p_rgb_512,3453,466159/44796598/18117.206/e3aa9da8-d811-46d0-989f-5b24c1824de6,0,-1,nan,90.000000,90.000000,nan,nan,nan,nan,0.000000,nan,nan,0,nan
opdformer_p_rgb_512,3454,466159/44796598/18117.206/e98f3611-e2bb-4e9d-8c4e-235110620680,0,-1,nan,90.000000,90.000000,nan,nan,nan,nan,0.000000,nan,nan,0,nan
opdformer_p_rgb_512,3455,466159/44796598/18117.306/7ae7a94d-950b-4f23-8c37-a8b9d4a16a31,0,-1,nan,90.000000,90.000000,nan,nan,nan,nan,0.000000,nan,nan,0,nan
opdformer_p_rgb_512,3456,466159/44796598/18117.306/e3aa9da8-d811-46d0-989f-5b24c1824de6,0,-1,nan,90.000000,90.000000,nan,nan,nan,nan,0.000000,nan,nan,0,nan
opdformer_p_rgb_512,3457,466159/44796598/18117.306/e98f3611-e2bb-4e9d-8c4e-235110620680,0,-1,nan,90.000000,90.000000,nan,nan,nan,nan,0.000000,nan,nan,0,nan
opdformer_p_rgb_512,3458,466159/44796598/18117.406/7ae7a94d-950b-4f23-8c37-a8b9d4a16a31,0,-1,nan,90.000000,90.000000,nan,nan,nan,nan,0.000000,nan,nan,0,nan
opdformer_p_rgb_512,3459,466159/44796598/18117.406/e3aa9da8-d811-46d0-989f-5b24c1824de6,0,-1,nan,90.000000,90.000000,nan,nan,nan,nan,0.000000,nan,nan,0,nan
opdformer_p_rgb_512,3460,466159/44796598/18117.406/e98f3611-e2bb-4e9d-8c4e-235110620680,0,-1,nan,90.000000,90.000000,nan,nan,nan,nan,0.000000,nan,nan,0,nan
opdformer_p_rgb_512,3461,466159/44796598/18117.506/7ae7a94d-950b-4f23-8c37-a8b9d4a16a31,0,-1,nan,90.000000,90.000000,nan,nan,nan,nan,0.000000,nan,nan,0,nan
opdformer_p_rgb_512,3462,466159/44796598/18117.506/e3aa9da8-d811-46d0-989f-5b24c1824de6,0,-1,nan,90.000000,90.000000,nan,nan,nan,nan,0.000000,nan,nan,0,nan
opdformer_p_rgb_512,3463,466159/44796598/18117.506/e98f3611-e2bb-4e9d-8c4e-235110620680,0,-1,nan,90.000000,90.000000,nan,nan,nan,nan,0.000000,nan,nan,0,nan
opdformer_p_rgb_512,3464,466159/44796598/18117.606/7ae7a94d-950b-4f23-8c37-a8b9d4a16a31,0,-1,nan,90.000000,90.000000,nan,nan,nan,nan,0.000000,nan,nan,0,nan
opdformer_p_rgb_512,3465,466159/44796598/18117.606/e3aa9da8-d811-46d0-989f-5b24c1824de6,0,-1,nan,90.000000,90.000000,nan,nan,nan,nan,0.000000,nan,nan,0,nan
opdformer_p_rgb_512,3466,466159/44796598/18117.606/e98f3611-e2bb-4e9d-8c4e-235110620680,0,-1,nan,90.000000,90.000000,nan,nan,nan,nan,0.000000,nan,nan,0,nan
opdformer_p_rgb_512,3467,466159/44796598/18117.706/7ae7a94d-950b-4f23-8c37-a8b9d4a16a31,0,-1,nan,90.000000,90.000000,nan,nan,nan,nan,0.000000,nan,nan,0,nan
opdformer_p_rgb_512,3468,466159/44796598/18117.706/e3aa9da8-d811-46d0-989f-5b24c1824de6,0,-1,nan,90.000000,90.000000,nan,nan,nan,nan,0.000000,nan,nan,0,nan
opdformer_p_rgb_512,3469,466159/44796598/18117.706/e98f3611-e2bb-4e9d-8c4e-235110620680,0,-1,nan,90.000000,90.000000,nan,nan,nan,nan,0.000000,nan,nan,0,nan
opdformer_p_rgb_512,3470,466159/44796598/18117.806/7ae7a94d-950b-4f23-8c37-a8b9d4a16a31,0,-1,nan,90.000000,90.000000,nan,nan,nan,nan,0.000000,nan,nan,0,nan
opdformer_p_rgb_512,3471,466159/44796598/18117.806/e3aa9da8-d811-46d0-989f-5b24c1824de6,0,-1,nan,90.000000,90.000000,nan,nan,nan,nan,0.000000,nan,nan,0,nan
opdformer_p_rgb_512,3472,466159/44796598/18117.806/e98f3611-e2bb-4e9d-8c4e-235110620680,0,-1,nan,90.000000,90.000000,nan,nan,nan,nan,0.000000,nan,nan,0,nan
opdformer_p_rgb_512,3473,466159/44796598/18117.906/7ae7a94d-950b-4f23-8c37-a8b9d4a16a31,0,-1,nan,90.000000,90.000000,nan,nan,nan,nan,0.000000,nan,nan,0,nan
opdformer_p_rgb_512,3474,466159/44796598/18117.906/e3aa9da8-d811-46d0-989f-5b24c1824de6,0,-1,nan,90.000000,90.000000,nan,nan,nan,nan,0.000000,nan,nan,0,nan
opdformer_p_rgb_512,3475,466159/44796598/18117.906/e98f3611-e2bb-4e9d-8c4e-235110620680,0,-1,nan,90.000000,90.000000,nan,nan,nan,nan,0.000000,nan,nan,0,nan
opdformer_p_rgb_512,3476,466159/44796598/18118.006/7ae7a94d-950b-4f23-8c37-a8b9d4a16a31,0,-1,nan,90.000000,90.000000,nan,nan,nan,nan,0.000000,nan,nan,0,nan
opdformer_p_rgb_512,3477,466159/44796598/18118.006/e3aa9da8-d811-46d0-989f-5b24c1824de6,0,-1,nan,90.000000,90.000000,nan,nan,nan,nan,0.000000,nan,nan,0,nan
opdformer_p_rgb_512,3478,466159/44796598/18118.006/e98f3611-e2bb-4e9d-8c4e-235110620680,0,-1,nan,90.000000,90.000000,nan,nan,nan,nan,0.000000,nan,nan,0,nan
opdformer_p_rgb_512,3479,466159/44796598/18118.106/7ae7a94d-950b-4f23-8c37-a8b9d4a16a31,0,-1,nan,90.000000,90.000000,nan,nan,nan,nan,0.000000,nan,nan,0,nan
opdformer_p_rgb_512,3480,466159/44796598/18118.106/e3aa9da8-d811-46d0-989f-5b24c1824de6,0,-1,nan,90.000000,90.000000,nan,nan,nan,nan,0.000000,nan,nan,0,nan
opdformer_p_rgb_512,3481,466159/44796598/18118.106/e98f3611-e2bb-4e9d-8c4e-235110620680,0,0,nan,82.220509,82.220509,nan,nan,nan,nan,0.450777,nan,nan,1,0.000670
opdformer_p_rgb_512,3482,466159/44796598/18118.206/7ae7a94d-950b-4f23-8c37-a8b9d4a16a31,0,-1,nan,90.000000,90.000000,nan,nan,nan,nan,0.000000,nan,nan,0,nan
opdformer_p_rgb_512,3483,466159/44796598/18118.206/e3aa9da8-d811-46d0-989f-5b24c1824de6,0,-1,nan,90.000000,90.000000,nan,nan,nan,nan,0.000000,nan,nan,0,nan
opdformer_p_rgb_512,3484,466159/44796598/18118.206/e98f3611-e2bb-4e9d-8c4e-235110620680,0,-1,nan,90.000000,90.000000,nan,nan,nan,nan,0.000000,nan,nan,0,nan
opdformer_p_rgb_512,3485,466159/44796598/18118.306/7ae7a94d-950b-4f23-8c37-a8b9d4a16a31,0,0,nan,104.172078,75.827922,nan,nan,nan,nan,0.037464,nan,nan,1,0.002022
opdformer_p_rgb_512,3486,466159/44796598/18118.306/e3aa9da8-d811-46d0-989f-5b24c1824de6,0,-1,nan,90.000000,90.000000,nan,nan,nan,nan,0.000000,nan,nan,0,nan
opdformer_p_rgb_512,3487,466159/44796598/18118.306/e98f3611-e2bb-4e9d-8c4e-235110620680,0,-1,nan,90.000000,90.000000,nan,nan,nan,nan,0.000000,nan,nan,0,nan
opdformer_p_rgb_512,3488,466159/44796598/18118.406/7ae7a94d-950b-4f23-8c37-a8b9d4a16a31,0,-1,nan,90.000000,90.000000,nan,nan,nan,nan,0.000000,nan,nan,0,nan
opdformer_p_rgb_512,3489,466159/44796598/18118.406/e3aa9da8-d811-46d0-989f-5b24c1824de6,0,-1,nan,90.000000,90.000000,nan,nan,nan,nan,0.000000,nan,nan,0,nan
opdformer_p_rgb_512,3490,466159/44796598/18118.406/e98f3611-e2bb-4e9d-8c4e-235110620680,0,0,nan,46.568379,46.568379,nan,nan,nan,nan,0.206204,nan,nan,1,0.000421
opdformer_p_rgb_512,3491,466159/44796598/18118.506/7ae7a94d-950b-4f23-8c37-a8b9d4a16a31,0,-1,nan,90.000000,90.000000,nan,nan,nan,nan,0.000000,nan,nan,0,nan
opdformer_p_rgb_512,3492,466159/44796598/18118.506/e3aa9da8-d811-46d0-989f-5b24c1824de6,0,-1,nan,90.000000,90.000000,nan,nan,nan,nan,0.000000,nan,nan,0,nan
opdformer_p_rgb_512,3493,466159/44796598/18118.606/7ae7a94d-950b-4f23-8c37-a8b9d4a16a31,0,-1,nan,90.000000,90.000000,nan,nan,nan,nan,0.000000,nan,nan,0,nan
opdformer_p_rgb_512,3494,466159/44796598/18118.606/e3aa9da8-d811-46d0-989f-5b24c1824de6,0,-1,nan,90.000000,90.000000,nan,nan,nan,nan,0.000000,nan,nan,0,nan
opdformer_p_rgb_512,3495,466159/44796598/18118.706/7ae7a94d-950b-4f23-8c37-a8b9d4a16a31,0,-1,nan,90.000000,90.000000,nan,nan,nan,nan,0.000000,nan,nan,0,nan
opdformer_p_rgb_512,3496,466159/44796598/18118.706/e3aa9da8-d811-46d0-989f-5b24c1824de6,0,-1,nan,90.000000,90.000000,nan,nan,nan,nan,0.000000,nan,nan,0,nan
opdformer_p_rgb_512,3497,466159/44796598/18118.806/7ae7a94d-950b-4f23-8c37-a8b9d4a16a31,0,-1,nan,90.000000,90.000000,nan,nan,nan,nan,0.000000,nan,nan,0,nan
opdformer_p_rgb_512,3498,466159/44796598/18118.806/e3aa9da8-d811-46d0-989f-5b24c1824de6,0,-1,nan,90.000000,90.000000,nan,nan,nan,nan,0.000000,nan,nan,0,nan
opdformer_p_rgb_512,3499,466159/44796598/18118.906/7ae7a94d-950b-4f23-8c37-a8b9d4a16a31,0,-1,nan,90.000000,90.000000,nan,nan,nan,nan,0.000000,nan,nan,0,nan
opdformer_p_rgb_512,3500,466159/44796598/18118.906/e3aa9da8-d811-46d0-989f-5b24c1824de6,0,-1,nan,90.000000,90.000000,nan,nan,nan,nan,0.000000,nan,nan,0,nan
opdformer_p_rgb_512,3501,466159/44796598/18119.006/7ae7a94d-950b-4f23-8c37-a8b9d4a16a31,0,-1,nan,90.000000,90.000000,nan,nan,nan,nan,0.000000,nan,nan,0,nan
opdformer_p_rgb_512,3502,466159/44796598/18119.006/e3aa9da8-d811-46d0-989f-5b24c1824de6,0,-1,nan,90.000000,90.000000,nan,nan,nan,nan,0.000000,nan,nan,0,nan
opdformer_p_rgb_512,3503,466159/44796598/18119.106/7ae7a94d-950b-4f23-8c37-a8b9d4a16a31,0,-1,nan,90.000000,90.000000,nan,nan,nan,nan,0.000000,nan,nan,0,nan
opdformer_p_rgb_512,3504,466159/44796598/18119.106/e3aa9da8-d811-46d0-989f-5b24c1824de6,0,-1,nan,90.000000,90.000000,nan,nan,nan,nan,0.000000,nan,nan,0,nan
opdformer_p_rgb_512,3505,466159/44796598/18119.206/7ae7a94d-950b-4f23-8c37-a8b9d4a16a31,0,-1,nan,90.000000,90.000000,nan,nan,nan,nan,0.000000,nan,nan,0,nan
opdformer_p_rgb_512,3506,466159/44796598/18119.206/e3aa9da8-d811-46d0-989f-5b24c1824de6,0,-1,nan,90.000000,90.000000,nan,nan,nan,nan,0.000000,nan,nan,0,nan
opdformer_p_rgb_512,3507,466159/44796598/18119.306/7ae7a94d-950b-4f23-8c37-a8b9d4a16a31,0,-1,nan,90.000000,90.000000,nan,nan,nan,nan,0.000000,nan,nan,0,nan
opdformer_p_rgb_512,3508,466159/44796598/18119.306/e3aa9da8-d811-46d0-989f-5b24c1824de6,0,-1,nan,90.000000,90.000000,nan,nan,nan,nan,0.000000,nan,nan,0,nan
opdformer_p_rgb_512,3509,466159/44796598/18119.405/7ae7a94d-950b-4f23-8c37-a8b9d4a16a31,0,-1,nan,90.000000,90.000000,nan,nan,nan,nan,0.000000,nan,nan,0,nan
opdformer_p_rgb_512,3510,466159/44796598/18119.405/e3aa9da8-d811-46d0-989f-5b24c1824de6,0,-1,nan,90.000000,90.000000,nan,nan,nan,nan,0.000000,nan,nan,0,nan
opdformer_p_rgb_512,3511,466159/44796598/18119.505/7ae7a94d-950b-4f23-8c37-a8b9d4a16a31,0,-1,nan,90.000000,90.000000,nan,nan,nan,nan,0.000000,nan,nan,0,nan
opdformer_p_rgb_512,3512,466159/44796598/18119.505/e3aa9da8-d811-46d0-989f-5b24c1824de6,0,-1,nan,90.000000,90.000000,nan,nan,nan,nan,0.000000,nan,nan,0,nan
opdformer_p_rgb_512,3513,466159/44796598/18119.605/7ae7a94d-950b-4f23-8c37-a8b9d4a16a31,0,-1,nan,90.000000,90.000000,nan,nan,nan,nan,0.000000,nan,nan,0,nan
opdformer_p_rgb_512,3514,466159/44796598/18119.605/e3aa9da8-d811-46d0-989f-5b24c1824de6,0,-1,nan,90.000000,90.000000,nan,nan,nan,nan,0.000000,nan,nan,0,nan
opdformer_p_rgb_512,3515,466159/44796598/18119.705/7ae7a94d-950b-4f23-8c37-a8b9d4a16a31,0,-1,nan,90.000000,90.000000,nan,nan,nan,nan,0.000000,nan,nan,0,nan
opdformer_p_rgb_512,3516,466159/44796598/18119.705/e3aa9da8-d811-46d0-989f-5b24c1824de6,0,-1,nan,90.000000,90.000000,nan,nan,nan,nan,0.000000,nan,nan,0,nan
opdformer_p_rgb_512,3517,466159/44796598/18119.805/7ae7a94d-950b-4f23-8c37-a8b9d4a16a31,0,-1,nan,90.000000,90.000000,nan,nan,nan,nan,0.000000,nan,nan,0,nan
opdformer_p_rgb_512,3518,466159/44796598/18119.805/e3aa9da8-d811-46d0-989f-5b24c1824de6,0,-1,nan,90.000000,90.000000,nan,nan,nan,nan,0.000000,nan,nan,0,nan
opdformer_p_rgb_512,3519,466159/44796598/18119.905/7ae7a94d-950b-4f23-8c37-a8b9d4a16a31,0,-1,nan,90.000000,90.000000,nan,nan,nan,nan,0.000000,nan,nan,0,nan
opdformer_p_rgb_512,3520,466159/44796598/18119.905/e3aa9da8-d811-46d0-989f-5b24c1824de6,0,-1,nan,90.000000,90.000000,nan,nan,nan,nan,0.000000,nan,nan,0,nan
opdformer_p_rgb_512,3521,466159/44796598/18120.005/7ae7a94d-950b-4f23-8c37-a8b9d4a16a31,0,-1,nan,90.000000,90.000000,nan,nan,nan,nan,0.000000,nan,nan,0,nan
opdformer_p_rgb_512,3522,466159/44796598/18120.005/e3aa9da8-d811-46d0-989f-5b24c1824de6,0,-1,nan,90.000000,90.000000,nan,nan,nan,nan,0.000000,nan,nan,0,nan
opdformer_p_rgb_512,3523,466159/44796598/18120.105/7ae7a94d-950b-4f23-8c37-a8b9d4a16a31,0,-1,nan,90.000000,90.000000,nan,nan,nan,nan,0.000000,nan,nan,0,nan
opdformer_p_rgb_512,3524,466159/44796598/18120.105/e3aa9da8-d811-46d0-989f-5b24c1824de6,0,-1,nan,90.000000,90.000000,nan,nan,nan,nan,0.000000,nan,nan,0,nan
opdformer_p_rgb_512,3525,466159/44796598/18120.205/7ae7a94d-950b-4f23-8c37-a8b9d4a16a31,0,-1,nan,90.000000,90.000000,nan,nan,nan,nan,0.000000,nan,nan,0,nan
opdformer_p_rgb_512,3526,466159/44796598/18120.205/e3aa9da8-d811-46d0-989f-5b24c1824de6,0,-1,nan,90.000000,90.000000,nan,nan,nan,nan,0.000000,nan,nan,0,nan
opdformer_p_rgb_512,3527,466159/44796598/18120.305/7ae7a94d-950b-4f23-8c37-a8b9d4a16a31,0,-1,nan,90.000000,90.000000,nan,nan,nan,nan,0.000000,nan,nan,0,nan
opdformer_p_rgb_512,3528,466159/44796598/18120.305/e3aa9da8-d811-46d0-989f-5b24c1824de6,0,-1,nan,90.000000,90.000000,nan,nan,nan,nan,0.000000,nan,nan,0,nan
opdformer_p_rgb_512,3529,466159/44796598/18120.405/7ae7a94d-950b-4f23-8c37-a8b9d4a16a31,0,-1,nan,90.000000,90.000000,nan,nan,nan,nan,0.000000,nan,nan,0,nan
opdformer_p_rgb_512,3530,466159/44796598/18120.405/e3aa9da8-d811-46d0-989f-5b24c1824de6,0,-1,nan,90.000000,90.000000,nan,nan,nan,nan,0.000000,nan,nan,0,nan
opdformer_p_rgb_512,3531,466159/44796598/18120.505/7ae7a94d-950b-4f23-8c37-a8b9d4a16a31,0,-1,nan,90.000000,90.000000,nan,nan,nan,nan,0.000000,nan,nan,0,nan
opdformer_p_rgb_512,3532,466159/44796598/18120.505/e3aa9da8-d811-46d0-989f-5b24c1824de6,0,-1,nan,90.000000,90.000000,nan,nan,nan,nan,0.000000,nan,nan,0,nan
opdformer_p_rgb_512,3533,466159/44796598/18120.605/7ae7a94d-950b-4f23-8c37-a8b9d4a16a31,0,-1,nan,90.000000,90.000000,nan,nan,nan,nan,0.000000,nan,nan,0,nan
opdformer_p_rgb_512,3534,466159/44796598/18120.605/e3aa9da8-d811-46d0-989f-5b24c1824de6,0,-1,nan,90.000000,90.000000,nan,nan,nan,nan,0.000000,nan,nan,0,nan
opdformer_p_rgb_512,3535,466159/44796598/18120.705/7ae7a94d-950b-4f23-8c37-a8b9d4a16a31,0,-1,nan,90.000000,90.000000,nan,nan,nan,nan,0.000000,nan,nan,0,nan
opdformer_p_rgb_512,3536,466159/44796598/18120.705/e3aa9da8-d811-46d0-989f-5b24c1824de6,0,-1,nan,90.000000,90.000000,nan,nan,nan,nan,0.000000,nan,nan,0,nan
opdformer_p_rgb_512,3537,466159/44796598/18120.805/7ae7a94d-950b-4f23-8c37-a8b9d4a16a31,0,-1,nan,90.000000,90.000000,nan,nan,nan,nan,0.000000,nan,nan,0,nan
opdformer_p_rgb_512,3538,466159/44796598/18120.805/e3aa9da8-d811-46d0-989f-5b24c1824de6,0,-1,nan,90.000000,90.000000,nan,nan,nan,nan,0.000000,nan,nan,0,nan
opdformer_p_rgb_512,3539,466159/44796598/18120.905/7ae7a94d-950b-4f23-8c37-a8b9d4a16a31,0,-1,nan,90.000000,90.000000,nan,nan,nan,nan,0.000000,nan,nan,0,nan
opdformer_p_rgb_512,3540,466159/44796598/18120.905/e3aa9da8-d811-46d0-989f-5b24c1824de6,0,1,nan,107.884516,72.115484,nan,nan,nan,nan,0.000722,nan,nan,1,0.005347
opdformer_p_rgb_512,3541,466159/44796598/18121.005/7ae7a94d-950b-4f23-8c37-a8b9d4a16a31,0,-1,nan,90.000000,90.000000,nan,nan,nan,nan,0.000000,nan,nan,0,nan
opdformer_p_rgb_512,3542,466159/44796598/18121.005/e3aa9da8-d811-46d0-989f-5b24c1824de6,0,-1,nan,90.000000,90.000000,nan,nan,nan,nan,0.000000,nan,nan,0,nan
opdformer_p_rgb_512,3543,466159/44796598/18121.105/7ae7a94d-950b-4f23-8c37-a8b9d4a16a31,0,-1,nan,90.000000,90.000000,nan,nan,nan,nan,0.000000,nan,nan,0,nan
opdformer_p_rgb_512,3544,466159/44796598/18121.105/e3aa9da8-d811-46d0-989f-5b24c1824de6,0,1,nan,111.638265,68.361735,nan,nan,nan,nan,0.006206,nan,nan,1,0.012966
opdformer_p_rgb_512,3545,466159/44796598/18121.205/7ae7a94d-950b-4f23-8c37-a8b9d4a16a31,0,-1,nan,90.000000,90.000000,nan,nan,nan,nan,0.000000,nan,nan,0,nan
opdformer_p_rgb_512,3546,466159/44796598/18121.205/e3aa9da8-d811-46d0-989f-5b24c1824de6,0,-1,nan,90.000000,90.000000,nan,nan,nan,nan,0.000000,nan,nan,0,nan
opdformer_p_rgb_512,3547,466159/44796598/18121.305/7ae7a94d-950b-4f23-8c37-a8b9d4a16a31,0,-1,nan,90.000000,90.000000,nan,nan,nan,nan,0.000000,nan,nan,0,nan
opdformer_p_rgb_512,3548,466159/44796598/18121.305/e3aa9da8-d811-46d0-989f-5b24c1824de6,0,1,nan,97.778286,82.221714,nan,nan,nan,nan,0.001361,nan,nan,1,0.031602
opdformer_p_rgb_512,3549,466159/44796598/18121.405/7ae7a94d-950b-4f23-8c37-a8b9d4a16a31,0,-1,nan,90.000000,90.000000,nan,nan,nan,nan,0.000000,nan,nan,0,nan
opdformer_p_rgb_512,3550,466159/44796598/18121.405/e3aa9da8-d811-46d0-989f-5b24c1824de6,0,-1,nan,90.000000,90.000000,nan,nan,nan,nan,0.000000,nan,nan,0,nan
opdformer_p_rgb_512,3551,466159/44796598/18121.505/7ae7a94d-950b-4f23-8c37-a8b9d4a16a31,0,-1,nan,90.000000,90.000000,nan,nan,nan,nan,0.000000,nan,nan,0,nan
opdformer_p_rgb_512,3552,466159/44796598/18121.505/e3aa9da8-d811-46d0-989f-5b24c1824de6,0,-1,nan,90.000000,90.000000,nan,nan,nan,nan,0.000000,nan,nan,0,nan
opdformer_p_rgb_512,3553,466159/44796598/18121.605/7ae7a94d-950b-4f23-8c37-a8b9d4a16a31,0,-1,nan,90.000000,90.000000,nan,nan,nan,nan,0.000000,nan,nan,0,nan
opdformer_p_rgb_512,3554,466159/44796598/18121.605/e3aa9da8-d811-46d0-989f-5b24c1824de6,0,-1,nan,90.000000,90.000000,nan,nan,nan,nan,0.000000,nan,nan,0,nan
opdformer_p_rgb_512,3555,466159/44796598/18121.705/7ae7a94d-950b-4f23-8c37-a8b9d4a16a31,0,-1,nan,90.000000,90.000000,nan,nan,nan,nan,0.000000,nan,nan,0,nan
opdformer_p_rgb_512,3556,466159/44796598/18121.705/e3aa9da8-d811-46d0-989f-5b24c1824de6,0,-1,nan,90.000000,90.000000,nan,nan,nan,nan,0.000000,nan,nan,0,nan
opdformer_p_rgb_512,3557,466159/44796598/18121.804/7ae7a94d-950b-4f23-8c37-a8b9d4a16a31,0,-1,nan,90.000000,90.000000,nan,nan,nan,nan,0.000000,nan,nan,0,nan
opdformer_p_rgb_512,3558,466159/44796598/18121.804/e3aa9da8-d811-46d0-989f-5b24c1824de6,0,-1,nan,90.000000,90.000000,nan,nan,nan,nan,0.000000,nan,nan,0,nan
opdformer_p_rgb_512,3559,466159/44796598/18121.904/7ae7a94d-950b-4f23-8c37-a8b9d4a16a31,0,-1,nan,90.000000,90.000000,nan,nan,nan,nan,0.000000,nan,nan,0,nan
opdformer_p_rgb_512,3560,466159/44796598/18121.904/e3aa9da8-d811-46d0-989f-5b24c1824de6,0,-1,nan,90.000000,90.000000,nan,nan,nan,nan,0.000000,nan,nan,0,nan
opdformer_p_rgb_512,3561,466159/44796598/18122.004/7ae7a94d-950b-4f23-8c37-a8b9d4a16a31,0,-1,nan,90.000000,90.000000,nan,nan,nan,nan,0.000000,nan,nan,0,nan
opdformer_p_rgb_512,3562,466159/44796598/18122.004/e3aa9da8-d811-46d0-989f-5b24c1824de6,0,-1,nan,90.000000,90.000000,nan,nan,nan,nan,0.000000,nan,nan,0,nan
opdformer_p_rgb_512,3563,466159/44796598/18122.104/7ae7a94d-950b-4f23-8c37-a8b9d4a16a31,0,-1,nan,90.000000,90.000000,nan,nan,nan,nan,0.000000,nan,nan,0,nan
opdformer_p_rgb_512,3564,466159/44796598/18122.104/e3aa9da8-d811-46d0-989f-5b24c1824de6,0,-1,nan,90.000000,90.000000,nan,nan,nan,nan,0.000000,nan,nan,0,nan
opdformer_p_rgb_512,3565,466159/44796598/18122.204/7ae7a94d-950b-4f23-8c37-a8b9d4a16a31,0,-1,nan,90.000000,90.000000,nan,nan,nan,nan,0.000000,nan,nan,0,nan
opdformer_p_rgb_512,3566,466159/44796598/18123.104/e3aa9da8-d811-46d0-989f-5b24c1824de6,0,1,nan,106.286666,73.713334,nan,nan,nan,nan,0.006321,nan,nan,1,0.004656
opdformer_p_rgb_512,3567,466159/44796598/18123.204/e3aa9da8-d811-46d0-989f-5b24c1824de6,0,1,nan,80.240301,80.240301,nan,nan,nan,nan,0.054408,nan,nan,1,0.004781
opdformer_p_rgb_512,3568,466159/44796598/18123.304/e3aa9da8-d811-46d0-989f-5b24c1824de6,0,0,nan,86.482771,86.482771,nan,nan,nan,nan,0.071827,nan,nan,1,0.009136
opdformer_p_rgb_512,3569,466159/44796598/18123.404/e3aa9da8-d811-46d0-989f-5b24c1824de6,0,0,nan,76.104434,76.104434,nan,nan,nan,nan,0.046955,nan,nan,1,0.001882
opdformer_p_rgb_512,3570,466159/44796598/18123.504/e3aa9da8-d811-46d0-989f-5b24c1824de6,0,0,nan,77.279746,77.279746,nan,nan,nan,nan,0.001432,nan,nan,1,0.009511
opdformer_p_rgb_512,3571,466159/44796598/18123.604/e3aa9da8-d811-46d0-989f-5b24c1824de6,0,0,nan,81.080099,81.080099,nan,nan,nan,nan,0.005538,nan,nan,1,0.003503
opdformer_p_rgb_512,3572,466159/44796598/18124.303/7ae7a94d-950b-4f23-8c37-a8b9d4a16a31,0,-1,nan,90.000000,90.000000,nan,nan,nan,nan,0.000000,nan,nan,0,nan
opdformer_p_rgb_512,3573,466159/44796598/18124.403/7ae7a94d-950b-4f23-8c37-a8b9d4a16a31,0,-1,nan,90.000000,90.000000,nan,nan,nan,nan,0.000000,nan,nan,0,nan
opdformer_p_rgb_512,3574,466159/44796598/18124.403/e3aa9da8-d811-46d0-989f-5b24c1824de6,0,0,nan,99.022336,80.977664,nan,nan,nan,nan,0.077601,nan,nan,1,0.009752
opdformer_p_rgb_512,3575,466159/44796598/18124.503/7ae7a94d-950b-4f23-8c37-a8b9d4a16a31,0,-1,nan,90.000000,90.000000,nan,nan,nan,nan,0.000000,nan,nan,0,nan
opdformer_p_rgb_512,3576,466159/44796598/18124.503/e3aa9da8-d811-46d0-989f-5b24c1824de6,0,-1,nan,90.000000,90.000000,nan,nan,nan,nan,0.000000,nan,nan,0,nan
opdformer_p_rgb_512,3577,466159/44796598/18124.603/7ae7a94d-950b-4f23-8c37-a8b9d4a16a31,0,-1,nan,90.000000,90.000000,nan,nan,nan,nan,0.000000,nan,nan,0,nan
opdformer_p_rgb_512,3578,466159/44796598/18124.603/e3aa9da8-d811-46d0-989f-5b24c1824de6,0,-1,nan,90.000000,90.000000,nan,nan,nan,nan,0.000000,nan,nan,0,nan
opdformer_p_rgb_512,3579,466159/44796598/18124.703/7ae7a94d-950b-4f23-8c37-a8b9d4a16a31,0,-1,nan,90.000000,90.000000,nan,nan,nan,nan,0.000000,nan,nan,0,nan
opdformer_p_rgb_512,3580,466159/44796598/18124.703/e3aa9da8-d811-46d0-989f-5b24c1824de6,0,-1,nan,90.000000,90.000000,nan,nan,nan,nan,0.000000,nan,nan,0,nan
opdformer_p_rgb_512,3581,466159/44796598/18124.803/7ae7a94d-950b-4f23-8c37-a8b9d4a16a31,0,-1,nan,90.000000,90.000000,nan,nan,nan,nan,0.000000,nan,nan,0,nan
opdformer_p_rgb_512,3582,466159/44796598/18124.803/e3aa9da8-d811-46d0-989f-5b24c1824de6,0,0,nan,55.682044,55.682044,nan,nan,nan,nan,0.025552,nan,nan,1,0.002018
opdformer_p_rgb_512,3583,466159/44796598/18124.903/7ae7a94d-950b-4f23-8c37-a8b9d4a16a31,0,-1,nan,90.000000,90.000000,nan,nan,nan,nan,0.000000,nan,nan,0,nan
opdformer_p_rgb_512,3584,466159/44796598/18124.903/e3aa9da8-d811-46d0-989f-5b24c1824de6,0,-1,nan,90.000000,90.000000,nan,nan,nan,nan,0.000000,nan,nan,0,nan
opdformer_p_rgb_512,3585,466159/44796598/18125.003/7ae7a94d-950b-4f23-8c37-a8b9d4a16a31,0,-1,nan,90.000000,90.000000,nan,nan,nan,nan,0.000000,nan,nan,0,nan
opdformer_p_rgb_512,3586,466159/44796598/18125.003/e3aa9da8-d811-46d0-989f-5b24c1824de6,0,-1,nan,90.000000,90.000000,nan,nan,nan,nan,0.000000,nan,nan,0,nan
opdformer_p_rgb_512,3587,466159/44796598/18125.103/7ae7a94d-950b-4f23-8c37-a8b9d4a16a31,0,0,nan,65.871058,65.871058,nan,nan,nan,nan,0.382445,nan,nan,1,0.001091
opdformer_p_rgb_512,3588,466159/44796598/18125.103/e3aa9da8-d811-46d0-989f-5b24c1824de6,0,-1,nan,90.000000,90.000000,nan,nan,nan,nan,0.000000,nan,nan,0,nan
opdformer_p_rgb_512,3589,466159/44796598/18125.203/7ae7a94d-950b-4f23-8c37-a8b9d4a16a31,0,0,nan,82.115870,82.115870,nan,nan,nan,nan,0.141689,nan,nan,1,0.001614
opdformer_p_rgb_512,3590,466159/44796598/18125.203/e3aa9da8-d811-46d0-989f-5b24c1824de6,0,-1,nan,90.000000,90.000000,nan,nan,nan,nan,0.000000,nan,nan,0,nan
opdformer_p_rgb_512,3591,466159/44796598/18125.303/7ae7a94d-950b-4f23-8c37-a8b9d4a16a31,0,-1,nan,90.000000,90.000000,nan,nan,nan,nan,0.000000,nan,nan,0,nan
opdformer_p_rgb_512,3592,466159/44796598/18125.303/e3aa9da8-d811-46d0-989f-5b24c1824de6,0,-1,nan,90.000000,90.000000,nan,nan,nan,nan,0.000000,nan,nan,0,nan
opdformer_p_rgb_512,3593,466159/44796598/18125.403/7ae7a94d-950b-4f23-8c37-a8b9d4a16a31,0,0,nan,33.269143,33.269143,nan,nan,nan,nan,0.007407,nan,nan,1,0.002068
opdformer_p_rgb_512,3594,466159/44796598/18125.403/e3aa9da8-d811-46d0-989f-5b24c1824de6,0,0,nan,36.505703,36.505703,nan,nan,nan,nan,0.026273,nan,nan,1,0.003586
opdformer_p_rgb_512,3595,466159/44796598/18125.503/e3aa9da8-d811-46d0-989f-5b24c1824de6,0,-1,nan,90.000000,90.000000,nan,nan,nan,nan,0.000000,nan,nan,0,nan
opdformer_p_rgb_512,3596,466159/44796598/18125.603/e3aa9da8-d811-46d0-989f-5b24c1824de6,0,1,nan,49.635391,49.635391,nan,nan,nan,nan,0.058910,nan,nan,1,0.004111
opdformer_p_rgb_512,3597,466159/44796598/18125.703/e3aa9da8-d811-46d0-989f-5b24c1824de6,0,0,nan,26.786137,26.786137,nan,nan,nan,nan,0.016082,nan,nan,1,0.006014
opdformer_p_rgb_512,3598,466159/44796598/18125.803/e3aa9da8-d811-46d0-989f-5b24c1824de6,0,1,nan,41.368469,41.368469,nan,nan,nan,nan,0.000000,nan,nan,1,0.002126
opdformer_p_rgb_512,3599,466159/44796598/18125.903/e3aa9da8-d811-46d0-989f-5b24c1824de6,0,1,nan,117.886788,62.113212,nan,nan,nan,nan,0.555901,nan,nan,1,0.003308
opdformer_p_rgb_512,3600,466159/44796598/18126.003/e3aa9da8-d811-46d0-989f-5b24c1824de6,0,0,nan,45.156630,45.156630,nan,nan,nan,nan,0.658869,nan,nan,1,0.003188
opdformer_p_rgb_512,3601,466159/44796598/18126.103/e3aa9da8-d811-46d0-989f-5b24c1824de6,0,0,nan,24.529931,24.529931,nan,nan,nan,nan,0.661232,nan,nan,1,0.022135
opdformer_p_rgb_512,3602,466159/44796598/18128.902/28ae729b-2199-49be-a7d1-8029d0749a14,1,1,nan,4.386750,4.386750,0.317640,0.358358,nan,nan,0.524927,nan,nan,1,0.001131
opdformer_p_rgb_512,3603,466159/44796598/18129.002/28ae729b-2199-49be-a7d1-8029d0749a14,1,1,nan,8.892350,8.892350,0.188950,0.288220,nan,nan,0.553977,nan,nan,1,0.009454
opdformer_p_rgb_512,3604,466159/44796598/18129.101/28ae729b-2199-49be-a7d1-8029d0749a14,1,1,nan,11.275056,11.275056,0.179154,0.179257,nan,nan,0.482436,nan,nan,1,0.445477
opdformer_p_rgb_512,3605,466159/44796598/18129.201/28ae729b-2199-49be-a7d1-8029d0749a14,1,1,nan,7.657145,7.657145,0.101356,0.305372,nan,nan,0.641304,nan,nan,1,0.033757
opdformer_p_rgb_512,3606,466159/44796598/18129.301/28ae729b-2199-49be-a7d1-8029d0749a14,1,1,nan,24.473640,24.473640,0.120982,0.130775,nan,nan,0.519313,nan,nan,1,0.006431
opdformer_p_rgb_512,3607,466159/44796598/18129.401/28ae729b-2199-49be-a7d1-8029d0749a14,1,1,nan,8.098848,8.098848,0.134313,0.222741,nan,nan,0.579365,nan,nan,1,0.021292
opdformer_p_rgb_512,3608,466159/44796598/18129.501/28ae729b-2199-49be-a7d1-8029d0749a14,1,1,nan,9.044846,9.044846,0.355750,0.377277,nan,nan,0.606440,nan,nan,1,0.009237
opdformer_p_rgb_512,3609,466159/44796598/18129.601/28ae729b-2199-49be-a7d1-8029d0749a14,1,1,nan,6.852454,6.852454,0.377248,0.377803,nan,nan,0.468023,nan,nan,1,0.039567
opdformer_p_rgb_512,3610,466159/44796598/18129.701/28ae729b-2199-49be-a7d1-8029d0749a14,1,1,nan,12.014842,12.014842,0.497702,0.497749,nan,nan,0.480218,nan,nan,1,0.161915
opdformer_p_rgb_512,3611,466159/44796598/18131.600/28ae729b-2199-49be-a7d1-8029d0749a14,1,1,nan,9.443783,9.443783,0.306598,0.392418,nan,nan,0.458621,nan,nan,1,0.000276
opdformer_p_rgb_512,3612,466159/44796598/18131.700/28ae729b-2199-49be-a7d1-8029d0749a14,1,1,nan,9.593854,9.593854,0.286350,0.319381,nan,nan,0.517241,nan,nan,1,0.141110
opdformer_p_rgb_512,3613,466159/44796598/18131.800/28ae729b-2199-49be-a7d1-8029d0749a14,1,1,nan,8.732806,8.732806,0.400695,0.447072,nan,nan,0.482480,nan,nan,1,0.361746
opdformer_p_rgb_512,3614,466159/44796598/18131.900/28ae729b-2199-49be-a7d1-8029d0749a14,1,1,nan,8.908615,8.908615,0.371731,0.390471,nan,nan,0.493911,nan,nan,1,0.000374
opdformer_p_rgb_512,3615,466159/44796598/18132.000/28ae729b-2199-49be-a7d1-8029d0749a14,1,1,nan,8.979977,8.979977,0.346929,0.413709,nan,nan,0.288114,nan,nan,1,0.141098
opdformer_p_rgb_512,3616,466159/44796598/18132.100/28ae729b-2199-49be-a7d1-8029d0749a14,1,1,nan,10.099007,10.099007,0.387574,0.518511,nan,nan,0.269886,nan,nan,1,0.134325
opdformer_p_rgb_512,3617,466159/44796598/18132.200/28ae729b-2199-49be-a7d1-8029d0749a14,1,1,nan,7.582192,7.582192,0.637973,0.684629,nan,nan,0.299248,nan,nan,1,0.002114
opdformer_p_rgb_512,3618,466159/44796598/18132.300/28ae729b-2199-49be-a7d1-8029d0749a14,1,1,nan,11.765882,11.765882,0.388340,0.489889,nan,nan,0.136740,nan,nan,1,0.003463
opdformer_p_rgb_512,3619,466159/44796598/18132.400/28ae729b-2199-49be-a7d1-8029d0749a14,1,1,nan,6.469025,6.469025,0.555108,0.632455,nan,nan,0.103918,nan,nan,1,0.010959
opdformer_p_rgb_512,3620,466159/44796598/18132.500/28ae729b-2199-49be-a7d1-8029d0749a14,1,1,nan,11.375144,11.375144,0.105990,0.115355,nan,nan,0.006380,nan,nan,1,0.003511
opdformer_p_rgb_512,3621,466159/44796598/18132.600/28ae729b-2199-49be-a7d1-8029d0749a14,1,1,nan,33.375458,33.375458,0.315186,0.366181,nan,nan,0.160839,nan,nan,1,0.001669
opdformer_p_rgb_512,3622,466159/44796598/18132.700/28ae729b-2199-49be-a7d1-8029d0749a14,1,-1,nan,90.000000,90.000000,nan,nan,nan,nan,0.000000,nan,nan,0,nan
opdformer_p_rgb_512,3623,466159/44796598/18132.800/28ae729b-2199-49be-a7d1-8029d0749a14,1,1,nan,28.880122,28.880122,0.066207,0.066723,nan,nan,0.020668,nan,nan,1,0.007198
opdformer_p_rgb_512,3624,466159/44796598/18132.900/28ae729b-2199-49be-a7d1-8029d0749a14,1,-1,nan,90.000000,90.000000,nan,nan,nan,nan,0.000000,nan,nan,0,nan
opdformer_p_rgb_512,3625,466159/44796598/18133.000/28ae729b-2199-49be-a7d1-8029d0749a14,1,1,nan,78.210856,78.210856,0.461970,0.556095,nan,nan,0.131617,nan,nan,1,0.000711
opdformer_p_rgb_512,3626,466159/44796598/18133.100/28ae729b-2199-49be-a7d1-8029d0749a14,1,1,nan,30.064297,30.064297,0.467835,0.470790,nan,nan,0.060453,nan,nan,1,0.001778
opdformer_p_rgb_512,3627,466159/44796598/18133.200/28ae729b-2199-49be-a7d1-8029d0749a14,1,1,nan,27.973553,27.973553,0.093972,0.135600,nan,nan,0.312796,nan,nan,1,0.002080
opdformer_p_rgb_512,3628,466159/44796598/18133.300/28ae729b-2199-49be-a7d1-8029d0749a14,1,1,nan,11.609641,11.609641,0.287280,0.303231,nan,nan,0.268263,nan,nan,1,0.001306
opdformer_p_rgb_512,3629,466159/44796598/18133.400/28ae729b-2199-49be-a7d1-8029d0749a14,1,1,nan,39.557538,39.557538,0.205940,0.347807,nan,nan,0.353374,nan,nan,1,0.000375
opdformer_p_rgb_512,3630,466159/44796598/18137.998/c3d2e21e-77d8-44e2-a0ec-52820e492e84,0,0,nan,23.099368,23.099368,nan,nan,nan,nan,0.733788,nan,nan,1,0.000087
opdformer_p_rgb_512,3631,466159/44796598/18138.098/c3d2e21e-77d8-44e2-a0ec-52820e492e84,0,0,nan,30.364941,30.364941,nan,nan,nan,nan,0.707792,nan,nan,1,0.000050
opdformer_p_rgb_512,3632,466159/44796598/18138.198/c3d2e21e-77d8-44e2-a0ec-52820e492e84,0,0,nan,25.403550,25.403550,nan,nan,nan,nan,0.712242,nan,nan,1,0.983481
opdformer_p_rgb_512,3633,466159/44796598/18138.298/c3d2e21e-77d8-44e2-a0ec-52820e492e84,0,0,nan,27.922255,27.922255,nan,nan,nan,nan,0.726852,nan,nan,1,0.975654
opdformer_p_rgb_512,3634,466159/44796598/18138.398/c3d2e21e-77d8-44e2-a0ec-52820e492e84,0,0,nan,26.004880,26.004880,nan,nan,nan,nan,0.628617,nan,nan,1,0.980350
opdformer_p_rgb_512,3635,466159/44796598/18138.498/503e37dd-8f07-40db-a0d0-d7c95c3deddf,1,1,nan,3.517713,3.517713,0.352632,0.389110,nan,nan,0.336723,nan,nan,1,0.000751
opdformer_p_rgb_512,3636,466159/44796598/18138.498/c3d2e21e-77d8-44e2-a0ec-52820e492e84,0,0,nan,34.553914,34.553914,nan,nan,nan,nan,0.670690,nan,nan,1,0.000148
opdformer_p_rgb_512,3637,466159/44796598/18138.598/503e37dd-8f07-40db-a0d0-d7c95c3deddf,1,1,nan,9.087014,9.087014,0.281667,0.296576,nan,nan,0.333736,nan,nan,1,0.000094
opdformer_p_rgb_512,3638,466159/44796598/18138.598/c3d2e21e-77d8-44e2-a0ec-52820e492e84,0,0,nan,36.525135,36.525135,nan,nan,nan,nan,0.668780,nan,nan,1,0.000167
opdformer_p_rgb_512,3639,466159/44796598/18138.598/dac7f56a-e436-4881-a989-052d76bcfa88,0,0,nan,17.368865,17.368865,nan,nan,nan,nan,0.632987,nan,nan,1,0.000076
opdformer_p_rgb_512,3640,466159/44796598/18138.698/503e37dd-8f07-40db-a0d0-d7c95c3deddf,1,1,nan,7.658988,7.658988,0.294641,0.304975,nan,nan,0.252071,nan,nan,1,0.000527
opdformer_p_rgb_512,3641,466159/44796598/18138.698/c3d2e21e-77d8-44e2-a0ec-52820e492e84,0,0,nan,28.499876,28.499876,nan,nan,nan,nan,0.670017,nan,nan,1,0.000080
opdformer_p_rgb_512,3642,466159/44796598/18138.698/dac7f56a-e436-4881-a989-052d76bcfa88,0,0,nan,28.120046,28.120046,nan,nan,nan,nan,0.512821,nan,nan,1,0.000291
opdformer_p_rgb_512,3643,466159/44796598/18138.797/503e37dd-8f07-40db-a0d0-d7c95c3deddf,1,1,nan,12.937948,12.937948,0.165472,0.188968,nan,nan,0.332921,nan,nan,1,0.000329
opdformer_p_rgb_512,3644,466159/44796598/18138.797/c3d2e21e-77d8-44e2-a0ec-52820e492e84,0,0,nan,28.101517,28.101517,nan,nan,nan,nan,0.658576,nan,nan,1,0.000105
opdformer_p_rgb_512,3645,466159/44796598/18138.797/dac7f56a-e436-4881-a989-052d76bcfa88,0,0,nan,19.685552,19.685552,nan,nan,nan,nan,0.520509,nan,nan,1,0.977291
opdformer_p_rgb_512,3646,466159/44796598/18138.897/503e37dd-8f07-40db-a0d0-d7c95c3deddf,1,1,nan,7.321765,7.321765,0.318186,0.323811,nan,nan,0.253240,nan,nan,1,0.000185
opdformer_p_rgb_512,3647,466159/44796598/18138.897/c3d2e21e-77d8-44e2-a0ec-52820e492e84,0,0,nan,18.743188,18.743188,nan,nan,nan,nan,0.703764,nan,nan,1,0.000019
opdformer_p_rgb_512,3648,466159/44796598/18138.897/dac7f56a-e436-4881-a989-052d76bcfa88,0,0,nan,10.547455,10.547455,nan,nan,nan,nan,0.634557,nan,nan,1,0.000076
opdformer_p_rgb_512,3649,466159/44796598/18138.997/503e37dd-8f07-40db-a0d0-d7c95c3deddf,1,1,nan,7.256909,7.256909,0.285591,0.294952,nan,nan,0.394343,nan,nan,1,0.003844
opdformer_p_rgb_512,3650,466159/44796598/18138.997/c3d2e21e-77d8-44e2-a0ec-52820e492e84,0,0,nan,26.753402,26.753402,nan,nan,nan,nan,0.696000,nan,nan,1,0.000131
opdformer_p_rgb_512,3651,466159/44796598/18138.997/dac7f56a-e436-4881-a989-052d76bcfa88,0,0,nan,18.980548,18.980548,nan,nan,nan,nan,0.574128,nan,nan,1,0.000073
opdformer_p_rgb_512,3652,466159/44796598/18139.097/503e37dd-8f07-40db-a0d0-d7c95c3deddf,1,1,nan,8.504423,8.504423,0.241665,0.244102,nan,nan,0.343885,nan,nan,1,0.000429
opdformer_p_rgb_512,3653,466159/44796598/18139.097/dac7f56a-e436-4881-a989-052d76bcfa88,0,0,nan,16.950903,16.950903,nan,nan,nan,nan,0.625879,nan,nan,1,0.000078
opdformer_p_rgb_512,3654,466159/44796598/18139.197/38e289e8-d9b3-478d-a2b9-c0b5b0b10753,0,0,nan,9.238186,9.238186,nan,nan,nan,nan,0.612188,nan,nan,1,0.000030
opdformer_p_rgb_512,3655,466159/44796598/18139.197/503e37dd-8f07-40db-a0d0-d7c95c3deddf,1,1,nan,11.366132,11.366132,0.141387,0.145313,nan,nan,0.415008,nan,nan,1,0.000261
opdformer_p_rgb_512,3656,466159/44796598/18139.297/503e37dd-8f07-40db-a0d0-d7c95c3deddf,1,1,nan,5.925171,5.925171,0.393668,0.394825,nan,nan,0.516975,nan,nan,1,0.000307
opdformer_p_rgb_512,3657,466159/44796598/18139.397/503e37dd-8f07-40db-a0d0-d7c95c3deddf,1,1,nan,8.187987,8.187987,0.211250,0.218769,nan,nan,0.376420,nan,nan,1,0.000167
opdformer_p_rgb_512,3658,466159/44796598/18139.497/503e37dd-8f07-40db-a0d0-d7c95c3deddf,1,1,nan,13.224645,13.224645,0.063642,0.070966,nan,nan,0.520458,nan,nan,1,0.000434
opdformer_p_rgb_512,3659,466159/44796598/18139.597/503e37dd-8f07-40db-a0d0-d7c95c3deddf,1,1,nan,14.297424,14.297424,0.070105,0.093372,nan,nan,0.450075,nan,nan,1,0.000402
opdformer_p_rgb_512,3660,466159/44796598/18139.697/503e37dd-8f07-40db-a0d0-d7c95c3deddf,1,1,nan,12.918760,12.918760,0.397061,0.397089,nan,nan,0.531852,nan,nan,1,0.001187
opdformer_p_rgb_512,3661,466159/44796598/18139.797/503e37dd-8f07-40db-a0d0-d7c95c3deddf,1,1,nan,6.914470,6.914470,0.344849,0.344897,nan,nan,0.434722,nan,nan,1,0.000432
opdformer_p_rgb_512,3662,466159/44796598/18139.897/503e37dd-8f07-40db-a0d0-d7c95c3deddf,1,1,nan,17.375379,17.375379,0.841587,0.841938,nan,nan,0.432545,nan,nan,1,0.000353
opdformer_p_rgb_512,3663,466159/44796598/18139.997/503e37dd-8f07-40db-a0d0-d7c95c3deddf,1,1,nan,12.583868,12.583868,0.128736,0.311583,nan,nan,0.468843,nan,nan,1,0.001381
opdformer_p_rgb_512,3664,466159/44796598/18140.097/503e37dd-8f07-40db-a0d0-d7c95c3deddf,1,1,nan,26.079168,26.079168,0.400047,0.421051,nan,nan,0.455357,nan,nan,1,0.000962
opdformer_p_rgb_512,3665,466159/44796598/18140.197/503e37dd-8f07-40db-a0d0-d7c95c3deddf,1,1,nan,14.107823,14.107823,0.173003,0.174156,nan,nan,0.506812,nan,nan,1,0.001551
opdformer_p_rgb_512,3666,466159/44796598/18140.297/503e37dd-8f07-40db-a0d0-d7c95c3deddf,1,1,nan,11.907092,11.907092,0.709986,0.731620,nan,nan,0.525060,nan,nan,1,0.000607
opdformer_p_rgb_512,3667,466159/44796598/18140.397/503e37dd-8f07-40db-a0d0-d7c95c3deddf,1,1,nan,10.460845,10.460845,0.562330,0.562629,nan,nan,0.635280,nan,nan,1,0.000572
opdformer_p_rgb_512,3668,466159/44796598/18140.497/503e37dd-8f07-40db-a0d0-d7c95c3deddf,1,1,nan,3.608296,3.608296,0.239009,0.316894,nan,nan,0.540894,nan,nan,1,0.000146
opdformer_p_rgb_512,3669,466159/44796598/18140.597/503e37dd-8f07-40db-a0d0-d7c95c3deddf,1,1,nan,3.786920,3.786920,0.424419,0.500611,nan,nan,0.564732,nan,nan,1,0.003587
opdformer_p_rgb_512,3670,466159/44796598/18140.697/503e37dd-8f07-40db-a0d0-d7c95c3deddf,1,1,nan,4.445068,4.445068,0.701489,0.702229,nan,nan,0.582199,nan,nan,1,0.000084
opdformer_p_rgb_512,3671,466159/44796598/18140.797/503e37dd-8f07-40db-a0d0-d7c95c3deddf,1,1,nan,2.524107,2.524107,0.361277,0.361670,nan,nan,0.523913,nan,nan,1,0.000084
opdformer_p_rgb_512,3672,466159/44796598/18140.897/503e37dd-8f07-40db-a0d0-d7c95c3deddf,1,1,nan,8.882906,8.882906,0.276129,0.276815,nan,nan,0.544513,nan,nan,1,0.000096
opdformer_p_rgb_512,3673,466159/44796598/18140.997/38e289e8-d9b3-478d-a2b9-c0b5b0b10753,0,0,nan,17.264404,17.264404,nan,nan,nan,nan,0.565506,nan,nan,1,0.000035
opdformer_p_rgb_512,3674,466159/44796598/18140.997/503e37dd-8f07-40db-a0d0-d7c95c3deddf,1,1,nan,4.161422,4.161422,0.253833,0.281064,nan,nan,0.628931,nan,nan,1,0.000204
opdformer_p_rgb_512,3675,466159/44796598/18141.097/38e289e8-d9b3-478d-a2b9-c0b5b0b10753,0,0,nan,5.004526,5.004526,nan,nan,nan,nan,0.646503,nan,nan,1,0.000171
opdformer_p_rgb_512,3676,466159/44796598/18141.097/503e37dd-8f07-40db-a0d0-d7c95c3deddf,1,1,nan,5.248348,5.248348,0.467174,0.472803,nan,nan,0.488636,nan,nan,1,0.000093
opdformer_p_rgb_512,3677,466159/44796598/18141.097/dac7f56a-e436-4881-a989-052d76bcfa88,0,0,nan,6.936158,6.936158,nan,nan,nan,nan,0.565657,nan,nan,1,0.000110
opdformer_p_rgb_512,3678,466159/44796598/18141.196/38e289e8-d9b3-478d-a2b9-c0b5b0b10753,0,0,nan,6.616181,6.616181,nan,nan,nan,nan,0.545988,nan,nan,1,0.000031
opdformer_p_rgb_512,3679,466159/44796598/18141.196/503e37dd-8f07-40db-a0d0-d7c95c3deddf,1,1,nan,5.395744,5.395744,0.653654,0.668914,nan,nan,0.559232,nan,nan,1,0.000114
opdformer_p_rgb_512,3680,466159/44796598/18141.196/c3d2e21e-77d8-44e2-a0ec-52820e492e84,0,0,nan,5.533523,5.533523,nan,nan,nan,nan,0.670290,nan,nan,1,0.000054
opdformer_p_rgb_512,3681,466159/44796598/18141.196/dac7f56a-e436-4881-a989-052d76bcfa88,0,0,nan,2.901563,2.901563,nan,nan,nan,nan,0.585516,nan,nan,1,0.000018
opdformer_p_rgb_512,3682,466159/44796598/18141.296/38e289e8-d9b3-478d-a2b9-c0b5b0b10753,0,0,nan,9.547109,9.547109,nan,nan,nan,nan,0.535484,nan,nan,1,0.870323
opdformer_p_rgb_512,3683,466159/44796598/18141.296/503e37dd-8f07-40db-a0d0-d7c95c3deddf,1,1,nan,6.895826,6.895826,0.494488,0.503844,nan,nan,0.510053,nan,nan,1,0.000097
opdformer_p_rgb_512,3684,466159/44796598/18141.296/c3d2e21e-77d8-44e2-a0ec-52820e492e84,0,0,nan,11.667266,11.667266,nan,nan,nan,nan,0.625488,nan,nan,1,0.000088
opdformer_p_rgb_512,3685,466159/44796598/18141.296/dac7f56a-e436-4881-a989-052d76bcfa88,0,0,nan,2.039971,2.039971,nan,nan,nan,nan,0.548544,nan,nan,1,0.000031
opdformer_p_rgb_512,3686,466159/44796598/18141.396/38e289e8-d9b3-478d-a2b9-c0b5b0b10753,0,0,nan,8.813628,8.813628,nan,nan,nan,nan,0.585470,nan,nan,1,0.961949
opdformer_p_rgb_512,3687,466159/44796598/18141.396/503e37dd-8f07-40db-a0d0-d7c95c3deddf,1,0,nan,32.754018,32.754018,0.135189,0.174027,nan,nan,0.561290,nan,nan,1,0.001312
opdformer_p_rgb_512,3688,466159/44796598/18141.396/c3d2e21e-77d8-44e2-a0ec-52820e492e84,0,0,nan,14.514968,14.514968,nan,nan,nan,nan,0.707849,nan,nan,1,0.000060
opdformer_p_rgb_512,3689,466159/44796598/18141.396/dac7f56a-e436-4881-a989-052d76bcfa88,0,0,nan,3.381501,3.381501,nan,nan,nan,nan,0.601600,nan,nan,1,0.000123
opdformer_p_rgb_512,3690,466159/44796598/18141.496/0c34c061-5730-41a8-865b-31b0a9d1197f,0,0,nan,34.463597,34.463597,nan,nan,nan,nan,0.478417,nan,nan,1,0.000058
opdformer_p_rgb_512,3691,466159/44796598/18141.496/38e289e8-d9b3-478d-a2b9-c0b5b0b10753,0,0,nan,8.026075,8.026075,nan,nan,nan,nan,0.570787,nan,nan,1,0.967528
opdformer_p_rgb_512,3692,466159/44796598/18141.496/503e37dd-8f07-40db-a0d0-d7c95c3deddf,1,1,nan,8.939340,8.939340,0.591645,0.593231,nan,nan,0.587302,nan,nan,1,0.000230
opdformer_p_rgb_512,3693,466159/44796598/18141.496/c3d2e21e-77d8-44e2-a0ec-52820e492e84,0,0,nan,12.470830,12.470830,nan,nan,nan,nan,0.750751,nan,nan,1,0.000024
opdformer_p_rgb_512,3694,466159/44796598/18141.496/dac7f56a-e436-4881-a989-052d76bcfa88,0,0,nan,3.290983,3.290983,nan,nan,nan,nan,0.666071,nan,nan,1,0.000037
opdformer_p_rgb_512,3695,466159/44796598/18141.596/0c34c061-5730-41a8-865b-31b0a9d1197f,0,0,nan,6.208171,6.208171,nan,nan,nan,nan,0.498674,nan,nan,1,0.000911
opdformer_p_rgb_512,3696,466159/44796598/18141.596/38e289e8-d9b3-478d-a2b9-c0b5b0b10753,0,0,nan,6.220897,6.220897,nan,nan,nan,nan,0.563415,nan,nan,1,0.000023
opdformer_p_rgb_512,3697,466159/44796598/18141.596/503e37dd-8f07-40db-a0d0-d7c95c3deddf,1,0,nan,23.587197,23.587197,0.354269,0.387629,nan,nan,0.522102,nan,nan,1,0.000626
opdformer_p_rgb_512,3698,466159/44796598/18141.596/c3d2e21e-77d8-44e2-a0ec-52820e492e84,0,0,nan,8.755237,8.755237,nan,nan,nan,nan,0.739458,nan,nan,1,0.000017
opdformer_p_rgb_512,3699,466159/44796598/18141.596/dac7f56a-e436-4881-a989-052d76bcfa88,0,0,nan,6.949064,6.949064,nan,nan,nan,nan,0.687984,nan,nan,1,0.000019
opdformer_p_rgb_512,3700,466159/44796598/18141.596/ed823405-95a2-4b26-a767-a229c470171b,0,0,nan,8.513594,8.513594,nan,nan,nan,nan,0.645390,nan,nan,1,0.000977
opdformer_p_rgb_512,3701,466159/44796598/18141.696/38e289e8-d9b3-478d-a2b9-c0b5b0b10753,0,0,nan,8.038928,8.038928,nan,nan,nan,nan,0.627160,nan,nan,1,0.000053
opdformer_p_rgb_512,3702,466159/44796598/18141.696/503e37dd-8f07-40db-a0d0-d7c95c3deddf,1,1,nan,11.678998,11.678998,0.492056,0.493448,nan,nan,0.381110,nan,nan,1,0.000403
opdformer_p_rgb_512,3703,466159/44796598/18141.696/91dd17dd-d317-43eb-aafd-d21f67de524b,0,0,nan,10.649059,10.649059,nan,nan,nan,nan,0.626966,nan,nan,1,0.003191
opdformer_p_rgb_512,3704,466159/44796598/18141.696/c3d2e21e-77d8-44e2-a0ec-52820e492e84,0,0,nan,17.173649,17.173649,nan,nan,nan,nan,0.733221,nan,nan,1,0.000099
opdformer_p_rgb_512,3705,466159/44796598/18141.696/dac7f56a-e436-4881-a989-052d76bcfa88,0,0,nan,3.832654,3.832654,nan,nan,nan,nan,0.657640,nan,nan,1,0.000016
opdformer_p_rgb_512,3706,466159/44796598/18141.696/ed823405-95a2-4b26-a767-a229c470171b,0,0,nan,14.640661,14.640661,nan,nan,nan,nan,0.610577,nan,nan,1,0.000892
opdformer_p_rgb_512,3707,466159/44796598/18141.796/38e289e8-d9b3-478d-a2b9-c0b5b0b10753,0,0,nan,3.945984,3.945984,nan,nan,nan,nan,0.676190,nan,nan,1,0.000024
opdformer_p_rgb_512,3708,466159/44796598/18141.796/91dd17dd-d317-43eb-aafd-d21f67de524b,0,0,nan,21.364545,21.364545,nan,nan,nan,nan,0.697500,nan,nan,1,0.001532
opdformer_p_rgb_512,3709,466159/44796598/18141.796/c3d2e21e-77d8-44e2-a0ec-52820e492e84,0,0,nan,22.591900,22.591900,nan,nan,nan,nan,0.775044,nan,nan,1,0.000252
opdformer_p_rgb_512,3710,466159/44796598/18141.796/dac7f56a-e436-4881-a989-052d76bcfa88,0,0,nan,3.705227,3.705227,nan,nan,nan,nan,0.633858,nan,nan,1,0.000023
opdformer_p_rgb_512,3711,466159/44796598/18141.796/ed823405-95a2-4b26-a767-a229c470171b,0,0,nan,17.344228,17.344228,nan,nan,nan,nan,0.606684,nan,nan,1,0.001067
opdformer_p_rgb_512,3712,466159/44796598/18141.896/38e289e8-d9b3-478d-a2b9-c0b5b0b10753,0,0,nan,7.134004,7.134004,nan,nan,nan,nan,0.579418,nan,nan,1,0.000037
opdformer_p_rgb_512,3713,466159/44796598/18141.896/91dd17dd-d317-43eb-aafd-d21f67de524b,0,0,nan,7.198049,7.198049,nan,nan,nan,nan,0.630233,nan,nan,1,0.000568
opdformer_p_rgb_512,3714,466159/44796598/18141.896/c3d2e21e-77d8-44e2-a0ec-52820e492e84,0,0,nan,18.986208,18.986208,nan,nan,nan,nan,0.796581,nan,nan,1,0.000076
opdformer_p_rgb_512,3715,466159/44796598/18141.896/dac7f56a-e436-4881-a989-052d76bcfa88,0,0,nan,10.283373,10.283373,nan,nan,nan,nan,0.640316,nan,nan,1,0.000044
opdformer_p_rgb_512,3716,466159/44796598/18141.896/ed823405-95a2-4b26-a767-a229c470171b,0,0,nan,15.048996,15.048996,nan,nan,nan,nan,0.682216,nan,nan,1,0.000049
opdformer_p_rgb_512,3717,466159/44796598/18141.996/0c34c061-5730-41a8-865b-31b0a9d1197f,0,0,nan,8.806871,8.806871,nan,nan,nan,nan,0.532300,nan,nan,1,0.000468
opdformer_p_rgb_512,3718,466159/44796598/18141.996/38e289e8-d9b3-478d-a2b9-c0b5b0b10753,0,0,nan,3.170879,3.170879,nan,nan,nan,nan,0.635371,nan,nan,1,0.972503
opdformer_p_rgb_512,3719,466159/44796598/18141.996/91dd17dd-d317-43eb-aafd-d21f67de524b,0,0,nan,8.174082,8.174082,nan,nan,nan,nan,0.624709,nan,nan,1,0.001804
opdformer_p_rgb_512,3720,466159/44796598/18141.996/c3d2e21e-77d8-44e2-a0ec-52820e492e84,0,0,nan,19.777400,19.777400,nan,nan,nan,nan,0.786392,nan,nan,1,0.000048
opdformer_p_rgb_512,3721,466159/44796598/18141.996/dac7f56a-e436-4881-a989-052d76bcfa88,0,0,nan,1.699817,1.699817,nan,nan,nan,nan,0.653558,nan,nan,1,0.000051
opdformer_p_rgb_512,3722,466159/44796598/18141.996/ed823405-95a2-4b26-a767-a229c470171b,0,0,nan,6.503380,6.503380,nan,nan,nan,nan,0.745152,nan,nan,1,0.001185
opdformer_p_rgb_512,3723,466159/44796598/18142.096/0c34c061-5730-41a8-865b-31b0a9d1197f,0,0,nan,14.207248,14.207248,nan,nan,nan,nan,0.546875,nan,nan,1,0.001174
opdformer_p_rgb_512,3724,466159/44796598/18142.096/38e289e8-d9b3-478d-a2b9-c0b5b0b10753,0,0,nan,7.340636,7.340636,nan,nan,nan,nan,0.533199,nan,nan,1,0.972826
opdformer_p_rgb_512,3725,466159/44796598/18142.096/91dd17dd-d317-43eb-aafd-d21f67de524b,0,0,nan,9.356070,9.356070,nan,nan,nan,nan,0.738386,nan,nan,1,0.001564
opdformer_p_rgb_512,3726,466159/44796598/18142.096/c3d2e21e-77d8-44e2-a0ec-52820e492e84,0,0,nan,21.100833,21.100833,nan,nan,nan,nan,0.741680,nan,nan,1,0.000091
opdformer_p_rgb_512,3727,466159/44796598/18142.096/dac7f56a-e436-4881-a989-052d76bcfa88,0,0,nan,6.092761,6.092761,nan,nan,nan,nan,0.603232,nan,nan,1,0.977596
opdformer_p_rgb_512,3728,466159/44796598/18142.096/ed823405-95a2-4b26-a767-a229c470171b,0,0,nan,12.663628,12.663628,nan,nan,nan,nan,0.621984,nan,nan,1,0.002116
opdformer_p_rgb_512,3729,466159/44796598/18142.196/0c34c061-5730-41a8-865b-31b0a9d1197f,0,0,nan,32.173533,32.173533,nan,nan,nan,nan,0.492386,nan,nan,1,0.002166
opdformer_p_rgb_512,3730,466159/44796598/18142.196/38e289e8-d9b3-478d-a2b9-c0b5b0b10753,0,0,nan,9.726589,9.726589,nan,nan,nan,nan,0.538160,nan,nan,1,0.000064
opdformer_p_rgb_512,3731,466159/44796598/18142.196/91dd17dd-d317-43eb-aafd-d21f67de524b,0,0,nan,6.900637,6.900637,nan,nan,nan,nan,0.647643,nan,nan,1,0.000239
opdformer_p_rgb_512,3732,466159/44796598/18142.196/c3d2e21e-77d8-44e2-a0ec-52820e492e84,0,0,nan,21.356606,21.356606,nan,nan,nan,nan,0.734012,nan,nan,1,0.000088
opdformer_p_rgb_512,3733,466159/44796598/18142.196/dac7f56a-e436-4881-a989-052d76bcfa88,0,0,nan,9.266309,9.266309,nan,nan,nan,nan,0.575758,nan,nan,1,0.981259
opdformer_p_rgb_512,3734,466159/44796598/18142.196/ed823405-95a2-4b26-a767-a229c470171b,0,0,nan,12.905973,12.905973,nan,nan,nan,nan,0.703170,nan,nan,1,0.000072
opdformer_p_rgb_512,3735,466159/44796598/18142.296/0c34c061-5730-41a8-865b-31b0a9d1197f,0,0,nan,33.911357,33.911357,nan,nan,nan,nan,0.464935,nan,nan,1,0.001382
opdformer_p_rgb_512,3736,466159/44796598/18142.296/38e289e8-d9b3-478d-a2b9-c0b5b0b10753,0,0,nan,10.378617,10.378617,nan,nan,nan,nan,0.576172,nan,nan,1,0.970586
opdformer_p_rgb_512,3737,466159/44796598/18142.296/91dd17dd-d317-43eb-aafd-d21f67de524b,0,0,nan,16.060277,16.060277,nan,nan,nan,nan,0.653753,nan,nan,1,0.009052
opdformer_p_rgb_512,3738,466159/44796598/18142.296/c3d2e21e-77d8-44e2-a0ec-52820e492e84,0,0,nan,20.954492,20.954492,nan,nan,nan,nan,0.736306,nan,nan,1,0.965736
opdformer_p_rgb_512,3739,466159/44796598/18142.296/dac7f56a-e436-4881-a989-052d76bcfa88,0,0,nan,2.974722,2.974722,nan,nan,nan,nan,0.545313,nan,nan,1,0.000152
opdformer_p_rgb_512,3740,466159/44796598/18142.296/ed823405-95a2-4b26-a767-a229c470171b,0,0,nan,19.507622,19.507622,nan,nan,nan,nan,0.623306,nan,nan,1,0.000353
opdformer_p_rgb_512,3741,466159/44796598/18142.396/0c34c061-5730-41a8-865b-31b0a9d1197f,0,0,nan,12.404171,12.404171,nan,nan,nan,nan,0.420940,nan,nan,1,0.005620
opdformer_p_rgb_512,3742,466159/44796598/18142.396/38e289e8-d9b3-478d-a2b9-c0b5b0b10753,0,0,nan,5.941469,5.941469,nan,nan,nan,nan,0.564338,nan,nan,1,0.967624
opdformer_p_rgb_512,3743,466159/44796598/18142.396/91dd17dd-d317-43eb-aafd-d21f67de524b,0,0,nan,13.944664,13.944664,nan,nan,nan,nan,0.677778,nan,nan,1,0.007142
opdformer_p_rgb_512,3744,466159/44796598/18142.396/c3d2e21e-77d8-44e2-a0ec-52820e492e84,0,0,nan,16.463512,16.463512,nan,nan,nan,nan,0.789106,nan,nan,1,0.001196
opdformer_p_rgb_512,3745,466159/44796598/18142.396/dac7f56a-e436-4881-a989-052d76bcfa88,0,0,nan,8.620887,8.620887,nan,nan,nan,nan,0.570597,nan,nan,1,0.979887
opdformer_p_rgb_512,3746,466159/44796598/18142.396/ed823405-95a2-4b26-a767-a229c470171b,0,0,nan,13.833013,13.833013,nan,nan,nan,nan,0.638404,nan,nan,1,0.000576
opdformer_p_rgb_512,3747,466159/44796598/18142.496/0c34c061-5730-41a8-865b-31b0a9d1197f,0,-1,nan,90.000000,90.000000,nan,nan,nan,nan,0.000000,nan,nan,0,nan
opdformer_p_rgb_512,3748,466159/44796598/18142.496/38e289e8-d9b3-478d-a2b9-c0b5b0b10753,0,0,nan,8.247399,8.247399,nan,nan,nan,nan,0.531732,nan,nan,1,0.978114
opdformer_p_rgb_512,3749,466159/44796598/18142.496/91dd17dd-d317-43eb-aafd-d21f67de524b,0,0,nan,7.406437,7.406437,nan,nan,nan,nan,0.654709,nan,nan,1,0.008128
opdformer_p_rgb_512,3750,466159/44796598/18142.496/c3d2e21e-77d8-44e2-a0ec-52820e492e84,0,0,nan,17.355135,17.355135,nan,nan,nan,nan,0.683128,nan,nan,1,0.000066
opdformer_p_rgb_512,3751,466159/44796598/18142.496/dac7f56a-e436-4881-a989-052d76bcfa88,0,0,nan,9.407772,9.407772,nan,nan,nan,nan,0.534435,nan,nan,1,0.980471
opdformer_p_rgb_512,3752,466159/44796598/18142.496/ed823405-95a2-4b26-a767-a229c470171b,0,0,nan,18.836400,18.836400,nan,nan,nan,nan,0.645429,nan,nan,1,0.000381
opdformer_p_rgb_512,3753,466159/44796598/18142.596/0c34c061-5730-41a8-865b-31b0a9d1197f,0,0,nan,18.654382,18.654382,nan,nan,nan,nan,0.659204,nan,nan,1,0.002989
opdformer_p_rgb_512,3754,466159/44796598/18142.596/38e289e8-d9b3-478d-a2b9-c0b5b0b10753,0,0,nan,2.189024,2.189024,nan,nan,nan,nan,0.476510,nan,nan,1,0.962830
opdformer_p_rgb_512,3755,466159/44796598/18142.596/91dd17dd-d317-43eb-aafd-d21f67de524b,0,0,nan,22.636377,22.636377,nan,nan,nan,nan,0.637744,nan,nan,1,0.001173
opdformer_p_rgb_512,3756,466159/44796598/18142.596/c3d2e21e-77d8-44e2-a0ec-52820e492e84,0,0,nan,31.572417,31.572417,nan,nan,nan,nan,0.692308,nan,nan,1,0.001126
opdformer_p_rgb_512,3757,466159/44796598/18142.596/dac7f56a-e436-4881-a989-052d76bcfa88,0,0,nan,6.142027,6.142027,nan,nan,nan,nan,0.544715,nan,nan,1,0.000066
opdformer_p_rgb_512,3758,466159/44796598/18142.596/ed823405-95a2-4b26-a767-a229c470171b,0,0,nan,13.386418,13.386418,nan,nan,nan,nan,0.670330,nan,nan,1,0.000467
opdformer_p_rgb_512,3759,466159/44796598/18142.696/0c34c061-5730-41a8-865b-31b0a9d1197f,0,0,nan,52.425069,52.425069,nan,nan,nan,nan,0.632500,nan,nan,1,0.005988
opdformer_p_rgb_512,3760,466159/44796598/18142.696/38e289e8-d9b3-478d-a2b9-c0b5b0b10753,0,0,nan,6.166653,6.166653,nan,nan,nan,nan,0.519142,nan,nan,1,0.978761
opdformer_p_rgb_512,3761,466159/44796598/18142.696/91dd17dd-d317-43eb-aafd-d21f67de524b,0,0,nan,45.106261,45.106261,nan,nan,nan,nan,0.514652,nan,nan,1,0.001854
opdformer_p_rgb_512,3762,466159/44796598/18142.696/c3d2e21e-77d8-44e2-a0ec-52820e492e84,0,0,nan,55.335137,55.335137,nan,nan,nan,nan,0.696388,nan,nan,1,0.000437
opdformer_p_rgb_512,3763,466159/44796598/18142.696/dac7f56a-e436-4881-a989-052d76bcfa88,0,0,nan,8.987790,8.987790,nan,nan,nan,nan,0.506361,nan,nan,1,0.000233
opdformer_p_rgb_512,3764,466159/44796598/18142.696/ed823405-95a2-4b26-a767-a229c470171b,0,0,nan,40.134943,40.134943,nan,nan,nan,nan,0.641026,nan,nan,1,0.000458
opdformer_p_rgb_512,3765,466159/44796598/18142.796/0c34c061-5730-41a8-865b-31b0a9d1197f,0,0,nan,31.521596,31.521596,nan,nan,nan,nan,0.545455,nan,nan,1,0.004242
opdformer_p_rgb_512,3766,466159/44796598/18142.796/38e289e8-d9b3-478d-a2b9-c0b5b0b10753,0,0,nan,22.982332,22.982332,nan,nan,nan,nan,0.447887,nan,nan,1,0.000594
opdformer_p_rgb_512,3767,466159/44796598/18142.796/91dd17dd-d317-43eb-aafd-d21f67de524b,0,-1,nan,90.000000,90.000000,nan,nan,nan,nan,0.000000,nan,nan,0,nan
opdformer_p_rgb_512,3768,466159/44796598/18142.796/c3d2e21e-77d8-44e2-a0ec-52820e492e84,0,0,nan,53.345059,53.345059,nan,nan,nan,nan,0.529412,nan,nan,1,0.010620
opdformer_p_rgb_512,3769,466159/44796598/18142.796/dac7f56a-e436-4881-a989-052d76bcfa88,0,0,nan,34.744350,34.744350,nan,nan,nan,nan,0.446934,nan,nan,1,0.000077
opdformer_p_rgb_512,3770,466159/44796598/18142.796/ed823405-95a2-4b26-a767-a229c470171b,0,0,nan,34.372590,34.372590,nan,nan,nan,nan,0.580556,nan,nan,1,0.001093
opdformer_p_rgb_512,3771,466159/44796598/18142.896/0c34c061-5730-41a8-865b-31b0a9d1197f,0,0,nan,55.333219,55.333219,nan,nan,nan,nan,0.557252,nan,nan,1,0.016821
opdformer_p_rgb_512,3772,466159/44796598/18142.896/116bdcc7-1668-4158-9758-9f1310297a1c,0,0,nan,6.957310,6.957310,nan,nan,nan,nan,0.324111,nan,nan,1,0.000354
opdformer_p_rgb_512,3773,466159/44796598/18142.896/38e289e8-d9b3-478d-a2b9-c0b5b0b10753,0,0,nan,7.747143,7.747143,nan,nan,nan,nan,0.423129,nan,nan,1,0.943178
opdformer_p_rgb_512,3774,466159/44796598/18142.896/91dd17dd-d317-43eb-aafd-d21f67de524b,0,0,nan,79.826695,79.826695,nan,nan,nan,nan,0.422629,nan,nan,1,0.000749
opdformer_p_rgb_512,3775,466159/44796598/18142.896/c3d2e21e-77d8-44e2-a0ec-52820e492e84,0,0,nan,54.414464,54.414464,nan,nan,nan,nan,0.509769,nan,nan,1,0.002091
opdformer_p_rgb_512,3776,466159/44796598/18142.896/dac7f56a-e436-4881-a989-052d76bcfa88,0,0,nan,26.673646,26.673646,nan,nan,nan,nan,0.420430,nan,nan,1,0.000064
opdformer_p_rgb_512,3777,466159/44796598/18142.896/ed823405-95a2-4b26-a767-a229c470171b,0,0,nan,54.799887,54.799887,nan,nan,nan,nan,0.626943,nan,nan,1,0.001771
opdformer_p_rgb_512,3778,466159/44796598/18142.996/0c34c061-5730-41a8-865b-31b0a9d1197f,0,1,nan,73.633037,73.633037,nan,nan,nan,nan,0.605000,nan,nan,1,0.000809
opdformer_p_rgb_512,3779,466159/44796598/18142.996/116bdcc7-1668-4158-9758-9f1310297a1c,0,0,nan,6.675959,6.675959,nan,nan,nan,nan,0.463043,nan,nan,1,0.003361
opdformer_p_rgb_512,3780,466159/44796598/18142.996/38e289e8-d9b3-478d-a2b9-c0b5b0b10753,0,0,nan,8.072376,8.072376,nan,nan,nan,nan,0.469105,nan,nan,1,0.962517
opdformer_p_rgb_512,3781,466159/44796598/18142.996/91dd17dd-d317-43eb-aafd-d21f67de524b,0,0,nan,80.854134,80.854134,nan,nan,nan,nan,0.557203,nan,nan,1,0.859130
opdformer_p_rgb_512,3782,466159/44796598/18142.996/dac7f56a-e436-4881-a989-052d76bcfa88,0,0,nan,13.993458,13.993458,nan,nan,nan,nan,0.418933,nan,nan,1,0.002152
opdformer_p_rgb_512,3783,466159/44796598/18142.996/ed823405-95a2-4b26-a767-a229c470171b,0,0,nan,39.139611,39.139611,nan,nan,nan,nan,0.577396,nan,nan,1,0.001158
opdformer_p_rgb_512,3784,466159/44796598/18143.096/0c34c061-5730-41a8-865b-31b0a9d1197f,0,0,nan,35.092515,35.092515,nan,nan,nan,nan,0.584071,nan,nan,1,0.011030
opdformer_p_rgb_512,3785,466159/44796598/18143.096/38e289e8-d9b3-478d-a2b9-c0b5b0b10753,0,0,nan,13.053089,13.053089,nan,nan,nan,nan,0.484099,nan,nan,1,0.971925
opdformer_p_rgb_512,3786,466159/44796598/18143.096/91dd17dd-d317-43eb-aafd-d21f67de524b,0,0,nan,83.460618,83.460618,nan,nan,nan,nan,0.609218,nan,nan,1,0.000391
opdformer_p_rgb_512,3787,466159/44796598/18143.096/ed823405-95a2-4b26-a767-a229c470171b,0,0,nan,58.429144,58.429144,nan,nan,nan,nan,0.655738,nan,nan,1,0.001405
opdformer_p_rgb_512,3788,466159/44796598/18143.196/0c34c061-5730-41a8-865b-31b0a9d1197f,0,1,nan,90.577723,89.422277,nan,nan,nan,nan,0.664975,nan,nan,1,0.001659
opdformer_p_rgb_512,3789,466159/44796598/18143.196/38e289e8-d9b3-478d-a2b9-c0b5b0b10753,0,0,nan,32.221846,32.221846,nan,nan,nan,nan,0.496288,nan,nan,1,0.975864
opdformer_p_rgb_512,3790,466159/44796598/18143.196/91dd17dd-d317-43eb-aafd-d21f67de524b,0,0,nan,90.220393,89.779607,nan,nan,nan,nan,0.715064,nan,nan,1,0.007349
opdformer_p_rgb_512,3791,466159/44796598/18143.196/ed823405-95a2-4b26-a767-a229c470171b,0,0,nan,49.900937,49.900937,nan,nan,nan,nan,0.652681,nan,nan,1,0.007702
opdformer_p_rgb_512,3792,466159/44796598/18143.296/0c34c061-5730-41a8-865b-31b0a9d1197f,0,1,nan,92.495709,87.504291,nan,nan,nan,nan,0.674468,nan,nan,1,0.000776
opdformer_p_rgb_512,3793,466159/44796598/18143.296/6c6d4d86-7252-4c5f-93ef-8b4bb9a00a10,0,-1,nan,90.000000,90.000000,nan,nan,nan,nan,0.000000,nan,nan,0,nan
opdformer_p_rgb_512,3794,466159/44796598/18143.296/91dd17dd-d317-43eb-aafd-d21f67de524b,0,0,nan,81.514531,81.514531,nan,nan,nan,nan,0.612565,nan,nan,1,0.938458
opdformer_p_rgb_512,3795,466159/44796598/18143.296/ed823405-95a2-4b26-a767-a229c470171b,0,0,nan,70.591078,70.591078,nan,nan,nan,nan,0.621505,nan,nan,1,0.003481
opdformer_p_rgb_512,3796,466159/44796598/18143.396/0c34c061-5730-41a8-865b-31b0a9d1197f,0,0,nan,89.359612,89.359612,nan,nan,nan,nan,0.585106,nan,nan,1,0.003363
opdformer_p_rgb_512,3797,466159/44796598/18143.396/6c6d4d86-7252-4c5f-93ef-8b4bb9a00a10,0,-1,nan,90.000000,90.000000,nan,nan,nan,nan,0.000000,nan,nan,0,nan
opdformer_p_rgb_512,3798,466159/44796598/18143.396/91dd17dd-d317-43eb-aafd-d21f67de524b,0,0,nan,81.277289,81.277289,nan,nan,nan,nan,0.579392,nan,nan,1,0.007980
opdformer_p_rgb_512,3799,466159/44796598/18143.396/ed823405-95a2-4b26-a767-a229c470171b,0,0,nan,48.493944,48.493944,nan,nan,nan,nan,0.666667,nan,nan,1,0.000469
opdformer_p_rgb_512,3800,466159/44796598/18143.496/0c34c061-5730-41a8-865b-31b0a9d1197f,0,0,nan,69.840777,69.840777,nan,nan,nan,nan,0.558468,nan,nan,1,0.006032
opdformer_p_rgb_512,3801,466159/44796598/18143.496/6c6d4d86-7252-4c5f-93ef-8b4bb9a00a10,0,-1,nan,90.000000,90.000000,nan,nan,nan,nan,0.000000,nan,nan,0,nan
opdformer_p_rgb_512,3802,466159/44796598/18143.496/91dd17dd-d317-43eb-aafd-d21f67de524b,0,0,nan,72.745117,72.745117,nan,nan,nan,nan,0.606864,nan,nan,1,0.001065
opdformer_p_rgb_512,3803,466159/44796598/18143.496/ed823405-95a2-4b26-a767-a229c470171b,0,0,nan,57.551237,57.551237,nan,nan,nan,nan,0.501818,nan,nan,1,0.087325
opdformer_p_rgb_512,3804,466159/44796598/18143.595/0c34c061-5730-41a8-865b-31b0a9d1197f,0,1,nan,69.636654,69.636654,nan,nan,nan,nan,0.467167,nan,nan,1,0.004229
opdformer_p_rgb_512,3805,466159/44796598/18143.595/6c6d4d86-7252-4c5f-93ef-8b4bb9a00a10,0,-1,nan,90.000000,90.000000,nan,nan,nan,nan,0.000000,nan,nan,0,nan
opdformer_p_rgb_512,3806,466159/44796598/18143.595/91dd17dd-d317-43eb-aafd-d21f67de524b,0,0,nan,90.023563,89.976437,nan,nan,nan,nan,0.628331,nan,nan,1,0.000912
opdformer_p_rgb_512,3807,466159/44796598/18143.595/ed823405-95a2-4b26-a767-a229c470171b,0,0,nan,51.219692,51.219692,nan,nan,nan,nan,0.514190,nan,nan,1,0.004107
opdformer_p_rgb_512,3808,466159/44796598/18143.695/0c34c061-5730-41a8-865b-31b0a9d1197f,0,0,nan,94.931700,85.068300,nan,nan,nan,nan,0.494382,nan,nan,1,0.070117
opdformer_p_rgb_512,3809,466159/44796598/18143.695/6c6d4d86-7252-4c5f-93ef-8b4bb9a00a10,0,1,nan,73.678850,73.678850,nan,nan,nan,nan,0.081749,nan,nan,1,0.025416
opdformer_p_rgb_512,3810,466159/44796598/18143.695/ed823405-95a2-4b26-a767-a229c470171b,0,0,nan,70.746709,70.746709,nan,nan,nan,nan,0.425175,nan,nan,1,0.335332
opdformer_p_rgb_512,3811,466159/44796598/18143.795/0c34c061-5730-41a8-865b-31b0a9d1197f,0,0,nan,114.083248,65.916752,nan,nan,nan,nan,0.568088,nan,nan,1,0.006364
opdformer_p_rgb_512,3812,466159/44796598/18143.795/6c6d4d86-7252-4c5f-93ef-8b4bb9a00a10,0,0,nan,139.920582,40.079418,nan,nan,nan,nan,0.075472,nan,nan,1,0.002734
opdformer_p_rgb_512,3813,466159/44796598/18143.895/6c6d4d86-7252-4c5f-93ef-8b4bb9a00a10,0,0,nan,55.839599,55.839599,nan,nan,nan,nan,0.060850,nan,nan,1,0.016816
opdformer_p_rgb_512,3814,466159/44796598/18143.995/6c6d4d86-7252-4c5f-93ef-8b4bb9a00a10,0,0,nan,88.776202,88.776202,nan,nan,nan,nan,0.003846,nan,nan,1,0.005652
opdformer_p_rgb_512,3815,466159/44796598/18150.093/6c6d4d86-7252-4c5f-93ef-8b4bb9a00a10,0,0,nan,85.030277,85.030277,nan,nan,nan,nan,0.269683,nan,nan,1,0.006387
opdformer_p_rgb_512,3816,466159/44796598/18150.193/6c6d4d86-7252-4c5f-93ef-8b4bb9a00a10,0,0,nan,82.127498,82.127498,nan,nan,nan,nan,0.386169,nan,nan,1,0.003050
opdformer_p_rgb_512,3817,466159/44796598/18150.293/0c34c061-5730-41a8-865b-31b0a9d1197f,0,0,nan,45.800271,45.800271,nan,nan,nan,nan,0.461832,nan,nan,1,0.925845
opdformer_p_rgb_512,3818,466159/44796598/18150.293/6c6d4d86-7252-4c5f-93ef-8b4bb9a00a10,0,0,nan,68.924630,68.924630,nan,nan,nan,nan,0.336554,nan,nan,1,0.001147
opdformer_p_rgb_512,3819,466159/44796598/18150.393/0c34c061-5730-41a8-865b-31b0a9d1197f,0,0,nan,48.131920,48.131920,nan,nan,nan,nan,0.646870,nan,nan,1,0.001499
opdformer_p_rgb_512,3820,466159/44796598/18150.393/6c6d4d86-7252-4c5f-93ef-8b4bb9a00a10,0,0,nan,56.035256,56.035256,nan,nan,nan,nan,0.420182,nan,nan,1,0.004431
opdformer_p_rgb_512,3821,466159/44796598/18150.493/0c34c061-5730-41a8-865b-31b0a9d1197f,0,0,nan,46.816580,46.816580,nan,nan,nan,nan,0.656065,nan,nan,1,0.003128
opdformer_p_rgb_512,3822,466159/44796598/18150.493/6c6d4d86-7252-4c5f-93ef-8b4bb9a00a10,0,0,nan,45.825276,45.825276,nan,nan,nan,nan,0.387048,nan,nan,1,0.006657
opdformer_p_rgb_512,3823,466159/44796598/18150.593/0c34c061-5730-41a8-865b-31b0a9d1197f,0,0,nan,46.378359,46.378359,nan,nan,nan,nan,0.619330,nan,nan,1,0.000452
opdformer_p_rgb_512,3824,466159/44796598/18150.593/6c6d4d86-7252-4c5f-93ef-8b4bb9a00a10,0,0,nan,40.040090,40.040090,nan,nan,nan,nan,0.414252,nan,nan,1,0.001383
opdformer_p_rgb_512,3825,466159/44796598/18150.693/0c34c061-5730-41a8-865b-31b0a9d1197f,0,0,nan,41.792802,41.792802,nan,nan,nan,nan,0.689098,nan,nan,1,0.000574
opdformer_p_rgb_512,3826,466159/44796598/18150.693/6c6d4d86-7252-4c5f-93ef-8b4bb9a00a10,0,0,nan,58.026874,58.026874,nan,nan,nan,nan,0.307441,nan,nan,1,0.001199
opdformer_p_rgb_512,3827,466159/44796598/18150.792/0c34c061-5730-41a8-865b-31b0a9d1197f,0,0,nan,28.378555,28.378555,nan,nan,nan,nan,0.525849,nan,nan,1,0.000644
opdformer_p_rgb_512,3828,466159/44796598/18150.792/6c6d4d86-7252-4c5f-93ef-8b4bb9a00a10,0,0,nan,39.102660,39.102660,nan,nan,nan,nan,0.368842,nan,nan,1,0.002477
opdformer_p_rgb_512,3829,466159/44796598/18150.892/0c34c061-5730-41a8-865b-31b0a9d1197f,0,0,nan,28.263678,28.263678,nan,nan,nan,nan,0.499561,nan,nan,1,0.000172
opdformer_p_rgb_512,3830,466159/44796598/18150.892/6c6d4d86-7252-4c5f-93ef-8b4bb9a00a10,0,0,nan,37.842488,37.842488,nan,nan,nan,nan,0.346341,nan,nan,1,0.003073
opdformer_p_rgb_512,3831,466159/44796598/18150.992/0c34c061-5730-41a8-865b-31b0a9d1197f,0,0,nan,41.901052,41.901052,nan,nan,nan,nan,0.532046,nan,nan,1,0.000396
opdformer_p_rgb_512,3832,466159/44796598/18150.992/6c6d4d86-7252-4c5f-93ef-8b4bb9a00a10,0,0,nan,48.296593,48.296593,nan,nan,nan,nan,0.292120,nan,nan,1,0.001477
opdformer_p_rgb_512,3833,466159/44796598/18151.092/0c34c061-5730-41a8-865b-31b0a9d1197f,0,0,nan,35.947283,35.947283,nan,nan,nan,nan,0.579472,nan,nan,1,0.000229
opdformer_p_rgb_512,3834,466159/44796598/18151.092/6c6d4d86-7252-4c5f-93ef-8b4bb9a00a10,0,0,nan,42.321637,42.321637,nan,nan,nan,nan,0.403289,nan,nan,1,0.493615
opdformer_p_rgb_512,3835,466159/44796598/18151.192/0c34c061-5730-41a8-865b-31b0a9d1197f,0,0,nan,36.683302,36.683302,nan,nan,nan,nan,0.628717,nan,nan,1,0.000275
opdformer_p_rgb_512,3836,466159/44796598/18151.192/6c6d4d86-7252-4c5f-93ef-8b4bb9a00a10,0,0,nan,44.753942,44.753942,nan,nan,nan,nan,0.388166,nan,nan,1,0.000097
opdformer_p_rgb_512,3837,466159/44796598/18151.292/0c34c061-5730-41a8-865b-31b0a9d1197f,0,0,nan,37.856627,37.856627,nan,nan,nan,nan,0.565302,nan,nan,1,0.000217
opdformer_p_rgb_512,3838,466159/44796598/18151.292/6c6d4d86-7252-4c5f-93ef-8b4bb9a00a10,0,0,nan,42.567952,42.567952,nan,nan,nan,nan,0.395683,nan,nan,1,0.930603
opdformer_p_rgb_512,3839,466159/44796598/18151.392/0c34c061-5730-41a8-865b-31b0a9d1197f,0,0,nan,40.852690,40.852690,nan,nan,nan,nan,0.615257,nan,nan,1,0.000388
opdformer_p_rgb_512,3840,466159/44796598/18151.392/6c6d4d86-7252-4c5f-93ef-8b4bb9a00a10,0,0,nan,41.636941,41.636941,nan,nan,nan,nan,0.378934,nan,nan,1,0.000264
opdformer_p_rgb_512,3841,466159/44796598/18151.492/0c34c061-5730-41a8-865b-31b0a9d1197f,0,0,nan,38.723019,38.723019,nan,nan,nan,nan,0.543582,nan,nan,1,0.000342
opdformer_p_rgb_512,3842,466159/44796598/18151.492/6c6d4d86-7252-4c5f-93ef-8b4bb9a00a10,0,0,nan,44.539328,44.539328,nan,nan,nan,nan,0.383072,nan,nan,1,0.000457
opdformer_p_rgb_512,3843,466159/44796598/18151.592/0c34c061-5730-41a8-865b-31b0a9d1197f,0,0,nan,33.173316,33.173316,nan,nan,nan,nan,0.594927,nan,nan,1,0.000383
opdformer_p_rgb_512,3844,466159/44796598/18151.592/6c6d4d86-7252-4c5f-93ef-8b4bb9a00a10,0,0,nan,42.969114,42.969114,nan,nan,nan,nan,0.411689,nan,nan,1,0.000143
opdformer_p_rgb_512,3845,466159/44796598/18151.692/0c34c061-5730-41a8-865b-31b0a9d1197f,0,0,nan,25.026335,25.026335,nan,nan,nan,nan,0.524983,nan,nan,1,0.001630
opdformer_p_rgb_512,3846,466159/44796598/18151.692/6c6d4d86-7252-4c5f-93ef-8b4bb9a00a10,0,0,nan,43.464149,43.464149,nan,nan,nan,nan,0.410640,nan,nan,1,0.001357
opdformer_p_rgb_512,3847,466159/44796598/18151.792/0c34c061-5730-41a8-865b-31b0a9d1197f,0,0,nan,34.571593,34.571593,nan,nan,nan,nan,0.499325,nan,nan,1,0.000267
opdformer_p_rgb_512,3848,466159/44796598/18151.792/6c6d4d86-7252-4c5f-93ef-8b4bb9a00a10,0,0,nan,37.950999,37.950999,nan,nan,nan,nan,0.411995,nan,nan,1,0.000143
opdformer_p_rgb_512,3849,466159/44796598/18151.892/0c34c061-5730-41a8-865b-31b0a9d1197f,0,0,nan,43.491584,43.491584,nan,nan,nan,nan,0.543918,nan,nan,1,0.000098
opdformer_p_rgb_512,3850,466159/44796598/18151.892/6c6d4d86-7252-4c5f-93ef-8b4bb9a00a10,0,0,nan,49.297197,49.297197,nan,nan,nan,nan,0.366417,nan,nan,1,0.000105
opdformer_p_rgb_512,3851,466159/44796598/18151.992/0c34c061-5730-41a8-865b-31b0a9d1197f,0,0,nan,30.770912,30.770912,nan,nan,nan,nan,0.509495,nan,nan,1,0.000303
opdformer_p_rgb_512,3852,466159/44796598/18151.992/6c6d4d86-7252-4c5f-93ef-8b4bb9a00a10,0,0,nan,35.686994,35.686994,nan,nan,nan,nan,0.330013,nan,nan,1,0.000439
opdformer_p_rgb_512,3853,466159/44796598/18152.092/0c34c061-5730-41a8-865b-31b0a9d1197f,0,0,nan,23.892569,23.892569,nan,nan,nan,nan,0.540078,nan,nan,1,0.949843
opdformer_p_rgb_512,3854,466159/44796598/18152.092/6c6d4d86-7252-4c5f-93ef-8b4bb9a00a10,0,0,nan,31.096891,31.096891,nan,nan,nan,nan,0.359823,nan,nan,1,0.000466
opdformer_p_rgb_512,3855,466159/44796598/18152.209/0c34c061-5730-41a8-865b-31b0a9d1197f,0,0,nan,24.156568,24.156568,nan,nan,nan,nan,0.526087,nan,nan,1,0.960018
opdformer_p_rgb_512,3856,466159/44796598/18152.209/6c6d4d86-7252-4c5f-93ef-8b4bb9a00a10,0,0,nan,36.636085,36.636085,nan,nan,nan,nan,0.417363,nan,nan,1,0.000354
opdformer_p_rgb_512,3857,466159/44796598/18152.309/0c34c061-5730-41a8-865b-31b0a9d1197f,0,0,nan,17.693721,17.693721,nan,nan,nan,nan,0.540155,nan,nan,1,0.958250
opdformer_p_rgb_512,3858,466159/44796598/18152.309/6c6d4d86-7252-4c5f-93ef-8b4bb9a00a10,0,0,nan,34.975141,34.975141,nan,nan,nan,nan,0.391061,nan,nan,1,0.000619
opdformer_p_rgb_512,3859,466159/44796598/18152.408/0c34c061-5730-41a8-865b-31b0a9d1197f,0,0,nan,25.763196,25.763196,nan,nan,nan,nan,0.549335,nan,nan,1,0.000109
opdformer_p_rgb_512,3860,466159/44796598/18152.408/6c6d4d86-7252-4c5f-93ef-8b4bb9a00a10,0,0,nan,51.636882,51.636882,nan,nan,nan,nan,0.373626,nan,nan,1,0.000124
opdformer_p_rgb_512,3861,466159/44796598/18152.508/0c34c061-5730-41a8-865b-31b0a9d1197f,0,0,nan,26.125777,26.125777,nan,nan,nan,nan,0.556936,nan,nan,1,0.000488
opdformer_p_rgb_512,3862,466159/44796598/18152.508/6c6d4d86-7252-4c5f-93ef-8b4bb9a00a10,0,0,nan,38.309801,38.309801,nan,nan,nan,nan,0.455418,nan,nan,1,0.000341
opdformer_p_rgb_512,3863,466159/44796598/18152.508/ed823405-95a2-4b26-a767-a229c470171b,0,0,nan,30.096470,30.096470,nan,nan,nan,nan,0.610165,nan,nan,1,0.001157
opdformer_p_rgb_512,3864,466159/44796598/18152.608/0c34c061-5730-41a8-865b-31b0a9d1197f,0,0,nan,23.430420,23.430420,nan,nan,nan,nan,0.612407,nan,nan,1,0.000274
opdformer_p_rgb_512,3865,466159/44796598/18152.608/6c6d4d86-7252-4c5f-93ef-8b4bb9a00a10,0,0,nan,34.519897,34.519897,nan,nan,nan,nan,0.419532,nan,nan,1,0.000387
opdformer_p_rgb_512,3866,466159/44796598/18152.608/ed823405-95a2-4b26-a767-a229c470171b,0,0,nan,14.987880,14.987880,nan,nan,nan,nan,0.706233,nan,nan,1,0.000140
opdformer_p_rgb_512,3867,466159/44796598/18152.708/0c34c061-5730-41a8-865b-31b0a9d1197f,0,0,nan,20.713504,20.713504,nan,nan,nan,nan,0.630748,nan,nan,1,0.000198
opdformer_p_rgb_512,3868,466159/44796598/18152.708/6c6d4d86-7252-4c5f-93ef-8b4bb9a00a10,0,0,nan,40.900741,40.900741,nan,nan,nan,nan,0.408358,nan,nan,1,0.000479
opdformer_p_rgb_512,3869,466159/44796598/18152.708/ed823405-95a2-4b26-a767-a229c470171b,0,0,nan,12.758444,12.758444,nan,nan,nan,nan,0.686254,nan,nan,1,0.000118
opdformer_p_rgb_512,3870,466159/44796598/18152.808/0c34c061-5730-41a8-865b-31b0a9d1197f,0,0,nan,28.891282,28.891282,nan,nan,nan,nan,0.587588,nan,nan,1,0.000483
opdformer_p_rgb_512,3871,466159/44796598/18152.808/ed823405-95a2-4b26-a767-a229c470171b,0,0,nan,27.931898,27.931898,nan,nan,nan,nan,0.661550,nan,nan,1,0.000141
opdformer_p_rgb_512,3872,466159/44796598/18152.908/0c34c061-5730-41a8-865b-31b0a9d1197f,0,0,nan,18.767661,18.767661,nan,nan,nan,nan,0.645801,nan,nan,1,0.000108
opdformer_p_rgb_512,3873,466159/44796598/18152.908/ed823405-95a2-4b26-a767-a229c470171b,0,0,nan,31.767077,31.767077,nan,nan,nan,nan,0.674112,nan,nan,1,0.000154
opdformer_p_rgb_512,3874,466159/44796598/18153.008/0c34c061-5730-41a8-865b-31b0a9d1197f,0,0,nan,22.512978,22.512978,nan,nan,nan,nan,0.595824,nan,nan,1,0.000051
opdformer_p_rgb_512,3875,466159/44796598/18153.008/91dd17dd-d317-43eb-aafd-d21f67de524b,0,1,nan,36.244092,36.244092,nan,nan,nan,nan,0.500314,nan,nan,1,0.000473
opdformer_p_rgb_512,3876,466159/44796598/18153.008/ed823405-95a2-4b26-a767-a229c470171b,0,0,nan,24.781377,24.781377,nan,nan,nan,nan,0.638864,nan,nan,1,0.000059
opdformer_p_rgb_512,3877,466159/44796598/18153.108/0c34c061-5730-41a8-865b-31b0a9d1197f,0,0,nan,21.780782,21.780782,nan,nan,nan,nan,0.518559,nan,nan,1,0.000190
opdformer_p_rgb_512,3878,466159/44796598/18153.108/91dd17dd-d317-43eb-aafd-d21f67de524b,0,1,nan,49.955521,49.955521,nan,nan,nan,nan,0.689559,nan,nan,1,0.000270
opdformer_p_rgb_512,3879,466159/44796598/18153.108/ed823405-95a2-4b26-a767-a229c470171b,0,0,nan,29.071300,29.071300,nan,nan,nan,nan,0.635613,nan,nan,1,0.960390
opdformer_p_rgb_512,3880,466159/44796598/18153.208/0c34c061-5730-41a8-865b-31b0a9d1197f,0,0,nan,28.576349,28.576349,nan,nan,nan,nan,0.568427,nan,nan,1,0.733379
opdformer_p_rgb_512,3881,466159/44796598/18153.208/91dd17dd-d317-43eb-aafd-d21f67de524b,0,1,nan,18.333914,18.333914,nan,nan,nan,nan,0.784842,nan,nan,1,0.000114
opdformer_p_rgb_512,3882,466159/44796598/18153.208/ed823405-95a2-4b26-a767-a229c470171b,0,0,nan,26.370051,26.370051,nan,nan,nan,nan,0.742184,nan,nan,1,0.000060
opdformer_p_rgb_512,3883,466159/44796598/18153.308/0c34c061-5730-41a8-865b-31b0a9d1197f,0,0,nan,23.987843,23.987843,nan,nan,nan,nan,0.494774,nan,nan,1,0.000072
opdformer_p_rgb_512,3884,466159/44796598/18153.308/91dd17dd-d317-43eb-aafd-d21f67de524b,0,0,nan,20.336694,20.336694,nan,nan,nan,nan,0.664942,nan,nan,1,0.000073
opdformer_p_rgb_512,3885,466159/44796598/18153.308/ed823405-95a2-4b26-a767-a229c470171b,0,0,nan,31.900410,31.900410,nan,nan,nan,nan,0.580773,nan,nan,1,0.000244
opdformer_p_rgb_512,3886,466159/44796598/18153.408/0c34c061-5730-41a8-865b-31b0a9d1197f,0,0,nan,27.599272,27.599272,nan,nan,nan,nan,0.466916,nan,nan,1,0.000165
opdformer_p_rgb_512,3887,466159/44796598/18153.408/91dd17dd-d317-43eb-aafd-d21f67de524b,0,0,nan,20.268399,20.268399,nan,nan,nan,nan,0.702128,nan,nan,1,0.000069
opdformer_p_rgb_512,3888,466159/44796598/18153.408/ed823405-95a2-4b26-a767-a229c470171b,0,0,nan,35.101888,35.101888,nan,nan,nan,nan,0.679818,nan,nan,1,0.000228
opdformer_p_rgb_512,3889,466159/44796598/18153.508/0c34c061-5730-41a8-865b-31b0a9d1197f,0,0,nan,28.633838,28.633838,nan,nan,nan,nan,0.494548,nan,nan,1,0.000177
opdformer_p_rgb_512,3890,466159/44796598/18153.508/91dd17dd-d317-43eb-aafd-d21f67de524b,0,0,nan,11.527676,11.527676,nan,nan,nan,nan,0.693119,nan,nan,1,0.000063
opdformer_p_rgb_512,3891,466159/44796598/18153.508/ed823405-95a2-4b26-a767-a229c470171b,0,0,nan,20.916795,20.916795,nan,nan,nan,nan,0.548888,nan,nan,1,0.970680
opdformer_p_rgb_512,3892,466159/44796598/18153.608/91dd17dd-d317-43eb-aafd-d21f67de524b,0,0,nan,10.297636,10.297636,nan,nan,nan,nan,0.707923,nan,nan,1,0.000068
opdformer_p_rgb_512,3893,466159/44796598/18153.608/ed823405-95a2-4b26-a767-a229c470171b,0,0,nan,29.279103,29.279103,nan,nan,nan,nan,0.599784,nan,nan,1,0.000250
opdformer_p_rgb_512,3894,466159/44796598/18153.708/91dd17dd-d317-43eb-aafd-d21f67de524b,0,0,nan,12.876350,12.876350,nan,nan,nan,nan,0.720230,nan,nan,1,0.000021
opdformer_p_rgb_512,3895,466159/44796598/18153.708/ed823405-95a2-4b26-a767-a229c470171b,0,0,nan,18.345069,18.345069,nan,nan,nan,nan,0.495931,nan,nan,1,0.968758
opdformer_p_rgb_512,3896,466159/44796598/18153.808/91dd17dd-d317-43eb-aafd-d21f67de524b,0,0,nan,18.048279,18.048279,nan,nan,nan,nan,0.618583,nan,nan,1,0.000041
opdformer_p_rgb_512,3897,466159/44796598/18153.808/ed823405-95a2-4b26-a767-a229c470171b,0,0,nan,23.772963,23.772963,nan,nan,nan,nan,0.481969,nan,nan,1,0.000043
opdformer_p_rgb_512,3898,466159/44796598/18153.908/91dd17dd-d317-43eb-aafd-d21f67de524b,0,0,nan,16.931141,16.931141,nan,nan,nan,nan,0.572025,nan,nan,1,0.000056
opdformer_p_rgb_512,3899,466159/44796598/18153.908/ed823405-95a2-4b26-a767-a229c470171b,0,0,nan,26.658343,26.658343,nan,nan,nan,nan,0.432658,nan,nan,1,0.000083
opdformer_p_rgb_512,3900,466159/44796598/18154.008/91dd17dd-d317-43eb-aafd-d21f67de524b,0,0,nan,25.385525,25.385525,nan,nan,nan,nan,0.630411,nan,nan,1,0.000404
opdformer_p_rgb_512,3901,466159/44796598/18154.008/ed823405-95a2-4b26-a767-a229c470171b,0,0,nan,29.820272,29.820272,nan,nan,nan,nan,0.504483,nan,nan,1,0.000073
opdformer_p_rgb_512,3902,466159/44796598/18154.108/91dd17dd-d317-43eb-aafd-d21f67de524b,0,0,nan,18.360017,18.360017,nan,nan,nan,nan,0.582499,nan,nan,1,0.000037
opdformer_p_rgb_512,3903,466159/44796598/18154.108/ed823405-95a2-4b26-a767-a229c470171b,0,0,nan,26.737448,26.737448,nan,nan,nan,nan,0.412794,nan,nan,1,0.971840
opdformer_p_rgb_512,3904,466159/44796598/18154.208/91dd17dd-d317-43eb-aafd-d21f67de524b,0,0,nan,15.616758,15.616758,nan,nan,nan,nan,0.617243,nan,nan,1,0.000027
opdformer_p_rgb_512,3905,466159/44796598/18154.208/ed823405-95a2-4b26-a767-a229c470171b,0,0,nan,22.155833,22.155833,nan,nan,nan,nan,0.399752,nan,nan,1,0.967901
opdformer_p_rgb_512,3906,466159/44796598/18154.308/91dd17dd-d317-43eb-aafd-d21f67de524b,0,0,nan,11.587525,11.587525,nan,nan,nan,nan,0.537472,nan,nan,1,0.000041
opdformer_p_rgb_512,3907,466159/44796598/18154.308/ed823405-95a2-4b26-a767-a229c470171b,0,0,nan,23.327472,23.327472,nan,nan,nan,nan,0.416875,nan,nan,1,0.973648
opdformer_p_rgb_512,3908,466159/44796598/18154.408/91dd17dd-d317-43eb-aafd-d21f67de524b,0,0,nan,9.239719,9.239719,nan,nan,nan,nan,0.570171,nan,nan,1,0.000033
opdformer_p_rgb_512,3909,466159/44796598/18154.408/ed823405-95a2-4b26-a767-a229c470171b,0,0,nan,25.953413,25.953413,nan,nan,nan,nan,0.439649,nan,nan,1,0.000046
opdformer_p_rgb_512,3910,466159/44796598/18154.508/91dd17dd-d317-43eb-aafd-d21f67de524b,0,0,nan,17.821851,17.821851,nan,nan,nan,nan,0.571086,nan,nan,1,0.982724
opdformer_p_rgb_512,3911,466159/44796598/18154.508/ed823405-95a2-4b26-a767-a229c470171b,0,0,nan,21.155710,21.155710,nan,nan,nan,nan,0.495693,nan,nan,1,0.000051
opdformer_p_rgb_512,3912,466159/44796598/18154.608/91dd17dd-d317-43eb-aafd-d21f67de524b,0,0,nan,17.419708,17.419708,nan,nan,nan,nan,0.542353,nan,nan,1,0.977063
opdformer_p_rgb_512,3913,466159/44796598/18154.608/ed823405-95a2-4b26-a767-a229c470171b,0,0,nan,12.652722,12.652722,nan,nan,nan,nan,0.392642,nan,nan,1,0.000017
opdformer_p_rgb_512,3914,466159/44796598/18154.708/91dd17dd-d317-43eb-aafd-d21f67de524b,0,0,nan,16.078692,16.078692,nan,nan,nan,nan,0.572788,nan,nan,1,0.000056
opdformer_p_rgb_512,3915,466159/44796598/18154.708/ed823405-95a2-4b26-a767-a229c470171b,0,0,nan,31.485545,31.485545,nan,nan,nan,nan,0.386675,nan,nan,1,0.972570
opdformer_p_rgb_512,3916,466159/44796598/18154.807/91dd17dd-d317-43eb-aafd-d21f67de524b,0,0,nan,18.573466,18.573466,nan,nan,nan,nan,0.529236,nan,nan,1,0.981949
opdformer_p_rgb_512,3917,466159/44796598/18154.807/ed823405-95a2-4b26-a767-a229c470171b,0,0,nan,12.801443,12.801443,nan,nan,nan,nan,0.477008,nan,nan,1,0.000094
opdformer_p_rgb_512,3918,466159/44796598/18154.907/91dd17dd-d317-43eb-aafd-d21f67de524b,0,0,nan,13.202240,13.202240,nan,nan,nan,nan,0.571826,nan,nan,1,0.000041
opdformer_p_rgb_512,3919,466159/44796598/18154.907/ed823405-95a2-4b26-a767-a229c470171b,0,0,nan,23.520603,23.520603,nan,nan,nan,nan,0.480104,nan,nan,1,0.000094
opdformer_p_rgb_512,3920,466159/44796598/18155.007/91dd17dd-d317-43eb-aafd-d21f67de524b,0,0,nan,14.467580,14.467580,nan,nan,nan,nan,0.517544,nan,nan,1,0.000017
opdformer_p_rgb_512,3921,466159/44796598/18155.007/ed823405-95a2-4b26-a767-a229c470171b,0,0,nan,12.709563,12.709563,nan,nan,nan,nan,0.466840,nan,nan,1,0.000018
opdformer_p_rgb_512,3922,466159/44796598/18155.107/91dd17dd-d317-43eb-aafd-d21f67de524b,0,0,nan,9.035450,9.035450,nan,nan,nan,nan,0.542117,nan,nan,1,0.000054
opdformer_p_rgb_512,3923,466159/44796598/18155.107/ed823405-95a2-4b26-a767-a229c470171b,0,0,nan,25.251596,25.251596,nan,nan,nan,nan,0.419103,nan,nan,1,0.978186
opdformer_p_rgb_512,3924,466159/44796598/18155.207/91dd17dd-d317-43eb-aafd-d21f67de524b,0,0,nan,4.423714,4.423714,nan,nan,nan,nan,0.603343,nan,nan,1,0.000114
opdformer_p_rgb_512,3925,466159/44796598/18155.207/ed823405-95a2-4b26-a767-a229c470171b,0,0,nan,22.799575,22.799575,nan,nan,nan,nan,0.438401,nan,nan,1,0.961878
opdformer_p_rgb_512,3926,466159/44796598/18155.307/91dd17dd-d317-43eb-aafd-d21f67de524b,0,0,nan,11.203662,11.203662,nan,nan,nan,nan,0.516415,nan,nan,1,0.924516
opdformer_p_rgb_512,3927,466159/44796598/18155.307/ed823405-95a2-4b26-a767-a229c470171b,0,0,nan,24.049140,24.049140,nan,nan,nan,nan,0.474781,nan,nan,1,0.947240
opdformer_p_rgb_512,3928,466159/44796598/18155.407/c3d2e21e-77d8-44e2-a0ec-52820e492e84,0,0,nan,53.257176,53.257176,nan,nan,nan,nan,0.452432,nan,nan,1,0.001810
opdformer_p_rgb_512,3929,466159/44796598/18155.507/c3d2e21e-77d8-44e2-a0ec-52820e492e84,0,1,nan,72.821111,72.821111,nan,nan,nan,nan,0.489560,nan,nan,1,0.001425
opdformer_p_rgb_512,3930,466159/44796598/18155.607/c3d2e21e-77d8-44e2-a0ec-52820e492e84,0,1,nan,54.463114,54.463114,nan,nan,nan,nan,0.526436,nan,nan,1,0.000926
opdformer_p_rgb_512,3931,466159/44796598/18155.707/c3d2e21e-77d8-44e2-a0ec-52820e492e84,0,1,nan,30.162135,30.162135,nan,nan,nan,nan,0.560232,nan,nan,1,0.000328
opdformer_p_rgb_512,3932,466159/44796598/18155.807/c3d2e21e-77d8-44e2-a0ec-52820e492e84,0,1,nan,45.313127,45.313127,nan,nan,nan,nan,0.536842,nan,nan,1,0.000917
opdformer_p_rgb_512,3933,466159/44796598/18155.907/c3d2e21e-77d8-44e2-a0ec-52820e492e84,0,1,nan,26.458997,26.458997,nan,nan,nan,nan,0.561250,nan,nan,1,0.003005
opdformer_p_rgb_512,3934,466159/44796598/18156.007/c3d2e21e-77d8-44e2-a0ec-52820e492e84,0,1,nan,44.320856,44.320856,nan,nan,nan,nan,0.612525,nan,nan,1,0.000613
opdformer_p_rgb_512,3935,466159/44796598/18156.107/c3d2e21e-77d8-44e2-a0ec-52820e492e84,0,0,nan,48.058940,48.058940,nan,nan,nan,nan,0.537082,nan,nan,1,0.000494
opdformer_p_rgb_512,3936,466159/44796598/18156.207/c3d2e21e-77d8-44e2-a0ec-52820e492e84,0,1,nan,44.332612,44.332612,nan,nan,nan,nan,0.541537,nan,nan,1,0.000370
opdformer_p_rgb_512,3937,466159/44796598/18156.307/c3d2e21e-77d8-44e2-a0ec-52820e492e84,0,1,nan,82.237528,82.237528,nan,nan,nan,nan,0.488186,nan,nan,1,0.000243
opdformer_p_rgb_512,3938,466159/44796598/18156.407/c3d2e21e-77d8-44e2-a0ec-52820e492e84,0,1,nan,98.565850,81.434150,nan,nan,nan,nan,0.485194,nan,nan,1,0.000246
opdformer_p_rgb_512,3939,466159/44796598/18156.607/c3d2e21e-77d8-44e2-a0ec-52820e492e84,0,1,nan,58.521275,58.521275,nan,nan,nan,nan,0.622807,nan,nan,1,0.000453
opdformer_p_rgb_512,3940,466159/44796598/18156.707/c3d2e21e-77d8-44e2-a0ec-52820e492e84,0,1,nan,47.297331,47.297331,nan,nan,nan,nan,0.606264,nan,nan,1,0.000798
opdformer_p_rgb_512,3941,466159/44796598/18157.107/c3d2e21e-77d8-44e2-a0ec-52820e492e84,0,1,nan,68.448021,68.448021,nan,nan,nan,nan,0.604635,nan,nan,1,0.000663
opdformer_p_rgb_512,3942,466159/44796598/18157.207/c3d2e21e-77d8-44e2-a0ec-52820e492e84,0,1,nan,73.540664,73.540664,nan,nan,nan,nan,0.658245,nan,nan,1,0.000198
opdformer_p_rgb_512,3943,466159/44796598/18157.306/c3d2e21e-77d8-44e2-a0ec-52820e492e84,0,1,nan,89.847556,89.847556,nan,nan,nan,nan,0.634206,nan,nan,1,0.420236
opdformer_p_rgb_512,3944,466159/44796598/18157.606/c3d2e21e-77d8-44e2-a0ec-52820e492e84,0,0,nan,151.204462,28.795538,nan,nan,nan,nan,0.445185,nan,nan,1,0.000401
opdformer_p_rgb_512,3945,466159/44796598/18157.606/dac7f56a-e436-4881-a989-052d76bcfa88,0,1,nan,111.136236,68.863764,nan,nan,nan,nan,0.577959,nan,nan,1,0.000398
opdformer_p_rgb_512,3946,466159/44796598/18157.706/c3d2e21e-77d8-44e2-a0ec-52820e492e84,0,0,nan,123.884317,56.115683,nan,nan,nan,nan,0.509204,nan,nan,1,0.010709
opdformer_p_rgb_512,3947,466159/44796598/18157.706/dac7f56a-e436-4881-a989-052d76bcfa88,0,1,nan,102.448287,77.551713,nan,nan,nan,nan,0.551496,nan,nan,1,0.000630
opdformer_p_rgb_512,3948,466159/44796598/18157.806/c3d2e21e-77d8-44e2-a0ec-52820e492e84,0,0,nan,110.710951,69.289049,nan,nan,nan,nan,0.577655,nan,nan,1,0.019475
opdformer_p_rgb_512,3949,466159/44796598/18157.806/dac7f56a-e436-4881-a989-052d76bcfa88,0,1,nan,98.655122,81.344878,nan,nan,nan,nan,0.501695,nan,nan,1,0.000313
opdformer_p_rgb_512,3950,466159/44796598/18157.906/c3d2e21e-77d8-44e2-a0ec-52820e492e84,0,0,nan,118.158668,61.841332,nan,nan,nan,nan,0.487438,nan,nan,1,0.484118
opdformer_p_rgb_512,3951,466159/44796598/18157.906/dac7f56a-e436-4881-a989-052d76bcfa88,0,1,nan,102.450504,77.549496,nan,nan,nan,nan,0.534567,nan,nan,1,0.000194
opdformer_p_rgb_512,3952,466159/44796598/18158.006/dac7f56a-e436-4881-a989-052d76bcfa88,0,1,nan,102.386242,77.613758,nan,nan,nan,nan,0.533253,nan,nan,1,0.000421
opdformer_p_rgb_512,3953,466159/44796598/18158.106/38e289e8-d9b3-478d-a2b9-c0b5b0b10753,0,0,nan,58.110240,58.110240,nan,nan,nan,nan,0.573008,nan,nan,1,0.000194
opdformer_p_rgb_512,3954,466159/44796598/18158.106/dac7f56a-e436-4881-a989-052d76bcfa88,0,0,nan,102.879503,77.120497,nan,nan,nan,nan,0.571231,nan,nan,1,0.000184
opdformer_p_rgb_512,3955,466159/44796598/18158.206/38e289e8-d9b3-478d-a2b9-c0b5b0b10753,0,0,nan,46.571123,46.571123,nan,nan,nan,nan,0.605338,nan,nan,1,0.000331
opdformer_p_rgb_512,3956,466159/44796598/18158.206/dac7f56a-e436-4881-a989-052d76bcfa88,0,0,nan,91.666657,88.333343,nan,nan,nan,nan,0.492584,nan,nan,1,0.000164
opdformer_p_rgb_512,3957,466159/44796598/18158.306/38e289e8-d9b3-478d-a2b9-c0b5b0b10753,0,0,nan,33.226763,33.226763,nan,nan,nan,nan,0.549229,nan,nan,1,0.000171
opdformer_p_rgb_512,3958,466159/44796598/18158.306/dac7f56a-e436-4881-a989-052d76bcfa88,0,0,nan,106.308326,73.691674,nan,nan,nan,nan,0.541474,nan,nan,1,0.000124
opdformer_p_rgb_512,3959,466159/44796598/18158.406/38e289e8-d9b3-478d-a2b9-c0b5b0b10753,0,0,nan,28.877791,28.877791,nan,nan,nan,nan,0.602744,nan,nan,1,0.000334
opdformer_p_rgb_512,3960,466159/44796598/18158.406/dac7f56a-e436-4881-a989-052d76bcfa88,0,0,nan,99.964957,80.035043,nan,nan,nan,nan,0.537014,nan,nan,1,0.000445
opdformer_p_rgb_512,3961,466159/44796598/18158.506/38e289e8-d9b3-478d-a2b9-c0b5b0b10753,0,0,nan,10.356545,10.356545,nan,nan,nan,nan,0.405070,nan,nan,1,0.000242
opdformer_p_rgb_512,3962,466159/44796598/18158.506/dac7f56a-e436-4881-a989-052d76bcfa88,0,0,nan,24.043918,24.043918,nan,nan,nan,nan,0.528719,nan,nan,1,0.000256
opdformer_p_rgb_512,3963,466159/44796598/18158.606/116bdcc7-1668-4158-9758-9f1310297a1c,0,0,nan,22.398160,22.398160,nan,nan,nan,nan,0.106454,nan,nan,1,0.000280
opdformer_p_rgb_512,3964,466159/44796598/18158.606/38e289e8-d9b3-478d-a2b9-c0b5b0b10753,0,0,nan,23.504864,23.504864,nan,nan,nan,nan,0.566349,nan,nan,1,0.000138
opdformer_p_rgb_512,3965,466159/44796598/18158.606/dac7f56a-e436-4881-a989-052d76bcfa88,0,0,nan,103.302814,76.697186,nan,nan,nan,nan,0.544620,nan,nan,1,0.000208
opdformer_p_rgb_512,3966,466159/44796598/18158.706/116bdcc7-1668-4158-9758-9f1310297a1c,0,0,nan,29.582249,29.582249,nan,nan,nan,nan,0.064226,nan,nan,1,0.000320
opdformer_p_rgb_512,3967,466159/44796598/18158.706/38e289e8-d9b3-478d-a2b9-c0b5b0b10753,0,0,nan,22.027420,22.027420,nan,nan,nan,nan,0.474483,nan,nan,1,0.952683
opdformer_p_rgb_512,3968,466159/44796598/18158.706/dac7f56a-e436-4881-a989-052d76bcfa88,0,1,nan,104.898153,75.101847,nan,nan,nan,nan,0.564804,nan,nan,1,0.002237
opdformer_p_rgb_512,3969,466159/44796598/18158.806/116bdcc7-1668-4158-9758-9f1310297a1c,0,0,nan,26.330025,26.330025,nan,nan,nan,nan,0.236426,nan,nan,1,0.000171
opdformer_p_rgb_512,3970,466159/44796598/18158.806/38e289e8-d9b3-478d-a2b9-c0b5b0b10753,0,0,nan,18.214941,18.214941,nan,nan,nan,nan,0.598813,nan,nan,1,0.000192
opdformer_p_rgb_512,3971,466159/44796598/18158.906/116bdcc7-1668-4158-9758-9f1310297a1c,0,0,nan,20.976356,20.976356,nan,nan,nan,nan,0.204638,nan,nan,1,0.000103
opdformer_p_rgb_512,3972,466159/44796598/18158.906/38e289e8-d9b3-478d-a2b9-c0b5b0b10753,0,0,nan,23.567098,23.567098,nan,nan,nan,nan,0.538729,nan,nan,1,0.000088
opdformer_p_rgb_512,3973,466159/44796598/18159.006/116bdcc7-1668-4158-9758-9f1310297a1c,0,0,nan,18.977190,18.977190,nan,nan,nan,nan,0.211738,nan,nan,1,0.000148
opdformer_p_rgb_512,3974,466159/44796598/18159.006/38e289e8-d9b3-478d-a2b9-c0b5b0b10753,0,0,nan,14.264921,14.264921,nan,nan,nan,nan,0.382596,nan,nan,1,0.950245
opdformer_p_rgb_512,3975,466159/44796598/18159.006/dac7f56a-e436-4881-a989-052d76bcfa88,0,0,nan,96.510571,83.489429,nan,nan,nan,nan,0.542764,nan,nan,1,0.000223
opdformer_p_rgb_512,3976,466159/44796598/18159.106/116bdcc7-1668-4158-9758-9f1310297a1c,0,0,nan,17.911468,17.911468,nan,nan,nan,nan,0.212435,nan,nan,1,0.000286
opdformer_p_rgb_512,3977,466159/44796598/18159.106/38e289e8-d9b3-478d-a2b9-c0b5b0b10753,0,0,nan,18.354454,18.354454,nan,nan,nan,nan,0.577944,nan,nan,1,0.000134
opdformer_p_rgb_512,3978,466159/44796598/18159.106/dac7f56a-e436-4881-a989-052d76bcfa88,0,0,nan,76.356769,76.356769,nan,nan,nan,nan,0.513484,nan,nan,1,0.000161
opdformer_p_rgb_512,3979,466159/44796598/18159.206/116bdcc7-1668-4158-9758-9f1310297a1c,0,0,nan,17.894586,17.894586,nan,nan,nan,nan,0.196028,nan,nan,1,0.000144
opdformer_p_rgb_512,3980,466159/44796598/18159.206/38e289e8-d9b3-478d-a2b9-c0b5b0b10753,0,0,nan,16.370582,16.370582,nan,nan,nan,nan,0.399250,nan,nan,1,0.958930
opdformer_p_rgb_512,3981,466159/44796598/18159.206/dac7f56a-e436-4881-a989-052d76bcfa88,0,0,nan,46.084507,46.084507,nan,nan,nan,nan,0.470996,nan,nan,1,0.000200
opdformer_p_rgb_512,3982,466159/44796598/18159.306/116bdcc7-1668-4158-9758-9f1310297a1c,0,0,nan,16.558296,16.558296,nan,nan,nan,nan,0.169506,nan,nan,1,0.000517
opdformer_p_rgb_512,3983,466159/44796598/18159.306/38e289e8-d9b3-478d-a2b9-c0b5b0b10753,0,0,nan,20.859014,20.859014,nan,nan,nan,nan,0.408949,nan,nan,1,0.962338
opdformer_p_rgb_512,3984,466159/44796598/18159.306/dac7f56a-e436-4881-a989-052d76bcfa88,0,0,nan,54.954275,54.954275,nan,nan,nan,nan,0.561935,nan,nan,1,0.000444
opdformer_p_rgb_512,3985,466159/44796598/18159.406/116bdcc7-1668-4158-9758-9f1310297a1c,0,0,nan,9.320091,9.320091,nan,nan,nan,nan,0.122791,nan,nan,1,0.000254
opdformer_p_rgb_512,3986,466159/44796598/18159.406/38e289e8-d9b3-478d-a2b9-c0b5b0b10753,0,0,nan,15.042882,15.042882,nan,nan,nan,nan,0.423565,nan,nan,1,0.000136
opdformer_p_rgb_512,3987,466159/44796598/18159.406/dac7f56a-e436-4881-a989-052d76bcfa88,0,0,nan,28.800541,28.800541,nan,nan,nan,nan,0.468445,nan,nan,1,0.000777
opdformer_p_rgb_512,3988,466159/44796598/18159.506/116bdcc7-1668-4158-9758-9f1310297a1c,0,0,nan,9.880493,9.880493,nan,nan,nan,nan,0.135250,nan,nan,1,0.000476
opdformer_p_rgb_512,3989,466159/44796598/18159.506/38e289e8-d9b3-478d-a2b9-c0b5b0b10753,0,0,nan,15.933797,15.933797,nan,nan,nan,nan,0.609529,nan,nan,1,0.000297
opdformer_p_rgb_512,3990,466159/44796598/18159.506/dac7f56a-e436-4881-a989-052d76bcfa88,0,1,nan,41.152649,41.152649,nan,nan,nan,nan,0.478708,nan,nan,1,0.000224
opdformer_p_rgb_512,3991,466159/44796598/18159.606/116bdcc7-1668-4158-9758-9f1310297a1c,0,0,nan,18.402589,18.402589,nan,nan,nan,nan,0.201047,nan,nan,1,0.000987
opdformer_p_rgb_512,3992,466159/44796598/18159.606/38e289e8-d9b3-478d-a2b9-c0b5b0b10753,0,0,nan,20.246368,20.246368,nan,nan,nan,nan,0.521539,nan,nan,1,0.000186
opdformer_p_rgb_512,3993,466159/44796598/18159.606/dac7f56a-e436-4881-a989-052d76bcfa88,0,0,nan,33.146474,33.146474,nan,nan,nan,nan,0.425257,nan,nan,1,0.000063
opdformer_p_rgb_512,3994,466159/44796598/18159.705/38e289e8-d9b3-478d-a2b9-c0b5b0b10753,0,0,nan,8.802842,8.802842,nan,nan,nan,nan,0.552963,nan,nan,1,0.000138
opdformer_p_rgb_512,3995,466159/44796598/18159.705/c3d2e21e-77d8-44e2-a0ec-52820e492e84,0,0,nan,82.229524,82.229524,nan,nan,nan,nan,0.606653,nan,nan,1,0.000451
opdformer_p_rgb_512,3996,466159/44796598/18159.705/dac7f56a-e436-4881-a989-052d76bcfa88,0,0,nan,19.429488,19.429488,nan,nan,nan,nan,0.582878,nan,nan,1,0.000139
opdformer_p_rgb_512,3997,466159/44796598/18159.805/38e289e8-d9b3-478d-a2b9-c0b5b0b10753,0,0,nan,2.688286,2.688286,nan,nan,nan,nan,0.539744,nan,nan,1,0.000194
opdformer_p_rgb_512,3998,466159/44796598/18159.805/c3d2e21e-77d8-44e2-a0ec-52820e492e84,0,0,nan,20.343875,20.343875,nan,nan,nan,nan,0.519741,nan,nan,1,0.000451
opdformer_p_rgb_512,3999,466159/44796598/18159.805/dac7f56a-e436-4881-a989-052d76bcfa88,0,0,nan,12.204711,12.204711,nan,nan,nan,nan,0.414056,nan,nan,1,0.000084
opdformer_p_rgb_512,4000,466159/44796598/18159.905/38e289e8-d9b3-478d-a2b9-c0b5b0b10753,0,0,nan,5.485059,5.485059,nan,nan,nan,nan,0.418652,nan,nan,1,0.000273
opdformer_p_rgb_512,4001,466159/44796598/18159.905/c3d2e21e-77d8-44e2-a0ec-52820e492e84,0,0,nan,23.992979,23.992979,nan,nan,nan,nan,0.490608,nan,nan,1,0.000494
opdformer_p_rgb_512,4002,466159/44796598/18159.905/dac7f56a-e436-4881-a989-052d76bcfa88,0,0,nan,6.945903,6.945903,nan,nan,nan,nan,0.554217,nan,nan,1,0.000135
opdformer_p_rgb_512,4003,466159/44796598/18160.005/c3d2e21e-77d8-44e2-a0ec-52820e492e84,0,0,nan,15.823511,15.823511,nan,nan,nan,nan,0.439930,nan,nan,1,0.000436
opdformer_p_rgb_512,4004,466159/44796598/18160.005/dac7f56a-e436-4881-a989-052d76bcfa88,0,0,nan,29.277549,29.277549,nan,nan,nan,nan,0.631605,nan,nan,1,0.000418
opdformer_p_rgb_512,4005,466159/44796598/18160.105/c3d2e21e-77d8-44e2-a0ec-52820e492e84,0,0,nan,37.720660,37.720660,nan,nan,nan,nan,0.580855,nan,nan,1,0.016078
opdformer_p_rgb_512,4006,466159/44796598/18160.105/dac7f56a-e436-4881-a989-052d76bcfa88,0,0,nan,47.343168,47.343168,nan,nan,nan,nan,0.574293,nan,nan,1,0.003744
opdformer_p_rgb_512,4007,466159/44796598/18160.205/c3d2e21e-77d8-44e2-a0ec-52820e492e84,0,0,nan,60.038673,60.038673,nan,nan,nan,nan,0.409446,nan,nan,1,0.011948
opdformer_p_rgb_512,4008,466159/44796598/18165.603/28ae729b-2199-49be-a7d1-8029d0749a14,1,1,nan,168.649830,11.350170,0.480389,0.611960,nan,nan,0.138632,nan,nan,1,0.004542
opdformer_p_rgb_512,4009,466159/44796598/18165.603/503e37dd-8f07-40db-a0d0-d7c95c3deddf,1,1,nan,11.817790,11.817790,0.940097,1.026444,nan,nan,0.318982,nan,nan,1,0.003880
opdformer_p_rgb_512,4010,466159/44796598/18165.703/28ae729b-2199-49be-a7d1-8029d0749a14,1,1,nan,104.120496,75.879504,0.422913,0.526320,nan,nan,0.217993,nan,nan,1,0.013261
opdformer_p_rgb_512,4011,466159/44796598/18165.803/28ae729b-2199-49be-a7d1-8029d0749a14,1,1,nan,3.752752,3.752752,0.388453,0.468451,nan,nan,0.124490,nan,nan,1,0.005448
opdformer_p_rgb_512,4012,466159/44796598/18165.903/28ae729b-2199-49be-a7d1-8029d0749a14,1,1,nan,8.097574,8.097574,0.472923,0.554975,nan,nan,0.173633,nan,nan,1,0.006686
opdformer_p_rgb_512,4013,466159/44796598/18167.502/ae076245-8ab3-4773-b6b9-69a2fa36f383,1,-1,nan,90.000000,90.000000,nan,nan,nan,nan,0.000000,nan,nan,0,nan
opdformer_p_rgb_512,4014,466159/44796598/18167.602/ae076245-8ab3-4773-b6b9-69a2fa36f383,1,-1,nan,90.000000,90.000000,nan,nan,nan,nan,0.000000,nan,nan,0,nan
opdformer_p_rgb_512,4015,466850/47331573/13688.369/83147eb3-1b26-4761-8999-a5594d9f4921,1,1,nan,38.070827,38.070827,0.991544,1.057264,nan,nan,0.721271,nan,nan,1,0.001095
opdformer_p_rgb_512,4016,466850/47331573/13688.469/83147eb3-1b26-4761-8999-a5594d9f4921,1,1,nan,69.699535,69.699535,0.728262,0.873513,nan,nan,0.713604,nan,nan,1,0.001009
opdformer_p_rgb_512,4017,466850/47331573/13688.569/83147eb3-1b26-4761-8999-a5594d9f4921,1,1,nan,42.141147,42.141147,0.860886,0.923658,nan,nan,0.700495,nan,nan,1,0.000829
opdformer_p_rgb_512,4018,466850/47331573/13688.669/83147eb3-1b26-4761-8999-a5594d9f4921,1,1,nan,67.645419,67.645419,0.839507,0.965951,nan,nan,0.743455,nan,nan,1,0.001864
opdformer_p_rgb_512,4019,466850/47331573/13688.769/83147eb3-1b26-4761-8999-a5594d9f4921,1,1,nan,46.652085,46.652085,1.169101,1.247299,nan,nan,0.733894,nan,nan,1,0.000592
opdformer_p_rgb_512,4020,466850/47331573/13688.869/83147eb3-1b26-4761-8999-a5594d9f4921,1,1,nan,150.443670,29.556330,0.522379,0.713837,nan,nan,0.763231,nan,nan,1,0.967129
opdformer_p_rgb_512,4021,466850/47331573/13688.969/83147eb3-1b26-4761-8999-a5594d9f4921,1,1,nan,164.301854,15.698146,0.693624,0.877564,nan,nan,0.758621,nan,nan,1,0.980678
opdformer_p_rgb_512,4022,466850/47331573/13689.069/83147eb3-1b26-4761-8999-a5594d9f4921,1,1,nan,168.156618,11.843382,0.521443,0.594616,nan,nan,0.707042,nan,nan,1,0.959206
opdformer_p_rgb_512,4023,466850/47331573/13689.169/83147eb3-1b26-4761-8999-a5594d9f4921,1,1,nan,176.211180,3.788820,0.868092,1.047431,nan,nan,0.683377,nan,nan,1,0.001104
opdformer_p_rgb_512,4024,466850/47331573/13689.269/83147eb3-1b26-4761-8999-a5594d9f4921,1,1,nan,157.937980,22.062020,0.305177,0.579236,nan,nan,0.705094,nan,nan,1,0.000279
opdformer_p_rgb_512,4025,466850/47331573/13689.369/83147eb3-1b26-4761-8999-a5594d9f4921,1,1,nan,136.111451,43.888549,0.373748,0.724588,nan,nan,0.714697,nan,nan,1,0.061466
opdformer_p_rgb_512,4026,466850/47331573/13689.469/83147eb3-1b26-4761-8999-a5594d9f4921,1,1,nan,81.735627,81.735627,2.224117,2.363271,nan,nan,0.732697,nan,nan,1,0.001150
opdformer_p_rgb_512,4027,466850/47331573/13689.569/83147eb3-1b26-4761-8999-a5594d9f4921,1,1,nan,9.137871,9.137871,0.548788,0.707673,nan,nan,0.753555,nan,nan,1,0.000235
opdformer_p_rgb_512,4028,466850/47331573/13705.762/8960bd9d-9487-4a5e-a18a-b92af10809ea,0,0,nan,5.833499,5.833499,nan,nan,nan,nan,0.481589,nan,nan,1,0.000274
opdformer_p_rgb_512,4029,466850/47331573/13705.862/8960bd9d-9487-4a5e-a18a-b92af10809ea,0,0,nan,9.463858,9.463858,nan,nan,nan,nan,0.449050,nan,nan,1,0.000011
opdformer_p_rgb_512,4030,466850/47331573/13705.962/0227d3b9-8fce-4f1f-9129-a7b0fbaaca93,0,0,nan,5.516661,5.516661,nan,nan,nan,nan,0.069189,nan,nan,1,0.000272
opdformer_p_rgb_512,4031,466850/47331573/13705.962/8960bd9d-9487-4a5e-a18a-b92af10809ea,0,0,nan,6.180453,6.180453,nan,nan,nan,nan,0.393880,nan,nan,1,0.000039
opdformer_p_rgb_512,4032,466850/47331573/13706.062/0227d3b9-8fce-4f1f-9129-a7b0fbaaca93,0,-1,nan,90.000000,90.000000,nan,nan,nan,nan,0.000000,nan,nan,0,nan
opdformer_p_rgb_512,4033,466850/47331573/13706.062/8960bd9d-9487-4a5e-a18a-b92af10809ea,0,0,nan,17.658067,17.658067,nan,nan,nan,nan,0.406043,nan,nan,1,0.000491
opdformer_p_rgb_512,4034,466850/47331573/13706.162/0227d3b9-8fce-4f1f-9129-a7b0fbaaca93,0,0,nan,14.863439,14.863439,nan,nan,nan,nan,0.176487,nan,nan,1,0.003250
opdformer_p_rgb_512,4035,466850/47331573/13706.162/8960bd9d-9487-4a5e-a18a-b92af10809ea,0,0,nan,9.171389,9.171389,nan,nan,nan,nan,0.374359,nan,nan,1,0.000435
opdformer_p_rgb_512,4036,466850/47331573/13706.262/0227d3b9-8fce-4f1f-9129-a7b0fbaaca93,0,-1,nan,90.000000,90.000000,nan,nan,nan,nan,0.000000,nan,nan,0,nan
opdformer_p_rgb_512,4037,466850/47331573/13706.262/8960bd9d-9487-4a5e-a18a-b92af10809ea,0,-1,nan,90.000000,90.000000,nan,nan,nan,nan,0.000000,nan,nan,0,nan
opdformer_p_rgb_512,4038,466850/47331573/13706.362/0227d3b9-8fce-4f1f-9129-a7b0fbaaca93,0,-1,nan,90.000000,90.000000,nan,nan,nan,nan,0.000000,nan,nan,0,nan
opdformer_p_rgb_512,4039,466850/47331573/13706.362/8960bd9d-9487-4a5e-a18a-b92af10809ea,0,-1,nan,90.000000,90.000000,nan,nan,nan,nan,0.000000,nan,nan,0,nan
opdformer_p_rgb_512,4040,466850/47331573/13706.462/0227d3b9-8fce-4f1f-9129-a7b0fbaaca93,0,-1,nan,90.000000,90.000000,nan,nan,nan,nan,0.000000,nan,nan,0,nan
opdformer_p_rgb_512,4041,466850/47331573/13706.462/8960bd9d-9487-4a5e-a18a-b92af10809ea,0,-1,nan,90.000000,90.000000,nan,nan,nan,nan,0.000000,nan,nan,0,nan
opdformer_p_rgb_512,4042,466850/47331573/13706.562/0227d3b9-8fce-4f1f-9129-a7b0fbaaca93,0,-1,nan,90.000000,90.000000,nan,nan,nan,nan,0.000000,nan,nan,0,nan
opdformer_p_rgb_512,4043,466850/47331573/13706.662/0227d3b9-8fce-4f1f-9129-a7b0fbaaca93,0,-1,nan,90.000000,90.000000,nan,nan,nan,nan,0.000000,nan,nan,0,nan
opdformer_p_rgb_512,4044,466850/47331573/13706.762/0227d3b9-8fce-4f1f-9129-a7b0fbaaca93,0,-1,nan,90.000000,90.000000,nan,nan,nan,nan,0.000000,nan,nan,0,nan
opdformer_p_rgb_512,4045,466850/47331573/13706.862/0227d3b9-8fce-4f1f-9129-a7b0fbaaca93,0,0,nan,11.001184,11.001184,nan,nan,nan,nan,0.430046,nan,nan,1,0.794739
opdformer_p_rgb_512,4046,466850/47331573/13706.962/0227d3b9-8fce-4f1f-9129-a7b0fbaaca93,0,0,nan,18.342751,18.342751,nan,nan,nan,nan,0.110243,nan,nan,1,0.793044
opdformer_p_rgb_512,4047,466850/47331573/13707.062/0227d3b9-8fce-4f1f-9129-a7b0fbaaca93,0,0,nan,6.692696,6.692696,nan,nan,nan,nan,0.445734,nan,nan,1,0.002285
opdformer_p_rgb_512,4048,466850/47331573/13707.162/0227d3b9-8fce-4f1f-9129-a7b0fbaaca93,0,0,nan,10.268683,10.268683,nan,nan,nan,nan,0.332376,nan,nan,1,0.024448
opdformer_p_rgb_512,4049,466850/47331573/13707.262/0227d3b9-8fce-4f1f-9129-a7b0fbaaca93,0,0,nan,62.616495,62.616495,nan,nan,nan,nan,0.155653,nan,nan,1,0.000652
opdformer_p_rgb_512,4050,466850/47331573/13712.659/0227d3b9-8fce-4f1f-9129-a7b0fbaaca93,0,-1,nan,90.000000,90.000000,nan,nan,nan,nan,0.000000,nan,nan,0,nan
opdformer_p_rgb_512,4051,466850/47331573/13712.759/0227d3b9-8fce-4f1f-9129-a7b0fbaaca93,0,0,nan,11.611110,11.611110,nan,nan,nan,nan,0.537337,nan,nan,1,0.928429
opdformer_p_rgb_512,4052,466850/47331573/13712.759/8960bd9d-9487-4a5e-a18a-b92af10809ea,0,-1,nan,90.000000,90.000000,nan,nan,nan,nan,0.000000,nan,nan,0,nan
opdformer_p_rgb_512,4053,466850/47331573/13712.859/0227d3b9-8fce-4f1f-9129-a7b0fbaaca93,0,0,nan,12.255712,12.255712,nan,nan,nan,nan,0.661856,nan,nan,1,0.940795
opdformer_p_rgb_512,4054,466850/47331573/13712.859/8960bd9d-9487-4a5e-a18a-b92af10809ea,0,-1,nan,90.000000,90.000000,nan,nan,nan,nan,0.000000,nan,nan,0,nan
opdformer_p_rgb_512,4055,466850/47331573/13712.959/0227d3b9-8fce-4f1f-9129-a7b0fbaaca93,0,0,nan,9.013594,9.013594,nan,nan,nan,nan,0.365711,nan,nan,1,0.564394
opdformer_p_rgb_512,4056,466850/47331573/13712.959/8960bd9d-9487-4a5e-a18a-b92af10809ea,0,-1,nan,90.000000,90.000000,nan,nan,nan,nan,0.000000,nan,nan,0,nan
opdformer_p_rgb_512,4057,466850/47331575/13511.674/0227d3b9-8fce-4f1f-9129-a7b0fbaaca93,0,0,nan,10.319885,10.319885,nan,nan,nan,nan,0.000791,nan,nan,1,0.002062
opdformer_p_rgb_512,4058,466850/47331575/13511.774/0227d3b9-8fce-4f1f-9129-a7b0fbaaca93,0,0,nan,26.403907,26.403907,nan,nan,nan,nan,0.000346,nan,nan,1,0.001744
opdformer_p_rgb_512,4059,466850/47331575/13511.874/0227d3b9-8fce-4f1f-9129-a7b0fbaaca93,0,-1,nan,90.000000,90.000000,nan,nan,nan,nan,0.000000,nan,nan,0,nan
opdformer_p_rgb_512,4060,466850/47331575/13511.874/8960bd9d-9487-4a5e-a18a-b92af10809ea,0,-1,nan,90.000000,90.000000,nan,nan,nan,nan,0.000000,nan,nan,0,nan
opdformer_p_rgb_512,4061,466850/47331575/13511.974/0227d3b9-8fce-4f1f-9129-a7b0fbaaca93,0,0,nan,13.962873,13.962873,nan,nan,nan,nan,0.003029,nan,nan,1,0.000392
opdformer_p_rgb_512,4062,466850/47331575/13511.974/8960bd9d-9487-4a5e-a18a-b92af10809ea,0,0,nan,10.488953,10.488953,nan,nan,nan,nan,0.055313,nan,nan,1,0.001105
opdformer_p_rgb_512,4063,466850/47331575/13512.074/0227d3b9-8fce-4f1f-9129-a7b0fbaaca93,0,0,nan,24.862637,24.862637,nan,nan,nan,nan,0.003253,nan,nan,1,0.000467
opdformer_p_rgb_512,4064,466850/47331575/13512.074/8960bd9d-9487-4a5e-a18a-b92af10809ea,0,-1,nan,90.000000,90.000000,nan,nan,nan,nan,0.000000,nan,nan,0,nan
opdformer_p_rgb_512,4065,466850/47331575/13512.174/0227d3b9-8fce-4f1f-9129-a7b0fbaaca93,0,0,nan,96.421320,83.578680,nan,nan,nan,nan,0.004467,nan,nan,1,0.000640
opdformer_p_rgb_512,4066,466850/47331575/13512.174/8960bd9d-9487-4a5e-a18a-b92af10809ea,0,-1,nan,90.000000,90.000000,nan,nan,nan,nan,0.000000,nan,nan,0,nan
opdformer_p_rgb_512,4067,466850/47331575/13512.274/0227d3b9-8fce-4f1f-9129-a7b0fbaaca93,0,0,nan,18.389512,18.389512,nan,nan,nan,nan,0.002113,nan,nan,1,0.000451
opdformer_p_rgb_512,4068,466850/47331575/13512.274/8960bd9d-9487-4a5e-a18a-b92af10809ea,0,0,nan,84.558353,84.558353,nan,nan,nan,nan,0.018936,nan,nan,1,0.000331
opdformer_p_rgb_512,4069,466850/47331575/13512.374/0227d3b9-8fce-4f1f-9129-a7b0fbaaca93,0,0,nan,19.187526,19.187526,nan,nan,nan,nan,0.000324,nan,nan,1,0.000463
opdformer_p_rgb_512,4070,466850/47331575/13512.374/8960bd9d-9487-4a5e-a18a-b92af10809ea,0,-1,nan,90.000000,90.000000,nan,nan,nan,nan,0.000000,nan,nan,0,nan
opdformer_p_rgb_512,4071,466850/47331575/13512.474/0227d3b9-8fce-4f1f-9129-a7b0fbaaca93,0,1,nan,43.284743,43.284743,nan,nan,nan,nan,0.003548,nan,nan,1,0.001219
opdformer_p_rgb_512,4072,466850/47331575/13512.474/8960bd9d-9487-4a5e-a18a-b92af10809ea,0,-1,nan,90.000000,90.000000,nan,nan,nan,nan,0.000000,nan,nan,0,nan
opdformer_p_rgb_512,4073,466850/47331575/13512.574/0227d3b9-8fce-4f1f-9129-a7b0fbaaca93,0,0,nan,15.017591,15.017591,nan,nan,nan,nan,0.001533,nan,nan,1,0.000921
opdformer_p_rgb_512,4074,466850/47331575/13512.574/8960bd9d-9487-4a5e-a18a-b92af10809ea,0,-1,nan,90.000000,90.000000,nan,nan,nan,nan,0.000000,nan,nan,0,nan
opdformer_p_rgb_512,4075,466850/47331575/13512.674/0227d3b9-8fce-4f1f-9129-a7b0fbaaca93,0,-1,nan,90.000000,90.000000,nan,nan,nan,nan,0.000000,nan,nan,0,nan
opdformer_p_rgb_512,4076,466850/47331575/13512.674/8960bd9d-9487-4a5e-a18a-b92af10809ea,0,-1,nan,90.000000,90.000000,nan,nan,nan,nan,0.000000,nan,nan,0,nan
opdformer_p_rgb_512,4077,466850/47331575/13512.774/0227d3b9-8fce-4f1f-9129-a7b0fbaaca93,0,-1,nan,90.000000,90.000000,nan,nan,nan,nan,0.000000,nan,nan,0,nan
opdformer_p_rgb_512,4078,466850/47331575/13512.774/8960bd9d-9487-4a5e-a18a-b92af10809ea,0,-1,nan,90.000000,90.000000,nan,nan,nan,nan,0.000000,nan,nan,0,nan
opdformer_p_rgb_512,4079,466850/47331575/13512.874/0227d3b9-8fce-4f1f-9129-a7b0fbaaca93,0,-1,nan,90.000000,90.000000,nan,nan,nan,nan,0.000000,nan,nan,0,nan
opdformer_p_rgb_512,4080,466850/47331575/13512.874/8960bd9d-9487-4a5e-a18a-b92af10809ea,0,-1,nan,90.000000,90.000000,nan,nan,nan,nan,0.000000,nan,nan,0,nan
opdformer_p_rgb_512,4081,466850/47331575/13512.974/0227d3b9-8fce-4f1f-9129-a7b0fbaaca93,0,-1,nan,90.000000,90.000000,nan,nan,nan,nan,0.000000,nan,nan,0,nan
opdformer_p_rgb_512,4082,466850/47331575/13512.974/8960bd9d-9487-4a5e-a18a-b92af10809ea,0,-1,nan,90.000000,90.000000,nan,nan,nan,nan,0.000000,nan,nan,0,nan
opdformer_p_rgb_512,4083,466850/47331575/13513.074/0227d3b9-8fce-4f1f-9129-a7b0fbaaca93,0,-1,nan,90.000000,90.000000,nan,nan,nan,nan,0.000000,nan,nan,0,nan
opdformer_p_rgb_512,4084,466850/47331575/13513.074/8960bd9d-9487-4a5e-a18a-b92af10809ea,0,-1,nan,90.000000,90.000000,nan,nan,nan,nan,0.000000,nan,nan,0,nan
opdformer_p_rgb_512,4085,466850/47331575/13513.174/0227d3b9-8fce-4f1f-9129-a7b0fbaaca93,0,-1,nan,90.000000,90.000000,nan,nan,nan,nan,0.000000,nan,nan,0,nan
opdformer_p_rgb_512,4086,466850/47331575/13513.174/8960bd9d-9487-4a5e-a18a-b92af10809ea,0,-1,nan,90.000000,90.000000,nan,nan,nan,nan,0.000000,nan,nan,0,nan
opdformer_p_rgb_512,4087,466850/47331575/13513.274/0227d3b9-8fce-4f1f-9129-a7b0fbaaca93,0,-1,nan,90.000000,90.000000,nan,nan,nan,nan,0.000000,nan,nan,0,nan
opdformer_p_rgb_512,4088,466850/47331575/13513.274/8960bd9d-9487-4a5e-a18a-b92af10809ea,0,-1,nan,90.000000,90.000000,nan,nan,nan,nan,0.000000,nan,nan,0,nan
opdformer_p_rgb_512,4089,466850/47331575/13513.373/0227d3b9-8fce-4f1f-9129-a7b0fbaaca93,0,-1,nan,90.000000,90.000000,nan,nan,nan,nan,0.000000,nan,nan,0,nan
opdformer_p_rgb_512,4090,466850/47331575/13513.373/8960bd9d-9487-4a5e-a18a-b92af10809ea,0,-1,nan,90.000000,90.000000,nan,nan,nan,nan,0.000000,nan,nan,0,nan
opdformer_p_rgb_512,4091,466850/47331575/13513.473/0227d3b9-8fce-4f1f-9129-a7b0fbaaca93,0,0,nan,80.620504,80.620504,nan,nan,nan,nan,0.003677,nan,nan,1,0.001334
opdformer_p_rgb_512,4092,466850/47331575/13513.473/8960bd9d-9487-4a5e-a18a-b92af10809ea,0,-1,nan,90.000000,90.000000,nan,nan,nan,nan,0.000000,nan,nan,0,nan
opdformer_p_rgb_512,4093,466850/47331575/13513.573/0227d3b9-8fce-4f1f-9129-a7b0fbaaca93,0,-1,nan,90.000000,90.000000,nan,nan,nan,nan,0.000000,nan,nan,0,nan
opdformer_p_rgb_512,4094,466850/47331575/13513.573/8960bd9d-9487-4a5e-a18a-b92af10809ea,0,-1,nan,90.000000,90.000000,nan,nan,nan,nan,0.000000,nan,nan,0,nan
opdformer_p_rgb_512,4095,466850/47331575/13513.673/0227d3b9-8fce-4f1f-9129-a7b0fbaaca93,0,0,nan,48.742197,48.742197,nan,nan,nan,nan,0.009092,nan,nan,1,0.000160
opdformer_p_rgb_512,4096,466850/47331575/13513.673/8960bd9d-9487-4a5e-a18a-b92af10809ea,0,-1,nan,90.000000,90.000000,nan,nan,nan,nan,0.000000,nan,nan,0,nan
opdformer_p_rgb_512,4097,466850/47331575/13513.773/0227d3b9-8fce-4f1f-9129-a7b0fbaaca93,0,1,nan,88.016214,88.016214,nan,nan,nan,nan,0.000170,nan,nan,1,0.000132
opdformer_p_rgb_512,4098,466850/47331575/13513.773/8960bd9d-9487-4a5e-a18a-b92af10809ea,0,-1,nan,90.000000,90.000000,nan,nan,nan,nan,0.000000,nan,nan,0,nan
opdformer_p_rgb_512,4099,466850/47331575/13513.873/0227d3b9-8fce-4f1f-9129-a7b0fbaaca93,0,-1,nan,90.000000,90.000000,nan,nan,nan,nan,0.000000,nan,nan,0,nan
opdformer_p_rgb_512,4100,466850/47331575/13513.873/8960bd9d-9487-4a5e-a18a-b92af10809ea,0,-1,nan,90.000000,90.000000,nan,nan,nan,nan,0.000000,nan,nan,0,nan
opdformer_p_rgb_512,4101,466850/47331575/13513.973/0227d3b9-8fce-4f1f-9129-a7b0fbaaca93,0,-1,nan,90.000000,90.000000,nan,nan,nan,nan,0.000000,nan,nan,0,nan
opdformer_p_rgb_512,4102,466850/47331575/13513.973/8960bd9d-9487-4a5e-a18a-b92af10809ea,0,-1,nan,90.000000,90.000000,nan,nan,nan,nan,0.000000,nan,nan,0,nan
opdformer_p_rgb_512,4103,466850/47331575/13514.073/0227d3b9-8fce-4f1f-9129-a7b0fbaaca93,0,0,nan,71.546165,71.546165,nan,nan,nan,nan,0.007577,nan,nan,1,0.000596
opdformer_p_rgb_512,4104,466850/47331575/13514.073/8960bd9d-9487-4a5e-a18a-b92af10809ea,0,-1,nan,90.000000,90.000000,nan,nan,nan,nan,0.000000,nan,nan,0,nan
opdformer_p_rgb_512,4105,466850/47331575/13514.173/0227d3b9-8fce-4f1f-9129-a7b0fbaaca93,0,-1,nan,90.000000,90.000000,nan,nan,nan,nan,0.000000,nan,nan,0,nan
opdformer_p_rgb_512,4106,466850/47331575/13514.173/8960bd9d-9487-4a5e-a18a-b92af10809ea,0,-1,nan,90.000000,90.000000,nan,nan,nan,nan,0.000000,nan,nan,0,nan
opdformer_p_rgb_512,4107,466850/47331575/13514.273/0227d3b9-8fce-4f1f-9129-a7b0fbaaca93,0,-1,nan,90.000000,90.000000,nan,nan,nan,nan,0.000000,nan,nan,0,nan
opdformer_p_rgb_512,4108,466850/47331575/13514.273/8960bd9d-9487-4a5e-a18a-b92af10809ea,0,-1,nan,90.000000,90.000000,nan,nan,nan,nan,0.000000,nan,nan,0,nan
opdformer_p_rgb_512,4109,466850/47331575/13559.971/8960bd9d-9487-4a5e-a18a-b92af10809ea,0,-1,nan,90.000000,90.000000,nan,nan,nan,nan,0.000000,nan,nan,0,nan
opdformer_p_rgb_512,4110,466850/47331575/13560.071/8960bd9d-9487-4a5e-a18a-b92af10809ea,0,-1,nan,90.000000,90.000000,nan,nan,nan,nan,0.000000,nan,nan,0,nan
opdformer_p_rgb_512,4111,466850/47331575/13560.171/8960bd9d-9487-4a5e-a18a-b92af10809ea,0,-1,nan,90.000000,90.000000,nan,nan,nan,nan,0.000000,nan,nan,0,nan
opdformer_p_rgb_512,4112,466850/47331575/13560.271/8960bd9d-9487-4a5e-a18a-b92af10809ea,0,-1,nan,90.000000,90.000000,nan,nan,nan,nan,0.000000,nan,nan,0,nan
opdformer_p_rgb_512,4113,466850/47331575/13566.669/733562c2-163a-4cb2-b084-6e668bc268c1,1,1,nan,10.570554,10.570554,0.594670,0.661903,nan,nan,0.219677,nan,nan,1,0.000252
opdformer_p_rgb_512,4114,466850/47331575/13566.769/733562c2-163a-4cb2-b084-6e668bc268c1,1,1,nan,10.403546,10.403546,0.644428,0.644433,nan,nan,0.449838,nan,nan,1,0.000154
opdformer_p_rgb_512,4115,466850/47331575/13566.869/733562c2-163a-4cb2-b084-6e668bc268c1,1,1,nan,110.749227,69.250773,0.684838,0.768422,nan,nan,0.424863,nan,nan,1,0.000103
opdformer_p_rgb_512,4116,466850/47331575/13566.968/733562c2-163a-4cb2-b084-6e668bc268c1,1,1,nan,6.428318,6.428318,0.726899,0.727055,nan,nan,0.334040,nan,nan,1,0.000044
opdformer_p_rgb_512,4117,466850/47331575/13567.068/733562c2-163a-4cb2-b084-6e668bc268c1,1,1,nan,5.477789,5.477789,0.431110,0.431180,nan,nan,0.551079,nan,nan,1,0.000073
opdformer_p_rgb_512,4118,466850/47331575/13567.168/733562c2-163a-4cb2-b084-6e668bc268c1,1,1,nan,26.180842,26.180842,0.372363,0.402984,nan,nan,0.302292,nan,nan,1,0.002023
opdformer_p_rgb_512,4119,466850/47331575/13567.268/733562c2-163a-4cb2-b084-6e668bc268c1,1,1,nan,13.100696,13.100696,0.540072,0.541351,nan,nan,0.390390,nan,nan,1,0.006185
opdformer_p_rgb_512,4120,466850/47331575/13567.368/733562c2-163a-4cb2-b084-6e668bc268c1,1,1,nan,17.129071,17.129071,0.364227,0.381072,nan,nan,0.574103,nan,nan,1,0.001969
opdformer_p_rgb_512,4121,466850/47331575/13567.468/733562c2-163a-4cb2-b084-6e668bc268c1,1,1,nan,27.614943,27.614943,0.328320,0.348449,nan,nan,0.580409,nan,nan,1,0.001996
opdformer_p_rgb_512,4122,466850/47331575/13568.068/83147eb3-1b26-4761-8999-a5594d9f4921,1,1,nan,124.575339,55.424661,0.692488,0.850757,nan,nan,0.641753,nan,nan,1,0.001181
opdformer_p_rgb_512,4123,466850/47331575/13580.663/0227d3b9-8fce-4f1f-9129-a7b0fbaaca93,0,0,nan,30.464674,30.464674,nan,nan,nan,nan,0.125954,nan,nan,1,0.010166
opdformer_p_rgb_512,4124,466850/47331575/13580.763/0227d3b9-8fce-4f1f-9129-a7b0fbaaca93,0,0,nan,11.471201,11.471201,nan,nan,nan,nan,0.213632,nan,nan,1,0.002324
opdformer_p_rgb_512,4125,466850/47331575/13580.863/0227d3b9-8fce-4f1f-9129-a7b0fbaaca93,0,0,nan,7.619658,7.619658,nan,nan,nan,nan,0.122563,nan,nan,1,0.000346
opdformer_p_rgb_512,4126,466850/47331575/13580.863/8960bd9d-9487-4a5e-a18a-b92af10809ea,0,0,nan,4.873609,4.873609,nan,nan,nan,nan,0.606776,nan,nan,1,0.862010
opdformer_p_rgb_512,4127,466850/47331575/13580.963/0227d3b9-8fce-4f1f-9129-a7b0fbaaca93,0,0,nan,8.558191,8.558191,nan,nan,nan,nan,0.373628,nan,nan,1,0.602094
opdformer_p_rgb_512,4128,466850/47331575/13580.963/8960bd9d-9487-4a5e-a18a-b92af10809ea,0,0,nan,4.699976,4.699976,nan,nan,nan,nan,0.543365,nan,nan,1,0.002799
opdformer_p_rgb_512,4129,466850/47331575/13581.063/0227d3b9-8fce-4f1f-9129-a7b0fbaaca93,0,-1,nan,90.000000,90.000000,nan,nan,nan,nan,0.000000,nan,nan,0,nan
opdformer_p_rgb_512,4130,466850/47331575/13581.063/8960bd9d-9487-4a5e-a18a-b92af10809ea,0,0,nan,4.872532,4.872532,nan,nan,nan,nan,0.609461,nan,nan,1,0.014062
opdformer_p_rgb_512,4131,466850/47331575/13581.163/0227d3b9-8fce-4f1f-9129-a7b0fbaaca93,0,0,nan,9.917704,9.917704,nan,nan,nan,nan,0.538361,nan,nan,1,0.000767
opdformer_p_rgb_512,4132,466850/47331575/13581.163/8960bd9d-9487-4a5e-a18a-b92af10809ea,0,0,nan,6.283693,6.283693,nan,nan,nan,nan,0.685125,nan,nan,1,0.000363
opdformer_p_rgb_512,4133,466850/47331575/13581.263/0227d3b9-8fce-4f1f-9129-a7b0fbaaca93,0,0,nan,9.834939,9.834939,nan,nan,nan,nan,0.142060,nan,nan,1,0.000526
opdformer_p_rgb_512,4134,466850/47331575/13581.263/8960bd9d-9487-4a5e-a18a-b92af10809ea,0,0,nan,5.690212,5.690212,nan,nan,nan,nan,0.645902,nan,nan,1,0.001871
opdformer_p_rgb_512,4135,466850/47331575/13581.363/0227d3b9-8fce-4f1f-9129-a7b0fbaaca93,0,0,nan,6.606733,6.606733,nan,nan,nan,nan,0.413704,nan,nan,1,0.855846
opdformer_p_rgb_512,4136,466850/47331575/13581.363/8960bd9d-9487-4a5e-a18a-b92af10809ea,0,0,nan,1.456228,1.456228,nan,nan,nan,nan,0.625835,nan,nan,1,0.001781
opdformer_p_rgb_512,4137,466850/47331575/13581.463/0227d3b9-8fce-4f1f-9129-a7b0fbaaca93,0,0,nan,4.805727,4.805727,nan,nan,nan,nan,0.450645,nan,nan,1,0.000048
opdformer_p_rgb_512,4138,466850/47331575/13581.463/8960bd9d-9487-4a5e-a18a-b92af10809ea,0,0,nan,4.314266,4.314266,nan,nan,nan,nan,0.623751,nan,nan,1,0.000202
opdformer_p_rgb_512,4139,466850/47331575/13581.563/0227d3b9-8fce-4f1f-9129-a7b0fbaaca93,0,0,nan,4.747771,4.747771,nan,nan,nan,nan,0.488026,nan,nan,1,0.000073
opdformer_p_rgb_512,4140,466850/47331575/13581.563/8960bd9d-9487-4a5e-a18a-b92af10809ea,0,0,nan,6.367460,6.367460,nan,nan,nan,nan,0.705562,nan,nan,1,0.000046
opdformer_p_rgb_512,4141,466850/47331575/13581.663/0227d3b9-8fce-4f1f-9129-a7b0fbaaca93,0,0,nan,4.449174,4.449174,nan,nan,nan,nan,0.395922,nan,nan,1,0.000161
opdformer_p_rgb_512,4142,466850/47331575/13581.663/8960bd9d-9487-4a5e-a18a-b92af10809ea,0,0,nan,0.991958,0.991958,nan,nan,nan,nan,0.626042,nan,nan,1,0.054963
opdformer_p_rgb_512,4143,466850/47331575/13581.762/0227d3b9-8fce-4f1f-9129-a7b0fbaaca93,0,0,nan,3.563866,3.563866,nan,nan,nan,nan,0.398714,nan,nan,1,0.000080
opdformer_p_rgb_512,4144,466850/47331575/13581.762/8960bd9d-9487-4a5e-a18a-b92af10809ea,0,0,nan,2.694863,2.694863,nan,nan,nan,nan,0.586889,nan,nan,1,0.000139
opdformer_p_rgb_512,4145,466850/47331575/13581.862/0227d3b9-8fce-4f1f-9129-a7b0fbaaca93,0,-1,nan,90.000000,90.000000,nan,nan,nan,nan,0.000000,nan,nan,0,nan
opdformer_p_rgb_512,4146,466850/47331575/13581.862/8960bd9d-9487-4a5e-a18a-b92af10809ea,0,0,nan,4.815972,4.815972,nan,nan,nan,nan,0.552411,nan,nan,1,0.000244
opdformer_p_rgb_512,4147,466850/47331575/13581.962/8960bd9d-9487-4a5e-a18a-b92af10809ea,0,0,nan,7.503891,7.503891,nan,nan,nan,nan,0.476000,nan,nan,1,0.000250
opdformer_p_rgb_512,4148,466850/47331575/13585.061/8960bd9d-9487-4a5e-a18a-b92af10809ea,0,0,nan,15.053038,15.053038,nan,nan,nan,nan,0.209231,nan,nan,1,0.012264
opdformer_p_rgb_512,4149,466850/47331576/13396.071/786a70bc-180c-4dc6-b4f2-c4abe5fb3416,0,-1,nan,90.000000,90.000000,nan,nan,nan,nan,0.000000,nan,nan,0,nan
opdformer_p_rgb_512,4150,466850/47331576/13396.171/786a70bc-180c-4dc6-b4f2-c4abe5fb3416,0,-1,nan,90.000000,90.000000,nan,nan,nan,nan,0.000000,nan,nan,0,nan
opdformer_p_rgb_512,4151,466850/47331576/13396.171/95d5ebf6-5adc-4fb3-af48-2809b467b229,0,-1,nan,90.000000,90.000000,nan,nan,nan,nan,0.000000,nan,nan,0,nan
opdformer_p_rgb_512,4152,466850/47331576/13396.271/0fcfc444-08d2-4015-892d-1c7d6f100a8b,0,-1,nan,90.000000,90.000000,nan,nan,nan,nan,0.000000,nan,nan,0,nan
opdformer_p_rgb_512,4153,466850/47331576/13396.271/786a70bc-180c-4dc6-b4f2-c4abe5fb3416,0,-1,nan,90.000000,90.000000,nan,nan,nan,nan,0.000000,nan,nan,0,nan
opdformer_p_rgb_512,4154,466850/47331576/13396.271/95d5ebf6-5adc-4fb3-af48-2809b467b229,0,-1,nan,90.000000,90.000000,nan,nan,nan,nan,0.000000,nan,nan,0,nan
opdformer_p_rgb_512,4155,466850/47331576/13396.371/0fcfc444-08d2-4015-892d-1c7d6f100a8b,0,-1,nan,90.000000,90.000000,nan,nan,nan,nan,0.000000,nan,nan,0,nan
opdformer_p_rgb_512,4156,466850/47331576/13396.371/75c96e27-12da-4e65-a98d-0cafae7e59f4,0,-1,nan,90.000000,90.000000,nan,nan,nan,nan,0.000000,nan,nan,0,nan
opdformer_p_rgb_512,4157,466850/47331576/13396.371/786a70bc-180c-4dc6-b4f2-c4abe5fb3416,0,-1,nan,90.000000,90.000000,nan,nan,nan,nan,0.000000,nan,nan,0,nan
opdformer_p_rgb_512,4158,466850/47331576/13396.371/95d5ebf6-5adc-4fb3-af48-2809b467b229,0,-1,nan,90.000000,90.000000,nan,nan,nan,nan,0.000000,nan,nan,0,nan
opdformer_p_rgb_512,4159,466850/47331576/13396.471/0fcfc444-08d2-4015-892d-1c7d6f100a8b,0,-1,nan,90.000000,90.000000,nan,nan,nan,nan,0.000000,nan,nan,0,nan
opdformer_p_rgb_512,4160,466850/47331576/13396.471/75c96e27-12da-4e65-a98d-0cafae7e59f4,0,-1,nan,90.000000,90.000000,nan,nan,nan,nan,0.000000,nan,nan,0,nan
opdformer_p_rgb_512,4161,466850/47331576/13396.471/786a70bc-180c-4dc6-b4f2-c4abe5fb3416,0,-1,nan,90.000000,90.000000,nan,nan,nan,nan,0.000000,nan,nan,0,nan
opdformer_p_rgb_512,4162,466850/47331576/13396.471/95d5ebf6-5adc-4fb3-af48-2809b467b229,0,-1,nan,90.000000,90.000000,nan,nan,nan,nan,0.000000,nan,nan,0,nan
opdformer_p_rgb_512,4163,466850/47331576/13396.571/0fcfc444-08d2-4015-892d-1c7d6f100a8b,0,-1,nan,90.000000,90.000000,nan,nan,nan,nan,0.000000,nan,nan,0,nan
opdformer_p_rgb_512,4164,466850/47331576/13396.571/75c96e27-12da-4e65-a98d-0cafae7e59f4,0,-1,nan,90.000000,90.000000,nan,nan,nan,nan,0.000000,nan,nan,0,nan
opdformer_p_rgb_512,4165,466850/47331576/13396.571/786a70bc-180c-4dc6-b4f2-c4abe5fb3416,0,-1,nan,90.000000,90.000000,nan,nan,nan,nan,0.000000,nan,nan,0,nan
opdformer_p_rgb_512,4166,466850/47331576/13396.571/95d5ebf6-5adc-4fb3-af48-2809b467b229,0,-1,nan,90.000000,90.000000,nan,nan,nan,nan,0.000000,nan,nan,0,nan
opdformer_p_rgb_512,4167,466850/47331576/13396.671/0fcfc444-08d2-4015-892d-1c7d6f100a8b,0,-1,nan,90.000000,90.000000,nan,nan,nan,nan,0.000000,nan,nan,0,nan
opdformer_p_rgb_512,4168,466850/47331576/13396.671/75c96e27-12da-4e65-a98d-0cafae7e59f4,0,-1,nan,90.000000,90.000000,nan,nan,nan,nan,0.000000,nan,nan,0,nan
opdformer_p_rgb_512,4169,466850/47331576/13396.671/786a70bc-180c-4dc6-b4f2-c4abe5fb3416,0,-1,nan,90.000000,90.000000,nan,nan,nan,nan,0.000000,nan,nan,0,nan
opdformer_p_rgb_512,4170,466850/47331576/13396.671/95d5ebf6-5adc-4fb3-af48-2809b467b229,0,-1,nan,90.000000,90.000000,nan,nan,nan,nan,0.000000,nan,nan,0,nan
opdformer_p_rgb_512,4171,466850/47331576/13396.771/0fcfc444-08d2-4015-892d-1c7d6f100a8b,0,0,nan,130.464163,49.535837,nan,nan,nan,nan,0.099822,nan,nan,1,0.003496
opdformer_p_rgb_512,4172,466850/47331576/13396.771/75c96e27-12da-4e65-a98d-0cafae7e59f4,0,-1,nan,90.000000,90.000000,nan,nan,nan,nan,0.000000,nan,nan,0,nan
opdformer_p_rgb_512,4173,466850/47331576/13396.771/786a70bc-180c-4dc6-b4f2-c4abe5fb3416,0,-1,nan,90.000000,90.000000,nan,nan,nan,nan,0.000000,nan,nan,0,nan
opdformer_p_rgb_512,4174,466850/47331576/13396.771/95d5ebf6-5adc-4fb3-af48-2809b467b229,0,0,nan,129.357153,50.642847,nan,nan,nan,nan,0.196552,nan,nan,1,0.003496
opdformer_p_rgb_512,4175,466850/47331576/13396.870/0fcfc444-08d2-4015-892d-1c7d6f100a8b,0,0,nan,133.255576,46.744424,nan,nan,nan,nan,0.082969,nan,nan,1,0.006125
opdformer_p_rgb_512,4176,466850/47331576/13396.870/75c96e27-12da-4e65-a98d-0cafae7e59f4,0,-1,nan,90.000000,90.000000,nan,nan,nan,nan,0.000000,nan,nan,0,nan
opdformer_p_rgb_512,4177,466850/47331576/13396.870/95d5ebf6-5adc-4fb3-af48-2809b467b229,0,0,nan,129.953882,50.046118,nan,nan,nan,nan,0.262458,nan,nan,1,0.016443
opdformer_p_rgb_512,4178,466850/47331576/13396.970/0fcfc444-08d2-4015-892d-1c7d6f100a8b,0,0,nan,159.966472,20.033528,nan,nan,nan,nan,0.029946,nan,nan,1,0.002820
opdformer_p_rgb_512,4179,466850/47331576/13396.970/75c96e27-12da-4e65-a98d-0cafae7e59f4,0,-1,nan,90.000000,90.000000,nan,nan,nan,nan,0.000000,nan,nan,0,nan
opdformer_p_rgb_512,4180,466850/47331576/13397.070/0fcfc444-08d2-4015-892d-1c7d6f100a8b,0,0,nan,174.184677,5.815323,nan,nan,nan,nan,0.060890,nan,nan,1,0.000931
opdformer_p_rgb_512,4181,466850/47331576/13397.070/75c96e27-12da-4e65-a98d-0cafae7e59f4,0,-1,nan,90.000000,90.000000,nan,nan,nan,nan,0.000000,nan,nan,0,nan
opdformer_p_rgb_512,4182,466850/47331576/13397.170/75c96e27-12da-4e65-a98d-0cafae7e59f4,0,-1,nan,90.000000,90.000000,nan,nan,nan,nan,0.000000,nan,nan,0,nan
opdformer_p_rgb_512,4183,466850/47331576/13397.270/75c96e27-12da-4e65-a98d-0cafae7e59f4,0,0,nan,152.739334,27.260666,nan,nan,nan,nan,0.146939,nan,nan,1,0.006250
opdformer_p_rgb_512,4184,466850/47331576/13401.868/0fcfc444-08d2-4015-892d-1c7d6f100a8b,0,0,nan,55.771311,55.771311,nan,nan,nan,nan,0.083752,nan,nan,1,0.001366
opdformer_p_rgb_512,4185,466850/47331576/13401.968/0fcfc444-08d2-4015-892d-1c7d6f100a8b,0,0,nan,22.528802,22.528802,nan,nan,nan,nan,0.070715,nan,nan,1,0.034469
opdformer_p_rgb_512,4186,466850/47331576/13402.068/0fcfc444-08d2-4015-892d-1c7d6f100a8b,0,0,nan,84.061106,84.061106,nan,nan,nan,nan,0.035899,nan,nan,1,0.001112
opdformer_p_rgb_512,4187,466850/47331576/13402.168/0fcfc444-08d2-4015-892d-1c7d6f100a8b,0,0,nan,44.832642,44.832642,nan,nan,nan,nan,0.084992,nan,nan,1,0.002440
opdformer_p_rgb_512,4188,466850/47331576/13402.268/0fcfc444-08d2-4015-892d-1c7d6f100a8b,0,0,nan,30.661997,30.661997,nan,nan,nan,nan,0.102176,nan,nan,1,0.080686
opdformer_p_rgb_512,4189,466850/47331576/13402.268/95d5ebf6-5adc-4fb3-af48-2809b467b229,0,0,nan,55.982896,55.982896,nan,nan,nan,nan,0.046345,nan,nan,1,0.001661
opdformer_p_rgb_512,4190,466850/47331576/13402.368/0fcfc444-08d2-4015-892d-1c7d6f100a8b,0,0,nan,21.294974,21.294974,nan,nan,nan,nan,0.105743,nan,nan,1,0.010174
opdformer_p_rgb_512,4191,466850/47331576/13402.368/786a70bc-180c-4dc6-b4f2-c4abe5fb3416,0,-1,nan,90.000000,90.000000,nan,nan,nan,nan,0.000000,nan,nan,0,nan
opdformer_p_rgb_512,4192,466850/47331576/13402.368/95d5ebf6-5adc-4fb3-af48-2809b467b229,0,-1,nan,90.000000,90.000000,nan,nan,nan,nan,0.000000,nan,nan,0,nan
opdformer_p_rgb_512,4193,466850/47331576/13402.468/786a70bc-180c-4dc6-b4f2-c4abe5fb3416,0,-1,nan,90.000000,90.000000,nan,nan,nan,nan,0.000000,nan,nan,0,nan
opdformer_p_rgb_512,4194,466850/47331576/13402.468/95d5ebf6-5adc-4fb3-af48-2809b467b229,0,-1,nan,90.000000,90.000000,nan,nan,nan,nan,0.000000,nan,nan,0,nan
opdformer_p_rgb_512,4195,466850/47331576/13402.568/786a70bc-180c-4dc6-b4f2-c4abe5fb3416,0,-1,nan,90.000000,90.000000,nan,nan,nan,nan,0.000000,nan,nan,0,nan
opdformer_p_rgb_512,4196,466850/47331576/13402.568/95d5ebf6-5adc-4fb3-af48-2809b467b229,0,-1,nan,90.000000,90.000000,nan,nan,nan,nan,0.000000,nan,nan,0,nan
opdformer_p_rgb_512,4197,466850/47331576/13402.668/786a70bc-180c-4dc6-b4f2-c4abe5fb3416,0,-1,nan,90.000000,90.000000,nan,nan,nan,nan,0.000000,nan,nan,0,nan
opdformer_p_rgb_512,4198,466850/47331576/13402.668/95d5ebf6-5adc-4fb3-af48-2809b467b229,0,-1,nan,90.000000,90.000000,nan,nan,nan,nan,0.000000,nan,nan,0,nan
opdformer_p_rgb_512,4199,466850/47331576/13402.768/1e0a68c4-b04b-4ad3-91a7-0e88cba81f8b,0,-1,nan,90.000000,90.000000,nan,nan,nan,nan,0.000000,nan,nan,0,nan
opdformer_p_rgb_512,4200,466850/47331576/13402.768/f8a7eec4-b4ef-4ef7-88ef-b320acab7dba,0,-1,nan,90.000000,90.000000,nan,nan,nan,nan,0.000000,nan,nan,0,nan
opdformer_p_rgb_512,4201,466850/47331576/13402.868/786a70bc-180c-4dc6-b4f2-c4abe5fb3416,0,-1,nan,90.000000,90.000000,nan,nan,nan,nan,0.000000,nan,nan,0,nan
opdformer_p_rgb_512,4202,466850/47331576/13402.968/1e0a68c4-b04b-4ad3-91a7-0e88cba81f8b,0,-1,nan,90.000000,90.000000,nan,nan,nan,nan,0.000000,nan,nan,0,nan
opdformer_p_rgb_512,4203,466850/47331576/13402.968/f8a7eec4-b4ef-4ef7-88ef-b320acab7dba,0,-1,nan,90.000000,90.000000,nan,nan,nan,nan,0.000000,nan,nan,0,nan
opdformer_p_rgb_512,4204,466850/47331576/13403.368/05b91438-326e-4e2c-b73a-0bff2d173bf8,1,1,nan,162.149278,17.850722,0.155918,0.347767,nan,nan,0.508014,nan,nan,1,0.000028
opdformer_p_rgb_512,4205,466850/47331576/13403.468/05b91438-326e-4e2c-b73a-0bff2d173bf8,1,1,nan,136.593922,43.406078,0.171807,0.292980,nan,nan,0.442394,nan,nan,1,0.000080
opdformer_p_rgb_512,4206,466850/47331576/13404.367/ab02a5cd-e014-4301-aebe-14335e023ef3,0,-1,nan,90.000000,90.000000,nan,nan,nan,nan,0.000000,nan,nan,0,nan
opdformer_p_rgb_512,4207,466850/47331576/13404.467/ab02a5cd-e014-4301-aebe-14335e023ef3,0,-1,nan,90.000000,90.000000,nan,nan,nan,nan,0.000000,nan,nan,0,nan
opdformer_p_rgb_512,4208,466850/47331576/13404.567/ab02a5cd-e014-4301-aebe-14335e023ef3,0,-1,nan,90.000000,90.000000,nan,nan,nan,nan,0.000000,nan,nan,0,nan
opdformer_p_rgb_512,4209,466850/47331576/13404.667/ab02a5cd-e014-4301-aebe-14335e023ef3,0,-1,nan,90.000000,90.000000,nan,nan,nan,nan,0.000000,nan,nan,0,nan
opdformer_p_rgb_512,4210,466850/47331576/13405.067/ab02a5cd-e014-4301-aebe-14335e023ef3,0,0,nan,62.920006,62.920006,nan,nan,nan,nan,0.001101,nan,nan,1,0.004080
opdformer_p_rgb_512,4211,466850/47331576/13405.167/ab02a5cd-e014-4301-aebe-14335e023ef3,0,0,nan,32.722568,32.722568,nan,nan,nan,nan,0.004594,nan,nan,1,0.004361
opdformer_p_rgb_512,4212,466850/47331576/13405.267/ab02a5cd-e014-4301-aebe-14335e023ef3,0,0,nan,51.623115,51.623115,nan,nan,nan,nan,0.005856,nan,nan,1,0.018758
opdformer_p_rgb_512,4213,466850/47331576/13405.367/ab02a5cd-e014-4301-aebe-14335e023ef3,0,1,nan,84.815831,84.815831,nan,nan,nan,nan,0.005566,nan,nan,1,0.001348
opdformer_p_rgb_512,4214,466850/47331576/13405.467/ab02a5cd-e014-4301-aebe-14335e023ef3,0,0,nan,130.948160,49.051840,nan,nan,nan,nan,0.059701,nan,nan,1,0.000067
opdformer_p_rgb_512,4215,466850/47331576/13405.567/ab02a5cd-e014-4301-aebe-14335e023ef3,0,0,nan,88.267817,88.267817,nan,nan,nan,nan,0.375262,nan,nan,1,0.000978
opdformer_p_rgb_512,4216,466850/47331576/13407.066/ab02a5cd-e014-4301-aebe-14335e023ef3,0,0,nan,81.449988,81.449988,nan,nan,nan,nan,0.007177,nan,nan,1,0.009585
opdformer_p_rgb_512,4217,466850/47331576/13407.166/ab02a5cd-e014-4301-aebe-14335e023ef3,0,0,nan,29.868180,29.868180,nan,nan,nan,nan,0.102339,nan,nan,1,0.000697
opdformer_p_rgb_512,4218,466850/47331576/13407.266/ab02a5cd-e014-4301-aebe-14335e023ef3,0,0,nan,105.428982,74.571018,nan,nan,nan,nan,0.015372,nan,nan,1,0.000699
opdformer_p_rgb_512,4219,466850/47331576/13407.366/ab02a5cd-e014-4301-aebe-14335e023ef3,0,0,nan,121.081422,58.918578,nan,nan,nan,nan,0.001257,nan,nan,1,0.000487
opdformer_p_rgb_512,4220,466850/47331576/13407.466/ab02a5cd-e014-4301-aebe-14335e023ef3,0,0,nan,71.401983,71.401983,nan,nan,nan,nan,0.008777,nan,nan,1,0.001681
opdformer_p_rgb_512,4221,466850/47331576/13407.566/ab02a5cd-e014-4301-aebe-14335e023ef3,0,0,nan,108.531480,71.468520,nan,nan,nan,nan,0.002871,nan,nan,1,0.004139
opdformer_p_rgb_512,4222,466850/47331576/13407.666/ab02a5cd-e014-4301-aebe-14335e023ef3,0,0,nan,70.533090,70.533090,nan,nan,nan,nan,0.001934,nan,nan,1,0.000691
opdformer_p_rgb_512,4223,466850/47331576/13407.766/ab02a5cd-e014-4301-aebe-14335e023ef3,0,0,nan,90.877873,89.122127,nan,nan,nan,nan,0.001176,nan,nan,1,0.004991
opdformer_p_rgb_512,4224,466850/47331576/13407.866/ab02a5cd-e014-4301-aebe-14335e023ef3,0,-1,nan,90.000000,90.000000,nan,nan,nan,nan,0.000000,nan,nan,0,nan
opdformer_p_rgb_512,4225,466850/47331576/13407.966/ab02a5cd-e014-4301-aebe-14335e023ef3,0,-1,nan,90.000000,90.000000,nan,nan,nan,nan,0.000000,nan,nan,0,nan
opdformer_p_rgb_512,4226,466850/47331576/13408.066/ab02a5cd-e014-4301-aebe-14335e023ef3,0,-1,nan,90.000000,90.000000,nan,nan,nan,nan,0.000000,nan,nan,0,nan
opdformer_p_rgb_512,4227,466850/47331576/13408.166/ab02a5cd-e014-4301-aebe-14335e023ef3,0,-1,nan,90.000000,90.000000,nan,nan,nan,nan,0.000000,nan,nan,0,nan
opdformer_p_rgb_512,4228,466850/47331576/13408.266/ab02a5cd-e014-4301-aebe-14335e023ef3,0,-1,nan,90.000000,90.000000,nan,nan,nan,nan,0.000000,nan,nan,0,nan
opdformer_p_rgb_512,4229,466850/47331576/13408.366/ab02a5cd-e014-4301-aebe-14335e023ef3,0,-1,nan,90.000000,90.000000,nan,nan,nan,nan,0.000000,nan,nan,0,nan
opdformer_p_rgb_512,4230,466850/47331576/13408.466/ab02a5cd-e014-4301-aebe-14335e023ef3,0,-1,nan,90.000000,90.000000,nan,nan,nan,nan,0.000000,nan,nan,0,nan
opdformer_p_rgb_512,4231,466850/47331576/13408.566/ab02a5cd-e014-4301-aebe-14335e023ef3,0,-1,nan,90.000000,90.000000,nan,nan,nan,nan,0.000000,nan,nan,0,nan
opdformer_p_rgb_512,4232,466850/47331576/13409.765/b81a16b4-e8d0-40a6-ba12-fd3f94693e4f,1,0,nan,19.680413,19.680413,0.595295,0.603576,nan,nan,0.395140,nan,nan,1,0.000268
opdformer_p_rgb_512,4233,466850/47331576/13409.865/b81a16b4-e8d0-40a6-ba12-fd3f94693e4f,1,0,nan,13.714884,13.714884,0.295161,0.307061,nan,nan,0.321389,nan,nan,1,0.000564
opdformer_p_rgb_512,4234,466850/47331576/13409.965/b81a16b4-e8d0-40a6-ba12-fd3f94693e4f,1,0,nan,49.014388,49.014388,0.449545,0.453063,nan,nan,0.364103,nan,nan,1,0.000368
opdformer_p_rgb_512,4235,466850/47331576/13410.065/b81a16b4-e8d0-40a6-ba12-fd3f94693e4f,1,0,nan,0.913993,0.913993,0.427080,0.442771,nan,nan,0.414920,nan,nan,1,0.000210
opdformer_p_rgb_512,4236,466850/47331576/13410.165/b81a16b4-e8d0-40a6-ba12-fd3f94693e4f,1,0,nan,49.492370,49.492370,0.376177,0.412196,nan,nan,0.375131,nan,nan,1,0.000159
opdformer_p_rgb_512,4237,466850/47331576/13410.265/b81a16b4-e8d0-40a6-ba12-fd3f94693e4f,1,0,nan,52.657483,52.657483,0.528384,0.602856,nan,nan,0.394772,nan,nan,1,0.000488
opdformer_p_rgb_512,4238,466850/47331576/13410.365/b81a16b4-e8d0-40a6-ba12-fd3f94693e4f,1,0,nan,17.006222,17.006222,0.348579,0.422365,nan,nan,0.459148,nan,nan,1,0.000290
opdformer_p_rgb_512,4239,466850/47331576/13410.465/b81a16b4-e8d0-40a6-ba12-fd3f94693e4f,1,0,nan,15.913310,15.913310,0.423621,0.521650,nan,nan,0.352134,nan,nan,1,0.000267
opdformer_p_rgb_512,4240,466850/47331576/13410.565/b81a16b4-e8d0-40a6-ba12-fd3f94693e4f,1,0,nan,56.200755,56.200755,0.465158,0.567478,nan,nan,0.372842,nan,nan,1,0.000477
opdformer_p_rgb_512,4241,466850/47331576/13410.665/b81a16b4-e8d0-40a6-ba12-fd3f94693e4f,1,0,nan,32.981377,32.981377,0.247093,0.378400,nan,nan,0.389340,nan,nan,1,0.000835
opdformer_p_rgb_512,4242,466850/47331576/13420.461/1e0a68c4-b04b-4ad3-91a7-0e88cba81f8b,0,0,nan,160.534794,19.465206,nan,nan,nan,nan,0.028125,nan,nan,1,0.001103
opdformer_p_rgb_512,4243,466850/47331576/13420.561/1e0a68c4-b04b-4ad3-91a7-0e88cba81f8b,0,0,nan,76.124631,76.124631,nan,nan,nan,nan,0.262530,nan,nan,1,0.009161
opdformer_p_rgb_512,4244,466850/47331576/13420.661/1e0a68c4-b04b-4ad3-91a7-0e88cba81f8b,0,0,nan,128.181425,51.818575,nan,nan,nan,nan,0.251244,nan,nan,1,0.027824
opdformer_p_rgb_512,4245,466850/47331576/13420.661/f8a7eec4-b4ef-4ef7-88ef-b320acab7dba,0,0,nan,114.918339,65.081661,nan,nan,nan,nan,0.423888,nan,nan,1,0.008209
opdformer_p_rgb_512,4246,466850/47331576/13420.761/f8a7eec4-b4ef-4ef7-88ef-b320acab7dba,0,0,nan,84.564035,84.564035,nan,nan,nan,nan,0.530201,nan,nan,1,0.005571
opdformer_p_rgb_512,4247,466850/47331576/13425.076/f8a7eec4-b4ef-4ef7-88ef-b320acab7dba,0,-1,nan,90.000000,90.000000,nan,nan,nan,nan,0.000000,nan,nan,0,nan
opdformer_p_rgb_512,4248,466850/47331576/13425.176/1e0a68c4-b04b-4ad3-91a7-0e88cba81f8b,0,0,nan,83.158625,83.158625,nan,nan,nan,nan,0.134062,nan,nan,1,0.000163
opdformer_p_rgb_512,4249,466850/47331576/13425.176/f8a7eec4-b4ef-4ef7-88ef-b320acab7dba,0,-1,nan,90.000000,90.000000,nan,nan,nan,nan,0.000000,nan,nan,0,nan
opdformer_p_rgb_512,4250,466850/47331576/13425.276/1e0a68c4-b04b-4ad3-91a7-0e88cba81f8b,0,0,nan,81.698830,81.698830,nan,nan,nan,nan,0.098592,nan,nan,1,0.000142
opdformer_p_rgb_512,4251,466850/47331576/13425.276/f8a7eec4-b4ef-4ef7-88ef-b320acab7dba,0,-1,nan,90.000000,90.000000,nan,nan,nan,nan,0.000000,nan,nan,0,nan
opdformer_p_rgb_512,4252,466850/47331576/13425.376/1e0a68c4-b04b-4ad3-91a7-0e88cba81f8b,0,0,nan,93.761982,86.238018,nan,nan,nan,nan,0.062139,nan,nan,1,0.000239
opdformer_p_rgb_512,4253,466850/47331576/13425.376/f8a7eec4-b4ef-4ef7-88ef-b320acab7dba,0,-1,nan,90.000000,90.000000,nan,nan,nan,nan,0.000000,nan,nan,0,nan
opdformer_p_rgb_512,4254,466850/47331576/13425.476/1e0a68c4-b04b-4ad3-91a7-0e88cba81f8b,0,-1,nan,90.000000,90.000000,nan,nan,nan,nan,0.000000,nan,nan,0,nan
opdformer_p_rgb_512,4255,466850/47331576/13425.476/f8a7eec4-b4ef-4ef7-88ef-b320acab7dba,0,-1,nan,90.000000,90.000000,nan,nan,nan,nan,0.000000,nan,nan,0,nan
opdformer_p_rgb_512,4256,466850/47331576/13425.576/1e0a68c4-b04b-4ad3-91a7-0e88cba81f8b,0,-1,nan,90.000000,90.000000,nan,nan,nan,nan,0.000000,nan,nan,0,nan
opdformer_p_rgb_512,4257,466850/47331576/13425.576/f8a7eec4-b4ef-4ef7-88ef-b320acab7dba,0,0,nan,59.958866,59.958866,nan,nan,nan,nan,0.037500,nan,nan,1,0.000652
opdformer_p_rgb_512,4258,466850/47331576/13425.676/1e0a68c4-b04b-4ad3-91a7-0e88cba81f8b,0,-1,nan,90.000000,90.000000,nan,nan,nan,nan,0.000000,nan,nan,0,nan
opdformer_p_rgb_512,4259,466850/47331576/13425.676/f8a7eec4-b4ef-4ef7-88ef-b320acab7dba,0,-1,nan,90.000000,90.000000,nan,nan,nan,nan,0.000000,nan,nan,0,nan
opdformer_p_rgb_512,4260,466850/47331576/13425.776/1e0a68c4-b04b-4ad3-91a7-0e88cba81f8b,0,0,nan,71.139459,71.139459,nan,nan,nan,nan,0.254386,nan,nan,1,0.001081
opdformer_p_rgb_512,4261,466850/47331576/13425.776/f8a7eec4-b4ef-4ef7-88ef-b320acab7dba,0,-1,nan,90.000000,90.000000,nan,nan,nan,nan,0.000000,nan,nan,0,nan
opdformer_p_rgb_512,4262,466850/47331576/13425.875/1e0a68c4-b04b-4ad3-91a7-0e88cba81f8b,0,0,nan,32.917863,32.917863,nan,nan,nan,nan,0.285928,nan,nan,1,0.000210
opdformer_p_rgb_512,4263,466850/47331576/13425.875/f8a7eec4-b4ef-4ef7-88ef-b320acab7dba,0,0,nan,34.253487,34.253487,nan,nan,nan,nan,0.247945,nan,nan,1,0.010556
opdformer_p_rgb_512,4264,466850/47331576/13425.975/1e0a68c4-b04b-4ad3-91a7-0e88cba81f8b,0,0,nan,24.662129,24.662129,nan,nan,nan,nan,0.406609,nan,nan,1,0.000286
opdformer_p_rgb_512,4265,466850/47331576/13425.975/f8a7eec4-b4ef-4ef7-88ef-b320acab7dba,0,0,nan,17.579457,17.579457,nan,nan,nan,nan,0.220527,nan,nan,1,0.000081
opdformer_p_rgb_512,4266,466850/47331576/13426.075/1e0a68c4-b04b-4ad3-91a7-0e88cba81f8b,0,-1,nan,90.000000,90.000000,nan,nan,nan,nan,0.000000,nan,nan,0,nan
opdformer_p_rgb_512,4267,466850/47331576/13426.075/f8a7eec4-b4ef-4ef7-88ef-b320acab7dba,0,-1,nan,90.000000,90.000000,nan,nan,nan,nan,0.000000,nan,nan,0,nan
opdformer_p_rgb_512,4268,466850/47331576/13426.175/1e0a68c4-b04b-4ad3-91a7-0e88cba81f8b,0,0,nan,34.647030,34.647030,nan,nan,nan,nan,0.103546,nan,nan,1,0.000101
opdformer_p_rgb_512,4269,466850/47331576/13426.175/f8a7eec4-b4ef-4ef7-88ef-b320acab7dba,0,-1,nan,90.000000,90.000000,nan,nan,nan,nan,0.000000,nan,nan,0,nan
opdformer_p_rgb_512,4270,466850/47331576/13426.275/1e0a68c4-b04b-4ad3-91a7-0e88cba81f8b,0,0,nan,21.545656,21.545656,nan,nan,nan,nan,0.431345,nan,nan,1,0.000107
opdformer_p_rgb_512,4271,466850/47331576/13426.275/f8a7eec4-b4ef-4ef7-88ef-b320acab7dba,0,-1,nan,90.000000,90.000000,nan,nan,nan,nan,0.000000,nan,nan,0,nan
opdformer_p_rgb_512,4272,466850/47331576/13426.375/1e0a68c4-b04b-4ad3-91a7-0e88cba81f8b,0,-1,nan,90.000000,90.000000,nan,nan,nan,nan,0.000000,nan,nan,0,nan
opdformer_p_rgb_512,4273,466850/47331576/13426.375/f8a7eec4-b4ef-4ef7-88ef-b320acab7dba,0,0,nan,55.581057,55.581057,nan,nan,nan,nan,0.317530,nan,nan,1,0.000067
opdformer_p_rgb_512,4274,466850/47331576/13426.475/1e0a68c4-b04b-4ad3-91a7-0e88cba81f8b,0,0,nan,43.787873,43.787873,nan,nan,nan,nan,0.244200,nan,nan,1,0.000094
opdformer_p_rgb_512,4275,466850/47331576/13426.475/f8a7eec4-b4ef-4ef7-88ef-b320acab7dba,0,-1,nan,90.000000,90.000000,nan,nan,nan,nan,0.000000,nan,nan,0,nan
opdformer_p_rgb_512,4276,466850/47331576/13426.575/1e0a68c4-b04b-4ad3-91a7-0e88cba81f8b,0,0,nan,30.555473,30.555473,nan,nan,nan,nan,0.073903,nan,nan,1,0.000126
opdformer_p_rgb_512,4277,466850/47331576/13426.575/f8a7eec4-b4ef-4ef7-88ef-b320acab7dba,0,-1,nan,90.000000,90.000000,nan,nan,nan,nan,0.000000,nan,nan,0,nan
opdformer_p_rgb_512,4278,466850/47331576/13426.675/1e0a68c4-b04b-4ad3-91a7-0e88cba81f8b,0,-1,nan,90.000000,90.000000,nan,nan,nan,nan,0.000000,nan,nan,0,nan
opdformer_p_rgb_512,4279,466850/47331576/13426.675/f8a7eec4-b4ef-4ef7-88ef-b320acab7dba,0,-1,nan,90.000000,90.000000,nan,nan,nan,nan,0.000000,nan,nan,0,nan
opdformer_p_rgb_512,4280,466850/47331576/13426.775/1e0a68c4-b04b-4ad3-91a7-0e88cba81f8b,0,-1,nan,90.000000,90.000000,nan,nan,nan,nan,0.000000,nan,nan,0,nan
opdformer_p_rgb_512,4281,466850/47331576/13426.775/f8a7eec4-b4ef-4ef7-88ef-b320acab7dba,0,-1,nan,90.000000,90.000000,nan,nan,nan,nan,0.000000,nan,nan,0,nan
opdformer_p_rgb_512,4282,466850/47331576/13426.875/1e0a68c4-b04b-4ad3-91a7-0e88cba81f8b,0,-1,nan,90.000000,90.000000,nan,nan,nan,nan,0.000000,nan,nan,0,nan
opdformer_p_rgb_512,4283,466850/47331576/13426.875/f8a7eec4-b4ef-4ef7-88ef-b320acab7dba,0,-1,nan,90.000000,90.000000,nan,nan,nan,nan,0.000000,nan,nan,0,nan
opdformer_p_rgb_512,4284,466850/47331576/13426.975/1e0a68c4-b04b-4ad3-91a7-0e88cba81f8b,0,0,nan,32.911805,32.911805,nan,nan,nan,nan,0.048250,nan,nan,1,0.000256
opdformer_p_rgb_512,4285,466850/47331576/13426.975/f8a7eec4-b4ef-4ef7-88ef-b320acab7dba,0,-1,nan,90.000000,90.000000,nan,nan,nan,nan,0.000000,nan,nan,0,nan
opdformer_p_rgb_512,4286,466850/47331576/13427.075/f8a7eec4-b4ef-4ef7-88ef-b320acab7dba,0,-1,nan,90.000000,90.000000,nan,nan,nan,nan,0.000000,nan,nan,0,nan
opdformer_p_rgb_512,4287,466850/47331576/13444.068/85a21aa1-3357-4df7-ae90-a015d17b7ec0,1,1,nan,0.744983,0.744983,0.474491,0.482797,nan,nan,0.711313,nan,nan,1,0.000044
opdformer_p_rgb_512,4288,466850/47331576/13444.168/85a21aa1-3357-4df7-ae90-a015d17b7ec0,1,1,nan,9.942111,9.942111,0.355711,0.384993,nan,nan,0.610147,nan,nan,1,0.000021
opdformer_p_rgb_512,4289,466850/47331576/13447.267/0ff7c26e-0021-4ce4-8afd-9bec2c85856b,0,-1,nan,90.000000,90.000000,nan,nan,nan,nan,0.000000,nan,nan,0,nan
opdformer_p_rgb_512,4290,466850/47331576/13447.267/d8440bfa-0184-402d-94bc-8d61abfd74f1,0,-1,nan,90.000000,90.000000,nan,nan,nan,nan,0.000000,nan,nan,0,nan
opdformer_p_rgb_512,4291,466850/47331576/13447.367/0ff7c26e-0021-4ce4-8afd-9bec2c85856b,0,-1,nan,90.000000,90.000000,nan,nan,nan,nan,0.000000,nan,nan,0,nan
opdformer_p_rgb_512,4292,466850/47331576/13447.367/d8440bfa-0184-402d-94bc-8d61abfd74f1,0,-1,nan,90.000000,90.000000,nan,nan,nan,nan,0.000000,nan,nan,0,nan
opdformer_p_rgb_512,4293,466850/47331576/13447.467/d8440bfa-0184-402d-94bc-8d61abfd74f1,0,-1,nan,90.000000,90.000000,nan,nan,nan,nan,0.000000,nan,nan,0,nan
opdformer_p_rgb_512,4294,466850/47331576/13447.567/d8440bfa-0184-402d-94bc-8d61abfd74f1,0,-1,nan,90.000000,90.000000,nan,nan,nan,nan,0.000000,nan,nan,0,nan
opdformer_p_rgb_512,4295,466850/47331576/13447.667/0ff7c26e-0021-4ce4-8afd-9bec2c85856b,0,-1,nan,90.000000,90.000000,nan,nan,nan,nan,0.000000,nan,nan,0,nan
opdformer_p_rgb_512,4296,466850/47331576/13447.667/d8440bfa-0184-402d-94bc-8d61abfd74f1,0,-1,nan,90.000000,90.000000,nan,nan,nan,nan,0.000000,nan,nan,0,nan
opdformer_p_rgb_512,4297,466850/47331576/13447.767/d8440bfa-0184-402d-94bc-8d61abfd74f1,0,-1,nan,90.000000,90.000000,nan,nan,nan,nan,0.000000,nan,nan,0,nan
opdformer_p_rgb_512,4298,466850/47331576/13452.065/d8440bfa-0184-402d-94bc-8d61abfd74f1,0,0,nan,8.941847,8.941847,nan,nan,nan,nan,0.012884,nan,nan,1,0.001147
opdformer_p_rgb_512,4299,466850/47331576/13452.165/d8440bfa-0184-402d-94bc-8d61abfd74f1,0,-1,nan,90.000000,90.000000,nan,nan,nan,nan,0.000000,nan,nan,0,nan
opdformer_p_rgb_512,4300,466850/47331576/13452.265/d8440bfa-0184-402d-94bc-8d61abfd74f1,0,-1,nan,90.000000,90.000000,nan,nan,nan,nan,0.000000,nan,nan,0,nan
opdformer_p_rgb_512,4301,466850/47331576/13452.365/d8440bfa-0184-402d-94bc-8d61abfd74f1,0,-1,nan,90.000000,90.000000,nan,nan,nan,nan,0.000000,nan,nan,0,nan
opdformer_p_rgb_512,4302,466850/47331576/13452.465/d8440bfa-0184-402d-94bc-8d61abfd74f1,0,-1,nan,90.000000,90.000000,nan,nan,nan,nan,0.000000,nan,nan,0,nan
opdformer_p_rgb_512,4303,466850/47331576/13452.565/d8440bfa-0184-402d-94bc-8d61abfd74f1,0,-1,nan,90.000000,90.000000,nan,nan,nan,nan,0.000000,nan,nan,0,nan
opdformer_p_rgb_512,4304,466850/47331576/13452.665/d8440bfa-0184-402d-94bc-8d61abfd74f1,0,-1,nan,90.000000,90.000000,nan,nan,nan,nan,0.000000,nan,nan,0,nan
opdformer_p_rgb_512,4305,466850/47331576/13452.665/f1db50d8-52ac-48ed-be80-185f8e2e86e5,1,1,nan,8.366487,8.366487,0.176146,0.176770,nan,nan,0.452206,nan,nan,1,0.001217
opdformer_p_rgb_512,4306,466850/47331576/13452.765/d8440bfa-0184-402d-94bc-8d61abfd74f1,0,0,nan,43.297182,43.297182,nan,nan,nan,nan,0.018160,nan,nan,1,0.000075
opdformer_p_rgb_512,4307,466850/47331576/13452.765/f1db50d8-52ac-48ed-be80-185f8e2e86e5,1,1,nan,8.926015,8.926015,0.381919,0.387812,nan,nan,0.408060,nan,nan,1,0.000238
opdformer_p_rgb_512,4308,466850/47331576/13452.865/d8440bfa-0184-402d-94bc-8d61abfd74f1,0,-1,nan,90.000000,90.000000,nan,nan,nan,nan,0.000000,nan,nan,0,nan
opdformer_p_rgb_512,4309,466850/47331576/13452.865/f1db50d8-52ac-48ed-be80-185f8e2e86e5,1,1,nan,6.011891,6.011891,0.270250,0.270888,nan,nan,0.414975,nan,nan,1,0.000135
opdformer_p_rgb_512,4310,466850/47331576/13454.064/f1db50d8-52ac-48ed-be80-185f8e2e86e5,1,1,nan,40.904217,40.904217,0.573619,0.574762,nan,nan,0.411321,nan,nan,1,0.003022
opdformer_p_rgb_512,4311,466850/47331576/13455.563/f1db50d8-52ac-48ed-be80-185f8e2e86e5,1,1,nan,3.416976,3.416976,0.539524,0.539923,nan,nan,0.603723,nan,nan,1,0.000190
opdformer_p_rgb_512,4312,466850/47331576/13455.663/f1db50d8-52ac-48ed-be80-185f8e2e86e5,1,1,nan,3.866851,3.866851,0.364358,0.366351,nan,nan,0.166163,nan,nan,1,0.000628
opdformer_p_rgb_512,4313,466850/47331576/13456.563/0ff7c26e-0021-4ce4-8afd-9bec2c85856b,0,-1,nan,90.000000,90.000000,nan,nan,nan,nan,0.000000,nan,nan,0,nan
opdformer_p_rgb_512,4314,466850/47331576/13456.563/d8440bfa-0184-402d-94bc-8d61abfd74f1,0,-1,nan,90.000000,90.000000,nan,nan,nan,nan,0.000000,nan,nan,0,nan
opdformer_p_rgb_512,4315,466850/47331576/13456.563/f1db50d8-52ac-48ed-be80-185f8e2e86e5,1,1,nan,36.885762,36.885762,0.587966,0.591154,nan,nan,0.008493,nan,nan,1,0.000673
opdformer_p_rgb_512,4316,466850/47331576/13456.663/0ff7c26e-0021-4ce4-8afd-9bec2c85856b,0,-1,nan,90.000000,90.000000,nan,nan,nan,nan,0.000000,nan,nan,0,nan
opdformer_p_rgb_512,4317,466850/47331576/13456.663/d8440bfa-0184-402d-94bc-8d61abfd74f1,0,0,nan,11.410468,11.410468,nan,nan,nan,nan,0.064559,nan,nan,1,0.004081
opdformer_p_rgb_512,4318,466850/47331576/13456.763/0ff7c26e-0021-4ce4-8afd-9bec2c85856b,0,-1,nan,90.000000,90.000000,nan,nan,nan,nan,0.000000,nan,nan,0,nan
opdformer_p_rgb_512,4319,466850/47331576/13456.763/d8440bfa-0184-402d-94bc-8d61abfd74f1,0,0,nan,5.900426,5.900426,nan,nan,nan,nan,0.066521,nan,nan,1,0.000446
opdformer_p_rgb_512,4320,466850/47331576/13456.863/0ff7c26e-0021-4ce4-8afd-9bec2c85856b,0,-1,nan,90.000000,90.000000,nan,nan,nan,nan,0.000000,nan,nan,0,nan
opdformer_p_rgb_512,4321,466850/47331576/13456.863/d8440bfa-0184-402d-94bc-8d61abfd74f1,0,0,nan,13.234269,13.234269,nan,nan,nan,nan,0.047682,nan,nan,1,0.000797
opdformer_p_rgb_512,4322,466850/47331576/13456.963/0ff7c26e-0021-4ce4-8afd-9bec2c85856b,0,-1,nan,90.000000,90.000000,nan,nan,nan,nan,0.000000,nan,nan,0,nan
opdformer_p_rgb_512,4323,466850/47331576/13456.963/d8440bfa-0184-402d-94bc-8d61abfd74f1,0,0,nan,29.543472,29.543472,nan,nan,nan,nan,0.024328,nan,nan,1,0.000914
opdformer_p_rgb_512,4324,466850/47331576/13457.063/0ff7c26e-0021-4ce4-8afd-9bec2c85856b,0,-1,nan,90.000000,90.000000,nan,nan,nan,nan,0.000000,nan,nan,0,nan
opdformer_p_rgb_512,4325,466850/47331576/13457.063/d8440bfa-0184-402d-94bc-8d61abfd74f1,0,0,nan,45.618097,45.618097,nan,nan,nan,nan,0.044467,nan,nan,1,0.000381
opdformer_p_rgb_512,4326,466850/47331576/13461.561/eaa0d4f1-f131-47d9-8e25-5298386fdd84,1,1,nan,10.792418,10.792418,0.681096,0.689259,nan,nan,0.550432,nan,nan,1,0.002241
opdformer_p_rgb_512,4327,466850/47331576/13469.175/733562c2-163a-4cb2-b084-6e668bc268c1,1,-1,nan,90.000000,90.000000,nan,nan,nan,nan,0.000000,nan,nan,0,nan
opdformer_p_rgb_512,4328,466850/47331576/13469.175/83147eb3-1b26-4761-8999-a5594d9f4921,1,1,nan,173.163968,6.836032,0.612374,0.653807,nan,nan,0.566946,nan,nan,1,0.946765
opdformer_p_rgb_512,4329,466850/47331576/13469.275/733562c2-163a-4cb2-b084-6e668bc268c1,1,-1,nan,90.000000,90.000000,nan,nan,nan,nan,0.000000,nan,nan,0,nan
opdformer_p_rgb_512,4330,466850/47331576/13469.275/83147eb3-1b26-4761-8999-a5594d9f4921,1,1,nan,171.147744,8.852256,0.558975,0.588442,nan,nan,0.532632,nan,nan,1,0.970110
opdformer_p_rgb_512,4331,466850/47331576/13469.375/733562c2-163a-4cb2-b084-6e668bc268c1,1,1,nan,12.661591,12.661591,0.124629,0.181637,nan,nan,0.400421,nan,nan,1,0.000188
opdformer_p_rgb_512,4332,466850/47331576/13469.375/83147eb3-1b26-4761-8999-a5594d9f4921,1,1,nan,169.548993,10.451007,0.685830,0.705096,nan,nan,0.559687,nan,nan,1,0.002268
opdformer_p_rgb_512,4333,466850/47331576/13469.475/733562c2-163a-4cb2-b084-6e668bc268c1,1,1,nan,10.947040,10.947040,0.277097,0.285409,nan,nan,0.392704,nan,nan,1,0.000141
opdformer_p_rgb_512,4334,466850/47331576/13469.475/83147eb3-1b26-4761-8999-a5594d9f4921,1,1,nan,171.142314,8.857686,0.468717,0.473623,nan,nan,0.525520,nan,nan,1,0.959423
opdformer_p_rgb_512,4335,466850/47331576/13469.575/733562c2-163a-4cb2-b084-6e668bc268c1,1,1,nan,11.979523,11.979523,0.225915,0.226001,nan,nan,0.247696,nan,nan,1,0.008201
opdformer_p_rgb_512,4336,466850/47331576/13469.575/83147eb3-1b26-4761-8999-a5594d9f4921,1,1,nan,171.198049,8.801951,0.451794,0.472217,nan,nan,0.483539,nan,nan,1,0.940214
opdformer_p_rgb_512,4337,466850/47331576/13469.674/733562c2-163a-4cb2-b084-6e668bc268c1,1,1,nan,135.916721,44.083279,0.041774,0.043472,nan,nan,0.174429,nan,nan,1,0.004000
opdformer_p_rgb_512,4338,466850/47331576/13469.674/83147eb3-1b26-4761-8999-a5594d9f4921,1,1,nan,172.268053,7.731947,0.514205,0.536305,nan,nan,0.398844,nan,nan,1,0.958342
opdformer_p_rgb_512,4339,466850/47331576/13469.774/733562c2-163a-4cb2-b084-6e668bc268c1,1,1,nan,11.988941,11.988941,0.124548,0.132319,nan,nan,0.160000,nan,nan,1,0.005559
opdformer_p_rgb_512,4340,466850/47331576/13469.774/83147eb3-1b26-4761-8999-a5594d9f4921,1,1,nan,171.610908,8.389092,0.620375,0.641138,nan,nan,0.454248,nan,nan,1,0.001724
opdformer_p_rgb_512,4341,466850/47331576/13469.874/733562c2-163a-4cb2-b084-6e668bc268c1,1,1,nan,10.290309,10.290309,0.179400,0.179470,nan,nan,0.207506,nan,nan,1,0.000177
opdformer_p_rgb_512,4342,466850/47331576/13469.874/83147eb3-1b26-4761-8999-a5594d9f4921,1,1,nan,170.526876,9.473124,0.803321,0.846097,nan,nan,0.528807,nan,nan,1,0.000240
opdformer_p_rgb_512,4343,466850/47331576/13469.974/733562c2-163a-4cb2-b084-6e668bc268c1,1,1,nan,7.092217,7.092217,0.087944,0.100718,nan,nan,0.292398,nan,nan,1,0.000234
opdformer_p_rgb_512,4344,466850/47331576/13469.974/83147eb3-1b26-4761-8999-a5594d9f4921,1,1,nan,146.995264,33.004736,0.774526,0.818363,nan,nan,0.586207,nan,nan,1,0.001214
opdformer_p_rgb_512,4345,466850/47331576/13470.074/733562c2-163a-4cb2-b084-6e668bc268c1,1,1,nan,6.001754,6.001754,0.137927,0.142535,nan,nan,0.377358,nan,nan,1,0.015277
opdformer_p_rgb_512,4346,466850/47331576/13470.074/83147eb3-1b26-4761-8999-a5594d9f4921,1,1,nan,153.169978,26.830022,0.831284,0.888128,nan,nan,0.541586,nan,nan,1,0.000897
opdformer_p_rgb_512,4347,466850/47331576/13470.174/733562c2-163a-4cb2-b084-6e668bc268c1,1,1,nan,2.799824,2.799824,0.224607,0.260216,nan,nan,0.509965,nan,nan,1,0.000470
opdformer_p_rgb_512,4348,466850/47331576/13470.174/83147eb3-1b26-4761-8999-a5594d9f4921,1,1,nan,160.758487,19.241513,0.991924,1.044837,nan,nan,0.492784,nan,nan,1,0.000818
opdformer_p_rgb_512,4349,466850/47331576/13470.274/733562c2-163a-4cb2-b084-6e668bc268c1,1,1,nan,7.255335,7.255335,0.082933,0.251506,nan,nan,0.383940,nan,nan,1,0.000162
opdformer_p_rgb_512,4350,466850/47331576/13470.274/83147eb3-1b26-4761-8999-a5594d9f4921,1,1,nan,143.228529,36.771471,1.487342,1.517653,nan,nan,0.501961,nan,nan,1,0.000902
opdformer_p_rgb_512,4351,466850/47331576/13470.374/733562c2-163a-4cb2-b084-6e668bc268c1,1,1,nan,9.580619,9.580619,0.333644,0.356100,nan,nan,0.436881,nan,nan,1,0.000286
opdformer_p_rgb_512,4352,466850/47331576/13470.374/83147eb3-1b26-4761-8999-a5594d9f4921,1,1,nan,139.571155,40.428845,1.504784,1.564553,nan,nan,0.568750,nan,nan,1,0.000505
opdformer_p_rgb_512,4353,466850/47331576/13470.474/733562c2-163a-4cb2-b084-6e668bc268c1,1,1,nan,12.115881,12.115881,0.589932,0.604049,nan,nan,0.637584,nan,nan,1,0.004238
opdformer_p_rgb_512,4354,466850/47331576/13470.474/83147eb3-1b26-4761-8999-a5594d9f4921,1,1,nan,177.027183,2.972817,0.860109,0.897051,nan,nan,0.592857,nan,nan,1,0.956047
opdformer_p_rgb_512,4355,466850/47331576/13470.574/733562c2-163a-4cb2-b084-6e668bc268c1,1,1,nan,9.967890,9.967890,0.390867,0.403975,nan,nan,0.475842,nan,nan,1,0.017688
opdformer_p_rgb_512,4356,466850/47331576/13470.574/83147eb3-1b26-4761-8999-a5594d9f4921,1,1,nan,178.330118,1.669882,0.676370,0.683793,nan,nan,0.651054,nan,nan,1,0.962034
opdformer_p_rgb_512,4357,466850/47331576/13470.674/733562c2-163a-4cb2-b084-6e668bc268c1,1,1,nan,10.189859,10.189859,0.424926,0.494837,nan,nan,0.664063,nan,nan,1,0.000197
opdformer_p_rgb_512,4358,466850/47331576/13470.674/83147eb3-1b26-4761-8999-a5594d9f4921,1,1,nan,176.124706,3.875294,0.850944,0.856873,nan,nan,0.695652,nan,nan,1,0.000157
opdformer_p_rgb_512,4359,466850/47331576/13470.774/733562c2-163a-4cb2-b084-6e668bc268c1,1,1,nan,30.136033,30.136033,0.643398,0.663966,nan,nan,0.739191,nan,nan,1,0.001112
opdformer_p_rgb_512,4360,466850/47331576/13470.774/83147eb3-1b26-4761-8999-a5594d9f4921,1,1,nan,172.955882,7.044118,1.182308,1.203902,nan,nan,0.589800,nan,nan,1,0.000425
opdformer_p_rgb_512,4361,466850/47331576/13470.874/83147eb3-1b26-4761-8999-a5594d9f4921,1,1,nan,177.284036,2.715964,0.888662,0.905439,nan,nan,0.683168,nan,nan,1,0.956986
opdformer_p_rgb_512,4362,466850/47331576/13470.974/83147eb3-1b26-4761-8999-a5594d9f4921,1,1,nan,176.228503,3.771497,0.744307,0.753236,nan,nan,0.681265,nan,nan,1,0.000131
opdformer_p_rgb_512,4363,466850/47331576/13471.074/733562c2-163a-4cb2-b084-6e668bc268c1,1,1,nan,6.127700,6.127700,0.417187,0.447524,nan,nan,0.709507,nan,nan,1,0.000130
opdformer_p_rgb_512,4364,466850/47331576/13471.074/83147eb3-1b26-4761-8999-a5594d9f4921,1,1,nan,167.184697,12.815303,1.124130,1.152964,nan,nan,0.522831,nan,nan,1,0.001831
opdformer_p_rgb_512,4365,466850/47331576/13471.174/733562c2-163a-4cb2-b084-6e668bc268c1,1,1,nan,13.228775,13.228775,0.732659,0.733230,nan,nan,0.157643,nan,nan,1,0.005831
opdformer_p_rgb_512,4366,466850/47331576/13471.174/83147eb3-1b26-4761-8999-a5594d9f4921,1,1,nan,175.501121,4.498879,1.441751,1.469133,nan,nan,0.636574,nan,nan,1,0.001256
opdformer_p_rgb_512,4367,466850/47331576/13471.274/733562c2-163a-4cb2-b084-6e668bc268c1,1,1,nan,34.325214,34.325214,0.444533,0.444539,nan,nan,0.022378,nan,nan,1,0.000657
opdformer_p_rgb_512,4368,466850/47331576/13471.274/83147eb3-1b26-4761-8999-a5594d9f4921,1,1,nan,130.597529,49.402471,0.766025,0.778934,nan,nan,0.612745,nan,nan,1,0.001388
opdformer_p_rgb_512,4369,466850/47331576/13471.374/733562c2-163a-4cb2-b084-6e668bc268c1,1,1,nan,7.167098,7.167098,0.342776,0.357596,nan,nan,0.687726,nan,nan,1,0.000065
opdformer_p_rgb_512,4370,466850/47331576/13471.374/83147eb3-1b26-4761-8999-a5594d9f4921,1,1,nan,176.198810,3.801190,0.860661,0.870686,nan,nan,0.677419,nan,nan,1,0.948180
opdformer_p_rgb_512,4371,466850/47331576/13471.474/733562c2-163a-4cb2-b084-6e668bc268c1,1,-1,nan,90.000000,90.000000,nan,nan,nan,nan,0.000000,nan,nan,0,nan
opdformer_p_rgb_512,4372,466850/47331576/13471.474/83147eb3-1b26-4761-8999-a5594d9f4921,1,1,nan,172.888034,7.111966,0.719802,0.738341,nan,nan,0.694149,nan,nan,1,0.966351
opdformer_p_rgb_512,4373,466850/47331576/13471.574/733562c2-163a-4cb2-b084-6e668bc268c1,1,1,nan,7.832288,7.832288,0.106586,0.144615,nan,nan,0.506969,nan,nan,1,0.000729
opdformer_p_rgb_512,4374,466850/47331576/13471.574/83147eb3-1b26-4761-8999-a5594d9f4921,1,1,nan,172.994983,7.005017,0.510616,0.517970,nan,nan,0.678284,nan,nan,1,0.971164
opdformer_p_rgb_512,4375,466850/47331576/13471.674/733562c2-163a-4cb2-b084-6e668bc268c1,1,1,nan,11.258638,11.258638,0.044658,0.073720,nan,nan,0.560932,nan,nan,1,0.000038
opdformer_p_rgb_512,4376,466850/47331576/13471.674/83147eb3-1b26-4761-8999-a5594d9f4921,1,1,nan,172.268278,7.731722,0.404154,0.404158,nan,nan,0.634465,nan,nan,1,0.967175
opdformer_p_rgb_512,4377,466850/47331576/13471.774/733562c2-163a-4cb2-b084-6e668bc268c1,1,1,nan,156.840551,23.159449,0.335108,0.373432,nan,nan,0.637218,nan,nan,1,0.000056
opdformer_p_rgb_512,4378,466850/47331576/13471.774/83147eb3-1b26-4761-8999-a5594d9f4921,1,1,nan,170.921145,9.078855,0.377796,0.378172,nan,nan,0.616337,nan,nan,1,0.963842
opdformer_p_rgb_512,4379,466850/47331576/13471.874/733562c2-163a-4cb2-b084-6e668bc268c1,1,1,nan,16.920107,16.920107,0.199781,0.286117,nan,nan,0.475046,nan,nan,1,0.001807
opdformer_p_rgb_512,4380,466850/47331576/13471.874/83147eb3-1b26-4761-8999-a5594d9f4921,1,1,nan,147.477901,32.522099,0.501077,0.506490,nan,nan,0.604167,nan,nan,1,0.000658
opdformer_p_rgb_512,4381,466850/47331576/13471.974/733562c2-163a-4cb2-b084-6e668bc268c1,1,1,nan,158.884503,21.115497,0.647688,0.670328,nan,nan,0.614841,nan,nan,1,0.000159
opdformer_p_rgb_512,4382,466850/47331576/13471.974/83147eb3-1b26-4761-8999-a5594d9f4921,1,1,nan,44.634824,44.634824,0.190643,0.215955,nan,nan,0.686717,nan,nan,1,0.959915
opdformer_p_rgb_512,4383,466850/47331576/13472.073/733562c2-163a-4cb2-b084-6e668bc268c1,1,1,nan,6.808297,6.808297,0.502299,0.512419,nan,nan,0.363636,nan,nan,1,0.002331
opdformer_p_rgb_512,4384,466850/47331576/13472.073/83147eb3-1b26-4761-8999-a5594d9f4921,1,1,nan,44.205403,44.205403,0.489329,0.500630,nan,nan,0.663736,nan,nan,1,0.000516
opdformer_p_rgb_512,4385,466850/47331576/13472.173/83147eb3-1b26-4761-8999-a5594d9f4921,1,1,nan,23.056010,23.056010,0.657978,0.658176,nan,nan,0.640756,nan,nan,1,0.000433
opdformer_p_rgb_512,4386,466850/47331576/13482.569/0227d3b9-8fce-4f1f-9129-a7b0fbaaca93,0,0,nan,7.353962,7.353962,nan,nan,nan,nan,0.435757,nan,nan,1,0.000635
opdformer_p_rgb_512,4387,466850/47331576/13482.569/8960bd9d-9487-4a5e-a18a-b92af10809ea,0,0,nan,5.329870,5.329870,nan,nan,nan,nan,0.674009,nan,nan,1,0.000021
opdformer_p_rgb_512,4388,466850/47331576/13482.669/0227d3b9-8fce-4f1f-9129-a7b0fbaaca93,0,0,nan,6.826409,6.826409,nan,nan,nan,nan,0.312329,nan,nan,1,0.004899
opdformer_p_rgb_512,4389,466850/47331576/13482.669/8960bd9d-9487-4a5e-a18a-b92af10809ea,0,0,nan,2.261417,2.261417,nan,nan,nan,nan,0.701408,nan,nan,1,0.000059
opdformer_p_rgb_512,4390,466850/47331576/13482.769/0227d3b9-8fce-4f1f-9129-a7b0fbaaca93,0,0,nan,7.446876,7.446876,nan,nan,nan,nan,0.293720,nan,nan,1,0.027205
opdformer_p_rgb_512,4391,466850/47331576/13482.869/0227d3b9-8fce-4f1f-9129-a7b0fbaaca93,0,0,nan,11.302588,11.302588,nan,nan,nan,nan,0.301987,nan,nan,1,0.000054
opdformer_p_rgb_512,4392,466850/47331576/13482.869/8960bd9d-9487-4a5e-a18a-b92af10809ea,0,0,nan,5.146495,5.146495,nan,nan,nan,nan,0.730769,nan,nan,1,0.000029
opdformer_p_rgb_512,4393,466850/47331576/13482.969/0227d3b9-8fce-4f1f-9129-a7b0fbaaca93,0,0,nan,6.773241,6.773241,nan,nan,nan,nan,0.291107,nan,nan,1,0.000347
opdformer_p_rgb_512,4394,466850/47331576/13482.969/8960bd9d-9487-4a5e-a18a-b92af10809ea,0,0,nan,5.474274,5.474274,nan,nan,nan,nan,0.741641,nan,nan,1,0.000568
opdformer_p_rgb_512,4395,466850/47331576/13483.069/0227d3b9-8fce-4f1f-9129-a7b0fbaaca93,0,0,nan,17.829578,17.829578,nan,nan,nan,nan,0.234038,nan,nan,1,0.000012
opdformer_p_rgb_512,4396,466850/47331576/13483.069/8960bd9d-9487-4a5e-a18a-b92af10809ea,0,0,nan,2.752849,2.752849,nan,nan,nan,nan,0.749249,nan,nan,1,0.000013
opdformer_p_rgb_512,4397,466850/47331576/13483.169/0227d3b9-8fce-4f1f-9129-a7b0fbaaca93,0,0,nan,10.541584,10.541584,nan,nan,nan,nan,0.195758,nan,nan,1,0.000151
opdformer_p_rgb_512,4398,466850/47331576/13483.169/8960bd9d-9487-4a5e-a18a-b92af10809ea,0,0,nan,5.362523,5.362523,nan,nan,nan,nan,0.770213,nan,nan,1,0.000052
opdformer_p_rgb_512,4399,466850/47331576/13483.269/0227d3b9-8fce-4f1f-9129-a7b0fbaaca93,0,0,nan,17.645087,17.645087,nan,nan,nan,nan,0.238820,nan,nan,1,0.000156
opdformer_p_rgb_512,4400,466850/47331576/13483.269/8960bd9d-9487-4a5e-a18a-b92af10809ea,0,0,nan,11.921856,11.921856,nan,nan,nan,nan,0.675595,nan,nan,1,0.000302
opdformer_p_rgb_512,4401,466850/47331576/13483.369/0227d3b9-8fce-4f1f-9129-a7b0fbaaca93,0,0,nan,5.770170,5.770170,nan,nan,nan,nan,0.296276,nan,nan,1,0.000092
opdformer_p_rgb_512,4402,466850/47331576/13486.168/8960bd9d-9487-4a5e-a18a-b92af10809ea,0,0,nan,9.113062,9.113062,nan,nan,nan,nan,0.637860,nan,nan,1,0.000617
opdformer_p_rgb_512,4403,466850/47331576/13486.268/8960bd9d-9487-4a5e-a18a-b92af10809ea,0,0,nan,3.831231,3.831231,nan,nan,nan,nan,0.756757,nan,nan,1,0.000023
opdformer_p_rgb_512,4404,466850/47331576/13486.368/8960bd9d-9487-4a5e-a18a-b92af10809ea,0,0,nan,1.269060,1.269060,nan,nan,nan,nan,0.679172,nan,nan,1,0.000309
opdformer_p_rgb_512,4405,466850/47331576/13486.468/0227d3b9-8fce-4f1f-9129-a7b0fbaaca93,0,0,nan,5.373031,5.373031,nan,nan,nan,nan,0.406233,nan,nan,1,0.000225
opdformer_p_rgb_512,4406,466850/47331576/13486.468/8960bd9d-9487-4a5e-a18a-b92af10809ea,0,0,nan,2.992323,2.992323,nan,nan,nan,nan,0.440999,nan,nan,1,0.000058
opdformer_p_rgb_512,4407,466850/47331576/13486.568/0227d3b9-8fce-4f1f-9129-a7b0fbaaca93,0,0,nan,7.435735,7.435735,nan,nan,nan,nan,0.248075,nan,nan,1,0.000504
opdformer_p_rgb_512,4408,466850/47331576/13486.568/8960bd9d-9487-4a5e-a18a-b92af10809ea,0,0,nan,4.569963,4.569963,nan,nan,nan,nan,0.650146,nan,nan,1,0.000421
opdformer_p_rgb_512,4409,466850/47331576/13486.668/0227d3b9-8fce-4f1f-9129-a7b0fbaaca93,0,0,nan,4.779668,4.779668,nan,nan,nan,nan,0.348795,nan,nan,1,0.000547
opdformer_p_rgb_512,4410,466850/47331576/13486.668/8960bd9d-9487-4a5e-a18a-b92af10809ea,0,0,nan,4.484101,4.484101,nan,nan,nan,nan,0.372270,nan,nan,1,0.000062
opdformer_p_rgb_512,4411,466850/47331576/13486.768/0227d3b9-8fce-4f1f-9129-a7b0fbaaca93,0,0,nan,10.166741,10.166741,nan,nan,nan,nan,0.572468,nan,nan,1,0.000080
opdformer_p_rgb_512,4412,466850/47331576/13486.768/8960bd9d-9487-4a5e-a18a-b92af10809ea,0,0,nan,5.915598,5.915598,nan,nan,nan,nan,0.529010,nan,nan,1,0.000232
opdformer_p_rgb_512,4413,466850/47331576/13486.868/0227d3b9-8fce-4f1f-9129-a7b0fbaaca93,0,0,nan,5.970011,5.970011,nan,nan,nan,nan,0.563054,nan,nan,1,0.000146
opdformer_p_rgb_512,4414,466850/47331576/13486.868/8960bd9d-9487-4a5e-a18a-b92af10809ea,0,0,nan,4.184134,4.184134,nan,nan,nan,nan,0.325796,nan,nan,1,0.000705
opdformer_p_rgb_512,4415,466850/47331576/13486.967/0227d3b9-8fce-4f1f-9129-a7b0fbaaca93,0,0,nan,6.500906,6.500906,nan,nan,nan,nan,0.620465,nan,nan,1,0.000082
opdformer_p_rgb_512,4416,466850/47331576/13486.967/8960bd9d-9487-4a5e-a18a-b92af10809ea,0,0,nan,5.056975,5.056975,nan,nan,nan,nan,0.513484,nan,nan,1,0.000300
opdformer_p_rgb_512,4417,466850/47331576/13487.067/0227d3b9-8fce-4f1f-9129-a7b0fbaaca93,0,0,nan,10.630970,10.630970,nan,nan,nan,nan,0.615775,nan,nan,1,0.000660
opdformer_p_rgb_512,4418,466850/47331576/13487.067/8960bd9d-9487-4a5e-a18a-b92af10809ea,0,-1,nan,90.000000,90.000000,nan,nan,nan,nan,0.000000,nan,nan,0,nan
opdformer_p_rgb_512,4419,466850/47331576/13487.167/0227d3b9-8fce-4f1f-9129-a7b0fbaaca93,0,0,nan,15.490680,15.490680,nan,nan,nan,nan,0.651572,nan,nan,1,0.000039
opdformer_p_rgb_512,4420,466850/47331576/13487.167/8960bd9d-9487-4a5e-a18a-b92af10809ea,0,0,nan,7.467820,7.467820,nan,nan,nan,nan,0.005792,nan,nan,1,0.001320
opdformer_p_rgb_512,4421,466850/47331576/13487.267/0227d3b9-8fce-4f1f-9129-a7b0fbaaca93,0,0,nan,14.394200,14.394200,nan,nan,nan,nan,0.603049,nan,nan,1,0.000047
opdformer_p_rgb_512,4422,466850/47331576/13487.267/8960bd9d-9487-4a5e-a18a-b92af10809ea,0,0,nan,9.047416,9.047416,nan,nan,nan,nan,0.000674,nan,nan,1,0.000056
opdformer_p_rgb_512,4423,466850/47331576/13487.367/8960bd9d-9487-4a5e-a18a-b92af10809ea,0,0,nan,9.264361,9.264361,nan,nan,nan,nan,0.053732,nan,nan,1,0.000088
opdformer_p_rgb_512,4424,466850/47331576/13487.467/8960bd9d-9487-4a5e-a18a-b92af10809ea,0,0,nan,15.061431,15.061431,nan,nan,nan,nan,0.542045,nan,nan,1,0.000198
opdformer_p_rgb_512,4425,466850/47331576/13487.567/8960bd9d-9487-4a5e-a18a-b92af10809ea,0,0,nan,12.031695,12.031695,nan,nan,nan,nan,0.524606,nan,nan,1,0.000023
opdformer_p_rgb_512,4426,466850/47331576/13487.667/8960bd9d-9487-4a5e-a18a-b92af10809ea,0,0,nan,17.137432,17.137432,nan,nan,nan,nan,0.415112,nan,nan,1,0.000243
opdformer_p_rgb_512,4427,466850/47331576/13487.767/8960bd9d-9487-4a5e-a18a-b92af10809ea,0,0,nan,9.843176,9.843176,nan,nan,nan,nan,0.552365,nan,nan,1,0.000119
opdformer_p_rgb_512,4428,467105/45261485/41895.974/38fa8482-ff7c-4d7b-8178-5544f8b95293,0,0,nan,63.511926,63.511926,nan,nan,nan,nan,0.080893,nan,nan,1,0.006088
opdformer_p_rgb_512,4429,467105/45261485/41899.590/03b264c3-0ef5-4c56-822f-9df1e1906c30,0,0,nan,121.064769,58.935231,nan,nan,nan,nan,0.537170,nan,nan,1,0.001784
opdformer_p_rgb_512,4430,467105/45261485/41908.286/54083089-d8dd-44a4-8086-a3b885706ded,0,-1,nan,90.000000,90.000000,nan,nan,nan,nan,0.000000,nan,nan,0,nan
opdformer_p_rgb_512,4431,467105/45261485/41908.286/e1e8e65e-39a6-4e49-ae31-59cb60ba7b17,0,-1,nan,90.000000,90.000000,nan,nan,nan,nan,0.000000,nan,nan,0,nan
opdformer_p_rgb_512,4432,467105/45261485/41908.386/54083089-d8dd-44a4-8086-a3b885706ded,0,-1,nan,90.000000,90.000000,nan,nan,nan,nan,0.000000,nan,nan,0,nan
opdformer_p_rgb_512,4433,467105/45261485/41908.386/e1e8e65e-39a6-4e49-ae31-59cb60ba7b17,0,0,nan,31.897602,31.897602,nan,nan,nan,nan,0.269821,nan,nan,1,0.002438
opdformer_p_rgb_512,4434,467105/45261485/41908.486/54083089-d8dd-44a4-8086-a3b885706ded,0,-1,nan,90.000000,90.000000,nan,nan,nan,nan,0.000000,nan,nan,0,nan
opdformer_p_rgb_512,4435,467105/45261485/41908.486/e1e8e65e-39a6-4e49-ae31-59cb60ba7b17,0,0,nan,39.221148,39.221148,nan,nan,nan,nan,0.419525,nan,nan,1,0.002896
opdformer_p_rgb_512,4436,467105/45261485/41908.586/54083089-d8dd-44a4-8086-a3b885706ded,0,-1,nan,90.000000,90.000000,nan,nan,nan,nan,0.000000,nan,nan,0,nan
opdformer_p_rgb_512,4437,467105/45261485/41908.586/e1e8e65e-39a6-4e49-ae31-59cb60ba7b17,0,0,nan,43.888650,43.888650,nan,nan,nan,nan,0.241333,nan,nan,1,0.003440
opdformer_p_rgb_512,4438,467105/45261485/41908.686/54083089-d8dd-44a4-8086-a3b885706ded,0,-1,nan,90.000000,90.000000,nan,nan,nan,nan,0.000000,nan,nan,0,nan
opdformer_p_rgb_512,4439,467105/45261485/41908.686/ac5ae06a-e3b7-4012-b0ce-1095164ac197,0,0,nan,98.684966,81.315034,nan,nan,nan,nan,0.018732,nan,nan,1,0.001866
opdformer_p_rgb_512,4440,467105/45261485/41908.686/e1e8e65e-39a6-4e49-ae31-59cb60ba7b17,0,0,nan,27.063714,27.063714,nan,nan,nan,nan,0.181462,nan,nan,1,0.001227
opdformer_p_rgb_512,4441,467105/45261485/41908.786/54083089-d8dd-44a4-8086-a3b885706ded,0,-1,nan,90.000000,90.000000,nan,nan,nan,nan,0.000000,nan,nan,0,nan
opdformer_p_rgb_512,4442,467105/45261485/41908.786/ac5ae06a-e3b7-4012-b0ce-1095164ac197,0,0,nan,83.005227,83.005227,nan,nan,nan,nan,0.017572,nan,nan,1,0.002298
opdformer_p_rgb_512,4443,467105/45261485/41908.786/e1e8e65e-39a6-4e49-ae31-59cb60ba7b17,0,0,nan,73.995916,73.995916,nan,nan,nan,nan,0.009259,nan,nan,1,0.001532
opdformer_p_rgb_512,4444,467105/45261485/41908.886/54083089-d8dd-44a4-8086-a3b885706ded,0,-1,nan,90.000000,90.000000,nan,nan,nan,nan,0.000000,nan,nan,0,nan
opdformer_p_rgb_512,4445,467105/45261485/41908.886/ac5ae06a-e3b7-4012-b0ce-1095164ac197,0,0,nan,74.493420,74.493420,nan,nan,nan,nan,0.018692,nan,nan,1,0.004808
opdformer_p_rgb_512,4446,467105/45261485/41908.886/e1e8e65e-39a6-4e49-ae31-59cb60ba7b17,0,-1,nan,90.000000,90.000000,nan,nan,nan,nan,0.000000,nan,nan,0,nan
opdformer_p_rgb_512,4447,467105/45261485/41908.986/54083089-d8dd-44a4-8086-a3b885706ded,0,-1,nan,90.000000,90.000000,nan,nan,nan,nan,0.000000,nan,nan,0,nan
opdformer_p_rgb_512,4448,467105/45261485/41908.986/ac5ae06a-e3b7-4012-b0ce-1095164ac197,0,1,nan,89.320823,89.320823,nan,nan,nan,nan,0.030075,nan,nan,1,0.001107
opdformer_p_rgb_512,4449,467105/45261485/41908.986/e1e8e65e-39a6-4e49-ae31-59cb60ba7b17,0,0,nan,68.145349,68.145349,nan,nan,nan,nan,0.021097,nan,nan,1,0.000622
opdformer_p_rgb_512,4450,467105/45261485/41909.086/54083089-d8dd-44a4-8086-a3b885706ded,0,-1,nan,90.000000,90.000000,nan,nan,nan,nan,0.000000,nan,nan,0,nan
opdformer_p_rgb_512,4451,467105/45261485/41909.086/e1e8e65e-39a6-4e49-ae31-59cb60ba7b17,0,-1,nan,90.000000,90.000000,nan,nan,nan,nan,0.000000,nan,nan,0,nan
opdformer_p_rgb_512,4452,467105/45261485/41909.186/e1e8e65e-39a6-4e49-ae31-59cb60ba7b17,0,-1,nan,90.000000,90.000000,nan,nan,nan,nan,0.000000,nan,nan,0,nan
opdformer_p_rgb_512,4453,467105/45261485/41909.286/e1e8e65e-39a6-4e49-ae31-59cb60ba7b17,0,-1,nan,90.000000,90.000000,nan,nan,nan,nan,0.000000,nan,nan,0,nan
opdformer_p_rgb_512,4454,467105/45261485/41909.386/e1e8e65e-39a6-4e49-ae31-59cb60ba7b17,0,-1,nan,90.000000,90.000000,nan,nan,nan,nan,0.000000,nan,nan,0,nan
opdformer_p_rgb_512,4455,467105/45261485/41909.486/e1e8e65e-39a6-4e49-ae31-59cb60ba7b17,0,-1,nan,90.000000,90.000000,nan,nan,nan,nan,0.000000,nan,nan,0,nan
opdformer_p_rgb_512,4456,467105/45261485/41909.586/54083089-d8dd-44a4-8086-a3b885706ded,0,-1,nan,90.000000,90.000000,nan,nan,nan,nan,0.000000,nan,nan,0,nan
opdformer_p_rgb_512,4457,467105/45261485/41909.586/e1e8e65e-39a6-4e49-ae31-59cb60ba7b17,0,-1,nan,90.000000,90.000000,nan,nan,nan,nan,0.000000,nan,nan,0,nan
opdformer_p_rgb_512,4458,467105/45261485/41909.686/54083089-d8dd-44a4-8086-a3b885706ded,0,-1,nan,90.000000,90.000000,nan,nan,nan,nan,0.000000,nan,nan,0,nan
opdformer_p_rgb_512,4459,467105/45261485/41909.686/e1e8e65e-39a6-4e49-ae31-59cb60ba7b17,0,-1,nan,90.000000,90.000000,nan,nan,nan,nan,0.000000,nan,nan,0,nan
opdformer_p_rgb_512,4460,467105/45261485/41909.785/54083089-d8dd-44a4-8086-a3b885706ded,0,-1,nan,90.000000,90.000000,nan,nan,nan,nan,0.000000,nan,nan,0,nan
opdformer_p_rgb_512,4461,467105/45261485/41909.785/e1e8e65e-39a6-4e49-ae31-59cb60ba7b17,0,-1,nan,90.000000,90.000000,nan,nan,nan,nan,0.000000,nan,nan,0,nan
opdformer_p_rgb_512,4462,467105/45261485/41909.885/54083089-d8dd-44a4-8086-a3b885706ded,0,-1,nan,90.000000,90.000000,nan,nan,nan,nan,0.000000,nan,nan,0,nan
opdformer_p_rgb_512,4463,467105/45261485/41909.885/e1e8e65e-39a6-4e49-ae31-59cb60ba7b17,0,-1,nan,90.000000,90.000000,nan,nan,nan,nan,0.000000,nan,nan,0,nan
opdformer_p_rgb_512,4464,467105/45261485/41909.985/54083089-d8dd-44a4-8086-a3b885706ded,0,0,nan,12.486770,12.486770,nan,nan,nan,nan,0.016461,nan,nan,1,0.002226
opdformer_p_rgb_512,4465,467105/45261485/41909.985/e1e8e65e-39a6-4e49-ae31-59cb60ba7b17,0,0,nan,27.789421,27.789421,nan,nan,nan,nan,0.003614,nan,nan,1,0.000419
opdformer_p_rgb_512,4466,467105/45261485/41910.085/54083089-d8dd-44a4-8086-a3b885706ded,0,-1,nan,90.000000,90.000000,nan,nan,nan,nan,0.000000,nan,nan,0,nan
opdformer_p_rgb_512,4467,467105/45261485/41910.085/e1e8e65e-39a6-4e49-ae31-59cb60ba7b17,0,-1,nan,90.000000,90.000000,nan,nan,nan,nan,0.000000,nan,nan,0,nan
opdformer_p_rgb_512,4468,467105/45261485/41910.185/e1e8e65e-39a6-4e49-ae31-59cb60ba7b17,0,-1,nan,90.000000,90.000000,nan,nan,nan,nan,0.000000,nan,nan,0,nan
opdformer_p_rgb_512,4469,467105/45261485/41910.285/e1e8e65e-39a6-4e49-ae31-59cb60ba7b17,0,0,nan,68.495318,68.495318,nan,nan,nan,nan,0.146971,nan,nan,1,0.001303
opdformer_p_rgb_512,4470,467105/45261485/41910.385/e1e8e65e-39a6-4e49-ae31-59cb60ba7b17,0,0,nan,61.063058,61.063058,nan,nan,nan,nan,0.591549,nan,nan,1,0.002531
opdformer_p_rgb_512,4471,467105/45261485/41910.485/e1e8e65e-39a6-4e49-ae31-59cb60ba7b17,0,0,nan,59.168858,59.168858,nan,nan,nan,nan,0.617021,nan,nan,1,0.001519
opdformer_p_rgb_512,4472,467105/45261485/41917.782/c3d1e5de-63d2-427d-aac6-3271a7d12646,0,0,nan,21.872014,21.872014,nan,nan,nan,nan,0.343805,nan,nan,1,0.002217
opdformer_p_rgb_512,4473,467105/45261485/41917.882/c3d1e5de-63d2-427d-aac6-3271a7d12646,0,0,nan,41.853909,41.853909,nan,nan,nan,nan,0.334248,nan,nan,1,0.000898
opdformer_p_rgb_512,4474,467105/45261485/41917.982/c3d1e5de-63d2-427d-aac6-3271a7d12646,0,0,nan,23.516505,23.516505,nan,nan,nan,nan,0.284451,nan,nan,1,0.072256
opdformer_p_rgb_512,4475,467105/45261485/41918.082/c3d1e5de-63d2-427d-aac6-3271a7d12646,0,0,nan,66.311560,66.311560,nan,nan,nan,nan,0.127792,nan,nan,1,0.000684
opdformer_p_rgb_512,4476,467105/45261485/41918.182/c3d1e5de-63d2-427d-aac6-3271a7d12646,0,-1,nan,90.000000,90.000000,nan,nan,nan,nan,0.000000,nan,nan,0,nan
opdformer_p_rgb_512,4477,467105/45261485/41918.282/c3d1e5de-63d2-427d-aac6-3271a7d12646,0,-1,nan,90.000000,90.000000,nan,nan,nan,nan,0.000000,nan,nan,0,nan
opdformer_p_rgb_512,4478,467105/45261485/41918.382/c3d1e5de-63d2-427d-aac6-3271a7d12646,0,-1,nan,90.000000,90.000000,nan,nan,nan,nan,0.000000,nan,nan,0,nan
opdformer_p_rgb_512,4479,467105/45261485/41918.482/c3d1e5de-63d2-427d-aac6-3271a7d12646,0,-1,nan,90.000000,90.000000,nan,nan,nan,nan,0.000000,nan,nan,0,nan
opdformer_p_rgb_512,4480,467105/45261485/41918.582/c3d1e5de-63d2-427d-aac6-3271a7d12646,0,-1,nan,90.000000,90.000000,nan,nan,nan,nan,0.000000,nan,nan,0,nan
opdformer_p_rgb_512,4481,467105/45261485/41919.182/54083089-d8dd-44a4-8086-a3b885706ded,0,-1,nan,90.000000,90.000000,nan,nan,nan,nan,0.000000,nan,nan,0,nan
opdformer_p_rgb_512,4482,467105/45261485/41919.282/54083089-d8dd-44a4-8086-a3b885706ded,0,-1,nan,90.000000,90.000000,nan,nan,nan,nan,0.000000,nan,nan,0,nan
opdformer_p_rgb_512,4483,467105/45261485/41919.382/54083089-d8dd-44a4-8086-a3b885706ded,0,-1,nan,90.000000,90.000000,nan,nan,nan,nan,0.000000,nan,nan,0,nan
opdformer_p_rgb_512,4484,467105/45261485/41919.482/54083089-d8dd-44a4-8086-a3b885706ded,0,-1,nan,90.000000,90.000000,nan,nan,nan,nan,0.000000,nan,nan,0,nan
opdformer_p_rgb_512,4485,467105/45261485/41919.582/54083089-d8dd-44a4-8086-a3b885706ded,0,-1,nan,90.000000,90.000000,nan,nan,nan,nan,0.000000,nan,nan,0,nan
opdformer_p_rgb_512,4486,467105/45261485/41919.682/54083089-d8dd-44a4-8086-a3b885706ded,0,-1,nan,90.000000,90.000000,nan,nan,nan,nan,0.000000,nan,nan,0,nan
opdformer_p_rgb_512,4487,467105/45261485/41919.782/54083089-d8dd-44a4-8086-a3b885706ded,0,-1,nan,90.000000,90.000000,nan,nan,nan,nan,0.000000,nan,nan,0,nan
opdformer_p_rgb_512,4488,467105/45261485/41919.881/54083089-d8dd-44a4-8086-a3b885706ded,0,-1,nan,90.000000,90.000000,nan,nan,nan,nan,0.000000,nan,nan,0,nan
opdformer_p_rgb_512,4489,467105/45261485/41919.981/54083089-d8dd-44a4-8086-a3b885706ded,0,-1,nan,90.000000,90.000000,nan,nan,nan,nan,0.000000,nan,nan,0,nan
opdformer_p_rgb_512,4490,467105/45261485/41920.081/54083089-d8dd-44a4-8086-a3b885706ded,0,-1,nan,90.000000,90.000000,nan,nan,nan,nan,0.000000,nan,nan,0,nan
opdformer_p_rgb_512,4491,467105/45261485/41920.181/54083089-d8dd-44a4-8086-a3b885706ded,0,-1,nan,90.000000,90.000000,nan,nan,nan,nan,0.000000,nan,nan,0,nan
opdformer_p_rgb_512,4492,467105/45261485/41920.281/54083089-d8dd-44a4-8086-a3b885706ded,0,-1,nan,90.000000,90.000000,nan,nan,nan,nan,0.000000,nan,nan,0,nan
opdformer_p_rgb_512,4493,467105/45261485/41920.381/54083089-d8dd-44a4-8086-a3b885706ded,0,-1,nan,90.000000,90.000000,nan,nan,nan,nan,0.000000,nan,nan,0,nan
opdformer_p_rgb_512,4494,467105/45261485/41920.481/54083089-d8dd-44a4-8086-a3b885706ded,0,-1,nan,90.000000,90.000000,nan,nan,nan,nan,0.000000,nan,nan,0,nan
opdformer_p_rgb_512,4495,467105/45261485/41920.581/54083089-d8dd-44a4-8086-a3b885706ded,0,-1,nan,90.000000,90.000000,nan,nan,nan,nan,0.000000,nan,nan,0,nan
opdformer_p_rgb_512,4496,467105/45261485/41920.681/54083089-d8dd-44a4-8086-a3b885706ded,0,-1,nan,90.000000,90.000000,nan,nan,nan,nan,0.000000,nan,nan,0,nan
opdformer_p_rgb_512,4497,467105/45261485/41920.781/54083089-d8dd-44a4-8086-a3b885706ded,0,0,nan,94.861093,85.138907,nan,nan,nan,nan,0.132116,nan,nan,1,0.001170
opdformer_p_rgb_512,4498,467105/45261485/41920.881/54083089-d8dd-44a4-8086-a3b885706ded,0,0,nan,106.101378,73.898622,nan,nan,nan,nan,0.149173,nan,nan,1,0.008823
opdformer_p_rgb_512,4499,467105/45261485/41920.981/54083089-d8dd-44a4-8086-a3b885706ded,0,-1,nan,90.000000,90.000000,nan,nan,nan,nan,0.000000,nan,nan,0,nan
opdformer_p_rgb_512,4500,467105/45261485/41921.081/54083089-d8dd-44a4-8086-a3b885706ded,0,0,nan,84.245827,84.245827,nan,nan,nan,nan,0.337135,nan,nan,1,0.007950
opdformer_p_rgb_512,4501,467105/45261485/41921.181/54083089-d8dd-44a4-8086-a3b885706ded,0,0,nan,53.239061,53.239061,nan,nan,nan,nan,0.286179,nan,nan,1,0.066758
opdformer_p_rgb_512,4502,467105/45261485/41921.281/54083089-d8dd-44a4-8086-a3b885706ded,0,0,nan,61.241113,61.241113,nan,nan,nan,nan,0.245912,nan,nan,1,0.019172
opdformer_p_rgb_512,4503,467105/45261485/41921.381/54083089-d8dd-44a4-8086-a3b885706ded,0,0,nan,83.890988,83.890988,nan,nan,nan,nan,0.241007,nan,nan,1,0.061154
opdformer_p_rgb_512,4504,467105/45261485/41921.481/54083089-d8dd-44a4-8086-a3b885706ded,0,0,nan,81.271479,81.271479,nan,nan,nan,nan,0.280374,nan,nan,1,0.027734
opdformer_p_rgb_512,4505,467105/45261485/41927.079/54083089-d8dd-44a4-8086-a3b885706ded,0,-1,nan,90.000000,90.000000,nan,nan,nan,nan,0.000000,nan,nan,0,nan
opdformer_p_rgb_512,4506,467105/45261485/41927.179/54083089-d8dd-44a4-8086-a3b885706ded,0,-1,nan,90.000000,90.000000,nan,nan,nan,nan,0.000000,nan,nan,0,nan
opdformer_p_rgb_512,4507,467105/45261485/41927.279/54083089-d8dd-44a4-8086-a3b885706ded,0,-1,nan,90.000000,90.000000,nan,nan,nan,nan,0.000000,nan,nan,0,nan
opdformer_p_rgb_512,4508,467105/45261485/41927.379/54083089-d8dd-44a4-8086-a3b885706ded,0,-1,nan,90.000000,90.000000,nan,nan,nan,nan,0.000000,nan,nan,0,nan
opdformer_p_rgb_512,4509,467105/45261485/41927.478/54083089-d8dd-44a4-8086-a3b885706ded,0,-1,nan,90.000000,90.000000,nan,nan,nan,nan,0.000000,nan,nan,0,nan
opdformer_p_rgb_512,4510,467105/45261485/41927.478/e1e8e65e-39a6-4e49-ae31-59cb60ba7b17,0,0,nan,32.608458,32.608458,nan,nan,nan,nan,0.460714,nan,nan,1,0.001497
opdformer_p_rgb_512,4511,467105/45261485/41927.578/54083089-d8dd-44a4-8086-a3b885706ded,0,-1,nan,90.000000,90.000000,nan,nan,nan,nan,0.000000,nan,nan,0,nan
opdformer_p_rgb_512,4512,467105/45261485/41927.578/e1e8e65e-39a6-4e49-ae31-59cb60ba7b17,0,0,nan,41.890980,41.890980,nan,nan,nan,nan,0.432466,nan,nan,1,0.004418
opdformer_p_rgb_512,4513,467105/45261485/41927.678/54083089-d8dd-44a4-8086-a3b885706ded,0,-1,nan,90.000000,90.000000,nan,nan,nan,nan,0.000000,nan,nan,0,nan
opdformer_p_rgb_512,4514,467105/45261485/41927.678/e1e8e65e-39a6-4e49-ae31-59cb60ba7b17,0,0,nan,52.856676,52.856676,nan,nan,nan,nan,0.336264,nan,nan,1,0.002067
opdformer_p_rgb_512,4515,467105/45261485/41927.778/54083089-d8dd-44a4-8086-a3b885706ded,0,-1,nan,90.000000,90.000000,nan,nan,nan,nan,0.000000,nan,nan,0,nan
opdformer_p_rgb_512,4516,467105/45261485/41927.778/e1e8e65e-39a6-4e49-ae31-59cb60ba7b17,0,0,nan,91.011658,88.988342,nan,nan,nan,nan,0.509830,nan,nan,1,0.002560
opdformer_p_rgb_512,4517,467105/45261485/41927.878/54083089-d8dd-44a4-8086-a3b885706ded,0,-1,nan,90.000000,90.000000,nan,nan,nan,nan,0.000000,nan,nan,0,nan
opdformer_p_rgb_512,4518,467105/45261485/41927.878/e1e8e65e-39a6-4e49-ae31-59cb60ba7b17,0,0,nan,104.331240,75.668760,nan,nan,nan,nan,0.471278,nan,nan,1,0.000948
opdformer_p_rgb_512,4519,467105/45261485/41927.978/54083089-d8dd-44a4-8086-a3b885706ded,0,-1,nan,90.000000,90.000000,nan,nan,nan,nan,0.000000,nan,nan,0,nan
opdformer_p_rgb_512,4520,467105/45261485/41927.978/e1e8e65e-39a6-4e49-ae31-59cb60ba7b17,0,0,nan,98.386937,81.613063,nan,nan,nan,nan,0.348225,nan,nan,1,0.000902
opdformer_p_rgb_512,4521,467105/45261485/41928.078/54083089-d8dd-44a4-8086-a3b885706ded,0,-1,nan,90.000000,90.000000,nan,nan,nan,nan,0.000000,nan,nan,0,nan
opdformer_p_rgb_512,4522,467105/45261485/41928.078/e1e8e65e-39a6-4e49-ae31-59cb60ba7b17,0,0,nan,100.635102,79.364898,nan,nan,nan,nan,0.424658,nan,nan,1,0.001191
opdformer_p_rgb_512,4523,467105/45261485/41928.178/54083089-d8dd-44a4-8086-a3b885706ded,0,-1,nan,90.000000,90.000000,nan,nan,nan,nan,0.000000,nan,nan,0,nan
opdformer_p_rgb_512,4524,467105/45261485/41928.178/ac5ae06a-e3b7-4012-b0ce-1095164ac197,0,-1,nan,90.000000,90.000000,nan,nan,nan,nan,0.000000,nan,nan,0,nan
opdformer_p_rgb_512,4525,467105/45261485/41928.178/e1e8e65e-39a6-4e49-ae31-59cb60ba7b17,0,0,nan,118.463087,61.536913,nan,nan,nan,nan,0.258166,nan,nan,1,0.003652
opdformer_p_rgb_512,4526,467105/45261485/41928.278/54083089-d8dd-44a4-8086-a3b885706ded,0,-1,nan,90.000000,90.000000,nan,nan,nan,nan,0.000000,nan,nan,0,nan
opdformer_p_rgb_512,4527,467105/45261485/41928.278/ac5ae06a-e3b7-4012-b0ce-1095164ac197,0,0,nan,39.281775,39.281775,nan,nan,nan,nan,0.029213,nan,nan,1,0.003527
opdformer_p_rgb_512,4528,467105/45261485/41928.278/e1e8e65e-39a6-4e49-ae31-59cb60ba7b17,0,-1,nan,90.000000,90.000000,nan,nan,nan,nan,0.000000,nan,nan,0,nan
opdformer_p_rgb_512,4529,467105/45261485/41928.378/54083089-d8dd-44a4-8086-a3b885706ded,0,-1,nan,90.000000,90.000000,nan,nan,nan,nan,0.000000,nan,nan,0,nan
opdformer_p_rgb_512,4530,467105/45261485/41928.378/ac5ae06a-e3b7-4012-b0ce-1095164ac197,0,1,nan,135.461994,44.538006,nan,nan,nan,nan,0.001370,nan,nan,1,0.014198
opdformer_p_rgb_512,4531,467105/45261485/41928.378/e1e8e65e-39a6-4e49-ae31-59cb60ba7b17,0,-1,nan,90.000000,90.000000,nan,nan,nan,nan,0.000000,nan,nan,0,nan
opdformer_p_rgb_512,4532,467105/45261485/41928.478/54083089-d8dd-44a4-8086-a3b885706ded,0,-1,nan,90.000000,90.000000,nan,nan,nan,nan,0.000000,nan,nan,0,nan
opdformer_p_rgb_512,4533,467105/45261485/41928.478/e1e8e65e-39a6-4e49-ae31-59cb60ba7b17,0,0,nan,126.770382,53.229618,nan,nan,nan,nan,0.091743,nan,nan,1,0.000649
opdformer_p_rgb_512,4534,467105/45261485/41928.578/54083089-d8dd-44a4-8086-a3b885706ded,0,-1,nan,90.000000,90.000000,nan,nan,nan,nan,0.000000,nan,nan,0,nan
opdformer_p_rgb_512,4535,467105/45261485/41928.578/e1e8e65e-39a6-4e49-ae31-59cb60ba7b17,0,0,nan,108.666380,71.333620,nan,nan,nan,nan,0.323561,nan,nan,1,0.000640
opdformer_p_rgb_512,4536,467105/45261485/41928.678/54083089-d8dd-44a4-8086-a3b885706ded,0,-1,nan,90.000000,90.000000,nan,nan,nan,nan,0.000000,nan,nan,0,nan
opdformer_p_rgb_512,4537,467105/45261485/41928.678/e1e8e65e-39a6-4e49-ae31-59cb60ba7b17,0,0,nan,131.327320,48.672680,nan,nan,nan,nan,0.134768,nan,nan,1,0.001091
opdformer_p_rgb_512,4538,467105/45261485/41928.778/54083089-d8dd-44a4-8086-a3b885706ded,0,-1,nan,90.000000,90.000000,nan,nan,nan,nan,0.000000,nan,nan,0,nan
opdformer_p_rgb_512,4539,467105/45261485/41928.778/e1e8e65e-39a6-4e49-ae31-59cb60ba7b17,0,0,nan,83.909551,83.909551,nan,nan,nan,nan,0.019214,nan,nan,1,0.001600
opdformer_p_rgb_512,4540,467105/45261485/41928.878/54083089-d8dd-44a4-8086-a3b885706ded,0,-1,nan,90.000000,90.000000,nan,nan,nan,nan,0.000000,nan,nan,0,nan
opdformer_p_rgb_512,4541,467105/45261485/41928.878/e1e8e65e-39a6-4e49-ae31-59cb60ba7b17,0,-1,nan,90.000000,90.000000,nan,nan,nan,nan,0.000000,nan,nan,0,nan
opdformer_p_rgb_512,4542,467105/45261485/41928.978/54083089-d8dd-44a4-8086-a3b885706ded,0,-1,nan,90.000000,90.000000,nan,nan,nan,nan,0.000000,nan,nan,0,nan
opdformer_p_rgb_512,4543,467105/45261485/41928.978/e1e8e65e-39a6-4e49-ae31-59cb60ba7b17,0,0,nan,153.769845,26.230155,nan,nan,nan,nan,0.028118,nan,nan,1,0.001544
opdformer_p_rgb_512,4544,467105/45261485/41929.078/54083089-d8dd-44a4-8086-a3b885706ded,0,-1,nan,90.000000,90.000000,nan,nan,nan,nan,0.000000,nan,nan,0,nan
opdformer_p_rgb_512,4545,467105/45261485/41929.078/e1e8e65e-39a6-4e49-ae31-59cb60ba7b17,0,0,nan,114.380274,65.619726,nan,nan,nan,nan,0.001679,nan,nan,1,0.001624
opdformer_p_rgb_512,4546,467105/45261485/41929.178/e1e8e65e-39a6-4e49-ae31-59cb60ba7b17,0,0,nan,77.996006,77.996006,nan,nan,nan,nan,0.114203,nan,nan,1,0.004429
opdformer_p_rgb_512,4547,467105/45261485/41929.278/54083089-d8dd-44a4-8086-a3b885706ded,0,-1,nan,90.000000,90.000000,nan,nan,nan,nan,0.000000,nan,nan,0,nan
opdformer_p_rgb_512,4548,467105/45261485/41929.278/e1e8e65e-39a6-4e49-ae31-59cb60ba7b17,0,-1,nan,90.000000,90.000000,nan,nan,nan,nan,0.000000,nan,nan,0,nan
opdformer_p_rgb_512,4549,467105/45261485/41929.378/54083089-d8dd-44a4-8086-a3b885706ded,0,-1,nan,90.000000,90.000000,nan,nan,nan,nan,0.000000,nan,nan,0,nan
opdformer_p_rgb_512,4550,467105/45261485/41929.378/e1e8e65e-39a6-4e49-ae31-59cb60ba7b17,0,-1,nan,90.000000,90.000000,nan,nan,nan,nan,0.000000,nan,nan,0,nan
opdformer_p_rgb_512,4551,467105/45261485/41929.478/54083089-d8dd-44a4-8086-a3b885706ded,0,-1,nan,90.000000,90.000000,nan,nan,nan,nan,0.000000,nan,nan,0,nan
opdformer_p_rgb_512,4552,467105/45261485/41929.478/e1e8e65e-39a6-4e49-ae31-59cb60ba7b17,0,-1,nan,90.000000,90.000000,nan,nan,nan,nan,0.000000,nan,nan,0,nan
opdformer_p_rgb_512,4553,467105/45261485/41929.578/54083089-d8dd-44a4-8086-a3b885706ded,0,-1,nan,90.000000,90.000000,nan,nan,nan,nan,0.000000,nan,nan,0,nan
opdformer_p_rgb_512,4554,467105/45261485/41929.578/e1e8e65e-39a6-4e49-ae31-59cb60ba7b17,0,-1,nan,90.000000,90.000000,nan,nan,nan,nan,0.000000,nan,nan,0,nan
opdformer_p_rgb_512,4555,467105/45261485/41929.678/e1e8e65e-39a6-4e49-ae31-59cb60ba7b17,0,-1,nan,90.000000,90.000000,nan,nan,nan,nan,0.000000,nan,nan,0,nan
opdformer_p_rgb_512,4556,467105/45261485/41929.778/e1e8e65e-39a6-4e49-ae31-59cb60ba7b17,0,-1,nan,90.000000,90.000000,nan,nan,nan,nan,0.000000,nan,nan,0,nan
opdformer_p_rgb_512,4557,467105/45261485/41929.878/e1e8e65e-39a6-4e49-ae31-59cb60ba7b17,0,-1,nan,90.000000,90.000000,nan,nan,nan,nan,0.000000,nan,nan,0,nan
opdformer_p_rgb_512,4558,467105/45261485/41929.977/e1e8e65e-39a6-4e49-ae31-59cb60ba7b17,0,0,nan,79.253858,79.253858,nan,nan,nan,nan,0.195435,nan,nan,1,0.000390
opdformer_p_rgb_512,4559,467105/45261485/41930.777/c3d1e5de-63d2-427d-aac6-3271a7d12646,0,-1,nan,90.000000,90.000000,nan,nan,nan,nan,0.000000,nan,nan,0,nan
opdformer_p_rgb_512,4560,467105/45261485/41930.877/c3d1e5de-63d2-427d-aac6-3271a7d12646,0,-1,nan,90.000000,90.000000,nan,nan,nan,nan,0.000000,nan,nan,0,nan
opdformer_p_rgb_512,4561,467105/45261485/41930.977/c3d1e5de-63d2-427d-aac6-3271a7d12646,0,-1,nan,90.000000,90.000000,nan,nan,nan,nan,0.000000,nan,nan,0,nan
opdformer_p_rgb_512,4562,467105/45261485/41931.077/c3d1e5de-63d2-427d-aac6-3271a7d12646,0,0,nan,26.599088,26.599088,nan,nan,nan,nan,0.428830,nan,nan,1,0.004572
opdformer_p_rgb_512,4563,467105/45261485/41931.177/c3d1e5de-63d2-427d-aac6-3271a7d12646,0,0,nan,34.340522,34.340522,nan,nan,nan,nan,0.433942,nan,nan,1,0.003526
opdformer_p_rgb_512,4564,467105/45261485/41931.277/c3d1e5de-63d2-427d-aac6-3271a7d12646,0,0,nan,35.399194,35.399194,nan,nan,nan,nan,0.481964,nan,nan,1,0.001522
opdformer_p_rgb_512,4565,467105/45261485/41931.377/c3d1e5de-63d2-427d-aac6-3271a7d12646,0,0,nan,59.209062,59.209062,nan,nan,nan,nan,0.117720,nan,nan,1,0.003031
opdformer_p_rgb_512,4566,467105/45261485/41931.477/c3d1e5de-63d2-427d-aac6-3271a7d12646,0,-1,nan,90.000000,90.000000,nan,nan,nan,nan,0.000000,nan,nan,0,nan
opdformer_p_rgb_512,4567,467105/45261485/41931.577/c3d1e5de-63d2-427d-aac6-3271a7d12646,0,0,nan,19.699289,19.699289,nan,nan,nan,nan,0.252747,nan,nan,1,0.001321
opdformer_p_rgb_512,4568,467105/45261485/41931.677/c3d1e5de-63d2-427d-aac6-3271a7d12646,0,0,nan,17.989724,17.989724,nan,nan,nan,nan,0.016330,nan,nan,1,0.001581
opdformer_p_rgb_512,4569,467105/45261485/41931.777/c3d1e5de-63d2-427d-aac6-3271a7d12646,0,0,nan,48.707672,48.707672,nan,nan,nan,nan,0.397665,nan,nan,1,0.012871
opdformer_p_rgb_512,4570,467105/45261485/41937.075/03b264c3-0ef5-4c56-822f-9df1e1906c30,0,0,nan,82.696519,82.696519,nan,nan,nan,nan,0.653367,nan,nan,1,0.000854
opdformer_p_rgb_512,4571,467105/45261485/41937.175/03b264c3-0ef5-4c56-822f-9df1e1906c30,0,0,nan,110.861876,69.138124,nan,nan,nan,nan,0.689459,nan,nan,1,0.000840
opdformer_p_rgb_512,4572,467105/45261485/41937.774/e1e8e65e-39a6-4e49-ae31-59cb60ba7b17,0,-1,nan,90.000000,90.000000,nan,nan,nan,nan,0.000000,nan,nan,0,nan
opdformer_p_rgb_512,4573,467105/45261485/41941.490/03b264c3-0ef5-4c56-822f-9df1e1906c30,0,0,nan,70.716417,70.716417,nan,nan,nan,nan,0.268212,nan,nan,1,0.023944
opdformer_p_rgb_512,4574,467105/45261485/41941.590/03b264c3-0ef5-4c56-822f-9df1e1906c30,0,0,nan,45.717937,45.717937,nan,nan,nan,nan,0.339130,nan,nan,1,0.005985
opdformer_p_rgb_512,4575,467105/45261485/41941.690/03b264c3-0ef5-4c56-822f-9df1e1906c30,0,0,nan,24.854364,24.854364,nan,nan,nan,nan,0.281520,nan,nan,1,0.009278
opdformer_p_rgb_512,4576,467105/45261485/41941.789/03b264c3-0ef5-4c56-822f-9df1e1906c30,0,0,nan,16.198850,16.198850,nan,nan,nan,nan,0.418391,nan,nan,1,0.004388
opdformer_p_rgb_512,4577,467105/45261485/41941.889/03b264c3-0ef5-4c56-822f-9df1e1906c30,0,0,nan,21.543396,21.543396,nan,nan,nan,nan,0.478774,nan,nan,1,0.003347
opdformer_p_rgb_512,4578,467105/45261485/41941.989/03b264c3-0ef5-4c56-822f-9df1e1906c30,0,0,nan,54.231980,54.231980,nan,nan,nan,nan,0.458738,nan,nan,1,0.002391
opdformer_p_rgb_512,4579,467105/45261485/41942.089/03b264c3-0ef5-4c56-822f-9df1e1906c30,0,0,nan,35.410080,35.410080,nan,nan,nan,nan,0.404558,nan,nan,1,0.009198
opdformer_p_rgb_512,4580,467105/45261485/41942.189/03b264c3-0ef5-4c56-822f-9df1e1906c30,0,0,nan,44.115525,44.115525,nan,nan,nan,nan,0.587662,nan,nan,1,0.005565
opdformer_p_rgb_512,4581,467105/45261485/41942.289/03b264c3-0ef5-4c56-822f-9df1e1906c30,0,0,nan,25.679726,25.679726,nan,nan,nan,nan,0.610951,nan,nan,1,0.006243
opdformer_p_rgb_512,4582,467105/45261485/41942.389/03b264c3-0ef5-4c56-822f-9df1e1906c30,0,0,nan,64.386371,64.386371,nan,nan,nan,nan,0.630178,nan,nan,1,0.002379
opdformer_p_rgb_512,4583,467105/45261485/41942.489/03b264c3-0ef5-4c56-822f-9df1e1906c30,0,0,nan,43.908426,43.908426,nan,nan,nan,nan,0.538690,nan,nan,1,0.007303
opdformer_p_rgb_512,4584,467105/45261485/41942.689/03b264c3-0ef5-4c56-822f-9df1e1906c30,0,0,nan,21.424315,21.424315,nan,nan,nan,nan,0.665644,nan,nan,1,0.000641
opdformer_p_rgb_512,4585,467105/45261485/41947.287/3240224f-a7c0-42b7-96f7-aec7d5dd96c5,1,-1,nan,90.000000,90.000000,nan,nan,nan,nan,0.000000,nan,nan,0,nan
opdformer_p_rgb_512,4586,467105/45261485/41947.387/3240224f-a7c0-42b7-96f7-aec7d5dd96c5,1,0,nan,60.709949,60.709949,0.467544,0.533140,nan,nan,0.059432,nan,nan,1,0.012314
opdformer_p_rgb_512,4587,467105/45261485/41947.487/3240224f-a7c0-42b7-96f7-aec7d5dd96c5,1,0,nan,105.370599,74.629401,0.143740,0.629516,nan,nan,0.201220,nan,nan,1,0.012114
opdformer_p_rgb_512,4588,467105/45261485/41947.587/3240224f-a7c0-42b7-96f7-aec7d5dd96c5,1,-1,nan,90.000000,90.000000,nan,nan,nan,nan,0.000000,nan,nan,0,nan
opdformer_p_rgb_512,4589,467105/45261485/41947.687/3240224f-a7c0-42b7-96f7-aec7d5dd96c5,1,-1,nan,90.000000,90.000000,nan,nan,nan,nan,0.000000,nan,nan,0,nan
opdformer_p_rgb_512,4590,467105/45261485/41947.787/3240224f-a7c0-42b7-96f7-aec7d5dd96c5,1,-1,nan,90.000000,90.000000,nan,nan,nan,nan,0.000000,nan,nan,0,nan
opdformer_p_rgb_512,4591,467105/45261485/41947.887/3240224f-a7c0-42b7-96f7-aec7d5dd96c5,1,-1,nan,90.000000,90.000000,nan,nan,nan,nan,0.000000,nan,nan,0,nan
opdformer_p_rgb_512,4592,467105/45261485/41947.987/3240224f-a7c0-42b7-96f7-aec7d5dd96c5,1,-1,nan,90.000000,90.000000,nan,nan,nan,nan,0.000000,nan,nan,0,nan
opdformer_p_rgb_512,4593,467105/45261485/41948.087/3240224f-a7c0-42b7-96f7-aec7d5dd96c5,1,-1,nan,90.000000,90.000000,nan,nan,nan,nan,0.000000,nan,nan,0,nan
opdformer_p_rgb_512,4594,467105/45261485/41948.187/3240224f-a7c0-42b7-96f7-aec7d5dd96c5,1,-1,nan,90.000000,90.000000,nan,nan,nan,nan,0.000000,nan,nan,0,nan
opdformer_p_rgb_512,4595,467105/45261485/41948.287/3240224f-a7c0-42b7-96f7-aec7d5dd96c5,1,-1,nan,90.000000,90.000000,nan,nan,nan,nan,0.000000,nan,nan,0,nan
opdformer_p_rgb_512,4596,467105/45261485/41948.387/3240224f-a7c0-42b7-96f7-aec7d5dd96c5,1,-1,nan,90.000000,90.000000,nan,nan,nan,nan,0.000000,nan,nan,0,nan
opdformer_p_rgb_512,4597,467105/45261485/41948.687/960019c8-0a9a-43fa-97cd-f14e0d1f0d35,1,-1,nan,90.000000,90.000000,nan,nan,nan,nan,0.000000,nan,nan,0,nan
opdformer_p_rgb_512,4598,467105/45261485/41948.787/960019c8-0a9a-43fa-97cd-f14e0d1f0d35,1,-1,nan,90.000000,90.000000,nan,nan,nan,nan,0.000000,nan,nan,0,nan
opdformer_p_rgb_512,4599,467105/45261485/41953.085/54083089-d8dd-44a4-8086-a3b885706ded,0,-1,nan,90.000000,90.000000,nan,nan,nan,nan,0.000000,nan,nan,0,nan
opdformer_p_rgb_512,4600,467105/45261485/41953.185/54083089-d8dd-44a4-8086-a3b885706ded,0,-1,nan,90.000000,90.000000,nan,nan,nan,nan,0.000000,nan,nan,0,nan
opdformer_p_rgb_512,4601,467105/45261485/41953.285/54083089-d8dd-44a4-8086-a3b885706ded,0,-1,nan,90.000000,90.000000,nan,nan,nan,nan,0.000000,nan,nan,0,nan
opdformer_p_rgb_512,4602,467105/45261485/41953.385/54083089-d8dd-44a4-8086-a3b885706ded,0,0,nan,46.183375,46.183375,nan,nan,nan,nan,0.111772,nan,nan,1,0.001056
opdformer_p_rgb_512,4603,467105/45261485/41953.385/ac5ae06a-e3b7-4012-b0ce-1095164ac197,0,-1,nan,90.000000,90.000000,nan,nan,nan,nan,0.000000,nan,nan,0,nan
opdformer_p_rgb_512,4604,467105/45261485/41953.385/e1e8e65e-39a6-4e49-ae31-59cb60ba7b17,0,0,nan,69.709196,69.709196,nan,nan,nan,nan,0.689693,nan,nan,1,0.022387
opdformer_p_rgb_512,4605,467105/45261485/41953.485/54083089-d8dd-44a4-8086-a3b885706ded,0,0,nan,55.722064,55.722064,nan,nan,nan,nan,0.549744,nan,nan,1,0.000550
opdformer_p_rgb_512,4606,467105/45261485/41953.485/ac5ae06a-e3b7-4012-b0ce-1095164ac197,0,-1,nan,90.000000,90.000000,nan,nan,nan,nan,0.000000,nan,nan,0,nan
opdformer_p_rgb_512,4607,467105/45261485/41953.485/e1e8e65e-39a6-4e49-ae31-59cb60ba7b17,0,0,nan,57.103385,57.103385,nan,nan,nan,nan,0.752475,nan,nan,1,0.005243
opdformer_p_rgb_512,4608,467105/45261485/41953.585/54083089-d8dd-44a4-8086-a3b885706ded,0,-1,nan,90.000000,90.000000,nan,nan,nan,nan,0.000000,nan,nan,0,nan
opdformer_p_rgb_512,4609,467105/45261485/41953.585/ac5ae06a-e3b7-4012-b0ce-1095164ac197,0,-1,nan,90.000000,90.000000,nan,nan,nan,nan,0.000000,nan,nan,0,nan
opdformer_p_rgb_512,4610,467105/45261485/41953.585/e1e8e65e-39a6-4e49-ae31-59cb60ba7b17,0,0,nan,101.744647,78.255353,nan,nan,nan,nan,0.121632,nan,nan,1,0.006102
opdformer_p_rgb_512,4611,467105/45261485/41953.685/ac5ae06a-e3b7-4012-b0ce-1095164ac197,0,-1,nan,90.000000,90.000000,nan,nan,nan,nan,0.000000,nan,nan,0,nan
opdformer_p_rgb_512,4612,467105/45261485/41953.685/e1e8e65e-39a6-4e49-ae31-59cb60ba7b17,0,0,nan,100.488133,79.511867,nan,nan,nan,nan,0.205128,nan,nan,1,0.001868
opdformer_p_rgb_512,4613,467105/45261485/41953.785/ac5ae06a-e3b7-4012-b0ce-1095164ac197,0,-1,nan,90.000000,90.000000,nan,nan,nan,nan,0.000000,nan,nan,0,nan
opdformer_p_rgb_512,4614,467105/45261485/41953.785/e1e8e65e-39a6-4e49-ae31-59cb60ba7b17,0,0,nan,104.815518,75.184482,nan,nan,nan,nan,0.318828,nan,nan,1,0.006623
opdformer_p_rgb_512,4615,467105/45261485/41953.885/ac5ae06a-e3b7-4012-b0ce-1095164ac197,0,0,nan,31.819447,31.819447,nan,nan,nan,nan,0.015852,nan,nan,1,0.005542
opdformer_p_rgb_512,4616,467105/45261485/41953.885/e1e8e65e-39a6-4e49-ae31-59cb60ba7b17,0,0,nan,103.764099,76.235901,nan,nan,nan,nan,0.149733,nan,nan,1,0.002910
opdformer_p_rgb_512,4617,467105/45261485/41953.985/e1e8e65e-39a6-4e49-ae31-59cb60ba7b17,0,0,nan,100.900516,79.099484,nan,nan,nan,nan,0.208742,nan,nan,1,0.001366
opdformer_p_rgb_512,4618,467105/45261485/41954.085/e1e8e65e-39a6-4e49-ae31-59cb60ba7b17,0,0,nan,103.775171,76.224829,nan,nan,nan,nan,0.251543,nan,nan,1,0.002317
opdformer_p_rgb_512,4619,467105/45261485/41954.185/ac5ae06a-e3b7-4012-b0ce-1095164ac197,0,-1,nan,90.000000,90.000000,nan,nan,nan,nan,0.000000,nan,nan,0,nan
opdformer_p_rgb_512,4620,467105/45261485/41954.185/e1e8e65e-39a6-4e49-ae31-59cb60ba7b17,0,0,nan,88.258288,88.258288,nan,nan,nan,nan,0.159785,nan,nan,1,0.010256
opdformer_p_rgb_512,4621,467105/45261486/41800.079/3240224f-a7c0-42b7-96f7-aec7d5dd96c5,1,-1,nan,90.000000,90.000000,nan,nan,nan,nan,0.000000,nan,nan,0,nan
opdformer_p_rgb_512,4622,467105/45261486/41800.179/3240224f-a7c0-42b7-96f7-aec7d5dd96c5,1,-1,nan,90.000000,90.000000,nan,nan,nan,nan,0.000000,nan,nan,0,nan
opdformer_p_rgb_512,4623,467105/45261486/41800.279/3240224f-a7c0-42b7-96f7-aec7d5dd96c5,1,-1,nan,90.000000,90.000000,nan,nan,nan,nan,0.000000,nan,nan,0,nan
opdformer_p_rgb_512,4624,467105/45261486/41800.379/3240224f-a7c0-42b7-96f7-aec7d5dd96c5,1,-1,nan,90.000000,90.000000,nan,nan,nan,nan,0.000000,nan,nan,0,nan
opdformer_p_rgb_512,4625,467105/45261486/41800.479/3240224f-a7c0-42b7-96f7-aec7d5dd96c5,1,-1,nan,90.000000,90.000000,nan,nan,nan,nan,0.000000,nan,nan,0,nan
opdformer_p_rgb_512,4626,467105/45261486/41800.579/3240224f-a7c0-42b7-96f7-aec7d5dd96c5,1,-1,nan,90.000000,90.000000,nan,nan,nan,nan,0.000000,nan,nan,0,nan
opdformer_p_rgb_512,4627,467105/45261486/41800.679/3240224f-a7c0-42b7-96f7-aec7d5dd96c5,1,1,nan,38.882580,38.882580,0.297069,0.297116,nan,nan,0.007474,nan,nan,1,0.009570
opdformer_p_rgb_512,4628,467105/45261486/41801.278/960019c8-0a9a-43fa-97cd-f14e0d1f0d35,1,-1,nan,90.000000,90.000000,nan,nan,nan,nan,0.000000,nan,nan,0,nan
opdformer_p_rgb_512,4629,467105/45261486/41801.378/960019c8-0a9a-43fa-97cd-f14e0d1f0d35,1,-1,nan,90.000000,90.000000,nan,nan,nan,nan,0.000000,nan,nan,0,nan
opdformer_p_rgb_512,4630,467105/45261486/41801.478/960019c8-0a9a-43fa-97cd-f14e0d1f0d35,1,-1,nan,90.000000,90.000000,nan,nan,nan,nan,0.000000,nan,nan,0,nan
opdformer_p_rgb_512,4631,467105/45261486/41801.578/960019c8-0a9a-43fa-97cd-f14e0d1f0d35,1,-1,nan,90.000000,90.000000,nan,nan,nan,nan,0.000000,nan,nan,0,nan
opdformer_p_rgb_512,4632,467105/45261486/41801.678/960019c8-0a9a-43fa-97cd-f14e0d1f0d35,1,-1,nan,90.000000,90.000000,nan,nan,nan,nan,0.000000,nan,nan,0,nan
opdformer_p_rgb_512,4633,467105/45261486/41801.778/960019c8-0a9a-43fa-97cd-f14e0d1f0d35,1,-1,nan,90.000000,90.000000,nan,nan,nan,nan,0.000000,nan,nan,0,nan
opdformer_p_rgb_512,4634,467105/45261486/41801.878/960019c8-0a9a-43fa-97cd-f14e0d1f0d35,1,-1,nan,90.000000,90.000000,nan,nan,nan,nan,0.000000,nan,nan,0,nan
opdformer_p_rgb_512,4635,467105/45261486/41805.277/c3d1e5de-63d2-427d-aac6-3271a7d12646,0,0,nan,57.240135,57.240135,nan,nan,nan,nan,0.503319,nan,nan,1,0.004591
opdformer_p_rgb_512,4636,467105/45261486/41805.377/c3d1e5de-63d2-427d-aac6-3271a7d12646,0,0,nan,78.300181,78.300181,nan,nan,nan,nan,0.472709,nan,nan,1,0.000738
opdformer_p_rgb_512,4637,467105/45261486/41805.477/c3d1e5de-63d2-427d-aac6-3271a7d12646,0,0,nan,64.424838,64.424838,nan,nan,nan,nan,0.400749,nan,nan,1,0.000612
opdformer_p_rgb_512,4638,467105/45261486/41805.577/c3d1e5de-63d2-427d-aac6-3271a7d12646,0,0,nan,75.206041,75.206041,nan,nan,nan,nan,0.444542,nan,nan,1,0.000262
opdformer_p_rgb_512,4639,467105/45261486/41805.677/c3d1e5de-63d2-427d-aac6-3271a7d12646,0,0,nan,33.779142,33.779142,nan,nan,nan,nan,0.423178,nan,nan,1,0.000889
opdformer_p_rgb_512,4640,467105/45261486/41805.777/c3d1e5de-63d2-427d-aac6-3271a7d12646,0,0,nan,11.415753,11.415753,nan,nan,nan,nan,0.262190,nan,nan,1,0.000411
opdformer_p_rgb_512,4641,467105/45261486/41805.877/c3d1e5de-63d2-427d-aac6-3271a7d12646,0,0,nan,37.939841,37.939841,nan,nan,nan,nan,0.462356,nan,nan,1,0.002241
opdformer_p_rgb_512,4642,467105/45261486/41805.977/c3d1e5de-63d2-427d-aac6-3271a7d12646,0,0,nan,54.997966,54.997966,nan,nan,nan,nan,0.491756,nan,nan,1,0.003829
opdformer_p_rgb_512,4643,467105/45261486/41806.076/c3d1e5de-63d2-427d-aac6-3271a7d12646,0,0,nan,53.596918,53.596918,nan,nan,nan,nan,0.502498,nan,nan,1,0.004403
opdformer_p_rgb_512,4644,467105/45261486/41806.176/c3d1e5de-63d2-427d-aac6-3271a7d12646,0,0,nan,44.699928,44.699928,nan,nan,nan,nan,0.369427,nan,nan,1,0.000822
opdformer_p_rgb_512,4645,467105/45261486/41806.276/c3d1e5de-63d2-427d-aac6-3271a7d12646,0,0,nan,48.194902,48.194902,nan,nan,nan,nan,0.460017,nan,nan,1,0.004903
opdformer_p_rgb_512,4646,467105/45261486/41806.376/c3d1e5de-63d2-427d-aac6-3271a7d12646,0,0,nan,36.924311,36.924311,nan,nan,nan,nan,0.450744,nan,nan,1,0.000224
opdformer_p_rgb_512,4647,467105/45261486/41806.476/c3d1e5de-63d2-427d-aac6-3271a7d12646,0,0,nan,28.785699,28.785699,nan,nan,nan,nan,0.329539,nan,nan,1,0.000325
opdformer_p_rgb_512,4648,467105/45261486/41806.576/c3d1e5de-63d2-427d-aac6-3271a7d12646,0,0,nan,24.940116,24.940116,nan,nan,nan,nan,0.289600,nan,nan,1,0.012444
opdformer_p_rgb_512,4649,467105/45261486/41806.676/c3d1e5de-63d2-427d-aac6-3271a7d12646,0,0,nan,42.873976,42.873976,nan,nan,nan,nan,0.390523,nan,nan,1,0.001846
opdformer_p_rgb_512,4650,467105/45261486/41806.776/c3d1e5de-63d2-427d-aac6-3271a7d12646,0,0,nan,31.176498,31.176498,nan,nan,nan,nan,0.397527,nan,nan,1,0.001474
opdformer_p_rgb_512,4651,467105/45261486/41806.876/c3d1e5de-63d2-427d-aac6-3271a7d12646,0,0,nan,67.215011,67.215011,nan,nan,nan,nan,0.349684,nan,nan,1,0.001235
opdformer_p_rgb_512,4652,467105/45261486/41807.976/e1e8e65e-39a6-4e49-ae31-59cb60ba7b17,0,0,nan,35.192272,35.192272,nan,nan,nan,nan,0.336283,nan,nan,1,0.002706
opdformer_p_rgb_512,4653,467105/45261486/41808.076/e1e8e65e-39a6-4e49-ae31-59cb60ba7b17,0,0,nan,24.270532,24.270532,nan,nan,nan,nan,0.261380,nan,nan,1,0.002749
opdformer_p_rgb_512,4654,467105/45261486/41808.176/e1e8e65e-39a6-4e49-ae31-59cb60ba7b17,0,0,nan,32.536974,32.536974,nan,nan,nan,nan,0.406646,nan,nan,1,0.003072
opdformer_p_rgb_512,4655,467105/45261486/41808.276/e1e8e65e-39a6-4e49-ae31-59cb60ba7b17,0,0,nan,92.553151,87.446849,nan,nan,nan,nan,0.139690,nan,nan,1,0.001159
opdformer_p_rgb_512,4656,467105/45261486/41808.376/e1e8e65e-39a6-4e49-ae31-59cb60ba7b17,0,0,nan,71.146807,71.146807,nan,nan,nan,nan,0.019074,nan,nan,1,0.005365
opdformer_p_rgb_512,4657,467105/45261486/41808.476/e1e8e65e-39a6-4e49-ae31-59cb60ba7b17,0,-1,nan,90.000000,90.000000,nan,nan,nan,nan,0.000000,nan,nan,0,nan
opdformer_p_rgb_512,4658,467105/45261486/41808.575/e1e8e65e-39a6-4e49-ae31-59cb60ba7b17,0,-1,nan,90.000000,90.000000,nan,nan,nan,nan,0.000000,nan,nan,0,nan
opdformer_p_rgb_512,4659,467105/45261486/41808.675/e1e8e65e-39a6-4e49-ae31-59cb60ba7b17,0,0,nan,96.363598,83.636402,nan,nan,nan,nan,0.124438,nan,nan,1,0.007731
opdformer_p_rgb_512,4660,467105/45261486/41808.775/e1e8e65e-39a6-4e49-ae31-59cb60ba7b17,0,-1,nan,90.000000,90.000000,nan,nan,nan,nan,0.000000,nan,nan,0,nan
opdformer_p_rgb_512,4661,467105/45261486/41808.875/e1e8e65e-39a6-4e49-ae31-59cb60ba7b17,0,-1,nan,90.000000,90.000000,nan,nan,nan,nan,0.000000,nan,nan,0,nan
opdformer_p_rgb_512,4662,467105/45261486/41808.975/e1e8e65e-39a6-4e49-ae31-59cb60ba7b17,0,-1,nan,90.000000,90.000000,nan,nan,nan,nan,0.000000,nan,nan,0,nan
opdformer_p_rgb_512,4663,467105/45261486/41809.075/e1e8e65e-39a6-4e49-ae31-59cb60ba7b17,0,-1,nan,90.000000,90.000000,nan,nan,nan,nan,0.000000,nan,nan,0,nan
opdformer_p_rgb_512,4664,467105/45261486/41809.175/e1e8e65e-39a6-4e49-ae31-59cb60ba7b17,0,0,nan,74.611129,74.611129,nan,nan,nan,nan,0.210106,nan,nan,1,0.001350
opdformer_p_rgb_512,4665,467105/45261486/41809.275/e1e8e65e-39a6-4e49-ae31-59cb60ba7b17,0,-1,nan,90.000000,90.000000,nan,nan,nan,nan,0.000000,nan,nan,0,nan
opdformer_p_rgb_512,4666,467105/45261486/41809.375/e1e8e65e-39a6-4e49-ae31-59cb60ba7b17,0,-1,nan,90.000000,90.000000,nan,nan,nan,nan,0.000000,nan,nan,0,nan
opdformer_p_rgb_512,4667,467105/45261486/41809.475/e1e8e65e-39a6-4e49-ae31-59cb60ba7b17,0,-1,nan,90.000000,90.000000,nan,nan,nan,nan,0.000000,nan,nan,0,nan
opdformer_p_rgb_512,4668,467105/45261486/41809.575/e1e8e65e-39a6-4e49-ae31-59cb60ba7b17,0,-1,nan,90.000000,90.000000,nan,nan,nan,nan,0.000000,nan,nan,0,nan
opdformer_p_rgb_512,4669,467105/45261486/41809.675/e1e8e65e-39a6-4e49-ae31-59cb60ba7b17,0,-1,nan,90.000000,90.000000,nan,nan,nan,nan,0.000000,nan,nan,0,nan
opdformer_p_rgb_512,4670,467105/45261486/41809.775/e1e8e65e-39a6-4e49-ae31-59cb60ba7b17,0,-1,nan,90.000000,90.000000,nan,nan,nan,nan,0.000000,nan,nan,0,nan
opdformer_p_rgb_512,4671,467105/45261486/41809.875/e1e8e65e-39a6-4e49-ae31-59cb60ba7b17,0,-1,nan,90.000000,90.000000,nan,nan,nan,nan,0.000000,nan,nan,0,nan
opdformer_p_rgb_512,4672,467105/45261486/41809.975/e1e8e65e-39a6-4e49-ae31-59cb60ba7b17,0,-1,nan,90.000000,90.000000,nan,nan,nan,nan,0.000000,nan,nan,0,nan
opdformer_p_rgb_512,4673,467105/45261486/41810.075/e1e8e65e-39a6-4e49-ae31-59cb60ba7b17,0,-1,nan,90.000000,90.000000,nan,nan,nan,nan,0.000000,nan,nan,0,nan
opdformer_p_rgb_512,4674,467105/45261486/41810.175/e1e8e65e-39a6-4e49-ae31-59cb60ba7b17,0,-1,nan,90.000000,90.000000,nan,nan,nan,nan,0.000000,nan,nan,0,nan
opdformer_p_rgb_512,4675,467105/45261486/41810.275/e1e8e65e-39a6-4e49-ae31-59cb60ba7b17,0,-1,nan,90.000000,90.000000,nan,nan,nan,nan,0.000000,nan,nan,0,nan
opdformer_p_rgb_512,4676,467105/45261486/41810.375/e1e8e65e-39a6-4e49-ae31-59cb60ba7b17,0,-1,nan,90.000000,90.000000,nan,nan,nan,nan,0.000000,nan,nan,0,nan
opdformer_p_rgb_512,4677,467105/45261486/41810.475/e1e8e65e-39a6-4e49-ae31-59cb60ba7b17,0,0,nan,71.923387,71.923387,nan,nan,nan,nan,0.032626,nan,nan,1,0.000788
opdformer_p_rgb_512,4678,467105/45261486/41810.575/e1e8e65e-39a6-4e49-ae31-59cb60ba7b17,0,0,nan,84.705280,84.705280,nan,nan,nan,nan,0.029718,nan,nan,1,0.001432
opdformer_p_rgb_512,4679,467105/45261486/41810.675/e1e8e65e-39a6-4e49-ae31-59cb60ba7b17,0,0,nan,101.954419,78.045581,nan,nan,nan,nan,0.004918,nan,nan,1,0.002507
opdformer_p_rgb_512,4680,467105/45261486/41810.775/e1e8e65e-39a6-4e49-ae31-59cb60ba7b17,0,-1,nan,90.000000,90.000000,nan,nan,nan,nan,0.000000,nan,nan,0,nan
opdformer_p_rgb_512,4681,467105/45261486/41810.875/e1e8e65e-39a6-4e49-ae31-59cb60ba7b17,0,-1,nan,90.000000,90.000000,nan,nan,nan,nan,0.000000,nan,nan,0,nan
opdformer_p_rgb_512,4682,467105/45261486/41810.975/e1e8e65e-39a6-4e49-ae31-59cb60ba7b17,0,-1,nan,90.000000,90.000000,nan,nan,nan,nan,0.000000,nan,nan,0,nan
opdformer_p_rgb_512,4683,467105/45261486/41811.074/e1e8e65e-39a6-4e49-ae31-59cb60ba7b17,0,-1,nan,90.000000,90.000000,nan,nan,nan,nan,0.000000,nan,nan,0,nan
opdformer_p_rgb_512,4684,467105/45261486/41811.174/e1e8e65e-39a6-4e49-ae31-59cb60ba7b17,0,-1,nan,90.000000,90.000000,nan,nan,nan,nan,0.000000,nan,nan,0,nan
opdformer_p_rgb_512,4685,467105/45261486/41811.274/e1e8e65e-39a6-4e49-ae31-59cb60ba7b17,0,-1,nan,90.000000,90.000000,nan,nan,nan,nan,0.000000,nan,nan,0,nan
opdformer_p_rgb_512,4686,467105/45261486/41811.374/e1e8e65e-39a6-4e49-ae31-59cb60ba7b17,0,0,nan,143.140212,36.859788,nan,nan,nan,nan,0.003221,nan,nan,1,0.003422
opdformer_p_rgb_512,4687,467105/45261486/41811.474/e1e8e65e-39a6-4e49-ae31-59cb60ba7b17,0,0,nan,88.566978,88.566978,nan,nan,nan,nan,0.197892,nan,nan,1,0.021387
opdformer_p_rgb_512,4688,467105/45261486/41811.574/e1e8e65e-39a6-4e49-ae31-59cb60ba7b17,0,0,nan,45.731413,45.731413,nan,nan,nan,nan,0.307940,nan,nan,1,0.013483
opdformer_p_rgb_512,4689,467105/45261486/41818.888/e1e8e65e-39a6-4e49-ae31-59cb60ba7b17,0,0,nan,92.778619,87.221381,nan,nan,nan,nan,0.394095,nan,nan,1,0.000687
opdformer_p_rgb_512,4690,467105/45261486/41818.988/e1e8e65e-39a6-4e49-ae31-59cb60ba7b17,0,0,nan,92.043515,87.956485,nan,nan,nan,nan,0.445368,nan,nan,1,0.000479
opdformer_p_rgb_512,4691,467105/45261486/41819.088/e1e8e65e-39a6-4e49-ae31-59cb60ba7b17,0,0,nan,53.737336,53.737336,nan,nan,nan,nan,0.213904,nan,nan,1,0.000435
opdformer_p_rgb_512,4692,467105/45261486/41819.188/e1e8e65e-39a6-4e49-ae31-59cb60ba7b17,0,0,nan,91.109675,88.890325,nan,nan,nan,nan,0.173252,nan,nan,1,0.001658
opdformer_p_rgb_512,4693,467105/45261486/41819.288/e1e8e65e-39a6-4e49-ae31-59cb60ba7b17,0,-1,nan,90.000000,90.000000,nan,nan,nan,nan,0.000000,nan,nan,0,nan
opdformer_p_rgb_512,4694,467105/45261486/41819.388/54083089-d8dd-44a4-8086-a3b885706ded,0,-1,nan,90.000000,90.000000,nan,nan,nan,nan,0.000000,nan,nan,0,nan
opdformer_p_rgb_512,4695,467105/45261486/41819.388/e1e8e65e-39a6-4e49-ae31-59cb60ba7b17,0,0,nan,99.294772,80.705228,nan,nan,nan,nan,0.049286,nan,nan,1,0.001849
opdformer_p_rgb_512,4696,467105/45261486/41819.488/54083089-d8dd-44a4-8086-a3b885706ded,0,-1,nan,90.000000,90.000000,nan,nan,nan,nan,0.000000,nan,nan,0,nan
opdformer_p_rgb_512,4697,467105/45261486/41819.488/e1e8e65e-39a6-4e49-ae31-59cb60ba7b17,0,0,nan,93.395217,86.604783,nan,nan,nan,nan,0.124829,nan,nan,1,0.000684
opdformer_p_rgb_512,4698,467105/45261486/41819.588/54083089-d8dd-44a4-8086-a3b885706ded,0,0,nan,22.013071,22.013071,nan,nan,nan,nan,0.296417,nan,nan,1,0.002734
opdformer_p_rgb_512,4699,467105/45261486/41819.588/e1e8e65e-39a6-4e49-ae31-59cb60ba7b17,0,0,nan,89.363869,89.363869,nan,nan,nan,nan,0.061574,nan,nan,1,0.002551
opdformer_p_rgb_512,4700,467105/45261486/41819.688/54083089-d8dd-44a4-8086-a3b885706ded,0,0,nan,19.756721,19.756721,nan,nan,nan,nan,0.224490,nan,nan,1,0.002622
opdformer_p_rgb_512,4701,467105/45261486/41819.688/e1e8e65e-39a6-4e49-ae31-59cb60ba7b17,0,0,nan,71.848932,71.848932,nan,nan,nan,nan,0.062749,nan,nan,1,0.001731
opdformer_p_rgb_512,4702,467105/45261486/41819.788/54083089-d8dd-44a4-8086-a3b885706ded,0,-1,nan,90.000000,90.000000,nan,nan,nan,nan,0.000000,nan,nan,0,nan
opdformer_p_rgb_512,4703,467105/45261486/41819.788/e1e8e65e-39a6-4e49-ae31-59cb60ba7b17,0,0,nan,112.548802,67.451198,nan,nan,nan,nan,0.017189,nan,nan,1,0.002269
opdformer_p_rgb_512,4704,467105/45261486/41819.888/54083089-d8dd-44a4-8086-a3b885706ded,0,-1,nan,90.000000,90.000000,nan,nan,nan,nan,0.000000,nan,nan,0,nan
opdformer_p_rgb_512,4705,467105/45261486/41819.888/e1e8e65e-39a6-4e49-ae31-59cb60ba7b17,0,-1,nan,90.000000,90.000000,nan,nan,nan,nan,0.000000,nan,nan,0,nan
opdformer_p_rgb_512,4706,467105/45261486/41819.988/54083089-d8dd-44a4-8086-a3b885706ded,0,0,nan,31.365569,31.365569,nan,nan,nan,nan,0.006431,nan,nan,1,0.000580
opdformer_p_rgb_512,4707,467105/45261486/41819.988/e1e8e65e-39a6-4e49-ae31-59cb60ba7b17,0,0,nan,98.111551,81.888449,nan,nan,nan,nan,0.195730,nan,nan,1,0.001284
opdformer_p_rgb_512,4708,467105/45261486/41820.088/54083089-d8dd-44a4-8086-a3b885706ded,0,-1,nan,90.000000,90.000000,nan,nan,nan,nan,0.000000,nan,nan,0,nan
opdformer_p_rgb_512,4709,467105/45261486/41820.088/e1e8e65e-39a6-4e49-ae31-59cb60ba7b17,0,0,nan,106.972793,73.027207,nan,nan,nan,nan,0.322011,nan,nan,1,0.001921
opdformer_p_rgb_512,4710,467105/45261486/41820.188/54083089-d8dd-44a4-8086-a3b885706ded,0,-1,nan,90.000000,90.000000,nan,nan,nan,nan,0.000000,nan,nan,0,nan
opdformer_p_rgb_512,4711,467105/45261486/41820.188/e1e8e65e-39a6-4e49-ae31-59cb60ba7b17,0,0,nan,108.828928,71.171072,nan,nan,nan,nan,0.114169,nan,nan,1,0.006627
opdformer_p_rgb_512,4712,467105/45261486/41820.288/54083089-d8dd-44a4-8086-a3b885706ded,0,-1,nan,90.000000,90.000000,nan,nan,nan,nan,0.000000,nan,nan,0,nan
opdformer_p_rgb_512,4713,467105/45261486/41820.288/e1e8e65e-39a6-4e49-ae31-59cb60ba7b17,0,0,nan,100.487037,79.512963,nan,nan,nan,nan,0.020122,nan,nan,1,0.024932
opdformer_p_rgb_512,4714,467105/45261486/41820.387/54083089-d8dd-44a4-8086-a3b885706ded,0,-1,nan,90.000000,90.000000,nan,nan,nan,nan,0.000000,nan,nan,0,nan
opdformer_p_rgb_512,4715,467105/45261486/41820.487/54083089-d8dd-44a4-8086-a3b885706ded,0,-1,nan,90.000000,90.000000,nan,nan,nan,nan,0.000000,nan,nan,0,nan
opdformer_p_rgb_512,4716,467105/45261486/41820.587/54083089-d8dd-44a4-8086-a3b885706ded,0,0,nan,68.795452,68.795452,nan,nan,nan,nan,0.186501,nan,nan,1,0.004396
opdformer_p_rgb_512,4717,467105/45261486/41826.385/3240224f-a7c0-42b7-96f7-aec7d5dd96c5,1,-1,nan,90.000000,90.000000,nan,nan,nan,nan,0.000000,nan,nan,0,nan
opdformer_p_rgb_512,4718,467105/45261486/41826.485/3240224f-a7c0-42b7-96f7-aec7d5dd96c5,1,-1,nan,90.000000,90.000000,nan,nan,nan,nan,0.000000,nan,nan,0,nan
opdformer_p_rgb_512,4719,467105/45261486/41826.585/3240224f-a7c0-42b7-96f7-aec7d5dd96c5,1,-1,nan,90.000000,90.000000,nan,nan,nan,nan,0.000000,nan,nan,0,nan
opdformer_p_rgb_512,4720,467105/45261486/41826.685/3240224f-a7c0-42b7-96f7-aec7d5dd96c5,1,-1,nan,90.000000,90.000000,nan,nan,nan,nan,0.000000,nan,nan,0,nan
opdformer_p_rgb_512,4721,467105/45261486/41826.785/3240224f-a7c0-42b7-96f7-aec7d5dd96c5,1,-1,nan,90.000000,90.000000,nan,nan,nan,nan,0.000000,nan,nan,0,nan
opdformer_p_rgb_512,4722,467105/45261486/41826.885/3240224f-a7c0-42b7-96f7-aec7d5dd96c5,1,-1,nan,90.000000,90.000000,nan,nan,nan,nan,0.000000,nan,nan,0,nan
opdformer_p_rgb_512,4723,467105/45261486/41826.985/3240224f-a7c0-42b7-96f7-aec7d5dd96c5,1,-1,nan,90.000000,90.000000,nan,nan,nan,nan,0.000000,nan,nan,0,nan
opdformer_p_rgb_512,4724,467105/45261486/41827.085/3240224f-a7c0-42b7-96f7-aec7d5dd96c5,1,-1,nan,90.000000,90.000000,nan,nan,nan,nan,0.000000,nan,nan,0,nan
opdformer_p_rgb_512,4725,467105/45261486/41827.185/3240224f-a7c0-42b7-96f7-aec7d5dd96c5,1,-1,nan,90.000000,90.000000,nan,nan,nan,nan,0.000000,nan,nan,0,nan
opdformer_p_rgb_512,4726,467105/45261486/41827.285/3240224f-a7c0-42b7-96f7-aec7d5dd96c5,1,-1,nan,90.000000,90.000000,nan,nan,nan,nan,0.000000,nan,nan,0,nan
opdformer_p_rgb_512,4727,467105/45261486/41827.385/3240224f-a7c0-42b7-96f7-aec7d5dd96c5,1,-1,nan,90.000000,90.000000,nan,nan,nan,nan,0.000000,nan,nan,0,nan
opdformer_p_rgb_512,4728,467105/45261486/41827.485/3240224f-a7c0-42b7-96f7-aec7d5dd96c5,1,-1,nan,90.000000,90.000000,nan,nan,nan,nan,0.000000,nan,nan,0,nan
opdformer_p_rgb_512,4729,467105/45261486/41827.585/3240224f-a7c0-42b7-96f7-aec7d5dd96c5,1,-1,nan,90.000000,90.000000,nan,nan,nan,nan,0.000000,nan,nan,0,nan
opdformer_p_rgb_512,4730,467105/45261486/41827.685/3240224f-a7c0-42b7-96f7-aec7d5dd96c5,1,-1,nan,90.000000,90.000000,nan,nan,nan,nan,0.000000,nan,nan,0,nan
opdformer_p_rgb_512,4731,467105/45261486/41827.785/3240224f-a7c0-42b7-96f7-aec7d5dd96c5,1,-1,nan,90.000000,90.000000,nan,nan,nan,nan,0.000000,nan,nan,0,nan
opdformer_p_rgb_512,4732,467105/45261486/41827.885/3240224f-a7c0-42b7-96f7-aec7d5dd96c5,1,-1,nan,90.000000,90.000000,nan,nan,nan,nan,0.000000,nan,nan,0,nan
opdformer_p_rgb_512,4733,467105/45261486/41827.984/3240224f-a7c0-42b7-96f7-aec7d5dd96c5,1,-1,nan,90.000000,90.000000,nan,nan,nan,nan,0.000000,nan,nan,0,nan
opdformer_p_rgb_512,4734,467105/45261486/41828.084/3240224f-a7c0-42b7-96f7-aec7d5dd96c5,1,-1,nan,90.000000,90.000000,nan,nan,nan,nan,0.000000,nan,nan,0,nan
opdformer_p_rgb_512,4735,467105/45261486/41828.184/3240224f-a7c0-42b7-96f7-aec7d5dd96c5,1,1,nan,131.709728,48.290272,0.980857,0.987905,nan,nan,0.141573,nan,nan,1,0.003999
opdformer_p_rgb_512,4736,467105/45261486/41828.284/3240224f-a7c0-42b7-96f7-aec7d5dd96c5,1,-1,nan,90.000000,90.000000,nan,nan,nan,nan,0.000000,nan,nan,0,nan
opdformer_p_rgb_512,4737,467105/45261486/41832.183/54083089-d8dd-44a4-8086-a3b885706ded,0,-1,nan,90.000000,90.000000,nan,nan,nan,nan,0.000000,nan,nan,0,nan
opdformer_p_rgb_512,4738,467105/45261486/41832.283/54083089-d8dd-44a4-8086-a3b885706ded,0,-1,nan,90.000000,90.000000,nan,nan,nan,nan,0.000000,nan,nan,0,nan
opdformer_p_rgb_512,4739,467105/45261486/41832.383/54083089-d8dd-44a4-8086-a3b885706ded,0,-1,nan,90.000000,90.000000,nan,nan,nan,nan,0.000000,nan,nan,0,nan
opdformer_p_rgb_512,4740,467105/45261486/41832.483/54083089-d8dd-44a4-8086-a3b885706ded,0,-1,nan,90.000000,90.000000,nan,nan,nan,nan,0.000000,nan,nan,0,nan
opdformer_p_rgb_512,4741,467105/45261486/41832.583/54083089-d8dd-44a4-8086-a3b885706ded,0,-1,nan,90.000000,90.000000,nan,nan,nan,nan,0.000000,nan,nan,0,nan
opdformer_p_rgb_512,4742,467105/45261486/41832.683/54083089-d8dd-44a4-8086-a3b885706ded,0,-1,nan,90.000000,90.000000,nan,nan,nan,nan,0.000000,nan,nan,0,nan
opdformer_p_rgb_512,4743,467105/45261486/41832.683/e1e8e65e-39a6-4e49-ae31-59cb60ba7b17,0,0,nan,96.192272,83.807728,nan,nan,nan,nan,0.599643,nan,nan,1,0.001002
opdformer_p_rgb_512,4744,467105/45261486/41832.783/54083089-d8dd-44a4-8086-a3b885706ded,0,-1,nan,90.000000,90.000000,nan,nan,nan,nan,0.000000,nan,nan,0,nan
opdformer_p_rgb_512,4745,467105/45261486/41832.783/e1e8e65e-39a6-4e49-ae31-59cb60ba7b17,0,0,nan,94.296248,85.703752,nan,nan,nan,nan,0.739049,nan,nan,1,0.000271
opdformer_p_rgb_512,4746,467105/45261486/41832.883/54083089-d8dd-44a4-8086-a3b885706ded,0,-1,nan,90.000000,90.000000,nan,nan,nan,nan,0.000000,nan,nan,0,nan
opdformer_p_rgb_512,4747,467105/45261486/41832.883/e1e8e65e-39a6-4e49-ae31-59cb60ba7b17,0,0,nan,111.264985,68.735015,nan,nan,nan,nan,0.703340,nan,nan,1,0.000752
opdformer_p_rgb_512,4748,467105/45261486/41832.982/54083089-d8dd-44a4-8086-a3b885706ded,0,-1,nan,90.000000,90.000000,nan,nan,nan,nan,0.000000,nan,nan,0,nan
opdformer_p_rgb_512,4749,467105/45261486/41832.982/e1e8e65e-39a6-4e49-ae31-59cb60ba7b17,0,0,nan,104.085109,75.914891,nan,nan,nan,nan,0.076667,nan,nan,1,0.000540
opdformer_p_rgb_512,4750,467105/45261486/41833.082/54083089-d8dd-44a4-8086-a3b885706ded,0,-1,nan,90.000000,90.000000,nan,nan,nan,nan,0.000000,nan,nan,0,nan
opdformer_p_rgb_512,4751,467105/45261486/41833.082/e1e8e65e-39a6-4e49-ae31-59cb60ba7b17,0,-1,nan,90.000000,90.000000,nan,nan,nan,nan,0.000000,nan,nan,0,nan
opdformer_p_rgb_512,4752,467105/45261486/41833.182/54083089-d8dd-44a4-8086-a3b885706ded,0,-1,nan,90.000000,90.000000,nan,nan,nan,nan,0.000000,nan,nan,0,nan
opdformer_p_rgb_512,4753,467105/45261486/41833.182/ac5ae06a-e3b7-4012-b0ce-1095164ac197,0,-1,nan,90.000000,90.000000,nan,nan,nan,nan,0.000000,nan,nan,0,nan
opdformer_p_rgb_512,4754,467105/45261486/41833.182/e1e8e65e-39a6-4e49-ae31-59cb60ba7b17,0,-1,nan,90.000000,90.000000,nan,nan,nan,nan,0.000000,nan,nan,0,nan
opdformer_p_rgb_512,4755,467105/45261486/41833.282/ac5ae06a-e3b7-4012-b0ce-1095164ac197,0,-1,nan,90.000000,90.000000,nan,nan,nan,nan,0.000000,nan,nan,0,nan
opdformer_p_rgb_512,4756,467105/45261486/41833.282/e1e8e65e-39a6-4e49-ae31-59cb60ba7b17,0,0,nan,102.241761,77.758239,nan,nan,nan,nan,0.236458,nan,nan,1,0.000819
opdformer_p_rgb_512,4757,467105/45261486/41833.382/ac5ae06a-e3b7-4012-b0ce-1095164ac197,0,-1,nan,90.000000,90.000000,nan,nan,nan,nan,0.000000,nan,nan,0,nan
opdformer_p_rgb_512,4758,467105/45261486/41833.382/e1e8e65e-39a6-4e49-ae31-59cb60ba7b17,0,-1,nan,90.000000,90.000000,nan,nan,nan,nan,0.000000,nan,nan,0,nan
opdformer_p_rgb_512,4759,467105/45261486/41833.482/e1e8e65e-39a6-4e49-ae31-59cb60ba7b17,0,0,nan,81.384328,81.384328,nan,nan,nan,nan,0.207223,nan,nan,1,0.000418
opdformer_p_rgb_512,4760,467105/45261486/41833.582/ac5ae06a-e3b7-4012-b0ce-1095164ac197,0,-1,nan,90.000000,90.000000,nan,nan,nan,nan,0.000000,nan,nan,0,nan
opdformer_p_rgb_512,4761,467105/45261486/41833.582/e1e8e65e-39a6-4e49-ae31-59cb60ba7b17,0,0,nan,86.026299,86.026299,nan,nan,nan,nan,0.687753,nan,nan,1,0.003190
opdformer_p_rgb_512,4762,467105/45261486/41835.981/38fa8482-ff7c-4d7b-8178-5544f8b95293,0,0,nan,122.550036,57.449964,nan,nan,nan,nan,0.574468,nan,nan,1,0.000172
opdformer_p_rgb_512,4763,467105/45261490/41849.776/03b264c3-0ef5-4c56-822f-9df1e1906c30,0,0,nan,72.631294,72.631294,nan,nan,nan,nan,0.329049,nan,nan,1,0.002122
opdformer_p_rgb_512,4764,467105/45261490/41849.876/03b264c3-0ef5-4c56-822f-9df1e1906c30,0,0,nan,41.438455,41.438455,nan,nan,nan,nan,0.336000,nan,nan,1,0.001535
opdformer_p_rgb_512,4765,467105/45261490/41853.874/ac5ae06a-e3b7-4012-b0ce-1095164ac197,0,-1,nan,90.000000,90.000000,nan,nan,nan,nan,0.000000,nan,nan,0,nan
opdformer_p_rgb_512,4766,467105/45261490/41853.974/ac5ae06a-e3b7-4012-b0ce-1095164ac197,0,-1,nan,90.000000,90.000000,nan,nan,nan,nan,0.000000,nan,nan,0,nan
opdformer_p_rgb_512,4767,467105/45261490/41854.074/ac5ae06a-e3b7-4012-b0ce-1095164ac197,0,-1,nan,90.000000,90.000000,nan,nan,nan,nan,0.000000,nan,nan,0,nan
opdformer_p_rgb_512,4768,467105/45261490/41854.174/ac5ae06a-e3b7-4012-b0ce-1095164ac197,0,-1,nan,90.000000,90.000000,nan,nan,nan,nan,0.000000,nan,nan,0,nan
opdformer_p_rgb_512,4769,467105/45261490/41854.474/ac5ae06a-e3b7-4012-b0ce-1095164ac197,0,-1,nan,90.000000,90.000000,nan,nan,nan,nan,0.000000,nan,nan,0,nan
opdformer_p_rgb_512,4770,467105/45261490/41854.574/54083089-d8dd-44a4-8086-a3b885706ded,0,-1,nan,90.000000,90.000000,nan,nan,nan,nan,0.000000,nan,nan,0,nan
opdformer_p_rgb_512,4771,467105/45261490/41854.574/ac5ae06a-e3b7-4012-b0ce-1095164ac197,0,-1,nan,90.000000,90.000000,nan,nan,nan,nan,0.000000,nan,nan,0,nan
opdformer_p_rgb_512,4772,467105/45261490/41854.674/54083089-d8dd-44a4-8086-a3b885706ded,0,-1,nan,90.000000,90.000000,nan,nan,nan,nan,0.000000,nan,nan,0,nan
opdformer_p_rgb_512,4773,467105/45261490/41854.674/ac5ae06a-e3b7-4012-b0ce-1095164ac197,0,-1,nan,90.000000,90.000000,nan,nan,nan,nan,0.000000,nan,nan,0,nan
opdformer_p_rgb_512,4774,467105/45261490/41854.874/54083089-d8dd-44a4-8086-a3b885706ded,0,-1,nan,90.000000,90.000000,nan,nan,nan,nan,0.000000,nan,nan,0,nan
opdformer_p_rgb_512,4775,467105/45261490/41854.874/ac5ae06a-e3b7-4012-b0ce-1095164ac197,0,0,nan,104.699569,75.300431,nan,nan,nan,nan,0.053804,nan,nan,1,0.001924
opdformer_p_rgb_512,4776,467105/45261490/41854.990/54083089-d8dd-44a4-8086-a3b885706ded,0,-1,nan,90.000000,90.000000,nan,nan,nan,nan,0.000000,nan,nan,0,nan
opdformer_p_rgb_512,4777,467105/45261490/41854.990/ac5ae06a-e3b7-4012-b0ce-1095164ac197,0,-1,nan,90.000000,90.000000,nan,nan,nan,nan,0.000000,nan,nan,0,nan
opdformer_p_rgb_512,4778,467105/45261490/41855.090/54083089-d8dd-44a4-8086-a3b885706ded,0,-1,nan,90.000000,90.000000,nan,nan,nan,nan,0.000000,nan,nan,0,nan
opdformer_p_rgb_512,4779,467105/45261490/41855.090/ac5ae06a-e3b7-4012-b0ce-1095164ac197,0,0,nan,100.863592,79.136408,nan,nan,nan,nan,0.064677,nan,nan,1,0.022783
opdformer_p_rgb_512,4780,467105/45261490/41855.190/54083089-d8dd-44a4-8086-a3b885706ded,0,-1,nan,90.000000,90.000000,nan,nan,nan,nan,0.000000,nan,nan,0,nan
opdformer_p_rgb_512,4781,467105/45261490/41855.190/ac5ae06a-e3b7-4012-b0ce-1095164ac197,0,0,nan,99.874253,80.125747,nan,nan,nan,nan,0.045042,nan,nan,1,0.008593
opdformer_p_rgb_512,4782,467105/45261490/41855.290/54083089-d8dd-44a4-8086-a3b885706ded,0,0,nan,120.325763,59.674237,nan,nan,nan,nan,0.300188,nan,nan,1,0.000674
opdformer_p_rgb_512,4783,467105/45261490/41855.390/54083089-d8dd-44a4-8086-a3b885706ded,0,-1,nan,90.000000,90.000000,nan,nan,nan,nan,0.000000,nan,nan,0,nan
opdformer_p_rgb_512,4784,467105/45261490/41855.490/54083089-d8dd-44a4-8086-a3b885706ded,0,0,nan,112.723299,67.276701,nan,nan,nan,nan,0.049485,nan,nan,1,0.000609
opdformer_p_rgb_512,4785,467105/45261490/41855.590/54083089-d8dd-44a4-8086-a3b885706ded,0,-1,nan,90.000000,90.000000,nan,nan,nan,nan,0.000000,nan,nan,0,nan
opdformer_p_rgb_512,4786,467105/45261490/41855.590/ac5ae06a-e3b7-4012-b0ce-1095164ac197,0,0,nan,93.730143,86.269857,nan,nan,nan,nan,0.051261,nan,nan,1,0.035023
opdformer_p_rgb_512,4787,467105/45261490/41855.690/54083089-d8dd-44a4-8086-a3b885706ded,0,-1,nan,90.000000,90.000000,nan,nan,nan,nan,0.000000,nan,nan,0,nan
opdformer_p_rgb_512,4788,467105/45261490/41855.690/ac5ae06a-e3b7-4012-b0ce-1095164ac197,0,0,nan,92.917555,87.082445,nan,nan,nan,nan,0.052153,nan,nan,1,0.010914
opdformer_p_rgb_512,4789,467105/45261490/41855.790/54083089-d8dd-44a4-8086-a3b885706ded,0,-1,nan,90.000000,90.000000,nan,nan,nan,nan,0.000000,nan,nan,0,nan
opdformer_p_rgb_512,4790,467105/45261490/41855.790/ac5ae06a-e3b7-4012-b0ce-1095164ac197,0,0,nan,92.952715,87.047285,nan,nan,nan,nan,0.028415,nan,nan,1,0.002062
opdformer_p_rgb_512,4791,467105/45261490/41855.890/54083089-d8dd-44a4-8086-a3b885706ded,0,-1,nan,90.000000,90.000000,nan,nan,nan,nan,0.000000,nan,nan,0,nan
opdformer_p_rgb_512,4792,467105/45261490/41855.890/ac5ae06a-e3b7-4012-b0ce-1095164ac197,0,-1,nan,90.000000,90.000000,nan,nan,nan,nan,0.000000,nan,nan,0,nan
opdformer_p_rgb_512,4793,467105/45261490/41855.990/54083089-d8dd-44a4-8086-a3b885706ded,0,0,nan,42.384142,42.384142,nan,nan,nan,nan,0.036398,nan,nan,1,0.006101
opdformer_p_rgb_512,4794,467105/45261490/41855.990/ac5ae06a-e3b7-4012-b0ce-1095164ac197,0,-1,nan,90.000000,90.000000,nan,nan,nan,nan,0.000000,nan,nan,0,nan
opdformer_p_rgb_512,4795,467105/45261490/41856.090/54083089-d8dd-44a4-8086-a3b885706ded,0,0,nan,65.135068,65.135068,nan,nan,nan,nan,0.333333,nan,nan,1,0.002642
opdformer_p_rgb_512,4796,467105/45261490/41856.090/ac5ae06a-e3b7-4012-b0ce-1095164ac197,0,-1,nan,90.000000,90.000000,nan,nan,nan,nan,0.000000,nan,nan,0,nan
opdformer_p_rgb_512,4797,467105/45261490/41856.190/54083089-d8dd-44a4-8086-a3b885706ded,0,0,nan,31.220741,31.220741,nan,nan,nan,nan,0.519704,nan,nan,1,0.000902
opdformer_p_rgb_512,4798,467105/45261490/41856.190/ac5ae06a-e3b7-4012-b0ce-1095164ac197,0,-1,nan,90.000000,90.000000,nan,nan,nan,nan,0.000000,nan,nan,0,nan
opdformer_p_rgb_512,4799,467105/45261490/41856.290/ac5ae06a-e3b7-4012-b0ce-1095164ac197,0,-1,nan,90.000000,90.000000,nan,nan,nan,nan,0.000000,nan,nan,0,nan
opdformer_p_rgb_512,4800,467105/45261490/41856.390/ac5ae06a-e3b7-4012-b0ce-1095164ac197,0,-1,nan,90.000000,90.000000,nan,nan,nan,nan,0.000000,nan,nan,0,nan
opdformer_p_rgb_512,4801,467105/45261490/41856.790/54083089-d8dd-44a4-8086-a3b885706ded,0,0,nan,4.999491,4.999491,nan,nan,nan,nan,0.396166,nan,nan,1,0.001656
opdformer_p_rgb_512,4802,467105/45261490/41856.790/ac5ae06a-e3b7-4012-b0ce-1095164ac197,0,-1,nan,90.000000,90.000000,nan,nan,nan,nan,0.000000,nan,nan,0,nan
opdformer_p_rgb_512,4803,467105/45261490/41856.890/54083089-d8dd-44a4-8086-a3b885706ded,0,0,nan,21.113697,21.113697,nan,nan,nan,nan,0.411650,nan,nan,1,0.001564
opdformer_p_rgb_512,4804,467105/45261490/41856.990/54083089-d8dd-44a4-8086-a3b885706ded,0,0,nan,20.569734,20.569734,nan,nan,nan,nan,0.176471,nan,nan,1,0.006133
opdformer_p_rgb_512,4805,467105/45261490/41856.990/e1e8e65e-39a6-4e49-ae31-59cb60ba7b17,0,-1,nan,90.000000,90.000000,nan,nan,nan,nan,0.000000,nan,nan,0,nan
opdformer_p_rgb_512,4806,467105/45261490/41857.090/54083089-d8dd-44a4-8086-a3b885706ded,0,0,nan,51.398325,51.398325,nan,nan,nan,nan,0.068063,nan,nan,1,0.009697
opdformer_p_rgb_512,4807,467105/45261490/41857.090/e1e8e65e-39a6-4e49-ae31-59cb60ba7b17,0,-1,nan,90.000000,90.000000,nan,nan,nan,nan,0.000000,nan,nan,0,nan
opdformer_p_rgb_512,4808,467105/45261490/41857.190/54083089-d8dd-44a4-8086-a3b885706ded,0,0,nan,50.148308,50.148308,nan,nan,nan,nan,0.022798,nan,nan,1,0.027982
opdformer_p_rgb_512,4809,467105/45261490/41857.190/e1e8e65e-39a6-4e49-ae31-59cb60ba7b17,0,-1,nan,90.000000,90.000000,nan,nan,nan,nan,0.000000,nan,nan,0,nan
opdformer_p_rgb_512,4810,467105/45261490/41859.389/c3d1e5de-63d2-427d-aac6-3271a7d12646,0,1,nan,36.401544,36.401544,nan,nan,nan,nan,0.123103,nan,nan,1,0.004292
opdformer_p_rgb_512,4811,467105/45261490/41859.489/c3d1e5de-63d2-427d-aac6-3271a7d12646,0,1,nan,10.852013,10.852013,nan,nan,nan,nan,0.359168,nan,nan,1,0.003712
opdformer_p_rgb_512,4812,467105/45261490/41859.589/c3d1e5de-63d2-427d-aac6-3271a7d12646,0,1,nan,19.541327,19.541327,nan,nan,nan,nan,0.290419,nan,nan,1,0.002389
opdformer_p_rgb_512,4813,467105/45261490/41859.689/c3d1e5de-63d2-427d-aac6-3271a7d12646,0,0,nan,17.624233,17.624233,nan,nan,nan,nan,0.468432,nan,nan,1,0.003523
opdformer_p_rgb_512,4814,467105/45261490/41859.789/c3d1e5de-63d2-427d-aac6-3271a7d12646,0,0,nan,21.678899,21.678899,nan,nan,nan,nan,0.456159,nan,nan,1,0.053075
opdformer_p_rgb_512,4815,467105/45261490/41859.889/c3d1e5de-63d2-427d-aac6-3271a7d12646,0,1,nan,16.615582,16.615582,nan,nan,nan,nan,0.394495,nan,nan,1,0.001601
opdformer_p_rgb_512,4816,467105/45261490/41859.988/c3d1e5de-63d2-427d-aac6-3271a7d12646,0,0,nan,6.817558,6.817558,nan,nan,nan,nan,0.624762,nan,nan,1,0.001429
opdformer_p_rgb_512,4817,467105/45261490/41860.088/c3d1e5de-63d2-427d-aac6-3271a7d12646,0,0,nan,26.216839,26.216839,nan,nan,nan,nan,0.664350,nan,nan,1,0.001293
opdformer_p_rgb_512,4818,467105/45261490/41860.188/c3d1e5de-63d2-427d-aac6-3271a7d12646,0,0,nan,3.368761,3.368761,nan,nan,nan,nan,0.578719,nan,nan,1,0.001579
opdformer_p_rgb_512,4819,467105/45261490/41860.288/c3d1e5de-63d2-427d-aac6-3271a7d12646,0,1,nan,16.921143,16.921143,nan,nan,nan,nan,0.417314,nan,nan,1,0.001577
opdformer_p_rgb_512,4820,467105/45261490/41860.388/c3d1e5de-63d2-427d-aac6-3271a7d12646,0,1,nan,8.295432,8.295432,nan,nan,nan,nan,0.548533,nan,nan,1,0.002137
opdformer_p_rgb_512,4821,467105/45261490/41860.488/c3d1e5de-63d2-427d-aac6-3271a7d12646,0,1,nan,17.150826,17.150826,nan,nan,nan,nan,0.276961,nan,nan,1,0.002354
opdformer_p_rgb_512,4822,467105/45261490/41860.588/c3d1e5de-63d2-427d-aac6-3271a7d12646,0,0,nan,2.584382,2.584382,nan,nan,nan,nan,0.332518,nan,nan,1,0.027802
opdformer_p_rgb_512,4823,467105/45261490/41860.688/c3d1e5de-63d2-427d-aac6-3271a7d12646,0,1,nan,0.381269,0.381269,nan,nan,nan,nan,0.316748,nan,nan,1,0.055996
opdformer_p_rgb_512,4824,467105/45261490/41860.788/c3d1e5de-63d2-427d-aac6-3271a7d12646,0,1,nan,1.900617,1.900617,nan,nan,nan,nan,0.110791,nan,nan,1,0.006934
opdformer_p_rgb_512,4825,467105/45261490/41867.186/54083089-d8dd-44a4-8086-a3b885706ded,0,0,nan,19.825442,19.825442,nan,nan,nan,nan,0.544444,nan,nan,1,0.020038
opdformer_p_rgb_512,4826,467105/45261490/41867.286/54083089-d8dd-44a4-8086-a3b885706ded,0,0,nan,16.755507,16.755507,nan,nan,nan,nan,0.256219,nan,nan,1,0.008091
opdformer_p_rgb_512,4827,467105/45261490/41867.386/54083089-d8dd-44a4-8086-a3b885706ded,0,-1,nan,90.000000,90.000000,nan,nan,nan,nan,0.000000,nan,nan,0,nan
opdformer_p_rgb_512,4828,467105/45261490/41867.486/54083089-d8dd-44a4-8086-a3b885706ded,0,0,nan,29.712018,29.712018,nan,nan,nan,nan,0.079772,nan,nan,1,0.012926
opdformer_p_rgb_512,4829,467105/45261490/41867.585/54083089-d8dd-44a4-8086-a3b885706ded,0,-1,nan,90.000000,90.000000,nan,nan,nan,nan,0.000000,nan,nan,0,nan
opdformer_p_rgb_512,4830,467105/45261490/41867.685/54083089-d8dd-44a4-8086-a3b885706ded,0,-1,nan,90.000000,90.000000,nan,nan,nan,nan,0.000000,nan,nan,0,nan
opdformer_p_rgb_512,4831,467105/45261490/41867.685/e1e8e65e-39a6-4e49-ae31-59cb60ba7b17,0,0,nan,98.013308,81.986692,nan,nan,nan,nan,0.036104,nan,nan,1,0.001715
opdformer_p_rgb_512,4832,467105/45261490/41867.785/e1e8e65e-39a6-4e49-ae31-59cb60ba7b17,0,-1,nan,90.000000,90.000000,nan,nan,nan,nan,0.000000,nan,nan,0,nan
opdformer_p_rgb_512,4833,467105/45261490/41867.885/54083089-d8dd-44a4-8086-a3b885706ded,0,-1,nan,90.000000,90.000000,nan,nan,nan,nan,0.000000,nan,nan,0,nan
opdformer_p_rgb_512,4834,467105/45261490/41867.885/e1e8e65e-39a6-4e49-ae31-59cb60ba7b17,0,0,nan,105.331412,74.668588,nan,nan,nan,nan,0.029452,nan,nan,1,0.002630
opdformer_p_rgb_512,4835,467105/45261490/41867.985/54083089-d8dd-44a4-8086-a3b885706ded,0,-1,nan,90.000000,90.000000,nan,nan,nan,nan,0.000000,nan,nan,0,nan
opdformer_p_rgb_512,4836,467105/45261490/41867.985/ac5ae06a-e3b7-4012-b0ce-1095164ac197,0,-1,nan,90.000000,90.000000,nan,nan,nan,nan,0.000000,nan,nan,0,nan
opdformer_p_rgb_512,4837,467105/45261490/41867.985/e1e8e65e-39a6-4e49-ae31-59cb60ba7b17,0,-1,nan,90.000000,90.000000,nan,nan,nan,nan,0.000000,nan,nan,0,nan
opdformer_p_rgb_512,4838,467105/45261490/41868.085/ac5ae06a-e3b7-4012-b0ce-1095164ac197,0,-1,nan,90.000000,90.000000,nan,nan,nan,nan,0.000000,nan,nan,0,nan
opdformer_p_rgb_512,4839,467105/45261490/41868.085/e1e8e65e-39a6-4e49-ae31-59cb60ba7b17,0,-1,nan,90.000000,90.000000,nan,nan,nan,nan,0.000000,nan,nan,0,nan
opdformer_p_rgb_512,4840,467105/45261490/41868.185/ac5ae06a-e3b7-4012-b0ce-1095164ac197,0,-1,nan,90.000000,90.000000,nan,nan,nan,nan,0.000000,nan,nan,0,nan
opdformer_p_rgb_512,4841,467105/45261490/41868.185/e1e8e65e-39a6-4e49-ae31-59cb60ba7b17,0,0,nan,101.057619,78.942381,nan,nan,nan,nan,0.048864,nan,nan,1,0.008558
opdformer_p_rgb_512,4842,467105/45261490/41868.285/e1e8e65e-39a6-4e49-ae31-59cb60ba7b17,0,-1,nan,90.000000,90.000000,nan,nan,nan,nan,0.000000,nan,nan,0,nan
opdformer_p_rgb_512,4843,467105/45261490/41876.082/e1e8e65e-39a6-4e49-ae31-59cb60ba7b17,0,-1,nan,90.000000,90.000000,nan,nan,nan,nan,0.000000,nan,nan,0,nan
opdformer_p_rgb_512,4844,467105/45261490/41876.182/e1e8e65e-39a6-4e49-ae31-59cb60ba7b17,0,0,nan,80.544233,80.544233,nan,nan,nan,nan,0.023858,nan,nan,1,0.000604
opdformer_p_rgb_512,4845,467105/45261490/41876.282/ac5ae06a-e3b7-4012-b0ce-1095164ac197,0,-1,nan,90.000000,90.000000,nan,nan,nan,nan,0.000000,nan,nan,0,nan
opdformer_p_rgb_512,4846,467105/45261490/41876.482/ac5ae06a-e3b7-4012-b0ce-1095164ac197,0,-1,nan,90.000000,90.000000,nan,nan,nan,nan,0.000000,nan,nan,0,nan
opdformer_p_rgb_512,4847,467105/45261490/41882.580/c3d1e5de-63d2-427d-aac6-3271a7d12646,0,0,nan,53.589237,53.589237,nan,nan,nan,nan,0.292373,nan,nan,1,0.001326
opdformer_p_rgb_512,4848,467105/45261490/41882.680/c3d1e5de-63d2-427d-aac6-3271a7d12646,0,0,nan,54.508961,54.508961,nan,nan,nan,nan,0.404605,nan,nan,1,0.000573
opdformer_p_rgb_512,4849,467105/45261490/41882.779/c3d1e5de-63d2-427d-aac6-3271a7d12646,0,0,nan,23.814508,23.814508,nan,nan,nan,nan,0.221494,nan,nan,1,0.014576
opdformer_p_rgb_512,4850,467105/45261490/41882.879/c3d1e5de-63d2-427d-aac6-3271a7d12646,0,0,nan,15.345282,15.345282,nan,nan,nan,nan,0.462786,nan,nan,1,0.001633
opdformer_p_rgb_512,4851,467105/45261490/41882.979/c3d1e5de-63d2-427d-aac6-3271a7d12646,0,0,nan,16.611113,16.611113,nan,nan,nan,nan,0.537313,nan,nan,1,0.002949
opdformer_p_rgb_512,4852,467105/45261490/41883.079/c3d1e5de-63d2-427d-aac6-3271a7d12646,0,0,nan,30.186388,30.186388,nan,nan,nan,nan,0.097826,nan,nan,1,0.003556
opdformer_p_rgb_512,4853,467105/45261490/41883.179/c3d1e5de-63d2-427d-aac6-3271a7d12646,0,-1,nan,90.000000,90.000000,nan,nan,nan,nan,0.000000,nan,nan,0,nan
opdformer_p_rgb_512,4854,467105/45261490/41883.279/c3d1e5de-63d2-427d-aac6-3271a7d12646,0,-1,nan,90.000000,90.000000,nan,nan,nan,nan,0.000000,nan,nan,0,nan
opdformer_p_rgb_512,4855,467105/45261490/41883.379/c3d1e5de-63d2-427d-aac6-3271a7d12646,0,-1,nan,90.000000,90.000000,nan,nan,nan,nan,0.000000,nan,nan,0,nan
opdformer_p_rgb_512,4856,467105/45261490/41883.479/c3d1e5de-63d2-427d-aac6-3271a7d12646,0,-1,nan,90.000000,90.000000,nan,nan,nan,nan,0.000000,nan,nan,0,nan
opdformer_p_rgb_512,4857,467105/45261490/41883.579/c3d1e5de-63d2-427d-aac6-3271a7d12646,0,-1,nan,90.000000,90.000000,nan,nan,nan,nan,0.000000,nan,nan,0,nan
opdformer_p_rgb_512,4858,467105/45261490/41883.679/c3d1e5de-63d2-427d-aac6-3271a7d12646,0,-1,nan,90.000000,90.000000,nan,nan,nan,nan,0.000000,nan,nan,0,nan
opdformer_p_rgb_512,4859,467105/45261490/41883.779/54083089-d8dd-44a4-8086-a3b885706ded,0,-1,nan,90.000000,90.000000,nan,nan,nan,nan,0.000000,nan,nan,0,nan
opdformer_p_rgb_512,4860,467105/45261490/41883.879/54083089-d8dd-44a4-8086-a3b885706ded,0,-1,nan,90.000000,90.000000,nan,nan,nan,nan,0.000000,nan,nan,0,nan
opdformer_p_rgb_512,4861,467105/45261490/41883.979/54083089-d8dd-44a4-8086-a3b885706ded,0,-1,nan,90.000000,90.000000,nan,nan,nan,nan,0.000000,nan,nan,0,nan
opdformer_p_rgb_512,4862,467105/45261490/41883.979/e1e8e65e-39a6-4e49-ae31-59cb60ba7b17,0,0,nan,81.389367,81.389367,nan,nan,nan,nan,0.295143,nan,nan,1,0.001730
opdformer_p_rgb_512,4863,467105/45261490/41884.079/54083089-d8dd-44a4-8086-a3b885706ded,0,-1,nan,90.000000,90.000000,nan,nan,nan,nan,0.000000,nan,nan,0,nan
opdformer_p_rgb_512,4864,467105/45261490/41884.079/e1e8e65e-39a6-4e49-ae31-59cb60ba7b17,0,0,nan,107.301636,72.698364,nan,nan,nan,nan,0.348684,nan,nan,1,0.003334
opdformer_p_rgb_512,4865,467105/45261490/41884.179/e1e8e65e-39a6-4e49-ae31-59cb60ba7b17,0,0,nan,110.428989,69.571011,nan,nan,nan,nan,0.187097,nan,nan,1,0.005599
opdformer_p_rgb_512,4866,467105/45261490/41884.279/e1e8e65e-39a6-4e49-ae31-59cb60ba7b17,0,0,nan,46.785377,46.785377,nan,nan,nan,nan,0.291845,nan,nan,1,0.001275
opdformer_p_rgb_512,4867,467105/45261490/41884.379/54083089-d8dd-44a4-8086-a3b885706ded,0,-1,nan,90.000000,90.000000,nan,nan,nan,nan,0.000000,nan,nan,0,nan
opdformer_p_rgb_512,4868,467105/45261490/41884.379/e1e8e65e-39a6-4e49-ae31-59cb60ba7b17,0,0,nan,41.733463,41.733463,nan,nan,nan,nan,0.216418,nan,nan,1,0.002352
opdformer_p_rgb_512,4869,467105/45261490/41884.479/54083089-d8dd-44a4-8086-a3b885706ded,0,0,nan,11.995575,11.995575,nan,nan,nan,nan,0.009452,nan,nan,1,0.010867
opdformer_p_rgb_512,4870,467105/45261490/41884.479/e1e8e65e-39a6-4e49-ae31-59cb60ba7b17,0,0,nan,78.764297,78.764297,nan,nan,nan,nan,0.523677,nan,nan,1,0.000458
opdformer_p_rgb_512,4871,467105/45261490/41884.579/54083089-d8dd-44a4-8086-a3b885706ded,0,-1,nan,90.000000,90.000000,nan,nan,nan,nan,0.000000,nan,nan,0,nan
opdformer_p_rgb_512,4872,467105/45261490/41884.579/e1e8e65e-39a6-4e49-ae31-59cb60ba7b17,0,0,nan,68.098988,68.098988,nan,nan,nan,nan,0.244828,nan,nan,1,0.006563
opdformer_p_rgb_512,4873,467105/45261490/41884.679/54083089-d8dd-44a4-8086-a3b885706ded,0,-1,nan,90.000000,90.000000,nan,nan,nan,nan,0.000000,nan,nan,0,nan
opdformer_p_rgb_512,4874,467105/45261490/41884.679/e1e8e65e-39a6-4e49-ae31-59cb60ba7b17,0,0,nan,63.354936,63.354936,nan,nan,nan,nan,0.169492,nan,nan,1,0.003551
opdformer_p_rgb_512,4875,467105/45261490/41884.779/54083089-d8dd-44a4-8086-a3b885706ded,0,-1,nan,90.000000,90.000000,nan,nan,nan,nan,0.000000,nan,nan,0,nan
opdformer_p_rgb_512,4876,467105/45261490/41884.779/ac5ae06a-e3b7-4012-b0ce-1095164ac197,0,-1,nan,90.000000,90.000000,nan,nan,nan,nan,0.000000,nan,nan,0,nan
opdformer_p_rgb_512,4877,467105/45261490/41884.779/e1e8e65e-39a6-4e49-ae31-59cb60ba7b17,0,0,nan,67.765098,67.765098,nan,nan,nan,nan,0.461745,nan,nan,1,0.000627
opdformer_p_rgb_512,4878,467105/45261490/41884.879/54083089-d8dd-44a4-8086-a3b885706ded,0,-1,nan,90.000000,90.000000,nan,nan,nan,nan,0.000000,nan,nan,0,nan
opdformer_p_rgb_512,4879,467105/45261490/41884.879/ac5ae06a-e3b7-4012-b0ce-1095164ac197,0,-1,nan,90.000000,90.000000,nan,nan,nan,nan,0.000000,nan,nan,0,nan
opdformer_p_rgb_512,4880,467105/45261490/41884.879/e1e8e65e-39a6-4e49-ae31-59cb60ba7b17,0,0,nan,88.125485,88.125485,nan,nan,nan,nan,0.069170,nan,nan,1,0.002086
opdformer_p_rgb_512,4881,467105/45261490/41884.979/54083089-d8dd-44a4-8086-a3b885706ded,0,-1,nan,90.000000,90.000000,nan,nan,nan,nan,0.000000,nan,nan,0,nan
opdformer_p_rgb_512,4882,467105/45261490/41884.979/ac5ae06a-e3b7-4012-b0ce-1095164ac197,0,-1,nan,90.000000,90.000000,nan,nan,nan,nan,0.000000,nan,nan,0,nan
opdformer_p_rgb_512,4883,467105/45261490/41884.979/e1e8e65e-39a6-4e49-ae31-59cb60ba7b17,0,0,nan,84.409317,84.409317,nan,nan,nan,nan,0.278571,nan,nan,1,0.001340
opdformer_p_rgb_512,4884,467105/45261490/41885.079/54083089-d8dd-44a4-8086-a3b885706ded,0,-1,nan,90.000000,90.000000,nan,nan,nan,nan,0.000000,nan,nan,0,nan
opdformer_p_rgb_512,4885,467105/45261490/41885.079/ac5ae06a-e3b7-4012-b0ce-1095164ac197,0,-1,nan,90.000000,90.000000,nan,nan,nan,nan,0.000000,nan,nan,0,nan
opdformer_p_rgb_512,4886,467105/45261490/41885.079/e1e8e65e-39a6-4e49-ae31-59cb60ba7b17,0,0,nan,113.512835,66.487165,nan,nan,nan,nan,0.001623,nan,nan,1,0.000721
opdformer_p_rgb_512,4887,467105/45261490/41885.179/54083089-d8dd-44a4-8086-a3b885706ded,0,-1,nan,90.000000,90.000000,nan,nan,nan,nan,0.000000,nan,nan,0,nan
opdformer_p_rgb_512,4888,467105/45261490/41885.179/e1e8e65e-39a6-4e49-ae31-59cb60ba7b17,0,0,nan,86.698369,86.698369,nan,nan,nan,nan,0.081464,nan,nan,1,0.001644
opdformer_p_rgb_512,4889,467105/45261490/41885.278/54083089-d8dd-44a4-8086-a3b885706ded,0,-1,nan,90.000000,90.000000,nan,nan,nan,nan,0.000000,nan,nan,0,nan
opdformer_p_rgb_512,4890,467105/45261490/41885.278/e1e8e65e-39a6-4e49-ae31-59cb60ba7b17,0,0,nan,100.792684,79.207316,nan,nan,nan,nan,0.101957,nan,nan,1,0.001783
opdformer_p_rgb_512,4891,467105/45261490/41885.378/54083089-d8dd-44a4-8086-a3b885706ded,0,-1,nan,90.000000,90.000000,nan,nan,nan,nan,0.000000,nan,nan,0,nan
opdformer_p_rgb_512,4892,467105/45261490/41885.378/e1e8e65e-39a6-4e49-ae31-59cb60ba7b17,0,0,nan,91.911657,88.088343,nan,nan,nan,nan,0.051257,nan,nan,1,0.008933
opdformer_p_rgb_512,4893,467105/45261490/41885.478/54083089-d8dd-44a4-8086-a3b885706ded,0,-1,nan,90.000000,90.000000,nan,nan,nan,nan,0.000000,nan,nan,0,nan
opdformer_p_rgb_512,4894,467105/45261490/41885.478/e1e8e65e-39a6-4e49-ae31-59cb60ba7b17,0,0,nan,98.972721,81.027279,nan,nan,nan,nan,0.028169,nan,nan,1,0.003807
opdformer_p_rgb_512,4895,467105/45261490/41885.578/1c4624b8-6d29-4347-93d3-d7518148e67a,0,-1,nan,90.000000,90.000000,nan,nan,nan,nan,0.000000,nan,nan,0,nan
opdformer_p_rgb_512,4896,467105/45261490/41885.578/e1e8e65e-39a6-4e49-ae31-59cb60ba7b17,0,0,nan,104.243955,75.756045,nan,nan,nan,nan,0.241491,nan,nan,1,0.006785
opdformer_p_rgb_512,4897,467105/45261490/41885.678/1c4624b8-6d29-4347-93d3-d7518148e67a,0,-1,nan,90.000000,90.000000,nan,nan,nan,nan,0.000000,nan,nan,0,nan
opdformer_p_rgb_512,4898,467105/45261490/41885.678/e1e8e65e-39a6-4e49-ae31-59cb60ba7b17,0,0,nan,109.324482,70.675518,nan,nan,nan,nan,0.292829,nan,nan,1,0.006372
opdformer_p_rgb_512,4899,467105/45261490/41885.778/e1e8e65e-39a6-4e49-ae31-59cb60ba7b17,0,0,nan,113.811530,66.188470,nan,nan,nan,nan,0.323442,nan,nan,1,0.006154
opdformer_p_rgb_512,4900,467105/45261490/41885.878/e1e8e65e-39a6-4e49-ae31-59cb60ba7b17,0,0,nan,115.041806,64.958194,nan,nan,nan,nan,0.179727,nan,nan,1,0.001507
opdformer_p_rgb_512,4901,467105/45261490/41885.978/ac5ae06a-e3b7-4012-b0ce-1095164ac197,0,-1,nan,90.000000,90.000000,nan,nan,nan,nan,0.000000,nan,nan,0,nan
opdformer_p_rgb_512,4902,467105/45261490/41885.978/e1e8e65e-39a6-4e49-ae31-59cb60ba7b17,0,-1,nan,90.000000,90.000000,nan,nan,nan,nan,0.000000,nan,nan,0,nan
opdformer_p_rgb_512,4903,467105/45261490/41886.078/ac5ae06a-e3b7-4012-b0ce-1095164ac197,0,-1,nan,90.000000,90.000000,nan,nan,nan,nan,0.000000,nan,nan,0,nan
opdformer_p_rgb_512,4904,467105/45261490/41886.078/e1e8e65e-39a6-4e49-ae31-59cb60ba7b17,0,0,nan,112.707072,67.292928,nan,nan,nan,nan,0.535106,nan,nan,1,0.001545
opdformer_p_rgb_512,4905,467105/45261490/41886.178/ac5ae06a-e3b7-4012-b0ce-1095164ac197,0,-1,nan,90.000000,90.000000,nan,nan,nan,nan,0.000000,nan,nan,0,nan
opdformer_p_rgb_512,4906,467252/45261406/29747.224/6b997256-695a-4ef4-a3d1-bb80dbe42989,0,0,nan,17.774115,17.774115,nan,nan,nan,nan,0.409369,nan,nan,1,0.126214
opdformer_p_rgb_512,4907,467252/45261406/29747.324/30a1e9f9-5965-4b72-871b-b00ccbb5a56d,0,0,nan,58.868339,58.868339,nan,nan,nan,nan,0.370370,nan,nan,1,0.000255
opdformer_p_rgb_512,4908,467252/45261406/29747.324/6b997256-695a-4ef4-a3d1-bb80dbe42989,0,0,nan,40.604273,40.604273,nan,nan,nan,nan,0.495392,nan,nan,1,0.857994
opdformer_p_rgb_512,4909,467252/45261406/29747.424/30a1e9f9-5965-4b72-871b-b00ccbb5a56d,0,0,nan,62.094512,62.094512,nan,nan,nan,nan,0.490605,nan,nan,1,0.000183
opdformer_p_rgb_512,4910,467252/45261406/29747.424/6b997256-695a-4ef4-a3d1-bb80dbe42989,0,0,nan,40.257691,40.257691,nan,nan,nan,nan,0.508197,nan,nan,1,0.000139
opdformer_p_rgb_512,4911,467252/45261406/29747.524/30a1e9f9-5965-4b72-871b-b00ccbb5a56d,0,0,nan,72.301853,72.301853,nan,nan,nan,nan,0.255159,nan,nan,1,0.748286
opdformer_p_rgb_512,4912,467252/45261406/29747.524/6b997256-695a-4ef4-a3d1-bb80dbe42989,0,0,nan,52.729658,52.729658,nan,nan,nan,nan,0.518957,nan,nan,1,0.666988
opdformer_p_rgb_512,4913,467252/45261406/29747.624/30a1e9f9-5965-4b72-871b-b00ccbb5a56d,0,0,nan,59.094925,59.094925,nan,nan,nan,nan,0.246256,nan,nan,1,0.162981
opdformer_p_rgb_512,4914,467252/45261406/29747.624/6b997256-695a-4ef4-a3d1-bb80dbe42989,0,0,nan,28.517927,28.517927,nan,nan,nan,nan,0.491863,nan,nan,1,0.000117
opdformer_p_rgb_512,4915,467252/45261406/29747.724/30a1e9f9-5965-4b72-871b-b00ccbb5a56d,0,0,nan,23.379501,23.379501,nan,nan,nan,nan,0.264599,nan,nan,1,0.698720
opdformer_p_rgb_512,4916,467252/45261406/29747.724/6b997256-695a-4ef4-a3d1-bb80dbe42989,0,0,nan,27.219941,27.219941,nan,nan,nan,nan,0.477695,nan,nan,1,0.000034
opdformer_p_rgb_512,4917,467252/45261406/29747.824/30a1e9f9-5965-4b72-871b-b00ccbb5a56d,0,0,nan,25.176866,25.176866,nan,nan,nan,nan,0.321534,nan,nan,1,0.000099
opdformer_p_rgb_512,4918,467252/45261406/29747.824/6b997256-695a-4ef4-a3d1-bb80dbe42989,0,0,nan,20.574094,20.574094,nan,nan,nan,nan,0.467769,nan,nan,1,0.000033
opdformer_p_rgb_512,4919,467252/45261406/29747.924/30a1e9f9-5965-4b72-871b-b00ccbb5a56d,0,0,nan,7.577574,7.577574,nan,nan,nan,nan,0.321212,nan,nan,1,0.824224
opdformer_p_rgb_512,4920,467252/45261406/29747.924/6b997256-695a-4ef4-a3d1-bb80dbe42989,0,0,nan,10.934290,10.934290,nan,nan,nan,nan,0.475588,nan,nan,1,0.000031
opdformer_p_rgb_512,4921,467252/45261406/29748.024/30a1e9f9-5965-4b72-871b-b00ccbb5a56d,0,0,nan,14.546667,14.546667,nan,nan,nan,nan,0.340909,nan,nan,1,0.000053
opdformer_p_rgb_512,4922,467252/45261406/29748.024/6b997256-695a-4ef4-a3d1-bb80dbe42989,0,0,nan,9.624614,9.624614,nan,nan,nan,nan,0.477842,nan,nan,1,0.538715
opdformer_p_rgb_512,4923,467252/45261406/29748.124/30a1e9f9-5965-4b72-871b-b00ccbb5a56d,0,0,nan,5.243510,5.243510,nan,nan,nan,nan,0.301389,nan,nan,1,0.000027
opdformer_p_rgb_512,4924,467252/45261406/29748.124/6b997256-695a-4ef4-a3d1-bb80dbe42989,0,0,nan,10.544817,10.544817,nan,nan,nan,nan,0.420677,nan,nan,1,0.818539
opdformer_p_rgb_512,4925,467252/45261406/29748.224/30a1e9f9-5965-4b72-871b-b00ccbb5a56d,0,0,nan,4.507426,4.507426,nan,nan,nan,nan,0.335238,nan,nan,1,0.000037
opdformer_p_rgb_512,4926,467252/45261406/29748.224/6b997256-695a-4ef4-a3d1-bb80dbe42989,0,0,nan,6.956646,6.956646,nan,nan,nan,nan,0.429139,nan,nan,1,0.000039
opdformer_p_rgb_512,4927,467252/45261406/29748.324/30a1e9f9-5965-4b72-871b-b00ccbb5a56d,0,0,nan,6.053809,6.053809,nan,nan,nan,nan,0.379070,nan,nan,1,0.384074
opdformer_p_rgb_512,4928,467252/45261406/29748.324/6b997256-695a-4ef4-a3d1-bb80dbe42989,0,0,nan,12.537582,12.537582,nan,nan,nan,nan,0.384196,nan,nan,1,0.000017
opdformer_p_rgb_512,4929,467252/45261406/29748.424/30a1e9f9-5965-4b72-871b-b00ccbb5a56d,0,0,nan,6.441493,6.441493,nan,nan,nan,nan,0.349501,nan,nan,1,0.000022
opdformer_p_rgb_512,4930,467252/45261406/29748.424/6b997256-695a-4ef4-a3d1-bb80dbe42989,0,0,nan,9.150174,9.150174,nan,nan,nan,nan,0.445388,nan,nan,1,0.000051
opdformer_p_rgb_512,4931,467252/45261406/29748.424/fc04d03d-abcf-4976-aac6-069a18718b4c,0,0,nan,5.692289,5.692289,nan,nan,nan,nan,0.343454,nan,nan,1,0.007001
opdformer_p_rgb_512,4932,467252/45261406/29748.524/30a1e9f9-5965-4b72-871b-b00ccbb5a56d,0,0,nan,5.902539,5.902539,nan,nan,nan,nan,0.353030,nan,nan,1,0.000014
opdformer_p_rgb_512,4933,467252/45261406/29748.524/6b997256-695a-4ef4-a3d1-bb80dbe42989,0,0,nan,19.163173,19.163173,nan,nan,nan,nan,0.421875,nan,nan,1,0.000025
opdformer_p_rgb_512,4934,467252/45261406/29748.624/30a1e9f9-5965-4b72-871b-b00ccbb5a56d,0,0,nan,6.494398,6.494398,nan,nan,nan,nan,0.376130,nan,nan,1,0.000016
opdformer_p_rgb_512,4935,467252/45261406/29748.624/6b997256-695a-4ef4-a3d1-bb80dbe42989,0,0,nan,14.845593,14.845593,nan,nan,nan,nan,0.432396,nan,nan,1,0.000016
opdformer_p_rgb_512,4936,467252/45261406/29748.723/30a1e9f9-5965-4b72-871b-b00ccbb5a56d,0,0,nan,6.283684,6.283684,nan,nan,nan,nan,0.393082,nan,nan,1,0.000017
opdformer_p_rgb_512,4937,467252/45261406/29748.723/6b997256-695a-4ef4-a3d1-bb80dbe42989,0,0,nan,10.235114,10.235114,nan,nan,nan,nan,0.466872,nan,nan,1,0.000018
opdformer_p_rgb_512,4938,467252/45261406/29748.823/30a1e9f9-5965-4b72-871b-b00ccbb5a56d,0,0,nan,10.243515,10.243515,nan,nan,nan,nan,0.377320,nan,nan,1,0.115497
opdformer_p_rgb_512,4939,467252/45261406/29748.823/6b997256-695a-4ef4-a3d1-bb80dbe42989,0,0,nan,14.309089,14.309089,nan,nan,nan,nan,0.494269,nan,nan,1,0.000030
opdformer_p_rgb_512,4940,467252/45261406/29748.923/30a1e9f9-5965-4b72-871b-b00ccbb5a56d,0,0,nan,5.769921,5.769921,nan,nan,nan,nan,0.475610,nan,nan,1,0.000041
opdformer_p_rgb_512,4941,467252/45261406/29748.923/6b997256-695a-4ef4-a3d1-bb80dbe42989,0,0,nan,11.832452,11.832452,nan,nan,nan,nan,0.490909,nan,nan,1,0.000034
opdformer_p_rgb_512,4942,467252/45261406/29749.023/30a1e9f9-5965-4b72-871b-b00ccbb5a56d,0,0,nan,5.758698,5.758698,nan,nan,nan,nan,0.466770,nan,nan,1,0.000044
opdformer_p_rgb_512,4943,467252/45261406/29749.023/6b997256-695a-4ef4-a3d1-bb80dbe42989,0,0,nan,12.374954,12.374954,nan,nan,nan,nan,0.502196,nan,nan,1,0.000039
opdformer_p_rgb_512,4944,467252/45261406/29749.123/30a1e9f9-5965-4b72-871b-b00ccbb5a56d,0,0,nan,10.952853,10.952853,nan,nan,nan,nan,0.478689,nan,nan,1,0.000019
opdformer_p_rgb_512,4945,467252/45261406/29749.123/6b997256-695a-4ef4-a3d1-bb80dbe42989,0,0,nan,14.362639,14.362639,nan,nan,nan,nan,0.529167,nan,nan,1,0.000031
opdformer_p_rgb_512,4946,467252/45261406/29749.223/30a1e9f9-5965-4b72-871b-b00ccbb5a56d,0,0,nan,10.809252,10.809252,nan,nan,nan,nan,0.130137,nan,nan,1,0.512991
opdformer_p_rgb_512,4947,467252/45261406/29749.223/6b997256-695a-4ef4-a3d1-bb80dbe42989,0,0,nan,14.949115,14.949115,nan,nan,nan,nan,0.518414,nan,nan,1,0.000021
opdformer_p_rgb_512,4948,467252/45261406/29749.323/30a1e9f9-5965-4b72-871b-b00ccbb5a56d,0,0,nan,11.809416,11.809416,nan,nan,nan,nan,0.405523,nan,nan,1,0.000036
opdformer_p_rgb_512,4949,467252/45261406/29749.323/6b997256-695a-4ef4-a3d1-bb80dbe42989,0,0,nan,14.462714,14.462714,nan,nan,nan,nan,0.499257,nan,nan,1,0.000040
opdformer_p_rgb_512,4950,467252/45261406/29749.423/30a1e9f9-5965-4b72-871b-b00ccbb5a56d,0,0,nan,10.289264,10.289264,nan,nan,nan,nan,0.330189,nan,nan,1,0.000067
opdformer_p_rgb_512,4951,467252/45261406/29749.423/6b997256-695a-4ef4-a3d1-bb80dbe42989,0,0,nan,13.388120,13.388120,nan,nan,nan,nan,0.602431,nan,nan,1,0.000034
opdformer_p_rgb_512,4952,467252/45261406/29749.523/30a1e9f9-5965-4b72-871b-b00ccbb5a56d,0,0,nan,9.324469,9.324469,nan,nan,nan,nan,0.440433,nan,nan,1,0.000100
opdformer_p_rgb_512,4953,467252/45261406/29749.523/6b997256-695a-4ef4-a3d1-bb80dbe42989,0,0,nan,15.273838,15.273838,nan,nan,nan,nan,0.403689,nan,nan,1,0.162936
opdformer_p_rgb_512,4954,467252/45261406/29749.623/30a1e9f9-5965-4b72-871b-b00ccbb5a56d,0,0,nan,13.806548,13.806548,nan,nan,nan,nan,0.338828,nan,nan,1,0.000214
opdformer_p_rgb_512,4955,467252/45261406/29749.623/6b997256-695a-4ef4-a3d1-bb80dbe42989,0,0,nan,18.489240,18.489240,nan,nan,nan,nan,0.508449,nan,nan,1,0.000392
opdformer_p_rgb_512,4956,467252/45261406/29749.723/30a1e9f9-5965-4b72-871b-b00ccbb5a56d,0,0,nan,7.311841,7.311841,nan,nan,nan,nan,0.303597,nan,nan,1,0.000174
opdformer_p_rgb_512,4957,467252/45261406/29749.723/6b997256-695a-4ef4-a3d1-bb80dbe42989,0,0,nan,19.184380,19.184380,nan,nan,nan,nan,0.603560,nan,nan,1,0.000194
opdformer_p_rgb_512,4958,467252/45261406/29749.823/30a1e9f9-5965-4b72-871b-b00ccbb5a56d,0,0,nan,9.481816,9.481816,nan,nan,nan,nan,0.252390,nan,nan,1,0.000174
opdformer_p_rgb_512,4959,467252/45261406/29749.823/6b997256-695a-4ef4-a3d1-bb80dbe42989,0,0,nan,16.290676,16.290676,nan,nan,nan,nan,0.250896,nan,nan,1,0.000310
opdformer_p_rgb_512,4960,467252/45261406/29749.923/30a1e9f9-5965-4b72-871b-b00ccbb5a56d,0,0,nan,7.470404,7.470404,nan,nan,nan,nan,0.269982,nan,nan,1,0.000089
opdformer_p_rgb_512,4961,467252/45261406/29750.023/30a1e9f9-5965-4b72-871b-b00ccbb5a56d,0,0,nan,22.583152,22.583152,nan,nan,nan,nan,0.279673,nan,nan,1,0.000062
opdformer_p_rgb_512,4962,467252/45261406/29750.123/30a1e9f9-5965-4b72-871b-b00ccbb5a56d,0,0,nan,12.673009,12.673009,nan,nan,nan,nan,0.412894,nan,nan,1,0.000041
opdformer_p_rgb_512,4963,467252/45261406/29750.423/fc04d03d-abcf-4976-aac6-069a18718b4c,0,0,nan,50.582747,50.582747,nan,nan,nan,nan,0.398182,nan,nan,1,0.000061
opdformer_p_rgb_512,4964,467252/45261406/29750.523/fc04d03d-abcf-4976-aac6-069a18718b4c,0,0,nan,48.830072,48.830072,nan,nan,nan,nan,0.353061,nan,nan,1,0.000157
opdformer_p_rgb_512,4965,467252/45261406/29750.623/fc04d03d-abcf-4976-aac6-069a18718b4c,0,0,nan,66.995011,66.995011,nan,nan,nan,nan,0.347490,nan,nan,1,0.000034
opdformer_p_rgb_512,4966,467252/45261406/29750.723/fc04d03d-abcf-4976-aac6-069a18718b4c,0,0,nan,55.158015,55.158015,nan,nan,nan,nan,0.417234,nan,nan,1,0.000041
opdformer_p_rgb_512,4967,467252/45261406/29750.823/fc04d03d-abcf-4976-aac6-069a18718b4c,0,0,nan,53.634899,53.634899,nan,nan,nan,nan,0.294872,nan,nan,1,0.000026
opdformer_p_rgb_512,4968,467252/45261406/29750.923/fc04d03d-abcf-4976-aac6-069a18718b4c,0,0,nan,55.406662,55.406662,nan,nan,nan,nan,0.319444,nan,nan,1,0.000068
opdformer_p_rgb_512,4969,467252/45261406/29751.023/fc04d03d-abcf-4976-aac6-069a18718b4c,0,0,nan,42.631828,42.631828,nan,nan,nan,nan,0.325383,nan,nan,1,0.000060
opdformer_p_rgb_512,4970,467252/45261406/29751.123/30a1e9f9-5965-4b72-871b-b00ccbb5a56d,0,0,nan,32.552154,32.552154,nan,nan,nan,nan,0.484711,nan,nan,1,0.000026
opdformer_p_rgb_512,4971,467252/45261406/29751.123/fc04d03d-abcf-4976-aac6-069a18718b4c,0,0,nan,41.996409,41.996409,nan,nan,nan,nan,0.362517,nan,nan,1,0.000023
opdformer_p_rgb_512,4972,467252/45261406/29751.222/30a1e9f9-5965-4b72-871b-b00ccbb5a56d,0,0,nan,43.787415,43.787415,nan,nan,nan,nan,0.502793,nan,nan,1,0.000013
opdformer_p_rgb_512,4973,467252/45261406/29751.222/fc04d03d-abcf-4976-aac6-069a18718b4c,0,0,nan,48.047090,48.047090,nan,nan,nan,nan,0.388034,nan,nan,1,0.000024
opdformer_p_rgb_512,4974,467252/45261406/29751.322/30a1e9f9-5965-4b72-871b-b00ccbb5a56d,0,0,nan,45.504437,45.504437,nan,nan,nan,nan,0.501160,nan,nan,1,0.000051
opdformer_p_rgb_512,4975,467252/45261406/29751.322/fc04d03d-abcf-4976-aac6-069a18718b4c,0,0,nan,43.892135,43.892135,nan,nan,nan,nan,0.308227,nan,nan,1,0.000056
opdformer_p_rgb_512,4976,467252/45261406/29751.422/30a1e9f9-5965-4b72-871b-b00ccbb5a56d,0,0,nan,41.756831,41.756831,nan,nan,nan,nan,0.415556,nan,nan,1,0.000044
opdformer_p_rgb_512,4977,467252/45261406/29751.422/fc04d03d-abcf-4976-aac6-069a18718b4c,0,0,nan,41.500937,41.500937,nan,nan,nan,nan,0.224664,nan,nan,1,0.000070
opdformer_p_rgb_512,4978,467252/45261406/29751.522/30a1e9f9-5965-4b72-871b-b00ccbb5a56d,0,0,nan,35.991484,35.991484,nan,nan,nan,nan,0.354331,nan,nan,1,0.041922
opdformer_p_rgb_512,4979,467252/45261406/29751.522/fc04d03d-abcf-4976-aac6-069a18718b4c,0,0,nan,31.584991,31.584991,nan,nan,nan,nan,0.256774,nan,nan,1,0.000061
opdformer_p_rgb_512,4980,467252/45261406/29751.622/30a1e9f9-5965-4b72-871b-b00ccbb5a56d,0,0,nan,36.716027,36.716027,nan,nan,nan,nan,0.372716,nan,nan,1,0.267372
opdformer_p_rgb_512,4981,467252/45261406/29751.622/fc04d03d-abcf-4976-aac6-069a18718b4c,0,0,nan,34.377637,34.377637,nan,nan,nan,nan,0.300443,nan,nan,1,0.000034
opdformer_p_rgb_512,4982,467252/45261406/29751.722/30a1e9f9-5965-4b72-871b-b00ccbb5a56d,0,0,nan,44.253216,44.253216,nan,nan,nan,nan,0.525478,nan,nan,1,0.000045
opdformer_p_rgb_512,4983,467252/45261406/29751.722/fc04d03d-abcf-4976-aac6-069a18718b4c,0,0,nan,31.927547,31.927547,nan,nan,nan,nan,0.259574,nan,nan,1,0.000066
opdformer_p_rgb_512,4984,467252/45261406/29751.822/30a1e9f9-5965-4b72-871b-b00ccbb5a56d,0,0,nan,45.011853,45.011853,nan,nan,nan,nan,0.382793,nan,nan,1,0.000069
opdformer_p_rgb_512,4985,467252/45261406/29751.822/fc04d03d-abcf-4976-aac6-069a18718b4c,0,0,nan,33.386088,33.386088,nan,nan,nan,nan,0.275862,nan,nan,1,0.000110
opdformer_p_rgb_512,4986,467252/45261406/29751.922/30a1e9f9-5965-4b72-871b-b00ccbb5a56d,0,0,nan,54.292992,54.292992,nan,nan,nan,nan,0.459218,nan,nan,1,0.000134
opdformer_p_rgb_512,4987,467252/45261406/29751.922/fc04d03d-abcf-4976-aac6-069a18718b4c,0,0,nan,35.692855,35.692855,nan,nan,nan,nan,0.180723,nan,nan,1,0.021854
opdformer_p_rgb_512,4988,467252/45261406/29752.022/30a1e9f9-5965-4b72-871b-b00ccbb5a56d,0,0,nan,52.878022,52.878022,nan,nan,nan,nan,0.327742,nan,nan,1,0.000565
opdformer_p_rgb_512,4989,467252/45261406/29752.022/fc04d03d-abcf-4976-aac6-069a18718b4c,0,0,nan,33.363086,33.363086,nan,nan,nan,nan,0.174136,nan,nan,1,0.003249
opdformer_p_rgb_512,4990,467252/45261406/29752.122/30a1e9f9-5965-4b72-871b-b00ccbb5a56d,0,0,nan,56.391990,56.391990,nan,nan,nan,nan,0.285884,nan,nan,1,0.003707
opdformer_p_rgb_512,4991,467252/45261406/29752.122/fc04d03d-abcf-4976-aac6-069a18718b4c,0,0,nan,40.609742,40.609742,nan,nan,nan,nan,0.231750,nan,nan,1,0.000125
opdformer_p_rgb_512,4992,467252/45261406/29752.222/30a1e9f9-5965-4b72-871b-b00ccbb5a56d,0,0,nan,56.780034,56.780034,nan,nan,nan,nan,0.238095,nan,nan,1,0.002224
opdformer_p_rgb_512,4993,467252/45261406/29752.222/fc04d03d-abcf-4976-aac6-069a18718b4c,0,0,nan,40.356087,40.356087,nan,nan,nan,nan,0.233179,nan,nan,1,0.004812
opdformer_p_rgb_512,4994,467252/45261406/29752.322/30a1e9f9-5965-4b72-871b-b00ccbb5a56d,0,0,nan,59.515443,59.515443,nan,nan,nan,nan,0.314573,nan,nan,1,0.000176
opdformer_p_rgb_512,4995,467252/45261406/29752.322/fc04d03d-abcf-4976-aac6-069a18718b4c,0,0,nan,32.679685,32.679685,nan,nan,nan,nan,0.221080,nan,nan,1,0.009505
opdformer_p_rgb_512,4996,467252/45261406/29752.422/30a1e9f9-5965-4b72-871b-b00ccbb5a56d,0,0,nan,70.978683,70.978683,nan,nan,nan,nan,0.228541,nan,nan,1,0.007346
opdformer_p_rgb_512,4997,467252/45261406/29752.422/fc04d03d-abcf-4976-aac6-069a18718b4c,0,0,nan,41.345894,41.345894,nan,nan,nan,nan,0.201278,nan,nan,1,0.000159
opdformer_p_rgb_512,4998,467252/45261406/29752.522/30a1e9f9-5965-4b72-871b-b00ccbb5a56d,0,0,nan,64.998482,64.998482,nan,nan,nan,nan,0.394505,nan,nan,1,0.000363
opdformer_p_rgb_512,4999,467252/45261406/29752.522/fc04d03d-abcf-4976-aac6-069a18718b4c,0,0,nan,37.569712,37.569712,nan,nan,nan,nan,0.197790,nan,nan,1,0.000444
opdformer_p_rgb_512,5000,467252/45261406/29752.622/30a1e9f9-5965-4b72-871b-b00ccbb5a56d,0,0,nan,56.053336,56.053336,nan,nan,nan,nan,0.578638,nan,nan,1,0.001418
opdformer_p_rgb_512,5001,467252/45261406/29752.622/fc04d03d-abcf-4976-aac6-069a18718b4c,0,0,nan,38.357076,38.357076,nan,nan,nan,nan,0.254023,nan,nan,1,0.000157
opdformer_p_rgb_512,5002,467252/45261406/29752.722/30a1e9f9-5965-4b72-871b-b00ccbb5a56d,0,0,nan,71.490146,71.490146,nan,nan,nan,nan,0.501714,nan,nan,1,0.000327
opdformer_p_rgb_512,5003,467252/45261406/29752.722/fc04d03d-abcf-4976-aac6-069a18718b4c,0,0,nan,45.587169,45.587169,nan,nan,nan,nan,0.281657,nan,nan,1,0.000191
opdformer_p_rgb_512,5004,467252/45261406/29752.822/30a1e9f9-5965-4b72-871b-b00ccbb5a56d,0,0,nan,58.303733,58.303733,nan,nan,nan,nan,0.165509,nan,nan,1,0.002501
opdformer_p_rgb_512,5005,467252/45261406/29752.822/fc04d03d-abcf-4976-aac6-069a18718b4c,0,0,nan,56.384960,56.384960,nan,nan,nan,nan,0.215190,nan,nan,1,0.000781
opdformer_p_rgb_512,5006,467252/45261406/29752.922/30a1e9f9-5965-4b72-871b-b00ccbb5a56d,0,0,nan,46.565069,46.565069,nan,nan,nan,nan,0.367661,nan,nan,1,0.000152
opdformer_p_rgb_512,5007,467252/45261406/29752.922/fc04d03d-abcf-4976-aac6-069a18718b4c,0,0,nan,35.521346,35.521346,nan,nan,nan,nan,0.251404,nan,nan,1,0.010087
opdformer_p_rgb_512,5008,467252/45261406/29753.022/30a1e9f9-5965-4b72-871b-b00ccbb5a56d,0,0,nan,63.708628,63.708628,nan,nan,nan,nan,0.191446,nan,nan,1,0.000257
opdformer_p_rgb_512,5009,467252/45261406/29753.022/fc04d03d-abcf-4976-aac6-069a18718b4c,0,0,nan,61.297796,61.297796,nan,nan,nan,nan,0.173010,nan,nan,1,0.001581
opdformer_p_rgb_512,5010,467252/45261406/29753.122/30a1e9f9-5965-4b72-871b-b00ccbb5a56d,0,0,nan,52.049365,52.049365,nan,nan,nan,nan,0.279917,nan,nan,1,0.000254
opdformer_p_rgb_512,5011,467252/45261406/29753.122/fc04d03d-abcf-4976-aac6-069a18718b4c,0,0,nan,46.712049,46.712049,nan,nan,nan,nan,0.162791,nan,nan,1,0.000358
opdformer_p_rgb_512,5012,467252/45261406/29753.222/30a1e9f9-5965-4b72-871b-b00ccbb5a56d,0,0,nan,37.926494,37.926494,nan,nan,nan,nan,0.261692,nan,nan,1,0.000278
opdformer_p_rgb_512,5013,467252/45261406/29753.222/fc04d03d-abcf-4976-aac6-069a18718b4c,0,0,nan,42.508020,42.508020,nan,nan,nan,nan,0.208195,nan,nan,1,0.000360
opdformer_p_rgb_512,5014,467252/45261406/29753.322/30a1e9f9-5965-4b72-871b-b00ccbb5a56d,0,0,nan,55.345534,55.345534,nan,nan,nan,nan,0.143004,nan,nan,1,0.000571
opdformer_p_rgb_512,5015,467252/45261406/29753.322/fc04d03d-abcf-4976-aac6-069a18718b4c,0,0,nan,56.837560,56.837560,nan,nan,nan,nan,0.165432,nan,nan,1,0.000249
opdformer_p_rgb_512,5016,467252/45261406/29753.422/30a1e9f9-5965-4b72-871b-b00ccbb5a56d,0,0,nan,50.592183,50.592183,nan,nan,nan,nan,0.187977,nan,nan,1,0.000367
opdformer_p_rgb_512,5017,467252/45261406/29753.422/fc04d03d-abcf-4976-aac6-069a18718b4c,0,0,nan,64.478668,64.478668,nan,nan,nan,nan,0.163515,nan,nan,1,0.000177
opdformer_p_rgb_512,5018,467252/45261406/29753.522/30a1e9f9-5965-4b72-871b-b00ccbb5a56d,0,0,nan,39.772288,39.772288,nan,nan,nan,nan,0.206290,nan,nan,1,0.000309
opdformer_p_rgb_512,5019,467252/45261406/29753.522/fc04d03d-abcf-4976-aac6-069a18718b4c,0,0,nan,39.008656,39.008656,nan,nan,nan,nan,0.161926,nan,nan,1,0.000144
opdformer_p_rgb_512,5020,467252/45261406/29753.622/30a1e9f9-5965-4b72-871b-b00ccbb5a56d,0,0,nan,41.118998,41.118998,nan,nan,nan,nan,0.136872,nan,nan,1,0.000124
opdformer_p_rgb_512,5021,467252/45261406/29753.622/fc04d03d-abcf-4976-aac6-069a18718b4c,0,0,nan,59.926718,59.926718,nan,nan,nan,nan,0.193515,nan,nan,1,0.000119
opdformer_p_rgb_512,5022,467252/45261406/29753.721/30a1e9f9-5965-4b72-871b-b00ccbb5a56d,0,0,nan,56.338287,56.338287,nan,nan,nan,nan,0.294615,nan,nan,1,0.000177
opdformer_p_rgb_512,5023,467252/45261406/29753.721/6b997256-695a-4ef4-a3d1-bb80dbe42989,0,-1,nan,90.000000,90.000000,nan,nan,nan,nan,0.000000,nan,nan,0,nan
opdformer_p_rgb_512,5024,467252/45261406/29753.721/fc04d03d-abcf-4976-aac6-069a18718b4c,0,0,nan,55.278431,55.278431,nan,nan,nan,nan,0.165493,nan,nan,1,0.000420
opdformer_p_rgb_512,5025,467252/45261406/29753.821/30a1e9f9-5965-4b72-871b-b00ccbb5a56d,0,0,nan,43.173923,43.173923,nan,nan,nan,nan,0.205253,nan,nan,1,0.002006
opdformer_p_rgb_512,5026,467252/45261406/29753.821/6b997256-695a-4ef4-a3d1-bb80dbe42989,0,-1,nan,90.000000,90.000000,nan,nan,nan,nan,0.000000,nan,nan,0,nan
opdformer_p_rgb_512,5027,467252/45261406/29753.821/fc04d03d-abcf-4976-aac6-069a18718b4c,0,0,nan,40.235755,40.235755,nan,nan,nan,nan,0.202629,nan,nan,1,0.000152
opdformer_p_rgb_512,5028,467252/45261406/29753.921/30a1e9f9-5965-4b72-871b-b00ccbb5a56d,0,0,nan,40.847352,40.847352,nan,nan,nan,nan,0.243830,nan,nan,1,0.000499
opdformer_p_rgb_512,5029,467252/45261406/29753.921/6b997256-695a-4ef4-a3d1-bb80dbe42989,0,-1,nan,90.000000,90.000000,nan,nan,nan,nan,0.000000,nan,nan,0,nan
opdformer_p_rgb_512,5030,467252/45261406/29753.921/fc04d03d-abcf-4976-aac6-069a18718b4c,0,0,nan,28.947824,28.947824,nan,nan,nan,nan,0.218750,nan,nan,1,0.000157
opdformer_p_rgb_512,5031,467252/45261406/29754.021/30a1e9f9-5965-4b72-871b-b00ccbb5a56d,0,0,nan,49.658561,49.658561,nan,nan,nan,nan,0.281690,nan,nan,1,0.004721
opdformer_p_rgb_512,5032,467252/45261406/29754.021/6b997256-695a-4ef4-a3d1-bb80dbe42989,0,-1,nan,90.000000,90.000000,nan,nan,nan,nan,0.000000,nan,nan,0,nan
opdformer_p_rgb_512,5033,467252/45261406/29754.021/fc04d03d-abcf-4976-aac6-069a18718b4c,0,0,nan,52.082838,52.082838,nan,nan,nan,nan,0.240493,nan,nan,1,0.000531
opdformer_p_rgb_512,5034,467252/45261406/29754.121/30a1e9f9-5965-4b72-871b-b00ccbb5a56d,0,0,nan,36.950947,36.950947,nan,nan,nan,nan,0.264565,nan,nan,1,0.000113
opdformer_p_rgb_512,5035,467252/45261406/29754.121/6b997256-695a-4ef4-a3d1-bb80dbe42989,0,-1,nan,90.000000,90.000000,nan,nan,nan,nan,0.000000,nan,nan,0,nan
opdformer_p_rgb_512,5036,467252/45261406/29754.121/fc04d03d-abcf-4976-aac6-069a18718b4c,0,0,nan,30.548497,30.548497,nan,nan,nan,nan,0.255952,nan,nan,1,0.000126
opdformer_p_rgb_512,5037,467252/45261406/29754.221/30a1e9f9-5965-4b72-871b-b00ccbb5a56d,0,0,nan,48.022466,48.022466,nan,nan,nan,nan,0.263749,nan,nan,1,0.001413
opdformer_p_rgb_512,5038,467252/45261406/29754.221/6b997256-695a-4ef4-a3d1-bb80dbe42989,0,-1,nan,90.000000,90.000000,nan,nan,nan,nan,0.000000,nan,nan,0,nan
opdformer_p_rgb_512,5039,467252/45261406/29754.221/fc04d03d-abcf-4976-aac6-069a18718b4c,0,0,nan,35.526789,35.526789,nan,nan,nan,nan,0.253949,nan,nan,1,0.002120
opdformer_p_rgb_512,5040,467252/45261406/29754.321/30a1e9f9-5965-4b72-871b-b00ccbb5a56d,0,0,nan,38.835595,38.835595,nan,nan,nan,nan,0.350593,nan,nan,1,0.000124
opdformer_p_rgb_512,5041,467252/45261406/29754.321/6b997256-695a-4ef4-a3d1-bb80dbe42989,0,-1,nan,90.000000,90.000000,nan,nan,nan,nan,0.000000,nan,nan,0,nan
opdformer_p_rgb_512,5042,467252/45261406/29754.321/fc04d03d-abcf-4976-aac6-069a18718b4c,0,0,nan,29.587435,29.587435,nan,nan,nan,nan,0.225600,nan,nan,1,0.000156
opdformer_p_rgb_512,5043,467252/45261406/29754.421/30a1e9f9-5965-4b72-871b-b00ccbb5a56d,0,0,nan,48.025175,48.025175,nan,nan,nan,nan,0.318902,nan,nan,1,0.000111
opdformer_p_rgb_512,5044,467252/45261406/29754.421/6b997256-695a-4ef4-a3d1-bb80dbe42989,0,0,nan,36.156295,36.156295,nan,nan,nan,nan,0.124122,nan,nan,1,0.000890
opdformer_p_rgb_512,5045,467252/45261406/29754.421/fc04d03d-abcf-4976-aac6-069a18718b4c,0,0,nan,36.228711,36.228711,nan,nan,nan,nan,0.253416,nan,nan,1,0.000709
opdformer_p_rgb_512,5046,467252/45261406/29754.521/30a1e9f9-5965-4b72-871b-b00ccbb5a56d,0,0,nan,34.709818,34.709818,nan,nan,nan,nan,0.249476,nan,nan,1,0.000107
opdformer_p_rgb_512,5047,467252/45261406/29754.521/6b997256-695a-4ef4-a3d1-bb80dbe42989,0,0,nan,29.425568,29.425568,nan,nan,nan,nan,0.134515,nan,nan,1,0.000394
opdformer_p_rgb_512,5048,467252/45261406/29754.521/fc04d03d-abcf-4976-aac6-069a18718b4c,0,0,nan,25.825718,25.825718,nan,nan,nan,nan,0.344512,nan,nan,1,0.001647
opdformer_p_rgb_512,5049,467252/45261406/29754.621/30a1e9f9-5965-4b72-871b-b00ccbb5a56d,0,0,nan,35.255049,35.255049,nan,nan,nan,nan,0.215010,nan,nan,1,0.004516
opdformer_p_rgb_512,5050,467252/45261406/29754.621/6b997256-695a-4ef4-a3d1-bb80dbe42989,0,0,nan,20.217124,20.217124,nan,nan,nan,nan,0.162488,nan,nan,1,0.000349
opdformer_p_rgb_512,5051,467252/45261406/29754.621/fc04d03d-abcf-4976-aac6-069a18718b4c,0,0,nan,22.000507,22.000507,nan,nan,nan,nan,0.302926,nan,nan,1,0.018148
opdformer_p_rgb_512,5052,467252/45261406/29754.721/30a1e9f9-5965-4b72-871b-b00ccbb5a56d,0,0,nan,40.251286,40.251286,nan,nan,nan,nan,0.380383,nan,nan,1,0.000149
opdformer_p_rgb_512,5053,467252/45261406/29754.721/fc04d03d-abcf-4976-aac6-069a18718b4c,0,0,nan,30.106133,30.106133,nan,nan,nan,nan,0.344498,nan,nan,1,0.003901
opdformer_p_rgb_512,5054,467252/45261406/29754.821/fc04d03d-abcf-4976-aac6-069a18718b4c,0,0,nan,25.780025,25.780025,nan,nan,nan,nan,0.303846,nan,nan,1,0.001663
opdformer_p_rgb_512,5055,467252/45261406/29754.921/fc04d03d-abcf-4976-aac6-069a18718b4c,0,0,nan,35.339325,35.339325,nan,nan,nan,nan,0.308840,nan,nan,1,0.000121
opdformer_p_rgb_512,5056,467252/45261406/29755.021/fc04d03d-abcf-4976-aac6-069a18718b4c,0,0,nan,36.531805,36.531805,nan,nan,nan,nan,0.293187,nan,nan,1,0.000485
opdformer_p_rgb_512,5057,467252/45261406/29755.121/fc04d03d-abcf-4976-aac6-069a18718b4c,0,0,nan,34.396716,34.396716,nan,nan,nan,nan,0.365285,nan,nan,1,0.000159
opdformer_p_rgb_512,5058,467252/45261406/29755.221/fc04d03d-abcf-4976-aac6-069a18718b4c,0,0,nan,41.428550,41.428550,nan,nan,nan,nan,0.221545,nan,nan,1,0.000108
opdformer_p_rgb_512,5059,467252/45261406/29774.313/6b997256-695a-4ef4-a3d1-bb80dbe42989,0,0,nan,17.096274,17.096274,nan,nan,nan,nan,0.507983,nan,nan,1,0.000134
opdformer_p_rgb_512,5060,467252/45261406/29774.413/6b997256-695a-4ef4-a3d1-bb80dbe42989,0,0,nan,23.588068,23.588068,nan,nan,nan,nan,0.352258,nan,nan,1,0.000102
opdformer_p_rgb_512,5061,467252/45261406/29774.513/6b997256-695a-4ef4-a3d1-bb80dbe42989,0,0,nan,25.468629,25.468629,nan,nan,nan,nan,0.446774,nan,nan,1,0.001098
opdformer_p_rgb_512,5062,467252/45261406/29774.613/30a1e9f9-5965-4b72-871b-b00ccbb5a56d,0,0,nan,22.532300,22.532300,nan,nan,nan,nan,0.295181,nan,nan,1,0.000431
opdformer_p_rgb_512,5063,467252/45261406/29774.613/6b997256-695a-4ef4-a3d1-bb80dbe42989,0,0,nan,16.265673,16.265673,nan,nan,nan,nan,0.337176,nan,nan,1,0.000566
opdformer_p_rgb_512,5064,467252/45261406/29774.713/30a1e9f9-5965-4b72-871b-b00ccbb5a56d,0,0,nan,32.953100,32.953100,nan,nan,nan,nan,0.277405,nan,nan,1,0.000792
opdformer_p_rgb_512,5065,467252/45261406/29774.713/6b997256-695a-4ef4-a3d1-bb80dbe42989,0,0,nan,25.800224,25.800224,nan,nan,nan,nan,0.375212,nan,nan,1,0.206135
opdformer_p_rgb_512,5066,467252/45261406/29774.813/30a1e9f9-5965-4b72-871b-b00ccbb5a56d,0,0,nan,20.698917,20.698917,nan,nan,nan,nan,0.364800,nan,nan,1,0.000261
opdformer_p_rgb_512,5067,467252/45261406/29774.813/6b997256-695a-4ef4-a3d1-bb80dbe42989,0,0,nan,16.619184,16.619184,nan,nan,nan,nan,0.400651,nan,nan,1,0.138944
opdformer_p_rgb_512,5068,467252/45261406/29774.913/30a1e9f9-5965-4b72-871b-b00ccbb5a56d,0,0,nan,14.238594,14.238594,nan,nan,nan,nan,0.360544,nan,nan,1,0.000459
opdformer_p_rgb_512,5069,467252/45261406/29774.913/6b997256-695a-4ef4-a3d1-bb80dbe42989,0,0,nan,11.883576,11.883576,nan,nan,nan,nan,0.429078,nan,nan,1,0.182157
opdformer_p_rgb_512,5070,467252/45261406/29775.013/30a1e9f9-5965-4b72-871b-b00ccbb5a56d,0,0,nan,15.809130,15.809130,nan,nan,nan,nan,0.191693,nan,nan,1,0.000353
opdformer_p_rgb_512,5071,467252/45261406/29775.013/6b997256-695a-4ef4-a3d1-bb80dbe42989,0,0,nan,9.677667,9.677667,nan,nan,nan,nan,0.350327,nan,nan,1,0.000126
opdformer_p_rgb_512,5072,467252/45261406/29775.113/30a1e9f9-5965-4b72-871b-b00ccbb5a56d,0,0,nan,27.091584,27.091584,nan,nan,nan,nan,0.246445,nan,nan,1,0.000178
opdformer_p_rgb_512,5073,467252/45261406/29775.113/6b997256-695a-4ef4-a3d1-bb80dbe42989,0,0,nan,20.388990,20.388990,nan,nan,nan,nan,0.319413,nan,nan,1,0.000164
opdformer_p_rgb_512,5074,467252/45261406/29821.528/4af268d7-b8b5-4637-b250-30bcd1bda6ed,0,0,nan,64.290537,64.290537,nan,nan,nan,nan,0.727103,nan,nan,1,0.000958
opdformer_p_rgb_512,5075,467252/45261406/29821.628/4af268d7-b8b5-4637-b250-30bcd1bda6ed,0,0,nan,73.021821,73.021821,nan,nan,nan,nan,0.716418,nan,nan,1,0.000062
opdformer_p_rgb_512,5076,467252/45261406/29821.728/4af268d7-b8b5-4637-b250-30bcd1bda6ed,0,0,nan,72.887104,72.887104,nan,nan,nan,nan,0.679039,nan,nan,1,0.000053
opdformer_p_rgb_512,5077,467252/45261406/29821.828/4af268d7-b8b5-4637-b250-30bcd1bda6ed,0,0,nan,92.522160,87.477840,nan,nan,nan,nan,0.490610,nan,nan,1,0.000139
opdformer_p_rgb_512,5078,467252/45261406/29821.928/4af268d7-b8b5-4637-b250-30bcd1bda6ed,0,0,nan,83.404401,83.404401,nan,nan,nan,nan,0.558376,nan,nan,1,0.000321
opdformer_p_rgb_512,5079,467252/45261406/29822.028/4af268d7-b8b5-4637-b250-30bcd1bda6ed,0,0,nan,83.784702,83.784702,nan,nan,nan,nan,0.479070,nan,nan,1,0.000120
opdformer_p_rgb_512,5080,467252/45261406/29822.128/4af268d7-b8b5-4637-b250-30bcd1bda6ed,0,0,nan,29.543879,29.543879,nan,nan,nan,nan,0.508299,nan,nan,1,0.000174
opdformer_p_rgb_512,5081,467252/45261406/29822.228/4af268d7-b8b5-4637-b250-30bcd1bda6ed,0,0,nan,18.613687,18.613687,nan,nan,nan,nan,0.690027,nan,nan,1,0.000102
opdformer_p_rgb_512,5082,467252/45261406/29822.328/4af268d7-b8b5-4637-b250-30bcd1bda6ed,0,0,nan,42.091426,42.091426,nan,nan,nan,nan,0.161765,nan,nan,1,0.000080
opdformer_p_rgb_512,5083,467252/45261406/29822.428/4af268d7-b8b5-4637-b250-30bcd1bda6ed,0,0,nan,43.988729,43.988729,nan,nan,nan,nan,0.458647,nan,nan,1,0.000569
opdformer_p_rgb_512,5084,467252/45261407/29671.621/a0d3c65b-59ed-4129-a94b-44ec4097da4c,0,0,nan,7.239211,7.239211,nan,nan,nan,nan,0.768692,nan,nan,1,0.000036
opdformer_p_rgb_512,5085,467252/45261407/29671.721/a0d3c65b-59ed-4129-a94b-44ec4097da4c,0,0,nan,66.661118,66.661118,nan,nan,nan,nan,0.671287,nan,nan,1,0.000625
opdformer_p_rgb_512,5086,467252/45261407/29671.821/a0d3c65b-59ed-4129-a94b-44ec4097da4c,0,0,nan,71.365290,71.365290,nan,nan,nan,nan,0.846154,nan,nan,1,0.000290
opdformer_p_rgb_512,5087,467252/45261407/29671.921/a0d3c65b-59ed-4129-a94b-44ec4097da4c,0,0,nan,65.852717,65.852717,nan,nan,nan,nan,0.732240,nan,nan,1,0.000160
