epoch,step,train/L_coord_epoch,train/L_coord_step,train/L_kld_epoch,train/L_kld_step,train/L_mask_epoch,train/L_mask_step,train/L_motion_recon_epoch,train/L_motion_recon_step,train/L_motion_type_epoch,train/L_motion_type_step,train/L_origin_epoch,train/L_origin_map_epoch,train/L_origin_map_step,train/L_origin_step,train/L_point_3d_epoch,train/L_point_3d_step,train/L_point_map_epoch,train/L_point_map_step,train/L_trajectory_epoch,train/L_trajectory_step,train/L_vae_total_epoch,train/L_vae_total_step,train/loss_total_epoch,train/loss_total_step,val/L_coord,val/L_kld,val/L_mask,val/L_motion_recon,val/L_motion_type,val/L_origin,val/L_origin_map,val/L_point_3d,val/L_point_map,val/L_trajectory,val/L_vae_total,val/loss_total
0,9,,0.2274506837129593,,0.0,,0.5568443536758423,,0.0,,0.0,,,0.0,0.0,,0.15696895122528076,,0.7837153673171997,,0.015549850650131702,,0.0,,0.8702646493911743,,,,,,,,,,,,
0,19,,0.21167416870594025,,0.0,,0.5234512090682983,,0.0,,0.0,,,0.0,0.0,,0.17063122987747192,,0.6334910988807678,,0.013867734000086784,,0.0,,0.7765577435493469,,,,,,,,,,,,
0,29,,0.19651836156845093,,0.0,,0.5185084939002991,,0.0,,0.0,,,0.0,0.0,,0.1849881112575531,,0.6438250541687012,,0.02045690268278122,,0.0,,0.7821484804153442,,,,,,,,,,,,
0,39,,0.1818944364786148,,0.0,,0.5212039351463318,,0.0,,0.0,,,0.0,0.0,,0.16577790677547455,,0.5846645832061768,,0.01652270182967186,,0.0,,0.73503178358078,,,,,,,,,,,,
0,49,,0.1736677885055542,,0.0,,0.5201946496963501,,0.0,,0.0,,,0.0,0.0,,0.08772581070661545,,0.5243033170700073,,0.018394196406006813,,0.0,,0.6621428728103638,,,,,,,,,,,,
0,59,,0.16320176422595978,,0.0,,0.521285891532898,,0.0,,0.0,,,0.0,0.0,,0.11895136535167694,,0.4928668737411499,,0.012566004879772663,,0.0,,0.654435932636261,,,,,,,,,,,,
0,69,,0.16917283833026886,,0.0,,0.5163552761077881,,0.0,,0.0,,,0.0,0.0,,0.0941464751958847,,0.5245559215545654,,0.012335461564362049,,0.0,,0.658282995223999,,,,,,,,,,,,
0,79,,0.1573687642812729,,0.0,,0.5174896121025085,,0.0,,0.0,,,0.0,0.0,,0.08633723855018616,,0.4779090881347656,,0.012911497615277767,,0.0,,0.6260080337524414,,,,,,,,,,,,
0,89,,0.15141358971595764,,0.0,,0.5151337385177612,,0.0,,0.0,,,0.0,0.0,,0.09544884413480759,,0.4695241451263428,,0.014304794371128082,,0.0,,0.6229125261306763,,,,,,,,,,,,
0,99,,0.14300909638404846,,0.0,,0.5174110531806946,,0.0,,0.0,,,0.0,0.0,,0.07350923866033554,,0.4395180940628052,,0.017134539783000946,,0.0,,0.595291018486023,,,,,,,,,,,,
0,109,,0.14699092507362366,,0.0,,0.5158851146697998,,0.0,,0.0,,,0.0,0.0,,0.09610772132873535,,0.4370236396789551,,0.01485204603523016,,0.0,,0.6054297089576721,,,,,,,,,,,,
0,119,,0.14305450022220612,,0.0,,0.513992428779602,,0.0,,0.0,,,0.0,0.0,,0.08366517722606659,,0.4311787784099579,,0.01699814945459366,,0.0,,0.5944445133209229,,,,,,,,,,,,
0,129,,0.13596570491790771,,0.0,,0.5154770016670227,,0.0,,0.0,,,0.0,0.0,,0.06380607932806015,,0.44249752163887024,,0.013465563766658306,,0.0,,0.5856059193611145,,,,,,,,,,,,
0,139,,0.1311109960079193,,0.0,,0.5125077962875366,,0.0,,0.0,,,0.0,0.0,,0.05990191549062729,,0.4644823670387268,,0.023012304678559303,,0.0,,0.5955076813697815,,,,,,,,,,,,
0,149,,0.14193439483642578,,0.0,,0.5178272128105164,,0.0,,0.0,,,0.0,0.0,,0.08216781914234161,,0.42824143171310425,,0.01693364605307579,,0.0,,0.59355229139328,,,,,,,,,,,,
0,159,,0.12451514601707458,,0.0,,0.5133758187294006,,0.0,,0.0,,,0.0,0.0,,0.050889622420072556,,0.39639750123023987,,0.013207732699811459,,0.0,,0.5491929054260254,,,,,,,,,,,,
0,169,,0.12714026868343353,,0.0,,0.5117238759994507,,0.0,,0.0,,,0.0,0.0,,0.06941714882850647,,0.4176984429359436,,0.014246500097215176,,0.0,,0.5701130628585815,,,,,,,,,,,,
0,179,,0.11300516873598099,,0.0,,0.5116029381752014,,0.0,,0.0,,,0.0,0.0,,0.06063610315322876,,0.3935019373893738,,0.009882652200758457,,0.0,,0.5443143844604492,,,,,,,,,,,,
0,189,,0.1059788390994072,,0.0,,0.5112307667732239,,0.0,,0.0,,,0.0,0.0,,0.04761083051562309,,0.3656047582626343,,0.012479922734200954,,0.0,,0.5214525461196899,,,,,,,,,,,,
0,199,,0.11054737865924835,,0.0,,0.5098243951797485,,0.0,,0.0,,,0.0,0.0,,0.05907195433974266,,0.3614368140697479,,0.014977890066802502,,0.0,,0.5279292464256287,,,,,,,,,,,,
0,209,,0.1026867926120758,,0.0,,0.510360836982727,,0.0,,0.0,,,0.0,0.0,,0.06793689727783203,,0.39030319452285767,,0.01922200806438923,,0.0,,0.5452548861503601,,,,,,,,,,,,
0,219,,0.09538126736879349,,0.0,,0.5065101981163025,,0.0,,0.0,,,0.0,0.0,,0.04883427172899246,,0.3532322943210602,,0.018985383212566376,,0.0,,0.5114717483520508,,,,,,,,,,,,
0,229,,0.09417027235031128,,0.0,,0.5051735043525696,,0.0,,0.0,,,0.0,0.0,,0.04610040783882141,,0.32598158717155457,,0.011652430519461632,,0.0,,0.4915390908718109,,,,,,,,,,,,
0,239,,0.10364536195993423,,0.0,,0.5032857656478882,,0.0,,0.0,,,0.0,0.0,,0.04471610113978386,,0.3371676802635193,,0.012372024357318878,,0.0,,0.5005934834480286,,,,,,,,,,,,
0,249,,0.09261681884527206,,0.0,,0.502993643283844,,0.0,,0.0,,,0.0,0.0,,0.04216794669628143,,0.3275998830795288,,0.010229937732219696,,0.0,,0.487804114818573,,,,,,,,,,,,
0,259,,0.09438608586788177,,0.0,,0.4992287755012512,,0.0,,0.0,,,0.0,0.0,,0.04334251582622528,,0.3188101053237915,,0.016089970245957375,,0.0,,0.4859287440776825,,,,,,,,,,,,
0,269,,0.09719433635473251,,0.0,,0.4970472455024719,,0.0,,0.0,,,0.0,0.0,,0.04784615337848663,,0.3150571584701538,,0.011535095050930977,,0.0,,0.48433998227119446,,,,,,,,,,,,
0,279,,0.08818761259317398,,0.0,,0.4966745972633362,,0.0,,0.0,,,0.0,0.0,,0.0453776940703392,,0.323358952999115,,0.013912753202021122,,0.0,,0.48375579714775085,,,,,,,,,,,,
0,289,,0.08995860815048218,,0.0,,0.4979672431945801,,0.0,,0.0,,,0.0,0.0,,0.03170467168092728,,0.3100205361843109,,0.012224039062857628,,0.0,,0.4709375500679016,,,,,,,,,,,,
0,299,,0.07629242539405823,,0.0,,0.4968428611755371,,0.0,,0.0,,,0.0,0.0,,0.031048540025949478,,0.3091634511947632,,0.01280854269862175,,0.0,,0.4630779027938843,,,,,,,,,,,,
0,309,,0.08119557797908783,,0.0,,0.4892187714576721,,0.0,,0.0,,,0.0,0.0,,0.034707941114902496,,0.28866761922836304,,0.010694869793951511,,0.0,,0.4522424042224884,,,,,,,,,,,,
0,319,,0.08914409577846527,,0.0,,0.49226999282836914,,0.0,,0.0,,,0.0,0.0,,0.03547028452157974,,0.32295358180999756,,0.011480695568025112,,0.0,,0.4756593406200409,,,,,,,,,,,,
0,329,,0.07868508994579315,,0.0,,0.4947361946105957,,0.0,,0.0,,,0.0,0.0,,0.02683502808213234,,0.2949099838733673,,0.013746755197644234,,0.0,,0.45445650815963745,,,,,,,,,,,,
0,339,,0.07621237635612488,,0.0,,0.49149054288864136,,0.0,,0.0,,,0.0,0.0,,0.03199306130409241,,0.29963573813438416,,0.010128486901521683,,0.0,,0.4547300934791565,,,,,,,,,,,,
0,349,,0.07781991362571716,,0.0,,0.483211874961853,,0.0,,0.0,,,0.0,0.0,,0.02761179208755493,,0.28988930583000183,,0.008913116529583931,,0.0,,0.44372302293777466,,,,,,,,,,,,
0,359,,0.08159219473600388,,0.0,,0.48375314474105835,,0.0,,0.0,,,0.0,0.0,,0.03373903036117554,,0.2927846312522888,,0.010926407761871815,,0.0,,0.45139771699905396,,,,,,,,,,,,
0,369,,0.07400581240653992,,0.0,,0.4802825450897217,,0.0,,0.0,,,0.0,0.0,,0.0228537917137146,,0.28408604860305786,,0.013450034894049168,,0.0,,0.43733909726142883,,,,,,,,,,,,
0,379,,0.07807321846485138,,0.0,,0.47942623496055603,,0.0,,0.0,,,0.0,0.0,,0.03851435333490372,,0.2822655439376831,,0.010298000648617744,,0.0,,0.4442887008190155,,,,,,,,,,,,
0,389,,0.06398433446884155,,0.0,,0.4784678518772125,,0.0,,0.0,,,0.0,0.0,,0.022949403151869774,,0.27554643154144287,,0.012247765436768532,,0.0,,0.42659786343574524,,,,,,,,,,,,
0,399,,0.07438407838344574,,0.0,,0.47786691784858704,,0.0,,0.0,,,0.0,0.0,,0.028644636273384094,,0.28311416506767273,,0.016381723806262016,,0.0,,0.440195769071579,,,,,,,,,,,,
0,409,,0.0639805793762207,,0.0,,0.4785543978214264,,0.0,,0.0,,,0.0,0.0,,0.025794237852096558,,0.2846447229385376,,0.015771301463246346,,0.0,,0.4343726336956024,,,,,,,,,,,,
0,419,,0.07676738500595093,,0.0,,0.4862377643585205,,0.0,,0.0,,,0.0,0.0,,0.03100433014333248,,0.2849523723125458,,0.010027209296822548,,0.0,,0.4444945454597473,,,,,,,,,,,,
0,421,,,,,,,,,,,,,,,,,,,,,,,,,0.11184200644493103,0.0,0.49234455823898315,0.0,0.0,0.0,0.0,0.05960293114185333,0.2959146499633789,0.013348927721381187,0.0,0.4865264892578125
0,421,0.11742499470710754,,0.0,,0.5133280158042908,,0.0,,0.0,,0.0,0.0,,,0.06775613874197006,,0.4033743441104889,,0.014253421686589718,,0.0,,0.5580682158470154,,,,,,,,,,,,,
1,429,,0.06713595986366272,,0.0,,0.4697589874267578,,0.0,,0.0,,,0.0,0.0,,0.026195382699370384,,0.25739651918411255,,0.014215500093996525,,0.0,,0.41735121607780457,,,,,,,,,,,,
1,439,,0.06082762032747269,,0.0,,0.47338351607322693,,0.0,,0.0,,,0.0,0.0,,0.01881229877471924,,0.25540632009506226,,0.014797394163906574,,0.0,,0.4116135537624359,,,,,,,,,,,,
1,449,,0.0709041878581047,,0.0,,0.47298336029052734,,0.0,,0.0,,,0.0,0.0,,0.02686796896159649,,0.24751624464988708,,0.015056107193231583,,0.0,,0.4166639745235443,,,,,,,,,,,,
1,459,,0.06920407712459564,,0.0,,0.46584367752075195,,0.0,,0.0,,,0.0,0.0,,0.02258952707052231,,0.2591680884361267,,0.012448403052985668,,0.0,,0.4146268963813782,,,,,,,,,,,,
1,469,,0.06027515232563019,,0.0,,0.4704197347164154,,0.0,,0.0,,,0.0,0.0,,0.021483466029167175,,0.24765656888484955,,0.01325148530304432,,0.0,,0.40654319524765015,,,,,,,,,,,,
1,479,,0.059570327401161194,,0.0,,0.4665600061416626,,0.0,,0.0,,,0.0,0.0,,0.01960592344403267,,0.24598067998886108,,0.016394570469856262,,0.0,,0.40405574440956116,,,,,,,,,,,,
1,489,,0.059988267719745636,,0.0,,0.4670056998729706,,0.0,,0.0,,,0.0,0.0,,0.01935981959104538,,0.24430054426193237,,0.01315311435610056,,0.0,,0.4019037187099457,,,,,,,,,,,,
1,499,,0.05818998068571091,,0.0,,0.45877325534820557,,0.0,,0.0,,,0.0,0.0,,0.01893983595073223,,0.23924048244953156,,0.011325818486511707,,0.0,,0.3932346999645233,,,,,,,,,,,,
1,509,,0.05813417583703995,,0.0,,0.4607251286506653,,0.0,,0.0,,,0.0,0.0,,0.022424519062042236,,0.257254421710968,,0.012674625962972641,,0.0,,0.4056064486503601,,,,,,,,,,,,
1,519,,0.05900920554995537,,0.0,,0.4620325565338135,,0.0,,0.0,,,0.0,0.0,,0.02225550077855587,,0.25787293910980225,,0.010800453834235668,,0.0,,0.4059853255748749,,,,,,,,,,,,
1,529,,0.0557030625641346,,0.0,,0.4573146104812622,,0.0,,0.0,,,0.0,0.0,,0.019631654024124146,,0.23345963656902313,,0.011488140560686588,,0.0,,0.3887985646724701,,,,,,,,,,,,
1,539,,0.059331633150577545,,0.0,,0.4580608606338501,,0.0,,0.0,,,0.0,0.0,,0.01910116709768772,,0.240105539560318,,0.012430164031684399,,0.0,,0.39451467990875244,,,,,,,,,,,,
1,549,,0.05423089489340782,,0.0,,0.46016156673431396,,0.0,,0.0,,,0.0,0.0,,0.020358484238386154,,0.24162296950817108,,0.011282903142273426,,0.0,,0.393828421831131,,,,,,,,,,,,
1,559,,0.054449744522571564,,0.0,,0.4514107406139374,,0.0,,0.0,,,0.0,0.0,,0.01877337507903576,,0.23398542404174805,,0.01508349645882845,,0.0,,0.38685140013694763,,,,,,,,,,,,
1,569,,0.05345115810632706,,0.0,,0.45071399211883545,,0.0,,0.0,,,0.0,0.0,,0.01719396375119686,,0.2423945665359497,,0.015372312627732754,,0.0,,0.38956302404403687,,,,,,,,,,,,
1,579,,0.05663176625967026,,0.0,,0.46406155824661255,,0.0,,0.0,,,0.0,0.0,,0.017900262027978897,,0.23388829827308655,,0.01340126059949398,,0.0,,0.39294159412384033,,,,,,,,,,,,
1,589,,0.051354214549064636,,0.0,,0.45615196228027344,,0.0,,0.0,,,0.0,0.0,,0.016769973561167717,,0.2477564811706543,,0.014262198470532894,,0.0,,0.39314740896224976,,,,,,,,,,,,
1,599,,0.05860591679811478,,0.0,,0.44879642128944397,,0.0,,0.0,,,0.0,0.0,,0.016328206285834312,,0.23332858085632324,,0.012359937652945518,,0.0,,0.38470950722694397,,,,,,,,,,,,
1,609,,0.053310416638851166,,0.0,,0.4473046064376831,,0.0,,0.0,,,0.0,0.0,,0.02048649452626705,,0.2300935983657837,,0.013234074227511883,,0.0,,0.38221457600593567,,,,,,,,,,,,
1,619,,0.05244503170251846,,0.0,,0.45419877767562866,,0.0,,0.0,,,0.0,0.0,,0.01667323336005211,,0.22537270188331604,,0.017692744731903076,,0.0,,0.3831912577152252,,,,,,,,,,,,
1,629,,0.05403068661689758,,0.0,,0.44446301460266113,,0.0,,0.0,,,0.0,0.0,,0.018313216045498848,,0.2263130098581314,,0.013973886147141457,,0.0,,0.37854689359664917,,,,,,,,,,,,
1,639,,0.052125148475170135,,0.0,,0.44538694620132446,,0.0,,0.0,,,0.0,0.0,,0.014370251446962357,,0.22228164970874786,,0.014074207283556461,,0.0,,0.3741191029548645,,,,,,,,,,,,
1,649,,0.04726259037852287,,0.0,,0.4424718916416168,,0.0,,0.0,,,0.0,0.0,,0.012820757925510406,,0.22096337378025055,,0.008949345909059048,,0.0,,0.3662340044975281,,,,,,,,,,,,
1,659,,0.054382503032684326,,0.0,,0.4586908519268036,,0.0,,0.0,,,0.0,0.0,,0.01737913116812706,,0.2334003746509552,,0.012429838068783283,,0.0,,0.38814133405685425,,,,,,,,,,,,
1,669,,0.059503551572561264,,0.0,,0.4543721675872803,,0.0,,0.0,,,0.0,0.0,,0.026279177516698837,,0.2312546670436859,,0.013294709846377373,,0.0,,0.3923521339893341,,,,,,,,,,,,
1,679,,0.05037476122379303,,0.0,,0.4327152669429779,,0.0,,0.0,,,0.0,0.0,,0.013586378656327724,,0.225286066532135,,0.01157764159142971,,0.0,,0.36677005887031555,,,,,,,,,,,,
1,689,,0.04440624266862869,,0.0,,0.43899136781692505,,0.0,,0.0,,,0.0,0.0,,0.013408102095127106,,0.22087085247039795,,0.007078731898218393,,0.0,,0.3623776435852051,,,,,,,,,,,,
1,699,,0.0501544326543808,,0.0,,0.43636563420295715,,0.0,,0.0,,,0.0,0.0,,0.020983170717954636,,0.2195507436990738,,0.01227490697056055,,0.0,,0.3696644604206085,,,,,,,,,,,,
1,709,,0.04593115672469139,,0.0,,0.42218321561813354,,0.0,,0.0,,,0.0,0.0,,0.016271159052848816,,0.21851326525211334,,0.013170256279408932,,0.0,,0.35803452134132385,,,,,,,,,,,,
1,719,,0.04706808179616928,,0.0,,0.4319955110549927,,0.0,,0.0,,,0.0,0.0,,0.010888742282986641,,0.2168368697166443,,0.016375010833144188,,0.0,,0.36158210039138794,,,,,,,,,,,,
1,729,,0.04183902591466904,,0.0,,0.4405452013015747,,0.0,,0.0,,,0.0,0.0,,0.012846509926021099,,0.21900901198387146,,0.010870014317333698,,0.0,,0.3625549077987671,,,,,,,,,,,,
1,739,,0.048666201531887054,,0.0,,0.4316958785057068,,0.0,,0.0,,,0.0,0.0,,0.014209668152034283,,0.22107911109924316,,0.013909946195781231,,0.0,,0.36478039622306824,,,,,,,,,,,,
1,749,,0.04482831805944443,,0.0,,0.4266161620616913,,0.0,,0.0,,,0.0,0.0,,0.011999711394309998,,0.20860856771469116,,0.011869593523442745,,0.0,,0.3519611656665802,,,,,,,,,,,,
1,759,,0.043804462999105453,,0.0,,0.41398078203201294,,0.0,,0.0,,,0.0,0.0,,0.009786627255380154,,0.21111595630645752,,0.017587995156645775,,0.0,,0.34813791513442993,,,,,,,,,,,,
1,769,,0.045064061880111694,,0.0,,0.4199981689453125,,0.0,,0.0,,,0.0,0.0,,0.010065914131700993,,0.21303698420524597,,0.014080156572163105,,0.0,,0.3511226773262024,,,,,,,,,,,,
1,779,,0.045392751693725586,,0.0,,0.4359687566757202,,0.0,,0.0,,,0.0,0.0,,0.00992473866790533,,0.22106145322322845,,0.013952245935797691,,0.0,,0.3631499707698822,,,,,,,,,,,,
1,789,,0.04369033873081207,,0.0,,0.4180198311805725,,0.0,,0.0,,,0.0,0.0,,0.013890733942389488,,0.2183200716972351,,0.01033850573003292,,0.0,,0.352129727602005,,,,,,,,,,,,
1,799,,0.04192894697189331,,0.0,,0.4178248643875122,,0.0,,0.0,,,0.0,0.0,,0.010878702625632286,,0.2028389573097229,,0.0097953574731946,,0.0,,0.3416334092617035,,,,,,,,,,,,
1,809,,0.04194587841629982,,0.0,,0.40533849596977234,,0.0,,0.0,,,0.0,0.0,,0.009881626814603806,,0.21840062737464905,,0.009982449002563953,,0.0,,0.34277454018592834,,,,,,,,,,,,
1,819,,0.04775580018758774,,0.0,,0.41409406065940857,,0.0,,0.0,,,0.0,0.0,,0.0103014400228858,,0.20953765511512756,,0.009777853265404701,,0.0,,0.3457333743572235,,,,,,,,,,,,
1,829,,0.046332016587257385,,0.0,,0.42126432061195374,,0.0,,0.0,,,0.0,0.0,,0.014380431734025478,,0.20617879927158356,,0.017138350754976273,,0.0,,0.35264697670936584,,,,,,,,,,,,
1,839,,0.03962402790784836,,0.0,,0.41022011637687683,,0.0,,0.0,,,0.0,0.0,,0.01115342602133751,,0.209364116191864,,0.017085697501897812,,0.0,,0.3437236547470093,,,,,,,,,,,,
1,843,,,,,,,,,,,,,,,,,,,,,,,,,0.10678420960903168,0.0,0.4520026743412018,0.0,0.0,0.0,0.0,0.05298422649502754,0.27516254782676697,0.013629457913339138,0.0,0.4502815306186676
1,843,0.052932463586330414,,0.0,,0.44479289650917053,,0.0,,0.0,,0.0,0.0,,,0.017006805166602135,,0.2310173660516739,,0.012733028270304203,,0.0,,0.37924128770828247,,,,,,,,,,,,,
2,849,,0.03412576764822006,,0.0,,0.39185744524002075,,0.0,,0.0,,,0.0,0.0,,0.011509105563163757,,0.19204992055892944,,0.011443711817264557,,0.0,,0.3204929828643799,,,,,,,,,,,,
2,859,,0.034856878221035004,,0.0,,0.39282527565956116,,0.0,,0.0,,,0.0,0.0,,0.013172842562198639,,0.1979181170463562,,0.011723171919584274,,0.0,,0.3252481520175934,,,,,,,,,,,,
2,869,,0.03516940400004387,,0.0,,0.39396366477012634,,0.0,,0.0,,,0.0,0.0,,0.012799272313714027,,0.20138338208198547,,0.01877772994339466,,0.0,,0.3310467302799225,,,,,,,,,,,,
2,879,,0.035612963140010834,,0.0,,0.38657549023628235,,0.0,,0.0,,,0.0,0.0,,0.009555534459650517,,0.20479802787303925,,0.015272185206413269,,0.0,,0.3259070813655853,,,,,,,,,,,,
2,889,,0.035877324640750885,,0.0,,0.38079577684402466,,0.0,,0.0,,,0.0,0.0,,0.009515371173620224,,0.20138970017433167,,0.01095432136207819,,0.0,,0.31926625967025757,,,,,,,,,,,,
2,899,,0.031485795974731445,,0.0,,0.3794586658477783,,0.0,,0.0,,,0.0,0.0,,0.009481323882937431,,0.19722697138786316,,0.01010782178491354,,0.0,,0.3138802945613861,,,,,,,,,,,,
2,909,,0.03654859960079193,,0.0,,0.3899964392185211,,0.0,,0.0,,,0.0,0.0,,0.010745124891400337,,0.20097848773002625,,0.012173738330602646,,0.0,,0.3252211809158325,,,,,,,,,,,,
2,919,,0.038756728172302246,,0.0,,0.37003129720687866,,0.0,,0.0,,,0.0,0.0,,0.010135738179087639,,0.20310762524604797,,0.016840005293488503,,0.0,,0.3194356858730316,,,,,,,,,,,,
2,929,,0.037190791219472885,,0.0,,0.3918626308441162,,0.0,,0.0,,,0.0,0.0,,0.008141125552356243,,0.20497605204582214,,0.011557375080883503,,0.0,,0.32686400413513184,,,,,,,,,,,,
2,939,,0.03418713063001633,,0.0,,0.3844050168991089,,0.0,,0.0,,,0.0,0.0,,0.009779746644198895,,0.20115360617637634,,0.00962692592293024,,0.0,,0.319576233625412,,,,,,,,,,,,
2,949,,0.046331800520420074,,0.0,,0.3947318494319916,,0.0,,0.0,,,0.0,0.0,,0.010011525824666023,,0.20145021378993988,,0.011342333629727364,,0.0,,0.3319338858127594,,,,,,,,,,,,
2,959,,0.03855515643954277,,0.0,,0.3664610981941223,,0.0,,0.0,,,0.0,0.0,,0.01142541877925396,,0.20689710974693298,,0.011578385718166828,,0.0,,0.3174585700035095,,,,,,,,,,,,
2,969,,0.04165452718734741,,0.0,,0.38792547583580017,,0.0,,0.0,,,0.0,0.0,,0.0132170170545578,,0.20517438650131226,,0.010557851754128933,,0.0,,0.3292646110057831,,,,,,,,,,,,
2,979,,0.03239184617996216,,0.0,,0.3761531114578247,,0.0,,0.0,,,0.0,0.0,,0.00820416770875454,,0.2007661908864975,,0.012888181954622269,,0.0,,0.3152017593383789,,,,,,,,,,,,
2,989,,0.04117612540721893,,0.0,,0.36561644077301025,,0.0,,0.0,,,0.0,0.0,,0.011710699647665024,,0.20245304703712463,,0.013594034127891064,,0.0,,0.31727516651153564,,,,,,,,,,,,
2,999,,0.03528107702732086,,0.0,,0.3709365725517273,,0.0,,0.0,,,0.0,0.0,,0.011547981761395931,,0.20140275359153748,,0.012136703357100487,,0.0,,0.3156525194644928,,,,,,,,,,,,
2,1009,,0.035399116575717926,,0.0,,0.35848262906074524,,0.0,,0.0,,,0.0,0.0,,0.0090963589027524,,0.19653698801994324,,0.00870971567928791,,0.0,,0.30411243438720703,,,,,,,,,,,,
2,1019,,0.03734346851706505,,0.0,,0.37197864055633545,,0.0,,0.0,,,0.0,0.0,,0.010662230663001537,,0.19578510522842407,,0.009591062553226948,,0.0,,0.3126802444458008,,,,,,,,,,,,
2,1029,,0.031258415430784225,,0.0,,0.35684794187545776,,0.0,,0.0,,,0.0,0.0,,0.009333968162536621,,0.19181860983371735,,0.011402464471757412,,0.0,,0.3003306984901428,,,,,,,,,,,,
2,1039,,0.03139026463031769,,0.0,,0.36986279487609863,,0.0,,0.0,,,0.0,0.0,,0.00814152229577303,,0.19818711280822754,,0.011190755292773247,,0.0,,0.3093862235546112,,,,,,,,,,,,
2,1049,,0.027834223583340645,,0.0,,0.34366485476493835,,0.0,,0.0,,,0.0,0.0,,0.007977394387125969,,0.19083088636398315,,0.01231793686747551,,0.0,,0.29131263494491577,,,,,,,,,,,,
2,1059,,0.03154531866312027,,0.0,,0.3644259572029114,,0.0,,0.0,,,0.0,0.0,,0.009577818214893341,,0.19121167063713074,,0.011995302513241768,,0.0,,0.30437803268432617,,,,,,,,,,,,
2,1069,,0.03271108865737915,,0.0,,0.3623761534690857,,0.0,,0.0,,,0.0,0.0,,0.010315712541341782,,0.19454459846019745,,0.011445101350545883,,0.0,,0.3056963384151459,,,,,,,,,,,,
2,1079,,0.03224479407072067,,0.0,,0.3697168231010437,,0.0,,0.0,,,0.0,0.0,,0.007319220807403326,,0.1936892569065094,,0.01245869230479002,,0.0,,0.30771440267562866,,,,,,,,,,,,
2,1089,,0.04655689746141434,,0.0,,0.3782113194465637,,0.0,,0.0,,,0.0,0.0,,0.011929690837860107,,0.2067369818687439,,0.013779515400528908,,0.0,,0.3286072015762329,,,,,,,,,,,,
2,1099,,0.036807384341955185,,0.0,,0.3690665066242218,,0.0,,0.0,,,0.0,0.0,,0.010654169134795666,,0.1999610960483551,,0.009812992997467518,,0.0,,0.3131510615348816,,,,,,,,,,,,
2,1109,,0.038161009550094604,,0.0,,0.35432854294776917,,0.0,,0.0,,,0.0,0.0,,0.01281358115375042,,0.19447001814842224,,0.009955909103155136,,0.0,,0.3048645257949829,,,,,,,,,,,,
2,1119,,0.030749380588531494,,0.0,,0.345993310213089,,0.0,,0.0,,,0.0,0.0,,0.0075363824144005775,,0.18903911113739014,,0.006565709598362446,,0.0,,0.2899419367313385,,,,,,,,,,,,
2,1129,,0.034200869500637054,,0.0,,0.3507665991783142,,0.0,,0.0,,,0.0,0.0,,0.014067086391150951,,0.18630510568618774,,0.011525546200573444,,0.0,,0.2984326183795929,,,,,,,,,,,,
2,1139,,0.026809053495526314,,0.0,,0.3430928587913513,,0.0,,0.0,,,0.0,0.0,,0.0070189302787184715,,0.18074728548526764,,0.014736381359398365,,0.0,,0.28620222210884094,,,,,,,,,,,,
2,1149,,0.03580711409449577,,0.0,,0.3496556580066681,,0.0,,0.0,,,0.0,0.0,,0.009515587240457535,,0.19788573682308197,,0.014910698868334293,,0.0,,0.30388739705085754,,,,,,,,,,,,
2,1159,,0.03538432717323303,,0.0,,0.355434775352478,,0.0,,0.0,,,0.0,0.0,,0.008453534916043282,,0.1912543773651123,,0.01461435854434967,,0.0,,0.3025706708431244,,,,,,,,,,,,
2,1169,,0.030617088079452515,,0.0,,0.35932984948158264,,0.0,,0.0,,,0.0,0.0,,0.008237852714955807,,0.19175226986408234,,0.011733789928257465,,0.0,,0.30083543062210083,,,,,,,,,,,,
2,1179,,0.028234517201781273,,0.0,,0.33702352643013,,0.0,,0.0,,,0.0,0.0,,0.006389308720827103,,0.18853962421417236,,0.008562694303691387,,0.0,,0.28437483310699463,,,,,,,,,,,,
2,1189,,0.03263114020228386,,0.0,,0.3435736894607544,,0.0,,0.0,,,0.0,0.0,,0.008049944415688515,,0.1917353868484497,,0.010740314610302448,,0.0,,0.2933652698993683,,,,,,,,,,,,
2,1199,,0.02754814922809601,,0.0,,0.34519559144973755,,0.0,,0.0,,,0.0,0.0,,0.009815558791160583,,0.1886444091796875,,0.0129012456163764,,0.0,,0.2920524775981903,,,,,,,,,,,,
2,1209,,0.02991250529885292,,0.0,,0.345140278339386,,0.0,,0.0,,,0.0,0.0,,0.007011136040091515,,0.18932777643203735,,0.009671549312770367,,0.0,,0.29053163528442383,,,,,,,,,,,,
2,1219,,0.029965747147798538,,0.0,,0.3236096203327179,,0.0,,0.0,,,0.0,0.0,,0.010524804703891277,,0.1938817948102951,,0.011762339621782303,,0.0,,0.2848721444606781,,,,,,,,,,,,
2,1229,,0.029354780912399292,,0.0,,0.3305182456970215,,0.0,,0.0,,,0.0,0.0,,0.009508129209280014,,0.1888270378112793,,0.01510218158364296,,0.0,,0.2866552174091339,,,,,,,,,,,,
2,1239,,0.02606024593114853,,0.0,,0.3324066400527954,,0.0,,0.0,,,0.0,0.0,,0.0062578096985816956,,0.18408378958702087,,0.012696693651378155,,0.0,,0.28075259923934937,,,,,,,,,,,,
2,1249,,0.02954108640551567,,0.0,,0.33434391021728516,,0.0,,0.0,,,0.0,0.0,,0.00745853316038847,,0.18331454694271088,,0.00880027748644352,,0.0,,0.28172916173934937,,,,,,,,,,,,
2,1259,,0.029066849499940872,,0.0,,0.33898869156837463,,0.0,,0.0,,,0.0,0.0,,0.006405974738299847,,0.18367302417755127,,0.012876848690211773,,0.0,,0.2855056822299957,,,,,,,,,,,,
2,1265,,,,,,,,,,,,,,,,,,,,,,,,,0.10692179948091507,0.0,0.4335252642631531,0.0,0.0,0.0,0.0,0.06041966378688812,0.2811833322048187,0.013881245627999306,0.0,0.4479656219482422
2,1265,0.034254129976034164,,0.0,,0.3637944161891937,,0.0,,0.0,,0.0,0.0,,,0.009833784773945808,,0.19566334784030914,,0.011901178397238255,,0.0,,0.30772367119789124,,,,,,,,,,,,,
3,1269,,0.03190876916050911,,0.0,,0.3399706184864044,,0.0,,0.0,,,0.0,0.0,,0.0072730667889118195,,0.1888987123966217,,0.009418437257409096,,0.0,,0.2887347936630249,,,,,,,,,,,,
3,1279,,0.031297262758016586,,0.0,,0.33351895213127136,,0.0,,0.0,,,0.0,0.0,,0.008651375770568848,,0.19080764055252075,,0.013974308036267757,,0.0,,0.2891247570514679,,,,,,,,,,,,
3,1289,,0.024549730122089386,,0.0,,0.31708088517189026,,0.0,,0.0,,,0.0,0.0,,0.006946137174963951,,0.18469062447547913,,0.008277828805148602,,0.0,,0.2707726061344147,,,,,,,,,,,,
3,1299,,0.027951639145612717,,0.0,,0.3194723129272461,,0.0,,0.0,,,0.0,0.0,,0.0071715861558914185,,0.183485209941864,,0.009977119043469429,,0.0,,0.2740289270877838,,,,,,,,,,,,
3,1309,,0.026221085339784622,,0.0,,0.31862860918045044,,0.0,,0.0,,,0.0,0.0,,0.008108386769890785,,0.17762812972068787,,0.011813581921160221,,0.0,,0.27119988203048706,,,,,,,,,,,,
3,1319,,0.02404732257127762,,0.0,,0.32038524746894836,,0.0,,0.0,,,0.0,0.0,,0.007255706936120987,,0.1835741251707077,,0.012000980786979198,,0.0,,0.2736316919326782,,,,,,,,,,,,
3,1329,,0.026468388736248016,,0.0,,0.3065100908279419,,0.0,,0.0,,,0.0,0.0,,0.009089111350476742,,0.17818866670131683,,0.009973888285458088,,0.0,,0.26511508226394653,,,,,,,,,,,,
3,1339,,0.029051493853330612,,0.0,,0.316647469997406,,0.0,,0.0,,,0.0,0.0,,0.006992105394601822,,0.17822274565696716,,0.009749541990458965,,0.0,,0.2703316807746887,,,,,,,,,,,,
3,1349,,0.022018898278474808,,0.0,,0.3028551936149597,,0.0,,0.0,,,0.0,0.0,,0.005753624252974987,,0.17960281670093536,,0.014440024271607399,,0.0,,0.26233527064323425,,,,,,,,,,,,
3,1359,,0.02502739056944847,,0.0,,0.32428452372550964,,0.0,,0.0,,,0.0,0.0,,0.006911367177963257,,0.1797659993171692,,0.014926746487617493,,0.0,,0.2754580080509186,,,,,,,,,,,,
3,1369,,0.025545716285705566,,0.0,,0.3085232675075531,,0.0,,0.0,,,0.0,0.0,,0.005519515834748745,,0.17755797505378723,,0.010402873158454895,,0.0,,0.26377466320991516,,,,,,,,,,,,
3,1379,,0.030518189072608948,,0.0,,0.3226185441017151,,0.0,,0.0,,,0.0,0.0,,0.009261923842132092,,0.18066182732582092,,0.010513964109122753,,0.0,,0.2767872214317322,,,,,,,,,,,,
3,1389,,0.030620548874139786,,0.0,,0.30806562304496765,,0.0,,0.0,,,0.0,0.0,,0.011729322373867035,,0.1852809488773346,,0.01041160523891449,,0.0,,0.2730540335178375,,,,,,,,,,,,
3,1399,,0.022708658128976822,,0.0,,0.31693515181541443,,0.0,,0.0,,,0.0,0.0,,0.007173077668994665,,0.17405389249324799,,0.01021604984998703,,0.0,,0.2655434012413025,,,,,,,,,,,,
3,1409,,0.023111660033464432,,0.0,,0.3037263751029968,,0.0,,0.0,,,0.0,0.0,,0.0052546290680766106,,0.17676575481891632,,0.012035064399242401,,0.0,,0.2604467272758484,,,,,,,,,,,,
3,1419,,0.02379787713289261,,0.0,,0.303952693939209,,0.0,,0.0,,,0.0,0.0,,0.005980964284390211,,0.18340212106704712,,0.012287722900509834,,0.0,,0.2647106945514679,,,,,,,,,,,,
3,1429,,0.0281221941113472,,0.0,,0.31176766753196716,,0.0,,0.0,,,0.0,0.0,,0.008555429056286812,,0.18118807673454285,,0.013976815156638622,,0.0,,0.271805077791214,,,,,,,,,,,,
3,1439,,0.026546912267804146,,0.0,,0.3006521761417389,,0.0,,0.0,,,0.0,0.0,,0.008151501417160034,,0.17722366750240326,,0.012794697657227516,,0.0,,0.2626844346523285,,,,,,,,,,,,
3,1449,,0.023346122354269028,,0.0,,0.30805590748786926,,0.0,,0.0,,,0.0,0.0,,0.006175137124955654,,0.17822477221488953,,0.01258751843124628,,0.0,,0.2641947567462921,,,,,,,,,,,,
3,1459,,0.025525357574224472,,0.0,,0.3011837303638458,,0.0,,0.0,,,0.0,0.0,,0.00659660529345274,,0.18075019121170044,,0.0146320266649127,,0.0,,0.2643439769744873,,,,,,,,,,,,
3,1469,,0.026628486812114716,,0.0,,0.3024308979511261,,0.0,,0.0,,,0.0,0.0,,0.00824965164065361,,0.17733779549598694,,0.011398842558264732,,0.0,,0.26302284002304077,,,,,,,,,,,,
3,1479,,0.022948455065488815,,0.0,,0.2863086462020874,,0.0,,0.0,,,0.0,0.0,,0.006600331515073776,,0.17590048909187317,,0.010471370071172714,,0.0,,0.2511146366596222,,,,,,,,,,,,
3,1489,,0.025069529190659523,,0.0,,0.30472105741500854,,0.0,,0.0,,,0.0,0.0,,0.006869233679026365,,0.17402103543281555,,0.011363987810909748,,0.0,,0.2610224187374115,,,,,,,,,,,,
3,1499,,0.026977866888046265,,0.0,,0.29303309321403503,,0.0,,0.0,,,0.0,0.0,,0.006307294126600027,,0.17650079727172852,,0.010688134469091892,,0.0,,0.2567535936832428,,,,,,,,,,,,
3,1509,,0.02451452612876892,,0.0,,0.2926286458969116,,0.0,,0.0,,,0.0,0.0,,0.0077496906742453575,,0.1737576723098755,,0.01596025377511978,,0.0,,0.257305383682251,,,,,,,,,,,,
3,1519,,0.02321569435298443,,0.0,,0.27948540449142456,,0.0,,0.0,,,0.0,0.0,,0.007051469758152962,,0.17378151416778564,,0.014132422395050526,,0.0,,0.24883323907852173,,,,,,,,,,,,
3,1529,,0.026082951575517654,,0.0,,0.29032450914382935,,0.0,,0.0,,,0.0,0.0,,0.0061089093796908855,,0.1731748878955841,,0.01594124361872673,,0.0,,0.255816251039505,,,,,,,,,,,,
3,1539,,0.028728310018777847,,0.0,,0.30394989252090454,,0.0,,0.0,,,0.0,0.0,,0.006537857931107283,,0.18195827305316925,,0.012326085940003395,,0.0,,0.26675018668174744,,,,,,,,,,,,
3,1549,,0.02490045502781868,,0.0,,0.28194481134414673,,0.0,,0.0,,,0.0,0.0,,0.00600562896579504,,0.173694908618927,,0.009891565889120102,,0.0,,0.24821868538856506,,,,,,,,,,,,
3,1559,,0.024363107979297638,,0.0,,0.29680803418159485,,0.0,,0.0,,,0.0,0.0,,0.008031444624066353,,0.17644348740577698,,0.01339646801352501,,0.0,,0.2595212459564209,,,,,,,,,,,,
3,1569,,0.01906617358326912,,0.0,,0.26946109533309937,,0.0,,0.0,,,0.0,0.0,,0.0052130757831037045,,0.1694411337375641,,0.015168950892984867,,0.0,,0.2391752302646637,,,,,,,,,,,,
3,1579,,0.024086512625217438,,0.0,,0.2972680628299713,,0.0,,0.0,,,0.0,0.0,,0.00965549424290657,,0.1767890453338623,,0.014675282873213291,,0.0,,0.26123717427253723,,,,,,,,,,,,
3,1589,,0.030501138418912888,,0.0,,0.3042656481266022,,0.0,,0.0,,,0.0,0.0,,0.007175015285611153,,0.17981885373592377,,0.00956338457763195,,0.0,,0.2656620144844055,,,,,,,,,,,,
3,1599,,0.02342117950320244,,0.0,,0.28068825602531433,,0.0,,0.0,,,0.0,0.0,,0.005804993212223053,,0.16982728242874146,,0.012208783067762852,,0.0,,0.24597524106502533,,,,,,,,,,,,
3,1609,,0.020052514970302582,,0.0,,0.294866681098938,,0.0,,0.0,,,0.0,0.0,,0.004793083295226097,,0.17851725220680237,,0.012875291518867016,,0.0,,0.25555241107940674,,,,,,,,,,,,
3,1619,,0.029653165489435196,,0.0,,0.2959272861480713,,0.0,,0.0,,,0.0,0.0,,0.008110766299068928,,0.1776508390903473,,0.009592932648956776,,0.0,,0.2604674994945526,,,,,,,,,,,,
3,1629,,0.022763874381780624,,0.0,,0.27753931283950806,,0.0,,0.0,,,0.0,0.0,,0.005936672445386648,,0.17303943634033203,,0.008189250715076923,,0.0,,0.24373428523540497,,,,,,,,,,,,
3,1639,,0.023114729672670364,,0.0,,0.2818728983402252,,0.0,,0.0,,,0.0,0.0,,0.005417381878942251,,0.1764504313468933,,0.007276525255292654,,0.0,,0.24706599116325378,,,,,,,,,,,,
3,1649,,0.029545636847615242,,0.0,,0.2963007390499115,,0.0,,0.0,,,0.0,0.0,,0.006943679880350828,,0.18053275346755981,,0.011534363962709904,,0.0,,0.2624286115169525,,,,,,,,,,,,
3,1659,,0.021434875205159187,,0.0,,0.274781197309494,,0.0,,0.0,,,0.0,0.0,,0.004456595052033663,,0.17146466672420502,,0.010185230523347855,,0.0,,0.2411612868309021,,,,,,,,,,,,
3,1669,,0.026860196143388748,,0.0,,0.3172081410884857,,0.0,,0.0,,,0.0,0.0,,0.008145462721586227,,0.1715502291917801,,0.014836037531495094,,0.0,,0.26930001378059387,,,,,,,,,,,,
3,1679,,0.019811322912573814,,0.0,,0.27304205298423767,,0.0,,0.0,,,0.0,0.0,,0.006414487026631832,,0.1711224913597107,,0.011065203696489334,,0.0,,0.24072778224945068,,,,,,,,,,,,
3,1687,,,,,,,,,,,,,,,,,,,,,,,,,0.1034713089466095,0.0,0.418843150138855,0.0,0.0,0.0,0.0,0.0592278353869915,0.26473236083984375,0.013608266599476337,0.0,0.4299413859844208
3,1687,0.02513325773179531,,0.0,,0.30068695545196533,,0.0,,0.0,,0.0,0.0,,,0.007050805725157261,,0.17814278602600098,,0.01105657871812582,,0.0,,0.2610352635383606,,,,,,,,,,,,,
4,1689,,0.02802574820816517,,0.0,,0.28559795022010803,,0.0,,0.0,,,0.0,0.0,,0.0072881425730884075,,0.1772037297487259,,0.012167013250291348,,0.0,,0.2551412880420685,,,,,,,,,,,,
4,1699,,0.018921639770269394,,0.0,,0.2567605972290039,,0.0,,0.0,,,0.0,0.0,,0.004808293655514717,,0.17294791340827942,,0.009102310985326767,,0.0,,0.23127038776874542,,,,,,,,,,,,
4,1709,,0.01949053257703781,,0.0,,0.2580581307411194,,0.0,,0.0,,,0.0,0.0,,0.006387549452483654,,0.16800016164779663,,0.00841623917222023,,0.0,,0.23017631471157074,,,,,,,,,,,,
4,1719,,0.020814087241888046,,0.0,,0.26199421286582947,,0.0,,0.0,,,0.0,0.0,,0.005764273926615715,,0.17188507318496704,,0.011525239795446396,,0.0,,0.2359914481639862,,,,,,,,,,,,
4,1729,,0.02364231087267399,,0.0,,0.27023303508758545,,0.0,,0.0,,,0.0,0.0,,0.006785450037568808,,0.16988559067249298,,0.015557166188955307,,0.0,,0.24305176734924316,,,,,,,,,,,,
4,1739,,0.021427422761917114,,0.0,,0.2622680068016052,,0.0,,0.0,,,0.0,0.0,,0.006581384688615799,,0.17179346084594727,,0.010454012081027031,,0.0,,0.23626214265823364,,,,,,,,,,,,
4,1749,,0.022192897275090218,,0.0,,0.28417468070983887,,0.0,,0.0,,,0.0,0.0,,0.006488325074315071,,0.17779873311519623,,0.012381080538034439,,0.0,,0.2515178620815277,,,,,,,,,,,,
4,1759,,0.022988244891166687,,0.0,,0.2618485689163208,,0.0,,0.0,,,0.0,0.0,,0.006503657903522253,,0.17279532551765442,,0.011419284157454967,,0.0,,0.23777754604816437,,,,,,,,,,,,
4,1769,,0.02382378652691841,,0.0,,0.27204814553260803,,0.0,,0.0,,,0.0,0.0,,0.005564711056649685,,0.16940879821777344,,0.005344455596059561,,0.0,,0.23809495568275452,,,,,,,,,,,,
4,1779,,0.020642288029193878,,0.0,,0.2643965780735016,,0.0,,0.0,,,0.0,0.0,,0.006092885509133339,,0.17406141757965088,,0.008894804865121841,,0.0,,0.23704397678375244,,,,,,,,,,,,
4,1789,,0.020128492265939713,,0.0,,0.24867649376392365,,0.0,,0.0,,,0.0,0.0,,0.0044305892661213875,,0.16960524022579193,,0.013362879864871502,,0.0,,0.22810184955596924,,,,,,,,,,,,
4,1799,,0.023206274956464767,,0.0,,0.27419888973236084,,0.0,,0.0,,,0.0,0.0,,0.005099531728774309,,0.16728343069553375,,0.01145295798778534,,0.0,,0.24062052369117737,,,,,,,,,,,,
4,1809,,0.020650185644626617,,0.0,,0.25667813420295715,,0.0,,0.0,,,0.0,0.0,,0.005684135016053915,,0.1697492152452469,,0.009565340355038643,,0.0,,0.23116351664066315,,,,,,,,,,,,
4,1819,,0.022266771644353867,,0.0,,0.25702521204948425,,0.0,,0.0,,,0.0,0.0,,0.004697688855230808,,0.17354728281497955,,0.011345243081450462,,0.0,,0.2344411015510559,,,,,,,,,,,,
4,1829,,0.01723065972328186,,0.0,,0.24853835999965668,,0.0,,0.0,,,0.0,0.0,,0.005086818709969521,,0.1698285937309265,,0.010322189889848232,,0.0,,0.22550331056118011,,,,,,,,,,,,
4,1839,,0.02133173495531082,,0.0,,0.249083012342453,,0.0,,0.0,,,0.0,0.0,,0.006281968206167221,,0.16777965426445007,,0.006691989488899708,,0.0,,0.22558417916297913,,,,,,,,,,,,
4,1849,,0.021518774330615997,,0.0,,0.26236891746520996,,0.0,,0.0,,,0.0,0.0,,0.0050047049298882484,,0.17007946968078613,,0.011332955211400986,,0.0,,0.23515240848064423,,,,,,,,,,,,
4,1859,,0.02080342546105385,,0.0,,0.25618165731430054,,0.0,,0.0,,,0.0,0.0,,0.005847865249961615,,0.16103576123714447,,0.008558192290365696,,0.0,,0.2262134552001953,,,,,,,,,,,,
4,1869,,0.020201798528432846,,0.0,,0.2552313804626465,,0.0,,0.0,,,0.0,0.0,,0.004894144833087921,,0.17079293727874756,,0.007482751272618771,,0.0,,0.22930149734020233,,,,,,,,,,,,
4,1879,,0.018349528312683105,,0.0,,0.24804766476154327,,0.0,,0.0,,,0.0,0.0,,0.007173585705459118,,0.16623926162719727,,0.010754060931503773,,0.0,,0.22528204321861267,,,,,,,,,,,,
4,1889,,0.021634288132190704,,0.0,,0.2567561864852905,,0.0,,0.0,,,0.0,0.0,,0.006043079774826765,,0.17059485614299774,,0.010591793805360794,,0.0,,0.2328101098537445,,,,,,,,,,,,
4,1899,,0.023064536973834038,,0.0,,0.26822975277900696,,0.0,,0.0,,,0.0,0.0,,0.005042612086981535,,0.1688200831413269,,0.013379709795117378,,0.0,,0.23926834762096405,,,,,,,,,,,,
4,1909,,0.01700485497713089,,0.0,,0.25308549404144287,,0.0,,0.0,,,0.0,0.0,,0.004014193080365658,,0.16635385155677795,,0.011363023892045021,,0.0,,0.2259107083082199,,,,,,,,,,,,
4,1919,,0.019956817850470543,,0.0,,0.25838029384613037,,0.0,,0.0,,,0.0,0.0,,0.0047002737410366535,,0.1710372269153595,,0.012548125348985195,,0.0,,0.23331137001514435,,,,,,,,,,,,
4,1929,,0.016329588368535042,,0.0,,0.25957685708999634,,0.0,,0.0,,,0.0,0.0,,0.005629734136164188,,0.16635102033615112,,0.012564561329782009,,0.0,,0.23022589087486267,,,,,,,,,,,,
4,1939,,0.017826326191425323,,0.0,,0.2531206011772156,,0.0,,0.0,,,0.0,0.0,,0.005018103402107954,,0.16412453353405,,0.006364214234054089,,0.0,,0.2232269048690796,,,,,,,,,,,,
4,1949,,0.022553646937012672,,0.0,,0.25930899381637573,,0.0,,0.0,,,0.0,0.0,,0.004721796605736017,,0.16833807528018951,,0.012847873382270336,,0.0,,0.23388518393039703,,,,,,,,,,,,
4,1959,,0.01916380226612091,,0.0,,0.2560696303844452,,0.0,,0.0,,,0.0,0.0,,0.0058932192623615265,,0.16502907872200012,,0.010029896162450314,,0.0,,0.22809280455112457,,,,,,,,,,,,
4,1969,,0.01769992709159851,,0.0,,0.23800118267536163,,0.0,,0.0,,,0.0,0.0,,0.0038983195554465055,,0.1664668321609497,,0.008578306064009666,,0.0,,0.21732227504253387,,,,,,,,,,,,
4,1979,,0.018514543771743774,,0.0,,0.25487521290779114,,0.0,,0.0,,,0.0,0.0,,0.00568842887878418,,0.17055192589759827,,0.01261349581182003,,0.0,,0.23112180829048157,,,,,,,,,,,,
4,1989,,0.01823340728878975,,0.0,,0.24409392476081848,,0.0,,0.0,,,0.0,0.0,,0.006188578903675079,,0.16546620428562164,,0.011408533900976181,,0.0,,0.22269533574581146,,,,,,,,,,,,
4,1999,,0.023791354149580002,,0.0,,0.2583785653114319,,0.0,,0.0,,,0.0,0.0,,0.005567827261984348,,0.16954588890075684,,0.008464916609227657,,0.0,,0.23287425935268402,,,,,,,,,,,,
4,2009,,0.02467026375234127,,0.0,,0.2598438858985901,,0.0,,0.0,,,0.0,0.0,,0.0073513067327439785,,0.16661396622657776,,0.009856362827122211,,0.0,,0.2341679036617279,,,,,,,,,,,,
4,2019,,0.024336526170372963,,0.0,,0.2767805755138397,,0.0,,0.0,,,0.0,0.0,,0.005789592396467924,,0.16852602362632751,,0.011691729538142681,,0.0,,0.24356220662593842,,,,,,,,,,,,
4,2029,,0.017753776162862778,,0.0,,0.24680805206298828,,0.0,,0.0,,,0.0,0.0,,0.006669989787042141,,0.16709886491298676,,0.010088690556585789,,0.0,,0.22420969605445862,,,,,,,,,,,,
4,2039,,0.019400831311941147,,0.0,,0.2592822313308716,,0.0,,0.0,,,0.0,0.0,,0.006694601848721504,,0.17003686726093292,,0.009888906031847,,0.0,,0.2326517254114151,,,,,,,,,,,,
4,2049,,0.021429546177387238,,0.0,,0.2522093951702118,,0.0,,0.0,,,0.0,0.0,,0.00494772894307971,,0.17018958926200867,,0.010412790812551975,,0.0,,0.22959451377391815,,,,,,,,,,,,
4,2059,,0.019332516938447952,,0.0,,0.2554893493652344,,0.0,,0.0,,,0.0,0.0,,0.005393954925239086,,0.16747088730335236,,0.008951548486948013,,0.0,,0.22831912338733673,,,,,,,,,,,,
4,2069,,0.018761107698082924,,0.0,,0.24178388714790344,,0.0,,0.0,,,0.0,0.0,,0.005757599137723446,,0.16211636364459991,,0.010594967752695084,,0.0,,0.21950696408748627,,,,,,,,,,,,
4,2079,,0.022118233144283295,,0.0,,0.2555604875087738,,0.0,,0.0,,,0.0,0.0,,0.005271989852190018,,0.17085254192352295,,0.009374755434691906,,0.0,,0.23158901929855347,,,,,,,,,,,,
4,2089,,0.013213464990258217,,0.0,,0.22755546867847443,,0.0,,0.0,,,0.0,0.0,,0.004603140987455845,,0.1587170958518982,,0.013536213897168636,,0.0,,0.2088126838207245,,,,,,,,,,,,
4,2099,,0.023250015452504158,,0.0,,0.2465585470199585,,0.0,,0.0,,,0.0,0.0,,0.007413193583488464,,0.16515210270881653,,0.014239795506000519,,0.0,,0.2283068299293518,,,,,,,,,,,,
4,2109,,0.019507084041833878,,0.0,,0.23698846995830536,,0.0,,0.0,,,0.0,0.0,,0.004890382289886475,,0.16592282056808472,,0.0061371526680886745,,0.0,,0.21672296524047852,,,,,,,,,,,,
4,2109,,,,,,,,,,,,,,,,,,,,,,,,,0.10138198733329773,0.0,0.4135555028915405,0.0,0.0,0.0,0.0,0.054754000157117844,0.26099976897239685,0.01344546303153038,0.0,0.42206841707229614
4,2109,0.020388906821608543,,0.0,,0.25764352083206177,,0.0,,0.0,,0.0,0.0,,,0.005798195954412222,,0.16873979568481445,,0.010121499188244343,,0.0,,0.2313459813594818,,,,,,,,,,,,,
5,2119,,0.022178471088409424,,0.0,,0.25096362829208374,,0.0,,0.0,,,0.0,0.0,,0.006762252654880285,,0.1680513471364975,,0.008687790483236313,,0.0,,0.22832176089286804,,,,,,,,,,,,
5,2129,,0.018804235383868217,,0.0,,0.2253638058900833,,0.0,,0.0,,,0.0,0.0,,0.005877128802239895,,0.16784852743148804,,0.010947247967123985,,0.0,,0.21442046761512756,,,,,,,,,,,,
5,2139,,0.015390525572001934,,0.0,,0.24375823140144348,,0.0,,0.0,,,0.0,0.0,,0.005173238925635815,,0.16342031955718994,,0.0142116853967309,,0.0,,0.22097699344158173,,,,,,,,,,,,
5,2149,,0.01610369049012661,,0.0,,0.21791386604309082,,0.0,,0.0,,,0.0,0.0,,0.0046234047040343285,,0.1662648618221283,,0.012069344520568848,,0.0,,0.2084875851869583,,,,,,,,,,,,
5,2159,,0.0166594497859478,,0.0,,0.2291978895664215,,0.0,,0.0,,,0.0,0.0,,0.006443957798182964,,0.1603124737739563,,0.007433045189827681,,0.0,,0.2100234031677246,,,,,,,,,,,,
5,2169,,0.01564052887260914,,0.0,,0.23773834109306335,,0.0,,0.0,,,0.0,0.0,,0.00380513072013855,,0.16022931039333344,,0.01259469985961914,,0.0,,0.21500399708747864,,,,,,,,,,,,
5,2179,,0.02000889927148819,,0.0,,0.24152669310569763,,0.0,,0.0,,,0.0,0.0,,0.005394662730395794,,0.16812941431999207,,0.008998092263936996,,0.0,,0.22202888131141663,,,,,,,,,,,,
5,2189,,0.014428104273974895,,0.0,,0.23181301355361938,,0.0,,0.0,,,0.0,0.0,,0.004375246819108725,,0.16255763173103333,,0.009570005349814892,,0.0,,0.2113720029592514,,,,,,,,,,,,
5,2199,,0.019560551270842552,,0.0,,0.22060030698776245,,0.0,,0.0,,,0.0,0.0,,0.006699252873659134,,0.16379472613334656,,0.007149133365601301,,0.0,,0.20890198647975922,,,,,,,,,,,,
5,2209,,0.014407934620976448,,0.0,,0.2264314591884613,,0.0,,0.0,,,0.0,0.0,,0.003961820155382156,,0.1634497195482254,,0.0075886063277721405,,0.0,,0.20791977643966675,,,,,,,,,,,,
5,2219,,0.018564999103546143,,0.0,,0.2439747005701065,,0.0,,0.0,,,0.0,0.0,,0.004558769054710865,,0.16215333342552185,,0.014690473675727844,,0.0,,0.22197115421295166,,,,,,,,,,,,
5,2229,,0.017682639881968498,,0.0,,0.22125865519046783,,0.0,,0.0,,,0.0,0.0,,0.004168860148638487,,0.16632257401943207,,0.010791053995490074,,0.0,,0.21011190116405487,,,,,,,,,,,,
5,2239,,0.018540948629379272,,0.0,,0.23930799961090088,,0.0,,0.0,,,0.0,0.0,,0.005558758974075317,,0.16236913204193115,,0.010344352573156357,,0.0,,0.21806059777736664,,,,,,,,,,,,
5,2249,,0.013432690873742104,,0.0,,0.2212362438440323,,0.0,,0.0,,,0.0,0.0,,0.00382000720128417,,0.16433700919151306,,0.011040053330361843,,0.0,,0.20693300664424896,,,,,,,,,,,,
5,2259,,0.018031779676675797,,0.0,,0.22724120318889618,,0.0,,0.0,,,0.0,0.0,,0.004817185923457146,,0.16052737832069397,,0.0066703143529593945,,0.0,,0.20864392817020416,,,,,,,,,,,,
5,2269,,0.018401099368929863,,0.0,,0.22197872400283813,,0.0,,0.0,,,0.0,0.0,,0.004978867247700691,,0.16350796818733215,,0.008316727355122566,,0.0,,0.20859168469905853,,,,,,,,,,,,
5,2279,,0.01872854307293892,,0.0,,0.24834580719470978,,0.0,,0.0,,,0.0,0.0,,0.004998843185603619,,0.16372376680374146,,0.0068760528229177,,0.0,,0.2213364988565445,,,,,,,,,,,,
5,2289,,0.01948736235499382,,0.0,,0.2508648633956909,,0.0,,0.0,,,0.0,0.0,,0.0038831359706819057,,0.1640598177909851,,0.009898318909108639,,0.0,,0.22409673035144806,,,,,,,,,,,,
5,2299,,0.013420341536402702,,0.0,,0.23344969749450684,,0.0,,0.0,,,0.0,0.0,,0.005583673715591431,,0.16490381956100464,,0.006735991220921278,,0.0,,0.2120467573404312,,,,,,,,,,,,
5,2309,,0.018265999853610992,,0.0,,0.2275751382112503,,0.0,,0.0,,,0.0,0.0,,0.004602564033120871,,0.16761085391044617,,0.014593828469514847,,0.0,,0.21632419526576996,,,,,,,,,,,,
5,2319,,0.015607565641403198,,0.0,,0.22256189584732056,,0.0,,0.0,,,0.0,0.0,,0.00813383050262928,,0.1663910448551178,,0.00911031849682331,,0.0,,0.21090233325958252,,,,,,,,,,,,
5,2329,,0.01584257371723652,,0.0,,0.2503491938114166,,0.0,,0.0,,,0.0,0.0,,0.004659051075577736,,0.15825536847114563,,0.010186231695115566,,0.0,,0.21964621543884277,,,,,,,,,,,,
5,2339,,0.02044367976486683,,0.0,,0.23399457335472107,,0.0,,0.0,,,0.0,0.0,,0.006337979808449745,,0.16394725441932678,,0.01040382869541645,,0.0,,0.217563658952713,,,,,,,,,,,,
5,2349,,0.02327352948486805,,0.0,,0.23934821784496307,,0.0,,0.0,,,0.0,0.0,,0.006534007843583822,,0.16582314670085907,,0.009818789549171925,,0.0,,0.22239884734153748,,,,,,,,,,,,
5,2359,,0.01623084396123886,,0.0,,0.21849915385246277,,0.0,,0.0,,,0.0,0.0,,0.003826876636594534,,0.16181892156600952,,0.006489649880677462,,0.0,,0.20343273878097534,,,,,,,,,,,,
5,2369,,0.019899670034646988,,0.0,,0.24503083527088165,,0.0,,0.0,,,0.0,0.0,,0.0037943634670227766,,0.16601026058197021,,0.011671249754726887,,0.0,,0.22320318222045898,,,,,,,,,,,,
5,2379,,0.015143593773245811,,0.0,,0.2278100848197937,,0.0,,0.0,,,0.0,0.0,,0.004111813381314278,,0.15765774250030518,,0.006508410908281803,,0.0,,0.20561583340168,,,,,,,,,,,,
5,2389,,0.01962841860949993,,0.0,,0.22562667727470398,,0.0,,0.0,,,0.0,0.0,,0.011343266814947128,,0.1654472053050995,,0.009696954861283302,,0.0,,0.21587125957012177,,,,,,,,,,,,
5,2399,,0.016868211328983307,,0.0,,0.23479151725769043,,0.0,,0.0,,,0.0,0.0,,0.005845972802489996,,0.16501039266586304,,0.008287557400763035,,0.0,,0.2154018133878708,,,,,,,,,,,,
5,2409,,0.0147366002202034,,0.0,,0.21800589561462402,,0.0,,0.0,,,0.0,0.0,,0.006501179188489914,,0.15947070717811584,,0.008960533887147903,,0.0,,0.20383745431900024,,,,,,,,,,,,
5,2419,,0.019380442798137665,,0.0,,0.24665386974811554,,0.0,,0.0,,,0.0,0.0,,0.0045188977383077145,,0.16237026453018188,,0.0069279782474040985,,0.0,,0.21992571651935577,,,,,,,,,,,,
5,2429,,0.0176607184112072,,0.0,,0.21201278269290924,,0.0,,0.0,,,0.0,0.0,,0.00370350806042552,,0.16325490176677704,,0.008239727467298508,,0.0,,0.20243580639362335,,,,,,,,,,,,
5,2439,,0.01768289878964424,,0.0,,0.23187288641929626,,0.0,,0.0,,,0.0,0.0,,0.00398506922647357,,0.16374117136001587,,0.005305258557200432,,0.0,,0.21129365265369415,,,,,,,,,,,,
5,2449,,0.017369288951158524,,0.0,,0.23122268915176392,,0.0,,0.0,,,0.0,0.0,,0.004741146694868803,,0.1632080078125,,0.010615366511046886,,0.0,,0.2135782539844513,,,,,,,,,,,,
5,2459,,0.015710050240159035,,0.0,,0.22410345077514648,,0.0,,0.0,,,0.0,0.0,,0.00439833290874958,,0.16692203283309937,,0.010630701668560505,,0.0,,0.2108822911977768,,,,,,,,,,,,
5,2469,,0.017753414809703827,,0.0,,0.22458666563034058,,0.0,,0.0,,,0.0,0.0,,0.00580810708925128,,0.159907266497612,,0.012162825092673302,,0.0,,0.2101091593503952,,,,,,,,,,,,
5,2479,,0.01961505226790905,,0.0,,0.2247447520494461,,0.0,,0.0,,,0.0,0.0,,0.004387592896819115,,0.1602945327758789,,0.010707132518291473,,0.0,,0.20987452566623688,,,,,,,,,,,,
5,2489,,0.016032982617616653,,0.0,,0.21088801324367523,,0.0,,0.0,,,0.0,0.0,,0.003382149152457714,,0.16105584800243378,,0.007875959388911724,,0.0,,0.19961747527122498,,,,,,,,,,,,
5,2499,,0.019368935376405716,,0.0,,0.22782078385353088,,0.0,,0.0,,,0.0,0.0,,0.00552734499797225,,0.16326221823692322,,0.007811211049556732,,0.0,,0.21189525723457336,,,,,,,,,,,,
5,2509,,0.017562581226229668,,0.0,,0.21607805788516998,,0.0,,0.0,,,0.0,0.0,,0.004948819521814585,,0.16184213757514954,,0.009433905594050884,,0.0,,0.20493274927139282,,,,,,,,,,,,
5,2519,,0.015852132812142372,,0.0,,0.21709956228733063,,0.0,,0.0,,,0.0,0.0,,0.006128569599241018,,0.1617068201303482,,0.005758259911090136,,0.0,,0.20327267050743103,,,,,,,,,,,,
5,2529,,0.01873403787612915,,0.0,,0.24660129845142365,,0.0,,0.0,,,0.0,0.0,,0.0036046120803803205,,0.165644109249115,,0.01035197265446186,,0.0,,0.22246801853179932,,,,,,,,,,,,
5,2531,,,,,,,,,,,,,,,,,,,,,,,,,0.1051303818821907,0.0,0.42025214433670044,0.0,0.0,0.0,0.0,0.055453822016716,0.2662937045097351,0.013269372284412384,0.0,0.43019968271255493
5,2531,0.017873598262667656,,0.0,,0.23001165688037872,,0.0,,0.0,,0.0,0.0,,,0.005246774759143591,,0.16352443397045135,,0.009126164950430393,,0.0,,0.2128913849592209,,,,,,,,,,,,,
6,2539,,0.01954171061515808,,0.0,,0.2316666543483734,,0.0,,0.0,,,0.0,0.0,,0.004617399536073208,,0.1647566258907318,,0.006054935976862907,,0.0,,0.21331866085529327,,,,,,,,,,,,
6,2549,,0.01865922100841999,,0.0,,0.19948197901248932,,0.0,,0.0,,,0.0,0.0,,0.00377073185518384,,0.1631608009338379,,0.008733232505619526,,0.0,,0.19690299034118652,,,,,,,,,,,,
6,2559,,0.014303002506494522,,0.0,,0.21244986355304718,,0.0,,0.0,,,0.0,0.0,,0.0036382153630256653,,0.15987037122249603,,0.009388325735926628,,0.0,,0.19982488453388214,,,,,,,,,,,,
6,2569,,0.014081967994570732,,0.0,,0.20923273265361786,,0.0,,0.0,,,0.0,0.0,,0.004348499700427055,,0.15724676847457886,,0.006027214229106903,,0.0,,0.19546858966350555,,,,,,,,,,,,
6,2579,,0.017664700746536255,,0.0,,0.21061639487743378,,0.0,,0.0,,,0.0,0.0,,0.004956323653459549,,0.15927448868751526,,0.00818512961268425,,0.0,,0.20034851133823395,,,,,,,,,,,,
6,2589,,0.013041014783084393,,0.0,,0.20481041073799133,,0.0,,0.0,,,0.0,0.0,,0.004683557897806168,,0.1597898006439209,,0.009250875562429428,,0.0,,0.19578783214092255,,,,,,,,,,,,
6,2599,,0.01450490951538086,,0.0,,0.21040745079517365,,0.0,,0.0,,,0.0,0.0,,0.0048948777839541435,,0.15782023966312408,,0.007593478541821241,,0.0,,0.19761048257350922,,,,,,,,,,,,
6,2609,,0.014686263166368008,,0.0,,0.21531878411769867,,0.0,,0.0,,,0.0,0.0,,0.004447066690772772,,0.16073280572891235,,0.010301784612238407,,0.0,,0.20274336636066437,,,,,,,,,,,,
6,2619,,0.013573383912444115,,0.0,,0.1984921395778656,,0.0,,0.0,,,0.0,0.0,,0.0038182558491826057,,0.16273842751979828,,0.008885177783668041,,0.0,,0.1937536746263504,,,,,,,,,,,,
6,2629,,0.013260090723633766,,0.0,,0.20404832065105438,,0.0,,0.0,,,0.0,0.0,,0.003171780612319708,,0.15963007509708405,,0.010089540854096413,,0.0,,0.19509990513324738,,,,,,,,,,,,
6,2639,,0.014569207094609737,,0.0,,0.23102666437625885,,0.0,,0.0,,,0.0,0.0,,0.0033595121931284666,,0.15957029163837433,,0.011042291298508644,,0.0,,0.20978398621082306,,,,,,,,,,,,
6,2649,,0.01370292715728283,,0.0,,0.224190816283226,,0.0,,0.0,,,0.0,0.0,,0.002931801602244377,,0.1580502837896347,,0.010229909792542458,,0.0,,0.20455287396907806,,,,,,,,,,,,
6,2659,,0.01387101225554943,,0.0,,0.22848038375377655,,0.0,,0.0,,,0.0,0.0,,0.005552613642066717,,0.1613216996192932,,0.010275434702634811,,0.0,,0.20975057780742645,,,,,,,,,,,,
6,2669,,0.013402314856648445,,0.0,,0.2020626962184906,,0.0,,0.0,,,0.0,0.0,,0.004408208653330803,,0.1546623855829239,,0.005990911740809679,,0.0,,0.1902632713317871,,,,,,,,,,,,
6,2679,,0.014036504551768303,,0.0,,0.19585981965065002,,0.0,,0.0,,,0.0,0.0,,0.002554855775088072,,0.15825563669204712,,0.00538088520988822,,0.0,,0.18804386258125305,,,,,,,,,,,,
6,2689,,0.014126863330602646,,0.0,,0.20605219900608063,,0.0,,0.0,,,0.0,0.0,,0.0036509092897176743,,0.1591259241104126,,0.01375215407460928,,0.0,,0.19835402071475983,,,,,,,,,,,,
6,2699,,0.015414643101394176,,0.0,,0.19881987571716309,,0.0,,0.0,,,0.0,0.0,,0.0035094106569886208,,0.15851618349552155,,0.004589395597577095,,0.0,,0.19042475521564484,,,,,,,,,,,,
6,2709,,0.01465781033039093,,0.0,,0.2156376838684082,,0.0,,0.0,,,0.0,0.0,,0.003364905482158065,,0.1599961817264557,,0.010091164149343967,,0.0,,0.20187386870384216,,,,,,,,,,,,
6,2719,,0.0147586390376091,,0.0,,0.19212399423122406,,0.0,,0.0,,,0.0,0.0,,0.0037809161003679037,,0.15878453850746155,,0.007110496051609516,,0.0,,0.18827928602695465,,,,,,,,,,,,
6,2729,,0.017811652272939682,,0.0,,0.1995791345834732,,0.0,,0.0,,,0.0,0.0,,0.004613028839230537,,0.16482283174991608,,0.01037176139652729,,0.0,,0.1985992193222046,,,,,,,,,,,,
6,2739,,0.012952398508787155,,0.0,,0.18818937242031097,,0.0,,0.0,,,0.0,0.0,,0.009952954016625881,,0.16012199223041534,,0.008763770572841167,,0.0,,0.18999023735523224,,,,,,,,,,,,
6,2749,,0.01428692601621151,,0.0,,0.20247222483158112,,0.0,,0.0,,,0.0,0.0,,0.004949078895151615,,0.16071736812591553,,0.010428088717162609,,0.0,,0.1964268535375595,,,,,,,,,,,,
6,2759,,0.01991506665945053,,0.0,,0.21890009939670563,,0.0,,0.0,,,0.0,0.0,,0.0036509744822978973,,0.16094955801963806,,0.006079431623220444,,0.0,,0.20474757254123688,,,,,,,,,,,,
6,2769,,0.018542353063821793,,0.0,,0.21401570737361908,,0.0,,0.0,,,0.0,0.0,,0.005599912256002426,,0.1606106162071228,,0.005714313592761755,,0.0,,0.2022414654493332,,,,,,,,,,,,
6,2779,,0.020733924582600594,,0.0,,0.21382778882980347,,0.0,,0.0,,,0.0,0.0,,0.0065865544602274895,,0.16596055030822754,,0.008136309683322906,,0.0,,0.20762255787849426,,,,,,,,,,,,
6,2789,,0.016723621636629105,,0.0,,0.20371204614639282,,0.0,,0.0,,,0.0,0.0,,0.0047066714614629745,,0.15504850447177887,,0.006210335064679384,,0.0,,0.19320058822631836,,,,,,,,,,,,
6,2799,,0.017621830105781555,,0.0,,0.22691181302070618,,0.0,,0.0,,,0.0,0.0,,0.004303286783397198,,0.15928703546524048,,0.008074884302914143,,0.0,,0.20809942483901978,,,,,,,,,,,,
6,2809,,0.017865102738142014,,0.0,,0.22637060284614563,,0.0,,0.0,,,0.0,0.0,,0.0036720677744597197,,0.16229024529457092,,0.005093288607895374,,0.0,,0.20764563977718353,,,,,,,,,,,,
6,2819,,0.01988321542739868,,0.0,,0.21066004037857056,,0.0,,0.0,,,0.0,0.0,,0.00708717480301857,,0.1615329384803772,,0.011205256916582584,,0.0,,0.20518431067466736,,,,,,,,,,,,
6,2829,,0.015721842646598816,,0.0,,0.2121330201625824,,0.0,,0.0,,,0.0,0.0,,0.005541445221751928,,0.1597914695739746,,0.006496049929410219,,0.0,,0.19984190165996552,,,,,,,,,,,,
6,2839,,0.019584471359848976,,0.0,,0.22189918160438538,,0.0,,0.0,,,0.0,0.0,,0.004507029429078102,,0.16175410151481628,,0.011177307926118374,,0.0,,0.20946104824543,,,,,,,,,,,,
6,2849,,0.015446022152900696,,0.0,,0.1932961344718933,,0.0,,0.0,,,0.0,0.0,,0.005382393952459097,,0.15741580724716187,,0.006907810922712088,,0.0,,0.18922407925128937,,,,,,,,,,,,
6,2859,,0.012684052810072899,,0.0,,0.22162941098213196,,0.0,,0.0,,,0.0,0.0,,0.005912278778851032,,0.15621572732925415,,0.010102864354848862,,0.0,,0.20327216386795044,,,,,,,,,,,,
6,2869,,0.015182184055447578,,0.0,,0.21344006061553955,,0.0,,0.0,,,0.0,0.0,,0.0035520296078175306,,0.15807484090328217,,0.006855139043182135,,0.0,,0.19855213165283203,,,,,,,,,,,,
6,2879,,0.012537244707345963,,0.0,,0.1951182633638382,,0.0,,0.0,,,0.0,0.0,,0.004327007103711367,,0.1559402048587799,,0.00895474012941122,,0.0,,0.18843872845172882,,,,,,,,,,,,
6,2889,,0.01461388822644949,,0.0,,0.2027285099029541,,0.0,,0.0,,,0.0,0.0,,0.0050409696996212006,,0.15659181773662567,,0.010221998207271099,,0.0,,0.19459860026836395,,,,,,,,,,,,
6,2899,,0.020872334018349648,,0.0,,0.21072205901145935,,0.0,,0.0,,,0.0,0.0,,0.005255069583654404,,0.15907607972621918,,0.011529236100614071,,0.0,,0.2037273794412613,,,,,,,,,,,,
6,2909,,0.015979476273059845,,0.0,,0.22221346199512482,,0.0,,0.0,,,0.0,0.0,,0.004359139129519463,,0.1600889265537262,,0.008549541234970093,,0.0,,0.20559526979923248,,,,,,,,,,,,
6,2919,,0.02245296724140644,,0.0,,0.22911524772644043,,0.0,,0.0,,,0.0,0.0,,0.006954462733119726,,0.16136570274829865,,0.007896844297647476,,0.0,,0.2138926088809967,,,,,,,,,,,,
6,2929,,0.01792813278734684,,0.0,,0.21932685375213623,,0.0,,0.0,,,0.0,0.0,,0.00776038970798254,,0.15659557282924652,,0.010142594575881958,,0.0,,0.20587676763534546,,,,,,,,,,,,
6,2939,,0.014798836782574654,,0.0,,0.2151309996843338,,0.0,,0.0,,,0.0,0.0,,0.0026110243052244186,,0.1577208787202835,,0.007847686298191547,,0.0,,0.19905471801757812,,,,,,,,,,,,
6,2949,,0.018385350704193115,,0.0,,0.21514782309532166,,0.0,,0.0,,,0.0,0.0,,0.005247012712061405,,0.16300134360790253,,0.00793388206511736,,0.0,,0.2048577070236206,,,,,,,,,,,,
6,2953,,,,,,,,,,,,,,,,,,,,,,,,,0.10417932271957397,0.0,0.4064170718193054,0.0,0.0,0.0,0.0,0.05953647196292877,0.2603633999824524,0.0126341562718153,0.0,0.4215652048587799
6,2953,0.016369367018342018,,0.0,,0.21060959994792938,,0.0,,0.0,,0.0,0.0,,,0.004674950614571571,,0.16012032330036163,,0.00819670595228672,,0.0,,0.19998544454574585,,,,,,,,,,,,,
7,2959,,0.014117611572146416,,0.0,,0.19684705138206482,,0.0,,0.0,,,0.0,0.0,,0.00406664377078414,,0.16071976721286774,,0.0061841984279453754,,0.0,,0.1909676343202591,,,,,,,,,,,,
7,2969,,0.016490064561367035,,0.0,,0.2068081647157669,,0.0,,0.0,,,0.0,0.0,,0.0029801717028021812,,0.16000550985336304,,0.008961482904851437,,0.0,,0.19762268662452698,,,,,,,,,,,,
7,2979,,0.017421595752239227,,0.0,,0.19857819378376007,,0.0,,0.0,,,0.0,0.0,,0.008529510349035263,,0.15775436162948608,,0.0056410846300423145,,0.0,,0.19396236538887024,,,,,,,,,,,,
7,2989,,0.0147553700953722,,0.0,,0.20541658997535706,,0.0,,0.0,,,0.0,0.0,,0.00696201529353857,,0.15758739411830902,,0.011439139023423195,,0.0,,0.19808024168014526,,,,,,,,,,,,
7,2999,,0.011709501966834068,,0.0,,0.19843906164169312,,0.0,,0.0,,,0.0,0.0,,0.0026933650951832533,,0.15810468792915344,,0.0063102697022259235,,0.0,,0.1886284500360489,,,,,,,,,,,,
7,3009,,0.013236518949270248,,0.0,,0.1958513855934143,,0.0,,0.0,,,0.0,0.0,,0.003990519791841507,,0.158071368932724,,0.008407100103795528,,0.0,,0.18977844715118408,,,,,,,,,,,,
7,3019,,0.018473757430911064,,0.0,,0.20206338167190552,,0.0,,0.0,,,0.0,0.0,,0.0036712686996906996,,0.16176879405975342,,0.006028147879987955,,0.0,,0.19600266218185425,,,,,,,,,,,,
7,3029,,0.02083386480808258,,0.0,,0.2146734893321991,,0.0,,0.0,,,0.0,0.0,,0.005166672635823488,,0.1569899320602417,,0.008843358606100082,,0.0,,0.20325367152690887,,,,,,,,,,,,
7,3039,,0.012752986513078213,,0.0,,0.19314520061016083,,0.0,,0.0,,,0.0,0.0,,0.00525472080335021,,0.15903523564338684,,0.008302044123411179,,0.0,,0.1892450749874115,,,,,,,,,,,,
7,3049,,0.012824365869164467,,0.0,,0.18750621378421783,,0.0,,0.0,,,0.0,0.0,,0.006783619523048401,,0.15434052050113678,,0.005229217000305653,,0.0,,0.18334196507930756,,,,,,,,,,,,
7,3059,,0.01653958298265934,,0.0,,0.19024641811847687,,0.0,,0.0,,,0.0,0.0,,0.00495810154825449,,0.15940019488334656,,0.006763417739421129,,0.0,,0.18895386159420013,,,,,,,,,,,,
7,3069,,0.011932172812521458,,0.0,,0.19255563616752625,,0.0,,0.0,,,0.0,0.0,,0.003411283250898123,,0.15367397665977478,,0.008651637472212315,,0.0,,0.1851123571395874,,,,,,,,,,,,
7,3079,,0.021849507465958595,,0.0,,0.19277574121952057,,0.0,,0.0,,,0.0,0.0,,0.005508404225111008,,0.16166752576828003,,0.007412780076265335,,0.0,,0.1946069747209549,,,,,,,,,,,,
7,3089,,0.016340795904397964,,0.0,,0.21075557172298431,,0.0,,0.0,,,0.0,0.0,,0.006006644573062658,,0.1576240360736847,,0.008105451241135597,,0.0,,0.19941624999046326,,,,,,,,,,,,
7,3099,,0.01341323647648096,,0.0,,0.2032504826784134,,0.0,,0.0,,,0.0,0.0,,0.003791710827499628,,0.15664537250995636,,0.005765211768448353,,0.0,,0.19143301248550415,,,,,,,,,,,,
7,3109,,0.016534162685275078,,0.0,,0.1919769048690796,,0.0,,0.0,,,0.0,0.0,,0.0036155818961560726,,0.16116711497306824,,0.008620473556220531,,0.0,,0.19095711410045624,,,,,,,,,,,,
7,3119,,0.019007358700037003,,0.0,,0.19281738996505737,,0.0,,0.0,,,0.0,0.0,,0.005041771102696657,,0.15799057483673096,,0.005816014017909765,,0.0,,0.19033655524253845,,,,,,,,,,,,
7,3129,,0.014232982881367207,,0.0,,0.19210712611675262,,0.0,,0.0,,,0.0,0.0,,0.003843477927148342,,0.1540239453315735,,0.007547701708972454,,0.0,,0.18587763607501984,,,,,,,,,,,,
7,3139,,0.012410092167556286,,0.0,,0.2182476967573166,,0.0,,0.0,,,0.0,0.0,,0.004946528002619743,,0.15511855483055115,,0.006816336419433355,,0.0,,0.19876959919929504,,,,,,,,,,,,
7,3149,,0.014110964722931385,,0.0,,0.17919741570949554,,0.0,,0.0,,,0.0,0.0,,0.0025173029862344265,,0.15712189674377441,,0.005802811589092016,,0.0,,0.17937520146369934,,,,,,,,,,,,
7,3159,,0.020774394273757935,,0.0,,0.2088911235332489,,0.0,,0.0,,,0.0,0.0,,0.004973451606929302,,0.16323751211166382,,0.007108115591108799,,0.0,,0.20249229669570923,,,,,,,,,,,,
7,3169,,0.013698314316570759,,0.0,,0.21925370395183563,,0.0,,0.0,,,0.0,0.0,,0.003774002892896533,,0.157024085521698,,0.009420634247362614,,0.0,,0.20158538222312927,,,,,,,,,,,,
7,3179,,0.01608693227171898,,0.0,,0.1964978277683258,,0.0,,0.0,,,0.0,0.0,,0.00530893262475729,,0.15457452833652496,,0.006453151814639568,,0.0,,0.18946069478988647,,,,,,,,,,,,
7,3189,,0.01532004401087761,,0.0,,0.185020312666893,,0.0,,0.0,,,0.0,0.0,,0.006140727084130049,,0.15549792349338531,,0.006992874201387167,,0.0,,0.18448594212532043,,,,,,,,,,,,
7,3199,,0.014405901543796062,,0.0,,0.2072305977344513,,0.0,,0.0,,,0.0,0.0,,0.003705720417201519,,0.1571902483701706,,0.007445540279150009,,0.0,,0.19498899579048157,,,,,,,,,,,,
7,3209,,0.015528468415141106,,0.0,,0.21101351082324982,,0.0,,0.0,,,0.0,0.0,,0.002843172987923026,,0.15662887692451477,,0.007147409021854401,,0.0,,0.19658072292804718,,,,,,,,,,,,
7,3219,,0.015568790026009083,,0.0,,0.19506381452083588,,0.0,,0.0,,,0.0,0.0,,0.003223072737455368,,0.15922677516937256,,0.008524064905941486,,0.0,,0.19080325961112976,,,,,,,,,,,,
7,3229,,0.015257097780704498,,0.0,,0.20705349743366241,,0.0,,0.0,,,0.0,0.0,,0.003980613779276609,,0.157759428024292,,0.00691502308472991,,0.0,,0.19548282027244568,,,,,,,,,,,,
7,3239,,0.01420464925467968,,0.0,,0.21134231984615326,,0.0,,0.0,,,0.0,0.0,,0.003155437298119068,,0.15870258212089539,,0.011083362624049187,,0.0,,0.1992441713809967,,,,,,,,,,,,
7,3249,,0.017693648114800453,,0.0,,0.20266193151474,,0.0,,0.0,,,0.0,0.0,,0.0041732280515134335,,0.16004031896591187,,0.009160147979855537,,0.0,,0.19686463475227356,,,,,,,,,,,,
7,3259,,0.012183576822280884,,0.0,,0.1969829797744751,,0.0,,0.0,,,0.0,0.0,,0.004012973979115486,,0.15424656867980957,,0.0056275431998074055,,0.0,,0.186526820063591,,,,,,,,,,,,
7,3269,,0.012485839426517487,,0.0,,0.18848732113838196,,0.0,,0.0,,,0.0,0.0,,0.005325425416231155,,0.1540500819683075,,0.006761113181710243,,0.0,,0.18355488777160645,,,,,,,,,,,,
7,3279,,0.014845345169305801,,0.0,,0.18960267305374146,,0.0,,0.0,,,0.0,0.0,,0.007515016943216324,,0.16104385256767273,,0.005751937627792358,,0.0,,0.18937940895557404,,,,,,,,,,,,
7,3289,,0.016933446750044823,,0.0,,0.21107883751392365,,0.0,,0.0,,,0.0,0.0,,0.005862526595592499,,0.15788522362709045,,0.006398066412657499,,0.0,,0.19907905161380768,,,,,,,,,,,,
7,3299,,0.016278795897960663,,0.0,,0.21229471266269684,,0.0,,0.0,,,0.0,0.0,,0.004623751621693373,,0.15497416257858276,,0.005693920888006687,,0.0,,0.19693265855312347,,,,,,,,,,,,
7,3309,,0.011390585452318192,,0.0,,0.17879335582256317,,0.0,,0.0,,,0.0,0.0,,0.003076463472098112,,0.15366363525390625,,0.0035682201851159334,,0.0,,0.17524614930152893,,,,,,,,,,,,
7,3319,,0.014160839840769768,,0.0,,0.1951913684606552,,0.0,,0.0,,,0.0,0.0,,0.0034889397211372852,,0.15621259808540344,,0.010146561078727245,,0.0,,0.1896001398563385,,,,,,,,,,,,
7,3329,,0.01442907564342022,,0.0,,0.1945275366306305,,0.0,,0.0,,,0.0,0.0,,0.006330450996756554,,0.15572229027748108,,0.007397835608571768,,0.0,,0.18920359015464783,,,,,,,,,,,,
7,3339,,0.015792619436979294,,0.0,,0.20163217186927795,,0.0,,0.0,,,0.0,0.0,,0.0035400677006691694,,0.15607979893684387,,0.00950899999588728,,0.0,,0.19327682256698608,,,,,,,,,,,,
7,3349,,0.015886250883340836,,0.0,,0.19886718690395355,,0.0,,0.0,,,0.0,0.0,,0.004163140431046486,,0.15899160504341125,,0.009180156514048576,,0.0,,0.1935441642999649,,,,,,,,,,,,
7,3359,,0.014251653105020523,,0.0,,0.20908798277378082,,0.0,,0.0,,,0.0,0.0,,0.0031822151504456997,,0.15876586735248566,,0.009172622114419937,,0.0,,0.19723016023635864,,,,,,,,,,,,
7,3369,,0.015118803828954697,,0.0,,0.2028011530637741,,0.0,,0.0,,,0.0,0.0,,0.006875929422676563,,0.154056116938591,,0.01143550779670477,,0.0,,0.19514375925064087,,,,,,,,,,,,
7,3375,,,,,,,,,,,,,,,,,,,,,,,,,0.10441756993532181,0.0,0.4172050356864929,0.0,0.0,0.0,0.0,0.05893956124782562,0.26448437571525574,0.011795313097536564,0.0,0.42842093110084534
7,3375,0.015365269966423512,,0.0,,0.19577133655548096,,0.0,,0.0,,0.0,0.0,,,0.004205963108688593,,0.15771524608135223,,0.007485056295990944,,0.0,,0.19027139246463776,,,,,,,,,,,,,
8,3379,,0.014828020706772804,,0.0,,0.19405828416347504,,0.0,,0.0,,,0.0,0.0,,0.0034914936404675245,,0.15566694736480713,,0.009751147590577602,,0.0,,0.18889795243740082,,,,,,,,,,,,
8,3389,,0.011845935136079788,,0.0,,0.177691251039505,,0.0,,0.0,,,0.0,0.0,,0.004479076713323593,,0.15818634629249573,,0.0074753835797309875,,0.0,,0.17983900010585785,,,,,,,,,,,,
8,3399,,0.012225629761815071,,0.0,,0.1757723093032837,,0.0,,0.0,,,0.0,0.0,,0.007136702537536621,,0.15473327040672302,,0.006243871059268713,,0.0,,0.17805589735507965,,,,,,,,,,,,
8,3409,,0.012090613134205341,,0.0,,0.17908936738967896,,0.0,,0.0,,,0.0,0.0,,0.002519160509109497,,0.1537715643644333,,0.007752333767712116,,0.0,,0.17761152982711792,,,,,,,,,,,,
8,3419,,0.015945889055728912,,0.0,,0.18084105849266052,,0.0,,0.0,,,0.0,0.0,,0.0043097082525491714,,0.1569865196943283,,0.008251546882092953,,0.0,,0.18316735327243805,,,,,,,,,,,,
8,3429,,0.014291929081082344,,0.0,,0.20329910516738892,,0.0,,0.0,,,0.0,0.0,,0.003275834722444415,,0.15569525957107544,,0.008421236649155617,,0.0,,0.19249169528484344,,,,,,,,,,,,
8,3439,,0.013633396476507187,,0.0,,0.18603935837745667,,0.0,,0.0,,,0.0,0.0,,0.0030793054029345512,,0.15172997117042542,,0.003634814638644457,,0.0,,0.17905841767787933,,,,,,,,,,,,
8,3449,,0.013792894780635834,,0.0,,0.1894795447587967,,0.0,,0.0,,,0.0,0.0,,0.003150373697280884,,0.15426386892795563,,0.007324132602661848,,0.0,,0.18400540947914124,,,,,,,,,,,,
8,3459,,0.013162926770746708,,0.0,,0.1950800120830536,,0.0,,0.0,,,0.0,0.0,,0.003127102507278323,,0.15607967972755432,,0.007501889485865831,,0.0,,0.18747581541538239,,,,,,,,,,,,
8,3469,,0.018897904083132744,,0.0,,0.1973465234041214,,0.0,,0.0,,,0.0,0.0,,0.0037682594265788794,,0.15631623566150665,,0.007855472154915333,,0.0,,0.1920921951532364,,,,,,,,,,,,
8,3479,,0.011790571734309196,,0.0,,0.17741677165031433,,0.0,,0.0,,,0.0,0.0,,0.002823862014338374,,0.15619134902954102,,0.003563535865396261,,0.0,,0.17589303851127625,,,,,,,,,,,,
8,3489,,0.01382046565413475,,0.0,,0.1922648847103119,,0.0,,0.0,,,0.0,0.0,,0.002434737514704466,,0.15633755922317505,,0.0070304907858371735,,0.0,,0.185944065451622,,,,,,,,,,,,
8,3499,,0.014745263382792473,,0.0,,0.1846606284379959,,0.0,,0.0,,,0.0,0.0,,0.003778924699872732,,0.1558481603860855,,0.0062983157113194466,,0.0,,0.1826656460762024,,,,,,,,,,,,
8,3509,,0.017037000507116318,,0.0,,0.193000927567482,,0.0,,0.0,,,0.0,0.0,,0.006199678406119347,,0.15761280059814453,,0.007918588817119598,,0.0,,0.19088450074195862,,,,,,,,,,,,
8,3519,,0.011785302311182022,,0.0,,0.17696790397167206,,0.0,,0.0,,,0.0,0.0,,0.004140846431255341,,0.15339405834674835,,0.007612778339534998,,0.0,,0.17695043981075287,,,,,,,,,,,,
8,3529,,0.01398359052836895,,0.0,,0.17555099725723267,,0.0,,0.0,,,0.0,0.0,,0.0027578999288380146,,0.1593807190656662,,0.006132424343377352,,0.0,,0.17890281975269318,,,,,,,,,,,,
8,3539,,0.012227242812514305,,0.0,,0.18698181211948395,,0.0,,0.0,,,0.0,0.0,,0.003142133355140686,,0.15525858104228973,,0.006003733724355698,,0.0,,0.181806743144989,,,,,,,,,,,,
8,3549,,0.012097159400582314,,0.0,,0.17149294912815094,,0.0,,0.0,,,0.0,0.0,,0.0036854478530585766,,0.1572047770023346,,0.004153078887611628,,0.0,,0.17431670427322388,,,,,,,,,,,,
8,3559,,0.012766186147928238,,0.0,,0.20184484124183655,,0.0,,0.0,,,0.0,0.0,,0.005692697130143642,,0.15123039484024048,,0.006875117775052786,,0.0,,0.1892046183347702,,,,,,,,,,,,
8,3569,,0.013893922790884972,,0.0,,0.17764975130558014,,0.0,,0.0,,,0.0,0.0,,0.003267968073487282,,0.15696217119693756,,0.006035028025507927,,0.0,,0.1789044290781021,,,,,,,,,,,,
8,3579,,0.014668420888483524,,0.0,,0.18663080036640167,,0.0,,0.0,,,0.0,0.0,,0.00331883761100471,,0.1545657217502594,,0.006751480977982283,,0.0,,0.1829676479101181,,,,,,,,,,,,
8,3589,,0.015743695199489594,,0.0,,0.17992912232875824,,0.0,,0.0,,,0.0,0.0,,0.004753382410854101,,0.15727266669273376,,0.007171995937824249,,0.0,,0.18243542313575745,,,,,,,,,,,,
8,3599,,0.018253561109304428,,0.0,,0.2039128988981247,,0.0,,0.0,,,0.0,0.0,,0.004709291737526655,,0.1579689383506775,,0.004912762902677059,,0.0,,0.1948787420988083,,,,,,,,,,,,
8,3609,,0.01746690273284912,,0.0,,0.18490421772003174,,0.0,,0.0,,,0.0,0.0,,0.0056864726357162,,0.15575957298278809,,0.005404847674071789,,0.0,,0.1846110075712204,,,,,,,,,,,,
8,3619,,0.015178379602730274,,0.0,,0.1950468271970749,,0.0,,0.0,,,0.0,0.0,,0.003180615371093154,,0.15885895490646362,,0.004617298021912575,,0.0,,0.18844105303287506,,,,,,,,,,,,
8,3629,,0.01441342942416668,,0.0,,0.18775254487991333,,0.0,,0.0,,,0.0,0.0,,0.007002619560807943,,0.15740686655044556,,0.0072669717483222485,,0.0,,0.18692120909690857,,,,,,,,,,,,
8,3639,,0.013558947481215,,0.0,,0.18077251315116882,,0.0,,0.0,,,0.0,0.0,,0.0037194888573139906,,0.15354236960411072,,0.0058531323447823524,,0.0,,0.17872323095798492,,,,,,,,,,,,
8,3649,,0.011496028862893581,,0.0,,0.18045009672641754,,0.0,,0.0,,,0.0,0.0,,0.0022892821580171585,,0.15684452652931213,,0.008235897868871689,,0.0,,0.1796579360961914,,,,,,,,,,,,
8,3659,,0.01723422110080719,,0.0,,0.19704775512218475,,0.0,,0.0,,,0.0,0.0,,0.003162813140079379,,0.15407785773277283,,0.005855613853782415,,0.0,,0.18868911266326904,,,,,,,,,,,,
8,3669,,0.0166519396007061,,0.0,,0.1949673891067505,,0.0,,0.0,,,0.0,0.0,,0.005765846930444241,,0.15199843049049377,,0.003639673814177513,,0.0,,0.18651163578033447,,,,,,,,,,,,
8,3679,,0.014777407050132751,,0.0,,0.19299563765525818,,0.0,,0.0,,,0.0,0.0,,0.003426776034757495,,0.15244856476783752,,0.00803292915225029,,0.0,,0.1858406662940979,,,,,,,,,,,,
8,3689,,0.013983635231852531,,0.0,,0.18303664028644562,,0.0,,0.0,,,0.0,0.0,,0.00471835769712925,,0.1539134681224823,,0.006159901153296232,,0.0,,0.1809060126543045,,,,,,,,,,,,
8,3699,,0.013261521235108376,,0.0,,0.18404459953308105,,0.0,,0.0,,,0.0,0.0,,0.007998157292604446,,0.15701130032539368,,0.00801683496683836,,0.0,,0.18516620993614197,,,,,,,,,,,,
8,3709,,0.01380954124033451,,0.0,,0.1815350353717804,,0.0,,0.0,,,0.0,0.0,,0.003243127604946494,,0.15649312734603882,,0.006241452880203724,,0.0,,0.1806611269712448,,,,,,,,,,,,
8,3719,,0.014994308352470398,,0.0,,0.18908695876598358,,0.0,,0.0,,,0.0,0.0,,0.0036191195249557495,,0.1519176959991455,,0.009403018280863762,,0.0,,0.18451057374477386,,,,,,,,,,,,
8,3729,,0.016128093004226685,,0.0,,0.20274107158184052,,0.0,,0.0,,,0.0,0.0,,0.0034936589654535055,,0.15841445326805115,,0.008319864049553871,,0.0,,0.194548562169075,,,,,,,,,,,,
8,3739,,0.015522470697760582,,0.0,,0.19730889797210693,,0.0,,0.0,,,0.0,0.0,,0.004109969362616539,,0.1540343016386032,,0.00525781512260437,,0.0,,0.18811674416065216,,,,,,,,,,,,
8,3749,,0.012931730598211288,,0.0,,0.1844567358493805,,0.0,,0.0,,,0.0,0.0,,0.00255380105227232,,0.15372289717197418,,0.00718700559809804,,0.0,,0.18042609095573425,,,,,,,,,,,,
8,3759,,0.015206432901322842,,0.0,,0.19125375151634216,,0.0,,0.0,,,0.0,0.0,,0.005746433045715094,,0.15838292241096497,,0.010692634619772434,,0.0,,0.19064107537269592,,,,,,,,,,,,
8,3769,,0.014121489599347115,,0.0,,0.19166044890880585,,0.0,,0.0,,,0.0,0.0,,0.0033136759884655476,,0.15493446588516235,,0.006536049768328667,,0.0,,0.18528307974338531,,,,,,,,,,,,
8,3779,,0.012451129034161568,,0.0,,0.17934264242649078,,0.0,,0.0,,,0.0,0.0,,0.003139795269817114,,0.15402474999427795,,0.005980180110782385,,0.0,,0.17746926844120026,,,,,,,,,,,,
8,3789,,0.012069947086274624,,0.0,,0.17440567910671234,,0.0,,0.0,,,0.0,0.0,,0.002850739285349846,,0.15334415435791016,,0.008805632591247559,,0.0,,0.17573808133602142,,,,,,,,,,,,
8,3797,,,,,,,,,,,,,,,,,,,,,,,,,0.10239478945732117,0.0,0.41223081946372986,0.0,0.0,0.0,0.0,0.05445942282676697,0.2594195604324341,0.011632263660430908,0.0,0.4200683832168579
8,3797,0.014600326307117939,,0.0,,0.1851721704006195,,0.0,,0.0,,0.0,0.0,,,0.004004437010735273,,0.15584200620651245,,0.006950600538402796,,0.0,,0.18328477442264557,,,,,,,,,,,,,
9,3799,,0.01349566038697958,,0.0,,0.17014238238334656,,0.0,,0.0,,,0.0,0.0,,0.0027165263891220093,,0.15015876293182373,,0.007697660010308027,,0.0,,0.17210550606250763,,,,,,,,,,,,
9,3809,,0.013793708756566048,,0.0,,0.15921476483345032,,0.0,,0.0,,,0.0,0.0,,0.0029961629770696163,,0.15165935456752777,,0.008084382861852646,,0.0,,0.16787418723106384,,,,,,,,,,,,
9,3819,,0.018054241314530373,,0.0,,0.17919501662254333,,0.0,,0.0,,,0.0,0.0,,0.006203338038176298,,0.15492790937423706,,0.005908016115427017,,0.0,,0.18214425444602966,,,,,,,,,,,,
9,3829,,0.014422030188143253,,0.0,,0.16546759009361267,,0.0,,0.0,,,0.0,0.0,,0.004098864737898111,,0.15635603666305542,,0.00784982554614544,,0.0,,0.17409716546535492,,,,,,,,,,,,
9,3839,,0.015269389376044273,,0.0,,0.19363197684288025,,0.0,,0.0,,,0.0,0.0,,0.004155976232141256,,0.15460428595542908,,0.0084395632147789,,0.0,,0.18805059790611267,,,,,,,,,,,,
9,3849,,0.013339068740606308,,0.0,,0.18698397278785706,,0.0,,0.0,,,0.0,0.0,,0.003082825569435954,,0.15218064188957214,,0.011715766973793507,,0.0,,0.1836511343717575,,,,,,,,,,,,
9,3859,,0.012985032051801682,,0.0,,0.16311772167682648,,0.0,,0.0,,,0.0,0.0,,0.0037641003727912903,,0.15403956174850464,,0.007101298309862614,,0.0,,0.17050383985042572,,,,,,,,,,,,
9,3869,,0.013689184561371803,,0.0,,0.16720899939537048,,0.0,,0.0,,,0.0,0.0,,0.0049582188948988914,,0.1566486358642578,,0.00684650894254446,,0.0,,0.17467577755451202,,,,,,,,,,,,
9,3879,,0.01324361190199852,,0.0,,0.18514136970043182,,0.0,,0.0,,,0.0,0.0,,0.004202007316052914,,0.15540893375873566,,0.006398145575076342,,0.0,,0.18219703435897827,,,,,,,,,,,,
9,3889,,0.01248503103852272,,0.0,,0.1645955890417099,,0.0,,0.0,,,0.0,0.0,,0.002901572734117508,,0.1545276641845703,,0.0060942512936890125,,0.0,,0.17030206322669983,,,,,,,,,,,,
9,3899,,0.014107904396951199,,0.0,,0.1958926022052765,,0.0,,0.0,,,0.0,0.0,,0.0032787108793854713,,0.15490120649337769,,0.006064652930945158,,0.0,,0.18712253868579865,,,,,,,,,,,,
9,3909,,0.013414171524345875,,0.0,,0.17919869720935822,,0.0,,0.0,,,0.0,0.0,,0.004598034080117941,,0.15591013431549072,,0.0050016832537949085,,0.0,,0.17906135320663452,,,,,,,,,,,,
9,3919,,0.015642505139112473,,0.0,,0.17215853929519653,,0.0,,0.0,,,0.0,0.0,,0.003341365372762084,,0.1566375494003296,,0.006234375759959221,,0.0,,0.17700716853141785,,,,,,,,,,,,
9,3929,,0.01633012667298317,,0.0,,0.17357765138149261,,0.0,,0.0,,,0.0,0.0,,0.0038851953577250242,,0.15424874424934387,,0.005766488611698151,,0.0,,0.17690409719944,,,,,,,,,,,,
9,3939,,0.011513322591781616,,0.0,,0.15833190083503723,,0.0,,0.0,,,0.0,0.0,,0.003291734494268894,,0.15077616274356842,,0.00642114644870162,,0.0,,0.16516713798046112,,,,,,,,,,,,
9,3949,,0.01844712533056736,,0.0,,0.1758647859096527,,0.0,,0.0,,,0.0,0.0,,0.003749389201402664,,0.15901389718055725,,0.0065014297142624855,,0.0,,0.18178832530975342,,,,,,,,,,,,
9,3959,,0.011613086797297001,,0.0,,0.1596054881811142,,0.0,,0.0,,,0.0,0.0,,0.002227353397756815,,0.15700507164001465,,0.0063111670315265656,,0.0,,0.16838110983371735,,,,,,,,,,,,
9,3969,,0.011290466412901878,,0.0,,0.1581958830356598,,0.0,,0.0,,,0.0,0.0,,0.0026680859737098217,,0.1552642583847046,,0.008409449830651283,,0.0,,0.16791406273841858,,,,,,,,,,,,
9,3979,,0.015031488612294197,,0.0,,0.1909283697605133,,0.0,,0.0,,,0.0,0.0,,0.0033183579798787832,,0.15623441338539124,,0.005217097699642181,,0.0,,0.18536487221717834,,,,,,,,,,,,
9,3989,,0.01963634043931961,,0.0,,0.18701021373271942,,0.0,,0.0,,,0.0,0.0,,0.003603891469538212,,0.15540198981761932,,0.006085183471441269,,0.0,,0.18586881458759308,,,,,,,,,,,,
9,3999,,0.014985712245106697,,0.0,,0.1942179948091507,,0.0,,0.0,,,0.0,0.0,,0.0037369942292571068,,0.15696007013320923,,0.008626594208180904,,0.0,,0.18926367163658142,,,,,,,,,,,,
9,4009,,0.013354122638702393,,0.0,,0.18082530796527863,,0.0,,0.0,,,0.0,0.0,,0.0032317969016730785,,0.1547936499118805,,0.00587707944214344,,0.0,,0.17904098331928253,,,,,,,,,,,,
9,4019,,0.016683097928762436,,0.0,,0.1649298518896103,,0.0,,0.0,,,0.0,0.0,,0.0034396564587950706,,0.15373924374580383,,0.004480698145925999,,0.0,,0.17163626849651337,,,,,,,,,,,,
9,4029,,0.016042958945035934,,0.0,,0.18628570437431335,,0.0,,0.0,,,0.0,0.0,,0.003661016933619976,,0.15631067752838135,,0.004570107441395521,,0.0,,0.18343521654605865,,,,,,,,,,,,
9,4039,,0.017350507900118828,,0.0,,0.17657051980495453,,0.0,,0.0,,,0.0,0.0,,0.003886881750077009,,0.15728981792926788,,0.00538967689499259,,0.0,,0.18024370074272156,,,,,,,,,,,,
9,4049,,0.01074142288416624,,0.0,,0.1720166653394699,,0.0,,0.0,,,0.0,0.0,,0.002454177476465702,,0.1559186428785324,,0.008408411405980587,,0.0,,0.17476965487003326,,,,,,,,,,,,
9,4059,,0.014387503266334534,,0.0,,0.18006141483783722,,0.0,,0.0,,,0.0,0.0,,0.004216086119413376,,0.1564980447292328,,0.007695743348449469,,0.0,,0.18142938613891602,,,,,,,,,,,,
9,4069,,0.015416771173477173,,0.0,,0.17493794858455658,,0.0,,0.0,,,0.0,0.0,,0.0035517574287950993,,0.15433058142662048,,0.007980289869010448,,0.0,,0.17810866236686707,,,,,,,,,,,,
9,4079,,0.014130433090031147,,0.0,,0.1665383279323578,,0.0,,0.0,,,0.0,0.0,,0.0032474324107170105,,0.1544758677482605,,0.007920656353235245,,0.0,,0.17315636575222015,,,,,,,,,,,,
9,4089,,0.016602443531155586,,0.0,,0.188789501786232,,0.0,,0.0,,,0.0,0.0,,0.0037339264526963234,,0.15399543941020966,,0.006608727853745222,,0.0,,0.18486502766609192,,,,,,,,,,,,
9,4099,,0.010972363874316216,,0.0,,0.1811354011297226,,0.0,,0.0,,,0.0,0.0,,0.0020493108313530684,,0.15431177616119385,,0.00773002952337265,,0.0,,0.17809943854808807,,,,,,,,,,,,
9,4109,,0.011918434873223305,,0.0,,0.16437630355358124,,0.0,,0.0,,,0.0,0.0,,0.0035918503999710083,,0.1569634974002838,,0.004473587963730097,,0.0,,0.1706618219614029,,,,,,,,,,,,
9,4119,,0.01273218635469675,,0.0,,0.17178769409656525,,0.0,,0.0,,,0.0,0.0,,0.0032428100239485502,,0.15394628047943115,,0.0050851330161094666,,0.0,,0.17339704930782318,,,,,,,,,,,,
9,4129,,0.015330391004681587,,0.0,,0.178542822599411,,0.0,,0.0,,,0.0,0.0,,0.0027967614587396383,,0.15701216459274292,,0.004674706142395735,,0.0,,0.17917843163013458,,,,,,,,,,,,
9,4139,,0.013010977767407894,,0.0,,0.17046692967414856,,0.0,,0.0,,,0.0,0.0,,0.00325344642624259,,0.15410448610782623,,0.008031832985579967,,0.0,,0.1744338572025299,,,,,,,,,,,,
9,4149,,0.01676291786134243,,0.0,,0.16508129239082336,,0.0,,0.0,,,0.0,0.0,,0.003491251263767481,,0.15763941407203674,,0.003713098121806979,,0.0,,0.1733439862728119,,,,,,,,,,,,
9,4159,,0.012323573231697083,,0.0,,0.17064756155014038,,0.0,,0.0,,,0.0,0.0,,0.0036653110291808844,,0.15003246068954468,,0.00556736346334219,,0.0,,0.1711181253194809,,,,,,,,,,,,
9,4169,,0.015146899968385696,,0.0,,0.17607741057872772,,0.0,,0.0,,,0.0,0.0,,0.004729648120701313,,0.15362465381622314,,0.005801796447485685,,0.0,,0.17769022285938263,,,,,,,,,,,,
9,4179,,0.01799050346016884,,0.0,,0.17790238559246063,,0.0,,0.0,,,0.0,0.0,,0.006011137738823891,,0.15677617490291595,,0.0076038106344640255,,0.0,,0.18314200639724731,,,,,,,,,,,,
9,4189,,0.014007755555212498,,0.0,,0.17311513423919678,,0.0,,0.0,,,0.0,0.0,,0.0030950885266065598,,0.15652550756931305,,0.005598711781203747,,0.0,,0.17617109417915344,,,,,,,,,,,,
9,4199,,0.012156025506556034,,0.0,,0.1769903302192688,,0.0,,0.0,,,0.0,0.0,,0.002847732976078987,,0.15098807215690613,,0.005901938304305077,,0.0,,0.17444205284118652,,,,,,,,,,,,
9,4209,,0.012780003249645233,,0.0,,0.17822647094726562,,0.0,,0.0,,,0.0,0.0,,0.0025718635879456997,,0.1540692150592804,,0.0071646785363554955,,0.0,,0.17740611732006073,,,,,,,,,,,,
9,4219,,0.01301366463303566,,0.0,,0.17527572810649872,,0.0,,0.0,,,0.0,0.0,,0.0024864475708454847,,0.15035893023014069,,0.007549247704446316,,0.0,,0.17434200644493103,,,,,,,,,,,,
9,4219,,,,,,,,,,,,,,,,,,,,,,,,,0.1017058864235878,0.0,0.4169953167438507,0.0,0.0,0.0,0.0,0.05480577424168587,0.2558501660823822,0.011462069116532803,0.0,0.4204096794128418
9,4219,0.013973724097013474,,0.0,,0.17543868720531464,,0.0,,0.0,,0.0,0.0,,,0.003591253189370036,,0.15445902943611145,,0.006512205116450787,,0.0,,0.17698734998703003,,,,,,,,,,,,,
10,4229,,0.012348209507763386,,0.0,,0.15232551097869873,,0.0,,0.0,,,0.0,0.0,,0.0024436579551547766,,0.15403006970882416,,0.0020461517851799726,,0.0,,0.16159680485725403,,,,,,,,,,,,
10,4239,,0.009682072326540947,,0.0,,0.16494227945804596,,0.0,,0.0,,,0.0,0.0,,0.002631416078656912,,0.15185773372650146,,0.006310776341706514,,0.0,,0.16771213710308075,,,,,,,,,,,,
10,4249,,0.01288402359932661,,0.0,,0.1796375811100006,,0.0,,0.0,,,0.0,0.0,,0.003864347469061613,,0.15592053532600403,,0.00903039425611496,,0.0,,0.180668443441391,,,,,,,,,,,,
10,4259,,0.016884712502360344,,0.0,,0.16858847439289093,,0.0,,0.0,,,0.0,0.0,,0.005667400546371937,,0.1550918072462082,,0.010875150561332703,,0.0,,0.1785537600517273,,,,,,,,,,,,
10,4269,,0.014314413070678711,,0.0,,0.1666550636291504,,0.0,,0.0,,,0.0,0.0,,0.0029804210644215345,,0.1513267308473587,,0.006116057280451059,,0.0,,0.17069633305072784,,,,,,,,,,,,
10,4279,,0.01408675592392683,,0.0,,0.17991548776626587,,0.0,,0.0,,,0.0,0.0,,0.0035511821042746305,,0.15679430961608887,,0.005613046232610941,,0.0,,0.17998039722442627,,,,,,,,,,,,
10,4289,,0.008195620961487293,,0.0,,0.13911926746368408,,0.0,,0.0,,,0.0,0.0,,0.003557525109499693,,0.1512869894504547,,0.007594837807118893,,0.0,,0.15487711131572723,,,,,,,,,,,,
10,4299,,0.015312605537474155,,0.0,,0.1676838994026184,,0.0,,0.0,,,0.0,0.0,,0.004327773116528988,,0.15336166322231293,,0.005649062339216471,,0.0,,0.17316751182079315,,,,,,,,,,,,
10,4309,,0.015620077028870583,,0.0,,0.18591998517513275,,0.0,,0.0,,,0.0,0.0,,0.0054825907573103905,,0.15319746732711792,,0.013953747227787971,,0.0,,0.18708693981170654,,,,,,,,,,,,
10,4319,,0.0123551981523633,,0.0,,0.16726979613304138,,0.0,,0.0,,,0.0,0.0,,0.0025381757877767086,,0.15418347716331482,,0.005780052859336138,,0.0,,0.1710633486509323,,,,,,,,,,,,
10,4329,,0.013142182491719723,,0.0,,0.1622428148984909,,0.0,,0.0,,,0.0,0.0,,0.003092881990596652,,0.15465036034584045,,0.00422831904143095,,0.0,,0.16867826879024506,,,,,,,,,,,,
10,4339,,0.014943530783057213,,0.0,,0.1768805831670761,,0.0,,0.0,,,0.0,0.0,,0.003090732265263796,,0.1491643339395523,,0.006177092902362347,,0.0,,0.17512814700603485,,,,,,,,,,,,
10,4349,,0.01675698161125183,,0.0,,0.16799841821193695,,0.0,,0.0,,,0.0,0.0,,0.005247960798442364,,0.15462860465049744,,0.0040184915997087955,,0.0,,0.17432521283626556,,,,,,,,,,,,
10,4359,,0.011945651844143867,,0.0,,0.18277449905872345,,0.0,,0.0,,,0.0,0.0,,0.002971768844872713,,0.15530306100845337,,0.007147395052015781,,0.0,,0.18007118999958038,,,,,,,,,,,,
10,4369,,0.016501115635037422,,0.0,,0.1789984405040741,,0.0,,0.0,,,0.0,0.0,,0.004519222304224968,,0.15415681898593903,,0.004235356114804745,,0.0,,0.1792054921388626,,,,,,,,,,,,
10,4379,,0.015668563544750214,,0.0,,0.16578173637390137,,0.0,,0.0,,,0.0,0.0,,0.003704214235767722,,0.15541914105415344,,0.00527289928868413,,0.0,,0.172923281788826,,,,,,,,,,,,
10,4389,,0.014587754383683205,,0.0,,0.15283918380737305,,0.0,,0.0,,,0.0,0.0,,0.0029313392005860806,,0.15455669164657593,,0.007714307866990566,,0.0,,0.16631463170051575,,,,,,,,,,,,
10,4399,,0.010599897243082523,,0.0,,0.16645357012748718,,0.0,,0.0,,,0.0,0.0,,0.0029187295585870743,,0.15054331719875336,,0.007483076769858599,,0.0,,0.16899928450584412,,,,,,,,,,,,
10,4409,,0.011500058695673943,,0.0,,0.17076726257801056,,0.0,,0.0,,,0.0,0.0,,0.0037563748192042112,,0.15126952528953552,,0.008406804874539375,,0.0,,0.17285002768039703,,,,,,,,,,,,
10,4419,,0.011239329352974892,,0.0,,0.1548609435558319,,0.0,,0.0,,,0.0,0.0,,0.0063270824030041695,,0.15450935065746307,,0.010056758299469948,,0.0,,0.1684967279434204,,,,,,,,,,,,
10,4429,,0.01161442045122385,,0.0,,0.17084193229675293,,0.0,,0.0,,,0.0,0.0,,0.003630701918154955,,0.15203633904457092,,0.005792365409433842,,0.0,,0.17195788025856018,,,,,,,,,,,,
10,4439,,0.011036289855837822,,0.0,,0.1585519164800644,,0.0,,0.0,,,0.0,0.0,,0.003234510775655508,,0.15215525031089783,,0.00433460995554924,,0.0,,0.16465626657009125,,,,,,,,,,,,
10,4449,,0.011937065050005913,,0.0,,0.17626336216926575,,0.0,,0.0,,,0.0,0.0,,0.002597762504592538,,0.15100185573101044,,0.004556836560368538,,0.0,,0.17317841947078705,,,,,,,,,,,,
10,4459,,0.013908914290368557,,0.0,,0.17355506122112274,,0.0,,0.0,,,0.0,0.0,,0.005045249126851559,,0.15078093111515045,,0.005803699605166912,,0.0,,0.17454692721366882,,,,,,,,,,,,
10,4469,,0.013182374648749828,,0.0,,0.16321027278900146,,0.0,,0.0,,,0.0,0.0,,0.002737214555963874,,0.1506345570087433,,0.003941432572901249,,0.0,,0.1668529361486435,,,,,,,,,,,,
10,4479,,0.013525146059691906,,0.0,,0.17637446522712708,,0.0,,0.0,,,0.0,0.0,,0.0025309030897915363,,0.15407823026180267,,0.008090217597782612,,0.0,,0.17729948461055756,,,,,,,,,,,,
10,4489,,0.015669435262680054,,0.0,,0.1716727763414383,,0.0,,0.0,,,0.0,0.0,,0.004162139724940062,,0.15431347489356995,,0.009156635031104088,,0.0,,0.17748723924160004,,,,,,,,,,,,
10,4499,,0.01426068414002657,,0.0,,0.15749235451221466,,0.0,,0.0,,,0.0,0.0,,0.0034360913559794426,,0.15145687758922577,,0.007006761152297258,,0.0,,0.16682638227939606,,,,,,,,,,,,
10,4509,,0.013359824195504189,,0.0,,0.1691824197769165,,0.0,,0.0,,,0.0,0.0,,0.0023568288888782263,,0.15168476104736328,,0.005475905723869801,,0.0,,0.17102986574172974,,,,,,,,,,,,
10,4519,,0.011085688136518002,,0.0,,0.16289390623569489,,0.0,,0.0,,,0.0,0.0,,0.004469661507755518,,0.15343879163265228,,0.006794601213186979,,0.0,,0.1693413257598877,,,,,,,,,,,,
10,4529,,0.011864297091960907,,0.0,,0.16781319677829742,,0.0,,0.0,,,0.0,0.0,,0.0026882400270551443,,0.1527610868215561,,0.008183333091437817,,0.0,,0.17165507376194,,,,,,,,,,,,
10,4539,,0.015286403708159924,,0.0,,0.1822347193956375,,0.0,,0.0,,,0.0,0.0,,0.00458059785887599,,0.15000802278518677,,0.004954048432409763,,0.0,,0.17853188514709473,,,,,,,,,,,,
10,4549,,0.01561114564538002,,0.0,,0.16275569796562195,,0.0,,0.0,,,0.0,0.0,,0.003687250195071101,,0.1547858715057373,,0.006190852262079716,,0.0,,0.17151542007923126,,,,,,,,,,,,
10,4559,,0.011049406602978706,,0.0,,0.15874871611595154,,0.0,,0.0,,,0.0,0.0,,0.0018683349480852485,,0.15313073992729187,,0.0064599462784826756,,0.0,,0.165628582239151,,,,,,,,,,,,
10,4569,,0.011407632380723953,,0.0,,0.15881234407424927,,0.0,,0.0,,,0.0,0.0,,0.003649796824902296,,0.14938487112522125,,0.007735726423561573,,0.0,,0.16549518704414368,,,,,,,,,,,,
10,4579,,0.008953545242547989,,0.0,,0.1562916338443756,,0.0,,0.0,,,0.0,0.0,,0.004026611335575581,,0.15148800611495972,,0.004702144302427769,,0.0,,0.16273097693920135,,,,,,,,,,,,
10,4589,,0.01280716247856617,,0.0,,0.16449551284313202,,0.0,,0.0,,,0.0,0.0,,0.0021779455710202456,,0.15148670971393585,,0.00772891566157341,,0.0,,0.1693481206893921,,,,,,,,,,,,
10,4599,,0.01623580977320671,,0.0,,0.16515105962753296,,0.0,,0.0,,,0.0,0.0,,0.0029457630589604378,,0.15376737713813782,,0.004556433297693729,,0.0,,0.17132821679115295,,,,,,,,,,,,
10,4609,,0.012530657462775707,,0.0,,0.16973990201950073,,0.0,,0.0,,,0.0,0.0,,0.0023798637557774782,,0.15217646956443787,,0.0054158661514520645,,0.0,,0.17112137377262115,,,,,,,,,,,,
10,4619,,0.012746592052280903,,0.0,,0.1579728126525879,,0.0,,0.0,,,0.0,0.0,,0.003193742362782359,,0.15056131780147552,,0.005953290965408087,,0.0,,0.16521388292312622,,,,,,,,,,,,
10,4629,,0.009202979505062103,,0.0,,0.16707810759544373,,0.0,,0.0,,,0.0,0.0,,0.002014564350247383,,0.15125994384288788,,0.0038887199480086565,,0.0,,0.1667221635580063,,,,,,,,,,,,
10,4639,,0.014730061404407024,,0.0,,0.17477074265480042,,0.0,,0.0,,,0.0,0.0,,0.003593009663745761,,0.1498030424118042,,0.004735121503472328,,0.0,,0.17381598055362701,,,,,,,,,,,,
10,4641,,,,,,,,,,,,,,,,,,,,,,,,,0.10432549566030502,0.0,0.4080231487751007,0.0,0.0,0.0,0.0,0.06093355268239975,0.2631255090236664,0.010552008636295795,0.0,0.4234798550605774
10,4641,0.013510677963495255,,0.0,,0.16845083236694336,,0.0,,0.0,,0.0,0.0,,,0.0036027671303600073,,0.15335829555988312,,0.006176766008138657,,0.0,,0.1725497841835022,,,,,,,,,,,,,
11,4649,,0.015556002035737038,,0.0,,0.17935971915721893,,0.0,,0.0,,,0.0,0.0,,0.0037265997380018234,,0.1536978781223297,,0.006967099383473396,,0.0,,0.17965364456176758,,,,,,,,,,,,
11,4659,,0.01180386170744896,,0.0,,0.14972686767578125,,0.0,,0.0,,,0.0,0.0,,0.003165004774928093,,0.1524284929037094,,0.004318471997976303,,0.0,,0.16072136163711548,,,,,,,,,,,,
11,4669,,0.012119018472731113,,0.0,,0.15267276763916016,,0.0,,0.0,,,0.0,0.0,,0.0024493064265698195,,0.15295633673667908,,0.004839558620005846,,0.0,,0.16251850128173828,,,,,,,,,,,,
11,4679,,0.010596377775073051,,0.0,,0.15975463390350342,,0.0,,0.0,,,0.0,0.0,,0.0025994584430009127,,0.1501714140176773,,0.006371768657118082,,0.0,,0.16474680602550507,,,,,,,,,,,,
11,4689,,0.01419159211218357,,0.0,,0.16968436539173126,,0.0,,0.0,,,0.0,0.0,,0.0030886796303093433,,0.15389880537986755,,0.006922948639839888,,0.0,,0.17389321327209473,,,,,,,,,,,,
11,4699,,0.012676438316702843,,0.0,,0.1720638871192932,,0.0,,0.0,,,0.0,0.0,,0.0030398149974644184,,0.15437927842140198,,0.005710773169994354,,0.0,,0.17393510043621063,,,,,,,,,,,,
11,4709,,0.013436859473586082,,0.0,,0.15092486143112183,,0.0,,0.0,,,0.0,0.0,,0.0044977543875575066,,0.15354686975479126,,0.002981073223054409,,0.0,,0.16269370913505554,,,,,,,,,,,,
11,4719,,0.012011239305138588,,0.0,,0.15348848700523376,,0.0,,0.0,,,0.0,0.0,,0.005246267654001713,,0.15001249313354492,,0.005970868747681379,,0.0,,0.16336467862129211,,,,,,,,,,,,
11,4729,,0.012604915536940098,,0.0,,0.17971071600914001,,0.0,,0.0,,,0.0,0.0,,0.0027977596037089825,,0.15223488211631775,,0.0048622204922139645,,0.0,,0.17610524594783783,,,,,,,,,,,,
11,4739,,0.01165824569761753,,0.0,,0.14676401019096375,,0.0,,0.0,,,0.0,0.0,,0.002358013531193137,,0.15327447652816772,,0.005417318549007177,,0.0,,0.1597360372543335,,,,,,,,,,,,
11,4749,,0.010730450972914696,,0.0,,0.15113502740859985,,0.0,,0.0,,,0.0,0.0,,0.0031173862516880035,,0.15162116289138794,,0.005776559002697468,,0.0,,0.16119028627872467,,,,,,,,,,,,
11,4759,,0.012670522555708885,,0.0,,0.15526002645492554,,0.0,,0.0,,,0.0,0.0,,0.002416621893644333,,0.15586420893669128,,0.007430311758071184,,0.0,,0.16682083904743195,,,,,,,,,,,,
11,4769,,0.013801135122776031,,0.0,,0.153462752699852,,0.0,,0.0,,,0.0,0.0,,0.0040806918404996395,,0.1505001187324524,,0.0071747456677258015,,0.0,,0.16450972855091095,,,,,,,,,,,,
11,4779,,0.017174676060676575,,0.0,,0.17539086937904358,,0.0,,0.0,,,0.0,0.0,,0.006612703204154968,,0.15208721160888672,,0.010707525536417961,,0.0,,0.18098650872707367,,,,,,,,,,,,
11,4789,,0.011996784247457981,,0.0,,0.1674341857433319,,0.0,,0.0,,,0.0,0.0,,0.002843562513589859,,0.15018579363822937,,0.003945379052311182,,0.0,,0.16820284724235535,,,,,,,,,,,,
11,4799,,0.011465165764093399,,0.0,,0.16467277705669403,,0.0,,0.0,,,0.0,0.0,,0.0022152503952383995,,0.15214566886425018,,0.007054786663502455,,0.0,,0.16877681016921997,,,,,,,,,,,,
11,4809,,0.01210814993828535,,0.0,,0.16933709383010864,,0.0,,0.0,,,0.0,0.0,,0.0063073476776480675,,0.15341128408908844,,0.005779103375971317,,0.0,,0.17347148060798645,,,,,,,,,,,,
11,4819,,0.014291607774794102,,0.0,,0.1577436625957489,,0.0,,0.0,,,0.0,0.0,,0.0050148023292422295,,0.1555442214012146,,0.005686428397893906,,0.0,,0.16914036870002747,,,,,,,,,,,,
11,4829,,0.022130824625492096,,0.0,,0.18885067105293274,,0.0,,0.0,,,0.0,0.0,,0.005427817814052105,,0.15340149402618408,,0.0029453514143824577,,0.0,,0.18637807667255402,,,,,,,,,,,,
11,4839,,0.011896414682269096,,0.0,,0.15462662279605865,,0.0,,0.0,,,0.0,0.0,,0.0025477297604084015,,0.1525757908821106,,0.004061986692249775,,0.0,,0.16285426914691925,,,,,,,,,,,,
11,4849,,0.011203223839402199,,0.0,,0.17029066383838654,,0.0,,0.0,,,0.0,0.0,,0.002519144443795085,,0.1505614072084427,,0.0069881328381598,,0.0,,0.17078128457069397,,,,,,,,,,,,
11,4859,,0.011625591665506363,,0.0,,0.15852341055870056,,0.0,,0.0,,,0.0,0.0,,0.0024062292650341988,,0.15406490862369537,,0.003301583928987384,,0.0,,0.16496087610721588,,,,,,,,,,,,
11,4869,,0.013126586563885212,,0.0,,0.16791720688343048,,0.0,,0.0,,,0.0,0.0,,0.002392695052549243,,0.1522674262523651,,0.003508583875373006,,0.0,,0.1696062684059143,,,,,,,,,,,,
11,4879,,0.012822097167372704,,0.0,,0.17396454513072968,,0.0,,0.0,,,0.0,0.0,,0.00447636004537344,,0.1512882113456726,,0.006381186190992594,,0.0,,0.17446620762348175,,,,,,,,,,,,
11,4889,,0.015043135732412338,,0.0,,0.16243687272071838,,0.0,,0.0,,,0.0,0.0,,0.003989811986684799,,0.15143340826034546,,0.00411892868578434,,0.0,,0.16851107776165009,,,,,,,,,,,,
11,4899,,0.011772293597459793,,0.0,,0.16215240955352783,,0.0,,0.0,,,0.0,0.0,,0.0032763236667960882,,0.1518625169992447,,0.008638656698167324,,0.0,,0.1688510924577713,,,,,,,,,,,,
11,4909,,0.01222001202404499,,0.0,,0.1707778126001358,,0.0,,0.0,,,0.0,0.0,,0.002260919427499175,,0.14997375011444092,,0.0061907898634672165,,0.0,,0.17071163654327393,,,,,,,,,,,,
11,4919,,0.017506979405879974,,0.0,,0.16418039798736572,,0.0,,0.0,,,0.0,0.0,,0.0037216893397271633,,0.1530451476573944,,0.004584009759128094,,0.0,,0.17151911556720734,,,,,,,,,,,,
11,4929,,0.011400564573705196,,0.0,,0.14898279309272766,,0.0,,0.0,,,0.0,0.0,,0.0026455875486135483,,0.15160411596298218,,0.006738814990967512,,0.0,,0.1606859266757965,,,,,,,,,,,,
11,4939,,0.009039303287863731,,0.0,,0.15649983286857605,,0.0,,0.0,,,0.0,0.0,,0.0027329903095960617,,0.15145277976989746,,0.004175773821771145,,0.0,,0.16195034980773926,,,,,,,,,,,,
11,4949,,0.01071444433182478,,0.0,,0.17152586579322815,,0.0,,0.0,,,0.0,0.0,,0.003759342012926936,,0.15154610574245453,,0.00556882843375206,,0.0,,0.17155729234218597,,,,,,,,,,,,
11,4959,,0.015259849838912487,,0.0,,0.15830668807029724,,0.0,,0.0,,,0.0,0.0,,0.0034876600839197636,,0.15399475395679474,,0.005744373891502619,,0.0,,0.16839666664600372,,,,,,,,,,,,
11,4969,,0.01199314184486866,,0.0,,0.14835987985134125,,0.0,,0.0,,,0.0,0.0,,0.0027333255857229233,,0.15208066999912262,,0.004542327951639891,,0.0,,0.15985466539859772,,,,,,,,,,,,
11,4979,,0.010191645473241806,,0.0,,0.15342006087303162,,0.0,,0.0,,,0.0,0.0,,0.002000142354518175,,0.1504753828048706,,0.0051523232832551,,0.0,,0.16061978042125702,,,,,,,,,,,,
11,4989,,0.011695985682308674,,0.0,,0.1583329141139984,,0.0,,0.0,,,0.0,0.0,,0.002994856797158718,,0.14992903172969818,,0.006595884915441275,,0.0,,0.1647743284702301,,,,,,,,,,,,
11,4999,,0.01541304774582386,,0.0,,0.1707366704940796,,0.0,,0.0,,,0.0,0.0,,0.0020151345524936914,,0.15322133898735046,,0.00515997689217329,,0.0,,0.17327308654785156,,,,,,,,,,,,
11,5009,,0.011810832656919956,,0.0,,0.15496057271957397,,0.0,,0.0,,,0.0,0.0,,0.002428921638056636,,0.15264631807804108,,0.0061967698857188225,,0.0,,0.16402170062065125,,,,,,,,,,,,
11,5019,,0.014146741479635239,,0.0,,0.15412043035030365,,0.0,,0.0,,,0.0,0.0,,0.005038917064666748,,0.15368694067001343,,0.005032167304307222,,0.0,,0.16601261496543884,,,,,,,,,,,,
11,5029,,0.013520404696464539,,0.0,,0.16985571384429932,,0.0,,0.0,,,0.0,0.0,,0.003291653236374259,,0.1571035534143448,,0.006278211250901222,,0.0,,0.17502477765083313,,,,,,,,,,,,
11,5039,,0.013037583790719509,,0.0,,0.1579306274652481,,0.0,,0.0,,,0.0,0.0,,0.0025976644828915596,,0.1522604525089264,,0.0020723494235426188,,0.0,,0.16394935548305511,,,,,,,,,,,,
11,5049,,0.010046832263469696,,0.0,,0.15697906911373138,,0.0,,0.0,,,0.0,0.0,,0.0023181037977337837,,0.15195143222808838,,0.006423092447221279,,0.0,,0.1638592779636383,,,,,,,,,,,,
11,5059,,0.016075583174824715,,0.0,,0.16917383670806885,,0.0,,0.0,,,0.0,0.0,,0.0028025577776134014,,0.15677347779273987,,0.0059304446913301945,,0.0,,0.1753779500722885,,,,,,,,,,,,
11,5063,,,,,,,,,,,,,,,,,,,,,,,,,0.10092092305421829,0.0,0.4147254526615143,0.0,0.0,0.0,0.0,0.056134216487407684,0.25791293382644653,0.011227267794311047,0.0,0.42046040296554565
11,5063,0.013093014247715473,,0.0,,0.16223463416099548,,0.0,,0.0,,0.0,0.0,,,0.0033364046830683947,,0.15245573222637177,,0.005855332128703594,,0.0,,0.1684875637292862,,,,,,,,,,,,,
12,5069,,0.013344917446374893,,0.0,,0.15888948738574982,,0.0,,0.0,,,0.0,0.0,,0.002047228626906872,,0.15148773789405823,,0.005173084791749716,,0.0,,0.16547124087810516,,,,,,,,,,,,
12,5079,,0.011524095200002193,,0.0,,0.1568499207496643,,0.0,,0.0,,,0.0,0.0,,0.0025836618151515722,,0.15078651905059814,,0.0042688664980232716,,0.0,,0.1630065143108368,,,,,,,,,,,,
12,5089,,0.012646395713090897,,0.0,,0.16342447698116302,,0.0,,0.0,,,0.0,0.0,,0.002661007223650813,,0.14919888973236084,,0.005608773324638605,,0.0,,0.16676978766918182,,,,,,,,,,,,
12,5099,,0.011562684550881386,,0.0,,0.15571394562721252,,0.0,,0.0,,,0.0,0.0,,0.0034154101740568876,,0.15274864435195923,,0.006244367454200983,,0.0,,0.16484251618385315,,,,,,,,,,,,
12,5109,,0.009055846370756626,,0.0,,0.14806558191776276,,0.0,,0.0,,,0.0,0.0,,0.0017779649933800101,,0.15028151869773865,,0.005867461673915386,,0.0,,0.1575241982936859,,,,,,,,,,,,
12,5119,,0.012745702639222145,,0.0,,0.15080590546131134,,0.0,,0.0,,,0.0,0.0,,0.002748898696154356,,0.15134575963020325,,0.006607127375900745,,0.0,,0.16212670505046844,,,,,,,,,,,,
12,5129,,0.012056679464876652,,0.0,,0.15256652235984802,,0.0,,0.0,,,0.0,0.0,,0.0034061907790601254,,0.15461798012256622,,0.005474308505654335,,0.0,,0.16406084597110748,,,,,,,,,,,,
12,5139,,0.010870285332202911,,0.0,,0.1654054969549179,,0.0,,0.0,,,0.0,0.0,,0.005753010511398315,,0.15058697760105133,,0.01126513909548521,,0.0,,0.17194044589996338,,,,,,,,,,,,
12,5149,,0.014601869508624077,,0.0,,0.17014440894126892,,0.0,,0.0,,,0.0,0.0,,0.002917789388448,,0.1578410565853119,,0.00753115676343441,,0.0,,0.17651814222335815,,,,,,,,,,,,
12,5159,,0.016576234251260757,,0.0,,0.16256895661354065,,0.0,,0.0,,,0.0,0.0,,0.0027883839793503284,,0.15254102647304535,,0.002603743690997362,,0.0,,0.1685391664505005,,,,,,,,,,,,
12,5169,,0.014892863109707832,,0.0,,0.15968294441699982,,0.0,,0.0,,,0.0,0.0,,0.003108999691903591,,0.1524786502122879,,0.0028269917238503695,,0.0,,0.16649523377418518,,,,,,,,,,,,
12,5179,,0.0163247250020504,,0.0,,0.16548997163772583,,0.0,,0.0,,,0.0,0.0,,0.0028150565922260284,,0.15673121809959412,,0.0036243151407688856,,0.0,,0.17249265313148499,,,,,,,,,,,,
12,5189,,0.012566663324832916,,0.0,,0.1456323266029358,,0.0,,0.0,,,0.0,0.0,,0.0029788129031658173,,0.1524648368358612,,0.0025787181220948696,,0.0,,0.15811066329479218,,,,,,,,,,,,
12,5199,,0.012320266105234623,,0.0,,0.1637219488620758,,0.0,,0.0,,,0.0,0.0,,0.0032885540276765823,,0.15171808004379272,,0.005599944852292538,,0.0,,0.16832441091537476,,,,,,,,,,,,
12,5209,,0.01264186017215252,,0.0,,0.16724523901939392,,0.0,,0.0,,,0.0,0.0,,0.0028894604183733463,,0.15169239044189453,,0.004835198633372784,,0.0,,0.169652059674263,,,,,,,,,,,,
12,5219,,0.010305668227374554,,0.0,,0.15534991025924683,,0.0,,0.0,,,0.0,0.0,,0.0021143879275768995,,0.15022647380828857,,0.005088493227958679,,0.0,,0.16154247522354126,,,,,,,,,,,,
12,5229,,0.014438221231102943,,0.0,,0.1792249083518982,,0.0,,0.0,,,0.0,0.0,,0.003004740457981825,,0.1517113745212555,,0.005471920594573021,,0.0,,0.17692556977272034,,,,,,,,,,,,
12,5239,,0.012417285703122616,,0.0,,0.14128999412059784,,0.0,,0.0,,,0.0,0.0,,0.0034039716701954603,,0.15122336149215698,,0.0078113083727657795,,0.0,,0.15807296335697174,,,,,,,,,,,,
12,5249,,0.019028913229703903,,0.0,,0.1502164751291275,,0.0,,0.0,,,0.0,0.0,,0.0042342497035861015,,0.15499411523342133,,0.003673167433589697,,0.0,,0.16607345640659332,,,,,,,,,,,,
12,5259,,0.009682819247245789,,0.0,,0.13756270706653595,,0.0,,0.0,,,0.0,0.0,,0.002263207919895649,,0.1544654220342636,,0.007803266867995262,,0.0,,0.15588872134685516,,,,,,,,,,,,
12,5269,,0.0157061405479908,,0.0,,0.1508345752954483,,0.0,,0.0,,,0.0,0.0,,0.0036738363560289145,,0.15182757377624512,,0.006949868053197861,,0.0,,0.16449598968029022,,,,,,,,,,,,
12,5279,,0.014256881549954414,,0.0,,0.16071654856204987,,0.0,,0.0,,,0.0,0.0,,0.0035438737832009792,,0.1505502462387085,,0.007401640526950359,,0.0,,0.16823460161685944,,,,,,,,,,,,
12,5289,,0.01530192419886589,,0.0,,0.16157899796962738,,0.0,,0.0,,,0.0,0.0,,0.003379652975127101,,0.15281397104263306,,0.006330226082354784,,0.0,,0.16970238089561462,,,,,,,,,,,,
12,5299,,0.012824033387005329,,0.0,,0.1520906239748001,,0.0,,0.0,,,0.0,0.0,,0.0034231930039823055,,0.153690904378891,,0.004749567713588476,,0.0,,0.1633891612291336,,,,,,,,,,,,
12,5309,,0.01299184188246727,,0.0,,0.14650453627109528,,0.0,,0.0,,,0.0,0.0,,0.003491603769361973,,0.15090146660804749,,0.005427026655524969,,0.0,,0.1596582531929016,,,,,,,,,,,,
12,5319,,0.009471064433455467,,0.0,,0.1455397754907608,,0.0,,0.0,,,0.0,0.0,,0.001991266617551446,,0.14681339263916016,,0.003752149874344468,,0.0,,0.15378381311893463,,,,,,,,,,,,
12,5329,,0.011430437676608562,,0.0,,0.14525167644023895,,0.0,,0.0,,,0.0,0.0,,0.003174128709360957,,0.15283052623271942,,0.0037882435135543346,,0.0,,0.1582375019788742,,,,,,,,,,,,
12,5339,,0.010560436174273491,,0.0,,0.15489985048770905,,0.0,,0.0,,,0.0,0.0,,0.002643230836838484,,0.1499566286802292,,0.004218976944684982,,0.0,,0.16113954782485962,,,,,,,,,,,,
12,5349,,0.011022942140698433,,0.0,,0.1446286141872406,,0.0,,0.0,,,0.0,0.0,,0.0022770119830965996,,0.15239688754081726,,0.00745271984487772,,0.0,,0.15888909995555878,,,,,,,,,,,,
12,5359,,0.015653511509299278,,0.0,,0.1594415307044983,,0.0,,0.0,,,0.0,0.0,,0.003577789291739464,,0.15220817923545837,,0.004193544387817383,,0.0,,0.16753728687763214,,,,,,,,,,,,
12,5369,,0.010111894458532333,,0.0,,0.16281987726688385,,0.0,,0.0,,,0.0,0.0,,0.003241573227569461,,0.15067729353904724,,0.004038742743432522,,0.0,,0.16544470191001892,,,,,,,,,,,,
12,5379,,0.014184193685650826,,0.0,,0.15574786067008972,,0.0,,0.0,,,0.0,0.0,,0.0031167143024504185,,0.14842988550662994,,0.005644520279020071,,0.0,,0.16356161236763,,,,,,,,,,,,
12,5389,,0.014039085246622562,,0.0,,0.14538925886154175,,0.0,,0.0,,,0.0,0.0,,0.002482818439602852,,0.14775869250297546,,0.004368636291474104,,0.0,,0.1570192575454712,,,,,,,,,,,,
12,5399,,0.012290449813008308,,0.0,,0.15182942152023315,,0.0,,0.0,,,0.0,0.0,,0.0026956219226121902,,0.15121562778949738,,0.005079734604805708,,0.0,,0.1615554243326187,,,,,,,,,,,,
12,5409,,0.012447448447346687,,0.0,,0.15892401337623596,,0.0,,0.0,,,0.0,0.0,,0.0026138487737625837,,0.15388771891593933,,0.0038589825853705406,,0.0,,0.16586600244045258,,,,,,,,,,,,
12,5419,,0.016063712537288666,,0.0,,0.15738210082054138,,0.0,,0.0,,,0.0,0.0,,0.003548017702996731,,0.15488113462924957,,0.004442764911800623,,0.0,,0.1681588739156723,,,,,,,,,,,,
12,5429,,0.010075829923152924,,0.0,,0.15309372544288635,,0.0,,0.0,,,0.0,0.0,,0.002631682436913252,,0.15239596366882324,,0.0042335703037679195,,0.0,,0.1612153947353363,,,,,,,,,,,,
12,5439,,0.01512357871979475,,0.0,,0.16657373309135437,,0.0,,0.0,,,0.0,0.0,,0.003912168089300394,,0.1546754240989685,,0.0068847681395709515,,0.0,,0.17358483374118805,,,,,,,,,,,,
12,5449,,0.014538226649165154,,0.0,,0.15861627459526062,,0.0,,0.0,,,0.0,0.0,,0.0033381532412022352,,0.15011397004127502,,0.00585953937843442,,0.0,,0.166233092546463,,,,,,,,,,,,
12,5459,,0.015463268384337425,,0.0,,0.1526937484741211,,0.0,,0.0,,,0.0,0.0,,0.0034258977975696325,,0.15092487633228302,,0.006246860139071941,,0.0,,0.16437731683254242,,,,,,,,,,,,
12,5469,,0.010291854850947857,,0.0,,0.13091979920864105,,0.0,,0.0,,,0.0,0.0,,0.0018796352669596672,,0.15117332339286804,,0.007919929921627045,,0.0,,0.1510922610759735,,,,,,,,,,,,
12,5479,,0.01090342178940773,,0.0,,0.14791834354400635,,0.0,,0.0,,,0.0,0.0,,0.002809195313602686,,0.15252962708473206,,0.0020855150651186705,,0.0,,0.15812304615974426,,,,,,,,,,,,
12,5485,,,,,,,,,,,,,,,,,,,,,,,,,0.1024853065609932,0.0,0.4148830771446228,0.0,0.0,0.0,0.0,0.05518892779946327,0.2594032883644104,0.010775398463010788,0.0,0.42136794328689575
12,5485,0.012731250375509262,,0.0,,0.1567983776330948,,0.0,,0.0,,0.0,0.0,,,0.00311882677488029,,0.15163007378578186,,0.005615619011223316,,0.0,,0.16494719684123993,,,,,,,,,,,,,
13,5489,,0.014236881397664547,,0.0,,0.14718732237815857,,0.0,,0.0,,,0.0,0.0,,0.00373163353651762,,0.15023046731948853,,0.0036591053940355778,,0.0,,0.15952269732952118,,,,,,,,,,,,
13,5499,,0.012122316285967827,,0.0,,0.16483937203884125,,0.0,,0.0,,,0.0,0.0,,0.0025744703598320484,,0.1518521010875702,,0.0057352627627551556,,0.0,,0.16856174170970917,,,,,,,,,,,,
13,5509,,0.011286127381026745,,0.0,,0.14701731503009796,,0.0,,0.0,,,0.0,0.0,,0.0028762216679751873,,0.1470928192138672,,0.004545438569039106,,0.0,,0.15640896558761597,,,,,,,,,,,,
13,5519,,0.01270371861755848,,0.0,,0.14915713667869568,,0.0,,0.0,,,0.0,0.0,,0.0026605124585330486,,0.15134602785110474,,0.00751188350841403,,0.0,,0.1616896390914917,,,,,,,,,,,,
13,5529,,0.012609281577169895,,0.0,,0.1565972864627838,,0.0,,0.0,,,0.0,0.0,,0.0044897496700286865,,0.15106725692749023,,0.003989368211477995,,0.0,,0.16437646746635437,,,,,,,,,,,,
13,5539,,0.010927962139248848,,0.0,,0.1617409735918045,,0.0,,0.0,,,0.0,0.0,,0.0021808845922350883,,0.15093427896499634,,0.005305789411067963,,0.0,,0.16554494202136993,,,,,,,,,,,,
13,5549,,0.019774075597524643,,0.0,,0.16451746225357056,,0.0,,0.0,,,0.0,0.0,,0.0040207235142588615,,0.15290358662605286,,0.008080600760877132,,0.0,,0.1746482253074646,,,,,,,,,,,,
13,5559,,0.016060343012213707,,0.0,,0.15073539316654205,,0.0,,0.0,,,0.0,0.0,,0.0025122782681137323,,0.15287283062934875,,0.0069721778854727745,,0.0,,0.16457651555538177,,,,,,,,,,,,
13,5569,,0.012542772106826305,,0.0,,0.13582414388656616,,0.0,,0.0,,,0.0,0.0,,0.0034202903043478727,,0.15028293430805206,,0.002910058945417404,,0.0,,0.15249009430408478,,,,,,,,,,,,
13,5579,,0.011194919236004353,,0.0,,0.14861051738262177,,0.0,,0.0,,,0.0,0.0,,0.0027436725795269012,,0.14878317713737488,,0.003299180418252945,,0.0,,0.1573157161474228,,,,,,,,,,,,
13,5589,,0.013741139322519302,,0.0,,0.17119437456130981,,0.0,,0.0,,,0.0,0.0,,0.003084147348999977,,0.14827482402324677,,0.005031910724937916,,0.0,,0.17066320776939392,,,,,,,,,,,,
13,5599,,0.012198044918477535,,0.0,,0.1670987755060196,,0.0,,0.0,,,0.0,0.0,,0.002336992882192135,,0.15381553769111633,,0.004153164103627205,,0.0,,0.1698012501001358,,,,,,,,,,,,
13,5609,,0.013171155005693436,,0.0,,0.16181567311286926,,0.0,,0.0,,,0.0,0.0,,0.002686865162104368,,0.15309491753578186,,0.005190409719944,,0.0,,0.16797950863838196,,,,,,,,,,,,
13,5619,,0.011756662279367447,,0.0,,0.15222150087356567,,0.0,,0.0,,,0.0,0.0,,0.002255070488899946,,0.1470494568347931,,0.004210030660033226,,0.0,,0.1587463617324829,,,,,,,,,,,,
13,5629,,0.010860243812203407,,0.0,,0.15061883628368378,,0.0,,0.0,,,0.0,0.0,,0.0026586996391415596,,0.15324828028678894,,0.00298111024312675,,0.0,,0.16018356382846832,,,,,,,,,,,,
13,5639,,0.010549139231443405,,0.0,,0.16679546236991882,,0.0,,0.0,,,0.0,0.0,,0.002155970549210906,,0.15015219151973724,,0.007144537288695574,,0.0,,0.1683986335992813,,,,,,,,,,,,
13,5649,,0.010461024940013885,,0.0,,0.15387065708637238,,0.0,,0.0,,,0.0,0.0,,0.001856447895988822,,0.1487942487001419,,0.006797389592975378,,0.0,,0.1608898937702179,,,,,,,,,,,,
13,5659,,0.008300364017486572,,0.0,,0.15030747652053833,,0.0,,0.0,,,0.0,0.0,,0.0028736963868141174,,0.1463368833065033,,0.006208945531398058,,0.0,,0.1570136845111847,,,,,,,,,,,,
13,5669,,0.013499058783054352,,0.0,,0.16020800173282623,,0.0,,0.0,,,0.0,0.0,,0.0036391427274793386,,0.15088233351707458,,0.006025600712746382,,0.0,,0.1671270728111267,,,,,,,,,,,,
13,5679,,0.017343109473586082,,0.0,,0.16030190885066986,,0.0,,0.0,,,0.0,0.0,,0.004097674507647753,,0.15384051203727722,,0.006240178365260363,,0.0,,0.17091168463230133,,,,,,,,,,,,
13,5689,,0.00968736968934536,,0.0,,0.14290779829025269,,0.0,,0.0,,,0.0,0.0,,0.0019637092482298613,,0.14643873274326324,,0.0035187783651053905,,0.0,,0.15225818753242493,,,,,,,,,,,,
13,5699,,0.009366555139422417,,0.0,,0.14511685073375702,,0.0,,0.0,,,0.0,0.0,,0.001987399999052286,,0.1495579183101654,,0.00493856193497777,,0.0,,0.15548363327980042,,,,,,,,,,,,
13,5709,,0.011834954842925072,,0.0,,0.14650169014930725,,0.0,,0.0,,,0.0,0.0,,0.0023140101693570614,,0.15068039298057556,,0.0029552571941167116,,0.0,,0.15714314579963684,,,,,,,,,,,,
13,5719,,0.012324640527367592,,0.0,,0.15238279104232788,,0.0,,0.0,,,0.0,0.0,,0.002933274721726775,,0.1528698056936264,,0.005854199640452862,,0.0,,0.1631823480129242,,,,,,,,,,,,
13,5729,,0.012894371524453163,,0.0,,0.14208535850048065,,0.0,,0.0,,,0.0,0.0,,0.0037777810357511044,,0.15098844468593597,,0.005143500864505768,,0.0,,0.15744471549987793,,,,,,,,,,,,
13,5739,,0.012641064822673798,,0.0,,0.1566070169210434,,0.0,,0.0,,,0.0,0.0,,0.0031109522096812725,,0.1501043438911438,,0.004119907505810261,,0.0,,0.16329164803028107,,,,,,,,,,,,
13,5749,,0.013371896930038929,,0.0,,0.1561313271522522,,0.0,,0.0,,,0.0,0.0,,0.002794151660054922,,0.15104857087135315,,0.004001734312623739,,0.0,,0.16367383301258087,,,,,,,,,,,,
13,5759,,0.014786547049880028,,0.0,,0.14893944561481476,,0.0,,0.0,,,0.0,0.0,,0.0026589310728013515,,0.15087009966373444,,0.004917947109788656,,0.0,,0.16108648478984833,,,,,,,,,,,,
13,5769,,0.01335205975919962,,0.0,,0.15156355500221252,,0.0,,0.0,,,0.0,0.0,,0.003425594186410308,,0.15219062566757202,,0.008474749512970448,,0.0,,0.1645032912492752,,,,,,,,,,,,
13,5779,,0.011875471100211143,,0.0,,0.16452917456626892,,0.0,,0.0,,,0.0,0.0,,0.0026452280580997467,,0.1482226550579071,,0.0035885802935808897,,0.0,,0.16543056070804596,,,,,,,,,,,,
13,5789,,0.013611533679068089,,0.0,,0.15658053755760193,,0.0,,0.0,,,0.0,0.0,,0.0032344337087124586,,0.152870774269104,,0.007285554427653551,,0.0,,0.1667914241552353,,,,,,,,,,,,
13,5799,,0.016945160925388336,,0.0,,0.1491258293390274,,0.0,,0.0,,,0.0,0.0,,0.0030249650590121746,,0.15035249292850494,,0.003487807232886553,,0.0,,0.16146811842918396,,,,,,,,,,,,
13,5809,,0.01418798416852951,,0.0,,0.14434416592121124,,0.0,,0.0,,,0.0,0.0,,0.003139653243124485,,0.15078717470169067,,0.006143476814031601,,0.0,,0.15930122137069702,,,,,,,,,,,,
13,5819,,0.01089552789926529,,0.0,,0.1462787538766861,,0.0,,0.0,,,0.0,0.0,,0.002143211429938674,,0.15365953743457794,,0.004185977857559919,,0.0,,0.15858149528503418,,,,,,,,,,,,
13,5829,,0.011973502114415169,,0.0,,0.1457008272409439,,0.0,,0.0,,,0.0,0.0,,0.002247172873467207,,0.14838001132011414,,0.003998082596808672,,0.0,,0.15614980459213257,,,,,,,,,,,,
13,5839,,0.009805366396903992,,0.0,,0.14273898303508759,,0.0,,0.0,,,0.0,0.0,,0.001944997115060687,,0.1497584730386734,,0.00694593321532011,,0.0,,0.15559688210487366,,,,,,,,,,,,
13,5849,,0.015360452234745026,,0.0,,0.15538330376148224,,0.0,,0.0,,,0.0,0.0,,0.004534544423222542,,0.15216992795467377,,0.003181038424372673,,0.0,,0.16531462967395782,,,,,,,,,,,,
13,5859,,0.012556176632642746,,0.0,,0.15106871724128723,,0.0,,0.0,,,0.0,0.0,,0.0024867632891982794,,0.1489463448524475,,0.005004027392715216,,0.0,,0.1600310057401657,,,,,,,,,,,,
13,5869,,0.009739350527524948,,0.0,,0.15259411931037903,,0.0,,0.0,,,0.0,0.0,,0.0017258137231692672,,0.14944399893283844,,0.004635985940694809,,0.0,,0.15906964242458344,,,,,,,,,,,,
13,5879,,0.010705605149269104,,0.0,,0.1488184779882431,,0.0,,0.0,,,0.0,0.0,,0.002673762384802103,,0.1479816436767578,,0.005426055286079645,,0.0,,0.1578027755022049,,,,,,,,,,,,
13,5889,,0.012223188765347004,,0.0,,0.14324991405010223,,0.0,,0.0,,,0.0,0.0,,0.007906582206487656,,0.15074828267097473,,0.004411335103213787,,0.0,,0.15926964581012726,,,,,,,,,,,,
13,5899,,0.012702398002147675,,0.0,,0.15562444925308228,,0.0,,0.0,,,0.0,0.0,,0.0028332765214145184,,0.1505093276500702,,0.005019890610128641,,0.0,,0.16334468126296997,,,,,,,,,,,,
13,5907,,,,,,,,,,,,,,,,,,,,,,,,,0.1018594354391098,0.0,0.413699746131897,0.0,0.0,0.0,0.0,0.0532497800886631,0.25546160340309143,0.010261506773531437,0.0,0.41726604104042053
13,5907,0.012469693087041378,,0.0,,0.15273307263851166,,0.0,,0.0,,0.0,0.0,,,0.003084674244746566,,0.15104737877845764,,0.005413559731096029,,0.0,,0.16237421333789825,,,,,,,,,,,,,
14,5909,,0.008833509869873524,,0.0,,0.1336408257484436,,0.0,,0.0,,,0.0,0.0,,0.0020102534908801317,,0.14841598272323608,,0.00681888684630394,,0.0,,0.1498597264289856,,,,,,,,,,,,
14,5919,,0.009548284113407135,,0.0,,0.15078158676624298,,0.0,,0.0,,,0.0,0.0,,0.002158061135560274,,0.15037652850151062,,0.005677059758454561,,0.0,,0.159270778298378,,,,,,,,,,,,
14,5929,,0.00989686232060194,,0.0,,0.15390202403068542,,0.0,,0.0,,,0.0,0.0,,0.002118125092238188,,0.14838480949401855,,0.005228830501437187,,0.0,,0.1597653180360794,,,,,,,,,,,,
14,5939,,0.011114226654171944,,0.0,,0.1411576122045517,,0.0,,0.0,,,0.0,0.0,,0.001950794248841703,,0.15153031051158905,,0.005913879722356796,,0.0,,0.1558334231376648,,,,,,,,,,,,
14,5949,,0.014871201477944851,,0.0,,0.14623165130615234,,0.0,,0.0,,,0.0,0.0,,0.0029253708198666573,,0.1530565619468689,,0.0029788040556013584,,0.0,,0.16003179550170898,,,,,,,,,,,,
14,5959,,0.010752646252512932,,0.0,,0.1469024419784546,,0.0,,0.0,,,0.0,0.0,,0.0022519126068800688,,0.1483277678489685,,0.0033182045444846153,,0.0,,0.1557764858007431,,,,,,,,,,,,
14,5969,,0.008640073239803314,,0.0,,0.1350075900554657,,0.0,,0.0,,,0.0,0.0,,0.0016719319391995668,,0.1490936279296875,,0.006471272557973862,,0.0,,0.15044225752353668,,,,,,,,,,,,
14,5979,,0.015668991953134537,,0.0,,0.15459398925304413,,0.0,,0.0,,,0.0,0.0,,0.002717455616220832,,0.1511707901954651,,0.01008595246821642,,0.0,,0.1671185940504074,,,,,,,,,,,,
14,5989,,0.00889848917722702,,0.0,,0.13754867017269135,,0.0,,0.0,,,0.0,0.0,,0.003466980066150427,,0.1521816998720169,,0.006296605337411165,,0.0,,0.15419623255729675,,,,,,,,,,,,
14,5999,,0.013699833303689957,,0.0,,0.17059263586997986,,0.0,,0.0,,,0.0,0.0,,0.0026470976881682873,,0.15192532539367676,,0.005742234643548727,,0.0,,0.17230355739593506,,,,,,,,,,,,
14,6009,,0.01037546992301941,,0.0,,0.14065508544445038,,0.0,,0.0,,,0.0,0.0,,0.001822352409362793,,0.14836709201335907,,0.00404020631685853,,0.0,,0.15263010561466217,,,,,,,,,,,,
14,6019,,0.010813621804118156,,0.0,,0.14187055826187134,,0.0,,0.0,,,0.0,0.0,,0.0033362656831741333,,0.14982211589813232,,0.005602610297501087,,0.0,,0.15572258830070496,,,,,,,,,,,,
14,6029,,0.012534226290881634,,0.0,,0.1429213434457779,,0.0,,0.0,,,0.0,0.0,,0.0025423646438866854,,0.1515287607908249,,0.005951926112174988,,0.0,,0.1577393114566803,,,,,,,,,,,,
14,6039,,0.016158707439899445,,0.0,,0.16130909323692322,,0.0,,0.0,,,0.0,0.0,,0.0034728804603219032,,0.15297973155975342,,0.0034205650445073843,,0.0,,0.16867049038410187,,,,,,,,,,,,
14,6049,,0.01039116270840168,,0.0,,0.15924659371376038,,0.0,,0.0,,,0.0,0.0,,0.0019189361482858658,,0.14723318815231323,,0.0032785004004836082,,0.0,,0.16103419661521912,,,,,,,,,,,,
14,6059,,0.013141360133886337,,0.0,,0.13381360471248627,,0.0,,0.0,,,0.0,0.0,,0.0026691188104450703,,0.15246738493442535,,0.006922055501490831,,0.0,,0.15450677275657654,,,,,,,,,,,,
14,6069,,0.011011628434062004,,0.0,,0.15940214693546295,,0.0,,0.0,,,0.0,0.0,,0.0030936680268496275,,0.15248671174049377,,0.0036411560140550137,,0.0,,0.1648176610469818,,,,,,,,,,,,
14,6079,,0.01688363403081894,,0.0,,0.17760847508907318,,0.0,,0.0,,,0.0,0.0,,0.0027043852023780346,,0.1501559317111969,,0.00689333863556385,,0.0,,0.17712287604808807,,,,,,,,,,,,
14,6089,,0.01116839051246643,,0.0,,0.15100376307964325,,0.0,,0.0,,,0.0,0.0,,0.004648812115192413,,0.1495322585105896,,0.00594655517488718,,0.0,,0.16114988923072815,,,,,,,,,,,,
14,6099,,0.015526550821959972,,0.0,,0.14653877913951874,,0.0,,0.0,,,0.0,0.0,,0.0025880553293973207,,0.15173213183879852,,0.004448221530765295,,0.0,,0.1604168862104416,,,,,,,,,,,,
14,6109,,0.013453095220029354,,0.0,,0.1472797840833664,,0.0,,0.0,,,0.0,0.0,,0.002902450505644083,,0.15033026039600372,,0.0070394785143435,,0.0,,0.16050253808498383,,,,,,,,,,,,
14,6119,,0.012242330238223076,,0.0,,0.15425735712051392,,0.0,,0.0,,,0.0,0.0,,0.002806377597153187,,0.15217433869838715,,0.006190859246999025,,0.0,,0.16383562982082367,,,,,,,,,,,,
14,6129,,0.011431544087827206,,0.0,,0.14560692012310028,,0.0,,0.0,,,0.0,0.0,,0.0018281660741195083,,0.1516937017440796,,0.0052444650791585445,,0.0,,0.15790240466594696,,,,,,,,,,,,
14,6139,,0.011177539825439453,,0.0,,0.1438732147216797,,0.0,,0.0,,,0.0,0.0,,0.002664630999788642,,0.15047773718833923,,0.0067055681720376015,,0.0,,0.15744934976100922,,,,,,,,,,,,
14,6149,,0.013697328045964241,,0.0,,0.15055370330810547,,0.0,,0.0,,,0.0,0.0,,0.0026134741492569447,,0.155538409948349,,0.003264303784817457,,0.0,,0.16283361613750458,,,,,,,,,,,,
14,6159,,0.01350458338856697,,0.0,,0.14976023137569427,,0.0,,0.0,,,0.0,0.0,,0.002866509137675166,,0.15179118514060974,,0.004753575194627047,,0.0,,0.16133804619312286,,,,,,,,,,,,
14,6169,,0.011965210549533367,,0.0,,0.13892991840839386,,0.0,,0.0,,,0.0,0.0,,0.002994893118739128,,0.15082840621471405,,0.004945742432028055,,0.0,,0.15483209490776062,,,,,,,,,,,,
14,6179,,0.010246268473565578,,0.0,,0.14624960720539093,,0.0,,0.0,,,0.0,0.0,,0.0035935286432504654,,0.1521296203136444,,0.005193609278649092,,0.0,,0.15870633721351624,,,,,,,,,,,,
14,6189,,0.011923320591449738,,0.0,,0.14562763273715973,,0.0,,0.0,,,0.0,0.0,,0.0040446920320391655,,0.14926645159721375,,0.004058948252350092,,0.0,,0.1574605256319046,,,,,,,,,,,,
14,6199,,0.012394042685627937,,0.0,,0.14817528426647186,,0.0,,0.0,,,0.0,0.0,,0.003460970474407077,,0.1486326903104782,,0.005347894970327616,,0.0,,0.15900544822216034,,,,,,,,,,,,
14,6209,,0.014614949002861977,,0.0,,0.15309646725654602,,0.0,,0.0,,,0.0,0.0,,0.0027758278883993626,,0.1541593372821808,,0.0047066705301404,,0.0,,0.16467662155628204,,,,,,,,,,,,
14,6219,,0.011638514697551727,,0.0,,0.15803676843643188,,0.0,,0.0,,,0.0,0.0,,0.0025454643182456493,,0.1490142047405243,,0.00390113377943635,,0.0,,0.16256804764270782,,,,,,,,,,,,
14,6229,,0.013849201612174511,,0.0,,0.1417601853609085,,0.0,,0.0,,,0.0,0.0,,0.0028371966909617186,,0.14944642782211304,,0.0056453607976436615,,0.0,,0.15676918625831604,,,,,,,,,,,,
14,6239,,0.009919814765453339,,0.0,,0.1454959660768509,,0.0,,0.0,,,0.0,0.0,,0.0014990884810686111,,0.14980196952819824,,0.0036607154179364443,,0.0,,0.15518876910209656,,,,,,,,,,,,
14,6249,,0.01724117249250412,,0.0,,0.16879327595233917,,0.0,,0.0,,,0.0,0.0,,0.0037577860057353973,,0.15523457527160645,,0.004678622353821993,,0.0,,0.17485271394252777,,,,,,,,,,,,
14,6259,,0.010244174860417843,,0.0,,0.13480058312416077,,0.0,,0.0,,,0.0,0.0,,0.002091796835884452,,0.1501104235649109,,0.004069359973073006,,0.0,,0.15065816044807434,,,,,,,,,,,,
14,6269,,0.01242167130112648,,0.0,,0.14889714121818542,,0.0,,0.0,,,0.0,0.0,,0.002715376205742359,,0.15177980065345764,,0.006100186612457037,,0.0,,0.16095708310604095,,,,,,,,,,,,
14,6279,,0.011517228558659554,,0.0,,0.13646173477172852,,0.0,,0.0,,,0.0,0.0,,0.001849902793765068,,0.1488019824028015,,0.0032645948231220245,,0.0,,0.1509477198123932,,,,,,,,,,,,
14,6289,,0.011447247117757797,,0.0,,0.15053914487361908,,0.0,,0.0,,,0.0,0.0,,0.0026947897858917713,,0.1489465832710266,,0.005822836887091398,,0.0,,0.15972530841827393,,,,,,,,,,,,
14,6299,,0.016321182250976562,,0.0,,0.15909700095653534,,0.0,,0.0,,,0.0,0.0,,0.004037057515233755,,0.14987777173519135,,0.004432594869285822,,0.0,,0.16688279807567596,,,,,,,,,,,,
14,6309,,0.014410756528377533,,0.0,,0.1469302773475647,,0.0,,0.0,,,0.0,0.0,,0.003639512462541461,,0.15566286444664001,,0.004446251317858696,,0.0,,0.1625448316335678,,,,,,,,,,,,
14,6319,,0.013950325548648834,,0.0,,0.14672259986400604,,0.0,,0.0,,,0.0,0.0,,0.0035309339873492718,,0.14983707666397095,,0.003735386533662677,,0.0,,0.15888816118240356,,,,,,,,,,,,
14,6329,,0.012397229671478271,,0.0,,0.14377498626708984,,0.0,,0.0,,,0.0,0.0,,0.002777552930638194,,0.15242326259613037,,0.008287420496344566,,0.0,,0.1598302274942398,,,,,,,,,,,,
14,6329,,,,,,,,,,,,,,,,,,,,,,,,,0.1017799973487854,0.0,0.41441190242767334,0.0,0.0,0.0,0.0,0.05371670052409172,0.2575478255748749,0.01043001189827919,0.0,0.41894328594207764
14,6329,0.01213212963193655,,0.0,,0.14831948280334473,,0.0,,0.0,,0.0,0.0,,,0.0028546827379614115,,0.1504608690738678,,0.005205569788813591,,0.0,,0.1594863384962082,,,,,,,,,,,,,
15,6339,,0.010426008142530918,,0.0,,0.14627176523208618,,0.0,,0.0,,,0.0,0.0,,0.0020198021084070206,,0.1504439413547516,,0.0027242028154432774,,0.0,,0.1559428572654724,,,,,,,,,,,,
15,6349,,0.011333340778946877,,0.0,,0.14029401540756226,,0.0,,0.0,,,0.0,0.0,,0.002002977067604661,,0.1505633294582367,,0.004069612827152014,,0.0,,0.15413165092468262,,,,,,,,,,,,
15,6359,,0.010313503444194794,,0.0,,0.13796289265155792,,0.0,,0.0,,,0.0,0.0,,0.0019473590655252337,,0.1443905085325241,,0.002073555253446102,,0.0,,0.14834392070770264,,,,,,,,,,,,
15,6369,,0.012194091454148293,,0.0,,0.1618429273366928,,0.0,,0.0,,,0.0,0.0,,0.0028811690863221884,,0.1508602499961853,,0.007528738584369421,,0.0,,0.16765360534191132,,,,,,,,,,,,
15,6379,,0.012074150145053864,,0.0,,0.1353389322757721,,0.0,,0.0,,,0.0,0.0,,0.002561541274189949,,0.1536380797624588,,0.004220985807478428,,0.0,,0.1539168506860733,,,,,,,,,,,,
15,6389,,0.010924008674919605,,0.0,,0.13210582733154297,,0.0,,0.0,,,0.0,0.0,,0.0028098896145820618,,0.1537010371685028,,0.0035878540948033333,,0.0,,0.15156430006027222,,,,,,,,,,,,
15,6399,,0.011089848354458809,,0.0,,0.1361689567565918,,0.0,,0.0,,,0.0,0.0,,0.0029824646189808846,,0.14688892662525177,,0.005518867634236813,,0.0,,0.15132452547550201,,,,,,,,,,,,
15,6409,,0.0104468809440732,,0.0,,0.14089541137218475,,0.0,,0.0,,,0.0,0.0,,0.0021365704014897346,,0.1513078212738037,,0.005878252908587456,,0.0,,0.15533246099948883,,,,,,,,,,,,
15,6419,,0.012339630164206028,,0.0,,0.1445513367652893,,0.0,,0.0,,,0.0,0.0,,0.0025651121977716684,,0.15359285473823547,,0.0032623226288706064,,0.0,,0.158155620098114,,,,,,,,,,,,
15,6429,,0.010599719360470772,,0.0,,0.13815875351428986,,0.0,,0.0,,,0.0,0.0,,0.0032412144355475903,,0.15124857425689697,,0.005301115568727255,,0.0,,0.15427468717098236,,,,,,,,,,,,
15,6439,,0.01413398701697588,,0.0,,0.1378004550933838,,0.0,,0.0,,,0.0,0.0,,0.003310060128569603,,0.15160086750984192,,0.004157470539212227,,0.0,,0.15550142526626587,,,,,,,,,,,,
15,6449,,0.010748645290732384,,0.0,,0.1361933946609497,,0.0,,0.0,,,0.0,0.0,,0.0030913909431546926,,0.1491396129131317,,0.005266396328806877,,0.0,,0.1522197276353836,,,,,,,,,,,,
15,6459,,0.015684647485613823,,0.0,,0.15767258405685425,,0.0,,0.0,,,0.0,0.0,,0.0030116261914372444,,0.15448042750358582,,0.003358576213940978,,0.0,,0.16710391640663147,,,,,,,,,,,,
15,6469,,0.012545756995677948,,0.0,,0.14984047412872314,,0.0,,0.0,,,0.0,0.0,,0.00641617551445961,,0.1511203497648239,,0.00469976058229804,,0.0,,0.16231127083301544,,,,,,,,,,,,
15,6479,,0.012124738655984402,,0.0,,0.1540789008140564,,0.0,,0.0,,,0.0,0.0,,0.0029514022171497345,,0.15129776298999786,,0.006809222977608442,,0.0,,0.16363102197647095,,,,,,,,,,,,
15,6489,,0.01440621167421341,,0.0,,0.14988040924072266,,0.0,,0.0,,,0.0,0.0,,0.002788163721561432,,0.14919279515743256,,0.005685972981154919,,0.0,,0.16097678244113922,,,,,,,,,,,,
15,6499,,0.009439544752240181,,0.0,,0.14869605004787445,,0.0,,0.0,,,0.0,0.0,,0.002846494084224105,,0.1486031711101532,,0.004158696625381708,,0.0,,0.1568719744682312,,,,,,,,,,,,
15,6509,,0.009802047163248062,,0.0,,0.1447955220937729,,0.0,,0.0,,,0.0,0.0,,0.0020910375751554966,,0.15106932818889618,,0.00564137427136302,,0.0,,0.15669965744018555,,,,,,,,,,,,
15,6519,,0.009281745180487633,,0.0,,0.13517239689826965,,0.0,,0.0,,,0.0,0.0,,0.0019377071876078844,,0.15079274773597717,,0.0044195763766765594,,0.0,,0.15080209076404572,,,,,,,,,,,,
15,6529,,0.012321444228291512,,0.0,,0.13705354928970337,,0.0,,0.0,,,0.0,0.0,,0.0037321518175303936,,0.15301667153835297,,0.005865114275366068,,0.0,,0.1559944748878479,,,,,,,,,,,,
15,6539,,0.012370037846267223,,0.0,,0.14308227598667145,,0.0,,0.0,,,0.0,0.0,,0.0018837241223081946,,0.1522684097290039,,0.0045026508159935474,,0.0,,0.15705354511737823,,,,,,,,,,,,
15,6549,,0.012468485161662102,,0.0,,0.14994652569293976,,0.0,,0.0,,,0.0,0.0,,0.002540931571274996,,0.14995858073234558,,0.0038364497013390064,,0.0,,0.15937550365924835,,,,,,,,,,,,
15,6559,,0.013189215213060379,,0.0,,0.14314818382263184,,0.0,,0.0,,,0.0,0.0,,0.003522347193211317,,0.15157580375671387,,0.005881578661501408,,0.0,,0.15865856409072876,,,,,,,,,,,,
15,6569,,0.012455437332391739,,0.0,,0.13864478468894958,,0.0,,0.0,,,0.0,0.0,,0.0023407151456922293,,0.15299174189567566,,0.007081472314894199,,0.0,,0.15675707161426544,,,,,,,,,,,,
15,6579,,0.011399977840483189,,0.0,,0.1377510279417038,,0.0,,0.0,,,0.0,0.0,,0.00318055204115808,,0.1534881740808487,,0.006175327114760876,,0.0,,0.15599754452705383,,,,,,,,,,,,
15,6589,,0.014328881166875362,,0.0,,0.1486809402704239,,0.0,,0.0,,,0.0,0.0,,0.0032492007594555616,,0.15376323461532593,,0.007161844987422228,,0.0,,0.16359204053878784,,,,,,,,,,,,
15,6599,,0.014358445070683956,,0.0,,0.14502868056297302,,0.0,,0.0,,,0.0,0.0,,0.002795503241941333,,0.1540716588497162,,0.002002373104915023,,0.0,,0.1591283231973648,,,,,,,,,,,,
15,6609,,0.014635545201599598,,0.0,,0.14335405826568604,,0.0,,0.0,,,0.0,0.0,,0.0025215614587068558,,0.14909929037094116,,0.005720502231270075,,0.0,,0.15766547620296478,,,,,,,,,,,,
15,6619,,0.0114364642649889,,0.0,,0.14180444180965424,,0.0,,0.0,,,0.0,0.0,,0.002372722839936614,,0.148325115442276,,0.0030441374983638525,,0.0,,0.15349142253398895,,,,,,,,,,,,
15,6629,,0.010127979330718517,,0.0,,0.1322489082813263,,0.0,,0.0,,,0.0,0.0,,0.0063203126192092896,,0.14931367337703705,,0.006032875273376703,,0.0,,0.1520218849182129,,,,,,,,,,,,
15,6639,,0.009833858348429203,,0.0,,0.12739020586013794,,0.0,,0.0,,,0.0,0.0,,0.002099929843097925,,0.14550380408763885,,0.0038040068466216326,,0.0,,0.1443159133195877,,,,,,,,,,,,
15,6649,,0.010611023753881454,,0.0,,0.13849446177482605,,0.0,,0.0,,,0.0,0.0,,0.002512016799300909,,0.14830294251441956,,0.003856097115203738,,0.0,,0.15188826620578766,,,,,,,,,,,,
15,6659,,0.013531185686588287,,0.0,,0.14704960584640503,,0.0,,0.0,,,0.0,0.0,,0.0038406434468925,,0.15192073583602905,,0.006055088248103857,,0.0,,0.16119863092899323,,,,,,,,,,,,
15,6669,,0.01430242694914341,,0.0,,0.15219087898731232,,0.0,,0.0,,,0.0,0.0,,0.003279342781752348,,0.15337413549423218,,0.0030659108888357878,,0.0,,0.16310633718967438,,,,,,,,,,,,
15,6679,,0.016587475314736366,,0.0,,0.1558908373117447,,0.0,,0.0,,,0.0,0.0,,0.0034869264345616102,,0.1496434211730957,,0.004773024003952742,,0.0,,0.16519083082675934,,,,,,,,,,,,
15,6689,,0.011993322521448135,,0.0,,0.13637040555477142,,0.0,,0.0,,,0.0,0.0,,0.0036572893150150776,,0.14611800014972687,,0.00360379577614367,,0.0,,0.1508713960647583,,,,,,,,,,,,
15,6699,,0.010054297745227814,,0.0,,0.15044882893562317,,0.0,,0.0,,,0.0,0.0,,0.003349912352859974,,0.14863336086273193,,0.009058943949639797,,0.0,,0.1607726663351059,,,,,,,,,,,,
15,6709,,0.010670614428818226,,0.0,,0.13236825168132782,,0.0,,0.0,,,0.0,0.0,,0.0020187271293252707,,0.14862675964832306,,0.007205419708043337,,0.0,,0.1504448801279068,,,,,,,,,,,,
15,6719,,0.009290454909205437,,0.0,,0.13941501080989838,,0.0,,0.0,,,0.0,0.0,,0.0026805992238223553,,0.14759555459022522,,0.004480238072574139,,0.0,,0.15173092484474182,,,,,,,,,,,,
15,6729,,0.011439112946391106,,0.0,,0.14013931155204773,,0.0,,0.0,,,0.0,0.0,,0.002734903944656253,,0.14524564146995544,,0.005722781643271446,,0.0,,0.15264087915420532,,,,,,,,,,,,
15,6739,,0.013952565379440784,,0.0,,0.15637558698654175,,0.0,,0.0,,,0.0,0.0,,0.002714219968765974,,0.15342965722084045,,0.0033809831365942955,,0.0,,0.16492649912834167,,,,,,,,,,,,
15,6749,,0.0147000253200531,,0.0,,0.14782418310642242,,0.0,,0.0,,,0.0,0.0,,0.003108823671936989,,0.15480315685272217,,0.0031862189061939716,,0.0,,0.1618112027645111,,,,,,,,,,,,
15,6751,,,,,,,,,,,,,,,,,,,,,,,,,0.1011698842048645,0.0,0.40584516525268555,0.0,0.0,0.0,0.0,0.05509566143155098,0.25454819202423096,0.009994118474423885,0.0,0.41332656145095825
15,6751,0.011902786791324615,,0.0,,0.14471958577632904,,0.0,,0.0,,0.0,0.0,,,0.002863402245566249,,0.1499740034341812,,0.00503185298293829,,0.0,,0.15724581480026245,,,,,,,,,,,,,
16,6759,,0.009724212810397148,,0.0,,0.14858657121658325,,0.0,,0.0,,,0.0,0.0,,0.0022963881492614746,,0.14944365620613098,,0.004899005871266127,,0.0,,0.15747490525245667,,,,,,,,,,,,
16,6769,,0.011150399222970009,,0.0,,0.1357484608888626,,0.0,,0.0,,,0.0,0.0,,0.0024573099799454212,,0.1520170420408249,,0.002653102157637477,,0.0,,0.1520131528377533,,,,,,,,,,,,
16,6779,,0.008006978780031204,,0.0,,0.13644999265670776,,0.0,,0.0,,,0.0,0.0,,0.0015837566461414099,,0.14493048191070557,,0.0040145027451217175,,0.0,,0.14749285578727722,,,,,,,,,,,,
16,6789,,0.01070493459701538,,0.0,,0.1420556902885437,,0.0,,0.0,,,0.0,0.0,,0.002509801182895899,,0.14805984497070312,,0.004448894411325455,,0.0,,0.15388958156108856,,,,,,,,,,,,
16,6799,,0.008215535432100296,,0.0,,0.12878137826919556,,0.0,,0.0,,,0.0,0.0,,0.0018746651476249099,,0.1463746726512909,,0.005429361946880817,,0.0,,0.1453378051519394,,,,,,,,,,,,
16,6809,,0.009585361927747726,,0.0,,0.1559051275253296,,0.0,,0.0,,,0.0,0.0,,0.005278184078633785,,0.14855216443538666,,0.006660181097686291,,0.0,,0.1629905104637146,,,,,,,,,,,,
16,6819,,0.01254003681242466,,0.0,,0.13541409373283386,,0.0,,0.0,,,0.0,0.0,,0.0017891433089971542,,0.1494884490966797,,0.005028150510042906,,0.0,,0.15212994813919067,,,,,,,,,,,,
16,6829,,0.015144228003919125,,0.0,,0.16014280915260315,,0.0,,0.0,,,0.0,0.0,,0.0035749273374676704,,0.1514771282672882,,0.006707584019750357,,0.0,,0.16852334141731262,,,,,,,,,,,,
16,6839,,0.010559960268437862,,0.0,,0.14135333895683289,,0.0,,0.0,,,0.0,0.0,,0.00196769367903471,,0.1504576951265335,,0.006421010475605726,,0.0,,0.15537984669208527,,,,,,,,,,,,
16,6849,,0.01078549213707447,,0.0,,0.1286483108997345,,0.0,,0.0,,,0.0,0.0,,0.0019084142986685038,,0.15076591074466705,,0.004998766351491213,,0.0,,0.14855346083641052,,,,,,,,,,,,
16,6859,,0.009648802690207958,,0.0,,0.1371610015630722,,0.0,,0.0,,,0.0,0.0,,0.0015813832869753242,,0.14413131773471832,,0.0037154851015657187,,0.0,,0.1481189876794815,,,,,,,,,,,,
16,6869,,0.0114187803119421,,0.0,,0.13412289321422577,,0.0,,0.0,,,0.0,0.0,,0.0026001245714724064,,0.1482970416545868,,0.0028810640797019005,,0.0,,0.14965994656085968,,,,,,,,,,,,
16,6879,,0.010256832465529442,,0.0,,0.12783119082450867,,0.0,,0.0,,,0.0,0.0,,0.0019323495216667652,,0.14775031805038452,,0.004162992816418409,,0.0,,0.14596684277057648,,,,,,,,,,,,
16,6889,,0.011098047718405724,,0.0,,0.1377459019422531,,0.0,,0.0,,,0.0,0.0,,0.0021990209352225065,,0.14874796569347382,,0.005559972021728754,,0.0,,0.15267546474933624,,,,,,,,,,,,
16,6899,,0.015353783965110779,,0.0,,0.15009009838104248,,0.0,,0.0,,,0.0,0.0,,0.0034433610271662474,,0.15578535199165344,,0.0026547745801508427,,0.0,,0.16366367042064667,,,,,,,,,,,,
16,6909,,0.012110147625207901,,0.0,,0.15943895280361176,,0.0,,0.0,,,0.0,0.0,,0.0028099033515900373,,0.1509723663330078,,0.0034496376756578684,,0.0,,0.16439051926136017,,,,,,,,,,,,
16,6919,,0.00945685338228941,,0.0,,0.13793301582336426,,0.0,,0.0,,,0.0,0.0,,0.0018242055084556341,,0.1494085043668747,,0.0058061652816832066,,0.0,,0.15221437811851501,,,,,,,,,,,,
16,6929,,0.013094907626509666,,0.0,,0.13987933099269867,,0.0,,0.0,,,0.0,0.0,,0.0027304948307573795,,0.1534748673439026,,0.004610621370375156,,0.0,,0.15689511597156525,,,,,,,,,,,,
16,6939,,0.010563722811639309,,0.0,,0.13142628967761993,,0.0,,0.0,,,0.0,0.0,,0.0028178710490465164,,0.14826880395412445,,0.003995540551841259,,0.0,,0.14853611588478088,,,,,,,,,,,,
16,6949,,0.012138164602220058,,0.0,,0.15085822343826294,,0.0,,0.0,,,0.0,0.0,,0.002944840118288994,,0.1522303819656372,,0.006330450996756554,,0.0,,0.16225102543830872,,,,,,,,,,,,
16,6959,,0.011765259318053722,,0.0,,0.12467212975025177,,0.0,,0.0,,,0.0,0.0,,0.0037208448629826307,,0.14979170262813568,,0.004339592065662146,,0.0,,0.14714477956295013,,,,,,,,,,,,
16,6969,,0.01181388646364212,,0.0,,0.12939728796482086,,0.0,,0.0,,,0.0,0.0,,0.0019746727775782347,,0.15137547254562378,,0.004042386543005705,,0.0,,0.14930184185504913,,,,,,,,,,,,
16,6979,,0.01230052299797535,,0.0,,0.13841477036476135,,0.0,,0.0,,,0.0,0.0,,0.0027917809784412384,,0.15101408958435059,,0.0035615379456430674,,0.0,,0.1540413498878479,,,,,,,,,,,,
16,6989,,0.013775000348687172,,0.0,,0.1522279530763626,,0.0,,0.0,,,0.0,0.0,,0.0029659545980393887,,0.15187902748584747,,0.002935968106612563,,0.0,,0.16189195215702057,,,,,,,,,,,,
16,6999,,0.014240145683288574,,0.0,,0.1443866491317749,,0.0,,0.0,,,0.0,0.0,,0.004066288471221924,,0.14876019954681396,,0.005337162874639034,,0.0,,0.1583952158689499,,,,,,,,,,,,
16,7009,,0.01167825236916542,,0.0,,0.15474992990493774,,0.0,,0.0,,,0.0,0.0,,0.0018268115818500519,,0.1479262113571167,,0.00802487414330244,,0.0,,0.16210304200649261,,,,,,,,,,,,
16,7019,,0.013239225372672081,,0.0,,0.15746432542800903,,0.0,,0.0,,,0.0,0.0,,0.0026058275252580643,,0.15020751953125,,0.007650197017937899,,0.0,,0.1655835509300232,,,,,,,,,,,,
16,7029,,0.013223851099610329,,0.0,,0.15382733941078186,,0.0,,0.0,,,0.0,0.0,,0.0023818518966436386,,0.1495577096939087,,0.004914628341794014,,0.0,,0.16195270419120789,,,,,,,,,,,,
16,7039,,0.013694213703274727,,0.0,,0.14804188907146454,,0.0,,0.0,,,0.0,0.0,,0.0028003547340631485,,0.15173645317554474,,0.004574041813611984,,0.0,,0.16042347252368927,,,,,,,,,,,,
16,7049,,0.01129889115691185,,0.0,,0.14311200380325317,,0.0,,0.0,,,0.0,0.0,,0.002406043466180563,,0.15157979726791382,,0.004189768340438604,,0.0,,0.15629324316978455,,,,,,,,,,,,
16,7059,,0.011124387383460999,,0.0,,0.12902183830738068,,0.0,,0.0,,,0.0,0.0,,0.0024250829592347145,,0.14913664758205414,,0.00693657249212265,,0.0,,0.1493222564458847,,,,,,,,,,,,
16,7069,,0.007377168629318476,,0.0,,0.13409395515918732,,0.0,,0.0,,,0.0,0.0,,0.003116257255896926,,0.14488831162452698,,0.005219120066612959,,0.0,,0.14734742045402527,,,,,,,,,,,,
16,7079,,0.014326532371342182,,0.0,,0.15967696905136108,,0.0,,0.0,,,0.0,0.0,,0.002406885614618659,,0.14893445372581482,,0.005889895372092724,,0.0,,0.16561737656593323,,,,,,,,,,,,
16,7089,,0.011101195588707924,,0.0,,0.1457063853740692,,0.0,,0.0,,,0.0,0.0,,0.0017403187230229378,,0.14938756823539734,,0.0034717977978289127,,0.0,,0.1557036191225052,,,,,,,,,,,,
16,7099,,0.008510397747159004,,0.0,,0.14530716836452484,,0.0,,0.0,,,0.0,0.0,,0.0030536125414073467,,0.14564190804958344,,0.00713622709736228,,0.0,,0.1548246592283249,,,,,,,,,,,,
16,7109,,0.013235473074018955,,0.0,,0.15361641347408295,,0.0,,0.0,,,0.0,0.0,,0.0027636305894702673,,0.15155458450317383,,0.0044191619381308556,,0.0,,0.16279463469982147,,,,,,,,,,,,
16,7119,,0.01422076765447855,,0.0,,0.14962996542453766,,0.0,,0.0,,,0.0,0.0,,0.0028046555817127228,,0.15077701210975647,,0.003627160796895623,,0.0,,0.16052979230880737,,,,,,,,,,,,
16,7129,,0.01036449521780014,,0.0,,0.128742977976799,,0.0,,0.0,,,0.0,0.0,,0.002314779907464981,,0.15200746059417725,,0.006531876977533102,,0.0,,0.1499807983636856,,,,,,,,,,,,
16,7139,,0.012910774908959866,,0.0,,0.13487951457500458,,0.0,,0.0,,,0.0,0.0,,0.002549404976889491,,0.15267181396484375,,0.004204413387924433,,0.0,,0.15360797941684723,,,,,,,,,,,,
16,7149,,0.009597929194569588,,0.0,,0.15062455832958221,,0.0,,0.0,,,0.0,0.0,,0.0023695584386587143,,0.14883482456207275,,0.0031156158074736595,,0.0,,0.15727125108242035,,,,,,,,,,,,
16,7159,,0.017009133473038673,,0.0,,0.15198954939842224,,0.0,,0.0,,,0.0,0.0,,0.00357497064396739,,0.15219515562057495,,0.004853592719882727,,0.0,,0.16481120884418488,,,,,,,,,,,,
16,7169,,0.008500180207192898,,0.0,,0.1339714676141739,,0.0,,0.0,,,0.0,0.0,,0.0015533979749307036,,0.14602327346801758,,0.007534542586654425,,0.0,,0.14879141747951508,,,,,,,,,,,,
16,7173,,,,,,,,,,,,,,,,,,,,,,,,,0.10304274410009384,0.0,0.4129306674003601,0.0,0.0,0.0,0.0,0.0545242615044117,0.2568359971046448,0.009638399817049503,0.0,0.41848596930503845
16,7173,0.01167252380400896,,0.0,,0.14167414605617523,,0.0,,0.0,,0.0,0.0,,,0.0026629806961864233,,0.14955008029937744,,0.004875909071415663,,0.0,,0.15521790087223053,,,,,,,,,,,,,
17,7179,,0.01221102848649025,,0.0,,0.1395467221736908,,0.0,,0.0,,,0.0,0.0,,0.003108011092990637,,0.14743095636367798,,0.006475561764091253,,0.0,,0.15438614785671234,,,,,,,,,,,,
17,7189,,0.014891335740685463,,0.0,,0.153172105550766,,0.0,,0.0,,,0.0,0.0,,0.003157051745802164,,0.152761772274971,,0.004703795071691275,,0.0,,0.16434302926063538,,,,,,,,,,,,
17,7199,,0.011372257024049759,,0.0,,0.13921219110488892,,0.0,,0.0,,,0.0,0.0,,0.0029168203473091125,,0.1491406112909317,,0.007112746126949787,,0.0,,0.15487730503082275,,,,,,,,,,,,
17,7209,,0.011167831718921661,,0.0,,0.13453178107738495,,0.0,,0.0,,,0.0,0.0,,0.0034399032592773438,,0.14893940091133118,,0.0032861626241356134,,0.0,,0.15068252384662628,,,,,,,,,,,,
17,7219,,0.009940105490386486,,0.0,,0.14217962324619293,,0.0,,0.0,,,0.0,0.0,,0.002788946498185396,,0.14508521556854248,,0.004062260501086712,,0.0,,0.15202808380126953,,,,,,,,,,,,
17,7229,,0.013126318342983723,,0.0,,0.15510201454162598,,0.0,,0.0,,,0.0,0.0,,0.004598007537424564,,0.14982904493808746,,0.004778579343110323,,0.0,,0.16371698677539825,,,,,,,,,,,,
17,7239,,0.010257776826620102,,0.0,,0.14407803118228912,,0.0,,0.0,,,0.0,0.0,,0.003386157564818859,,0.14280514419078827,,0.0056866309605538845,,0.0,,0.15310688316822052,,,,,,,,,,,,
17,7249,,0.011873953975737095,,0.0,,0.13290168344974518,,0.0,,0.0,,,0.0,0.0,,0.0026522770058363676,,0.14632061123847961,,0.0063804155215620995,,0.0,,0.15006448328495026,,,,,,,,,,,,
17,7259,,0.011176789179444313,,0.0,,0.13608995079994202,,0.0,,0.0,,,0.0,0.0,,0.0018742084503173828,,0.14995820820331573,,0.003221671562641859,,0.0,,0.15116041898727417,,,,,,,,,,,,
17,7269,,0.012044132687151432,,0.0,,0.1385594606399536,,0.0,,0.0,,,0.0,0.0,,0.0020598568953573704,,0.15508796274662018,,0.005375229753553867,,0.0,,0.15656331181526184,,,,,,,,,,,,
17,7279,,0.009650945663452148,,0.0,,0.13194327056407928,,0.0,,0.0,,,0.0,0.0,,0.0021086556371301413,,0.1512754261493683,,0.004514648579061031,,0.0,,0.14974646270275116,,,,,,,,,,,,
17,7289,,0.010783870704472065,,0.0,,0.14426365494728088,,0.0,,0.0,,,0.0,0.0,,0.0027186693623661995,,0.14783406257629395,,0.0023936189245432615,,0.0,,0.15399694442749023,,,,,,,,,,,,
17,7299,,0.010642566718161106,,0.0,,0.14929907023906708,,0.0,,0.0,,,0.0,0.0,,0.002678297460079193,,0.14858101308345795,,0.0029701252933591604,,0.0,,0.15708553791046143,,,,,,,,,,,,
17,7309,,0.011544929817318916,,0.0,,0.1470777690410614,,0.0,,0.0,,,0.0,0.0,,0.0020773825235664845,,0.14674940705299377,,0.0035270226653665304,,0.0,,0.1554882526397705,,,,,,,,,,,,
17,7319,,0.010483851656317711,,0.0,,0.13812342286109924,,0.0,,0.0,,,0.0,0.0,,0.0018758270889520645,,0.14521843194961548,,0.006973769515752792,,0.0,,0.1513376533985138,,,,,,,,,,,,
17,7329,,0.01314719207584858,,0.0,,0.14904072880744934,,0.0,,0.0,,,0.0,0.0,,0.0027846943121403456,,0.15027309954166412,,0.006015574559569359,,0.0,,0.16063065826892853,,,,,,,,,,,,
17,7339,,0.010211034677922726,,0.0,,0.12850813567638397,,0.0,,0.0,,,0.0,0.0,,0.0021981410682201385,,0.1466241478919983,,0.0025821258313953876,,0.0,,0.14506179094314575,,,,,,,,,,,,
17,7349,,0.012575535103678703,,0.0,,0.14233709871768951,,0.0,,0.0,,,0.0,0.0,,0.003054251428693533,,0.14822956919670105,,0.0048772720620036125,,0.0,,0.15553687512874603,,,,,,,,,,,,
17,7359,,0.00949893705546856,,0.0,,0.125900536775589,,0.0,,0.0,,,0.0,0.0,,0.002566797658801079,,0.14899176359176636,,0.005943124648183584,,0.0,,0.14645056426525116,,,,,,,,,,,,
17,7369,,0.011936020106077194,,0.0,,0.13488180935382843,,0.0,,0.0,,,0.0,0.0,,0.004310560412704945,,0.14575739204883575,,0.00419859541580081,,0.0,,0.15054216980934143,,,,,,,,,,,,
17,7379,,0.01829557493329048,,0.0,,0.14447660744190216,,0.0,,0.0,,,0.0,0.0,,0.0030405311845242977,,0.15510118007659912,,0.005130690522491932,,0.0,,0.16302227973937988,,,,,,,,,,,,
17,7389,,0.020128510892391205,,0.0,,0.167589470744133,,0.0,,0.0,,,0.0,0.0,,0.003501612227410078,,0.15011341869831085,,0.003182073589414358,,0.0,,0.17225755751132965,,,,,,,,,,,,
17,7399,,0.014650406315922737,,0.0,,0.1438060700893402,,0.0,,0.0,,,0.0,0.0,,0.002953961491584778,,0.15333446860313416,,0.003628930076956749,,0.0,,0.15918691456317902,,,,,,,,,,,,
17,7409,,0.009705774486064911,,0.0,,0.1340537965297699,,0.0,,0.0,,,0.0,0.0,,0.0019409669330343604,,0.1475936472415924,,0.003926451783627272,,0.0,,0.14861032366752625,,,,,,,,,,,,
17,7419,,0.01033207681030035,,0.0,,0.14063654839992523,,0.0,,0.0,,,0.0,0.0,,0.0015645415987819433,,0.14859037101268768,,0.004667137283831835,,0.0,,0.15289533138275146,,,,,,,,,,,,
17,7429,,0.015355749055743217,,0.0,,0.14381898939609528,,0.0,,0.0,,,0.0,0.0,,0.002714275848120451,,0.151991069316864,,0.006362010259181261,,0.0,,0.16012103855609894,,,,,,,,,,,,
17,7439,,0.010929160751402378,,0.0,,0.13875438272953033,,0.0,,0.0,,,0.0,0.0,,0.0018745956476777792,,0.15053749084472656,,0.00466733705252409,,0.0,,0.15338148176670074,,,,,,,,,,,,
17,7449,,0.012028985656797886,,0.0,,0.15140531957149506,,0.0,,0.0,,,0.0,0.0,,0.006516556721180677,,0.15136989951133728,,0.00844005960971117,,0.0,,0.1648803949356079,,,,,,,,,,,,
17,7459,,0.011648215353488922,,0.0,,0.14530572295188904,,0.0,,0.0,,,0.0,0.0,,0.0019340756116434932,,0.14692169427871704,,0.005075950641185045,,0.0,,0.15544283390045166,,,,,,,,,,,,
17,7469,,0.009517579339444637,,0.0,,0.13154615461826324,,0.0,,0.0,,,0.0,0.0,,0.0037337355315685272,,0.14990010857582092,,0.002803624840453267,,0.0,,0.14875060319900513,,,,,,,,,,,,
17,7479,,0.006973593030124903,,0.0,,0.12700217962265015,,0.0,,0.0,,,0.0,0.0,,0.0022385558113455772,,0.14701958000659943,,0.005680665373802185,,0.0,,0.14445728063583374,,,,,,,,,,,,
17,7489,,0.008781499229371548,,0.0,,0.13773256540298462,,0.0,,0.0,,,0.0,0.0,,0.0015364428982138634,,0.14825668931007385,,0.007688714191317558,,0.0,,0.15199793875217438,,,,,,,,,,,,
17,7499,,0.009234245866537094,,0.0,,0.12897436320781708,,0.0,,0.0,,,0.0,0.0,,0.0019975327886641026,,0.14672257006168365,,0.0032766188960522413,,0.0,,0.14510266482830048,,,,,,,,,,,,
17,7509,,0.015941839665174484,,0.0,,0.15354658663272858,,0.0,,0.0,,,0.0,0.0,,0.004647650755941868,,0.1523427963256836,,0.004001594614237547,,0.0,,0.16524021327495575,,,,,,,,,,,,
17,7519,,0.010938823223114014,,0.0,,0.1372329443693161,,0.0,,0.0,,,0.0,0.0,,0.0038229951169341803,,0.1510370969772339,,0.0043618581257760525,,0.0,,0.15369686484336853,,,,,,,,,,,,
17,7529,,0.011866331100463867,,0.0,,0.12412077188491821,,0.0,,0.0,,,0.0,0.0,,0.0025234101340174675,,0.15133850276470184,,0.002968268934637308,,0.0,,0.14640866219997406,,,,,,,,,,,,
17,7539,,0.014121806249022484,,0.0,,0.14629606902599335,,0.0,,0.0,,,0.0,0.0,,0.002700940240174532,,0.14860597252845764,,0.0031374043319374323,,0.0,,0.15743109583854675,,,,,,,,,,,,
17,7549,,0.010367590934038162,,0.0,,0.13238362967967987,,0.0,,0.0,,,0.0,0.0,,0.0022088950499892235,,0.14660054445266724,,0.004123617894947529,,0.0,,0.1478421539068222,,,,,,,,,,,,
17,7559,,0.011162517592310905,,0.0,,0.14680424332618713,,0.0,,0.0,,,0.0,0.0,,0.002312746364623308,,0.14730778336524963,,0.005491594783961773,,0.0,,0.1565394401550293,,,,,,,,,,,,
17,7569,,0.009838190861046314,,0.0,,0.12831942737102509,,0.0,,0.0,,,0.0,0.0,,0.0020512021146714687,,0.15001921355724335,,0.0033822497352957726,,0.0,,0.14680513739585876,,,,,,,,,,,,
17,7579,,0.012498291209340096,,0.0,,0.1338900625705719,,0.0,,0.0,,,0.0,0.0,,0.0044689117930829525,,0.15323203802108765,,0.006706763058900833,,0.0,,0.15539804100990295,,,,,,,,,,,,
17,7589,,0.011699032969772816,,0.0,,0.14486294984817505,,0.0,,0.0,,,0.0,0.0,,0.0023477382492274046,,0.14898253977298737,,0.0036385233979672194,,0.0,,0.1557653844356537,,,,,,,,,,,,
17,7595,,,,,,,,,,,,,,,,,,,,,,,,,0.10099080204963684,0.0,0.4063149094581604,0.0,0.0,0.0,0.0,0.05286327749490738,0.25060054659843445,0.009957454167306423,0.0,0.4103635251522064
17,7595,0.011499268002808094,,0.0,,0.13880468904972076,,0.0,,0.0,,0.0,0.0,,,0.002652160357683897,,0.14920242130756378,,0.004738734103739262,,0.0,,0.15344862639904022,,,,,,,,,,,,,
18,7599,,0.008754633367061615,,0.0,,0.1313399076461792,,0.0,,0.0,,,0.0,0.0,,0.0022275629453361034,,0.1465212106704712,,0.006231427658349276,,0.0,,0.14753738045692444,,,,,,,,,,,,
18,7609,,0.00914784986525774,,0.0,,0.13046179711818695,,0.0,,0.0,,,0.0,0.0,,0.0020137056708335876,,0.14820927381515503,,0.0035627461038529873,,0.0,,0.14669770002365112,,,,,,,,,,,,
18,7619,,0.011008975096046925,,0.0,,0.14221380650997162,,0.0,,0.0,,,0.0,0.0,,0.0026611320208758116,,0.14672179520130157,,0.006148848682641983,,0.0,,0.154377281665802,,,,,,,,,,,,
18,7629,,0.014396175742149353,,0.0,,0.14530399441719055,,0.0,,0.0,,,0.0,0.0,,0.0027100115548819304,,0.15135018527507782,,0.004551048390567303,,0.0,,0.1591557115316391,,,,,,,,,,,,
18,7639,,0.011575556360185146,,0.0,,0.13495692610740662,,0.0,,0.0,,,0.0,0.0,,0.002966423984616995,,0.1483754962682724,,0.003749301191419363,,0.0,,0.15081185102462769,,,,,,,,,,,,
18,7649,,0.009273869916796684,,0.0,,0.13148942589759827,,0.0,,0.0,,,0.0,0.0,,0.002396616153419018,,0.14912080764770508,,0.0025302874855697155,,0.0,,0.1474054902791977,,,,,,,,,,,,
18,7659,,0.012508082203567028,,0.0,,0.1336931586265564,,0.0,,0.0,,,0.0,0.0,,0.0030025034211575985,,0.1480599343776703,,0.00829290971159935,,0.0,,0.15277829766273499,,,,,,,,,,,,
18,7669,,0.011414103209972382,,0.0,,0.14339207112789154,,0.0,,0.0,,,0.0,0.0,,0.0019171781605109572,,0.1482948660850525,,0.004873504396528006,,0.0,,0.15494588017463684,,,,,,,,,,,,
18,7679,,0.010883286595344543,,0.0,,0.15022094547748566,,0.0,,0.0,,,0.0,0.0,,0.003726889146491885,,0.1488456130027771,,0.0034255743958055973,,0.0,,0.1585511416196823,,,,,,,,,,,,
18,7689,,0.010025519877672195,,0.0,,0.13528670370578766,,0.0,,0.0,,,0.0,0.0,,0.0018217989709228277,,0.1478339433670044,,0.0054335687309503555,,0.0,,0.150200754404068,,,,,,,,,,,,
18,7699,,0.015705928206443787,,0.0,,0.145084410905838,,0.0,,0.0,,,0.0,0.0,,0.003525314386934042,,0.1517053246498108,,0.005401138216257095,,0.0,,0.16071105003356934,,,,,,,,,,,,
18,7709,,0.010350147262215614,,0.0,,0.13076353073120117,,0.0,,0.0,,,0.0,0.0,,0.0023429386783391237,,0.15110544860363007,,0.0035796856973320246,,0.0,,0.1490708738565445,,,,,,,,,,,,
18,7719,,0.010328935459256172,,0.0,,0.14169588685035706,,0.0,,0.0,,,0.0,0.0,,0.0019535531755536795,,0.1500658094882965,,0.00511801615357399,,0.0,,0.15458109974861145,,,,,,,,,,,,
18,7729,,0.009069044142961502,,0.0,,0.13344435393810272,,0.0,,0.0,,,0.0,0.0,,0.001800414058379829,,0.1468386948108673,,0.0056035201996564865,,0.0,,0.14837801456451416,,,,,,,,,,,,
18,7739,,0.013360626995563507,,0.0,,0.13627734780311584,,0.0,,0.0,,,0.0,0.0,,0.00269015203230083,,0.15118415653705597,,0.004279862158000469,,0.0,,0.15389607846736908,,,,,,,,,,,,
18,7749,,0.013685297220945358,,0.0,,0.153254896402359,,0.0,,0.0,,,0.0,0.0,,0.003644136246293783,,0.14962516725063324,,0.00888464692980051,,0.0,,0.16454705595970154,,,,,,,,,,,,
18,7759,,0.009541064500808716,,0.0,,0.12853145599365234,,0.0,,0.0,,,0.0,0.0,,0.0022976500913500786,,0.14950615167617798,,0.003531916067004204,,0.0,,0.14670410752296448,,,,,,,,,,,,
18,7769,,0.010595612227916718,,0.0,,0.15076301991939545,,0.0,,0.0,,,0.0,0.0,,0.002108176238834858,,0.1486726701259613,,0.005627100821584463,,0.0,,0.15888328850269318,,,,,,,,,,,,
18,7779,,0.01156006008386612,,0.0,,0.11877048015594482,,0.0,,0.0,,,0.0,0.0,,0.003071242943406105,,0.15098649263381958,,0.004669613670557737,,0.0,,0.14452894032001495,,,,,,,,,,,,
18,7789,,0.012473109178245068,,0.0,,0.14268353581428528,,0.0,,0.0,,,0.0,0.0,,0.0018190009286627173,,0.14667847752571106,,0.005211323499679565,,0.0,,0.1544327288866043,,,,,,,,,,,,
18,7799,,0.011803293600678444,,0.0,,0.1265675276517868,,0.0,,0.0,,,0.0,0.0,,0.002076523145660758,,0.14935117959976196,,0.004084437154233456,,0.0,,0.14694149792194366,,,,,,,,,,,,
18,7809,,0.012007898651063442,,0.0,,0.1307261884212494,,0.0,,0.0,,,0.0,0.0,,0.002409597858786583,,0.14804047346115112,,0.005959721282124519,,0.0,,0.14957194030284882,,,,,,,,,,,,
18,7819,,0.011873275972902775,,0.0,,0.1426057666540146,,0.0,,0.0,,,0.0,0.0,,0.0018391705816611648,,0.15130411088466644,,0.004250967875123024,,0.0,,0.15593664348125458,,,,,,,,,,,,
18,7829,,0.011864996515214443,,0.0,,0.13875579833984375,,0.0,,0.0,,,0.0,0.0,,0.002716207876801491,,0.14946717023849487,,0.004183417651802301,,0.0,,0.15349379181861877,,,,,,,,,,,,
18,7839,,0.011391873471438885,,0.0,,0.13950178027153015,,0.0,,0.0,,,0.0,0.0,,0.0020159021951258183,,0.14860571920871735,,0.003920302726328373,,0.0,,0.15271779894828796,,,,,,,,,,,,
18,7849,,0.010587912052869797,,0.0,,0.13995274901390076,,0.0,,0.0,,,0.0,0.0,,0.002368220826610923,,0.14461955428123474,,0.0032098679803311825,,0.0,,0.15036913752555847,,,,,,,,,,,,
18,7859,,0.0116080641746521,,0.0,,0.1313556581735611,,0.0,,0.0,,,0.0,0.0,,0.0017883721739053726,,0.14940547943115234,,0.0028707704041153193,,0.0,,0.14851416647434235,,,,,,,,,,,,
18,7869,,0.01412849873304367,,0.0,,0.14461199939250946,,0.0,,0.0,,,0.0,0.0,,0.0038799974136054516,,0.15123684704303741,,0.0045822663232684135,,0.0,,0.15921980142593384,,,,,,,,,,,,
18,7879,,0.013333570212125778,,0.0,,0.14307068288326263,,0.0,,0.0,,,0.0,0.0,,0.002211043145507574,,0.14816492795944214,,0.005249721463769674,,0.0,,0.15601496398448944,,,,,,,,,,,,
18,7889,,0.011286727152764797,,0.0,,0.1498781442642212,,0.0,,0.0,,,0.0,0.0,,0.005968129262328148,,0.14882171154022217,,0.0046465168707072735,,0.0,,0.160300612449646,,,,,,,,,,,,
18,7899,,0.008985139429569244,,0.0,,0.13437679409980774,,0.0,,0.0,,,0.0,0.0,,0.0023837166372686625,,0.14947792887687683,,0.006153307855129242,,0.0,,0.15068843960762024,,,,,,,,,,,,
18,7909,,0.009890648536384106,,0.0,,0.132459819316864,,0.0,,0.0,,,0.0,0.0,,0.001836445415392518,,0.14281874895095825,,0.004914270713925362,,0.0,,0.1459599733352661,,,,,,,,,,,,
18,7919,,0.012251611799001694,,0.0,,0.140530526638031,,0.0,,0.0,,,0.0,0.0,,0.0036273389123380184,,0.15017755329608917,,0.007852770388126373,,0.0,,0.15721988677978516,,,,,,,,,,,,
18,7929,,0.010557644069194794,,0.0,,0.13159114122390747,,0.0,,0.0,,,0.0,0.0,,0.001631380757316947,,0.15153172612190247,,0.005684395786374807,,0.0,,0.1504981517791748,,,,,,,,,,,,
18,7939,,0.013372736051678658,,0.0,,0.1512119472026825,,0.0,,0.0,,,0.0,0.0,,0.005224461667239666,,0.14818528294563293,,0.007689329329878092,,0.0,,0.16284188628196716,,,,,,,,,,,,
18,7949,,0.008330139331519604,,0.0,,0.11734576523303986,,0.0,,0.0,,,0.0,0.0,,0.001902931835502386,,0.1482762098312378,,0.004343447741121054,,0.0,,0.14009924232959747,,,,,,,,,,,,
18,7959,,0.010256098583340645,,0.0,,0.11988240480422974,,0.0,,0.0,,,0.0,0.0,,0.0020488479640334845,,0.14874742925167084,,0.004215543624013662,,0.0,,0.14257517457008362,,,,,,,,,,,,
18,7969,,0.00830579549074173,,0.0,,0.11964190006256104,,0.0,,0.0,,,0.0,0.0,,0.001752372714690864,,0.14585480093955994,,0.0042131198570132256,,0.0,,0.13988399505615234,,,,,,,,,,,,
18,7979,,0.013651125133037567,,0.0,,0.14534272253513336,,0.0,,0.0,,,0.0,0.0,,0.002176670590415597,,0.15085923671722412,,0.0035570578183978796,,0.0,,0.15779340267181396,,,,,,,,,,,,
18,7989,,0.015025322325527668,,0.0,,0.15322548151016235,,0.0,,0.0,,,0.0,0.0,,0.002985799452289939,,0.15169918537139893,,0.00538500165566802,,0.0,,0.16416040062904358,,,,,,,,,,,,
18,7999,,0.01344281155616045,,0.0,,0.1400771290063858,,0.0,,0.0,,,0.0,0.0,,0.003236544318497181,,0.14920037984848022,,0.0025988202542066574,,0.0,,0.15427783131599426,,,,,,,,,,,,
18,8009,,0.011982835829257965,,0.0,,0.14138054847717285,,0.0,,0.0,,,0.0,0.0,,0.0023488053120672703,,0.1465533971786499,,0.007156729232519865,,0.0,,0.15471115708351135,,,,,,,,,,,,
18,8017,,,,,,,,,,,,,,,,,,,,,,,,,0.10155858844518661,0.0,0.411655992269516,0.0,0.0,0.0,0.0,0.055647093802690506,0.2553337514400482,0.009969601407647133,0.0,0.4170825779438019
18,8017,0.011333014816045761,,0.0,,0.13620789349079132,,0.0,,0.0,,0.0,0.0,,,0.0026587583124637604,,0.14883755147457123,,0.004625670146197081,,0.0,,0.15183140337467194,,,,,,,,,,,,,
19,8019,,0.013956954702734947,,0.0,,0.1344386339187622,,0.0,,0.0,,,0.0,0.0,,0.0029357641469687223,,0.15188604593276978,,0.0049580298364162445,,0.0,,0.15408772230148315,,,,,,,,,,,,
19,8029,,0.011040350422263145,,0.0,,0.14068502187728882,,0.0,,0.0,,,0.0,0.0,,0.0021968453656882048,,0.14767439663410187,,0.0048649488016963005,,0.0,,0.15323078632354736,,,,,,,,,,,,
19,8039,,0.013048764318227768,,0.0,,0.14217810332775116,,0.0,,0.0,,,0.0,0.0,,0.001888370607048273,,0.14792302250862122,,0.0043141962960362434,,0.0,,0.15467621386051178,,,,,,,,,,,,
19,8049,,0.009756477549672127,,0.0,,0.13297122716903687,,0.0,,0.0,,,0.0,0.0,,0.001755929784849286,,0.14708764851093292,,0.003272650996223092,,0.0,,0.1474219560623169,,,,,,,,,,,,
19,8059,,0.01188063994050026,,0.0,,0.1349973976612091,,0.0,,0.0,,,0.0,0.0,,0.001761607825756073,,0.15380828082561493,,0.003432989353314042,,0.0,,0.15294045209884644,,,,,,,,,,,,
19,8069,,0.011846465058624744,,0.0,,0.11973714083433151,,0.0,,0.0,,,0.0,0.0,,0.002065276727080345,,0.1505967080593109,,0.0035253551322966814,,0.0,,0.14388546347618103,,,,,,,,,,,,
19,8079,,0.01121252030134201,,0.0,,0.13403822481632233,,0.0,,0.0,,,0.0,0.0,,0.003956761211156845,,0.14859744906425476,,0.0059908730909228325,,0.0,,0.15189792215824127,,,,,,,,,,,,
19,8089,,0.015126517973840237,,0.0,,0.14673733711242676,,0.0,,0.0,,,0.0,0.0,,0.0044756727293133736,,0.14832842350006104,,0.003324749181047082,,0.0,,0.1589963585138321,,,,,,,,,,,,
19,8099,,0.010335657745599747,,0.0,,0.143614262342453,,0.0,,0.0,,,0.0,0.0,,0.0020997829269617796,,0.1499786376953125,,0.004730495158582926,,0.0,,0.15537941455841064,,,,,,,,,,,,
19,8109,,0.010328250005841255,,0.0,,0.14152412116527557,,0.0,,0.0,,,0.0,0.0,,0.0030534453690052032,,0.14669185876846313,,0.0029883873648941517,,0.0,,0.15229305624961853,,,,,,,,,,,,
19,8119,,0.012167176231741905,,0.0,,0.14671970903873444,,0.0,,0.0,,,0.0,0.0,,0.0024817893281579018,,0.15110842883586884,,0.0038771338295191526,,0.0,,0.15817712247371674,,,,,,,,,,,,
19,8129,,0.01014427188783884,,0.0,,0.1276019960641861,,0.0,,0.0,,,0.0,0.0,,0.0016741821309551597,,0.146534726023674,,0.004462743178009987,,0.0,,0.1452089548110962,,,,,,,,,,,,
19,8139,,0.012063225731253624,,0.0,,0.14501263201236725,,0.0,,0.0,,,0.0,0.0,,0.003455575555562973,,0.14921823143959045,,0.006641113664954901,,0.0,,0.1581954061985016,,,,,,,,,,,,
19,8149,,0.010589275509119034,,0.0,,0.12516741454601288,,0.0,,0.0,,,0.0,0.0,,0.0025149923749268055,,0.14785295724868774,,0.00480290362611413,,0.0,,0.14546377956867218,,,,,,,,,,,,
19,8159,,0.011068240739405155,,0.0,,0.13130366802215576,,0.0,,0.0,,,0.0,0.0,,0.0019723770674318075,,0.15056712925434113,,0.004075530916452408,,0.0,,0.14949347078800201,,,,,,,,,,,,
19,8169,,0.010315649211406708,,0.0,,0.1471032202243805,,0.0,,0.0,,,0.0,0.0,,0.0019972105510532856,,0.14977118372917175,,0.004491293802857399,,0.0,,0.1568392813205719,,,,,,,,,,,,
19,8179,,0.00953975785523653,,0.0,,0.13531212508678436,,0.0,,0.0,,,0.0,0.0,,0.001975021790713072,,0.14868946373462677,,0.0016844039782881737,,0.0,,0.14860038459300995,,,,,,,,,,,,
19,8189,,0.01459314301609993,,0.0,,0.1356114149093628,,0.0,,0.0,,,0.0,0.0,,0.0030069963540881872,,0.15045112371444702,,0.003053547814488411,,0.0,,0.1533581167459488,,,,,,,,,,,,
19,8199,,0.010871242731809616,,0.0,,0.13631100952625275,,0.0,,0.0,,,0.0,0.0,,0.0021672153379768133,,0.14439207315444946,,0.005462274421006441,,0.0,,0.14960190653800964,,,,,,,,,,,,
19,8209,,0.009210014715790749,,0.0,,0.13880841434001923,,0.0,,0.0,,,0.0,0.0,,0.001536802388727665,,0.14716988801956177,,0.005983186420053244,,0.0,,0.15135416388511658,,,,,,,,,,,,
19,8219,,0.009714625775814056,,0.0,,0.12363971769809723,,0.0,,0.0,,,0.0,0.0,,0.0018748844740912318,,0.1515040099620819,,0.004084289073944092,,0.0,,0.1454087793827057,,,,,,,,,,,,
19,8229,,0.010890984907746315,,0.0,,0.12471169233322144,,0.0,,0.0,,,0.0,0.0,,0.002937200479209423,,0.1511489599943161,,0.003957811277359724,,0.0,,0.14682333171367645,,,,,,,,,,,,
19,8239,,0.010310919024050236,,0.0,,0.12720611691474915,,0.0,,0.0,,,0.0,0.0,,0.0016303760930895805,,0.14661303162574768,,0.0060448842123150826,,0.0,,0.14590266346931458,,,,,,,,,,,,
19,8249,,0.012306267395615578,,0.0,,0.13612519204616547,,0.0,,0.0,,,0.0,0.0,,0.0020981887355446815,,0.14563415944576263,,0.007272869814187288,,0.0,,0.1517183482646942,,,,,,,,,,,,
19,8259,,0.013638651929795742,,0.0,,0.13269482553005219,,0.0,,0.0,,,0.0,0.0,,0.005063089542090893,,0.15129610896110535,,0.004921681713312864,,0.0,,0.1538071632385254,,,,,,,,,,,,
19,8269,,0.008790748193860054,,0.0,,0.1238332986831665,,0.0,,0.0,,,0.0,0.0,,0.0017444412223994732,,0.14617033302783966,,0.0041216397657990456,,0.0,,0.14233022928237915,,,,,,,,,,,,
19,8279,,0.00901054497808218,,0.0,,0.13635405898094177,,0.0,,0.0,,,0.0,0.0,,0.0015582684427499771,,0.14732883870601654,,0.0030457964166998863,,0.0,,0.14864875376224518,,,,,,,,,,,,
19,8289,,0.009439704939723015,,0.0,,0.1354658454656601,,0.0,,0.0,,,0.0,0.0,,0.0026341555640101433,,0.14867930114269257,,0.005646881647408009,,0.0,,0.15093295276165009,,,,,,,,,,,,
19,8299,,0.007844884879887104,,0.0,,0.1266799420118332,,0.0,,0.0,,,0.0,0.0,,0.004079007543623447,,0.14419515430927277,,0.003759752493351698,,0.0,,0.14327937364578247,,,,,,,,,,,,
19,8309,,0.014534625224769115,,0.0,,0.13214468955993652,,0.0,,0.0,,,0.0,0.0,,0.00278085726313293,,0.15050949156284332,,0.005420898552983999,,0.0,,0.15269526839256287,,,,,,,,,,,,
19,8319,,0.013869533315300941,,0.0,,0.14388668537139893,,0.0,,0.0,,,0.0,0.0,,0.002959714736789465,,0.15076062083244324,,0.003707478055730462,,0.0,,0.1575920134782791,,,,,,,,,,,,
19,8329,,0.011786915361881256,,0.0,,0.12968333065509796,,0.0,,0.0,,,0.0,0.0,,0.002366424538195133,,0.14845764636993408,,0.004923141095787287,,0.0,,0.1486087143421173,,,,,,,,,,,,
19,8339,,0.014893281273543835,,0.0,,0.1372700184583664,,0.0,,0.0,,,0.0,0.0,,0.0032346281222999096,,0.15155047178268433,,0.004472277592867613,,0.0,,0.1557103544473648,,,,,,,,,,,,
19,8349,,0.011719433590769768,,0.0,,0.1366749256849289,,0.0,,0.0,,,0.0,0.0,,0.0021846205927431583,,0.14940543472766876,,0.002260674722492695,,0.0,,0.1511225551366806,,,,,,,,,,,,
19,8359,,0.014049424789845943,,0.0,,0.13875795900821686,,0.0,,0.0,,,0.0,0.0,,0.0021675913594663143,,0.1486702412366867,,0.0029313662089407444,,0.0,,0.15328827500343323,,,,,,,,,,,,
19,8369,,0.01178017444908619,,0.0,,0.14244595170021057,,0.0,,0.0,,,0.0,0.0,,0.0029024973046034575,,0.1535027027130127,,0.0036727942060679197,,0.0,,0.15715207159519196,,,,,,,,,,,,
19,8379,,0.014120472595095634,,0.0,,0.14377988874912262,,0.0,,0.0,,,0.0,0.0,,0.002749317092821002,,0.1480294167995453,,0.006050091236829758,,0.0,,0.1573645919561386,,,,,,,,,,,,
19,8389,,0.009460424073040485,,0.0,,0.14010785520076752,,0.0,,0.0,,,0.0,0.0,,0.002234226558357477,,0.14909318089485168,,0.003481882391497493,,0.0,,0.15218877792358398,,,,,,,,,,,,
19,8399,,0.009214360266923904,,0.0,,0.11708623915910721,,0.0,,0.0,,,0.0,0.0,,0.0018031836953014135,,0.1478038728237152,,0.0061870538629591465,,0.0,,0.14104735851287842,,,,,,,,,,,,
19,8409,,0.008989335037767887,,0.0,,0.13169462978839874,,0.0,,0.0,,,0.0,0.0,,0.002776899142190814,,0.14749374985694885,,0.004418106749653816,,0.0,,0.14768636226654053,,,,,,,,,,,,
19,8419,,0.012322702445089817,,0.0,,0.1309199184179306,,0.0,,0.0,,,0.0,0.0,,0.0021100144367665052,,0.14800575375556946,,0.003990351688116789,,0.0,,0.1486743539571762,,,,,,,,,,,,
19,8429,,0.010394588112831116,,0.0,,0.1444825530052185,,0.0,,0.0,,,0.0,0.0,,0.0021242783404886723,,0.14580391347408295,,0.004284712951630354,,0.0,,0.15354502201080322,,,,,,,,,,,,
19,8439,,0.01036752201616764,,0.0,,0.12271708995103836,,0.0,,0.0,,,0.0,0.0,,0.0023793522268533707,,0.14680874347686768,,0.005802728235721588,,0.0,,0.14403770864009857,,,,,,,,,,,,
19,8439,,,,,,,,,,,,,,,,,,,,,,,,,0.10333821922540665,0.0,0.41128602623939514,0.0,0.0,0.0,0.0,0.05802855268120766,0.26024091243743896,0.010135205462574959,0.0,0.42151451110839844
19,8439,0.011189352720975876,,0.0,,0.1341436356306076,,0.0,,0.0,,0.0,0.0,,,0.0025340032298117876,,0.14860208332538605,,0.004509396851062775,,0.0,,0.15048927068710327,,,,,,,,,,,,,
20,8449,,0.01061057485640049,,0.0,,0.12864811718463898,,0.0,,0.0,,,0.0,0.0,,0.0028609493747353554,,0.150021493434906,,0.003007236635312438,,0.0,,0.14757418632507324,,,,,,,,,,,,
20,8459,,0.012896005064249039,,0.0,,0.1300036907196045,,0.0,,0.0,,,0.0,0.0,,0.0027885017916560173,,0.14870750904083252,,0.003411809215322137,,0.0,,0.1489037573337555,,,,,,,,,,,,
20,8469,,0.01054325420409441,,0.0,,0.12497085332870483,,0.0,,0.0,,,0.0,0.0,,0.0015788907185196877,,0.14680592715740204,,0.002476365538313985,,0.0,,0.14318765699863434,,,,,,,,,,,,
20,8479,,0.010173751972615719,,0.0,,0.13131892681121826,,0.0,,0.0,,,0.0,0.0,,0.0016439924947917461,,0.147342711687088,,0.005965926684439182,,0.0,,0.1482226401567459,,,,,,,,,,,,
20,8489,,0.010303281247615814,,0.0,,0.12470625340938568,,0.0,,0.0,,,0.0,0.0,,0.0022174918558448553,,0.14600588381290436,,0.0031577886547893286,,0.0,,0.14319536089897156,,,,,,,,,,,,
20,8499,,0.013979756273329258,,0.0,,0.1199021264910698,,0.0,,0.0,,,0.0,0.0,,0.0038289872463792562,,0.15175952017307281,,0.0045805140398442745,,0.0,,0.1470254510641098,,,,,,,,,,,,
20,8509,,0.009735558182001114,,0.0,,0.130156010389328,,0.0,,0.0,,,0.0,0.0,,0.0031798887066543102,,0.1503308117389679,,0.0027957588899880648,,0.0,,0.14809900522232056,,,,,,,,,,,,
20,8519,,0.008233819156885147,,0.0,,0.12413027137517929,,0.0,,0.0,,,0.0,0.0,,0.0025372710078954697,,0.14646896719932556,,0.005267303436994553,,0.0,,0.14331881701946259,,,,,,,,,,,,
20,8529,,0.012005542404949665,,0.0,,0.1338285207748413,,0.0,,0.0,,,0.0,0.0,,0.002116346498951316,,0.14975321292877197,,0.004837581887841225,,0.0,,0.15127059817314148,,,,,,,,,,,,
20,8539,,0.014997102320194244,,0.0,,0.12908461689949036,,0.0,,0.0,,,0.0,0.0,,0.004214979242533445,,0.14653708040714264,,0.004859861917793751,,0.0,,0.14984682202339172,,,,,,,,,,,,
20,8549,,0.010618221014738083,,0.0,,0.1328309029340744,,0.0,,0.0,,,0.0,0.0,,0.0024771299213171005,,0.14854319393634796,,0.004120095167309046,,0.0,,0.14929476380348206,,,,,,,,,,,,
20,8559,,0.012800853699445724,,0.0,,0.1346747875213623,,0.0,,0.0,,,0.0,0.0,,0.00296585145406425,,0.1513325572013855,,0.0038994925562292337,,0.0,,0.15283675491809845,,,,,,,,,,,,
20,8569,,0.012362739071249962,,0.0,,0.14144907891750336,,0.0,,0.0,,,0.0,0.0,,0.005348811857402325,,0.1508873850107193,,0.004915979225188494,,0.0,,0.15748199820518494,,,,,,,,,,,,
20,8579,,0.01277928240597248,,0.0,,0.13647370040416718,,0.0,,0.0,,,0.0,0.0,,0.0020328329410403967,,0.14835722744464874,,0.004906558897346258,,0.0,,0.15227481722831726,,,,,,,,,,,,
20,8589,,0.010728309862315655,,0.0,,0.13043488562107086,,0.0,,0.0,,,0.0,0.0,,0.0019476645393297076,,0.1479162573814392,,0.0032211418729275465,,0.0,,0.14712412655353546,,,,,,,,,,,,
20,8599,,0.009963059797883034,,0.0,,0.130380317568779,,0.0,,0.0,,,0.0,0.0,,0.0015495240222662687,,0.14697545766830444,,0.0052680703811347485,,0.0,,0.14706821739673615,,,,,,,,,,,,
20,8609,,0.008854348212480545,,0.0,,0.12899872660636902,,0.0,,0.0,,,0.0,0.0,,0.001956150634214282,,0.14495491981506348,,0.0027503124438226223,,0.0,,0.14375723898410797,,,,,,,,,,,,
20,8619,,0.008019199594855309,,0.0,,0.12595586478710175,,0.0,,0.0,,,0.0,0.0,,0.00149427424184978,,0.14606015384197235,,0.004269908182322979,,0.0,,0.14289970695972443,,,,,,,,,,,,
20,8629,,0.013821560889482498,,0.0,,0.1423935890197754,,0.0,,0.0,,,0.0,0.0,,0.0029336842708289623,,0.1501666009426117,,0.007732823025435209,,0.0,,0.15852412581443787,,,,,,,,,,,,
20,8639,,0.008047235198318958,,0.0,,0.11939103901386261,,0.0,,0.0,,,0.0,0.0,,0.0017887323629111052,,0.14479464292526245,,0.003943420946598053,,0.0,,0.13898251950740814,,,,,,,,,,,,
20,8649,,0.010293902829289436,,0.0,,0.13036611676216125,,0.0,,0.0,,,0.0,0.0,,0.0027830060571432114,,0.14818860590457916,,0.0065287016332149506,,0.0,,0.14908017218112946,,,,,,,,,,,,
20,8659,,0.014395464211702347,,0.0,,0.13403260707855225,,0.0,,0.0,,,0.0,0.0,,0.0035785012878477573,,0.14973196387290955,,0.004675541538745165,,0.0,,0.15320704877376556,,,,,,,,,,,,
20,8669,,0.00987972877919674,,0.0,,0.116834357380867,,0.0,,0.0,,,0.0,0.0,,0.0016631302423775196,,0.14940309524536133,,0.004000059328973293,,0.0,,0.1408901810646057,,,,,,,,,,,,
20,8679,,0.008820224553346634,,0.0,,0.13382501900196075,,0.0,,0.0,,,0.0,0.0,,0.0014101786073297262,,0.15209251642227173,,0.005384152755141258,,0.0,,0.1507660448551178,,,,,,,,,,,,
20,8689,,0.010684497654438019,,0.0,,0.13231484591960907,,0.0,,0.0,,,0.0,0.0,,0.002418806543573737,,0.14961743354797363,,0.0023608491756021976,,0.0,,0.14869822561740875,,,,,,,,,,,,
20,8699,,0.01518921833485365,,0.0,,0.1401992291212082,,0.0,,0.0,,,0.0,0.0,,0.0033002158161252737,,0.15239238739013672,,0.004060524515807629,,0.0,,0.15757080912590027,,,,,,,,,,,,
20,8709,,0.011674270033836365,,0.0,,0.13326343894004822,,0.0,,0.0,,,0.0,0.0,,0.002963077276945114,,0.14875420928001404,,0.0050280229188501835,,0.0,,0.15084150433540344,,,,,,,,,,,,
20,8719,,0.015998419374227524,,0.0,,0.13413292169570923,,0.0,,0.0,,,0.0,0.0,,0.003947204910218716,,0.15063410997390747,,0.0030818607192486525,,0.0,,0.1538972556591034,,,,,,,,,,,,
20,8729,,0.008534537628293037,,0.0,,0.11972802132368088,,0.0,,0.0,,,0.0,0.0,,0.0015401728451251984,,0.14804983139038086,,0.005492158699780703,,0.0,,0.14167237281799316,,,,,,,,,,,,
20,8739,,0.010151275433599949,,0.0,,0.10487601906061172,,0.0,,0.0,,,0.0,0.0,,0.0023625025060027838,,0.15199095010757446,,0.003053600201383233,,0.0,,0.1362171620130539,,,,,,,,,,,,
20,8749,,0.011869426816701889,,0.0,,0.1433190554380417,,0.0,,0.0,,,0.0,0.0,,0.002065325155854225,,0.15006104111671448,,0.0031226009596139193,,0.0,,0.1552187204360962,,,,,,,,,,,,
20,8759,,0.00987006351351738,,0.0,,0.1464906930923462,,0.0,,0.0,,,0.0,0.0,,0.002214837819337845,,0.14841660857200623,,0.007755027152597904,,0.0,,0.15737362205982208,,,,,,,,,,,,
20,8769,,0.00953865796327591,,0.0,,0.12893927097320557,,0.0,,0.0,,,0.0,0.0,,0.0020471089519560337,,0.1491793990135193,,0.0035149368923157454,,0.0,,0.14660969376564026,,,,,,,,,,,,
20,8779,,0.009686129167675972,,0.0,,0.1291942000389099,,0.0,,0.0,,,0.0,0.0,,0.00252937083132565,,0.14824587106704712,,0.005245909094810486,,0.0,,0.1474507451057434,,,,,,,,,,,,
20,8789,,0.01125642191618681,,0.0,,0.13391658663749695,,0.0,,0.0,,,0.0,0.0,,0.0020886952988803387,,0.1492583006620407,,0.0022505419328808784,,0.0,,0.1493852734565735,,,,,,,,,,,,
20,8799,,0.014219339936971664,,0.0,,0.13380423188209534,,0.0,,0.0,,,0.0,0.0,,0.0024468214251101017,,0.1497001051902771,,0.00505369808524847,,0.0,,0.15261210501194,,,,,,,,,,,,
20,8809,,0.00940745510160923,,0.0,,0.12809261679649353,,0.0,,0.0,,,0.0,0.0,,0.0022724121809005737,,0.1471552848815918,,0.0037411127705127,,0.0,,0.14533443748950958,,,,,,,,,,,,
20,8819,,0.010304160416126251,,0.0,,0.13512100279331207,,0.0,,0.0,,,0.0,0.0,,0.004623583517968655,,0.14864493906497955,,0.0059336400590837,,0.0,,0.15231366455554962,,,,,,,,,,,,
20,8829,,0.010154053568840027,,0.0,,0.12883295118808746,,0.0,,0.0,,,0.0,0.0,,0.0020878552459180355,,0.14910045266151428,,0.0023393677547574043,,0.0,,0.14625735580921173,,,,,,,,,,,,
20,8839,,0.013099373318254948,,0.0,,0.13318324089050293,,0.0,,0.0,,,0.0,0.0,,0.0032069459557533264,,0.14990469813346863,,0.006277978885918856,,0.0,,0.15283611416816711,,,,,,,,,,,,
20,8849,,0.011309197172522545,,0.0,,0.12544579803943634,,0.0,,0.0,,,0.0,0.0,,0.002082989551126957,,0.14889585971832275,,0.003566093510016799,,0.0,,0.1456499695777893,,,,,,,,,,,,
20,8859,,0.009005848318338394,,0.0,,0.13416671752929688,,0.0,,0.0,,,0.0,0.0,,0.0017300641629844904,,0.14930479228496552,,0.0033163668122142553,,0.0,,0.14876189827919006,,,,,,,,,,,,
20,8861,,,,,,,,,,,,,,,,,,,,,,,,,0.10261114686727524,0.0,0.40879571437835693,0.0,0.0,0.0,0.0,0.05655109882354736,0.2603175938129425,0.010176734998822212,0.0,0.41922616958618164
20,8861,0.010987871326506138,,0.0,,0.13145455718040466,,0.0,,0.0,,0.0,0.0,,,0.002498857444152236,,0.14829273521900177,,0.004403004888445139,,0.0,,0.14881852269172668,,,,,,,,,,,,,
21,8869,,0.009757458232343197,,0.0,,0.1239154189825058,,0.0,,0.0,,,0.0,0.0,,0.0028820380102843046,,0.14857928454875946,,0.0029994016513228416,,0.0,,0.14406679570674896,,,,,,,,,,,,
21,8879,,0.01076128613203764,,0.0,,0.12476584315299988,,0.0,,0.0,,,0.0,0.0,,0.00284049054607749,,0.14666078984737396,,0.00420746672898531,,0.0,,0.1446179300546646,,,,,,,,,,,,
21,8889,,0.010369310155510902,,0.0,,0.12301932275295258,,0.0,,0.0,,,0.0,0.0,,0.0018343247938901186,,0.14797121286392212,,0.004218506161123514,,0.0,,0.14370635151863098,,,,,,,,,,,,
21,8899,,0.008891670033335686,,0.0,,0.11688659340143204,,0.0,,0.0,,,0.0,0.0,,0.0019782991148531437,,0.14891666173934937,,0.0044095772318542,,0.0,,0.14054140448570251,,,,,,,,,,,,
21,8909,,0.009623607620596886,,0.0,,0.12345491349697113,,0.0,,0.0,,,0.0,0.0,,0.0018095746636390686,,0.14880576729774475,,0.0030282505322247744,,0.0,,0.14336104691028595,,,,,,,,,,,,
21,8919,,0.0080350860953331,,0.0,,0.11712387949228287,,0.0,,0.0,,,0.0,0.0,,0.0012875519460067153,,0.14538264274597168,,0.004534499254077673,,0.0,,0.13818183541297913,,,,,,,,,,,,
21,8929,,0.00966038927435875,,0.0,,0.13342487812042236,,0.0,,0.0,,,0.0,0.0,,0.0024129420053213835,,0.1475006639957428,,0.0025416233111172915,,0.0,,0.1477702558040619,,,,,,,,,,,,
21,8939,,0.010002541355788708,,0.0,,0.12946397066116333,,0.0,,0.0,,,0.0,0.0,,0.0016628187149763107,,0.14818015694618225,,0.0019429371459409595,,0.0,,0.1456262171268463,,,,,,,,,,,,
21,8949,,0.007696917280554771,,0.0,,0.128496453166008,,0.0,,0.0,,,0.0,0.0,,0.0020181466825306416,,0.1447305977344513,,0.0029396172612905502,,0.0,,0.14294086396694183,,,,,,,,,,,,
21,8959,,0.008258027955889702,,0.0,,0.12279395759105682,,0.0,,0.0,,,0.0,0.0,,0.0015903636813163757,,0.1460850089788437,,0.005471178330481052,,0.0,,0.1420992612838745,,,,,,,,,,,,
21,8969,,0.00847637839615345,,0.0,,0.1304904967546463,,0.0,,0.0,,,0.0,0.0,,0.0015104621415957808,,0.1491272896528244,,0.0020695975981652737,,0.0,,0.14583711326122284,,,,,,,,,,,,
21,8979,,0.008843142539262772,,0.0,,0.12027422338724136,,0.0,,0.0,,,0.0,0.0,,0.001711054239422083,,0.14780110120773315,,0.005924725439399481,,0.0,,0.14227712154388428,,,,,,,,,,,,
21,8989,,0.012846607714891434,,0.0,,0.13925416767597198,,0.0,,0.0,,,0.0,0.0,,0.0024353615008294582,,0.1503800004720688,,0.0025438498705625534,,0.0,,0.15372999012470245,,,,,,,,,,,,
21,8999,,0.009483673609793186,,0.0,,0.1261872500181198,,0.0,,0.0,,,0.0,0.0,,0.0019326349720358849,,0.14838984608650208,,0.0035920448135584593,,0.0,,0.14479270577430725,,,,,,,,,,,,
21,9009,,0.011824293993413448,,0.0,,0.13634927570819855,,0.0,,0.0,,,0.0,0.0,,0.0020505054853856564,,0.14953044056892395,,0.004609046038240194,,0.0,,0.15218178927898407,,,,,,,,,,,,
21,9019,,0.009604033082723618,,0.0,,0.13730530440807343,,0.0,,0.0,,,0.0,0.0,,0.0016675138613209128,,0.14853966236114502,,0.004050599876791239,,0.0,,0.15058356523513794,,,,,,,,,,,,
21,9029,,0.011898819357156754,,0.0,,0.1325591802597046,,0.0,,0.0,,,0.0,0.0,,0.0021747981663793325,,0.1485433280467987,,0.003129481105133891,,0.0,,0.14915280044078827,,,,,,,,,,,,
21,9039,,0.00932763610035181,,0.0,,0.13152486085891724,,0.0,,0.0,,,0.0,0.0,,0.001463425811380148,,0.14901801943778992,,0.004797360394150019,,0.0,,0.14806565642356873,,,,,,,,,,,,
21,9049,,0.012863144278526306,,0.0,,0.12543128430843353,,0.0,,0.0,,,0.0,0.0,,0.003255713265389204,,0.14806252717971802,,0.004894010256975889,,0.0,,0.1472533643245697,,,,,,,,,,,,
21,9059,,0.011532542295753956,,0.0,,0.12479976564645767,,0.0,,0.0,,,0.0,0.0,,0.00300819193944335,,0.1475694477558136,,0.007356715388596058,,0.0,,0.14713332056999207,,,,,,,,,,,,
21,9069,,0.010478593409061432,,0.0,,0.1312466710805893,,0.0,,0.0,,,0.0,0.0,,0.0028329328633844852,,0.14271900057792664,,0.005972805432975292,,0.0,,0.14662498235702515,,,,,,,,,,,,
21,9079,,0.010459525510668755,,0.0,,0.1321595460176468,,0.0,,0.0,,,0.0,0.0,,0.0024199229665100574,,0.14760394394397736,,0.0041866302490234375,,0.0,,0.14841477572917938,,,,,,,,,,,,
21,9089,,0.0110108507797122,,0.0,,0.13076791167259216,,0.0,,0.0,,,0.0,0.0,,0.0023282207548618317,,0.1467810869216919,,0.0058850510977208614,,0.0,,0.14838656783103943,,,,,,,,,,,,
21,9099,,0.00940764881670475,,0.0,,0.13205793499946594,,0.0,,0.0,,,0.0,0.0,,0.0019512639846652746,,0.1464320719242096,,0.005650449078530073,,0.0,,0.14774969220161438,,,,,,,,,,,,
21,9109,,0.013292284682393074,,0.0,,0.1402994841337204,,0.0,,0.0,,,0.0,0.0,,0.0038258894346654415,,0.14777255058288574,,0.0032991799525916576,,0.0,,0.15424470603466034,,,,,,,,,,,,
21,9119,,0.016364526003599167,,0.0,,0.13572975993156433,,0.0,,0.0,,,0.0,0.0,,0.003063010051846504,,0.14892317354679108,,0.002934239571914077,,0.0,,0.15350736677646637,,,,,,,,,,,,
21,9129,,0.012944302521646023,,0.0,,0.12840306758880615,,0.0,,0.0,,,0.0,0.0,,0.0026672761887311935,,0.15079215168952942,,0.0033530951477587223,,0.0,,0.14907994866371155,,,,,,,,,,,,
21,9139,,0.010395578108727932,,0.0,,0.1339818835258484,,0.0,,0.0,,,0.0,0.0,,0.0026898838113993406,,0.14717577397823334,,0.002465325640514493,,0.0,,0.14835424721240997,,,,,,,,,,,,
21,9149,,0.011112019419670105,,0.0,,0.12622322142124176,,0.0,,0.0,,,0.0,0.0,,0.0017459684750065207,,0.14646929502487183,,0.004140187986195087,,0.0,,0.14484535157680511,,,,,,,,,,,,
21,9159,,0.01767662540078163,,0.0,,0.15832224488258362,,0.0,,0.0,,,0.0,0.0,,0.0034598743077367544,,0.15433908998966217,,0.005436840001493692,,0.0,,0.16961733996868134,,,,,,,,,,,,
21,9169,,0.012024201452732086,,0.0,,0.1311841458082199,,0.0,,0.0,,,0.0,0.0,,0.002009062562137842,,0.14914146065711975,,0.005150382872670889,,0.0,,0.1497546136379242,,,,,,,,,,,,
21,9179,,0.009292981587350368,,0.0,,0.1260174810886383,,0.0,,0.0,,,0.0,0.0,,0.0020004832185804844,,0.14779093861579895,,0.009939588606357574,,0.0,,0.1475207358598709,,,,,,,,,,,,
21,9189,,0.00959564745426178,,0.0,,0.14405757188796997,,0.0,,0.0,,,0.0,0.0,,0.004253072664141655,,0.14721807837486267,,0.007836433127522469,,0.0,,0.15648040175437927,,,,,,,,,,,,
21,9199,,0.011151108890771866,,0.0,,0.1418071985244751,,0.0,,0.0,,,0.0,0.0,,0.002449287800118327,,0.1482742726802826,,0.003882982535287738,,0.0,,0.1537824124097824,,,,,,,,,,,,
21,9209,,0.008059761486947536,,0.0,,0.12457127124071121,,0.0,,0.0,,,0.0,0.0,,0.0036552040837705135,,0.14753049612045288,,0.001864954479970038,,0.0,,0.14284083247184753,,,,,,,,,,,,
21,9219,,0.011021427810192108,,0.0,,0.1292557567358017,,0.0,,0.0,,,0.0,0.0,,0.002228821162134409,,0.14636823534965515,,0.003346413839608431,,0.0,,0.14611032605171204,,,,,,,,,,,,
21,9229,,0.012961064465343952,,0.0,,0.13949519395828247,,0.0,,0.0,,,0.0,0.0,,0.002424257341772318,,0.14945051074028015,,0.0032748847734183073,,0.0,,0.15380296111106873,,,,,,,,,,,,
21,9239,,0.00833381898701191,,0.0,,0.13170796632766724,,0.0,,0.0,,,0.0,0.0,,0.0025168191641569138,,0.1467069685459137,,0.0043913754634559155,,0.0,,0.14682847261428833,,,,,,,,,,,,
21,9249,,0.009715304709970951,,0.0,,0.11990831792354584,,0.0,,0.0,,,0.0,0.0,,0.0019163182005286217,,0.14900290966033936,,0.0046581909991800785,,0.0,,0.14260053634643555,,,,,,,,,,,,
21,9259,,0.009671379812061787,,0.0,,0.11614693701267242,,0.0,,0.0,,,0.0,0.0,,0.0018157213926315308,,0.14753413200378418,,0.0034151263535022736,,0.0,,0.1392916589975357,,,,,,,,,,,,
21,9269,,0.013442267663776875,,0.0,,0.12773798406124115,,0.0,,0.0,,,0.0,0.0,,0.0025710132904350758,,0.15258988738059998,,0.004645403008908033,,0.0,,0.15049327909946442,,,,,,,,,,,,
21,9279,,0.014420555904507637,,0.0,,0.14802204072475433,,0.0,,0.0,,,0.0,0.0,,0.003534363117069006,,0.1511572301387787,,0.008867621421813965,,0.0,,0.1630009114742279,,,,,,,,,,,,
21,9283,,,,,,,,,,,,,,,,,,,,,,,,,0.10285364091396332,0.0,0.40898075699806213,0.0,0.0,0.0,0.0,0.05801020935177803,0.25811442732810974,0.01021446194499731,0.0,0.419086754322052
21,9283,0.010897335596382618,,0.0,,0.12998269498348236,,0.0,,0.0,,0.0,0.0,,,0.0023570996709167957,,0.148080974817276,,0.004327612929046154,,0.0,,0.14782285690307617,,,,,,,,,,,,,
22,9289,,0.0119505375623703,,0.0,,0.12823444604873657,,0.0,,0.0,,,0.0,0.0,,0.005306558683514595,,0.14998909831047058,,0.0036993722897022963,,0.0,,0.14959000051021576,,,,,,,,,,,,
22,9299,,0.011733584105968475,,0.0,,0.12042458355426788,,0.0,,0.0,,,0.0,0.0,,0.004255745559930801,,0.14619173109531403,,0.002886349568143487,,0.0,,0.1427460014820099,,,,,,,,,,,,
22,9309,,0.007896959781646729,,0.0,,0.1183665320277214,,0.0,,0.0,,,0.0,0.0,,0.0015942405443638563,,0.1480497270822525,,0.0018191828858107328,,0.0,,0.13886332511901855,,,,,,,,,,,,
22,9319,,0.009046453051269054,,0.0,,0.11322159320116043,,0.0,,0.0,,,0.0,0.0,,0.001590039930306375,,0.1510009765625,,0.002925529144704342,,0.0,,0.1388922929763794,,,,,,,,,,,,
22,9329,,0.011181003414094448,,0.0,,0.12417741864919662,,0.0,,0.0,,,0.0,0.0,,0.002048771595582366,,0.1477360725402832,,0.00643169553950429,,0.0,,0.14578747749328613,,,,,,,,,,,,
22,9339,,0.011279442347586155,,0.0,,0.1386810839176178,,0.0,,0.0,,,0.0,0.0,,0.001794637180864811,,0.14883190393447876,,0.0032266646157950163,,0.0,,0.15190686285495758,,,,,,,,,,,,
22,9349,,0.008838659152388573,,0.0,,0.11656787991523743,,0.0,,0.0,,,0.0,0.0,,0.0034703572746366262,,0.14709240198135376,,0.004013285506516695,,0.0,,0.13999129831790924,,,,,,,,,,,,
22,9359,,0.010927189141511917,,0.0,,0.13416439294815063,,0.0,,0.0,,,0.0,0.0,,0.0026866018306463957,,0.1493617296218872,,0.002642739564180374,,0.0,,0.14989133179187775,,,,,,,,,,,,
22,9369,,0.008883466944098473,,0.0,,0.1185583546757698,,0.0,,0.0,,,0.0,0.0,,0.001384259550832212,,0.14811211824417114,,0.004489393439143896,,0.0,,0.14071379601955414,,,,,,,,,,,,
22,9379,,0.014761822298169136,,0.0,,0.1407216340303421,,0.0,,0.0,,,0.0,0.0,,0.0029158908873796463,,0.1494852751493454,,0.0034435547422617674,,0.0,,0.1556641012430191,,,,,,,,,,,,
22,9389,,0.012872787192463875,,0.0,,0.13560201227664948,,0.0,,0.0,,,0.0,0.0,,0.003503029700368643,,0.1501140296459198,,0.0030961420852690935,,0.0,,0.15259400010108948,,,,,,,,,,,,
22,9399,,0.008770893327891827,,0.0,,0.12934991717338562,,0.0,,0.0,,,0.0,0.0,,0.0023729458916932344,,0.1474568247795105,,0.005085819400846958,,0.0,,0.14651820063591003,,,,,,,,,,,,
22,9409,,0.014437825419008732,,0.0,,0.1509072184562683,,0.0,,0.0,,,0.0,0.0,,0.0036786131095141172,,0.14641863107681274,,0.0036931950598955154,,0.0,,0.15956774353981018,,,,,,,,,,,,
22,9419,,0.007537140045315027,,0.0,,0.11550994217395782,,0.0,,0.0,,,0.0,0.0,,0.0017145478632301092,,0.1454697549343109,,0.005246354267001152,,0.0,,0.13773886859416962,,,,,,,,,,,,
22,9429,,0.009066322818398476,,0.0,,0.12405917048454285,,0.0,,0.0,,,0.0,0.0,,0.00189395050983876,,0.14645898342132568,,0.0035245090257376432,,0.0,,0.14250145852565765,,,,,,,,,,,,
22,9439,,0.012521723285317421,,0.0,,0.12490061670541763,,0.0,,0.0,,,0.0,0.0,,0.0023488232400268316,,0.14715176820755005,,0.0038978143129497766,,0.0,,0.14541035890579224,,,,,,,,,,,,
22,9449,,0.011161105707287788,,0.0,,0.12704794108867645,,0.0,,0.0,,,0.0,0.0,,0.002304315334185958,,0.14453372359275818,,0.003957642242312431,,0.0,,0.14450235664844513,,,,,,,,,,,,
22,9459,,0.00866866298019886,,0.0,,0.12818558514118195,,0.0,,0.0,,,0.0,0.0,,0.002119661308825016,,0.14595431089401245,,0.0026909224689006805,,0.0,,0.14380955696105957,,,,,,,,,,,,
22,9469,,0.010564569383859634,,0.0,,0.13231584429740906,,0.0,,0.0,,,0.0,0.0,,0.0026749453973025084,,0.1469351351261139,,0.0047926451079547405,,0.0,,0.14864155650138855,,,,,,,,,,,,
22,9479,,0.009659787639975548,,0.0,,0.1152353510260582,,0.0,,0.0,,,0.0,0.0,,0.0019575327169150114,,0.14412018656730652,,0.0026273722760379314,,0.0,,0.1368001252412796,,,,,,,,,,,,
22,9489,,0.01154729351401329,,0.0,,0.12578564882278442,,0.0,,0.0,,,0.0,0.0,,0.0022639138624072075,,0.14735031127929688,,0.005462800618261099,,0.0,,0.14620497822761536,,,,,,,,,,,,
22,9499,,0.007509350776672363,,0.0,,0.12471030652523041,,0.0,,0.0,,,0.0,0.0,,0.0017566175665706396,,0.14765530824661255,,0.003741714172065258,,0.0,,0.1426866501569748,,,,,,,,,,,,
22,9509,,0.010085323825478554,,0.0,,0.12827008962631226,,0.0,,0.0,,,0.0,0.0,,0.0018594141583889723,,0.15026991069316864,,0.0026781237684190273,,0.0,,0.14658144116401672,,,,,,,,,,,,
22,9519,,0.012719860300421715,,0.0,,0.13937072455883026,,0.0,,0.0,,,0.0,0.0,,0.002349540125578642,,0.1499708741903305,,0.004454480018466711,,0.0,,0.1544327437877655,,,,,,,,,,,,
22,9529,,0.013002762570977211,,0.0,,0.1271710842847824,,0.0,,0.0,,,0.0,0.0,,0.004206020385026932,,0.15040180087089539,,0.004545568488538265,,0.0,,0.14966361224651337,,,,,,,,,,,,
22,9539,,0.013150986284017563,,0.0,,0.13714411854743958,,0.0,,0.0,,,0.0,0.0,,0.003145222319290042,,0.1503143012523651,,0.0025897384621202946,,0.0,,0.15317218005657196,,,,,,,,,,,,
22,9549,,0.013424442149698734,,0.0,,0.12743453681468964,,0.0,,0.0,,,0.0,0.0,,0.003159035462886095,,0.14580349624156952,,0.002172006294131279,,0.0,,0.14599676430225372,,,,,,,,,,,,
22,9559,,0.007655112072825432,,0.0,,0.12385547161102295,,0.0,,0.0,,,0.0,0.0,,0.0012799317482858896,,0.1486777663230896,,0.002621845342218876,,0.0,,0.1420450657606125,,,,,,,,,,,,
22,9569,,0.012819881550967693,,0.0,,0.12636542320251465,,0.0,,0.0,,,0.0,0.0,,0.0022943755611777306,,0.14924496412277222,,0.0024546196218580008,,0.0,,0.14658962190151215,,,,,,,,,,,,
22,9579,,0.009519897401332855,,0.0,,0.1332886815071106,,0.0,,0.0,,,0.0,0.0,,0.0024082146119326353,,0.14432457089424133,,0.005900616757571697,,0.0,,0.14772099256515503,,,,,,,,,,,,
22,9589,,0.01049342192709446,,0.0,,0.1250630021095276,,0.0,,0.0,,,0.0,0.0,,0.002263833535835147,,0.143905907869339,,0.0038264759350568056,,0.0,,0.14277632534503937,,,,,,,,,,,,
22,9599,,0.010076664388179779,,0.0,,0.12266460806131363,,0.0,,0.0,,,0.0,0.0,,0.002405335195362568,,0.14851072430610657,,0.003366967663168907,,0.0,,0.14351215958595276,,,,,,,,,,,,
22,9609,,0.01179569773375988,,0.0,,0.12496109306812286,,0.0,,0.0,,,0.0,0.0,,0.00286490423604846,,0.15172429382801056,,0.004143101628869772,,0.0,,0.1477445363998413,,,,,,,,,,,,
22,9619,,0.011188297532498837,,0.0,,0.13183176517486572,,0.0,,0.0,,,0.0,0.0,,0.00214400514960289,,0.15085557103157043,,0.0038654920645058155,,0.0,,0.1499425619840622,,,,,,,,,,,,
22,9629,,0.013260552659630775,,0.0,,0.12394388020038605,,0.0,,0.0,,,0.0,0.0,,0.0030889525078237057,,0.1457432210445404,,0.007597398944199085,,0.0,,0.14681699872016907,,,,,,,,,,,,
22,9639,,0.010196450166404247,,0.0,,0.1414436548948288,,0.0,,0.0,,,0.0,0.0,,0.0017744957003742456,,0.14902657270431519,,0.005153621546924114,,0.0,,0.15379740297794342,,,,,,,,,,,,
22,9649,,0.008084936067461967,,0.0,,0.11677351593971252,,0.0,,0.0,,,0.0,0.0,,0.0015007791807875037,,0.14610520005226135,,0.0030845394358038902,,0.0,,0.1377744823694229,,,,,,,,,,,,
22,9659,,0.012544550932943821,,0.0,,0.13545234501361847,,0.0,,0.0,,,0.0,0.0,,0.0025063897483050823,,0.14904433488845825,,0.0031815364491194487,,0.0,,0.15136456489562988,,,,,,,,,,,,
22,9669,,0.013129515573382378,,0.0,,0.1296507865190506,,0.0,,0.0,,,0.0,0.0,,0.0032272646203637123,,0.14446870982646942,,0.006857678759843111,,0.0,,0.14866697788238525,,,,,,,,,,,,
22,9679,,0.009540027938783169,,0.0,,0.12895448505878448,,0.0,,0.0,,,0.0,0.0,,0.0019305222667753696,,0.14910466969013214,,0.008693654090166092,,0.0,,0.14911168813705444,,,,,,,,,,,,
22,9689,,0.010389363393187523,,0.0,,0.12523825466632843,,0.0,,0.0,,,0.0,0.0,,0.002122066682204604,,0.14589811861515045,,0.005028433166444302,,0.0,,0.14433811604976654,,,,,,,,,,,,
22,9699,,0.01272893138229847,,0.0,,0.138441264629364,,0.0,,0.0,,,0.0,0.0,,0.002855801722034812,,0.14821487665176392,,0.0034246828872710466,,0.0,,0.1528327763080597,,,,,,,,,,,,
22,9705,,,,,,,,,,,,,,,,,,,,,,,,,0.09965680539608002,0.0,0.40312841534614563,0.0,0.0,0.0,0.0,0.05417475476861,0.25116658210754395,0.00991432461887598,0.0,0.40902039408683777
22,9705,0.010751321911811829,,0.0,,0.12743397057056427,,0.0,,0.0,,0.0,0.0,,,0.0023175880778580904,,0.1478545218706131,,0.004233477637171745,,0.0,,0.14629535377025604,,,,,,,,,,,,,
23,9709,,0.010226856917142868,,0.0,,0.1441030502319336,,0.0,,0.0,,,0.0,0.0,,0.002083047991618514,,0.14814089238643646,,0.006086313631385565,,0.0,,0.15532007813453674,,,,,,,,,,,,
23,9719,,0.007850531488656998,,0.0,,0.11516272276639938,,0.0,,0.0,,,0.0,0.0,,0.002115863375365734,,0.146501362323761,,0.004639571998268366,,0.0,,0.13813503086566925,,,,,,,,,,,,
23,9729,,0.008832434192299843,,0.0,,0.12367544323205948,,0.0,,0.0,,,0.0,0.0,,0.0019460227340459824,,0.14617851376533508,,0.004007323645055294,,0.0,,0.14231985807418823,,,,,,,,,,,,
23,9739,,0.008974435739219189,,0.0,,0.1259569227695465,,0.0,,0.0,,,0.0,0.0,,0.0039811390452086926,,0.1487835794687271,,0.004081781953573227,,0.0,,0.14588893949985504,,,,,,,,,,,,
23,9749,,0.007761717773973942,,0.0,,0.13398322463035583,,0.0,,0.0,,,0.0,0.0,,0.0012354209320619702,,0.14560648798942566,,0.007328154984861612,,0.0,,0.14795750379562378,,,,,,,,,,,,
23,9759,,0.007072914857417345,,0.0,,0.11075405776500702,,0.0,,0.0,,,0.0,0.0,,0.0013233593199402094,,0.14606308937072754,,0.0014190970687195659,,0.0,,0.1333162784576416,,,,,,,,,,,,
23,9769,,0.008780201897025108,,0.0,,0.1236325204372406,,0.0,,0.0,,,0.0,0.0,,0.0018193561118096113,,0.14596471190452576,,0.005068752449005842,,0.0,,0.14263276755809784,,,,,,,,,,,,
23,9779,,0.015444994904100895,,0.0,,0.1300443559885025,,0.0,,0.0,,,0.0,0.0,,0.0033295094035565853,,0.14962732791900635,,0.003507716581225395,,0.0,,0.15097694098949432,,,,,,,,,,,,
23,9789,,0.010456159710884094,,0.0,,0.12831006944179535,,0.0,,0.0,,,0.0,0.0,,0.001439610030502081,,0.14737288653850555,,0.0043358467519283295,,0.0,,0.14595729112625122,,,,,,,,,,,,
23,9799,,0.00772166159003973,,0.0,,0.12142011523246765,,0.0,,0.0,,,0.0,0.0,,0.0022616004571318626,,0.144717276096344,,0.004133010748773813,,0.0,,0.14012683928012848,,,,,,,,,,,,
23,9809,,0.009536944329738617,,0.0,,0.12299422174692154,,0.0,,0.0,,,0.0,0.0,,0.0020539667457342148,,0.1450626254081726,,0.003354446031153202,,0.0,,0.14150111377239227,,,,,,,,,,,,
23,9819,,0.010387951508164406,,0.0,,0.12218498438596725,,0.0,,0.0,,,0.0,0.0,,0.0019083123188465834,,0.15124651789665222,,0.007317203097045422,,0.0,,0.14652249217033386,,,,,,,,,,,,
23,9829,,0.011185558512806892,,0.0,,0.13825266063213348,,0.0,,0.0,,,0.0,0.0,,0.0022370086517184973,,0.14769992232322693,,0.0018382275011390448,,0.0,,0.1506066918373108,,,,,,,,,,,,
23,9839,,0.006777902599424124,,0.0,,0.11939255893230438,,0.0,,0.0,,,0.0,0.0,,0.001724153058603406,,0.146258145570755,,0.0027013029903173447,,0.0,,0.1384270340204239,,,,,,,,,,,,
23,9849,,0.01316573191434145,,0.0,,0.12622368335723877,,0.0,,0.0,,,0.0,0.0,,0.00255376473069191,,0.14709703624248505,,0.005188153591006994,,0.0,,0.14711420238018036,,,,,,,,,,,,
23,9859,,0.0115516884252429,,0.0,,0.12295228242874146,,0.0,,0.0,,,0.0,0.0,,0.0025260094553232193,,0.1488855630159378,,0.003490356495603919,,0.0,,0.1447029411792755,,,,,,,,,,,,
23,9869,,0.010280897840857506,,0.0,,0.12376848608255386,,0.0,,0.0,,,0.0,0.0,,0.002554627601057291,,0.14858761429786682,,0.004198248498141766,,0.0,,0.14469493925571442,,,,,,,,,,,,
23,9879,,0.010664908215403557,,0.0,,0.13432298600673676,,0.0,,0.0,,,0.0,0.0,,0.002704974263906479,,0.14907187223434448,,0.004434318747371435,,0.0,,0.15059953927993774,,,,,,,,,,,,
23,9889,,0.00680385110899806,,0.0,,0.11356832087039948,,0.0,,0.0,,,0.0,0.0,,0.001126363524235785,,0.14860260486602783,,0.0031161177903413773,,0.0,,0.13660861551761627,,,,,,,,,,,,
23,9899,,0.006736059673130512,,0.0,,0.12013176828622818,,0.0,,0.0,,,0.0,0.0,,0.0014131611678749323,,0.14495721459388733,,0.002920775208622217,,0.0,,0.13807949423789978,,,,,,,,,,,,
23,9909,,0.012903312221169472,,0.0,,0.1253940463066101,,0.0,,0.0,,,0.0,0.0,,0.0022788362111896276,,0.148833230137825,,0.0038454660680145025,,0.0,,0.14662742614746094,,,,,,,,,,,,
23,9919,,0.010609526187181473,,0.0,,0.12759101390838623,,0.0,,0.0,,,0.0,0.0,,0.0023991765920072794,,0.14821067452430725,,0.006522726267576218,,0.0,,0.1476665586233139,,,,,,,,,,,,
23,9929,,0.012211587280035019,,0.0,,0.1367855668067932,,0.0,,0.0,,,0.0,0.0,,0.002228155266493559,,0.14943349361419678,,0.004763138480484486,,0.0,,0.1527109593153,,,,,,,,,,,,
23,9939,,0.013914331793785095,,0.0,,0.13558527827262878,,0.0,,0.0,,,0.0,0.0,,0.003393173683434725,,0.15218059718608856,,0.0022243312560021877,,0.0,,0.15364885330200195,,,,,,,,,,,,
23,9949,,0.011095568537712097,,0.0,,0.13276039063930511,,0.0,,0.0,,,0.0,0.0,,0.0029731306713074446,,0.15039710700511932,,0.005053509958088398,,0.0,,0.15113985538482666,,,,,,,,,,,,
23,9959,,0.008941203355789185,,0.0,,0.12442363053560257,,0.0,,0.0,,,0.0,0.0,,0.0017890142044052482,,0.14774926006793976,,0.004269391298294067,,0.0,,0.14358624815940857,,,,,,,,,,,,
23,9969,,0.011308412998914719,,0.0,,0.13570907711982727,,0.0,,0.0,,,0.0,0.0,,0.0020012659952044487,,0.14731340110301971,,0.004619270097464323,,0.0,,0.15047569572925568,,,,,,,,,,,,
23,9979,,0.009384382516145706,,0.0,,0.12488312274217606,,0.0,,0.0,,,0.0,0.0,,0.0016655375948175788,,0.1497325301170349,,0.003230305388569832,,0.0,,0.1444479376077652,,,,,,,,,,,,
23,9989,,0.009043817408382893,,0.0,,0.11243721842765808,,0.0,,0.0,,,0.0,0.0,,0.0014866049168631434,,0.14647671580314636,,0.003757638158276677,,0.0,,0.13660098612308502,,,,,,,,,,,,
23,9999,,0.009279623627662659,,0.0,,0.12562024593353271,,0.0,,0.0,,,0.0,0.0,,0.0028052942361682653,,0.1420251429080963,,0.005558595526963472,,0.0,,0.142644464969635,,,,,,,,,,,,
23,10009,,0.011080827564001083,,0.0,,0.13072766363620758,,0.0,,0.0,,,0.0,0.0,,0.0021027105394750834,,0.14679911732673645,,0.00317976507358253,,0.0,,0.1469450443983078,,,,,,,,,,,,
23,10019,,0.008392348885536194,,0.0,,0.11947955191135406,,0.0,,0.0,,,0.0,0.0,,0.001571187749505043,,0.1441481113433838,,0.003686700714752078,,0.0,,0.1386389285326004,,,,,,,,,,,,
23,10029,,0.00863480381667614,,0.0,,0.11144070327281952,,0.0,,0.0,,,0.0,0.0,,0.001364565803669393,,0.1466788351535797,,0.002207445213571191,,0.0,,0.13516317307949066,,,,,,,,,,,,
23,10039,,0.010574597865343094,,0.0,,0.12717397511005402,,0.0,,0.0,,,0.0,0.0,,0.001661590300500393,,0.14514216780662537,,0.003927296027541161,,0.0,,0.14423982799053192,,,,,,,,,,,,
23,10049,,0.011950396001338959,,0.0,,0.1289353370666504,,0.0,,0.0,,,0.0,0.0,,0.002753953915089369,,0.14736193418502808,,0.003927888814359903,,0.0,,0.14746475219726562,,,,,,,,,,,,
23,10059,,0.010956725105643272,,0.0,,0.12241971492767334,,0.0,,0.0,,,0.0,0.0,,0.0035873844753950834,,0.14341212809085846,,0.005320900119841099,,0.0,,0.1428484320640564,,,,,,,,,,,,
23,10069,,0.007010655477643013,,0.0,,0.10766371339559555,,0.0,,0.0,,,0.0,0.0,,0.002432470675557852,,0.146188884973526,,0.004342489875853062,,0.0,,0.133819118142128,,,,,,,,,,,,
23,10079,,0.0153967859223485,,0.0,,0.13845793902873993,,0.0,,0.0,,,0.0,0.0,,0.005653334315866232,,0.1507708728313446,,0.0030787931755185127,,0.0,,0.15667884051799774,,,,,,,,,,,,
23,10089,,0.008784409612417221,,0.0,,0.12402357906103134,,0.0,,0.0,,,0.0,0.0,,0.0016719646519050002,,0.14625005424022675,,0.0041716271080076694,,0.0,,0.14245082437992096,,,,,,,,,,,,
23,10099,,0.0103020453825593,,0.0,,0.12029831111431122,,0.0,,0.0,,,0.0,0.0,,0.0017603737069293857,,0.14621496200561523,,0.00400196248665452,,0.0,,0.14128883183002472,,,,,,,,,,,,
23,10109,,0.008339677937328815,,0.0,,0.12640665471553802,,0.0,,0.0,,,0.0,0.0,,0.0019549247808754444,,0.14711616933345795,,0.008229922503232956,,0.0,,0.14602366089820862,,,,,,,,,,,,
23,10119,,0.012364033609628677,,0.0,,0.1380806267261505,,0.0,,0.0,,,0.0,0.0,,0.002046398352831602,,0.1490713506937027,,0.00859287939965725,,0.0,,0.15507765114307404,,,,,,,,,,,,
23,10127,,,,,,,,,,,,,,,,,,,,,,,,,0.10166575014591217,0.0,0.40435075759887695,0.0,0.0,0.0,0.0,0.0563831701874733,0.2529873251914978,0.010051843710243702,0.0,0.41271939873695374
23,10127,0.010613050311803818,,0.0,,0.12611961364746094,,0.0,,0.0,,0.0,0.0,,,0.0023225147742778063,,0.14765799045562744,,0.004155692178755999,,0.0,,0.1454344242811203,,,,,,,,,,,,,
24,10129,,0.011330457404255867,,0.0,,0.13058654963970184,,0.0,,0.0,,,0.0,0.0,,0.001751399482600391,,0.143728107213974,,0.004332268610596657,,0.0,,0.14586438238620758,,,,,,,,,,,,
24,10139,,0.013327334076166153,,0.0,,0.1294439435005188,,0.0,,0.0,,,0.0,0.0,,0.003259723074734211,,0.14489568769931793,,0.005619054660201073,,0.0,,0.14827285706996918,,,,,,,,,,,,
24,10149,,0.01352591160684824,,0.0,,0.13725043833255768,,0.0,,0.0,,,0.0,0.0,,0.002320696599781513,,0.14946073293685913,,0.0032521779648959637,,0.0,,0.15290497243404388,,,,,,,,,,,,
24,10159,,0.008807357400655746,,0.0,,0.11762919276952744,,0.0,,0.0,,,0.0,0.0,,0.0018193949945271015,,0.14640623331069946,,0.005387104116380215,,0.0,,0.14002464711666107,,,,,,,,,,,,
24,10169,,0.0065837763249874115,,0.0,,0.11062002927064896,,0.0,,0.0,,,0.0,0.0,,0.00123343407176435,,0.14417427778244019,,0.005329130217432976,,0.0,,0.13397032022476196,,,,,,,,,,,,
24,10179,,0.008527235127985477,,0.0,,0.12183280289173126,,0.0,,0.0,,,0.0,0.0,,0.0014286390505731106,,0.14930923283100128,,0.006179470103234053,,0.0,,0.1436387002468109,,,,,,,,,,,,
24,10189,,0.012162046507000923,,0.0,,0.1154119148850441,,0.0,,0.0,,,0.0,0.0,,0.0019852416589856148,,0.14769458770751953,,0.005251609720289707,,0.0,,0.14125271141529083,,,,,,,,,,,,
24,10199,,0.009242124855518341,,0.0,,0.12433543056249619,,0.0,,0.0,,,0.0,0.0,,0.0018236369360238314,,0.14997945725917816,,0.005268007516860962,,0.0,,0.14532431960105896,,,,,,,,,,,,
24,10209,,0.010499242693185806,,0.0,,0.12674742937088013,,0.0,,0.0,,,0.0,0.0,,0.001868422026745975,,0.14912086725234985,,0.007610738277435303,,0.0,,0.14792335033416748,,,,,,,,,,,,
24,10219,,0.008124837651848793,,0.0,,0.11917585879564285,,0.0,,0.0,,,0.0,0.0,,0.0011061152908951044,,0.14755281805992126,,0.0031214472837746143,,0.0,,0.13954052329063416,,,,,,,,,,,,
24,10229,,0.010922092944383621,,0.0,,0.11559716612100601,,0.0,,0.0,,,0.0,0.0,,0.002639553975313902,,0.14971157908439636,,0.004079827573150396,,0.0,,0.141475111246109,,,,,,,,,,,,
24,10239,,0.009921682067215443,,0.0,,0.1301664113998413,,0.0,,0.0,,,0.0,0.0,,0.0019593099132180214,,0.14411970973014832,,0.0036735946778208017,,0.0,,0.14492034912109375,,,,,,,,,,,,
24,10249,,0.00971778854727745,,0.0,,0.12025035917758942,,0.0,,0.0,,,0.0,0.0,,0.0015845828456804156,,0.1496628224849701,,0.002080424688756466,,0.0,,0.14164799451828003,,,,,,,,,,,,
24,10259,,0.007889863103628159,,0.0,,0.11837104707956314,,0.0,,0.0,,,0.0,0.0,,0.0020270156674087048,,0.14472298324108124,,0.0029591249767690897,,0.0,,0.1379850208759308,,,,,,,,,,,,
24,10269,,0.009205551818013191,,0.0,,0.11830919981002808,,0.0,,0.0,,,0.0,0.0,,0.002862687688320875,,0.1469445675611496,,0.003670372301712632,,0.0,,0.14049619436264038,,,,,,,,,,,,
24,10279,,0.012114487588405609,,0.0,,0.10955064743757248,,0.0,,0.0,,,0.0,0.0,,0.0018188314279541373,,0.14637334644794464,,0.0029190010391175747,,0.0,,0.1363881528377533,,,,,,,,,,,,
24,10289,,0.008581334725022316,,0.0,,0.12046021968126297,,0.0,,0.0,,,0.0,0.0,,0.0011429772712290287,,0.14626744389533997,,0.0037920004688203335,,0.0,,0.14012198150157928,,,,,,,,,,,,
24,10299,,0.010506805032491684,,0.0,,0.12142383307218552,,0.0,,0.0,,,0.0,0.0,,0.001965932548046112,,0.14475902915000916,,0.004299460910260677,,0.0,,0.1414775401353836,,,,,,,,,,,,
24,10309,,0.008360715582966805,,0.0,,0.10739633440971375,,0.0,,0.0,,,0.0,0.0,,0.001352652907371521,,0.1456601917743683,,0.0053269704803824425,,0.0,,0.13404841721057892,,,,,,,,,,,,
24,10319,,0.010360302403569221,,0.0,,0.13346600532531738,,0.0,,0.0,,,0.0,0.0,,0.0023628720082342625,,0.14883920550346375,,0.0049776178784668446,,0.0,,0.15000300109386444,,,,,,,,,,,,
24,10329,,0.011771466583013535,,0.0,,0.11424168199300766,,0.0,,0.0,,,0.0,0.0,,0.001912491163238883,,0.14785441756248474,,0.0027440087869763374,,0.0,,0.13926205039024353,,,,,,,,,,,,
24,10339,,0.006588207092136145,,0.0,,0.1086946502327919,,0.0,,0.0,,,0.0,0.0,,0.0013807057403028011,,0.14463578164577484,,0.004173352383077145,,0.0,,0.13273635506629944,,,,,,,,,,,,
24,10349,,0.008892749436199665,,0.0,,0.10558483004570007,,0.0,,0.0,,,0.0,0.0,,0.001916498877108097,,0.14548811316490173,,0.002553703961893916,,0.0,,0.13221794366836548,,,,,,,,,,,,
24,10359,,0.010502111166715622,,0.0,,0.12375595420598984,,0.0,,0.0,,,0.0,0.0,,0.0016506195534020662,,0.14720338582992554,,0.005889187566936016,,0.0,,0.14450062811374664,,,,,,,,,,,,
24,10369,,0.012019824236631393,,0.0,,0.1225658506155014,,0.0,,0.0,,,0.0,0.0,,0.0025031771510839462,,0.14921633899211884,,0.00491981441155076,,0.0,,0.14561250805854797,,,,,,,,,,,,
24,10379,,0.010402664542198181,,0.0,,0.11127906292676926,,0.0,,0.0,,,0.0,0.0,,0.002360201207920909,,0.14806251227855682,,0.0030456960666924715,,0.0,,0.13757506012916565,,,,,,,,,,,,
24,10389,,0.00660829059779644,,0.0,,0.11354958266019821,,0.0,,0.0,,,0.0,0.0,,0.0012372798519209027,,0.14446578919887543,,0.0019851713441312313,,0.0,,0.13392303884029388,,,,,,,,,,,,
24,10399,,0.008669313974678516,,0.0,,0.10565605014562607,,0.0,,0.0,,,0.0,0.0,,0.0018177287420257926,,0.14920935034751892,,0.0042128958739340305,,0.0,,0.13478267192840576,,,,,,,,,,,,
24,10409,,0.009525028988718987,,0.0,,0.11453939974308014,,0.0,,0.0,,,0.0,0.0,,0.0025082300417125225,,0.15018776059150696,,0.0026445563416928053,,0.0,,0.13970249891281128,,,,,,,,,,,,
24,10419,,0.01022879034280777,,0.0,,0.10483822971582413,,0.0,,0.0,,,0.0,0.0,,0.0017038031946867704,,0.14941027760505676,,0.004197822418063879,,0.0,,0.1351894587278366,,,,,,,,,,,,
24,10429,,0.0069839321076869965,,0.0,,0.11427461355924606,,0.0,,0.0,,,0.0,0.0,,0.0012480290606617928,,0.14811332523822784,,0.0029306826181709766,,0.0,,0.13677528500556946,,,,,,,,,,,,
24,10439,,0.008676256984472275,,0.0,,0.12077897042036057,,0.0,,0.0,,,0.0,0.0,,0.0018142934422940016,,0.14433616399765015,,0.007062492426484823,,0.0,,0.14133410155773163,,,,,,,,,,,,
24,10449,,0.010344422422349453,,0.0,,0.11477135866880417,,0.0,,0.0,,,0.0,0.0,,0.001948413671925664,,0.14777451753616333,,0.004242997616529465,,0.0,,0.13954085111618042,,,,,,,,,,,,
24,10459,,0.011596998199820518,,0.0,,0.11429288238286972,,0.0,,0.0,,,0.0,0.0,,0.0030487373005598783,,0.14667198061943054,,0.0029380605556070805,,0.0,,0.13927434384822845,,,,,,,,,,,,
24,10469,,0.009249887429177761,,0.0,,0.11379352957010269,,0.0,,0.0,,,0.0,0.0,,0.001493194024078548,,0.14568209648132324,,0.003967698197811842,,0.0,,0.1370932012796402,,,,,,,,,,,,
24,10479,,0.008149171248078346,,0.0,,0.11834503710269928,,0.0,,0.0,,,0.0,0.0,,0.0018337633227929473,,0.1472613513469696,,0.0026430157013237476,,0.0,,0.13911618292331696,,,,,,,,,,,,
24,10489,,0.012102467939257622,,0.0,,0.10755514353513718,,0.0,,0.0,,,0.0,0.0,,0.002043957356363535,,0.1475600302219391,,0.002965751336887479,,0.0,,0.13611367344856262,,,,,,,,,,,,
24,10499,,0.008513476699590683,,0.0,,0.11471542716026306,,0.0,,0.0,,,0.0,0.0,,0.003569527994841337,,0.1501942127943039,,0.004871600307524204,,0.0,,0.1409321129322052,,,,,,,,,,,,
24,10509,,0.011404171586036682,,0.0,,0.12304123491048813,,0.0,,0.0,,,0.0,0.0,,0.0016977902268990874,,0.1500779688358307,,0.004581707064062357,,0.0,,0.14540143311023712,,,,,,,,,,,,
24,10519,,0.007468720898032188,,0.0,,0.11747543513774872,,0.0,,0.0,,,0.0,0.0,,0.001716699218377471,,0.1470542848110199,,0.004173623863607645,,0.0,,0.13894438743591309,,,,,,,,,,,,
24,10529,,0.009169663302600384,,0.0,,0.11840333044528961,,0.0,,0.0,,,0.0,0.0,,0.002884581219404936,,0.1461864411830902,,0.002273314632475376,,0.0,,0.13945867121219635,,,,,,,,,,,,
24,10539,,0.010344068519771099,,0.0,,0.12011200934648514,,0.0,,0.0,,,0.0,0.0,,0.001682306989096105,,0.14630383253097534,,0.00493570975959301,,0.0,,0.14168895781040192,,,,,,,,,,,,
24,10549,,0.007880741730332375,,0.0,,0.11865454167127609,,0.0,,0.0,,,0.0,0.0,,0.0012531587854027748,,0.1456025093793869,,0.0053690471686422825,,0.0,,0.13937999308109283,,,,,,,,,,,,
24,10549,,,,,,,,,,,,,,,,,,,,,,,,,0.10074038803577423,0.0,0.4064587652683258,0.0,0.0,0.0,0.0,0.05554119870066643,0.2530684769153595,0.009730531834065914,0.0,0.41276976466178894
24,10549,0.010089322924613953,,0.0,,0.1194707378745079,,0.0,,0.0,,0.0,0.0,,,0.0019607061985880136,,0.14717398583889008,,0.00402950681746006,,0.0,,0.14136207103729248,,,,,,,,,,,,,
25,10559,,0.009652698412537575,,0.0,,0.1080128401517868,,0.0,,0.0,,,0.0,0.0,,0.002472593216225505,,0.14695122838020325,,0.0037599371280521154,,0.0,,0.1354246437549591,,,,,,,,,,,,
25,10569,,0.006886627525091171,,0.0,,0.11114376783370972,,0.0,,0.0,,,0.0,0.0,,0.0010134498588740826,,0.1451602578163147,,0.005684925243258476,,0.0,,0.13494451344013214,,,,,,,,,,,,
25,10579,,0.00904003158211708,,0.0,,0.11293741315603256,,0.0,,0.0,,,0.0,0.0,,0.0016956189647316933,,0.14756780862808228,,0.003747728653252125,,0.0,,0.1374943107366562,,,,,,,,,,,,
25,10589,,0.006939205341041088,,0.0,,0.10332732647657394,,0.0,,0.0,,,0.0,0.0,,0.0013280872954055667,,0.1457386016845703,,0.002611000556498766,,0.0,,0.12997211515903473,,,,,,,,,,,,
25,10599,,0.009805303066968918,,0.0,,0.11314916610717773,,0.0,,0.0,,,0.0,0.0,,0.0014640537556260824,,0.14586257934570312,,0.004219451453536749,,0.0,,0.13725025951862335,,,,,,,,,,,,
25,10609,,0.014355623163282871,,0.0,,0.12264205515384674,,0.0,,0.0,,,0.0,0.0,,0.002513074316084385,,0.15076860785484314,,0.0035955924540758133,,0.0,,0.14693748950958252,,,,,,,,,,,,
25,10619,,0.008228380233049393,,0.0,,0.10898406058549881,,0.0,,0.0,,,0.0,0.0,,0.001708900323137641,,0.14511016011238098,,0.0029334290884435177,,0.0,,0.13348247110843658,,,,,,,,,,,,
25,10629,,0.010100137442350388,,0.0,,0.12573044002056122,,0.0,,0.0,,,0.0,0.0,,0.0016744907479733229,,0.1451978236436844,,0.005972715560346842,,0.0,,0.14433780312538147,,,,,,,,,,,,
25,10639,,0.010688956826925278,,0.0,,0.10613149404525757,,0.0,,0.0,,,0.0,0.0,,0.0021980952005833387,,0.1501600444316864,,0.001977344276383519,,0.0,,0.1355779767036438,,,,,,,,,,,,
25,10649,,0.008347595110535622,,0.0,,0.11000970751047134,,0.0,,0.0,,,0.0,0.0,,0.0017679992597550154,,0.14872382581233978,,0.0027390564791858196,,0.0,,0.13579408824443817,,,,,,,,,,,,
25,10659,,0.010557536035776138,,0.0,,0.11898016929626465,,0.0,,0.0,,,0.0,0.0,,0.0014309337129816413,,0.1489585041999817,,0.0020719009917229414,,0.0,,0.14099951088428497,,,,,,,,,,,,
25,10669,,0.00940146204084158,,0.0,,0.1085863783955574,,0.0,,0.0,,,0.0,0.0,,0.001793872332200408,,0.14891955256462097,,0.0026854784227907658,,0.0,,0.13569337129592896,,,,,,,,,,,,
25,10679,,0.01145724393427372,,0.0,,0.1301034390926361,,0.0,,0.0,,,0.0,0.0,,0.0018455253448337317,,0.1481853723526001,,0.0032394255977123976,,0.0,,0.14741550385951996,,,,,,,,,,,,
25,10689,,0.010289234109222889,,0.0,,0.11618087440729141,,0.0,,0.0,,,0.0,0.0,,0.0015952358953654766,,0.14896389842033386,,0.002252522623166442,,0.0,,0.13964086771011353,,,,,,,,,,,,
25,10699,,0.010112086310982704,,0.0,,0.11595059186220169,,0.0,,0.0,,,0.0,0.0,,0.001662284485064447,,0.14685866236686707,,0.004933956544846296,,0.0,,0.13975878059864044,,,,,,,,,,,,
25,10709,,0.011875570751726627,,0.0,,0.10868871212005615,,0.0,,0.0,,,0.0,0.0,,0.001974808983504772,,0.14732222259044647,,0.0019155344925820827,,0.0,,0.13588844239711761,,,,,,,,,,,,
25,10719,,0.012761901132762432,,0.0,,0.12173910439014435,,0.0,,0.0,,,0.0,0.0,,0.0023401672951877117,,0.1493336260318756,,0.0028546517714858055,,0.0,,0.14451472461223602,,,,,,,,,,,,
25,10729,,0.01085885614156723,,0.0,,0.11082733422517776,,0.0,,0.0,,,0.0,0.0,,0.0020278729498386383,,0.14894931018352509,,0.0022977476473897696,,0.0,,0.13748057186603546,,,,,,,,,,,,
25,10739,,0.007878951728343964,,0.0,,0.11114394664764404,,0.0,,0.0,,,0.0,0.0,,0.001542969373986125,,0.14480924606323242,,0.008393222466111183,,0.0,,0.1368841677904129,,,,,,,,,,,,
25,10749,,0.01111476682126522,,0.0,,0.12097269296646118,,0.0,,0.0,,,0.0,0.0,,0.0017627133056521416,,0.14926591515541077,,0.0033784075640141964,,0.0,,0.14324726164340973,,,,,,,,,,,,
25,10759,,0.009040405973792076,,0.0,,0.11614867299795151,,0.0,,0.0,,,0.0,0.0,,0.00115868728607893,,0.1470208317041397,,0.006452058907598257,,0.0,,0.13991032540798187,,,,,,,,,,,,
25,10769,,0.009169913828372955,,0.0,,0.12121754884719849,,0.0,,0.0,,,0.0,0.0,,0.0015316612552851439,,0.147456094622612,,0.009417673572897911,,0.0,,0.14439645409584045,,,,,,,,,,,,
25,10779,,0.008342541754245758,,0.0,,0.1155460998415947,,0.0,,0.0,,,0.0,0.0,,0.0025659436360001564,,0.14460355043411255,,0.0033887014724314213,,0.0,,0.13722342252731323,,,,,,,,,,,,
25,10789,,0.006144316866993904,,0.0,,0.10642998665571213,,0.0,,0.0,,,0.0,0.0,,0.0010755941038951278,,0.14652395248413086,,0.004793114494532347,,0.0,,0.13248348236083984,,,,,,,,,,,,
25,10799,,0.010829439386725426,,0.0,,0.10992041975259781,,0.0,,0.0,,,0.0,0.0,,0.0038509208243340254,,0.14617235958576202,,0.0030723921954631805,,0.0,,0.13692276179790497,,,,,,,,,,,,
25,10809,,0.010521622374653816,,0.0,,0.1328086405992508,,0.0,,0.0,,,0.0,0.0,,0.002326301299035549,,0.1464795470237732,,0.004594427067786455,,0.0,,0.14836525917053223,,,,,,,,,,,,
25,10819,,0.01176914107054472,,0.0,,0.12333865463733673,,0.0,,0.0,,,0.0,0.0,,0.001762734609656036,,0.14608697593212128,,0.006658416241407394,,0.0,,0.14480796456336975,,,,,,,,,,,,
25,10829,,0.009912708774209023,,0.0,,0.11352814733982086,,0.0,,0.0,,,0.0,0.0,,0.002201072173193097,,0.14578896760940552,,0.0045806122943758965,,0.0,,0.13800574839115143,,,,,,,,,,,,
25,10839,,0.00806968193501234,,0.0,,0.11186105012893677,,0.0,,0.0,,,0.0,0.0,,0.0015047152992337942,,0.14539088308811188,,0.0029538702219724655,,0.0,,0.1348900943994522,,,,,,,,,,,,
25,10849,,0.009984560310840607,,0.0,,0.11899296939373016,,0.0,,0.0,,,0.0,0.0,,0.0013933635782450438,,0.14664742350578308,,0.002784567419439554,,0.0,,0.13990144431591034,,,,,,,,,,,,
25,10859,,0.010343695059418678,,0.0,,0.11877336353063583,,0.0,,0.0,,,0.0,0.0,,0.0023124716244637966,,0.14516884088516235,,0.0035867951810359955,,0.0,,0.14009259641170502,,,,,,,,,,,,
25,10869,,0.007319892756640911,,0.0,,0.1089668720960617,,0.0,,0.0,,,0.0,0.0,,0.0012277072528377175,,0.14461077749729156,,0.004850946832448244,,0.0,,0.13348810374736786,,,,,,,,,,,,
25,10879,,0.006164753809571266,,0.0,,0.10615046322345734,,0.0,,0.0,,,0.0,0.0,,0.0010968127753585577,,0.1454908698797226,,0.0034174667671322823,,0.0,,0.1311601847410202,,,,,,,,,,,,
25,10889,,0.011853260919451714,,0.0,,0.10888288915157318,,0.0,,0.0,,,0.0,0.0,,0.0017600867431610823,,0.14467352628707886,,0.0029355750884860754,,0.0,,0.13505268096923828,,,,,,,,,,,,
25,10899,,0.009347232058644295,,0.0,,0.11269236356019974,,0.0,,0.0,,,0.0,0.0,,0.0028224315028637648,,0.14578908681869507,,0.0026633641682565212,,0.0,,0.1366572380065918,,,,,,,,,,,,
25,10909,,0.012455562129616737,,0.0,,0.11536461114883423,,0.0,,0.0,,,0.0,0.0,,0.0018586035585030913,,0.14873766899108887,,0.00266442121937871,,0.0,,0.14054042100906372,,,,,,,,,,,,
25,10919,,0.012801457196474075,,0.0,,0.11980857700109482,,0.0,,0.0,,,0.0,0.0,,0.0024139974266290665,,0.14758354425430298,,0.0031608722638338804,,0.0,,0.14288422465324402,,,,,,,,,,,,
25,10929,,0.006864707451313734,,0.0,,0.10406170785427094,,0.0,,0.0,,,0.0,0.0,,0.0019833105616271496,,0.1441882997751236,,0.004265647381544113,,0.0,,0.1306818276643753,,,,,,,,,,,,
25,10939,,0.007496434263885021,,0.0,,0.10623493790626526,,0.0,,0.0,,,0.0,0.0,,0.0013958483468741179,,0.1467539221048355,,0.004838337190449238,,0.0,,0.13335976004600525,,,,,,,,,,,,
25,10949,,0.00595449935644865,,0.0,,0.10298775136470795,,0.0,,0.0,,,0.0,0.0,,0.001160796033218503,,0.1428423821926117,,0.004529660101979971,,0.0,,0.12873753905296326,,,,,,,,,,,,
25,10959,,0.009160010144114494,,0.0,,0.10939901322126389,,0.0,,0.0,,,0.0,0.0,,0.0018818243406713009,,0.14653579890727997,,0.003012640867382288,,0.0,,0.13499464094638824,,,,,,,,,,,,
25,10969,,0.008879788219928741,,0.0,,0.10819242894649506,,0.0,,0.0,,,0.0,0.0,,0.001874927431344986,,0.14977091550827026,,0.006022221874445677,,0.0,,0.13737013936042786,,,,,,,,,,,,
25,10971,,,,,,,,,,,,,,,,,,,,,,,,,0.10105434060096741,0.0,0.4067746102809906,0.0,0.0,0.0,0.0,0.05556069314479828,0.2541492283344269,0.009663857519626617,0.0,0.4136013388633728
25,10971,0.00985887460410595,,0.0,,0.11554300040006638,,0.0,,0.0,,0.0,0.0,,,0.001869365805760026,,0.1470058560371399,,0.003998153377324343,,0.0,,0.13913758099079132,,,,,,,,,,,,,
26,10979,,0.010148823261260986,,0.0,,0.11692704260349274,,0.0,,0.0,,,0.0,0.0,,0.0015200437046587467,,0.14946149289608002,,0.003083460731431842,,0.0,,0.14057043194770813,,,,,,,,,,,,
26,10989,,0.010086010210216045,,0.0,,0.11556196957826614,,0.0,,0.0,,,0.0,0.0,,0.0028836510609835386,,0.1452081799507141,,0.002633436815813184,,0.0,,0.13818660378456116,,,,,,,,,,,,
26,10999,,0.011736411601305008,,0.0,,0.10943853110074997,,0.0,,0.0,,,0.0,0.0,,0.0023126439191401005,,0.1479695737361908,,0.0024058176204562187,,0.0,,0.13693149387836456,,,,,,,,,,,,
26,11009,,0.006556492764502764,,0.0,,0.10954324156045914,,0.0,,0.0,,,0.0,0.0,,0.0018716150661930442,,0.14583763480186462,,0.004097747150808573,,0.0,,0.13395336270332336,,,,,,,,,,,,
26,11019,,0.011080154217779636,,0.0,,0.11998308449983597,,0.0,,0.0,,,0.0,0.0,,0.00176935363560915,,0.1462009698152542,,0.0032696593552827835,,0.0,,0.14115162193775177,,,,,,,,,,,,
26,11029,,0.007762738037854433,,0.0,,0.11977314949035645,,0.0,,0.0,,,0.0,0.0,,0.0012771665351465344,,0.1483089029788971,,0.004081150982528925,,0.0,,0.14060156047344208,,,,,,,,,,,,
26,11039,,0.008461948484182358,,0.0,,0.11255394667387009,,0.0,,0.0,,,0.0,0.0,,0.00132790207862854,,0.14502304792404175,,0.002588368020951748,,0.0,,0.13497760891914368,,,,,,,,,,,,
26,11049,,0.011465601623058319,,0.0,,0.10906963050365448,,0.0,,0.0,,,0.0,0.0,,0.0020525618456304073,,0.14770197868347168,,0.004291124641895294,,0.0,,0.13729046285152435,,,,,,,,,,,,
26,11059,,0.00994644034653902,,0.0,,0.11962344497442245,,0.0,,0.0,,,0.0,0.0,,0.0016162244137376547,,0.1463516652584076,,0.004030873067677021,,0.0,,0.14078432321548462,,,,,,,,,,,,
26,11069,,0.007041713688522577,,0.0,,0.1036420539021492,,0.0,,0.0,,,0.0,0.0,,0.001117795123718679,,0.14614006876945496,,0.0032685815822333097,,0.0,,0.13060510158538818,,,,,,,,,,,,
26,11079,,0.007886087521910667,,0.0,,0.11722563952207565,,0.0,,0.0,,,0.0,0.0,,0.0010785134509205818,,0.147120863199234,,0.002344579668715596,,0.0,,0.13782784342765808,,,,,,,,,,,,
26,11089,,0.007158340886235237,,0.0,,0.10164975374937057,,0.0,,0.0,,,0.0,0.0,,0.0013462178176268935,,0.14744499325752258,,0.002588828094303608,,0.0,,0.13009408116340637,,,,,,,,,,,,
26,11099,,0.009127676486968994,,0.0,,0.12297842651605606,,0.0,,0.0,,,0.0,0.0,,0.0012358761159703135,,0.1439179927110672,,0.0036850401666015387,,0.0,,0.14047250151634216,,,,,,,,,,,,
26,11109,,0.009146161377429962,,0.0,,0.11567389965057373,,0.0,,0.0,,,0.0,0.0,,0.0013780517037957907,,0.14641249179840088,,0.005144310183823109,,0.0,,0.13887745141983032,,,,,,,,,,,,
26,11119,,0.009533579461276531,,0.0,,0.11294485628604889,,0.0,,0.0,,,0.0,0.0,,0.004106519743800163,,0.14586679637432098,,0.005175379104912281,,0.0,,0.1388135701417923,,,,,,,,,,,,
26,11129,,0.012077871710062027,,0.0,,0.11310646682977676,,0.0,,0.0,,,0.0,0.0,,0.002452441491186619,,0.14913292229175568,,0.003947283141314983,,0.0,,0.14035849273204803,,,,,,,,,,,,
26,11139,,0.009168476797640324,,0.0,,0.10433793812990189,,0.0,,0.0,,,0.0,0.0,,0.0022105672396719456,,0.14882217347621918,,0.003927135840058327,,0.0,,0.13423314690589905,,,,,,,,,,,,
26,11149,,0.008091816678643227,,0.0,,0.10667893290519714,,0.0,,0.0,,,0.0,0.0,,0.001736774924211204,,0.14395466446876526,,0.00438885809853673,,0.0,,0.13242551684379578,,,,,,,,,,,,
26,11159,,0.009051043540239334,,0.0,,0.11681615561246872,,0.0,,0.0,,,0.0,0.0,,0.001870831474661827,,0.14398428797721863,,0.005354667082428932,,0.0,,0.13853850960731506,,,,,,,,,,,,
26,11169,,0.007546034641563892,,0.0,,0.11917678266763687,,0.0,,0.0,,,0.0,0.0,,0.0014170166105031967,,0.14631855487823486,,0.0042640469036996365,,0.0,,0.1393612176179886,,,,,,,,,,,,
26,11179,,0.009851375594735146,,0.0,,0.1217951774597168,,0.0,,0.0,,,0.0,0.0,,0.0021165781654417515,,0.14465489983558655,,0.001948914723470807,,0.0,,0.1401834785938263,,,,,,,,,,,,
26,11189,,0.008393438532948494,,0.0,,0.11243130266666412,,0.0,,0.0,,,0.0,0.0,,0.001637072185985744,,0.1439324915409088,,0.004893304314464331,,0.0,,0.13564381003379822,,,,,,,,,,,,
26,11199,,0.007275502197444439,,0.0,,0.10006914287805557,,0.0,,0.0,,,0.0,0.0,,0.001180376741103828,,0.14206846058368683,,0.004050940740853548,,0.0,,0.1273222118616104,,,,,,,,,,,,
26,11209,,0.008137421682476997,,0.0,,0.10980212688446045,,0.0,,0.0,,,0.0,0.0,,0.0013571394374594092,,0.14720216393470764,,0.004993098322302103,,0.0,,0.13574598729610443,,,,,,,,,,,,
26,11219,,0.00858309119939804,,0.0,,0.10452833026647568,,0.0,,0.0,,,0.0,0.0,,0.003627191297709942,,0.1486569344997406,,0.003625262528657913,,0.0,,0.13451041281223297,,,,,,,,,,,,
26,11229,,0.007971825078129768,,0.0,,0.11498172581195831,,0.0,,0.0,,,0.0,0.0,,0.0013087581610307097,,0.14565178751945496,,0.0022666510194540024,,0.0,,0.13609038293361664,,,,,,,,,,,,
26,11239,,0.011147882789373398,,0.0,,0.1253177970647812,,0.0,,0.0,,,0.0,0.0,,0.0025234315544366837,,0.1467924416065216,,0.004555743187665939,,0.0,,0.14516863226890564,,,,,,,,,,,,
26,11249,,0.014219327829778194,,0.0,,0.11790645122528076,,0.0,,0.0,,,0.0,0.0,,0.003213651245459914,,0.15083849430084229,,0.002767397789284587,,0.0,,0.1444726437330246,,,,,,,,,,,,
26,11259,,0.013607160188257694,,0.0,,0.13664205372333527,,0.0,,0.0,,,0.0,0.0,,0.002308618975803256,,0.14722827076911926,,0.005255033727735281,,0.0,,0.1525205820798874,,,,,,,,,,,,
26,11269,,0.012515327893197536,,0.0,,0.1183314248919487,,0.0,,0.0,,,0.0,0.0,,0.0023796572349965572,,0.1491982638835907,,0.004167354665696621,,0.0,,0.143296018242836,,,,,,,,,,,,
26,11279,,0.011155365034937859,,0.0,,0.11842212080955505,,0.0,,0.0,,,0.0,0.0,,0.001989963697269559,,0.14780211448669434,,0.002492210129275918,,0.0,,0.1409308910369873,,,,,,,,,,,,
26,11289,,0.007983293384313583,,0.0,,0.1178789734840393,,0.0,,0.0,,,0.0,0.0,,0.0011549382470548153,,0.14551055431365967,,0.0049439226277172565,,0.0,,0.1387358456850052,,,,,,,,,,,,
26,11299,,0.009470034390687943,,0.0,,0.1204720139503479,,0.0,,0.0,,,0.0,0.0,,0.001411797828041017,,0.14779719710350037,,0.0024467126931995153,,0.0,,0.140798881649971,,,,,,,,,,,,
26,11309,,0.010196985676884651,,0.0,,0.13031746447086334,,0.0,,0.0,,,0.0,0.0,,0.0024255947209894657,,0.1485474705696106,,0.0038281185552477837,,0.0,,0.14765779674053192,,,,,,,,,,,,
26,11319,,0.008685190230607986,,0.0,,0.1063266173005104,,0.0,,0.0,,,0.0,0.0,,0.001466340385377407,,0.14690876007080078,,0.0034774921368807554,,0.0,,0.13343219459056854,,,,,,,,,,,,
26,11329,,0.006344790104776621,,0.0,,0.11025778204202652,,0.0,,0.0,,,0.0,0.0,,0.0012418909464031458,,0.14328154921531677,,0.0023882717359811068,,0.0,,0.13175714015960693,,,,,,,,,,,,
26,11339,,0.010568158701062202,,0.0,,0.11785775423049927,,0.0,,0.0,,,0.0,0.0,,0.0014708861708641052,,0.14748471975326538,,0.005971998441964388,,0.0,,0.14167676866054535,,,,,,,,,,,,
26,11349,,0.008581910282373428,,0.0,,0.10926223546266556,,0.0,,0.0,,,0.0,0.0,,0.0014431595336645842,,0.14801615476608276,,0.002414445858448744,,0.0,,0.13485893607139587,,,,,,,,,,,,
26,11359,,0.010461732745170593,,0.0,,0.11274693161249161,,0.0,,0.0,,,0.0,0.0,,0.001959443325176835,,0.14875830709934235,,0.005293953698128462,,0.0,,0.1396102011203766,,,,,,,,,,,,
26,11369,,0.006247561424970627,,0.0,,0.10774094611406326,,0.0,,0.0,,,0.0,0.0,,0.0014834500616416335,,0.14222852885723114,,0.00489542493596673,,0.0,,0.13129794597625732,,,,,,,,,,,,
26,11379,,0.006005825474858284,,0.0,,0.09668732434511185,,0.0,,0.0,,,0.0,0.0,,0.0013781879097223282,,0.14324647188186646,,0.005876508541405201,,0.0,,0.12659715116024017,,,,,,,,,,,,
26,11389,,0.009268770925700665,,0.0,,0.11192239820957184,,0.0,,0.0,,,0.0,0.0,,0.0016395414713770151,,0.1479576826095581,,0.004830088000744581,,0.0,,0.13780923187732697,,,,,,,,,,,,
26,11393,,,,,,,,,,,,,,,,,,,,,,,,,0.10006191581487656,0.0,0.4073182940483093,0.0,0.0,0.0,0.0,0.05505916476249695,0.2514713406562805,0.00949669349938631,0.0,0.4117037355899811
26,11393,0.009741119109094143,,0.0,,0.11358533799648285,,0.0,,0.0,,0.0,0.0,,,0.0018824738217517734,,0.1469315141439438,,0.003988468088209629,,0.0,,0.13806435465812683,,,,,,,,,,,,,
27,11399,,0.010560866445302963,,0.0,,0.11392464488744736,,0.0,,0.0,,,0.0,0.0,,0.0015926097985357046,,0.14569032192230225,,0.00289332028478384,,0.0,,0.13733088970184326,,,,,,,,,,,,
27,11409,,0.005834661424160004,,0.0,,0.10633309930562973,,0.0,,0.0,,,0.0,0.0,,0.0009057079441845417,,0.14432597160339355,,0.0037676093634217978,,0.0,,0.13058353960514069,,,,,,,,,,,,
27,11419,,0.008648063987493515,,0.0,,0.10735133290290833,,0.0,,0.0,,,0.0,0.0,,0.0025024046190083027,,0.14685875177383423,,0.004529422149062157,,0.0,,0.13494499027729034,,,,,,,,,,,,
27,11429,,0.011682778596878052,,0.0,,0.11782893538475037,,0.0,,0.0,,,0.0,0.0,,0.001744741341099143,,0.14680445194244385,,0.004199938848614693,,0.0,,0.14113043248653412,,,,,,,,,,,,
27,11439,,0.008273709565401077,,0.0,,0.1122824028134346,,0.0,,0.0,,,0.0,0.0,,0.001599975861608982,,0.15112005174160004,,0.003991473000496626,,0.0,,0.1386338174343109,,,,,,,,,,,,
27,11449,,0.008599316701292992,,0.0,,0.11687083542346954,,0.0,,0.0,,,0.0,0.0,,0.001986231654882431,,0.14554527401924133,,0.0020310573745518923,,0.0,,0.13751636445522308,,,,,,,,,,,,
27,11459,,0.009539991617202759,,0.0,,0.10944647341966629,,0.0,,0.0,,,0.0,0.0,,0.0014521526172757149,,0.14675652980804443,,0.0073994542472064495,,0.0,,0.13729728758335114,,,,,,,,,,,,
27,11469,,0.00885954312980175,,0.0,,0.10557714104652405,,0.0,,0.0,,,0.0,0.0,,0.0015946024795994163,,0.1507129818201065,,0.005659566726535559,,0.0,,0.13620193302631378,,,,,,,,,,,,
27,11479,,0.009291513822972775,,0.0,,0.11171773821115494,,0.0,,0.0,,,0.0,0.0,,0.001332552987150848,,0.1456042230129242,,0.002279584761708975,,0.0,,0.13511279225349426,,,,,,,,,,,,
27,11489,,0.007608892396092415,,0.0,,0.10849375277757645,,0.0,,0.0,,,0.0,0.0,,0.001233234303072095,,0.14195120334625244,,0.0021811530459672213,,0.0,,0.13073410093784332,,,,,,,,,,,,
27,11499,,0.01344360038638115,,0.0,,0.12188085913658142,,0.0,,0.0,,,0.0,0.0,,0.0021138328593224287,,0.1488189548254013,,0.002902150386944413,,0.0,,0.14457967877388,,,,,,,,,,,,
27,11509,,0.008811184205114841,,0.0,,0.10397119075059891,,0.0,,0.0,,,0.0,0.0,,0.0018844555597752333,,0.14744789898395538,,0.0031545888632535934,,0.0,,0.13263465464115143,,,,,,,,,,,,
27,11519,,0.009164541959762573,,0.0,,0.11690783500671387,,0.0,,0.0,,,0.0,0.0,,0.002801628550514579,,0.14439992606639862,,0.003112235339358449,,0.0,,0.13819308578968048,,,,,,,,,,,,
27,11529,,0.010498462244868279,,0.0,,0.12324204295873642,,0.0,,0.0,,,0.0,0.0,,0.0016982040833681822,,0.1472902148962021,,0.00464476877823472,,0.0,,0.14368684589862823,,,,,,,,,,,,
27,11539,,0.011775963008403778,,0.0,,0.11986295133829117,,0.0,,0.0,,,0.0,0.0,,0.001984420930966735,,0.14788663387298584,,0.006579053588211536,,0.0,,0.14404450356960297,,,,,,,,,,,,
27,11549,,0.012179208919405937,,0.0,,0.13125666975975037,,0.0,,0.0,,,0.0,0.0,,0.0020747652743011713,,0.14816096425056458,,0.0052844141609966755,,0.0,,0.149478018283844,,,,,,,,,,,,
27,11559,,0.008285094052553177,,0.0,,0.10371893644332886,,0.0,,0.0,,,0.0,0.0,,0.0013602267717942595,,0.14854121208190918,,0.003792412346228957,,0.0,,0.13284894824028015,,,,,,,,,,,,
27,11569,,0.008084637112915516,,0.0,,0.1172223761677742,,0.0,,0.0,,,0.0,0.0,,0.001739105093292892,,0.1449650079011917,,0.004499840550124645,,0.0,,0.13825549185276031,,,,,,,,,,,,
27,11579,,0.009554818272590637,,0.0,,0.12267455458641052,,0.0,,0.0,,,0.0,0.0,,0.0014417578931897879,,0.14922672510147095,,0.0073063308373093605,,0.0,,0.1451020985841751,,,,,,,,,,,,
27,11589,,0.013604327104985714,,0.0,,0.13538910448551178,,0.0,,0.0,,,0.0,0.0,,0.00226077763363719,,0.14977778494358063,,0.003931449260562658,,0.0,,0.15248171985149384,,,,,,,,,,,,
27,11599,,0.00907978042960167,,0.0,,0.11390283703804016,,0.0,,0.0,,,0.0,0.0,,0.0021301829256117344,,0.1454053521156311,,0.005952930077910423,,0.0,,0.13823553919792175,,,,,,,,,,,,
27,11609,,0.010155855678021908,,0.0,,0.10711450129747391,,0.0,,0.0,,,0.0,0.0,,0.0025124764069914818,,0.14640779793262482,,0.0063749500550329685,,0.0,,0.1362828016281128,,,,,,,,,,,,
27,11619,,0.012599548324942589,,0.0,,0.12122345715761185,,0.0,,0.0,,,0.0,0.0,,0.003659219015389681,,0.14979425072669983,,0.004370843525975943,,0.0,,0.1458236575126648,,,,,,,,,,,,
27,11629,,0.010159737430512905,,0.0,,0.10539361089468002,,0.0,,0.0,,,0.0,0.0,,0.001969489734619856,,0.14854128658771515,,0.003500636201351881,,0.0,,0.13478237390518188,,,,,,,,,,,,
27,11639,,0.008989209309220314,,0.0,,0.10154788941144943,,0.0,,0.0,,,0.0,0.0,,0.0023418788332492113,,0.1485673487186432,,0.0029596989043056965,,0.0,,0.13220301270484924,,,,,,,,,,,,
27,11649,,0.010576233267784119,,0.0,,0.11449684202671051,,0.0,,0.0,,,0.0,0.0,,0.001581918215379119,,0.14289528131484985,,0.003258398501202464,,0.0,,0.13640433549880981,,,,,,,,,,,,
27,11659,,0.007521872874349356,,0.0,,0.09604023396968842,,0.0,,0.0,,,0.0,0.0,,0.0009787859162315726,,0.14422117173671722,,0.0029746084474027157,,0.0,,0.12586833536624908,,,,,,,,,,,,
27,11669,,0.012192857451736927,,0.0,,0.11567378789186478,,0.0,,0.0,,,0.0,0.0,,0.0018748464062809944,,0.14851397275924683,,0.0049681332893669605,,0.0,,0.14161178469657898,,,,,,,,,,,,
27,11679,,0.01393031608313322,,0.0,,0.12503132224082947,,0.0,,0.0,,,0.0,0.0,,0.002760170726105571,,0.14802950620651245,,0.002088844310492277,,0.0,,0.14592008292675018,,,,,,,,,,,,
27,11689,,0.011281080543994904,,0.0,,0.12657088041305542,,0.0,,0.0,,,0.0,0.0,,0.0032492256723344326,,0.14603468775749207,,0.003280550939962268,,0.0,,0.1452082097530365,,,,,,,,,,,,
27,11699,,0.009935468435287476,,0.0,,0.10821500420570374,,0.0,,0.0,,,0.0,0.0,,0.0014159204438328743,,0.15026479959487915,,0.004034089390188456,,0.0,,0.1369326412677765,,,,,,,,,,,,
27,11709,,0.008972919546067715,,0.0,,0.11530040204524994,,0.0,,0.0,,,0.0,0.0,,0.0022740147542208433,,0.14167141914367676,,0.00603134511038661,,0.0,,0.13712504506111145,,,,,,,,,,,,
27,11719,,0.01176395919173956,,0.0,,0.11141784489154816,,0.0,,0.0,,,0.0,0.0,,0.002446386031806469,,0.14560972154140472,,0.002380126155912876,,0.0,,0.13680902123451233,,,,,,,,,,,,
27,11729,,0.013217798434197903,,0.0,,0.12177953124046326,,0.0,,0.0,,,0.0,0.0,,0.0029007811099290848,,0.14610226452350616,,0.004766962956637144,,0.0,,0.14438368380069733,,,,,,,,,,,,
27,11739,,0.009501826018095016,,0.0,,0.11035782098770142,,0.0,,0.0,,,0.0,0.0,,0.001800905796699226,,0.14638832211494446,,0.0031311120837926865,,0.0,,0.13558998703956604,,,,,,,,,,,,
27,11749,,0.009774686768651009,,0.0,,0.11317812651395798,,0.0,,0.0,,,0.0,0.0,,0.0014781029894948006,,0.14698542654514313,,0.002848925767466426,,0.0,,0.13713262975215912,,,,,,,,,,,,
27,11759,,0.010169061832129955,,0.0,,0.1132792979478836,,0.0,,0.0,,,0.0,0.0,,0.0033451577182859182,,0.14501553773880005,,0.003033614018931985,,0.0,,0.13742132484912872,,,,,,,,,,,,
27,11769,,0.00879531167447567,,0.0,,0.1103862002491951,,0.0,,0.0,,,0.0,0.0,,0.0016342420130968094,,0.14806213974952698,,0.0056350394152104855,,0.0,,0.1372564733028412,,,,,,,,,,,,
27,11779,,0.01038779504597187,,0.0,,0.1056373193860054,,0.0,,0.0,,,0.0,0.0,,0.0014042423572391272,,0.14851394295692444,,0.006048595532774925,,0.0,,0.13599595427513123,,,,,,,,,,,,
27,11789,,0.014772361144423485,,0.0,,0.13346339762210846,,0.0,,0.0,,,0.0,0.0,,0.0026299236342310905,,0.1493416428565979,,0.0018988027004525065,,0.0,,0.1510530561208725,,,,,,,,,,,,
27,11799,,0.009660080075263977,,0.0,,0.1050601676106453,,0.0,,0.0,,,0.0,0.0,,0.0014074775390326977,,0.14889627695083618,,0.004557999316602945,,0.0,,0.13479098677635193,,,,,,,,,,,,
27,11809,,0.009991008788347244,,0.0,,0.11450221389532089,,0.0,,0.0,,,0.0,0.0,,0.0016431319527328014,,0.1442374289035797,,0.003671383485198021,,0.0,,0.13702258467674255,,,,,,,,,,,,
27,11815,,,,,,,,,,,,,,,,,,,,,,,,,0.10025817900896072,0.0,0.4079084098339081,0.0,0.0,0.0,0.0,0.05458199605345726,0.2525697350502014,0.009469807147979736,0.0,0.41239407658576965
27,11815,0.00966667477041483,,0.0,,0.11210022121667862,,0.0,,0.0,,0.0,0.0,,,0.001845578313805163,,0.14687618613243103,,0.003979701083153486,,0.0,,0.13723422586917877,,,,,,,,,,,,,
28,11819,,0.0077624013647437096,,0.0,,0.11092735826969147,,0.0,,0.0,,,0.0,0.0,,0.001269413041882217,,0.1465332955121994,,0.0014714072458446026,,0.0,,0.13398192822933197,,,,,,,,,,,,
28,11829,,0.006580721586942673,,0.0,,0.11297043412923813,,0.0,,0.0,,,0.0,0.0,,0.0011950028128921986,,0.14522063732147217,,0.0037242057733237743,,0.0,,0.13484551012516022,,,,,,,,,,,,
28,11839,,0.00781981274485588,,0.0,,0.09175015240907669,,0.0,,0.0,,,0.0,0.0,,0.0015971384709700942,,0.14469775557518005,,0.0016748865600675344,,0.0,,0.12376987189054489,,,,,,,,,,,,
28,11849,,0.014326104894280434,,0.0,,0.13103574514389038,,0.0,,0.0,,,0.0,0.0,,0.0020952709019184113,,0.14606723189353943,,0.004345580004155636,,0.0,,0.1489349603652954,,,,,,,,,,,,
28,11859,,0.008592596277594566,,0.0,,0.1006908118724823,,0.0,,0.0,,,0.0,0.0,,0.0015763328410685062,,0.14444534480571747,,0.004487589932978153,,0.0,,0.129896342754364,,,,,,,,,,,,
28,11869,,0.012138517573475838,,0.0,,0.11974597722291946,,0.0,,0.0,,,0.0,0.0,,0.0018927775090560317,,0.14586645364761353,,0.0029576867818832397,,0.0,,0.14130070805549622,,,,,,,,,,,,
28,11879,,0.0089365653693676,,0.0,,0.11887558549642563,,0.0,,0.0,,,0.0,0.0,,0.0014998348196968436,,0.149179607629776,,0.004677581135183573,,0.0,,0.1415845900774002,,,,,,,,,,,,
28,11889,,0.009191034361720085,,0.0,,0.11344919353723526,,0.0,,0.0,,,0.0,0.0,,0.0014932991471141577,,0.14661750197410583,,0.0032449981663376093,,0.0,,0.1369980126619339,,,,,,,,,,,,
28,11899,,0.01134784147143364,,0.0,,0.10744312405586243,,0.0,,0.0,,,0.0,0.0,,0.0017618758138269186,,0.15142223238945007,,0.003843859303742647,,0.0,,0.13790947198867798,,,,,,,,,,,,
28,11909,,0.008257630281150341,,0.0,,0.09596168994903564,,0.0,,0.0,,,0.0,0.0,,0.0010788891231641173,,0.1464284509420395,,0.0041076126508414745,,0.0,,0.12791715562343597,,,,,,,,,,,,
28,11919,,0.007629440166056156,,0.0,,0.11680386960506439,,0.0,,0.0,,,0.0,0.0,,0.0013038197066634893,,0.14382421970367432,,0.0019390160450711846,,0.0,,0.1357502043247223,,,,,,,,,,,,
28,11929,,0.012925407849252224,,0.0,,0.10672102123498917,,0.0,,0.0,,,0.0,0.0,,0.0025284932926297188,,0.1466180384159088,,0.0034291597548872232,,0.0,,0.1361110657453537,,,,,,,,,,,,
28,11939,,0.008273458108305931,,0.0,,0.10465260595083237,,0.0,,0.0,,,0.0,0.0,,0.0015070827212184668,,0.14372867345809937,,0.001967050600796938,,0.0,,0.13006442785263062,,,,,,,,,,,,
28,11949,,0.009794462472200394,,0.0,,0.11792448908090591,,0.0,,0.0,,,0.0,0.0,,0.0024049540515989065,,0.1455063670873642,,0.004616538528352976,,0.0,,0.1401234120130539,,,,,,,,,,,,
28,11959,,0.011223084293305874,,0.0,,0.11261612176895142,,0.0,,0.0,,,0.0,0.0,,0.0013425921788439155,,0.14719998836517334,,0.0025538811460137367,,0.0,,0.13746783137321472,,,,,,,,,,,,
28,11969,,0.00855026114732027,,0.0,,0.09890337288379669,,0.0,,0.0,,,0.0,0.0,,0.0015579488826915622,,0.14696431159973145,,0.0032829679548740387,,0.0,,0.12962943315505981,,,,,,,,,,,,
28,11979,,0.00987150613218546,,0.0,,0.10467922687530518,,0.0,,0.0,,,0.0,0.0,,0.0015381401171907783,,0.1490379273891449,,0.003780299099162221,,0.0,,0.13445354998111725,,,,,,,,,,,,
28,11989,,0.008732553571462631,,0.0,,0.11942260712385178,,0.0,,0.0,,,0.0,0.0,,0.0016507559921592474,,0.1452331691980362,,0.005510066170245409,,0.0,,0.14027456939220428,,,,,,,,,,,,
28,11999,,0.009758831933140755,,0.0,,0.11657470464706421,,0.0,,0.0,,,0.0,0.0,,0.0018037196714431047,,0.14856763184070587,,0.004861767869442701,,0.0,,0.14078332483768463,,,,,,,,,,,,
28,12009,,0.011082174256443977,,0.0,,0.11297578364610672,,0.0,,0.0,,,0.0,0.0,,0.0023881890811026096,,0.14865580201148987,,0.006603235378861427,,0.0,,0.14085258543491364,,,,,,,,,,,,
28,12019,,0.007005271501839161,,0.0,,0.10759582370519638,,0.0,,0.0,,,0.0,0.0,,0.001373687176965177,,0.14647574722766876,,0.0036884904839098454,,0.0,,0.1330695003271103,,,,,,,,,,,,
28,12029,,0.01175379753112793,,0.0,,0.11744199693202972,,0.0,,0.0,,,0.0,0.0,,0.002097122138366103,,0.14958958327770233,,0.003880060976371169,,0.0,,0.14238128066062927,,,,,,,,,,,,
28,12039,,0.00978523027151823,,0.0,,0.10991369187831879,,0.0,,0.0,,,0.0,0.0,,0.0016629601595923305,,0.14654068648815155,,0.0042079719714820385,,0.0,,0.13605527579784393,,,,,,,,,,,,
28,12049,,0.0107252923771739,,0.0,,0.1179807260632515,,0.0,,0.0,,,0.0,0.0,,0.0016463915817439556,,0.14587284624576569,,0.003602357115596533,,0.0,,0.13991381227970123,,,,,,,,,,,,
28,12059,,0.00811314582824707,,0.0,,0.09219913184642792,,0.0,,0.0,,,0.0,0.0,,0.0011844229884445667,,0.14788848161697388,,0.0032027680426836014,,0.0,,0.12629397213459015,,,,,,,,,,,,
28,12069,,0.010568730533123016,,0.0,,0.11183109879493713,,0.0,,0.0,,,0.0,0.0,,0.0015456096734851599,,0.14918771386146545,,0.0018170417752116919,,0.0,,0.13747510313987732,,,,,,,,,,,,
28,12079,,0.010211212560534477,,0.0,,0.1133309081196785,,0.0,,0.0,,,0.0,0.0,,0.002066756598651409,,0.1457606703042984,,0.0027981027960777283,,0.0,,0.13708382844924927,,,,,,,,,,,,
28,12089,,0.009779803454875946,,0.0,,0.10768887400627136,,0.0,,0.0,,,0.0,0.0,,0.001743220491334796,,0.14788207411766052,,0.0035859181080013514,,0.0,,0.13533994555473328,,,,,,,,,,,,
28,12099,,0.009675370529294014,,0.0,,0.10194414108991623,,0.0,,0.0,,,0.0,0.0,,0.001576319569721818,,0.1472095549106598,,0.0036718882620334625,,0.0,,0.1320386528968811,,,,,,,,,,,,
28,12109,,0.00914519838988781,,0.0,,0.11909211426973343,,0.0,,0.0,,,0.0,0.0,,0.0012590172700583935,,0.14757929742336273,,0.0026094831991940737,,0.0,,0.13984256982803345,,,,,,,,,,,,
28,12119,,0.008283448405563831,,0.0,,0.11023418605327606,,0.0,,0.0,,,0.0,0.0,,0.0021184347569942474,,0.1443476676940918,,0.004614952951669693,,0.0,,0.13479934632778168,,,,,,,,,,,,
28,12129,,0.012886816635727882,,0.0,,0.12702815234661102,,0.0,,0.0,,,0.0,0.0,,0.0034367279149591923,,0.14954730868339539,,0.0031849828083068132,,0.0,,0.1480419784784317,,,,,,,,,,,,
28,12139,,0.014368678443133831,,0.0,,0.1269099861383438,,0.0,,0.0,,,0.0,0.0,,0.005173063836991787,,0.14689134061336517,,0.004403359722346067,,0.0,,0.1488732099533081,,,,,,,,,,,,
28,12149,,0.012539236806333065,,0.0,,0.12724000215530396,,0.0,,0.0,,,0.0,0.0,,0.00286020222119987,,0.14772403240203857,,0.004306333605200052,,0.0,,0.14733490347862244,,,,,,,,,,,,
28,12159,,0.007120387628674507,,0.0,,0.10434490442276001,,0.0,,0.0,,,0.0,0.0,,0.001321703544817865,,0.14415061473846436,,0.002803635085001588,,0.0,,0.12987062335014343,,,,,,,,,,,,
28,12169,,0.006948918104171753,,0.0,,0.10600677132606506,,0.0,,0.0,,,0.0,0.0,,0.0010759462602436543,,0.14593490958213806,,0.004654029384255409,,0.0,,0.13231028616428375,,,,,,,,,,,,
28,12179,,0.013409316539764404,,0.0,,0.11139015108346939,,0.0,,0.0,,,0.0,0.0,,0.0029829116538167,,0.14867177605628967,,0.003669952042400837,,0.0,,0.14006204903125763,,,,,,,,,,,,
28,12189,,0.011045940220355988,,0.0,,0.11202386021614075,,0.0,,0.0,,,0.0,0.0,,0.0015833929646760225,,0.1483202427625656,,0.006489701569080353,,0.0,,0.13973155617713928,,,,,,,,,,,,
28,12199,,0.009262407198548317,,0.0,,0.1014903262257576,,0.0,,0.0,,,0.0,0.0,,0.0014842188684269786,,0.14797534048557281,,0.004615917336195707,,0.0,,0.1324141025543213,,,,,,,,,,,,
28,12209,,0.00911586731672287,,0.0,,0.10788336396217346,,0.0,,0.0,,,0.0,0.0,,0.001728523289784789,,0.14800500869750977,,0.0035374329891055822,,0.0,,0.13513511419296265,,,,,,,,,,,,
28,12219,,0.009447266347706318,,0.0,,0.11468832194805145,,0.0,,0.0,,,0.0,0.0,,0.003113246988505125,,0.14699000120162964,,0.00455425214022398,,0.0,,0.1393965482711792,,,,,,,,,,,,
28,12229,,0.015256968326866627,,0.0,,0.12892507016658783,,0.0,,0.0,,,0.0,0.0,,0.0028005631174892187,,0.14942282438278198,,0.0031755741219967604,,0.0,,0.14979051053524017,,,,,,,,,,,,
28,12237,,,,,,,,,,,,,,,,,,,,,,,,,0.10046819597482681,0.0,0.40852227807044983,0.0,0.0,0.0,0.0,0.05476381257176399,0.25168874859809875,0.009608005173504353,0.0,0.4125255346298218
28,12237,0.009571146219968796,,0.0,,0.11076318472623825,,0.0,,0.0,,0.0,0.0,,,0.0017971574561670423,,0.1468316614627838,,0.003967358265072107,,0.0,,0.13646526634693146,,,,,,,,,,,,,
29,12239,,0.009303147904574871,,0.0,,0.10622196644544601,,0.0,,0.0,,,0.0,0.0,,0.0014580109855160117,,0.14807428419589996,,0.0037943285424262285,,0.0,,0.13442587852478027,,,,,,,,,,,,
29,12249,,0.00974141713231802,,0.0,,0.10693299770355225,,0.0,,0.0,,,0.0,0.0,,0.002239829860627651,,0.14596489071846008,,0.0032911316957324743,,0.0,,0.13408513367176056,,,,,,,,,,,,
29,12259,,0.009796560741961002,,0.0,,0.12407822906970978,,0.0,,0.0,,,0.0,0.0,,0.0015795091167092323,,0.149028941988945,,0.0040664044208824635,,0.0,,0.14427483081817627,,,,,,,,,,,,
29,12269,,0.010656610131263733,,0.0,,0.1082128956913948,,0.0,,0.0,,,0.0,0.0,,0.0015921525191515684,,0.14749234914779663,,0.005585843697190285,,0.0,,0.13676992058753967,,,,,,,,,,,,
29,12279,,0.01077600009739399,,0.0,,0.12321459501981735,,0.0,,0.0,,,0.0,0.0,,0.0024259029887616634,,0.15046769380569458,,0.003246087348088622,,0.0,,0.14506515860557556,,,,,,,,,,,,
29,12289,,0.007605749648064375,,0.0,,0.10051781684160233,,0.0,,0.0,,,0.0,0.0,,0.0011378888739272952,,0.14830684661865234,,0.004146125633269548,,0.0,,0.1308572143316269,,,,,,,,,,,,
29,12299,,0.011970683932304382,,0.0,,0.11657129228115082,,0.0,,0.0,,,0.0,0.0,,0.001683981390669942,,0.14905524253845215,,0.0035454852040857077,,0.0,,0.1414133608341217,,,,,,,,,,,,
29,12309,,0.011546323075890541,,0.0,,0.10936889052391052,,0.0,,0.0,,,0.0,0.0,,0.0018985823262482882,,0.1465434432029724,,0.0038801447954028845,,0.0,,0.1366186887025833,,,,,,,,,,,,
29,12319,,0.010142491199076176,,0.0,,0.10952181369066238,,0.0,,0.0,,,0.0,0.0,,0.0019251822959631681,,0.14452336728572845,,0.0023621423169970512,,0.0,,0.13423749804496765,,,,,,,,,,,,
29,12329,,0.00954352505505085,,0.0,,0.10541412979364395,,0.0,,0.0,,,0.0,0.0,,0.0015990318497642875,,0.1491701900959015,,0.002383747836574912,,0.0,,0.13405531644821167,,,,,,,,,,,,
29,12339,,0.011203375644981861,,0.0,,0.10897461324930191,,0.0,,0.0,,,0.0,0.0,,0.0019041112391278148,,0.1482928991317749,,0.0018773915944620967,,0.0,,0.13612619042396545,,,,,,,,,,,,
29,12349,,0.012085380032658577,,0.0,,0.12036284059286118,,0.0,,0.0,,,0.0,0.0,,0.0019889173563569784,,0.14979617297649384,,0.002551337471231818,,0.0,,0.14339232444763184,,,,,,,,,,,,
29,12359,,0.012000884860754013,,0.0,,0.11176612228155136,,0.0,,0.0,,,0.0,0.0,,0.0017099701799452305,,0.1468946486711502,,0.00327393040060997,,0.0,,0.13782277703285217,,,,,,,,,,,,
29,12369,,0.007644412107765675,,0.0,,0.12479036301374435,,0.0,,0.0,,,0.0,0.0,,0.0011685420759022236,,0.14193075895309448,,0.002589859301224351,,0.0,,0.13906197249889374,,,,,,,,,,,,
29,12379,,0.010732423514127731,,0.0,,0.11947308480739594,,0.0,,0.0,,,0.0,0.0,,0.0014394213212653995,,0.1453007161617279,,0.002479022368788719,,0.0,,0.13971231877803802,,,,,,,,,,,,
29,12389,,0.01033115666359663,,0.0,,0.1106337383389473,,0.0,,0.0,,,0.0,0.0,,0.0014153614174574614,,0.15188223123550415,,0.004016272258013487,,0.0,,0.13913938403129578,,,,,,,,,,,,
29,12399,,0.0129803866147995,,0.0,,0.10803086310625076,,0.0,,0.0,,,0.0,0.0,,0.0019715004600584507,,0.14766743779182434,,0.0035053498577326536,,0.0,,0.13707776367664337,,,,,,,,,,,,
29,12409,,0.010396162047982216,,0.0,,0.11521998792886734,,0.0,,0.0,,,0.0,0.0,,0.0016617823857814074,,0.15117034316062927,,0.0027764220722019672,,0.0,,0.14061233401298523,,,,,,,,,,,,
29,12419,,0.011045744642615318,,0.0,,0.11247935891151428,,0.0,,0.0,,,0.0,0.0,,0.0034661225508898497,,0.1492213010787964,,0.0019854174461215734,,0.0,,0.13909898698329926,,,,,,,,,,,,
29,12429,,0.008874872699379921,,0.0,,0.10498994588851929,,0.0,,0.0,,,0.0,0.0,,0.0016087808180600405,,0.14609947800636292,,0.004810656420886517,,0.0,,0.13319186866283417,,,,,,,,,,,,
29,12439,,0.01196262426674366,,0.0,,0.1131269782781601,,0.0,,0.0,,,0.0,0.0,,0.0018946811323985457,,0.14679276943206787,,0.0036823879927396774,,0.0,,0.13872972130775452,,,,,,,,,,,,
29,12449,,0.008388236165046692,,0.0,,0.11391296982765198,,0.0,,0.0,,,0.0,0.0,,0.002108902670443058,,0.14910829067230225,,0.0038319260347634554,,0.0,,0.13867516815662384,,,,,,,,,,,,
29,12459,,0.009985582903027534,,0.0,,0.10321786999702454,,0.0,,0.0,,,0.0,0.0,,0.00175479706376791,,0.1489252746105194,,0.003965361043810844,,0.0,,0.1339244395494461,,,,,,,,,,,,
29,12469,,0.011945663020014763,,0.0,,0.12387733906507492,,0.0,,0.0,,,0.0,0.0,,0.0025397557765245438,,0.14719533920288086,,0.0031415221747010946,,0.0,,0.1443498134613037,,,,,,,,,,,,
29,12479,,0.009049048647284508,,0.0,,0.11372371017932892,,0.0,,0.0,,,0.0,0.0,,0.0013198626693338156,,0.1453706920146942,,0.0028478335589170456,,0.0,,0.13615557551383972,,,,,,,,,,,,
29,12489,,0.009978724643588066,,0.0,,0.1198883056640625,,0.0,,0.0,,,0.0,0.0,,0.002382500795647502,,0.14649353921413422,,0.0032983419951051474,,0.0,,0.14102070033550262,,,,,,,,,,,,
29,12499,,0.008766992017626762,,0.0,,0.1089935228228569,,0.0,,0.0,,,0.0,0.0,,0.0013009377289563417,,0.1472533941268921,,0.006077990401536226,,0.0,,0.13619641959667206,,,,,,,,,,,,
29,12509,,0.011081859469413757,,0.0,,0.10694017261266708,,0.0,,0.0,,,0.0,0.0,,0.0017253782134503126,,0.14925828576087952,,0.005892548710107803,,0.0,,0.13744913041591644,,,,,,,,,,,,
29,12519,,0.007198729086667299,,0.0,,0.10376589745283127,,0.0,,0.0,,,0.0,0.0,,0.0011435620253905654,,0.1462031751871109,,0.003487883135676384,,0.0,,0.13089962303638458,,,,,,,,,,,,
29,12529,,0.006903807632625103,,0.0,,0.10095727443695068,,0.0,,0.0,,,0.0,0.0,,0.0009529110975563526,,0.1477922946214676,,0.005354948341846466,,0.0,,0.13098061084747314,,,,,,,,,,,,
29,12539,,0.011555233038961887,,0.0,,0.11961338669061661,,0.0,,0.0,,,0.0,0.0,,0.002527779433876276,,0.14976996183395386,,0.00317186675965786,,0.0,,0.14331910014152527,,,,,,,,,,,,
29,12549,,0.00914573110640049,,0.0,,0.10747447609901428,,0.0,,0.0,,,0.0,0.0,,0.0018902767915278673,,0.14609889686107635,,0.002399737248197198,,0.0,,0.13350455462932587,,,,,,,,,,,,
29,12559,,0.008562355302274227,,0.0,,0.10248260945081711,,0.0,,0.0,,,0.0,0.0,,0.0013442737981677055,,0.14899605512619019,,0.003039209870621562,,0.0,,0.13221225142478943,,,,,,,,,,,,
29,12569,,0.009750660508871078,,0.0,,0.11744073778390884,,0.0,,0.0,,,0.0,0.0,,0.0018876935355365276,,0.14594624936580658,,0.00501672737300396,,0.0,,0.14002102613449097,,,,,,,,,,,,
29,12579,,0.01169691700488329,,0.0,,0.1271679699420929,,0.0,,0.0,,,0.0,0.0,,0.0016690604388713837,,0.1467071771621704,,0.0047599878162145615,,0.0,,0.14600054919719696,,,,,,,,,,,,
29,12589,,0.007954148575663567,,0.0,,0.10864423215389252,,0.0,,0.0,,,0.0,0.0,,0.0012607583776116371,,0.14742468297481537,,0.007548067718744278,,0.0,,0.13641594350337982,,,,,,,,,,,,
29,12599,,0.006953882053494453,,0.0,,0.1033889651298523,,0.0,,0.0,,,0.0,0.0,,0.0012320245150476694,,0.14526769518852234,,0.002496240893378854,,0.0,,0.1296694129705429,,,,,,,,,,,,
29,12609,,0.006892213132232428,,0.0,,0.10486146807670593,,0.0,,0.0,,,0.0,0.0,,0.0015650823479518294,,0.14628924429416656,,0.0011586486361920834,,0.0,,0.13038332760334015,,,,,,,,,,,,
29,12619,,0.009508532471954823,,0.0,,0.11455129832029343,,0.0,,0.0,,,0.0,0.0,,0.0014337216271087527,,0.14311933517456055,,0.005172145087271929,,0.0,,0.13689251244068146,,,,,,,,,,,,
29,12629,,0.01012336928397417,,0.0,,0.10424022376537323,,0.0,,0.0,,,0.0,0.0,,0.0021017766557633877,,0.14680877327919006,,0.002752266125753522,,0.0,,0.13301320374011993,,,,,,,,,,,,
29,12639,,0.006530271377414465,,0.0,,0.11006070673465729,,0.0,,0.0,,,0.0,0.0,,0.0012516553979367018,,0.14469319581985474,,0.0034111870918422937,,0.0,,0.13297350704669952,,,,,,,,,,,,
29,12649,,0.009812836535274982,,0.0,,0.11600255221128464,,0.0,,0.0,,,0.0,0.0,,0.0017409827560186386,,0.14797765016555786,,0.004229134880006313,,0.0,,0.13988158106803894,,,,,,,,,,,,
29,12659,,0.010649455711245537,,0.0,,0.11941172182559967,,0.0,,0.0,,,0.0,0.0,,0.0013758791610598564,,0.14726929366588593,,0.004852053709328175,,0.0,,0.14177919924259186,,,,,,,,,,,,
29,12659,,,,,,,,,,,,,,,,,,,,,,,,,0.10007524490356445,0.0,0.4076111614704132,0.0,0.0,0.0,0.0,0.054586440324783325,0.2518969476222992,0.009589819237589836,0.0,0.4118798077106476
29,12659,0.009574726223945618,,0.0,,0.11051683127880096,,0.0,,0.0,,0.0,0.0,,,0.0017825105460360646,,0.14681582152843475,,0.003961088601499796,,0.0,,0.13632555305957794,,,,,,,,,,,,,
