epoch,step,train/L_coord_epoch,train/L_coord_step,train/L_depth_anchor_epoch,train/L_depth_anchor_step,train/L_geo_pred_pred_art_epoch,train/L_geo_pred_pred_art_step,train/L_kld_epoch,train/L_kld_step,train/L_mask_epoch,train/L_mask_step,train/L_motion_recon_epoch,train/L_motion_recon_step,train/L_motion_type_epoch,train/L_motion_type_step,train/L_origin_epoch,train/L_origin_map_epoch,train/L_origin_map_step,train/L_origin_step,train/L_p_rev_balance_epoch,train/L_p_rev_balance_step,train/L_point_3d_epoch,train/L_point_3d_step,train/L_point_map_epoch,train/L_point_map_step,train/L_traj_proj_epoch,train/L_traj_proj_step,train/L_trajectory_epoch,train/L_trajectory_m2,train/L_trajectory_step,train/L_vae_total_epoch,train/L_vae_total_step,train/loss_total_epoch,train/loss_total_step,train/p_rev_mean,val/L_coord,val/L_depth_anchor,val/L_geo_pred_pred_art,val/L_kld,val/L_mask,val/L_motion_recon,val/L_motion_type,val/L_origin,val/L_origin_map,val/L_p_rev_balance,val/L_point_3d,val/L_point_map,val/L_traj_proj,val/L_trajectory,val/L_trajectory_m2,val/L_vae_total,val/loss_total
0,9,,0.3289159834384918,,0.15477047860622406,,0.3441557288169861,,0.0,,1.4337735176086426,,1.0,,0.45117148756980896,,,0.0,0.0,,0.01309881079941988,,195.0548553466797,,6.941811561584473,,10.242642402648926,,,1.1073615550994873,,1.0,,9.591922760009766,,,,,,,,,,,,,,,,,,
0,19,,0.0745541900396347,,0.07771023362874985,,0.1841518133878708,,0.0,,1.084934949874878,,1.0,,0.3013472557067871,,,0.0,0.0,,0.0003381438727956265,,196.19578552246094,,2.885338068008423,,2.3869693279266357,,,1.1244189739227295,,1.0,,3.2733376026153564,,,,,,,,,,,,,,,,,,
0,29,,0.05895727127790451,,0.07148987054824829,,0.08739323914051056,,0.0,,0.8366472721099854,,1.0,,0.2948051393032074,,,0.0,0.0,,0.000664766295813024,,200.7115936279297,,2.412181854248047,,1.4553477764129639,,,1.0357730388641357,,1.0,,2.4263837337493896,,,,,,,,,,,,,,,,,,
0,39,,0.0654694065451622,,0.020174114033579826,,0.06535622477531433,,0.0,,0.6522777080535889,,1.0,,0.3381684422492981,,,0.0,0.0,,0.0002977491822093725,,197.990478515625,,1.6965832710266113,,1.752075433731079,,,1.3060922622680664,,1.0,,2.0999743938446045,,,,,,,,,,,,,,,,,,
0,39,,,,,,,,,,,,,,,,,,,,,,,,,,,,,,,,,,,0.08527658134698868,0.035841286182403564,0.07250902056694031,0.0,1.023612380027771,1.0,0.3478322923183441,0.0,0.0,0.0007473622099496424,198.11009216308594,1.434548258781433,1.8021342754364014,1.2823655605316162,2.001966714859009,1.0,2.198330879211426
0,39,0.13752791285514832,,0.12361432611942291,,0.20073607563972473,,0.0,,2.247239589691162,,1.0,,0.39195311069488525,,0.0,0.0,,,0.01266076136380434,,201.7293701171875,,5.989820957183838,,9.727197647094727,,1.1538732051849365,2.023801803588867,,1.0,,9.139104843139648,,0.2806776165962219,,,,,,,,,,,,,,,,,
1,49,,0.056061290204524994,,0.020617039874196053,,0.05184777081012726,,0.0,,0.5387454032897949,,1.0,,0.3476191461086273,,,0.0,0.0,,0.0007079074275679886,,200.75921630859375,,1.883931279182434,,2.0067758560180664,,,1.2305822372436523,,1.0,,2.258604049682617,,,,,,,,,,,,,,,,,,
1,59,,0.05299647897481918,,0.03905871883034706,,0.044502951204776764,,0.0,,0.46443453431129456,,1.0,,0.31802254915237427,,,0.0,0.0,,5.237461664364673e-06,,205.08786010742188,,1.6967029571533203,,0.7477843761444092,,,1.3493914604187012,,1.0,,1.504941463470459,,,,,,,,,,,,,,,,,,
1,69,,0.04813925176858902,,0.023535707965493202,,0.03945545852184296,,0.0,,0.41134488582611084,,1.0,,0.31964290142059326,,,0.0,0.0,,1.2136169402765518e-08,,209.25595092773438,,1.562828540802002,,3.9566667079925537,,,1.2690393924713135,,1.0,,3.0052032470703125,,,,,,,,,,,,,,,,,,
1,79,,0.04111381620168686,,0.03214680403470993,,0.03591754287481308,,0.0,,0.4429055452346802,,1.0,,0.32502976059913635,,,0.0,0.0,,2.467275771778077e-05,,200.97607421875,,1.2592161893844604,,0.9295186400413513,,,1.210921287536621,,1.0,,1.3560545444488525,,,,,,,,,,,,,,,,,,
1,79,,,,,,,,,,,,,,,,,,,,,,,,,,,,,,,,,,,0.029588911682367325,0.03159979358315468,0.03580664470791817,0.0,0.3818585276603699,1.0,0.33145710825920105,0.0,0.0,0.00018799792451318353,196.5941925048828,0.8224802613258362,0.8235756158828735,1.5241143703460693,2.046252965927124,1.0,1.0482261180877686
1,79,0.048624131828546524,,0.048869241029024124,,0.045274291187524796,,0.0,,0.5046452283859253,,1.0,,0.3290901482105255,,0.0,0.0,,,0.00022235864889808,,201.99246215820312,,1.5661790370941162,,1.3885496854782104,,1.3170236349105835,2.08016037940979,,1.0,,1.7830724716186523,,0.23361262679100037,,,,,,,,,,,,,,,,,
2,89,,0.0533280149102211,,0.060040127485990524,,0.0356016680598259,,0.0,,0.361209899187088,,1.0,,0.32709646224975586,,,0.0,0.0,,3.4398490242892876e-05,,205.1162109375,,0.9259120225906372,,1.2336732149124146,,,1.5718133449554443,,1.0,,1.3206590414047241,,,,,,,,,,,,,,,,,,
2,99,,0.052608318626880646,,0.06474192440509796,,0.027722662314772606,,0.0,,0.34978407621383667,,1.0,,0.30502158403396606,,,0.0,0.0,,0.00023102789418771863,,197.69378662109375,,0.9269335269927979,,1.5104302167892456,,,1.4278550148010254,,1.0,,1.455136775970459,,,,,,,,,,,,,,,,,,
2,109,,0.03905545920133591,,0.03191929683089256,,0.031861405819654465,,0.0,,0.33868157863616943,,1.0,,0.3277894854545593,,,0.0,0.0,,4.690051355282776e-05,,199.788818359375,,0.757595419883728,,1.74562406539917,,,1.3354790210723877,,1.0,,1.459647536277771,,,,,,,,,,,,,,,,,,
2,119,,0.05351407825946808,,0.05472629889845848,,0.029706820845603943,,0.0,,0.31819719076156616,,1.0,,0.32568567991256714,,,0.0,0.0,,8.563173651054967e-06,,206.6623992919922,,0.6379637122154236,,0.9086958765983582,,,1.4915807247161865,,1.0,,0.9895235896110535,,,,,,,,,,,,,,,,,,
2,119,,,,,,,,,,,,,,,,,,,,,,,,,,,,,,,,,,,0.023352378979325294,0.03500911593437195,0.02723788656294346,0.0,0.32099613547325134,1.0,0.32726579904556274,0.0,0.0,8.816488116281107e-05,197.14500427246094,0.4208533763885498,0.7677818536758423,1.6170713901519775,2.0631332397460938,1.0,0.78676438331604
2,119,0.04437214881181717,,0.037676647305488586,,0.03117584064602852,,0.0,,0.3694150149822235,,1.0,,0.3252578377723694,,0.0,0.0,,,9.928012877935544e-05,,202.19081115722656,,0.8845240473747253,,1.1795836687088013,,1.4104739427566528,2.1100072860717773,,1.0,,1.2609531879425049,,0.22913780808448792,,,,,,,,,,,,,,,,,
3,129,,0.045928504317998886,,0.041704099625349045,,0.026710715144872665,,0.0,,0.29097428917884827,,1.0,,0.3390059471130371,,,0.0,0.0,,0.0002615477715153247,,201.2017059326172,,0.5318249464035034,,1.2778725624084473,,,1.5605192184448242,,1.0,,1.0969539880752563,,,,,,,,,,,,,,,,,,
3,139,,0.025735365226864815,,0.015224258415400982,,0.02136596292257309,,0.0,,0.2796756327152252,,1.0,,0.3338891863822937,,,0.0,0.0,,0.00014383398229256272,,207.2192840576172,,0.47649243474006653,,0.7854269742965698,,,1.3977773189544678,,1.0,,0.7934858202934265,,,,,,,,,,,,,,,,,,
3,149,,0.032991986721754074,,0.04556887224316597,,0.02421369031071663,,0.0,,0.28285712003707886,,1.0,,0.3198814392089844,,,0.0,0.0,,7.068262675602455e-06,,202.779296875,,0.45268893241882324,,0.6290363669395447,,,1.380563497543335,,1.0,,0.7239965200424194,,,,,,,,,,,,,,,,,,
3,159,,0.027472205460071564,,0.016399670392274857,,0.02100624144077301,,0.0,,0.29222041368484497,,1.0,,0.3144932687282562,,,0.0,0.0,,3.698852742672898e-05,,208.80966186523438,,0.40183648467063904,,0.5868582129478455,,,1.3101916313171387,,1.0,,0.6645125150680542,,,,,,,,,,,,,,,,,,
3,159,,,,,,,,,,,,,,,,,,,,,,,,,,,,,,,,,,,0.023117734119296074,0.015344997867941856,0.0217063557356596,0.0,0.26073944568634033,1.0,0.3245570659637451,0.0,0.0,3.280451346654445e-05,196.90127563476562,0.2799283266067505,0.7173287868499756,1.708107352256775,2.080289363861084,1.0,0.6504166126251221
3,159,0.034603916108608246,,0.032980892807245255,,0.02347433753311634,,0.0,,0.2977319657802582,,1.0,,0.3246110677719116,,0.0,0.0,,,7.851619739085436e-05,,202.15440368652344,,0.49166959524154663,,1.0869925022125244,,1.4690512418746948,2.1272292137145996,,1.0,,0.9743762016296387,,0.2276872843503952,,,,,,,,,,,,,,,,,
4,169,,0.024330539628863335,,0.008312314748764038,,0.01748785376548767,,0.0,,0.25987258553504944,,1.0,,0.3252077102661133,,,0.0,0.0,,8.768461157160345e-06,,202.95494079589844,,0.3778575658798218,,0.4526778757572174,,,1.4409708976745605,,1.0,,0.5632786154747009,,,,,,,,,,,,,,,,,,
4,179,,0.02750610187649727,,0.028046192601323128,,0.016526345163583755,,0.0,,0.26015913486480713,,1.0,,0.3071784973144531,,,0.0,0.0,,0.0002291216078447178,,202.0045623779297,,0.3259827792644501,,0.5178927779197693,,,1.5663785934448242,,1.0,,0.5815607309341431,,,,,,,,,,,,,,,,,,
4,189,,0.02496432512998581,,0.005860367324203253,,0.018736202269792557,,0.0,,0.25074106454849243,,1.0,,0.3437255024909973,,,0.0,0.0,,0.00043102583731524646,,212.24642944335938,,0.32834532856941223,,0.601709246635437,,,1.3207485675811768,,1.0,,0.6078993082046509,,,,,,,,,,,,,,,,,,
4,199,,0.026902321726083755,,0.004832310136407614,,0.017802253365516663,,0.0,,0.224769726395607,,1.0,,0.32158583402633667,,,0.0,0.0,,3.42518013951576e-10,,204.05955505371094,,0.29644575715065,,0.6815178394317627,,,1.5213251113891602,,1.0,,0.6190141439437866,,,,,,,,,,,,,,,,,,
4,199,,,,,,,,,,,,,,,,,,,,,,,,,,,,,,,,,,,0.022169340401887894,0.00690099922940135,0.019588623195886612,0.0,0.238095223903656,1.0,0.3260476589202881,0.0,0.0,2.4963605028460734e-05,197.36366271972656,0.2455659806728363,0.6134468913078308,1.6556448936462402,2.069506883621216,1.0,0.565060555934906
4,199,0.026505744084715843,,0.02093714103102684,,0.01945607177913189,,0.0,,0.2615619897842407,,1.0,,0.32623589038848877,,0.0,0.0,,,0.0001271584042115137,,202.5406036376953,,0.33733975887298584,,0.6794874668121338,,1.490159273147583,2.144214153289795,,1.0,,0.6649252772331238,,0.22861218452453613,,,,,,,,,,,,,,,,,
5,209,,0.023380551487207413,,0.0034805010072886944,,0.020781543105840683,,0.0,,0.22226236760616302,,1.0,,0.3371341824531555,,,0.0,0.0,,0.00019059618352912366,,200.68783569335938,,0.2766687273979187,,0.26967111229896545,,,2.34059739112854,,1.0,,0.39990511536598206,,,,,,,,,,,,,,,,,,
5,219,,0.023232480511069298,,0.006517315749078989,,0.019422003999352455,,0.0,,0.24801401793956757,,1.0,,0.3237694799900055,,,0.0,0.0,,1.7317279343842529e-06,,209.46774291992188,,0.2846977114677429,,0.5011187195777893,,,1.2752043008804321,,1.0,,0.5337331891059875,,,,,,,,,,,,,,,,,,
5,229,,0.021952152252197266,,0.009172861464321613,,0.018908165395259857,,0.0,,0.2219238579273224,,1.0,,0.3255043029785156,,,0.0,0.0,,6.430080702557461e-06,,196.56784057617188,,0.2833266854286194,,0.467531681060791,,,1.3145259618759155,,1.0,,0.5038476586341858,,,,,,,,,,,,,,,,,,
5,239,,0.019777163863182068,,0.011648399755358696,,0.01839223876595497,,0.0,,0.23755063116550446,,1.0,,0.3363911509513855,,,0.0,0.0,,0.00016353327373508364,,197.6105194091797,,0.28493553400039673,,0.4059756398200989,,,1.412760615348816,,1.0,,0.48186469078063965,,,,,,,,,,,,,,,,,,
5,239,,,,,,,,,,,,,,,,,,,,,,,,,,,,,,,,,,,0.01878603920340538,0.008484686724841595,0.018974080681800842,0.0,0.2113915979862213,1.0,0.33056727051734924,0.0,0.0,8.481890836264938e-05,198.3598175048828,0.23140457272529602,0.544709324836731,1.6088201999664307,2.0603654384613037,1.0,0.5093279480934143
5,239,0.0226883627474308,,0.016803760081529617,,0.017934279516339302,,0.0,,0.23052223026752472,,1.0,,0.324651837348938,,0.0,0.0,,,0.00010868200479308143,,202.58486938476562,,0.28505390882492065,,0.5707435011863708,,1.4475123882293701,2.1156086921691895,,1.0,,0.5647536516189575,,0.22690948843955994,,,,,,,,,,,,,,,,,
6,249,,0.018904713913798332,,0.00598818389698863,,0.018514012917876244,,0.0,,0.20715929567813873,,1.0,,0.33600547909736633,,,0.0,0.0,,0.000178544782102108,,200.8789520263672,,0.2712423503398895,,0.3609038293361664,,,1.4971593618392944,,1.0,,0.434039831161499,,,,,,,,,,,,,,,,,,
6,259,,0.01563449390232563,,0.005962981842458248,,0.01764128915965557,,0.0,,0.2065504789352417,,1.0,,0.31753501296043396,,,0.0,0.0,,3.239179932279512e-05,,204.60781860351562,,0.25576359033584595,,0.4203794598579407,,,1.256109356880188,,1.0,,0.45392581820487976,,,,,,,,,,,,,,,,,,
6,269,,0.02341233193874359,,0.00530650932341814,,0.016622647643089294,,0.0,,0.20536789298057556,,1.0,,0.3317442834377289,,,0.0,0.0,,7.144534174585715e-05,,204.53280639648438,,0.2521774172782898,,0.4758085310459137,,,1.4266955852508545,,1.0,,0.4827343225479126,,,,,,,,,,,,,,,,,,
6,279,,0.01648230105638504,,0.00961530301719904,,0.01678818091750145,,0.0,,0.20851317048072815,,1.0,,0.3092428147792816,,,0.0,0.0,,0.00015941493620630354,,200.6897430419922,,0.25906801223754883,,0.44674190878868103,,,1.4548990726470947,,1.0,,0.4719688892364502,,,,,,,,,,,,,,,,,,
6,279,,,,,,,,,,,,,,,,,,,,,,,,,,,,,,,,,,,0.017384018748998642,0.004052844364196062,0.01754242554306984,0.0,0.1964307427406311,1.0,0.3312455713748932,0.0,0.0,0.00011401468509575352,198.07736206054688,0.21495774388313293,0.49047306180000305,1.5550529956817627,2.0497541427612305,1.0,0.46346044540405273
6,279,0.019965894520282745,,0.010455991141498089,,0.017197148874402046,,0.0,,0.20582476258277893,,1.0,,0.32401448488235474,,0.0,0.0,,,6.839829438831657e-05,,202.87547302246094,,0.26352232694625854,,0.489848792552948,,1.4042980670928955,2.115506410598755,,1.0,,0.4965628683567047,,0.22600683569908142,,,,,,,,,,,,,,,,,
7,289,,0.01918989233672619,,0.00286527699790895,,0.014478495344519615,,0.0,,0.18334859609603882,,1.0,,0.32297182083129883,,,0.0,0.0,,2.054044216492912e-06,,199.21084594726562,,0.2409747838973999,,0.46768662333488464,,,1.3246945142745972,,1.0,,0.45848146080970764,,,,,,,,,,,,,,,,,,
7,299,,0.017055172473192215,,0.0053962538950145245,,0.014114946126937866,,0.0,,0.18839557468891144,,1.0,,0.31381338834762573,,,0.0,0.0,,8.221803727792576e-05,,194.00198364257812,,0.24957215785980225,,0.3689487874507904,,,1.5559892654418945,,1.0,,0.41613656282424927,,,,,,,,,,,,,,,,,,
7,309,,0.018880967050790787,,0.0068909828551113605,,0.014818358235061169,,0.0,,0.19788283109664917,,1.0,,0.3457685708999634,,,0.0,0.0,,0.0005168070201762021,,198.33297729492188,,0.2552074193954468,,0.4642396569252014,,,1.6234463453292847,,1.0,,0.47329118847846985,,,,,,,,,,,,,,,,,,
7,319,,0.020571332424879074,,0.01549044530838728,,0.01654873415827751,,0.0,,0.19596627354621887,,1.0,,0.3264855444431305,,,0.0,0.0,,9.806813977775164e-06,,207.91299438476562,,0.24010874330997467,,0.37328383326530457,,,1.4037518501281738,,1.0,,0.4243701100349426,,,,,,,,,,,,,,,,,,
7,319,,,,,,,,,,,,,,,,,,,,,,,,,,,,,,,,,,,0.01742176152765751,0.004997752606868744,0.015871454030275345,0.0,0.18774892389774323,1.0,0.31593868136405945,0.0,0.0,9.608644904801622e-05,198.38011169433594,0.2103738784790039,0.5026155710220337,1.5505461692810059,2.0494041442871094,1.0,0.4632141888141632
7,319,0.018001051619648933,,0.010396165773272514,,0.015616139397025108,,0.0,,0.19193018972873688,,1.0,,0.326166570186615,,0.0,0.0,,,0.00017792527796700597,,202.88340759277344,,0.2523767352104187,,0.4435725808143616,,1.3927242755889893,2.106491804122925,,1.0,,0.45978888869285583,,0.22820723056793213,,,,,,,,,,,,,,,,,
8,329,,0.013704756274819374,,0.0033518201671540737,,0.017525305971503258,,0.0,,0.19840127229690552,,1.0,,0.3261125385761261,,,0.0,0.0,,1.3765660696662962e-05,,198.37936401367188,,0.25792115926742554,,0.33113548159599304,,,1.333853006362915,,1.0,,0.4040166437625885,,,,,,,,,,,,,,,,,,
8,339,,0.014089081436395645,,0.026482148095965385,,0.0136759914457798,,0.0,,0.1741955280303955,,1.0,,0.3373747766017914,,,0.0,0.0,,0.00020759968901984394,,211.2937469482422,,0.24866637587547302,,0.4261368215084076,,,1.3687944412231445,,1.0,,0.4462563991546631,,,,,,,,,,,,,,,,,,
8,349,,0.014899449422955513,,0.0057259718887507915,,0.013427060097455978,,0.0,,0.15488316118717194,,1.0,,0.3234493136405945,,,0.0,0.0,,6.244296173463226e-07,,209.08023071289062,,0.23217345774173737,,0.535912275314331,,,1.4930129051208496,,1.0,,0.4731401801109314,,,,,,,,,,,,,,,,,,
8,359,,0.014009078964591026,,0.004868695046752691,,0.01451042853295803,,0.0,,0.16463571786880493,,1.0,,0.33982524275779724,,,0.0,0.0,,0.00028121209470555186,,204.1111297607422,,0.2386413812637329,,0.3591226637363434,,,1.3870657682418823,,1.0,,0.39223042130470276,,,,,,,,,,,,,,,,,,
8,359,,,,,,,,,,,,,,,,,,,,,,,,,,,,,,,,,,,0.016336888074874878,0.0053877453319728374,0.014385424554347992,0.0,0.1755480319261551,1.0,0.3370276987552643,0.0,0.0,0.00035411943099461496,198.05453491210938,0.20424243807792664,0.5059973001480103,1.544541835784912,2.0480246543884277,1.0,0.45537182688713074
8,359,0.01696336641907692,,0.00870558526366949,,0.014296552166342735,,0.0,,0.17900535464286804,,1.0,,0.3233017921447754,,0.0,0.0,,,7.411114347632974e-05,,202.97189331054688,,0.24347469210624695,,0.391153484582901,,1.3947906494140625,2.097874879837036,,1.0,,0.4211179316043854,,0.2256445437669754,,,,,,,,,,,,,,,,,
9,369,,0.01462618913501501,,0.004680640064179897,,0.014697136357426643,,0.0,,0.1636890172958374,,1.0,,0.32559069991111755,,,0.0,0.0,,9.845957720244769e-06,,202.36550903320312,,0.23169417679309845,,0.3496258854866028,,,1.2473315000534058,,1.0,,0.3836325705051422,,,,,,,,,,,,,,,,,,
9,379,,0.01500930730253458,,0.006449226755648851,,0.013212384656071663,,0.0,,0.15413357317447662,,1.0,,0.32190293073654175,,,0.0,0.0,,8.37426512134698e-07,,199.03268432617188,,0.2325356900691986,,0.4046459496021271,,,1.4638341665267944,,1.0,,0.4077085256576538,,,,,,,,,,,,,,,,,,
9,389,,0.015131119638681412,,0.0049451133236289024,,0.012820239178836346,,0.0,,0.14973050355911255,,1.0,,0.30639341473579407,,,0.0,0.0,,0.00023707440414000303,,213.7662811279297,,0.23726187646389008,,0.5102063417434692,,,1.3897223472595215,,1.0,,0.4600380063056946,,,,,,,,,,,,,,,,,,
9,399,,0.016406230628490448,,0.01829971745610237,,0.015405234880745411,,0.0,,0.15742042660713196,,1.0,,0.332059383392334,,,0.0,0.0,,9.316261275671422e-05,,200.30270385742188,,0.24540752172470093,,0.4068121910095215,,,1.4325439929962158,,1.0,,0.42376014590263367,,,,,,,,,,,,,,,,,,
9,399,,,,,,,,,,,,,,,,,,,,,,,,,,,,,,,,,,,0.01606258749961853,0.005309129133820534,0.014065107330679893,0.0,0.1733415573835373,1.0,0.32683640718460083,0.0,0.0,5.984168819850311e-05,198.24179077148438,0.20269258320331573,0.42012012004852295,1.5228369235992432,2.0444343090057373,1.0,0.4101994037628174
9,399,0.01605970412492752,,0.007314986549317837,,0.01384675968438387,,0.0,,0.16750168800354004,,1.0,,0.32482314109802246,,0.0,0.0,,,0.0001393917336827144,,203.198486328125,,0.23756316304206848,,0.36881136894226074,,1.3861083984375,2.100336790084839,,1.0,,0.4000798165798187,,0.2274111956357956,,,,,,,,,,,,,,,,,
10,409,,0.016549790278077126,,0.0022931545972824097,,0.010705839842557907,,0.0,,0.14835618436336517,,1.0,,0.3211479187011719,,,0.0,0.0,,1.4255298310672515e-06,,205.06724548339844,,0.22877267003059387,,0.3103177845478058,,,1.3781343698501587,,1.0,,0.3542160987854004,,,,,,,,,,,,,,,,,,
10,419,,0.015972787514328957,,0.010770373046398163,,0.012683438137173653,,0.0,,0.146577849984169,,1.0,,0.32507428526878357,,,0.0,0.0,,1.0081321306643076e-05,,202.1654510498047,,0.2325790822505951,,0.489727258682251,,,1.2850415706634521,,1.0,,0.44908708333969116,,,,,,,,,,,,,,,,,,
10,429,,0.014790195040404797,,0.009817915968596935,,0.014437314122915268,,0.0,,0.15267662703990936,,1.0,,0.3193219304084778,,,0.0,0.0,,4.21239292336395e-06,,189.23486328125,,0.23747937381267548,,0.42437297105789185,,,1.37798273563385,,1.0,,0.42101436853408813,,,,,,,,,,,,,,,,,,
10,439,,0.01570645347237587,,0.002844851464033127,,0.012876181863248348,,0.0,,0.1785588562488556,,1.0,,0.33106353878974915,,,0.0,0.0,,8.383158274227753e-05,,213.26510620117188,,0.2445322871208191,,0.30926433205604553,,,1.17100191116333,,1.0,,0.37678292393684387,,,,,,,,,,,,,,,,,,
10,439,,,,,,,,,,,,,,,,,,,,,,,,,,,,,,,,,,,0.014918612316250801,0.0045486981980502605,0.012974651530385017,0.0,0.1733887642621994,1.0,0.32195574045181274,0.0,0.0,4.102995080756955e-05,197.55601501464844,0.19774049520492554,0.3745467960834503,1.540645956993103,2.048959732055664,1.0,0.38388964533805847
10,439,0.014846064150333405,,0.007130838930606842,,0.012518191710114479,,0.0,,0.15617704391479492,,1.0,,0.3231412172317505,,0.0,0.0,,,7.3892020736821e-05,,203.2400360107422,,0.23354682326316833,,0.3412949740886688,,1.3887001276016235,2.104813575744629,,1.0,,0.37778669595718384,,0.22618243098258972,,,,,,,,,,,,,,,,,
11,449,,0.013361776247620583,,0.011813418008387089,,0.010839037597179413,,0.0,,0.14999651908874512,,1.0,,0.3307642936706543,,,0.0,0.0,,7.790226663928479e-05,,203.2862548828125,,0.2255864441394806,,0.341948926448822,,,1.610762596130371,,1.0,,0.37247639894485474,,,,,,,,,,,,,,,,,,
11,459,,0.014683276414871216,,0.004584865644574165,,0.01196932140737772,,0.0,,0.14078587293624878,,1.0,,0.32279378175735474,,,0.0,0.0,,9.253084840565862e-07,,207.55584716796875,,0.22239065170288086,,0.3849073052406311,,,1.4175910949707031,,1.0,,0.3848733901977539,,,,,,,,,,,,,,,,,,
11,469,,0.01805322989821434,,0.01413912046700716,,0.014316067099571228,,0.0,,0.1482507884502411,,1.0,,0.32753801345825195,,,0.0,0.0,,2.951174792542588e-05,,206.1528778076172,,0.21679645776748657,,0.34159666299819946,,,1.3927202224731445,,1.0,,0.37086448073387146,,,,,,,,,,,,,,,,,,
11,479,,0.011994773522019386,,0.002121697412803769,,0.012268994003534317,,0.0,,0.1579250991344452,,1.0,,0.30531176924705505,,,0.0,0.0,,0.0002509762125555426,,203.55215454101562,,0.22525498270988464,,0.27888256311416626,,,1.2458314895629883,,1.0,,0.3394419550895691,,,,,,,,,,,,,,,,,,
11,479,,,,,,,,,,,,,,,,,,,,,,,,,,,,,,,,,,,0.01422281563282013,0.00293799233622849,0.012958663515746593,0.0,0.1668151468038559,1.0,0.3146194517612457,0.0,0.0,0.00012957358558196574,198.00523376464844,0.19509783387184143,0.4117228090763092,1.570677638053894,2.05491304397583,1.0,0.3967589735984802
11,479,0.014428326860070229,,0.009427222423255444,,0.012033593840897083,,0.0,,0.15245743095874786,,1.0,,0.3229725956916809,,0.0,0.0,,,0.00010330606164643541,,203.00650024414062,,0.22992098331451416,,0.32225966453552246,,1.3972499370574951,2.1024959087371826,,1.0,,0.3655017912387848,,0.22625119984149933,,,,,,,,,,,,,,,,,
12,489,,0.015098555013537407,,0.002504868432879448,,0.01075594313442707,,0.0,,0.14245560765266418,,1.0,,0.32278862595558167,,,0.0,0.0,,3.7195466120465426e-06,,198.2611083984375,,0.22930149734020233,,0.22155362367630005,,,1.4441437721252441,,1.0,,0.3065344989299774,,,,,,,,,,,,,,,,,,
12,499,,0.011253414675593376,,0.0032210499048233032,,0.01184220053255558,,0.0,,0.1368551254272461,,1.0,,0.31841781735420227,,,0.0,0.0,,7.597504918521736e-06,,210.18423461914062,,0.21985994279384613,,0.2685369849205017,,,1.343464970588684,,1.0,,0.3210512697696686,,,,,,,,,,,,,,,,,,
12,509,,0.014767482876777649,,0.024348894134163857,,0.011167177930474281,,0.0,,0.15600615739822388,,1.0,,0.339054673910141,,,0.0,0.0,,0.0002833511389326304,,201.99264526367188,,0.22821050882339478,,0.3109680116176605,,,1.345429539680481,,1.0,,0.3684089481830597,,,,,,,,,,,,,,,,,,
12,519,,0.01622787117958069,,0.002911422634497285,,0.010263090021908283,,0.0,,0.14848382771015167,,1.0,,0.31226596236228943,,,0.0,0.0,,7.898420881247148e-05,,197.1625213623047,,0.22331416606903076,,0.3082466721534729,,,1.3579825162887573,,1.0,,0.35065779089927673,,,,,,,,,,,,,,,,,,
12,519,,,,,,,,,,,,,,,,,,,,,,,,,,,,,,,,,,,0.014503797516226768,0.0025739255361258984,0.011690234765410423,0.0,0.16141647100448608,1.0,0.3185544013977051,0.0,0.0,5.691421392839402e-05,197.77993774414062,0.19137153029441833,0.43003711104393005,1.5661852359771729,2.0548441410064697,1.0,0.4011489152908325
12,519,0.01360389031469822,,0.007411071565002203,,0.011278165504336357,,0.0,,0.1432969868183136,,1.0,,0.321915864944458,,0.0,0.0,,,8.86319758137688e-05,,203.1084442138672,,0.22409172356128693,,0.29893162846565247,,1.4085603952407837,2.1106770038604736,,1.0,,0.34483975172042847,,0.22564800083637238,,,,,,,,,,,,,,,,,
13,529,,0.01201816275715828,,0.00653200875967741,,0.010836975648999214,,0.0,,0.12007094919681549,,1.0,,0.3163376748561859,,,0.0,0.0,,1.0012739949161187e-05,,205.00596618652344,,0.2246534675359726,,0.25132614374160767,,,1.066322922706604,,1.0,,0.3083890974521637,,,,,,,,,,,,,,,,,,
13,539,,0.012958463281393051,,0.004387590102851391,,0.011065040715038776,,0.0,,0.11511141806840897,,1.0,,0.3183971345424652,,,0.0,0.0,,8.955745215644129e-06,,210.36276245117188,,0.21188989281654358,,0.29495278000831604,,,1.405216097831726,,1.0,,0.3207610547542572,,,,,,,,,,,,,,,,,,
13,549,,0.014878543093800545,,0.019638879224658012,,0.012896194122731686,,0.0,,0.13731251657009125,,1.0,,0.32863378524780273,,,0.0,0.0,,5.884810525458306e-05,,194.57272338867188,,0.2191191017627716,,0.31295865774154663,,,1.8991632461547852,,1.0,,0.3532728850841522,,,,,,,,,,,,,,,,,,
13,559,,0.011610300280153751,,0.0009648117702454329,,0.010783517733216286,,0.0,,0.1483161896467209,,1.0,,0.3152586817741394,,,0.0,0.0,,4.197698945063166e-05,,203.11619567871094,,0.21748220920562744,,0.18646930158138275,,,1.2570710182189941,,1.0,,0.28352075815200806,,,,,,,,,,,,,,,,,,
13,559,,,,,,,,,,,,,,,,,,,,,,,,,,,,,,,,,,,0.013572178781032562,0.0050079431384801865,0.0119271045550704,0.0,0.15911053121089935,1.0,0.3212149739265442,0.0,0.0,8.475113281747326e-05,198.48577880859375,0.2010478526353836,0.38507330417633057,1.5559371709823608,2.0529913902282715,1.0,0.3831409811973572
13,559,0.01327389758080244,,0.007330780383199453,,0.01119312085211277,,0.0,,0.1371879130601883,,1.0,,0.32310599088668823,,0.0,0.0,,,6.367562309606001e-05,,203.0703582763672,,0.22014634311199188,,0.26660317182540894,,1.4040182828903198,2.1059861183166504,,1.0,,0.3234221339225769,,0.22703659534454346,,,,,,,,,,,,,,,,,
14,569,,0.01749144308269024,,0.007627506274729967,,0.009490718133747578,,0.0,,0.13366875052452087,,1.0,,0.3133847117424011,,,0.0,0.0,,5.8116973377764225e-05,,203.42138671875,,0.21655192971229553,,0.784599781036377,,,1.5263609886169434,,1.0,,0.5809478759765625,,,,,,,,,,,,,,,,,,
14,579,,0.018871156498789787,,0.012099741958081722,,0.010340897366404533,,0.0,,0.14686822891235352,,1.0,,0.33071938157081604,,,0.0,0.0,,7.208964962046593e-05,,199.14132690429688,,0.2185390740633011,,0.20017127692699432,,,1.4253981113433838,,1.0,,0.29934486746788025,,,,,,,,,,,,,,,,,,
14,589,,0.011178454384207726,,0.0013853490818291903,,0.010738220065832138,,0.0,,0.14388257265090942,,1.0,,0.32611551880836487,,,0.0,0.0,,1.8568367522675544e-05,,199.4222869873047,,0.22534941136837006,,0.19584250450134277,,,1.4584767818450928,,1.0,,0.2899022698402405,,,,,,,,,,,,,,,,,,
14,599,,0.016786858439445496,,0.004100838676095009,,0.009298029355704784,,0.0,,0.12362771481275558,,1.0,,0.31565675139427185,,,0.0,0.0,,2.2488227841677144e-05,,201.04148864746094,,0.2238822877407074,,0.7730116248130798,,,1.6162647008895874,,1.0,,0.5716456770896912,,,,,,,,,,,,,,,,,,
14,599,,,,,,,,,,,,,,,,,,,,,,,,,,,,,,,,,,,0.014219719916582108,0.002600273583084345,0.010473143309354782,0.0,0.15678799152374268,1.0,0.3226674795150757,0.0,0.0,6.188452243804932e-05,198.50106811523438,0.19210264086723328,0.4111747443675995,1.6258893013000488,2.065469741821289,1.0,0.38952094316482544
14,599,0.013505463488399982,,0.01176023855805397,,0.010149452835321426,,0.0,,0.13290420174598694,,1.0,,0.32240408658981323,,0.0,0.0,,,4.1533268813509494e-05,,202.9201202392578,,0.21832475066184998,,0.3600986897945404,,1.4404191970825195,2.113797664642334,,1.0,,0.36933234333992004,,0.2264145314693451,,,,,,,,,,,,,,,,,
15,609,,0.013516364619135857,,0.003125538118183613,,0.009725564159452915,,0.0,,0.134261354804039,,1.0,,0.32331913709640503,,,0.0,0.0,,6.265271167649189e-06,,201.2020263671875,,0.2195579707622528,,0.2604670524597168,,,1.5269887447357178,,1.0,,0.31643983721733093,,,,,,,,,,,,,,,,,,
15,619,,0.00884691160172224,,0.01383448950946331,,0.008963780477643013,,0.0,,0.12661340832710266,,1.0,,0.32039278745651245,,,0.0,0.0,,1.3286352213981445e-06,,201.77120971679688,,0.21087278425693512,,0.19976447522640228,,,1.204198956489563,,1.0,,0.28086307644844055,,,,,,,,,,,,,,,,,,
15,629,,0.012989070266485214,,0.004159640986472368,,0.009735697880387306,,0.0,,0.11803723871707916,,1.0,,0.33523672819137573,,,0.0,0.0,,0.0001871736894827336,,204.43728637695312,,0.21852192282676697,,0.26681697368621826,,,1.7039473056793213,,1.0,,0.31132957339286804,,,,,,,,,,,,,,,,,,
15,639,,0.010641572065651417,,0.0017399541102349758,,0.009767224080860615,,0.0,,0.14223802089691162,,1.0,,0.3182292878627777,,,0.0,0.0,,6.17770410826779e-06,,201.61798095703125,,0.20543572306632996,,0.23054511845111847,,,1.2880120277404785,,1.0,,0.29628002643585205,,,,,,,,,,,,,,,,,,
15,639,,,,,,,,,,,,,,,,,,,,,,,,,,,,,,,,,,,0.013052882626652718,0.004156628157943487,0.010211172513663769,0.0,0.15670260787010193,1.0,0.32084354758262634,0.0,0.0,1.649846490181517e-05,198.15057373046875,0.20165763795375824,0.38700446486473083,1.6401987075805664,2.0686099529266357,1.0,0.382316529750824
15,639,0.012192079797387123,,0.007512896321713924,,0.009815485216677189,,0.0,,0.1317984163761139,,1.0,,0.32213085889816284,,0.0,0.0,,,4.957737837685272e-05,,203.24948120117188,,0.21468830108642578,,0.22019974887371063,,1.456344723701477,2.1229026317596436,,1.0,,0.29420205950737,,0.2260686159133911,,,,,,,,,,,,,,,,,
16,649,,0.013696013018488884,,0.0015895375981926918,,0.010706152766942978,,0.0,,0.12651678919792175,,1.0,,0.3182591199874878,,,0.0,0.0,,1.0235959962301422e-05,,201.9691162109375,,0.21992164850234985,,0.22342005372047424,,,1.53360915184021,,1.0,,0.29364776611328125,,,,,,,,,,,,,,,,,,
16,659,,0.011771146208047867,,0.014288725331425667,,0.009315515868365765,,0.0,,0.11588221043348312,,1.0,,0.3229140043258667,,,0.0,0.0,,7.4941090133506805e-06,,197.9144744873047,,0.21156202256679535,,0.18538625538349152,,,1.4783766269683838,,1.0,,0.2703804671764374,,,,,,,,,,,,,,,,,,
16,669,,0.015032866969704628,,0.004135703202337027,,0.0102729182690382,,0.0,,0.12046930193901062,,1.0,,0.3192100524902344,,,0.0,0.0,,2.0993529687984847e-06,,204.69711303710938,,0.21759133040905,,0.16463276743888855,,,1.4016205072402954,,1.0,,0.2619593143463135,,,,,,,,,,,,,,,,,,
16,679,,0.01821763813495636,,0.0027091260999441147,,0.008819783106446266,,0.0,,0.11420268565416336,,1.0,,0.3183439373970032,,,0.0,0.0,,1.4246048749555484e-06,,198.99002075195312,,0.221585214138031,,0.19145116209983826,,,1.5248308181762695,,1.0,,0.2749656140804291,,,,,,,,,,,,,,,,,,
16,679,,,,,,,,,,,,,,,,,,,,,,,,,,,,,,,,,,,0.01257892046123743,0.005643199197947979,0.009568356908857822,0.0,0.14976347982883453,1.0,0.3241371810436249,0.0,0.0,6.219635542947799e-05,198.48243713378906,0.1887800395488739,0.3840464651584625,1.663820505142212,2.0726048946380615,1.0,0.37139397859573364
16,679,0.012037351727485657,,0.007075857371091843,,0.00956888310611248,,0.0,,0.12454458326101303,,1.0,,0.3218688368797302,,0.0,0.0,,,8.097189129330218e-05,,203.10801696777344,,0.21427161991596222,,0.2028261423110962,,1.4731724262237549,2.1201376914978027,,1.0,,0.28137511014938354,,0.22619767487049103,,,,,,,,,,,,,,,,,
17,689,,0.012700589373707771,,0.0019122788216918707,,0.008912411518394947,,0.0,,0.1261482536792755,,1.0,,0.3362715542316437,,,0.0,0.0,,0.00022101994545664638,,204.68698120117188,,0.21138110756874084,,0.155806764960289,,,1.3481584787368774,,1.0,,0.2549762427806854,,,,,,,,,,,,,,,,,,
17,699,,0.01340683363378048,,0.001680035493336618,,0.010452305898070335,,0.0,,0.11504057794809341,,1.0,,0.3217211663722992,,,0.0,0.0,,1.1467028571132687e-06,,204.05892944335938,,0.210841566324234,,0.16357605159282684,,,1.387455940246582,,1.0,,0.25331830978393555,,,,,,,,,,,,,,,,,,
17,709,,0.010713672265410423,,0.009082862176001072,,0.009627847000956535,,0.0,,0.11104995757341385,,1.0,,0.3148512840270996,,,0.0,0.0,,2.4313907488249242e-05,,202.92971801757812,,0.20409069955348969,,0.16470348834991455,,,1.28635573387146,,1.0,,0.25079527497291565,,,,,,,,,,,,,,,,,,
17,719,,0.010940694250166416,,0.008918595500290394,,0.008242619223892689,,0.0,,0.13558371365070343,,1.0,,0.32929936051368713,,,0.0,0.0,,8.909006282920018e-05,,208.5935516357422,,0.20494817197322845,,0.18824931979179382,,,1.2739466428756714,,1.0,,0.27518904209136963,,,,,,,,,,,,,,,,,,
17,719,,,,,,,,,,,,,,,,,,,,,,,,,,,,,,,,,,,0.012849466875195503,0.00564485602080822,0.01018601469695568,0.0,0.1530935913324356,1.0,0.32874739170074463,0.0,0.0,0.00010991151793859899,198.78541564941406,0.196225106716156,0.3885476589202881,1.698180913925171,2.079820156097412,1.0,0.37925392389297485
17,719,0.011741431429982185,,0.006723745260387659,,0.009412338957190514,,0.0,,0.11979657411575317,,1.0,,0.32154273986816406,,0.0,0.0,,,7.22922122804448e-05,,203.14804077148438,,0.21040646731853485,,0.19810782372951508,,1.4883204698562622,2.1333823204040527,,1.0,,0.2743653953075409,,0.22619959712028503,,,,,,,,,,,,,,,,,
18,729,,0.019071700051426888,,0.0022959276102483273,,0.01034308597445488,,0.0,,0.12394464761018753,,1.0,,0.3188404142856598,,,0.0,0.0,,8.702507443558716e-07,,201.1450653076172,,0.20786190032958984,,0.175788015127182,,,1.861801028251648,,1.0,,0.26551583409309387,,,,,,,,,,,,,,,,,,
18,739,,0.05760923773050308,,0.00454732496291399,,0.008220494724810123,,0.0,,0.10089096426963806,,1.0,,0.31777477264404297,,,0.0,0.0,,4.636603534891037e-06,,200.98403930664062,,0.20268893241882324,,0.3587642312049866,,,1.3969355821609497,,1.0,,0.3630746901035309,,,,,,,,,,,,,,,,,,
18,749,,0.009155679494142532,,0.0041630021296441555,,0.010303692892193794,,0.0,,0.12571527063846588,,1.0,,0.31059733033180237,,,0.0,0.0,,8.102071296889335e-05,,207.12057495117188,,0.21192485094070435,,0.2304149568080902,,,1.5960965156555176,,1.0,,0.2917577624320984,,,,,,,,,,,,,,,,,,
18,759,,0.011172723956406116,,0.0013175945496186614,,0.007705124095082283,,0.0,,0.12186606973409653,,1.0,,0.3295612335205078,,,0.0,0.0,,8.271764090750366e-05,,204.466796875,,0.22011876106262207,,0.1589924395084381,,,1.4797699451446533,,1.0,,0.25754567980766296,,,,,,,,,,,,,,,,,,
18,759,,,,,,,,,,,,,,,,,,,,,,,,,,,,,,,,,,,0.012190517038106918,0.007101711351424456,0.009468660689890385,0.0,0.14904730021953583,1.0,0.3243512809276581,0.0,0.0,6.21099752606824e-05,198.38951110839844,0.19059370458126068,0.3822399079799652,1.7836686372756958,2.0967538356781006,1.0,0.37156450748443604
18,759,0.021739549934864044,,0.0076888082548975945,,0.009461576119065285,,0.0,,0.12153023481369019,,1.0,,0.3209412097930908,,0.0,0.0,,,4.482908843783662e-05,,203.19998168945312,,0.2111021727323532,,0.2860441207885742,,1.5198761224746704,2.1436944007873535,,1.0,,0.32502099871635437,,0.22600534558296204,,,,,,,,,,,,,,,,,
19,769,,0.010384423658251762,,0.0030549417715519667,,0.008462303318083286,,0.0,,0.1230974793434143,,1.0,,0.3235071003437042,,,0.0,0.0,,1.8207985704066232e-05,,206.35366821289062,,0.2169385850429535,,0.1400090903043747,,,1.359748363494873,,1.0,,0.2475976049900055,,,,,,,,,,,,,,,,,,
19,779,,0.013355175964534283,,0.0019633150659501553,,0.00966884195804596,,0.0,,0.13218706846237183,,1.0,,0.3275997042655945,,,0.0,0.0,,5.602882811217569e-05,,205.0998992919922,,0.20075032114982605,,0.147149458527565,,,1.36985445022583,,1.0,,0.24869754910469055,,,,,,,,,,,,,,,,,,
19,789,,0.012289714068174362,,0.0037855871487408876,,0.009106243029236794,,0.0,,0.12221145629882812,,1.0,,0.3294501304626465,,,0.0,0.0,,8.103734580799937e-05,,207.4092254638672,,0.20649442076683044,,0.18171919882297516,,,1.5105924606323242,,1.0,,0.2642013430595398,,,,,,,,,,,,,,,,,,
19,799,,0.013255428522825241,,0.003556247800588608,,0.009817512705922127,,0.0,,0.1189652606844902,,1.0,,0.3275788128376007,,,0.0,0.0,,5.5965047067729756e-05,,202.4281005859375,,0.21658959984779358,,0.16591140627861023,,,1.4489169120788574,,1.0,,0.26014870405197144,,,,,,,,,,,,,,,,,,
19,799,,,,,,,,,,,,,,,,,,,,,,,,,,,,,,,,,,,0.012386249378323555,0.007095896638929844,0.00810361746698618,0.0,0.14906533062458038,1.0,0.3172265887260437,0.0,0.0,7.855152944102883e-05,199.23057556152344,0.18801924586296082,0.365700900554657,1.7674477100372314,2.093695640563965,1.0,0.36198344826698303
19,799,0.010917792096734047,,0.005401462782174349,,0.008467020466923714,,0.0,,0.12060137093067169,,1.0,,0.3211085796356201,,0.0,0.0,,,4.053982411278412e-05,,203.2877655029297,,0.20923280715942383,,0.17291507124900818,,1.5542653799057007,2.1566948890686035,,1.0,,0.26040124893188477,,0.22651326656341553,,,,,,,,,,,,,,,,,
20,809,,0.010947267524898052,,0.0019011638360098004,,0.007428083568811417,,0.0,,0.13295352458953857,,1.0,,0.333585649728775,,,0.0,0.0,,0.00019454403081908822,,205.31222534179688,,0.21700021624565125,,0.1622154414653778,,,1.2625279426574707,,1.0,,0.26334887742996216,,,,,,,,,,,,,,,,,,
20,819,,0.01049664244055748,,0.016294868662953377,,0.008342621847987175,,0.0,,0.11051344126462936,,1.0,,0.3016124665737152,,,0.0,0.0,,0.0003282422840129584,,209.68133544921875,,0.20337516069412231,,0.19566287100315094,,,1.5710008144378662,,1.0,,0.2691698968410492,,,,,,,,,,,,,,,,,,
20,829,,0.012653108686208725,,0.0024030094500631094,,0.007665297947824001,,0.0,,0.12657605111598969,,1.0,,0.31835049390792847,,,0.0,0.0,,2.4495290062986896e-07,,199.9285125732422,,0.2086743414402008,,0.17329367995262146,,,1.4654721021652222,,1.0,,0.2625667452812195,,,,,,,,,,,,,,,,,,
20,839,,0.01112641952931881,,0.00821695290505886,,0.007925836369395256,,0.0,,0.09953200817108154,,1.0,,0.3167690336704254,,,0.0,0.0,,3.362044481036719e-06,,204.9278564453125,,0.20770403742790222,,0.11700457334518433,,,1.872894525527954,,1.0,,0.2225862592458725,,,,,,,,,,,,,,,,,,
20,839,,,,,,,,,,,,,,,,,,,,,,,,,,,,,,,,,,,0.01204067561775446,0.0024776908103376627,0.007758159190416336,0.0,0.14691804349422455,1.0,0.3206249475479126,0.0,0.0,1.888752194645349e-05,198.46786499023438,0.18924783170223236,0.43610405921936035,1.8131091594696045,2.1005330085754395,1.0,0.39417943358421326
20,839,0.010596072301268578,,0.006525126285851002,,0.007707059383392334,,0.0,,0.11289523541927338,,1.0,,0.32020944356918335,,0.0,0.0,,,8.93708856892772e-05,,203.5715789794922,,0.2060810774564743,,0.15193496644496918,,1.5705679655075073,2.1643757820129395,,1.0,,0.24483168125152588,,0.2256803959608078,,,,,,,,,,,,,,,,,
21,849,,0.007416290231049061,,0.0020604520104825497,,0.007006221450865269,,0.0,,0.11396504938602448,,1.0,,0.31654345989227295,,,0.0,0.0,,1.0020946319855284e-05,,206.3872528076172,,0.20300112664699554,,0.14858610928058624,,,1.856995701789856,,1.0,,0.23822014033794403,,,,,,,,,,,,,,,,,,
21,859,,0.009779674932360649,,0.006629175040870905,,0.008745654486119747,,0.0,,0.09547650068998337,,1.0,,0.3231613039970398,,,0.0,0.0,,1.3218780622992199e-05,,209.0168914794922,,0.19964498281478882,,0.13556037843227386,,,1.4047482013702393,,1.0,,0.2244265377521515,,,,,,,,,,,,,,,,,,
21,869,,0.01159231923520565,,0.006451372057199478,,0.007085304707288742,,0.0,,0.10132429003715515,,1.0,,0.29865342378616333,,,0.0,0.0,,0.000399750133510679,,209.96786499023438,,0.19693654775619507,,0.10941006243228912,,,1.9712916612625122,,1.0,,0.2137656956911087,,,,,,,,,,,,,,,,,,
21,879,,0.008418135344982147,,0.0009800633415579796,,0.0069834040477871895,,0.0,,0.09731608629226685,,1.0,,0.3148307800292969,,,0.0,0.0,,1.713383971946314e-05,,201.7880096435547,,0.20287537574768066,,0.11447833478450775,,,1.5710875988006592,,1.0,,0.21274089813232422,,,,,,,,,,,,,,,,,,
21,879,,,,,,,,,,,,,,,,,,,,,,,,,,,,,,,,,,,0.011851842515170574,0.005782610271126032,0.007485645357519388,0.0,0.14608143270015717,1.0,0.32066231966018677,0.0,0.0,1.2092154065612704e-05,198.17088317871094,0.18279977142810822,0.44687044620513916,1.8061368465423584,2.099970579147339,1.0,0.3974476456642151
21,879,0.010125717148184776,,0.004995506722480059,,0.007848422974348068,,0.0,,0.11030038446187973,,1.0,,0.3200576901435852,,0.0,0.0,,,4.805914795724675e-05,,203.2736358642578,,0.2028939425945282,,0.1353246420621872,,1.5726258754730225,2.153831720352173,,1.0,,0.23262901604175568,,0.22579404711723328,,,,,,,,,,,,,,,,,
22,889,,0.007535903714597225,,0.022227652370929718,,0.007952312007546425,,0.0,,0.11878098547458649,,1.0,,0.32287073135375977,,,0.0,0.0,,1.2928593605465721e-05,,211.95556640625,,0.20456674695014954,,0.16620223224163055,,,1.5820139646530151,,1.0,,0.26045846939086914,,,,,,,,,,,,,,,,,,
22,899,,0.012251771986484528,,0.004780294839292765,,0.00723078940063715,,0.0,,0.0986134335398674,,1.0,,0.31555014848709106,,,0.0,0.0,,1.69002541952068e-05,,207.1650848388672,,0.20127426087856293,,0.25502410531044006,,,1.3833818435668945,,1.0,,0.2867034673690796,,,,,,,,,,,,,,,,,,
22,909,,0.012783709913492203,,0.006230156868696213,,0.0062227025628089905,,0.0,,0.09803742915391922,,1.0,,0.3187749683856964,,,0.0,0.0,,2.7200464103316335e-11,,208.2933349609375,,0.19920390844345093,,0.11992263793945312,,,1.3319098949432373,,1.0,,0.21871118247509003,,,,,,,,,,,,,,,,,,
22,919,,0.008461596444249153,,0.012354065664112568,,0.0069417646154761314,,0.0,,0.11558391153812408,,1.0,,0.32088977098464966,,,0.0,0.0,,1.6180039210667019e-06,,202.94566345214844,,0.19496649503707886,,0.14158982038497925,,,1.519007921218872,,1.0,,0.2371729165315628,,,,,,,,,,,,,,,,,,
22,919,,,,,,,,,,,,,,,,,,,,,,,,,,,,,,,,,,,0.011762280948460102,0.006337728817015886,0.006913695950061083,0.0,0.14127199351787567,1.0,0.31329962611198425,0.0,0.0,8.118919504340738e-05,199.20204162597656,0.18673215806484222,0.40486013889312744,1.8331248760223389,2.105437755584717,1.0,0.3762141168117523
22,919,0.010043260641396046,,0.007968654856085777,,0.0072212605737149715,,0.0,,0.10599122196435928,,1.0,,0.3199763894081116,,0.0,0.0,,,4.538244684226811e-05,,203.62911987304688,,0.20162919163703918,,0.13548514246940613,,1.5818208456039429,2.164099931716919,,1.0,,0.23130349814891815,,0.22581784427165985,,,,,,,,,,,,,,,,,
23,929,,0.008729756809771061,,0.0014506613370031118,,0.006561013869941235,,0.0,,0.09201746433973312,,1.0,,0.3189956545829773,,,0.0,0.0,,8.860576272695653e-09,,196.4703826904297,,0.1964275985956192,,0.14201639592647552,,,1.8064383268356323,,1.0,,0.2209770381450653,,,,,,,,,,,,,,,,,,
23,939,,0.009090637788176537,,0.0014773585135117173,,0.006803332827985287,,0.0,,0.11006364226341248,,1.0,,0.3128238618373871,,,0.0,0.0,,3.6255765735404566e-05,,197.8057861328125,,0.2035568356513977,,0.11789088696241379,,,2.7635464668273926,,1.0,,0.22173814475536346,,,,,,,,,,,,,,,,,,
23,949,,0.007801164407283068,,0.007054027169942856,,0.005926143378019333,,0.0,,0.09716144949197769,,1.0,,0.3141331672668457,,,0.0,0.0,,2.163508179364726e-05,,204.33163452148438,,0.20401106774806976,,0.16083364188671112,,,1.537380576133728,,1.0,,0.23903411626815796,,,,,,,,,,,,,,,,,,
23,959,,0.006500880233943462,,0.002529699122533202,,0.0066569652408361435,,0.0,,0.1067909449338913,,1.0,,0.31907233595848083,,,0.0,0.0,,4.8144961795060226e-08,,204.3020477294922,,0.194181427359581,,0.09071628004312515,,,1.7564847469329834,,1.0,,0.2010253369808197,,,,,,,,,,,,,,,,,,
23,959,,,,,,,,,,,,,,,,,,,,,,,,,,,,,,,,,,,0.011483941227197647,0.006635618861764669,0.007082438562065363,0.0,0.14851248264312744,1.0,0.31836506724357605,0.0,0.0,6.628840310440864e-06,198.48965454101562,0.18643562495708466,0.40677762031555176,1.8508683443069458,2.1088430881500244,1.0,0.38063421845436096
23,959,0.009750100784003735,,0.004326277412474155,,0.00700816884636879,,0.0,,0.10469198226928711,,1.0,,0.3200560510158539,,0.0,0.0,,,2.6395744498586282e-05,,203.44020080566406,,0.19982042908668518,,0.132558673620224,,1.6024643182754517,2.1727261543273926,,1.0,,0.22628772258758545,,0.22598762810230255,,,,,,,,,,,,,,,,,
24,969,,0.007219171617180109,,0.003649474587291479,,0.007426063530147076,,0.0,,0.10387204587459564,,1.0,,0.31397199630737305,,,0.0,0.0,,2.4254721211036667e-05,,203.6730194091797,,0.20418548583984375,,0.10267786681652069,,,1.4081652164459229,,1.0,,0.21155676245689392,,,,,,,,,,,,,,,,,,
24,979,,0.009139846079051495,,0.0012540421448647976,,0.0058260345831513405,,0.0,,0.11312885582447052,,1.0,,0.32280492782592773,,,0.0,0.0,,1.5814637663424946e-05,,199.3033905029297,,0.1996871381998062,,0.10043840110301971,,,1.2898024320602417,,1.0,,0.21241465210914612,,,,,,,,,,,,,,,,,,
24,989,,0.008189541287720203,,0.0035729422233998775,,0.007251284085214138,,0.0,,0.10501125454902649,,1.0,,0.32136183977127075,,,0.0,0.0,,3.4939705528813647e-06,,205.9130859375,,0.19219708442687988,,0.07703118771314621,,,1.696969747543335,,1.0,,0.19372788071632385,,,,,,,,,,,,,,,,,,
24,999,,0.010453103110194206,,0.002169941086322069,,0.007073378190398216,,0.0,,0.08814771473407745,,1.0,,0.32820653915405273,,,0.0,0.0,,8.699087629793212e-05,,202.22154235839844,,0.21130281686782837,,0.14191658794879913,,,1.5376317501068115,,1.0,,0.227745920419693,,,,,,,,,,,,,,,,,,
24,999,,,,,,,,,,,,,,,,,,,,,,,,,,,,,,,,,,,0.011493789963424206,0.003996402956545353,0.0066299340687692165,0.0,0.13951492309570312,1.0,0.31566184759140015,0.0,0.0,3.260773155489005e-05,198.4424285888672,0.18274693191051483,0.394031822681427,1.8692882061004639,2.1129157543182373,1.0,0.36657124757766724
24,999,0.009600117802619934,,0.003949991427361965,,0.006890777498483658,,0.0,,0.10106384754180908,,1.0,,0.3202366828918457,,0.0,0.0,,,3.119999746559188e-05,,203.2071075439453,,0.20032572746276855,,0.1045425683259964,,1.617946982383728,2.1698415279388428,,1.0,,0.21044579148292542,,0.22621336579322815,,,,,,,,,,,,,,,,,
25,1009,,0.012627876363694668,,0.0013825125060975552,,0.006437713745981455,,0.0,,0.09554693847894669,,1.0,,0.3349013328552246,,,0.0,0.0,,0.00021205215307418257,,201.16082763671875,,0.202894926071167,,0.07693511247634888,,,2.8522894382476807,,1.0,,0.19544346630573273,,,,,,,,,,,,,,,,,,
25,1019,,0.01158221997320652,,0.01110689528286457,,0.008158505894243717,,0.0,,0.07993762195110321,,1.0,,0.3192429542541504,,,0.0,0.0,,2.9878322038712213e-12,,210.53964233398438,,0.2067791074514389,,0.14002656936645508,,,1.653135061264038,,1.0,,0.22553206980228424,,,,,,,,,,,,,,,,,,
25,1029,,0.008358567953109741,,0.0020029600709676743,,0.007471241056919098,,0.0,,0.10062194615602493,,1.0,,0.31912630796432495,,,0.0,0.0,,1.4462241892942984e-07,,201.0572509765625,,0.2021155059337616,,0.08443310111761093,,,1.4519133567810059,,1.0,,0.199513241648674,,,,,,,,,,,,,,,,,,
25,1039,,0.00923132710158825,,0.024979429319500923,,0.006272122263908386,,0.0,,0.0934969112277031,,1.0,,0.32395046949386597,,,0.0,0.0,,1.6905891243368387e-05,,202.12612915039062,,0.1947641670703888,,0.13744138181209564,,,1.6662626266479492,,1.0,,0.230592280626297,,,,,,,,,,,,,,,,,,
25,1039,,,,,,,,,,,,,,,,,,,,,,,,,,,,,,,,,,,0.011452175676822662,0.004429589491337538,0.006693893577903509,0.0,0.1412934511899948,1.0,0.31869325041770935,0.0,0.0,4.370212263893336e-05,198.43772888183594,0.18389546871185303,0.45668381452560425,1.8699270486831665,2.1122143268585205,1.0,0.39956843852996826
25,1039,0.009288874454796314,,0.0039481110870838165,,0.006756712682545185,,0.0,,0.09805642068386078,,1.0,,0.31934839487075806,,0.0,0.0,,,3.793661744566634e-05,,203.27554321289062,,0.19780884683132172,,0.09883641451597214,,1.620779037475586,2.1686315536499023,,1.0,,0.2046639621257782,,0.22539667785167694,,,,,,,,,,,,,,,,,
26,1049,,0.007883347570896149,,0.0003202663210686296,,0.006481931544840336,,0.0,,0.10205624997615814,,1.0,,0.3239580988883972,,,0.0,0.0,,2.6720606911112554e-05,,198.67623901367188,,0.19629284739494324,,0.0946197435259819,,,1.5059804916381836,,1.0,,0.20124778151512146,,,,,,,,,,,,,,,,,,
26,1059,,0.00994344986975193,,0.0010356466518715024,,0.005871306639164686,,0.0,,0.08197607845067978,,1.0,,0.31799572706222534,,,0.0,0.0,,3.938385617630047e-08,,203.2231903076172,,0.20079617202281952,,0.09288711100816727,,,1.5919950008392334,,1.0,,0.19390638172626495,,,,,,,,,,,,,,,,,,
26,1069,,0.008225568570196629,,0.011806490831077099,,0.0074165938422083855,,0.0,,0.10151462256908417,,1.0,,0.3244553506374359,,,0.0,0.0,,2.27188975259196e-05,,202.06692504882812,,0.19631926715373993,,0.08233191072940826,,,1.5549793243408203,,1.0,,0.2008519470691681,,,,,,,,,,,,,,,,,,
26,1079,,0.008085047826170921,,0.0020194039680063725,,0.005446534603834152,,0.0,,0.10061180591583252,,1.0,,0.32441672682762146,,,0.0,0.0,,3.0057422918616794e-05,,206.5489959716797,,0.19669435918331146,,0.10787902027368546,,,1.7289750576019287,,1.0,,0.2082045078277588,,,,,,,,,,,,,,,,,,
26,1079,,,,,,,,,,,,,,,,,,,,,,,,,,,,,,,,,,,0.011026243679225445,0.00850945059210062,0.006491265259683132,0.0,0.13948896527290344,1.0,0.3218078315258026,0.0,0.0,2.6593192160362378e-05,198.4491424560547,0.1799040287733078,0.3861488997936249,1.8924444913864136,2.1165058612823486,1.0,0.36320123076438904
26,1079,0.008902305737137794,,0.0044890898279845715,,0.006721475161612034,,0.0,,0.09708219766616821,,1.0,,0.3196582794189453,,0.0,0.0,,,4.175195499556139e-05,,203.19772338867188,,0.19663864374160767,,0.10592623054981232,,1.632813811302185,2.1667253971099854,,1.0,,0.20721223950386047,,0.2257959395647049,,,,,,,,,,,,,,,,,
27,1089,,0.008334074169397354,,0.002968504326418042,,0.007275640033185482,,0.0,,0.10540265589952469,,1.0,,0.3243025839328766,,,0.0,0.0,,2.644755477376748e-05,,212.34451293945312,,0.19457104802131653,,0.14730052649974823,,,1.41005539894104,,1.0,,0.2300291806459427,,,,,,,,,,,,,,,,,,
27,1099,,0.012234759517014027,,0.0016511130379512906,,0.007825035601854324,,0.0,,0.084335096180439,,1.0,,0.3305761218070984,,,0.0,0.0,,0.00011942911078222096,,204.113525390625,,0.1999225914478302,,0.1860802173614502,,,1.8056210279464722,,1.0,,0.2429540902376175,,,,,,,,,,,,,,,,,,
27,1109,,0.013887055218219757,,0.004439161624759436,,0.0060417549684643745,,0.0,,0.09938770532608032,,1.0,,0.3128323554992676,,,0.0,0.0,,4.6817072870908305e-05,,195.4738006591797,,0.19676603376865387,,0.16946731507778168,,,1.4125041961669922,,1.0,,0.24260123074054718,,,,,,,,,,,,,,,,,,
27,1119,,0.008379217237234116,,0.0019824320916086435,,0.004798035137355328,,0.0,,0.10600721091032028,,1.0,,0.31134384870529175,,,0.0,0.0,,4.843523493036628e-05,,202.9287109375,,0.18995089828968048,,0.07301561534404755,,,1.5723109245300293,,1.0,,0.19017168879508972,,,,,,,,,,,,,,,,,,
27,1119,,,,,,,,,,,,,,,,,,,,,,,,,,,,,,,,,,,0.011213740333914757,0.0056196111254394054,0.006295187398791313,0.0,0.14197061955928802,1.0,0.3174499571323395,0.0,0.0,3.215824472135864e-05,198.6927032470703,0.17931556701660156,0.42307472229003906,1.9221134185791016,2.122640609741211,1.0,0.3812427222728729
27,1119,0.009071125648915768,,0.006070481613278389,,0.006684931460767984,,0.0,,0.09598477184772491,,1.0,,0.31972333788871765,,0.0,0.0,,,4.615781290340237e-05,,203.5481719970703,,0.19524726271629333,,0.11196921020746231,,1.6456772089004517,2.1826987266540527,,1.0,,0.20986302196979523,,0.22593998908996582,,,,,,,,,,,,,,,,,
28,1129,,0.008081571198999882,,0.0006532547413371503,,0.006697320379316807,,0.0,,0.09931609779596329,,1.0,,0.3167809545993805,,,0.0,0.0,,2.8094527806388214e-06,,205.3145751953125,,0.19368186593055725,,0.10041093826293945,,,1.789566993713379,,1.0,,0.2017430067062378,,,,,,,,,,,,,,,,,,
28,1139,,0.008020235225558281,,0.001565926126204431,,0.006168903782963753,,0.0,,0.1016368567943573,,1.0,,0.3191734254360199,,,0.0,0.0,,1.9800584993845405e-07,,208.16500854492188,,0.19371871650218964,,0.07384420931339264,,,1.6675230264663696,,1.0,,0.1900099664926529,,,,,,,,,,,,,,,,,,
28,1149,,0.00781875941902399,,0.0010560033842921257,,0.006375852040946484,,0.0,,0.10748571157455444,,1.0,,0.3178415298461914,,,0.0,0.0,,8.17692793475544e-08,,205.58421325683594,,0.1952057182788849,,0.07157377898693085,,,1.841113805770874,,1.0,,0.19220761954784393,,,,,,,,,,,,,,,,,,
28,1159,,0.007189253345131874,,0.013912705704569817,,0.006895538419485092,,0.0,,0.11424694955348969,,1.0,,0.3210594058036804,,,0.0,0.0,,4.914008513878798e-06,,201.1409149169922,,0.19689828157424927,,0.10694548487663269,,,1.7672901153564453,,1.0,,0.22028835117816925,,,,,,,,,,,,,,,,,,
28,1159,,,,,,,,,,,,,,,,,,,,,,,,,,,,,,,,,,,0.010748532600700855,0.0032114898785948753,0.006001467816531658,0.0,0.13718761503696442,1.0,0.314728707075119,0.0,0.0,4.8286794481100515e-05,198.44461059570312,0.17984116077423096,0.37694013118743896,1.9362504482269287,2.125042676925659,1.0,0.3545887768268585
28,1159,0.008533590473234653,,0.003966853953897953,,0.006543945521116257,,0.0,,0.09344915300607681,,1.0,,0.3195641040802002,,0.0,0.0,,,2.0301911717979237e-05,,203.4890899658203,,0.1935349851846695,,0.08933189511299133,,1.6335527896881104,2.1932709217071533,,1.0,,0.19507277011871338,,0.22592929005622864,,,,,,,,,,,,,,,,,
29,1169,,0.007142708636820316,,0.0011873738840222359,,0.006257185712456703,,0.0,,0.10145789384841919,,1.0,,0.3188648223876953,,,0.0,0.0,,2.148466364815249e-07,,208.61474609375,,0.19328266382217407,,0.09673251956701279,,,2.412465810775757,,1.0,,0.20052741467952728,,,,,,,,,,,,,,,,,,
29,1179,,0.007573249284178019,,0.0023952603805810213,,0.006916343700140715,,0.0,,0.089901864528656,,1.0,,0.3182365298271179,,,0.0,0.0,,9.11769859612832e-09,,203.81900024414062,,0.1917364001274109,,0.07081086933612823,,,1.3851706981658936,,1.0,,0.18190047144889832,,,,,,,,,,,,,,,,,,
29,1189,,0.00752239627763629,,0.008988411165773869,,0.005407731980085373,,0.0,,0.09732603281736374,,1.0,,0.3186478614807129,,,0.0,0.0,,2.5971274908442865e-08,,211.0894012451172,,0.18920034170150757,,0.12396438419818878,,,1.7206699848175049,,1.0,,0.2140415906906128,,,,,,,,,,,,,,,,,,
29,1199,,0.0075673433020710945,,0.003409200580790639,,0.006436683237552643,,0.0,,0.08746452629566193,,1.0,,0.3158992528915405,,,0.0,0.0,,7.61904220780707e-06,,199.04611206054688,,0.19184592366218567,,0.10417402535676956,,,1.4382774829864502,,1.0,,0.19787800312042236,,,,,,,,,,,,,,,,,,
29,1199,,,,,,,,,,,,,,,,,,,,,,,,,,,,,,,,,,,0.01080799475312233,0.0036485011223703623,0.005978788714855909,0.0,0.1494484543800354,1.0,0.3134034276008606,0.0,0.0,7.19979070709087e-05,199.0775146484375,0.18836286664009094,0.401307076215744,1.9588596820831299,2.1295604705810547,1.0,0.3774213194847107
29,1199,0.008432215079665184,,0.005358587019145489,,0.006275341846048832,,0.0,,0.09197518229484558,,1.0,,0.319345086812973,,0.0,0.0,,,2.4617635062895715e-05,,203.4480743408203,,0.19290223717689514,,0.09188372641801834,,1.6822490692138672,2.1911585330963135,,1.0,,0.19591578841209412,,0.2257079780101776,,,,,,,,,,,,,,,,,
30,1209,,0.008734368719160557,,0.008557558991014957,,0.005819432437419891,,0.0,,0.09057102352380753,,1.0,,0.32353639602661133,,,0.0,0.0,,2.475765359122306e-05,,205.5074920654297,,0.19622106850147247,,0.07689984887838364,,,1.7606322765350342,,1.0,,0.1910862773656845,,,,,,,,,,,,,,,,,,
30,1219,,0.007495613768696785,,0.0030998303554952145,,0.006435687653720379,,0.0,,0.09655382484197617,,1.0,,0.3256132900714874,,,0.0,0.0,,4.9788999604061246e-05,,199.76022338867188,,0.194647878408432,,0.0917624831199646,,,1.3790252208709717,,1.0,,0.19744828343391418,,,,,,,,,,,,,,,,,,
30,1229,,0.007486583199352026,,0.0008650275995023549,,0.005546087399125099,,0.0,,0.0864240750670433,,1.0,,0.3289102613925934,,,0.0,0.0,,9.844190208241343e-05,,206.84898376464844,,0.18814298510551453,,0.0951572135090828,,,1.4779019355773926,,1.0,,0.1896417737007141,,,,,,,,,,,,,,,,,,
30,1239,,0.00727632874622941,,0.0027526640333235264,,0.004395453725010157,,0.0,,0.10177482664585114,,1.0,,0.315998375415802,,,0.0,0.0,,5.434411377791548e-06,,206.97312927246094,,0.19043214619159698,,0.08303666114807129,,,1.627206563949585,,1.0,,0.19307856261730194,,,,,,,,,,,,,,,,,,
30,1239,,,,,,,,,,,,,,,,,,,,,,,,,,,,,,,,,,,0.010637588798999786,0.0022114648018032312,0.005712571553885937,0.0,0.13641957938671112,1.0,0.31391963362693787,0.0,0.0,4.076611730852164e-05,198.47088623046875,0.18008103966712952,0.3869050443172455,1.9749830961227417,2.1331582069396973,1.0,0.35871902108192444
30,1239,0.008064237423241138,,0.004568028729408979,,0.006260013673454523,,0.0,,0.09071287512779236,,1.0,,0.3187139630317688,,0.0,0.0,,,6.615976599277928e-05,,203.62240600585938,,0.19169875979423523,,0.08583047986030579,,1.6902986764907837,2.183624029159546,,1.0,,0.1910962462425232,,0.22516460716724396,,,,,,,,,,,,,,,,,
31,1249,,0.0063328975811600685,,0.0009289613226428628,,0.005780612584203482,,0.0,,0.07402054220438004,,1.0,,0.31053486466407776,,,0.0,0.0,,5.9125748521182686e-05,,206.18624877929688,,0.18544282019138336,,0.0730477124452591,,,1.5504248142242432,,1.0,,0.17049409449100494,,,,,,,,,,,,,,,,,,
31,1259,,0.008577074855566025,,0.0013723975280299783,,0.005524065811187029,,0.0,,0.08089122176170349,,1.0,,0.32865533232688904,,,0.0,0.0,,0.00011184693721588701,,205.3860321044922,,0.18862521648406982,,0.06144333630800247,,,1.7069348096847534,,1.0,,0.17106294631958008,,,,,,,,,,,,,,,,,,
31,1269,,0.007950950413942337,,0.0019091428257524967,,0.005413291975855827,,0.0,,0.08284679055213928,,1.0,,0.3139818012714386,,,0.0,0.0,,1.77642323251348e-05,,203.38792419433594,,0.18916450440883636,,0.07667245715856552,,,1.3791954517364502,,1.0,,0.1798221319913864,,,,,,,,,,,,,,,,,,
31,1279,,0.007986584678292274,,0.005066084675490856,,0.005366821773350239,,0.0,,0.07747438549995422,,1.0,,0.31652697920799255,,,0.0,0.0,,1.4717286376253469e-06,,209.25448608398438,,0.18820464611053467,,0.09898166358470917,,,1.7399990558624268,,1.0,,0.18939410150051117,,,,,,,,,,,,,,,,,,
31,1279,,,,,,,,,,,,,,,,,,,,,,,,,,,,,,,,,,,0.010722499340772629,0.0030129519291222095,0.0054969796910882,0.0,0.13850387930870056,1.0,0.3141680061817169,0.0,0.0,2.7348496587364934e-05,198.91043090820312,0.1768515259027481,0.4601890742778778,2.0334484577178955,2.144692897796631,1.0,0.3952033221721649
31,1279,0.008048173040151596,,0.004473524168133736,,0.006190038751810789,,0.0,,0.08944525569677353,,1.0,,0.3195256292819977,,0.0,0.0,,,2.1333322365535423e-05,,203.42005920410156,,0.19013284146785736,,0.11179281771183014,,1.710449457168579,2.197859525680542,,1.0,,0.20257596671581268,,0.22631876170635223,,,,,,,,,,,,,,,,,
32,1289,,0.0088894572108984,,0.01095141563564539,,0.00628752401098609,,0.0,,0.08512971550226212,,1.0,,0.32363662123680115,,,0.0,0.0,,3.1525836675427854e-05,,199.43572998046875,,0.18867553770542145,,0.10594682395458221,,,1.8038442134857178,,1.0,,0.20044101774692535,,,,,,,,,,,,,,,,,,
32,1299,,0.007027242332696915,,0.0012451759539544582,,0.0062706065364181995,,0.0,,0.07775402069091797,,1.0,,0.309334933757782,,,0.0,0.0,,7.150228339014575e-05,,199.0981903076172,,0.1936180591583252,,0.07856366783380508,,,1.7091268301010132,,1.0,,0.17976687848567963,,,,,,,,,,,,,,,,,,
32,1309,,0.014604981057345867,,0.0016197188524529338,,0.006455604452639818,,0.0,,0.0786646157503128,,1.0,,0.32014599442481995,,,0.0,0.0,,5.774938927061157e-06,,202.1637420654297,,0.19397354125976562,,0.07696066796779633,,,2.0828630924224854,,1.0,,0.18356020748615265,,,,,,,,,,,,,,,,,,
32,1319,,0.007441101595759392,,0.002979378215968609,,0.006623328663408756,,0.0,,0.0812424048781395,,1.0,,0.32603025436401367,,,0.0,0.0,,5.3325096814660355e-05,,203.4058074951172,,0.1969718337059021,,0.08982855826616287,,,1.719779133796692,,1.0,,0.18992061913013458,,,,,,,,,,,,,,,,,,
32,1319,,,,,,,,,,,,,,,,,,,,,,,,,,,,,,,,,,,0.01099928468465805,0.007958491332828999,0.005650309845805168,0.0,0.13340197503566742,1.0,0.31607866287231445,0.0,0.0,1.4813886991760228e-05,198.31556701660156,0.1772560030221939,0.542224109172821,2.0673787593841553,2.150905132293701,1.0,0.43649235367774963
32,1319,0.008082300424575806,,0.003649407532066107,,0.006247058976441622,,0.0,,0.08774697780609131,,1.0,,0.31864428520202637,,0.0,0.0,,,3.912440297426656e-05,,203.4882049560547,,0.1901138424873352,,0.08944004774093628,,1.76053786277771,2.2178280353546143,,1.0,,0.19016055762767792,,0.22545668482780457,,,,,,,,,,,,,,,,,
33,1329,,0.006583280861377716,,0.0006763747660443187,,0.007178102619946003,,0.0,,0.08664122223854065,,1.0,,0.3109191954135895,,,0.0,0.0,,6.0127720644231886e-05,,203.5946502685547,,0.1871044635772705,,0.10354792326688766,,,1.980638027191162,,1.0,,0.19302450120449066,,,,,,,,,,,,,,,,,,
33,1339,,0.0064938860014081,,0.003823261708021164,,0.005804476328194141,,0.0,,0.08230480551719666,,1.0,,0.319316565990448,,,0.0,0.0,,9.36666879169934e-07,,202.76377868652344,,0.18655213713645935,,0.1872347742319107,,,1.7987713813781738,,1.0,,0.23378533124923706,,,,,,,,,,,,,,,,,,
33,1349,,0.006522956304252148,,0.0008387312409467995,,0.0066535198129713535,,0.0,,0.08140235394239426,,1.0,,0.31632566452026367,,,0.0,0.0,,2.072022653010208e-06,,199.36900329589844,,0.18856164813041687,,0.08465828746557236,,,1.6768760681152344,,1.0,,0.18165838718414307,,,,,,,,,,,,,,,,,,
33,1359,,0.0062649971805512905,,0.012285982258617878,,0.005295778624713421,,0.0,,0.08734916150569916,,1.0,,0.31749287247657776,,,0.0,0.0,,5.086958481115289e-07,,204.29110717773438,,0.18776176869869232,,0.13475768268108368,,,1.4353830814361572,,1.0,,0.2147396206855774,,,,,,,,,,,,,,,,,,
33,1359,,,,,,,,,,,,,,,,,,,,,,,,,,,,,,,,,,,0.010456553660333157,0.00706796208396554,0.00565975671634078,0.0,0.14286065101623535,1.0,0.31541603803634644,0.0,0.0,1.782144681783393e-05,198.77999877929688,0.17786820232868195,0.43694955110549927,2.0721700191497803,2.1511993408203125,1.0,0.3881763815879822
33,1359,0.007727803196758032,,0.005228438414633274,,0.006082001607865095,,0.0,,0.08542218059301376,,1.0,,0.3191846013069153,,0.0,0.0,,,2.6784147848957218e-05,,203.58026123046875,,0.18934468924999237,,0.10021549463272095,,1.7670542001724243,2.208082437515259,,1.0,,0.19459089636802673,,0.22601962089538574,,,,,,,,,,,,,,,,,
34,1369,,0.00661560520529747,,0.0015975971473380923,,0.005153829697519541,,0.0,,0.08337893337011337,,1.0,,0.3162720501422882,,,0.0,0.0,,2.6801003514265176e-06,,201.1732177734375,,0.18808338046073914,,0.08669732511043549,,,1.6839265823364258,,1.0,,0.18370315432548523,,,,,,,,,,,,,,,,,,
34,1379,,0.007761889602988958,,0.011247554793953896,,0.006073550321161747,,0.0,,0.08252164721488953,,1.0,,0.3257170617580414,,,0.0,0.0,,5.378571950132027e-05,,203.2761688232422,,0.1883639395236969,,0.06619007885456085,,,2.277883529663086,,1.0,,0.1786768138408661,,,,,,,,,,,,,,,,,,
34,1389,,0.00754697946831584,,0.00797941628843546,,0.005784341134130955,,0.0,,0.08912686258554459,,1.0,,0.3223845362663269,,,0.0,0.0,,1.8959523004014045e-05,,203.4110565185547,,0.1874525547027588,,0.1088043600320816,,,1.7788386344909668,,1.0,,0.2010429948568344,,,,,,,,,,,,,,,,,,
34,1399,,0.007489167619496584,,0.000489899714011699,,0.005852869246155024,,0.0,,0.06917191296815872,,1.0,,0.32869118452072144,,,0.0,0.0,,0.00010482929064892232,,196.7753143310547,,0.18742235004901886,,0.049470167607069016,,,1.5824148654937744,,1.0,,0.15765944123268127,,,,,,,,,,,,,,,,,,
34,1399,,,,,,,,,,,,,,,,,,,,,,,,,,,,,,,,,,,0.010356028564274311,0.00209144433028996,0.0054535893723368645,0.0,0.13818633556365967,1.0,0.3170943558216095,0.0,0.0,1.3804607988276985e-05,198.4454345703125,0.1757628172636032,0.4701637625694275,2.1052212715148926,2.157805919647217,1.0,0.39883244037628174
34,1399,0.007632219232618809,,0.004390076734125614,,0.005637563299387693,,0.0,,0.08481338620185852,,1.0,,0.31863945722579956,,0.0,0.0,,,1.9944074665545486e-05,,203.4566650390625,,0.18796095252037048,,0.08380158245563507,,1.7793684005737305,2.2169268131256104,,1.0,,0.1848728209733963,,0.2254980355501175,,,,,,,,,,,,,,,,,
35,1409,,0.007554142735898495,,0.003349719336256385,,0.006501484662294388,,0.0,,0.08845704793930054,,1.0,,0.3172445297241211,,,0.0,0.0,,3.3070045901695266e-07,,200.997314453125,,0.1890602558851242,,0.05435849353671074,,,1.4219342470169067,,1.0,,0.1720401495695114,,,,,,,,,,,,,,,,,,
35,1419,,0.006420736201107502,,0.0011943784775212407,,0.005133577156811953,,0.0,,0.09261880069971085,,1.0,,0.3209335207939148,,,0.0,0.0,,1.0502938494028058e-05,,203.149169921875,,0.18971265852451324,,0.06906993687152863,,,1.2589852809906006,,1.0,,0.18002687394618988,,,,,,,,,,,,,,,,,,
35,1429,,0.006197486072778702,,0.0016173258190974593,,0.005473742261528969,,0.0,,0.09056024253368378,,1.0,,0.31959962844848633,,,0.0,0.0,,3.1088559353520395e-06,,206.1622772216797,,0.18509021401405334,,0.05804392695426941,,,1.676887035369873,,1.0,,0.17130351066589355,,,,,,,,,,,,,,,,,,
35,1439,,0.007575326599180698,,0.0054171266965568066,,0.005232467781752348,,0.0,,0.09181751310825348,,1.0,,0.3171517252922058,,,0.0,0.0,,3.8755695186409866e-07,,208.82054138183594,,0.19249702990055084,,0.06599082052707672,,,1.801302194595337,,1.0,,0.18217235803604126,,,,,,,,,,,,,,,,,,
35,1439,,,,,,,,,,,,,,,,,,,,,,,,,,,,,,,,,,,0.010129942558705807,0.002773185959085822,0.005341636016964912,0.0,0.13730961084365845,1.0,0.3135828673839569,0.0,0.0,4.165455175098032e-05,198.582763671875,0.1803797334432602,0.41253969073295593,2.1352763175964355,2.1632490158081055,1.0,0.37212106585502625
35,1439,0.007165213581174612,,0.004175293259322643,,0.005685536190867424,,0.0,,0.08362411707639694,,1.0,,0.3188009560108185,,0.0,0.0,,,1.8264581740368158e-05,,203.5321807861328,,0.18796440958976746,,0.07444518804550171,,1.8033950328826904,2.2303884029388428,,1.0,,0.17926475405693054,,0.22567220032215118,,,,,,,,,,,,,,,,,
36,1449,,0.006755434442311525,,0.015910638496279716,,0.004845921881496906,,0.0,,0.09884518384933472,,1.0,,0.31094300746917725,,,0.0,0.0,,5.6340006267419085e-05,,196.1147918701172,,0.19347625970840454,,0.09894213080406189,,,2.028769016265869,,1.0,,0.20747756958007812,,,,,,,,,,,,,,,,,,
36,1459,,0.008114512078464031,,0.0051364535465836525,,0.004592903424054384,,0.0,,0.07330276817083359,,1.0,,0.3198288679122925,,,0.0,0.0,,3.742976559806266e-06,,203.91326904296875,,0.18779176473617554,,0.09710481017827988,,,2.177737236022949,,1.0,,0.18618632853031158,,,,,,,,,,,,,,,,,,
36,1469,,0.0076500000432133675,,0.004062472842633724,,0.005299894139170647,,0.0,,0.09161396324634552,,1.0,,0.31696242094039917,,,0.0,0.0,,8.502935884280305e-07,,199.93540954589844,,0.18709763884544373,,0.07423277944326401,,,1.8049466609954834,,1.0,,0.18285885453224182,,,,,,,,,,,,,,,,,,
36,1479,,0.006880674511194229,,0.002649656031280756,,0.006010757759213448,,0.0,,0.07427333295345306,,1.0,,0.3174971342086792,,,0.0,0.0,,1.0526547384870355e-06,,201.91282653808594,,0.18280062079429626,,0.07145358622074127,,,1.430704116821289,,1.0,,0.16963054239749908,,,,,,,,,,,,,,,,,,
36,1479,,,,,,,,,,,,,,,,,,,,,,,,,,,,,,,,,,,0.010351100005209446,0.006416923366487026,0.004908404313027859,0.0,0.13405485451221466,1.0,0.3132080137729645,0.0,0.0,3.886201375280507e-05,198.72047424316406,0.1759418100118637,0.4391120970249176,2.182055950164795,2.1726787090301514,1.0,0.38344866037368774
36,1479,0.007396759930998087,,0.003861690405756235,,0.0053971875458955765,,0.0,,0.08365531265735626,,1.0,,0.3190092444419861,,0.0,0.0,,,1.4953521713323426e-05,,203.3849334716797,,0.18600322306156158,,0.09100885689258575,,1.8364579677581787,2.224311590194702,,1.0,,0.1865100860595703,,0.22584612667560577,,,,,,,,,,,,,,,,,
37,1489,,0.005630504339933395,,0.0009810625342652202,,0.004613238386809826,,0.0,,0.08099420368671417,,1.0,,0.3103153109550476,,,0.0,0.0,,5.610380685538985e-05,,197.08135986328125,,0.19069549441337585,,0.051273878663778305,,,1.566755771636963,,1.0,,0.16527695953845978,,,,,,,,,,,,,,,,,,
37,1499,,0.006481270305812359,,0.00602077879011631,,0.004648661240935326,,0.0,,0.08569836616516113,,1.0,,0.31879404187202454,,,0.0,0.0,,7.05889306118479e-07,,206.9901580810547,,0.18057560920715332,,0.06061540171504021,,,1.4643733501434326,,1.0,,0.1701609343290329,,,,,,,,,,,,,,,,,,
37,1509,,0.008144953288137913,,0.0007806324865669012,,0.006358223035931587,,0.0,,0.07155340164899826,,1.0,,0.32902899384498596,,,0.0,0.0,,0.00011438388901297003,,198.2113037109375,,0.18897637724876404,,0.06538346409797668,,,1.809282660484314,,1.0,,0.16811242699623108,,,,,,,,,,,,,,,,,,
37,1519,,0.006159722805023193,,0.00441200053319335,,0.005142237059772015,,0.0,,0.07960759103298187,,1.0,,0.31778478622436523,,,0.0,0.0,,3.371888013248281e-08,,202.3603515625,,0.1828005015850067,,0.05197465047240257,,,1.6753500699996948,,1.0,,0.162991464138031,,,,,,,,,,,,,,,,,,
37,1519,,,,,,,,,,,,,,,,,,,,,,,,,,,,,,,,,,,0.0101206349208951,0.005828578025102615,0.00486075971275568,0.0,0.1360626369714737,1.0,0.31187835335731506,0.0,0.0,5.794097523903474e-05,198.7197265625,0.1800936907529831,0.45518192648887634,2.2156195640563965,2.1792795658111572,1.0,0.3941587507724762
37,1519,0.006896341685205698,,0.00539269857108593,,0.005381842143833637,,0.0,,0.07963787019252777,,1.0,,0.3186391294002533,,0.0,0.0,,,2.1996120267431252e-05,,203.31991577148438,,0.18643257021903992,,0.07985109835863113,,1.8453534841537476,2.221536636352539,,1.0,,0.17965447902679443,,0.22546012699604034,,,,,,,,,,,,,,,,,
38,1529,,0.006513687316328287,,0.0018442398868501186,,0.004937365185469389,,0.0,,0.06713911890983582,,1.0,,0.32023561000823975,,,0.0,0.0,,4.3569871195359156e-06,,203.77371215820312,,0.1864933967590332,,0.09311249107122421,,,1.5265638828277588,,1.0,,0.17804737389087677,,,,,,,,,,,,,,,,,,
38,1539,,0.006855339743196964,,0.015997853130102158,,0.005143348127603531,,0.0,,0.07790865004062653,,1.0,,0.3237730860710144,,,0.0,0.0,,3.1477662560064346e-05,,205.22286987304688,,0.1810649037361145,,0.09740418195724487,,,2.053170680999756,,1.0,,0.19014552235603333,,,,,,,,,,,,,,,,,,
38,1549,,0.007350566331297159,,0.007245182525366545,,0.005832277238368988,,0.0,,0.07762502133846283,,1.0,,0.317485511302948,,,0.0,0.0,,2.8308875243965304e-07,,203.9222412109375,,0.17667952179908752,,0.07489245384931564,,,1.8279032707214355,,1.0,,0.17247973382472992,,,,,,,,,,,,,,,,,,
38,1559,,0.005985526368021965,,0.001632198691368103,,0.005650149658322334,,0.0,,0.08340714871883392,,1.0,,0.31592443585395813,,,0.0,0.0,,4.385088232083945e-06,,210.0946502685547,,0.1843511015176773,,0.0879649817943573,,,1.5705218315124512,,1.0,,0.18223769962787628,,,,,,,,,,,,,,,,,,
38,1559,,,,,,,,,,,,,,,,,,,,,,,,,,,,,,,,,,,0.010252295061945915,0.0028788233175873756,0.0049990215338766575,0.0,0.13648711144924164,1.0,0.30666258931159973,0.0,0.0,0.00016235349175985903,198.59588623046875,0.17730993032455444,0.4541614353656769,2.2671215534210205,2.1867382526397705,1.0,0.3911258578300476
38,1559,0.0068865204229950905,,0.005316530354321003,,0.005359425209462643,,0.0,,0.07857056707143784,,1.0,,0.3191542327404022,,0.0,0.0,,,1.4602337614633143e-05,,203.3328399658203,,0.18496781587600708,,0.08004175126552582,,1.8858768939971924,2.251002788543701,,1.0,,0.178434818983078,,0.22592084109783173,,,,,,,,,,,,,,,,,
39,1569,,0.006062909960746765,,0.000928795023355633,,0.007018011528998613,,0.0,,0.07268325239419937,,1.0,,0.3290129601955414,,,0.0,0.0,,0.00010528198617976159,,203.0037841796875,,0.1861269176006317,,0.04992607980966568,,,1.702906608581543,,1.0,,0.15861842036247253,,,,,,,,,,,,,,,,,,
39,1579,,0.006075814366340637,,0.0011504404246807098,,0.005260040983557701,,0.0,,0.07830274850130081,,1.0,,0.31594401597976685,,,0.0,0.0,,4.513640760706039e-06,,207.6947021484375,,0.18073943257331848,,0.09548928588628769,,,1.8672301769256592,,1.0,,0.1814071238040924,,,,,,,,,,,,,,,,,,
39,1589,,0.006068169139325619,,0.002929322188720107,,0.005607603117823601,,0.0,,0.08651672303676605,,1.0,,0.31849509477615356,,,0.0,0.0,,4.704617495576713e-08,,203.110107421875,,0.1826554238796234,,0.06560342013835907,,,1.8473050594329834,,1.0,,0.1724473237991333,,,,,,,,,,,,,,,,,,
39,1599,,0.007344403304159641,,0.0016483314102515578,,0.004024718888103962,,0.0,,0.08209274709224701,,1.0,,0.3151087760925293,,,0.0,0.0,,9.109713573707268e-06,,201.54998779296875,,0.18515586853027344,,0.06627681106328964,,,1.8135111331939697,,1.0,,0.17166611552238464,,,,,,,,,,,,,,,,,,
39,1599,,,,,,,,,,,,,,,,,,,,,,,,,,,,,,,,,,,0.010187826119363308,0.0059839882887899876,0.005509410053491592,0.0,0.1359046995639801,1.0,0.3145918846130371,0.0,0.0,5.034848072682507e-05,198.6127166748047,0.17672909796237946,0.4599992036819458,2.2830283641815186,2.190488815307617,1.0,0.3949785530567169
39,1599,0.0065882205963134766,,0.0029584579169750214,,0.005406478885561228,,0.0,,0.07824645191431046,,1.0,,0.3187437951564789,,0.0,0.0,,,2.77081362582976e-05,,203.29086303710938,,0.18389886617660522,,0.07159111648797989,,1.901055097579956,2.242974281311035,,1.0,,0.17219604551792145,,0.22547248005867004,,,,,,,,,,,,,,,,,
40,1609,,0.0055042351596057415,,0.001245248829945922,,0.004889131058007479,,0.0,,0.08461066335439682,,1.0,,0.31795281171798706,,,0.0,0.0,,7.081183639456867e-08,,207.97093200683594,,0.18405428528785706,,0.07277905195951462,,,1.3977253437042236,,1.0,,0.17458568513393402,,,,,,,,,,,,,,,,,,
40,1619,,0.005514024756848812,,0.0014085143338888884,,0.005793566349893808,,0.0,,0.08170949667692184,,1.0,,0.3252435624599457,,,0.0,0.0,,4.1286475607194006e-05,,204.82867431640625,,0.1812874972820282,,0.0406632237136364,,,1.5619864463806152,,1.0,,0.15589137375354767,,,,,,,,,,,,,,,,,,
40,1629,,0.005229559727013111,,0.005867819767445326,,0.00616149976849556,,0.0,,0.07020561397075653,,1.0,,0.310684472322464,,,0.0,0.0,,5.437197251012549e-05,,200.9615478515625,,0.18117472529411316,,0.07409241050481796,,,1.6303437948226929,,1.0,,0.1689283847808838,,,,,,,,,,,,,,,,,,
40,1639,,0.00633776793256402,,0.0027285499963909388,,0.004165271762758493,,0.0,,0.08430430293083191,,1.0,,0.312345415353775,,,0.0,0.0,,3.3305255783488974e-05,,197.76573181152344,,0.1810217797756195,,0.09905010461807251,,,2.1524388790130615,,1.0,,0.18715444207191467,,,,,,,,,,,,,,,,,,
40,1639,,,,,,,,,,,,,,,,,,,,,,,,,,,,,,,,,,,0.01032174751162529,0.00647174846380949,0.005138325970619917,0.0,0.13358961045742035,1.0,0.31178370118141174,0.0,0.0,5.464471541927196e-05,198.3935089111328,0.17547720670700073,0.42788955569267273,2.265913724899292,2.1902804374694824,1.0,0.37741610407829285
40,1639,0.0064684562385082245,,0.004560626111924648,,0.005268095061182976,,0.0,,0.07676809281110764,,1.0,,0.31926196813583374,,0.0,0.0,,,3.1624942494090647e-05,,203.462158203125,,0.18334700167179108,,0.07203255593776703,,1.9041684865951538,2.2499680519104004,,1.0,,0.17213095724582672,,0.22596101462841034,,,,,,,,,,,,,,,,,
41,1649,,0.008800925686955452,,0.004373819101601839,,0.005715542007237673,,0.0,,0.09983015805482864,,1.0,,0.3221549093723297,,,0.0,0.0,,1.5316585631808266e-05,,204.46749877929688,,0.1826217621564865,,0.05517005920410156,,,1.7285897731781006,,1.0,,0.17597757279872894,,,,,,,,,,,,,,,,,,
41,1659,,0.007509097922593355,,0.0015509414952248335,,0.005409316159784794,,0.0,,0.07211941480636597,,1.0,,0.3210482597351074,,,0.0,0.0,,7.94458628661232e-06,,205.00747680664062,,0.18149782717227936,,0.0673944428563118,,,1.9290685653686523,,1.0,,0.16558076441287994,,,,,,,,,,,,,,,,,,
41,1669,,0.010470729321241379,,0.0015082508325576782,,0.00548122962936759,,0.0,,0.07209993898868561,,1.0,,0.31433600187301636,,,0.0,0.0,,1.2407063877617475e-05,,198.3563690185547,,0.1946292519569397,,0.06575047224760056,,,2.3335580825805664,,1.0,,0.17278364300727844,,,,,,,,,,,,,,,,,,
41,1679,,0.00655485549941659,,0.0010128205176442862,,0.004077630583196878,,0.0,,0.09325456619262695,,1.0,,0.3071928024291992,,,0.0,0.0,,0.00012643287482205778,,201.97372436523438,,0.18619456887245178,,0.04617342725396156,,,2.1578454971313477,,1.0,,0.16706609725952148,,,,,,,,,,,,,,,,,,
41,1679,,,,,,,,,,,,,,,,,,,,,,,,,,,,,,,,,,,0.010039144195616245,0.005140260327607393,0.00453748507425189,0.0,0.13172021508216858,1.0,0.3091764748096466,0.0,0.0,9.86218947218731e-05,198.68246459960938,0.17455217242240906,0.4024125039577484,2.271562099456787,2.1900386810302734,1.0,0.3624352216720581
41,1679,0.0063791945576667786,,0.0037942640483379364,,0.005365062039345503,,0.0,,0.07804388552904129,,1.0,,0.31842201948165894,,0.0,0.0,,,2.606314046715852e-05,,203.46363830566406,,0.18379223346710205,,0.06424029171466827,,1.9099433422088623,2.2572600841522217,,1.0,,0.168674498796463,,0.22512412071228027,,,,,,,,,,,,,,,,,
42,1689,,0.00555422343313694,,0.01931658387184143,,0.005357496906071901,,0.0,,0.08318699151277542,,1.0,,0.31764888763427734,,,0.0,0.0,,1.1291023582771231e-07,,204.0242919921875,,0.18339863419532776,,0.08192116767168045,,,2.225032329559326,,1.0,,0.1872246116399765,,,,,,,,,,,,,,,,,,
42,1699,,0.005687296856194735,,0.010577217675745487,,0.004429304972290993,,0.0,,0.07606764137744904,,1.0,,0.3060738444328308,,,0.0,0.0,,0.0001435385347576812,,200.14927673339844,,0.18207885324954987,,0.044569484889507294,,,2.092237710952759,,1.0,,0.16000495851039886,,,,,,,,,,,,,,,,,,
42,1709,,0.0070217689499258995,,0.0038810009136795998,,0.005763738416135311,,0.0,,0.06578824669122696,,1.0,,0.31360042095184326,,,0.0,0.0,,2.2064421500544995e-05,,194.996826171875,,0.17835113406181335,,0.04451707378029823,,,1.5845072269439697,,1.0,,0.15036700665950775,,,,,,,,,,,,,,,,,,
42,1719,,0.006731258239597082,,0.0007397969602607191,,0.004012530669569969,,0.0,,0.08408468961715698,,1.0,,0.3230624198913574,,,0.0,0.0,,2.4348011720576324e-05,,207.115966796875,,0.183840811252594,,0.06435427814722061,,,3.4281134605407715,,1.0,,0.1702888458967209,,,,,,,,,,,,,,,,,,
42,1719,,,,,,,,,,,,,,,,,,,,,,,,,,,,,,,,,,,0.009713290259242058,0.00577065022662282,0.0046890112571418285,0.0,0.13042835891246796,1.0,0.31864801049232483,0.0,0.0,1.1356815775798168e-05,198.35952758789062,0.17403295636177063,0.4413433074951172,2.3073346614837646,2.1975231170654297,1.0,0.3811188340187073
42,1719,0.006132840178906918,,0.004110551439225674,,0.0051106298342347145,,0.0,,0.0746518224477768,,1.0,,0.319023460149765,,0.0,0.0,,,4.030229683849029e-05,,203.383544921875,,0.1824517548084259,,0.05579090118408203,,1.9205576181411743,2.2565841674804688,,1.0,,0.1621001660823822,,0.22572579979896545,,,,,,,,,,,,,,,,,
43,1729,,0.005865050479769707,,0.000835826329421252,,0.005409959703683853,,0.0,,0.07036267220973969,,1.0,,0.3071843981742859,,,0.0,0.0,,0.00011857147910632193,,203.67100524902344,,0.18398670852184296,,0.06482582539319992,,,3.2624526023864746,,1.0,,0.16353833675384521,,,,,,,,,,,,,,,,,,
43,1739,,0.005139569286257029,,0.0011917155934497714,,0.004325393587350845,,0.0,,0.08870293945074081,,1.0,,0.3172592222690582,,,0.0,0.0,,5.293928779792623e-07,,200.55087280273438,,0.18550001084804535,,0.06300367414951324,,,2.0795159339904785,,1.0,,0.1722017377614975,,,,,,,,,,,,,,,,,,
43,1749,,0.006477789022028446,,0.0008742271456867456,,0.005330659914761782,,0.0,,0.06604567170143127,,1.0,,0.31695833802223206,,,0.0,0.0,,1.750761725816119e-06,,201.06497192382812,,0.181594580411911,,0.07268676906824112,,,2.2043983936309814,,1.0,,0.1643734574317932,,,,,,,,,,,,,,,,,,
43,1759,,0.006253411527723074,,0.0012010852806270123,,0.0040392521768808365,,0.0,,0.06625033169984818,,1.0,,0.3229236602783203,,,0.0,0.0,,1.7990038031712174e-05,,213.51239013671875,,0.17776665091514587,,0.04533005133271217,,,1.922788143157959,,1.0,,0.14881369471549988,,,,,,,,,,,,,,,,,,
43,1759,,,,,,,,,,,,,,,,,,,,,,,,,,,,,,,,,,,0.009798354469239712,0.003760267747566104,0.0044274707324802876,0.0,0.13516226410865784,1.0,0.31575778126716614,0.0,0.0,2.9121732950443402e-05,198.102783203125,0.1767672598361969,0.4667398929595947,2.3685967922210693,2.2072722911834717,1.0,0.3965713679790497
43,1759,0.006503117736428976,,0.0039051142521202564,,0.005099830683320761,,0.0,,0.07319367676973343,,1.0,,0.3189375698566437,,0.0,0.0,,,3.146386006847024e-05,,203.17747497558594,,0.18152321875095367,,0.07210662961006165,,1.9503532648086548,2.274514675140381,,1.0,,0.16914160549640656,,0.22573354840278625,,,,,,,,,,,,,,,,,
44,1769,,0.006658036261796951,,0.0027267916593700647,,0.004137479700148106,,0.0,,0.07430225610733032,,1.0,,0.3115847408771515,,,0.0,0.0,,4.263566734152846e-05,,199.6166229248047,,0.1778748482465744,,0.031022414565086365,,,2.132640838623047,,1.0,,0.14672724902629852,,,,,,,,,,,,,,,,,,
44,1779,,0.011656267568469048,,0.0018987235380336642,,0.0053319199942052364,,0.0,,0.07147248089313507,,1.0,,0.3138693571090698,,,0.0,0.0,,1.620648254174739e-05,,196.58206176757812,,0.17766785621643066,,0.05990680307149887,,,2.1547296047210693,,1.0,,0.16184237599372864,,,,,,,,,,,,,,,,,,
44,1789,,0.005951293744146824,,0.0058891661465168,,0.005571414716541767,,0.0,,0.07473709434270859,,1.0,,0.3177257478237152,,,0.0,0.0,,2.0503725863818545e-06,,206.75625610351562,,0.18101409077644348,,0.05218646675348282,,,1.8990693092346191,,1.0,,0.16044722497463226,,,,,,,,,,,,,,,,,,
44,1799,,0.005309200845658779,,0.003520780010148883,,0.00455654039978981,,0.0,,0.06993462145328522,,1.0,,0.3168303370475769,,,0.0,0.0,,2.26247630052967e-06,,200.32135009765625,,0.18080540001392365,,0.04435891658067703,,,1.7523789405822754,,1.0,,0.152421236038208,,,,,,,,,,,,,,,,,,
44,1799,,,,,,,,,,,,,,,,,,,,,,,,,,,,,,,,,,,0.010276388376951218,0.005461791064590216,0.004229026846587658,0.0,0.13039736449718475,1.0,0.3149922788143158,0.0,0.0,1.704703208815772e-05,198.57107543945312,0.1745632290840149,0.47064104676246643,2.373833417892456,2.2088162899017334,1.0,0.39610135555267334
44,1799,0.00602104514837265,,0.003207481699064374,,0.005082561168819666,,0.0,,0.07210669666528702,,1.0,,0.31887510418891907,,0.0,0.0,,,2.6214562240056694e-05,,203.20944213867188,,0.18009161949157715,,0.053039003163576126,,1.9761617183685303,2.2641873359680176,,1.0,,0.15775427222251892,,0.225575253367424,,,,,,,,,,,,,,,,,
45,1809,,0.004079807549715042,,0.000793329905718565,,0.005231240764260292,,0.0,,0.07442829757928848,,1.0,,0.3179396688938141,,,0.0,0.0,,1.6311849648786847e-08,,202.72525024414062,,0.1799745261669159,,0.04888339340686798,,,2.22983717918396,,1.0,,0.1546028107404709,,,,,,,,,,,,,,,,,,
45,1819,,0.005429273471236229,,0.0007043329533189535,,0.004410562105476856,,0.0,,0.06317294389009476,,1.0,,0.31572750210762024,,,0.0,0.0,,6.0105548982392065e-06,,201.51145935058594,,0.1807985007762909,,0.0319935642182827,,,1.4872174263000488,,1.0,,0.14149336516857147,,,,,,,,,,,,,,,,,,
45,1829,,0.0051775285974144936,,0.002139716176316142,,0.004071846138685942,,0.0,,0.06419660151004791,,1.0,,0.31306496262550354,,,0.0,0.0,,3.107731754425913e-05,,209.11473083496094,,0.1824987381696701,,0.05778365582227707,,,2.282010078430176,,1.0,,0.15632085502147675,,,,,,,,,,,,,,,,,,
45,1839,,0.007418774999678135,,0.0026901268865913153,,0.004600169137120247,,0.0,,0.0636986568570137,,1.0,,0.3221396505832672,,,0.0,0.0,,1.4428939721256029e-05,,202.17941284179688,,0.1798715591430664,,0.061191655695438385,,,1.7362676858901978,,1.0,,0.15790261328220367,,,,,,,,,,,,,,,,,,
45,1839,,,,,,,,,,,,,,,,,,,,,,,,,,,,,,,,,,,0.009821516461670399,0.0053347088396549225,0.00407617911696434,0.0,0.13099205493927002,1.0,0.3156683146953583,0.0,0.0,1.955742663994897e-05,198.09283447265625,0.17458035051822662,0.4227938950061798,2.4387056827545166,2.222381591796875,1.0,0.37217867374420166
45,1839,0.005777941085398197,,0.0036956307012587786,,0.00477252621203661,,0.0,,0.07199829816818237,,1.0,,0.31886085867881775,,0.0,0.0,,,2.2666339646093547e-05,,203.3492431640625,,0.18035468459129333,,0.05837560445070267,,1.9912488460540771,2.2722432613372803,,1.0,,0.16058965027332306,,0.22559142112731934,,,,,,,,,,,,,,,,,
46,1849,,0.007671772502362728,,0.0012352243065834045,,0.005476772785186768,,0.0,,0.0753694698214531,,1.0,,0.3144851624965668,,,0.0,0.0,,1.3326922271517105e-05,,206.67239379882812,,0.18359701335430145,,0.059386659413576126,,,2.8784260749816895,,1.0,,0.16418440639972687,,,,,,,,,,,,,,,,,,
46,1859,,0.005442538298666477,,0.0007321907323785126,,0.004770295694470406,,0.0,,0.058283187448978424,,1.0,,0.32635489106178284,,,0.0,0.0,,5.6946730182971805e-05,,199.3365936279297,,0.17861086130142212,,0.04565461724996567,,,1.7742661237716675,,1.0,,0.1448671966791153,,,,,,,,,,,,,,,,,,
46,1869,,0.00716358469799161,,0.0016814800910651684,,0.005462593398988247,,0.0,,0.06712590157985687,,1.0,,0.32762861251831055,,,0.0,0.0,,7.701414870098233e-05,,203.19552612304688,,0.18314121663570404,,0.052320871502161026,,,1.9092391729354858,,1.0,,0.15630128979682922,,,,,,,,,,,,,,,,,,
46,1879,,0.005493789911270142,,0.00087996746879071,,0.0047724246978759766,,0.0,,0.06390102952718735,,1.0,,0.32483989000320435,,,0.0,0.0,,4.579396772896871e-05,,191.94244384765625,,0.18107400834560394,,0.052206531167030334,,,1.8358867168426514,,1.0,,0.15227779746055603,,,,,,,,,,,,,,,,,,
46,1879,,,,,,,,,,,,,,,,,,,,,,,,,,,,,,,,,,,0.00992866326123476,0.005106810480356216,0.004229018930345774,0.0,0.13787199556827545,1.0,0.31340041756629944,0.0,0.0,5.738302934332751e-05,198.28712463378906,0.17353780567646027,0.4450427293777466,2.406008243560791,2.21511173248291,1.0,0.386195570230484
46,1879,0.005541498307138681,,0.00321388803422451,,0.004728983622044325,,0.0,,0.07235439866781235,,1.0,,0.31923502683639526,,0.0,0.0,,,2.5816159904934466e-05,,203.14291381835938,,0.18105384707450867,,0.05453981086611748,,2.0133216381073,2.271876573562622,,1.0,,0.15883752703666687,,0.22583024203777313,,,,,,,,,,,,,,,,,
47,1889,,0.005275903269648552,,0.009826050139963627,,0.004550837446004152,,0.0,,0.06753470003604889,,1.0,,0.320807546377182,,,0.0,0.0,,5.527836037799716e-06,,200.134765625,,0.18026933073997498,,0.06077608838677406,,,2.983104705810547,,1.0,,0.16229887306690216,,,,,,,,,,,,,,,,,,
47,1899,,0.006591838784515858,,0.0009270767914131284,,0.005173251498490572,,0.0,,0.07543501257896423,,1.0,,0.31699761748313904,,,0.0,0.0,,1.4488958868241752e-06,,206.20159912109375,,0.18047964572906494,,0.048603400588035583,,,1.5110297203063965,,1.0,,0.1565365344285965,,,,,,,,,,,,,,,,,,
47,1909,,0.00451683672145009,,0.0007694027153775096,,0.005770053714513779,,0.0,,0.0627526342868805,,1.0,,0.32167690992355347,,,0.0,0.0,,9.178475011140108e-06,,192.4327392578125,,0.18035058677196503,,0.051649488508701324,,,1.8053901195526123,,1.0,,0.1506010740995407,,,,,,,,,,,,,,,,,,
47,1919,,0.005113697610795498,,0.0008332046563737094,,0.003813253715634346,,0.0,,0.07335420697927475,,1.0,,0.3132783770561218,,,0.0,0.0,,2.26791398745263e-05,,207.39993286132812,,0.1792886108160019,,0.03409041091799736,,,1.6192281246185303,,1.0,,0.14673271775245667,,,,,,,,,,,,,,,,,,
47,1919,,,,,,,,,,,,,,,,,,,,,,,,,,,,,,,,,,,0.010378321632742882,0.005423511378467083,0.004046240821480751,0.0,0.13003024458885193,1.0,0.30637437105178833,0.0,0.0,0.00017167460464406759,198.1313934326172,0.17419271171092987,0.4128166139125824,2.4279086589813232,2.220482110977173,1.0,0.3669111728668213
47,1919,0.005522650666534901,,0.003604393918067217,,0.004672135226428509,,0.0,,0.0710006058216095,,1.0,,0.3188273012638092,,0.0,0.0,,,2.8017024305881932e-05,,203.14877319335938,,0.18010181188583374,,0.05099765583872795,,2.0271661281585693,2.246358871459961,,1.0,,0.1560947597026825,,0.22539682686328888,,,,,,,,,,,,,,,,,
48,1929,,0.004035069141536951,,0.0018411368364468217,,0.0031289581675082445,,0.0,,0.06729774922132492,,1.0,,0.3129810094833374,,,0.0,0.0,,2.9000915674259886e-05,,205.15618896484375,,0.17663174867630005,,0.044924668967723846,,,2.2305850982666016,,1.0,,0.14769257605075836,,,,,,,,,,,,,,,,,,
48,1939,,0.006231955252587795,,0.0006776335649192333,,0.0050831264816224575,,0.0,,0.08438100665807724,,1.0,,0.3211260735988617,,,0.0,0.0,,7.67904657550389e-06,,190.8196258544922,,0.18470142781734467,,0.04881718009710312,,,1.510502576828003,,1.0,,0.16291676461696625,,,,,,,,,,,,,,,,,,
48,1949,,0.005047550890594721,,0.00855251494795084,,0.005195914767682552,,0.0,,0.0669909343123436,,1.0,,0.31896477937698364,,,0.0,0.0,,7.867994611387985e-08,,200.479736328125,,0.18134772777557373,,0.03696432337164879,,,1.875988245010376,,1.0,,0.14997117221355438,,,,,,,,,,,,,,,,,,
48,1959,,0.004703793674707413,,0.0018171026604250073,,0.004998445976525545,,0.0,,0.05883276090025902,,1.0,,0.3183366656303406,,,0.0,0.0,,1.972854590803763e-08,,209.12095642089844,,0.1785460114479065,,0.039738524705171585,,,1.853410005569458,,1.0,,0.1423189640045166,,,,,,,,,,,,,,,,,,
48,1959,,,,,,,,,,,,,,,,,,,,,,,,,,,,,,,,,,,0.009607471525669098,0.00374019518494606,0.003974365070462227,0.0,0.1289413422346115,1.0,0.31291672587394714,0.0,0.0,4.129031003685668e-05,198.34327697753906,0.17321428656578064,0.42686545848846436,2.4619953632354736,2.225996255874634,1.0,0.3716024160385132
48,1959,0.0053526475094258785,,0.004611404612660408,,0.004506812896579504,,0.0,,0.06763561815023422,,1.0,,0.318564772605896,,0.0,0.0,,,2.5785882826312445e-05,,203.29507446289062,,0.17932188510894775,,0.05688930302858353,,2.0502936840057373,2.278313159942627,,1.0,,0.15736901760101318,,0.22526848316192627,,,,,,,,,,,,,,,,,
49,1969,,0.004490057937800884,,0.009495704434812069,,0.004129478242248297,,0.0,,0.060560476034879684,,1.0,,0.31709614396095276,,,0.0,0.0,,1.2741057844323223e-06,,204.1151123046875,,0.17683660984039307,,0.033978331834077835,,,2.1924052238464355,,1.0,,0.14309418201446533,,,,,,,,,,,,,,,,,,
49,1979,,0.005426688119769096,,0.0026334004942327738,,0.0034734250511974096,,0.0,,0.06950905919075012,,1.0,,0.3180452287197113,,,0.0,0.0,,9.384301336012868e-08,,200.09130859375,,0.1736297905445099,,0.04640931636095047,,,2.052107810974121,,1.0,,0.1491515189409256,,,,,,,,,,,,,,,,,,
49,1989,,0.0054834154434502125,,0.002390663605183363,,0.005730750504881144,,0.0,,0.06582066416740417,,1.0,,0.32156801223754883,,,0.0,0.0,,1.1841854757221881e-05,,201.77398681640625,,0.17681317031383514,,0.04261014983057976,,,2.150134563446045,,1.0,,0.14713801443576813,,,,,,,,,,,,,,,,,,
49,1999,,0.0051073916256427765,,0.0015586100053042173,,0.006369506940245628,,0.0,,0.06796757876873016,,1.0,,0.3290412724018097,,,0.0,0.0,,0.0001024349985527806,,200.44973754882812,,0.18091221153736115,,0.042945753782987595,,,1.9035686254501343,,1.0,,0.14993393421173096,,,,,,,,,,,,,,,,,,
49,1999,,,,,,,,,,,,,,,,,,,,,,,,,,,,,,,,,,,0.00977722741663456,0.002237271284684539,0.0039697983302176,0.0,0.1278119534254074,1.0,0.3120057284832001,0.0,0.0,5.767175753135234e-05,198.2070770263672,0.1725301444530487,0.41902366280555725,2.469651699066162,2.2276406288146973,1.0,0.3661159574985504
49,1999,0.005162292160093784,,0.004950303118675947,,0.004459097515791655,,0.0,,0.06626100093126297,,1.0,,0.31928595900535583,,0.0,0.0,,,2.595564910734538e-05,,203.24920654296875,,0.17871062457561493,,0.04914303869009018,,2.0544891357421875,2.2803311347961426,,1.0,,0.15257252752780914,,0.22598418593406677,,,,,,,,,,,,,,,,,
50,2009,,0.004505823832005262,,0.0004862759087700397,,0.0038449116982519627,,0.0,,0.0623808354139328,,1.0,,0.3196283280849457,,,0.0,0.0,,9.75009015746764e-07,,200.07138061523438,,0.17514272034168243,,0.03585389256477356,,,2.850834846496582,,1.0,,0.13956975936889648,,,,,,,,,,,,,,,,,,
50,2019,,0.005607010331004858,,0.01033033523708582,,0.0032024297397583723,,0.0,,0.07584713399410248,,1.0,,0.3163565397262573,,,0.0,0.0,,4.275383616914041e-06,,194.51400756835938,,0.1788637340068817,,0.035930074751377106,,,2.015909194946289,,1.0,,0.15361151099205017,,,,,,,,,,,,,,,,,,
50,2029,,0.005117765627801418,,0.0005988851189613342,,0.0034274794161319733,,0.0,,0.058932963758707047,,1.0,,0.31316155195236206,,,0.0,0.0,,2.601893720566295e-05,,200.9613037109375,,0.17540490627288818,,0.024184370413422585,,,2.3076164722442627,,1.0,,0.13247519731521606,,,,,,,,,,,,,,,,,,
50,2039,,0.005898412317037582,,0.014908616431057453,,0.0035044262185692787,,0.0,,0.06700365245342255,,1.0,,0.3163032531738281,,,0.0,0.0,,3.2097109397000168e-06,,200.1456756591797,,0.17844048142433167,,0.07860222458839417,,,1.6177256107330322,,1.0,,0.17277874052524567,,,,,,,,,,,,,,,,,,
50,2039,,,,,,,,,,,,,,,,,,,,,,,,,,,,,,,,,,,0.01004045084118843,0.004576402250677347,0.0038362538907676935,0.0,0.12677864730358124,1.0,0.31128811836242676,0.0,0.0,5.620882075163536e-05,198.13949584960938,0.1725248396396637,0.45183494687080383,2.491854667663574,2.2310712337493896,1.0,0.3832893967628479
50,2039,0.005169452168047428,,0.0034726459998637438,,0.004393354989588261,,0.0,,0.06777999550104141,,1.0,,0.3186543583869934,,0.0,0.0,,,1.8637030734680593e-05,,203.16793823242188,,0.1778532862663269,,0.04487847909331322,,2.068267822265625,2.2868518829345703,,1.0,,0.15002559125423431,,0.2252008020877838,,,,,,,,,,,,,,,,,
51,2049,,0.004313023295253515,,0.0006602230132557452,,0.003973542712628841,,0.0,,0.07085108011960983,,1.0,,0.31599605083465576,,,0.0,0.0,,6.034837042534491e-06,,212.9072723388672,,0.18158237636089325,,0.03519453480839729,,,2.6132209300994873,,1.0,,0.14670097827911377,,,,,,,,,,,,,,,,,,
51,2059,,0.006074125878512859,,0.0026168052572757006,,0.004116724245250225,,0.0,,0.05675997957587242,,1.0,,0.3191726803779602,,,0.0,0.0,,2.3192953335637867e-07,,196.4529266357422,,0.17714187502861023,,0.042367707937955856,,,2.2754595279693604,,1.0,,0.1428920328617096,,,,,,,,,,,,,,,,,,
51,2069,,0.005051619838923216,,0.00048448724555782974,,0.005123511888086796,,0.0,,0.06563068181276321,,1.0,,0.32686030864715576,,,0.0,0.0,,6.866494368296117e-05,,204.71249389648438,,0.18267759680747986,,0.049719661474227905,,,2.0079123973846436,,1.0,,0.1523286998271942,,,,,,,,,,,,,,,,,,
51,2079,,0.00520914513617754,,0.0031244405545294285,,0.0036156512796878815,,0.0,,0.05666189268231392,,1.0,,0.31174802780151367,,,0.0,0.0,,4.241159331286326e-05,,205.100830078125,,0.17497235536575317,,0.032793812453746796,,,2.0603790283203125,,1.0,,0.1367635875940323,,,,,,,,,,,,,,,,,,
51,2079,,,,,,,,,,,,,,,,,,,,,,,,,,,,,,,,,,,0.009369718842208385,0.008747327141463757,0.00395708903670311,0.0,0.128322035074234,1.0,0.3151940405368805,0.0,0.0,5.743786823586561e-05,198.75502014160156,0.17303329706192017,0.44890525937080383,2.5080902576446533,2.2355892658233643,1.0,0.3846132457256317
51,2079,0.00490549486130476,,0.0042195999994874,,0.004309345968067646,,0.0,,0.0661771222949028,,1.0,,0.31876999139785767,,0.0,0.0,,,1.886436621134635e-05,,203.23263549804688,,0.17764747142791748,,0.04223722964525223,,2.0823910236358643,2.271848201751709,,1.0,,0.14803381264209747,,0.2251729965209961,,,,,,,,,,,,,,,,,
52,2089,,0.003652984509244561,,0.012907452881336212,,0.005608194973319769,,0.0,,0.07183702290058136,,1.0,,0.3120020627975464,,,0.0,0.0,,5.6822653277777135e-05,,207.83740234375,,0.1787382811307907,,0.039660245180130005,,,1.8747118711471558,,1.0,,0.15398722887039185,,,,,,,,,,,,,,,,,,
52,2099,,0.004373776260763407,,0.0013564456021413207,,0.004141762852668762,,0.0,,0.05943624675273895,,1.0,,0.3149392008781433,,,0.0,0.0,,1.366720607620664e-05,,208.3018035888672,,0.17597070336341858,,0.02952633611857891,,,1.8827898502349854,,1.0,,0.13575276732444763,,,,,,,,,,,,,,,,,,
52,2109,,0.005186708644032478,,0.01183075737208128,,0.003103061579167843,,0.0,,0.05520735681056976,,1.0,,0.31842041015625,,,0.0,0.0,,7.119301415059454e-08,,204.19009399414062,,0.17802466452121735,,0.05016065388917923,,,1.7340277433395386,,1.0,,0.15051540732383728,,,,,,,,,,,,,,,,,,
52,2119,,0.0046604471281170845,,0.011058676056563854,,0.0038003376685082912,,0.0,,0.06950128823518753,,1.0,,0.3196178376674652,,,0.0,0.0,,1.5934193697830779e-06,,197.71826171875,,0.17549195885658264,,0.06720685958862305,,,1.8384894132614136,,1.0,,0.16434043645858765,,,,,,,,,,,,,,,,,,
52,2119,,,,,,,,,,,,,,,,,,,,,,,,,,,,,,,,,,,0.009796466678380966,0.00844657700508833,0.003891669912263751,0.0,0.12858176231384277,1.0,0.3127593994140625,0.0,0.0,4.348314178059809e-05,198.4725799560547,0.17287977039813995,0.4782496392726898,2.5321106910705566,2.239534378051758,1.0,0.39938801527023315
52,2119,0.004948179237544537,,0.004309709183871746,,0.004322513937950134,,0.0,,0.06613890081644058,,1.0,,0.31980302929878235,,0.0,0.0,,,4.058707054355182e-05,,203.55865478515625,,0.17730125784873962,,0.038932573050260544,,2.099882125854492,2.3016045093536377,,1.0,,0.1462678611278534,,0.2260412871837616,,,,,,,,,,,,,,,,,
53,2129,,0.005432687699794769,,0.001073583960533142,,0.0030856612138450146,,0.0,,0.06659822165966034,,1.0,,0.3205496668815613,,,0.0,0.0,,2.260907649542787e-06,,202.2862548828125,,0.17991504073143005,,0.07048381119966507,,,4.479917526245117,,1.0,,0.16206136345863342,,,,,,,,,,,,,,,,,,
53,2139,,0.006288936361670494,,0.0040955073200166225,,0.004118827171623707,,0.0,,0.07177621871232986,,1.0,,0.3180449306964874,,,0.0,0.0,,2.2749553352241492e-08,,191.92974853515625,,0.1742321252822876,,0.04337044432759285,,,2.3654909133911133,,1.0,,0.1502935141324997,,,,,,,,,,,,,,,,,,
53,2149,,0.004433439113199711,,0.0015523408073931932,,0.0042943586595356464,,0.0,,0.060449451208114624,,1.0,,0.30584296584129333,,,0.0,0.0,,0.00017204279720317572,,204.8896484375,,0.17900271713733673,,0.04235422983765602,,,1.775803804397583,,1.0,,0.14441154897212982,,,,,,,,,,,,,,,,,,
53,2159,,0.004654131829738617,,0.0008543837466277182,,0.005501994397491217,,0.0,,0.07080395519733429,,1.0,,0.32789239287376404,,,0.0,0.0,,7.905335223767906e-05,,205.83494567871094,,0.17945833504199982,,0.04093102738261223,,,2.03517746925354,,1.0,,0.14894063770771027,,,,,,,,,,,,,,,,,,
53,2159,,,,,,,,,,,,,,,,,,,,,,,,,,,,,,,,,,,0.009863690473139286,0.0036789444275200367,0.0036610974930226803,0.0,0.12695345282554626,1.0,0.3107365667819977,0.0,0.0,7.361458847299218e-05,198.50547790527344,0.1737184077501297,0.4636496603488922,2.5620248317718506,2.2454051971435547,1.0,0.3893350064754486
53,2159,0.004806597717106342,,0.004210778512060642,,0.004452452063560486,,0.0,,0.06466929614543915,,1.0,,0.3196684718132019,,0.0,0.0,,,3.625332465162501e-05,,203.28814697265625,,0.1768740862607956,,0.05308615043759346,,2.1106314659118652,2.2934861183166504,,1.0,,0.1522868573665619,,0.22592885792255402,,,,,,,,,,,,,,,,,
54,2169,,0.004776502028107643,,0.0035160144325345755,,0.006350772920995951,,0.0,,0.06434977054595947,,1.0,,0.3279571533203125,,,0.0,0.0,,8.329489355674013e-05,,201.98764038085938,,0.1759023368358612,,0.03767355531454086,,,1.9055206775665283,,1.0,,0.14378581941127777,,,,,,,,,,,,,,,,,,
54,2179,,0.006171469576656818,,0.0007464983500540257,,0.004828831180930138,,0.0,,0.05871274694800377,,1.0,,0.3175249993801117,,,0.0,0.0,,1.3238303608886781e-06,,198.65475463867188,,0.18015500903129578,,0.04410526156425476,,,2.2078700065612793,,1.0,,0.14542901515960693,,,,,,,,,,,,,,,,,,
54,2189,,0.005743550602346659,,0.001618813956156373,,0.003551390953361988,,0.0,,0.0676407665014267,,1.0,,0.3127436637878418,,,0.0,0.0,,2.9481641831807792e-05,,198.746826171875,,0.17557182908058167,,0.029844408854842186,,,2.3759093284606934,,1.0,,0.14057955145835876,,,,,,,,,,,,,,,,,,
54,2199,,0.004368463531136513,,0.0015499480068683624,,0.004024216905236244,,0.0,,0.05194275453686714,,1.0,,0.31148624420166016,,,0.0,0.0,,4.9019185098586604e-05,,205.58493041992188,,0.1736341416835785,,0.04445870593190193,,,1.784304141998291,,1.0,,0.13840395212173462,,,,,,,,,,,,,,,,,,
54,2199,,,,,,,,,,,,,,,,,,,,,,,,,,,,,,,,,,,0.009519916959106922,0.004400594159960747,0.003869233652949333,0.0,0.12807124853134155,1.0,0.3064526319503784,0.0,0.0,0.00015168644313234836,198.67950439453125,0.17312905192375183,0.45035043358802795,2.5776164531707764,2.2477469444274902,1.0,0.3831983804702759
54,2199,0.0047007957473397255,,0.004471151158213615,,0.004283426329493523,,0.0,,0.06402783840894699,,1.0,,0.3190222382545471,,0.0,0.0,,,2.0785952074220404e-05,,203.41036987304688,,0.17601066827774048,,0.04960309714078903,,2.1321184635162354,2.3060545921325684,,1.0,,0.14984551072120667,,0.22530190646648407,,,,,,,,,,,,,,,,,
55,2209,,0.003940585069358349,,0.0009261090308427811,,0.005446931347250938,,0.0,,0.05813831835985184,,1.0,,0.31794261932373047,,,0.0,0.0,,3.693707242291566e-07,,203.34231567382812,,0.17601341009140015,,0.05483921244740486,,,2.2967309951782227,,1.0,,0.14747367799282074,,,,,,,,,,,,,,,,,,
55,2219,,0.004845255985856056,,0.011852497234940529,,0.004130522254854441,,0.0,,0.05768924206495285,,1.0,,0.31800270080566406,,,0.0,0.0,,2.6028970978586585e-07,,206.66119384765625,,0.17580044269561768,,0.07168303430080414,,,2.08730149269104,,1.0,,0.16134843230247498,,,,,,,,,,,,,,,,,,
55,2229,,0.0038752735126763582,,0.0029405097011476755,,0.004031674936413765,,0.0,,0.06102157384157181,,1.0,,0.32330647110939026,,,0.0,0.0,,1.7920077880262397e-05,,203.61294555664062,,0.17636995017528534,,0.036505043506622314,,,3.8847219944000244,,1.0,,0.14076828956604004,,,,,,,,,,,,,,,,,,
55,2239,,0.004651674535125494,,0.004626334644854069,,0.0036510287318378687,,0.0,,0.0585508793592453,,1.0,,0.3186112344264984,,,0.0,0.0,,7.759695819231638e-08,,198.26702880859375,,0.17394942045211792,,0.04354150593280792,,,2.024127244949341,,1.0,,0.14302505552768707,,,,,,,,,,,,,,,,,,
55,2239,,,,,,,,,,,,,,,,,,,,,,,,,,,,,,,,,,,0.009699924848973751,0.0055203791707754135,0.0036404109559953213,0.0,0.12586192786693573,1.0,0.31765565276145935,0.0,0.0,1.166349284176249e-05,198.69998168945312,0.17902816832065582,0.5149855613708496,2.6194615364074707,2.256819248199463,1.0,0.4179178774356842
55,2239,0.004496140405535698,,0.004076475743204355,,0.004406660329550505,,0.0,,0.06175665929913521,,1.0,,0.3190020024776459,,0.0,0.0,,,2.3663833417231217e-05,,203.21759033203125,,0.17559415102005005,,0.04537941887974739,,2.152193307876587,2.317636013031006,,1.0,,0.1461038887500763,,0.2250775545835495,,,,,,,,,,,,,,,,,
56,2249,,0.004453974775969982,,0.002350376220420003,,0.004331917967647314,,0.0,,0.06005767360329628,,1.0,,0.3181721568107605,,,0.0,0.0,,1.5114312645891914e-07,,200.3804931640625,,0.17399515211582184,,0.03770097345113754,,,1.8605620861053467,,1.0,,0.1397123485803604,,,,,,,,,,,,,,,,,,
56,2259,,0.0046197809278965,,0.0012621369678527117,,0.004160800948739052,,0.0,,0.060106903314590454,,1.0,,0.3159923553466797,,,0.0,0.0,,4.814496151084313e-06,,197.10952758789062,,0.17386004328727722,,0.05408990755677223,,,1.5679974555969238,,1.0,,0.14738787710666656,,,,,,,,,,,,,,,,,,
56,2269,,0.0043063051998615265,,0.004408429376780987,,0.004134187940508127,,0.0,,0.06554660946130753,,1.0,,0.32308587431907654,,,0.0,0.0,,1.4089531759964302e-05,,200.3399658203125,,0.1752440333366394,,0.030477110296487808,,,2.0490283966064453,,1.0,,0.14041170477867126,,,,,,,,,,,,,,,,,,
56,2279,,0.004545846022665501,,0.005799165461212397,,0.005395566113293171,,0.0,,0.053024306893348694,,1.0,,0.322354793548584,,,0.0,0.0,,6.774649136787048e-06,,206.3850555419922,,0.17179521918296814,,0.02388116344809532,,,2.0359480381011963,,1.0,,0.13006579875946045,,,,,,,,,,,,,,,,,,
56,2279,,,,,,,,,,,,,,,,,,,,,,,,,,,,,,,,,,,0.009564761072397232,0.0085480697453022,0.0037220800295472145,0.0,0.12868952751159668,1.0,0.31197696924209595,0.0,0.0,7.659103721380234e-05,198.35182189941406,0.17163459956645966,0.4836857318878174,2.6333062648773193,2.259678602218628,1.0,0.4014718532562256
56,2279,0.0046265386044979095,,0.005300849210470915,,0.0042311446741223335,,0.0,,0.06137105077505112,,1.0,,0.3197925090789795,,0.0,0.0,,,2.3752281776978634e-05,,203.44837951660156,,0.175673246383667,,0.04565256088972092,,2.1856913566589355,2.331090211868286,,1.0,,0.14674712717533112,,0.22584135830402374,,,,,,,,,,,,,,,,,
57,2289,,0.004628956317901611,,0.001543417340144515,,0.004464626312255859,,0.0,,0.05802766606211662,,1.0,,0.32636746764183044,,,0.0,0.0,,5.3208077588351443e-05,,195.24790954589844,,0.1732843965291977,,0.025519661605358124,,,1.960033655166626,,1.0,,0.13197509944438934,,,,,,,,,,,,,,,,,,
57,2299,,0.003850797424092889,,0.0012448095949366689,,0.004625510424375534,,0.0,,0.04699926823377609,,1.0,,0.3215751647949219,,,0.0,0.0,,5.411924576037563e-06,,200.71615600585938,,0.17526553571224213,,0.03392523527145386,,,2.014951229095459,,1.0,,0.1311080902814865,,,,,,,,,,,,,,,,,,
57,2309,,0.004513818770647049,,0.000682842219248414,,0.0037583387456834316,,0.0,,0.06027521938085556,,1.0,,0.3213156461715698,,,0.0,0.0,,4.493275810091291e-06,,197.3258514404297,,0.1729440689086914,,0.04109834507107735,,,2.373566150665283,,1.0,,0.14013522863388062,,,,,,,,,,,,,,,,,,
57,2319,,0.0046025970950722694,,0.011452113278210163,,0.003819418139755726,,0.0,,0.06207169592380524,,1.0,,0.31807374954223633,,,0.0,0.0,,1.0037327911049942e-06,,197.4404754638672,,0.17512944340705872,,0.06094235181808472,,,2.2389726638793945,,1.0,,0.15748153626918793,,,,,,,,,,,,,,,,,,
57,2319,,,,,,,,,,,,,,,,,,,,,,,,,,,,,,,,,,,0.009770568460226059,0.007081077434122562,0.0036450326442718506,0.0,0.12512589991092682,1.0,0.3121923506259918,0.0,0.0,7.248060865094885e-05,198.01632690429688,0.17250685393810272,0.4901796281337738,2.645487070083618,2.260446310043335,1.0,0.4027327597141266
57,2319,0.00435012299567461,,0.004318927880376577,,0.004019200336188078,,0.0,,0.06094755977392197,,1.0,,0.31938233971595764,,0.0,0.0,,,2.687351661734283e-05,,203.3627471923828,,0.17514315247535706,,0.04157749563455582,,2.189551830291748,2.3208677768707275,,1.0,,0.1435839831829071,,0.22532756626605988,,,,,,,,,,,,,,,,,
58,2329,,0.00400139857083559,,0.0010044276714324951,,0.0031261469703167677,,0.0,,0.06491357833147049,,1.0,,0.3093319833278656,,,0.0,0.0,,8.364667883142829e-05,,203.7222900390625,,0.17258892953395844,,0.030668800696730614,,,2.191922187805176,,1.0,,0.1369430124759674,,,,,,,,,,,,,,,,,,
58,2339,,0.0039337193593382835,,0.00047789153177291155,,0.0035228272899985313,,0.0,,0.04576445370912552,,1.0,,0.3253505527973175,,,0.0,0.0,,3.401815047254786e-05,,202.67233276367188,,0.171664759516716,,0.05153105780482292,,,1.857263207435608,,1.0,,0.13705521821975708,,,,,,,,,,,,,,,,,,
58,2349,,0.005056638270616531,,0.007990116253495216,,0.004540357738733292,,0.0,,0.0645865797996521,,1.0,,0.31941699981689453,,,0.0,0.0,,4.726621227746364e-08,,206.68016052246094,,0.1740395724773407,,0.029284244403243065,,,1.5901955366134644,,1.0,,0.14093264937400818,,,,,,,,,,,,,,,,,,
58,2359,,0.004842723719775677,,0.005087336990982294,,0.0046076360158622265,,0.0,,0.054294805973768234,,1.0,,0.3239118456840515,,,0.0,0.0,,2.3143176804296672e-05,,194.1324462890625,,0.1769607663154602,,0.037766508758068085,,,2.082188129425049,,1.0,,0.13994842767715454,,,,,,,,,,,,,,,,,,
58,2359,,,,,,,,,,,,,,,,,,,,,,,,,,,,,,,,,,,0.009556683711707592,0.010683908127248287,0.0036217737942934036,0.0,0.12496922165155411,1.0,0.30752235651016235,0.0,0.0,0.00013017264427617192,198.40560913085938,0.17242079973220825,0.4269600808620453,2.6934874057769775,2.269493818283081,1.0,0.3727226257324219
58,2359,0.004548164550215006,,0.005296851973980665,,0.004038463346660137,,0.0,,0.06016097590327263,,1.0,,0.31996697187423706,,0.0,0.0,,,2.2857566364109516e-05,,203.2704620361328,,0.17384764552116394,,0.04172457754611969,,2.2089388370513916,2.3348278999328613,,1.0,,0.14320439100265503,,0.22597011923789978,,,,,,,,,,,,,,,,,
59,2369,,0.003934510983526707,,0.001486521097831428,,0.0038835094310343266,,0.0,,0.0633552223443985,,1.0,,0.32203540205955505,,,0.0,0.0,,1.1488559721328784e-05,,205.61544799804688,,0.17131774127483368,,0.029467012733221054,,,2.096900463104248,,1.0,,0.13517458736896515,,,,,,,,,,,,,,,,,,
59,2379,,0.004224678501486778,,0.0005622280295938253,,0.004522302187979221,,0.0,,0.06409599632024765,,1.0,,0.3161880373954773,,,0.0,0.0,,5.8333835113444366e-06,,197.06704711914062,,0.1723112165927887,,0.04069513827562332,,,2.0518853664398193,,1.0,,0.14139977097511292,,,,,,,,,,,,,,,,,,
59,2389,,0.0039478084072470665,,0.0011995893437415361,,0.0038376711308956146,,0.0,,0.06833575665950775,,1.0,,0.3257265090942383,,,0.0,0.0,,3.644119351520203e-05,,200.1494598388672,,0.1715940237045288,,0.04447830840945244,,,3.156378746032715,,1.0,,0.14517973363399506,,,,,,,,,,,,,,,,,,
59,2399,,0.006261184345930815,,0.010835147462785244,,0.00476653641089797,,0.0,,0.05843128263950348,,1.0,,0.3244457244873047,,,0.0,0.0,,2.8873304472654127e-05,,200.21383666992188,,0.1783706396818161,,0.040883973240852356,,,2.3838603496551514,,1.0,,0.14788219332695007,,,,,,,,,,,,,,,,,,
59,2399,,,,,,,,,,,,,,,,,,,,,,,,,,,,,,,,,,,0.009906156919896603,0.006857581436634064,0.0038901222869753838,0.0,0.12534376978874207,1.0,0.31410688161849976,0.0,0.0,2.2847294530947693e-05,198.2670135498047,0.17166227102279663,0.4528876543045044,2.6902928352355957,2.269014358520508,1.0,0.38372913002967834
59,2399,0.0044324081391096115,,0.004192647524178028,,0.004191936459392309,,0.0,,0.05989878252148628,,1.0,,0.31898990273475647,,0.0,0.0,,,2.7895192033611238e-05,,203.1207733154297,,0.17393504083156586,,0.04230937734246254,,2.223513126373291,2.331097364425659,,1.0,,0.14281725883483887,,0.22500939667224884,,,,,,,,,,,,,,,,,
60,2409,,0.004250429105013609,,0.008042287081480026,,0.005304161459207535,,0.0,,0.05955196171998978,,1.0,,0.32102108001708984,,,0.0,0.0,,2.486051243977272e-06,,207.279052734375,,0.17605184018611908,,0.06654797494411469,,,2.1860690116882324,,1.0,,0.15775389969348907,,,,,,,,,,,,,,,,,,
60,2419,,0.004029914736747742,,0.018520064651966095,,0.0037843622267246246,,0.0,,0.05636342614889145,,1.0,,0.31223180890083313,,,0.0,0.0,,4.6769775508437306e-05,,200.99253845214844,,0.17394529283046722,,0.060654427856206894,,,2.265254020690918,,1.0,,0.15715837478637695,,,,,,,,,,,,,,,,,,
60,2429,,0.004204737022519112,,0.001663956674747169,,0.0036209693644195795,,0.0,,0.04969880357384682,,1.0,,0.3256159722805023,,,0.0,0.0,,4.964085383107886e-05,,206.18212890625,,0.17299765348434448,,0.056175004690885544,,,1.894270658493042,,1.0,,0.14275699853897095,,,,,,,,,,,,,,,,,,
60,2439,,0.0037046605721116066,,0.012307250872254372,,0.004554153420031071,,0.0,,0.056033626198768616,,1.0,,0.3185650706291199,,,0.0,0.0,,1.1383342268800334e-07,,200.19900512695312,,0.1691807061433792,,0.06696927547454834,,,2.5684938430786133,,1.0,,0.15455324947834015,,,,,,,,,,,,,,,,,,
60,2439,,,,,,,,,,,,,,,,,,,,,,,,,,,,,,,,,,,0.009622993879020214,0.009955489076673985,0.0036415772046893835,0.0,0.12724359333515167,1.0,0.30575165152549744,0.0,0.0,0.00017101291450671852,198.4398193359375,0.1724289059638977,0.42058318853378296,2.716240406036377,2.2753520011901855,1.0,0.37036678194999695
60,2439,0.004187979735434055,,0.005233052186667919,,0.004092435352504253,,0.0,,0.0595441572368145,,1.0,,0.3199983835220337,,0.0,0.0,,,4.0223749238066375e-05,,203.3810577392578,,0.17312438786029816,,0.04130219668149948,,2.229459762573242,2.3276638984680176,,1.0,,0.14212524890899658,,0.225969597697258,,,,,,,,,,,,,,,,,
61,2449,,0.00464691873639822,,0.0036759155336767435,,0.0041664354503154755,,0.0,,0.0658581331372261,,1.0,,0.32287290692329407,,,0.0,0.0,,1.4438337530009449e-05,,209.60763549804688,,0.1743311882019043,,0.03796251863241196,,,2.3402020931243896,,1.0,,0.14366118609905243,,,,,,,,,,,,,,,,,,
61,2459,,0.004171866457909346,,0.0011245375499129295,,0.00403529591858387,,0.0,,0.06116412207484245,,1.0,,0.3125390112400055,,,0.0,0.0,,4.0831026126397774e-05,,202.6967010498047,,0.17272698879241943,,0.03965170308947563,,,2.263462781906128,,1.0,,0.13984355330467224,,,,,,,,,,,,,,,,,,
61,2469,,0.003969218581914902,,0.0019043354550376534,,0.00440354086458683,,0.0,,0.04585070163011551,,1.0,,0.3216666281223297,,,0.0,0.0,,6.5240546973655e-06,,212.25439453125,,0.17158733308315277,,0.027729619294404984,,,1.8534413576126099,,1.0,,0.1259642243385315,,,,,,,,,,,,,,,,,,
61,2479,,0.0037477004807442427,,0.00441173929721117,,0.0033461186103522778,,0.0,,0.0665544867515564,,1.0,,0.319839745759964,,,0.0,0.0,,2.616567144286819e-06,,205.78140258789062,,0.17230576276779175,,0.040705520659685135,,,1.9833699464797974,,1.0,,0.14419852197170258,,,,,,,,,,,,,,,,,,
61,2479,,,,,,,,,,,,,,,,,,,,,,,,,,,,,,,,,,,0.009441103786230087,0.009329437278211117,0.003651141421869397,0.0,0.12499316781759262,1.0,0.3141734004020691,0.0,0.0,2.7599755412666127e-05,198.59320068359375,0.17128285765647888,0.5106683969497681,2.768795967102051,2.2849934101104736,1.0,0.4132364094257355
61,2479,0.004395347088575363,,0.00425373762845993,,0.004078749101608992,,0.0,,0.05841585993766785,,1.0,,0.3190532326698303,,0.0,0.0,,,2.637041689013131e-05,,203.0291748046875,,0.17294758558273315,,0.04416392371058464,,2.276594638824463,2.3308448791503906,,1.0,,0.14250928163528442,,0.22495754063129425,,,,,,,,,,,,,,,,,
62,2489,,0.004296781029552221,,0.0068553960882127285,,0.0034964762162417173,,0.0,,0.06069031357765198,,1.0,,0.3034932017326355,,,0.0,0.0,,0.0002319261257071048,,210.052001953125,,0.17557989060878754,,0.03807110711932182,,,2.0324835777282715,,1.0,,0.14321234822273254,,,,,,,,,,,,,,,,,,
62,2499,,0.0036200028844177723,,0.004006590228527784,,0.005531646311283112,,0.0,,0.05783311277627945,,1.0,,0.3223099708557129,,,0.0,0.0,,8.883383088686969e-06,,202.99627685546875,,0.17629468441009521,,0.024691758677363396,,,2.0519895553588867,,1.0,,0.13378067314624786,,,,,,,,,,,,,,,,,,
62,2509,,0.004873811267316341,,0.00665898434817791,,0.0031973563600331545,,0.0,,0.04876618832349777,,1.0,,0.3079356253147125,,,0.0,0.0,,0.00011936789087485522,,213.949951171875,,0.1764659434556961,,0.040275029838085175,,,2.2566909790039062,,1.0,,0.13889938592910767,,,,,,,,,,,,,,,,,,
62,2519,,0.004064756911247969,,0.0031821997836232185,,0.00352879473939538,,0.0,,0.06998385488986969,,1.0,,0.32385310530662537,,,0.0,0.0,,1.97979315998964e-05,,199.31942749023438,,0.17190717160701752,,0.054385971277952194,,,2.022028684616089,,1.0,,0.15212474763393402,,,,,,,,,,,,,,,,,,
62,2519,,,,,,,,,,,,,,,,,,,,,,,,,,,,,,,,,,,0.009402620606124401,0.008788981474936008,0.0035105342976748943,0.0,0.12642088532447815,1.0,0.3094344735145569,0.0,0.0,0.00010387596557848155,198.69496154785156,0.1704142838716507,0.44436144828796387,2.8137478828430176,2.292914867401123,1.0,0.3800971210002899
62,2519,0.004235901869833469,,0.005429144948720932,,0.00402290653437376,,0.0,,0.05808701366186142,,1.0,,0.3203628957271576,,0.0,0.0,,,4.723871097667143e-05,,203.1860809326172,,0.17389923334121704,,0.04348260164260864,,2.2988650798797607,2.348691463470459,,1.0,,0.14299286901950836,,0.2261928766965866,,,,,,,,,,,,,,,,,
63,2529,,0.004388187080621719,,0.0009202108485624194,,0.003420549910515547,,0.0,,0.06264129281044006,,1.0,,0.3246152698993683,,,0.0,0.0,,2.9000755603192374e-05,,206.2900390625,,0.17450986802577972,,0.030134383589029312,,,2.294412612915039,,1.0,,0.13665352761745453,,,,,,,,,,,,,,,,,,
63,2539,,0.004773475229740143,,0.0029205724131315947,,0.004135617986321449,,0.0,,0.05387512221932411,,1.0,,0.3147338926792145,,,0.0,0.0,,1.4696884136355948e-05,,196.977783203125,,0.17377029359340668,,0.029389236122369766,,,2.060617685317993,,1.0,,0.13278526067733765,,,,,,,,,,,,,,,,,,
63,2549,,0.0034820795990526676,,0.0014287048252299428,,0.005044768564403057,,0.0,,0.05241142213344574,,1.0,,0.32180100679397583,,,0.0,0.0,,6.959265647310531e-06,,205.8736572265625,,0.1709061563014984,,0.046854957938194275,,,2.3172531127929688,,1.0,,0.13804961740970612,,,,,,,,,,,,,,,,,,
63,2559,,0.003513973206281662,,0.003955130465328693,,0.004123025573790073,,0.0,,0.05649649351835251,,1.0,,0.31313979625701904,,,0.0,0.0,,3.095465945079923e-05,,210.7667694091797,,0.17247068881988525,,0.04900297522544861,,,1.7898740768432617,,1.0,,0.14314742386341095,,,,,,,,,,,,,,,,,,
63,2559,,,,,,,,,,,,,,,,,,,,,,,,,,,,,,,,,,,0.009273156523704529,0.00828368030488491,0.003233892610296607,0.0,0.1232277899980545,1.0,0.30651018023490906,0.0,0.0,0.00016990369476843625,198.48495483398438,0.1703428477048874,0.4183679521083832,2.793846607208252,2.2892229557037354,1.0,0.3651560842990875
63,2559,0.00400357972830534,,0.003549703862518072,,0.0039341039955616,,0.0,,0.05741136521100998,,1.0,,0.31902527809143066,,0.0,0.0,,,5.183123721508309e-05,,203.29794311523438,,0.17266371846199036,,0.03847110643982887,,2.3119382858276367,2.362476348876953,,1.0,,0.13846908509731293,,0.22496187686920166,,,,,,,,,,,,,,,,,
64,2569,,0.0038745037745684385,,0.0015860926359891891,,0.002982686273753643,,0.0,,0.055197667330503464,,1.0,,0.31920745968818665,,,0.0,0.0,,9.85247083917784e-07,,193.71600341796875,,0.1702863574028015,,0.04130542650818825,,,1.8227970600128174,,1.0,,0.13642378151416779,,,,,,,,,,,,,,,,,,
64,2579,,0.00413088733330369,,0.0027204600628465414,,0.004979235120117664,,0.0,,0.05416190251708031,,1.0,,0.3264521360397339,,,0.0,0.0,,5.10657555423677e-05,,192.99876403808594,,0.1783643662929535,,0.03969922289252281,,,1.4789340496063232,,1.0,,0.1400618553161621,,,,,,,,,,,,,,,,,,
64,2589,,0.0033732610754668713,,0.019461600109934807,,0.004516926594078541,,0.0,,0.06071866676211357,,1.0,,0.3405221998691559,,,0.0,0.0,,0.00039510466740466654,,202.88827514648438,,0.17260760068893433,,0.03281167894601822,,,1.8032649755477905,,1.0,,0.14513565599918365,,,,,,,,,,,,,,,,,,
64,2599,,0.004221715964376926,,0.0027213518042117357,,0.0026564975269138813,,0.0,,0.05661811679601669,,1.0,,0.31409406661987305,,,0.0,0.0,,2.2231184630072676e-05,,203.14596557617188,,0.16933923959732056,,0.03784486651420593,,,2.7875723838806152,,1.0,,0.1356494128704071,,,,,,,,,,,,,,,,,,
64,2599,,,,,,,,,,,,,,,,,,,,,,,,,,,,,,,,,,,0.009174739010632038,0.0041806320659816265,0.0032878525089472532,0.0,0.1243099644780159,1.0,0.31140071153640747,0.0,0.0,6.223546370165423e-05,198.5010223388672,0.17278258502483368,0.4554399847984314,2.7900397777557373,2.2877025604248047,1.0,0.38330385088920593
64,2599,0.0038292899262160063,,0.004803232848644257,,0.0037761186249554157,,0.0,,0.05608253553509712,,1.0,,0.31876832246780396,,0.0,0.0,,,5.4780994105385616e-05,,203.29945373535156,,0.17230597138404846,,0.03635645657777786,,2.3057808876037598,2.3518917560577393,,1.0,,0.13709375262260437,,0.22481593489646912,,,,,,,,,,,,,,,,,
65,2609,,0.004233398474752903,,0.010260947048664093,,0.0032224170863628387,,0.0,,0.05344929173588753,,1.0,,0.3039432466030121,,,0.0,0.0,,0.00023165978200268,,209.33963012695312,,0.17040160298347473,,0.03347795084118843,,,1.9004768133163452,,1.0,,0.1363496631383896,,,,,,,,,,,,,,,,,,
65,2619,,0.0042692311108112335,,0.007750714663416147,,0.0036178529262542725,,0.0,,0.05318261310458183,,1.0,,0.31483975052833557,,,0.0,0.0,,1.8463339074514806e-05,,198.6012420654297,,0.1712503433227539,,0.029903827235102654,,,1.804548978805542,,1.0,,0.13354939222335815,,,,,,,,,,,,,,,,,,
65,2629,,0.0037555955350399017,,0.01175661664456129,,0.003405877621844411,,0.0,,0.05566395819187164,,1.0,,0.31739693880081177,,,0.0,0.0,,1.9988087842648383e-06,,203.6737518310547,,0.16909095644950867,,0.04725077003240585,,,2.3028175830841064,,1.0,,0.14410054683685303,,,,,,,,,,,,,,,,,,
65,2639,,0.0038847951218485832,,0.016424614936113358,,0.004202693700790405,,0.0,,0.06051706522703171,,1.0,,0.31772804260253906,,,0.0,0.0,,1.41002260534151e-06,,202.12887573242188,,0.17135977745056152,,0.039040710777044296,,,1.8149338960647583,,1.0,,0.14603446424007416,,,,,,,,,,,,,,,,,,
65,2639,,,,,,,,,,,,,,,,,,,,,,,,,,,,,,,,,,,0.009484384208917618,0.009885127656161785,0.0034076531883329153,0.0,0.12646768987178802,1.0,0.31075218319892883,0.0,0.0,0.00010854721040232107,198.87808227539062,0.16990162432193756,0.4514016807079315,2.791370153427124,2.288072109222412,1.0,0.3839653432369232
65,2639,0.003932312596589327,,0.004670566879212856,,0.003891704138368368,,0.0,,0.05672281235456467,,1.0,,0.3201100826263428,,0.0,0.0,,,4.023907968075946e-05,,203.38046264648438,,0.17200128734111786,,0.035565849393606186,,2.293527364730835,2.3536243438720703,,1.0,,0.13685570657253265,,0.22606226801872253,,,,,,,,,,,,,,,,,
66,2649,,0.004062307998538017,,0.000552337325643748,,0.003929485566914082,,0.0,,0.05125470459461212,,1.0,,0.3086152970790863,,,0.0,0.0,,0.00010085906251333654,,206.29214477539062,,0.17121995985507965,,0.02524469420313835,,,2.2004003524780273,,1.0,,0.12661036849021912,,,,,,,,,,,,,,,,,,
66,2659,,0.004229690879583359,,0.010025105439126492,,0.004201527219265699,,0.0,,0.05935124680399895,,1.0,,0.3185453414916992,,,0.0,0.0,,3.510209012347332e-07,,198.89598083496094,,0.16749203205108643,,0.04643309861421585,,,2.060274839401245,,1.0,,0.14418593049049377,,,,,,,,,,,,,,,,,,
66,2669,,0.003648670855909586,,0.002317566191777587,,0.00418053288012743,,0.0,,0.05879564955830574,,1.0,,0.32064083218574524,,,0.0,0.0,,2.0840946035605157e-06,,200.05331420898438,,0.1705106794834137,,0.05560001730918884,,,2.081148386001587,,1.0,,0.1458553820848465,,,,,,,,,,,,,,,,,,
66,2679,,0.003960025496780872,,0.007685557007789612,,0.003727047238498926,,0.0,,0.053257908672094345,,1.0,,0.31207388639450073,,,0.0,0.0,,5.527426037588157e-05,,211.41818237304688,,0.17645543813705444,,0.04910901188850403,,,2.5451083183288574,,1.0,,0.14563430845737457,,,,,,,,,,,,,,,,,,
66,2679,,,,,,,,,,,,,,,,,,,,,,,,,,,,,,,,,,,0.009551392868161201,0.004948471672832966,0.0038946596905589104,0.0,0.12636283040046692,1.0,0.30768802762031555,0.0,0.0,0.0001332034298684448,198.56455993652344,0.17077039182186127,0.5068845748901367,2.8372316360473633,2.2968711853027344,1.0,0.4097149074077606
66,2679,0.003996348008513451,,0.005177745129913092,,0.003944448661059141,,0.0,,0.05551242083311081,,1.0,,0.3194817006587982,,0.0,0.0,,,2.677299198694527e-05,,203.38343811035156,,0.1715727150440216,,0.0392453595995903,,2.3115124702453613,2.3590447902679443,,1.0,,0.13816013932228088,,0.22534458339214325,,,,,,,,,,,,,,,,,
67,2689,,0.003385813208296895,,0.009108150377869606,,0.004738816525787115,,0.0,,0.052415184676647186,,1.0,,0.31579676270484924,,,0.0,0.0,,1.3655419934366364e-05,,199.52420043945312,,0.17170503735542297,,0.05057233199477196,,,3.386793375015259,,1.0,,0.1440739631652832,,,,,,,,,,,,,,,,,,
67,2699,,0.0036248096730560064,,0.0008273502462543547,,0.0035493122413754463,,0.0,,0.049434322863817215,,1.0,,0.31741034984588623,,,0.0,0.0,,2.568199533925508e-06,,208.88043212890625,,0.17255648970603943,,0.037032950669527054,,,1.7889074087142944,,1.0,,0.13209417462348938,,,,,,,,,,,,,,,,,,
67,2709,,0.0038118790835142136,,0.0010671212803572416,,0.003863799851387739,,0.0,,0.05344384163618088,,1.0,,0.31922006607055664,,,0.0,0.0,,2.779745216230367e-07,,201.25955200195312,,0.1710186004638672,,0.02928314357995987,,,2.1678647994995117,,1.0,,0.12969881296157837,,,,,,,,,,,,,,,,,,
67,2719,,0.004178456496447325,,0.01337131205946207,,0.0030307823326438665,,0.0,,0.06114515662193298,,1.0,,0.32519224286079407,,,0.0,0.0,,3.634572567534633e-05,,211.70526123046875,,0.17044858634471893,,0.04421114921569824,,,2.2089970111846924,,1.0,,0.1469985842704773,,,,,,,,,,,,,,,,,,
67,2719,,,,,,,,,,,,,,,,,,,,,,,,,,,,,,,,,,,0.009668504819273949,0.0024005454033613205,0.003059316659346223,0.0,0.12556523084640503,1.0,0.30978161096572876,0.0,0.0,8.951639028964564e-05,198.3511505126953,0.16933351755142212,0.41573667526245117,2.872894763946533,2.3035359382629395,1.0,0.36170297861099243
67,2719,0.0038199550472199917,,0.004234589636325836,,0.0039384206756949425,,0.0,,0.05587223917245865,,1.0,,0.3200552463531494,,0.0,0.0,,,2.649072848726064e-05,,203.1749725341797,,0.171926349401474,,0.0442260280251503,,2.33880877494812,2.363494396209717,,1.0,,0.14044667780399323,,0.22586476802825928,,,,,,,,,,,,,,,,,
68,2729,,0.004381571430712938,,0.0009072863613255322,,0.004209605976939201,,0.0,,0.05146396905183792,,1.0,,0.3321515917778015,,,0.0,0.0,,0.00013785032206214964,,198.55404663085938,,0.16902683675289154,,0.02990090474486351,,,1.7424914836883545,,1.0,,0.12833015620708466,,,,,,,,,,,,,,,,,,
68,2739,,0.003971783444285393,,0.001844590762630105,,0.004014959093183279,,0.0,,0.054197758436203,,1.0,,0.3122979998588562,,,0.0,0.0,,4.3808482587337494e-05,,199.99984741210938,,0.1674829125404358,,0.028958002105355263,,,2.3725666999816895,,1.0,,0.12865091860294342,,,,,,,,,,,,,,,,,,
68,2749,,0.0034669286105781794,,0.002127039013430476,,0.004372183233499527,,0.0,,0.07034271210432053,,1.0,,0.3305325508117676,,,0.0,0.0,,0.00011513989738887176,,202.1483612060547,,0.17073199152946472,,0.0316033773124218,,,2.77315354347229,,1.0,,0.13963080942630768,,,,,,,,,,,,,,,,,,
68,2759,,0.004120656289160252,,0.0013986163539811969,,0.0034144441597163677,,0.0,,0.05604546517133713,,1.0,,0.31721553206443787,,,0.0,0.0,,1.9320452793181175e-06,,202.59457397460938,,0.17123882472515106,,0.0379108190536499,,,2.4213573932647705,,1.0,,0.13569961488246918,,,,,,,,,,,,,,,,,,
68,2759,,,,,,,,,,,,,,,,,,,,,,,,,,,,,,,,,,,0.009355603717267513,0.006214472930878401,0.0035528650041669607,0.0,0.12558133900165558,1.0,0.3206729292869568,0.0,0.0,3.845445462502539e-05,197.9086151123047,0.1697712242603302,0.5388514399528503,2.936095714569092,2.3148820400238037,1.0,0.42526158690452576
68,2759,0.0036878134123981,,0.005228406749665737,,0.003746402682736516,,0.0,,0.05546008422970772,,1.0,,0.3187182545661926,,0.0,0.0,,,4.3546380766201764e-05,,203.2360076904297,,0.1706390082836151,,0.038374364376068115,,2.3691275119781494,2.3613529205322266,,1.0,,0.1370912790298462,,0.2245321273803711,,,,,,,,,,,,,,,,,
69,2769,,0.003574141301214695,,0.007261622231453657,,0.005009520798921585,,0.0,,0.04598503187298775,,1.0,,0.3156365156173706,,,0.0,0.0,,1.2322076145210303e-05,,203.1036834716797,,0.17106899619102478,,0.031983260065317154,,,1.8893909454345703,,1.0,,0.13044364750385284,,,,,,,,,,,,,,,,,,
69,2779,,0.004107517655938864,,0.009474576450884342,,0.003744504414498806,,0.0,,0.050635967403650284,,1.0,,0.3198262155056,,,0.0,0.0,,1.9070234884566162e-06,,196.60629272460938,,0.1719081997871399,,0.03733007609844208,,,2.2652571201324463,,1.0,,0.13710357248783112,,,,,,,,,,,,,,,,,,
69,2789,,0.0033734655007719994,,0.0006541037000715733,,0.0033646102529019117,,0.0,,0.05338519811630249,,1.0,,0.31732797622680664,,,0.0,0.0,,1.1782237834268017e-06,,203.36273193359375,,0.1755262017250061,,0.02449743263423443,,,1.711137294769287,,1.0,,0.12905524671077728,,,,,,,,,,,,,,,,,,
69,2799,,0.003565338673070073,,0.005290691275149584,,0.0033590588718652725,,0.0,,0.05880531668663025,,1.0,,0.31750279664993286,,,0.0,0.0,,3.2734549222368514e-06,,204.28903198242188,,0.17248240113258362,,0.04541239142417908,,,2.01727294921875,,1.0,,0.14311560988426208,,,,,,,,,,,,,,,,,,
69,2799,,,,,,,,,,,,,,,,,,,,,,,,,,,,,,,,,,,0.009231338277459145,0.006596136838197708,0.003093153005465865,0.0,0.12532897293567657,1.0,0.3082067668437958,0.0,0.0,0.00013325025793164968,198.1654815673828,0.17257831990718842,0.4648379385471344,2.9063801765441895,2.3092992305755615,1.0,0.3896622955799103
69,2799,0.0036466321907937527,,0.0052756317891180515,,0.0036175318527966738,,0.0,,0.05374494940042496,,1.0,,0.32003048062324524,,0.0,0.0,,,3.687218850245699e-05,,203.06785583496094,,0.17087824642658234,,0.03482912853360176,,2.3653039932250977,2.346710681915283,,1.0,,0.13456745445728302,,0.2260044366121292,,,,,,,,,,,,,,,,,
70,2809,,0.0035506749991327524,,0.0008072566124610603,,0.003718810621649027,,0.0,,0.06038697436451912,,1.0,,0.3237360715866089,,,0.0,0.0,,1.7298301827395335e-05,,202.27926635742188,,0.17217135429382324,,0.043409742414951324,,,3.119178533554077,,1.0,,0.14054352045059204,,,,,,,,,,,,,,,,,,
70,2819,,0.0036236692685633898,,0.003019177122041583,,0.004823936149477959,,0.0,,0.04675758630037308,,1.0,,0.32318952679634094,,,0.0,0.0,,1.3823439985571895e-05,,199.07286071777344,,0.17238196730613708,,0.03638314828276634,,,1.820959448814392,,1.0,,0.13157208263874054,,,,,,,,,,,,,,,,,,
70,2829,,0.004011634737253189,,0.0035343749914318323,,0.004446924664080143,,0.0,,0.06059052050113678,,1.0,,0.3148309588432312,,,0.0,0.0,,1.086353586288169e-05,,200.00067138671875,,0.17010709643363953,,0.03212833032011986,,,1.6284067630767822,,1.0,,0.135636106133461,,,,,,,,,,,,,,,,,,
70,2839,,0.0031902333721518517,,0.0011387259000912309,,0.003541057463735342,,0.0,,0.05331389233469963,,1.0,,0.3134463429450989,,,0.0,0.0,,3.169607589370571e-05,,209.09512329101562,,0.1683472990989685,,0.04209538549184799,,,2.7374091148376465,,1.0,,0.1344127207994461,,,,,,,,,,,,,,,,,,
70,2839,,,,,,,,,,,,,,,,,,,,,,,,,,,,,,,,,,,0.009666429832577705,0.003021501237526536,0.0033753104507923126,0.0,0.12320394068956375,1.0,0.3105993866920471,0.0,0.0,8.766065002419055e-05,197.95977783203125,0.16944332420825958,0.4508582651615143,2.9491100311279297,2.318169116973877,1.0,0.37847810983657837
70,2839,0.0036864210851490498,,0.003413112834095955,,0.0036978137213736773,,0.0,,0.054616641253232956,,1.0,,0.3194775879383087,,0.0,0.0,,,1.7484877389506437e-05,,203.06471252441406,,0.17019245028495789,,0.036246366798877716,,2.387307643890381,2.374605417251587,,1.0,,0.13445602357387543,,0.22531616687774658,,,,,,,,,,,,,,,,,
71,2849,,0.003419518005102873,,0.001046392833814025,,0.0044348640367388725,,0.0,,0.05503854155540466,,1.0,,0.32293766736984253,,,0.0,0.0,,8.392576091864612e-06,,205.29405212402344,,0.1729196310043335,,0.02827802300453186,,,2.7002267837524414,,1.0,,0.13079874217510223,,,,,,,,,,,,,,,,,,
71,2859,,0.003561838762834668,,0.016212791204452515,,0.003390910569578409,,0.0,,0.051870156079530716,,1.0,,0.3135715425014496,,,0.0,0.0,,2.7796666472568177e-05,,202.5613250732422,,0.17096415162086487,,0.053860556334257126,,,2.282078981399536,,1.0,,0.14858773350715637,,,,,,,,,,,,,,,,,,
71,2869,,0.004569860175251961,,0.0018432112410664558,,0.0033919638954102993,,0.0,,0.05097847431898117,,1.0,,0.3138747215270996,,,0.0,0.0,,2.1707781343138777e-05,,194.6630859375,,0.1727774292230606,,0.03277520835399628,,,2.112659215927124,,1.0,,0.1318221390247345,,,,,,,,,,,,,,,,,,
71,2879,,0.0034846728667616844,,0.0009850411443039775,,0.003365187905728817,,0.0,,0.05733168497681618,,1.0,,0.3094259202480316,,,0.0,0.0,,8.51211734698154e-05,,195.1307830810547,,0.17139965295791626,,0.027421748265624046,,,2.10931396484375,,1.0,,0.13069047033786774,,,,,,,,,,,,,,,,,,
71,2879,,,,,,,,,,,,,,,,,,,,,,,,,,,,,,,,,,,0.00927694421261549,0.003446204587817192,0.0031953277066349983,0.0,0.12409412860870361,1.0,0.3065222501754761,0.0,0.0,0.0001740417501423508,198.18202209472656,0.1713143140077591,0.42219558358192444,2.967945098876953,2.3222553730010986,1.0,0.3655700981616974
71,2879,0.003842137288302183,,0.003569014836102724,,0.003668812569230795,,0.0,,0.0547490119934082,,1.0,,0.3197818398475647,,0.0,0.0,,,3.006502811331302e-05,,203.1588134765625,,0.17099866271018982,,0.03497243672609329,,2.4217114448547363,2.3944435119628906,,1.0,,0.13444754481315613,,0.2254004031419754,,,,,,,,,,,,,,,,,
72,2889,,0.0036939766723662615,,0.009384773671627045,,0.003931560553610325,,0.0,,0.05059567838907242,,1.0,,0.3157682418823242,,,0.0,0.0,,1.4056662621442229e-05,,202.60472106933594,,0.16730153560638428,,0.028882458806037903,,,2.147235870361328,,1.0,,0.1303294152021408,,,,,,,,,,,,,,,,,,
72,2899,,0.0035033756867051125,,0.010031664744019508,,0.0033420762047171593,,0.0,,0.048337601125240326,,1.0,,0.3288190960884094,,,0.0,0.0,,7.322822784772143e-05,,211.12982177734375,,0.1681409776210785,,0.030096428468823433,,,1.8460586071014404,,1.0,,0.1304258555173874,,,,,,,,,,,,,,,,,,
72,2909,,0.003922563046216965,,0.004743991885334253,,0.003318333998322487,,0.0,,0.04305955395102501,,1.0,,0.3153800964355469,,,0.0,0.0,,7.966273187776096e-06,,207.62826538085938,,0.1740245372056961,,0.033318519592285156,,,1.970165491104126,,1.0,,0.12987039983272552,,,,,,,,,,,,,,,,,,
72,2919,,0.0030139856971800327,,0.00154732761438936,,0.004038725979626179,,0.0,,0.05301075428724289,,1.0,,0.31970444321632385,,,0.0,0.0,,4.409695009144343e-07,,202.28562927246094,,0.17106449604034424,,0.04732658714056015,,,2.2320961952209473,,1.0,,0.13838568329811096,,,,,,,,,,,,,,,,,,
72,2919,,,,,,,,,,,,,,,,,,,,,,,,,,,,,,,,,,,0.009289680048823357,0.0051648858934640884,0.0029713145922869444,0.0,0.12666071951389313,1.0,0.310936838388443,0.0,0.0,8.836103370413184e-05,198.2954864501953,0.17002685368061066,0.47017261385917664,2.9933505058288574,2.326655387878418,1.0,0.3909986913204193
72,2919,0.003476004349067807,,0.004640881437808275,,0.003609728068113327,,0.0,,0.05466952174901962,,1.0,,0.319908082485199,,0.0,0.0,,,3.8806218071840703e-05,,203.21978759765625,,0.17048442363739014,,0.03536060079932213,,2.432853937149048,2.3925552368164062,,1.0,,0.1346960961818695,,0.22574040293693542,,,,,,,,,,,,,,,,,
73,2929,,0.003127847798168659,,0.0014630192890763283,,0.004239624831825495,,0.0,,0.05599556118249893,,1.0,,0.3230651021003723,,,0.0,0.0,,1.3139260772732086e-05,,197.66424560546875,,0.1683603972196579,,0.036013372242450714,,,2.397813558578491,,1.0,,0.13291063904762268,,,,,,,,,,,,,,,,,,
73,2939,,0.004034065175801516,,0.0030337979551404715,,0.0038799543399363756,,0.0,,0.05078330636024475,,1.0,,0.3167744576931,,,0.0,0.0,,6.013697202433832e-06,,205.53646850585938,,0.17004640400409698,,0.039964623749256134,,,2.259021282196045,,1.0,,0.13432210683822632,,,,,,,,,,,,,,,,,,
73,2949,,0.0032570185139775276,,0.0032817302271723747,,0.0042516132816672325,,0.0,,0.04676271229982376,,1.0,,0.32100504636764526,,,0.0,0.0,,1.2749133020406589e-06,,210.86422729492188,,0.1684989482164383,,0.02461804635822773,,,2.011925458908081,,1.0,,0.12363503128290176,,,,,,,,,,,,,,,,,,
73,2959,,0.003334651468321681,,0.0013997125206515193,,0.00397283211350441,,0.0,,0.05420204624533653,,1.0,,0.3177550435066223,,,0.0,0.0,,1.7825300346885342e-06,,206.37969970703125,,0.1700042486190796,,0.030148321762681007,,,1.7220921516418457,,1.0,,0.12994267046451569,,,,,,,,,,,,,,,,,,
73,2959,,,,,,,,,,,,,,,,,,,,,,,,,,,,,,,,,,,0.008956952951848507,0.0037926656659692526,0.003113454207777977,0.0,0.12518705427646637,1.0,0.30770424008369446,0.0,0.0,0.00013268958718981594,198.28131103515625,0.16971537470817566,0.5140449404716492,3.032688617706299,2.3327770233154297,1.0,0.41122618317604065
73,2959,0.003396129934117198,,0.0032659259159117937,,0.003600785043090582,,0.0,,0.05348397046327591,,1.0,,0.3194212019443512,,0.0,0.0,,,1.9457304006209597e-05,,203.14956665039062,,0.16964638233184814,,0.03487902879714966,,2.4583821296691895,2.3964712619781494,,1.0,,0.13270553946495056,,0.22522926330566406,,,,,,,,,,,,,,,,,
74,2969,,0.003243508981540799,,0.009342925623059273,,0.0033610232640057802,,0.0,,0.05024868994951248,,1.0,,0.3178481161594391,,,0.0,0.0,,3.1241677334037377e-07,,206.39828491210938,,0.16828978061676025,,0.03895952180027962,,,2.677114486694336,,1.0,,0.13537846505641937,,,,,,,,,,,,,,,,,,
74,2979,,0.003268028609454632,,0.005580150987952948,,0.003552058944478631,,0.0,,0.05320107936859131,,1.0,,0.3258901536464691,,,0.0,0.0,,3.725162969203666e-05,,201.19207763671875,,0.16857345402240753,,0.02177962101995945,,,2.223480224609375,,1.0,,0.12657500803470612,,,,,,,,,,,,,,,,,,
74,2989,,0.003916135989129543,,0.0011450548190623522,,0.0030970636289566755,,0.0,,0.05154882371425629,,1.0,,0.3203307092189789,,,0.0,0.0,,3.810169459939061e-07,,199.042236328125,,0.17182902991771698,,0.032939363270998,,,1.9177783727645874,,1.0,,0.1309991031885147,,,,,,,,,,,,,,,,,,
74,2999,,0.0033797770738601685,,0.0019579343497753143,,0.004232151433825493,,0.0,,0.045312002301216125,,1.0,,0.32761698961257935,,,0.0,0.0,,4.8210040404228494e-05,,207.54092407226562,,0.16927607357501984,,0.035238366574048996,,,1.9984586238861084,,1.0,,0.12802939116954803,,,,,,,,,,,,,,,,,,
74,2999,,,,,,,,,,,,,,,,,,,,,,,,,,,,,,,,,,,0.009346798993647099,0.006777259986847639,0.003091583726927638,0.0,0.12248139828443527,1.0,0.31035253405570984,0.0,0.0,7.636653754161671e-05,198.3307647705078,0.1689387410879135,0.4268507659435272,3.012890100479126,2.330728054046631,1.0,0.36754482984542847
74,2999,0.003459181170910597,,0.003916588611900806,,0.00350756524130702,,0.0,,0.053090643137693405,,1.0,,0.32025206089019775,,0.0,0.0,,,2.6856982003664598e-05,,203.06295776367188,,0.16946157813072205,,0.03335065394639969,,2.475268840789795,2.3887345790863037,,1.0,,0.132003515958786,,0.22590258717536926,,,,,,,,,,,,,,,,,
75,3009,,0.0035186181776225567,,0.00103194999974221,,0.004233647137880325,,0.0,,0.05166122689843178,,1.0,,0.3204425871372223,,,0.0,0.0,,1.227181201102212e-06,,208.52877807617188,,0.1685367226600647,,0.03361374884843826,,,2.2947165966033936,,1.0,,0.12960509955883026,,,,,,,,,,,,,,,,,,
75,3019,,0.003346127225086093,,0.0025080672930926085,,0.0029216937255114317,,0.0,,0.04548928514122963,,1.0,,0.30944785475730896,,,0.0,0.0,,8.716496813576669e-05,,201.06622314453125,,0.1678764969110489,,0.03692105412483215,,,3.043631076812744,,1.0,,0.12840627133846283,,,,,,,,,,,,,,,,,,
75,3029,,0.0038952126633375883,,0.006423462647944689,,0.004755415953695774,,0.0,,0.05882227420806885,,1.0,,0.32810962200164795,,,0.0,0.0,,5.5040531151462346e-05,,196.17559814453125,,0.1694517880678177,,0.029526779428124428,,,2.869922161102295,,1.0,,0.13456282019615173,,,,,,,,,,,,,,,,,,
75,3039,,0.0034506386145949364,,0.001942235860042274,,0.003008428029716015,,0.0,,0.05159556493163109,,1.0,,0.3244514465332031,,,0.0,0.0,,2.622975443955511e-05,,203.853515625,,0.1685456484556198,,0.04294394329190254,,,2.1261231899261475,,1.0,,0.1345529705286026,,,,,,,,,,,,,,,,,,
75,3039,,,,,,,,,,,,,,,,,,,,,,,,,,,,,,,,,,,0.009553253650665283,0.008174239657819271,0.002859769156202674,0.0,0.12328047305345535,1.0,0.31607115268707275,0.0,0.0,3.0382403565454297e-05,198.3145751953125,0.16904017329216003,0.43097543716430664,3.0362818241119385,2.3364779949188232,1.0,0.37081292271614075
75,3039,0.003356433240696788,,0.00524712773039937,,0.0035123720299452543,,0.0,,0.05207698792219162,,1.0,,0.3192114531993866,,0.0,0.0,,,3.549665416358039e-05,,203.31927490234375,,0.16947421431541443,,0.033247046172618866,,2.472954511642456,2.3944599628448486,,1.0,,0.1320698857307434,,0.2247689962387085,,,,,,,,,,,,,,,,,
76,3049,,0.003350931452587247,,0.0015719588845968246,,0.0039796242490410805,,0.0,,0.050090331584215164,,1.0,,0.3168712556362152,,,0.0,0.0,,5.302249974192819e-06,,202.48257446289062,,0.1690272092819214,,0.03302484750747681,,,4.98870849609375,,1.0,,0.12893325090408325,,,,,,,,,,,,,,,,,,
76,3059,,0.0032365573570132256,,0.005174294114112854,,0.003174892393872142,,0.0,,0.04913708195090294,,1.0,,0.31499889492988586,,,0.0,0.0,,1.76647645275807e-05,,201.32318115234375,,0.16696473956108093,,0.027813361957669258,,,2.486433744430542,,1.0,,0.12648935616016388,,,,,,,,,,,,,,,,,,
76,3069,,0.003101058304309845,,0.008037076331675053,,0.003328838851302862,,0.0,,0.06295835971832275,,1.0,,0.3148342967033386,,,0.0,0.0,,2.8323465812718496e-05,,200.61505126953125,,0.17437657713890076,,0.040747638791799545,,,2.439970016479492,,1.0,,0.14495739340782166,,,,,,,,,,,,,,,,,,
76,3079,,0.003293263027444482,,0.001318225171416998,,0.003612617263570428,,0.0,,0.053394805639982224,,1.0,,0.3203120231628418,,,0.0,0.0,,2.7634857815428404e-06,,198.57247924804688,,0.1714002937078476,,0.03296054154634476,,,2.3778812885284424,,1.0,,0.13154621422290802,,,,,,,,,,,,,,,,,,
76,3079,,,,,,,,,,,,,,,,,,,,,,,,,,,,,,,,,,,0.009210762567818165,0.008445310406386852,0.0029938456136733294,0.0,0.12477890402078629,1.0,0.3137434720993042,0.0,0.0,5.9683188737835735e-05,198.2029266357422,0.16941075026988983,0.5062946081161499,3.0670907497406006,2.340289354324341,1.0,0.4093993902206421
76,3079,0.0033893566578626633,,0.005470196716487408,,0.0035180184058845043,,0.0,,0.05132404714822769,,1.0,,0.3201810419559479,,0.0,0.0,,,4.783289841725491e-05,,203.12649536132812,,0.16906243562698364,,0.03485258296132088,,2.4840569496154785,2.399545669555664,,1.0,,0.132424995303154,,0.22584816813468933,,,,,,,,,,,,,,,,,
77,3089,,0.0034690790344029665,,0.0010224406141787767,,0.003793110838159919,,0.0,,0.052771419286727905,,1.0,,0.3143329620361328,,,0.0,0.0,,2.586895971035119e-05,,209.9461669921875,,0.17017762362957,,0.021095452830195427,,,2.314586639404297,,1.0,,0.12466025352478027,,,,,,,,,,,,,,,,,,
77,3099,,0.0027329924050718546,,0.0008626889903098345,,0.003741165855899453,,0.0,,0.050041619688272476,,1.0,,0.31098994612693787,,,0.0,0.0,,6.54797549941577e-05,,208.542236328125,,0.1697944849729538,,0.021823666989803314,,,2.0538058280944824,,1.0,,0.12303458154201508,,,,,,,,,,,,,,,,,,
77,3109,,0.0034162465017288923,,0.0016894893487915397,,0.004205668345093727,,0.0,,0.04955141991376877,,1.0,,0.32051342725753784,,,0.0,0.0,,1.5096428569449927e-06,,214.15167236328125,,0.16811132431030273,,0.030637051910161972,,,2.0691237449645996,,1.0,,0.1271241009235382,,,,,,,,,,,,,,,,,,
77,3119,,0.002905319444835186,,0.00710332253947854,,0.0049070618115365505,,0.0,,0.05735234171152115,,1.0,,0.32603710889816284,,,0.0,0.0,,2.7905660317628644e-05,,197.4675750732422,,0.16929619014263153,,0.03868939355015755,,,1.915225863456726,,1.0,,0.13817794620990753,,,,,,,,,,,,,,,,,,
77,3119,,,,,,,,,,,,,,,,,,,,,,,,,,,,,,,,,,,0.009302283637225628,0.006701670121401548,0.0029423143714666367,0.0,0.12260593473911285,1.0,0.312343031167984,0.0,0.0,6.721972022205591e-05,198.22796630859375,0.16863246262073517,0.395770788192749,3.040687084197998,2.3363077640533447,1.0,0.35183441638946533
77,3119,0.003232321934774518,,0.004173443652689457,,0.0035851194988936186,,0.0,,0.05022681877017021,,1.0,,0.3195173740386963,,0.0,0.0,,,2.7730842703022063e-05,,203.07101440429688,,0.1686125099658966,,0.03864700719714165,,2.5024309158325195,2.4004416465759277,,1.0,,0.13281843066215515,,0.22519996762275696,,,,,,,,,,,,,,,,,
78,3129,,0.0030882442370057106,,0.00561000220477581,,0.003969478886574507,,0.0,,0.04694810509681702,,1.0,,0.32148903608322144,,,0.0,0.0,,3.004959353347658e-06,,202.2181396484375,,0.16900871694087982,,0.02546885795891285,,,2.456622838973999,,1.0,,0.1254604160785675,,,,,,,,,,,,,,,,,,
78,3139,,0.003738848492503166,,0.003034688299521804,,0.0035415259189903736,,0.0,,0.05363842844963074,,1.0,,0.32609012722969055,,,0.0,0.0,,4.360397360869683e-05,,202.8728485107422,,0.17029541730880737,,0.03332406282424927,,,2.045738458633423,,1.0,,0.13239167630672455,,,,,,,,,,,,,,,,,,
78,3149,,0.0031152181327342987,,0.003053018357604742,,0.003897186601534486,,0.0,,0.049868322908878326,,1.0,,0.3280283808708191,,,0.0,0.0,,7.183253910625353e-05,,198.7244110107422,,0.16852009296417236,,0.030675536021590233,,,2.095909357070923,,1.0,,0.12804171442985535,,,,,,,,,,,,,,,,,,
78,3159,,0.0035862710792571306,,0.011196303181350231,,0.005137612111866474,,0.0,,0.05024855211377144,,1.0,,0.3239639401435852,,,0.0,0.0,,1.1098974027845543e-05,,204.38076782226562,,0.1686663031578064,,0.04820062220096588,,,5.130093097686768,,1.0,,0.141468346118927,,,,,,,,,,,,,,,,,,
78,3159,,,,,,,,,,,,,,,,,,,,,,,,,,,,,,,,,,,0.009137280285358429,0.003846182720735669,0.0030592549592256546,0.0,0.12200280278921127,1.0,0.3040964603424072,0.0,0.0,0.00021294695034157485,198.06190490722656,0.16906780004501343,0.4654640257358551,3.1911439895629883,2.364356517791748,1.0,0.38517147302627563
78,3159,0.0033150180242955685,,0.005031902808696032,,0.003570458386093378,,0.0,,0.04980187863111496,,1.0,,0.31999093294143677,,0.0,0.0,,,4.205446020932868e-05,,203.21900939941406,,0.16873864829540253,,0.04061849042773247,,2.525923252105713,2.4086503982543945,,1.0,,0.13413105905056,,0.22568249702453613,,,,,,,,,,,,,,,,,
79,3169,,0.0034270312171429396,,0.003032129490748048,,0.003963181283324957,,0.0,,0.04562805965542793,,1.0,,0.3270495533943176,,,0.0,-0.0,,4.7389574319822714e-05,,203.49588012695312,,0.16831594705581665,,0.029883472248911858,,,2.8937087059020996,,1.0,,0.12556332349777222,,,,,,,,,,,,,,,,,,
79,3179,,0.003544942010194063,,0.0008390878792852163,,0.004299743566662073,,0.0,,0.05328156054019928,,1.0,,0.3191564679145813,,,0.0,-0.0,,4.143254628274917e-10,,200.7247772216797,,0.16922171413898468,,0.03374461084604263,,,2.4850621223449707,,1.0,,0.13074593245983124,,,,,,,,,,,,,,,,,,
79,3189,,0.003575355978682637,,0.0019093144219368696,,0.0030434569343924522,,0.0,,0.05326634272933006,,1.0,,0.3179258406162262,,,0.0,0.0,,3.348506197653478e-06,,200.59898376464844,,0.16866058111190796,,0.019955990836024284,,,2.760934829711914,,1.0,,0.12398982048034668,,,,,,,,,,,,,,,,,,
79,3199,,0.0028732859063893557,,0.002921568462625146,,0.0040658204816281796,,0.0,,0.05918935686349869,,1.0,,0.32514333724975586,,,0.0,-0.0,,2.869949457817711e-05,,201.60787963867188,,0.16915448009967804,,0.04924962669610977,,,2.2520875930786133,,1.0,,0.14211510121822357,,,,,,,,,,,,,,,,,,
79,3199,,,,,,,,,,,,,,,,,,,,,,,,,,,,,,,,,,,0.009346924722194672,0.008453398011624813,0.0028613933827728033,0.0,0.12248462438583374,1.0,0.3110787570476532,0.0,0.0,6.44503379589878e-05,198.84925842285156,0.1689477413892746,0.4632449746131897,3.1715199947357178,2.3603625297546387,1.0,0.3865571916103363
79,3199,0.0032328423112630844,,0.0051225582137703896,,0.003505668370053172,,0.0,,0.050301212817430496,,1.0,,0.31924349069595337,,0.0,0.0,,,2.4484286768711172e-05,,203.3649444580078,,0.16886670887470245,,0.03839200735092163,,2.5746960639953613,2.4277567863464355,,1.0,,0.13332048058509827,,0.22512105107307434,,,,,,,,,,,,,,,,,
80,3209,,0.0029625780880451202,,0.001071642735041678,,0.0037884660996496677,,0.0,,0.05234140157699585,,1.0,,0.3191240429878235,,,0.0,-0.0,,1.785251981800684e-07,,198.92941284179688,,0.17006844282150269,,0.028298906981945038,,,2.4258346557617188,,1.0,,0.12775041162967682,,,,,,,,,,,,,,,,,,
80,3219,,0.0036304390523582697,,0.012156886979937553,,0.003329111263155937,,0.0,,0.050921984016895294,,1.0,,0.31694430112838745,,,0.0,0.0,,5.4403180911322124e-06,,202.92442321777344,,0.16578757762908936,,0.028139742091298103,,,2.8230717182159424,,1.0,,0.13065394759178162,,,,,,,,,,,,,,,,,,
80,3229,,0.0033571929670870304,,0.0006692299502901733,,0.003258230397477746,,0.0,,0.05030251666903496,,1.0,,0.3163606524467468,,,0.0,0.0,,4.859525233769091e-06,,197.8896942138672,,0.1663256287574768,,0.02573971636593342,,,2.2407655715942383,,1.0,,0.12352538853883743,,,,,,,,,,,,,,,,,,
80,3239,,0.003219328820705414,,0.004111947026103735,,0.0037354847881942987,,0.0,,0.04754595831036568,,1.0,,0.32180383801460266,,,0.0,-0.0,,2.9045554583717603e-06,,201.7075653076172,,0.16502776741981506,,0.020046666264533997,,,1.7484612464904785,,1.0,,0.12035083025693893,,,,,,,,,,,,,,,,,,
80,3239,,,,,,,,,,,,,,,,,,,,,,,,,,,,,,,,,,,0.009158633649349213,0.009979958645999432,0.002834224607795477,0.0,0.12176172435283661,1.0,0.31076300144195557,0.0,0.0,7.679556438233703e-05,198.3072052001953,0.16846200823783875,0.46033331751823425,3.1668455600738525,2.3593850135803223,1.0,0.3851696848869324
80,3239,0.003046083729714155,,0.004998435266315937,,0.003323409240692854,,0.0,,0.04794176667928696,,1.0,,0.3198530673980713,,0.0,0.0,,,1.7729815226630308e-05,,203.27597045898438,,0.16777987778186798,,0.029203662648797035,,2.5683703422546387,2.4267704486846924,,1.0,,0.12682612240314484,,0.22563576698303223,,,,,,,,,,,,,,,,,
81,3249,,0.0027719447389245033,,0.002476086840033531,,0.005167704541236162,,0.0,,0.04767454043030739,,1.0,,0.33394813537597656,,,0.0,0.0,,0.00019389113003853709,,205.17974853515625,,0.166120246052742,,0.01627388596534729,,,2.0795552730560303,,1.0,,0.11827206611633301,,,,,,,,,,,,,,,,,,
81,3259,,0.002803666051477194,,0.0038048531860113144,,0.003007217776030302,,0.0,,0.03645952790975571,,1.0,,0.3154268264770508,,,0.0,-0.0,,8.693170457263477e-06,,204.0464324951172,,0.1644013375043869,,0.034954734146595,,,2.580644130706787,,1.0,,0.1215171217918396,,,,,,,,,,,,,,,,,,
81,3269,,0.0027398173697292805,,0.010665550827980042,,0.0036424349527806044,,0.0,,0.04986840859055519,,1.0,,0.31692829728126526,,,0.0,0.0,,2.9170125799282687e-06,,205.02810668945312,,0.16587761044502258,,0.021335117518901825,,,2.2750191688537598,,1.0,,0.12560895085334778,,,,,,,,,,,,,,,,,,
81,3279,,0.0030307304114103317,,0.003007396822795272,,0.004379981197416782,,0.0,,0.05640694499015808,,1.0,,0.32562771439552307,,,0.0,0.0,,3.42820021614898e-05,,201.7541961669922,,0.16759467124938965,,0.01863982528448105,,,2.411940097808838,,1.0,,0.12479493021965027,,,,,,,,,,,,,,,,,,
81,3279,,,,,,,,,,,,,,,,,,,,,,,,,,,,,,,,,,,0.009223094210028648,0.003336305497214198,0.002761424984782934,0.0,0.12138566374778748,1.0,0.3100278675556183,0.0,0.0,8.035235805436969e-05,198.1938934326172,0.1682131439447403,0.4512350559234619,3.1720573902130127,2.3602848052978516,1.0,0.3770129084587097
81,3279,0.0029270374216139317,,0.004233562853187323,,0.003293856978416443,,0.0,,0.04624123126268387,,1.0,,0.31977587938308716,,0.0,0.0,,,2.0046467398060486e-05,,203.341552734375,,0.16730646789073944,,0.02173919603228569,,2.575674295425415,2.4290943145751953,,1.0,,0.1215631514787674,,0.22555677592754364,,,,,,,,,,,,,,,,,
82,3289,,0.0027423277497291565,,0.0006429500645026565,,0.002928320085629821,,0.0,,0.04236936196684837,,1.0,,0.32058802247047424,,,0.0,0.0,,2.24694804273895e-06,,204.02288818359375,,0.16584068536758423,,0.018801003694534302,,,2.9191784858703613,,1.0,,0.11549212038516998,,,,,,,,,,,,,,,,,,
82,3299,,0.0029436233453452587,,0.0017752995481714606,,0.003706810064613819,,0.0,,0.05150788649916649,,1.0,,0.32234612107276917,,,0.0,0.0,,1.0277191904606298e-05,,197.3636474609375,,0.16711382567882538,,0.012114976532757282,,,2.47434401512146,,1.0,,0.11810362339019775,,,,,,,,,,,,,,,,,,
82,3309,,0.002913033589720726,,0.0015942442696541548,,0.0031887267250567675,,0.0,,0.04124797508120537,,1.0,,0.3187643885612488,,,0.0,-0.0,,1.4044367446786055e-08,,204.3332977294922,,0.16766498982906342,,0.014120261184871197,,,2.482522964477539,,1.0,,0.11408913135528564,,,,,,,,,,,,,,,,,,
82,3319,,0.003258913289755583,,0.0074426233768463135,,0.0025968963745981455,,0.0,,0.04786565527319908,,1.0,,0.32277002930641174,,,0.0,-0.0,,7.91001548350323e-06,,207.784423828125,,0.16794654726982117,,0.02274389937520027,,,2.9914867877960205,,1.0,,0.1248924657702446,,,,,,,,,,,,,,,,,,
82,3319,,,,,,,,,,,,,,,,,,,,,,,,,,,,,,,,,,,0.009193970821797848,0.004384537693113089,0.002759397029876709,0.0,0.12142930924892426,1.0,0.30834195017814636,0.0,0.0,0.00011916332005057484,198.3232421875,0.16816315054893494,0.4366655945777893,3.1796112060546875,2.3614959716796875,1.0,0.3702537715435028
82,3319,0.0029256248380988836,,0.004388932604342699,,0.003272219095379114,,0.0,,0.045813824981451035,,1.0,,0.3197944760322571,,0.0,0.0,,,1.8031503714155406e-05,,203.177490234375,,0.16741937398910522,,0.0206438135355711,,2.564272403717041,2.4225425720214844,,1.0,,0.12093204259872437,,0.22555673122406006,,,,,,,,,,,,,,,,,
83,3329,,0.002870923839509487,,0.006171644199639559,,0.00333690014667809,,0.0,,0.0441257581114769,,1.0,,0.31473931670188904,,,0.0,0.0,,1.0053898222395219e-05,,201.3154754638672,,0.16521011292934418,,0.01714099943637848,,,2.286571502685547,,1.0,,0.1180984303355217,,,,,,,,,,,,,,,,,,
83,3339,,0.002480501774698496,,0.0004234140506014228,,0.0027210707776248455,,0.0,,0.04433523491024971,,1.0,,0.3206205368041992,,,0.0,-0.0,,7.694825967519137e-07,,200.7103271484375,,0.16893239319324493,,0.02041369304060936,,,2.5877082347869873,,1.0,,0.11856511980295181,,,,,,,,,,,,,,,,,,
83,3349,,0.0032864396926015615,,0.0003244657418690622,,0.0036285915412008762,,0.0,,0.03973248973488808,,1.0,,0.32190340757369995,,,0.0,0.0,,5.504317869053921e-06,,199.657958984375,,0.16644039750099182,,0.010827428661286831,,,3.604020595550537,,1.0,,0.11067121475934982,,,,,,,,,,,,,,,,,,
83,3359,,0.0029585547745227814,,0.006091050338000059,,0.003003962803632021,,0.0,,0.040470562875270844,,1.0,,0.3141472637653351,,,0.0,0.0,,2.0543160644592717e-05,,209.7333984375,,0.1677742302417755,,0.01528955064713955,,,1.7421058416366577,,1.0,,0.11660264432430267,,,,,,,,,,,,,,,,,,
83,3359,,,,,,,,,,,,,,,,,,,,,,,,,,,,,,,,,,,0.009132221341133118,0.006067903246730566,0.002758675953373313,0.0,0.12190525233745575,1.0,0.30957719683647156,0.0,0.0,9.040972508955747e-05,198.23529052734375,0.16853544116020203,0.45352786779403687,3.1785788536071777,2.361417293548584,1.0,0.37990543246269226
83,3359,0.0029501349199563265,,0.0028628441505134106,,0.0032758109737187624,,0.0,,0.04501841217279434,,1.0,,0.3193274140357971,,0.0,0.0,,,1.4922436093911529e-05,,203.2440948486328,,0.16699181497097015,,0.01880362257361412,,2.586583375930786,2.4330506324768066,,1.0,,0.1186484545469284,,0.2250806987285614,,,,,,,,,,,,,,,,,
84,3369,,0.0027128274086862803,,0.0014510320033878088,,0.002755646128207445,,0.0,,0.04846745729446411,,1.0,,0.3149740993976593,,,0.0,0.0,,1.2770378816640005e-05,,206.1844940185547,,0.16848346590995789,,0.017499366775155067,,,2.648813247680664,,1.0,,0.11958903074264526,,,,,,,,,,,,,,,,,,
84,3379,,0.002732323482632637,,0.00794416293501854,,0.003603809978812933,,0.0,,0.041496068239212036,,1.0,,0.32065248489379883,,,0.0,-0.0,,1.407122226737556e-06,,206.98483276367188,,0.1680145114660263,,0.0169855747371912,,,2.074789524078369,,1.0,,0.11894740909337997,,,,,,,,,,,,,,,,,,
84,3389,,0.002985240425914526,,0.002342035761103034,,0.0033743667881935835,,0.0,,0.04511089622974396,,1.0,,0.31794774532318115,,,0.0,0.0,,2.0395475530676777e-06,,206.5721893310547,,0.1659305989742279,,0.016388466581702232,,,2.088703155517578,,1.0,,0.11671707034111023,,,,,,,,,,,,,,,,,,
84,3399,,0.0031196814961731434,,0.01660311408340931,,0.0041582053527235985,,0.0,,0.04167880117893219,,1.0,,0.32716482877731323,,,0.0,0.0,,5.1459865062497556e-05,,206.34300231933594,,0.1670316755771637,,0.02616702765226364,,,2.338768482208252,,1.0,,0.12774169445037842,,,,,,,,,,,,,,,,,,
84,3399,,,,,,,,,,,,,,,,,,,,,,,,,,,,,,,,,,,0.00930793210864067,0.004204239696264267,0.002748010912910104,0.0,0.1217270940542221,1.0,0.30937865376472473,0.0,0.0,0.00010578049113973975,198.22157287597656,0.16843555867671967,0.4453538656234741,3.178523302078247,2.361217737197876,1.0,0.3748420476913452
84,3399,0.002860547974705696,,0.0038497105706483126,,0.0032879840582609177,,0.0,,0.044372089207172394,,1.0,,0.31984204053878784,,0.0,0.0,,,1.3333410606719553e-05,,203.2252197265625,,0.16727502644062042,,0.018141979351639748,,2.5763931274414062,2.4264652729034424,,1.0,,0.11858515441417694,,0.22554704546928406,,,,,,,,,,,,,,,,,
85,3409,,0.00301420409232378,,0.003856095252558589,,0.003329845145344734,,0.0,,0.050047293305397034,,1.0,,0.3287619650363922,,,0.0,0.0,,7.566067506559193e-05,,199.28829956054688,,0.16478383541107178,,0.01658192276954651,,,2.221072196960449,,1.0,,0.11951249092817307,,,,,,,,,,,,,,,,,,
85,3419,,0.0029885086696594954,,0.009402399882674217,,0.004012377001345158,,0.0,,0.04500661417841911,,1.0,,0.3197985589504242,,,0.0,0.0,,5.72705438628418e-10,,198.44931030273438,,0.1690375804901123,,0.02033880352973938,,,2.679389476776123,,1.0,,0.12378818541765213,,,,,,,,,,,,,,,,,,
85,3429,,0.002790973987430334,,0.0007644598372280598,,0.002270170021802187,,0.0,,0.05087710916996002,,1.0,,0.3144065737724304,,,0.0,0.0,,1.8685801478568465e-05,,199.92532348632812,,0.1650945395231247,,0.022498900070786476,,,2.847649574279785,,1.0,,0.12124935537576675,,,,,,,,,,,,,,,,,,
85,3439,,0.002822999143972993,,0.00046418694546446204,,0.0024482395965605974,,0.0,,0.040877945721149445,,1.0,,0.3131224513053894,,,0.0,0.0,,3.105837822658941e-05,,207.3739013671875,,0.16475346684455872,,0.016609231010079384,,,2.4627761840820312,,1.0,,0.1130242645740509,,,,,,,,,,,,,,,,,,
85,3439,,,,,,,,,,,,,,,,,,,,,,,,,,,,,,,,,,,0.009274119511246681,0.005216833669692278,0.002777701709419489,0.0,0.12253441661596298,1.0,0.31019777059555054,0.0,0.0,7.811330578988418e-05,198.2063446044922,0.16803115606307983,0.45129287242889404,3.1837270259857178,2.3622350692749023,1.0,0.37849152088165283
85,3439,0.0028701552655547857,,0.004295892082154751,,0.0032537593506276608,,0.0,,0.04441101849079132,,1.0,,0.31919151544570923,,0.0,0.0,,,1.870935557235498e-05,,203.13348388671875,,0.16684889793395996,,0.018276121467351913,,2.5788064002990723,2.427490711212158,,1.0,,0.11868579685688019,,0.2248992919921875,,,,,,,,,,,,,,,,,
86,3449,,0.0026673274114727974,,0.0009412608342245221,,0.002656755968928337,,0.0,,0.043305233120918274,,1.0,,0.3119288384914398,,,0.0,-0.0,,4.729483771370724e-05,,189.72637939453125,,0.16650894284248352,,0.017867453396320343,,,2.326018810272217,,1.0,,0.11593442410230637,,,,,,,,,,,,,,,,,,
86,3459,,0.002503850730136037,,0.00975638348609209,,0.003659449052065611,,0.0,,0.0408170260488987,,1.0,,0.3168841302394867,,,0.0,0.0,,2.831976416928228e-06,,203.23568725585938,,0.16876915097236633,,0.018141452223062515,,,2.37861967086792,,1.0,,0.12036129087209702,,,,,,,,,,,,,,,,,,
86,3469,,0.002624867483973503,,0.0019351335940882564,,0.002918252721428871,,0.0,,0.0414603054523468,,1.0,,0.31869763135910034,,,0.0,0.0,,1.1976807172686676e-06,,207.59249877929688,,0.1671038269996643,,0.01413413230329752,,,2.5817041397094727,,1.0,,0.11392156034708023,,,,,,,,,,,,,,,,,,
86,3479,,0.0027912918012589216,,0.001057365327142179,,0.003222447820007801,,0.0,,0.0424661710858345,,1.0,,0.32401493191719055,,,0.0,0.0,,2.0236606360413134e-05,,202.52586364746094,,0.16511599719524384,,0.019444456323981285,,,2.564487934112549,,1.0,,0.11577000468969345,,,,,,,,,,,,,,,,,,
86,3479,,,,,,,,,,,,,,,,,,,,,,,,,,,,,,,,,,,0.009259108453989029,0.005759583320468664,0.0027658657636493444,0.0,0.12209074944257736,1.0,0.31055885553359985,0.0,0.0,0.00010422052582725883,198.16481018066406,0.16839562356472015,0.4394145905971527,3.188552141189575,2.3632073402404785,1.0,0.37278854846954346
86,3479,0.0028216554783284664,,0.003426462411880493,,0.003256734926253557,,0.0,,0.04395047575235367,,1.0,,0.31993988156318665,,0.0,0.0,,,1.8307062418898568e-05,,203.00662231445312,,0.16702137887477875,,0.016736174002289772,,2.5963921546936035,2.377214193344116,,1.0,,0.11731290817260742,,0.22561991214752197,,,,,,,,,,,,,,,,,
87,3489,,0.002478662645444274,,0.0017916877986863256,,0.0025502180214971304,,0.0,,0.046434272080659866,,1.0,,0.3169994354248047,,,0.0,0.0,,4.006933522759937e-06,,196.90585327148438,,0.1669028401374817,,0.01828501746058464,,,2.4359993934631348,,1.0,,0.11820326000452042,,,,,,,,,,,,,,,,,,
87,3499,,0.0031613511964678764,,0.0008387445122934878,,0.004904262721538544,,0.0,,0.040659721940755844,,1.0,,0.3232707977294922,,,0.0,0.0,,1.1316273230477236e-05,,202.663818359375,,0.16676563024520874,,0.013596287928521633,,,3.1778628826141357,,1.0,,0.11300694942474365,,,,,,,,,,,,,,,,,,
87,3509,,0.0026795954909175634,,0.00034709658939391375,,0.0031763403676450253,,0.0,,0.04364272207021713,,1.0,,0.323194682598114,,,0.0,-0.0,,1.834188515204005e-05,,198.5406494140625,,0.16797184944152832,,0.011969494633376598,,,2.7501015663146973,,1.0,,0.1136321872472763,,,,,,,,,,,,,,,,,,
87,3519,,0.0029587186872959137,,0.004624766297638416,,0.0035125152207911015,,0.0,,0.04392632842063904,,1.0,,0.3208094537258148,,,0.0,0.0,,3.7662487102352316e-06,,199.17166137695312,,0.1676207184791565,,0.015093455091118813,,,3.0337018966674805,,1.0,,0.11746513098478317,,,,,,,,,,,,,,,,,,
87,3519,,,,,,,,,,,,,,,,,,,,,,,,,,,,,,,,,,,0.009115750901401043,0.012358224019408226,0.002714793663471937,0.0,0.12224128097295761,1.0,0.30942344665527344,0.0,0.0,8.851182792568579e-05,198.30882263183594,0.16816315054893494,0.46533796191215515,3.1898691654205322,2.363395929336548,1.0,0.3889239430427551
87,3519,0.002793704392388463,,0.003221546532586217,,0.0032645496539771557,,0.0,,0.043911077082157135,,1.0,,0.3201254606246948,,0.0,0.0,,,1.9021892512682825e-05,,203.15682983398438,,0.16714316606521606,,0.01657334342598915,,2.588822841644287,2.4287147521972656,,1.0,,0.11715738475322723,,0.22578644752502441,,,,,,,,,,,,,,,,,
88,3529,,0.002795584499835968,,0.008450980298221111,,0.004336534533649683,,0.0,,0.04169788211584091,,1.0,,0.3226414620876312,,,0.0,0.0,,1.0868153367482591e-05,,209.03607177734375,,0.16604718565940857,,0.017056306824088097,,,2.8869571685791016,,1.0,,0.11846305429935455,,,,,,,,,,,,,,,,,,
88,3539,,0.0032073622569441795,,0.010610264725983143,,0.0028641086537390947,,0.0,,0.03924865648150444,,1.0,,0.3242802619934082,,,0.0,0.0,,1.7026928617269732e-05,,205.9474334716797,,0.1678868532180786,,0.017205873504281044,,,1.6857893466949463,,1.0,,0.11937443166971207,,,,,,,,,,,,,,,,,,
88,3549,,0.002477238653227687,,0.000669131928589195,,0.003195971716195345,,0.0,,0.03988602012395859,,1.0,,0.3246561884880066,,,0.0,0.0,,1.3045121704635676e-05,,208.68023681640625,,0.1666531264781952,,0.019934790208935738,,,3.296318531036377,,1.0,,0.1151362806558609,,,,,,,,,,,,,,,,,,
88,3559,,0.002621503546833992,,0.015241076238453388,,0.0037606717087328434,,0.0,,0.04435225576162338,,1.0,,0.3257982134819031,,,0.0,-0.0,,3.650688813650049e-05,,197.99240112304688,,0.1676127016544342,,0.03245614096522331,,,2.547478437423706,,1.0,,0.13153617084026337,,,,,,,,,,,,,,,,,,
88,3559,,,,,,,,,,,,,,,,,,,,,,,,,,,,,,,,,,,0.009151263162493706,0.0041501992382109165,0.0027310431469231844,0.0,0.12244307994842529,1.0,0.3098972737789154,0.0,0.0,9.864102321444079e-05,198.2134246826172,0.16809529066085815,0.477419376373291,3.1923680305480957,2.363628625869751,1.0,0.3909520208835602
88,3559,0.0027939865831285715,,0.0038165065925568342,,0.0032580518163740635,,0.0,,0.04371882602572441,,1.0,,0.320014625787735,,0.0,0.0,,,2.6434810934006236e-05,,203.21205139160156,,0.16705219447612762,,0.016097405925393105,,2.5858168601989746,2.43570876121521,,1.0,,0.11707846820354462,,0.22564581036567688,,,,,,,,,,,,,,,,,
89,3569,,0.002653456525877118,,0.0006986791267991066,,0.003636278212070465,,0.0,,0.04056842625141144,,1.0,,0.3154517114162445,,,0.0,-0.0,,1.5108982552192174e-05,,194.11703491210938,,0.16773243248462677,,0.014725624583661556,,,1.94574773311615,,1.0,,0.11356049031019211,,,,,,,,,,,,,,,,,,
89,3579,,0.002417811658233404,,0.003041020594537258,,0.004165824502706528,,0.0,,0.03972899541258812,,1.0,,0.3179340362548828,,,0.0,0.0,,2.343976120755542e-06,,197.17837524414062,,0.16842854022979736,,0.018160363659262657,,,2.5800673961639404,,1.0,,0.1163061186671257,,,,,,,,,,,,,,,,,,
89,3589,,0.0033991984091699123,,0.0010507490951567888,,0.003726319642737508,,0.0,,0.04739487171173096,,1.0,,0.3281748592853546,,,0.0,0.0,,7.018737233011052e-05,,198.2109832763672,,0.16667035222053528,,0.016288768500089645,,,2.2542848587036133,,1.0,,0.11780969798564911,,,,,,,,,,,,,,,,,,
89,3599,,0.0026786294765770435,,0.0009793736971914768,,0.003787827445194125,,0.0,,0.04854286089539528,,1.0,,0.3178577423095703,,,0.0,0.0,,4.259376510162838e-06,,201.498046875,,0.16571587324142456,,0.011327525600790977,,,2.970097780227661,,1.0,,0.11500304192304611,,,,,,,,,,,,,,,,,,
89,3599,,,,,,,,,,,,,,,,,,,,,,,,,,,,,,,,,,,0.00916059035807848,0.00434036273509264,0.0027096655685454607,0.0,0.12330310791730881,1.0,0.31023016571998596,0.0,0.0,7.838116289349273e-05,198.1785888671875,0.16806373000144958,0.454902708530426,3.196322441101074,2.364349365234375,1.0,0.38019540905952454
89,3599,0.0027752078603953123,,0.0028232689946889877,,0.0032583274878561497,,0.0,,0.04334814101457596,,1.0,,0.31911706924438477,,0.0,0.0,,,2.1269826902425848e-05,,203.0790557861328,,0.1668611615896225,,0.01557210274040699,,2.584859848022461,2.425663948059082,,1.0,,0.11602640151977539,,0.22478854656219482,,,,,,,,,,,,,,,,,
90,3609,,0.002722864504903555,,0.021235289052128792,,0.0038470360450446606,,0.0,,0.04070490971207619,,1.0,,0.32312488555908203,,,0.0,0.0,,1.6773808965808712e-05,,191.44418334960938,,0.16756460070610046,,0.033197518438100815,,,1.7978930473327637,,1.0,,0.13310568034648895,,,,,,,,,,,,,,,,,,
90,3619,,0.0028177984058856964,,0.0003063895564991981,,0.0025780426803976297,,0.0,,0.0426316037774086,,1.0,,0.310452938079834,,,0.0,-0.0,,7.80817645136267e-05,,198.93222045898438,,0.16847404837608337,,0.01621154509484768,,,2.166097640991211,,1.0,,0.1155175268650055,,,,,,,,,,,,,,,,,,
90,3629,,0.002384166931733489,,0.0010102096712216735,,0.0028348430059850216,,0.0,,0.046904824674129486,,1.0,,0.3146187663078308,,,0.0,0.0,,1.3834745004714932e-05,,197.35116577148438,,0.17031337320804596,,0.015471401624381542,,,2.3686537742614746,,1.0,,0.1183323860168457,,,,,,,,,,,,,,,,,,
90,3639,,0.003308833111077547,,0.0068434495478868484,,0.003681505797430873,,0.0,,0.04332065209746361,,1.0,,0.32650843262672424,,,0.0,0.0,,4.730918590212241e-05,,194.94189453125,,0.16680222749710083,,0.024617737159132957,,,2.3657641410827637,,1.0,,0.12283825129270554,,,,,,,,,,,,,,,,,,
90,3639,,,,,,,,,,,,,,,,,,,,,,,,,,,,,,,,,,,0.009140370413661003,0.008527957834303379,0.0027180584147572517,0.0,0.12250632047653198,1.0,0.3110974431037903,0.0,0.0,7.184916466940194e-05,198.14405822753906,0.16806519031524658,0.49271178245544434,3.20027494430542,2.365156412124634,1.0,0.4007835388183594
90,3639,0.002797080669552088,,0.0034092646092176437,,0.003222258761525154,,0.0,,0.04330998286604881,,1.0,,0.3193550705909729,,0.0,0.0,,,2.6499419618630782e-05,,203.06698608398438,,0.1668814867734909,,0.01578119583427906,,2.5985898971557617,2.421457290649414,,1.0,,0.11642499268054962,,0.2250576764345169,,,,,,,,,,,,,,,,,
91,3649,,0.002679187571629882,,0.013845410197973251,,0.0035374327562749386,,0.0,,0.040644656866788864,,1.0,,0.3212905824184418,,,0.0,-0.0,,5.28079226569389e-06,,197.73068237304688,,0.16649843752384186,,0.024634702131152153,,,5.274148464202881,,1.0,,0.12450758367776871,,,,,,,,,,,,,,,,,,
91,3659,,0.002574280370026827,,0.000615557364653796,,0.002371617592871189,,0.0,,0.04309794306755066,,1.0,,0.31660449504852295,,,0.0,0.0,,5.2149102884868626e-06,,206.1810302734375,,0.16676156222820282,,0.01229313388466835,,,2.713351249694824,,1.0,,0.11291100084781647,,,,,,,,,,,,,,,,,,
91,3669,,0.002471799962222576,,0.0030371660832315683,,0.003217424498870969,,0.0,,0.03907031938433647,,1.0,,0.3214535713195801,,,0.0,-0.0,,4.732843535748543e-06,,200.5170135498047,,0.16629068553447723,,0.012778409756720066,,,2.2386467456817627,,1.0,,0.11214831471443176,,,,,,,,,,,,,,,,,,
91,3679,,0.0029996235389262438,,0.010979349724948406,,0.0025424694176763296,,0.0,,0.04188346117734909,,1.0,,0.3137092590332031,,,0.0,0.0,,2.0741934349643998e-05,,201.68716430664062,,0.16665033996105194,,0.02943297103047371,,,2.222787857055664,,1.0,,0.12623748183250427,,,,,,,,,,,,,,,,,,
91,3679,,,,,,,,,,,,,,,,,,,,,,,,,,,,,,,,,,,0.009208425879478455,0.0062163108959794044,0.002713253488764167,0.0,0.12304647266864777,1.0,0.30647507309913635,0.0,0.0,0.0001653447252465412,198.2124481201172,0.1679416298866272,0.4504247009754181,3.204296827316284,2.3661515712738037,1.0,0.3787727653980255
91,3679,0.0027620713226497173,,0.0036464494187384844,,0.003265362698584795,,0.0,,0.04309062659740448,,1.0,,0.320229709148407,,0.0,0.0,,,1.7957110685529187e-05,,203.15846252441406,,0.16670405864715576,,0.01582711562514305,,2.5971591472625732,2.4311752319335938,,1.0,,0.1163506731390953,,0.2259158343076706,,,,,,,,,,,,,,,,,
92,3689,,0.002469297731295228,,0.0005518498364835978,,0.0038368795067071915,,0.0,,0.04411204904317856,,1.0,,0.3168509602546692,,,0.0,-0.0,,5.963739113212796e-06,,206.7812957763672,,0.16773386299610138,,0.012368718162178993,,,2.2825160026550293,,1.0,,0.11400455981492996,,,,,,,,,,,,,,,,,,
92,3699,,0.0026923445984721184,,0.00741596519947052,,0.004017815925180912,,0.0,,0.03904914855957031,,1.0,,0.321986585855484,,,0.0,0.0,,5.597421932179714e-06,,214.4700927734375,,0.1637701690196991,,0.021324532106518745,,,2.9277431964874268,,1.0,,0.11753065884113312,,,,,,,,,,,,,,,,,,
92,3709,,0.0028892038390040398,,0.0005372771411202848,,0.002386069390922785,,0.0,,0.039543889462947845,,1.0,,0.31282052397727966,,,0.0,-0.0,,3.643939271569252e-05,,197.4757537841797,,0.16585102677345276,,0.011221406981348991,,,2.1151609420776367,,1.0,,0.11027822643518448,,,,,,,,,,,,,,,,,,
92,3719,,0.003093497361987829,,0.001598971663042903,,0.0029349394608289003,,0.0,,0.03442961350083351,,1.0,,0.3171936869621277,,,0.0,0.0,,4.436411927599693e-06,,198.77490234375,,0.16522283852100372,,0.016720475628972054,,,2.3998351097106934,,1.0,,0.11082840710878372,,,,,,,,,,,,,,,,,,
92,3719,,,,,,,,,,,,,,,,,,,,,,,,,,,,,,,,,,,0.00917492713779211,0.008429602719843388,0.0027252358850091696,0.0,0.12302222102880478,1.0,0.30864012241363525,0.0,0.0,0.00011466474825283512,198.2447052001953,0.1680348515510559,0.4444904327392578,3.200242042541504,2.3651933670043945,1.0,0.3769058883190155
92,3719,0.002724424237385392,,0.00442779716104269,,0.0032490778248757124,,0.0,,0.04231389984488487,,1.0,,0.31754446029663086,,0.0,0.0,,,2.0996123566874303e-05,,203.13827514648438,,0.16674116253852844,,0.017031501978635788,,2.590209484100342,2.4325263500213623,,1.0,,0.11695480346679688,,0.22327455878257751,,,,,,,,,,,,,,,,,
93,3729,,0.0025459255557507277,,0.00047162818373180926,,0.0038202337455004454,,0.0,,0.04585212841629982,,1.0,,0.3239738345146179,,,0.0,0.0,,1.5037939192552585e-05,,203.14480590820312,,0.16778215765953064,,0.01023209746927023,,,2.7828969955444336,,1.0,,0.11383149772882462,,,,,,,,,,,,,,,,,,
93,3739,,0.0026216371916234493,,0.0004489110433496535,,0.0028905319049954414,,0.0,,0.03782995045185089,,1.0,,0.31553056836128235,,,0.0,0.0,,1.1632447240117472e-05,,194.24984741210938,,0.16876345872879028,,0.011267140507698059,,,1.6244816780090332,,1.0,,0.11076042056083679,,,,,,,,,,,,,,,,,,
93,3749,,0.0025379222352057695,,0.0026280006859451532,,0.003576871007680893,,0.0,,0.04289068281650543,,1.0,,0.3230508863925934,,,0.0,0.0,,8.972163414000534e-06,,203.68638610839844,,0.16551055014133453,,0.012538451701402664,,,2.9235587120056152,,1.0,,0.11341497302055359,,,,,,,,,,,,,,,,,,
93,3759,,0.0025246432051062584,,0.00015811175398994237,,0.0022891282569617033,,0.0,,0.04004720225930214,,1.0,,0.3098650872707367,,,0.0,0.0,,6.612014840357006e-05,,203.0387420654297,,0.16678744554519653,,0.011073019355535507,,,2.5134027004241943,,1.0,,0.1105571836233139,,,,,,,,,,,,,,,,,,
93,3759,,,,,,,,,,,,,,,,,,,,,,,,,,,,,,,,,,,0.009223847649991512,0.004648576956242323,0.0027118839789181948,0.0,0.1232314482331276,1.0,0.309398889541626,0.0,0.0,9.493892139289528e-05,198.2213134765625,0.1679685413837433,0.45016562938690186,3.2038984298706055,2.3659276962280273,1.0,0.3779377043247223
93,3759,0.002720481948927045,,0.0037692184560000896,,0.0032638206612318754,,0.0,,0.042692966759204865,,1.0,,0.31911700963974,,0.0,0.0,,,1.7545558876008727e-05,,203.08209228515625,,0.16681550443172455,,0.014862206764519215,,2.5886740684509277,2.431938886642456,,1.0,,0.11576534807682037,,0.2247922718524933,,,,,,,,,,,,,,,,,
94,3769,,0.0026300596073269844,,0.0003319794777780771,,0.003330271691083908,,0.0,,0.043699949979782104,,1.0,,0.32487332820892334,,,0.0,-0.0,,2.806347401929088e-05,,205.34365844726562,,0.1697489321231842,,0.012792668305337429,,,2.3564276695251465,,1.0,,0.11494884639978409,,,,,,,,,,,,,,,,,,
94,3779,,0.002713153837248683,,0.0009713878971524537,,0.0037815577816218138,,0.0,,0.04521118104457855,,1.0,,0.31968802213668823,,,0.0,0.0,,3.739856424544996e-07,,201.67442321777344,,0.16906628012657166,,0.0169958658516407,,,3.5415751934051514,,1.0,,0.11785727739334106,,,,,,,,,,,,,,,,,,
94,3789,,0.0023386271204799414,,0.01095654908567667,,0.003714119317010045,,0.0,,0.0417146272957325,,1.0,,0.32351016998291016,,,0.0,-0.0,,1.2828060789615847e-05,,208.01254272460938,,0.16725492477416992,,0.026881249621510506,,,2.3647043704986572,,1.0,,0.1249508187174797,,,,,,,,,,,,,,,,,,
94,3799,,0.002642272273078561,,0.0015073815593495965,,0.00347020011395216,,0.0,,0.04107379913330078,,1.0,,0.31959104537963867,,,0.0,0.0,,3.078030772485363e-07,,203.33932495117188,,0.16745012998580933,,0.013383219949901104,,,2.9656362533569336,,1.0,,0.11337558180093765,,,,,,,,,,,,,,,,,,
94,3799,,,,,,,,,,,,,,,,,,,,,,,,,,,,,,,,,,,0.009208444505929947,0.0063066184520721436,0.0027106215711683035,0.0,0.12273406982421875,1.0,0.3092803359031677,0.0,0.0,0.00011025248386431485,198.23721313476562,0.16802850365638733,0.44001296162605286,3.201000213623047,2.365440845489502,1.0,0.37347152829170227
94,3799,0.0026901441160589457,,0.0029624635353684425,,0.0032610702328383923,,0.0,,0.04272973909974098,,1.0,,0.31973394751548767,,0.0,0.0,,,2.1745110643678345e-05,,203.05706787109375,,0.16670356690883636,,0.014606913551688194,,2.566303253173828,2.426413059234619,,1.0,,0.11518339812755585,,0.2254076898097992,,,,,,,,,,,,,,,,,
95,3809,,0.002582934917882085,,0.0004537102940957993,,0.0028521125204861164,,0.0,,0.04528753459453583,,1.0,,0.32247838377952576,,,0.0,-0.0,,1.2346567928034347e-05,,203.2087860107422,,0.16632188856601715,,0.014184119179844856,,,2.515953779220581,,1.0,,0.11470647901296616,,,,,,,,,,,,,,,,,,
95,3819,,0.002970011904835701,,0.005156892351806164,,0.002726589795202017,,0.0,,0.043489739298820496,,1.0,,0.3141801655292511,,,0.0,0.0,,2.0181274521746673e-05,,203.75836181640625,,0.16795936226844788,,0.01158403605222702,,,3.2177162170410156,,1.0,,0.11586276441812515,,,,,,,,,,,,,,,,,,
95,3829,,0.0031748642213642597,,0.0004457366303540766,,0.0026531510520726442,,0.0,,0.041456323117017746,,1.0,,0.3171694874763489,,,0.0,0.0,,2.128818778146524e-06,,205.86312866210938,,0.16463932394981384,,0.022307908162474632,,,2.3866610527038574,,1.0,,0.11627846211194992,,,,,,,,,,,,,,,,,,
95,3839,,0.0026774494908750057,,0.0018523241160437465,,0.0032593614887446165,,0.0,,0.03496445715427399,,1.0,,0.321428120136261,,,0.0,-0.0,,5.936913566984003e-06,,198.593017578125,,0.16403385996818542,,0.018586713820695877,,,2.1104185581207275,,1.0,,0.11138629913330078,,,,,,,,,,,,,,,,,,
95,3839,,,,,,,,,,,,,,,,,,,,,,,,,,,,,,,,,,,0.00917748361825943,0.006781687028706074,0.002710087923333049,0.0,0.12320045381784439,1.0,0.309434175491333,0.0,0.0,0.00010626450239215046,198.20570373535156,0.16815009713172913,0.46236711740493774,3.2015440464019775,2.365556240081787,1.0,0.3851625323295593
95,3839,0.0027570403181016445,,0.0025360488798469305,,0.0032546203583478928,,0.0,,0.04263313487172127,,1.0,,0.3197243809700012,,0.0,0.0,,,2.0804400264751166e-05,,203.0106964111328,,0.16686180233955383,,0.014579164795577526,,2.602813482284546,2.4119207859039307,,1.0,,0.11501945555210114,,0.2253977507352829,,,,,,,,,,,,,,,,,
96,3849,,0.002764326287433505,,0.004430726170539856,,0.00216055940836668,,0.0,,0.04219764471054077,,1.0,,0.3143119812011719,,,0.0,0.0,,1.6525129467481747e-05,,204.5478973388672,,0.16625767946243286,,0.01803477667272091,,,3.058335304260254,,1.0,,0.1170668974518776,,,,,,,,,,,,,,,,,,
96,3859,,0.0024560922756791115,,0.0006229413556866348,,0.003397243330255151,,0.0,,0.04163331538438797,,1.0,,0.3217065930366516,,,0.0,-0.0,,6.213533652044134e-06,,190.8961639404297,,0.1658841222524643,,0.02235996723175049,,,2.366441249847412,,1.0,,0.1168210580945015,,,,,,,,,,,,,,,,,,
96,3869,,0.0022580537479370832,,0.014858001843094826,,0.004759351257234812,,0.0,,0.044572506099939346,,1.0,,0.3187990188598633,,,0.0,-0.0,,1.194714513985673e-06,,207.2335662841797,,0.16739605367183685,,0.02480173483490944,,,2.338968276977539,,1.0,,0.12741969525814056,,,,,,,,,,,,,,,,,,
96,3879,,0.002914363518357277,,0.0010168533772230148,,0.002556071151047945,,0.0,,0.038226205855607986,,1.0,,0.3160754144191742,,,0.0,0.0,,7.014881703071296e-06,,194.5009765625,,0.16623303294181824,,0.014224948361515999,,,3.557589054107666,,1.0,,0.11156681925058365,,,,,,,,,,,,,,,,,,
96,3879,,,,,,,,,,,,,,,,,,,,,,,,,,,,,,,,,,,0.009188169613480568,0.008236633613705635,0.0027223180513828993,0.0,0.12337950617074966,1.0,0.30960267782211304,0.0,0.0,0.00010034815932158381,198.18112182617188,0.16805948317050934,0.44064128398895264,3.2052576541900635,2.3662869930267334,1.0,0.37507495284080505
96,3879,0.0026655779220163822,,0.002914562588557601,,0.003253631293773651,,0.0,,0.042455218732357025,,1.0,,0.319821298122406,,0.0,0.0,,,1.357114342681598e-05,,203.05162048339844,,0.1670057624578476,,0.014862321317195892,,2.5714304447174072,2.434619188308716,,1.0,,0.11528384685516357,,0.22548706829547882,,,,,,,,,,,,,,,,,
97,3889,,0.002713272348046303,,0.0009210045100189745,,0.0034643469844013453,,0.0,,0.037868015468120575,,1.0,,0.31064826250076294,,,0.0,0.0,,6.776627560611814e-05,,205.3096923828125,,0.16415005922317505,,0.013860020786523819,,,2.4152941703796387,,1.0,,0.11013651639223099,,,,,,,,,,,,,,,,,,
97,3899,,0.002843724563717842,,0.0020742749329656363,,0.0025397385470569134,,0.0,,0.03835342451930046,,1.0,,0.31845226883888245,,,0.0,0.0,,6.737137141499261e-07,,200.99484252929688,,0.16510091722011566,,0.017180323600769043,,,2.0857839584350586,,1.0,,0.11303064227104187,,,,,,,,,,,,,,,,,,
97,3909,,0.002870183205232024,,0.002304553985595703,,0.0034251383040100336,,0.0,,0.041829269379377365,,1.0,,0.3227914869785309,,,0.0,0.0,,1.0329998076485936e-05,,210.272216796875,,0.16795942187309265,,0.012593721970915794,,,2.261056900024414,,1.0,,0.11412625014781952,,,,,,,,,,,,,,,,,,
97,3919,,0.0027507292106747627,,0.008867790922522545,,0.0033455740194767714,,0.0,,0.03935539349913597,,1.0,,0.32187870144844055,,,0.0,0.0,,5.088352736493107e-06,,197.2092742919922,,0.16460181772708893,,0.0244144257158041,,,2.2149882316589355,,1.0,,0.12033217400312424,,,,,,,,,,,,,,,,,,
97,3919,,,,,,,,,,,,,,,,,,,,,,,,,,,,,,,,,,,0.009207489900290966,0.005401805974543095,0.0027247751131653786,0.0,0.12370237708091736,1.0,0.3094407320022583,0.0,0.0,0.00011813394667115062,198.20388793945312,0.16805538535118103,0.47209468483924866,3.203579902648926,2.365738868713379,1.0,0.3895624279975891
97,3919,0.002778048627078533,,0.0031080113258212805,,0.003257481846958399,,0.0,,0.042472582310438156,,1.0,,0.31969496607780457,,0.0,0.0,,,1.4558543625753373e-05,,202.9678497314453,,0.16677804291248322,,0.014735817909240723,,2.5838942527770996,2.422184467315674,,1.0,,0.1152692660689354,,0.22534814476966858,,,,,,,,,,,,,,,,,
98,3929,,0.0025101667270064354,,0.011100688017904758,,0.0037780040875077248,,0.0,,0.04660988226532936,,1.0,,0.3208082318305969,,,0.0,0.0,,2.513962158445793e-07,,197.77342224121094,,0.16597577929496765,,0.022432083263993263,,,2.4553275108337402,,1.0,,0.12469223141670227,,,,,,,,,,,,,,,,,,
98,3939,,0.0028806652408093214,,0.009340140037238598,,0.003495324868708849,,0.0,,0.04230506718158722,,1.0,,0.3163229823112488,,,0.0,0.0,,8.484429599775467e-06,,192.13076782226562,,0.16673755645751953,,0.021662039682269096,,,2.236178159713745,,1.0,,0.12181650102138519,,,,,,,,,,,,,,,,,,
98,3949,,0.0025910953991115093,,0.0021049666684120893,,0.0039798240177333355,,0.0,,0.04407135024666786,,1.0,,0.32278090715408325,,,0.0,0.0,,1.0219757314189337e-05,,200.15301513671875,,0.16798394918441772,,0.01284064631909132,,,2.048633575439453,,1.0,,0.11519908905029297,,,,,,,,,,,,,,,,,,
98,3959,,0.0022862048353999853,,0.00030643268837593496,,0.003544626524671912,,0.0,,0.04080082103610039,,1.0,,0.32732972502708435,,,0.0,0.0,,4.440503107616678e-05,,208.18878173828125,,0.16870905458927155,,0.009606489911675453,,,2.504932403564453,,1.0,,0.11123117059469223,,,,,,,,,,,,,,,,,,
98,3959,,,,,,,,,,,,,,,,,,,,,,,,,,,,,,,,,,,0.00915914960205555,0.004910813178867102,0.002712797839194536,0.0,0.12330831587314606,1.0,0.30951035022735596,0.0,0.0,9.374137152917683e-05,198.19900512695312,0.16803903877735138,0.43650564551353455,3.2026100158691406,2.3657336235046387,1.0,0.37127965688705444
98,3959,0.0027065507601946592,,0.003178788349032402,,0.0032459571957588196,,0.0,,0.04243776574730873,,1.0,,0.31950145959854126,,0.0,0.0,,,2.0994082660763524e-05,,203.18333435058594,,0.1667865812778473,,0.014724239706993103,,2.595726728439331,2.4252421855926514,,1.0,,0.1152520626783371,,0.22517557442188263,,,,,,,,,,,,,,,,,
99,3969,,0.0022378209978342056,,0.00041542440885677934,,0.0029446801636368036,,0.0,,0.04331974312663078,,1.0,,0.31686487793922424,,,0.0,0.0,,3.6650865240517305e-06,,201.9659423828125,,0.16565266251564026,,0.017363915219902992,,,2.128150701522827,,1.0,,0.11479109525680542,,,,,,,,,,,,,,,,,,
99,3979,,0.0027208689134567976,,0.004014221951365471,,0.0018616148736327887,,0.0,,0.052614275366067886,,1.0,,0.31286418437957764,,,0.0,-0.0,,3.573723370209336e-05,,204.69427490234375,,0.16873642802238464,,0.01355771068483591,,,2.2133069038391113,,1.0,,0.12102577835321426,,,,,,,,,,,,,,,,,,
99,3989,,0.002919442020356655,,0.0007684569573029876,,0.003054887056350708,,0.0,,0.03466581553220749,,1.0,,0.316487580537796,,,0.0,0.0,,6.237626166694099e-06,,206.76022338867188,,0.16832756996154785,,0.013456596992909908,,,2.5034894943237305,,1.0,,0.11037755012512207,,,,,,,,,,,,,,,,,,
99,3999,,0.0027336974162608385,,0.008869096636772156,,0.003389514982700348,,0.0,,0.044496089220047,,1.0,,0.3248728811740875,,,0.0,0.0,,3.641960574896075e-05,,204.37838745117188,,0.16446813941001892,,0.016432547941803932,,,1.8724838495254517,,1.0,,0.11885694414377213,,,,,,,,,,,,,,,,,,
99,3999,,,,,,,,,,,,,,,,,,,,,,,,,,,,,,,,,,,0.009136918932199478,0.008978735655546188,0.002718205563724041,0.0,0.1232001855969429,1.0,0.3095656633377075,0.0,0.0,0.00010324945469619706,198.2676239013672,0.16794981062412262,0.4445762038230896,3.2001588344573975,2.365147352218628,1.0,0.37724441289901733
99,3999,0.002725436817854643,,0.0039197648875415325,,0.0032465525437146425,,0.0,,0.042334429919719696,,1.0,,0.3198619484901428,,0.0,0.0,,,1.9217824956285767e-05,,203.17971801757812,,0.16676115989685059,,0.015419860370457172,,2.5931835174560547,2.4344534873962402,,1.0,,0.11591458320617676,,0.22552771866321564,,,,,,,,,,,,,,,,,
