epoch,step,train/L_cf_frame_axis,train/L_cf_frame_epoch,train/L_cf_frame_phase,train/L_cf_frame_radius,train/L_cf_frame_step,train/L_coord_epoch,train/L_coord_step,train/L_kld_epoch,train/L_kld_step,train/L_mask_epoch,train/L_mask_step,train/L_motion_recon_epoch,train/L_motion_recon_step,train/L_motion_type_epoch,train/L_motion_type_step,train/L_origin_epoch,train/L_origin_map_epoch,train/L_origin_map_step,train/L_origin_step,train/L_point_3d_epoch,train/L_point_3d_step,train/L_point_map_epoch,train/L_point_map_step,train/L_traj_proj_epoch,train/L_traj_proj_step,train/L_trajectory_epoch,train/L_trajectory_m2,train/L_trajectory_step,train/L_vae_total_epoch,train/L_vae_total_step,train/arctic/loss_total,train/epic/loss_total,train/hoi4d/loss_total,train/loss_total_epoch,train/loss_total_step,train/p_rev_mean,train/sf3d/loss_total,val/L_cf_frame,val/L_cf_frame_axis,val/L_cf_frame_phase,val/L_cf_frame_radius,val/L_coord,val/L_kld,val/L_mask,val/L_motion_recon,val/L_motion_type,val/L_origin,val/L_origin_map,val/L_point_3d,val/L_point_map,val/L_traj_proj,val/L_trajectory,val/L_trajectory_m2,val/L_vae_total,val/arctic/loss_total,val/epic/loss_total,val/hoi4d/loss_total,val/loss_total,val/sf3d/loss_total
0,9,,,,,1.7792468070983887,,0.35375678539276123,,0.0,,0.7884067296981812,,0.7046374082565308,,0.6877075433731079,,,6.4112443923950195,1.385574221611023,,0.29392391443252563,,4.9102888107299805,,11.70196533203125,,,1.5554614067077637,,0.7046374082565308,,,,,9.194698333740234,,,,,,,,,,,,,,,,,,,,,,,,
0,19,,,,,1.440101146697998,,0.2985191345214844,,0.0,,7.491564750671387,,1.0,,0.7275474667549133,,,0.0,0.0,,0.21478232741355896,,4.410215377807617,,3.976315975189209,,,24.11091423034668,,1.0,,,,,8.452081680297852,,,,,,,,,,,,,,,,,,,,,,,,
0,29,,,,,1.7002978324890137,,0.3123343586921692,,0.0,,1.3541176319122314,,1.0,,0.682796061038971,,,0.0,0.0,,202.35052490234375,,4.018308162689209,,3.9186501502990723,,,1.2127991914749146,,1.0,,,,,5.14310359954834,,,,,,,,,,,,,,,,,,,,,,,,
0,39,,,,,2.0051920413970947,,0.3480317294597626,,0.0,,1.6021417379379272,,1.0,,0.6906898021697998,,,0.0,0.0,,195.61654663085938,,3.985074043273926,,1.5389103889465332,,,1.1502537727355957,,1.0,,,,,4.082424163818359,,,,,,,,,,,,,,,,,,,,,,,,
0,49,,,,,1.5350933074951172,,0.2637752294540405,,0.0,,0.6001428961753845,,0.6866155862808228,,0.6261615753173828,,,3.9046428203582764,1.1943926811218262,,0.221610426902771,,3.58906888961792,,1.7869819402694702,,,1.0975266695022583,,0.6866155862808228,,,,,6.73499059677124,,,,,,,,,,,,,,,,,,,,,,,,
0,59,,,,,1.6570651531219482,,0.2774946689605713,,0.0,,0.6454249620437622,,0.6412171125411987,,0.636039137840271,,,4.506805419921875,0.8727467060089111,,0.22804436087608337,,3.6958820819854736,,1.7481685876846313,,,1.132385492324829,,0.6412171125411987,,,,,7.088284492492676,,,,,,,,,,,,,,,,,,,,,,,,
0,69,,,,,1.4625115394592285,,0.24186570942401886,,0.0,,0.6098883152008057,,0.6141033172607422,,0.6192989349365234,,,3.966214418411255,0.8384039998054504,,0.16075214743614197,,3.2525758743286133,,3.1850075721740723,,,0.9176596403121948,,0.6141033172607422,,,,,6.307011604309082,,,,,,,,,,,,,,,,,,,,,,,,
0,79,,,,,1.1962025165557861,,0.25361478328704834,,0.0,,1.0483336448669434,,1.0,,0.639644980430603,,,0.0,0.0,,200.35296630859375,,3.418306350708008,,1.5106170177459717,,,1.1908159255981445,,1.0,,,,,3.435258388519287,,,,,,,,,,,,,,,,,,,,,,,,
0,89,,,,,1.5373902320861816,,0.23739494383335114,,0.0,,0.6206051707267761,,0.6544389128684998,,0.6367568969726562,,,3.3138246536254883,1.2639570236206055,,0.26245003938674927,,3.479304313659668,,1.4525351524353027,,,1.3630698919296265,,0.6544389128684998,,,,,6.4445366859436035,,,,,,,,,,,,,,,,,,,,,,,,
0,99,,,,,1.4134492874145508,,0.2856871485710144,,0.0,,1.4000637531280518,,0.8826656341552734,,0.6574268341064453,,,11.637839317321777,0.24358488619327545,,0.4284871220588684,,3.5531153678894043,,3.3931994438171387,,,28.265512466430664,,0.8826656341552734,,,,,4.64474630355835,,,,,,,,,,,,,,,,,,,,,,,,
0,109,,,,,0.9617447853088379,,0.2373373806476593,,0.0,,1.4163880348205566,,0.8898273706436157,,0.6596038341522217,,,9.078974723815918,0.6434673070907593,,0.18089938163757324,,3.689953327178955,,3.0082552433013916,,,22.741479873657227,,0.8898273706436157,,,,,4.505768775939941,,,,,,,,,,,,,,,,,,,,,,,,
0,119,,,,,0.8171911835670471,,0.23020613193511963,,0.0,,0.5906215310096741,,0.39446118474006653,,0.55304354429245,,,2.5384488105773926,0.8696494102478027,,0.1653631031513214,,2.8981199264526367,,2.526848793029785,,,0.6343418955802917,,0.39446118474006653,,,,,4.739917278289795,,,,,,,,,,,,,,,,,,,,,,,,
0,129,,,,,1.2904843091964722,,0.2313799262046814,,0.0,,0.5932731628417969,,0.5675461292266846,,0.5773212313652039,,,2.558511257171631,0.9097492098808289,,0.17163237929344177,,2.903970241546631,,0.8568360805511475,,,0.8141007423400879,,0.5675461292266846,,,,,5.263402938842773,,,,,,,,,,,,,,,,,,,,,,,,
0,139,,,,,0.8807163238525391,,0.2396979033946991,,0.0,,1.3628567457199097,,0.9426183104515076,,0.6150199770927429,,,12.674749374389648,0.5969796180725098,,0.2996160387992859,,2.9979491233825684,,1.431795597076416,,,7.259213447570801,,0.9426183104515076,,,,,3.323659658432007,,,,,,,,,,,,,,,,,,,,,,,,
0,149,,,,,1.050201654434204,,0.26366084814071655,,0.0,,1.1516261100769043,,0.7855799198150635,,0.5896644592285156,,,13.58234691619873,0.5246555805206299,,0.356543630361557,,3.027528762817383,,1.1449247598648071,,,5.479154586791992,,0.7855799198150635,,,,,3.088702440261841,,,,,,,,,,,,,,,,,,,,,,,,
0,159,,,,,0.8194849491119385,,0.221889927983284,,0.0,,0.583577036857605,,0.3298376500606537,,0.559744656085968,,,3.1945109367370605,0.5951516032218933,,0.20549795031547546,,3.1652870178222656,,0.7914392948150635,,,0.7180207371711731,,0.3298376500606537,,,,,5.082314491271973,,,,,,,,,,,,,,,,,,,,,,,,
0,169,,,,,1.0477840900421143,,0.22552615404129028,,0.0,,0.6033643484115601,,0.44662362337112427,,0.5490514636039734,,,3.0090720653533936,0.8739661574363708,,0.16468092799186707,,2.6911587715148926,,0.7893121242523193,,,0.7847755551338196,,0.44662362337112427,,,,,5.106194496154785,,,,,,,,,,,,,,,,,,,,,,,,
0,179,,,,,1.2602604627609253,,0.22457772493362427,,0.0,,0.6143863201141357,,0.5164515972137451,,0.5409862399101257,,,3.945767641067505,0.5476759672164917,,0.1431996375322342,,2.6241581439971924,,0.8159337043762207,,,0.813697338104248,,0.5164515972137451,,,,,5.580636501312256,,,,,,,,,,,,,,,,,,,,,,,,
0,189,,,,,1.037017822265625,,0.21434439718723297,,0.0,,0.648384690284729,,0.42684081196784973,,0.5327638387680054,,,3.166377067565918,0.6517376899719238,,0.2718721032142639,,2.9748361110687256,,0.9952073097229004,,,0.8084222078323364,,0.42684081196784973,,,,,5.267175674438477,,,,,,,,,,,,,,,,,,,,,,,,
0,199,,,,,1.1219351291656494,,0.21831431984901428,,0.0,,0.5814067125320435,,0.45407015085220337,,0.506700336933136,,,2.4091904163360596,1.3560091257095337,,0.18294960260391235,,2.5743408203125,,0.7014017105102539,,,0.8016312122344971,,0.45407015085220337,,,,,5.03639030456543,,,,,,,,,,,,,,,,,,,,,,,,
0,209,,,,,1.1172459125518799,,0.19922105967998505,,0.0,,1.1420162916183472,,0.8861220479011536,,0.5119121074676514,,,12.607206344604492,0.7034102082252502,,0.26436468958854675,,2.9240660667419434,,1.0093762874603271,,,3.0575642585754395,,0.8861220479011536,,,,,2.893296241760254,,,,,,,,,,,,,,,,,,,,,,,,
0,219,,,,,1.1467604637145996,,0.210229754447937,,0.0,,0.6105636358261108,,0.5185421109199524,,0.5383935570716858,,,2.0200324058532715,0.8782837390899658,,0.20252452790737152,,2.5054378509521484,,0.7003971338272095,,,0.8611359596252441,,0.5185421109199524,,,,,4.629493713378906,,,,,,,,,,,,,,,,,,,,,,,,
0,229,,,,,0.9437392950057983,,0.1993504911661148,,0.0,,1.524330973625183,,0.9115501642227173,,0.4695405960083008,,,11.299386024475098,0.6824514865875244,,0.25636354088783264,,3.0305304527282715,,0.9602606296539307,,,2.11978816986084,,0.9115501642227173,,,,,3.0920066833496094,,,,,,,,,,,,,,,,,,,,,,,,
0,239,,,,,1.0856068134307861,,0.21198539435863495,,0.0,,0.5743931531906128,,0.5212200880050659,,0.5079469680786133,,,1.9824098348617554,0.8463794589042664,,0.12917302548885345,,2.3187451362609863,,0.9599903225898743,,,0.823188304901123,,0.5212200880050659,,,,,4.371123313903809,,,,,,,,,,,,,,,,,,,,,,,,
0,249,,,,,0.7605211734771729,,0.22151853144168854,,0.0,,1.2865548133850098,,0.8675353527069092,,0.416570246219635,,,13.348457336425781,0.706817626953125,,0.23733417689800262,,2.818331480026245,,0.9441299438476562,,,1.4893348217010498,,0.8675353527069092,,,,,2.843552350997925,,,,,,,,,,,,,,,,,,,,,,,,
0,259,,,,,0.9192495346069336,,0.21959562599658966,,0.0,,0.5823032855987549,,0.4031932055950165,,0.49668368697166443,,,2.0322141647338867,0.7270175218582153,,0.18753843009471893,,2.3197126388549805,,0.9655852317810059,,,0.8210190534591675,,0.4031932055950165,,,,,4.2017822265625,,,,,,,,,,,,,,,,,,,,,,,,
0,269,,,,,1.1668707132339478,,0.21095851063728333,,0.0,,0.5938320755958557,,0.44321420788764954,,0.4957752227783203,,,1.724831223487854,0.4987039268016815,,0.17929403483867645,,2.250741481781006,,0.9161789417266846,,,0.850179135799408,,0.44321420788764954,,,,,4.143939018249512,,,,,,,,,,,,,,,,,,,,,,,,
0,279,,,,,0.8925528526306152,,0.19800043106079102,,0.0,,0.5455525517463684,,0.35147345066070557,,0.47903499007225037,,,1.4995661973953247,1.1650341749191284,,0.19529664516448975,,2.0463309288024902,,0.7377995252609253,,,0.8134438991546631,,0.35147345066070557,,,,,3.956960678100586,,,,,,,,,,,,,,,,,,,,,,,,
0,289,,,,,1.1231791973114014,,0.21593111753463745,,0.0,,0.5585300922393799,,0.4217650294303894,,0.4517154395580292,,,1.6025480031967163,0.6710157990455627,,0.1340390294790268,,2.250635862350464,,0.7770358324050903,,,0.841528594493866,,0.4217650294303894,,,,,4.065386772155762,,,,,,,,,,,,,,,,,,,,,,,,
0,299,,,,,1.1589428186416626,,0.08300183713436127,,0.0,,0.6622363328933716,,1.0,,0.4134390950202942,,,0.0,0.0,,195.312255859375,,2.2236697673797607,,0.7061656713485718,,,0.9945879578590393,,1.0,,,,,2.0442564487457275,,,,,,,,,,,,,,,,,,,,,,,,
0,309,,,,,1.0736472606658936,,0.1851477473974228,,0.0,,0.5615994334220886,,0.5091800689697266,,0.5329077839851379,,,1.2780157327651978,0.41437292098999023,,0.14010798931121826,,2.0845632553100586,,0.9631413221359253,,,0.846701979637146,,0.5091800689697266,,,,,3.6720046997070312,,,,,,,,,,,,,,,,,,,,,,,,
0,319,,,,,0.968266487121582,,0.18602639436721802,,0.0,,0.556459903717041,,0.4419068396091461,,0.45383042097091675,,,2.3209736347198486,0.4934559166431427,,0.1303425431251526,,2.149446487426758,,0.7072789669036865,,,0.8314603567123413,,0.4419068396091461,,,,,4.113533973693848,,,,,,,,,,,,,,,,,,,,,,,,
0,329,,,,,0.7723256349563599,,0.19271215796470642,,0.0,,0.5684511065483093,,0.31204092502593994,,0.44328251481056213,,,1.5757290124893188,0.3546280562877655,,0.1050788015127182,,1.9902324676513672,,0.7019500136375427,,,0.8315169811248779,,0.31204092502593994,,,,,3.3873825073242188,,,,,,,,,,,,,,,,,,,,,,,,
0,339,,,,,1.103734016418457,,0.18595348298549652,,0.0,,0.545825719833374,,0.44020169973373413,,0.47459542751312256,,,1.511171579360962,0.3626441955566406,,0.15586648881435394,,1.6777116060256958,,0.9016358852386475,,,0.8599933385848999,,0.44020169973373413,,,,,3.5606181621551514,,,,,,,,,,,,,,,,,,,,,,,,
0,349,,,,,0.7776424884796143,,0.2028491497039795,,0.0,,0.8243047595024109,,1.0964329242706299,,0.38443583250045776,,,9.565774917602539,0.7835003733634949,,0.31313356757164,,2.203859329223633,,0.8627251386642456,,,1.6809276342391968,,1.0964329242706299,,,,,2.2390871047973633,,,,,,,,,,,,,,,,,,,,,,,,
0,359,,,,,0.591027021408081,,0.061145782470703125,,0.0,,0.652418851852417,,1.0,,0.41638487577438354,,,0.0,0.0,,190.58116149902344,,1.7310161590576172,,0.6925980448722839,,,0.9762255549430847,,1.0,,,,,1.7767819166183472,,,,,,,,,,,,,,,,,,,,,,,,
0,369,,,,,0.6834003925323486,,0.164044588804245,,0.0,,0.5370427370071411,,0.30854469537734985,,0.407453715801239,,,0.8288828730583191,0.3736654222011566,,0.13065195083618164,,1.638091802597046,,0.843889057636261,,,0.8165252208709717,,0.30854469537734985,,,,,2.7233169078826904,,,,,,,,,,,,,,,,,,,,,,,,
0,379,,,,,0.6578050851821899,,0.05952303111553192,,0.0,,0.643014132976532,,1.0,,0.4078291654586792,,,0.0,0.0,,195.2388153076172,,1.478304147720337,,0.6469500064849854,,,0.9980231523513794,,1.0,,,,,1.6178103685379028,,,,,,,,,,,,,,,,,,,,,,,,
0,389,,,,,0.7458041906356812,,0.06510120630264282,,0.0,,0.6420660018920898,,1.0,,0.3964417576789856,,,0.0,0.0,,189.57150268554688,,1.4372447729110718,,0.6721878051757812,,,1.0116455554962158,,1.0,,,,,1.6065207719802856,,,,,,,,,,,,,,,,,,,,,,,,
0,399,,,,,0.5927218198776245,,0.17009839415550232,,0.0,,0.5624365210533142,,0.22898590564727783,,0.40996053814888,,,0.9612952470779419,0.38567644357681274,,0.14774101972579956,,2.166569709777832,,0.6493440866470337,,,0.7992151975631714,,0.22898590564727783,,,,,2.9946107864379883,,,,,,,,,,,,,,,,,,,,,,,,
0,409,,,,,0.7467008829116821,,0.17559897899627686,,0.0,,0.5584875345230103,,0.30466926097869873,,0.4237774610519409,,,1.2116469144821167,0.562516987323761,,0.13072903454303741,,1.5284056663513184,,0.6786043643951416,,,0.8301981687545776,,0.30466926097869873,,,,,3.0422821044921875,,,,,,,,,,,,,,,,,,,,,,,,
0,419,,,,,0.6778801679611206,,0.06594882905483246,,0.0,,0.6489317417144775,,1.0,,0.37035301327705383,,,0.0,0.0,,195.60362243652344,,1.679388403892517,,0.6588045954704285,,,0.9975986480712891,,1.0,,,,,1.711713194847107,,,,,,,,,,,,,,,,,,,,,,,,
0,429,,,,,0.6044233441352844,,0.15460346639156342,,0.0,,0.6966294646263123,,0.8222436904907227,,0.3150727152824402,,,10.865019798278809,0.7166492342948914,,0.23881396651268005,,2.9552433490753174,,0.9320139288902283,,,1.220382809638977,,0.8222436904907227,,,,,2.5267815589904785,,,,,,,,,,,,,,,,,,,,,,,,
0,439,,,,,0.6187535524368286,,0.17782193422317505,,0.0,,0.5436299443244934,,0.25870925188064575,,0.3875003457069397,,,0.6525385975837708,0.49728748202323914,,0.24193207919597626,,1.6340516805648804,,0.6836472749710083,,,0.8166909217834473,,0.25870925188064575,,,,,2.6861348152160645,,,,,,,,,,,,,,,,,,,,,,,,
0,449,,,,,0.6177815198898315,,0.15377205610275269,,0.0,,0.5308589935302734,,0.23751181364059448,,0.3392578959465027,,,0.5427956581115723,0.2641106843948364,,0.10799944400787354,,1.6049039363861084,,0.6756452322006226,,,0.7975952625274658,,0.23751181364059448,,,,,2.3896307945251465,,,,,,,,,,,,,,,,,,,,,,,,
0,459,,,,,0.8088827133178711,,0.07647831737995148,,0.0,,0.6187660694122314,,1.0,,0.3552188277244568,,,0.0,0.0,,191.38157653808594,,1.3299274444580078,,0.6206554174423218,,,1.0172784328460693,,1.0,,,,,1.5005230903625488,,,,,,,,,,,,,,,,,,,,,,,,
0,469,,,,,0.7369065284729004,,0.18676996231079102,,0.0,,0.6729687452316284,,0.8911063075065613,,0.28234004974365234,,,8.073756217956543,0.747344434261322,,0.23440717160701752,,1.7762962579727173,,0.8928546905517578,,,1.9596388339996338,,0.8911063075065613,,,,,1.9056148529052734,,,,,,,,,,,,,,,,,,,,,,,,
0,479,,,,,0.683940052986145,,0.16782552003860474,,0.0,,0.6528328657150269,,0.9115679860115051,,0.2839374542236328,,,6.858221530914307,0.7869207262992859,,0.2595081627368927,,1.6008198261260986,,0.9201011657714844,,,1.5841257572174072,,0.9115679860115051,,,,,1.8127583265304565,,,,,,,,,,,,,,,,,,,,,,,,
0,489,,,,,0.6336139440536499,,0.07254702597856522,,0.0,,0.518841028213501,,1.0,,0.3109644949436188,,,0.0,0.0,,200.8056640625,,1.290906548500061,,0.6752700209617615,,,1.00747549533844,,1.0,,,,,1.4342646598815918,,,,,,,,,,,,,,,,,,,,,,,,
0,499,,,,,0.6617635488510132,,0.07570575922727585,,0.0,,0.5335480570793152,,1.0,,0.3368588984012604,,,0.0,0.0,,199.4247283935547,,1.2332689762115479,,0.6767396926879883,,,1.0125703811645508,,1.0,,,,,1.42806077003479,,,,,,,,,,,,,,,,,,,,,,,,
0,509,,,,,0.4883802831172943,,0.1529669463634491,,0.0,,0.536096453666687,,0.15231098234653473,,0.37851107120513916,,,0.5426311492919922,0.44414985179901123,,0.17156299948692322,,1.2600007057189941,,0.9155009984970093,,,0.765009880065918,,0.15231098234653473,,,,,2.231339693069458,,,,,,,,,,,,,,,,,,,,,,,,
0,519,,,,,0.46248990297317505,,0.16839352250099182,,0.0,,0.529384434223175,,0.2075742483139038,,0.4204164445400238,,,0.5731775164604187,0.6647914052009583,,0.1928594559431076,,1.3990116119384766,,0.7089967131614685,,,0.7621097564697266,,0.2075742483139038,,,,,2.436506986618042,,,,,,,,,,,,,,,,,,,,,,,,
0,529,,,,,0.5851434469223022,,0.08367116004228592,,0.0,,0.5214848518371582,,1.0,,0.33858975768089294,,,0.0,0.0,,184.2169647216797,,1.1462663412094116,,0.6489514708518982,,,0.9996568560600281,,1.0,,,,,1.3694818019866943,,,,,,,,,,,,,,,,,,,,,,,,
0,539,,,,,0.9458683729171753,,0.16725832223892212,,0.0,,0.6353440284729004,,0.7979769706726074,,0.2814517021179199,,,14.548324584960938,0.6910066604614258,,0.31708335876464844,,1.6873054504394531,,0.9193978309631348,,,1.6731114387512207,,0.7979769706726074,,,,,1.8453786373138428,,,,,,,,,,,,,,,,,,,,,,,,
0,549,,,,,0.6769230365753174,,0.1494220793247223,,0.0,,0.5269038081169128,,0.272430956363678,,0.3716604709625244,,,0.5306316614151001,0.2454071193933487,,0.12489227950572968,,1.29775071144104,,0.5820663571357727,,,0.7769917249679565,,0.272430956363678,,,,,2.3002569675445557,,,,,,,,,,,,,,,,,,,,,,,,
0,559,,,,,0.7309542894363403,,0.18709005415439606,,0.0,,0.6317545175552368,,0.920896053314209,,0.2645757794380188,,,7.716296672821045,0.6780810356140137,,0.22044870257377625,,1.357161045074463,,0.9856830835342407,,,1.5334947109222412,,0.920896053314209,,,,,1.7131321430206299,,,,,,,,,,,,,,,,,,,,,,,,
0,569,,,,,0.6619572043418884,,0.15396736562252045,,0.0,,0.5363531112670898,,0.29733046889305115,,0.4529344439506531,,,0.8346379399299622,0.6481562852859497,,0.10858172178268433,,1.1794226169586182,,0.930964469909668,,,0.8174132704734802,,0.29733046889305115,,,,,2.6189839839935303,,,,,,,,,,,,,,,,,,,,,,,,
0,579,,,,,0.7770923376083374,,0.17141707241535187,,0.0,,0.5328043103218079,,0.30362772941589355,,0.3246884346008301,,,0.5490250587463379,0.3563835024833679,,0.14854301512241364,,1.3190631866455078,,0.662542462348938,,,0.8348873257637024,,0.30362772941589355,,,,,2.4780545234680176,,,,,,,,,,,,,,,,,,,,,,,,
0,589,,,,,0.549762487411499,,0.08493365347385406,,0.0,,0.5112871527671814,,1.0,,0.3197616636753082,,,0.0,0.0,,196.720458984375,,0.8682032823562622,,0.6416008472442627,,,1.005483865737915,,1.0,,,,,1.2128932476043701,,,,,,,,,,,,,,,,,,,,,,,,
0,599,,,,,0.9065716862678528,,0.07706771045923233,,0.0,,0.5094677209854126,,1.0,,0.2982187271118164,,,0.0,0.0,,192.57296752929688,,0.9029057025909424,,0.6580600738525391,,,1.0090993642807007,,1.0,,,,,1.2228599786758423,,,,,,,,,,,,,,,,,,,,,,,,
0,609,,,,,0.9269865155220032,,0.15785937011241913,,0.0,,0.5157178640365601,,0.3626580834388733,,0.39209428429603577,,,0.7982991933822632,0.2526305019855499,,0.11834438890218735,,1.1036043167114258,,0.813854455947876,,,0.8191946148872375,,0.3626580834388733,,,,,2.5962612628936768,,,,,,,,,,,,,,,,,,,,,,,,
0,619,,,,,0.7105068564414978,,0.18160706758499146,,0.0,,0.5675342082977295,,1.020080804824829,,0.24948105216026306,,,9.566720962524414,0.7815754413604736,,0.27046337723731995,,1.2955411672592163,,0.8937540054321289,,,1.5276052951812744,,1.020080804824829,,,,,1.5939587354660034,,,,,,,,,,,,,,,,,,,,,,,,
0,629,,,,,0.5023287534713745,,0.14957554638385773,,0.0,,0.5110399127006531,,0.2046964466571808,,0.37144288420677185,,,0.5356863737106323,0.3403896987438202,,0.10822953283786774,,1.0481816530227661,,0.8607886433601379,,,0.7697844505310059,,0.2046964466571808,,,,,2.0346016883850098,,,,,,,,,,,,,,,,,,,,,,,,
0,639,,,,,0.5777846574783325,,0.05432222783565521,,0.0,,0.4770110547542572,,1.0,,0.3044614791870117,,,0.0,0.0,,190.3706512451172,,0.7672095894813538,,0.5338325500488281,,,1.0057358741760254,,1.0,,,,,1.0684185028076172,,,,,,,,,,,,,,,,,,,,,,,,
0,649,,,,,0.447671502828598,,0.16029027104377747,,0.0,,0.5262669920921326,,0.20137615501880646,,0.31495189666748047,,,0.45376142859458923,0.36224350333213806,,0.10517339408397675,,1.102452278137207,,0.5207863450050354,,,0.7392088174819946,,0.20137615501880646,,,,,1.9602413177490234,,,,,,,,,,,,,,,,,,,,,,,,
0,659,,,,,0.5032464265823364,,0.2372278869152069,,0.0,,0.5649701952934265,,0.9545405507087708,,0.2563965916633606,,,8.096183776855469,0.5764981508255005,,0.32232654094696045,,1.1872363090515137,,0.9083484411239624,,,1.5030920505523682,,0.9545405507087708,,,,,1.577089786529541,,,,,,,,,,,,,,,,,,,,,,,,
0,669,,,,,0.6860377788543701,,0.15522372722625732,,0.0,,0.5217927694320679,,0.22180208563804626,,0.3176453411579132,,,0.43748408555984497,0.20554761588573456,,0.09869977086782455,,0.8812410235404968,,0.8540982007980347,,,0.7550939321517944,,0.22180208563804626,,,,,1.9948549270629883,,,,,,,,,,,,,,,,,,,,,,,,
0,679,,,,,0.5061079263687134,,0.08354958891868591,,0.0,,0.45866659283638,,1.0,,0.28658199310302734,,,0.0,0.0,,189.59783935546875,,0.6592700481414795,,0.6075938940048218,,,0.9905171394348145,,1.0,,,,,1.0478310585021973,,,,,,,,,,,,,,,,,,,,,,,,
0,689,,,,,0.684852123260498,,0.18362949788570404,,0.0,,0.5270204544067383,,0.8108071088790894,,0.250378280878067,,,4.8936686515808105,0.7164773344993591,,0.3439767062664032,,1.1126644611358643,,0.8741171956062317,,,1.500234842300415,,0.8108071088790894,,,,,1.4739049673080444,,,,,,,,,,,,,,,,,,,,,,,,
0,699,,,,,0.6073480844497681,,0.15773755311965942,,0.0,,0.5091829299926758,,0.238135427236557,,0.31940028071403503,,,0.41338852047920227,0.279496967792511,,0.15190428495407104,,0.9957089424133301,,0.5927579402923584,,,0.7648711204528809,,0.238135427236557,,,,,2.0207576751708984,,,,,,,,,,,,,,,,,,,,,,,,
0,709,,,,,0.6115857362747192,,0.0665118396282196,,0.0,,0.4258106052875519,,1.0,,0.27629899978637695,,,0.0,0.0,,201.839599609375,,0.6001286506652832,,0.8903958797454834,,,1.0354130268096924,,1.0,,,,,1.1295729875564575,,,,,,,,,,,,,,,,,,,,,,,,
0,719,,,,,0.590828001499176,,0.17246347665786743,,0.0,,0.5202068090438843,,0.9733234643936157,,0.22970743477344513,,,6.71532678604126,0.6973885297775269,,0.35255229473114014,,0.9357711672782898,,0.8845736980438232,,,1.305696725845337,,0.9733234643936157,,,,,1.371361255645752,,,,,,,,,,,,,,,,,,,,,,,,
0,729,,,,,1.097071647644043,,0.15615129470825195,,0.0,,0.501581072807312,,0.4962427616119385,,0.3568263649940491,,,0.42295512557029724,0.2889983654022217,,0.15991853177547455,,0.7759420871734619,,0.63193678855896,,,0.8279870748519897,,0.4962427616119385,,,,,2.428257942199707,,,,,,,,,,,,,,,,,,,,,,,,
0,739,,,,,0.4360359013080597,,0.1179194301366806,,0.0,,1.0960233211517334,,1.0,,0.32833895087242126,,,0.0,0.0,,0.3012046813964844,,0.887732744216919,,0.7564879655838013,,,1.2822444438934326,,1.0,,,,,1.5932512283325195,,,,,,,,,,,,,,,,,,,,,,,,
0,749,,,,,0.8158739805221558,,0.14144819974899292,,0.0,,0.5091134309768677,,0.3124319314956665,,0.38772833347320557,,,0.45174911618232727,0.36885151267051697,,0.11796566843986511,,0.9000187516212463,,0.9057246446609497,,,0.8580657243728638,,0.3124319314956665,,,,,2.2543115615844727,,,,,,,,,,,,,,,,,,,,,,,,
0,759,,,,,0.5802995562553406,,0.07172935456037521,,0.0,,0.43923237919807434,,1.0,,0.27999207377433777,,,0.0,0.0,,187.02780151367188,,0.5652468800544739,,0.6409013271331787,,,0.9970654249191284,,1.0,,,,,0.9985510110855103,,,,,,,,,,,,,,,,,,,,,,,,
0,769,,,,,0.5805689692497253,,0.12032537162303925,,0.0,,0.872247576713562,,1.0,,0.31369590759277344,,,0.0,0.0,,0.2996077537536621,,0.8874820470809937,,0.7819352149963379,,,1.465277075767517,,1.0,,,,,1.4878430366516113,,,,,,,,,,,,,,,,,,,,,,,,
0,779,,,,,0.9951339960098267,,0.14959928393363953,,0.0,,0.48994988203048706,,0.9251871109008789,,0.2263329029083252,,,4.39487361907959,0.7625423669815063,,0.19926777482032776,,0.7932980060577393,,0.8267835974693298,,,1.3583564758300781,,0.9251871109008789,,,,,1.2429819107055664,,,,,,,,,,,,,,,,,,,,,,,,
0,789,,,,,0.8585265874862671,,0.06460069864988327,,0.0,,0.4326215386390686,,1.0,,0.31620606780052185,,,0.0,0.0,,195.44973754882812,,0.5319749712944031,,0.6224157810211182,,,1.0042365789413452,,1.0,,,,,0.983909547328949,,,,,,,,,,,,,,,,,,,,,,,,
0,799,,,,,0.9556753635406494,,0.15099167823791504,,0.0,,0.49904629588127136,,0.4476609230041504,,0.28141096234321594,,,0.3762805163860321,0.34823477268218994,,0.12019479274749756,,0.6420530676841736,,0.9101902842521667,,,0.8486548662185669,,0.4476609230041504,,,,,2.1647815704345703,,,,,,,,,,,,,,,,,,,,,,,,
0,809,,,,,0.8906242251396179,,0.13579976558685303,,0.0,,0.502880871295929,,1.0396902561187744,,0.23669910430908203,,,4.36197566986084,0.7571024298667908,,0.231369286775589,,0.8729082345962524,,0.9195421934127808,,,1.3148378133773804,,1.0396902561187744,,,,,1.333915114402771,,,,,,,,,,,,,,,,,,,,,,,,
0,819,,,,,0.650749146938324,,0.15491530299186707,,0.0,,0.5013762712478638,,0.9731251001358032,,0.23760804533958435,,,3.365243434906006,0.8054110407829285,,0.2160680890083313,,0.7826410531997681,,0.9227204322814941,,,1.3421742916107178,,0.9731251001358032,,,,,1.2996306419372559,,,,,,,,,,,,,,,,,,,,,,,,
0,829,,,,,0.7686234712600708,,0.12127631157636642,,0.0,,0.49803781509399414,,0.3072764277458191,,0.3505423665046692,,,0.4315766990184784,0.23805217444896698,,0.07486525177955627,,0.6686432361602783,,0.8971030712127686,,,0.8535127639770508,,0.3072764277458191,,,,,1.9601203203201294,,,,,,,,,,,,,,,,,,,,,,,,
0,839,,,,,0.9139885306358337,,0.0636250302195549,,0.0,,0.4280559718608856,,1.0,,0.27973368763923645,,,0.0,0.0,,189.21585083007812,,0.4820239841938019,,0.7625627517700195,,,0.9997137188911438,,1.0,,,,,1.0080007314682007,,,,,,,,,,,,,,,,,,,,,,,,
0,849,,,,,0.8069195747375488,,0.13032974302768707,,0.0,,0.4942687749862671,,0.33966439962387085,,0.26776260137557983,,,0.3838006854057312,0.5188705921173096,,0.1435803472995758,,0.6914616823196411,,0.6347303986549377,,,0.8888202905654907,,0.33966439962387085,,,,,2.1219568252563477,,,,,,,,,,,,,,,,,,,,,,,,
0,859,,,,,0.8315086364746094,,0.15713748335838318,,0.0,,0.46098244190216064,,0.9705708026885986,,0.22780385613441467,,,3.5044634342193604,0.7613524794578552,,0.3219152092933655,,0.7086831331253052,,0.9377975463867188,,,1.2900254726409912,,0.9705708026885986,,,,,1.2462022304534912,,,,,,,,,,,,,,,,,,,,,,,,
0,869,,,,,0.5437017679214478,,0.13453330099582672,,0.0,,0.49175286293029785,,0.2283431887626648,,0.3837288022041321,,,0.376060426235199,0.39266717433929443,,0.13224273920059204,,0.6176465749740601,,0.9254587888717651,,,0.8051723837852478,,0.2283431887626648,,,,,1.808017611503601,,,,,,,,,,,,,,,,,,,,,,,,
0,879,,,,,0.6224088072776794,,0.14499956369400024,,0.0,,0.4499949812889099,,0.9246029257774353,,0.22200116515159607,,,5.687328815460205,0.769271194934845,,0.3196871876716614,,0.652128279209137,,0.9689865112304688,,,1.2191791534423828,,0.9246029257774353,,,,,1.21905517578125,,,,,,,,,,,,,,,,,,,,,,,,
0,889,,,,,0.8717182278633118,,0.17282965779304504,,0.0,,0.4976850152015686,,0.37003907561302185,,0.31162968277931213,,,0.4057287573814392,0.289739191532135,,0.11424332112073898,,0.6035274267196655,,0.8780518770217896,,,0.8264510631561279,,0.37003907561302185,,,,,2.0694098472595215,,,,,,,,,,,,,,,,,,,,,,,,
0,899,,,,,0.5638834238052368,,0.16160322725772858,,0.0,,0.49454689025878906,,0.24192586541175842,,0.292575865983963,,,0.3784787952899933,0.18736736476421356,,0.10316252708435059,,0.546151876449585,,0.9671472311019897,,,0.7897028923034668,,0.24192586541175842,,,,,1.6458266973495483,,,,,,,,,,,,,,,,,,,,,,,,
0,909,,,,,0.7428367137908936,,0.1328108012676239,,0.0,,0.4942517578601837,,0.3246437609195709,,0.38163918256759644,,,0.417995423078537,0.23048914968967438,,0.08946742862462997,,0.5368561744689941,,0.8857962489128113,,,0.8021219372749329,,0.3246437609195709,,,,,1.8845916986465454,,,,,,,,,,,,,,,,,,,,,,,,
0,919,,,,,0.6377462148666382,,0.1443837583065033,,0.0,,0.47377079725265503,,0.9094517230987549,,0.22106140851974487,,,3.395207405090332,0.792895495891571,,0.2683333158493042,,0.7515696287155151,,0.8677080273628235,,,1.3847393989562988,,0.9094517230987549,,,,,1.229246735572815,,,,,,,,,,,,,,,,,,,,,,,,
0,929,,,,,0.4821084439754486,,0.11098464578390121,,0.0,,0.4946669638156891,,0.2346830666065216,,0.2649703025817871,,,0.37950506806373596,0.21614548563957214,,0.05114535242319107,,0.5079160928726196,,0.5605756640434265,,,0.784278929233551,,0.2346830666065216,,,,,1.494775414466858,,,,,,,,,,,,,,,,,,,,,,,,
0,939,,,,,0.6951110363006592,,0.1520225703716278,,0.0,,0.5032503008842468,,0.2783429026603699,,0.27709296345710754,,,0.3466554880142212,0.16773727536201477,,0.08189228177070618,,0.5769572854042053,,0.8841758966445923,,,0.7953854203224182,,0.2783429026603699,,,,,1.7479150295257568,,,,,,,,,,,,,,,,,,,,,,,,
0,949,,,,,0.6168246269226074,,0.1617700308561325,,0.0,,0.4980289936065674,,0.24658894538879395,,0.2864459156990051,,,0.4009702801704407,0.12407510727643967,,0.10114160180091858,,0.6178233623504639,,0.8297613859176636,,,0.7524681091308594,,0.24658894538879395,,,,,1.7119522094726562,,,,,,,,,,,,,,,,,,,,,,,,
0,959,,,,,0.5388909578323364,,0.16146939992904663,,0.0,,0.4954272508621216,,0.1747419238090515,,0.331036239862442,,,0.3567902445793152,0.29220303893089294,,0.11488078534603119,,0.603831946849823,,0.8375372290611267,,,0.7325360774993896,,0.1747419238090515,,,,,1.7167104482650757,,,,,,,,,,,,,,,,,,,,,,,,
0,969,,,,,0.5743356943130493,,0.1577809751033783,,0.0,,0.4885908365249634,,0.2518819570541382,,0.2661752700805664,,,0.36068275570869446,0.28495854139328003,,0.09404370188713074,,0.5686287879943848,,0.8998340368270874,,,0.7770829200744629,,0.2518819570541382,,,,,1.684766173362732,,,,,,,,,,,,,,,,,,,,,,,,
0,979,,,,,0.6557084918022156,,0.05188636854290962,,0.0,,0.4150901436805725,,1.0,,0.25539830327033997,,,0.0,0.0,,193.90562438964844,,0.382968544960022,,0.6356602907180786,,,1.0200802087783813,,1.0,,,,,0.8705018162727356,,,,,,,,,,,,,,,,,,,,,,,,
0,989,,,,,0.5409575700759888,,0.04411231353878975,,0.0,,0.36407119035720825,,1.0,,0.2427225112915039,,,0.0,0.0,,204.988037109375,,0.3768157958984375,,0.5828990340232849,,,1.0052626132965088,,1.0,,,,,0.8053104877471924,,,,,,,,,,,,,,,,,,,,,,,,
0,999,,,,,0.6651825904846191,,0.14914867281913757,,0.0,,0.43042683601379395,,0.9770705103874207,,0.2162235677242279,,,2.4349403381347656,0.7822747826576233,,0.32566604018211365,,0.5199903845787048,,0.8468785285949707,,,1.2941746711730957,,0.9770705103874207,,,,,1.0813339948654175,,,,,,,,,,,,,,,,,,,,,,,,
0,1009,,,,,0.38499167561531067,,0.05562254413962364,,0.0,,0.3858535885810852,,1.0,,0.2656063735485077,,,0.0,0.0,,197.9435272216797,,0.39479756355285645,,0.581840991973877,,,0.9860391616821289,,1.0,,,,,0.8418605327606201,,,,,,,,,,,,,,,,,,,,,,,,
0,1019,,,,,0.6130802631378174,,0.03801056742668152,,0.0,,0.38922640681266785,,1.0,,0.2821771800518036,,,0.0,0.0,,196.5863494873047,,0.3633241057395935,,0.5459302663803101,,,0.9942693710327148,,1.0,,,,,0.8093342781066895,,,,,,,,,,,,,,,,,,,,,,,,
0,1029,,,,,0.5546821355819702,,0.03649648278951645,,0.0,,0.3735540509223938,,1.0,,0.264957994222641,,,0.0,0.0,,198.14694213867188,,0.3608285188674927,,0.6476901769638062,,,1.0128307342529297,,1.0,,,,,0.8417636156082153,,,,,,,,,,,,,,,,,,,,,,,,
0,1039,,,,,0.3319149315357208,,0.1325228214263916,,0.0,,0.49872979521751404,,0.14241766929626465,,0.3445475697517395,,,0.38729360699653625,0.11931996792554855,,0.10941921174526215,,0.46178296208381653,,0.9136404991149902,,,0.7192941904067993,,0.14241766929626465,,,,,1.3587229251861572,,,,,,,,,,,,,,,,,,,,,,,,
0,1049,,,,,0.49069100618362427,,0.14799270033836365,,0.0,,0.48494768142700195,,0.20517994463443756,,0.3233644366264343,,,0.35437506437301636,0.2486495077610016,,0.09735973179340363,,0.4686434864997864,,0.8658909797668457,,,0.7694227695465088,,0.20517994463443756,,,,,1.5533573627471924,,,,,,,,,,,,,,,,,,,,,,,,
0,1059,,,,,0.7468804121017456,,0.14536640048027039,,0.0,,0.4902421534061432,,0.3235641121864319,,0.33750349283218384,,,0.40838858485221863,0.28489208221435547,,0.088131844997406,,0.42605578899383545,,0.8495053052902222,,,0.8064614534378052,,0.3235641121864319,,,,,1.8371706008911133,,,,,,,,,,,,,,,,,,,,,,,,
0,1069,,,,,0.6798937916755676,,0.15248829126358032,,0.0,,0.49883925914764404,,0.272902250289917,,0.30059823393821716,,,0.3822169899940491,0.21440789103507996,,0.08612954616546631,,0.5163508057594299,,0.5884677171707153,,,0.7642146944999695,,0.272902250289917,,,,,1.7554092407226562,,,,,,,,,,,,,,,,,,,,,,,,
0,1079,,,,,0.7515445947647095,,0.11558692157268524,,0.0,,0.42345133423805237,,0.9654277563095093,,0.21213863790035248,,,2.2305750846862793,0.8758882880210876,,0.24700772762298584,,0.5562436580657959,,0.826452910900116,,,1.2013053894042969,,0.9654277563095093,,,,,1.066936731338501,,,,,,,,,,,,,,,,,,,,,,,,
0,1089,,,,,0.7930972576141357,,0.14417552947998047,,0.0,,0.4919976592063904,,0.33912357687950134,,0.35884982347488403,,,0.325889527797699,0.20501624047756195,,0.11551134288311005,,0.4723607301712036,,0.8898704648017883,,,0.7701598405838013,,0.33912357687950134,,,,,1.849997639656067,,,,,,,,,,,,,,,,,,,,,,,,
0,1099,,,,,0.4708527624607086,,0.13137292861938477,,0.0,,0.3948938846588135,,0.9386854767799377,,0.21107879281044006,,,2.1475679874420166,1.0016685724258423,,0.2400936782360077,,0.514002799987793,,0.7529504895210266,,,1.4062340259552002,,0.9386854767799377,,,,,1.0021494626998901,,,,,,,,,,,,,,,,,,,,,,,,
0,1109,,,,,0.7046084403991699,,0.07074947655200958,,0.0,,0.7162123322486877,,1.0,,0.2831161916255951,,,0.0,0.0,,0.330512136220932,,0.5343942642211914,,0.8570476770401001,,,1.326474905014038,,1.0,,,,,1.2307599782943726,,,,,,,,,,,,,,,,,,,,,,,,
0,1119,,,,,0.478914737701416,,0.1364789456129074,,0.0,,0.4839478135108948,,0.21142935752868652,,0.3586033582687378,,,0.3550072908401489,0.24730661511421204,,0.08828511089086533,,0.4215714931488037,,0.49036532640457153,,,0.7675505876541138,,0.21142935752868652,,,,,1.5245150327682495,,,,,,,,,,,,,,,,,,,,,,,,
0,1129,,,,,0.6649852991104126,,0.050786279141902924,,0.0,,0.3413029611110687,,1.0,,0.263945996761322,,,0.0,0.0,,197.55984497070312,,0.3116801977157593,,0.5454112887382507,,,1.00632905960083,,1.0,,,,,0.7565633654594421,,,,,,,,,,,,,,,,,,,,,,,,
0,1139,,,,,0.7591744661331177,,0.12161841988563538,,0.0,,0.4192015826702118,,0.8288925290107727,,0.20601233839988708,,,1.988539695739746,0.8244265913963318,,0.31925737857818604,,0.4645346999168396,,0.8595490455627441,,,1.438103437423706,,0.8288925290107727,,,,,1.0354580879211426,,,,,,,,,,,,,,,,,,,,,,,,
0,1149,,,,,0.667342483997345,,0.12826070189476013,,0.0,,0.4898357391357422,,0.21488206088542938,,0.2570263147354126,,,0.3556341528892517,0.28036627173423767,,0.06352903693914413,,0.42691177129745483,,0.8764447569847107,,,0.7744030952453613,,0.21488206088542938,,,,,1.6681244373321533,,,,,,,,,,,,,,,,,,,,,,,,
0,1159,,,,,0.6967116594314575,,0.12381815165281296,,0.0,,0.48979446291923523,,0.26792705059051514,,0.35871440172195435,,,0.39377686381340027,0.487293004989624,,0.11361901462078094,,0.4710838794708252,,0.4703725576400757,,,0.796155571937561,,0.26792705059051514,,,,,1.9157615900039673,,,,,,,,,,,,,,,,,,,,,,,,
0,1169,,,,,0.4889680743217468,,0.15283247828483582,,0.0,,0.47897711396217346,,0.2022978663444519,,0.31924453377723694,,,0.3880970776081085,0.39942508935928345,,0.12082918733358383,,0.45607316493988037,,0.9003647565841675,,,0.7280135154724121,,0.2022978663444519,,,,,1.64670729637146,,,,,,,,,,,,,,,,,,,,,,,,
0,1179,,,,,0.44138526916503906,,0.14121593534946442,,0.0,,0.47581207752227783,,0.15942291915416718,,0.40742507576942444,,,0.48922964930534363,0.23409594595432281,,0.12056511640548706,,0.40348103642463684,,0.5920584201812744,,,0.7210259437561035,,0.15942291915416718,,,,,1.577297568321228,,,,,,,,,,,,,,,,,,,,,,,,
0,1189,,,,,0.666444718837738,,0.12911054491996765,,0.0,,0.4844350814819336,,0.2831733226776123,,0.3198360204696655,,,0.35449695587158203,0.34270745515823364,,0.09022780507802963,,0.46008527278900146,,0.9005102515220642,,,0.7890786528587341,,0.2831733226776123,,,,,1.7568943500518799,,,,,,,,,,,,,,,,,,,,,,,,
0,1199,,,,,0.467892587184906,,0.1471714973449707,,0.0,,0.4864552617073059,,0.2072334587574005,,0.3204832375049591,,,0.3351869285106659,0.2714797556400299,,0.09631379693746567,,0.4538726508617401,,0.8332096338272095,,,0.7447960376739502,,0.2072334587574005,,,,,1.523374080657959,,,,,,,,,,,,,,,,,,,,,,,,
0,1209,,,,,0.430057555437088,,0.13252952694892883,,0.0,,0.4715627431869507,,0.19198450446128845,,0.25595492124557495,,,0.33543962240219116,0.22659996151924133,,0.08053877204656601,,0.4116209149360657,,0.45879945158958435,,,0.7264086604118347,,0.19198450446128845,,,,,1.3871808052062988,,,,,,,,,,,,,,,,,,,,,,,,
0,1219,,,,,0.7046993970870972,,0.14327991008758545,,0.0,,0.4791751205921173,,0.31258609890937805,,0.33326268196105957,,,0.31983765959739685,0.22699174284934998,,0.08539765328168869,,0.4395383894443512,,0.665968120098114,,,0.7895489931106567,,0.31258609890937805,,,,,1.7184408903121948,,,,,,,,,,,,,,,,,,,,,,,,
0,1229,,,,,0.32348763942718506,,0.1309593915939331,,0.0,,0.49242958426475525,,0.12765182554721832,,0.35679081082344055,,,0.3416656255722046,0.20213583111763,,0.09458759427070618,,0.4187628924846649,,0.5641424059867859,,,0.6969366669654846,,0.12765182554721832,,,,,1.3421534299850464,,,,,,,,,,,,,,,,,,,,,,,,
0,1239,,,,,0.4063238501548767,,0.036514341831207275,,0.0,,0.3257588744163513,,1.0,,0.23775675892829895,,,0.0,0.0,,192.986083984375,,0.32014378905296326,,0.48416513204574585,,,1.011397361755371,,1.0,,,,,0.7021694183349609,,,,,,,,,,,,,,,,,,,,,,,,
0,1249,,,,,0.4433038830757141,,0.11794425547122955,,0.0,,0.477202445268631,,0.18411734700202942,,0.2721787989139557,,,0.3911854326725006,0.16111400723457336,,0.07850293815135956,,0.419768750667572,,0.7937090992927551,,,0.7586314082145691,,0.18411734700202942,,,,,1.402252197265625,,,,,,,,,,,,,,,,,,,,,,,,
0,1259,,,,,0.6514011025428772,,0.1346597671508789,,0.0,,0.4811110496520996,,0.2405828982591629,,0.2586355209350586,,,0.3825254440307617,0.1747163087129593,,0.08968445658683777,,0.47503459453582764,,0.5552606582641602,,,0.762410581111908,,0.2405828982591629,,,,,1.6495847702026367,,,,,,,,,,,,,,,,,,,,,,,,
0,1269,,,,,0.6203736662864685,,0.11827728152275085,,0.0,,0.4769535958766937,,0.23654381930828094,,0.3599100410938263,,,0.38608041405677795,0.2990182042121887,,0.08749236911535263,,0.4445279836654663,,0.48413345217704773,,,0.7671574950218201,,0.23654381930828094,,,,,1.7065036296844482,,,,,,,,,,,,,,,,,,,,,,,,
0,1279,,,,,0.48197174072265625,,0.0337773896753788,,0.0,,0.31882211565971375,,1.0,,0.23694436252117157,,,0.0,0.0,,203.0717010498047,,0.3100355863571167,,0.4365110397338867,,,1.0060625076293945,,1.0,,,,,0.6680452823638916,,,,,,,,,,,,,,,,,,,,,,,,
0,1289,,,,,0.8055006861686707,,0.12715768814086914,,0.0,,0.4867321848869324,,0.2747665047645569,,0.4054807722568512,,,0.34149736166000366,0.17900113761425018,,0.07798399031162262,,0.39159905910491943,,0.8186672925949097,,,0.7748057842254639,,0.2747665047645569,,,,,1.8102266788482666,,,,,,,,,,,,,,,,,,,,,,,,
0,1299,,,,,0.4316442012786865,,0.09580841660499573,,0.0,,0.3605237603187561,,0.9427738189697266,,0.2128351479768753,,,1.9351398944854736,0.7645374536514282,,0.2983338236808777,,0.41898399591445923,,0.7672421932220459,,,1.2366182804107666,,0.9427738189697266,,,,,0.9276967644691467,,,,,,,,,,,,,,,,,,,,,,,,
0,1309,,,,,0.6873165369033813,,0.07637190073728561,,0.0,,0.8022428750991821,,1.0,,0.2643068730831146,,,0.0,0.0,,0.29274171590805054,,0.441846638917923,,0.8541181683540344,,,1.8485051393508911,,1.0,,,,,1.2194432020187378,,,,,,,,,,,,,,,,,,,,,,,,
0,1319,,,,,0.6951053142547607,,0.11521422863006592,,0.0,,0.48098644614219666,,0.2779381275177002,,0.3131866157054901,,,0.3858615458011627,0.21820376813411713,,0.084925577044487,,0.4155418872833252,,0.7961946725845337,,,0.766027569770813,,0.2779381275177002,,,,,1.702065348625183,,,,,,,,,,,,,,,,,,,,,,,,
0,1329,,,,,0.4674079716205597,,0.02561694011092186,,0.0,,0.32477766275405884,,1.0,,0.21971674263477325,,,0.0,0.0,,196.22900390625,,0.2989817261695862,,0.5304892063140869,,,0.9972957372665405,,1.0,,,,,0.6997911334037781,,,,,,,,,,,,,,,,,,,,,,,,
0,1339,,,,,0.5744404792785645,,0.12283290922641754,,0.0,,0.4905188977718353,,0.2243882715702057,,0.3376302719116211,,,0.37514203786849976,0.25557786226272583,,0.12889143824577332,,0.3721572160720825,,0.5425209403038025,,,0.746171772480011,,0.2243882715702057,,,,,1.6158158779144287,,,,,,,,,,,,,,,,,,,,,,,,
0,1349,,,,,0.7996264696121216,,0.11155654489994049,,0.0,,0.47950538992881775,,0.3201640546321869,,0.27616190910339355,,,0.3683752119541168,0.33457744121551514,,0.0639738067984581,,0.49846500158309937,,0.5182249546051025,,,0.7655706405639648,,0.3201640546321869,,,,,1.865934133529663,,,,,,,,,,,,,,,,,,,,,,,,
0,1359,,,,,0.6817099452018738,,0.0971025824546814,,0.0,,0.34484338760375977,,0.9798223972320557,,0.20968568325042725,,,2.1006596088409424,0.8516389727592468,,0.3555736541748047,,0.41158750653266907,,0.9114573001861572,,,1.1974505186080933,,0.9798223972320557,,,,,0.9873381853103638,,,,,,,,,,,,,,,,,,,,,,,,
0,1369,,,,,0.4830666184425354,,0.07133355736732483,,0.0,,0.6943959593772888,,1.0,,0.2936561405658722,,,0.0,0.0,,0.12778203189373016,,0.4466768205165863,,0.7382948398590088,,,1.5904479026794434,,1.0,,,,,1.122178554534912,,,,,,,,,,,,,,,,,,,,,,,,
0,1379,,,,,0.42150914669036865,,0.08996689319610596,,0.0,,0.47860440611839294,,0.16875673830509186,,0.2778654098510742,,,0.3156716227531433,0.1911197453737259,,0.06877142190933228,,0.37170809507369995,,0.8813632726669312,,,0.766220211982727,,0.16875673830509186,,,,,1.3183629512786865,,,,,,,,,,,,,,,,,,,,,,,,
0,1389,,,,,0.5538740158081055,,0.02818232774734497,,0.0,,0.2998753786087036,,1.0,,0.22895154356956482,,,0.0,0.0,,200.375,,0.29322323203086853,,0.5454080104827881,,,0.9907411336898804,,1.0,,,,,0.697820246219635,,,,,,,,,,,,,,,,,,,,,,,,
0,1399,,,,,0.49140092730522156,,0.03682035952806473,,0.0,,0.2803342938423157,,1.0,,0.21755361557006836,,,0.0,0.0,,206.5482177734375,,0.2998594045639038,,0.5485827922821045,,,1.017348289489746,,1.0,,,,,0.6915752291679382,,,,,,,,,,,,,,,,,,,,,,,,
0,1409,,,,,0.582463264465332,,0.13675051927566528,,0.0,,0.48828786611557007,,0.2543642520904541,,0.2872682809829712,,,0.33541226387023926,0.21788379549980164,,0.13671649992465973,,0.3912026882171631,,0.8111362457275391,,,0.7281869053840637,,0.2543642520904541,,,,,1.5792242288589478,,,,,,,,,,,,,,,,,,,,,,,,
0,1419,,,,,0.4246140718460083,,0.09827234596014023,,0.0,,0.46531549096107483,,0.15374228358268738,,0.28203827142715454,,,0.339274138212204,0.19318458437919617,,0.05798184499144554,,0.3887895345687866,,0.5574589967727661,,,0.7618827819824219,,0.15374228358268738,,,,,1.3370420932769775,,,,,,,,,,,,,,,,,,,,,,,,
0,1429,,,,,0.4672989845275879,,0.12037509679794312,,0.0,,0.5196569561958313,,0.19176331162452698,,0.2590970993041992,,,0.3286727964878082,0.18305429816246033,,0.062026046216487885,,0.3787722885608673,,0.8883905410766602,,,0.7978656888008118,,0.19176331162452698,,,,,1.3931262493133545,,,,,,,,,,,,,,,,,,,,,,,,
0,1439,,,,,0.740610659122467,,0.09326314181089401,,0.0,,0.4078211188316345,,0.9706346988677979,,0.20952972769737244,,,1.5953648090362549,0.8933542370796204,,0.13840147852897644,,0.40094465017318726,,0.8512980937957764,,,1.075589656829834,,0.9706346988677979,,,,,0.9814283847808838,,,,,,,,,,,,,,,,,,,,,,,,
0,1449,,,,,0.5379083156585693,,0.10200099647045135,,0.0,,0.4748435616493225,,0.24001872539520264,,0.2518978416919708,,,0.29489338397979736,0.30161237716674805,,0.0685344859957695,,0.36259526014328003,,0.9192126393318176,,,0.7912898063659668,,0.24001872539520264,,,,,1.466097354888916,,,,,,,,,,,,,,,,,,,,,,,,
0,1459,,,,,0.3724903464317322,,0.11678747832775116,,0.0,,0.4646509289741516,,0.13652345538139343,,0.2722880244255066,,,0.3191511332988739,0.31099066138267517,,0.10527019947767258,,0.34529951214790344,,0.48239341378211975,,,0.744292676448822,,0.13652345538139343,,,,,1.3397092819213867,,,,,,,,,,,,,,,,,,,,,,,,
0,1469,,,,,0.6599172353744507,,0.07906676828861237,,0.0,,0.460021048784256,,0.27062928676605225,,0.379137247800827,,,0.338179349899292,0.5277740359306335,,0.058349572122097015,,0.3172282576560974,,0.8460750579833984,,,0.7931356430053711,,0.27062928676605225,,,,,1.739795446395874,,,,,,,,,,,,,,,,,,,,,,,,
0,1479,,,,,0.6622533798217773,,0.11535263061523438,,0.0,,0.4803781509399414,,0.2723439037799835,,0.35029903054237366,,,0.28511834144592285,0.4697400629520416,,0.10577788203954697,,0.36374858021736145,,0.6914401650428772,,,0.757562518119812,,0.2723439037799835,,,,,1.7474606037139893,,,,,,,,,,,,,,,,,,,,,,,,
0,1489,,,,,0.6374189257621765,,0.06504727900028229,,0.0,,0.6160176992416382,,1.0,,0.24380499124526978,,,0.0,0.0,,0.24836228787899017,,0.48031044006347656,,0.7718578577041626,,,1.2707641124725342,,1.0,,,,,1.0885190963745117,,,,,,,,,,,,,,,,,,,,,,,,
0,1499,,,,,0.6408214569091797,,0.130851611495018,,0.0,,0.47818347811698914,,0.27608978748321533,,0.29803991317749023,,,0.35839906334877014,0.1871339976787567,,0.07288859784603119,,0.3496089577674866,,0.7228710651397705,,,0.7956573963165283,,0.27608978748321533,,,,,1.5783742666244507,,,,,,,,,,,,,,,,,,,,,,,,
0,1509,,,,,0.420733779668808,,0.027019381523132324,,0.0,,0.2845654785633087,,1.0,,0.2169465869665146,,,0.0,0.0,,194.5966796875,,0.2665802240371704,,0.5520336627960205,,,1.0032317638397217,,1.0,,,,,0.6735726594924927,,,,,,,,,,,,,,,,,,,,,,,,
0,1519,,,,,0.3810923099517822,,0.11088024824857712,,0.0,,0.47922614216804504,,0.14333109557628632,,0.3105490803718567,,,0.33812183141708374,0.22021284699440002,,0.05585614964365959,,0.3354533314704895,,0.48236554861068726,,,0.7428837418556213,,0.14333109557628632,,,,,1.3062421083450317,,,,,,,,,,,,,,,,,,,,,,,,
0,1529,,,,,0.3363921046257019,,0.1194443553686142,,0.0,,0.47945964336395264,,0.12890608608722687,,0.3109625577926636,,,0.29227596521377563,0.15564453601837158,,0.06701479107141495,,0.36223965883255005,,0.5223944187164307,,,0.7274463176727295,,0.12890608608722687,,,,,1.2299127578735352,,,,,,,,,,,,,,,,,,,,,,,,
0,1539,,,,,0.6348237991333008,,0.12736527621746063,,0.0,,0.47728586196899414,,0.23266565799713135,,0.25568538904190063,,,0.3338991403579712,0.19829994440078735,,0.11584274470806122,,0.3613402843475342,,0.5314213037490845,,,0.766631007194519,,0.23266565799713135,,,,,1.5696830749511719,,,,,,,,,,,,,,,,,,,,,,,,
0,1549,,,,,0.7222869992256165,,0.13076096773147583,,0.0,,0.4788755476474762,,0.29901355504989624,,0.32546186447143555,,,0.32469460368156433,0.2983427941799164,,0.07935192435979843,,0.3458823263645172,,0.7635780572891235,,,0.7902964949607849,,0.29901355504989624,,,,,1.7139720916748047,,,,,,,,,,,,,,,,,,,,,,,,
0,1559,,,,,0.6960105895996094,,0.11000709980726242,,0.0,,0.46920251846313477,,0.23301629722118378,,0.4176134765148163,,,0.34111395478248596,0.1882575899362564,,0.06322447955608368,,0.3754807710647583,,0.5254011154174805,,,0.7855658531188965,,0.23301629722118378,,,,,1.6784604787826538,,,,,,,,,,,,,,,,,,,,,,,,
0,1569,,,,,0.396610289812088,,0.028539735823869705,,0.0,,0.29546919465065,,1.0,,0.23488301038742065,,,0.0,0.0,,194.74984741210938,,0.26023387908935547,,0.47239843010902405,,,1.0063883066177368,,1.0,,,,,0.6457620859146118,,,,,,,,,,,,,,,,,,,,,,,,
0,1579,,,,,0.7164589166641235,,0.11271032691001892,,0.0,,0.4708546996116638,,0.280001163482666,,0.31849485635757446,,,0.3177334666252136,0.1547209620475769,,0.07405520975589752,,0.39609187841415405,,0.6551353931427002,,,0.7750139236450195,,0.280001163482666,,,,,1.6387896537780762,,,,,,,,,,,,,,,,,,,,,,,,
0,1589,,,,,0.34413135051727295,,0.10146795213222504,,0.0,,0.475593239068985,,0.16380858421325684,,0.2676405906677246,,,0.39660027623176575,0.3289380967617035,,0.06873036921024323,,0.3266090154647827,,0.8554811477661133,,,0.721329927444458,,0.16380858421325684,,,,,1.3269211053848267,,,,,,,,,,,,,,,,,,,,,,,,
0,1594,,,,,,,,,,,,,,,,,,,,,,,,,,,,,,,,,,,,,,1.0981191396713257,0.4935213029384613,0.10153351724147797,0.06361978501081467,0.1114095151424408,0.0,0.46260499954223633,0.5543806552886963,0.2602631151676178,0.3140922784805298,0.29318422079086304,14.252294540405273,0.3468184471130371,0.5888091325759888,0.8974207639694214,0.26601454615592957,0.5543806552886963,0.8776656985282898,0.9516426920890808,0.6334418058395386,1.8625719547271729,2.0415561199188232
0,1594,0.3080826699733734,0.7582353949546814,0.1291763335466385,0.0859571099281311,,0.13946186006069183,,0.0,,0.6110634207725525,,0.6208323240280151,,0.35643598437309265,,0.3827124834060669,1.8016345500946045,,,45.51420974731445,,1.2667065858840942,,0.9319519996643066,,1.5869749784469604,0.5016006231307983,,0.6208323240280151,,1.8988608121871948,2.234893560409546,1.3943907022476196,2.215583324432373,,0.4978252351284027,2.701676368713379,,,,,,,,,,,,,,,,,,,,,,
1,1599,,,,,,,0.030828988179564476,,0.0,,0.27809450030326843,,1.0,,0.2332223653793335,,,0.0,0.0,,197.5759735107422,,0.27255475521087646,,0.45648398995399475,,,0.9993459582328796,,1.0,,,,,0.6355923414230347,,,,,,,,,,,,,,,,,,,,,,,,
1,1609,,,,,0.5211906433105469,,0.08041688799858093,,0.0,,0.364910364151001,,0.9627133011817932,,0.20674294233322144,,,2.6018967628479004,0.6963619589805603,,0.21759989857673645,,0.36624276638031006,,0.7825095653533936,,,1.082777976989746,,0.9627133011817932,,,,,0.9004112482070923,,,,,,,,,,,,,,,,,,,,,,,,
1,1619,,,,,0.4977325201034546,,0.09225950390100479,,0.0,,0.4559919834136963,,0.20539216697216034,,0.25475260615348816,,,0.2877255380153656,0.21224792301654816,,0.04740522429347038,,0.31837043166160583,,0.4942898154258728,,,0.7529630661010742,,0.20539216697216034,,,,,1.3321092128753662,,,,,,,,,,,,,,,,,,,,,,,,
1,1629,,,,,0.5333502292633057,,0.029243243858218193,,0.0,,0.29283541440963745,,1.0,,0.22578303515911102,,,0.0,0.0,,196.58920288085938,,0.2605266571044922,,0.5249917507171631,,,0.9904977083206177,,1.0,,,,,0.6666900515556335,,,,,,,,,,,,,,,,,,,,,,,,
1,1639,,,,,0.5274331569671631,,0.09983190894126892,,0.0,,0.4546026289463043,,0.18440264463424683,,0.2970285713672638,,,0.32218489050865173,0.24699558317661285,,0.08324632793664932,,0.32751381397247314,,0.851603627204895,,,0.7487446665763855,,0.18440264463424683,,,,,1.4431350231170654,,,,,,,,,,,,,,,,,,,,,,,,
1,1649,,,,,0.4219086170196533,,0.118973508477211,,0.0,,0.4669870436191559,,0.1812935471534729,,0.3116563558578491,,,0.3232194483280182,0.25330421328544617,,0.06358037889003754,,0.3249911665916443,,0.841646134853363,,,0.7514327168464661,,0.1812935471534729,,,,,1.3532646894454956,,,,,,,,,,,,,,,,,,,,,,,,
1,1659,,,,,0.4540173411369324,,0.11627596616744995,,0.0,,0.45294836163520813,,0.15947353839874268,,0.24593880772590637,,,0.32463207840919495,0.14761197566986084,,0.052046265453100204,,0.3521740734577179,,0.7629473209381104,,,0.7353159189224243,,0.15947353839874268,,,,,1.2998311519622803,,,,,,,,,,,,,,,,,,,,,,,,
1,1669,,,,,0.6147385835647583,,0.021018479019403458,,0.0,,0.2744087278842926,,1.0,,0.22661399841308594,,,0.0,0.0,,196.6522216796875,,0.2778484523296356,,0.46971434354782104,,,0.9763586521148682,,1.0,,,,,0.634801983833313,,,,,,,,,,,,,,,,,,,,,,,,
1,1679,,,,,0.300875723361969,,0.09215971827507019,,0.0,,0.4556792676448822,,0.12254546582698822,,0.2665409743785858,,,0.3305900990962982,0.08824998140335083,,0.042224228382110596,,0.33344897627830505,,0.5026727914810181,,,0.7302273511886597,,0.12254546582698822,,,,,1.1053223609924316,,,,,,,,,,,,,,,,,,,,,,,,
1,1689,,,,,0.39151155948638916,,0.11411847174167633,,0.0,,0.45407819747924805,,0.17082981765270233,,0.26488131284713745,,,0.32730957865715027,0.1524582952260971,,0.07085111737251282,,0.3115377724170685,,0.8229221105575562,,,0.7386071085929871,,0.17082981765270233,,,,,1.239128828048706,,,,,,,,,,,,,,,,,,,,,,,,
1,1699,,,,,0.46401357650756836,,0.02533724345266819,,0.0,,0.25497105717658997,,1.0,,0.23868346214294434,,,0.0,0.0,,197.407470703125,,0.25134220719337463,,0.47051531076431274,,,1.0159622430801392,,1.0,,,,,0.6204246282577515,,,,,,,,,,,,,,,,,,,,,,,,
1,1709,,,,,0.5236969590187073,,0.08375981450080872,,0.0,,0.45530036091804504,,0.18989354372024536,,0.24775218963623047,,,0.2994043529033661,0.27359819412231445,,0.09109149873256683,,0.37605413794517517,,0.7446792125701904,,,0.7517493963241577,,0.18989354372024536,,,,,1.4371771812438965,,,,,,,,,,,,,,,,,,,,,,,,
1,1719,,,,,0.45139408111572266,,0.044785741716623306,,0.0,,0.5795329809188843,,1.0,,0.2520795166492462,,,0.0,0.0,,0.16011223196983337,,0.42964115738868713,,0.7640013098716736,,,1.0462099313735962,,1.0,,,,,1.035020351409912,,,,,,,,,,,,,,,,,,,,,,,,
1,1729,,,,,0.4284566044807434,,0.09610631316900253,,0.0,,0.4630725383758545,,0.16202996671199799,,0.32134783267974854,,,0.3287274241447449,0.10732782632112503,,0.06432590633630753,,0.3441495895385742,,0.4571930170059204,,,0.7712651491165161,,0.16202996671199799,,,,,1.290985345840454,,,,,,,,,,,,,,,,,,,,,,,,
1,1739,,,,,0.30781808495521545,,0.06502187252044678,,0.0,,0.5558104515075684,,1.0,,0.2391832172870636,,,0.0,0.0,,0.1855786144733429,,0.38065919280052185,,0.74248206615448,,,1.0768998861312866,,1.0,,,,,0.9915784001350403,,,,,,,,,,,,,,,,,,,,,,,,
1,1749,,,,,0.30264151096343994,,0.08652611076831818,,0.0,,0.4563155174255371,,0.13713344931602478,,0.29163485765457153,,,0.3606862425804138,0.16828706860542297,,0.054843008518218994,,0.3478016257286072,,0.821296215057373,,,0.6802879571914673,,0.13713344931602478,,,,,1.1856887340545654,,,,,,,,,,,,,,,,,,,,,,,,
1,1759,,,,,0.536865770816803,,0.09092280268669128,,0.0,,0.4517757296562195,,0.197506844997406,,0.2477988302707672,,,0.3403788208961487,0.1813429743051529,,0.06606106460094452,,0.33045345544815063,,0.4717283248901367,,,0.6884158849716187,,0.197506844997406,,,,,1.3912324905395508,,,,,,,,,,,,,,,,,,,,,,,,
1,1769,,,,,0.30798712372779846,,0.056670136749744415,,0.0,,0.5955564379692078,,1.0,,0.2502819001674652,,,0.0,0.0,,0.1950386017560959,,0.35230931639671326,,0.746737539768219,,,1.2324151992797852,,1.0,,,,,1.0007777214050293,,,,,,,,,,,,,,,,,,,,,,,,
1,1779,,,,,0.3908987045288086,,0.07900559157133102,,0.0,,0.3035917580127716,,0.9232017993927002,,0.20390550792217255,,,3.4194397926330566,0.6411390900611877,,0.21448348462581635,,0.3304685354232788,,0.8488067388534546,,,1.1943511962890625,,0.9232017993927002,,,,,0.8828890323638916,,,,,,,,,,,,,,,,,,,,,,,,
1,1789,,,,,0.3483920693397522,,0.09147322177886963,,0.0,,0.4500880241394043,,0.12807369232177734,,0.3118836283683777,,,0.3362113833427429,0.09610409289598465,,0.0567760095000267,,0.34983545541763306,,0.7367344498634338,,,0.7099668979644775,,0.12807369232177734,,,,,1.194577932357788,,,,,,,,,,,,,,,,,,,,,,,,
1,1799,,,,,0.4208103120326996,,0.0946800485253334,,0.0,,0.46862828731536865,,0.18099698424339294,,0.2300594598054886,,,0.2994089722633362,0.14069847762584686,,0.036205992102622986,,0.29994410276412964,,0.8125512599945068,,,0.7211632132530212,,0.18099698424339294,,,,,1.2056230306625366,,,,,,,,,,,,,,,,,,,,,,,,
1,1809,,,,,0.45946356654167175,,0.08502162992954254,,0.0,,0.28663286566734314,,0.9791803956031799,,0.20355504751205444,,,2.0366146564483643,0.860914945602417,,0.1564810425043106,,0.3230475187301636,,0.830173134803772,,,1.0922504663467407,,0.9791803956031799,,,,,0.8642151355743408,,,,,,,,,,,,,,,,,,,,,,,,
1,1819,,,,,0.4649573862552643,,0.09854726493358612,,0.0,,0.46457189321517944,,0.21398530900478363,,0.25295019149780273,,,0.27717074751853943,0.14280518889427185,,0.053746454417705536,,0.2927786111831665,,0.6719083786010742,,,0.7362955808639526,,0.21398530900478363,,,,,1.2562426328659058,,,,,,,,,,,,,,,,,,,,,,,,
1,1829,,,,,0.3282720744609833,,0.04853608459234238,,0.0,,0.6399627923965454,,1.0,,0.23224210739135742,,,0.0,0.0,,0.15149179100990295,,0.3323168456554413,,0.7294975519180298,,,1.1690137386322021,,1.0,,,,,0.9912776947021484,,,,,,,,,,,,,,,,,,,,,,,,
1,1839,,,,,0.6254584193229675,,0.0843256413936615,,0.0,,0.3404422402381897,,1.0530822277069092,,0.20288334786891937,,,3.669830560684204,0.7941743731498718,,0.28313732147216797,,0.335537314414978,,0.8009225130081177,,,1.2224416732788086,,1.0530822277069092,,,,,0.8820555210113525,,,,,,,,,,,,,,,,,,,,,,,,
1,1849,,,,,0.4988327622413635,,0.06419391185045242,,0.0,,0.34124743938446045,,0.9837543368339539,,0.20535489916801453,,,3.75370192527771,0.9264765381813049,,0.2945326268672943,,0.34960585832595825,,0.8180868625640869,,,1.2754848003387451,,0.9837543368339539,,,,,0.8892444968223572,,,,,,,,,,,,,,,,,,,,,,,,
1,1859,,,,,0.31951239705085754,,0.0661877766251564,,0.0,,1.0901312828063965,,1.0,,0.23548826575279236,,,0.0,0.0,,0.2258985936641693,,0.33334413170814514,,0.7376868724822998,,,1.0420634746551514,,1.0,,,,,1.2314190864562988,,,,,,,,,,,,,,,,,,,,,,,,
1,1869,,,,,0.51655513048172,,0.08640901744365692,,0.0,,0.4608406126499176,,0.2317986786365509,,0.24208283424377441,,,0.34292909502983093,0.19278833270072937,,0.04616491124033928,,0.34599167108535767,,0.8373545408248901,,,0.7613162398338318,,0.2317986786365509,,,,,1.375158429145813,,,,,,,,,,,,,,,,,,,,,,,,
1,1879,,,,,0.647027313709259,,0.030840834602713585,,0.0,,0.26777759194374084,,1.0,,0.22818748652935028,,,0.0,0.0,,194.19125366210938,,0.267583966255188,,0.515196681022644,,,0.9797869920730591,,1.0,,,,,0.6547932624816895,,,,,,,,,,,,,,,,,,,,,,,,
1,1889,,,,,0.3135857582092285,,0.0716855376958847,,0.0,,0.31017088890075684,,1.0376238822937012,,0.20407569408416748,,,4.454033374786377,0.796490490436554,,0.2152935266494751,,0.3051203489303589,,0.8575564622879028,,,1.2109134197235107,,1.0376238822937012,,,,,0.874304473400116,,,,,,,,,,,,,,,,,,,,,,,,
1,1899,,,,,0.5897505283355713,,0.023952096700668335,,0.0,,0.28141623735427856,,1.0,,0.21520854532718658,,,0.0,0.0,,194.27166748046875,,0.2866463363170624,,0.4581368565559387,,,0.9996615052223206,,1.0,,,,,0.6326800584793091,,,,,,,,,,,,,,,,,,,,,,,,
1,1909,,,,,0.42588818073272705,,0.02696380950510502,,0.0,,0.26368966698646545,,1.0,,0.21692213416099548,,,0.0,0.0,,197.06121826171875,,0.28205937147140503,,0.4521569609642029,,,0.9902180433273315,,1.0,,,,,0.6208959817886353,,,,,,,,,,,,,,,,,,,,,,,,
1,1919,,,,,0.5516866445541382,,0.08962191641330719,,0.0,,0.45412343740463257,,0.23929031193256378,,0.2675873935222626,,,0.28979769349098206,0.2905239164829254,,0.0790422260761261,,0.3182832598686218,,0.5296472907066345,,,0.7675033807754517,,0.23929031193256378,,,,,1.446176528930664,,,,,,,,,,,,,,,,,,,,,,,,
1,1929,,,,,0.33682939410209656,,0.08457832038402557,,0.0,,0.4734186828136444,,0.13236099481582642,,0.24798822402954102,,,0.343456506729126,0.17902709543704987,,0.049892522394657135,,0.3172358572483063,,0.6367502808570862,,,0.7269713282585144,,0.13236099481582642,,,,,1.1846280097961426,,,,,,,,,,,,,,,,,,,,,,,,
1,1939,,,,,0.668057382106781,,0.09272156655788422,,0.0,,0.4792537987232208,,0.20847275853157043,,0.3177641034126282,,,0.3346685767173767,0.19170738756656647,,0.09943961352109909,,0.3122138977050781,,0.5454244613647461,,,0.7391018867492676,,0.20847275853157043,,,,,1.581941843032837,,,,,,,,,,,,,,,,,,,,,,,,
1,1949,,,,,0.4845253527164459,,0.08396711200475693,,0.0,,0.4585148096084595,,0.1888163983821869,,0.30876970291137695,,,0.3038621246814728,0.10826756060123444,,0.07885957509279251,,0.34002685546875,,0.8244065046310425,,,0.7186142206192017,,0.1888163983821869,,,,,1.325659155845642,,,,,,,,,,,,,,,,,,,,,,,,
1,1959,,,,,0.46323031187057495,,0.08688463270664215,,0.0,,0.438488245010376,,0.19648833572864532,,0.2802576422691345,,,0.2911415696144104,0.15802277624607086,,0.07709090411663055,,0.31240561604499817,,0.8583592176437378,,,0.7400569915771484,,0.19648833572864532,,,,,1.2853758335113525,,,,,,,,,,,,,,,,,,,,,,,,
1,1969,,,,,0.4670303463935852,,0.06989634782075882,,0.0,,0.30654141306877136,,0.981478750705719,,0.20395469665527344,,,1.229499101638794,0.46634286642074585,,0.4048852324485779,,0.36395129561424255,,0.8120163679122925,,,1.1491851806640625,,0.981478750705719,,,,,0.8781800270080566,,,,,,,,,,,,,,,,,,,,,,,,
1,1979,,,,,0.4881768226623535,,0.035580188035964966,,0.0,,0.279565691947937,,1.0,,0.21035054326057434,,,0.0,0.0,,196.6362762451172,,0.2718053162097931,,0.5527845621109009,,,1.0081708431243896,,1.0,,,,,0.6750431060791016,,,,,,,,,,,,,,,,,,,,,,,,
1,1989,,,,,0.35481885075569153,,0.08915790915489197,,0.0,,0.4481598734855652,,0.14695139229297638,,0.2607749104499817,,,0.31635403633117676,0.20119154453277588,,0.07451413571834564,,0.2914409339427948,,0.8883183002471924,,,0.7063595652580261,,0.14695139229297638,,,,,1.195615530014038,,,,,,,,,,,,,,,,,,,,,,,,
1,1999,,,,,0.4690072238445282,,0.08155813068151474,,0.0,,0.4498913288116455,,0.17176948487758636,,0.3202604651451111,,,0.2888813614845276,0.26990461349487305,,0.07706546038389206,,0.3178848624229431,,0.8794552087783813,,,0.7423909902572632,,0.17176948487758636,,,,,1.3717303276062012,,,,,,,,,,,,,,,,,,,,,,,,
1,2009,,,,,0.4629562497138977,,0.07152819633483887,,0.0,,0.41512006521224976,,0.15924036502838135,,0.24570292234420776,,,0.32279810309410095,0.21533338725566864,,0.04614946246147156,,0.3023204803466797,,0.49939095973968506,,,0.7709538340568542,,0.15924036502838135,,,,,1.272432565689087,,,,,,,,,,,,,,,,,,,,,,,,
1,2019,,,,,0.3604448437690735,,0.08414028584957123,,0.0,,0.44603562355041504,,0.13073238730430603,,0.2796401381492615,,,0.3121073246002197,0.19826696813106537,,0.04822764918208122,,0.3115589916706085,,0.5053601861000061,,,0.7330262660980225,,0.13073238730430603,,,,,1.200433373451233,,,,,,,,,,,,,,,,,,,,,,,,
1,2029,,,,,0.23646552860736847,,0.06647805124521255,,0.0,,0.42220431566238403,,0.09915240854024887,,0.3938702344894409,,,0.29906561970710754,0.14940018951892853,,0.07925133407115936,,0.2993013560771942,,0.5049325227737427,,,0.7072843313217163,,0.09915240854024887,,,,,1.0912511348724365,,,,,,,,,,,,,,,,,,,,,,,,
1,2039,,,,,0.43405798077583313,,0.02272588200867176,,0.0,,0.2368118315935135,,1.0,,0.2507156729698181,,,0.0,0.0,,191.81719970703125,,0.24610048532485962,,0.40022575855255127,,,0.9998177886009216,,1.0,,,,,0.578289806842804,,,,,,,,,,,,,,,,,,,,,,,,
1,2049,,,,,0.3578837513923645,,0.07689446210861206,,0.0,,0.42811936140060425,,0.13179372251033783,,0.2775952219963074,,,0.34040915966033936,0.12317416071891785,,0.03287353739142418,,0.32658058404922485,,0.8506733775138855,,,0.7335214614868164,,0.13179372251033783,,,,,1.1607069969177246,,,,,,,,,,,,,,,,,,,,,,,,
1,2059,,,,,0.44581907987594604,,0.024500900879502296,,0.0,,0.2392977774143219,,1.0,,0.21204659342765808,,,0.0,0.0,,196.18289184570312,,0.25341933965682983,,0.48503559827804565,,,1.0020180940628052,,1.0,,,,,0.6071500778198242,,,,,,,,,,,,,,,,,,,,,,,,
1,2069,,,,,0.372580349445343,,0.025909803807735443,,0.0,,0.2612137496471405,,1.0,,0.21369478106498718,,,0.0,0.0,,188.489013671875,,0.2541031837463379,,0.4691716134548187,,,1.0017406940460205,,1.0,,,,,0.6120465993881226,,,,,,,,,,,,,,,,,,,,,,,,
1,2079,,,,,0.5897623300552368,,0.09553709626197815,,0.0,,0.45897725224494934,,0.2600412964820862,,0.2743099331855774,,,0.32819896936416626,0.10998759418725967,,0.05587511509656906,,0.303635835647583,,0.9158354997634888,,,0.7628670930862427,,0.2600412964820862,,,,,1.4030232429504395,,,,,,,,,,,,,,,,,,,,,,,,
1,2089,,,,,0.4994039535522461,,0.07340435683727264,,0.0,,0.4397943913936615,,0.21480555832386017,,0.2217801809310913,,,0.2872200012207031,0.15887998044490814,,0.03685498237609863,,0.29203876852989197,,0.8443868160247803,,,0.7643958330154419,,0.21480555832386017,,,,,1.2543902397155762,,,,,,,,,,,,,,,,,,,,,,,,
1,2099,,,,,0.44344866275787354,,0.09496045112609863,,0.0,,0.44647493958473206,,0.1519954949617386,,0.22618162631988525,,,0.2980043888092041,0.12479866296052933,,0.05083730071783066,,0.30841735005378723,,0.5156867504119873,,,0.7537069916725159,,0.1519954949617386,,,,,1.2182860374450684,,,,,,,,,,,,,,,,,,,,,,,,
1,2109,,,,,0.5025879740715027,,0.08860032260417938,,0.0,,0.4406866431236267,,0.20121192932128906,,0.2904167175292969,,,0.3019261956214905,0.1469781994819641,,0.04993888735771179,,0.3309602737426758,,0.8521994352340698,,,0.7317417860031128,,0.20121192932128906,,,,,1.3273415565490723,,,,,,,,,,,,,,,,,,,,,,,,
1,2119,,,,,0.48732641339302063,,0.02360881306231022,,0.0,,0.2559396028518677,,1.0,,0.2164669930934906,,,0.0,0.0,,195.10498046875,,0.2419305145740509,,0.5080581903457642,,,1.009338617324829,,1.0,,,,,0.6230020523071289,,,,,,,,,,,,,,,,,,,,,,,,
1,2129,,,,,0.4285925030708313,,0.08187386393547058,,0.0,,0.45248979330062866,,0.17926545441150665,,0.27410003542900085,,,0.3094509243965149,0.12935858964920044,,0.04736422747373581,,0.3015400767326355,,0.8173578977584839,,,0.723297119140625,,0.17926545441150665,,,,,1.2266812324523926,,,,,,,,,,,,,,,,,,,,,,,,
1,2139,,,,,0.2088630348443985,,0.08560758829116821,,0.0,,0.44173091650009155,,0.07244031131267548,,0.2173512876033783,,,0.3236020505428314,0.12683366239070892,,0.046590548008680344,,0.2994995713233948,,0.7234795093536377,,,0.7082740068435669,,0.07244031131267548,,,,,0.9794708490371704,,,,,,,,,,,,,,,,,,,,,,,,
1,2149,,,,,0.3633010685443878,,0.06588084250688553,,0.0,,0.44587311148643494,,0.146598219871521,,0.23533684015274048,,,0.31432101130485535,0.35473597049713135,,0.03216000646352768,,0.28714537620544434,,0.7352696061134338,,,0.7220765352249146,,0.146598219871521,,,,,1.2310277223587036,,,,,,,,,,,,,,,,,,,,,,,,
1,2159,,,,,0.4008762240409851,,0.07836541533470154,,0.0,,0.4408366084098816,,0.15815387666225433,,0.26446956396102905,,,0.3352087140083313,0.22961872816085815,,0.07543163746595383,,0.30696767568588257,,0.3845227062702179,,,0.6920726299285889,,0.15815387666225433,,,,,1.2663254737854004,,,,,,,,,,,,,,,,,,,,,,,,
1,2169,,,,,0.59641432762146,,0.09288377314805984,,0.0,,0.44425904750823975,,0.2719317674636841,,0.31623804569244385,,,0.3242446482181549,0.10843115299940109,,0.062339723110198975,,0.3279823660850525,,0.45962363481521606,,,0.7325231432914734,,0.2719317674636841,,,,,1.4346036911010742,,,,,,,,,,,,,,,,,,,,,,,,
1,2179,,,,,0.45417681336402893,,0.023205092176795006,,0.0,,0.23700381815433502,,1.0,,0.2106218785047531,,,0.0,0.0,,190.21617126464844,,0.2581735849380493,,0.4350177049636841,,,1.0157873630523682,,1.0,,,,,0.5820110440254211,,,,,,,,,,,,,,,,,,,,,,,,
1,2189,,,,,0.42465633153915405,,0.07891255617141724,,0.0,,0.44684290885925293,,0.13267792761325836,,0.3163895905017853,,,0.35038670897483826,0.34942367672920227,,0.06057244539260864,,0.335080087184906,,0.828413724899292,,,0.6872360706329346,,0.13267792761325836,,,,,1.3934602737426758,,,,,,,,,,,,,,,,,,,,,,,,
1,2199,,,,,0.7012765407562256,,0.0850898027420044,,0.0,,0.4413210153579712,,0.3204488456249237,,0.2873258590698242,,,0.30591464042663574,0.2051030546426773,,0.05052747577428818,,0.30650031566619873,,0.5293731093406677,,,0.759117841720581,,0.3204488456249237,,,,,1.5421676635742188,,,,,,,,,,,,,,,,,,,,,,,,
1,2209,,,,,0.5200724005699158,,0.07481016963720322,,0.0,,0.4387780725955963,,0.16252823173999786,,0.34710055589675903,,,0.4875389337539673,0.26146215200424194,,0.04647858068346977,,0.2994160056114197,,0.7964829206466675,,,0.7475622892379761,,0.16252823173999786,,,,,1.4978646039962769,,,,,,,,,,,,,,,,,,,,,,,,
1,2219,,,,,0.2903796136379242,,0.026095088571310043,,0.0,,0.22458094358444214,,1.0,,0.2201981246471405,,,0.0,0.0,,198.97592163085938,,0.23242467641830444,,0.5320661067962646,,,1.0001087188720703,,1.0,,,,,0.6176824569702148,,,,,,,,,,,,,,,,,,,,,,,,
1,2229,,,,,0.47746768593788147,,0.09066002070903778,,0.0,,0.4435085654258728,,0.14967072010040283,,0.26150161027908325,,,0.3186514973640442,0.18838530778884888,,0.08409764617681503,,0.32172828912734985,,0.8369646072387695,,,0.7392022609710693,,0.14967072010040283,,,,,1.33173406124115,,,,,,,,,,,,,,,,,,,,,,,,
1,2239,,,,,0.2630188465118408,,0.016329657286405563,,0.0,,0.22782793641090393,,1.0,,0.2140960991382599,,,0.0,0.0,,195.2310791015625,,0.23832061886787415,,0.4220791459083557,,,0.9919956922531128,,1.0,,,,,0.5593267679214478,,,,,,,,,,,,,,,,,,,,,,,,
1,2249,,,,,0.3406680226325989,,0.09635894000530243,,0.0,,0.4241076111793518,,0.12554895877838135,,0.2701399326324463,,,0.3286108672618866,0.18873010575771332,,0.06215467303991318,,0.31838423013687134,,0.5083228945732117,,,0.7021478414535522,,0.12554895877838135,,,,,1.1849112510681152,,,,,,,,,,,,,,,,,,,,,,,,
1,2259,,,,,0.2519027590751648,,0.06543421000242233,,0.0,,0.27924615144729614,,0.9515703320503235,,0.20488159358501434,,,1.0531388521194458,0.7841413617134094,,0.3493896424770355,,0.33543524146080017,,0.8086436986923218,,,1.1529958248138428,,0.9515703320503235,,,,,0.8468204736709595,,,,,,,,,,,,,,,,,,,,,,,,
1,2269,,,,,0.7193019390106201,,0.028883974999189377,,0.0,,0.21210986375808716,,1.0,,0.21292421221733093,,,0.0,0.0,,196.6393280029297,,0.24622026085853577,,0.5471056699752808,,,1.03410005569458,,1.0,,,,,0.6236220002174377,,,,,,,,,,,,,,,,,,,,,,,,
1,2279,,,,,0.36033082008361816,,0.021412774920463562,,0.0,,0.24191682040691376,,1.0,,0.21418625116348267,,,0.0,0.0,,188.29522705078125,,0.23627157509326935,,0.3617534935474396,,,1.0194697380065918,,1.0,,,,,0.5377704501152039,,,,,,,,,,,,,,,,,,,,,,,,
1,2289,,,,,0.2970581650733948,,0.018831228837370872,,0.0,,0.2009580284357071,,1.0,,0.21091802418231964,,,0.0,0.0,,198.5439910888672,,0.23682712018489838,,0.4807966649532318,,,0.9830170273780823,,1.0,,,,,0.5741655230522156,,,,,,,,,,,,,,,,,,,,,,,,
1,2299,,,,,0.20778203010559082,,0.09607263654470444,,0.0,,0.43374186754226685,,0.0748123824596405,,0.33884963393211365,,,0.28594985604286194,0.08043508976697922,,0.06005142256617546,,0.30950015783309937,,0.46433138847351074,,,0.7351769208908081,,0.0748123824596405,,,,,1.0100822448730469,,,,,,,,,,,,,,,,,,,,,,,,
1,2309,,,,,0.34363216161727905,,0.020806027576327324,,0.0,,0.23421339690685272,,1.0,,0.20822671055793762,,,0.0,0.0,,195.8058319091797,,0.22858411073684692,,0.6020997166633606,,,0.9843521118164062,,1.0,,,,,0.6469650268554688,,,,,,,,,,,,,,,,,,,,,,,,
1,2319,,,,,0.37028515338897705,,0.07093464583158493,,0.0,,0.42770832777023315,,0.14420585334300995,,0.25680264830589294,,,0.3044036030769348,0.15137794613838196,,0.04859771952033043,,0.30473703145980835,,0.39937880635261536,,,0.7167830467224121,,0.14420585334300995,,,,,1.1525660753250122,,,,,,,,,,,,,,,,,,,,,,,,
1,2329,,,,,0.2528170943260193,,0.08190649002790451,,0.0,,0.43159371614456177,,0.09076540172100067,,0.2358260154724121,,,0.28410184383392334,0.14243726432323456,,0.05098091810941696,,0.28817301988601685,,0.5222903490066528,,,0.7166019678115845,,0.09076540172100067,,,,,1.010326623916626,,,,,,,,,,,,,,,,,,,,,,,,
1,2339,,,,,0.3245237469673157,,0.059073638170957565,,0.0,,0.2672026753425598,,0.8078587055206299,,0.20232734084129333,,,2.6877570152282715,0.8450531363487244,,0.2553175091743469,,0.27812784910202026,,0.8427764177322388,,,1.0530188083648682,,0.8078587055206299,,,,,0.8247539401054382,,,,,,,,,,,,,,,,,,,,,,,,
1,2349,,,,,0.43292319774627686,,0.07541677355766296,,0.0,,0.23908403515815735,,0.9930415153503418,,0.2081756293773651,,,1.9983131885528564,0.8946290016174316,,0.2674875855445862,,0.3000209927558899,,0.7633695602416992,,,1.0664677619934082,,0.9930415153503418,,,,,0.7930335402488708,,,,,,,,,,,,,,,,,,,,,,,,
1,2359,,,,,0.366647869348526,,0.08071374893188477,,0.0,,0.4424525201320648,,0.16294142603874207,,0.2934536933898926,,,0.27148914337158203,0.13232584297657013,,0.036016374826431274,,0.3080942928791046,,0.8205692768096924,,,0.715325117111206,,0.16294142603874207,,,,,1.1489206552505493,,,,,,,,,,,,,,,,,,,,,,,,
1,2369,,,,,0.35113197565078735,,0.08370311558246613,,0.0,,0.42527300119400024,,0.14434212446212769,,0.2648196816444397,,,0.29254838824272156,0.1641250103712082,,0.08462600409984589,,0.29626205563545227,,0.8931020498275757,,,0.7052934169769287,,0.14434212446212769,,,,,1.1568105220794678,,,,,,,,,,,,,,,,,,,,,,,,
1,2379,,,,,0.4205276370048523,,0.023252658545970917,,0.0,,0.22130724787712097,,1.0,,0.21739572286605835,,,0.0,0.0,,196.490234375,,0.2377341091632843,,0.4479904770851135,,,0.9864356517791748,,1.0,,,,,0.5738401412963867,,,,,,,,,,,,,,,,,,,,,,,,
1,2389,,,,,0.3076327443122864,,0.055269092321395874,,0.0,,0.21200451254844666,,0.922370195388794,,0.20320451259613037,,,3.956085205078125,0.8400486707687378,,0.2343410700559616,,0.30264437198638916,,0.7949589490890503,,,1.1078956127166748,,0.922370195388794,,,,,0.7840407490730286,,,,,,,,,,,,,,,,,,,,,,,,
1,2399,,,,,0.4304972290992737,,0.06517179310321808,,0.0,,0.2681811451911926,,1.051220178604126,,0.20264773070812225,,,4.975241661071777,0.6234901547431946,,0.2964485287666321,,0.2787671983242035,,0.7714138627052307,,,1.0915794372558594,,1.051220178604126,,,,,0.7930908203125,,,,,,,,,,,,,,,,,,,,,,,,
1,2409,,,,,0.3060844838619232,,0.07574273645877838,,0.0,,0.43263158202171326,,0.13317275047302246,,0.25285035371780396,,,0.2974870204925537,0.11497252434492111,,0.04224790632724762,,0.31932708621025085,,0.8695417642593384,,,0.7393300533294678,,0.13317275047302246,,,,,1.073714017868042,,,,,,,,,,,,,,,,,,,,,,,,
1,2419,,,,,0.5330270528793335,,0.02177252620458603,,0.0,,0.23353338241577148,,1.0,,0.2372170388698578,,,0.0,0.0,,196.90274047851562,,0.24045312404632568,,0.4575631022453308,,,1.0233834981918335,,1.0,,,,,0.5952695608139038,,,,,,,,,,,,,,,,,,,,,,,,
1,2429,,,,,0.3869449496269226,,0.06539960950613022,,0.0,,0.4277268350124359,,0.13426688313484192,,0.26815974712371826,,,0.29353463649749756,0.15598458051681519,,0.04661189019680023,,0.2868262529373169,,0.8270940780639648,,,0.7289705276489258,,0.13426688313484192,,,,,1.1590666770935059,,,,,,,,,,,,,,,,,,,,,,,,
1,2439,,,,,0.23710231482982635,,0.020647749304771423,,0.0,,0.24445697665214539,,1.0,,0.21937522292137146,,,0.0,0.0,,190.32064819335938,,0.23496803641319275,,0.483642041683197,,,1.016282320022583,,1.0,,,,,0.601544976234436,,,,,,,,,,,,,,,,,,,,,,,,
1,2449,,,,,0.37588679790496826,,0.06779680401086807,,0.0,,0.4179658591747284,,0.1504807323217392,,0.3254159092903137,,,0.3095528483390808,0.17061170935630798,,0.035668399184942245,,0.2815391421318054,,0.47994011640548706,,,0.7348114848136902,,0.1504807323217392,,,,,1.1801620721817017,,,,,,,,,,,,,,,,,,,,,,,,
1,2459,,,,,0.3638121783733368,,0.06632035225629807,,0.0,,0.23615844547748566,,0.9573187828063965,,0.2031882256269455,,,3.165015935897827,0.7960748672485352,,0.2911529541015625,,0.3150750994682312,,0.8281304836273193,,,1.1884691715240479,,0.9573187828063965,,,,,0.8244363069534302,,,,,,,,,,,,,,,,,,,,,,,,
1,2469,,,,,0.2841050624847412,,0.07835438847541809,,0.0,,0.43373745679855347,,0.09915968030691147,,0.3315610885620117,,,0.33019527792930603,0.12337204813957214,,0.04786371439695358,,0.2915167808532715,,0.7513769865036011,,,0.6862488985061646,,0.09915968030691147,,,,,1.1024055480957031,,,,,,,,,,,,,,,,,,,,,,,,
1,2479,,,,,0.34488430619239807,,0.08322517573833466,,0.0,,0.4380919933319092,,0.14143112301826477,,0.310634583234787,,,0.3045377731323242,0.08501238375902176,,0.06532168388366699,,0.30567312240600586,,0.41238462924957275,,,0.6913403868675232,,0.14143112301826477,,,,,1.1411327123641968,,,,,,,,,,,,,,,,,,,,,,,,
1,2489,,,,,0.30289366841316223,,0.05314571037888527,,0.0,,0.27739816904067993,,0.9639689922332764,,0.20166322588920593,,,3.8792848587036133,0.8206855654716492,,0.25482451915740967,,0.27580612897872925,,0.7453776597976685,,,1.1865450143814087,,0.9639689922332764,,,,,0.7766954302787781,,,,,,,,,,,,,,,,,,,,,,,,
1,2499,,,,,0.3736058473587036,,0.0753735601902008,,0.0,,0.4207126796245575,,0.144377201795578,,0.2842310965061188,,,0.28646355867385864,0.10290727019309998,,0.04235202074050903,,0.3014179468154907,,0.7976070642471313,,,0.7537391185760498,,0.144377201795578,,,,,1.1303349733352661,,,,,,,,,,,,,,,,,,,,,,,,
1,2509,,,,,0.2681620717048645,,0.08148150891065598,,0.0,,0.4064134955406189,,0.10655857622623444,,0.3137035667896271,,,0.29725125432014465,0.09497546404600143,,0.06299269199371338,,0.2998783588409424,,0.3613607883453369,,,0.7255241274833679,,0.10655857622623444,,,,,1.0465102195739746,,,,,,,,,,,,,,,,,,,,,,,,
1,2519,,,,,0.5851947069168091,,0.07000227272510529,,0.0,,0.4266728162765503,,0.1902809739112854,,0.3056594133377075,,,0.3183850049972534,0.16192595660686493,,0.036994412541389465,,0.2997245192527771,,0.7002201080322266,,,0.7568725943565369,,0.1902809739112854,,,,,1.3948769569396973,,,,,,,,,,,,,,,,,,,,,,,,
1,2529,,,,,0.27568987011909485,,0.022725772112607956,,0.0,,0.24429355561733246,,1.0,,0.23729582130908966,,,0.0,0.0,,196.60565185546875,,0.2254307121038437,,0.433128297328949,,,0.9804531335830688,,1.0,,,,,0.5814371109008789,,,,,,,,,,,,,,,,,,,,,,,,
1,2539,,,,,0.3450770676136017,,0.018344495445489883,,0.0,,0.2166362702846527,,1.0,,0.2087092101573944,,,0.0,0.0,,195.54409790039062,,0.223565012216568,,0.5380743145942688,,,0.9961152672767639,,1.0,,,,,0.6026646494865417,,,,,,,,,,,,,,,,,,,,,,,,
1,2549,,,,,0.26620492339134216,,0.07011368870735168,,0.0,,0.4211864471435547,,0.11357924342155457,,0.274584025144577,,,0.267906129360199,0.11454851180315018,,0.0365680530667305,,0.27818262577056885,,0.4210502505302429,,,0.715068519115448,,0.11357924342155457,,,,,0.9977496862411499,,,,,,,,,,,,,,,,,,,,,,,,
1,2559,,,,,0.23317748308181763,,0.06411284953355789,,0.0,,0.42490947246551514,,0.08285073935985565,,0.2805517613887787,,,0.26974645256996155,0.11547966301441193,,0.027552952989935875,,0.2915894091129303,,0.5904152393341064,,,0.7205932140350342,,0.08285073935985565,,,,,0.9701487421989441,,,,,,,,,,,,,,,,,,,,,,,,
1,2569,,,,,0.30337831377983093,,0.08812394738197327,,0.0,,0.43763217329978943,,0.11892123520374298,,0.2509860396385193,,,0.2905171513557434,0.08772764354944229,,0.05815192684531212,,0.2702099084854126,,0.47661009430885315,,,0.7340681552886963,,0.11892123520374298,,,,,1.0450527667999268,,,,,,,,,,,,,,,,,,,,,,,,
1,2579,,,,,0.5523503422737122,,0.0557180717587471,,0.0,,0.23652398586273193,,1.0033727884292603,,0.20255441963672638,,,4.093694686889648,0.986291766166687,,0.2337058037519455,,0.2700958847999573,,0.7645602226257324,,,1.2381571531295776,,1.0033727884292603,,,,,0.7647262811660767,,,,,,,,,,,,,,,,,,,,,,,,
1,2589,,,,,0.27373260259628296,,0.0214715413749218,,0.0,,0.24375662207603455,,1.0,,0.20668324828147888,,,0.0,0.0,,197.324462890625,,0.2319170981645584,,0.6528967022895813,,,1.0322067737579346,,1.0,,,,,0.6783626079559326,,,,,,,,,,,,,,,,,,,,,,,,
1,2599,,,,,0.40579089522361755,,0.09461412578821182,,0.0,,0.4334801435470581,,0.17418336868286133,,0.2721617817878723,,,0.29657283425331116,0.16897453367710114,,0.0457291305065155,,0.273213267326355,,0.846646785736084,,,0.7436912059783936,,0.17418336868286133,,,,,1.1981638669967651,,,,,,,,,,,,,,,,,,,,,,,,
1,2609,,,,,0.1895878165960312,,0.01757131516933441,,0.0,,0.2097788006067276,,1.0,,0.20505332946777344,,,0.0,0.0,,194.58444213867188,,0.23498907685279846,,0.46365103125572205,,,1.024093508720398,,1.0,,,,,0.565521776676178,,,,,,,,,,,,,,,,,,,,,,,,
1,2619,,,,,0.24994167685508728,,0.08137638866901398,,0.0,,0.41108521819114685,,0.10839471220970154,,0.248575359582901,,,0.3296683728694916,0.0887390524148941,,0.06423212587833405,,0.26585960388183594,,0.4667414426803589,,,0.7312097549438477,,0.10839471220970154,,,,,0.9947097301483154,,,,,,,,,,,,,,,,,,,,,,,,
1,2629,,,,,0.32410353422164917,,0.06623587012290955,,0.0,,0.2138150930404663,,0.907696545124054,,0.20292067527770996,,,3.084714412689209,0.995838463306427,,0.22552356123924255,,0.2833240032196045,,0.813193678855896,,,1.0257737636566162,,0.907696545124054,,,,,0.7897446751594543,,,,,,,,,,,,,,,,,,,,,,,,
1,2639,,,,,0.2989591360092163,,0.07593512535095215,,0.0,,0.39931720495224,,0.13665379583835602,,0.27461960911750793,,,0.25584837794303894,0.14218060672283173,,0.04162586107850075,,0.2831253409385681,,0.7184865474700928,,,0.7010806798934937,,0.13665379583835602,,,,,1.035285234451294,,,,,,,,,,,,,,,,,,,,,,,,
1,2649,,,,,0.3326118290424347,,0.06772924959659576,,0.0,,0.26711609959602356,,0.9947611093521118,,0.20087912678718567,,,5.95132303237915,0.5821412205696106,,0.386680543422699,,0.2730739712715149,,0.887998104095459,,,1.2296843528747559,,0.9947611093521118,,,,,0.8483982682228088,,,,,,,,,,,,,,,,,,,,,,,,
1,2659,,,,,0.28783470392227173,,0.08574025332927704,,0.0,,0.4217560589313507,,0.10557568073272705,,0.3495059013366699,,,0.2631908357143402,0.1337180882692337,,0.06079711765050888,,0.2906474471092224,,0.4915449321269989,,,0.737962007522583,,0.10557568073272705,,,,,1.0905126333236694,,,,,,,,,,,,,,,,,,,,,,,,
1,2669,,,,,0.2791784405708313,,0.04098724573850632,,0.0,,0.2235661745071411,,0.9786330461502075,,0.20254822075366974,,,4.106291770935059,0.6247340440750122,,0.2324323058128357,,0.2761528491973877,,0.768160343170166,,,1.1636626720428467,,0.9786330461502075,,,,,0.7557073831558228,,,,,,,,,,,,,,,,,,,,,,,,
1,2679,,,,,0.48478174209594727,,0.06819958984851837,,0.0,,0.4422401785850525,,0.20909535884857178,,0.2741697430610657,,,0.3005993366241455,0.16950827836990356,,0.04160672426223755,,0.3400198221206665,,0.7931409478187561,,,0.7403305172920227,,0.20909535884857178,,,,,1.3029534816741943,,,,,,,,,,,,,,,,,,,,,,,,
1,2689,,,,,0.16224490106105804,,0.10604943335056305,,0.0,,0.2234640121459961,,0.9067012667655945,,0.2054443657398224,,,7.40447998046875,0.7622655034065247,,0.24370531737804413,,0.3865410387516022,,0.7945924997329712,,,1.1994237899780273,,0.9067012667655945,,,,,0.8580456376075745,,,,,,,,,,,,,,,,,,,,,,,,
1,2699,,,,,0.20816200971603394,,0.06420192122459412,,0.0,,0.4080095887184143,,0.06483164429664612,,0.2741718888282776,,,0.29425880312919617,0.11054115742444992,,0.04083281755447388,,0.29817694425582886,,0.5017083287239075,,,0.7088178396224976,,0.06483164429664612,,,,,0.9532585740089417,,,,,,,,,,,,,,,,,,,,,,,,
1,2709,,,,,0.24702587723731995,,0.06777168810367584,,0.0,,0.4071272015571594,,0.07685787975788116,,0.24992820620536804,,,0.32915884256362915,0.1851317286491394,,0.04336363077163696,,0.30161142349243164,,0.5254536867141724,,,0.7266302108764648,,0.07685787975788116,,,,,1.0390721559524536,,,,,,,,,,,,,,,,,,,,,,,,
1,2719,,,,,0.3479318618774414,,0.07639250159263611,,0.0,,0.4210115373134613,,0.1649339199066162,,0.24426037073135376,,,0.2535669207572937,0.23198896646499634,,0.04901937395334244,,0.29821714758872986,,0.5029714107513428,,,0.6889803409576416,,0.1649339199066162,,,,,1.135160207748413,,,,,,,,,,,,,,,,,,,,,,,,
1,2729,,,,,0.3172512650489807,,0.0648343563079834,,0.0,,0.40794751048088074,,0.14484862983226776,,0.31422650814056396,,,0.26531168818473816,0.09285954385995865,,0.044945068657398224,,0.27859437465667725,,0.6512553095817566,,,0.7184869050979614,,0.14484862983226776,,,,,1.0516108274459839,,,,,,,,,,,,,,,,,,,,,,,,
1,2739,,,,,0.2258700281381607,,0.06647001206874847,,0.0,,0.2313571572303772,,0.9517980813980103,,0.2020508050918579,,,1.846139669418335,0.9852808713912964,,0.20737650990486145,,0.27036619186401367,,0.8111321926116943,,,1.1663768291473389,,0.9517980813980103,,,,,0.790688157081604,,,,,,,,,,,,,,,,,,,,,,,,
1,2749,,,,,0.15027230978012085,,0.019575152546167374,,0.0,,0.19804909825325012,,1.0,,0.21233701705932617,,,0.0,0.0,,193.91781616210938,,0.23169028759002686,,0.46948233246803284,,,0.9953213930130005,,1.0,,,,,0.5655669569969177,,,,,,,,,,,,,,,,,,,,,,,,
1,2759,,,,,0.23894155025482178,,0.018898721784353256,,0.0,,0.2121688425540924,,1.0,,0.20560729503631592,,,0.0,0.0,,200.52178955078125,,0.23413285613059998,,0.4877449572086334,,,0.9977453351020813,,1.0,,,,,0.5792763233184814,,,,,,,,,,,,,,,,,,,,,,,,
1,2769,,,,,0.6804162859916687,,0.0754154697060585,,0.0,,0.42524608969688416,,0.3215888440608978,,0.3467441201210022,,,0.2533358633518219,0.06162373349070549,,0.045793212950229645,,0.28464484214782715,,0.44877684116363525,,,0.792811393737793,,0.3215888440608978,,,,,1.4268178939819336,,,,,,,,,,,,,,,,,,,,,,,,
1,2779,,,,,0.23251351714134216,,0.02166583389043808,,0.0,,0.18406395614147186,,1.0,,0.20949751138687134,,,0.0,0.0,,193.67599487304688,,0.22267015278339386,,0.47703471779823303,,,1.0176682472229004,,1.0,,,,,0.5574660897254944,,,,,,,,,,,,,,,,,,,,,,,,
1,2789,,,,,0.18731474876403809,,0.06723445653915405,,0.0,,0.4122158885002136,,0.07683213800191879,,0.2460075318813324,,,0.3063821792602539,0.031126797199249268,,0.03765241429209709,,0.2797079086303711,,0.8668264150619507,,,0.6524235606193542,,0.07683213800191879,,,,,0.8774783611297607,,,,,,,,,,,,,,,,,,,,,,,,
1,2799,,,,,0.26711875200271606,,0.022350039333105087,,0.0,,0.18560081720352173,,1.0,,0.2120094895362854,,,0.0,0.0,,197.3466033935547,,0.2357034683227539,,0.42979592084884644,,,1.02801513671875,,1.0,,,,,0.5427298545837402,,,,,,,,,,,,,,,,,,,,,,,,
1,2809,,,,,0.4303472638130188,,0.06672786176204681,,0.0,,0.4194961190223694,,0.1798442006111145,,0.31238412857055664,,,0.31696370244026184,0.1433519423007965,,0.030322860926389694,,0.2737613320350647,,0.7352710366249084,,,0.7352303862571716,,0.1798442006111145,,,,,1.2118512392044067,,,,,,,,,,,,,,,,,,,,,,,,
1,2819,,,,,0.3895191550254822,,0.08737555891275406,,0.0,,0.4139246940612793,,0.1812325417995453,,0.23421478271484375,,,0.25446823239326477,0.12563221156597137,,0.04582056403160095,,0.27109473943710327,,0.42245858907699585,,,0.7280615568161011,,0.1812325417995453,,,,,1.10578453540802,,,,,,,,,,,,,,,,,,,,,,,,
1,2829,,,,,0.23732414841651917,,0.0625533014535904,,0.0,,0.41906610131263733,,0.0960807353258133,,0.2877821922302246,,,0.2811363637447357,0.09038301557302475,,0.04157913476228714,,0.2666846811771393,,0.4725402891635895,,,0.7120694518089294,,0.0960807353258133,,,,,0.9619165658950806,,,,,,,,,,,,,,,,,,,,,,,,
1,2839,,,,,0.31919461488723755,,0.08405406773090363,,0.0,,0.41695138812065125,,0.10910554230213165,,0.2431749552488327,,,0.3764892816543579,0.0891396626830101,,0.04694538563489914,,0.258354127407074,,0.8138599395751953,,,0.7196884751319885,,0.10910554230213165,,,,,1.0767490863800049,,,,,,,,,,,,,,,,,,,,,,,,
1,2849,,,,,0.36949998140335083,,0.05488407984375954,,0.0,,0.44489020109176636,,1.0,,0.24167901277542114,,,0.0,0.0,,0.26168256998062134,,0.35894548892974854,,0.688127875328064,,,0.9427670240402222,,1.0,,,,,0.8942633271217346,,,,,,,,,,,,,,,,,,,,,,,,
1,2859,,,,,0.2739599347114563,,0.05212352052330971,,0.0,,0.2201315015554428,,0.8556827306747437,,0.2024972289800644,,,2.2622220516204834,0.8178234696388245,,0.26540881395339966,,0.2903011739253998,,0.8373515605926514,,,1.4116005897521973,,0.8556827306747437,,,,,0.8012025356292725,,,,,,,,,,,,,,,,,,,,,,,,
1,2869,,,,,0.39101189374923706,,0.021790435537695885,,0.0,,0.20309776067733765,,1.0,,0.2060365080833435,,,0.0,0.0,,189.39157104492188,,0.23000980913639069,,0.49077895283699036,,,1.0287201404571533,,1.0,,,,,0.5758567452430725,,,,,,,,,,,,,,,,,,,,,,,,
1,2879,,,,,0.41480591893196106,,0.06261222064495087,,0.0,,0.40794724225997925,,0.1867111325263977,,0.3217703104019165,,,0.2737465500831604,0.1325066089630127,,0.05161698907613754,,0.2667028307914734,,0.6283833980560303,,,0.7117356657981873,,0.1867111325263977,,,,,1.1732573509216309,,,,,,,,,,,,,,,,,,,,,,,,
1,2889,,,,,0.33640605211257935,,0.07015006244182587,,0.0,,0.4053114950656891,,0.14249691367149353,,0.2605747580528259,,,0.2983320653438568,0.16701357066631317,,0.046738021075725555,,0.2718854248523712,,0.5545072555541992,,,0.74647057056427,,0.14249691367149353,,,,,1.096408724784851,,,,,,,,,,,,,,,,,,,,,,,,
1,2899,,,,,0.48630398511886597,,0.05021558329463005,,0.0,,0.24710217118263245,,1.0512809753417969,,0.2029614895582199,,,1.9785939455032349,1.4520447254180908,,0.180912584066391,,0.2742616534233093,,0.8365297913551331,,,1.1613414287567139,,1.0512809753417969,,,,,0.8055353760719299,,,,,,,,,,,,,,,,,,,,,,,,
1,2909,,,,,0.29149970412254333,,0.021717756986618042,,0.0,,0.23199187219142914,,1.0,,0.20647722482681274,,,0.0,0.0,,194.34918212890625,,0.22153912484645844,,0.5043721199035645,,,0.9924190044403076,,1.0,,,,,0.5930490493774414,,,,,,,,,,,,,,,,,,,,,,,,
1,2919,,,,,0.3938685655593872,,0.06545329838991165,,0.0,,0.41871505975723267,,0.184950053691864,,0.2544305920600891,,,0.25903719663619995,0.05293821915984154,,0.0309472493827343,,0.27282288670539856,,0.41158002614974976,,,0.7135303616523743,,0.184950053691864,,,,,1.0710408687591553,,,,,,,,,,,,,,,,,,,,,,,,
1,2929,,,,,0.41999542713165283,,0.06602628529071808,,0.0,,0.3906685411930084,,0.18426892161369324,,0.31112927198410034,,,0.28581345081329346,0.09265590459108353,,0.04300004988908768,,0.27685970067977905,,0.8133999109268188,,,0.7061268091201782,,0.18426892161369324,,,,,1.1530721187591553,,,,,,,,,,,,,,,,,,,,,,,,
1,2939,,,,,0.3524045944213867,,0.07228191196918488,,0.0,,0.42013660073280334,,0.1511278748512268,,0.24787858128547668,,,0.2800620496273041,0.10047665238380432,,0.04178198426961899,,0.2767523527145386,,0.3661317825317383,,,0.6954213380813599,,0.1511278748512268,,,,,1.072089672088623,,,,,,,,,,,,,,,,,,,,,,,,
1,2949,,,,,0.2584589421749115,,0.05518922209739685,,0.0,,0.4026086628437042,,0.11773502826690674,,0.2526240348815918,,,0.3111247718334198,0.12618039548397064,,0.036055054515600204,,0.26103997230529785,,0.40443122386932373,,,0.6954772472381592,,0.11773502826690674,,,,,0.9808700084686279,,,,,,,,,,,,,,,,,,,,,,,,
1,2959,,,,,0.20115183293819427,,0.059119924902915955,,0.0,,0.3886474370956421,,0.060556214302778244,,0.2862149775028229,,,0.25546199083328247,0.09641419351100922,,0.04018344730138779,,0.2698858380317688,,0.42738136649131775,,,0.6944925785064697,,0.060556214302778244,,,,,0.899115800857544,,,,,,,,,,,,,,,,,,,,,,,,
1,2969,,,,,0.39615398645401,,0.06608161330223083,,0.0,,0.41822129487991333,,0.12527404725551605,,0.29787677526474,,,0.2998808026313782,0.14027372002601624,,0.04017343372106552,,0.255484402179718,,0.7731800079345703,,,0.7504825592041016,,0.12527404725551605,,,,,1.1551499366760254,,,,,,,,,,,,,,,,,,,,,,,,
1,2979,,,,,0.16473053395748138,,0.05232377350330353,,0.0,,0.38334178924560547,,0.04878269135951996,,0.24720728397369385,,,0.27286604046821594,0.17442744970321655,,0.04429730400443077,,0.2758166193962097,,0.4209662973880768,,,0.7000555992126465,,0.04878269135951996,,,,,0.8898706436157227,,,,,,,,,,,,,,,,,,,,,,,,
1,2989,,,,,0.21371978521347046,,0.05794225260615349,,0.0,,0.21806195378303528,,0.9023266434669495,,0.20600026845932007,,,6.500183582305908,1.2276188135147095,,0.22104844450950623,,0.26688602566719055,,0.7819783091545105,,,1.1514846086502075,,0.9023266434669495,,,,,0.7654343843460083,,,,,,,,,,,,,,,,,,,,,,,,
1,2999,,,,,0.18860968947410583,,0.05656109005212784,,0.0,,0.39132973551750183,,0.08205009996891022,,0.242172971367836,,,0.24825415015220642,0.10334014892578125,,0.050123315304517746,,0.2593001127243042,,0.7603152394294739,,,0.6749812364578247,,0.08205009996891022,,,,,0.8641505241394043,,,,,,,,,,,,,,,,,,,,,,,,
1,3009,,,,,0.3088986277580261,,0.1002732366323471,,0.0,,0.4359283745288849,,0.09042489528656006,,0.3242076337337494,,,0.3121878504753113,0.17141392827033997,,0.0446394681930542,,0.30138909816741943,,0.8035849332809448,,,0.7240344285964966,,0.09042489528656006,,,,,1.1539185047149658,,,,,,,,,,,,,,,,,,,,,,,,
1,3019,,,,,0.24046263098716736,,0.0691412016749382,,0.0,,0.39113208651542664,,0.09280262887477875,,0.25063273310661316,,,0.28153282403945923,0.12171551585197449,,0.043458886444568634,,0.2729669213294983,,0.7827500104904175,,,0.7044280767440796,,0.09280262887477875,,,,,0.9557527303695679,,,,,,,,,,,,,,,,,,,,,,,,
1,3029,,,,,0.3734554052352905,,0.0781489759683609,,0.0,,0.4074600636959076,,0.12467008829116821,,0.2404845803976059,,,0.3408617377281189,0.12519371509552002,,0.04022401571273804,,0.25595515966415405,,0.5106550455093384,,,0.7124451398849487,,0.12467008829116821,,,,,1.117619514465332,,,,,,,,,,,,,,,,,,,,,,,,
1,3039,,,,,0.24022774398326874,,0.04861324653029442,,0.0,,0.48151203989982605,,1.0,,0.2318406105041504,,,0.0,0.0,,0.135520339012146,,0.28483885526657104,,0.6664817333221436,,,0.916642427444458,,1.0,,,,,0.8566431999206543,,,,,,,,,,,,,,,,,,,,,,,,
1,3049,,,,,0.26910823583602905,,0.07627986371517181,,0.0,,0.4172387719154358,,0.09913226962089539,,0.3505372405052185,,,0.2784448266029358,0.08609268814325333,,0.038565587252378464,,0.26783233880996704,,0.7933839559555054,,,0.6967507600784302,,0.09913226962089539,,,,,1.0266039371490479,,,,,,,,,,,,,,,,,,,,,,,,
1,3059,,,,,0.2073984593153,,0.017245911061763763,,0.0,,0.21728619933128357,,1.0,,0.2017887532711029,,,0.0,0.0,,195.5455322265625,,0.21575066447257996,,0.3943553566932678,,,1.0074281692504883,,1.0,,,,,0.5232134461402893,,,,,,,,,,,,,,,,,,,,,,,,
1,3069,,,,,0.4654751420021057,,0.05870053917169571,,0.0,,0.22004908323287964,,0.8743099570274353,,0.20123925805091858,,,5.868826866149902,0.7973103523254395,,0.30774426460266113,,0.2760292589664459,,0.6968796253204346,,,1.031171202659607,,0.8743099570274353,,,,,0.7264488935470581,,,,,,,,,,,,,,,,,,,,,,,,
1,3079,,,,,0.3060404658317566,,0.0578557625412941,,0.0,,0.22031700611114502,,0.9999032616615295,,0.20210576057434082,,,5.925652027130127,0.8757595419883728,,0.29591381549835205,,0.26345932483673096,,0.8792603015899658,,,1.1969119310379028,,0.9999032616615295,,,,,0.8114991188049316,,,,,,,,,,,,,,,,,,,,,,,,
1,3089,,,,,0.27230745553970337,,0.01838013157248497,,0.0,,0.198942631483078,,1.0,,0.20905464887619019,,,0.0,0.0,,190.4521484375,,0.21071398258209229,,0.46520543098449707,,,0.9836826920509338,,1.0,,,,,0.5511484146118164,,,,,,,,,,,,,,,,,,,,,,,,
1,3099,,,,,0.17109999060630798,,0.0680987536907196,,0.0,,0.3896263837814331,,0.06987451016902924,,0.2646257281303406,,,0.2557140588760376,0.03880993649363518,,0.044669024646282196,,0.26594558358192444,,0.8975550532341003,,,0.6707133054733276,,0.06987451016902924,,,,,0.834844708442688,,,,,,,,,,,,,,,,,,,,,,,,
1,3109,,,,,0.44173017144203186,,0.05503136292099953,,0.0,,0.19918760657310486,,1.0147655010223389,,0.2002030909061432,,,6.955357551574707,0.8908580541610718,,0.370879590511322,,0.2656545639038086,,0.7758088111877441,,,1.0647392272949219,,1.0147655010223389,,,,,0.7479427456855774,,,,,,,,,,,,,,,,,,,,,,,,
1,3119,,,,,0.2842400372028351,,0.07362425327301025,,0.0,,0.2162073701620102,,1.0078754425048828,,0.2019851803779602,,,3.779540538787842,1.113814353942871,,0.2526557445526123,,0.26084789633750916,,0.7364951372146606,,,0.9900162220001221,,1.0078754425048828,,,,,0.7445799112319946,,,,,,,,,,,,,,,,,,,,,,,,
1,3129,,,,,0.24498310685157776,,0.06715960800647736,,0.0,,0.4148404002189636,,0.09506462514400482,,0.2712947726249695,,,0.23476499319076538,0.04897814989089966,,0.03393504396080971,,0.2561350166797638,,0.8100723028182983,,,0.6530174016952515,,0.09506462514400482,,,,,0.9085371494293213,,,,,,,,,,,,,,,,,,,,,,,,
1,3139,,,,,0.19291459023952484,,0.053338926285505295,,0.0,,0.5156817436218262,,1.0,,0.23052337765693665,,,0.0,0.0,,0.181205153465271,,0.2915690243244171,,0.6924525499343872,,,1.2249776124954224,,1.0,,,,,0.891782820224762,,,,,,,,,,,,,,,,,,,,,,,,
1,3149,,,,,0.19117209315299988,,0.054092228412628174,,0.0,,0.38426923751831055,,0.07382781058549881,,0.22503602504730225,,,0.2871440649032593,0.11193114519119263,,0.033608805388212204,,0.2618720531463623,,0.7844248414039612,,,0.7032641172409058,,0.07382781058549881,,,,,0.8701488971710205,,,,,,,,,,,,,,,,,,,,,,,,
1,3159,,,,,0.27103373408317566,,0.07379909604787827,,0.0,,0.4116581380367279,,0.11207527667284012,,0.2564103305339813,,,0.26593899726867676,0.1057659164071083,,0.050509922206401825,,0.2500137388706207,,0.5221810340881348,,,0.6383957862854004,,0.11207527667284012,,,,,0.9780818223953247,,,,,,,,,,,,,,,,,,,,,,,,
1,3169,,,,,0.4210928976535797,,0.051095150411129,,0.0,,0.2208191603422165,,0.8445777893066406,,0.20031091570854187,,,4.211158752441406,0.7890343070030212,,0.3587969243526459,,0.25277650356292725,,0.7757806777954102,,,1.1847467422485352,,0.8445777893066406,,,,,0.7503911852836609,,,,,,,,,,,,,,,,,,,,,,,,
1,3179,,,,,0.21470937132835388,,0.06015949323773384,,0.0,,0.3967992067337036,,0.08573483675718307,,0.2969191074371338,,,0.28630194067955017,0.1266641467809677,,0.024105679243803024,,0.2721657156944275,,0.43784645199775696,,,0.6477280259132385,,0.08573483675718307,,,,,0.9462670087814331,,,,,,,,,,,,,,,,,,,,,,,,
1,3189,,,,,0.34418439865112305,,0.04796753451228142,,0.0,,0.1946355402469635,,0.9971872568130493,,0.2013568878173828,,,4.001718997955322,1.052879810333252,,0.3022981286048889,,0.26184549927711487,,0.7763053774833679,,,1.1272261142730713,,0.9971872568130493,,,,,0.741055428981781,,,,,,,,,,,,,,,,,,,,,,,,
1,3189,,,,,,,,,,,,,,,,,,,,,,,,,,,,,,,,,,,,,,1.0114191770553589,0.4430542588233948,0.11788184940814972,0.049522608518600464,0.087054543197155,0.0,0.42318835854530334,0.5196751356124878,0.25617751479148865,0.37280499935150146,0.39102455973625183,14.17259693145752,0.3372628390789032,0.5646697878837585,0.8887625932693481,0.26159828901290894,0.5196751356124878,0.7919704914093018,0.8827093839645386,0.5472851395606995,1.7677792310714722,1.9451627731323242
1,3189,0.14504149556159973,0.3717179298400879,0.07120366394519806,0.06954211741685867,,0.06418099254369736,,0.0,,0.3537306487560272,,0.5399647951126099,,0.24914617836475372,,0.2579824924468994,0.8030022382736206,,,45.524417877197266,,0.2891519069671631,,0.6435800790786743,,0.889768660068512,0.4930618107318878,,0.5399647951126099,,0.8295354247093201,0.9604561924934387,0.5972999930381775,0.9608893394470215,,0.4987925887107849,1.172966718673706,,,,,,,,,,,,,,,,,,,,,,
2,3199,,,,,0.3063962161540985,,0.070164754986763,,0.0,,0.41265225410461426,,0.1294134557247162,,0.26939231157302856,,,0.26813265681266785,0.07815618067979813,,0.03764168173074722,,0.2842247486114502,,0.7043564319610596,,,0.7139145135879517,,0.1294134557247162,,,,,1.0165785551071167,,,,,,,,,,,,,,,,,,,,,,,,
2,3209,,,,,0.3938060402870178,,0.05668045952916145,,0.0,,0.39090582728385925,,0.12795665860176086,,0.34557226300239563,,,0.288382351398468,0.31731367111206055,,0.03786186873912811,,0.24931219220161438,,0.7116926908493042,,,0.7183325290679932,,0.12795665860176086,,,,,1.2368202209472656,,,,,,,,,,,,,,,,,,,,,,,,
2,3219,,,,,0.2083606868982315,,0.06759816408157349,,0.0,,0.4052104949951172,,0.08480639010667801,,0.2435237467288971,,,0.2729000449180603,0.06686583906412125,,0.04208623990416527,,0.2610743045806885,,0.7455124855041504,,,0.6593191623687744,,0.08480639010667801,,,,,0.8879901170730591,,,,,,,,,,,,,,,,,,,,,,,,
2,3229,,,,,0.404927521944046,,0.06320665776729584,,0.0,,0.40247729420661926,,0.13637793064117432,,0.33876287937164307,,,0.2509254515171051,0.13443946838378906,,0.02739463560283184,,0.2645975649356842,,0.6773511171340942,,,0.725412905216217,,0.13637793064117432,,,,,1.145829439163208,,,,,,,,,,,,,,,,,,,,,,,,
2,3239,,,,,0.16376233100891113,,0.05935438349843025,,0.0,,0.22679565846920013,,0.9042871594429016,,0.20218472182750702,,,3.40946364402771,1.0448355674743652,,0.2966749668121338,,0.255053848028183,,0.7353509664535522,,,1.131616234779358,,0.9042871594429016,,,,,0.7393697500228882,,,,,,,,,,,,,,,,,,,,,,,,
2,3249,,,,,0.32166019082069397,,0.060185275971889496,,0.0,,0.22028250992298126,,1.0079814195632935,,0.20207417011260986,,,2.6330363750457764,1.0765379667282104,,0.30021947622299194,,0.2559722065925598,,0.829951286315918,,,1.4008910655975342,,1.0079814195632935,,,,,0.7842327356338501,,,,,,,,,,,,,,,,,,,,,,,,
2,3259,,,,,0.25069141387939453,,0.07079467922449112,,0.0,,0.4040067195892334,,0.11519253253936768,,0.26893025636672974,,,0.2488383948802948,0.12532204389572144,,0.03452131897211075,,0.2685364782810211,,0.4051735997200012,,,0.6897764205932617,,0.11519253253936768,,,,,0.9611663818359375,,,,,,,,,,,,,,,,,,,,,,,,
2,3269,,,,,0.34646594524383545,,0.059100352227687836,,0.0,,0.37035563588142395,,0.13617508113384247,,0.21982607245445251,,,0.2663607597351074,0.11301126331090927,,0.03052506595849991,,0.26793619990348816,,0.48018157482147217,,,0.6778283715248108,,0.13617508113384247,,,,,1.010023593902588,,,,,,,,,,,,,,,,,,,,,,,,
2,3279,,,,,0.14711728692054749,,0.05898143723607063,,0.0,,0.41446173191070557,,0.06528753787279129,,0.27342262864112854,,,0.25928232073783875,0.07346370071172714,,0.027482815086841583,,0.25594353675842285,,0.7263706922531128,,,0.6750720739364624,,0.06528753787279129,,,,,0.8286364078521729,,,,,,,,,,,,,,,,,,,,,,,,
2,3289,,,,,0.3800519108772278,,0.05943116545677185,,0.0,,0.3917286992073059,,0.1223236471414566,,0.2681918144226074,,,0.2666187286376953,0.14329230785369873,,0.03603527694940567,,0.2520054876804352,,0.8014819622039795,,,0.722259521484375,,0.1223236471414566,,,,,1.0887036323547363,,,,,,,,,,,,,,,,,,,,,,,,
2,3299,,,,,0.2690002918243408,,0.0426727756857872,,0.0,,0.45262598991394043,,1.0,,0.21389928460121155,,,0.0,0.0,,0.18131735920906067,,0.2691386938095093,,0.6231488585472107,,,0.9694721698760986,,1.0,,,,,0.8007427453994751,,,,,,,,,,,,,,,,,,,,,,,,
2,3309,,,,,0.1547403335571289,,0.04274613410234451,,0.0,,0.3924345076084137,,0.061691202223300934,,0.21739251911640167,,,0.23254887759685516,0.0784352719783783,,0.02443956956267357,,0.25412774085998535,,0.8067203760147095,,,0.6926177740097046,,0.061691202223300934,,,,,0.7758026123046875,,,,,,,,,,,,,,,,,,,,,,,,
2,3319,,,,,0.297557532787323,,0.06498297303915024,,0.0,,0.3837429881095886,,0.10973307490348816,,0.2556487023830414,,,0.24602770805358887,0.09026247262954712,,0.04982640594244003,,0.24171757698059082,,0.42175358533859253,,,0.6961807012557983,,0.10973307490348816,,,,,0.9636619687080383,,,,,,,,,,,,,,,,,,,,,,,,
2,3329,,,,,0.26562774181365967,,0.02419913560152054,,0.0,,0.2155194878578186,,1.0,,0.2327982783317566,,,0.0,0.0,,207.83544921875,,0.20913487672805786,,0.43053433299064636,,,1.0065665245056152,,1.0,,,,,0.5560930371284485,,,,,,,,,,,,,,,,,,,,,,,,
2,3339,,,,,0.3046676516532898,,0.057571716606616974,,0.0,,0.37025418877601624,,0.083952397108078,,0.24233749508857727,,,0.2530685365200043,0.1781211495399475,,0.03280423581600189,,0.24091693758964539,,0.6610965728759766,,,0.6815528273582458,,0.083952397108078,,,,,0.9922047853469849,,,,,,,,,,,,,,,,,,,,,,,,
2,3349,,,,,0.2789607346057892,,0.020763777196407318,,0.0,,0.16539569199085236,,1.0,,0.2065945714712143,,,0.0,0.0,,196.47557067871094,,0.20705634355545044,,0.4435684084892273,,,0.9932160377502441,,1.0,,,,,0.5216894149780273,,,,,,,,,,,,,,,,,,,,,,,,
2,3359,,,,,0.15839260816574097,,0.01855776458978653,,0.0,,0.20202390849590302,,1.0,,0.2084037959575653,,,0.0,0.0,,190.41796875,,0.20921941101551056,,0.4589541554450989,,,0.9866518974304199,,1.0,,,,,0.5485795140266418,,,,,,,,,,,,,,,,,,,,,,,,
2,3369,,,,,0.24707841873168945,,0.05857844278216362,,0.0,,0.392539918422699,,0.10062707960605621,,0.2897079288959503,,,0.24531671404838562,0.10402339696884155,,0.028657998889684677,,0.23749828338623047,,0.8247736692428589,,,0.6379067897796631,,0.10062707960605621,,,,,0.9252398014068604,,,,,,,,,,,,,,,,,,,,,,,,
2,3379,,,,,0.18467190861701965,,0.02007235586643219,,0.0,,0.17551088333129883,,1.0,,0.20280776917934418,,,0.0,0.0,,193.35166931152344,,0.20532530546188354,,0.5068667531013489,,,0.9946327805519104,,1.0,,,,,0.5552915334701538,,,,,,,,,,,,,,,,,,,,,,,,
2,3389,,,,,0.15420682728290558,,0.04579479992389679,,0.0,,0.3756043612957001,,0.07099805772304535,,0.3292026221752167,,,0.27061107754707336,0.03827524930238724,,0.041526615619659424,,0.2244580090045929,,0.462632417678833,,,0.6427470445632935,,0.07099805772304535,,,,,0.8169431090354919,,,,,,,,,,,,,,,,,,,,,,,,
2,3399,,,,,0.2790372967720032,,0.05190206319093704,,0.0,,0.4028671085834503,,0.10407306998968124,,0.2794612646102905,,,0.2483571171760559,0.04720480740070343,,0.036941319704055786,,0.23898708820343018,,0.43485644459724426,,,0.6687024235725403,,0.10407306998968124,,,,,0.9318976998329163,,,,,,,,,,,,,,,,,,,,,,,,
2,3409,,,,,0.26944851875305176,,0.06833513081073761,,0.0,,0.42651939392089844,,0.08584380149841309,,0.31621217727661133,,,0.3041212260723114,0.11094119399785995,,0.05370717495679855,,0.2718218266963959,,0.4116936922073364,,,0.701590359210968,,0.08584380149841309,,,,,1.0452775955200195,,,,,,,,,,,,,,,,,,,,,,,,
2,3419,,,,,0.3357212543487549,,0.0602574348449707,,0.0,,0.3870542049407959,,0.14822597801685333,,0.2613678574562073,,,0.2559720575809479,0.11009055376052856,,0.024638867005705833,,0.25067955255508423,,0.4657639265060425,,,0.7010312080383301,,0.14822597801685333,,,,,1.010751485824585,,,,,,,,,,,,,,,,,,,,,,,,
2,3429,,,,,0.1668010950088501,,0.019938331097364426,,0.0,,0.17898695170879364,,1.0,,0.20551104843616486,,,0.0,0.0,,201.36227416992188,,0.2185049057006836,,0.4275427460670471,,,1.0146669149398804,,1.0,,,,,0.5252419710159302,,,,,,,,,,,,,,,,,,,,,,,,
2,3439,,,,,0.21483533084392548,,0.05082648992538452,,0.0,,0.3821896016597748,,0.09293082356452942,,0.25194913148880005,,,0.2548935115337372,0.06331221014261246,,0.03329667076468468,,0.254131555557251,,0.40324270725250244,,,0.6602534651756287,,0.09293082356452942,,,,,0.8601349592208862,,,,,,,,,,,,,,,,,,,,,,,,
2,3449,,,,,0.20590254664421082,,0.05576501041650772,,0.0,,0.3892335891723633,,0.0671425610780716,,0.24638709425926208,,,0.25371578335762024,0.10626652836799622,,0.02453223243355751,,0.2471167892217636,,0.41530635952949524,,,0.6336352825164795,,0.0671425610780716,,,,,0.8674111366271973,,,,,,,,,,,,,,,,,,,,,,,,
2,3459,,,,,0.23237985372543335,,0.06319420039653778,,0.0,,0.38467952609062195,,0.09064120054244995,,0.23163068294525146,,,0.2494952529668808,0.07910759747028351,,0.06360077857971191,,0.26306813955307007,,0.791939377784729,,,0.6297168731689453,,0.09064120054244995,,,,,0.8997679948806763,,,,,,,,,,,,,,,,,,,,,,,,
2,3469,,,,,0.20346297323703766,,0.016755443066358566,,0.0,,0.20489510893821716,,1.0,,0.20568466186523438,,,0.0,0.0,,198.26451110839844,,0.21011173725128174,,0.3560265600681305,,,0.9926345348358154,,1.0,,,,,0.4967367649078369,,,,,,,,,,,,,,,,,,,,,,,,
2,3479,,,,,0.2744921147823334,,0.04382038488984108,,0.0,,0.361510694026947,,0.08881434053182602,,0.2884534001350403,,,0.28644439578056335,0.10521864145994186,,0.03090987727046013,,0.24702516198158264,,0.7328169345855713,,,0.6960967779159546,,0.08881434053182602,,,,,0.9561834335327148,,,,,,,,,,,,,,,,,,,,,,,,
2,3489,,,,,0.3315792679786682,,0.06074075400829315,,0.0,,0.2047741860151291,,0.8724927306175232,,0.20054133236408234,,,1.1854746341705322,1.3342715501785278,,0.25283512473106384,,0.25706684589385986,,0.7625677585601807,,,1.168790578842163,,0.8724927306175232,,,,,0.7428454160690308,,,,,,,,,,,,,,,,,,,,,,,,
2,3499,,,,,0.28086966276168823,,0.05505680292844772,,0.0,,0.1820884346961975,,1.0053050518035889,,0.2005777657032013,,,1.2720441818237305,0.9788342118263245,,0.2921973168849945,,0.2604549527168274,,0.7804696559906006,,,1.2254447937011719,,1.0053050518035889,,,,,0.7393237948417664,,,,,,,,,,,,,,,,,,,,,,,,
2,3509,,,,,0.270133912563324,,0.06682861596345901,,0.0,,0.20709800720214844,,0.9944511651992798,,0.20092780888080597,,,0.912783682346344,1.1638818979263306,,0.25231683254241943,,0.2485721856355667,,0.8165185451507568,,,1.4420350790023804,,0.9944511651992798,,,,,0.769972562789917,,,,,,,,,,,,,,,,,,,,,,,,
2,3519,,,,,0.42788052558898926,,0.05376405268907547,,0.0,,0.19498705863952637,,1.1706688404083252,,0.20137536525726318,,,0.8046619892120361,1.071129322052002,,0.32178062200546265,,0.24522431194782257,,0.7491228580474854,,,1.1454439163208008,,1.1706688404083252,,,,,0.7222368121147156,,,,,,,,,,,,,,,,,,,,,,,,
2,3529,,,,,0.18870705366134644,,0.07615824043750763,,0.0,,0.38329824805259705,,0.058350760489702225,,0.22127336263656616,,,0.21290335059165955,0.0793028473854065,,0.03497176617383957,,0.24676841497421265,,0.7645328044891357,,,0.6458005905151367,,0.058350760489702225,,,,,0.8160451650619507,,,,,,,,,,,,,,,,,,,,,,,,
2,3539,,,,,0.29462987184524536,,0.020844444632530212,,0.0,,0.19831065833568573,,1.0,,0.20406705141067505,,,0.0,0.0,,206.6014862060547,,0.20776015520095825,,0.37065058946609497,,,1.0460832118988037,,1.0,,,,,0.5008164644241333,,,,,,,,,,,,,,,,,,,,,,,,
2,3549,,,,,0.20693853497505188,,0.056060004979372025,,0.0,,0.3849167227745056,,0.07300067692995071,,0.24627745151519775,,,0.2293998897075653,0.08926889300346375,,0.03537863492965698,,0.23607204854488373,,0.3490997552871704,,,0.6606295108795166,,0.07300067692995071,,,,,0.8456254005432129,,,,,,,,,,,,,,,,,,,,,,,,
2,3559,,,,,0.23008263111114502,,0.05805886536836624,,0.0,,0.20622119307518005,,0.9826723337173462,,0.20307616889476776,,,1.3293874263763428,1.3919881582260132,,0.33718180656433105,,0.25700631737709045,,0.7347915172576904,,,1.2866322994232178,,0.9826723337173462,,,,,0.7295770645141602,,,,,,,,,,,,,,,,,,,,,,,,
2,3569,,,,,0.26651108264923096,,0.05647068843245506,,0.0,,0.3890780210494995,,0.10734228789806366,,0.2723839282989502,,,0.23826399445533752,0.0670090839266777,,0.041343312710523605,,0.23250775039196014,,0.5520980358123779,,,0.6685827970504761,,0.10734228789806366,,,,,0.9150394797325134,,,,,,,,,,,,,,,,,,,,,,,,
2,3579,,,,,0.25588420033454895,,0.06318304687738419,,0.0,,0.4131301939487457,,0.08674637973308563,,0.26534968614578247,,,0.26053375005722046,0.18108689785003662,,0.03219292312860489,,0.2401953935623169,,0.46795347332954407,,,0.6858181357383728,,0.08674637973308563,,,,,0.983720064163208,,,,,,,,,,,,,,,,,,,,,,,,
2,3589,,,,,0.21300359070301056,,0.05657670646905899,,0.0,,0.36544060707092285,,0.06585828959941864,,0.23508675396442413,,,0.2527989447116852,0.09514807164669037,,0.04278935492038727,,0.24364548921585083,,0.38723501563072205,,,0.6580284237861633,,0.06585828959941864,,,,,0.8587465286254883,,,,,,,,,,,,,,,,,,,,,,,,
2,3599,,,,,0.2965461015701294,,0.04808351397514343,,0.0,,0.20018796622753143,,1.085232138633728,,0.20085409283638,,,1.0923235416412354,0.9842121005058289,,0.3538611829280853,,0.2510380744934082,,0.8706952333450317,,,1.4448575973510742,,1.085232138633728,,,,,0.7854294776916504,,,,,,,,,,,,,,,,,,,,,,,,
2,3609,,,,,0.17239366471767426,,0.044376030564308167,,0.0,,0.8163126707077026,,1.0,,0.2190334051847458,,,0.0,0.0,,0.20239511132240295,,0.2849220037460327,,0.6264097690582275,,,0.8098012208938599,,1.0,,,,,0.995526909828186,,,,,,,,,,,,,,,,,,,,,,,,
2,3619,,,,,0.35806044936180115,,0.020013220608234406,,0.0,,0.21109455823898315,,1.0,,0.20416444540023804,,,0.0,0.0,,196.078857421875,,0.21318763494491577,,0.4757145047187805,,,0.9894624948501587,,1.0,,,,,0.5620871782302856,,,,,,,,,,,,,,,,,,,,,,,,
2,3629,,,,,0.2121596485376358,,0.06174369901418686,,0.0,,0.38440626859664917,,0.08677549660205841,,0.3032982051372528,,,0.23122863471508026,0.07290885597467422,,0.04359034448862076,,0.2601982355117798,,0.4072568118572235,,,0.6781226396560669,,0.08677549660205841,,,,,0.8908467292785645,,,,,,,,,,,,,,,,,,,,,,,,
2,3639,,,,,0.21712204813957214,,0.04354754090309143,,0.0,,0.22768160700798035,,1.1157220602035522,,0.1998731642961502,,,1.5808898210525513,1.270425796508789,,0.31917816400527954,,0.2450038194656372,,0.7517951130867004,,,1.4449477195739746,,1.1157220602035522,,,,,0.7339506149291992,,,,,,,,,,,,,,,,,,,,,,,,
2,3649,,,,,0.24636465311050415,,0.018451320007443428,,0.0,,0.1979341059923172,,1.0,,0.20637449622154236,,,0.0,0.0,,197.898681640625,,0.20909543335437775,,0.44824671745300293,,,1.003979206085205,,1.0,,,,,0.5400510430335999,,,,,,,,,,,,,,,,,,,,,,,,
2,3659,,,,,0.2279125154018402,,0.04419427737593651,,0.0,,0.36835145950317383,,0.06768646091222763,,0.2846996784210205,,,0.24726636707782745,0.04860416799783707,,0.0436355285346508,,0.23295150697231293,,0.7407671809196472,,,0.7012961506843567,,0.06768646091222763,,,,,0.8627640008926392,,,,,,,,,,,,,,,,,,,,,,,,
2,3669,,,,,0.1959836632013321,,0.06002332270145416,,0.0,,0.40182408690452576,,0.05403360351920128,,0.2788752615451813,,,0.3187086880207062,0.14594034850597382,,0.03398742526769638,,0.24965432286262512,,0.7074816226959229,,,0.6700555682182312,,0.05403360351920128,,,,,0.9404903054237366,,,,,,,,,,,,,,,,,,,,,,,,
2,3679,,,,,0.16182704269886017,,0.04106518626213074,,0.0,,0.20795045793056488,,1.1487997770309448,,0.2039393186569214,,,1.1025104522705078,0.9622013568878174,,0.3759618401527405,,0.24752193689346313,,0.8838411569595337,,,1.4610071182250977,,1.1487997770309448,,,,,0.7921590209007263,,,,,,,,,,,,,,,,,,,,,,,,
2,3689,,,,,0.38292229175567627,,0.05925772339105606,,0.0,,0.3902011811733246,,0.1505553126335144,,0.275352418422699,,,0.23595274984836578,0.09480330348014832,,0.03809816762804985,,0.2422179877758026,,0.4419673681259155,,,0.690198540687561,,0.1505553126335144,,,,,1.0508641004562378,,,,,,,,,,,,,,,,,,,,,,,,
2,3699,,,,,0.21737927198410034,,0.052925966680049896,,0.0,,0.36684367060661316,,0.08468785881996155,,0.24826596677303314,,,0.2651751637458801,0.06181010231375694,,0.04006253927946091,,0.2323860377073288,,0.5534034967422485,,,0.6675558090209961,,0.08468785881996155,,,,,0.8511139750480652,,,,,,,,,,,,,,,,,,,,,,,,
2,3709,,,,,0.19333967566490173,,0.06079404428601265,,0.0,,0.3531069755554199,,0.0509725883603096,,0.24016112089157104,,,0.25939297676086426,0.08755818009376526,,0.03714124858379364,,0.25106438994407654,,0.7828830480575562,,,0.686410665512085,,0.0509725883603096,,,,,0.8379491567611694,,,,,,,,,,,,,,,,,,,,,,,,
2,3719,,,,,0.26119789481163025,,0.044200848788022995,,0.0,,0.3677070438861847,,0.11090920865535736,,0.21790418028831482,,,0.2598849833011627,0.07129623740911484,,0.02587217465043068,,0.23908096551895142,,0.7519554495811462,,,0.6959710121154785,,0.11090920865535736,,,,,0.8741711378097534,,,,,,,,,,,,,,,,,,,,,,,,
2,3729,,,,,0.1318846493959427,,0.061766430735588074,,0.0,,0.3778565526008606,,0.04938327148556709,,0.2520698308944702,,,0.2809712588787079,0.10492102056741714,,0.036690689623355865,,0.23767629265785217,,0.3884294331073761,,,0.6790468096733093,,0.04938327148556709,,,,,0.8078607320785522,,,,,,,,,,,,,,,,,,,,,,,,
2,3739,,,,,0.26123231649398804,,0.06314069032669067,,0.0,,0.3735170364379883,,0.09934135526418686,,0.28011441230773926,,,0.2521418035030365,0.07046174257993698,,0.04705560952425003,,0.2500916123390198,,0.4272138774394989,,,0.639043927192688,,0.09934135526418686,,,,,0.92949378490448,,,,,,,,,,,,,,,,,,,,,,,,
2,3749,,,,,0.22170616686344147,,0.04649149626493454,,0.0,,0.38147878646850586,,0.07802075147628784,,0.2938106060028076,,,0.22078604996204376,0.1706283539533615,,0.03597893565893173,,0.23593538999557495,,0.7628498077392578,,,0.6584212779998779,,0.07802075147628784,,,,,0.914260983467102,,,,,,,,,,,,,,,,,,,,,,,,
2,3759,,,,,0.17746677994728088,,0.0536111444234848,,0.0,,0.3601952791213989,,0.03372907266020775,,0.26000097393989563,,,0.23826530575752258,0.15401244163513184,,0.03333333134651184,,0.24918988347053528,,0.806950032711029,,,0.6804659962654114,,0.03372907266020775,,,,,0.8517708778381348,,,,,,,,,,,,,,,,,,,,,,,,
2,3769,,,,,0.33497291803359985,,0.020632397383451462,,0.0,,0.1788979172706604,,1.0,,0.2093106061220169,,,0.0,0.0,,196.34146118164062,,0.20583108067512512,,0.5374064445495605,,,1.0267971754074097,,1.0,,,,,0.57603919506073,,,,,,,,,,,,,,,,,,,,,,,,
2,3779,,,,,0.2918560206890106,,0.053070418536663055,,0.0,,0.18284626305103302,,1.0293354988098145,,0.20154185593128204,,,0.9798446893692017,1.0509593486785889,,0.295983225107193,,0.2506256401538849,,0.7929017543792725,,,1.2779170274734497,,1.0293354988098145,,,,,0.7404929399490356,,,,,,,,,,,,,,,,,,,,,,,,
2,3789,,,,,0.32118719816207886,,0.05866307020187378,,0.0,,0.39229732751846313,,0.12130410969257355,,0.3263169825077057,,,0.2469203919172287,0.09354186058044434,,0.036795422434806824,,0.2692621946334839,,0.8053245544433594,,,0.6741865277290344,,0.12130410969257355,,,,,1.033085823059082,,,,,,,,,,,,,,,,,,,,,,,,
2,3799,,,,,0.21250510215759277,,0.04020329564809799,,0.0,,0.36940082907676697,,0.059496309608221054,,0.23984824120998383,,,0.2619751989841461,0.06480898708105087,,0.0239303857088089,,0.2623595595359802,,0.36912673711776733,,,0.691864013671875,,0.059496309608221054,,,,,0.843768298625946,,,,,,,,,,,,,,,,,,,,,,,,
2,3809,,,,,0.1616070568561554,,0.06481143832206726,,0.0,,0.22407153248786926,,0.8929034471511841,,0.1999366134405136,,,0.7513957023620605,0.9922735095024109,,0.33346685767173767,,0.2456253170967102,,0.7302016615867615,,,1.1738001108169556,,0.8929034471511841,,,,,0.7323232889175415,,,,,,,,,,,,,,,,,,,,,,,,
2,3819,,,,,0.14250823855400085,,0.03694392740726471,,0.0,,0.34990984201431274,,0.06243008375167847,,0.2988450229167938,,,0.2534346580505371,0.08502674102783203,,0.03819230943918228,,0.23862844705581665,,0.45546913146972656,,,0.6072801351547241,,0.06243008375167847,,,,,0.7929987907409668,,,,,,,,,,,,,,,,,,,,,,,,
2,3829,,,,,0.20245148241519928,,0.017117438837885857,,0.0,,0.18154899775981903,,1.0,,0.2025013566017151,,,0.0,0.0,,186.56698608398438,,0.20776385068893433,,0.495168536901474,,,1.0267459154129028,,1.0,,,,,0.5520501136779785,,,,,,,,,,,,,,,,,,,,,,,,
2,3839,,,,,0.22890043258666992,,0.03701627999544144,,0.0,,0.36921218037605286,,0.09844259172677994,,0.23637761175632477,,,0.23696672916412354,0.2323620766401291,,0.04058779031038284,,0.23979558050632477,,0.8709662556648254,,,0.6538522243499756,,0.09844259172677994,,,,,0.9250595569610596,,,,,,,,,,,,,,,,,,,,,,,,
2,3849,,,,,0.10869939625263214,,0.04805753752589226,,0.0,,0.3605485260486603,,0.03636588156223297,,0.2554388642311096,,,0.23971760272979736,0.0701640248298645,,0.027212493121623993,,0.2332654595375061,,0.378935843706131,,,0.6431896686553955,,0.03636588156223297,,,,,0.7259016633033752,,,,,,,,,,,,,,,,,,,,,,,,
2,3859,,,,,0.19956453144550323,,0.0661110132932663,,0.0,,0.1725773811340332,,0.9344210028648376,,0.20222505927085876,,,1.3931357860565186,1.0507837533950806,,0.34609198570251465,,0.2510048747062683,,0.7109684944152832,,,1.1366173028945923,,0.9344210028648376,,,,,0.7014434337615967,,,,,,,,,,,,,,,,,,,,,,,,
2,3869,,,,,0.34947770833969116,,0.045536503195762634,,0.0,,0.3637745678424835,,0.12441575527191162,,0.25593239068984985,,,0.2550438344478607,0.17629598081111908,,0.0482129268348217,,0.240680992603302,,0.7388051748275757,,,0.7387135028839111,,0.12441575527191162,,,,,1.0422163009643555,,,,,,,,,,,,,,,,,,,,,,,,
2,3879,,,,,0.16393747925758362,,0.06500828266143799,,0.0,,0.21512620151042938,,0.968974232673645,,0.2009163498878479,,,0.7938219308853149,0.8515060544013977,,0.25416040420532227,,0.24145826697349548,,0.8008309602737427,,,1.254541039466858,,0.968974232673645,,,,,0.7616699934005737,,,,,,,,,,,,,,,,,,,,,,,,
2,3889,,,,,0.21175673604011536,,0.04108244180679321,,0.0,,0.3602922558784485,,0.09491044282913208,,0.24031484127044678,,,0.3176511824131012,0.0723218321800232,,0.022029593586921692,,0.23251278698444366,,0.7356753349304199,,,0.6070542931556702,,0.09491044282913208,,,,,0.8548592329025269,,,,,,,,,,,,,,,,,,,,,,,,
2,3899,,,,,0.24879887700080872,,0.0454523079097271,,0.0,,0.36909550428390503,,0.09726078808307648,,0.2374393492937088,,,0.2499515861272812,0.0797741711139679,,0.030416034162044525,,0.23251384496688843,,0.36206865310668945,,,0.5939152240753174,,0.09726078808307648,,,,,0.8711202144622803,,,,,,,,,,,,,,,,,,,,,,,,
2,3909,,,,,0.307296484708786,,0.04271440953016281,,0.0,,0.36192455887794495,,0.13764360547065735,,0.21928107738494873,,,0.23723120987415314,0.0684630274772644,,0.035664722323417664,,0.22798509895801544,,0.697175145149231,,,0.6731804609298706,,0.13764360547065735,,,,,0.9039285182952881,,,,,,,,,,,,,,,,,,,,,,,,
2,3919,,,,,0.3163318634033203,,0.05406853184103966,,0.0,,0.3712093234062195,,0.094375379383564,,0.2642773985862732,,,0.24102909862995148,0.07368217408657074,,0.036281146109104156,,0.2555418610572815,,0.46240293979644775,,,0.6637586355209351,,0.094375379383564,,,,,0.9643766283988953,,,,,,,,,,,,,,,,,,,,,,,,
2,3929,,,,,0.13255825638771057,,0.019617870450019836,,0.0,,0.1492616981267929,,1.0,,0.2051558494567871,,,0.0,0.0,,195.02117919921875,,0.20844870805740356,,0.32778874039649963,,,0.9906340837478638,,1.0,,,,,0.45513641834259033,,,,,,,,,,,,,,,,,,,,,,,,
2,3939,,,,,0.37392204999923706,,0.05591743066906929,,0.0,,0.3799924850463867,,0.1821596324443817,,0.24098896980285645,,,0.2651892602443695,0.1632300615310669,,0.022328738123178482,,0.23909740149974823,,0.3690866231918335,,,0.7014101147651672,,0.1821596324443817,,,,,1.057294249534607,,,,,,,,,,,,,,,,,,,,,,,,
2,3949,,,,,0.17277097702026367,,0.056801628321409225,,0.0,,0.17273332178592682,,0.8928879499435425,,0.2014985829591751,,,0.8900255560874939,1.0400906801223755,,0.3502384424209595,,0.28779810667037964,,0.7077104449272156,,,1.0683547258377075,,0.8928879499435425,,,,,0.7132710218429565,,,,,,,,,,,,,,,,,,,,,,,,
2,3959,,,,,0.1366039216518402,,0.049128204584121704,,0.0,,0.22077348828315735,,1.0041333436965942,,0.20130276679992676,,,0.7277446389198303,1.0424926280975342,,0.2793007791042328,,0.26925772428512573,,0.6797171235084534,,,1.2413079738616943,,1.0041333436965942,,,,,0.7100896835327148,,,,,,,,,,,,,,,,,,,,,,,,
2,3969,,,,,0.24851886928081512,,0.05206854268908501,,0.0,,0.3710235059261322,,0.11207014322280884,,0.28229156136512756,,,0.2519000172615051,0.055689968168735504,,0.021673455834388733,,0.24242353439331055,,0.7944226264953613,,,0.6790720820426941,,0.11207014322280884,,,,,0.8870541453361511,,,,,,,,,,,,,,,,,,,,,,,,
2,3979,,,,,0.22584381699562073,,0.04090585932135582,,0.0,,0.20425191521644592,,1.0016306638717651,,0.2015817016363144,,,0.8270137906074524,0.8974024653434753,,0.47822627425193787,,0.31642234325408936,,0.8198229074478149,,,1.1717143058776855,,1.0016306638717651,,,,,0.7914923429489136,,,,,,,,,,,,,,,,,,,,,,,,
2,3989,,,,,0.21428973972797394,,0.045835889875888824,,0.0,,0.351544052362442,,0.09337381273508072,,0.24331778287887573,,,0.28527265787124634,0.12849043309688568,,0.021738093346357346,,0.2426823526620865,,0.7411820888519287,,,0.6758949756622314,,0.09337381273508072,,,,,0.8737303614616394,,,,,,,,,,,,,,,,,,,,,,,,
2,3999,,,,,0.1885104477405548,,0.07083991169929504,,0.0,,0.3592618703842163,,0.08178549259901047,,0.27466219663619995,,,0.22940188646316528,0.10636954009532928,,0.037488408386707306,,0.24089345335960388,,0.400828093290329,,,0.6657857894897461,,0.08178549259901047,,,,,0.8479690551757812,,,,,,,,,,,,,,,,,,,,,,,,
2,4009,,,,,0.18273267149925232,,0.020161591470241547,,0.0,,0.15767914056777954,,1.0,,0.202523872256279,,,0.0,0.0,,203.85797119140625,,0.2037501037120819,,0.4142332673072815,,,1.0210161209106445,,1.0,,,,,0.49917399883270264,,,,,,,,,,,,,,,,,,,,,,,,
2,4019,,,,,0.19622021913528442,,0.045058123767375946,,0.0,,0.3385423719882965,,0.09104204922914505,,0.21897052228450775,,,0.2309705913066864,0.09740187972784042,,0.02684265747666359,,0.2288554310798645,,0.3625391721725464,,,0.6697900295257568,,0.09104204922914505,,,,,0.7895410060882568,,,,,,,,,,,,,,,,,,,,,,,,
2,4029,,,,,0.22845861315727234,,0.01858799159526825,,0.0,,0.16113847494125366,,1.0,,0.20436324179172516,,,0.0,0.0,,194.3985595703125,,0.2131919413805008,,0.350078284740448,,,1.0068084001541138,,1.0,,,,,0.47367995977401733,,,,,,,,,,,,,,,,,,,,,,,,
2,4039,,,,,0.2418743371963501,,0.04627546668052673,,0.0,,0.18700602650642395,,0.9408844709396362,,0.20067903399467468,,,1.337510585784912,1.2962712049484253,,0.2117520570755005,,0.26165395975112915,,0.7393995523452759,,,2.1138792037963867,,0.9408844709396362,,,,,0.717507004737854,,,,,,,,,,,,,,,,,,,,,,,,
2,4049,,,,,0.19627542793750763,,0.06003686040639877,,0.0,,0.3696325123310089,,0.07853861153125763,,0.2351885885000229,,,0.2262633740901947,0.099835105240345,,0.033381130546331406,,0.2551179528236389,,0.39694637060165405,,,0.6231745481491089,,0.07853861153125763,,,,,0.8360031843185425,,,,,,,,,,,,,,,,,,,,,,,,
2,4059,,,,,0.44971418380737305,,0.05310387909412384,,0.0,,0.36936044692993164,,0.17150720953941345,,0.25446680188179016,,,0.26244452595710754,0.06567829102277756,,0.03557834029197693,,0.2537686228752136,,0.36700206995010376,,,0.6809214353561401,,0.17150720953941345,,,,,1.096914529800415,,,,,,,,,,,,,,,,,,,,,,,,
2,4069,,,,,0.21853038668632507,,0.0568203330039978,,0.0,,0.3581312894821167,,0.09917251020669937,,0.22181257605552673,,,0.24253372848033905,0.19670414924621582,,0.036778032779693604,,0.2413826584815979,,0.6866461038589478,,,0.6635946035385132,,0.09917251020669937,,,,,0.8956117630004883,,,,,,,,,,,,,,,,,,,,,,,,
2,4079,,,,,0.27139759063720703,,0.014576118439435959,,0.0,,0.18657442927360535,,1.0,,0.20362414419651031,,,0.0,0.0,,189.3248291015625,,0.20852431654930115,,0.4135660231113434,,,1.0121440887451172,,1.0,,,,,0.513432502746582,,,,,,,,,,,,,,,,,,,,,,,,
2,4089,,,,,0.26992613077163696,,0.043790094554424286,,0.0,,0.17664150893688202,,0.9190940856933594,,0.20104949176311493,,,1.144933819770813,0.884304404258728,,0.34780532121658325,,0.2520903944969177,,0.8759403228759766,,,1.226141095161438,,0.9190940856933594,,,,,0.7747559547424316,,,,,,,,,,,,,,,,,,,,,,,,
2,4099,,,,,0.3489643931388855,,0.055197663605213165,,0.0,,0.3631216585636139,,0.11997345834970474,,0.21812638640403748,,,0.23867811262607574,0.04082103446125984,,0.033706702291965485,,0.23540568351745605,,0.7188833951950073,,,0.7277304530143738,,0.11997345834970474,,,,,0.9414929747581482,,,,,,,,,,,,,,,,,,,,,,,,
2,4109,,,,,0.436656653881073,,0.0632406622171402,,0.0,,0.38225364685058594,,0.15541842579841614,,0.26629966497421265,,,0.23718176782131195,0.13781288266181946,,0.04763419181108475,,0.24927829205989838,,0.4254673719406128,,,0.6824728846549988,,0.15541842579841614,,,,,1.128507137298584,,,,,,,,,,,,,,,,,,,,,,,,
2,4119,,,,,0.13808618485927582,,0.05613083019852638,,0.0,,0.19307735562324524,,1.0715861320495605,,0.20259076356887817,,,1.407578945159912,1.350623369216919,,0.36657726764678955,,0.25267696380615234,,0.7789174318313599,,,1.2158080339431763,,1.0715861320495605,,,,,0.7416967153549194,,,,,,,,,,,,,,,,,,,,,,,,
2,4129,,,,,0.13911035656929016,,0.05783351510763168,,0.0,,0.18776163458824158,,1.0082015991210938,,0.20187897980213165,,,0.8386951684951782,1.1541534662246704,,0.3085019588470459,,0.25685733556747437,,0.7830178141593933,,,1.1792900562286377,,1.0082015991210938,,,,,0.743674635887146,,,,,,,,,,,,,,,,,,,,,,,,
2,4139,,,,,0.25997787714004517,,0.04804113507270813,,0.0,,0.17953357100486755,,0.8847638964653015,,0.19946014881134033,,,1.1048065423965454,1.1017497777938843,,0.2676851749420166,,0.23894363641738892,,0.7398103475570679,,,1.2831822633743286,,0.8847638964653015,,,,,0.7028944492340088,,,,,,,,,,,,,,,,,,,,,,,,
2,4149,,,,,0.19823196530342102,,0.04690229147672653,,0.0,,0.18566080927848816,,1.1059391498565674,,0.2010612040758133,,,1.320155143737793,1.2099061012268066,,0.3934211730957031,,0.2596322298049927,,0.6591391563415527,,,1.3698406219482422,,1.1059391498565674,,,,,0.67619788646698,,,,,,,,,,,,,,,,,,,,,,,,
2,4159,,,,,0.22000543773174286,,0.06562209129333496,,0.0,,0.3539576530456543,,0.08678309619426727,,0.22055047750473022,,,0.2667032480239868,0.18260271847248077,,0.03818058595061302,,0.2519708275794983,,0.372028112411499,,,0.7138915061950684,,0.08678309619426727,,,,,0.9097992777824402,,,,,,,,,,,,,,,,,,,,,,,,
2,4169,,,,,0.22219811379909515,,0.04483819752931595,,0.0,,0.35602229833602905,,0.06134834140539169,,0.2182062715291977,,,0.27379459142684937,0.13411948084831238,,0.04389595240354538,,0.25255709886550903,,0.846001923084259,,,0.6998422145843506,,0.06134834140539169,,,,,0.8839150667190552,,,,,,,,,,,,,,,,,,,,,,,,
2,4179,,,,,0.2423393428325653,,0.02072962373495102,,0.0,,0.18324707448482513,,1.0,,0.20118626952171326,,,0.0,0.0,,202.787109375,,0.2035486251115799,,0.34265729784965515,,,1.0123603343963623,,1.0,,,,,0.4756844639778137,,,,,,,,,,,,,,,,,,,,,,,,
2,4189,,,,,0.23256298899650574,,0.045108992606401443,,0.0,,0.17426636815071106,,1.0305078029632568,,0.2006552666425705,,,0.8331195116043091,0.9980171918869019,,0.31032073497772217,,0.24218980967998505,,0.8251572847366333,,,1.4372141361236572,,1.0305078029632568,,,,,0.7436888217926025,,,,,,,,,,,,,,,,,,,,,,,,
2,4199,,,,,0.07931531965732574,,0.050111353397369385,,0.0,,0.31999853253364563,,0.02885068953037262,,0.2617713212966919,,,0.2816621959209442,0.05145370215177536,,0.03459950536489487,,0.22039103507995605,,0.6666578054428101,,,0.6679767370223999,,0.02885068953037262,,,,,0.6893091201782227,,,,,,,,,,,,,,,,,,,,,,,,
2,4209,,,,,0.24750801920890808,,0.0377124547958374,,0.0,,0.16338899731636047,,1.0804786682128906,,0.20004437863826752,,,1.1337300539016724,0.996475100517273,,0.2801660895347595,,0.24873389303684235,,0.7251443862915039,,,1.226068377494812,,1.0804786682128906,,,,,0.6875120401382446,,,,,,,,,,,,,,,,,,,,,,,,
2,4219,,,,,0.07720261067152023,,0.01994185522198677,,0.0,,0.15399818122386932,,1.0,,0.2042231261730194,,,0.0,0.0,,191.3603515625,,0.21172603964805603,,0.3569961190223694,,,0.983688235282898,,1.0,,,,,0.4734426438808441,,,,,,,,,,,,,,,,,,,,,,,,
2,4229,,,,,0.21737021207809448,,0.05088052898645401,,0.0,,0.3607802987098694,,0.0917419046163559,,0.29410648345947266,,,0.2246420532464981,0.06216863915324211,,0.030220583081245422,,0.22718043625354767,,0.4553130269050598,,,0.6610653400421143,,0.0917419046163559,,,,,0.842359721660614,,,,,,,,,,,,,,,,,,,,,,,,
2,4239,,,,,0.1911953240633011,,0.03455003350973129,,0.0,,0.33717137575149536,,0.058708883821964264,,0.22443151473999023,,,0.2998233139514923,0.13501399755477905,,0.02292477712035179,,0.22651635110378265,,0.41516730189323425,,,0.6664884090423584,,0.058708883821964264,,,,,0.8314110040664673,,,,,,,,,,,,,,,,,,,,,,,,
2,4249,,,,,0.1815064251422882,,0.018052123486995697,,0.0,,0.15527530014514923,,1.0,,0.20543651282787323,,,0.0,0.0,,199.3195037841797,,0.2077535092830658,,0.400837779045105,,,0.994665801525116,,1.0,,,,,0.49367761611938477,,,,,,,,,,,,,,,,,,,,,,,,
2,4259,,,,,0.20006360113620758,,0.05109787732362747,,0.0,,0.3373655676841736,,0.06467267870903015,,0.23945128917694092,,,0.24653424322605133,0.07505457103252411,,0.026935992762446404,,0.23980629444122314,,0.7343153953552246,,,0.6151516437530518,,0.06467267870903015,,,,,0.8081865310668945,,,,,,,,,,,,,,,,,,,,,,,,
2,4269,,,,,0.18271160125732422,,0.05082543194293976,,0.0,,0.35551682114601135,,0.07294481992721558,,0.23886045813560486,,,0.2181657999753952,0.05688248947262764,,0.028743792325258255,,0.2296096384525299,,0.765870213508606,,,0.6989156007766724,,0.07294481992721558,,,,,0.7720138430595398,,,,,,,,,,,,,,,,,,,,,,,,
2,4279,,,,,0.23915579915046692,,0.014817239716649055,,0.0,,0.16930903494358063,,1.0,,0.20177540183067322,,,0.0,0.0,,186.99923706054688,,0.19903261959552765,,0.43936246633529663,,,0.9936816692352295,,1.0,,,,,0.512148380279541,,,,,,,,,,,,,,,,,,,,,,,,
2,4289,,,,,0.10458024591207504,,0.014202713966369629,,0.0,,0.1732414811849594,,1.0,,0.20684078335762024,,,0.0,0.0,,206.7178955078125,,0.20160254836082458,,0.3390304446220398,,,1.0064704418182373,,1.0,,,,,0.4674589931964874,,,,,,,,,,,,,,,,,,,,,,,,
2,4299,,,,,0.14562135934829712,,0.05281052365899086,,0.0,,0.19887800514698029,,0.9188438057899475,,0.20074908435344696,,,0.8884067535400391,0.8979817628860474,,0.24647580087184906,,0.24538621306419373,,0.7311373949050903,,,1.3914389610290527,,0.9188438057899475,,,,,0.7144806385040283,,,,,,,,,,,,,,,,,,,,,,,,
2,4309,,,,,0.15013059973716736,,0.05333353579044342,,0.0,,0.1827317178249359,,1.146010398864746,,0.19990968704223633,,,1.4645904302597046,0.7716867923736572,,0.32726794481277466,,0.2410564422607422,,0.7402545213699341,,,1.0726664066314697,,1.146010398864746,,,,,0.7086429595947266,,,,,,,,,,,,,,,,,,,,,,,,
2,4319,,,,,0.2292453646659851,,0.01810004562139511,,0.0,,0.18416792154312134,,1.0,,0.2055840939283371,,,0.0,0.0,,194.15325927734375,,0.20365747809410095,,0.47483348846435547,,,1.0053648948669434,,1.0,,,,,0.5431715250015259,,,,,,,,,,,,,,,,,,,,,,,,
2,4329,,,,,0.2546238303184509,,0.0451667383313179,,0.0,,0.2500326931476593,,0.9096937775611877,,0.20117881894111633,,,0.9064232707023621,1.0350167751312256,,0.3028547167778015,,0.2242000699043274,,0.8420747518539429,,,1.1301909685134888,,0.9096937775611877,,,,,0.7813265323638916,,,,,,,,,,,,,,,,,,,,,,,,
2,4339,,,,,0.23964187502861023,,0.052230075001716614,,0.0,,0.21284371614456177,,1.0330288410186768,,0.2003498375415802,,,1.1861387491226196,0.9816135168075562,,0.3622305393218994,,0.246532142162323,,0.7549208402633667,,,1.2620450258255005,,1.0330288410186768,,,,,0.7334383130073547,,,,,,,,,,,,,,,,,,,,,,,,
2,4349,,,,,0.12078554928302765,,0.05821573734283447,,0.0,,0.3627382218837738,,0.04149257391691208,,0.24288241565227509,,,0.24458035826683044,0.12087877094745636,,0.022025540471076965,,0.2460184097290039,,0.7386020421981812,,,0.6666432619094849,,0.04149257391691208,,,,,0.7694553136825562,,,,,,,,,,,,,,,,,,,,,,,,
2,4359,,,,,0.12958981096744537,,0.04640529304742813,,0.0,,0.35733240842819214,,0.04431647062301636,,0.23555150628089905,,,0.24461579322814941,0.06139559671282768,,0.01683473400771618,,0.233290895819664,,0.4606783986091614,,,0.655901312828064,,0.04431647062301636,,,,,0.7273029088973999,,,,,,,,,,,,,,,,,,,,,,,,
2,4369,,,,,0.15359799563884735,,0.016945745795965195,,0.0,,0.20596462488174438,,1.0,,0.20066213607788086,,,0.0,0.0,,199.57701110839844,,0.22618871927261353,,0.4288114011287689,,,0.9936621189117432,,1.0,,,,,0.5392863154411316,,,,,,,,,,,,,,,,,,,,,,,,
2,4379,,,,,0.12996812164783478,,0.03819206729531288,,0.0,,0.39022296667099,,0.048886969685554504,,0.22869163751602173,,,0.30671340227127075,0.04587378725409508,,0.03300778567790985,,0.23304718732833862,,0.44549959897994995,,,0.6490082740783691,,0.048886969685554504,,,,,0.7678425312042236,,,,,,,,,,,,,,,,,,,,,,,,
2,4389,,,,,0.2962271571159363,,0.054794080555438995,,0.0,,0.35717374086380005,,0.12288390100002289,,0.2797742486000061,,,0.2929200232028961,0.06925129890441895,,0.033783670514822006,,0.25969046354293823,,0.6974015235900879,,,0.6782476305961609,,0.12288390100002289,,,,,0.9699208736419678,,,,,,,,,,,,,,,,,,,,,,,,
2,4399,,,,,0.07545757293701172,,0.03138604015111923,,0.0,,0.34423840045928955,,0.02777152881026268,,0.2174616903066635,,,0.24163497984409332,0.07545873522758484,,0.029050534591078758,,0.22883452475070953,,0.7230515480041504,,,0.6479666233062744,,0.02777152881026268,,,,,0.6594899892807007,,,,,,,,,,,,,,,,,,,,,,,,
2,4409,,,,,0.2618617117404938,,0.015590457245707512,,0.0,,0.17253291606903076,,1.0,,0.20134764909744263,,,0.0,0.0,,197.1096649169922,,0.20784667134284973,,0.41765058040618896,,,1.0743974447250366,,1.0,,,,,0.5074841380119324,,,,,,,,,,,,,,,,,,,,,,,,
2,4419,,,,,0.14208674430847168,,0.05565047264099121,,0.0,,0.3539939522743225,,0.03901088237762451,,0.23222370445728302,,,0.23097029328346252,0.0694788470864296,,0.02877628803253174,,0.23702262341976166,,0.36373716592788696,,,0.6407507061958313,,0.03901088237762451,,,,,0.7461448311805725,,,,,,,,,,,,,,,,,,,,,,,,
2,4429,,,,,0.20992398262023926,,0.03463892638683319,,0.0,,0.16778115928173065,,0.9878250956535339,,0.20114873349666595,,,0.6601141095161438,1.204264760017395,,0.2653871178627014,,0.2240498811006546,,0.8525582551956177,,,2.0191497802734375,,0.9878250956535339,,,,,0.7400884628295898,,,,,,,,,,,,,,,,,,,,,,,,
2,4439,,,,,0.38023704290390015,,0.043308474123477936,,0.0,,0.20658163726329803,,1.0901657342910767,,0.2028081864118576,,,0.9892491698265076,1.0563079118728638,,0.3191165626049042,,0.2453906536102295,,0.7640724778175354,,,1.2853562831878662,,1.0901657342910767,,,,,0.7310807108879089,,,,,,,,,,,,,,,,,,,,,,,,
2,4449,,,,,0.2550422251224518,,0.03611477091908455,,0.0,,0.37582290172576904,,0.09178595244884491,,0.23825901746749878,,,0.23777279257774353,0.1155441477894783,,0.037152841687202454,,0.22283951938152313,,0.6914777755737305,,,0.659459114074707,,0.09178595244884491,,,,,0.8867952823638916,,,,,,,,,,,,,,,,,,,,,,,,
2,4459,,,,,0.18014806509017944,,0.038934312760829926,,0.0,,0.3448870778083801,,0.08764128386974335,,0.21771322190761566,,,0.23860923945903778,0.06863497942686081,,0.01821482926607132,,0.21843214333057404,,0.306163489818573,,,0.641266942024231,,0.08764128386974335,,,,,0.752860963344574,,,,,,,,,,,,,,,,,,,,,,,,
2,4469,,,,,0.38130462169647217,,0.04957113042473793,,0.0,,0.35769879817962646,,0.17298468947410583,,0.24648311734199524,,,0.19368599355220795,0.06753320246934891,,0.025848960503935814,,0.21535713970661163,,0.7568367123603821,,,0.6741361618041992,,0.17298468947410583,,,,,0.9593937993049622,,,,,,,,,,,,,,,,,,,,,,,,
2,4479,,,,,0.2101459801197052,,0.03769521042704582,,0.0,,0.324346661567688,,0.09392791986465454,,0.23925906419754028,,,0.2874603569507599,0.11616460233926773,,0.020331639796495438,,0.2239503562450409,,0.6393020749092102,,,0.6204128861427307,,0.09392791986465454,,,,,0.8347499370574951,,,,,,,,,,,,,,,,,,,,,,,,
2,4489,,,,,0.21502827107906342,,0.04049641638994217,,0.0,,0.33909571170806885,,0.09800209850072861,,0.2327820062637329,,,0.22820861637592316,0.03566358983516693,,0.01958732306957245,,0.23471909761428833,,0.7048923969268799,,,0.6606388688087463,,0.09800209850072861,,,,,0.7803046703338623,,,,,,,,,,,,,,,,,,,,,,,,
2,4499,,,,,0.22668613493442535,,0.053341515362262726,,0.0,,0.16708272695541382,,1.0677359104156494,,0.2018897980451584,,,1.0618207454681396,1.1405293941497803,,0.3307618498802185,,0.22777031362056732,,0.7027870416641235,,,1.0912724733352661,,1.0677359104156494,,,,,0.6764357089996338,,,,,,,,,,,,,,,,,,,,,,,,
2,4509,,,,,0.19840113818645477,,0.03666561841964722,,0.0,,0.19248132407665253,,1.03048574924469,,0.19973358511924744,,,1.4386374950408936,0.8257040977478027,,0.4893508851528168,,0.2275191843509674,,0.6948037147521973,,,1.3835738897323608,,1.03048574924469,,,,,0.6756017208099365,,,,,,,,,,,,,,,,,,,,,,,,
2,4519,,,,,0.20380528271198273,,0.052335213869810104,,0.0,,0.16351930797100067,,1.0175812244415283,,0.19994287192821503,,,1.4727275371551514,1.1696382761001587,,0.23221731185913086,,0.2250816822052002,,0.6911985874176025,,,1.0690953731536865,,1.0175812244415283,,,,,0.6660388708114624,,,,,,,,,,,,,,,,,,,,,,,,
2,4529,,,,,0.23164615035057068,,0.044168829917907715,,0.0,,0.3512769937515259,,0.08239532262086868,,0.2610999643802643,,,0.24986205995082855,0.062269870191812515,,0.027152908965945244,,0.2426270693540573,,0.6471037864685059,,,0.6548739671707153,,0.08239532262086868,,,,,0.8508750200271606,,,,,,,,,,,,,,,,,,,,,,,,
2,4539,,,,,0.1081022322177887,,0.01583402045071125,,0.0,,0.18305830657482147,,1.0,,0.20220091938972473,,,0.0,0.0,,191.9935302734375,,0.19453497231006622,,0.3162049651145935,,,1.0319029092788696,,1.0,,,,,0.4559166133403778,,,,,,,,,,,,,,,,,,,,,,,,
2,4549,,,,,0.23394519090652466,,0.018496278673410416,,0.0,,0.15329468250274658,,1.0,,0.20146799087524414,,,0.0,0.0,,192.3395233154297,,0.19569498300552368,,0.3567724823951721,,,1.0043609142303467,,1.0,,,,,0.4628632068634033,,,,,,,,,,,,,,,,,,,,,,,,
2,4559,,,,,0.16435129940509796,,0.02144329622387886,,0.0,,0.1574678272008896,,1.0,,0.22240012884140015,,,0.0,0.0,,191.8997039794922,,0.19452375173568726,,0.3014596104621887,,,1.0386962890625,,1.0,,,,,0.44864732027053833,,,,,,,,,,,,,,,,,,,,,,,,
2,4569,,,,,0.25144773721694946,,0.016399262472987175,,0.0,,0.19687455892562866,,1.0,,0.20400691032409668,,,0.0,0.0,,193.3025360107422,,0.20320117473602295,,0.4224328398704529,,,1.03328275680542,,1.0,,,,,0.5214573740959167,,,,,,,,,,,,,,,,,,,,,,,,
2,4579,,,,,0.12856711447238922,,0.02822462096810341,,0.0,,0.16589179635047913,,1.0905389785766602,,0.1997382491827011,,,1.1255607604980469,1.0226680040359497,,0.3442912697792053,,0.21290630102157593,,0.6499747633934021,,,1.1342990398406982,,1.0905389785766602,,,,,0.6283679008483887,,,,,,,,,,,,,,,,,,,,,,,,
2,4589,,,,,0.10777660459280014,,0.04901348426938057,,0.0,,0.34038954973220825,,0.04287111759185791,,0.22620506584644318,,,0.2107165902853012,0.042016882449388504,,0.021027347072958946,,0.22028133273124695,,0.720594048500061,,,0.6376299858093262,,0.04287111759185791,,,,,0.6626016497612,,,,,,,,,,,,,,,,,,,,,,,,
2,4599,,,,,0.10618502646684647,,0.03846251219511032,,0.0,,0.15359267592430115,,1.0030016899108887,,0.19940285384655,,,0.7320555448532104,0.9250040650367737,,0.4616592526435852,,0.23537284135818481,,0.7271007299423218,,,1.567873239517212,,1.0030016899108887,,,,,0.6769658327102661,,,,,,,,,,,,,,,,,,,,,,,,
2,4609,,,,,0.10966400802135468,,0.04214742034673691,,0.0,,0.17210926115512848,,1.0856399536132812,,0.19996292889118195,,,0.9743726849555969,1.042229413986206,,0.5106642246246338,,0.2346946895122528,,0.689628005027771,,,1.0551164150238037,,1.0856399536132812,,,,,0.6692711710929871,,,,,,,,,,,,,,,,,,,,,,,,
2,4619,,,,,0.06928423047065735,,0.04688845947384834,,0.0,,0.3320881724357605,,0.022149628028273582,,0.26338499784469604,,,0.22851130366325378,0.052517279982566833,,0.03384485840797424,,0.2222909778356552,,0.3222661316394806,,,0.6442399024963379,,0.022149628028273582,,,,,0.6590472459793091,,,,,,,,,,,,,,,,,,,,,,,,
2,4629,,,,,0.15559086203575134,,0.06206914782524109,,0.0,,0.36021995544433594,,0.06683914363384247,,0.2470501959323883,,,0.23468658328056335,0.0757458359003067,,0.03866342082619667,,0.2395356297492981,,0.6947914361953735,,,0.68110191822052,,0.06683914363384247,,,,,0.7845762968063354,,,,,,,,,,,,,,,,,,,,,,,,
2,4639,,,,,0.3240986764431,,0.03385942429304123,,0.0,,0.32394376397132874,,0.15187877416610718,,0.2226720154285431,,,0.24885374307632446,0.08319091796875,,0.020814958959817886,,0.22015902400016785,,0.4432218670845032,,,0.6692267060279846,,0.15187877416610718,,,,,0.9008456468582153,,,,,,,,,,,,,,,,,,,,,,,,
2,4649,,,,,0.1365809440612793,,0.04481425881385803,,0.0,,0.3360217809677124,,0.062075067311525345,,0.28628674149513245,,,0.27434930205345154,0.04284225404262543,,0.023386133834719658,,0.2280953824520111,,0.7815951108932495,,,0.6203843951225281,,0.062075067311525345,,,,,0.7544788718223572,,,,,,,,,,,,,,,,,,,,,,,,
2,4659,,,,,0.0917363241314888,,0.0456499382853508,,0.0,,0.325491338968277,,0.03783971816301346,,0.25507938861846924,,,0.2314913123846054,0.051958952099084854,,0.018467990681529045,,0.23364423215389252,,0.37693095207214355,,,0.6461671590805054,,0.03783971816301346,,,,,0.672627866268158,,,,,,,,,,,,,,,,,,,,,,,,
2,4669,,,,,0.19384509325027466,,0.018396083265542984,,0.0,,0.16154271364212036,,1.0,,0.2008596807718277,,,0.0,0.0,,199.9017791748047,,0.1923198103904724,,0.5177369713783264,,,1.0042145252227783,,1.0,,,,,0.5454276204109192,,,,,,,,,,,,,,,,,,,,,,,,
2,4679,,,,,0.11469587683677673,,0.04362060874700546,,0.0,,0.3253816068172455,,0.039089806377887726,,0.21401619911193848,,,0.20390239357948303,0.05631481483578682,,0.014300202950835228,,0.222592294216156,,0.31258031725883484,,,0.678508996963501,,0.039089806377887726,,,,,0.6547598838806152,,,,,,,,,,,,,,,,,,,,,,,,
2,4689,,,,,0.22809015214443207,,0.016048038378357887,,0.0,,0.15378925204277039,,1.0,,0.20253720879554749,,,0.0,0.0,,189.20452880859375,,0.19908133149147034,,0.44476813077926636,,,1.0150636434555054,,1.0,,,,,0.5081119537353516,,,,,,,,,,,,,,,,,,,,,,,,
2,4699,,,,,0.16761495172977448,,0.034222833812236786,,0.0,,0.3413791358470917,,0.06156238913536072,,0.21190273761749268,,,0.24787914752960205,0.035787392407655716,,0.015630541369318962,,0.2194313108921051,,0.6739365458488464,,,0.643792986869812,,0.06156238913536072,,,,,0.7207314968109131,,,,,,,,,,,,,,,,,,,,,,,,
2,4709,,,,,0.06560412049293518,,0.033010389655828476,,0.0,,0.32177790999412537,,0.026279088109731674,,0.2091386318206787,,,0.25131216645240784,0.096727155148983,,0.02400636486709118,,0.2178514152765274,,0.5370799899101257,,,0.6552155613899231,,0.026279088109731674,,,,,0.6425161361694336,,,,,,,,,,,,,,,,,,,,,,,,
2,4719,,,,,0.2573975920677185,,0.01874467357993126,,0.0,,0.1386699378490448,,1.0,,0.2009354829788208,,,0.0,0.0,,201.72250366210938,,0.20831900835037231,,0.35979506373405457,,,0.9847376346588135,,1.0,,,,,0.4632321000099182,,,,,,,,,,,,,,,,,,,,,,,,
2,4729,,,,,0.21169009804725647,,0.03992316126823425,,0.0,,0.33220383524894714,,0.08644334971904755,,0.2902720272541046,,,0.2580324411392212,0.1682676374912262,,0.032658468931913376,,0.21635933220386505,,0.6004889011383057,,,0.6103615164756775,,0.08644334971904755,,,,,0.8805484771728516,,,,,,,,,,,,,,,,,,,,,,,,
2,4739,,,,,0.24910058081150055,,0.04805583134293556,,0.0,,0.33747681975364685,,0.11583521217107773,,0.22309473156929016,,,0.23134300112724304,0.07412724196910858,,0.030379965901374817,,0.2269980013370514,,0.37658584117889404,,,0.6151528358459473,,0.11583521217107773,,,,,0.8348383903503418,,,,,,,,,,,,,,,,,,,,,,,,
2,4749,,,,,0.21501721441745758,,0.03545306995511055,,0.0,,0.3289756774902344,,0.09476470202207565,,0.2242957502603531,,,0.21472735702991486,0.042829181998968124,,0.014967418275773525,,0.21958351135253906,,0.7362667918205261,,,0.6616957783699036,,0.09476470202207565,,,,,0.755433201789856,,,,,,,,,,,,,,,,,,,,,,,,
2,4759,,,,,0.2059420943260193,,0.021555960178375244,,0.0,,0.15800514817237854,,1.0,,0.2070298045873642,,,0.0,0.0,,202.20660400390625,,0.19464793801307678,,0.41637909412384033,,,0.998612642288208,,1.0,,,,,0.49880897998809814,,,,,,,,,,,,,,,,,,,,,,,,
2,4769,,,,,0.15569114685058594,,0.06266860663890839,,0.0,,0.1619875133037567,,1.1078355312347412,,0.19969454407691956,,,1.2829139232635498,0.9110918045043945,,0.38109809160232544,,0.2705690264701843,,0.7286437749862671,,,1.2009600400924683,,1.1078355312347412,,,,,0.7117817401885986,,,,,,,,,,,,,,,,,,,,,,,,
2,4779,,,,,0.17037488520145416,,0.057745933532714844,,0.0,,0.22051778435707092,,1.1043946743011475,,0.20049722492694855,,,0.7966921925544739,0.9793465733528137,,0.3789193630218506,,0.23190826177597046,,0.6629325747489929,,,1.2301545143127441,,1.1043946743011475,,,,,0.6868008971214294,,,,,,,,,,,,,,,,,,,,,,,,
2,4784,,,,,,,,,,,,,,,,,,,,,,,,,,,,,,,,,,,,,,0.8520557880401611,0.37899813055992126,0.08187942951917648,0.08119957149028778,0.07802662998437881,0.0,0.36929550766944885,0.47123637795448303,0.2698873281478882,0.24535128474235535,0.277635782957077,14.043814659118652,0.2703494429588318,0.5868390798568726,0.9249227643013,0.25916728377342224,0.47123637795448303,0.8126667737960815,0.8112855553627014,0.5158048868179321,1.5189740657806396,1.658374547958374
2,4784,0.08361795544624329,0.21691371500492096,0.04182109609246254,0.05237728729844093,,0.043589867651462555,,0.0,,0.28823521733283997,,0.5150570273399353,,0.22950749099254608,,0.2723288834095001,0.38756701350212097,,,45.20906066894531,,0.23517931997776031,,0.5762330889701843,,0.8831846117973328,0.48827967047691345,,0.5150570273399353,,0.7212536334991455,0.871168315410614,0.5080629587173462,0.746814489364624,,0.4987652003765106,0.8557541966438293,,,,,,,,,,,,,,,,,,,,,,
3,4789,,,,,0.0664181113243103,,0.04128523916006088,,0.0,,0.18321925401687622,,0.9645872116088867,,0.2007361650466919,,,0.8172612190246582,1.103999137878418,,0.38458383083343506,,0.22895488142967224,,0.6640512943267822,,,1.395479440689087,,0.9645872116088867,,,,,0.659123420715332,,,,,,,,,,,,,,,,,,,,,,,,
3,4799,,,,,0.09071610122919083,,0.03052767738699913,,0.0,,0.30706530809402466,,0.02911960333585739,,0.22693485021591187,,,0.22383825480937958,0.018505120649933815,,0.02818135917186737,,0.21528449654579163,,0.30786803364753723,,,0.6744707822799683,,0.02911960333585739,,,,,0.6158846616744995,,,,,,,,,,,,,,,,,,,,,,,,
3,4809,,,,,0.2582147419452667,,0.02079237625002861,,0.0,,0.16401326656341553,,1.0,,0.2026245892047882,,,0.0,0.0,,196.34811401367188,,0.20213690400123596,,0.38304710388183594,,,0.9822660088539124,,1.0,,,,,0.4863071143627167,,,,,,,,,,,,,,,,,,,,,,,,
3,4819,,,,,0.18516145646572113,,0.047250956296920776,,0.0,,0.17381992936134338,,0.9888650178909302,,0.20135053992271423,,,0.7736721038818359,1.0866292715072632,,0.3349401354789734,,0.22722505033016205,,0.6361727714538574,,,1.1873220205307007,,0.9888650178909302,,,,,0.6429096460342407,,,,,,,,,,,,,,,,,,,,,,,,
3,4829,,,,,0.22371098399162292,,0.018546678125858307,,0.0,,0.14439783990383148,,1.0,,0.2009635865688324,,,0.0,0.0,,195.620849609375,,0.21956397593021393,,0.3705534338951111,,,0.9866562485694885,,1.0,,,,,0.4770127534866333,,,,,,,,,,,,,,,,,,,,,,,,
3,4839,,,,,0.1831413358449936,,0.01912844553589821,,0.0,,0.1446363627910614,,1.0,,0.20115229487419128,,,0.0,0.0,,186.2880096435547,,0.21031536161899567,,0.3159528970718384,,,1.0309125185012817,,1.0,,,,,0.4455927014350891,,,,,,,,,,,,,,,,,,,,,,,,
3,4849,,,,,0.16478624939918518,,0.046792689710855484,,0.0,,0.33087241649627686,,0.042456477880477905,,0.22474977374076843,,,0.2645741105079651,0.1252589225769043,,0.05434941500425339,,0.24552658200263977,,0.3544871211051941,,,0.6257420778274536,,0.042456477880477905,,,,,0.8108481168746948,,,,,,,,,,,,,,,,,,,,,,,,
3,4859,,,,,0.2765760123729706,,0.05373983085155487,,0.0,,0.3189142942428589,,0.10867805778980255,,0.22705835103988647,,,0.26146191358566284,0.11455941200256348,,0.02524275705218315,,0.23528844118118286,,0.3753720819950104,,,0.7297219038009644,,0.10867805778980255,,,,,0.894708514213562,,,,,,,,,,,,,,,,,,,,,,,,
3,4869,,,,,0.12082447856664658,,0.04552507400512695,,0.0,,0.17916107177734375,,1.0690011978149414,,0.20109093189239502,,,1.1693089008331299,0.8949549198150635,,0.4030388295650482,,0.25532642006874084,,0.6434000134468079,,,0.8283133506774902,,1.0690011978149414,,,,,0.6622517108917236,,,,,,,,,,,,,,,,,,,,,,,,
3,4879,,,,,0.24084904789924622,,0.019213378429412842,,0.0,,0.15208710730075836,,1.0,,0.20197471976280212,,,0.0,0.0,,201.74510192871094,,0.19924727082252502,,0.30628275871276855,,,0.9854770302772522,,1.0,,,,,0.43940263986587524,,,,,,,,,,,,,,,,,,,,,,,,
3,4889,,,,,0.24973264336585999,,0.03860285133123398,,0.0,,0.33243119716644287,,0.08987554907798767,,0.23354235291481018,,,0.252096027135849,0.06999059021472931,,0.01717134192585945,,0.226851686835289,,0.2879931330680847,,,0.6461948156356812,,0.08987554907798767,,,,,0.8350756168365479,,,,,,,,,,,,,,,,,,,,,,,,
3,4899,,,,,0.26743847131729126,,0.050019294023513794,,0.0,,0.1781822293996811,,0.9546339511871338,,0.20027701556682587,,,1.6251895427703857,1.1136361360549927,,0.3885769248008728,,0.23341380059719086,,0.6296249628067017,,,1.2758122682571411,,0.9546339511871338,,,,,0.6457586288452148,,,,,,,,,,,,,,,,,,,,,,,,
3,4909,,,,,0.32005900144577026,,0.037367403507232666,,0.0,,0.3204854726791382,,0.1564183533191681,,0.20969226956367493,,,0.24628929793834686,0.07149594277143478,,0.02314632199704647,,0.22397884726524353,,0.7392257452011108,,,0.6825610995292664,,0.1564183533191681,,,,,0.8862867951393127,,,,,,,,,,,,,,,,,,,,,,,,
3,4919,,,,,0.10154818743467331,,0.04351778328418732,,0.0,,0.32164254784584045,,0.03619768097996712,,0.20845618844032288,,,0.21763436496257782,0.10379103571176529,,0.02128775231540203,,0.22794528305530548,,0.32778868079185486,,,0.636725902557373,,0.03619768097996712,,,,,0.6736856698989868,,,,,,,,,,,,,,,,,,,,,,,,
3,4929,,,,,0.3139159679412842,,0.043820127844810486,,0.0,,0.3118681311607361,,0.13748972117900848,,0.22761473059654236,,,0.22546537220478058,0.04615074768662453,,0.029553910717368126,,0.21444791555404663,,0.3151590824127197,,,0.7109003067016602,,0.13748972117900848,,,,,0.8633764386177063,,,,,,,,,,,,,,,,,,,,,,,,
3,4939,,,,,0.330471396446228,,0.020218517631292343,,0.0,,0.151583731174469,,1.0,,0.20422479510307312,,,0.0,0.0,,194.23497009277344,,0.20549441874027252,,0.40935248136520386,,,0.9816551804542542,,1.0,,,,,0.49543696641921997,,,,,,,,,,,,,,,,,,,,,,,,
3,4949,,,,,0.44382724165916443,,0.03834693878889084,,0.0,,0.3302963972091675,,0.19296687841415405,,0.21764801442623138,,,0.21162912249565125,0.06212164834141731,,0.02024056389927864,,0.2213331162929535,,0.37838220596313477,,,0.7120992541313171,,0.19296687841415405,,,,,0.9946351051330566,,,,,,,,,,,,,,,,,,,,,,,,
3,4959,,,,,0.21466907858848572,,0.017231203615665436,,0.0,,0.19731414318084717,,1.0,,0.2041870653629303,,,0.0,0.0,,187.23519897460938,,0.20265913009643555,,0.3807287812232971,,,1.0156996250152588,,1.0,,,,,0.5010601282119751,,,,,,,,,,,,,,,,,,,,,,,,
3,4969,,,,,0.319099098443985,,0.05020115524530411,,0.0,,0.3211129307746887,,0.14106705784797668,,0.2222440540790558,,,0.22548002004623413,0.08574201911687851,,0.02947225421667099,,0.22094100713729858,,0.2990037798881531,,,0.6984793543815613,,0.14106705784797668,,,,,0.8966957330703735,,,,,,,,,,,,,,,,,,,,,,,,
3,4979,,,,,0.10121998935937881,,0.043424494564533234,,0.0,,0.32406947016716003,,0.039923787117004395,,0.21048566699028015,,,0.24048709869384766,0.04194486886262894,,0.021409813314676285,,0.2183356136083603,,0.8692358732223511,,,0.6449463367462158,,0.039923787117004395,,,,,0.6512985229492188,,,,,,,,,,,,,,,,,,,,,,,,
3,4989,,,,,0.08285444229841232,,0.032101333141326904,,0.0,,0.32026126980781555,,0.03216294199228287,,0.2494792640209198,,,0.2059578150510788,0.03361784666776657,,0.01932785101234913,,0.21692559123039246,,0.6890215873718262,,,0.6670693159103394,,0.03216294199228287,,,,,0.6216899156570435,,,,,,,,,,,,,,,,,,,,,,,,
3,4999,,,,,0.27589723467826843,,0.04365206137299538,,0.0,,0.3186381459236145,,0.11773240566253662,,0.2638241648674011,,,0.23140999674797058,0.09575235843658447,,0.032260432839393616,,0.2142394781112671,,0.6732553839683533,,,0.679595947265625,,0.11773240566253662,,,,,0.8757855892181396,,,,,,,,,,,,,,,,,,,,,,,,
3,5009,,,,,0.17812684178352356,,0.04139413312077522,,0.0,,0.30067044496536255,,0.08372329920530319,,0.2139742374420166,,,0.2332654446363449,0.03517738729715347,,0.022006651386618614,,0.22704455256462097,,0.6821465492248535,,,0.6773242950439453,,0.08372329920530319,,,,,0.7148932218551636,,,,,,,,,,,,,,,,,,,,,,,,
3,5019,,,,,0.280974805355072,,0.02136004902422428,,0.0,,0.15879887342453003,,1.0,,0.22076377272605896,,,0.0,0.0,,184.42816162109375,,0.20244771242141724,,0.39323192834854126,,,1.0157535076141357,,1.0,,,,,0.4983011782169342,,,,,,,,,,,,,,,,,,,,,,,,
3,5029,,,,,0.0737529993057251,,0.04626314714550972,,0.0,,0.2021404355764389,,1.0286953449249268,,0.20080092549324036,,,1.1116842031478882,0.9470757842063904,,0.5298245549201965,,0.21573829650878906,,0.6423830986022949,,,1.3758647441864014,,1.0286953449249268,,,,,0.6536629796028137,,,,,,,,,,,,,,,,,,,,,,,,
3,5039,,,,,0.06796485185623169,,0.039416588842868805,,0.0,,0.34523460268974304,,0.026470575481653214,,0.21872654557228088,,,0.24394769966602325,0.03552308306097984,,0.017178623005747795,,0.20881898701190948,,0.33669164776802063,,,0.629794716835022,,0.026470575481653214,,,,,0.6223878860473633,,,,,,,,,,,,,,,,,,,,,,,,
3,5049,,,,,0.12433087825775146,,0.049921050667762756,,0.0,,0.3122061789035797,,0.04355452582240105,,0.23612983524799347,,,0.22701913118362427,0.06077518314123154,,0.020692752674221992,,0.21741539239883423,,0.32105308771133423,,,0.6904229521751404,,0.04355452582240105,,,,,0.686410665512085,,,,,,,,,,,,,,,,,,,,,,,,
3,5059,,,,,0.09269800782203674,,0.014100730419158936,,0.0,,0.15707659721374512,,1.0,,0.2037481963634491,,,0.0,0.0,,199.42529296875,,0.189022034406662,,0.26994815468788147,,,0.9823299646377563,,1.0,,,,,0.4169478416442871,,,,,,,,,,,,,,,,,,,,,,,,
3,5069,,,,,0.09787623584270477,,0.011922275647521019,,0.0,,0.15075422823429108,,1.0,,0.2033231258392334,,,0.0,0.0,,191.5462646484375,,0.19870316982269287,,0.3090856075286865,,,1.0534371137619019,,1.0,,,,,0.43689417839050293,,,,,,,,,,,,,,,,,,,,,,,,
3,5079,,,,,0.10482551157474518,,0.0163832139223814,,0.0,,0.1718558818101883,,1.0,,0.20295748114585876,,,0.0,0.0,,189.76449584960938,,0.2093961238861084,,0.29697608947753906,,,1.0244505405426025,,1.0,,,,,0.44878438115119934,,,,,,,,,,,,,,,,,,,,,,,,
3,5089,,,,,0.15448006987571716,,0.016969846561551094,,0.0,,0.14189521968364716,,1.0,,0.2024700939655304,,,0.0,0.0,,189.5697021484375,,0.194046288728714,,0.27164819836616516,,,1.0083194971084595,,1.0,,,,,0.41351479291915894,,,,,,,,,,,,,,,,,,,,,,,,
3,5099,,,,,0.1069624274969101,,0.04063388705253601,,0.0,,0.3260657787322998,,0.03293232619762421,,0.2260875105857849,,,0.19543495774269104,0.04545056074857712,,0.01561432983726263,,0.2032415121793747,,0.604974627494812,,,0.5858168601989746,,0.03293232619762421,,,,,0.6332266926765442,,,,,,,,,,,,,,,,,,,,,,,,
3,5109,,,,,0.1444426327943802,,0.04046402871608734,,0.0,,0.16949863731861115,,1.055753231048584,,0.2004254162311554,,,1.1059203147888184,1.0923696756362915,,0.43632230162620544,,0.23800034821033478,,0.5933962464332581,,,0.9104304313659668,,1.055753231048584,,,,,0.6208922863006592,,,,,,,,,,,,,,,,,,,,,,,,
3,5119,,,,,0.14597806334495544,,0.04368220269680023,,0.0,,0.1915346086025238,,0.9737787246704102,,0.2014918327331543,,,1.0241684913635254,1.1554648876190186,,0.5007244348526001,,0.23417013883590698,,0.7776310443878174,,,1.600898027420044,,0.9737787246704102,,,,,0.7242549061775208,,,,,,,,,,,,,,,,,,,,,,,,
3,5129,,,,,0.08471401035785675,,0.03047986328601837,,0.0,,0.3157161772251129,,0.03348400443792343,,0.23713213205337524,,,0.22249086201190948,0.02220018394291401,,0.02001991495490074,,0.20334380865097046,,0.7021374702453613,,,0.6510739326477051,,0.03348400443792343,,,,,0.610405445098877,,,,,,,,,,,,,,,,,,,,,,,,
3,5139,,,,,0.256032258272171,,0.01768672652542591,,0.0,,0.1487317830324173,,1.0,,0.20118844509124756,,,0.0,0.0,,203.91958618164062,,0.19373896718025208,,0.3135419487953186,,,1.0371227264404297,,1.0,,,,,0.43744394183158875,,,,,,,,,,,,,,,,,,,,,,,,
3,5149,,,,,0.13173328340053558,,0.036375463008880615,,0.0,,0.30140945315361023,,0.029351789504289627,,0.230989009141922,,,0.24060572683811188,0.1261422485113144,,0.025700971484184265,,0.21071410179138184,,0.6674116849899292,,,0.6420868635177612,,0.029351789504289627,,,,,0.7177018523216248,,,,,,,,,,,,,,,,,,,,,,,,
3,5159,,,,,0.19344836473464966,,0.04016467183828354,,0.0,,0.30421876907348633,,0.05587455630302429,,0.2812223434448242,,,0.19011624157428741,0.04465449973940849,,0.02267615497112274,,0.22614741325378418,,0.34337741136550903,,,0.6369668245315552,,0.05587455630302429,,,,,0.7480484247207642,,,,,,,,,,,,,,,,,,,,,,,,
3,5169,,,,,0.09479986876249313,,0.039988093078136444,,0.0,,0.1636090725660324,,1.1151721477508545,,0.20128241181373596,,,0.9104354381561279,0.8245932459831238,,0.40330982208251953,,0.23332756757736206,,0.634699821472168,,,0.9899277091026306,,1.1151721477508545,,,,,0.6364535093307495,,,,,,,,,,,,,,,,,,,,,,,,
3,5179,,,,,0.2862033247947693,,0.07071399688720703,,0.0,,0.3414193093776703,,0.12244603782892227,,0.24229185283184052,,,0.21884410083293915,0.15267759561538696,,0.03338388353586197,,0.2571597397327423,,0.41007596254348755,,,0.6856702566146851,,0.12244603782892227,,,,,0.9444485902786255,,,,,,,,,,,,,,,,,,,,,,,,
3,5189,,,,,0.3332914412021637,,0.06204104796051979,,0.0,,0.3466359078884125,,0.10624957829713821,,0.21659433841705322,,,0.2176760733127594,0.03504371643066406,,0.028133375570178032,,0.25208598375320435,,0.26974067091941833,,,0.6875933408737183,,0.10624957829713821,,,,,0.9123966693878174,,,,,,,,,,,,,,,,,,,,,,,,
3,5199,,,,,0.15525460243225098,,0.03801184147596359,,0.0,,0.288849413394928,,0.055964887142181396,,0.22375738620758057,,,0.24287860095500946,0.027393046766519547,,0.02682548575103283,,0.23535090684890747,,0.7550262212753296,,,0.6569389700889587,,0.055964887142181396,,,,,0.69678795337677,,,,,,,,,,,,,,,,,,,,,,,,
3,5209,,,,,0.16237591207027435,,0.03367814049124718,,0.0,,0.5831907987594604,,1.0,,0.2072019875049591,,,0.0,0.0,,0.28227871656417847,,0.22830475866794586,,0.6989513635635376,,,0.8883825540542603,,1.0,,,,,0.8756635189056396,,,,,,,,,,,,,,,,,,,,,,,,
3,5219,,,,,0.13975071907043457,,0.01872258260846138,,0.0,,0.15522772073745728,,1.0,,0.2330498993396759,,,0.0,0.0,,193.7845916748047,,0.19551773369312286,,0.3154866695404053,,,0.9706463813781738,,1.0,,,,,0.4590023159980774,,,,,,,,,,,,,,,,,,,,,,,,
3,5229,,,,,0.2113647162914276,,0.055367909371852875,,0.0,,0.3311581313610077,,0.056985631585121155,,0.2279302328824997,,,0.2464122176170349,0.16545729339122772,,0.030198287218809128,,0.214018777012825,,0.3894636332988739,,,0.6084575653076172,,0.056985631585121155,,,,,0.846636176109314,,,,,,,,,,,,,,,,,,,,,,,,
3,5239,,,,,0.16404107213020325,,0.05019763857126236,,0.0,,0.15904837846755981,,0.9315507411956787,,0.20088991522789001,,,1.1845108270645142,1.368238925933838,,0.417224258184433,,0.21939867734909058,,0.6333146095275879,,,0.7666566371917725,,0.9315507411956787,,,,,0.631424605846405,,,,,,,,,,,,,,,,,,,,,,,,
3,5249,,,,,0.07218076288700104,,0.049448177218437195,,0.0,,0.17368994653224945,,0.9329972267150879,,0.19911044836044312,,,1.1126844882965088,0.940627932548523,,0.35787320137023926,,0.23936694860458374,,0.8212751150131226,,,1.2350246906280518,,0.9329972267150879,,,,,0.7414453029632568,,,,,,,,,,,,,,,,,,,,,,,,
3,5259,,,,,0.13752195239067078,,0.04216331988573074,,0.0,,0.1673589050769806,,1.020073413848877,,0.20028530061244965,,,0.8361991047859192,0.954078733921051,,0.31053781509399414,,0.2147534042596817,,0.7424172759056091,,,1.1840155124664307,,1.020073413848877,,,,,0.6834890842437744,,,,,,,,,,,,,,,,,,,,,,,,
3,5269,,,,,0.2216649353504181,,0.045436128973960876,,0.0,,0.18747347593307495,,1.09578275680542,,0.20024342834949493,,,0.5377436876296997,1.0159540176391602,,0.3137813210487366,,0.23202663660049438,,0.7526331543922424,,,1.2053089141845703,,1.09578275680542,,,,,0.7089064121246338,,,,,,,,,,,,,,,,,,,,,,,,
3,5279,,,,,0.12540030479431152,,0.04356470704078674,,0.0,,0.31357070803642273,,0.027631834149360657,,0.2324559986591339,,,0.24035412073135376,0.04689633846282959,,0.031850434839725494,,0.2151631861925125,,0.7498350143432617,,,0.6058788299560547,,0.027631834149360657,,,,,0.6873281002044678,,,,,,,,,,,,,,,,,,,,,,,,
3,5289,,,,,0.27372607588768005,,0.04462309926748276,,0.0,,0.31421148777008057,,0.11873205751180649,,0.22184696793556213,,,0.23441801965236664,0.03617105633020401,,0.018548836931586266,,0.219101220369339,,0.29946577548980713,,,0.6485705375671387,,0.11873205751180649,,,,,0.8181864023208618,,,,,,,,,,,,,,,,,,,,,,,,
3,5299,,,,,0.07167313992977142,,0.04244529455900192,,0.0,,0.299585223197937,,0.02730504237115383,,0.21815600991249084,,,0.2274598777294159,0.03506895899772644,,0.022364556789398193,,0.2057139128446579,,0.5808203816413879,,,0.6088988184928894,,0.02730504237115383,,,,,0.5970700979232788,,,,,,,,,,,,,,,,,,,,,,,,
3,5309,,,,,0.10006076842546463,,0.03621950000524521,,0.0,,0.18038620054721832,,1.0867836475372314,,0.20044496655464172,,,0.7696261405944824,0.9208294153213501,,0.5318891406059265,,0.2143363654613495,,0.6758943796157837,,,1.1014543771743774,,1.0867836475372314,,,,,0.6536407470703125,,,,,,,,,,,,,,,,,,,,,,,,
3,5319,,,,,0.10856467485427856,,0.0432092621922493,,0.0,,0.30986666679382324,,0.042797137051820755,,0.2780565023422241,,,0.21681663393974304,0.01954706758260727,,0.021338220685720444,,0.211753249168396,,0.3654671311378479,,,0.6093777418136597,,0.042797137051820755,,,,,0.6588584780693054,,,,,,,,,,,,,,,,,,,,,,,,
3,5329,,,,,0.2597591280937195,,0.04013366624712944,,0.0,,0.3039613962173462,,0.06276775896549225,,0.21664822101593018,,,0.22749166190624237,0.0667085275053978,,0.02034623920917511,,0.209760844707489,,0.64690762758255,,,0.6755258440971375,,0.06276775896549225,,,,,0.8022843599319458,,,,,,,,,,,,,,,,,,,,,,,,
3,5339,,,,,0.0748053714632988,,0.039607346057891846,,0.0,,0.1429653763771057,,1.102092981338501,,0.19949667155742645,,,1.0817174911499023,0.9411417245864868,,0.40221866965293884,,0.20976731181144714,,0.8048231601715088,,,1.6902861595153809,,1.102092981338501,,,,,0.6983299255371094,,,,,,,,,,,,,,,,,,,,,,,,
3,5349,,,,,0.25654762983322144,,0.042731400579214096,,0.0,,0.3348175585269928,,0.08995792269706726,,0.2564324140548706,,,0.19626770913600922,0.07793314754962921,,0.020814914256334305,,0.21644175052642822,,0.2882983088493347,,,0.6620791554450989,,0.08995792269706726,,,,,0.8292670249938965,,,,,,,,,,,,,,,,,,,,,,,,
3,5359,,,,,0.24590733647346497,,0.05344744399189949,,0.0,,0.30641090869903564,,0.0927027091383934,,0.24623779952526093,,,0.2206486165523529,0.05082293972373009,,0.028023697435855865,,0.2286301851272583,,0.3181581497192383,,,0.6339474320411682,,0.0927027091383934,,,,,0.8130180835723877,,,,,,,,,,,,,,,,,,,,,,,,
3,5369,,,,,0.18105338513851166,,0.018142154440283775,,0.0,,0.15641526877880096,,1.0,,0.20189647376537323,,,0.0,0.0,,188.2761688232422,,0.1873023808002472,,0.27366477251052856,,,0.9993083477020264,,1.0,,,,,0.41871052980422974,,,,,,,,,,,,,,,,,,,,,,,,
3,5379,,,,,0.13481798768043518,,0.034341827034950256,,0.0,,0.29198408126831055,,0.04846213757991791,,0.2199561893939972,,,0.188611701130867,0.028897035866975784,,0.01737847737967968,,0.21552026271820068,,0.29799073934555054,,,0.6112332344055176,,0.04846213757991791,,,,,0.6331627368927002,,,,,,,,,,,,,,,,,,,,,,,,
3,5389,,,,,0.24945005774497986,,0.014341804198920727,,0.0,,0.1358436942100525,,1.0,,0.2019181251525879,,,0.0,0.0,,200.0350799560547,,0.19399842619895935,,0.2884801924228668,,,1.0019339323043823,,1.0,,,,,0.4172911047935486,,,,,,,,,,,,,,,,,,,,,,,,
3,5399,,,,,0.14056192338466644,,0.01638794131577015,,0.0,,0.14487585425376892,,1.0,,0.20177146792411804,,,0.0,0.0,,196.356201171875,,0.19724151492118835,,0.334258496761322,,,1.0064728260040283,,1.0,,,,,0.4472676217556,,,,,,,,,,,,,,,,,,,,,,,,
3,5409,,,,,0.11727569997310638,,0.03480266407132149,,0.0,,0.32504454255104065,,0.0498620979487896,,0.2476819008588791,,,0.20064234733581543,0.04781127721071243,,0.012289164587855339,,0.21302388608455658,,0.6710355281829834,,,0.6650108098983765,,0.0498620979487896,,,,,0.6579235792160034,,,,,,,,,,,,,,,,,,,,,,,,
3,5419,,,,,0.09535517543554306,,0.01611153408885002,,0.0,,0.16362997889518738,,1.0,,0.20123769342899323,,,0.0,0.0,,194.38973999023438,,0.19589385390281677,,0.3483309745788574,,,1.0284874439239502,,1.0,,,,,0.46260201930999756,,,,,,,,,,,,,,,,,,,,,,,,
3,5429,,,,,0.12565705180168152,,0.047174736857414246,,0.0,,0.167429119348526,,1.0140178203582764,,0.20207180082798004,,,0.8462668061256409,0.8880805969238281,,0.5771559476852417,,0.22700168192386627,,0.604168176651001,,,1.061548113822937,,1.0140178203582764,,,,,0.6239227652549744,,,,,,,,,,,,,,,,,,,,,,,,
3,5439,,,,,0.05722462385892868,,0.03310536965727806,,0.0,,0.2863134741783142,,0.019396502524614334,,0.2200055718421936,,,0.2517959177494049,0.05733739584684372,,0.011380413547158241,,0.21630911529064178,,0.5958633422851562,,,0.6067990660667419,,0.019396502524614334,,,,,0.5953482985496521,,,,,,,,,,,,,,,,,,,,,,,,
3,5449,,,,,0.06018078699707985,,0.02012639120221138,,0.0,,0.1512453556060791,,1.0,,0.20225483179092407,,,0.0,0.0,,187.71055603027344,,0.19800886511802673,,0.37530142068862915,,,1.010087490081787,,1.0,,,,,0.47346845269203186,,,,,,,,,,,,,,,,,,,,,,,,
3,5459,,,,,0.17662672698497772,,0.05355870723724365,,0.0,,0.17693445086479187,,1.0798578262329102,,0.19960308074951172,,,1.0476340055465698,0.8649256229400635,,0.3281078338623047,,0.23172368109226227,,0.7370831966400146,,,1.1345120668411255,,1.0798578262329102,,,,,0.6994515657424927,,,,,,,,,,,,,,,,,,,,,,,,
3,5469,,,,,0.23412153124809265,,0.04858047515153885,,0.0,,0.17943182587623596,,1.1561355590820312,,0.19970166683197021,,,1.021557331085205,1.1629745960235596,,0.26762712001800537,,0.22773617506027222,,0.7358519434928894,,,1.1957908868789673,,1.1561355590820312,,,,,0.6956510543823242,,,,,,,,,,,,,,,,,,,,,,,,
3,5479,,,,,0.28100067377090454,,0.038957469165325165,,0.0,,0.15460193157196045,,1.0890183448791504,,0.19984903931617737,,,1.0283961296081543,0.7501083612442017,,0.36420708894729614,,0.20976805686950684,,0.7125399708747864,,,0.9278247952461243,,1.0890183448791504,,,,,0.6578582525253296,,,,,,,,,,,,,,,,,,,,,,,,
3,5489,,,,,0.06759579479694366,,0.03884154558181763,,0.0,,0.1713230013847351,,0.9683389067649841,,0.19961266219615936,,,0.7836373448371887,1.1245778799057007,,0.3158101737499237,,0.22219878435134888,,0.6174286603927612,,,0.8828533887863159,,0.9683389067649841,,,,,0.6247023344039917,,,,,,,,,,,,,,,,,,,,,,,,
3,5499,,,,,0.1281696856021881,,0.054718807339668274,,0.0,,0.14728358387947083,,0.905468225479126,,0.1996757835149765,,,1.1087192296981812,0.9483965039253235,,0.26269927620887756,,0.22775167226791382,,0.6543914079666138,,,0.949154794216156,,0.905468225479126,,,,,0.6419106721878052,,,,,,,,,,,,,,,,,,,,,,,,
3,5509,,,,,0.15465134382247925,,0.05290069431066513,,0.0,,0.16761770844459534,,1.067842960357666,,0.19981884956359863,,,0.802079975605011,0.7497369647026062,,0.4078037738800049,,0.22114154696464539,,0.6263443231582642,,,1.0836315155029297,,1.067842960357666,,,,,0.6339115500450134,,,,,,,,,,,,,,,,,,,,,,,,
3,5519,,,,,0.263895720243454,,0.047600358724594116,,0.0,,0.32375434041023254,,0.05749964341521263,,0.23253782093524933,,,0.25358444452285767,0.04694702476263046,,0.02206290513277054,,0.23869973421096802,,0.8025460243225098,,,0.7063002586364746,,0.05749964341521263,,,,,0.8464890718460083,,,,,,,,,,,,,,,,,,,,,,,,
3,5529,,,,,0.19498592615127563,,0.0547410249710083,,0.0,,0.15589496493339539,,0.987189769744873,,0.19967451691627502,,,1.0809881687164307,1.425565242767334,,0.1657709777355194,,0.22327479720115662,,0.6493752002716064,,,1.0501879453659058,,0.987189769744873,,,,,0.6414802670478821,,,,,,,,,,,,,,,,,,,,,,,,
3,5539,,,,,0.12529967725276947,,0.033991217613220215,,0.0,,0.28919899463653564,,0.04031016305088997,,0.21346843242645264,,,0.2222021222114563,0.0686444416642189,,0.014752533286809921,,0.20644789934158325,,0.7044352293014526,,,0.5995816588401794,,0.04031016305088997,,,,,0.6496524810791016,,,,,,,,,,,,,,,,,,,,,,,,
3,5549,,,,,0.24221840500831604,,0.04090496897697449,,0.0,,0.29936251044273376,,0.11286601424217224,,0.2058733105659485,,,0.22009064257144928,0.06328102201223373,,0.03199072927236557,,0.21339458227157593,,0.6681890487670898,,,0.6436020135879517,,0.11286601424217224,,,,,0.7796672582626343,,,,,,,,,,,,,,,,,,,,,,,,
3,5559,,,,,0.17981287837028503,,0.07494714856147766,,0.0,,0.19245538115501404,,0.9827786684036255,,0.1993318349123001,,,0.9743808507919312,1.1849098205566406,,0.3338932991027832,,0.23688143491744995,,0.6102392077445984,,,0.9012387990951538,,0.9827786684036255,,,,,0.6569274663925171,,,,,,,,,,,,,,,,,,,,,,,,
3,5569,,,,,0.1220916211605072,,0.024673771113157272,,0.0,,0.2783048450946808,,0.04923155903816223,,0.22537457942962646,,,0.22717764973640442,0.03708202764391899,,0.01639699563384056,,0.20581743121147156,,0.743178129196167,,,0.6407865285873413,,0.04923155903816223,,,,,0.6295052766799927,,,,,,,,,,,,,,,,,,,,,,,,
3,5579,,,,,0.22491708397865295,,0.050570182502269745,,0.0,,0.15509352087974548,,0.9739612340927124,,0.19955192506313324,,,1.859516978263855,1.053221583366394,,0.3153945207595825,,0.23176416754722595,,0.7594510316848755,,,0.9812511801719666,,0.9739612340927124,,,,,0.6982154250144958,,,,,,,,,,,,,,,,,,,,,,,,
3,5589,,,,,0.11829563975334167,,0.06050950288772583,,0.0,,0.31059351563453674,,0.035530269145965576,,0.22819718718528748,,,0.26225098967552185,0.06177797541022301,,0.026692625135183334,,0.22433152794837952,,0.6824131011962891,,,0.6719985604286194,,0.035530269145965576,,,,,0.7054723501205444,,,,,,,,,,,,,,,,,,,,,,,,
3,5599,,,,,0.2914472222328186,,0.03405383974313736,,0.0,,0.28866443037986755,,0.1354539692401886,,0.24748444557189941,,,0.21842151880264282,0.051026396453380585,,0.01582612469792366,,0.2125060260295868,,0.3487987518310547,,,0.6583946347236633,,0.1354539692401886,,,,,0.8254386186599731,,,,,,,,,,,,,,,,,,,,,,,,
3,5609,,,,,0.2833796441555023,,0.016315815970301628,,0.0,,0.15919940173625946,,1.0,,0.20284231007099152,,,0.0,0.0,,197.13446044921875,,0.19540593028068542,,0.31460660696029663,,,1.022599220275879,,1.0,,,,,0.4441850185394287,,,,,,,,,,,,,,,,,,,,,,,,
3,5619,,,,,0.21532617509365082,,0.019115177914500237,,0.0,,0.14086659252643585,,1.0,,0.20196568965911865,,,0.0,0.0,,190.04379272460938,,0.20741111040115356,,0.3278855085372925,,,1.0271263122558594,,1.0,,,,,0.44862204790115356,,,,,,,,,,,,,,,,,,,,,,,,
3,5629,,,,,0.2173813283443451,,0.07653631269931793,,0.0,,0.5979548692703247,,1.0,,0.2092553973197937,,,0.0,0.0,,0.16173626482486725,,0.28962093591690063,,0.6540481448173523,,,1.1611942052841187,,1.0,,,,,0.9137078523635864,,,,,,,,,,,,,,,,,,,,,,,,
3,5639,,,,,0.08260850608348846,,0.041102103888988495,,0.0,,0.31291523575782776,,0.026201702654361725,,0.23316146433353424,,,0.24495720863342285,0.07709681242704391,,0.020120568573474884,,0.22889381647109985,,0.37836748361587524,,,0.6206883192062378,,0.026201702654361725,,,,,0.6617321372032166,,,,,,,,,,,,,,,,,,,,,,,,
3,5649,,,,,0.23023949563503265,,0.03718198090791702,,0.0,,0.3226931393146515,,0.08671048283576965,,0.22762160003185272,,,0.33465686440467834,0.07242001593112946,,0.01756998896598816,,0.22027245163917542,,0.3291690945625305,,,0.6618467569351196,,0.08671048283576965,,,,,0.8464475274085999,,,,,,,,,,,,,,,,,,,,,,,,
3,5659,,,,,0.10250868648290634,,0.04085250571370125,,0.0,,0.32345524430274963,,0.04454023391008377,,0.23154079914093018,,,0.3034566342830658,0.03381438925862312,,0.02391827665269375,,0.21612179279327393,,0.5866676568984985,,,0.6437026262283325,,0.04454023391008377,,,,,0.6890884637832642,,,,,,,,,,,,,,,,,,,,,,,,
3,5669,,,,,0.1184283047914505,,0.06127553433179855,,0.0,,0.18235823512077332,,0.8866458535194397,,0.20015683770179749,,,0.9280245900154114,1.1332287788391113,,0.25069212913513184,,0.22695395350456238,,0.6677122116088867,,,0.9697563648223877,,0.8866458535194397,,,,,0.6692283749580383,,,,,,,,,,,,,,,,,,,,,,,,
3,5679,,,,,0.1915295124053955,,0.0531613826751709,,0.0,,0.16452361643314362,,1.236676812171936,,0.20003056526184082,,,1.312595248222351,1.0440889596939087,,0.33467501401901245,,0.22119957208633423,,0.5714143514633179,,,0.8968223333358765,,1.236676812171936,,,,,0.6051647663116455,,,,,,,,,,,,,,,,,,,,,,,,
3,5689,,,,,0.24726542830467224,,0.06434206664562225,,0.0,,0.14628846943378448,,1.0520753860473633,,0.20024937391281128,,,0.7220327258110046,1.0520676374435425,,0.3363880515098572,,0.21050038933753967,,0.7107408046722412,,,1.1158416271209717,,1.0520753860473633,,,,,0.6660605669021606,,,,,,,,,,,,,,,,,,,,,,,,
3,5699,,,,,0.1240462064743042,,0.04964399337768555,,0.0,,0.14981326460838318,,0.9790310859680176,,0.1996595412492752,,,0.689991295337677,1.2064977884292603,,0.3750908374786377,,0.22385263442993164,,0.5818457007408142,,,1.0548192262649536,,0.9790310859680176,,,,,0.6024075746536255,,,,,,,,,,,,,,,,,,,,,,,,
3,5709,,,,,0.15270838141441345,,0.014741572551429272,,0.0,,0.1853466033935547,,1.0,,0.20230601727962494,,,0.0,0.0,,191.18748474121094,,0.2025490552186966,,0.35612374544143677,,,1.000108242034912,,1.0,,,,,0.4805334806442261,,,,,,,,,,,,,,,,,,,,,,,,
3,5719,,,,,0.08428539335727692,,0.03994394838809967,,0.0,,0.32622653245925903,,0.030228305608034134,,0.23932862281799316,,,0.2264876812696457,0.02506512962281704,,0.01985858380794525,,0.21476773917675018,,0.634130597114563,,,0.5897198915481567,,0.030228305608034134,,,,,0.6301245093345642,,,,,,,,,,,,,,,,,,,,,,,,
3,5729,,,,,0.07411174476146698,,0.03549141064286232,,0.0,,0.30932459235191345,,0.024305718019604683,,0.2082960605621338,,,0.21885311603546143,0.04411035403609276,,0.016888609156012535,,0.22377678751945496,,0.20169124007225037,,,0.6122597455978394,,0.024305718019604683,,,,,0.602482259273529,,,,,,,,,,,,,,,,,,,,,,,,
3,5739,,,,,0.17639586329460144,,0.03843078017234802,,0.0,,0.20801538228988647,,1.0348485708236694,,0.20064221322536469,,,0.9531557559967041,1.0457813739776611,,0.3263671398162842,,0.23570844531059265,,0.681317925453186,,,1.0394058227539062,,1.0348485708236694,,,,,0.6820573806762695,,,,,,,,,,,,,,,,,,,,,,,,
3,5749,,,,,0.2151285856962204,,0.059640541672706604,,0.0,,0.375963419675827,,0.07726150751113892,,0.2174682915210724,,,0.2528694272041321,0.08957245945930481,,0.02906915172934532,,0.22937801480293274,,0.3316960334777832,,,0.6661502122879028,,0.07726150751113892,,,,,0.8421092629432678,,,,,,,,,,,,,,,,,,,,,,,,
3,5759,,,,,0.10905267298221588,,0.043387651443481445,,0.0,,0.3414166569709778,,0.03364177793264389,,0.2160559594631195,,,0.30571603775024414,0.07347140461206436,,0.020399075001478195,,0.27782583236694336,,0.2462499588727951,,,0.6259230375289917,,0.03364177793264389,,,,,0.7481889724731445,,,,,,,,,,,,,,,,,,,,,,,,
3,5769,,,,,0.20170313119888306,,0.050955697894096375,,0.0,,0.27984344959259033,,0.997312068939209,,0.19999897480010986,,,1.3812824487686157,0.905875563621521,,0.3730100989341736,,0.249944806098938,,0.6675024628639221,,,1.193331241607666,,0.997312068939209,,,,,0.7241227030754089,,,,,,,,,,,,,,,,,,,,,,,,
3,5779,,,,,0.22374865412712097,,0.04252563416957855,,0.0,,0.3015303909778595,,0.07878986746072769,,0.22744092345237732,,,0.26540514826774597,0.10109782218933105,,0.02209075167775154,,0.21602627635002136,,0.6590824127197266,,,0.6664879322052002,,0.07878986746072769,,,,,0.8118071556091309,,,,,,,,,,,,,,,,,,,,,,,,
3,5789,,,,,0.05970016121864319,,0.04918477684259415,,0.0,,0.18287034332752228,,1.021538496017456,,0.20008720457553864,,,1.3340797424316406,1.2589651346206665,,0.3506968915462494,,0.23146381974220276,,0.6475203633308411,,,1.1937780380249023,,1.021538496017456,,,,,0.655563235282898,,,,,,,,,,,,,,,,,,,,,,,,
3,5799,,,,,0.08131993561983109,,0.047882139682769775,,0.0,,0.3045464754104614,,0.03191723674535751,,0.23219867050647736,,,0.30102285742759705,0.06068570539355278,,0.025833487510681152,,0.22770793735980988,,0.3965193033218384,,,0.6609108448028564,,0.03191723674535751,,,,,0.6812585592269897,,,,,,,,,,,,,,,,,,,,,,,,
3,5809,,,,,0.23436717689037323,,0.059643760323524475,,0.0,,0.18388625979423523,,1.0901234149932861,,0.20122750103473663,,,1.4000580310821533,1.1350445747375488,,0.45490822196006775,,0.242139533162117,,0.6589801907539368,,,1.1724640130996704,,1.0901234149932861,,,,,0.6729385852813721,,,,,,,,,,,,,,,,,,,,,,,,
3,5819,,,,,0.31316718459129333,,0.0307011641561985,,0.0,,0.293626606464386,,0.10021116584539413,,0.23757389187812805,,,0.2208508551120758,0.06208642199635506,,0.012794467620551586,,0.21459156274795532,,0.34548068046569824,,,0.666489839553833,,0.10021116584539413,,,,,0.8492796421051025,,,,,,,,,,,,,,,,,,,,,,,,
3,5829,,,,,0.14767765998840332,,0.05692446604371071,,0.0,,0.1413354128599167,,1.0794377326965332,,0.200470432639122,,,1.6974784135818481,1.0977435111999512,,0.3468218743801117,,0.23768991231918335,,0.7286432981491089,,,1.3535425662994385,,1.0794377326965332,,,,,0.6825317740440369,,,,,,,,,,,,,,,,,,,,,,,,
3,5839,,,,,0.17837248742580414,,0.027062296867370605,,0.0,,0.3076752722263336,,0.05720898136496544,,0.22540785372257233,,,0.21199384331703186,0.03991938754916191,,0.014331839978694916,,0.22076043486595154,,0.3541507124900818,,,0.6701697707176208,,0.05720898136496544,,,,,0.7019479274749756,,,,,,,,,,,,,,,,,,,,,,,,
3,5849,,,,,0.20907774567604065,,0.03672882914543152,,0.0,,0.3098813593387604,,0.054915767163038254,,0.2208240032196045,,,0.2317141890525818,0.22191932797431946,,0.022163793444633484,,0.2424999177455902,,0.2539992332458496,,,0.7058366537094116,,0.054915767163038254,,,,,0.8519434928894043,,,,,,,,,,,,,,,,,,,,,,,,
3,5859,,,,,0.08025834709405899,,0.014538321644067764,,0.0,,0.12662169337272644,,1.0,,0.2019706517457962,,,0.0,0.0,,191.34127807617188,,0.19238507747650146,,0.26497235894203186,,,0.9806841611862183,,1.0,,,,,0.4002440571784973,,,,,,,,,,,,,,,,,,,,,,,,
3,5869,,,,,0.2884898781776428,,0.03246944397687912,,0.0,,0.30215615034103394,,0.10397417098283768,,0.22191433608531952,,,0.2358826845884323,0.0726320743560791,,0.015750601887702942,,0.22916686534881592,,0.7499055862426758,,,0.6660890579223633,,0.10397417098283768,,,,,0.8434759378433228,,,,,,,,,,,,,,,,,,,,,,,,
3,5879,,,,,0.09569168090820312,,0.016821615397930145,,0.0,,0.15007877349853516,,1.0,,0.2057461142539978,,,0.0,0.0,,186.46044921875,,0.1988970935344696,,0.26977986097335815,,,1.0027966499328613,,1.0,,,,,0.42066171765327454,,,,,,,,,,,,,,,,,,,,,,,,
3,5889,,,,,0.26469090580940247,,0.016189809888601303,,0.0,,0.13456416130065918,,1.0,,0.20384840667247772,,,0.0,0.0,,196.34860229492188,,0.18924561142921448,,0.30500882863998413,,,0.9848435521125793,,1.0,,,,,0.42442840337753296,,,,,,,,,,,,,,,,,,,,,,,,
3,5899,,,,,0.18914411962032318,,0.01785534992814064,,0.0,,0.14616799354553223,,1.0,,0.20185557007789612,,,0.0,0.0,,191.29611206054688,,0.1937389075756073,,0.38656288385391235,,,0.9735050201416016,,1.0,,,,,0.47309035062789917,,,,,,,,,,,,,,,,,,,,,,,,
3,5909,,,,,0.17316856980323792,,0.051215022802352905,,0.0,,0.16021716594696045,,1.1102467775344849,,0.1998041272163391,,,1.3510310649871826,0.8647257685661316,,0.3979296088218689,,0.22680217027664185,,0.6614527702331543,,,1.075438380241394,,1.1102467775344849,,,,,0.6497456431388855,,,,,,,,,,,,,,,,,,,,,,,,
3,5919,,,,,0.2662166655063629,,0.04629659652709961,,0.0,,0.2834722697734833,,0.12184683978557587,,0.22222605347633362,,,0.2066679745912552,0.03384517878293991,,0.029338937252759933,,0.21347126364707947,,0.3832826316356659,,,0.6733740568161011,,0.12184683978557587,,,,,0.7838758230209351,,,,,,,,,,,,,,,,,,,,,,,,
3,5929,,,,,0.08369871228933334,,0.01454036682844162,,0.0,,0.12818965315818787,,1.0,,0.21339388191699982,,,0.0,0.0,,198.6861572265625,,0.19414447247982025,,0.3449085056781769,,,1.0170947313308716,,1.0,,,,,0.4475884437561035,,,,,,,,,,,,,,,,,,,,,,,,
3,5939,,,,,0.1967001110315323,,0.03167131543159485,,0.0,,0.2962629199028015,,0.08449332416057587,,0.21530187129974365,,,0.21801404654979706,0.05879352241754532,,0.014898030087351799,,0.20336079597473145,,0.6311644911766052,,,0.6538145542144775,,0.08449332416057587,,,,,0.715851366519928,,,,,,,,,,,,,,,,,,,,,,,,
3,5949,,,,,0.13459843397140503,,0.04142576828598976,,0.0,,0.28484711050987244,,0.06175191327929497,,0.20753704011440277,,,0.20917147397994995,0.052100908011198044,,0.01553337648510933,,0.20534846186637878,,0.2618113160133362,,,0.6956889033317566,,0.06175191327929497,,,,,0.642580509185791,,,,,,,,,,,,,,,,,,,,,,,,
3,5959,,,,,0.18637320399284363,,0.057054296135902405,,0.0,,0.3338852524757385,,0.08652235567569733,,0.22713783383369446,,,0.2099565863609314,0.022091921418905258,,0.016261715441942215,,0.22028891742229462,,0.68165123462677,,,0.6726941466331482,,0.08652235567569733,,,,,0.7297114133834839,,,,,,,,,,,,,,,,,,,,,,,,
3,5969,,,,,0.05358447879552841,,0.03793010115623474,,0.0,,0.29821670055389404,,0.023212380707263947,,0.20660245418548584,,,0.2228277623653412,0.02591055817902088,,0.01637917570769787,,0.2152281552553177,,0.6843409538269043,,,0.5976883172988892,,0.023212380707263947,,,,,0.5651319026947021,,,,,,,,,,,,,,,,,,,,,,,,
3,5979,,,,,0.06892816722393036,,0.04250803589820862,,0.0,,0.29769641160964966,,0.02132200077176094,,0.22934553027153015,,,0.22257082164287567,0.08961570262908936,,0.024749241769313812,,0.21910275518894196,,0.6443898677825928,,,0.587607741355896,,0.02132200077176094,,,,,0.6317224502563477,,,,,,,,,,,,,,,,,,,,,,,,
3,5989,,,,,0.21716538071632385,,0.04341362416744232,,0.0,,0.14660373330116272,,1.0153934955596924,,0.1997857689857483,,,0.7663078308105469,1.0086767673492432,,0.3399704396724701,,0.22190900146961212,,0.6672036647796631,,,1.2408695220947266,,1.0153934955596924,,,,,0.6394579410552979,,,,,,,,,,,,,,,,,,,,,,,,
3,5999,,,,,0.09222192317247391,,0.021231815218925476,,0.0,,0.14590542018413544,,1.0,,0.2021639198064804,,,0.0,0.0,,194.1573486328125,,0.18669992685317993,,0.2574944496154785,,,1.0059621334075928,,1.0,,,,,0.4067477881908417,,,,,,,,,,,,,,,,,,,,,,,,
3,6009,,,,,0.16511286795139313,,0.030796609818935394,,0.0,,0.2994402050971985,,0.06779026985168457,,0.22495517134666443,,,0.2179248332977295,0.043621622025966644,,0.017646417021751404,,0.2201804220676422,,0.6632007360458374,,,0.6281826496124268,,0.06779026985168457,,,,,0.6923954486846924,,,,,,,,,,,,,,,,,,,,,,,,
3,6019,,,,,0.105362169444561,,0.031920865178108215,,0.0,,0.3058433532714844,,0.02238406613469124,,0.2273731231689453,,,0.2261502742767334,0.03366506099700928,,0.015579978004097939,,0.20665200054645538,,0.6827577352523804,,,0.6378756165504456,,0.02238406613469124,,,,,0.6289545297622681,,,,,,,,,,,,,,,,,,,,,,,,
3,6029,,,,,0.05908885598182678,,0.035551074892282486,,0.0,,0.28263700008392334,,0.021185357123613358,,0.22164809703826904,,,0.21355071663856506,0.03368034213781357,,0.018067196011543274,,0.21786394715309143,,0.36593079566955566,,,0.6177912950515747,,0.021185357123613358,,,,,0.5705879926681519,,,,,,,,,,,,,,,,,,,,,,,,
3,6039,,,,,0.12143560498952866,,0.044110007584095,,0.0,,0.14746825397014618,,1.002814769744873,,0.1997898370027542,,,0.9744918942451477,1.1083767414093018,,0.4593943953514099,,0.21543648838996887,,0.6048839092254639,,,1.0280426740646362,,1.002814769744873,,,,,0.605844259262085,,,,,,,,,,,,,,,,,,,,,,,,
3,6049,,,,,0.13258156180381775,,0.015560716390609741,,0.0,,0.15367625653743744,,1.0,,0.20261526107788086,,,0.0,0.0,,194.55282592773438,,0.18407557904720306,,0.2726578414440155,,,1.0199387073516846,,1.0,,,,,0.4142928123474121,,,,,,,,,,,,,,,,,,,,,,,,
3,6059,,,,,0.07927128672599792,,0.03311717510223389,,0.0,,0.2922595739364624,,0.0231925155967474,,0.20938900113105774,,,0.20656034350395203,0.021642593666911125,,0.017005113884806633,,0.20470425486564636,,0.2598491609096527,,,0.6045111417770386,,0.0231925155967474,,,,,0.5716103315353394,,,,,,,,,,,,,,,,,,,,,,,,
3,6069,,,,,0.12037370353937149,,0.014450952410697937,,0.0,,0.1293233335018158,,1.0,,0.20127412676811218,,,0.0,0.0,,195.40850830078125,,0.18704566359519958,,0.32858848571777344,,,1.0542463064193726,,1.0,,,,,0.43034130334854126,,,,,,,,,,,,,,,,,,,,,,,,
3,6079,,,,,0.07219278067350388,,0.0665380209684372,,0.0,,0.1458982527256012,,1.0972018241882324,,0.19944719970226288,,,0.78376305103302,1.1819452047348022,,0.387770414352417,,0.21874597668647766,,0.5996027588844299,,,1.1376769542694092,,1.0972018241882324,,,,,0.6151161193847656,,,,,,,,,,,,,,,,,,,,,,,,
3,6089,,,,,0.07661721110343933,,0.03578009083867073,,0.0,,0.2804301381111145,,0.033207472413778305,,0.21623747050762177,,,0.20671039819717407,0.05338309705257416,,0.019051969051361084,,0.2083253413438797,,0.2845904529094696,,,0.6155954599380493,,0.033207472413778305,,,,,0.5865764617919922,,,,,,,,,,,,,,,,,,,,,,,,
3,6099,,,,,0.12385087460279465,,0.03377126157283783,,0.0,,0.29599061608314514,,0.0354609489440918,,0.23739519715309143,,,0.20031960308551788,0.029989266768097878,,0.01784171722829342,,0.19296714663505554,,0.2796037197113037,,,0.6417489051818848,,0.0354609489440918,,,,,0.6279882788658142,,,,,,,,,,,,,,,,,,,,,,,,
3,6109,,,,,0.142390638589859,,0.038647256791591644,,0.0,,0.2818170189857483,,0.03778798133134842,,0.2235918939113617,,,0.26823192834854126,0.03329872339963913,,0.01839868724346161,,0.21060772240161896,,0.3472033739089966,,,0.6612080335617065,,0.03778798133134842,,,,,0.6796872615814209,,,,,,,,,,,,,,,,,,,,,,,,
3,6119,,,,,0.21570521593093872,,0.0177471823990345,,0.0,,0.12122314423322678,,1.0,,0.20333686470985413,,,0.0,0.0,,188.91978454589844,,0.19506683945655823,,0.21999973058700562,,,1.029306411743164,,1.0,,,,,0.3786868751049042,,,,,,,,,,,,,,,,,,,,,,,,
3,6129,,,,,0.11982007324695587,,0.03216494992375374,,0.0,,0.2906534969806671,,0.054692428559064865,,0.2569085657596588,,,0.21292877197265625,0.028517290949821472,,0.0113923829048872,,0.21672117710113525,,0.5416088700294495,,,0.6337268352508545,,0.054692428559064865,,,,,0.6444633603096008,,,,,,,,,,,,,,,,,,,,,,,,
3,6139,,,,,0.059014637023210526,,0.053175188601017,,0.0,,0.1388704925775528,,1.0788416862487793,,0.19999681413173676,,,0.81614750623703,1.1737102270126343,,0.4437810778617859,,0.22181659936904907,,0.5889497995376587,,,1.13608717918396,,1.0788416862487793,,,,,0.6014044284820557,,,,,,,,,,,,,,,,,,,,,,,,
3,6149,,,,,0.09798168390989304,,0.014091826975345612,,0.0,,0.11780893057584763,,1.0,,0.201419860124588,,,0.0,0.0,,185.46914672851562,,0.18006178736686707,,0.36279693245887756,,,1.0279332399368286,,1.0,,,,,0.43808966875076294,,,,,,,,,,,,,,,,,,,,,,,,
3,6159,,,,,0.08681049942970276,,0.028128469362854958,,0.0,,0.27330052852630615,,0.02811686508357525,,0.20830386877059937,,,0.2377503216266632,0.04651656374335289,,0.013473093509674072,,0.20476533472537994,,0.6200494766235352,,,0.6045653223991394,,0.02811686508357525,,,,,0.5929296016693115,,,,,,,,,,,,,,,,,,,,,,,,
3,6169,,,,,0.06769362092018127,,0.0400116927921772,,0.0,,0.2801934778690338,,0.02205481007695198,,0.21341732144355774,,,0.2363353967666626,0.03052673116326332,,0.01176480483263731,,0.21387211978435516,,0.294737845659256,,,0.6606207489967346,,0.02205481007695198,,,,,0.5807543992996216,,,,,,,,,,,,,,,,,,,,,,,,
3,6179,,,,,0.14098766446113586,,0.04957708716392517,,0.0,,0.2947959303855896,,0.058121271431446075,,0.22661280632019043,,,0.21177589893341064,0.04462382197380066,,0.02034558355808258,,0.22020190954208374,,0.6666280627250671,,,0.6530431509017944,,0.058121271431446075,,,,,0.6749541759490967,,,,,,,,,,,,,,,,,,,,,,,,
3,6189,,,,,0.09671449661254883,,0.03434838354587555,,0.0,,0.2942379415035248,,0.035666100680828094,,0.21183836460113525,,,0.22701361775398254,0.026136314496397972,,0.016269003972411156,,0.20261624455451965,,0.705267608165741,,,0.596052348613739,,0.035666100680828094,,,,,0.6029444336891174,,,,,,,,,,,,,,,,,,,,,,,,
3,6199,,,,,0.11296837776899338,,0.018695460632443428,,0.0,,0.1566634476184845,,1.0,,0.20241987705230713,,,0.0,0.0,,188.441162109375,,0.183568075299263,,0.2901558578014374,,,0.9930006861686707,,1.0,,,,,0.42575138807296753,,,,,,,,,,,,,,,,,,,,,,,,
3,6209,,,,,0.07301656901836395,,0.03596274554729462,,0.0,,0.29070383310317993,,0.032822009176015854,,0.21191227436065674,,,0.24401968717575073,0.019165493547916412,,0.019010957330465317,,0.20296993851661682,,0.21494314074516296,,,0.5596089363098145,,0.032822009176015854,,,,,0.5848890542984009,,,,,,,,,,,,,,,,,,,,,,,,
3,6219,,,,,0.18269841372966766,,0.03212433308362961,,0.0,,0.27593326568603516,,0.08231998980045319,,0.22360333800315857,,,0.21734081208705902,0.07685891538858414,,0.01426575519144535,,0.19996243715286255,,0.6209198236465454,,,0.610586404800415,,0.08231998980045319,,,,,0.702742874622345,,,,,,,,,,,,,,,,,,,,,,,,
3,6229,,,,,0.05791671574115753,,0.014102868735790253,,0.0,,0.1455325037240982,,1.0,,0.20193186402320862,,,0.0,0.0,,191.6412811279297,,0.19152069091796875,,0.29593831300735474,,,1.0252714157104492,,1.0,,,,,0.4245131313800812,,,,,,,,,,,,,,,,,,,,,,,,
3,6239,,,,,0.1361478865146637,,0.03692515939474106,,0.0,,0.14695218205451965,,1.061931848526001,,0.19957002997398376,,,0.5259642601013184,1.0119210481643677,,0.45945364236831665,,0.19513902068138123,,0.5644457936286926,,,1.076054334640503,,1.061931848526001,,,,,0.5715160965919495,,,,,,,,,,,,,,,,,,,,,,,,
3,6249,,,,,0.30466416478157043,,0.04231151193380356,,0.0,,0.15500810742378235,,1.0001471042633057,,0.20017482340335846,,,0.9555065035820007,1.133445143699646,,0.4467822015285492,,0.21187087893486023,,0.6195164918899536,,,0.9918853044509888,,1.0001471042633057,,,,,0.61444091796875,,,,,,,,,,,,,,,,,,,,,,,,
3,6259,,,,,0.20600759983062744,,0.03562229871749878,,0.0,,0.13986819982528687,,0.9079362154006958,,0.20024755597114563,,,0.6402885317802429,0.778144896030426,,0.43645840883255005,,0.18642382323741913,,0.5076504945755005,,,1.0082358121871948,,0.9079362154006958,,,,,0.5349062085151672,,,,,,,,,,,,,,,,,,,,,,,,
3,6269,,,,,0.1881294548511505,,0.03300519660115242,,0.0,,0.31249603629112244,,0.05582241714000702,,0.23039326071739197,,,0.2228611260652542,0.0469236858189106,,0.018861645832657814,,0.21456727385520935,,0.28162139654159546,,,0.6636018753051758,,0.05582241714000702,,,,,0.7276835441589355,,,,,,,,,,,,,,,,,,,,,,,,
3,6279,,,,,0.06134239584207535,,0.026252035051584244,,0.0,,0.2675616145133972,,0.025184176862239838,,0.2069074958562851,,,0.23936381936073303,0.05074639990925789,,0.016952482983469963,,0.19866463541984558,,0.5735071301460266,,,0.6569275856018066,,0.025184176862239838,,,,,0.5645666122436523,,,,,,,,,,,,,,,,,,,,,,,,
3,6289,,,,,0.10304990410804749,,0.034401703625917435,,0.0,,0.3101483881473541,,0.047874823212623596,,0.21830034255981445,,,0.22550418972969055,0.02135503478348255,,0.012593883089721203,,0.19981753826141357,,0.25777655839920044,,,0.6624643802642822,,0.047874823212623596,,,,,0.6141104698181152,,,,,,,,,,,,,,,,,,,,,,,,
3,6299,,,,,0.15268374979496002,,0.03050149604678154,,0.0,,0.27856630086898804,,0.07141611725091934,,0.2043142020702362,,,0.2104126662015915,0.0335293710231781,,0.011608804576098919,,0.19903509318828583,,0.31976979970932007,,,0.6504367589950562,,0.07141611725091934,,,,,0.6366677284240723,,,,,,,,,,,,,,,,,,,,,,,,
3,6309,,,,,0.2016018033027649,,0.03621383383870125,,0.0,,0.275037944316864,,0.07968425005674362,,0.2147568315267563,,,0.21264766156673431,0.0348433218896389,,0.014988020062446594,,0.20426779985427856,,0.28336799144744873,,,0.5693600177764893,,0.07968425005674362,,,,,0.6979795098304749,,,,,,,,,,,,,,,,,,,,,,,,
3,6319,,,,,0.3214266002178192,,0.0490708202123642,,0.0,,0.336748868227005,,1.0,,0.20698146522045135,,,0.0,0.0,,0.17097841203212738,,0.23237867653369904,,0.6008324027061462,,,1.634690761566162,,1.0,,,,,0.7130061388015747,,,,,,,,,,,,,,,,,,,,,,,,
3,6329,,,,,0.05166659504175186,,0.04211794584989548,,0.0,,0.2681770920753479,,0.016668878495693207,,0.2107214331626892,,,0.2129765748977661,0.04433668404817581,,0.015406729653477669,,0.20292413234710693,,0.23798306286334991,,,0.586241602897644,,0.016668878495693207,,,,,0.5499969124794006,,,,,,,,,,,,,,,,,,,,,,,,
3,6339,,,,,0.19456377625465393,,0.04217096418142319,,0.0,,0.17768467962741852,,1.224968671798706,,0.1994708627462387,,,0.8497110605239868,0.8097048997879028,,0.4287205636501312,,0.21263185143470764,,0.6423145532608032,,,1.081438660621643,,1.224968671798706,,,,,0.6371364593505859,,,,,,,,,,,,,,,,,,,,,,,,
3,6349,,,,,0.08268465101718903,,0.043225470930337906,,0.0,,0.27634111046791077,,0.0332879014313221,,0.22769010066986084,,,0.20686279237270355,0.03583000227808952,,0.014175495132803917,,0.20087194442749023,,0.2953025996685028,,,0.621313214302063,,0.0332879014313221,,,,,0.5851830840110779,,,,,,,,,,,,,,,,,,,,,,,,
3,6359,,,,,0.13072216510772705,,0.030690684914588928,,0.0,,0.27985432744026184,,0.030839450657367706,,0.22740593552589417,,,0.22138576209545135,0.10614712536334991,,0.016942933201789856,,0.199931800365448,,0.37279319763183594,,,0.6760545969009399,,0.030839450657367706,,,,,0.6719014048576355,,,,,,,,,,,,,,,,,,,,,,,,
3,6369,,,,,0.09618879854679108,,0.031403087079524994,,0.0,,0.28689971566200256,,0.03409312292933464,,0.23644113540649414,,,0.1943444460630417,0.02438969351351261,,0.0155650544911623,,0.2058446854352951,,0.3723738491535187,,,0.6941061615943909,,0.03409312292933464,,,,,0.593632698059082,,,,,,,,,,,,,,,,,,,,,,,,
3,6379,,,,,0.04975854605436325,,0.03316890448331833,,0.0,,0.2799084782600403,,0.01860889233648777,,0.21437621116638184,,,0.22624370455741882,0.0619792602956295,,0.012449710629880428,,0.20294705033302307,,0.6415075063705444,,,0.6253522634506226,,0.01860889233648777,,,,,0.5652951598167419,,,,,,,,,,,,,,,,,,,,,,,,
3,6379,,,,,,,,,,,,,,,,,,,,,,,,,,,,,,,,,,,,,,0.8110142350196838,0.3525494933128357,0.09698507189750671,0.05953322723507881,0.07041055709123611,0.0,0.3359740674495697,0.45210373401641846,0.31066998839378357,0.280309796333313,0.23871535062789917,14.035704612731934,0.26299676299095154,0.6004061698913574,0.9461380839347839,0.2547791600227356,0.45210373401641846,0.7663004398345947,0.8606393933296204,0.520176887512207,1.468265175819397,1.6016011238098145
3,6379,0.057940755039453506,0.1544610857963562,0.03221241757273674,0.04244707152247429,,0.035829320549964905,,0.0,,0.24616415798664093,,0.5039268136024475,,0.21471494436264038,,0.2610473930835724,0.34205707907676697,,,44.929344177246094,,0.21487049758434296,,0.49948564171791077,,0.8501684665679932,0.48613065481185913,,0.5039268136024475,,0.6598307490348816,0.8406446576118469,0.4425647258758545,0.6375184655189514,,0.4987023174762726,0.7042894959449768,,,,,,,,,,,,,,,,,,,,,,
4,6389,,,,,0.0739910751581192,,0.03709765896201134,,0.0,,0.2781231701374054,,0.035114988684654236,,0.2194405198097229,,,0.20908991992473602,0.030188804492354393,,0.016304876655340195,,0.20304006338119507,,0.5263730883598328,,,0.5391485691070557,,0.035114988684654236,,,,,0.570633590221405,,,,,,,,,,,,,,,,,,,,,,,,
4,6399,,,,,0.06272190809249878,,0.025800796225667,,0.0,,0.2704426050186157,,0.0213618241250515,,0.2131192684173584,,,0.18828006088733673,0.016892332583665848,,0.010545037686824799,,0.19876506924629211,,0.5270761251449585,,,0.6133601665496826,,0.0213618241250515,,,,,0.5246444940567017,,,,,,,,,,,,,,,,,,,,,,,,
4,6409,,,,,0.06351133435964584,,0.03022746369242668,,0.0,,0.2753260135650635,,0.02654079720377922,,0.2132866084575653,,,0.19658412039279938,0.043224021792411804,,0.014796236529946327,,0.19722357392311096,,0.38810211420059204,,,0.6113039255142212,,0.02654079720377922,,,,,0.5488453507423401,,,,,,,,,,,,,,,,,,,,,,,,
4,6419,,,,,0.12645363807678223,,0.043938539922237396,,0.0,,0.16069763898849487,,0.9668936729431152,,0.19963987171649933,,,1.0274097919464111,1.0672974586486816,,0.3508417010307312,,0.21484947204589844,,0.6507220268249512,,,1.6166893243789673,,0.9668936729431152,,,,,0.6349238157272339,,,,,,,,,,,,,,,,,,,,,,,,
4,6429,,,,,0.12118332087993622,,0.04333954304456711,,0.0,,0.3074687123298645,,0.051275260746479034,,0.20526352524757385,,,0.21309448778629303,0.060263484716415405,,0.01605602353811264,,0.21022996306419373,,0.6198074221611023,,,0.6005789041519165,,0.051275260746479034,,,,,0.6490411758422852,,,,,,,,,,,,,,,,,,,,,,,,
4,6439,,,,,0.16957905888557434,,0.03172587603330612,,0.0,,0.283857524394989,,0.05609651282429695,,0.2112119495868683,,,0.21118886768817902,0.03856420889496803,,0.012608561664819717,,0.19804707169532776,,0.6242392063140869,,,0.6748108863830566,,0.05609651282429695,,,,,0.6631810665130615,,,,,,,,,,,,,,,,,,,,,,,,
4,6449,,,,,0.05950048565864563,,0.0333755761384964,,0.0,,0.2875716984272003,,0.02222210168838501,,0.21261171996593475,,,0.1980581134557724,0.01469032745808363,,0.019742604345083237,,0.19911420345306396,,0.5637491345405579,,,0.6089298129081726,,0.02222210168838501,,,,,0.542082667350769,,,,,,,,,,,,,,,,,,,,,,,,
4,6459,,,,,0.13685356080532074,,0.04250583052635193,,0.0,,0.15876075625419617,,1.0150673389434814,,0.1999315470457077,,,0.5967599749565125,0.9241757988929749,,0.44768452644348145,,0.20641574263572693,,0.6724655628204346,,,1.137685775756836,,1.0150673389434814,,,,,0.6400396823883057,,,,,,,,,,,,,,,,,,,,,,,,
4,6469,,,,,0.1639232635498047,,0.03083549067378044,,0.0,,0.3080458641052246,,1.0,,0.2060520499944687,,,0.0,0.0,,0.24097910523414612,,0.21940183639526367,,0.5974422693252563,,,1.2202290296554565,,1.0,,,,,0.6808887720108032,,,,,,,,,,,,,,,,,,,,,,,,
4,6479,,,,,0.046515777707099915,,0.033378638327121735,,0.0,,0.2767430245876312,,0.0170166976749897,,0.20892490446567535,,,0.1838236302137375,0.01881525106728077,,0.012539062649011612,,0.1946706920862198,,0.21540860831737518,,,0.5890119671821594,,0.0170166976749897,,,,,0.5109634399414062,,,,,,,,,,,,,,,,,,,,,,,,
4,6489,,,,,0.06307221949100494,,0.02795228362083435,,0.0,,0.2687046527862549,,0.01535121165215969,,0.22137074172496796,,,0.240691676735878,0.042540647089481354,,0.01287110522389412,,0.19153335690498352,,0.6680165529251099,,,0.6150070428848267,,0.01535121165215969,,,,,0.565904438495636,,,,,,,,,,,,,,,,,,,,,,,,
4,6499,,,,,0.2090461701154709,,0.014956144616007805,,0.0,,0.12619130313396454,,1.0,,0.20118598639965057,,,0.0,0.0,,192.0677947998047,,0.1928081065416336,,0.2756265103816986,,,1.013621211051941,,1.0,,,,,0.40538400411605835,,,,,,,,,,,,,,,,,,,,,,,,
4,6509,,,,,0.08682942390441895,,0.05537518113851547,,0.0,,0.16569530963897705,,1.025285005569458,,0.19992594420909882,,,0.6309519410133362,1.058067798614502,,0.4535341262817383,,0.2143370509147644,,0.5473448038101196,,,1.4442272186279297,,1.025285005569458,,,,,0.591339111328125,,,,,,,,,,,,,,,,,,,,,,,,
4,6519,,,,,0.10136038064956665,,0.03130979835987091,,0.0,,0.25539785623550415,,0.0469202995300293,,0.20674648880958557,,,0.20209617912769318,0.10679028928279877,,0.010856248438358307,,0.19253528118133545,,0.588725209236145,,,0.6284794807434082,,0.0469202995300293,,,,,0.6042264699935913,,,,,,,,,,,,,,,,,,,,,,,,
4,6529,,,,,0.07930653542280197,,0.016465723514556885,,0.0,,0.11491800844669342,,1.0,,0.20146444439888,,,0.0,0.0,,196.2078857421875,,0.18505822122097015,,0.3633916974067688,,,1.0384117364883423,,1.0,,,,,0.4406490623950958,,,,,,,,,,,,,,,,,,,,,,,,
4,6539,,,,,0.06991569697856903,,0.0298314169049263,,0.0,,0.2699695825576782,,0.02703746408224106,,0.2090248316526413,,,0.19450677931308746,0.02726735733449459,,0.012110340408980846,,0.19559097290039062,,0.3012973666191101,,,0.6094611883163452,,0.02703746408224106,,,,,0.5390663146972656,,,,,,,,,,,,,,,,,,,,,,,,
4,6549,,,,,0.14836150407791138,,0.03339787572622299,,0.0,,0.2783808708190918,,0.06052718311548233,,0.2540434002876282,,,0.19367660582065582,0.054202016443014145,,0.013981213793158531,,0.20621541142463684,,0.2910197079181671,,,0.5956883430480957,,0.06052718311548233,,,,,0.6653102040290833,,,,,,,,,,,,,,,,,,,,,,,,
4,6559,,,,,0.16933032870292664,,0.02590213157236576,,0.0,,0.23028704524040222,,0.07269129157066345,,0.2093331217765808,,,0.196280837059021,0.02451702021062374,,0.013295048847794533,,0.20051731169223785,,0.5914644598960876,,,0.6364253759384155,,0.07269129157066345,,,,,0.6193965673446655,,,,,,,,,,,,,,,,,,,,,,,,
4,6569,,,,,0.1382703334093094,,0.01546795666217804,,0.0,,0.11845377087593079,,1.0,,0.2030753195285797,,,0.0,0.0,,191.4283447265625,,0.1853303164243698,,0.2713760733604431,,,0.9957383871078491,,1.0,,,,,0.39685168862342834,,,,,,,,,,,,,,,,,,,,,,,,
4,6579,,,,,0.11956487596035004,,0.02863285131752491,,0.0,,0.25778281688690186,,0.05346928909420967,,0.22095392644405365,,,0.20413394272327423,0.019080396741628647,,0.014474434778094292,,0.19273978471755981,,0.5226215124130249,,,0.5468993782997131,,0.05346928909420967,,,,,0.5884639620780945,,,,,,,,,,,,,,,,,,,,,,,,
4,6589,,,,,0.18601348996162415,,0.029589373618364334,,0.0,,0.27688300609588623,,0.03698248788714409,,0.24093732237815857,,,0.2132231891155243,0.045451968908309937,,0.014803237281739712,,0.19554951786994934,,0.6543724536895752,,,0.6038755774497986,,0.03698248788714409,,,,,0.6942323446273804,,,,,,,,,,,,,,,,,,,,,,,,
4,6599,,,,,0.1023838073015213,,0.019425660371780396,,0.0,,0.12941040098667145,,1.0,,0.20152322947978973,,,0.0,0.0,,194.58395385742188,,0.18648475408554077,,0.28126147389411926,,,1.0088117122650146,,1.0,,,,,0.4090527296066284,,,,,,,,,,,,,,,,,,,,,,,,
4,6609,,,,,0.13268756866455078,,0.04024510830640793,,0.0,,0.15462319552898407,,1.0226211547851562,,0.20054391026496887,,,0.8472078442573547,1.09561288356781,,0.6057999134063721,,0.20430229604244232,,0.581999659538269,,,0.8823010921478271,,1.0226211547851562,,,,,0.5908570885658264,,,,,,,,,,,,,,,,,,,,,,,,
4,6619,,,,,0.16821420192718506,,0.0246586836874485,,0.0,,0.25931382179260254,,0.045159127563238144,,0.21488475799560547,,,0.2032267451286316,0.028191203251481056,,0.012117098085582256,,0.1924419403076172,,0.21074748039245605,,,0.5741820335388184,,0.045159127563238144,,,,,0.6356313228607178,,,,,,,,,,,,,,,,,,,,,,,,
4,6629,,,,,0.2033921778202057,,0.030891377478837967,,0.0,,0.2862873077392578,,0.07410426437854767,,0.21928641200065613,,,0.1944265067577362,0.060461703687906265,,0.02381768822669983,,0.21000957489013672,,0.5527009963989258,,,0.649419903755188,,0.07410426437854767,,,,,0.7159824371337891,,,,,,,,,,,,,,,,,,,,,,,,
4,6639,,,,,0.24748495221138,,0.024461958557367325,,0.0,,0.2597653269767761,,0.11808104813098907,,0.21033649146556854,,,0.21985124051570892,0.04221342131495476,,0.009546632878482342,,0.20239244401454926,,0.6678757667541504,,,0.6411749720573425,,0.11808104813098907,,,,,0.7317687273025513,,,,,,,,,,,,,,,,,,,,,,,,
4,6649,,,,,0.09800337255001068,,0.026526404544711113,,0.0,,0.26569727063179016,,0.03442707657814026,,0.21713444590568542,,,0.21215428411960602,0.019843941554427147,,0.019278816878795624,,0.1995047628879547,,0.6281653046607971,,,0.591632604598999,,0.03442707657814026,,,,,0.5780733227729797,,,,,,,,,,,,,,,,,,,,,,,,
4,6659,,,,,0.10629521310329437,,0.013835495337843895,,0.0,,0.13653752207756042,,1.0,,0.20455437898635864,,,0.0,0.0,,188.125732421875,,0.1855350136756897,,0.26149851083755493,,,1.028176188468933,,1.0,,,,,0.4009804427623749,,,,,,,,,,,,,,,,,,,,,,,,
4,6669,,,,,0.07185569405555725,,0.01778431609272957,,0.0,,0.1322353184223175,,1.0,,0.20170846581459045,,,0.0,0.0,,186.78128051757812,,0.1821323186159134,,0.2927595376968384,,,1.025791883468628,,1.0,,,,,0.4133099913597107,,,,,,,,,,,,,,,,,,,,,,,,
4,6679,,,,,0.08918879926204681,,0.026774996891617775,,0.0,,0.26275262236595154,,0.028030529618263245,,0.21023724973201752,,,0.2074810266494751,0.03751226142048836,,0.009315929375588894,,0.1954159140586853,,0.1824781894683838,,,0.6217483878135681,,0.028030529618263245,,,,,0.563933789730072,,,,,,,,,,,,,,,,,,,,,,,,
4,6689,,,,,0.1579977422952652,,0.02298464998602867,,0.0,,0.2643749415874481,,0.06858594715595245,,0.20541900396347046,,,0.21907812356948853,0.051980093121528625,,0.01261640153825283,,0.18657724559307098,,0.2818315029144287,,,0.6171476244926453,,0.06858594715595245,,,,,0.6395129561424255,,,,,,,,,,,,,,,,,,,,,,,,
4,6699,,,,,0.08250027894973755,,0.03700429946184158,,0.0,,0.3141109347343445,,0.026684794574975967,,0.21221911907196045,,,0.23488585650920868,0.03382228687405586,,0.01324608363211155,,0.21523001790046692,,0.7116281986236572,,,0.6116491556167603,,0.026684794574975967,,,,,0.6127595901489258,,,,,,,,,,,,,,,,,,,,,,,,
4,6709,,,,,0.05901887267827988,,0.06688827276229858,,0.0,,0.18968401849269867,,1.0893710851669312,,0.20125135779380798,,,2.2060532569885254,0.841316282749176,,0.5887753963470459,,0.324612557888031,,0.6957993507385254,,,0.9777860641479492,,1.0893710851669312,,,,,0.7391178011894226,,,,,,,,,,,,,,,,,,,,,,,,
4,6719,,,,,0.112810418009758,,0.041590217500925064,,0.0,,0.169560045003891,,1.0644068717956543,,0.20055213570594788,,,1.4322367906570435,0.9405785202980042,,0.4197683334350586,,0.30367329716682434,,0.7524823546409607,,,1.6472975015640259,,1.0644068717956543,,,,,0.7339290380477905,,,,,,,,,,,,,,,,,,,,,,,,
4,6729,,,,,0.04837210476398468,,0.01679947040975094,,0.0,,0.13347962498664856,,1.0,,0.2018209993839264,,,0.0,0.0,,193.16342163085938,,0.18675865232944489,,0.26440638303756714,,,0.994297981262207,,1.0,,,,,0.4016325771808624,,,,,,,,,,,,,,,,,,,,,,,,
4,6739,,,,,0.11386753618717194,,0.03439472243189812,,0.0,,0.31743374466896057,,0.016365785151720047,,0.23488247394561768,,,0.24594691395759583,0.027312705293297768,,0.01518644206225872,,0.2019501030445099,,0.6223752498626709,,,0.6311110854148865,,0.016365785151720047,,,,,0.6524210572242737,,,,,,,,,,,,,,,,,,,,,,,,
4,6749,,,,,0.08021494746208191,,0.05617270991206169,,0.0,,0.16761919856071472,,1.167102575302124,,0.20047515630722046,,,0.826869010925293,0.91355299949646,,0.4553472697734833,,0.21810227632522583,,0.5889681577682495,,,0.8112322092056274,,1.167102575302124,,,,,0.615668773651123,,,,,,,,,,,,,,,,,,,,,,,,
4,6759,,,,,0.06386037170886993,,0.014171790331602097,,0.0,,0.12632322311401367,,1.0,,0.2084444910287857,,,0.0,0.0,,193.87118530273438,,0.1823718398809433,,0.2806565761566162,,,0.9952325224876404,,1.0,,,,,0.40598395466804504,,,,,,,,,,,,,,,,,,,,,,,,
4,6769,,,,,0.17876437306404114,,0.011411385610699654,,0.0,,0.11543218046426773,,1.0,,0.2009994238615036,,,0.0,0.0,,194.44921875,,0.17758801579475403,,0.2310463935136795,,,1.0363285541534424,,1.0,,,,,0.3682386875152588,,,,,,,,,,,,,,,,,,,,,,,,
4,6779,,,,,0.047856174409389496,,0.013522818684577942,,0.0,,0.12543416023254395,,1.0,,0.20110034942626953,,,0.0,0.0,,198.01254272460938,,0.18142463266849518,,0.26183050870895386,,,1.0146358013153076,,1.0,,,,,0.39165621995925903,,,,,,,,,,,,,,,,,,,,,,,,
4,6789,,,,,0.12157672643661499,,0.02945985086262226,,0.0,,0.2791759967803955,,0.02752518281340599,,0.22074922919273376,,,0.20664437115192413,0.02868523821234703,,0.014386259019374847,,0.20290297269821167,,0.34091126918792725,,,0.6672022342681885,,0.02752518281340599,,,,,0.6125786304473877,,,,,,,,,,,,,,,,,,,,,,,,
4,6799,,,,,0.11703918129205704,,0.029225975275039673,,0.0,,0.26472553610801697,,0.04979146271944046,,0.20377880334854126,,,0.21195223927497864,0.03213906288146973,,0.00835802685469389,,0.19623619318008423,,0.2404908686876297,,,0.6166675090789795,,0.04979146271944046,,,,,0.5902470946311951,,,,,,,,,,,,,,,,,,,,,,,,
4,6809,,,,,0.20253723859786987,,0.023470290005207062,,0.0,,0.2678069770336151,,0.0874997153878212,,0.21924325823783875,,,0.20084914565086365,0.035632308572530746,,0.009786776266992092,,0.19959422945976257,,0.5991153120994568,,,0.6187171936035156,,0.0874997153878212,,,,,0.6807287335395813,,,,,,,,,,,,,,,,,,,,,,,,
4,6819,,,,,0.1375536173582077,,0.027081698179244995,,0.0,,0.2874775230884552,,0.06071552634239197,,0.210828959941864,,,0.18674659729003906,0.015523014590144157,,0.012241145595908165,,0.18485143780708313,,0.5889278650283813,,,0.5912983417510986,,0.06071552634239197,,,,,0.5999287962913513,,,,,,,,,,,,,,,,,,,,,,,,
4,6829,,,,,0.20846521854400635,,0.02974001131951809,,0.0,,0.2687816917896271,,0.08869196474552155,,0.2060445100069046,,,0.20408719778060913,0.04245822876691818,,0.013745225965976715,,0.19410894811153412,,0.6736903190612793,,,0.6314512491226196,,0.08869196474552155,,,,,0.6879481077194214,,,,,,,,,,,,,,,,,,,,,,,,
4,6839,,,,,0.14310534298419952,,0.044355981051921844,,0.0,,0.272711843252182,,0.0513264536857605,,0.21104221045970917,,,0.1888372153043747,0.02635868452489376,,0.016105569899082184,,0.20328842103481293,,0.6617082357406616,,,0.6597282290458679,,0.0513264536857605,,,,,0.6244553327560425,,,,,,,,,,,,,,,,,,,,,,,,
4,6849,,,,,0.08509322255849838,,0.013109784573316574,,0.0,,0.12742885947227478,,1.0,,0.2023727148771286,,,0.0,0.0,,181.29306030273438,,0.1818111389875412,,0.26896947622299194,,,1.0021378993988037,,1.0,,,,,0.3968459665775299,,,,,,,,,,,,,,,,,,,,,,,,
4,6859,,,,,0.12845179438591003,,0.037370435893535614,,0.0,,0.2452213615179062,,0.0592973493039608,,0.21086852252483368,,,0.23419256508350372,0.04214617982506752,,0.054461389780044556,,0.2196662575006485,,0.2891387939453125,,,0.6281610727310181,,0.0592973493039608,,,,,0.6504151821136475,,,,,,,,,,,,,,,,,,,,,,,,
4,6869,,,,,0.12616506218910217,,0.11346769332885742,,0.0,,0.17412064969539642,,1.0674890279769897,,0.2006089985370636,,,1.141618013381958,1.0428093671798706,,0.5113025307655334,,0.3028649389743805,,0.6196984052658081,,,1.0949739217758179,,1.0674890279769897,,,,,0.7053803205490112,,,,,,,,,,,,,,,,,,,,,,,,
4,6879,,,,,0.2523895800113678,,0.025685595348477364,,0.0,,0.27320173382759094,,0.11373014748096466,,0.23226453363895416,,,0.19937068223953247,0.04781884327530861,,0.014485287480056286,,0.19672001898288727,,0.6180630922317505,,,0.6878167986869812,,0.11373014748096466,,,,,0.747162938117981,,,,,,,,,,,,,,,,,,,,,,,,
4,6889,,,,,0.07178354263305664,,0.02337331883609295,,0.0,,0.13895469903945923,,1.0,,0.20231644809246063,,,0.0,0.0,,186.37908935546875,,0.18590769171714783,,0.30368977785110474,,,1.041792392730713,,1.0,,,,,0.42712095379829407,,,,,,,,,,,,,,,,,,,,,,,,
4,6899,,,,,0.17317676544189453,,0.06339879333972931,,0.0,,0.17464670538902283,,1.1287779808044434,,0.20055021345615387,,,1.002798318862915,0.8557499647140503,,0.47800570726394653,,0.22257663309574127,,0.6284496188163757,,,1.0328726768493652,,1.1287779808044434,,,,,0.6448109745979309,,,,,,,,,,,,,,,,,,,,,,,,
4,6909,,,,,0.11766766011714935,,0.024508925154805183,,0.0,,0.2654782235622406,,0.052962902933359146,,0.21018853783607483,,,0.1880723237991333,0.030361279845237732,,0.010131727904081345,,0.1929643154144287,,0.21702666580677032,,,0.6176514029502869,,0.052962902933359146,,,,,0.5785203576087952,,,,,,,,,,,,,,,,,,,,,,,,
4,6919,,,,,0.06620731949806213,,0.016630327329039574,,0.0,,0.1258438527584076,,1.0,,0.2013857513666153,,,0.0,0.0,,197.1171875,,0.18030452728271484,,0.2533145546913147,,,0.9808103442192078,,1.0,,,,,0.3887394964694977,,,,,,,,,,,,,,,,,,,,,,,,
4,6929,,,,,0.14476251602172852,,0.06243477016687393,,0.0,,0.17646563053131104,,0.9375984072685242,,0.20050400495529175,,,1.0709236860275269,0.9526883959770203,,0.4921058118343353,,0.216287761926651,,0.5952662825584412,,,1.1932706832885742,,0.9375984072685242,,,,,0.6254792213439941,,,,,,,,,,,,,,,,,,,,,,,,
4,6939,,,,,0.06994041800498962,,0.025101974606513977,,0.0,,0.26276645064353943,,0.026443887501955032,,0.21239906549453735,,,0.19068759679794312,0.052910398691892624,,0.011197286657989025,,0.1921537220478058,,0.5930692553520203,,,0.6195068359375,,0.026443887501955032,,,,,0.5435486435890198,,,,,,,,,,,,,,,,,,,,,,,,
4,6949,,,,,0.12648333609104156,,0.015487170778214931,,0.0,,0.13024654984474182,,1.0,,0.20148511230945587,,,0.0,0.0,,192.5852508544922,,0.17664647102355957,,0.4235106408596039,,,1.028747797012329,,1.0,,,,,0.47368794679641724,,,,,,,,,,,,,,,,,,,,,,,,
4,6959,,,,,0.1377747654914856,,0.035054486244916916,,0.0,,0.2861214578151703,,0.059835270047187805,,0.23757216334342957,,,0.21136748790740967,0.028327785432338715,,0.01143611129373312,,0.20474733412265778,,0.3761892318725586,,,0.7793076038360596,,0.059835270047187805,,,,,0.6450881361961365,,,,,,,,,,,,,,,,,,,,,,,,
4,6969,,,,,0.08089827746152878,,0.05948179215192795,,0.0,,0.16817238926887512,,0.998754620552063,,0.20227405428886414,,,1.1109323501586914,0.7687669992446899,,0.3873904347419739,,0.2105945646762848,,0.6887068748474121,,,1.2563197612762451,,0.998754620552063,,,,,0.6646148562431335,,,,,,,,,,,,,,,,,,,,,,,,
4,6979,,,,,0.14913979172706604,,0.028608053922653198,,0.0,,0.23716533184051514,,0.06697859615087509,,0.20706313848495483,,,0.2279350459575653,0.09499232470989227,,0.010190877132117748,,0.1948985457420349,,0.3741893470287323,,,0.623408854007721,,0.06697859615087509,,,,,0.6495665311813354,,,,,,,,,,,,,,,,,,,,,,,,
4,6989,,,,,0.23656633496284485,,0.02558520808815956,,0.0,,0.2342352271080017,,0.10914821177721024,,0.210567444562912,,,0.18918566405773163,0.04299216717481613,,0.014648107811808586,,0.18725082278251648,,0.5665233135223389,,,0.68900465965271,,0.10914821177721024,,,,,0.6887986660003662,,,,,,,,,,,,,,,,,,,,,,,,
4,6999,,,,,0.12906590104103088,,0.046393781900405884,,0.0,,0.14230653643608093,,1.0185933113098145,,0.20159032940864563,,,1.836474895477295,0.8398410081863403,,0.5689384341239929,,0.20372363924980164,,0.6215094327926636,,,1.3040292263031006,,1.0185933113098145,,,,,0.6077618598937988,,,,,,,,,,,,,,,,,,,,,,,,
4,7009,,,,,0.2418554127216339,,0.05657868832349777,,0.0,,0.15416473150253296,,1.094722867012024,,0.20057201385498047,,,1.766028642654419,0.8484334349632263,,0.5861260890960693,,0.22431735694408417,,0.5396261215209961,,,0.7711422443389893,,1.094722867012024,,,,,0.5876294374465942,,,,,,,,,,,,,,,,,,,,,,,,
4,7019,,,,,0.2153034508228302,,0.04247375577688217,,0.0,,0.2564675807952881,,0.10037892311811447,,0.2218511998653412,,,0.2420022338628769,0.06452453136444092,,0.017572570592164993,,0.20390832424163818,,0.5838122367858887,,,0.6660800576210022,,0.10037892311811447,,,,,0.7397035360336304,,,,,,,,,,,,,,,,,,,,,,,,
4,7029,,,,,0.18413642048835754,,0.024974916130304337,,0.0,,0.269960880279541,,0.08666695654392242,,0.2201557755470276,,,0.2336384505033493,0.035044748336076736,,0.007367218844592571,,0.1925017237663269,,0.7352725863456726,,,0.7160372138023376,,0.08666695654392242,,,,,0.6759582757949829,,,,,,,,,,,,,,,,,,,,,,,,
4,7039,,,,,0.058162156492471695,,0.02395794354379177,,0.0,,0.2485281229019165,,0.02383948117494583,,0.2083994746208191,,,0.18142277002334595,0.03528952598571777,,0.015025852248072624,,0.18720592558383942,,0.285714715719223,,,0.6501729488372803,,0.02383948117494583,,,,,0.5080769658088684,,,,,,,,,,,,,,,,,,,,,,,,
4,7049,,,,,0.06992094963788986,,0.02176758274435997,,0.0,,0.21976932883262634,,0.0321662612259388,,0.20343612134456635,,,0.2271932065486908,0.027686135843396187,,0.011020662263035774,,0.18830054998397827,,0.580735981464386,,,0.6240378618240356,,0.0321662612259388,,,,,0.5195077657699585,,,,,,,,,,,,,,,,,,,,,,,,
4,7059,,,,,0.11076879501342773,,0.047249507158994675,,0.0,,0.13209787011146545,,1.021446943283081,,0.20154733955860138,,,1.0297200679779053,0.9531455636024475,,0.5254725813865662,,0.21041437983512878,,0.5614771842956543,,,1.093415379524231,,1.021446943283081,,,,,0.5763931274414062,,,,,,,,,,,,,,,,,,,,,,,,
4,7069,,,,,0.16418664157390594,,0.04740539938211441,,0.0,,0.14772087335586548,,1.135425329208374,,0.20034606754779816,,,1.035417914390564,1.3236801624298096,,0.6098214387893677,,0.20736953616142273,,0.5138311386108398,,,1.3935766220092773,,1.135425329208374,,,,,0.5583364963531494,,,,,,,,,,,,,,,,,,,,,,,,
4,7079,,,,,0.09557832777500153,,0.030576467514038086,,0.0,,0.2419895976781845,,0.034083276987075806,,0.21316546201705933,,,0.1809884011745453,0.030604790896177292,,0.014977246522903442,,0.19493910670280457,,0.3162859380245209,,,0.6061221361160278,,0.034083276987075806,,,,,0.5491988062858582,,,,,,,,,,,,,,,,,,,,,,,,
4,7089,,,,,0.12219590693712234,,0.03874584287405014,,0.0,,0.1378086805343628,,1.1166867017745972,,0.20047329366207123,,,1.0202982425689697,1.0724222660064697,,0.4264468550682068,,0.21753421425819397,,0.5451499223709106,,,1.0370819568634033,,1.1166867017745972,,,,,0.5698559880256653,,,,,,,,,,,,,,,,,,,,,,,,
4,7099,,,,,0.08770355582237244,,0.048242948949337006,,0.0,,0.163473442196846,,1.140495777130127,,0.1997876912355423,,,0.8745737075805664,0.8259663581848145,,0.4538227915763855,,0.1975153088569641,,0.6049630045890808,,,1.5011729001998901,,1.140495777130127,,,,,0.606991171836853,,,,,,,,,,,,,,,,,,,,,,,,
4,7109,,,,,0.06130263954401016,,0.03345022723078728,,0.0,,0.3162240982055664,,1.0,,0.2033715546131134,,,0.0,0.0,,0.14155898988246918,,0.2356102168560028,,0.5996686816215515,,,1.4442018270492554,,1.0,,,,,0.6941623687744141,,,,,,,,,,,,,,,,,,,,,,,,
4,7119,,,,,0.09096749126911163,,0.024575864896178246,,0.0,,0.2651260495185852,,0.026540547609329224,,0.20845136046409607,,,0.2290603369474411,0.046401139348745346,,0.01512916199862957,,0.19323262572288513,,0.5455145835876465,,,0.6218847036361694,,0.026540547609329224,,,,,0.5819557309150696,,,,,,,,,,,,,,,,,,,,,,,,
4,7129,,,,,0.1991654336452484,,0.03150450065732002,,0.0,,0.2572839558124542,,0.0811491459608078,,0.20987260341644287,,,0.19592469930648804,0.06361356377601624,,0.01342411246150732,,0.20512300729751587,,0.2557756304740906,,,0.5996671915054321,,0.0811491459608078,,,,,0.6875386834144592,,,,,,,,,,,,,,,,,,,,,,,,
4,7139,,,,,0.08655759692192078,,0.03584825620055199,,0.0,,0.26254913210868835,,0.025770729407668114,,0.20740899443626404,,,0.25364434719085693,0.07241319119930267,,0.017183713614940643,,0.2041425108909607,,0.22660988569259644,,,0.6009964942932129,,0.025770729407668114,,,,,0.6131527423858643,,,,,,,,,,,,,,,,,,,,,,,,
4,7149,,,,,0.06425824761390686,,0.03605952858924866,,0.0,,0.26774662733078003,,0.016452647745609283,,0.21710370481014252,,,0.2031003087759018,0.03268488869071007,,0.01569387875497341,,0.2155429720878601,,0.25112879276275635,,,0.6159574389457703,,0.016452647745609283,,,,,0.5582242012023926,,,,,,,,,,,,,,,,,,,,,,,,
4,7159,,,,,0.1139758825302124,,0.015940893441438675,,0.0,,0.12663282454013824,,1.0,,0.20337644219398499,,,0.0,0.0,,196.15020751953125,,0.18862083554267883,,0.24118101596832275,,,1.059593677520752,,1.0,,,,,0.387876033782959,,,,,,,,,,,,,,,,,,,,,,,,
4,7169,,,,,0.05357207730412483,,0.027492817491292953,,0.0,,0.2747817635536194,,0.022652074694633484,,0.2321092188358307,,,0.2025507688522339,0.025175511837005615,,0.01284402422606945,,0.18784365057945251,,0.26054564118385315,,,0.5681459903717041,,0.022652074694633484,,,,,0.5349709391593933,,,,,,,,,,,,,,,,,,,,,,,,
4,7179,,,,,0.13581013679504395,,0.032992929220199585,,0.0,,0.2607758343219757,,0.05476420745253563,,0.21190735697746277,,,0.2019818276166916,0.036083415150642395,,0.01026872918009758,,0.19159001111984253,,0.31424933671951294,,,0.6413412690162659,,0.05476420745253563,,,,,0.6086101531982422,,,,,,,,,,,,,,,,,,,,,,,,
4,7189,,,,,0.13508912920951843,,0.02682584524154663,,0.0,,0.24717006087303162,,0.037514496594667435,,0.2140757143497467,,,0.19344256818294525,0.04487801715731621,,0.010804671794176102,,0.19132792949676514,,0.6456983685493469,,,0.6050581932067871,,0.037514496594667435,,,,,0.5993515253067017,,,,,,,,,,,,,,,,,,,,,,,,
4,7199,,,,,0.2758730947971344,,0.024805167689919472,,0.0,,0.2516744136810303,,0.11317912489175797,,0.21028080582618713,,,0.2099432498216629,0.0351797454059124,,0.010192109271883965,,0.20207646489143372,,0.5644257068634033,,,0.6247948408126831,,0.11317912489175797,,,,,0.7479490041732788,,,,,,,,,,,,,,,,,,,,,,,,
4,7209,,,,,0.030583340674638748,,0.012494685128331184,,0.0,,0.13533708453178406,,1.0,,0.20336975157260895,,,0.0,0.0,,195.1851806640625,,0.1814700961112976,,0.2670624852180481,,,0.9843999147415161,,1.0,,,,,0.39986705780029297,,,,,,,,,,,,,,,,,,,,,,,,
4,7219,,,,,0.10486520826816559,,0.02957981638610363,,0.0,,0.25487765669822693,,0.04309304058551788,,0.2142133116722107,,,0.1967938393354416,0.04054081067442894,,0.01618417352437973,,0.18461385369300842,,0.2643918991088867,,,0.571868896484375,,0.04309304058551788,,,,,0.5732669234275818,,,,,,,,,,,,,,,,,,,,,,,,
4,7229,,,,,0.10398154705762863,,0.016474232077598572,,0.0,,0.13044019043445587,,1.0,,0.20126283168792725,,,0.0,0.0,,198.64268493652344,,0.1829306036233902,,0.29191896319389343,,,1.063122272491455,,1.0,,,,,0.41151338815689087,,,,,,,,,,,,,,,,,,,,,,,,
4,7239,,,,,0.09917417168617249,,0.027415478602051735,,0.0,,0.256178081035614,,0.04215632751584053,,0.21009960770606995,,,0.19720128178596497,0.021393204107880592,,0.009206132963299751,,0.1994444727897644,,0.26600468158721924,,,0.5517882108688354,,0.04215632751584053,,,,,0.5596432685852051,,,,,,,,,,,,,,,,,,,,,,,,
4,7249,,,,,0.07693975418806076,,0.058029547333717346,,0.0,,0.15120968222618103,,1.0584269762039185,,0.19957368075847626,,,1.1394939422607422,1.2828556299209595,,0.49221593141555786,,0.22167709469795227,,0.4418807625770569,,,0.8972179889678955,,1.0584269762039185,,,,,0.5361853837966919,,,,,,,,,,,,,,,,,,,,,,,,
4,7259,,,,,0.1298667937517166,,0.02642803266644478,,0.0,,0.2946050763130188,,0.05703585594892502,,0.2042008638381958,,,0.22423075139522552,0.03979106992483139,,0.011735960841178894,,0.19014981389045715,,0.5718461871147156,,,0.5783023834228516,,0.05703585594892502,,,,,0.6254375576972961,,,,,,,,,,,,,,,,,,,,,,,,
4,7269,,,,,0.12767459452152252,,0.03859633579850197,,0.0,,0.2776191830635071,,0.054019514471292496,,0.21800988912582397,,,0.26333072781562805,0.07793530821800232,,0.017595428973436356,,0.20479679107666016,,0.20706774294376373,,,0.6184275150299072,,0.054019514471292496,,,,,0.676616370677948,,,,,,,,,,,,,,,,,,,,,,,,
4,7279,,,,,0.12166951596736908,,0.03386978805065155,,0.0,,0.2933933734893799,,0.049784183502197266,,0.20544308423995972,,,0.25365662574768066,0.07939209789037704,,0.012688539922237396,,0.2028636336326599,,0.28909048438072205,,,0.5879295468330383,,0.049784183502197266,,,,,0.6623231172561646,,,,,,,,,,,,,,,,,,,,,,,,
4,7289,,,,,0.1301116645336151,,0.012611694633960724,,0.0,,0.13418620824813843,,1.0,,0.20253902673721313,,,0.0,0.0,,188.7945556640625,,0.17912578582763672,,0.2853812575340271,,,1.0414268970489502,,1.0,,,,,0.40692198276519775,,,,,,,,,,,,,,,,,,,,,,,,
4,7299,,,,,0.06296160817146301,,0.028027329593896866,,0.0,,0.25143343210220337,,0.021300552412867546,,0.2179684042930603,,,0.1872244030237198,0.06932348757982254,,0.012883631512522697,,0.19831965863704681,,0.23823010921478271,,,0.6095818877220154,,0.021300552412867546,,,,,0.5455517768859863,,,,,,,,,,,,,,,,,,,,,,,,
4,7309,,,,,0.07224445044994354,,0.02473536878824234,,0.0,,0.23559708893299103,,0.030771221965551376,,0.2191552072763443,,,0.2164696902036667,0.03953845053911209,,0.016903849318623543,,0.19242370128631592,,0.6445255279541016,,,0.5661749243736267,,0.030771221965551376,,,,,0.5446561574935913,,,,,,,,,,,,,,,,,,,,,,,,
4,7319,,,,,0.13856399059295654,,0.025014419108629227,,0.0,,0.24357007443904877,,0.06645189225673676,,0.2103075385093689,,,0.16597788035869598,0.022884678095579147,,0.013129938393831253,,0.19144493341445923,,0.5839219093322754,,,0.5187139511108398,,0.06645189225673676,,,,,0.5747287273406982,,,,,,,,,,,,,,,,,,,,,,,,
4,7329,,,,,0.08260037004947662,,0.037197958678007126,,0.0,,0.2822993993759155,,0.020435098558664322,,0.21048445999622345,,,0.2599375545978546,0.0986332967877388,,0.014782930724322796,,0.20273247361183167,,0.26649123430252075,,,0.5569113492965698,,0.020435098558664322,,,,,0.6356343626976013,,,,,,,,,,,,,,,,,,,,,,,,
4,7339,,,,,0.11426655948162079,,0.03355013206601143,,0.0,,0.2734890580177307,,0.04952281340956688,,0.2234897017478943,,,0.17052507400512695,0.020918747410178185,,0.01133048813790083,,0.194055438041687,,0.23137281835079193,,,0.5745726227760315,,0.04952281340956688,,,,,0.57794588804245,,,,,,,,,,,,,,,,,,,,,,,,
4,7349,,,,,0.04881440848112106,,0.024115674197673798,,0.0,,0.2333884984254837,,0.02234642207622528,,0.2046908438205719,,,0.19237646460533142,0.01856963522732258,,0.00984005257487297,,0.18989714980125427,,0.5983179807662964,,,0.5804456472396851,,0.02234642207622528,,,,,0.48525363206863403,,,,,,,,,,,,,,,,,,,,,,,,
4,7359,,,,,0.1604595184326172,,0.050555385649204254,,0.0,,0.13020676374435425,,1.0502007007598877,,0.20103222131729126,,,1.3161897659301758,0.9889453649520874,,0.8545397520065308,,0.1998264342546463,,0.6913115382194519,,,0.9334224462509155,,1.0502007007598877,,,,,0.6364661455154419,,,,,,,,,,,,,,,,,,,,,,,,
4,7369,,,,,0.06107660010457039,,0.04782109707593918,,0.0,,0.1367410272359848,,0.9839441776275635,,0.20050735771656036,,,1.0283269882202148,0.8779277205467224,,1.1374809741973877,,0.19282235205173492,,0.5925930738449097,,,1.4695301055908203,,0.9839441776275635,,,,,0.5852424502372742,,,,,,,,,,,,,,,,,,,,,,,,
4,7379,,,,,0.04616660997271538,,0.029691245406866074,,0.0,,0.13819922506809235,,0.8365322351455688,,0.20044764876365662,,,1.439334511756897,0.7981687188148499,,1.0561829805374146,,0.19371609389781952,,0.6330850720405579,,,1.5523645877838135,,0.8365322351455688,,,,,0.5975696444511414,,,,,,,,,,,,,,,,,,,,,,,,
4,7389,,,,,0.05139346420764923,,0.03049270436167717,,0.0,,0.2495250254869461,,0.022738996893167496,,0.20298361778259277,,,0.20606471598148346,0.01897573098540306,,0.018981169909238815,,0.1945519596338272,,0.2433450073003769,,,0.5441429615020752,,0.022738996893167496,,,,,0.5121809244155884,,,,,,,,,,,,,,,,,,,,,,,,
4,7399,,,,,0.09879059344530106,,0.012436393648386002,,0.0,,0.10202118754386902,,1.0,,0.202159583568573,,,0.0,0.0,,191.14813232421875,,0.18125876784324646,,0.21866515278816223,,,0.9680540561676025,,1.0,,,,,0.358270525932312,,,,,,,,,,,,,,,,,,,,,,,,
4,7409,,,,,0.10047969222068787,,0.026949219405651093,,0.0,,0.24275124073028564,,0.0424836203455925,,0.20744472742080688,,,0.2092704027891159,0.03455835208296776,,0.012247632257640362,,0.19969327747821808,,0.6326231956481934,,,0.574449896812439,,0.0424836203455925,,,,,0.5669370889663696,,,,,,,,,,,,,,,,,,,,,,,,
4,7419,,,,,0.0439397431910038,,0.03142125904560089,,0.0,,0.2634110450744629,,0.016030732542276382,,0.20741847157478333,,,0.21664690971374512,0.029854556545615196,,0.011196541599929333,,0.19327853620052338,,0.23986153304576874,,,0.5651330351829529,,0.016030732542276382,,,,,0.5205534100532532,,,,,,,,,,,,,,,,,,,,,,,,
4,7429,,,,,0.12878012657165527,,0.017599057406187057,,0.0,,0.11556415259838104,,1.0,,0.20168109238147736,,,0.0,0.0,,195.22164916992188,,0.1803513616323471,,0.30935752391815186,,,1.0078110694885254,,1.0,,,,,0.41227659583091736,,,,,,,,,,,,,,,,,,,,,,,,
4,7439,,,,,0.10026825964450836,,0.04906181991100311,,0.0,,0.1330222487449646,,0.9445325136184692,,0.20057395100593567,,,1.087621808052063,1.1904512643814087,,1.098083734512329,,0.19810056686401367,,0.49838364124298096,,,0.850784182548523,,0.9445325136184692,,,,,0.5395711064338684,,,,,,,,,,,,,,,,,,,,,,,,
4,7449,,,,,0.11847440898418427,,0.026425447314977646,,0.0,,0.25778377056121826,,0.050635792315006256,,0.204989492893219,,,0.1692342758178711,0.044819220900535583,,0.013883344829082489,,0.19023267924785614,,0.5438921451568604,,,0.6257782578468323,,0.050635792315006256,,,,,0.5721585750579834,,,,,,,,,,,,,,,,,,,,,,,,
4,7459,,,,,0.11211667954921722,,0.014014748856425285,,0.0,,0.11938129365444183,,1.0,,0.20153409242630005,,,0.0,0.0,,197.06309509277344,,0.17616811394691467,,0.26915162801742554,,,0.9967461824417114,,1.0,,,,,0.39012494683265686,,,,,,,,,,,,,,,,,,,,,,,,
4,7469,,,,,0.10832773149013519,,0.012536894530057907,,0.0,,0.12860198318958282,,1.0,,0.2023324817419052,,,0.0,0.0,,189.78140258789062,,0.1808522641658783,,0.23551125824451447,,,1.047560214996338,,1.0,,,,,0.3799174427986145,,,,,,,,,,,,,,,,,,,,,,,,
4,7479,,,,,0.049751147627830505,,0.01961817592382431,,0.0,,0.2515992224216461,,0.01641577109694481,,0.203786239027977,,,0.18949085474014282,0.02375061810016632,,0.01342005841434002,,0.18675395846366882,,0.23701909184455872,,,0.5677798986434937,,0.01641577109694481,,,,,0.4939606785774231,,,,,,,,,,,,,,,,,,,,,,,,
4,7489,,,,,0.11258290708065033,,0.027742017060518265,,0.0,,0.26197025179862976,,0.04287932813167572,,0.2156677544116974,,,0.18505117297172546,0.034401342272758484,,0.014048181474208832,,0.1841425746679306,,0.2323192059993744,,,0.5803979635238647,,0.04287932813167572,,,,,0.5740945935249329,,,,,,,,,,,,,,,,,,,,,,,,
4,7499,,,,,0.04389669746160507,,0.05548238754272461,,0.0,,0.16116496920585632,,1.1016514301300049,,0.20012004673480988,,,1.1378042697906494,1.112442970275879,,1.0128525495529175,,0.20105868577957153,,0.5850977897644043,,,1.3537518978118896,,1.1016514301300049,,,,,0.6014619469642639,,,,,,,,,,,,,,,,,,,,,,,,
4,7509,,,,,0.08110664784908295,,0.025413230061531067,,0.0,,0.2449871003627777,,0.03128761798143387,,0.20237460732460022,,,0.19574502110481262,0.031142214313149452,,0.01578356698155403,,0.18338094651699066,,0.27038466930389404,,,0.5505640506744385,,0.03128761798143387,,,,,0.530519962310791,,,,,,,,,,,,,,,,,,,,,,,,
4,7519,,,,,0.06262843310832977,,0.02448103576898575,,0.0,,0.23546980321407318,,0.0290931798517704,,0.21368984878063202,,,0.19838786125183105,0.022291742265224457,,0.013416211120784283,,0.18741978704929352,,0.2259369194507599,,,0.5874159336090088,,0.0290931798517704,,,,,0.5102065801620483,,,,,,,,,,,,,,,,,,,,,,,,
4,7529,,,,,0.06578420847654343,,0.038861148059368134,,0.0,,0.13526670634746552,,0.9662945866584778,,0.19960573315620422,,,1.508976936340332,0.7725329995155334,,1.1246254444122314,,0.1908763349056244,,0.6032708883285522,,,1.018909215927124,,0.9662945866584778,,,,,0.5839403867721558,,,,,,,,,,,,,,,,,,,,,,,,
4,7539,,,,,0.04063412547111511,,0.017509080469608307,,0.0,,0.23030078411102295,,0.016268160194158554,,0.20351481437683105,,,0.17440122365951538,0.03007524646818638,,0.011797579936683178,,0.17957745492458344,,0.23388221859931946,,,0.4949725270271301,,0.016268160194158554,,,,,0.464222252368927,,,,,,,,,,,,,,,,,,,,,,,,
4,7549,,,,,0.10695594549179077,,0.025798853486776352,,0.0,,0.2732182443141937,,0.046933989971876144,,0.20966669917106628,,,0.1767171025276184,0.018766552209854126,,0.015835467725992203,,0.18941690027713776,,0.24985271692276,,,0.6306629180908203,,0.046933989971876144,,,,,0.5616658926010132,,,,,,,,,,,,,,,,,,,,,,,,
4,7559,,,,,0.04627973213791847,,0.058708466589450836,,0.0,,0.1842493861913681,,0.9446035623550415,,0.20013104379177094,,,1.017171859741211,0.9680851697921753,,0.9626168012619019,,0.2109740674495697,,0.6234381198883057,,,1.0056802034378052,,0.9446035623550415,,,,,0.6387505531311035,,,,,,,,,,,,,,,,,,,,,,,,
4,7569,,,,,0.060053687542676926,,0.016232334077358246,,0.0,,0.11837553232908249,,1.0,,0.20127582550048828,,,0.0,0.0,,197.2363739013672,,0.18164809048175812,,0.2202700823545456,,,1.0115653276443481,,1.0,,,,,0.36890092492103577,,,,,,,,,,,,,,,,,,,,,,,,
4,7579,,,,,0.08844133466482162,,0.04938606172800064,,0.0,,0.16809986531734467,,1.0483227968215942,,0.19963234663009644,,,1.0372298955917358,0.9321233630180359,,0.9955987930297852,,0.22493389248847961,,0.570204496383667,,,0.8689955472946167,,1.0483227968215942,,,,,0.6061283349990845,,,,,,,,,,,,,,,,,,,,,,,,
4,7589,,,,,0.12865877151489258,,0.04664146527647972,,0.0,,0.2870573103427887,,0.056176185607910156,,0.2106095254421234,,,0.2032192051410675,0.026829291135072708,,0.020611383020877838,,0.21140480041503906,,0.7051079273223877,,,0.6298264265060425,,0.056176185607910156,,,,,0.6318452954292297,,,,,,,,,,,,,,,,,,,,,,,,
4,7599,,,,,0.06677822768688202,,0.017886707559227943,,0.0,,0.11928804218769073,,1.0,,0.20223212242126465,,,0.0,0.0,,195.4888916015625,,0.18160632252693176,,0.29261934757232666,,,1.073045015335083,,1.0,,,,,0.4068162739276886,,,,,,,,,,,,,,,,,,,,,,,,
4,7609,,,,,0.15384511649608612,,0.030826302245259285,,0.0,,0.3189873695373535,,1.0,,0.2028692066669464,,,0.0,0.0,,0.2358516901731491,,0.2219052016735077,,0.6476423144340515,,,1.2686982154846191,,1.0,,,,,0.7111152410507202,,,,,,,,,,,,,,,,,,,,,,,,
4,7619,,,,,0.06165584921836853,,0.022923272103071213,,0.0,,0.22083641588687897,,0.012721402570605278,,0.20511512458324432,,,0.1863854080438614,0.030261589214205742,,0.01224820502102375,,0.18234390020370483,,0.6827924251556396,,,0.5735965967178345,,0.012721402570605278,,,,,0.4917127788066864,,,,,,,,,,,,,,,,,,,,,,,,
4,7629,,,,,0.17410814762115479,,0.014824849553406239,,0.0,,0.14216585457324982,,1.0,,0.2036663442850113,,,0.0,0.0,,198.8859100341797,,0.18415342271327972,,0.2626926302909851,,,1.0701243877410889,,1.0,,,,,0.40375155210494995,,,,,,,,,,,,,,,,,,,,,,,,
4,7639,,,,,0.08968928456306458,,0.03908668830990791,,0.0,,0.29044100642204285,,0.029921958222985268,,0.2067217081785202,,,0.19002854824066162,0.22323530912399292,,0.025807086378335953,,0.20269763469696045,,0.5441256165504456,,,0.5824072360992432,,0.029921958222985268,,,,,0.6786983013153076,,,,,,,,,,,,,,,,,,,,,,,,
4,7649,,,,,0.11931663006544113,,0.024849917739629745,,0.0,,0.24879127740859985,,0.051148492842912674,,0.20376336574554443,,,0.2064480483531952,0.14446185529232025,,0.015494100749492645,,0.19136708974838257,,0.6638273596763611,,,0.5986809134483337,,0.051148492842912674,,,,,0.6369044780731201,,,,,,,,,,,,,,,,,,,,,,,,
4,7659,,,,,0.09686367213726044,,0.05513521283864975,,0.0,,0.1235944926738739,,0.8840047121047974,,0.20054608583450317,,,1.1527906656265259,1.1694482564926147,,0.836666464805603,,0.21267560124397278,,0.6233494877815247,,,1.2061712741851807,,0.8840047121047974,,,,,0.6076503992080688,,,,,,,,,,,,,,,,,,,,,,,,
4,7669,,,,,0.07046240568161011,,0.012322947382926941,,0.0,,0.12360640615224838,,1.0,,0.20230013132095337,,,0.0,0.0,,189.72344970703125,,0.1806803196668625,,0.23459738492965698,,,0.9673868417739868,,1.0,,,,,0.3767535984516144,,,,,,,,,,,,,,,,,,,,,,,,
4,7679,,,,,0.0625968649983406,,0.04702739045023918,,0.0,,0.2618657052516937,,0.022100523114204407,,0.20461447536945343,,,0.1818578541278839,0.041449062526226044,,0.016759715974330902,,0.20011436939239502,,0.20802736282348633,,,0.5873218774795532,,0.022100523114204407,,,,,0.5394411087036133,,,,,,,,,,,,,,,,,,,,,,,,
4,7689,,,,,0.2570917010307312,,0.04752087593078613,,0.0,,0.13219432532787323,,1.0535069704055786,,0.20122495293617249,,,1.153723120689392,1.1070502996444702,,0.7216353416442871,,0.20025478303432465,,0.5113734602928162,,,1.0511534214019775,,1.0535069704055786,,,,,0.5462841987609863,,,,,,,,,,,,,,,,,,,,,,,,
4,7699,,,,,0.2939140796661377,,0.03962454944849014,,0.0,,0.12542405724525452,,1.0348796844482422,,0.20028331875801086,,,0.9924297332763672,1.283751130104065,,0.7355915307998657,,0.1918686032295227,,0.5877765417098999,,,1.280689001083374,,1.0348796844482422,,,,,0.57248854637146,,,,,,,,,,,,,,,,,,,,,,,,
4,7709,,,,,0.12477052956819534,,0.03236659616231918,,0.0,,0.23847952485084534,,0.0502130351960659,,0.2049109786748886,,,0.19490459561347961,0.018069975078105927,,0.023912480100989342,,0.1987856924533844,,0.6676931381225586,,,0.6023262143135071,,0.0502130351960659,,,,,0.580485463142395,,,,,,,,,,,,,,,,,,,,,,,,
4,7719,,,,,0.1285715103149414,,0.013007751666009426,,0.0,,0.10875926911830902,,1.0,,0.20218892395496368,,,0.0,0.0,,189.8994598388672,,0.18248097598552704,,0.30171480774879456,,,1.063520908355713,,1.0,,,,,0.40407586097717285,,,,,,,,,,,,,,,,,,,,,,,,
4,7729,,,,,0.08369536697864532,,0.031604450196027756,,0.0,,0.2530907094478607,,0.020215356722474098,,0.2070707529783249,,,0.2033577412366867,0.06520696729421616,,0.01059020310640335,,0.18371765315532684,,0.6227539777755737,,,0.5503600239753723,,0.020215356722474098,,,,,0.5610145926475525,,,,,,,,,,,,,,,,,,,,,,,,
4,7739,,,,,0.04884713515639305,,0.01408451609313488,,0.0,,0.12655338644981384,,1.0,,0.20199857652187347,,,0.0,0.0,,197.71530151367188,,0.19022920727729797,,0.21135252714157104,,,1.0054242610931396,,1.0,,,,,0.3721091151237488,,,,,,,,,,,,,,,,,,,,,,,,
4,7749,,,,,0.12711578607559204,,0.029821716248989105,,0.0,,0.37037762999534607,,1.0,,0.20435522496700287,,,0.0,0.0,,0.29677125811576843,,0.21623069047927856,,0.639880359172821,,,0.9744830131530762,,1.0,,,,,0.7303327918052673,,,,,,,,,,,,,,,,,,,,,,,,
4,7759,,,,,0.11839397251605988,,0.019732080399990082,,0.0,,0.25972986221313477,,0.014621050097048283,,0.20172959566116333,,,0.22460389137268066,0.11475200951099396,,0.01579844020307064,,0.18342818319797516,,0.2395000010728836,,,0.5943644046783447,,0.014621050097048283,,,,,0.6282809376716614,,,,,,,,,,,,,,,,,,,,,,,,
4,7769,,,,,0.07731029391288757,,0.033845581114292145,,0.0,,0.24722720682621002,,0.033140599727630615,,0.20432521402835846,,,0.19525371491909027,0.01986011676490307,,0.010038548149168491,,0.1951882541179657,,0.5109498500823975,,,0.5921684503555298,,0.033140599727630615,,,,,0.5301796197891235,,,,,,,,,,,,,,,,,,,,,,,,
4,7779,,,,,0.03162767365574837,,0.026775524020195007,,0.0,,0.24578127264976501,,0.01389322616159916,,0.2031909078359604,,,0.204870343208313,0.023016655817627907,,0.00839450303465128,,0.1888377070426941,,0.25581634044647217,,,0.49662235379219055,,0.01389322616159916,,,,,0.48206111788749695,,,,,,,,,,,,,,,,,,,,,,,,
4,7789,,,,,0.04780817776918411,,0.029818495735526085,,0.0,,0.2513066828250885,,0.014756830409169197,,0.21092763543128967,,,0.20295655727386475,0.04561224579811096,,0.01400965079665184,,0.1828325390815735,,0.2534381151199341,,,0.5704123377799988,,0.014756830409169197,,,,,0.5165401101112366,,,,,,,,,,,,,,,,,,,,,,,,
4,7799,,,,,0.17933757603168488,,0.06216683238744736,,0.0,,0.1682981252670288,,1.1898747682571411,,0.2004137933254242,,,0.7627805471420288,1.2302882671356201,,0.535114586353302,,0.2086435854434967,,0.5714306831359863,,,1.2992377281188965,,1.1898747682571411,,,,,0.6054764986038208,,,,,,,,,,,,,,,,,,,,,,,,
4,7809,,,,,0.04548696428537369,,0.021805839613080025,,0.0,,0.2541099786758423,,0.020513499155640602,,0.2066488265991211,,,0.21278809010982513,0.020983533933758736,,0.010708577930927277,,0.1822585165500641,,0.630527138710022,,,0.5502675771713257,,0.020513499155640602,,,,,0.5001386404037476,,,,,,,,,,,,,,,,,,,,,,,,
4,7819,,,,,0.057185325771570206,,0.02493854984641075,,0.0,,0.24521084129810333,,0.020136578008532524,,0.24955201148986816,,,0.19304193556308746,0.03459366783499718,,0.012519221752882004,,0.1984506994485855,,0.521819531917572,,,0.5914619565010071,,0.020136578008532524,,,,,0.5363388061523438,,,,,,,,,,,,,,,,,,,,,,,,
4,7829,,,,,0.18232467770576477,,0.02257317677140236,,0.0,,0.10956086218357086,,1.0,,0.20150110125541687,,,0.0,0.0,,194.93319702148438,,0.1781989485025406,,0.2348710596561432,,,1.0139296054840088,,1.0,,,,,0.373352587223053,,,,,,,,,,,,,,,,,,,,,,,,
4,7839,,,,,0.20938673615455627,,0.024512961506843567,,0.0,,0.24931222200393677,,0.09702365100383759,,0.21115806698799133,,,0.19126927852630615,0.043030597269535065,,0.008808095008134842,,0.18714824318885803,,0.25839000940322876,,,0.5990621447563171,,0.09702365100383759,,,,,0.6670064926147461,,,,,,,,,,,,,,,,,,,,,,,,
4,7849,,,,,0.12712104618549347,,0.02715240605175495,,0.0,,0.24665899574756622,,0.05152181163430214,,0.20911674201488495,,,0.21763359010219574,0.030355483293533325,,0.01426716148853302,,0.18658611178398132,,0.312868595123291,,,0.5603945255279541,,0.05152181163430214,,,,,0.5930063128471375,,,,,,,,,,,,,,,,,,,,,,,,
4,7859,,,,,0.28781116008758545,,0.012662786990404129,,0.0,,0.11547689884901047,,1.0,,0.2022426426410675,,,0.0,0.0,,188.35757446289062,,0.18529172241687775,,0.25987550616264343,,,1.036552906036377,,1.0,,,,,0.3877747654914856,,,,,,,,,,,,,,,,,,,,,,,,
4,7869,,,,,0.0909762978553772,,0.0415688082575798,,0.0,,0.41559621691703796,,1.0,,0.20450611412525177,,,0.0,0.0,,0.1651751846075058,,0.24846535921096802,,0.6128107309341431,,,0.9126179814338684,,1.0,,,,,0.7614735960960388,,,,,,,,,,,,,,,,,,,,,,,,
4,7879,,,,,0.1558392494916916,,0.051944609731435776,,0.0,,0.16246798634529114,,1.087050437927246,,0.1998509168624878,,,1.0214169025421143,0.9816703796386719,,0.5396634340286255,,0.22396405041217804,,0.6461852788925171,,,1.2791777849197388,,1.087050437927246,,,,,0.6422064304351807,,,,,,,,,,,,,,,,,,,,,,,,
4,7889,,,,,0.06249293312430382,,0.02237853780388832,,0.0,,0.12449362874031067,,1.0,,0.201980859041214,,,0.0,0.0,,191.17913818359375,,0.1945226490497589,,0.25743767619132996,,,1.0331262350082397,,1.0,,,,,0.4004066586494446,,,,,,,,,,,,,,,,,,,,,,,,
4,7899,,,,,0.1702921986579895,,0.03313243389129639,,0.0,,0.2503630518913269,,0.0831649899482727,,0.21145138144493103,,,0.19421066343784332,0.016746312379837036,,0.008751279674470425,,0.1884666234254837,,0.27627691626548767,,,0.6118009090423584,,0.0831649899482727,,,,,0.6218530535697937,,,,,,,,,,,,,,,,,,,,,,,,
4,7909,,,,,0.04518800973892212,,0.03032800182700157,,0.0,,0.26038068532943726,,0.01551656424999237,,0.20414555072784424,,,0.23698869347572327,0.026433169841766357,,0.011836022138595581,,0.19907400012016296,,0.5713012218475342,,,0.5902891159057617,,0.01551656424999237,,,,,0.5297811031341553,,,,,,,,,,,,,,,,,,,,,,,,
4,7919,,,,,0.04042009264230728,,0.02607611194252968,,0.0,,0.22596000134944916,,0.013446984812617302,,0.2133244127035141,,,0.1991271823644638,0.04505133256316185,,0.015129285864531994,,0.19585701823234558,,0.24314190447330475,,,0.5656840801239014,,0.013446984812617302,,,,,0.5006827712059021,,,,,,,,,,,,,,,,,,,,,,,,
4,7929,,,,,0.07768462598323822,,0.027484789490699768,,0.0,,0.242461696267128,,0.01816345378756523,,0.2038104385137558,,,0.21100465953350067,0.058377426117658615,,0.00853140652179718,,0.20092268288135529,,0.23700551688671112,,,0.5803194046020508,,0.01816345378756523,,,,,0.5539811849594116,,,,,,,,,,,,,,,,,,,,,,,,
4,7939,,,,,0.06544101983308792,,0.032461538910865784,,0.0,,0.2536742091178894,,0.02752578817307949,,0.20477649569511414,,,0.1990092545747757,0.03623053431510925,,0.012045474722981453,,0.18665450811386108,,0.5969027280807495,,,0.6203175783157349,,0.02752578817307949,,,,,0.5278670787811279,,,,,,,,,,,,,,,,,,,,,,,,
4,7949,,,,,0.14115503430366516,,0.016522713005542755,,0.0,,0.1142863854765892,,1.0,,0.20235460996627808,,,0.0,0.0,,192.7877655029297,,0.18440665304660797,,0.22434571385383606,,,1.0033066272735596,,1.0,,,,,0.37095803022384644,,,,,,,,,,,,,,,,,,,,,,,,
4,7959,,,,,0.07119821012020111,,0.013446750119328499,,0.0,,0.11619532853364944,,1.0,,0.2026345431804657,,,0.0,0.0,,196.69845581054688,,0.1786845326423645,,0.2137642502784729,,,1.0156052112579346,,1.0,,,,,0.36236271262168884,,,,,,,,,,,,,,,,,,,,,,,,
4,7969,,,,,0.03188129514455795,,0.03373197466135025,,0.0,,0.2698993384838104,,0.014205534011125565,,0.20381495356559753,,,0.19762901961803436,0.017633335664868355,,0.018421649932861328,,0.19951806962490082,,0.24596139788627625,,,0.644576370716095,,0.014205534011125565,,,,,0.502205491065979,,,,,,,,,,,,,,,,,,,,,,,,
4,7974,,,,,,,,,,,,,,,,,,,,,,,,,,,,,,,,,,,,,,0.7474026679992676,0.331546425819397,0.07396207749843597,0.06898517906665802,0.07380368560552597,0.0,0.3309323191642761,0.42835530638694763,0.312785267829895,0.2947804629802704,0.2744619846343994,13.717114448547363,0.27108800411224365,0.550832211971283,0.8851420283317566,0.2579634487628937,0.42835530638694763,0.7006406784057617,0.9121847152709961,0.47984886169433594,1.442391276359558,1.578737497329712
4,7974,0.042413268238306046,0.10928568989038467,0.019950315356254578,0.030059387907385826,,0.030956396833062172,,0.0,,0.20823654532432556,,0.49700427055358887,,0.20721812546253204,,0.23943382501602173,0.33396172523498535,,,44.63243103027344,,0.19810247421264648,,0.4392070174217224,,0.8344131708145142,0.48175519704818726,,0.49700427055358887,,0.6107950806617737,0.7225802540779114,0.3982388973236084,0.5523108839988708,,0.4987446963787079,0.5881831049919128,,,,,,,,,,,,,,,,,,,,,,
5,7979,,,,,0.07957091927528381,,0.021946633234620094,,0.0,,0.26688623428344727,,0.029453663155436516,,0.21594619750976562,,,0.1942686140537262,0.03231948986649513,,0.012351775541901588,,0.20301756262779236,,0.20682969689369202,,,0.5701025724411011,,0.029453663155436516,,,,,0.5529391765594482,,,,,,,,,,,,,,,,,,,,,,,,
5,7989,,,,,0.09559193253517151,,0.02688847854733467,,0.0,,0.24065157771110535,,0.04009130597114563,,0.20428618788719177,,,0.1818970888853073,0.027469461783766747,,0.010974973440170288,,0.19040758907794952,,0.5178120136260986,,,0.5902149081230164,,0.04009130597114563,,,,,0.5368796586990356,,,,,,,,,,,,,,,,,,,,,,,,
5,7999,,,,,0.046561263501644135,,0.024704499170184135,,0.0,,0.23491889238357544,,0.017386211082339287,,0.20539140701293945,,,0.1775113046169281,0.02301275171339512,,0.011978622525930405,,0.18569311499595642,,0.5138981938362122,,,0.5991273522377014,,0.017386211082339287,,,,,0.4781665503978729,,,,,,,,,,,,,,,,,,,,,,,,
5,8009,,,,,0.0421755425632,,0.029934024438261986,,0.0,,0.22250613570213318,,0.01589377596974373,,0.20574216544628143,,,0.17716343700885773,0.028858184814453125,,0.013529068790376186,,0.18946364521980286,,0.22134311497211456,,,0.5617042183876038,,0.01589377596974373,,,,,0.4757738411426544,,,,,,,,,,,,,,,,,,,,,,,,
5,8019,,,,,0.041936248540878296,,0.013512217439711094,,0.0,,0.14044810831546783,,1.0,,0.20194882154464722,,,0.0,0.0,,188.01498413085938,,0.18115559220314026,,0.27177971601486206,,,1.036410927772522,,1.0,,,,,0.40442225337028503,,,,,,,,,,,,,,,,,,,,,,,,
5,8029,,,,,0.07963832467794418,,0.029723241925239563,,0.0,,0.2460024356842041,,0.03163091838359833,,0.2116527557373047,,,0.1860230416059494,0.04211447015404701,,0.012568075209856033,,0.18765345215797424,,0.5530313849449158,,,0.603665292263031,,0.03163091838359833,,,,,0.5375070571899414,,,,,,,,,,,,,,,,,,,,,,,,
5,8039,,,,,0.11202096194028854,,0.017472755163908005,,0.0,,0.2566700875759125,,0.04486270621418953,,0.20733563601970673,,,0.1986706256866455,0.036167725920677185,,0.01596865989267826,,0.17926812171936035,,0.24904893338680267,,,0.5354424118995667,,0.04486270621418953,,,,,0.5677977800369263,,,,,,,,,,,,,,,,,,,,,,,,
5,8049,,,,,0.13015462458133698,,0.01500796526670456,,0.0,,0.10807957500219345,,1.0,,0.2028983235359192,,,0.0,0.0,,196.92636108398438,,0.17670539021492004,,0.25311654806137085,,,1.0282496213912964,,1.0,,,,,0.37790390849113464,,,,,,,,,,,,,,,,,,,,,,,,
5,8059,,,,,0.05655119568109512,,0.020078998059034348,,0.0,,0.21672795712947845,,0.010562354698777199,,0.20791095495224,,,0.187674880027771,0.036302901804447174,,0.0056563569232821465,,0.1817537248134613,,0.266265332698822,,,0.5831959247589111,,0.010562354698777199,,,,,0.4846040904521942,,,,,,,,,,,,,,,,,,,,,,,,
5,8069,,,,,0.03655923902988434,,0.038704413920640945,,0.0,,0.24985459446907043,,0.014875818975269794,,0.2052958905696869,,,0.1825414001941681,0.01820758543908596,,0.0134030906483531,,0.18733325600624084,,0.2396089732646942,,,0.5641204118728638,,0.014875818975269794,,,,,0.4842293858528137,,,,,,,,,,,,,,,,,,,,,,,,
5,8079,,,,,0.052514828741550446,,0.012140865437686443,,0.0,,0.10272813588380814,,1.0,,0.2007196843624115,,,0.0,0.0,,202.33261108398438,,0.18188932538032532,,0.21952834725379944,,,1.0064810514450073,,1.0,,,,,0.35850316286087036,,,,,,,,,,,,,,,,,,,,,,,,
5,8089,,,,,0.138951376080513,,0.03481171280145645,,0.0,,0.12182312458753586,,0.96291184425354,,0.2005535513162613,,,0.7043096423149109,1.3900569677352905,,0.5799239873886108,,0.19528824090957642,,0.6488370299339294,,,1.3427280187606812,,0.96291184425354,,,,,0.6006568670272827,,,,,,,,,,,,,,,,,,,,,,,,
5,8099,,,,,0.09898337721824646,,0.04433070868253708,,0.0,,0.1349761039018631,,0.8655844330787659,,0.20016801357269287,,,0.7054023742675781,1.1088157892227173,,0.7964005470275879,,0.19444164633750916,,0.5624803900718689,,,0.9913172721862793,,0.8655844330787659,,,,,0.5681984424591064,,,,,,,,,,,,,,,,,,,,,,,,
5,8109,,,,,0.05466780811548233,,0.04215200990438461,,0.0,,0.13541749119758606,,1.028407096862793,,0.20068079233169556,,,0.8174012899398804,1.0599888563156128,,0.789085328578949,,0.20068511366844177,,0.5174611806869507,,,1.0000280141830444,,1.028407096862793,,,,,0.5481982827186584,,,,,,,,,,,,,,,,,,,,,,,,
5,8119,,,,,0.11672655493021011,,0.050002604722976685,,0.0,,0.15528343617916107,,1.0153533220291138,,0.2000589370727539,,,1.058205246925354,1.3153443336486816,,0.6593647599220276,,0.20312532782554626,,0.5603399276733398,,,1.2965576648712158,,1.0153533220291138,,,,,0.5844051241874695,,,,,,,,,,,,,,,,,,,,,,,,
5,8129,,,,,0.11481612920761108,,0.048313017934560776,,0.0,,0.11533071845769882,,1.1326899528503418,,0.1997143030166626,,,0.619670033454895,1.066035270690918,,0.6878871917724609,,0.19497710466384888,,0.5379019975662231,,,0.8849178552627563,,1.1326899528503418,,,,,0.5481185913085938,,,,,,,,,,,,,,,,,,,,,,,,
5,8139,,,,,0.03190732002258301,,0.01483197696506977,,0.0,,0.09696602821350098,,1.0,,0.20067858695983887,,,0.0,0.0,,190.0908660888672,,0.18201562762260437,,0.22678561508655548,,,1.011070728302002,,1.0,,,,,0.36063891649246216,,,,,,,,,,,,,,,,,,,,,,,,
5,8149,,,,,0.04910608381032944,,0.01896294578909874,,0.0,,0.2131415456533432,,0.019432276487350464,,0.2056550830602646,,,0.19348886609077454,0.012833130545914173,,0.009669904597103596,,0.1752321422100067,,0.22238314151763916,,,0.5540983080863953,,0.019432276487350464,,,,,0.4635978639125824,,,,,,,,,,,,,,,,,,,,,,,,
5,8159,,,,,0.062461115419864655,,0.0190447885543108,,0.0,,0.24668848514556885,,0.016470974311232567,,0.20175547897815704,,,0.17555631697177887,0.031518515199422836,,0.00957807619124651,,0.1882762610912323,,0.21137772500514984,,,0.5855527520179749,,0.016470974311232567,,,,,0.4986700415611267,,,,,,,,,,,,,,,,,,,,,,,,
5,8169,,,,,0.03473128378391266,,0.012585717253386974,,0.0,,0.11779534071683884,,1.0,,0.20075488090515137,,,0.0,0.0,,197.03125,,0.17620646953582764,,0.24977818131446838,,,1.0104374885559082,,1.0,,,,,0.37856030464172363,,,,,,,,,,,,,,,,,,,,,,,,
5,8179,,,,,0.06334114819765091,,0.03595520183444023,,0.0,,0.24333512783050537,,0.016051514074206352,,0.2107403725385666,,,0.16138753294944763,0.03293812274932861,,0.012864100746810436,,0.19183999300003052,,0.2335779070854187,,,0.5761752128601074,,0.016051514074206352,,,,,0.5078713893890381,,,,,,,,,,,,,,,,,,,,,,,,
5,8189,,,,,0.0799511969089508,,0.014068958349525928,,0.0,,0.1136602908372879,,1.0,,0.20225617289543152,,,0.0,0.0,,188.45970153808594,,0.18190719187259674,,0.24361000955104828,,,1.0168262720108032,,1.0,,,,,0.37775132060050964,,,,,,,,,,,,,,,,,,,,,,,,
5,8199,,,,,0.12389801442623138,,0.03036164492368698,,0.0,,0.2520515024662018,,0.04724821448326111,,0.20470255613327026,,,0.19327743351459503,0.03191337734460831,,0.01179837342351675,,0.2003524899482727,,0.5347714424133301,,,0.6021127104759216,,0.04724821448326111,,,,,0.5861266851425171,,,,,,,,,,,,,,,,,,,,,,,,
5,8209,,,,,0.06955704092979431,,0.015498345717787743,,0.0,,0.12952354550361633,,1.0,,0.20197957754135132,,,0.0,0.0,,197.39163208007812,,0.18146084249019623,,0.268697053194046,,,1.0176012516021729,,1.0,,,,,0.3985796570777893,,,,,,,,,,,,,,,,,,,,,,,,
5,8219,,,,,0.0417185053229332,,0.01849355548620224,,0.0,,0.11447115242481232,,1.0,,0.20202970504760742,,,0.0,0.0,,190.57542419433594,,0.18249034881591797,,0.26249393820762634,,,1.0653654336929321,,1.0,,,,,0.38998937606811523,,,,,,,,,,,,,,,,,,,,,,,,
5,8229,,,,,0.12311208993196487,,0.03290705010294914,,0.0,,0.2512006461620331,,0.05184127017855644,,0.2120569944381714,,,0.19505399465560913,0.026485629379749298,,0.030383937060832977,,0.2013673484325409,,0.38215917348861694,,,0.5502418875694275,,0.05184127017855644,,,,,0.597839891910553,,,,,,,,,,,,,,,,,,,,,,,,
5,8239,,,,,0.17964603006839752,,0.014162108302116394,,0.0,,0.10304625332355499,,1.0,,0.20241288840770721,,,0.0,0.0,,188.74005126953125,,0.183296799659729,,0.2863408029079437,,,1.0478885173797607,,1.0,,,,,0.39462941884994507,,,,,,,,,,,,,,,,,,,,,,,,
5,8249,,,,,0.043117769062519073,,0.024990182369947433,,0.0,,0.23743073642253876,,0.01756598986685276,,0.20577126741409302,,,0.20448453724384308,0.041033998131752014,,0.00990438461303711,,0.19581148028373718,,0.42844194173812866,,,0.542015790939331,,0.01756598986685276,,,,,0.5028310418128967,,,,,,,,,,,,,,,,,,,,,,,,
5,8259,,,,,0.10696088522672653,,0.02426699548959732,,0.0,,0.2332722246646881,,0.04442857205867767,,0.20851339399814606,,,0.1989869326353073,0.02396286651492119,,0.00974816270172596,,0.18433278799057007,,0.31629660725593567,,,0.5548189878463745,,0.04442857205867767,,,,,0.5485025644302368,,,,,,,,,,,,,,,,,,,,,,,,
5,8269,,,,,0.10667476803064346,,0.04432513564825058,,0.0,,0.12779594957828522,,1.063975214958191,,0.20071004331111908,,,1.2846994400024414,1.1422250270843506,,0.5990092754364014,,0.20859012007713318,,0.5057348608970642,,,0.9359290599822998,,1.063975214958191,,,,,0.543578028678894,,,,,,,,,,,,,,,,,,,,,,,,
5,8279,,,,,0.05704732611775398,,0.012908721342682838,,0.0,,0.12000052630901337,,1.0,,0.20122414827346802,,,0.0,0.0,,194.14508056640625,,0.1883653700351715,,0.1950172781944275,,,1.015408992767334,,1.0,,,,,0.35875800251960754,,,,,,,,,,,,,,,,,,,,,,,,
5,8289,,,,,0.04306667298078537,,0.014912035316228867,,0.0,,0.11561992764472961,,1.0,,0.20271842181682587,,,0.0,0.0,,196.37307739257812,,0.18103773891925812,,0.1720561534166336,,,1.0325286388397217,,1.0,,,,,0.3431721329689026,,,,,,,,,,,,,,,,,,,,,,,,
5,8299,,,,,0.041491441428661346,,0.023013383150100708,,0.0,,0.217808336019516,,0.011710044927895069,,0.20416659116744995,,,0.18177540600299835,0.03306780755519867,,0.008929643779993057,,0.18865667283535004,,0.637363076210022,,,0.5531050562858582,,0.011710044927895069,,,,,0.4702003598213196,,,,,,,,,,,,,,,,,,,,,,,,
5,8309,,,,,0.029531558975577354,,0.024254508316516876,,0.0,,0.13415662944316864,,1.0,,0.20160061120986938,,,0.0,0.0,,185.43490600585938,,0.18836361169815063,,0.24525333940982819,,,0.9985184669494629,,1.0,,,,,0.39681434631347656,,,,,,,,,,,,,,,,,,,,,,,,
5,8319,,,,,0.038275063037872314,,0.014909632503986359,,0.0,,0.12258459627628326,,1.0,,0.2026076763868332,,,0.0,0.0,,195.7070770263672,,0.1752362847328186,,0.25050783157348633,,,1.0146818161010742,,1.0,,,,,0.3829230070114136,,,,,,,,,,,,,,,,,,,,,,,,
5,8329,,,,,0.08404213190078735,,0.04159753769636154,,0.0,,0.12453152984380722,,1.0910062789916992,,0.20012295246124268,,,1.0743645429611206,1.409580945968628,,0.6620795726776123,,0.1936364471912384,,0.5142842531204224,,,0.8267590999603271,,1.0910062789916992,,,,,0.5370863676071167,,,,,,,,,,,,,,,,,,,,,,,,
5,8339,,,,,0.05583023279905319,,0.027468867599964142,,0.0,,0.23162181675434113,,0.01783505082130432,,0.20705214142799377,,,0.178494393825531,0.02484411746263504,,0.010414518415927887,,0.18348759412765503,,0.20484840869903564,,,0.542769193649292,,0.01783505082130432,,,,,0.4875219762325287,,,,,,,,,,,,,,,,,,,,,,,,
5,8349,,,,,0.2581530213356018,,0.04129926115274429,,0.0,,0.2815640866756439,,0.10661869496107101,,0.20220819115638733,,,0.20864087343215942,0.04070699214935303,,0.010517588816583157,,0.19666819274425507,,0.5936955213546753,,,0.6056596040725708,,0.10661869496107101,,,,,0.7489556074142456,,,,,,,,,,,,,,,,,,,,,,,,
5,8359,,,,,0.0696941614151001,,0.045993104577064514,,0.0,,0.11987560242414474,,1.0328636169433594,,0.19979125261306763,,,0.8499649167060852,1.4654532670974731,,0.5463627576828003,,0.1971353441476822,,0.5679224729537964,,,0.9199742674827576,,1.0328636169433594,,,,,0.5653588771820068,,,,,,,,,,,,,,,,,,,,,,,,
5,8369,,,,,0.04752110689878464,,0.017353782430291176,,0.0,,0.22378885746002197,,0.019108377397060394,,0.20354779064655304,,,0.18096183240413666,0.019918711856007576,,0.00696143414825201,,0.18165558576583862,,0.22690460085868835,,,0.5671812891960144,,0.019108377397060394,,,,,0.4646151065826416,,,,,,,,,,,,,,,,,,,,,,,,
5,8379,,,,,0.03753063082695007,,0.0451168417930603,,0.0,,0.13599181175231934,,0.9528387784957886,,0.20001092553138733,,,0.6868517994880676,1.0304079055786133,,0.842983603477478,,0.19319000840187073,,0.6049569249153137,,,0.9775664210319519,,0.9528387784957886,,,,,0.5896332263946533,,,,,,,,,,,,,,,,,,,,,,,,
5,8389,,,,,0.10540284216403961,,0.025845784693956375,,0.0,,0.23932752013206482,,0.04435484856367111,,0.20717033743858337,,,0.17787405848503113,0.012026797980070114,,0.012995760887861252,,0.18148809671401978,,0.46978485584259033,,,0.5283095836639404,,0.04435484856367111,,,,,0.5337669849395752,,,,,,,,,,,,,,,,,,,,,,,,
5,8399,,,,,0.06381630897521973,,0.0528218112885952,,0.0,,0.1320887804031372,,1.0856044292449951,,0.19956207275390625,,,1.156636118888855,1.091570258140564,,0.8512546420097351,,0.20703068375587463,,0.4761096239089966,,,1.070062279701233,,1.0856044292449951,,,,,0.5338065028190613,,,,,,,,,,,,,,,,,,,,,,,,
5,8409,,,,,0.04339984059333801,,0.04790285602211952,,0.0,,0.12333254516124725,,0.9997464418411255,,0.2002490609884262,,,0.6589328050613403,1.1548700332641602,,0.8621649742126465,,0.19476443529129028,,0.5397318005561829,,,1.0195939540863037,,0.9997464418411255,,,,,0.5529903173446655,,,,,,,,,,,,,,,,,,,,,,,,
5,8419,,,,,0.084687739610672,,0.017851129174232483,,0.0,,0.2332364022731781,,0.038465939462184906,,0.20330049097537994,,,0.18001031875610352,0.016762468963861465,,0.007520038168877363,,0.1795588731765747,,0.5044068694114685,,,0.5744547843933105,,0.038465939462184906,,,,,0.5038076043128967,,,,,,,,,,,,,,,,,,,,,,,,
5,8429,,,,,0.13667255640029907,,0.01572781428694725,,0.0,,0.11453564465045929,,1.0,,0.20083293318748474,,,0.0,0.0,,182.85496520996094,,0.18376700580120087,,0.22159574925899506,,,1.068666696548462,,1.0,,,,,0.36822956800460815,,,,,,,,,,,,,,,,,,,,,,,,
5,8439,,,,,0.10305729508399963,,0.02477547712624073,,0.0,,0.20573356747627258,,0.0439557246863842,,0.20222412049770355,,,0.18330314755439758,0.023499250411987305,,0.011347085237503052,,0.17999720573425293,,0.4920993447303772,,,0.5069388151168823,,0.0439557246863842,,,,,0.5184972286224365,,,,,,,,,,,,,,,,,,,,,,,,
5,8449,,,,,0.10477489233016968,,0.02696961909532547,,0.0,,0.22554025053977966,,0.039721399545669556,,0.20393061637878418,,,0.18426182866096497,0.040284108370542526,,0.0138048455119133,,0.18003416061401367,,0.5658714771270752,,,0.5466976165771484,,0.039721399545669556,,,,,0.5421875715255737,,,,,,,,,,,,,,,,,,,,,,,,
5,8459,,,,,0.05331546068191528,,0.01718982495367527,,0.0,,0.21635767817497253,,0.019836444407701492,,0.20325957238674164,,,0.20311304926872253,0.0164406169205904,,0.009384647011756897,,0.182131826877594,,0.5647597312927246,,,0.6309152841567993,,0.019836444407701492,,,,,0.47725409269332886,,,,,,,,,,,,,,,,,,,,,,,,
5,8469,,,,,0.26231586933135986,,0.051090337336063385,,0.0,,0.13550814986228943,,1.0540337562561035,,0.2001291811466217,,,0.9883220195770264,1.0760008096694946,,0.8471792936325073,,0.20017725229263306,,0.501854658126831,,,0.9629153609275818,,1.0540337562561035,,,,,0.5443797707557678,,,,,,,,,,,,,,,,,,,,,,,,
5,8479,,,,,0.10287125408649445,,0.04105879366397858,,0.0,,0.1230514794588089,,1.0796866416931152,,0.19983012974262238,,,1.4761114120483398,1.089884638786316,,0.8063821792602539,,0.1938452422618866,,0.5351797342300415,,,1.1395131349563599,,1.0796866416931152,,,,,0.5464826822280884,,,,,,,,,,,,,,,,,,,,,,,,
5,8489,,,,,0.08771003782749176,,0.015616660937666893,,0.0,,0.24672698974609375,,0.03677944093942642,,0.2150280773639679,,,0.19596779346466064,0.045686256140470505,,0.011863558553159237,,0.1774439811706543,,0.22750557959079742,,,0.5617398023605347,,0.03677944093942642,,,,,0.5418766736984253,,,,,,,,,,,,,,,,,,,,,,,,
5,8499,,,,,0.05888450890779495,,0.04771392047405243,,0.0,,0.1431453824043274,,1.1177537441253662,,0.2002193182706833,,,0.9862078428268433,1.1927313804626465,,0.8827117681503296,,0.22525270283222198,,0.5989887714385986,,,0.9275506734848022,,1.1177537441253662,,,,,0.6076600551605225,,,,,,,,,,,,,,,,,,,,,,,,
5,8509,,,,,0.11583316326141357,,0.023747414350509644,,0.0,,0.2859349548816681,,1.0,,0.2055971771478653,,,0.0,0.0,,0.23928950726985931,,0.20039111375808716,,0.5987522602081299,,,0.8838438391685486,,1.0,,,,,0.657211422920227,,,,,,,,,,,,,,,,,,,,,,,,
5,8519,,,,,0.027113212272524834,,0.025129197165369987,,0.0,,0.21967600286006927,,0.012951476499438286,,0.21030957996845245,,,0.1660013496875763,0.0364404134452343,,0.00984995998442173,,0.18351632356643677,,0.18855227530002594,,,0.5268371105194092,,0.012951476499438286,,,,,0.45257461071014404,,,,,,,,,,,,,,,,,,,,,,,,
5,8529,,,,,0.23574775457382202,,0.02858150564134121,,0.0,,0.248474583029747,,0.07586723566055298,,0.20751486718654633,,,0.1889519989490509,0.019956111907958984,,0.011764953844249249,,0.1938527524471283,,0.2144705355167389,,,0.5680093169212341,,0.07586723566055298,,,,,0.6852961182594299,,,,,,,,,,,,,,,,,,,,,,,,
5,8539,,,,,0.03984677046537399,,0.030607780441641808,,0.0,,0.2627525329589844,,0.017423072829842567,,0.21696177124977112,,,0.17693257331848145,0.03839204087853432,,0.018696170300245285,,0.1824030578136444,,0.3877004384994507,,,0.5311504602432251,,0.017423072829842567,,,,,0.5032197833061218,,,,,,,,,,,,,,,,,,,,,,,,
5,8549,,,,,0.12758898735046387,,0.012914694845676422,,0.0,,0.10867691785097122,,1.0,,0.20072360336780548,,,0.0,0.0,,192.08349609375,,0.17103895545005798,,0.21366757154464722,,,1.0070140361785889,,1.0,,,,,0.35351085662841797,,,,,,,,,,,,,,,,,,,,,,,,
5,8559,,,,,0.16462790966033936,,0.024479791522026062,,0.0,,0.21909260749816895,,0.07649356126785278,,0.2030497044324875,,,0.20365840196609497,0.05174381658434868,,0.009991641156375408,,0.19030003249645233,,0.4490169286727905,,,0.626125156879425,,0.07649356126785278,,,,,0.6157859563827515,,,,,,,,,,,,,,,,,,,,,,,,
5,8569,,,,,0.10955297946929932,,0.04328704997897148,,0.0,,0.1388225257396698,,1.151340365409851,,0.2003023624420166,,,0.6343575716018677,1.096827745437622,,0.9031745791435242,,0.1993175446987152,,0.4390162527561188,,,1.149467945098877,,1.151340365409851,,,,,0.5103728771209717,,,,,,,,,,,,,,,,,,,,,,,,
5,8579,,,,,0.07231079041957855,,0.012481359764933586,,0.0,,0.11785311251878738,,1.0,,0.2153913825750351,,,0.0,0.0,,186.54464721679688,,0.18064254522323608,,0.20358368754386902,,,1.0146708488464355,,1.0,,,,,0.36497604846954346,,,,,,,,,,,,,,,,,,,,,,,,
5,8589,,,,,0.11126026511192322,,0.03495105355978012,,0.0,,0.22044004499912262,,0.04777814447879791,,0.2037324458360672,,,0.18079818785190582,0.042847730219364166,,0.01455776672810316,,0.1864604353904724,,0.2921423316001892,,,0.5862153768539429,,0.04777814447879791,,,,,0.5531541109085083,,,,,,,,,,,,,,,,,,,,,,,,
5,8599,,,,,0.05963842570781708,,0.01850171573460102,,0.0,,0.22377561032772064,,0.023783670738339424,,0.2070959508419037,,,0.1793200969696045,0.025469699874520302,,0.01569395884871483,,0.1838206648826599,,0.5375114679336548,,,0.5739660859107971,,0.023783670738339424,,,,,0.4864773154258728,,,,,,,,,,,,,,,,,,,,,,,,
5,8609,,,,,0.10337069630622864,,0.01924804225564003,,0.0,,0.2223036289215088,,0.04675644263625145,,0.20734234154224396,,,0.19782654941082,0.06247258186340332,,0.009179076179862022,,0.18037989735603333,,0.18676404654979706,,,0.5305654406547546,,0.04675644263625145,,,,,0.5527467727661133,,,,,,,,,,,,,,,,,,,,,,,,
5,8619,,,,,0.043514057993888855,,0.04266447201371193,,0.0,,0.14961059391498566,,1.0659935474395752,,0.20023539662361145,,,0.6660784482955933,0.9819460511207581,,0.6475338339805603,,0.20596906542778015,,0.5876073837280273,,,1.157691478729248,,1.0659935474395752,,,,,0.5930434465408325,,,,,,,,,,,,,,,,,,,,,,,,
5,8629,,,,,0.05048905313014984,,0.013200784102082253,,0.0,,0.11528784036636353,,1.0,,0.20085951685905457,,,0.0,0.0,,184.42080688476562,,0.17226111888885498,,0.24707411229610443,,,0.9934046268463135,,1.0,,,,,0.3743416965007782,,,,,,,,,,,,,,,,,,,,,,,,
5,8639,,,,,0.055501777678728104,,0.02110116370022297,,0.0,,0.241625115275383,,0.024639766663312912,,0.2037147581577301,,,0.17202748358249664,0.027235889807343483,,0.01092903595417738,,0.18228179216384888,,0.5704017877578735,,,0.5312272310256958,,0.024639766663312912,,,,,0.4849594235420227,,,,,,,,,,,,,,,,,,,,,,,,
5,8649,,,,,0.08750525116920471,,0.021711286157369614,,0.0,,0.21022413671016693,,0.039207398891448975,,0.2069927304983139,,,0.18225187063217163,0.019310198724269867,,0.013526658527553082,,0.17684721946716309,,0.5032309293746948,,,0.5599179267883301,,0.039207398891448975,,,,,0.5029373168945312,,,,,,,,,,,,,,,,,,,,,,,,
5,8659,,,,,0.04491199925541878,,0.012834351509809494,,0.0,,0.11331471800804138,,1.0,,0.20117071270942688,,,0.0,0.0,,190.6968994140625,,0.173970028758049,,0.24451519548892975,,,0.9831354022026062,,1.0,,,,,0.3729024827480316,,,,,,,,,,,,,,,,,,,,,,,,
5,8669,,,,,0.09920482337474823,,0.02678629383444786,,0.0,,0.23681271076202393,,0.04325896129012108,,0.23486322164535522,,,0.19885896146297455,0.03302740305662155,,0.011556080542504787,,0.18361443281173706,,0.23961664736270905,,,0.5640830397605896,,0.04325896129012108,,,,,0.5619643926620483,,,,,,,,,,,,,,,,,,,,,,,,
5,8679,,,,,0.04574981704354286,,0.015406561084091663,,0.0,,0.10618582367897034,,1.0,,0.20047184824943542,,,0.0,0.0,,184.61404418945312,,0.17577575147151947,,0.2375219166278839,,,1.0203797817230225,,1.0,,,,,0.36768093705177307,,,,,,,,,,,,,,,,,,,,,,,,
5,8689,,,,,0.04896245896816254,,0.02644260600209236,,0.0,,0.2288888543844223,,0.02004406973719597,,0.20384721457958221,,,0.23899252712726593,0.019585583359003067,,0.009443710558116436,,0.17937366664409637,,0.2042161524295807,,,0.5531965494155884,,0.02004406973719597,,,,,0.502249538898468,,,,,,,,,,,,,,,,,,,,,,,,
5,8699,,,,,0.06990242004394531,,0.012831715866923332,,0.0,,0.11967705935239792,,1.0,,0.20016765594482422,,,0.0,0.0,,191.1875,,0.17174500226974487,,0.2543817162513733,,,1.0149849653244019,,1.0,,,,,0.3794015944004059,,,,,,,,,,,,,,,,,,,,,,,,
5,8709,,,,,0.06080525368452072,,0.012100216001272202,,0.0,,0.10436570644378662,,1.0,,0.20526179671287537,,,0.0,0.0,,186.5880584716797,,0.1740073561668396,,0.2551456093788147,,,0.9907526969909668,,1.0,,,,,0.3754403591156006,,,,,,,,,,,,,,,,,,,,,,,,
5,8719,,,,,0.045250896364450455,,0.019615134224295616,,0.0,,0.23467355966567993,,0.019348744302988052,,0.21754716336727142,,,0.20322087407112122,0.017710981890559196,,0.008046015165746212,,0.17609691619873047,,0.19980819523334503,,,0.5302895903587341,,0.019348744302988052,,,,,0.4837062358856201,,,,,,,,,,,,,,,,,,,,,,,,
5,8729,,,,,0.027529597282409668,,0.010323543101549149,,0.0,,0.09199642390012741,,1.0,,0.20202161371707916,,,0.0,0.0,,190.0166015625,,0.18019217252731323,,0.3010062575340271,,,1.0438238382339478,,1.0,,,,,0.39277002215385437,,,,,,,,,,,,,,,,,,,,,,,,
5,8739,,,,,0.09945934265851974,,0.02722715213894844,,0.0,,0.22140134871006012,,0.04609621688723564,,0.20974762737751007,,,0.17683614790439606,0.03776295483112335,,0.010466141626238823,,0.18175235390663147,,0.6127704381942749,,,0.6190719604492188,,0.04609621688723564,,,,,0.5320562124252319,,,,,,,,,,,,,,,,,,,,,,,,
5,8749,,,,,0.05105472728610039,,0.02093449793756008,,0.0,,0.23421823978424072,,0.018327821046113968,,0.21295017004013062,,,0.18272873759269714,0.027322521433234215,,0.0070260064676404,,0.17794367671012878,,0.1966072916984558,,,0.5322170257568359,,0.018327821046113968,,,,,0.482616662979126,,,,,,,,,,,,,,,,,,,,,,,,
5,8759,,,,,0.05517175793647766,,0.04014791175723076,,0.0,,0.13082283735275269,,1.0154110193252563,,0.1999133676290512,,,1.2792620658874512,1.0163140296936035,,0.7289557456970215,,0.19170723855495453,,0.5769855380058289,,,1.2202173471450806,,1.0154110193252563,,,,,0.5697884559631348,,,,,,,,,,,,,,,,,,,,,,,,
5,8769,,,,,0.03459420055150986,,0.025997450575232506,,0.0,,0.2152029573917389,,0.014742021448910236,,0.20666541159152985,,,0.1771755814552307,0.010008479468524456,,0.011415163986384869,,0.18724335730075836,,0.5304312705993652,,,0.5292253494262695,,0.014742021448910236,,,,,0.4514484107494354,,,,,,,,,,,,,,,,,,,,,,,,
5,8779,,,,,0.048718757927417755,,0.018071448430418968,,0.0,,0.09844500571489334,,1.0,,0.2016138881444931,,,0.0,0.0,,191.04815673828125,,0.17623290419578552,,0.20833918452262878,,,0.9837512969970703,,1.0,,,,,0.35135120153427124,,,,,,,,,,,,,,,,,,,,,,,,
5,8789,,,,,0.09070960432291031,,0.035870350897312164,,0.0,,0.2633918523788452,,0.02353275753557682,,0.21556156873703003,,,0.17180560529232025,0.01636163704097271,,0.0181097574532032,,0.18591436743736267,,0.628936767578125,,,0.5685156583786011,,0.02353275753557682,,,,,0.5442171692848206,,,,,,,,,,,,,,,,,,,,,,,,
5,8799,,,,,0.09377650916576385,,0.01547236368060112,,0.0,,0.2094735950231552,,0.031147152185440063,,0.20581316947937012,,,0.18156729638576508,0.03856244310736656,,0.014704052358865738,,0.1750773787498474,,0.26507407426834106,,,0.5087393522262573,,0.031147152185440063,,,,,0.5141116380691528,,,,,,,,,,,,,,,,,,,,,,,,
5,8809,,,,,0.0984048992395401,,0.020712628960609436,,0.0,,0.11115196347236633,,1.0,,0.20162132382392883,,,0.0,0.0,,189.93284606933594,,0.1812334656715393,,0.24043035507202148,,,1.015525460243225,,1.0,,,,,0.3775748610496521,,,,,,,,,,,,,,,,,,,,,,,,
5,8819,,,,,0.04553281515836716,,0.031310245394706726,,0.0,,0.21410879492759705,,0.014875483699142933,,0.21751776337623596,,,0.16424497961997986,0.0239602942019701,,0.012411927804350853,,0.16993330419063568,,0.21651789546012878,,,0.5937408208847046,,0.014875483699142933,,,,,0.4622764587402344,,,,,,,,,,,,,,,,,,,,,,,,
5,8829,,,,,0.06587234884500504,,0.02473902329802513,,0.0,,0.21241551637649536,,0.027946408838033676,,0.20238840579986572,,,0.17102842032909393,0.013704875484108925,,0.009254024364054203,,0.1816295087337494,,0.17108751833438873,,,0.5268082618713379,,0.027946408838033676,,,,,0.47345224022865295,,,,,,,,,,,,,,,,,,,,,,,,
5,8839,,,,,0.09527772665023804,,0.024929795414209366,,0.0,,0.20590117573738098,,0.014432582072913647,,0.2047087550163269,,,0.17560195922851562,0.03394252434372902,,0.014700328931212425,,0.18435567617416382,,0.23722702264785767,,,0.5239683389663696,,0.014432582072913647,,,,,0.5173478126525879,,,,,,,,,,,,,,,,,,,,,,,,
5,8849,,,,,0.049570098519325256,,0.02247130125761032,,0.0,,0.219179168343544,,0.02172647975385189,,0.20956462621688843,,,0.1840873807668686,0.041769128292798996,,0.008534016087651253,,0.18328537046909332,,0.5894837975502014,,,0.5368144512176514,,0.02172647975385189,,,,,0.48401564359664917,,,,,,,,,,,,,,,,,,,,,,,,
5,8859,,,,,0.05874557048082352,,0.01691325195133686,,0.0,,0.21467821300029755,,0.019666118547320366,,0.2042316347360611,,,0.18160706758499146,0.02992841601371765,,0.01740562915802002,,0.1733807921409607,,0.22005733847618103,,,0.5047299861907959,,0.019666118547320366,,,,,0.477818101644516,,,,,,,,,,,,,,,,,,,,,,,,
5,8869,,,,,0.028655868023633957,,0.013458809815347195,,0.0,,0.098838672041893,,1.0,,0.20137590169906616,,,0.0,0.0,,189.16098022460938,,0.17102836072444916,,0.2015199363231659,,,1.0646071434020996,,1.0,,,,,0.3431108593940735,,,,,,,,,,,,,,,,,,,,,,,,
5,8879,,,,,0.11895981431007385,,0.038153067231178284,,0.0,,0.10872193425893784,,1.0758781433105469,,0.20025315880775452,,,0.7191852927207947,1.0513712167739868,,0.8805978298187256,,0.18528346717357635,,0.5745174288749695,,,1.8818296194076538,,1.0758781433105469,,,,,0.5534645318984985,,,,,,,,,,,,,,,,,,,,,,,,
5,8889,,,,,0.05070929601788521,,0.05152060091495514,,0.0,,0.1522059589624405,,1.0331602096557617,,0.20096898078918457,,,1.1680994033813477,1.350799322128296,,0.8657118082046509,,0.472281277179718,,0.5786707997322083,,,0.9720138311386108,,1.0331602096557617,,,,,0.727823793888092,,,,,,,,,,,,,,,,,,,,,,,,
5,8899,,,,,0.10710844397544861,,0.02502904273569584,,0.0,,0.24496030807495117,,0.04485856369137764,,0.20428478717803955,,,0.16841432452201843,0.03692811354994774,,0.00932629406452179,,0.17945675551891327,,0.22725626826286316,,,0.6208369731903076,,0.04485856369137764,,,,,0.5413082838058472,,,,,,,,,,,,,,,,,,,,,,,,
5,8909,,,,,0.1124921515583992,,0.02327539399266243,,0.0,,0.2368723452091217,,0.05043017119169235,,0.2068166434764862,,,0.18106240034103394,0.031013211235404015,,0.008479500189423561,,0.18102821707725525,,0.20624667406082153,,,0.5557423830032349,,0.05043017119169235,,,,,0.5467659831047058,,,,,,,,,,,,,,,,,,,,,,,,
5,8919,,,,,0.07505586743354797,,0.022501712664961815,,0.0,,0.23045951128005981,,0.022565901279449463,,0.20547272264957428,,,0.18511739373207092,0.030964365229010582,,0.007895327173173428,,0.1880744844675064,,0.3361748158931732,,,0.5848761796951294,,0.022565901279449463,,,,,0.5102986097335815,,,,,,,,,,,,,,,,,,,,,,,,
5,8929,,,,,0.04991825297474861,,0.03167213127017021,,0.0,,0.26297393441200256,,0.018837839365005493,,0.20778416097164154,,,0.17949959635734558,0.014820098876953125,,0.011372989974915981,,0.1866205334663391,,0.6513051986694336,,,0.6082074642181396,,0.018837839365005493,,,,,0.4972899854183197,,,,,,,,,,,,,,,,,,,,,,,,
5,8939,,,,,0.050307050347328186,,0.035541824996471405,,0.0,,0.28186196088790894,,1.0,,0.20183005928993225,,,0.0,0.0,,0.12945298850536346,,0.22493679821491241,,0.653988242149353,,,1.456474781036377,,1.0,,,,,0.6990794539451599,,,,,,,,,,,,,,,,,,,,,,,,
5,8949,,,,,0.045410603284835815,,0.029095621779561043,,0.0,,0.22539909183979034,,0.015234342776238918,,0.20560529828071594,,,0.18625469505786896,0.029682112857699394,,0.012311319820582867,,0.1877433955669403,,0.21848228573799133,,,0.6238663196563721,,0.015234342776238918,,,,,0.4834563732147217,,,,,,,,,,,,,,,,,,,,,,,,
5,8959,,,,,0.07937441021203995,,0.02301192283630371,,0.0,,0.22977399826049805,,0.036998212337493896,,0.20497667789459229,,,0.18737006187438965,0.021146077662706375,,0.008784445933997631,,0.17875926196575165,,0.2071387618780136,,,0.5296797752380371,,0.036998212337493896,,,,,0.5062856674194336,,,,,,,,,,,,,,,,,,,,,,,,
5,8969,,,,,0.03267882764339447,,0.038379959762096405,,0.0,,0.10630901157855988,,0.9546565413475037,,0.20021599531173706,,,0.9773014187812805,1.714779257774353,,0.7204067707061768,,0.18750211596488953,,0.47088488936424255,,,1.2228171825408936,,0.9546565413475037,,,,,0.5016459822654724,,,,,,,,,,,,,,,,,,,,,,,,
5,8979,,,,,0.046668462455272675,,0.02072444185614586,,0.0,,0.20309223234653473,,0.019164420664310455,,0.21693018078804016,,,0.17851445078849792,0.023543765768408775,,0.010407986119389534,,0.17683099210262299,,0.5884506106376648,,,0.5558248162269592,,0.019164420664310455,,,,,0.4616904854774475,,,,,,,,,,,,,,,,,,,,,,,,
5,8989,,,,,0.057719193398952484,,0.014087784104049206,,0.0,,0.09600372612476349,,1.0,,0.20082220435142517,,,0.0,0.0,,188.93173217773438,,0.17507332563400269,,0.20799274742603302,,,1.056471586227417,,1.0,,,,,0.3469898998737335,,,,,,,,,,,,,,,,,,,,,,,,
5,8999,,,,,0.10458332300186157,,0.052731990814208984,,0.0,,0.12655164301395416,,0.9833090305328369,,0.20086164772510529,,,1.125829815864563,1.9815006256103516,,0.5149543285369873,,0.2060750126838684,,0.4851202964782715,,,1.2797150611877441,,0.9833090305328369,,,,,0.535670280456543,,,,,,,,,,,,,,,,,,,,,,,,
5,9009,,,,,0.061762735247612,,0.019602226093411446,,0.0,,0.2374737709760666,,0.024495750665664673,,0.21049678325653076,,,0.1812761276960373,0.019120726734399796,,0.006533482111990452,,0.17990468442440033,,0.4850441515445709,,,0.5382199287414551,,0.024495750665664673,,,,,0.488966703414917,,,,,,,,,,,,,,,,,,,,,,,,
5,9019,,,,,0.12550610303878784,,0.028574954718351364,,0.0,,0.21392056345939636,,0.05533774197101593,,0.20339851081371307,,,0.19447901844978333,0.03959408029913902,,0.009836532175540924,,0.18541933596134186,,0.5174286365509033,,,0.5525728464126587,,0.05533774197101593,,,,,0.5631176233291626,,,,,,,,,,,,,,,,,,,,,,,,
5,9029,,,,,0.05172884836792946,,0.023683659732341766,,0.0,,0.2120547890663147,,0.02226664498448372,,0.20749960839748383,,,0.19140569865703583,0.022714439779520035,,0.008700013160705566,,0.193374902009964,,0.5330522060394287,,,0.5708885192871094,,0.02226664498448372,,,,,0.48144540190696716,,,,,,,,,,,,,,,,,,,,,,,,
5,9039,,,,,0.048259418457746506,,0.05166705697774887,,0.0,,0.15987634658813477,,0.876653790473938,,0.200056254863739,,,0.7861924171447754,1.2200310230255127,,0.8881766200065613,,0.2078741192817688,,0.4997877776622772,,,1.372833251953125,,0.876653790473938,,,,,0.559630811214447,,,,,,,,,,,,,,,,,,,,,,,,
5,9049,,,,,0.10663290321826935,,0.027544956654310226,,0.0,,0.3603767454624176,,1.0,,0.20313021540641785,,,0.0,0.0,,0.37797659635543823,,0.21987050771713257,,0.6104655861854553,,,0.8439587354660034,,1.0,,,,,0.7106940746307373,,,,,,,,,,,,,,,,,,,,,,,,
5,9059,,,,,0.04016241058707237,,0.027564676478505135,,0.0,,0.2290816754102707,,0.01463015191257,,0.20182818174362183,,,0.1893514096736908,0.021973248571157455,,0.0105037372559309,,0.17973293364048004,,0.3005205988883972,,,0.5742610096931458,,0.01463015191257,,,,,0.47018030285835266,,,,,,,,,,,,,,,,,,,,,,,,
5,9069,,,,,0.05242690071463585,,0.013747208751738071,,0.0,,0.10187051445245743,,1.0,,0.20067550241947174,,,0.0,0.0,,193.56185913085938,,0.1721571534872055,,0.1929163634777069,,,1.0235710144042969,,1.0,,,,,0.3406834006309509,,,,,,,,,,,,,,,,,,,,,,,,
5,9079,,,,,0.06122414767742157,,0.015401175245642662,,0.0,,0.11277685314416885,,1.0,,0.20048564672470093,,,0.0,0.0,,190.890869140625,,0.17394322156906128,,0.1882171332836151,,,1.0090458393096924,,1.0,,,,,0.345412015914917,,,,,,,,,,,,,,,,,,,,,,,,
5,9089,,,,,0.028417427092790604,,0.019518442451953888,,0.0,,0.21565334498882294,,0.011283713392913342,,0.20323437452316284,,,0.1719246208667755,0.024221813306212425,,0.01271121483296156,,0.17774567008018494,,0.17182651162147522,,,0.5677397847175598,,0.011283713392913342,,,,,0.44092217087745667,,,,,,,,,,,,,,,,,,,,,,,,
5,9099,,,,,0.05094016715884209,,0.014764195308089256,,0.0,,0.19817820191383362,,0.02299773320555687,,0.2201874852180481,,,0.17196933925151825,0.01867036335170269,,0.007677904795855284,,0.1690867692232132,,0.48629075288772583,,,0.5607762932777405,,0.02299773320555687,,,,,0.45120730996131897,,,,,,,,,,,,,,,,,,,,,,,,
5,9109,,,,,0.08112839609384537,,0.023600127547979355,,0.0,,0.23226143419742584,,0.025784634053707123,,0.20515328645706177,,,0.17219960689544678,0.03849164396524429,,0.008669166825711727,,0.17613713443279266,,0.4926188290119171,,,0.571816623210907,,0.025784634053707123,,,,,0.5093845725059509,,,,,,,,,,,,,,,,,,,,,,,,
5,9119,,,,,0.1283440738916397,,0.024785682559013367,,0.0,,0.24038715660572052,,0.05213736370205879,,0.21303561329841614,,,0.17618237435817719,0.03489713743329048,,0.007978413254022598,,0.18333838880062103,,0.21306180953979492,,,0.6282690763473511,,0.05213736370205879,,,,,0.5686464905738831,,,,,,,,,,,,,,,,,,,,,,,,
5,9129,,,,,0.031931258738040924,,0.0130537711083889,,0.0,,0.10652421414852142,,1.0,,0.20574608445167542,,,0.0,0.0,,191.5394744873047,,0.1713067591190338,,0.1951739490032196,,,1.018650770187378,,1.0,,,,,0.34590238332748413,,,,,,,,,,,,,,,,,,,,,,,,
5,9139,,,,,0.1323927342891693,,0.023173058405518532,,0.0,,0.2110060155391693,,0.05287034064531326,,0.20282086730003357,,,0.18286016583442688,0.03655575215816498,,0.010725241154432297,,0.18250365555286407,,0.19527363777160645,,,0.5453754663467407,,0.05287034064531326,,,,,0.5572150945663452,,,,,,,,,,,,,,,,,,,,,,,,
5,9149,,,,,0.08246280252933502,,0.025720274075865746,,0.0,,0.22503389418125153,,0.01858583465218544,,0.20216715335845947,,,0.17484357953071594,0.03205607086420059,,0.01502062939107418,,0.17882797122001648,,0.17102718353271484,,,0.5756105184555054,,0.01858583465218544,,,,,0.5092975497245789,,,,,,,,,,,,,,,,,,,,,,,,
5,9159,,,,,0.035277724266052246,,0.014262637123465538,,0.0,,0.08675414323806763,,1.0,,0.20271539688110352,,,0.0,0.0,,192.5756072998047,,0.1708277463912964,,0.17499947547912598,,,0.99029541015625,,1.0,,,,,0.3247796893119812,,,,,,,,,,,,,,,,,,,,,,,,
5,9169,,,,,0.07987671345472336,,0.03685004264116287,,0.0,,0.11458666622638702,,1.0614042282104492,,0.1999003291130066,,,0.5627321600914001,1.5124667882919312,,0.7685675621032715,,0.17022547125816345,,0.45495355129241943,,,1.0202831029891968,,1.0614042282104492,,,,,0.48825803399086,,,,,,,,,,,,,,,,,,,,,,,,
5,9179,,,,,0.03427954018115997,,0.02595599554479122,,0.0,,0.21856150031089783,,0.010697973892092705,,0.2012920081615448,,,0.183766171336174,0.029278453439474106,,0.009471306577324867,,0.17490513622760773,,0.18141555786132812,,,0.5447375178337097,,0.010697973892092705,,,,,0.4558948278427124,,,,,,,,,,,,,,,,,,,,,,,,
5,9189,,,,,0.08211256563663483,,0.026494119316339493,,0.0,,0.23915743827819824,,0.015111255459487438,,0.20395499467849731,,,0.18699315190315247,0.043122973293066025,,0.01577402651309967,,0.17701372504234314,,0.670197069644928,,,0.547330379486084,,0.015111255459487438,,,,,0.5283677577972412,,,,,,,,,,,,,,,,,,,,,,,,
5,9199,,,,,0.06785208731889725,,0.02064250409603119,,0.0,,0.21472221612930298,,0.023558907210826874,,0.20995700359344482,,,0.1855364292860031,0.06086738035082817,,0.014783142134547234,,0.17954301834106445,,0.24587467312812805,,,0.5575664043426514,,0.023558907210826874,,,,,0.5108779668807983,,,,,,,,,,,,,,,,,,,,,,,,
5,9209,,,,,0.04975007474422455,,0.02743455208837986,,0.0,,0.2188173532485962,,0.012472867034375668,,0.2043805867433548,,,0.19147203862667084,0.08526814728975296,,0.01500005554407835,,0.17927667498588562,,0.17634421586990356,,,0.5347585678100586,,0.012472867034375668,,,,,0.5105747580528259,,,,,,,,,,,,,,,,,,,,,,,,
5,9219,,,,,0.1472368836402893,,0.012142372317612171,,0.0,,0.11469659209251404,,1.0,,0.20143118500709534,,,0.0,0.0,,180.74728393554688,,0.17408397793769836,,0.27666544914245605,,,0.9875092506408691,,1.0,,,,,0.38950979709625244,,,,,,,,,,,,,,,,,,,,,,,,
5,9229,,,,,0.1763085126876831,,0.03599923849105835,,0.0,,0.3478527367115021,,1.0,,0.2016954869031906,,,0.0,0.0,,0.30161356925964355,,0.22285351157188416,,0.549314022064209,,,1.3535690307617188,,1.0,,,,,0.6788575053215027,,,,,,,,,,,,,,,,,,,,,,,,
5,9239,,,,,0.04214804619550705,,0.016860105097293854,,0.0,,0.10946964472532272,,1.0,,0.20077499747276306,,,0.0,0.0,,195.3076629638672,,0.16988006234169006,,0.15499882400035858,,,1.005717158317566,,1.0,,,,,0.32599180936813354,,,,,,,,,,,,,,,,,,,,,,,,
5,9249,,,,,0.046172820031642914,,0.02718871459364891,,0.0,,0.2395474910736084,,0.018907222896814346,,0.20240837335586548,,,0.18614701926708221,0.022470584139227867,,0.010856962762773037,,0.17687702178955078,,0.2013958990573883,,,0.5655855536460876,,0.018907222896814346,,,,,0.47892093658447266,,,,,,,,,,,,,,,,,,,,,,,,
5,9259,,,,,0.04097503796219826,,0.05113593488931656,,0.0,,0.1077241376042366,,1.0051958560943604,,0.19993722438812256,,,1.0433233976364136,1.6683070659637451,,0.8055033683776855,,0.19809027016162872,,0.5263212323188782,,,1.2014590501785278,,1.0051958560943604,,,,,0.5416043996810913,,,,,,,,,,,,,,,,,,,,,,,,
5,9269,,,,,0.046959228813648224,,0.03921656310558319,,0.0,,0.2401755005121231,,0.018209241330623627,,0.20273712277412415,,,0.19316378235816956,0.018131092190742493,,0.010965971276164055,,0.1816418319940567,,0.1882432997226715,,,0.5343165397644043,,0.018209241330623627,,,,,0.4899751543998718,,,,,,,,,,,,,,,,,,,,,,,,
5,9279,,,,,0.13932599127292633,,0.012974218465387821,,0.0,,0.10064277052879333,,1.0,,0.20122259855270386,,,0.0,0.0,,185.48899841308594,,0.17397212982177734,,0.21062582731246948,,,1.0482585430145264,,1.0,,,,,0.34971877932548523,,,,,,,,,,,,,,,,,,,,,,,,
5,9289,,,,,0.11773267388343811,,0.013353601098060608,,0.0,,0.12373213469982147,,1.0,,0.20435306429862976,,,0.0,0.0,,192.57736206054688,,0.1730906069278717,,0.24789774417877197,,,0.9849866628646851,,1.0,,,,,0.38121354579925537,,,,,,,,,,,,,,,,,,,,,,,,
5,9299,,,,,0.049264706671237946,,0.04610881209373474,,0.0,,0.14307339489459991,,0.9781171083450317,,0.20119740068912506,,,1.3109990358352661,1.6593540906906128,,0.8252372145652771,,0.19379597902297974,,0.4988590180873871,,,0.8890265226364136,,0.9781171083450317,,,,,0.5415173172950745,,,,,,,,,,,,,,,,,,,,,,,,
5,9309,,,,,0.22534044086933136,,0.0324808806180954,,0.0,,0.23791812360286713,,0.1092207059264183,,0.20535287261009216,,,0.18311479687690735,0.03459951654076576,,0.01032467931509018,,0.19292134046554565,,0.1974143534898758,,,0.5598006248474121,,0.1092207059264183,,,,,0.6736965775489807,,,,,,,,,,,,,,,,,,,,,,,,
5,9319,,,,,0.03845745325088501,,0.04708615690469742,,0.0,,0.11683079600334167,,1.0109508037567139,,0.20034360885620117,,,1.1814215183258057,1.986486554145813,,0.9480286836624146,,0.1953069269657135,,0.49314457178115845,,,1.1863594055175781,,1.0109508037567139,,,,,0.5263559818267822,,,,,,,,,,,,,,,,,,,,,,,,
5,9329,,,,,0.07740902900695801,,0.04394770413637161,,0.0,,0.1341685652732849,,0.9650027751922607,,0.20030534267425537,,,0.7599301338195801,1.184238314628601,,0.6897279620170593,,0.20459148287773132,,0.5734236836433411,,,1.1439497470855713,,0.9650027751922607,,,,,0.5782183408737183,,,,,,,,,,,,,,,,,,,,,,,,
5,9339,,,,,0.05625549331307411,,0.0436621829867363,,0.0,,0.12514393031597137,,1.0247840881347656,,0.20018982887268066,,,1.5844608545303345,1.2944151163101196,,0.6328915357589722,,0.1974443793296814,,0.48977822065353394,,,0.9034386277198792,,1.0247840881347656,,,,,0.5281093120574951,,,,,,,,,,,,,,,,,,,,,,,,
5,9349,,,,,0.09957005083560944,,0.047093890607357025,,0.0,,0.1545325368642807,,1.051247239112854,,0.19997325539588928,,,0.9598188400268555,1.6458320617675781,,0.7150734663009644,,0.1910187005996704,,0.5794445276260376,,,1.3951873779296875,,1.051247239112854,,,,,0.586031436920166,,,,,,,,,,,,,,,,,,,,,,,,
5,9359,,,,,0.09582433104515076,,0.029430944472551346,,0.0,,0.2063542902469635,,0.044811613857746124,,0.20681042969226837,,,0.2123148888349533,0.03945111483335495,,0.018170997500419617,,0.1935553252696991,,0.5412411093711853,,,0.5886271595954895,,0.044811613857746124,,,,,0.5488683581352234,,,,,,,,,,,,,,,,,,,,,,,,
5,9369,,,,,0.08178656548261642,,0.044323235750198364,,0.0,,0.1441974937915802,,1.0379724502563477,,0.20001134276390076,,,0.8471813201904297,1.1996524333953857,,0.6883887052536011,,0.20816437900066376,,0.48642587661743164,,,0.9949859380722046,,1.0379724502563477,,,,,0.5415611267089844,,,,,,,,,,,,,,,,,,,,,,,,
5,9379,,,,,0.10053589940071106,,0.026661016047000885,,0.0,,0.22746379673480988,,0.01884981244802475,,0.2057453989982605,,,0.2315516173839569,0.06507302820682526,,0.019314736127853394,,0.1844320297241211,,0.47330906987190247,,,0.5092203617095947,,0.01884981244802475,,,,,0.5806567668914795,,,,,,,,,,,,,,,,,,,,,,,,
5,9389,,,,,0.07037318497896194,,0.019618362188339233,,0.0,,0.22721834480762482,,0.02049993723630905,,0.20288608968257904,,,0.1921483725309372,0.04579517990350723,,0.008055025711655617,,0.17817872762680054,,0.2045666128396988,,,0.5982414484024048,,0.02049993723630905,,,,,0.5073232650756836,,,,,,,,,,,,,,,,,,,,,,,,
5,9399,,,,,0.05248543620109558,,0.015126382000744343,,0.0,,0.09613955020904541,,1.0,,0.20089873671531677,,,0.0,0.0,,193.8015594482422,,0.1763051152229309,,0.22656749188899994,,,1.034820318222046,,1.0,,,,,0.35751864314079285,,,,,,,,,,,,,,,,,,,,,,,,
5,9409,,,,,0.06740488857030869,,0.019452229142189026,,0.0,,0.23807236552238464,,0.01718835160136223,,0.20481301844120026,,,0.1971444934606552,0.0229544285684824,,0.009455891326069832,,0.17765399813652039,,0.4521041810512543,,,0.5452192425727844,,0.01718835160136223,,,,,0.5021780729293823,,,,,,,,,,,,,,,,,,,,,,,,
5,9419,,,,,0.07239475846290588,,0.01721799746155739,,0.0,,0.2110065519809723,,0.032489728182554245,,0.2073269933462143,,,0.1929679811000824,0.01980922371149063,,0.008201774209737778,,0.17983728647232056,,0.1860448122024536,,,0.5902391076087952,,0.032489728182554245,,,,,0.49057868123054504,,,,,,,,,,,,,,,,,,,,,,,,
5,9429,,,,,0.032363101840019226,,0.02522336319088936,,0.0,,0.2141105979681015,,0.010809899307787418,,0.2238720953464508,,,0.18259698152542114,0.029081519693136215,,0.011395375244319439,,0.1761532872915268,,0.23700743913650513,,,0.5439003705978394,,0.010809899307787418,,,,,0.4635797142982483,,,,,,,,,,,,,,,,,,,,,,,,
5,9439,,,,,0.03790237009525299,,0.02910614386200905,,0.0,,0.26298007369041443,,0.014730177819728851,,0.2047620713710785,,,0.17662948369979858,0.027763603255152702,,0.009701648727059364,,0.17433622479438782,,0.5723523497581482,,,0.5360373258590698,,0.014730177819728851,,,,,0.48054200410842896,,,,,,,,,,,,,,,,,,,,,,,,
5,9449,,,,,0.09539134800434113,,0.027905810624361038,,0.0,,0.11712712049484253,,1.0,,0.20050303637981415,,,0.0,0.0,,193.8888397216797,,0.18573977053165436,,0.23722809553146362,,,1.0617109537124634,,1.0,,,,,0.3842519223690033,,,,,,,,,,,,,,,,,,,,,,,,
5,9459,,,,,0.22627246379852295,,0.03125595673918724,,0.0,,0.22403058409690857,,0.05883847922086716,,0.20924365520477295,,,0.25559335947036743,0.10934238135814667,,0.02397802285850048,,0.20134681463241577,,0.2243049144744873,,,0.6238348484039307,,0.05883847922086716,,,,,0.7536678314208984,,,,,,,,,,,,,,,,,,,,,,,,
5,9469,,,,,0.14669208228588104,,0.028084900230169296,,0.0,,0.249240443110466,,0.05619479715824127,,0.2127676010131836,,,0.22661468386650085,0.08811913430690765,,0.01654590480029583,,0.18888962268829346,,0.6352723836898804,,,0.5736720561981201,,0.05619479715824127,,,,,0.6518232822418213,,,,,,,,,,,,,,,,,,,,,,,,
5,9479,,,,,0.11728495359420776,,0.027180751785635948,,0.0,,0.23155690729618073,,0.04698309302330017,,0.20494163036346436,,,0.2275964766740799,0.18691730499267578,,0.04291307181119919,,0.21201752126216888,,0.603826642036438,,,0.5794550776481628,,0.04698309302330017,,,,,0.6838468313217163,,,,,,,,,,,,,,,,,,,,,,,,
5,9489,,,,,0.10989914834499359,,0.017881201580166817,,0.0,,0.19828374683856964,,0.03938847780227661,,0.2025635987520218,,,0.21953654289245605,0.1142282485961914,,0.014315265230834484,,0.18249429762363434,,0.24686270952224731,,,0.5838744640350342,,0.03938847780227661,,,,,0.5845506191253662,,,,,,,,,,,,,,,,,,,,,,,,
5,9499,,,,,0.19409753382205963,,0.04394344985485077,,0.0,,0.130512535572052,,0.8514806032180786,,0.2004554271697998,,,0.9371362328529358,1.3309653997421265,,0.8419278860092163,,0.19345253705978394,,0.5523936748504639,,,1.0768721103668213,,0.8514806032180786,,,,,0.5603787899017334,,,,,,,,,,,,,,,,,,,,,,,,
5,9509,,,,,0.15975947678089142,,0.02084835059940815,,0.0,,0.22922515869140625,,0.034830186516046524,,0.21109002828598022,,,0.226577490568161,0.055872440338134766,,0.01779915764927864,,0.1822950690984726,,0.4651077389717102,,,0.5497965216636658,,0.034830186516046524,,,,,0.6316133141517639,,,,,,,,,,,,,,,,,,,,,,,,
5,9519,,,,,0.04669474437832832,,0.011335210874676704,,0.0,,0.10932814329862595,,1.0,,0.20331579446792603,,,0.0,0.0,,191.09385681152344,,0.17951847612857819,,0.20624414086341858,,,0.9968463182449341,,1.0,,,,,0.35487085580825806,,,,,,,,,,,,,,,,,,,,,,,,
5,9529,,,,,0.07690203934907913,,0.013199855573475361,,0.0,,0.0916585773229599,,1.0,,0.20042091608047485,,,0.0,0.0,,190.4199676513672,,0.17571035027503967,,0.21126671135425568,,,0.9439536333084106,,1.0,,,,,0.3461281955242157,,,,,,,,,,,,,,,,,,,,,,,,
5,9539,,,,,0.09858553111553192,,0.027834033593535423,,0.0,,0.21362684667110443,,0.042698897421360016,,0.21073266863822937,,,0.19781558215618134,0.11434724926948547,,0.012313229963183403,,0.17938630282878876,,0.500737190246582,,,0.5242997407913208,,0.042698897421360016,,,,,0.5766134858131409,,,,,,,,,,,,,,,,,,,,,,,,
5,9549,,,,,0.11619219928979874,,0.011530090123414993,,0.0,,0.11091187596321106,,1.0,,0.20062939822673798,,,0.0,0.0,,186.6520233154297,,0.17013749480247498,,0.16328498721122742,,,0.9930257797241211,,1.0,,,,,0.32824695110321045,,,,,,,,,,,,,,,,,,,,,,,,
5,9559,,,,,0.026891812682151794,,0.03016386553645134,,0.0,,0.20843985676765442,,0.007878310978412628,,0.20615199208259583,,,0.20652379095554352,0.03523200750350952,,0.012845434248447418,,0.18355616927146912,,0.5334956645965576,,,0.5307788252830505,,0.007878310978412628,,,,,0.4683483839035034,,,,,,,,,,,,,,,,,,,,,,,,
5,9569,,,,,0.06204215809702873,,0.02524268440902233,,0.0,,0.238038569688797,,0.015034186653792858,,0.2103169560432434,,,0.21514208614826202,0.11767164617776871,,0.011148987337946892,,0.18202590942382812,,0.22642900049686432,,,0.4905993938446045,,0.015034186653792858,,,,,0.5618355870246887,,,,,,,,,,,,,,,,,,,,,,,,
5,9569,,,,,,,,,,,,,,,,,,,,,,,,,,,,,,,,,,,,,,0.7243936061859131,0.28436678647994995,0.1323375552892685,0.15548168122768402,0.07137765735387802,0.0,0.3132767975330353,0.38429880142211914,0.3211613893508911,0.2524697482585907,0.3190680742263794,14.329466819763184,0.26050934195518494,0.7153041958808899,0.9273226261138916,0.24420148134231567,0.38429880142211914,0.8609043955802917,0.9083833694458008,0.5248011350631714,1.398725152015686,1.513840913772583
5,9569,0.03051353059709072,0.08242455124855042,0.017373088747262955,0.026829423382878304,,0.027160339057445526,,0.0,,0.18354816734790802,,0.48873355984687805,,0.20454958081245422,,0.3029385209083557,0.3041306734085083,,,44.51426315307617,,0.18671970069408417,,0.37950846552848816,,0.8137392401695251,0.47765040397644043,,0.48873355984687805,,0.5519553422927856,0.6561781764030457,0.36330658197402954,0.49834951758384705,,0.4991056025028229,0.5284409523010254,,,,,,,,,,,,,,,,,,,,,,
6,9579,,,,,0.02960086427628994,,0.03457137197256088,,0.0,,0.321616530418396,,1.0,,0.2009032815694809,,,0.0,0.0,,0.14123424887657166,,0.21804332733154297,,0.591152548789978,,,1.2060409784317017,,1.0,,,,,0.6831434965133667,,,,,,,,,,,,,,,,,,,,,,,,
6,9589,,,,,0.17543046176433563,,0.0264645516872406,,0.0,,0.21278323233127594,,0.079412542283535,,0.20349116623401642,,,0.21463598310947418,0.041445404291152954,,0.011304184794425964,,0.19065433740615845,,0.498846173286438,,,0.6182349324226379,,0.079412542283535,,,,,0.6258199214935303,,,,,,,,,,,,,,,,,,,,,,,,
6,9599,,,,,0.05549653619527817,,0.03640800714492798,,0.0,,0.27676698565483093,,1.0,,0.20211023092269897,,,0.0,0.0,,0.1399933099746704,,0.20094838738441467,,0.5578669905662537,,,0.9800794124603271,,1.0,,,,,0.6370502710342407,,,,,,,,,,,,,,,,,,,,,,,,
6,9609,,,,,0.12437716126441956,,0.015939366072416306,,0.0,,0.10469494760036469,,1.0,,0.20032402873039246,,,0.0,0.0,,191.66439819335938,,0.17628252506256104,,0.15226522088050842,,,1.009973406791687,,1.0,,,,,0.3247530460357666,,,,,,,,,,,,,,,,,,,,,,,,
6,9619,,,,,0.15555250644683838,,0.012085668742656708,,0.0,,0.0961453914642334,,1.0,,0.20076090097427368,,,0.0,0.0,,190.18438720703125,,0.17093169689178467,,0.21866920590400696,,,1.0297396183013916,,1.0,,,,,0.3492964506149292,,,,,,,,,,,,,,,,,,,,,,,,
6,9629,,,,,0.029909901320934296,,0.02214127965271473,,0.0,,0.2099902182817459,,0.010493166744709015,,0.20708289742469788,,,0.19586221873760223,0.04974425584077835,,0.012710761278867722,,0.18912822008132935,,0.22512125968933105,,,0.6192923188209534,,0.010493166744709015,,,,,0.47323983907699585,,,,,,,,,,,,,,,,,,,,,,,,
6,9639,,,,,0.09630991518497467,,0.04777839779853821,,0.0,,0.15984709560871124,,1.0310419797897339,,0.20069065690040588,,,0.8833793997764587,1.1779595613479614,,0.5823463201522827,,0.20163699984550476,,0.5363179445266724,,,0.9631289839744568,,1.0310419797897339,,,,,0.5731355547904968,,,,,,,,,,,,,,,,,,,,,,,,
6,9649,,,,,0.038933802396059036,,0.01732245273888111,,0.0,,0.10344012826681137,,1.0,,0.2016143798828125,,,0.0,0.0,,198.68972778320312,,0.1958557367324829,,0.27162012457847595,,,0.9919871687889099,,1.0,,,,,0.39492642879486084,,,,,,,,,,,,,,,,,,,,,,,,
6,9659,,,,,0.07025058567523956,,0.028350699692964554,,0.0,,0.2196553349494934,,0.026584003120660782,,0.20271344482898712,,,0.1742914766073227,0.03298205882310867,,0.016242574900388718,,0.18443912267684937,,0.39877939224243164,,,0.6283735632896423,,0.026584003120660782,,,,,0.4995879530906677,,,,,,,,,,,,,,,,,,,,,,,,
6,9669,,,,,0.04895936697721481,,0.02333715930581093,,0.0,,0.19652718305587769,,0.01807551085948944,,0.2124617099761963,,,0.19607770442962646,0.01315182726830244,,0.01817326620221138,,0.17673560976982117,,0.5401884317398071,,,0.48933419585227966,,0.01807551085948944,,,,,0.467191606760025,,,,,,,,,,,,,,,,,,,,,,,,
6,9679,,,,,0.07049928605556488,,0.014637358486652374,,0.0,,0.10053321719169617,,1.0,,0.20040388405323029,,,0.0,0.0,,191.18209838867188,,0.16905821859836578,,0.21342894434928894,,,1.062455177307129,,1.0,,,,,0.3490307927131653,,,,,,,,,,,,,,,,,,,,,,,,
6,9689,,,,,0.04821647331118584,,0.01704562082886696,,0.0,,0.2131071537733078,,0.018211161717772484,,0.20560485124588013,,,0.16499218344688416,0.02048484981060028,,0.007150483783334494,,0.1652528941631317,,0.21851861476898193,,,0.5725727677345276,,0.018211161717772484,,,,,0.445035457611084,,,,,,,,,,,,,,,,,,,,,,,,
6,9699,,,,,0.04656870663166046,,0.04016893357038498,,0.0,,0.276872456073761,,1.0,,0.20429980754852295,,,0.0,0.0,,0.18251165747642517,,0.19894206523895264,,0.5598211288452148,,,0.9819201231002808,,1.0,,,,,0.6400521993637085,,,,,,,,,,,,,,,,,,,,,,,,
6,9709,,,,,0.04677530378103256,,0.03888909891247749,,0.0,,0.10810473561286926,,1.0795483589172363,,0.20016047358512878,,,1.0393271446228027,1.869555950164795,,0.6463907957077026,,0.19163861870765686,,0.4744006395339966,,,1.3479349613189697,,1.0795483589172363,,,,,0.5065968036651611,,,,,,,,,,,,,,,,,,,,,,,,
6,9719,,,,,0.0392148494720459,,0.017096180468797684,,0.0,,0.20491540431976318,,0.011787938885390759,,0.20221714675426483,,,0.18081815540790558,0.02000373601913452,,0.010940276086330414,,0.17744049429893494,,0.4678676128387451,,,0.5469982028007507,,0.011787938885390759,,,,,0.445930540561676,,,,,,,,,,,,,,,,,,,,,,,,
6,9729,,,,,0.0468301959335804,,0.022762924432754517,,0.0,,0.22504301369190216,,0.016940169036388397,,0.20310582220554352,,,0.1881914883852005,0.021629363298416138,,0.008574760518968105,,0.17613640427589417,,0.4461660385131836,,,0.5471352338790894,,0.016940169036388397,,,,,0.46955209970474243,,,,,,,,,,,,,,,,,,,,,,,,
6,9739,,,,,0.050613969564437866,,0.03973944112658501,,0.0,,0.11895923316478729,,1.087773323059082,,0.20025202631950378,,,0.9087344408035278,1.1324995756149292,,0.7098973989486694,,0.1899595558643341,,0.4590491056442261,,,1.2337977886199951,,1.087773323059082,,,,,0.5039796829223633,,,,,,,,,,,,,,,,,,,,,,,,
6,9749,,,,,0.047628387808799744,,0.016588643193244934,,0.0,,0.19923606514930725,,0.01770876720547676,,0.20574325323104858,,,0.17152079939842224,0.016538986936211586,,0.007347036153078079,,0.1812095046043396,,0.489233136177063,,,0.5254852175712585,,0.01770876720547676,,,,,0.44672054052352905,,,,,,,,,,,,,,,,,,,,,,,,
6,9759,,,,,0.03342066705226898,,0.04258255660533905,,0.0,,0.10780835896730423,,1.0523345470428467,,0.20024213194847107,,,0.6495961546897888,1.331574559211731,,0.9572510719299316,,0.18673036992549896,,0.4360879063606262,,,1.0104010105133057,,1.0523345470428467,,,,,0.48672565817832947,,,,,,,,,,,,,,,,,,,,,,,,
6,9769,,,,,0.08729900419712067,,0.030938630923628807,,0.0,,0.220592200756073,,0.0336754284799099,,0.20704181492328644,,,0.17911259829998016,0.01796082593500614,,0.014244001358747482,,0.180364191532135,,0.1850610226392746,,,0.5831642746925354,,0.0336754284799099,,,,,0.5124261379241943,,,,,,,,,,,,,,,,,,,,,,,,
6,9779,,,,,0.0377512127161026,,0.02014925144612789,,0.0,,0.19875603914260864,,0.014791042543947697,,0.20324429869651794,,,0.20769569277763367,0.034342750906944275,,0.009102165699005127,,0.17340652644634247,,0.4794228672981262,,,0.5612746477127075,,0.014791042543947697,,,,,0.4610995650291443,,,,,,,,,,,,,,,,,,,,,,,,
6,9789,,,,,0.23689261078834534,,0.03861400485038757,,0.0,,0.12101908028125763,,1.152201771736145,,0.199603870511055,,,1.0944677591323853,1.6450114250183105,,0.7700638771057129,,0.1921578347682953,,0.4587550163269043,,,1.0704097747802734,,1.152201771736145,,,,,0.5050749182701111,,,,,,,,,,,,,,,,,,,,,,,,
6,9799,,,,,0.0341094434261322,,0.018122900277376175,,0.0,,0.20508533716201782,,0.011184955015778542,,0.20231477916240692,,,0.22066931426525116,0.03752422332763672,,0.012715538963675499,,0.18330955505371094,,0.2005985975265503,,,0.550589382648468,,0.011184955015778542,,,,,0.47398027777671814,,,,,,,,,,,,,,,,,,,,,,,,
6,9809,,,,,0.04156921058893204,,0.01284840889275074,,0.0,,0.18918809294700623,,0.008670756593346596,,0.20419621467590332,,,0.17250904440879822,0.023713493719697,,0.006548670120537281,,0.1716747134923935,,0.4644237458705902,,,0.4889894723892212,,0.008670756593346596,,,,,0.431908518075943,,,,,,,,,,,,,,,,,,,,,,,,
6,9819,,,,,0.030732324346899986,,0.01043616235256195,,0.0,,0.10171554982662201,,1.0,,0.20113250613212585,,,0.0,0.0,,185.9825897216797,,0.16943246126174927,,0.15943004190921783,,,0.9751570820808411,,1.0,,,,,0.32107338309288025,,,,,,,,,,,,,,,,,,,,,,,,
6,9829,,,,,0.03926483169198036,,0.00959216058254242,,0.0,,0.09218016266822815,,1.0,,0.20080119371414185,,,0.0,0.0,,189.38296508789062,,0.16742154955863953,,0.12435837835073471,,,0.987537682056427,,1.0,,,,,0.297176718711853,,,,,,,,,,,,,,,,,,,,,,,,
6,9839,,,,,0.0275161974132061,,0.03928740322589874,,0.0,,0.15974600613117218,,0.9340399503707886,,0.20017842948436737,,,0.7437125444412231,1.726362943649292,,0.7785052061080933,,0.1888028085231781,,0.5335825681686401,,,1.2429304122924805,,0.9340399503707886,,,,,0.5607986450195312,,,,,,,,,,,,,,,,,,,,,,,,
6,9849,,,,,0.024093210697174072,,0.01189393550157547,,0.0,,0.10433235764503479,,1.0,,0.20182597637176514,,,0.0,0.0,,194.5857391357422,,0.16738305985927582,,0.2423555701971054,,,1.005893349647522,,1.0,,,,,0.363895446062088,,,,,,,,,,,,,,,,,,,,,,,,
6,9859,,,,,0.03391328826546669,,0.027053385972976685,,0.0,,0.22638431191444397,,0.013037309981882572,,0.2033562958240509,,,0.17606179416179657,0.038721680641174316,,0.01153191365301609,,0.1699194610118866,,0.42000383138656616,,,0.5072495937347412,,0.013037309981882572,,,,,0.4604277014732361,,,,,,,,,,,,,,,,,,,,,,,,
6,9869,,,,,0.04629559814929962,,0.012865670025348663,,0.0,,0.1195639967918396,,1.0,,0.20063206553459167,,,0.0,0.0,,185.09713745117188,,0.16887973248958588,,0.21003928780555725,,,0.9753378629684448,,1.0,,,,,0.35599035024642944,,,,,,,,,,,,,,,,,,,,,,,,
6,9879,,,,,0.08854255080223083,,0.013372371904551983,,0.0,,0.09861281514167786,,1.0,,0.200830340385437,,,0.0,0.0,,186.5007781982422,,0.16830390691757202,,0.17343676090240479,,,1.0417234897613525,,1.0,,,,,0.3272780776023865,,,,,,,,,,,,,,,,,,,,,,,,
6,9889,,,,,0.13504593074321747,,0.019570693373680115,,0.0,,0.1879919171333313,,0.06027110666036606,,0.20616081357002258,,,0.18487954139709473,0.02641121856868267,,0.021025866270065308,,0.1681603640317917,,0.18464550375938416,,,0.554547905921936,,0.06027110666036606,,,,,0.5421461462974548,,,,,,,,,,,,,,,,,,,,,,,,
6,9899,,,,,0.0558757483959198,,0.020225588232278824,,0.0,,0.2076500952243805,,0.01512575801461935,,0.22780269384384155,,,0.18684276938438416,0.04846866801381111,,0.015803322196006775,,0.16980841755867004,,0.1956828236579895,,,0.5555059909820557,,0.01512575801461935,,,,,0.4941765367984772,,,,,,,,,,,,,,,,,,,,,,,,
6,9909,,,,,0.02571948990225792,,0.018752016127109528,,0.0,,0.20475393533706665,,0.010454963892698288,,0.2010699212551117,,,0.17392340302467346,0.03716748580336571,,0.00788095686584711,,0.17316539585590363,,0.19020819664001465,,,0.5676193833351135,,0.010454963892698288,,,,,0.4340760409832001,,,,,,,,,,,,,,,,,,,,,,,,
6,9919,,,,,0.032987501472234726,,0.011769923381507397,,0.0,,0.1018909215927124,,1.0,,0.2007538378238678,,,0.0,0.0,,189.507080078125,,0.1693475842475891,,0.1809505820274353,,,1.006300687789917,,1.0,,,,,0.33235642313957214,,,,,,,,,,,,,,,,,,,,,,,,
6,9929,,,,,0.07985558360815048,,0.03335268795490265,,0.0,,0.11755461990833282,,0.92042076587677,,0.1997261345386505,,,0.5182823538780212,1.2924892902374268,,0.8484041094779968,,0.17492704093456268,,0.46143004298210144,,,1.1088135242462158,,0.92042076587677,,,,,0.49349528551101685,,,,,,,,,,,,,,,,,,,,,,,,
6,9939,,,,,0.15895800292491913,,0.022346068173646927,,0.0,,0.23840750753879547,,0.077300526201725,,0.2036961317062378,,,0.1747218668460846,0.05970410630106926,,0.007849184796214104,,0.17383621633052826,,0.46143004298210144,,,0.6302313804626465,,0.077300526201725,,,,,0.5992385745048523,,,,,,,,,,,,,,,,,,,,,,,,
6,9949,,,,,0.0420614555478096,,0.05550217255949974,,0.0,,0.10320334881544113,,0.876583456993103,,0.19987326860427856,,,1.1636139154434204,1.7545530796051025,,0.609439492225647,,0.19372057914733887,,0.4692853093147278,,,1.306758165359497,,0.876583456993103,,,,,0.5107923746109009,,,,,,,,,,,,,,,,,,,,,,,,
6,9959,,,,,0.03757917881011963,,0.022294949740171432,,0.0,,0.21444745361804962,,0.011818349361419678,,0.20264802873134613,,,0.1851445585489273,0.0095377741381526,,0.005449507385492325,,0.17208409309387207,,0.4029027223587036,,,0.5316615104675293,,0.011818349361419678,,,,,0.4433823525905609,,,,,,,,,,,,,,,,,,,,,,,,
6,9969,,,,,0.027608860284090042,,0.01672588661313057,,0.0,,0.20038841664791107,,0.011138208210468292,,0.2021428346633911,,,0.1696302592754364,0.005998648703098297,,0.0057650720700621605,,0.17110219597816467,,0.5230318307876587,,,0.5848671197891235,,0.011138208210468292,,,,,0.4134855270385742,,,,,,,,,,,,,,,,,,,,,,,,
6,9979,,,,,0.03557243570685387,,0.038234200328588486,,0.0,,0.1134105771780014,,0.9120482206344604,,0.19983774423599243,,,0.7344099283218384,1.5777506828308105,,0.7656742930412292,,0.18739326298236847,,0.5844258069992065,,,1.3506131172180176,,0.9120482206344604,,,,,0.561650812625885,,,,,,,,,,,,,,,,,,,,,,,,
6,9989,,,,,0.03222197666764259,,0.011605627834796906,,0.0,,0.09512974321842194,,1.0,,0.20019808411598206,,,0.0,0.0,,194.679931640625,,0.16945330798625946,,0.16149094700813293,,,1.0492160320281982,,1.0,,,,,0.31893885135650635,,,,,,,,,,,,,,,,,,,,,,,,
6,9999,,,,,0.11995585262775421,,0.023650823161005974,,0.0,,0.224970743060112,,0.05099847912788391,,0.20476967096328735,,,0.17686182260513306,0.022364599630236626,,0.008554874919354916,,0.17788806557655334,,0.15894939005374908,,,0.6065731048583984,,0.05099847912788391,,,,,0.5394861698150635,,,,,,,,,,,,,,,,,,,,,,,,
6,10009,,,,,0.04396694898605347,,0.017693569883704185,,0.0,,0.22160594165325165,,0.01969369873404503,,0.20669925212860107,,,0.17783091962337494,0.019697243347764015,,0.006872594356536865,,0.17455363273620605,,0.5034920573234558,,,0.5315431356430054,,0.01969369873404503,,,,,0.45644354820251465,,,,,,,,,,,,,,,,,,,,,,,,
6,10019,,,,,0.03859524428844452,,0.02898411639034748,,0.0,,0.12039254605770111,,0.9935787916183472,,0.19982407987117767,,,0.8078059554100037,1.2571057081222534,,0.7817785143852234,,0.18188528716564178,,0.5093960762023926,,,1.4799342155456543,,0.9935787916183472,,,,,0.5202410221099854,,,,,,,,,,,,,,,,,,,,,,,,
6,10029,,,,,0.039156295359134674,,0.03875451907515526,,0.0,,0.09606324136257172,,0.8007922172546387,,0.19986176490783691,,,1.4654806852340698,1.869948387145996,,0.6718060374259949,,0.17630428075790405,,0.4902450144290924,,,0.9058147072792053,,0.8007922172546387,,,,,0.5006144046783447,,,,,,,,,,,,,,,,,,,,,,,,
6,10039,,,,,0.0971192717552185,,0.02847728505730629,,0.0,,0.22229984402656555,,0.04457385092973709,,0.20210357010364532,,,0.19099567830562592,0.030357051640748978,,0.01285244058817625,,0.19552123546600342,,0.47188177704811096,,,0.5672867298126221,,0.04457385092973709,,,,,0.5384228229522705,,,,,,,,,,,,,,,,,,,,,,,,
6,10049,,,,,0.06136620044708252,,0.02686428837478161,,0.0,,0.2200479954481125,,0.011047899723052979,,0.20543332397937775,,,0.1804477423429489,0.036265015602111816,,0.014668827876448631,,0.16751940548419952,,0.16408111155033112,,,0.5079039335250854,,0.011047899723052979,,,,,0.48698949813842773,,,,,,,,,,,,,,,,,,,,,,,,
6,10059,,,,,0.040597304701805115,,0.009670129045844078,,0.0,,0.09892883896827698,,1.0,,0.20023122429847717,,,0.0,0.0,,189.26181030273438,,0.16587883234024048,,0.1933707594871521,,,1.0327253341674805,,1.0,,,,,0.3340398967266083,,,,,,,,,,,,,,,,,,,,,,,,
6,10069,,,,,0.03508743643760681,,0.018008004873991013,,0.0,,0.18487243354320526,,0.012658187188208103,,0.20452263951301575,,,0.19120381772518158,0.025037851184606552,,0.009039062075316906,,0.16824056208133698,,0.18609654903411865,,,0.5395808219909668,,0.012658187188208103,,,,,0.43554961681365967,,,,,,,,,,,,,,,,,,,,,,,,
6,10079,,,,,0.037531957030296326,,0.02368602156639099,,0.0,,0.22113609313964844,,0.014687765389680862,,0.20791757106781006,,,0.18386933207511902,0.016258878633379936,,0.01051972433924675,,0.18466274440288544,,0.4363335072994232,,,0.5770233869552612,,0.014687765389680862,,,,,0.46155714988708496,,,,,,,,,,,,,,,,,,,,,,,,
6,10089,,,,,0.14061415195465088,,0.019504398107528687,,0.0,,0.22552739083766937,,0.06467896699905396,,0.20827069878578186,,,0.1806192696094513,0.05655562877655029,,0.008680285885930061,,0.17226971685886383,,0.20212781429290771,,,0.54466712474823,,0.06467896699905396,,,,,0.5763278603553772,,,,,,,,,,,,,,,,,,,,,,,,
6,10099,,,,,0.04202648252248764,,0.05062508210539818,,0.0,,0.1265130639076233,,1.0376778841018677,,0.20041897892951965,,,1.3306076526641846,1.528585433959961,,0.851012110710144,,0.19444040954113007,,0.4417788088321686,,,1.2349605560302734,,1.0376778841018677,,,,,0.5068881511688232,,,,,,,,,,,,,,,,,,,,,,,,
6,10109,,,,,0.055998317897319794,,0.014606485143303871,,0.0,,0.10023585706949234,,1.0,,0.1999550312757492,,,0.0,0.0,,183.29275512695312,,0.17564624547958374,,0.19885993003845215,,,1.1037744283676147,,1.0,,,,,0.3446517586708069,,,,,,,,,,,,,,,,,,,,,,,,
6,10119,,,,,0.04455728083848953,,0.026532653719186783,,0.0,,0.24124188721179962,,0.016635388135910034,,0.20439565181732178,,,0.1636783927679062,0.03425076603889465,,0.007392238359898329,,0.17729318141937256,,0.5947063565254211,,,0.5598642230033875,,0.016635388135910034,,,,,0.47194963693618774,,,,,,,,,,,,,,,,,,,,,,,,
6,10129,,,,,0.08011119067668915,,0.012613441795110703,,0.0,,0.09223993867635727,,1.0,,0.20089241862297058,,,0.0,0.0,,186.95138549804688,,0.1683395504951477,,0.18745481967926025,,,0.9359725713729858,,1.0,,,,,0.3307700753211975,,,,,,,,,,,,,,,,,,,,,,,,
6,10139,,,,,0.0874079018831253,,0.018485119566321373,,0.0,,0.20929141342639923,,0.040728796273469925,,0.2079288214445114,,,0.1786426305770874,0.011790359392762184,,0.012068442068994045,,0.1690337061882019,,0.20104187726974487,,,0.464186429977417,,0.040728796273469925,,,,,0.4910281300544739,,,,,,,,,,,,,,,,,,,,,,,,
6,10149,,,,,0.049299150705337524,,0.011308984830975533,,0.0,,0.10038993507623672,,1.0,,0.20061741769313812,,,0.0,0.0,,193.18637084960938,,0.1678650677204132,,0.1710326373577118,,,0.9925920963287354,,1.0,,,,,0.3256070017814636,,,,,,,,,,,,,,,,,,,,,,,,
6,10159,,,,,0.09599799662828445,,0.020100198686122894,,0.0,,0.1927383840084076,,0.042567070573568344,,0.20372498035430908,,,0.17912407219409943,0.014040688052773476,,0.017826810479164124,,0.17677125334739685,,0.1661204844713211,,,0.5155956149101257,,0.042567070573568344,,,,,0.4981611669063568,,,,,,,,,,,,,,,,,,,,,,,,
6,10169,,,,,0.03220873698592186,,0.013897692784667015,,0.0,,0.09632677584886551,,1.0,,0.200766921043396,,,0.0,0.0,,188.2323455810547,,0.16717153787612915,,0.19693298637866974,,,0.999454140663147,,1.0,,,,,0.3375479578971863,,,,,,,,,,,,,,,,,,,,,,,,
6,10179,,,,,0.06059962883591652,,0.01966327615082264,,0.0,,0.21411603689193726,,0.013421936891973019,,0.20164142549037933,,,0.17610181868076324,0.025570379570126534,,0.007730092853307724,,0.17714980244636536,,0.42661595344543457,,,0.5285884141921997,,0.013421936891973019,,,,,0.4715860188007355,,,,,,,,,,,,,,,,,,,,,,,,
6,10189,,,,,0.036591604351997375,,0.02923969179391861,,0.0,,0.13106825947761536,,0.8924195766448975,,0.19957295060157776,,,0.8876897096633911,1.594315528869629,,0.5706431865692139,,0.17575699090957642,,0.5411529541015625,,,1.6468772888183594,,0.8924195766448975,,,,,0.5383954048156738,,,,,,,,,,,,,,,,,,,,,,,,
6,10199,,,,,0.296425461769104,,0.026112766936421394,,0.0,,0.21668687462806702,,0.13912701606750488,,0.20274487137794495,,,0.17884461581707,0.04768257215619087,,0.01620624028146267,,0.17213433980941772,,0.22284553945064545,,,0.6250581741333008,,0.13912701606750488,,,,,0.7266316413879395,,,,,,,,,,,,,,,,,,,,,,,,
6,10209,,,,,0.040865443646907806,,0.018706342205405235,,0.0,,0.20370784401893616,,0.01609823852777481,,0.2253493368625641,,,0.19417499005794525,0.029872657731175423,,0.012918330729007721,,0.16677334904670715,,0.5140008926391602,,,0.5403271913528442,,0.01609823852777481,,,,,0.4666168987751007,,,,,,,,,,,,,,,,,,,,,,,,
6,10219,,,,,0.131155326962471,,0.04374649375677109,,0.0,,0.11168627440929413,,0.8824682235717773,,0.20071692764759064,,,1.2523871660232544,1.4350848197937012,,0.87281334400177,,0.17551231384277344,,0.44463008642196655,,,0.9913241863250732,,0.8824682235717773,,,,,0.4881460666656494,,,,,,,,,,,,,,,,,,,,,,,,
6,10229,,,,,0.11237579584121704,,0.04944043606519699,,0.0,,0.12374676764011383,,1.0628063678741455,,0.19985483586788177,,,1.0512800216674805,1.1703990697860718,,0.7863491773605347,,0.2047186940908432,,0.38034963607788086,,,1.2143052816390991,,1.0628063678741455,,,,,0.4790551960468292,,,,,,,,,,,,,,,,,,,,,,,,
6,10239,,,,,0.11701536178588867,,0.01409133430570364,,0.0,,0.09528668224811554,,1.0,,0.20059099793434143,,,0.0,0.0,,193.37350463867188,,0.1736956536769867,,0.21659749746322632,,,0.9817149043083191,,1.0,,,,,0.350131094455719,,,,,,,,,,,,,,,,,,,,,,,,
6,10249,,,,,0.04144284874200821,,0.013986249454319477,,0.0,,0.09978488087654114,,1.0,,0.20106901228427887,,,0.0,0.0,,191.29403686523438,,0.16867020726203918,,0.2500994801521301,,,1.000138759613037,,1.0,,,,,0.36680492758750916,,,,,,,,,,,,,,,,,,,,,,,,
6,10259,,,,,0.07379525154829025,,0.05100592225790024,,0.0,,0.12560641765594482,,0.8713231086730957,,0.20006024837493896,,,1.1863099336624146,1.4512144327163696,,0.7357901334762573,,0.18699800968170166,,0.47668179869651794,,,1.246811866760254,,0.8713231086730957,,,,,0.5201762318611145,,,,,,,,,,,,,,,,,,,,,,,,
6,10269,,,,,0.026452047750353813,,0.026214562356472015,,0.0,,0.22519175708293915,,0.011363258585333824,,0.205921933054924,,,0.17661599814891815,0.011324378661811352,,0.012445873580873013,,0.19560658931732178,,0.17161786556243896,,,0.5660821199417114,,0.011363258585333824,,,,,0.4531126022338867,,,,,,,,,,,,,,,,,,,,,,,,
6,10279,,,,,0.03380092605948448,,0.012535055167973042,,0.0,,0.08518819510936737,,1.0,,0.2128366082906723,,,0.0,0.0,,188.24639892578125,,0.16922563314437866,,0.1362539529800415,,,0.9842756390571594,,1.0,,,,,0.3080197274684906,,,,,,,,,,,,,,,,,,,,,,,,
6,10289,,,,,0.11810889840126038,,0.027758803218603134,,0.0,,0.23915836215019226,,0.051495663821697235,,0.20877176523208618,,,0.18016891181468964,0.05144855007529259,,0.011282440274953842,,0.1848626434803009,,0.5903639793395996,,,0.544507622718811,,0.051495663821697235,,,,,0.5698345899581909,,,,,,,,,,,,,,,,,,,,,,,,
6,10299,,,,,0.03305229917168617,,0.018358958885073662,,0.0,,0.22013264894485474,,0.01399767491966486,,0.20308321714401245,,,0.17364196479320526,0.03248737007379532,,0.013509745709598064,,0.17713814973831177,,0.1834734082221985,,,0.5815430283546448,,0.01399767491966486,,,,,0.4522283375263214,,,,,,,,,,,,,,,,,,,,,,,,
6,10309,,,,,0.09820882976055145,,0.012030543759465218,,0.0,,0.09302204847335815,,1.0,,0.2006179541349411,,,0.0,0.0,,191.55911254882812,,0.1678723692893982,,0.17717036604881287,,,0.9986534118652344,,1.0,,,,,0.325356662273407,,,,,,,,,,,,,,,,,,,,,,,,
6,10319,,,,,0.05567004904150963,,0.01750672236084938,,0.0,,0.21444375813007355,,0.019584450870752335,,0.2007250040769577,,,0.17028409242630005,0.020692110061645508,,0.015057578682899475,,0.1669672727584839,,0.1914742887020111,,,0.545224666595459,,0.019584450870752335,,,,,0.45850831270217896,,,,,,,,,,,,,,,,,,,,,,,,
6,10329,,,,,0.04325561970472336,,0.012078688479959965,,0.0,,0.10520688444375992,,1.0,,0.2000834196805954,,,0.0,0.0,,189.88568115234375,,0.1697549670934677,,0.19900727272033691,,,0.9774789214134216,,1.0,,,,,0.34306561946868896,,,,,,,,,,,,,,,,,,,,,,,,
6,10339,,,,,0.03684733808040619,,0.03546464443206787,,0.0,,0.1067497730255127,,1.021539330482483,,0.20012100040912628,,,0.5966862440109253,1.9022040367126465,,0.605819821357727,,0.18292236328125,,0.5650831460952759,,,1.1052430868148804,,1.021539330482483,,,,,0.5451704263687134,,,,,,,,,,,,,,,,,,,,,,,,
6,10349,,,,,0.036685142666101456,,0.03795725107192993,,0.0,,0.1304313987493515,,1.0468358993530273,,0.19988417625427246,,,0.7126344442367554,1.5636183023452759,,0.8518631458282471,,0.18891078233718872,,0.539692223072052,,,1.1023781299591064,,1.0468358993530273,,,,,0.5484379529953003,,,,,,,,,,,,,,,,,,,,,,,,
6,10359,,,,,0.05165887996554375,,0.016196198761463165,,0.0,,0.20351672172546387,,0.018606210127472878,,0.2078731507062912,,,0.1724068969488144,0.014424324035644531,,0.007660618983209133,,0.1736772209405899,,0.5870742797851562,,,0.504506528377533,,0.018606210127472878,,,,,0.44953644275665283,,,,,,,,,,,,,,,,,,,,,,,,
6,10369,,,,,0.10376231372356415,,0.013275017030537128,,0.0,,0.08655209094285965,,1.0,,0.20065516233444214,,,0.0,0.0,,197.7923583984375,,0.1658581793308258,,0.17767685651779175,,,1.0282341241836548,,1.0,,,,,0.3220086693763733,,,,,,,,,,,,,,,,,,,,,,,,
6,10379,,,,,0.03232688456773758,,0.023067135363817215,,0.0,,0.23827557265758514,,0.014399358071386814,,0.2042037546634674,,,0.17057767510414124,0.020144185051321983,,0.011441448703408241,,0.17303815484046936,,0.5465003848075867,,,0.5597621202468872,,0.014399358071386814,,,,,0.4527008533477783,,,,,,,,,,,,,,,,,,,,,,,,
6,10389,,,,,0.030055640265345573,,0.024186592549085617,,0.0,,0.21099302172660828,,0.009748688898980618,,0.20213672518730164,,,0.16577793657779694,0.011193967424333096,,0.010882246308028698,,0.1705537885427475,,0.3810003399848938,,,0.5107881426811218,,0.009748688898980618,,,,,0.4279177784919739,,,,,,,,,,,,,,,,,,,,,,,,
6,10399,,,,,0.054595060646533966,,0.018374351784586906,,0.0,,0.20162177085876465,,0.01481129601597786,,0.20312415063381195,,,0.1728481948375702,0.026914633810520172,,0.016451219096779823,,0.17044317722320557,,0.4684116244316101,,,0.6167240142822266,,0.01481129601597786,,,,,0.459483802318573,,,,,,,,,,,,,,,,,,,,,,,,
6,10409,,,,,0.03728106617927551,,0.022389162331819534,,0.0,,0.2433444708585739,,0.010240145958960056,,0.20599351823329926,,,0.17589807510375977,0.01838298700749874,,0.014793364331126213,,0.17029669880867004,,0.5060505867004395,,,0.5567066073417664,,0.010240145958960056,,,,,0.46283018589019775,,,,,,,,,,,,,,,,,,,,,,,,
6,10419,,,,,0.03419820964336395,,0.016176845878362656,,0.0,,0.20690003037452698,,0.01149820163846016,,0.20205068588256836,,,0.16873246431350708,0.011455816216766834,,0.008915053680539131,,0.1709079146385193,,0.48035770654678345,,,0.5695458650588989,,0.01149820163846016,,,,,0.42676764726638794,,,,,,,,,,,,,,,,,,,,,,,,
6,10429,,,,,0.07960613816976547,,0.01167240273207426,,0.0,,0.10016702115535736,,1.0,,0.2002590298652649,,,0.0,0.0,,186.52647399902344,,0.16614225506782532,,0.20131997764110565,,,1.0261664390563965,,1.0,,,,,0.339780330657959,,,,,,,,,,,,,,,,,,,,,,,,
6,10439,,,,,0.027737142518162727,,0.05186402052640915,,0.0,,0.13182449340820312,,0.947602391242981,,0.2004094123840332,,,0.6798176765441895,1.9715040922164917,,0.9664592146873474,,0.1890646070241928,,0.48658791184425354,,,2.3771679401397705,,0.947602391242981,,,,,0.5298752188682556,,,,,,,,,,,,,,,,,,,,,,,,
6,10449,,,,,0.03214671462774277,,0.03792838752269745,,0.0,,0.11772904545068741,,1.0206966400146484,,0.19941970705986023,,,0.8442252278327942,2.036684513092041,,0.7132246494293213,,0.17309853434562683,,0.5512049198150635,,,1.4296903610229492,,1.0206966400146484,,,,,0.5396903157234192,,,,,,,,,,,,,,,,,,,,,,,,
6,10459,,,,,0.036467552185058594,,0.010255919769406319,,0.0,,0.089655801653862,,1.0,,0.20057624578475952,,,0.0,0.0,,199.64239501953125,,0.16980735957622528,,0.2192859649658203,,,1.018888235092163,,1.0,,,,,0.34479063749313354,,,,,,,,,,,,,,,,,,,,,,,,
6,10469,,,,,0.07375486940145493,,0.04581516981124878,,0.0,,0.118628591299057,,0.8658022880554199,,0.1994773894548416,,,0.764957070350647,1.9836513996124268,,0.9266673922538757,,0.1782848834991455,,0.46699434518814087,,,0.9111605882644653,,0.8658022880554199,,,,,0.5046001672744751,,,,,,,,,,,,,,,,,,,,,,,,
6,10479,,,,,0.06823751330375671,,0.0118616484105587,,0.0,,0.11672210693359375,,1.0,,0.20105385780334473,,,0.0,0.0,,188.7451629638672,,0.16878914833068848,,0.1817714124917984,,,1.0004820823669434,,1.0,,,,,0.3400990962982178,,,,,,,,,,,,,,,,,,,,,,,,
6,10489,,,,,0.055699847638607025,,0.02214992418885231,,0.0,,0.21880720555782318,,0.02066977694630623,,0.20165811479091644,,,0.17648452520370483,0.016311241313815117,,0.007389376871287823,,0.17206153273582458,,0.16697999835014343,,,0.5265737771987915,,0.02066977694630623,,,,,0.46313080191612244,,,,,,,,,,,,,,,,,,,,,,,,
6,10499,,,,,0.02015698328614235,,0.01709558069705963,,0.0,,0.20130309462547302,,0.007444765418767929,,0.20068220794200897,,,0.14737489819526672,0.009455625899136066,,0.0053923046216368675,,0.16379696130752563,,0.17032364010810852,,,0.5157933235168457,,0.007444765418767929,,,,,0.39270734786987305,,,,,,,,,,,,,,,,,,,,,,,,
6,10509,,,,,0.08079078793525696,,0.029465235769748688,,0.0,,0.1220659613609314,,1.1406159400939941,,0.1997653841972351,,,0.9735962152481079,1.8569951057434082,,1.2022905349731445,,0.1837579905986786,,0.5137317776679993,,,1.1520650386810303,,1.1406159400939941,,,,,0.5243932008743286,,,,,,,,,,,,,,,,,,,,,,,,
6,10519,,,,,0.035304564982652664,,0.016419805586338043,,0.0,,0.20034098625183105,,0.014611801132559776,,0.20305508375167847,,,0.16742554306983948,0.03427828848361969,,0.00801866129040718,,0.16848549246788025,,0.45516860485076904,,,0.5450416803359985,,0.014611801132559776,,,,,0.434316486120224,,,,,,,,,,,,,,,,,,,,,,,,
6,10529,,,,,0.03626202791929245,,0.023580685257911682,,0.0,,0.21298593282699585,,0.011638580821454525,,0.20718134939670563,,,0.1735765039920807,0.04420052468776703,,0.011408472433686256,,0.17642022669315338,,0.4112943410873413,,,0.5190763473510742,,0.011638580821454525,,,,,0.46093887090682983,,,,,,,,,,,,,,,,,,,,,,,,
6,10539,,,,,0.03416971117258072,,0.015089837834239006,,0.0,,0.09715031087398529,,1.0,,0.2007414847612381,,,0.0,0.0,,190.97998046875,,0.16460448503494263,,0.1452280580997467,,,0.9940235018730164,,1.0,,,,,0.31140708923339844,,,,,,,,,,,,,,,,,,,,,,,,
6,10549,,,,,0.09768278896808624,,0.013795576989650726,,0.0,,0.20005978643894196,,0.03959071636199951,,0.2122691571712494,,,0.1683686375617981,0.014930415898561478,,0.006202807649970055,,0.16702169179916382,,0.45337554812431335,,,0.5303693413734436,,0.03959071636199951,,,,,0.48900681734085083,,,,,,,,,,,,,,,,,,,,,,,,
6,10559,,,,,0.051962658762931824,,0.01810520887374878,,0.0,,0.2165771722793579,,0.011268028058111668,,0.203523650765419,,,0.17257317900657654,0.043436627835035324,,0.013276433572173119,,0.17090289294719696,,0.5608693957328796,,,0.5609087944030762,,0.011268028058111668,,,,,0.47116029262542725,,,,,,,,,,,,,,,,,,,,,,,,
6,10569,,,,,0.023760002106428146,,0.025555353611707687,,0.0,,0.22705860435962677,,0.009668282233178616,,0.20440447330474854,,,0.16250291466712952,0.025805432349443436,,0.009678075090050697,,0.17956648766994476,,0.45030277967453003,,,0.5405213832855225,,0.009668282233178616,,,,,0.4410456120967865,,,,,,,,,,,,,,,,,,,,,,,,
6,10579,,,,,0.043945152312517166,,0.013417253270745277,,0.0,,0.08679868280887604,,1.0,,0.20026735961437225,,,0.0,0.0,,189.09979248046875,,0.1686427891254425,,0.16071072220802307,,,1.0199353694915771,,1.0,,,,,0.3149183988571167,,,,,,,,,,,,,,,,,,,,,,,,
6,10589,,,,,0.046124912798404694,,0.024577215313911438,,0.0,,0.23824824392795563,,0.01659429259598255,,0.20411016047000885,,,0.1752481907606125,0.043322477489709854,,0.008727684617042542,,0.16293852031230927,,0.20337803661823273,,,0.5968155860900879,,0.01659429259598255,,,,,0.474711149930954,,,,,,,,,,,,,,,,,,,,,,,,
6,10599,,,,,0.032137416303157806,,0.010012266226112843,,0.0,,0.08836013078689575,,1.0,,0.20047079026699066,,,0.0,0.0,,193.18270874023438,,0.164566770195961,,0.14849211275577545,,,1.0279161930084229,,1.0,,,,,0.3059510290622711,,,,,,,,,,,,,,,,,,,,,,,,
6,10609,,,,,0.041928283870220184,,0.04353504627943039,,0.0,,0.1421004831790924,,0.9544904232025146,,0.20063187181949615,,,0.7833521366119385,1.7191003561019897,,1.2263661623001099,,0.18052786588668823,,0.428386926651001,,,0.8359071612358093,,0.9544904232025146,,,,,0.497591108083725,,,,,,,,,,,,,,,,,,,,,,,,
6,10619,,,,,0.024983348324894905,,0.0234830379486084,,0.0,,0.19835755228996277,,0.006722353398799896,,0.20315589010715485,,,0.16718021035194397,0.013174441643059254,,0.007919242605566978,,0.17364102602005005,,0.16770412027835846,,,0.5560725331306458,,0.006722353398799896,,,,,0.41843903064727783,,,,,,,,,,,,,,,,,,,,,,,,
6,10629,,,,,0.018877822905778885,,0.024244632571935654,,0.0,,0.21789748966693878,,0.008035329170525074,,0.20035278797149658,,,0.16370612382888794,0.010859744623303413,,0.00909479521214962,,0.1685325801372528,,0.13835272192955017,,,0.5245469808578491,,0.008035329170525074,,,,,0.41622188687324524,,,,,,,,,,,,,,,,,,,,,,,,
6,10639,,,,,0.029578298330307007,,0.021788880228996277,,0.0,,0.2310449630022049,,0.01098889485001564,,0.20217983424663544,,,0.15841756761074066,0.017485549673438072,,0.006199303548783064,,0.1681821644306183,,0.615347146987915,,,0.5423539280891418,,0.01098889485001564,,,,,0.4322274625301361,,,,,,,,,,,,,,,,,,,,,,,,
6,10649,,,,,0.026749297976493835,,0.017864612862467766,,0.0,,0.2191500961780548,,0.008784540928900242,,0.20207354426383972,,,0.1778545379638672,0.012906662188470364,,0.0060026990249753,,0.1702173948287964,,0.17526346445083618,,,0.5125007629394531,,0.008784540928900242,,,,,0.42978405952453613,,,,,,,,,,,,,,,,,,,,,,,,
6,10659,,,,,0.03425523638725281,,0.009941218420863152,,0.0,,0.09464415907859802,,1.0,,0.2002829611301422,,,0.0,0.0,,193.9388885498047,,0.16410788893699646,,0.1732284426689148,,,1.0312256813049316,,1.0,,,,,0.3211023211479187,,,,,,,,,,,,,,,,,,,,,,,,
6,10669,,,,,0.03219998627901077,,0.011772368103265762,,0.0,,0.09716758131980896,,1.0,,0.19965142011642456,,,0.0,0.0,,190.6853485107422,,0.16890233755111694,,0.1804915815591812,,,1.00307035446167,,1.0,,,,,0.328992635011673,,,,,,,,,,,,,,,,,,,,,,,,
6,10679,,,,,0.08952151983976364,,0.014277300797402859,,0.0,,0.1027342677116394,,1.0,,0.1997038573026657,,,0.0,0.0,,197.62689208984375,,0.17484807968139648,,0.17400136590003967,,,1.0505244731903076,,1.0,,,,,0.33278244733810425,,,,,,,,,,,,,,,,,,,,,,,,
6,10689,,,,,0.017708078026771545,,0.01564006879925728,,0.0,,0.21145817637443542,,0.008006291463971138,,0.20542138814926147,,,0.1810322105884552,0.010630859062075615,,0.007848875597119331,,0.15995922684669495,,0.17787837982177734,,,0.5538640022277832,,0.008006291463971138,,,,,0.41370344161987305,,,,,,,,,,,,,,,,,,,,,,,,
6,10699,,,,,0.03407964110374451,,0.036893680691719055,,0.0,,0.1074569821357727,,0.9404650926589966,,0.19992999732494354,,,0.5574519038200378,1.5173051357269287,,0.6994444131851196,,0.17501182854175568,,0.4443942606449127,,,1.0873920917510986,,0.9404650926589966,,,,,0.48184335231781006,,,,,,,,,,,,,,,,,,,,,,,,
6,10709,,,,,0.026112299412488937,,0.018911706283688545,,0.0,,0.2072339802980423,,0.010509239509701729,,0.20140719413757324,,,0.1699047088623047,0.010871019214391708,,0.010104851797223091,,0.16627171635627747,,0.529159665107727,,,0.5877074003219604,,0.010509239509701729,,,,,0.41846486926078796,,,,,,,,,,,,,,,,,,,,,,,,
6,10719,,,,,0.032914143055677414,,0.010538375005126,,0.0,,0.1792709231376648,,0.013202066533267498,,0.20018711686134338,,,0.16284145414829254,0.01733442395925522,,0.0038571772165596485,,0.16552510857582092,,0.44171345233917236,,,0.511881947517395,,0.013202066533267498,,,,,0.40269139409065247,,,,,,,,,,,,,,,,,,,,,,,,
6,10729,,,,,0.028558246791362762,,0.02254970371723175,,0.0,,0.20245923101902008,,0.011003702878952026,,0.20147883892059326,,,0.18780693411827087,0.02071181684732437,,0.006302877329289913,,0.1718357652425766,,0.15422755479812622,,,0.5562605261802673,,0.011003702878952026,,,,,0.4351308345794678,,,,,,,,,,,,,,,,,,,,,,,,
6,10739,,,,,0.02061157114803791,,0.03211408853530884,,0.0,,0.12835833430290222,,1.1171472072601318,,0.19983278214931488,,,0.7600916028022766,1.8617675304412842,,1.2817635536193848,,0.18216046690940857,,0.4348124861717224,,,0.890483021736145,,1.1171472072601318,,,,,0.48863908648490906,,,,,,,,,,,,,,,,,,,,,,,,
6,10749,,,,,0.05020291730761528,,0.02278020605444908,,0.0,,0.20945772528648376,,0.02176664024591446,,0.20380981266498566,,,0.17622941732406616,0.009064550511538982,,0.008028531447052956,,0.18177732825279236,,0.140838623046875,,,0.4953235983848572,,0.02176664024591446,,,,,0.4557766914367676,,,,,,,,,,,,,,,,,,,,,,,,
6,10759,,,,,0.02521723508834839,,0.02543497271835804,,0.0,,0.19986334443092346,,0.009189941920340061,,0.2020031213760376,,,0.16470208764076233,0.02248118817806244,,0.012596170417964458,,0.18137523531913757,,0.46782588958740234,,,0.5745854377746582,,0.009189941920340061,,,,,0.4294453263282776,,,,,,,,,,,,,,,,,,,,,,,,
6,10769,,,,,0.04251956194639206,,0.023678172379732132,,0.0,,0.18972523510456085,,0.011210232973098755,,0.20250919461250305,,,0.17093293368816376,0.013650558888912201,,0.010273708961904049,,0.16854888200759888,,0.2083786278963089,,,0.5861743688583374,,0.011210232973098755,,,,,0.43217888474464417,,,,,,,,,,,,,,,,,,,,,,,,
6,10779,,,,,0.034959081560373306,,0.016090115532279015,,0.0,,0.18170815706253052,,0.008141027763485909,,0.20599722862243652,,,0.1627863645553589,0.02588917501270771,,0.008421885780990124,,0.17060168087482452,,0.4743933081626892,,,0.5200865864753723,,0.008141027763485909,,,,,0.4207063913345337,,,,,,,,,,,,,,,,,,,,,,,,
6,10789,,,,,0.03300220146775246,,0.015465356409549713,,0.0,,0.19984543323516846,,0.007664941251277924,,0.20331868529319763,,,0.16930976510047913,0.0518646202981472,,0.00643771979957819,,0.17067892849445343,,0.4584238827228546,,,0.5020131468772888,,0.007664941251277924,,,,,0.4414624571800232,,,,,,,,,,,,,,,,,,,,,,,,
6,10799,,,,,0.01519022136926651,,0.022732846438884735,,0.0,,0.20611532032489777,,0.005385958589613438,,0.20044168829917908,,,0.16523495316505432,0.010817527770996094,,0.009233624674379826,,0.16603174805641174,,0.44726115465164185,,,0.5320694446563721,,0.005385958589613438,,,,,0.4054941236972809,,,,,,,,,,,,,,,,,,,,,,,,
6,10809,,,,,0.04408939927816391,,0.042809732258319855,,0.0,,0.10133863985538483,,1.1053308248519897,,0.19949589669704437,,,0.9727238416671753,3.2501983642578125,,0.5849131345748901,,0.194000244140625,,0.4136124551296234,,,1.289179801940918,,1.1053308248519897,,,,,0.47562849521636963,,,,,,,,,,,,,,,,,,,,,,,,
6,10819,,,,,0.026816751807928085,,0.033935777842998505,,0.0,,0.11028409004211426,,0.7616075277328491,,0.19979959726333618,,,0.6748127937316895,1.8297510147094727,,0.9706317782402039,,0.17974413931369781,,0.45851725339889526,,,1.051041603088379,,0.7616075277328491,,,,,0.4911404252052307,,,,,,,,,,,,,,,,,,,,,,,,
6,10829,,,,,0.0830216258764267,,0.049023546278476715,,0.0,,0.12162338197231293,,1.021693229675293,,0.19953055679798126,,,0.5496877431869507,1.9367375373840332,,0.9140025973320007,,0.19075524806976318,,0.3712729811668396,,,1.3176802396774292,,1.021693229675293,,,,,0.46610286831855774,,,,,,,,,,,,,,,,,,,,,,,,
6,10839,,,,,0.0926608294248581,,0.025708306580781937,,0.0,,0.22082659602165222,,0.04312978684902191,,0.2041480541229248,,,0.16368211805820465,0.008405571803450584,,0.008178463205695152,,0.1746792495250702,,0.1976798176765442,,,0.568716287612915,,0.04312978684902191,,,,,0.49547499418258667,,,,,,,,,,,,,,,,,,,,,,,,
6,10849,,,,,0.018391156569123268,,0.0397224947810173,,0.0,,0.10838466882705688,,0.9493989944458008,,0.19955453276634216,,,0.7985271215438843,1.617719054222107,,0.8019310832023621,,0.17814619839191437,,0.37135884165763855,,,1.0485007762908936,,0.9493989944458008,,,,,0.44858336448669434,,,,,,,,,,,,,,,,,,,,,,,,
6,10859,,,,,0.0630171149969101,,0.011730838567018509,,0.0,,0.08242437243461609,,1.0,,0.20026808977127075,,,0.0,0.0,,194.10018920898438,,0.1644873172044754,,0.19915148615837097,,,1.008439064025879,,1.0,,,,,0.3290310502052307,,,,,,,,,,,,,,,,,,,,,,,,
6,10869,,,,,0.034226372838020325,,0.010921964421868324,,0.0,,0.07937988638877869,,1.0,,0.20113259553909302,,,0.0,0.0,,187.05776977539062,,0.16464973986148834,,0.1427270621061325,,,1.060204029083252,,1.0,,,,,0.29940563440322876,,,,,,,,,,,,,,,,,,,,,,,,
6,10879,,,,,0.09710542857646942,,0.04238433018326759,,0.0,,0.12821891903877258,,0.868535041809082,,0.19939148426055908,,,0.5912805199623108,1.4848320484161377,,0.9843131899833679,,0.1888883113861084,,0.3979182243347168,,,1.113842248916626,,0.868535041809082,,,,,0.47840064764022827,,,,,,,,,,,,,,,,,,,,,,,,
6,10889,,,,,0.026293057948350906,,0.03570087254047394,,0.0,,0.1177598237991333,,1.0187323093414307,,0.1999988704919815,,,0.7698367238044739,1.6741943359375,,1.0201170444488525,,0.16875098645687103,,0.3453781008720398,,,0.915044903755188,,1.0187323093414307,,,,,0.4337943196296692,,,,,,,,,,,,,,,,,,,,,,,,
6,10899,,,,,0.02412404492497444,,0.010365349240601063,,0.0,,0.09537486732006073,,1.0,,0.20014429092407227,,,0.0,0.0,,189.8324432373047,,0.16721540689468384,,0.18851742148399353,,,0.9851146936416626,,1.0,,,,,0.3308086693286896,,,,,,,,,,,,,,,,,,,,,,,,
6,10909,,,,,0.031725428998470306,,0.017654065042734146,,0.0,,0.22554422914981842,,0.011619653552770615,,0.2036292403936386,,,0.1666748821735382,0.015023721382021904,,0.00715214665979147,,0.1699243187904358,,0.2635481357574463,,,0.4853169322013855,,0.011619653552770615,,,,,0.4345267117023468,,,,,,,,,,,,,,,,,,,,,,,,
6,10919,,,,,0.16008810698986053,,0.009768613614141941,,0.0,,0.10546202957630157,,1.0,,0.20041650533676147,,,0.0,0.0,,187.73007202148438,,0.1639588475227356,,0.19345581531524658,,,0.9729523658752441,,1.0,,,,,0.3365308940410614,,,,,,,,,,,,,,,,,,,,,,,,
6,10929,,,,,0.02727467752993107,,0.025652028620243073,,0.0,,0.21639853715896606,,0.009305864572525024,,0.20534823834896088,,,0.16590054333209991,0.01944464072585106,,0.008445445448160172,,0.17103156447410583,,0.14063329994678497,,,0.40726783871650696,,0.009305864572525024,,,,,0.4333851635456085,,,,,,,,,,,,,,,,,,,,,,,,
6,10939,,,,,0.08484956622123718,,0.016271453350782394,,0.0,,0.09721378982067108,,1.0,,0.20062190294265747,,,0.0,0.0,,199.66563415527344,,0.1676245927810669,,0.17119252681732178,,,1.0171194076538086,,1.0,,,,,0.32646214962005615,,,,,,,,,,,,,,,,,,,,,,,,
6,10949,,,,,0.045677654445171356,,0.01442626677453518,,0.0,,0.0991869792342186,,1.0,,0.20172470808029175,,,0.0,0.0,,184.97544860839844,,0.1701018214225769,,0.22254161536693573,,,1.024283528327942,,1.0,,,,,0.35399070382118225,,,,,,,,,,,,,,,,,,,,,,,,
6,10959,,,,,0.08496233820915222,,0.009458305314183235,,0.0,,0.07824652642011642,,1.0,,0.2005721926689148,,,0.0,0.0,,187.85958862304688,,0.16970226168632507,,0.21213015913963318,,,1.0148528814315796,,1.0,,,,,0.3350547254085541,,,,,,,,,,,,,,,,,,,,,,,,
6,10969,,,,,0.04783079773187637,,0.026320815086364746,,0.0,,0.22083288431167603,,0.011212335899472237,,0.20560111105442047,,,0.187371626496315,0.022007932886481285,,0.015304493717849255,,0.18058368563652039,,0.5133564472198486,,,0.5843865871429443,,0.011212335899472237,,,,,0.47684207558631897,,,,,,,,,,,,,,,,,,,,,,,,
6,10979,,,,,0.035904765129089355,,0.05459193140268326,,0.0,,0.12831270694732666,,1.0194507837295532,,0.19962888956069946,,,1.0407030582427979,2.5765228271484375,,1.113163709640503,,0.23309606313705444,,0.5430465340614319,,,1.560793161392212,,1.0194507837295532,,,,,0.5793380737304688,,,,,,,,,,,,,,,,,,,,,,,,
6,10989,,,,,0.169106587767601,,0.027485476806759834,,0.0,,0.20640236139297485,,0.07705435156822205,,0.2059197723865509,,,0.1693904846906662,0.020258963108062744,,0.020938199013471603,,0.17993126809597015,,0.49173814058303833,,,0.5341251492500305,,0.07705435156822205,,,,,0.5842698812484741,,,,,,,,,,,,,,,,,,,,,,,,
6,10999,,,,,0.10216544568538666,,0.01811971515417099,,0.0,,0.20025447010993958,,0.0439893901348114,,0.2070685625076294,,,0.17030352354049683,0.013971197418868542,,0.007043465506285429,,0.18815003335475922,,0.5444134473800659,,,0.5132552981376648,,0.0439893901348114,,,,,0.5046209096908569,,,,,,,,,,,,,,,,,,,,,,,,
6,11009,,,,,0.03759794309735298,,0.01026523020118475,,0.0,,0.08504188060760498,,1.0,,0.2006160467863083,,,0.0,0.0,,180.91232299804688,,0.17705872654914856,,0.16822229325771332,,,1.0282822847366333,,1.0,,,,,0.32060208916664124,,,,,,,,,,,,,,,,,,,,,,,,
6,11019,,,,,0.043508294969797134,,0.019961850717663765,,0.0,,0.1959824562072754,,0.01972930133342743,,0.2006922960281372,,,0.16694055497646332,0.024198204278945923,,0.011693073436617851,,0.1734730303287506,,0.4746227562427521,,,0.5119868516921997,,0.01972930133342743,,,,,0.43997901678085327,,,,,,,,,,,,,,,,,,,,,,,,
6,11029,,,,,0.08430041372776031,,0.00965127907693386,,0.0,,0.09912078827619553,,1.0,,0.19989031553268433,,,0.0,0.0,,187.42379760742188,,0.16872341930866241,,0.19128470122814178,,,1.0369387865066528,,1.0,,,,,0.33433523774147034,,,,,,,,,,,,,,,,,,,,,,,,
6,11039,,,,,0.03835053741931915,,0.010655594058334827,,0.0,,0.1171419769525528,,1.0,,0.2007053941488266,,,0.0,0.0,,186.19503784179688,,0.1695290207862854,,0.17914587259292603,,,0.994857668876648,,1.0,,,,,0.3385889232158661,,,,,,,,,,,,,,,,,,,,,,,,
6,11049,,,,,0.09050452709197998,,0.020936381071805954,,0.0,,0.19567041099071503,,0.04320324957370758,,0.20102858543395996,,,0.1603468507528305,0.020645637065172195,,0.008181603625416756,,0.16474968194961548,,0.15210875868797302,,,0.548466145992279,,0.04320324957370758,,,,,0.47628411650657654,,,,,,,,,,,,,,,,,,,,,,,,
6,11059,,,,,0.08310475200414658,,0.02161301299929619,,0.0,,0.20959751307964325,,0.03767213225364685,,0.20057737827301025,,,0.15619078278541565,0.012928585521876812,,0.009409862570464611,,0.17183351516723633,,0.5207214951515198,,,0.552125871181488,,0.03767213225364685,,,,,0.47418007254600525,,,,,,,,,,,,,,,,,,,,,,,,
6,11069,,,,,0.023938756436109543,,0.036008693277835846,,0.0,,0.1107235997915268,,1.0133275985717773,,0.1993074268102646,,,0.6142129898071289,2.634671926498413,,0.9307832717895508,,0.18522794544696808,,0.45134979486465454,,,0.9219084978103638,,1.0133275985717773,,,,,0.49130871891975403,,,,,,,,,,,,,,,,,,,,,,,,
6,11079,,,,,0.1506190448999405,,0.020990828052163124,,0.0,,0.1977219432592392,,0.06359022110700607,,0.20293086767196655,,,0.16944323480129242,0.013290833681821823,,0.007434937171638012,,0.1754809468984604,,0.17919719219207764,,,0.5375574827194214,,0.06359022110700607,,,,,0.544265866279602,,,,,,,,,,,,,,,,,,,,,,,,
6,11089,,,,,0.027310950681567192,,0.01290144957602024,,0.0,,0.09772602468729019,,1.0,,0.20092682540416718,,,0.0,0.0,,184.4010009765625,,0.16634118556976318,,0.17704448103904724,,,0.9877078533172607,,1.0,,,,,0.32747000455856323,,,,,,,,,,,,,,,,,,,,,,,,
6,11099,,,,,0.061767250299453735,,0.010655909776687622,,0.0,,0.10940539836883545,,1.0,,0.20077142119407654,,,0.0,0.0,,189.33724975585938,,0.16702476143836975,,0.18881937861442566,,,0.9717940092086792,,1.0,,,,,0.3383384346961975,,,,,,,,,,,,,,,,,,,,,,,,
6,11109,,,,,0.03909061476588249,,0.011510340496897697,,0.0,,0.0816209688782692,,1.0,,0.1999599039554596,,,0.0,0.0,,192.95028686523438,,0.16584709286689758,,0.15599161386489868,,,1.0375274419784546,,1.0,,,,,0.30746495723724365,,,,,,,,,,,,,,,,,,,,,,,,
6,11119,,,,,0.020191414281725883,,0.012348374351859093,,0.0,,0.09304679930210114,,1.0,,0.2002420425415039,,,0.0,0.0,,182.1450653076172,,0.16696837544441223,,0.1710129678249359,,,1.0085163116455078,,1.0,,,,,0.3218092918395996,,,,,,,,,,,,,,,,,,,,,,,,
6,11129,,,,,0.02086850441992283,,0.023714276030659676,,0.0,,0.4929291605949402,,1.0,,0.20089775323867798,,,0.0,0.0,,0.34451180696487427,,0.18674178421497345,,0.5586034059524536,,,1.1018431186676025,,1.0,,,,,0.7314431667327881,,,,,,,,,,,,,,,,,,,,,,,,
6,11139,,,,,0.036738209426403046,,0.04581461101770401,,0.0,,0.1421288251876831,,0.9965002536773682,,0.19942370057106018,,,0.7606943845748901,2.341282606124878,,0.7376564741134644,,0.19186373054981232,,0.42782557010650635,,,1.173949956893921,,0.9965002536773682,,,,,0.5035282373428345,,,,,,,,,,,,,,,,,,,,,,,,
6,11149,,,,,0.058334022760391235,,0.029543140903115273,,0.0,,0.24147675931453705,,0.009981468319892883,,0.2020961344242096,,,0.17377185821533203,0.03402034938335419,,0.014587163925170898,,0.17958949506282806,,0.1705116331577301,,,0.6032230854034424,,0.009981468319892883,,,,,0.4958764910697937,,,,,,,,,,,,,,,,,,,,,,,,
6,11159,,,,,0.04399822652339935,,0.012102006934583187,,0.0,,0.09846339374780655,,1.0,,0.2005111128091812,,,0.0,0.0,,191.595458984375,,0.16520603001117706,,0.19782918691635132,,,0.9924678206443787,,1.0,,,,,0.33705586194992065,,,,,,,,,,,,,,,,,,,,,,,,
6,11164,,,,,,,,,,,,,,,,,,,,,,,,,,,,,,,,,,,,,,0.6052592992782593,0.25576892495155334,0.0797116681933403,0.09339863061904907,0.06877032667398453,0.0,0.32587099075317383,0.3605569899082184,0.3098808825016022,0.48477891087532043,0.2574426829814911,13.572635650634766,0.2815048098564148,0.48192206025123596,0.8333898782730103,0.25184568762779236,0.3605569899082184,0.6611647009849548,0.7584929466247559,0.4527840316295624,1.3803807497024536,1.5132168531417847
6,11164,0.02182728238403797,0.057636480778455734,0.011157525703310966,0.0188290998339653,,0.0240628719329834,,0.0,,0.16517427563667297,,0.47928738594055176,,0.2027873992919922,,0.399909645318985,0.2727808952331543,,,44.27262878417969,,0.17647439241409302,,0.33572232723236084,,0.8027533292770386,0.47600388526916504,,0.47928738594055176,,0.5116004347801208,0.5979841351509094,0.33479371666908264,0.44976115226745605,,0.49888449907302856,0.4682040512561798,,,,,,,,,,,,,,,,,,,,,,
7,11169,,,,,0.0507504902780056,,0.01880021020770073,,0.0,,0.19625845551490784,,0.015605862252414227,,0.20325875282287598,,,0.16116535663604736,0.016204699873924255,,0.015535379759967327,,0.17468973994255066,,0.4768233895301819,,,0.5869101285934448,,0.015605862252414227,,,,,0.44370678067207336,,,,,,,,,,,,,,,,,,,,,,,,
7,11179,,,,,0.029162153601646423,,0.01971663534641266,,0.0,,0.19359762966632843,,0.009726325049996376,,0.20805244147777557,,,0.1691228598356247,0.019635824486613274,,0.009441814385354519,,0.1727590262889862,,0.42391645908355713,,,0.4933292269706726,,0.009726325049996376,,,,,0.42532527446746826,,,,,,,,,,,,,,,,,,,,,,,,
7,11189,,,,,0.03887729346752167,,0.023303871974349022,,0.0,,0.19941574335098267,,0.011773251928389072,,0.20477041602134705,,,0.17520080506801605,0.018625160679221153,,0.014989284798502922,,0.17010678350925446,,0.14030051231384277,,,0.5689324140548706,,0.011773251928389072,,,,,0.44208329916000366,,,,,,,,,,,,,,,,,,,,,,,,
7,11199,,,,,0.027026468887925148,,0.011606183834373951,,0.0,,0.0867309421300888,,1.0,,0.19969266653060913,,,0.0,0.0,,183.70916748046875,,0.1744260936975479,,0.25203999876976013,,,0.9881893396377563,,1.0,,,,,0.36224794387817383,,,,,,,,,,,,,,,,,,,,,,,,
7,11209,,,,,0.03675637021660805,,0.037498850375413895,,0.0,,0.12939049303531647,,0.8815499544143677,,0.19956228137016296,,,0.5803235173225403,1.8049472570419312,,0.8217675089836121,,0.1981685757637024,,0.5529376268386841,,,1.5037248134613037,,0.8815499544143677,,,,,0.5587788820266724,,,,,,,,,,,,,,,,,,,,,,,,
7,11219,,,,,0.08719580620527267,,0.047625698149204254,,0.0,,0.1306317150592804,,0.9358648061752319,,0.19992755353450775,,,0.7966068983078003,2.2086703777313232,,0.8463751673698425,,0.1883866786956787,,0.4816480875015259,,,0.9582971334457397,,0.9358648061752319,,,,,0.5241098403930664,,,,,,,,,,,,,,,,,,,,,,,,
7,11229,,,,,0.02194494754076004,,0.009806886315345764,,0.0,,0.09930411726236343,,1.0,,0.20023322105407715,,,0.0,0.0,,189.3394012451172,,0.16835808753967285,,0.1531352996826172,,,1.034304141998291,,1.0,,,,,0.3154188096523285,,,,,,,,,,,,,,,,,,,,,,,,
7,11239,,,,,0.028812292963266373,,0.018789608031511307,,0.0,,0.20730309188365936,,0.007050907239317894,,0.20158830285072327,,,0.17156890034675598,0.03295503184199333,,0.006069534458220005,,0.16869354248046875,,0.36234933137893677,,,0.47967785596847534,,0.007050907239317894,,,,,0.4322963356971741,,,,,,,,,,,,,,,,,,,,,,,,
7,11249,,,,,0.03032493218779564,,0.022238709032535553,,0.0,,0.232574462890625,,0.009616948664188385,,0.20108124613761902,,,0.15620629489421844,0.01873987913131714,,0.00780130922794342,,0.17784211039543152,,0.5572013258934021,,,0.5769110321998596,,0.009616948664188385,,,,,0.4385669231414795,,,,,,,,,,,,,,,,,,,,,,,,
7,11259,,,,,0.02719452604651451,,0.017686478793621063,,0.0,,0.20167036354541779,,0.011247152462601662,,0.20143185555934906,,,0.16745679080486298,0.009337397292256355,,0.007404258009046316,,0.16620749235153198,,0.33099907636642456,,,0.5132009983062744,,0.011247152462601662,,,,,0.4127918779850006,,,,,,,,,,,,,,,,,,,,,,,,
7,11269,,,,,0.047634050250053406,,0.04445537552237511,,0.0,,0.10562140494585037,,0.8545492887496948,,0.19954761862754822,,,0.6200564503669739,2.532839059829712,,0.791181743144989,,0.1832142174243927,,0.4462733864784241,,,1.5201776027679443,,0.8545492887496948,,,,,0.4895559847354889,,,,,,,,,,,,,,,,,,,,,,,,
7,11279,,,,,0.032809510827064514,,0.02224845439195633,,0.0,,0.18655219674110413,,0.011233114637434483,,0.20061352849006653,,,0.1686219424009323,0.030982371419668198,,0.005127569194883108,,0.1712452918291092,,0.4056825637817383,,,0.5434914827346802,,0.011233114637434483,,,,,0.42550522089004517,,,,,,,,,,,,,,,,,,,,,,,,
7,11289,,,,,0.020799677819013596,,0.011249094270169735,,0.0,,0.08344557881355286,,1.0,,0.20015476644039154,,,0.0,0.0,,186.378173828125,,0.16529810428619385,,0.16104425489902496,,,0.9992286562919617,,1.0,,,,,0.31059589982032776,,,,,,,,,,,,,,,,,,,,,,,,
7,11299,,,,,0.025418750941753387,,0.026655565947294235,,0.0,,0.2614215314388275,,1.0,,0.20082591474056244,,,0.0,0.0,,0.2917235791683197,,0.19220227003097534,,0.5470792055130005,,,1.135849952697754,,1.0,,,,,0.614092230796814,,,,,,,,,,,,,,,,,,,,,,,,
7,11309,,,,,0.034064341336488724,,0.03784932196140289,,0.0,,0.10192877054214478,,1.0107388496398926,,0.1997508406639099,,,0.5901689529418945,2.270139694213867,,0.8928911089897156,,0.178993821144104,,0.5319169759750366,,,1.5600725412368774,,1.0107388496398926,,,,,0.5252198576927185,,,,,,,,,,,,,,,,,,,,,,,,
7,11319,,,,,0.039537154138088226,,0.048179689794778824,,0.0,,0.11985787004232407,,1.089927315711975,,0.19974365830421448,,,0.4914326071739197,1.8041471242904663,,1.0932064056396484,,0.18348409235477448,,0.5899447202682495,,,1.1976666450500488,,1.089927315711975,,,,,0.5706050395965576,,,,,,,,,,,,,,,,,,,,,,,,
7,11329,,,,,0.03676580265164375,,0.040939077734947205,,0.0,,0.11824009567499161,,0.9527926445007324,,0.19975100457668304,,,0.7886598110198975,2.2077460289001465,,0.6546194553375244,,0.18635672330856323,,0.5103383660316467,,,0.9806081056594849,,0.9527926445007324,,,,,0.5278126001358032,,,,,,,,,,,,,,,,,,,,,,,,
7,11339,,,,,0.02797108143568039,,0.010519119910895824,,0.0,,0.10214653611183167,,1.0,,0.2006220668554306,,,0.0,0.0,,188.1544647216797,,0.16972558200359344,,0.17874284088611603,,,0.9926319122314453,,1.0,,,,,0.33087804913520813,,,,,,,,,,,,,,,,,,,,,,,,
7,11349,,,,,0.0952892005443573,,0.019000042229890823,,0.0,,0.19684411585330963,,0.04042580723762512,,0.20216745138168335,,,0.16861657798290253,0.017397483810782433,,0.010061506181955338,,0.16725122928619385,,0.23618215322494507,,,0.5600972175598145,,0.04042580723762512,,,,,0.48595839738845825,,,,,,,,,,,,,,,,,,,,,,,,
7,11359,,,,,0.14917892217636108,,0.011350920423865318,,0.0,,0.0776333138346672,,1.0,,0.19984708726406097,,,0.0,0.0,,190.2251434326172,,0.17197680473327637,,0.14140382409095764,,,0.982707142829895,,1.0,,,,,0.30110597610473633,,,,,,,,,,,,,,,,,,,,,,,,
7,11369,,,,,0.055876508355140686,,0.011859297752380371,,0.0,,0.17023740708827972,,0.02408493682742119,,0.20225170254707336,,,0.174785315990448,0.010321703739464283,,0.005704264156520367,,0.16630107164382935,,0.1861533522605896,,,0.5956445932388306,,0.02408493682742119,,,,,0.4266068935394287,,,,,,,,,,,,,,,,,,,,,,,,
7,11379,,,,,0.07562828809022903,,0.03168374300003052,,0.0,,0.10288979113101959,,1.0197422504425049,,0.1995503455400467,,,0.6060200333595276,1.971542239189148,,1.2998628616333008,,0.1727094203233719,,0.49157974123954773,,,0.8030577301979065,,1.0197422504425049,,,,,0.49920654296875,,,,,,,,,,,,,,,,,,,,,,,,
7,11389,,,,,0.09394180029630661,,0.023243373259902,,0.0,,0.21087956428527832,,0.04162520170211792,,0.20333340764045715,,,0.15442880988121033,0.012974187731742859,,0.008293981663882732,,0.17841002345085144,,0.3864574432373047,,,0.5144166946411133,,0.04162520170211792,,,,,0.4897235035896301,,,,,,,,,,,,,,,,,,,,,,,,
7,11399,,,,,0.03487122058868408,,0.019777845591306686,,0.0,,0.23017188906669617,,0.011639099568128586,,0.20219984650611877,,,0.17142969369888306,0.01309000700712204,,0.00978393666446209,,0.16926352679729462,,0.16877982020378113,,,0.45367497205734253,,0.011639099568128586,,,,,0.4427295923233032,,,,,,,,,,,,,,,,,,,,,,,,
7,11409,,,,,0.09513591229915619,,0.014635808765888214,,0.0,,0.18360958993434906,,0.0395333431661129,,0.20429307222366333,,,0.17765386402606964,0.031341008841991425,,0.011224515736103058,,0.16359162330627441,,0.16081678867340088,,,0.5030176639556885,,0.0395333431661129,,,,,0.48831063508987427,,,,,,,,,,,,,,,,,,,,,,,,
7,11419,,,,,0.08586564660072327,,0.02468813955783844,,0.0,,0.1817903220653534,,0.013799082487821579,,0.20139984786510468,,,0.159258633852005,0.016821950674057007,,0.012344489805400372,,0.17230167984962463,,0.22333815693855286,,,0.49235999584198,,0.013799082487821579,,,,,0.4701681435108185,,,,,,,,,,,,,,,,,,,,,,,,
7,11429,,,,,0.024922383949160576,,0.01552378386259079,,0.0,,0.18058156967163086,,0.00889783725142479,,0.2036263346672058,,,0.1547860950231552,0.017940780147910118,,0.006396971642971039,,0.16580408811569214,,0.17420294880867004,,,0.4744488596916199,,0.00889783725142479,,,,,0.3972521722316742,,,,,,,,,,,,,,,,,,,,,,,,
7,11439,,,,,0.03220284357666969,,0.024648170918226242,,0.0,,0.1878630667924881,,0.011869349516928196,,0.2062014490365982,,,0.16855546832084656,0.026660118252038956,,0.01112917810678482,,0.17069578170776367,,0.18651971220970154,,,0.5095046758651733,,0.011869349516928196,,,,,0.43007946014404297,,,,,,,,,,,,,,,,,,,,,,,,
7,11449,,,,,0.025238927453756332,,0.01691923663020134,,0.0,,0.19670872390270233,,0.011618455871939659,,0.2037036120891571,,,0.1745762825012207,0.013886084780097008,,0.005204986315220594,,0.16529926657676697,,0.15348023176193237,,,0.48947542905807495,,0.011618455871939659,,,,,0.4133880138397217,,,,,,,,,,,,,,,,,,,,,,,,
7,11459,,,,,0.01616770401597023,,0.01868312433362007,,0.0,,0.1981225460767746,,0.005615817382931709,,0.20153740048408508,,,0.16331717371940613,0.009575803764164448,,0.005531699862331152,,0.17179426550865173,,0.32958370447158813,,,0.5029983520507812,,0.005615817382931709,,,,,0.400448739528656,,,,,,,,,,,,,,,,,,,,,,,,
7,11469,,,,,0.033736854791641235,,0.028441060334444046,,0.0,,0.216430202126503,,0.01149139553308487,,0.20119372010231018,,,0.17156441509723663,0.052159275859594345,,0.009175820276141167,,0.174970805644989,,0.1630883514881134,,,0.503619909286499,,0.01149139553308487,,,,,0.460704505443573,,,,,,,,,,,,,,,,,,,,,,,,
7,11479,,,,,0.06523598730564117,,0.015598803758621216,,0.0,,0.18427596986293793,,0.010901002213358879,,0.20179829001426697,,,0.17033225297927856,0.01870099827647209,,0.01135988812893629,,0.16440582275390625,,0.3877219557762146,,,0.4883803725242615,,0.010901002213358879,,,,,0.4484720230102539,,,,,,,,,,,,,,,,,,,,,,,,
7,11489,,,,,0.08365156501531601,,0.020327378064393997,,0.0,,0.20308628678321838,,0.03886554390192032,,0.20101262629032135,,,0.16176529228687286,0.013575507327914238,,0.011142820119857788,,0.1614893525838852,,0.17193074524402618,,,0.6057114601135254,,0.03886554390192032,,,,,0.46985116600990295,,,,,,,,,,,,,,,,,,,,,,,,
7,11499,,,,,0.01957089640200138,,0.014993710443377495,,0.0,,0.09459968656301498,,1.0,,0.20050151646137238,,,0.0,0.0,,193.9498291015625,,0.1706763207912445,,0.2330053746700287,,,1.0256884098052979,,1.0,,,,,0.3568882942199707,,,,,,,,,,,,,,,,,,,,,,,,
7,11509,,,,,0.05618491768836975,,0.021289963275194168,,0.0,,0.2052934616804123,,0.010611253790557384,,0.20087280869483948,,,0.19161812961101532,0.007431653328239918,,0.006418315228074789,,0.17042683064937592,,0.37250447273254395,,,0.5267840027809143,,0.010611253790557384,,,,,0.4578604996204376,,,,,,,,,,,,,,,,,,,,,,,,
7,11519,,,,,0.01702740229666233,,0.011124854907393456,,0.0,,0.09443657845258713,,1.0,,0.20463566482067108,,,0.0,0.0,,191.07266235351562,,0.1629018932580948,,0.23775534331798553,,,1.0005457401275635,,1.0,,,,,0.35542717576026917,,,,,,,,,,,,,,,,,,,,,,,,
7,11529,,,,,0.033365003764629364,,0.01150541752576828,,0.0,,0.0884920060634613,,1.0,,0.20039279758930206,,,0.0,0.0,,176.55621337890625,,0.16412007808685303,,0.1405632048845291,,,0.9767264127731323,,1.0,,,,,0.3025367558002472,,,,,,,,,,,,,,,,,,,,,,,,
7,11539,,,,,0.16769760847091675,,0.015941035002470016,,0.0,,0.20169728994369507,,0.07248258590698242,,0.20361176133155823,,,0.1658162623643875,0.036796387284994125,,0.008348401635885239,,0.16820403933525085,,0.39639872312545776,,,0.5021309852600098,,0.07248258590698242,,,,,0.5679051876068115,,,,,,,,,,,,,,,,,,,,,,,,
7,11549,,,,,0.03607964515686035,,0.015788044780492783,,0.0,,0.19156640768051147,,0.013393107801675797,,0.2034982442855835,,,0.15385845303535461,0.014234381727874279,,0.006193891167640686,,0.16590429842472076,,0.1969747096300125,,,0.5630961060523987,,0.013393107801675797,,,,,0.4116014838218689,,,,,,,,,,,,,,,,,,,,,,,,
7,11559,,,,,0.07991792261600494,,0.0152516458183527,,0.0,,0.18621514737606049,,0.03358444198966026,,0.20174859464168549,,,0.16389092803001404,0.015697749331593513,,0.009005713276565075,,0.16757553815841675,,0.5215087532997131,,,0.5461372137069702,,0.03358444198966026,,,,,0.45961058139801025,,,,,,,,,,,,,,,,,,,,,,,,
7,11569,,,,,0.04445965588092804,,0.010625271126627922,,0.0,,0.09713215380907059,,1.0,,0.20060597360134125,,,0.0,0.0,,188.57723999023438,,0.17304599285125732,,0.17240945994853973,,,0.9706604480743408,,1.0,,,,,0.3269094228744507,,,,,,,,,,,,,,,,,,,,,,,,
7,11579,,,,,0.03679417818784714,,0.02823883667588234,,0.0,,0.21063825488090515,,0.0110012236982584,,0.21903082728385925,,,0.1674334853887558,0.019957371056079865,,0.01266690157353878,,0.1758459359407425,,0.4074539840221405,,,0.4332732856273651,,0.0110012236982584,,,,,0.4537000060081482,,,,,,,,,,,,,,,,,,,,,,,,
7,11589,,,,,0.03529665619134903,,0.02444460615515709,,0.0,,0.26967528462409973,,1.0,,0.20220869779586792,,,0.0,0.0,,0.3047623336315155,,0.21103590726852417,,0.4483312964439392,,,0.9216826558113098,,1.0,,,,,0.5778478980064392,,,,,,,,,,,,,,,,,,,,,,,,
7,11599,,,,,0.16593089699745178,,0.030965905636548996,,0.0,,0.17029255628585815,,0.07114719599485397,,0.2047378569841385,,,0.1603500097990036,0.021660372614860535,,0.011275525204837322,,0.17856597900390625,,0.1448214054107666,,,0.5430986881256104,,0.07114719599485397,,,,,0.5548549890518188,,,,,,,,,,,,,,,,,,,,,,,,
7,11609,,,,,0.1003318503499031,,0.023293638601899147,,0.0,,0.22243709862232208,,0.03812779486179352,,0.20243647694587708,,,0.19271878898143768,0.02761242911219597,,0.008680963888764381,,0.18978926539421082,,0.20939227938652039,,,0.5098884105682373,,0.03812779486179352,,,,,0.5338162183761597,,,,,,,,,,,,,,,,,,,,,,,,
7,11619,,,,,0.041692424565553665,,0.022805791348218918,,0.0,,0.21871863305568695,,0.017208842560648918,,0.20379889011383057,,,0.18519534170627594,0.01695418544113636,,0.011462405323982239,,0.18639196455478668,,0.17358741164207458,,,0.5533697605133057,,0.017208842560648918,,,,,0.46435603499412537,,,,,,,,,,,,,,,,,,,,,,,,
7,11629,,,,,0.06988180428743362,,0.041169170290231705,,0.0,,0.10731026530265808,,1.0590503215789795,,0.19967401027679443,,,0.9825254082679749,2.2493059635162354,,0.9135102033615112,,0.20061682164669037,,0.3763916790485382,,,1.284833550453186,,1.0590503215789795,,,,,0.46258097887039185,,,,,,,,,,,,,,,,,,,,,,,,
7,11639,,,,,0.0453772246837616,,0.021227169781923294,,0.0,,0.2267296016216278,,0.016407273709774017,,0.2031300663948059,,,0.16842389106750488,0.029028866440057755,,0.008379919454455376,,0.16669613122940063,,0.21372735500335693,,,0.5638585090637207,,0.016407273709774017,,,,,0.4571850597858429,,,,,,,,,,,,,,,,,,,,,,,,
7,11649,,,,,0.15191008150577545,,0.017568044364452362,,0.0,,0.1893882304430008,,0.045413218438625336,,0.20311039686203003,,,0.2291664034128189,0.02618926763534546,,0.010204937309026718,,0.16805335879325867,,0.5132288932800293,,,0.5690377950668335,,0.045413218438625336,,,,,0.573750376701355,,,,,,,,,,,,,,,,,,,,,,,,
7,11659,,,,,0.04437665641307831,,0.017203690484166145,,0.0,,0.1878175288438797,,0.018905330449342728,,0.20602405071258545,,,0.16826164722442627,0.01051291823387146,,0.008334956131875515,,0.17446914315223694,,0.19597414135932922,,,0.5225479602813721,,0.018905330449342728,,,,,0.43068861961364746,,,,,,,,,,,,,,,,,,,,,,,,
7,11669,,,,,0.03914022445678711,,0.05168953537940979,,0.0,,0.1074325293302536,,0.7954453229904175,,0.19963817298412323,,,0.6847662925720215,2.442925453186035,,0.7404219508171082,,0.19621393084526062,,0.506964921951294,,,1.088059663772583,,0.7954453229904175,,,,,0.530969500541687,,,,,,,,,,,,,,,,,,,,,,,,
7,11679,,,,,0.0870240107178688,,0.017540886998176575,,0.0,,0.1784573197364807,,0.03748295456171036,,0.20095083117485046,,,0.17825554311275482,0.012227307073771954,,0.008996072225272655,,0.16772590577602386,,0.642005205154419,,,0.5481042861938477,,0.03748295456171036,,,,,0.4691009521484375,,,,,,,,,,,,,,,,,,,,,,,,
7,11689,,,,,0.09739479422569275,,0.04629578813910484,,0.0,,0.11895720660686493,,1.0474661588668823,,0.20002487301826477,,,0.49750325083732605,1.9181104898452759,,0.9057726860046387,,0.20106711983680725,,0.4486815631389618,,,1.0031042098999023,,1.0474661588668823,,,,,0.5075132846832275,,,,,,,,,,,,,,,,,,,,,,,,
7,11699,,,,,0.03485959768295288,,0.015814483165740967,,0.0,,0.09346627444028854,,1.0,,0.20095817744731903,,,0.0,0.0,,186.4229736328125,,0.17384125292301178,,0.18125461041927338,,,1.0067226886749268,,1.0,,,,,0.33266741037368774,,,,,,,,,,,,,,,,,,,,,,,,
7,11709,,,,,0.0831514298915863,,0.021553577855229378,,0.0,,0.21006594598293304,,0.03851599246263504,,0.20414656400680542,,,0.17694753408432007,0.01662127487361431,,0.008242315612733364,,0.1740848869085312,,0.4343426823616028,,,0.550322413444519,,0.03851599246263504,,,,,0.48898249864578247,,,,,,,,,,,,,,,,,,,,,,,,
7,11719,,,,,0.041239216923713684,,0.01940486952662468,,0.0,,0.1962759643793106,,0.017400234937667847,,0.2013503909111023,,,0.167963445186615,0.025583621114492416,,0.004272260703146458,,0.17197662591934204,,0.13934794068336487,,,0.5188717842102051,,0.017400234937667847,,,,,0.43465280532836914,,,,,,,,,,,,,,,,,,,,,,,,
7,11729,,,,,0.024406330659985542,,0.015756884589791298,,0.0,,0.18416602909564972,,0.0104134576395154,,0.2030220478773117,,,0.1568382978439331,0.023558875545859337,,0.01301276683807373,,0.160602867603302,,0.13931305706501007,,,0.4841592311859131,,0.0104134576395154,,,,,0.40288519859313965,,,,,,,,,,,,,,,,,,,,,,,,
7,11739,,,,,0.03975672274827957,,0.013109272345900536,,0.0,,0.10364029556512833,,1.0,,0.20051206648349762,,,0.0,0.0,,192.2875213623047,,0.17036311328411102,,0.15423676371574402,,,1.0072879791259766,,1.0,,,,,0.3209307789802551,,,,,,,,,,,,,,,,,,,,,,,,
7,11749,,,,,0.03335452824831009,,0.04461182653903961,,0.0,,0.11254765838384628,,1.0265642404556274,,0.2002944052219391,,,0.794247567653656,1.8781932592391968,,1.0530917644500732,,0.19700440764427185,,0.42210710048675537,,,1.4348745346069336,,1.0265642404556274,,,,,0.4882826805114746,,,,,,,,,,,,,,,,,,,,,,,,
7,11759,,,,,0.08777952194213867,,0.023990077897906303,,0.0,,0.19217142462730408,,1.0,,0.20040398836135864,,,0.0,0.0,,0.15616726875305176,,0.18573792278766632,,0.5204327702522278,,,0.762778639793396,,1.0,,,,,0.5613681077957153,,,,,,,,,,,,,,,,,,,,,,,,
7,11769,,,,,0.03042072430253029,,0.020478520542383194,,0.0,,0.17243781685829163,,0.010128063149750233,,0.20520517230033875,,,0.1665058732032776,0.020477190613746643,,0.012696290388703346,,0.17643675208091736,,0.5488136410713196,,,0.5202854871749878,,0.010128063149750233,,,,,0.41753950715065,,,,,,,,,,,,,,,,,,,,,,,,
7,11779,,,,,0.05580166354775429,,0.017565928399562836,,0.0,,0.1841350495815277,,0.014639141038060188,,0.20222696661949158,,,0.16149571537971497,0.02705661952495575,,0.009141504764556885,,0.15934865176677704,,0.5385875701904297,,,0.5096837878227234,,0.014639141038060188,,,,,0.43628689646720886,,,,,,,,,,,,,,,,,,,,,,,,
7,11789,,,,,0.03514603525400162,,0.012589106336236,,0.0,,0.17264333367347717,,0.010843038558959961,,0.20403316617012024,,,0.17794816195964813,0.06439534574747086,,0.007041002623736858,,0.16556081175804138,,0.22737625241279602,,,0.4496426582336426,,0.010843038558959961,,,,,0.437251478433609,,,,,,,,,,,,,,,,,,,,,,,,
7,11799,,,,,0.10453750193119049,,0.010787498205900192,,0.0,,0.11285000294446945,,1.0,,0.20293526351451874,,,0.0,0.0,,183.08151245117188,,0.1717907041311264,,0.2189035713672638,,,0.9981383085250854,,1.0,,,,,0.35863351821899414,,,,,,,,,,,,,,,,,,,,,,,,
7,11809,,,,,0.03348108008503914,,0.030050937086343765,,0.0,,0.21704962849617004,,0.012583330273628235,,0.23456871509552002,,,0.1813347190618515,0.024230225011706352,,0.009891849011182785,,0.18358488380908966,,0.501383900642395,,,0.5830929279327393,,0.012583330273628235,,,,,0.47383660078048706,,,,,,,,,,,,,,,,,,,,,,,,
7,11819,,,,,0.08420706540346146,,0.020188268274068832,,0.0,,0.18674558401107788,,0.031709037721157074,,0.20353014767169952,,,0.20082791149616241,0.018288321793079376,,0.012252042070031166,,0.17592790722846985,,0.4409472346305847,,,0.5668834447860718,,0.031709037721157074,,,,,0.49308714270591736,,,,,,,,,,,,,,,,,,,,,,,,
7,11829,,,,,0.04010040685534477,,0.010188788175582886,,0.0,,0.08794806897640228,,1.0,,0.20040243864059448,,,0.0,0.0,,182.33531188964844,,0.17102167010307312,,0.1345861256122589,,,0.9912881255149841,,1.0,,,,,0.30207353830337524,,,,,,,,,,,,,,,,,,,,,,,,
7,11839,,,,,0.1109357550740242,,0.03271200507879257,,0.0,,0.1139296367764473,,0.8725175261497498,,0.1994500309228897,,,1.3806391954421997,3.1576473712921143,,0.8940665125846863,,0.18354150652885437,,0.3722979724407196,,,1.0939905643463135,,0.8725175261497498,,,,,0.4509655833244324,,,,,,,,,,,,,,,,,,,,,,,,
7,11849,,,,,0.01907418668270111,,0.018262719735503197,,0.0,,0.19159573316574097,,0.007893596775829792,,0.2013503462076187,,,0.17322006821632385,0.02561618760228157,,0.0056759631261229515,,0.1697528064250946,,0.4669041633605957,,,0.5211029648780823,,0.007893596775829792,,,,,0.41181111335754395,,,,,,,,,,,,,,,,,,,,,,,,
7,11859,,,,,0.020453348755836487,,0.015210195444524288,,0.0,,0.18620562553405762,,0.006473963148891926,,0.20104268193244934,,,0.20928917825222015,0.03379497677087784,,0.009562050923705101,,0.16960223019123077,,0.15597285330295563,,,0.5417167544364929,,0.006473963148891926,,,,,0.4328068494796753,,,,,,,,,,,,,,,,,,,,,,,,
7,11869,,,,,0.029949411749839783,,0.010195002891123295,,0.0,,0.09427915513515472,,1.0,,0.2004428505897522,,,0.0,0.0,,190.1752166748047,,0.16738173365592957,,0.16444526612758636,,,1.0335005521774292,,1.0,,,,,0.3183720111846924,,,,,,,,,,,,,,,,,,,,,,,,
7,11879,,,,,0.019865315407514572,,0.011136358603835106,,0.0,,0.17033688724040985,,0.008091193623840809,,0.20076343417167664,,,0.16652047634124756,0.010350113734602928,,0.007083641365170479,,0.1638917624950409,,0.2077474296092987,,,0.5314117074012756,,0.008091193623840809,,,,,0.3849066197872162,,,,,,,,,,,,,,,,,,,,,,,,
7,11889,,,,,0.021884864196181297,,0.009724128991365433,,0.0,,0.07988257706165314,,1.0,,0.19954603910446167,,,0.0,0.0,,190.42523193359375,,0.16909882426261902,,0.18831990659236908,,,1.0502862930297852,,1.0,,,,,0.3232857286930084,,,,,,,,,,,,,,,,,,,,,,,,
7,11899,,,,,0.028293883427977562,,0.017581937834620476,,0.0,,0.19587117433547974,,0.00952146202325821,,0.20170409977436066,,,0.16189254820346832,0.026579681783914566,,0.008366920053958893,,0.16447721421718597,,0.36410707235336304,,,0.48833298683166504,,0.00952146202325821,,,,,0.41653066873550415,,,,,,,,,,,,,,,,,,,,,,,,
7,11909,,,,,0.10178807377815247,,0.015414280816912651,,0.0,,0.20560485124588013,,0.0432165265083313,,0.20155026018619537,,,0.16838905215263367,0.023939911276102066,,0.009239048697054386,,0.1623717099428177,,0.45580804347991943,,,0.5065772533416748,,0.0432165265083313,,,,,0.4950426518917084,,,,,,,,,,,,,,,,,,,,,,,,
7,11919,,,,,0.046710994094610214,,0.03956759721040726,,0.0,,0.10740195959806442,,1.0484007596969604,,0.19925208389759064,,,0.7323557734489441,2.5757367610931396,,0.9820267558097839,,0.1861070990562439,,0.38595378398895264,,,0.970801830291748,,1.0484007596969604,,,,,0.45914125442504883,,,,,,,,,,,,,,,,,,,,,,,,
7,11929,,,,,0.03692252188920975,,0.020822040736675262,,0.0,,0.2167273610830307,,0.016293715685606003,,0.20945018529891968,,,0.1654103547334671,0.02425595559179783,,0.011376222595572472,,0.16332267224788666,,0.4232196807861328,,,0.5563669800758362,,0.016293715685606003,,,,,0.4426048696041107,,,,,,,,,,,,,,,,,,,,,,,,
7,11939,,,,,0.030518464744091034,,0.02169714868068695,,0.0,,0.1861596554517746,,0.014048706740140915,,0.20025388896465302,,,0.18540430068969727,0.00888183992356062,,0.005732859950512648,,0.16697776317596436,,0.23407772183418274,,,0.5373334884643555,,0.014048706740140915,,,,,0.4180722236633301,,,,,,,,,,,,,,,,,,,,,,,,
7,11949,,,,,0.09182599186897278,,0.018274087458848953,,0.0,,0.1890341341495514,,0.04297050088644028,,0.20287033915519714,,,0.1710655391216278,0.026112325489521027,,0.0057044848799705505,,0.17134511470794678,,0.1632739156484604,,,0.513195276260376,,0.04297050088644028,,,,,0.48402896523475647,,,,,,,,,,,,,,,,,,,,,,,,
7,11959,,,,,0.07510395348072052,,0.03181862086057663,,0.0,,0.1226620003581047,,0.9552078247070312,,0.19944976270198822,,,0.7478034496307373,1.3903645277023315,,1.140364170074463,,0.18692076206207275,,0.3383193612098694,,,1.0789097547531128,,0.9552078247070312,,,,,0.43958526849746704,,,,,,,,,,,,,,,,,,,,,,,,
7,11969,,,,,0.08677781373262405,,0.03784087672829628,,0.0,,0.11786167323589325,,0.9818426966667175,,0.19944781064987183,,,0.7793173789978027,2.772735118865967,,0.9511395692825317,,0.18085357546806335,,0.3704451322555542,,,1.376456379890442,,0.9818426966667175,,,,,0.4532245397567749,,,,,,,,,,,,,,,,,,,,,,,,
7,11979,,,,,0.028082679957151413,,0.031027205288410187,,0.0,,0.1042504832148552,,0.920680820941925,,0.19945162534713745,,,1.1190296411514282,3.002535820007324,,1.0422744750976562,,0.16406193375587463,,0.3859497308731079,,,0.8413347601890564,,0.920680820941925,,,,,0.4423704743385315,,,,,,,,,,,,,,,,,,,,,,,,
7,11989,,,,,0.09430035203695297,,0.015912342816591263,,0.0,,0.20674532651901245,,0.043021805584430695,,0.2029714733362198,,,0.16842123866081238,0.024636201560497284,,0.00698181614279747,,0.16245979070663452,,0.456784725189209,,,0.4978048503398895,,0.043021805584430695,,,,,0.48836442828178406,,,,,,,,,,,,,,,,,,,,,,,,
7,11999,,,,,0.03152250498533249,,0.01723257079720497,,0.0,,0.22261302173137665,,0.009577223099768162,,0.2099067121744156,,,0.16437877714633942,0.010823451913893223,,0.004533401224762201,,0.16819918155670166,,0.1615409553050995,,,0.5645221471786499,,0.009577223099768162,,,,,0.43036606907844543,,,,,,,,,,,,,,,,,,,,,,,,
7,12009,,,,,0.02741997316479683,,0.02013506554067135,,0.0,,0.18365749716758728,,0.010199709795415401,,0.20864486694335938,,,0.15962210297584534,0.015488439239561558,,0.007975902408361435,,0.16364198923110962,,0.16195711493492126,,,0.5448210835456848,,0.010199709795415401,,,,,0.40700292587280273,,,,,,,,,,,,,,,,,,,,,,,,
7,12019,,,,,0.03143983706831932,,0.015229716897010803,,0.0,,0.17782099545001984,,0.010530104860663414,,0.20282800495624542,,,0.15237092971801758,0.01955452561378479,,0.005502011626958847,,0.16311687231063843,,0.17885489761829376,,,0.5184329748153687,,0.010530104860663414,,,,,0.39965134859085083,,,,,,,,,,,,,,,,,,,,,,,,
7,12029,,,,,0.030744832009077072,,0.016803078353405,,0.0,,0.18167683482170105,,0.012013658881187439,,0.20135349035263062,,,0.156245619058609,0.026910575106739998,,0.010671103373169899,,0.1678411066532135,,0.16466167569160461,,,0.5127296447753906,,0.012013658881187439,,,,,0.41149571537971497,,,,,,,,,,,,,,,,,,,,,,,,
7,12039,,,,,0.023923808708786964,,0.01946411095559597,,0.0,,0.1929573118686676,,0.009785299189388752,,0.20236781239509583,,,0.167062908411026,0.03938182815909386,,0.011628012172877789,,0.16949814558029175,,0.23107130825519562,,,0.5121082067489624,,0.009785299189388752,,,,,0.42510390281677246,,,,,,,,,,,,,,,,,,,,,,,,
7,12049,,,,,0.06618466973304749,,0.009216802194714546,,0.0,,0.08250516653060913,,1.0,,0.1995472013950348,,,0.0,0.0,,190.78390502929688,,0.16516055166721344,,0.12190134823322296,,,0.9985021352767944,,1.0,,,,,0.28916552662849426,,,,,,,,,,,,,,,,,,,,,,,,
7,12059,,,,,0.023702938109636307,,0.010628676041960716,,0.0,,0.08577585220336914,,1.0,,0.19967776536941528,,,0.0,0.0,,184.8846435546875,,0.16347885131835938,,0.16999128460884094,,,0.9854449033737183,,1.0,,,,,0.314776211977005,,,,,,,,,,,,,,,,,,,,,,,,
7,12069,,,,,0.06009608879685402,,0.013060124590992928,,0.0,,0.12387038767337799,,1.0,,0.2007981836795807,,,0.0,0.0,,189.49078369140625,,0.16527611017227173,,0.16292938590049744,,,0.9824249744415283,,1.0,,,,,0.3329671025276184,,,,,,,,,,,,,,,,,,,,,,,,
7,12079,,,,,0.09799114614725113,,0.011529501527547836,,0.0,,0.1801404505968094,,0.0431659072637558,,0.20133985579013824,,,0.16497237980365753,0.02188192680478096,,0.006518797483295202,,0.16287459433078766,,0.45907121896743774,,,0.5335792899131775,,0.0431659072637558,,,,,0.472619891166687,,,,,,,,,,,,,,,,,,,,,,,,
7,12089,,,,,0.03051498346030712,,0.015915384516119957,,0.0,,0.19936469197273254,,0.013352099806070328,,0.20357418060302734,,,0.16754260659217834,0.023139482364058495,,0.008127809502184391,,0.1687713861465454,,0.4620317220687866,,,0.5063265562057495,,0.013352099806070328,,,,,0.423732727766037,,,,,,,,,,,,,,,,,,,,,,,,
7,12099,,,,,0.060095321387052536,,0.015162885189056396,,0.0,,0.2057969570159912,,0.02781347557902336,,0.20063383877277374,,,0.15487588942050934,0.013198165223002434,,0.005993764381855726,,0.16118669509887695,,0.4415556788444519,,,0.5290349125862122,,0.02781347557902336,,,,,0.4385193884372711,,,,,,,,,,,,,,,,,,,,,,,,
7,12109,,,,,0.02109360322356224,,0.014659073203802109,,0.0,,0.20325708389282227,,0.008875402621924877,,0.2011600285768509,,,0.1653747260570526,0.019847063347697258,,0.008193828165531158,,0.16654467582702637,,0.18402501940727234,,,0.5782952308654785,,0.008875402621924877,,,,,0.4106118679046631,,,,,,,,,,,,,,,,,,,,,,,,
7,12119,,,,,0.10488460212945938,,0.011998564004898071,,0.0,,0.08600550144910812,,1.0,,0.20040768384933472,,,0.0,0.0,,187.3019256591797,,0.17032365500926971,,0.1922534704208374,,,1.0270156860351562,,1.0,,,,,0.3304944336414337,,,,,,,,,,,,,,,,,,,,,,,,
7,12129,,,,,0.09101839363574982,,0.015063099563121796,,0.0,,0.19601230323314667,,0.04337581247091293,,0.2000247836112976,,,0.18047577142715454,0.004138361196964979,,0.009390815161168575,,0.16515713930130005,,0.4776023328304291,,,0.5011292099952698,,0.04337581247091293,,,,,0.4761495590209961,,,,,,,,,,,,,,,,,,,,,,,,
7,12139,,,,,0.03127226233482361,,0.024746976792812347,,0.0,,0.2041153609752655,,0.012631380930542946,,0.20543666183948517,,,0.16269125044345856,0.01775609888136387,,0.009916863404214382,,0.1732049584388733,,0.3779924809932709,,,0.5683667659759521,,0.012631380930542946,,,,,0.4302063286304474,,,,,,,,,,,,,,,,,,,,,,,,
7,12149,,,,,0.09146278351545334,,0.015968291088938713,,0.0,,0.18155787885189056,,0.0410095639526844,,0.20029135048389435,,,0.16009412705898285,0.007358790375292301,,0.009782201610505581,,0.16851060092449188,,0.17792129516601562,,,0.5277560949325562,,0.0410095639526844,,,,,0.46324440836906433,,,,,,,,,,,,,,,,,,,,,,,,
7,12159,,,,,0.02207973599433899,,0.017834175378084183,,0.0,,0.1749727874994278,,0.00933740846812725,,0.2005336433649063,,,0.16967487335205078,0.01049800869077444,,0.005687111988663673,,0.1636468768119812,,0.14016541838645935,,,0.5191484689712524,,0.00933740846812725,,,,,0.39350345730781555,,,,,,,,,,,,,,,,,,,,,,,,
7,12169,,,,,0.02211323007941246,,0.014782527461647987,,0.0,,0.18470479547977448,,0.008515148423612118,,0.20181888341903687,,,0.16655604541301727,0.009983692318201065,,0.007125878240913153,,0.16274499893188477,,0.5121443867683411,,,0.5344923734664917,,0.008515148423612118,,,,,0.3959716260433197,,,,,,,,,,,,,,,,,,,,,,,,
7,12179,,,,,0.028384316712617874,,0.014254867099225521,,0.0,,0.09538524597883224,,1.0,,0.19987252354621887,,,0.0,0.0,,182.96585083007812,,0.17506974935531616,,0.14965689182281494,,,0.9947677254676819,,1.0,,,,,0.31711965799331665,,,,,,,,,,,,,,,,,,,,,,,,
7,12189,,,,,0.028411878272891045,,0.01614709198474884,,0.0,,0.19304713606834412,,0.011288180947303772,,0.2036222219467163,,,0.17209932208061218,0.014541749842464924,,0.006715249270200729,,0.1655297875404358,,0.14142447710037231,,,0.5268221497535706,,0.011288180947303772,,,,,0.41426312923431396,,,,,,,,,,,,,,,,,,,,,,,,
7,12199,,,,,0.026246774941682816,,0.04184776172041893,,0.0,,0.11699608713388443,,1.094498872756958,,0.20016461610794067,,,0.9502516388893127,1.923462986946106,,1.1931853294372559,,0.1873459666967392,,0.5506637096405029,,,1.4566535949707031,,1.094498872756958,,,,,0.5485090613365173,,,,,,,,,,,,,,,,,,,,,,,,
7,12209,,,,,0.02504763752222061,,0.04467254504561424,,0.0,,0.23016473650932312,,1.0,,0.20088760554790497,,,0.0,0.0,,0.26623064279556274,,0.2027272880077362,,0.52288818359375,,,1.1271005868911743,,1.0,,,,,0.6006702184677124,,,,,,,,,,,,,,,,,,,,,,,,
7,12219,,,,,0.032148540019989014,,0.029947036877274513,,0.0,,0.0971049964427948,,1.0529717206954956,,0.19957850873470306,,,0.967145562171936,3.2085444927215576,,1.2728968858718872,,0.17061519622802734,,0.38216423988342285,,,0.9681960344314575,,1.0529717206954956,,,,,0.4397049844264984,,,,,,,,,,,,,,,,,,,,,,,,
7,12229,,,,,0.1435757577419281,,0.031712695956230164,,0.0,,0.11288127303123474,,1.0144591331481934,,0.19929765164852142,,,0.7553107738494873,2.627119541168213,,1.2319142818450928,,0.17145562171936035,,0.5050654411315918,,,1.0111883878707886,,1.0144591331481934,,,,,0.5102063417434692,,,,,,,,,,,,,,,,,,,,,,,,
7,12239,,,,,0.17100664973258972,,0.01591312885284424,,0.0,,0.19989646971225739,,0.05967945605516434,,0.20232173800468445,,,0.17563988268375397,0.023161152377724648,,0.00620197132229805,,0.16675788164138794,,0.21752674877643585,,,0.6058679819107056,,0.05967945605516434,,,,,0.5659527778625488,,,,,,,,,,,,,,,,,,,,,,,,
7,12249,,,,,0.1868603527545929,,0.019739298149943352,,0.0,,0.1956276148557663,,0.08550836145877838,,0.20552782714366913,,,0.15907162427902222,0.012567844241857529,,0.011144576594233513,,0.16331714391708374,,0.27203723788261414,,,0.5347211956977844,,0.08550836145877838,,,,,0.5703582763671875,,,,,,,,,,,,,,,,,,,,,,,,
7,12259,,,,,0.20084546506404877,,0.016298817470669746,,0.0,,0.19213111698627472,,0.09292744100093842,,0.20189571380615234,,,0.16096456348896027,0.031229618936777115,,0.007201630622148514,,0.16909082233905792,,0.2140287458896637,,,0.5953467488288879,,0.09292744100093842,,,,,0.590251624584198,,,,,,,,,,,,,,,,,,,,,,,,
7,12269,,,,,0.18189382553100586,,0.03125380352139473,,0.0,,0.23196379840373993,,0.0815371572971344,,0.20427846908569336,,,0.20131896436214447,0.03859512507915497,,0.009380332194268703,,0.18754832446575165,,0.4820261299610138,,,0.5290330648422241,,0.0815371572971344,,,,,0.6340632438659668,,,,,,,,,,,,,,,,,,,,,,,,
7,12279,,,,,0.11066906154155731,,0.015840888023376465,,0.0,,0.09709327667951584,,1.0,,0.20139078795909882,,,0.0,0.0,,192.8402557373047,,0.17202241718769073,,0.1943126916885376,,,1.0134968757629395,,1.0,,,,,0.3403300344944,,,,,,,,,,,,,,,,,,,,,,,,
7,12289,,,,,0.06329493969678879,,0.027298571541905403,,0.0,,0.21649403870105743,,0.022024817764759064,,0.2067558318376541,,,0.1710764467716217,0.015230181626975536,,0.013581822626292706,,0.17674684524536133,,0.1680927872657776,,,0.4735303521156311,,0.022024817764759064,,,,,0.4768868088722229,,,,,,,,,,,,,,,,,,,,,,,,
7,12299,,,,,0.029440855607390404,,0.030903346836566925,,0.0,,0.2260628491640091,,0.013354393653571606,,0.20405563712120056,,,0.1796206533908844,0.014663336798548698,,0.012215088121592999,,0.1744174212217331,,0.42170044779777527,,,0.4619795083999634,,0.013354393653571606,,,,,0.45041003823280334,,,,,,,,,,,,,,,,,,,,,,,,
7,12309,,,,,0.046617358922958374,,0.04164262115955353,,0.0,,0.09555305540561676,,0.9124431610107422,,0.19958461821079254,,,0.5956014394760132,3.4071314334869385,,1.0223188400268555,,0.18848717212677002,,0.4957919716835022,,,1.2846101522445679,,0.9124431610107422,,,,,0.5105296969413757,,,,,,,,,,,,,,,,,,,,,,,,
7,12319,,,,,0.05045945942401886,,0.04093559458851814,,0.0,,0.10541941225528717,,0.8252092599868774,,0.19946417212486267,,,0.6643555760383606,3.00624942779541,,1.2611627578735352,,0.18658462166786194,,0.4437270164489746,,,0.9872892498970032,,0.8252092599868774,,,,,0.4880654215812683,,,,,,,,,,,,,,,,,,,,,,,,
7,12329,,,,,0.05521068722009659,,0.018321199342608452,,0.0,,0.19255563616752625,,0.019747020676732063,,0.21278008818626404,,,0.17928332090377808,0.02748093754053116,,0.011406484059989452,,0.17031222581863403,,0.479326069355011,,,0.5104151964187622,,0.019747020676732063,,,,,0.46128061413764954,,,,,,,,,,,,,,,,,,,,,,,,
7,12339,,,,,0.03409711271524429,,0.01261710375547409,,0.0,,0.09491477161645889,,1.0,,0.20054402947425842,,,0.0,0.0,,182.58657836914062,,0.1669519543647766,,0.18859684467315674,,,1.0410407781600952,,1.0,,,,,0.3318123519420624,,,,,,,,,,,,,,,,,,,,,,,,
7,12349,,,,,0.08340059965848923,,0.032541483640670776,,0.0,,0.10397503525018692,,0.8487464785575867,,0.19965383410453796,,,0.846306324005127,2.3047170639038086,,1.2348021268844604,,0.17359977960586548,,0.43235164880752563,,,1.541365385055542,,0.8487464785575867,,,,,0.4710609018802643,,,,,,,,,,,,,,,,,,,,,,,,
7,12359,,,,,0.03779362142086029,,0.0180299561470747,,0.0,,0.1874973475933075,,0.012731999158859253,,0.203689306974411,,,0.17913952469825745,0.023038718849420547,,0.009141002781689167,,0.1637168526649475,,0.48631614446640015,,,0.5182293057441711,,0.012731999158859253,,,,,0.4299200177192688,,,,,,,,,,,,,,,,,,,,,,,,
7,12369,,,,,0.027502937242388725,,0.013164399191737175,,0.0,,0.15999050438404083,,0.007979638874530792,,0.20168215036392212,,,0.18680015206336975,0.012234767898917198,,0.005729979835450649,,0.16600657999515533,,0.18901309370994568,,,0.5745664834976196,,0.007979638874530792,,,,,0.40030714869499207,,,,,,,,,,,,,,,,,,,,,,,,
7,12379,,,,,0.026901911944150925,,0.01003045029938221,,0.0,,0.10451117157936096,,1.0,,0.20053613185882568,,,0.0,0.0,,191.90621948242188,,0.1691550314426422,,0.1861667037010193,,,1.0232479572296143,,1.0,,,,,0.3351997435092926,,,,,,,,,,,,,,,,,,,,,,,,
7,12389,,,,,0.031020186841487885,,0.020222431048750877,,0.0,,0.19331727921962738,,0.013376588001847267,,0.2057400494813919,,,0.16990235447883606,0.01654936745762825,,0.009530903771519661,,0.1652502417564392,,0.39875465631484985,,,0.49684444069862366,,0.013376588001847267,,,,,0.4212764799594879,,,,,,,,,,,,,,,,,,,,,,,,
7,12399,,,,,0.03473310545086861,,0.02381240576505661,,0.0,,0.20262792706489563,,0.012418070808053017,,0.20977401733398438,,,0.18242022395133972,0.03156217560172081,,0.008823085576295853,,0.17084041237831116,,0.14686274528503418,,,0.562222957611084,,0.012418070808053017,,,,,0.4496632218360901,,,,,,,,,,,,,,,,,,,,,,,,
7,12409,,,,,0.02879292704164982,,0.027569802477955818,,0.0,,0.20667383074760437,,0.008798761293292046,,0.2030726969242096,,,0.15679512917995453,0.02817465364933014,,0.016739821061491966,,0.1803755760192871,,0.4917093515396118,,,0.5279834270477295,,0.008798761293292046,,,,,0.43849366903305054,,,,,,,,,,,,,,,,,,,,,,,,
7,12419,,,,,0.05165586993098259,,0.03267046809196472,,0.0,,0.19587260484695435,,1.0,,0.2001030445098877,,,0.0,0.0,,0.31539931893348694,,0.18353739380836487,,0.5838616490364075,,,1.8363804817199707,,1.0,,,,,0.5980225801467896,,,,,,,,,,,,,,,,,,,,,,,,
7,12429,,,,,0.0478946715593338,,0.022902842611074448,,0.0,,0.20930737257003784,,0.016940616071224213,,0.20492734014987946,,,0.17202255129814148,0.02527512051165104,,0.011323710903525352,,0.17228040099143982,,0.5024304389953613,,,0.5395250916481018,,0.016940616071224213,,,,,0.4569143056869507,,,,,,,,,,,,,,,,,,,,,,,,
7,12439,,,,,0.05031033977866173,,0.038393788039684296,,0.0,,0.10401986539363861,,1.0241775512695312,,0.1994163990020752,,,0.6122823357582092,3.2871127128601074,,0.8285363912582397,,0.1738455891609192,,0.3993380665779114,,,1.408302903175354,,1.0241775512695312,,,,,0.45750686526298523,,,,,,,,,,,,,,,,,,,,,,,,
7,12449,,,,,0.01974327862262726,,0.012870962731540203,,0.0,,0.09613233059644699,,1.0,,0.20093309879302979,,,0.0,0.0,,192.60906982421875,,0.16718131303787231,,0.13713684678077698,,,1.031153678894043,,1.0,,,,,0.30712729692459106,,,,,,,,,,,,,,,,,,,,,,,,
7,12459,,,,,0.03193529695272446,,0.027819160372018814,,0.0,,0.21149587631225586,,0.011093013919889927,,0.20085203647613525,,,0.18431150913238525,0.030583662912249565,,0.008744282647967339,,0.17359912395477295,,0.33389443159103394,,,0.5201013684272766,,0.011093013919889927,,,,,0.45063814520835876,,,,,,,,,,,,,,,,,,,,,,,,
7,12469,,,,,0.03369523212313652,,0.027094343677163124,,0.0,,0.20309916138648987,,0.010712331160902977,,0.20155709981918335,,,0.16737797856330872,0.02345261722803116,,0.009283456020057201,,0.17164719104766846,,0.4299352765083313,,,0.5514686703681946,,0.010712331160902977,,,,,0.4354511499404907,,,,,,,,,,,,,,,,,,,,,,,,
7,12479,,,,,0.028804607689380646,,0.02015012875199318,,0.0,,0.20250898599624634,,0.012469097040593624,,0.20361670851707458,,,0.16029125452041626,0.04794946685433388,,0.015023327432572842,,0.16639390587806702,,0.13458514213562012,,,0.521336555480957,,0.012469097040593624,,,,,0.4367715120315552,,,,,,,,,,,,,,,,,,,,,,,,
7,12489,,,,,0.03476355969905853,,0.04947495460510254,,0.0,,0.10705957561731339,,0.9886553883552551,,0.19963565468788147,,,1.0563071966171265,3.5722391605377197,,1.1133029460906982,,0.18771812319755554,,0.417714923620224,,,1.2793686389923096,,0.9886553883552551,,,,,0.48080164194107056,,,,,,,,,,,,,,,,,,,,,,,,
7,12499,,,,,0.039082929491996765,,0.02546202763915062,,0.0,,0.20723001658916473,,0.012275188229978085,,0.2006509155035019,,,0.1617521345615387,0.024872496724128723,,0.010511565022170544,,0.16570281982421875,,0.44494330883026123,,,0.5278474688529968,,0.012275188229978085,,,,,0.4371739625930786,,,,,,,,,,,,,,,,,,,,,,,,
7,12509,,,,,0.08500578999519348,,0.01697096973657608,,0.0,,0.10467387735843658,,1.0,,0.2010025829076767,,,0.0,0.0,,187.088623046875,,0.17004436254501343,,0.24196800589561462,,,1.0547893047332764,,1.0,,,,,0.3673298954963684,,,,,,,,,,,,,,,,,,,,,,,,
7,12519,,,,,0.10612355172634125,,0.016908369958400726,,0.0,,0.1675276756286621,,0.04472705349326134,,0.20191015303134918,,,0.18859443068504333,0.02259240858256817,,0.006557398475706577,,0.15843947231769562,,0.3964642882347107,,,0.5565899014472961,,0.04472705349326134,,,,,0.487388551235199,,,,,,,,,,,,,,,,,,,,,,,,
7,12529,,,,,0.02907201275229454,,0.011141430586576462,,0.0,,0.1735718995332718,,0.008353058248758316,,0.20290407538414001,,,0.1714676171541214,0.018806664273142815,,0.004285354167222977,,0.17168362438678741,,0.32067954540252686,,,0.5051517486572266,,0.008353058248758316,,,,,0.40600231289863586,,,,,,,,,,,,,,,,,,,,,,,,
7,12539,,,,,0.03984079882502556,,0.02567014843225479,,0.0,,0.2017756551504135,,0.011727181263267994,,0.2013060599565506,,,0.1762940138578415,0.03314968943595886,,0.010715777054429054,,0.15963764488697052,,0.16218972206115723,,,0.4698902368545532,,0.011727181263267994,,,,,0.4441152811050415,,,,,,,,,,,,,,,,,,,,,,,,
7,12549,,,,,0.026732714846730232,,0.014236393384635448,,0.0,,0.1882157325744629,,0.00901910848915577,,0.203706294298172,,,0.18532411754131317,0.0160310510545969,,0.005651742219924927,,0.16190755367279053,,0.19648367166519165,,,0.4855296015739441,,0.00901910848915577,,,,,0.4142691493034363,,,,,,,,,,,,,,,,,,,,,,,,
7,12559,,,,,0.02901088446378708,,0.023016436025500298,,0.0,,0.2122981995344162,,0.010052919387817383,,0.20079851150512695,,,0.1586984246969223,0.016181712970137596,,0.009479380212724209,,0.15993323922157288,,0.20633172988891602,,,0.4901157021522522,,0.010052919387817383,,,,,0.41921383142471313,,,,,,,,,,,,,,,,,,,,,,,,
7,12569,,,,,0.0689876601099968,,0.011473412625491619,,0.0,,0.08466535806655884,,1.0,,0.2003832757472992,,,0.0,0.0,,177.57382202148438,,0.16437694430351257,,0.13263773918151855,,,1.0457603931427002,,1.0,,,,,0.2967683672904968,,,,,,,,,,,,,,,,,,,,,,,,
7,12579,,,,,0.09261338412761688,,0.04771899804472923,,0.0,,0.10800661146640778,,1.2369978427886963,,0.19921855628490448,,,0.6251990795135498,2.1308507919311523,,0.9898122549057007,,0.1908957064151764,,0.3610932230949402,,,1.3170703649520874,,1.2369978427886963,,,,,0.4534665644168854,,,,,,,,,,,,,,,,,,,,,,,,
7,12589,,,,,0.08845383673906326,,0.02692527323961258,,0.0,,0.20404550433158875,,0.038287583738565445,,0.2022562325000763,,,0.17482906579971313,0.014114655554294586,,0.010203449055552483,,0.17553351819515228,,0.3462354838848114,,,0.4867616891860962,,0.038287583738565445,,,,,0.4924076497554779,,,,,,,,,,,,,,,,,,,,,,,,
7,12599,,,,,0.03962258622050285,,0.012241153046488762,,0.0,,0.07847289741039276,,1.0,,0.20051921904087067,,,0.0,0.0,,185.1672821044922,,0.16746607422828674,,0.1911405324935913,,,1.0429953336715698,,1.0,,,,,0.3249199390411377,,,,,,,,,,,,,,,,,,,,,,,,
7,12609,,,,,0.053069278597831726,,0.012905141338706017,,0.0,,0.07912091910839081,,1.0,,0.1997143179178238,,,0.0,0.0,,188.7959442138672,,0.16228623688220978,,0.17349156737327576,,,1.0246400833129883,,1.0,,,,,0.31375908851623535,,,,,,,,,,,,,,,,,,,,,,,,
7,12619,,,,,0.053069278597831726,,0.034923113882541656,,0.0,,0.09810781478881836,,0.8908001184463501,,0.19943954050540924,,,1.233196496963501,3.5835442543029785,,1.2542651891708374,,0.17669519782066345,,0.5064331889152527,,,1.7286736965179443,,0.8908001184463501,,,,,0.5077993869781494,,,,,,,,,,,,,,,,,,,,,,,,
7,12629,,,,,0.054200999438762665,,0.01721346378326416,,0.0,,0.19046267867088318,,0.011539779603481293,,0.2029603123664856,,,0.15833401679992676,0.039313722401857376,,0.005638085305690765,,0.1658851057291031,,0.47469162940979004,,,0.572046160697937,,0.011539779603481293,,,,,0.44410470128059387,,,,,,,,,,,,,,,,,,,,,,,,
7,12639,,,,,0.11900527030229568,,0.022877834737300873,,0.0,,0.21297715604305267,,0.05049704760313034,,0.20009171962738037,,,0.20168709754943848,0.04053264111280441,,0.0068782358430325985,,0.17403313517570496,,0.3775908052921295,,,0.5641106367111206,,0.05049704760313034,,,,,0.5485442280769348,,,,,,,,,,,,,,,,,,,,,,,,
7,12649,,,,,0.0851060152053833,,0.018863549456000328,,0.0,,0.19678793847560883,,0.02908870205283165,,0.21741831302642822,,,0.17581406235694885,0.03586413711309433,,0.010645567439496517,,0.17383486032485962,,0.33351409435272217,,,0.5390912294387817,,0.02908870205283165,,,,,0.4997202157974243,,,,,,,,,,,,,,,,,,,,,,,,
7,12659,,,,,0.04169708490371704,,0.016904814168810844,,0.0,,0.20690777897834778,,0.014622451737523079,,0.20416441559791565,,,0.16273954510688782,0.025946443900465965,,0.006979057099670172,,0.16888678073883057,,0.1613781452178955,,,0.5622578263282776,,0.014622451737523079,,,,,0.4379614591598511,,,,,,,,,,,,,,,,,,,,,,,,
7,12669,,,,,0.10777390003204346,,0.011587652377784252,,0.0,,0.08293341100215912,,1.0,,0.20008708536624908,,,0.0,0.0,,186.8760986328125,,0.1696912795305252,,0.18088683485984802,,,1.0062923431396484,,1.0,,,,,0.32259315252304077,,,,,,,,,,,,,,,,,,,,,,,,
7,12679,,,,,0.03751683980226517,,0.02105751819908619,,0.0,,0.2108045369386673,,0.0139210419729352,,0.20263239741325378,,,0.15830501914024353,0.03650780767202377,,0.00828652735799551,,0.17011842131614685,,0.51654052734375,,,0.5726703405380249,,0.0139210419729352,,,,,0.44137293100357056,,,,,,,,,,,,,,,,,,,,,,,,
7,12689,,,,,0.08128993958234787,,0.04196913540363312,,0.0,,0.09791787713766098,,0.9757176041603088,,0.20007486641407013,,,1.2040424346923828,3.7685439586639404,,0.8096956014633179,,0.17675866186618805,,0.4468052387237549,,,0.8676977157592773,,0.9757176041603088,,,,,0.4817628860473633,,,,,,,,,,,,,,,,,,,,,,,,
7,12699,,,,,0.03647466003894806,,0.05363723263144493,,0.0,,0.11291556805372238,,0.8971896767616272,,0.199226975440979,,,0.7060314416885376,3.215085983276367,,0.809272289276123,,0.1897859275341034,,0.44939613342285156,,,1.0167698860168457,,0.8971896767616272,,,,,0.5024809241294861,,,,,,,,,,,,,,,,,,,,,,,,
7,12709,,,,,0.11160346120595932,,0.011538127437233925,,0.0,,0.09217431396245956,,1.0,,0.19983254373073578,,,0.0,0.0,,193.91903686523438,,0.16556864976882935,,0.12770617008209229,,,0.9921082258224487,,1.0,,,,,0.29840990900993347,,,,,,,,,,,,,,,,,,,,,,,,
7,12719,,,,,0.05701015144586563,,0.019952360540628433,,0.0,,0.1867092102766037,,0.01946895942091942,,0.20239129662513733,,,0.1672821342945099,0.010370321571826935,,0.009948978200554848,,0.1711391806602478,,0.15183472633361816,,,0.4539411664009094,,0.01946895942091942,,,,,0.44090691208839417,,,,,,,,,,,,,,,,,,,,,,,,
7,12729,,,,,0.02692377381026745,,0.011838650330901146,,0.0,,0.16617637872695923,,0.009465893730521202,,0.2014697790145874,,,0.16551421582698822,0.02831222489476204,,0.007837693206965923,,0.16640032827854156,,0.17619702219963074,,,0.5435612201690674,,0.009465893730521202,,,,,0.40069839358329773,,,,,,,,,,,,,,,,,,,,,,,,
7,12739,,,,,0.04572397470474243,,0.02119171991944313,,0.0,,0.1947363018989563,,0.01665063574910164,,0.20240890979766846,,,0.15826137363910675,0.027710754424333572,,0.0072951591573655605,,0.17029407620429993,,0.4265035092830658,,,0.519957423210144,,0.01665063574910164,,,,,0.436673104763031,,,,,,,,,,,,,,,,,,,,,,,,
7,12749,,,,,0.13200098276138306,,0.011104525998234749,,0.0,,0.08343280851840973,,1.0,,0.20002028346061707,,,0.0,0.0,,192.18577575683594,,0.1654934585094452,,0.18250949680805206,,,1.0547778606414795,,1.0,,,,,0.321280300617218,,,,,,,,,,,,,,,,,,,,,,,,
7,12759,,,,,0.037571873515844345,,0.02912013977766037,,0.0,,0.1972467452287674,,1.0,,0.20184683799743652,,,0.0,0.0,,0.3789832592010498,,0.188471719622612,,0.5013139247894287,,,0.9571025967597961,,1.0,,,,,0.5589996576309204,,,,,,,,,,,,,,,,,,,,,,,,
7,12759,,,,,,,,,,,,,,,,,,,,,,,,,,,,,,,,,,,,,,0.6414146423339844,0.28485769033432007,0.06433413922786713,0.04910029098391533,0.06905992329120636,0.0,0.32343563437461853,0.38392308354377747,0.3063608705997467,0.4088675379753113,0.24186566472053528,13.797795295715332,0.25342389941215515,0.5505977869033813,0.8680915236473083,0.24373872578144073,0.38392308354377747,0.7060036659240723,0.87577885389328,0.4474775493144989,1.3017107248306274,1.418203592300415
7,12759,0.0219414159655571,0.05792165547609329,0.011369926854968071,0.01779245026409626,,0.02268422581255436,,0.0,,0.15570713579654694,,0.4762234091758728,,0.20225146412849426,,0.5452852845191956,0.26026567816734314,,,43.94135665893555,,0.17299485206604004,,0.315430611371994,,0.7923389673233032,0.47464483976364136,,0.4762234091758728,,0.4880208671092987,0.5869616270065308,0.32607367634773254,0.4362727999687195,,0.498814195394516,0.4565710425376892,,,,,,,,,,,,,,,,,,,,,,
8,12769,,,,,0.01841834932565689,,0.03189481794834137,,0.0,,0.10172420740127563,,0.9614477157592773,,0.1993633657693863,,,0.780965268611908,2.8311471939086914,,1.105381965637207,,0.16851501166820526,,0.3680548667907715,,,1.213436484336853,,0.9614477157592773,,,,,0.4347761273384094,,,,,,,,,,,,,,,,,,,,,,,,
8,12779,,,,,0.030708257108926773,,0.018383635208010674,,0.0,,0.19011059403419495,,0.00822287704795599,,0.20845861732959747,,,0.1528843641281128,0.02079184167087078,,0.004973453935235739,,0.17153942584991455,,0.17890623211860657,,,0.5044193267822266,,0.00822287704795599,,,,,0.4142792224884033,,,,,,,,,,,,,,,,,,,,,,,,
8,12789,,,,,0.03244118019938469,,0.011610658839344978,,0.0,,0.07451428472995758,,1.0,,0.20008568465709686,,,0.0,0.0,,186.08384704589844,,0.1629335582256317,,0.16573381423950195,,,1.0286637544631958,,1.0,,,,,0.30743899941444397,,,,,,,,,,,,,,,,,,,,,,,,
8,12799,,,,,0.10649102181196213,,0.015622968785464764,,0.0,,0.1551240235567093,,0.04706380516290665,,0.20041218400001526,,,0.16586320102214813,0.013974189758300781,,0.006670430302619934,,0.16388380527496338,,0.4118175208568573,,,0.5055708289146423,,0.04706380516290665,,,,,0.4672664403915405,,,,,,,,,,,,,,,,,,,,,,,,
8,12809,,,,,0.012810874730348587,,0.01172662153840065,,0.0,,0.09306289255619049,,1.0,,0.2007698267698288,,,0.0,0.0,,181.3773651123047,,0.1648457646369934,,0.12471654266119003,,,1.0319747924804688,,1.0,,,,,0.29756081104278564,,,,,,,,,,,,,,,,,,,,,,,,
8,12819,,,,,0.08603458851575851,,0.018000729382038116,,0.0,,0.18941670656204224,,0.03875908628106117,,0.20159173011779785,,,0.16029325127601624,0.011922947131097317,,0.005504250060766935,,0.16143997013568878,,0.11808089166879654,,,0.5078505277633667,,0.03875908628106117,,,,,0.460119366645813,,,,,,,,,,,,,,,,,,,,,,,,
8,12829,,,,,0.033607810735702515,,0.041026756167411804,,0.0,,0.19294403493404388,,1.0,,0.20149783790111542,,,0.0,0.0,,0.2679535150527954,,0.19664137065410614,,0.5189909934997559,,,1.0677047967910767,,1.0,,,,,0.5755504965782166,,,,,,,,,,,,,,,,,,,,,,,,
8,12839,,,,,0.03129870444536209,,0.04310005158185959,,0.0,,0.10326548665761948,,1.0516282320022583,,0.19945544004440308,,,0.6772727370262146,1.8467984199523926,,1.1487635374069214,,0.1762961894273758,,0.42226892709732056,,,1.0630502700805664,,1.0516282320022583,,,,,0.47219303250312805,,,,,,,,,,,,,,,,,,,,,,,,
8,12849,,,,,0.04556935280561447,,0.032745249569416046,,0.0,,0.08938316255807877,,0.8836442232131958,,0.19936802983283997,,,0.8915278315544128,1.7944355010986328,,0.9486760497093201,,0.1739928424358368,,0.43227750062942505,,,1.0020395517349243,,0.8836442232131958,,,,,0.4638833999633789,,,,,,,,,,,,,,,,,,,,,,,,
8,12859,,,,,0.03589072823524475,,0.015945915132761,,0.0,,0.15202593803405762,,0.015883002430200577,,0.20187583565711975,,,0.16023822128772736,0.01376282423734665,,0.007320785894989967,,0.1630377471446991,,0.13741979002952576,,,0.46589401364326477,,0.015883002430200577,,,,,0.39299434423446655,,,,,,,,,,,,,,,,,,,,,,,,
8,12869,,,,,0.03115912526845932,,0.018141966313123703,,0.0,,0.18502148985862732,,0.008667927235364914,,0.2008790522813797,,,0.17183998227119446,0.0182053130120039,,0.008346185088157654,,0.16402530670166016,,0.33925601840019226,,,0.54472815990448,,0.008667927235364914,,,,,0.4143887460231781,,,,,,,,,,,,,,,,,,,,,,,,
8,12879,,,,,0.021585911512374878,,0.01869838498532772,,0.0,,0.19438152015209198,,0.0071065351366996765,,0.20184928178787231,,,0.16728931665420532,0.013675634749233723,,0.007528110407292843,,0.1639706790447235,,0.46522992849349976,,,0.5215325355529785,,0.0071065351366996765,,,,,0.4052823781967163,,,,,,,,,,,,,,,,,,,,,,,,
8,12889,,,,,0.04335540533065796,,0.02201937884092331,,0.0,,0.19326983392238617,,0.01302497647702694,,0.2069617211818695,,,0.17153355479240417,0.022837741300463676,,0.0064816661179065704,,0.16770167648792267,,0.1642509251832962,,,0.516089677810669,,0.01302497647702694,,,,,0.4387581944465637,,,,,,,,,,,,,,,,,,,,,,,,
8,12899,,,,,0.0264145378023386,,0.020999129861593246,,0.0,,0.20052096247673035,,0.006777242757380009,,0.2006167769432068,,,0.1684161275625229,0.021517351269721985,,0.00563098955899477,,0.16461029648780823,,0.1727890968322754,,,0.5544072389602661,,0.006777242757380009,,,,,0.4175703525543213,,,,,,,,,,,,,,,,,,,,,,,,
8,12909,,,,,0.08971823751926422,,0.01957411877810955,,0.0,,0.19150498509407043,,0.04155014455318451,,0.20162725448608398,,,0.1644926369190216,0.04330124706029892,,0.011396091431379318,,0.16629868745803833,,0.36431628465652466,,,0.4647518992424011,,0.04155014455318451,,,,,0.4888157248497009,,,,,,,,,,,,,,,,,,,,,,,,
8,12919,,,,,0.03234999626874924,,0.037715815007686615,,0.0,,0.09624264389276505,,1.1234922409057617,,0.1991419494152069,,,0.7827062010765076,3.3265182971954346,,1.254746437072754,,0.18476398289203644,,0.361667662858963,,,1.4315685033798218,,1.1234922409057617,,,,,0.4397660493850708,,,,,,,,,,,,,,,,,,,,,,,,
8,12929,,,,,0.022031227126717567,,0.016833387315273285,,0.0,,0.1723301112651825,,0.009619062766432762,,0.2021312415599823,,,0.17229312658309937,0.008372594602406025,,0.0064342692494392395,,0.1601942926645279,,0.15367372334003448,,,0.555916428565979,,0.009619062766432762,,,,,0.3913257420063019,,,,,,,,,,,,,,,,,,,,,,,,
8,12939,,,,,0.025358961895108223,,0.01785026490688324,,0.0,,0.19698408246040344,,0.010116655379533768,,0.20182305574417114,,,0.15862086415290833,0.01315250899642706,,0.005057929083704948,,0.1688109040260315,,0.37705206871032715,,,0.5364745855331421,,0.010116655379533768,,,,,0.40650874376296997,,,,,,,,,,,,,,,,,,,,,,,,
8,12949,,,,,0.023562870919704437,,0.014781184494495392,,0.0,,0.1733376383781433,,0.009364742785692215,,0.2007509469985962,,,0.16937924921512604,0.011591257527470589,,0.005271344445645809,,0.16437184810638428,,0.4166337251663208,,,0.48498523235321045,,0.009364742785692215,,,,,0.39330458641052246,,,,,,,,,,,,,,,,,,,,,,,,
8,12959,,,,,0.04797334969043732,,0.010108310729265213,,0.0,,0.09217622131109238,,1.0,,0.20036378502845764,,,0.0,0.0,,186.6410369873047,,0.16214479506015778,,0.16463886201381683,,,1.0095430612564087,,1.0,,,,,0.3147159814834595,,,,,,,,,,,,,,,,,,,,,,,,
8,12969,,,,,0.02561870589852333,,0.02828301675617695,,0.0,,0.17604021728038788,,1.0,,0.20180878043174744,,,0.0,0.0,,0.3110722303390503,,0.18135511875152588,,0.43846604228019714,,,0.9405498504638672,,1.0,,,,,0.5129765868186951,,,,,,,,,,,,,,,,,,,,,,,,
8,12979,,,,,0.0865347608923912,,0.02907523140311241,,0.0,,0.19381368160247803,,1.0,,0.20063066482543945,,,0.0,0.0,,0.2568924129009247,,0.1873793751001358,,0.44311827421188354,,,0.8549162149429321,,1.0,,,,,0.5270086526870728,,,,,,,,,,,,,,,,,,,,,,,,
8,12989,,,,,0.041239719837903976,,0.011279217898845673,,0.0,,0.09954310953617096,,1.0,,0.20125260949134827,,,0.0,0.0,,192.28170776367188,,0.16689495742321014,,0.13470017910003662,,,1.0737303495407104,,1.0,,,,,0.3068350553512573,,,,,,,,,,,,,,,,,,,,,,,,
8,12999,,,,,0.025327123701572418,,0.014100524596869946,,0.0,,0.16399627923965454,,0.01002400554716587,,0.20264363288879395,,,0.15887108445167542,0.014918822795152664,,0.006093276664614677,,0.16046912968158722,,0.18910489976406097,,,0.5297356843948364,,0.01002400554716587,,,,,0.3858734667301178,,,,,,,,,,,,,,,,,,,,,,,,
8,13009,,,,,0.022255782037973404,,0.019071320071816444,,0.0,,0.2161809504032135,,0.00759400799870491,,0.20138882100582123,,,0.15785160660743713,0.011378584429621696,,0.0046123601496219635,,0.16630442440509796,,0.13928605616092682,,,0.5324853658676147,,0.00759400799870491,,,,,0.410649836063385,,,,,,,,,,,,,,,,,,,,,,,,
8,13019,,,,,0.023003194481134415,,0.027158010751008987,,0.0,,0.15517652034759521,,1.0,,0.2000965029001236,,,0.0,0.0,,0.2559245824813843,,0.19049455225467682,,0.5048712491989136,,,1.0109394788742065,,1.0,,,,,0.5388984084129333,,,,,,,,,,,,,,,,,,,,,,,,
8,13029,,,,,0.021034684032201767,,0.012000169605016708,,0.0,,0.14486800134181976,,0.007291948422789574,,0.20752191543579102,,,0.17052848637104034,0.016799775883555412,,0.0034798081032931805,,0.15637633204460144,,0.40752699971199036,,,0.5276991128921509,,0.007291948422789574,,,,,0.3768218755722046,,,,,,,,,,,,,,,,,,,,,,,,
8,13039,,,,,0.07225281000137329,,0.01154183130711317,,0.0,,0.08272020518779755,,1.0,,0.20020203292369843,,,0.0,0.0,,180.5239715576172,,0.162485271692276,,0.16990992426872253,,,1.0299794673919678,,1.0,,,,,0.31342965364456177,,,,,,,,,,,,,,,,,,,,,,,,
8,13049,,,,,0.03154506906867027,,0.012128747999668121,,0.0,,0.0911519005894661,,1.0,,0.2011776715517044,,,0.0,0.0,,185.68801879882812,,0.17157426476478577,,0.19707991182804108,,,0.9637700319290161,,1.0,,,,,0.33655622601509094,,,,,,,,,,,,,,,,,,,,,,,,
8,13059,,,,,0.14359095692634583,,0.011531518772244453,,0.0,,0.1775035709142685,,0.06798438727855682,,0.20181922614574432,,,0.16660311818122864,0.039382509887218475,,0.005230841692537069,,0.15875187516212463,,0.4583800733089447,,,0.5834633708000183,,0.06798438727855682,,,,,0.5240023136138916,,,,,,,,,,,,,,,,,,,,,,,,
8,13069,,,,,0.030613990500569344,,0.016758408397436142,,0.0,,0.1865161806344986,,0.006978046149015427,,0.2023736983537674,,,0.16368970274925232,0.013841692358255386,,0.00850707944482565,,0.1630377322435379,,0.16270644962787628,,,0.4985964596271515,,0.006978046149015427,,,,,0.4079762399196625,,,,,,,,,,,,,,,,,,,,,,,,
8,13079,,,,,0.03225834295153618,,0.026017000898718834,,0.0,,0.17719434201717377,,1.0,,0.20120562613010406,,,0.0,0.0,,0.30142098665237427,,0.17929589748382568,,0.477728009223938,,,0.8700099587440491,,1.0,,,,,0.5307204723358154,,,,,,,,,,,,,,,,,,,,,,,,
8,13089,,,,,0.0818706750869751,,0.04120049998164177,,0.0,,0.1012580618262291,,0.9676845073699951,,0.199740469455719,,,0.4891335368156433,2.3436315059661865,,0.8954809904098511,,0.17777785658836365,,0.39560645818710327,,,1.0708143711090088,,0.9676845073699951,,,,,0.45779165625572205,,,,,,,,,,,,,,,,,,,,,,,,
8,13099,,,,,0.07630868256092072,,0.04189084470272064,,0.0,,0.09524023532867432,,0.9293532967567444,,0.1996251940727234,,,0.5996882319450378,4.182161331176758,,1.080322027206421,,0.17393724620342255,,0.427952378988266,,,0.8766607642173767,,0.9293532967567444,,,,,0.46932297945022583,,,,,,,,,,,,,,,,,,,,,,,,
8,13109,,,,,0.03247121721506119,,0.015926383435726166,,0.0,,0.17380908131599426,,0.013471901416778564,,0.20263591408729553,,,0.16378335654735565,0.012156606651842594,,0.004546448588371277,,0.16471970081329346,,0.36460936069488525,,,0.5514078140258789,,0.013471901416778564,,,,,0.40125998854637146,,,,,,,,,,,,,,,,,,,,,,,,
8,13119,,,,,0.021491605788469315,,0.016416799277067184,,0.0,,0.17259162664413452,,0.008880184963345528,,0.20239688456058502,,,0.17722944915294647,0.019569598138332367,,0.008755356073379517,,0.1620590090751648,,0.1326480656862259,,,0.5390474200248718,,0.008880184963345528,,,,,0.4010009467601776,,,,,,,,,,,,,,,,,,,,,,,,
8,13129,,,,,0.020965993404388428,,0.018961861729621887,,0.0,,0.18261860311031342,,0.0068963877856731415,,0.2006114423274994,,,0.15597207844257355,0.010961142368614674,,0.007092948071658611,,0.163446307182312,,0.4491899013519287,,,0.5560041069984436,,0.0068963877856731415,,,,,0.3907981514930725,,,,,,,,,,,,,,,,,,,,,,,,
8,13139,,,,,0.026787487789988518,,0.0162823349237442,,0.0,,0.1955617368221283,,0.009869880974292755,,0.20135319232940674,,,0.15926532447338104,0.005620075389742851,,0.00507631478831172,,0.16176921129226685,,0.14836004376411438,,,0.5011555552482605,,0.009869880974292755,,,,,0.3992515802383423,,,,,,,,,,,,,,,,,,,,,,,,
8,13149,,,,,0.033176347613334656,,0.012898814864456654,,0.0,,0.08227574080228806,,1.0,,0.19952207803726196,,,0.0,0.0,,189.50619506835938,,0.16330339014530182,,0.16224846243858337,,,0.9931998252868652,,1.0,,,,,0.3101242184638977,,,,,,,,,,,,,,,,,,,,,,,,
8,13159,,,,,0.019426103681325912,,0.030627060681581497,,0.0,,0.18332509696483612,,1.0,,0.2009202390909195,,,0.0,0.0,,0.2546007037162781,,0.1798555850982666,,0.6006946563720703,,,0.9392435550689697,,1.0,,,,,0.5977113246917725,,,,,,,,,,,,,,,,,,,,,,,,
8,13169,,,,,0.02121119573712349,,0.024776911363005638,,0.0,,0.20770707726478577,,0.007284251041710377,,0.20093168318271637,,,0.1523684859275818,0.011888046748936176,,0.009504079818725586,,0.16638322174549103,,0.47621986269950867,,,0.5299999117851257,,0.007284251041710377,,,,,0.407990962266922,,,,,,,,,,,,,,,,,,,,,,,,
8,13179,,,,,0.030567821115255356,,0.02291005291044712,,0.0,,0.17973725497722626,,0.007717282511293888,,0.200408473610878,,,0.16696538031101227,0.015312813222408295,,0.011970967054367065,,0.16844189167022705,,0.17049051821231842,,,0.48320040106773376,,0.007717282511293888,,,,,0.4134412407875061,,,,,,,,,,,,,,,,,,,,,,,,
8,13189,,,,,0.02131297066807747,,0.009816471487283707,,0.0,,0.15792986750602722,,0.009637205861508846,,0.20129241049289703,,,0.15739981830120087,0.007854340597987175,,0.0057912832126021385,,0.15341061353683472,,0.1371098905801773,,,0.4897095859050751,,0.009637205861508846,,,,,0.3680604100227356,,,,,,,,,,,,,,,,,,,,,,,,
8,13199,,,,,0.02351383864879608,,0.015918049961328506,,0.0,,0.18288758397102356,,0.006384673528373241,,0.20271046459674835,,,0.15263362228870392,0.013383268378674984,,0.012167142704129219,,0.1588394045829773,,0.12187711894512177,,,0.4953494071960449,,0.006384673528373241,,,,,0.39278358221054077,,,,,,,,,,,,,,,,,,,,,,,,
8,13209,,,,,0.017242828384041786,,0.014056514948606491,,0.0,,0.186090886592865,,0.00695160124450922,,0.20242899656295776,,,0.16518346965312958,0.016073916107416153,,0.005583379417657852,,0.16036178171634674,,0.38178348541259766,,,0.5535486936569214,,0.00695160124450922,,,,,0.39213231205940247,,,,,,,,,,,,,,,,,,,,,,,,
8,13219,,,,,0.043941471725702286,,0.009606881998479366,,0.0,,0.08993861079216003,,1.0,,0.20025455951690674,,,0.0,0.0,,184.321533203125,,0.16426785290241241,,0.18131333589553833,,,0.986750602722168,,1.0,,,,,0.32269060611724854,,,,,,,,,,,,,,,,,,,,,,,,
8,13229,,,,,0.016057802364230156,,0.029885167255997658,,0.0,,0.13825181126594543,,1.0,,0.20148055255413055,,,0.0,0.0,,0.3775615096092224,,0.18243694305419922,,0.48837679624557495,,,1.1608517169952393,,1.0,,,,,0.520215630531311,,,,,,,,,,,,,,,,,,,,,,,,
8,13239,,,,,0.025642400607466698,,0.008550737053155899,,0.0,,0.092288076877594,,1.0,,0.1995650976896286,,,0.0,0.0,,184.9677734375,,0.16376179456710815,,0.2090248465538025,,,1.0353633165359497,,1.0,,,,,0.3365952670574188,,,,,,,,,,,,,,,,,,,,,,,,
8,13249,,,,,0.025718187913298607,,0.032208457589149475,,0.0,,0.10702244192361832,,1.1568667888641357,,0.19918017089366913,,,0.7892234325408936,2.683147430419922,,0.9541645050048828,,0.17148357629776,,0.37466931343078613,,,1.4189873933792114,,1.1568667888641357,,,,,0.4422819912433624,,,,,,,,,,,,,,,,,,,,,,,,
8,13259,,,,,0.02958380989730358,,0.016764454543590546,,0.0,,0.17077885568141937,,0.0079567339271307,,0.20312458276748657,,,0.15921145677566528,0.01202707551419735,,0.008988665416836739,,0.16749979555606842,,0.2243879735469818,,,0.5713881850242615,,0.0079567339271307,,,,,0.39878126978874207,,,,,,,,,,,,,,,,,,,,,,,,
8,13269,,,,,0.023400891572237015,,0.020001530647277832,,0.0,,0.20193696022033691,,0.007848852314054966,,0.20835426449775696,,,0.1657417118549347,0.012620651163160801,,0.007027605548501015,,0.16359373927116394,,0.14018183946609497,,,0.5139287710189819,,0.007848852314054966,,,,,0.4130391478538513,,,,,,,,,,,,,,,,,,,,,,,,
8,13279,,,,,0.021373599767684937,,0.030586861073970795,,0.0,,0.1015968844294548,,0.9640597701072693,,0.19910195469856262,,,0.639286458492279,4.102630615234375,,0.7785830497741699,,0.17248794436454773,,0.40073901414871216,,,1.1316475868225098,,0.9640597701072693,,,,,0.45225635170936584,,,,,,,,,,,,,,,,,,,,,,,,
8,13289,,,,,0.03607480227947235,,0.011153670027852058,,0.0,,0.09244854748249054,,1.0,,0.200708270072937,,,0.0,0.0,,182.32162475585938,,0.16534680128097534,,0.16853050887584686,,,1.0177167654037476,,1.0,,,,,0.31909388303756714,,,,,,,,,,,,,,,,,,,,,,,,
8,13299,,,,,0.01602189987897873,,0.017293781042099,,0.0,,0.17476388812065125,,0.0069725364446640015,,0.2022983878850937,,,0.20526108145713806,0.011704388074576855,,0.005121268797665834,,0.16601666808128357,,0.15162163972854614,,,0.520210862159729,,0.0069725364446640015,,,,,0.40725165605545044,,,,,,,,,,,,,,,,,,,,,,,,
8,13309,,,,,0.022859346121549606,,0.011017329059541225,,0.0,,0.16638995707035065,,0.0053192321211099625,,0.20063945651054382,,,0.15668705105781555,0.017218243330717087,,0.004638102371245623,,0.16195543110370636,,0.356695294380188,,,0.5156601667404175,,0.0053192321211099625,,,,,0.3821321129798889,,,,,,,,,,,,,,,,,,,,,,,,
8,13319,,,,,0.019125796854496002,,0.010134266689419746,,0.0,,0.09102994203567505,,1.0,,0.1996815800666809,,,0.0,0.0,,188.4579315185547,,0.16018229722976685,,0.17309054732322693,,,1.0779920816421509,,1.0,,,,,0.31705933809280396,,,,,,,,,,,,,,,,,,,,,,,,
8,13329,,,,,0.029555555433034897,,0.010774677619338036,,0.0,,0.09724496304988861,,1.0,,0.20007167756557465,,,0.0,0.0,,186.20455932617188,,0.16186949610710144,,0.16176559031009674,,,1.0130620002746582,,1.0,,,,,0.3158631920814514,,,,,,,,,,,,,,,,,,,,,,,,
8,13339,,,,,0.08407755941152573,,0.022567143663764,,0.0,,0.1822642683982849,,0.041381802409887314,,0.20194238424301147,,,0.15487198531627655,0.013187604025006294,,0.0078035942278802395,,0.16850653290748596,,0.18889550864696503,,,0.5499206185340881,,0.041381802409887314,,,,,0.45964932441711426,,,,,,,,,,,,,,,,,,,,,,,,
8,13349,,,,,0.030247580260038376,,0.03372817486524582,,0.0,,0.11368323862552643,,1.0010817050933838,,0.19938716292381287,,,1.1533247232437134,4.067820072174072,,0.8937159776687622,,0.177938312292099,,0.4060859680175781,,,1.3919479846954346,,1.0010817050933838,,,,,0.4654114246368408,,,,,,,,,,,,,,,,,,,,,,,,
8,13359,,,,,0.1040869653224945,,0.024660050868988037,,0.0,,0.20698294043540955,,0.04404708743095398,,0.20214873552322388,,,0.16180749237537384,0.012602348811924458,,0.009054082445800304,,0.16640010476112366,,0.502059280872345,,,0.5431078672409058,,0.04404708743095398,,,,,0.4959148168563843,,,,,,,,,,,,,,,,,,,,,,,,
8,13369,,,,,0.03233228251338005,,0.054170459508895874,,0.0,,0.11128301918506622,,0.9939767122268677,,0.19970934092998505,,,0.6451670527458191,2.860605001449585,,1.0565096139907837,,0.19290325045585632,,0.381966233253479,,,1.401555061340332,,0.9939767122268677,,,,,0.47001615166664124,,,,,,,,,,,,,,,,,,,,,,,,
8,13379,,,,,0.1439572125673294,,0.01061747781932354,,0.0,,0.09959191828966141,,1.0,,0.19981749355793,,,0.0,0.0,,179.5799560546875,,0.16429200768470764,,0.1671237349510193,,,1.0063363313674927,,1.0,,,,,0.320721298456192,,,,,,,,,,,,,,,,,,,,,,,,
8,13389,,,,,0.01720602810382843,,0.0167516078799963,,0.0,,0.19472526013851166,,0.006107160821557045,,0.20178566873073578,,,0.1591549962759018,0.018051665276288986,,0.006359112914651632,,0.16459667682647705,,0.10636511445045471,,,0.5135313868522644,,0.006107160821557045,,,,,0.3979185223579407,,,,,,,,,,,,,,,,,,,,,,,,
8,13399,,,,,0.04374212771654129,,0.014273803681135178,,0.0,,0.1733541190624237,,0.010630679316818714,,0.20096135139465332,,,0.17474661767482758,0.021787410601973534,,0.006501974072307348,,0.16051284968852997,,0.329124391078949,,,0.5293288230895996,,0.010630679316818714,,,,,0.4198111593723297,,,,,,,,,,,,,,,,,,,,,,,,
8,13409,,,,,0.028959987685084343,,0.016321958974003792,,0.0,,0.18503910303115845,,0.009683232754468918,,0.20297172665596008,,,0.1524992436170578,0.009422915056347847,,0.005784796085208654,,0.15784284472465515,,0.32657623291015625,,,0.4934946298599243,,0.009683232754468918,,,,,0.3939012885093689,,,,,,,,,,,,,,,,,,,,,,,,
8,13419,,,,,0.019053902477025986,,0.010689791291952133,,0.0,,0.08685324341058731,,1.0,,0.20033787190914154,,,0.0,0.0,,181.52902221679688,,0.16253820061683655,,0.14442497491836548,,,0.9858036637306213,,1.0,,,,,0.30242204666137695,,,,,,,,,,,,,,,,,,,,,,,,
8,13429,,,,,0.022677328437566757,,0.00952781829982996,,0.0,,0.0856671929359436,,1.0,,0.1999165266752243,,,0.0,0.0,,183.93711853027344,,0.16264045238494873,,0.1385658085346222,,,0.9867712259292603,,1.0,,,,,0.2981588840484619,,,,,,,,,,,,,,,,,,,,,,,,
8,13439,,,,,0.02290135808289051,,0.013384167104959488,,0.0,,0.1732974648475647,,0.010485759936273098,,0.20020875334739685,,,0.15023578703403473,0.009705580770969391,,0.005124717019498348,,0.1556890606880188,,0.16410136222839355,,,0.5361102223396301,,0.010485759936273098,,,,,0.37672409415245056,,,,,,,,,,,,,,,,,,,,,,,,
8,13449,,,,,0.08397483825683594,,0.010800325311720371,,0.0,,0.08215133845806122,,1.0,,0.19981910288333893,,,0.0,0.0,,187.96090698242188,,0.16061940789222717,,0.1620517075061798,,,1.0448521375656128,,1.0,,,,,0.30772095918655396,,,,,,,,,,,,,,,,,,,,,,,,
8,13459,,,,,0.08852323889732361,,0.012660237029194832,,0.0,,0.08789332211017609,,1.0,,0.19963128864765167,,,0.0,0.0,,188.38973999023438,,0.16431313753128052,,0.15582172572612762,,,0.9855467081069946,,1.0,,,,,0.3101598620414734,,,,,,,,,,,,,,,,,,,,,,,,
8,13469,,,,,0.0247842688113451,,0.037426747381687164,,0.0,,0.10665874183177948,,0.9628929495811462,,0.1993207335472107,,,0.624383807182312,4.189352512359619,,1.1044013500213623,,0.18666991591453552,,0.3358423113822937,,,1.1858643293380737,,0.9628929495811462,,,,,0.4329592287540436,,,,,,,,,,,,,,,,,,,,,,,,
8,13479,,,,,0.02720993012189865,,0.013662436045706272,,0.0,,0.16060632467269897,,0.008876754902303219,,0.2057042121887207,,,0.17294763028621674,0.045686766505241394,,0.0065711550414562225,,0.16079166531562805,,0.1401452124118805,,,0.5164613723754883,,0.008876754902303219,,,,,0.4101950526237488,,,,,,,,,,,,,,,,,,,,,,,,
8,13489,,,,,0.0852658599615097,,0.04946479946374893,,0.0,,0.12626467645168304,,0.8566100597381592,,0.20007699728012085,,,0.5564596652984619,3.3894762992858887,,0.9578984975814819,,0.19212375581264496,,0.40643545985221863,,,2.084202766418457,,0.8566100597381592,,,,,0.4871828556060791,,,,,,,,,,,,,,,,,,,,,,,,
8,13499,,,,,0.06137683987617493,,0.03313043713569641,,0.0,,0.10343943536281586,,0.9323986172676086,,0.19932204484939575,,,0.6929847002029419,3.889544725418091,,0.9088701009750366,,0.17167942225933075,,0.47861748933792114,,,1.133886694908142,,0.9323986172676086,,,,,0.49309441447257996,,,,,,,,,,,,,,,,,,,,,,,,
8,13509,,,,,0.036286599934101105,,0.028788551688194275,,0.0,,0.22148393094539642,,1.0,,0.20299780368804932,,,0.0,0.0,,0.2387818545103073,,0.1831776350736618,,0.45696181058883667,,,0.9462466239929199,,1.0,,,,,0.546704888343811,,,,,,,,,,,,,,,,,,,,,,,,
8,13519,,,,,0.09481792151927948,,0.029778197407722473,,0.0,,0.11162958294153214,,0.8361738920211792,,0.19914856553077698,,,0.6781948208808899,3.232071876525879,,1.292797327041626,,0.17073194682598114,,0.5419823527336121,,,2.184379816055298,,0.8361738920211792,,,,,0.5266352891921997,,,,,,,,,,,,,,,,,,,,,,,,
8,13529,,,,,0.031116098165512085,,0.012075010687112808,,0.0,,0.08331228792667389,,1.0,,0.19939886033535004,,,0.0,0.0,,185.7999267578125,,0.16508686542510986,,0.17442408204078674,,,0.958655059337616,,1.0,,,,,0.3171485662460327,,,,,,,,,,,,,,,,,,,,,,,,
8,13539,,,,,0.03283604234457016,,0.00962298084050417,,0.0,,0.08300096541643143,,1.0,,0.20018622279167175,,,0.0,0.0,,181.4189910888672,,0.16850900650024414,,0.22737115621566772,,,1.0448849201202393,,1.0,,,,,0.3443451523780823,,,,,,,,,,,,,,,,,,,,,,,,
8,13549,,,,,0.01823601871728897,,0.013881559483706951,,0.0,,0.1833551824092865,,0.008016517385840416,,0.20134061574935913,,,0.16190370917320251,0.008411433547735214,,0.0052974834106862545,,0.16100060939788818,,0.15742644667625427,,,0.48560863733291626,,0.008016517385840416,,,,,0.3858312666416168,,,,,,,,,,,,,,,,,,,,,,,,
8,13559,,,,,0.03435501083731651,,0.052524689584970474,,0.0,,0.0970853939652443,,0.9813643097877502,,0.1992734968662262,,,0.6483853459358215,3.2456166744232178,,0.95721834897995,,0.19059288501739502,,0.5427653789520264,,,0.8806030750274658,,0.9813643097877502,,,,,0.5411208868026733,,,,,,,,,,,,,,,,,,,,,,,,
8,13569,,,,,0.024423085153102875,,0.03459596261382103,,0.0,,0.08694624900817871,,0.8443765640258789,,0.19922001659870148,,,0.7309505939483643,3.2308876514434814,,0.9804470539093018,,0.1741573065519333,,0.46576130390167236,,,0.92485511302948,,0.8443765640258789,,,,,0.4803404211997986,,,,,,,,,,,,,,,,,,,,,,,,
8,13579,,,,,0.02245260961353779,,0.01597442477941513,,0.0,,0.16953803598880768,,0.009211061522364616,,0.20060120522975922,,,0.17723137140274048,0.0158934835344553,,0.005934740882366896,,0.1632920205593109,,0.1907891035079956,,,0.48754453659057617,,0.009211061522364616,,,,,0.39668524265289307,,,,,,,,,,,,,,,,,,,,,,,,
8,13589,,,,,0.015952933579683304,,0.008146933279931545,,0.0,,0.08047782629728317,,1.0,,0.199741929769516,,,0.0,0.0,,190.67523193359375,,0.16333308815956116,,0.1493106484413147,,,1.0242438316345215,,1.0,,,,,0.30050522089004517,,,,,,,,,,,,,,,,,,,,,,,,
8,13599,,,,,0.0198490172624588,,0.017542630434036255,,0.0,,0.15786632895469666,,0.008967816829681396,,0.20219361782073975,,,0.17204350233078003,0.021635783836245537,,0.005621698684990406,,0.16440875828266144,,0.11930346488952637,,,0.4905710220336914,,0.008967816829681396,,,,,0.39050519466400146,,,,,,,,,,,,,,,,,,,,,,,,
8,13609,,,,,0.02738324925303459,,0.009347163140773773,,0.0,,0.0674993097782135,,1.0,,0.20007780194282532,,,0.0,0.0,,186.4653778076172,,0.16029034554958344,,0.19311556220054626,,,1.0923336744308472,,1.0,,,,,0.31516510248184204,,,,,,,,,,,,,,,,,,,,,,,,
8,13619,,,,,0.08351915329694748,,0.009272424504160881,,0.0,,0.07904253900051117,,1.0,,0.20552822947502136,,,0.0,0.0,,188.15280151367188,,0.1642857789993286,,0.13891908526420593,,,0.9962059855461121,,1.0,,,,,0.29852402210235596,,,,,,,,,,,,,,,,,,,,,,,,
8,13629,,,,,0.022785058245062828,,0.01874532550573349,,0.0,,0.18661928176879883,,0.009104307740926743,,0.2024679183959961,,,0.14719600975513458,0.012847913429141045,,0.007043616846203804,,0.1642356514930725,,0.4903644919395447,,,0.5221052169799805,,0.009104307740926743,,,,,0.39236292243003845,,,,,,,,,,,,,,,,,,,,,,,,
8,13639,,,,,0.020878082141280174,,0.03491923213005066,,0.0,,0.09684763848781586,,1.027688980102539,,0.19904613494873047,,,0.871947705745697,4.91579008102417,,0.7404438257217407,,0.17970269918441772,,0.47115159034729004,,,1.240710735321045,,1.027688980102539,,,,,0.4908336400985718,,,,,,,,,,,,,,,,,,,,,,,,
8,13649,,,,,0.07525255531072617,,0.025745362043380737,,0.0,,0.11220896244049072,,0.9501794576644897,,0.19947922229766846,,,0.6973400115966797,2.675136089324951,,1.104893445968628,,0.1702771782875061,,0.33728596568107605,,,1.134376049041748,,0.9501794576644897,,,,,0.42249834537506104,,,,,,,,,,,,,,,,,,,,,,,,
8,13659,,,,,0.08881406486034393,,0.030384918674826622,,0.0,,0.09860807657241821,,1.0819342136383057,,0.1992862969636917,,,0.634066641330719,3.03560209274292,,1.1241775751113892,,0.16694174706935883,,0.30698972940444946,,,0.9601095914840698,,1.0819342136383057,,,,,0.4011054039001465,,,,,,,,,,,,,,,,,,,,,,,,
8,13669,,,,,0.02725275605916977,,0.012845367193222046,,0.0,,0.1735377013683319,,0.01034619938582182,,0.2018757164478302,,,0.15414714813232422,0.011326846666634083,,0.006743639707565308,,0.15518154203891754,,0.4020363986492157,,,0.49123671650886536,,0.01034619938582182,,,,,0.38508176803588867,,,,,,,,,,,,,,,,,,,,,,,,
8,13679,,,,,0.023405127227306366,,0.04167049378156662,,0.0,,0.10127851366996765,,0.8889153599739075,,0.1993655413389206,,,0.7301173210144043,4.562119483947754,,0.9906182289123535,,0.17039436101913452,,0.4465647339820862,,,1.2138421535491943,,0.8889153599739075,,,,,0.4796368181705475,,,,,,,,,,,,,,,,,,,,,,,,
8,13689,,,,,0.025876417756080627,,0.022815797477960587,,0.0,,0.2087043672800064,,0.005802879109978676,,0.20202967524528503,,,0.1598467230796814,0.009194176644086838,,0.005161521956324577,,0.16935639083385468,,0.15007026493549347,,,0.49995654821395874,,0.005802879109978676,,,,,0.41443073749542236,,,,,,,,,,,,,,,,,,,,,,,,
8,13699,,,,,0.02293349802494049,,0.013073427602648735,,0.0,,0.17936721444129944,,0.007485741749405861,,0.20863768458366394,,,0.15093746781349182,0.007786568254232407,,0.005539536476135254,,0.15744808316230774,,0.13443472981452942,,,0.4812834858894348,,0.007485741749405861,,,,,0.3843284845352173,,,,,,,,,,,,,,,,,,,,,,,,
8,13709,,,,,0.02893422171473503,,0.03493395820260048,,0.0,,0.09255862236022949,,0.9150112867355347,,0.19909173250198364,,,0.9275335073471069,4.935682773590088,,0.8490617275238037,,0.17053550481796265,,0.444665789604187,,,1.1612827777862549,,0.9150112867355347,,,,,0.4708927869796753,,,,,,,,,,,,,,,,,,,,,,,,
8,13719,,,,,0.0755416750907898,,0.009465763345360756,,0.0,,0.0667853131890297,,1.0,,0.19954995810985565,,,0.0,0.0,,188.0345458984375,,0.16051439940929413,,0.16773048043251038,,,1.0089728832244873,,1.0,,,,,0.3020229637622833,,,,,,,,,,,,,,,,,,,,,,,,
8,13729,,,,,0.03769126906991005,,0.022037141025066376,,0.0,,0.17371223866939545,,0.01564035564661026,,0.1998126059770584,,,0.17237626016139984,0.02201063744723797,,0.009175888262689114,,0.1659219115972519,,0.11226809769868851,,,0.5068153142929077,,0.01564035564661026,,,,,0.42021462321281433,,,,,,,,,,,,,,,,,,,,,,,,
8,13739,,,,,0.02903919294476509,,0.01748918741941452,,0.0,,0.16347913444042206,,0.010624975897371769,,0.2044580578804016,,,0.1671728789806366,0.01931341551244259,,0.00568366888910532,,0.15629571676254272,,0.5422960519790649,,,0.46143457293510437,,0.010624975897371769,,,,,0.3959852457046509,,,,,,,,,,,,,,,,,,,,,,,,
8,13749,,,,,0.027664069086313248,,0.013458340428769588,,0.0,,0.16807639598846436,,0.010008844546973705,,0.20187127590179443,,,0.15519015491008759,0.01702786795794964,,0.006780009716749191,,0.15974977612495422,,0.15663300454616547,,,0.5605791807174683,,0.010008844546973705,,,,,0.38874098658561707,,,,,,,,,,,,,,,,,,,,,,,,
8,13759,,,,,0.12143797427415848,,0.020053183659911156,,0.0,,0.19076284766197205,,0.04701102524995804,,0.20219816267490387,,,0.17868851125240326,0.06999142467975616,,0.00863347016274929,,0.16265711188316345,,0.16113930940628052,,,0.5068684816360474,,0.04701102524995804,,,,,0.5379303693771362,,,,,,,,,,,,,,,,,,,,,,,,
8,13769,,,,,0.023190032690763474,,0.015413917601108551,,0.0,,0.17310580611228943,,0.008493657223880291,,0.20165348052978516,,,0.16898557543754578,0.00948548037558794,,0.005272447131574154,,0.15832509100437164,,0.16420915722846985,,,0.5040786266326904,,0.008493657223880291,,,,,0.38931089639663696,,,,,,,,,,,,,,,,,,,,,,,,
8,13779,,,,,0.024818111211061478,,0.015586035326123238,,0.0,,0.15853984653949738,,0.008136789314448833,,0.20020562410354614,,,0.15378259122371674,0.008099863305687904,,0.007016818970441818,,0.1583346277475357,,0.15622678399085999,,,0.5244027972221375,,0.008136789314448833,,,,,0.3756008446216583,,,,,,,,,,,,,,,,,,,,,,,,
8,13789,,,,,0.023700566962361336,,0.040857717394828796,,0.0,,0.10499805957078934,,1.0501948595046997,,0.1996430605649948,,,0.6878458857536316,4.052821636199951,,0.9759847521781921,,0.1794355809688568,,0.4377303123474121,,,1.1305742263793945,,1.0501948595046997,,,,,0.48133236169815063,,,,,,,,,,,,,,,,,,,,,,,,
8,13799,,,,,0.022572603076696396,,0.03903745487332344,,0.0,,0.08211139589548111,,1.0432593822479248,,0.19950801134109497,,,0.5415107011795044,3.235542058944702,,1.0797240734100342,,0.16875389218330383,,0.3837096691131592,,,1.3837404251098633,,1.0432593822479248,,,,,0.4365602135658264,,,,,,,,,,,,,,,,,,,,,,,,
8,13809,,,,,0.13877487182617188,,0.03551673889160156,,0.0,,0.08251321315765381,,1.0194523334503174,,0.19907379150390625,,,0.7723315358161926,5.876418590545654,,1.0341938734054565,,0.1776190549135208,,0.36769193410873413,,,0.919975221157074,,1.0194523334503174,,,,,0.4312073588371277,,,,,,,,,,,,,,,,,,,,,,,,
8,13819,,,,,0.08090023696422577,,0.013281816616654396,,0.0,,0.182717427611351,,0.038047440350055695,,0.20381437242031097,,,0.16327796876430511,0.014873532578349113,,0.005684636067599058,,0.1579195111989975,,0.36769193410873413,,,0.528388261795044,,0.038047440350055695,,,,,0.451684832572937,,,,,,,,,,,,,,,,,,,,,,,,
8,13829,,,,,0.03255845606327057,,0.019027460366487503,,0.0,,0.1700858771800995,,0.008231976069509983,,0.20311239361763,,,0.15162010490894318,0.00860697589814663,,0.005720171611756086,,0.15946322679519653,,0.1393897831439972,,,0.4912826418876648,,0.008231976069509983,,,,,0.3913765549659729,,,,,,,,,,,,,,,,,,,,,,,,
8,13839,,,,,0.01746623031795025,,0.012746337801218033,,0.0,,0.1556752771139145,,0.006271678023040295,,0.20039859414100647,,,0.15850615501403809,0.0062639848329126835,,0.005754904821515083,,0.15542063117027283,,0.1393897831439972,,,0.4756753146648407,,0.006271678023040295,,,,,0.36484915018081665,,,,,,,,,,,,,,,,,,,,,,,,
8,13849,,,,,0.037397049367427826,,0.01634414866566658,,0.0,,0.1719576120376587,,0.013722115196287632,,0.2023237943649292,,,0.15009431540966034,0.013516513630747795,,0.007922918535768986,,0.16545423865318298,,0.3890647888183594,,,0.5071593523025513,,0.013722115196287632,,,,,0.40120384097099304,,,,,,,,,,,,,,,,,,,,,,,,
8,13859,,,,,0.015791743993759155,,0.022225527092814445,,0.0,,0.19576029479503632,,0.00571440439671278,,0.20301689207553864,,,0.1573132872581482,0.01002638228237629,,0.006019366905093193,,0.16505809128284454,,0.14575546979904175,,,0.5007965564727783,,0.00571440439671278,,,,,0.39550167322158813,,,,,,,,,,,,,,,,,,,,,,,,
8,13869,,,,,0.017193790525197983,,0.02737247571349144,,0.0,,0.11035335808992386,,0.9552716016769409,,0.19957058131694794,,,0.60421222448349,5.161731243133545,,1.0246021747589111,,0.16759008169174194,,0.3709169030189514,,,1.2815192937850952,,0.9552716016769409,,,,,0.43790170550346375,,,,,,,,,,,,,,,,,,,,,,,,
8,13879,,,,,0.026737041771411896,,0.016014812514185905,,0.0,,0.18691366910934448,,0.006194490939378738,,0.20228974521160126,,,0.15571218729019165,0.010536521673202515,,0.00540970778092742,,0.16093093156814575,,0.16414977610111237,,,0.5062410235404968,,0.006194490939378738,,,,,0.3956408202648163,,,,,,,,,,,,,,,,,,,,,,,,
8,13889,,,,,0.019663900136947632,,0.02761095017194748,,0.0,,0.10977769643068314,,1.0714528560638428,,0.19910503923892975,,,0.6187951564788818,4.193534851074219,,1.0044909715652466,,0.17030927538871765,,0.43724584579467773,,,1.4252912998199463,,1.0714528560638428,,,,,0.47202441096305847,,,,,,,,,,,,,,,,,,,,,,,,
8,13899,,,,,0.040775030851364136,,0.012055031023919582,,0.0,,0.08577512204647064,,1.0,,0.20077013969421387,,,0.0,0.0,,183.9380340576172,,0.16400012373924255,,0.1506185382604599,,,1.0331977605819702,,1.0,,,,,0.30660948157310486,,,,,,,,,,,,,,,,,,,,,,,,
8,13909,,,,,0.017485255375504494,,0.012479688040912151,,0.0,,0.06895136088132858,,1.0,,0.20080047845840454,,,0.0,0.0,,181.3855438232422,,0.1569526642560959,,0.16175928711891174,,,1.0243499279022217,,1.0,,,,,0.3004717230796814,,,,,,,,,,,,,,,,,,,,,,,,
8,13919,,,,,0.03961857408285141,,0.009450008161365986,,0.0,,0.09057873487472534,,1.0,,0.20060332119464874,,,0.0,0.0,,187.1730194091797,,0.15832173824310303,,0.13832688331604004,,,0.9983084201812744,,1.0,,,,,0.29864034056663513,,,,,,,,,,,,,,,,,,,,,,,,
8,13929,,,,,0.02328137308359146,,0.01971357688307762,,0.0,,0.1640249490737915,,0.009107322432100773,,0.20095010101795197,,,0.157319575548172,0.01241967361420393,,0.0068639665842056274,,0.162185400724411,,0.4577755033969879,,,0.48748087882995605,,0.009107322432100773,,,,,0.385019987821579,,,,,,,,,,,,,,,,,,,,,,,,
8,13939,,,,,0.0212405938655138,,0.021673163399100304,,0.0,,0.18891100585460663,,0.009239153005182743,,0.20322276651859283,,,0.15143795311450958,0.017194299027323723,,0.006346696522086859,,0.16196659207344055,,0.1592818945646286,,,0.47966331243515015,,0.009239153005182743,,,,,0.3966168165206909,,,,,,,,,,,,,,,,,,,,,,,,
8,13949,,,,,0.019235379993915558,,0.01704910397529602,,0.0,,0.1800931841135025,,0.00854636449366808,,0.20040515065193176,,,0.1527465432882309,0.01615937612950802,,0.0072137825191020966,,0.16041794419288635,,0.18416067957878113,,,0.5225460529327393,,0.00854636449366808,,,,,0.3862779140472412,,,,,,,,,,,,,,,,,,,,,,,,
8,13959,,,,,0.022966478019952774,,0.009795276448130608,,0.0,,0.07314383238554001,,1.0,,0.20010048151016235,,,0.0,0.0,,185.18991088867188,,0.15914613008499146,,0.17326536774635315,,,1.0325353145599365,,1.0,,,,,0.30772554874420166,,,,,,,,,,,,,,,,,,,,,,,,
8,13969,,,,,0.017608467489480972,,0.008894301950931549,,0.0,,0.07476034015417099,,1.0,,0.1995657980442047,,,0.0,0.0,,182.42123413085938,,0.16405968368053436,,0.15457846224308014,,,1.0107512474060059,,1.0,,,,,0.3009292781352997,,,,,,,,,,,,,,,,,,,,,,,,
8,13979,,,,,0.1371491551399231,,0.02767135016620159,,0.0,,0.18010862171649933,,1.0,,0.20033878087997437,,,0.0,0.0,,0.2589002847671509,,0.17812401056289673,,0.4992271363735199,,,0.8545321226119995,,1.0,,,,,0.5427349209785461,,,,,,,,,,,,,,,,,,,,,,,,
8,13989,,,,,0.03918758034706116,,0.012239030562341213,,0.0,,0.08835011720657349,,1.0,,0.19983944296836853,,,0.0,0.0,,175.4390869140625,,0.16022655367851257,,0.18738098442554474,,,1.0567121505737305,,1.0,,,,,0.32401806116104126,,,,,,,,,,,,,,,,,,,,,,,,
8,13999,,,,,0.09299224615097046,,0.010597482323646545,,0.0,,0.10243940353393555,,1.0,,0.1997201144695282,,,0.0,0.0,,191.4366455078125,,0.16482725739479065,,0.14973455667495728,,,1.040956735610962,,1.0,,,,,0.3136594295501709,,,,,,,,,,,,,,,,,,,,,,,,
8,14009,,,,,0.019712530076503754,,0.0422758050262928,,0.0,,0.10193568468093872,,1.015958309173584,,0.19956405460834503,,,0.5571816563606262,4.827456474304199,,0.7669503092765808,,0.1825326383113861,,0.31444787979125977,,,0.9025465250015259,,1.015958309173584,,,,,0.42037802934646606,,,,,,,,,,,,,,,,,,,,,,,,
8,14019,,,,,0.02204740047454834,,0.03610476851463318,,0.0,,0.10731549561023712,,0.9388988018035889,,0.19927076995372772,,,0.7740355134010315,3.4537415504455566,,0.8068580627441406,,0.16975921392440796,,0.432127445936203,,,0.9709194898605347,,0.9388988018035889,,,,,0.4722888469696045,,,,,,,,,,,,,,,,,,,,,,,,
8,14029,,,,,0.08033383637666702,,0.030652889981865883,,0.0,,0.09979155659675598,,0.9911817312240601,,0.1997556835412979,,,0.7995452880859375,3.713747978210449,,1.0042223930358887,,0.1713542938232422,,0.3438989520072937,,,0.9050562381744385,,0.9911817312240601,,,,,0.42272669076919556,,,,,,,,,,,,,,,,,,,,,,,,
8,14039,,,,,0.08513467013835907,,0.01415007933974266,,0.0,,0.1946169137954712,,0.038150303065776825,,0.20028167963027954,,,0.15144199132919312,0.014228622429072857,,0.00897231325507164,,0.15700243413448334,,0.3377561569213867,,,0.48619699478149414,,0.038150303065776825,,,,,0.45548170804977417,,,,,,,,,,,,,,,,,,,,,,,,
8,14049,,,,,0.02619963139295578,,0.010184232145547867,,0.0,,0.08126108348369598,,1.0,,0.19982999563217163,,,0.0,0.0,,179.3943328857422,,0.16524583101272583,,0.16223198175430298,,,0.9682570695877075,,1.0,,,,,0.3093765676021576,,,,,,,,,,,,,,,,,,,,,,,,
8,14059,,,,,0.019599325954914093,,0.0353691503405571,,0.0,,0.1137389987707138,,0.9463040828704834,,0.1992635726928711,,,0.5623148679733276,2.9559264183044434,,1.3548734188079834,,0.17858660221099854,,0.4072268009185791,,,1.2458583116531372,,0.9463040828704834,,,,,0.4670925736427307,,,,,,,,,,,,,,,,,,,,,,,,
8,14069,,,,,0.016139063984155655,,0.016391512006521225,,0.0,,0.15770569443702698,,0.0053817713633179665,,0.20203453302383423,,,0.16068488359451294,0.007870114408433437,,0.005697988905012608,,0.17125621438026428,,0.4090844988822937,,,0.536749005317688,,0.0053817713633179665,,,,,0.37695953249931335,,,,,,,,,,,,,,,,,,,,,,,,
8,14079,,,,,0.026172099635004997,,0.011419102549552917,,0.0,,0.0776168555021286,,1.0,,0.20001235604286194,,,0.0,0.0,,179.92147827148438,,0.1652575433254242,,0.14057332277297974,,,1.0131795406341553,,1.0,,,,,0.2974395751953125,,,,,,,,,,,,,,,,,,,,,,,,
8,14089,,,,,0.03794347867369652,,0.010503297671675682,,0.0,,0.0739406943321228,,1.0,,0.19943855702877045,,,0.0,0.0,,188.27987670898438,,0.16569150984287262,,0.17291855812072754,,,0.9855856895446777,,1.0,,,,,0.3112463057041168,,,,,,,,,,,,,,,,,,,,,,,,
8,14099,,,,,0.03442453220486641,,0.028656896203756332,,0.0,,0.10636605322360992,,0.9761174917221069,,0.199075385928154,,,0.7284994125366211,2.8474297523498535,,1.3772367238998413,,0.17484527826309204,,0.3274339437484741,,,1.3401778936386108,,0.9761174917221069,,,,,0.41818878054618835,,,,,,,,,,,,,,,,,,,,,,,,
8,14109,,,,,0.020426256582140923,,0.016132518649101257,,0.0,,0.18560929596424103,,0.008520289324223995,,0.2007117122411728,,,0.15409496426582336,0.01383910421282053,,0.00382907222956419,,0.16107793152332306,,0.15373966097831726,,,0.48351308703422546,,0.008520289324223995,,,,,0.38807353377342224,,,,,,,,,,,,,,,,,,,,,,,,
8,14119,,,,,0.01816721260547638,,0.01409504096955061,,0.0,,0.16179974377155304,,0.006093254312872887,,0.2008894383907318,,,0.1501173973083496,0.014001784846186638,,0.0051508815959095955,,0.16487166285514832,,0.13995829224586487,,,0.5165899395942688,,0.006093254312872887,,,,,0.373630166053772,,,,,,,,,,,,,,,,,,,,,,,,
8,14129,,,,,0.0473303347826004,,0.019779684022068977,,0.0,,0.1856178641319275,,0.019882364198565483,,0.20098713040351868,,,0.15777352452278137,0.009721166454255581,,0.006245797500014305,,0.16168522834777832,,0.15163558721542358,,,0.4719688892364502,,0.019882364198565483,,,,,0.41823554039001465,,,,,,,,,,,,,,,,,,,,,,,,
8,14139,,,,,0.02371937409043312,,0.03190965950489044,,0.0,,0.09857530146837234,,0.9403204321861267,,0.19934411346912384,,,0.6429570913314819,3.50589919090271,,1.1015022993087769,,0.17372390627861023,,0.4400555491447449,,,0.9231672883033752,,0.9403204321861267,,,,,0.47180426120758057,,,,,,,,,,,,,,,,,,,,,,,,
8,14149,,,,,0.03299054875969887,,0.041594572365283966,,0.0,,0.12335265427827835,,0.9596409201622009,,0.19915194809436798,,,0.5412829518318176,3.4257845878601074,,0.9101094603538513,,0.18574070930480957,,0.37776434421539307,,,1.3040995597839355,,0.9596409201622009,,,,,0.4638020992279053,,,,,,,,,,,,,,,,,,,,,,,,
8,14159,,,,,0.09219630062580109,,0.04030195251107216,,0.0,,0.11310179531574249,,0.9193515777587891,,0.1999487429857254,,,0.6180323362350464,4.625949382781982,,0.8484705686569214,,0.17545375227928162,,0.3956936001777649,,,1.2476460933685303,,0.9193515777587891,,,,,0.4622499346733093,,,,,,,,,,,,,,,,,,,,,,,,
8,14169,,,,,0.04990978538990021,,0.013493670150637627,,0.0,,0.08170526474714279,,1.0,,0.19959232211112976,,,0.0,0.0,,181.7561492919922,,0.1622774600982666,,0.13698764145374298,,,1.0214307308197021,,1.0,,,,,0.29702818393707275,,,,,,,,,,,,,,,,,,,,,,,,
8,14179,,,,,0.03930558264255524,,0.012244489043951035,,0.0,,0.1704002469778061,,0.014965398237109184,,0.20155879855155945,,,0.15983250737190247,0.022249920293688774,,0.0053581963293254375,,0.15801668167114258,,0.14971846342086792,,,0.4833967685699463,,0.014965398237109184,,,,,0.4041360020637512,,,,,,,,,,,,,,,,,,,,,,,,
8,14189,,,,,0.03296389803290367,,0.011624446138739586,,0.0,,0.08724048733711243,,1.0,,0.20038577914237976,,,0.0,0.0,,183.85748291015625,,0.16567179560661316,,0.13728027045726776,,,0.9933116436004639,,1.0,,,,,0.3011013865470886,,,,,,,,,,,,,,,,,,,,,,,,
8,14199,,,,,0.08018657565116882,,0.03857824578881264,,0.0,,0.10820664465427399,,0.9528926014900208,,0.19932352006435394,,,0.8257564902305603,3.6981563568115234,,1.154563307762146,,0.16878895461559296,,0.3371225595474243,,,1.1319124698638916,,0.9528926014900208,,,,,0.4260099530220032,,,,,,,,,,,,,,,,,,,,,,,,
8,14209,,,,,0.03822790086269379,,0.014581788331270218,,0.0,,0.14531485736370087,,0.013600016012787819,,0.20097801089286804,,,0.16105197370052338,0.008694496005773544,,0.006442593410611153,,0.15697024762630463,,0.3488657474517822,,,0.5266656279563904,,0.013600016012787819,,,,,0.3852449059486389,,,,,,,,,,,,,,,,,,,,,,,,
8,14219,,,,,0.040389664471149445,,0.014530190266668797,,0.0,,0.18479445576667786,,0.016774434596300125,,0.2007455676794052,,,0.19163143634796143,0.011918487958610058,,0.00458848662674427,,0.15862444043159485,,0.44568580389022827,,,0.5478559732437134,,0.016774434596300125,,,,,0.42380619049072266,,,,,,,,,,,,,,,,,,,,,,,,
8,14229,,,,,0.018368052318692207,,0.05084734037518501,,0.0,,0.10850322246551514,,0.9863770008087158,,0.19925442337989807,,,0.7032122015953064,3.6269338130950928,,1.1897432804107666,,0.1880311816930771,,0.30840903520584106,,,0.9646400809288025,,0.9863770008087158,,,,,0.4275226294994354,,,,,,,,,,,,,,,,,,,,,,,,
8,14239,,,,,0.02551466040313244,,0.016926655545830727,,0.0,,0.1765809804201126,,0.007765552029013634,,0.20092520117759705,,,0.1808757185935974,0.018926342949271202,,0.011031411588191986,,0.15748430788516998,,0.13700419664382935,,,0.590442419052124,,0.007765552029013634,,,,,0.406889945268631,,,,,,,,,,,,,,,,,,,,,,,,
8,14249,,,,,0.048141300678253174,,0.011896657757461071,,0.0,,0.08738130331039429,,1.0,,0.20070016384124756,,,0.0,0.0,,187.6348114013672,,0.16123439371585846,,0.16451014578342438,,,0.9935051202774048,,1.0,,,,,0.3128613233566284,,,,,,,,,,,,,,,,,,,,,,,,
8,14259,,,,,0.028451664373278618,,0.019442811608314514,,0.0,,0.17378175258636475,,0.012026566080749035,,0.20026040077209473,,,0.1641170084476471,0.018720025196671486,,0.010031311772763729,,0.16114309430122375,,0.3114416003227234,,,0.44655635952949524,,0.012026566080749035,,,,,0.4021998345851898,,,,,,,,,,,,,,,,,,,,,,,,
8,14269,,,,,0.020545337349176407,,0.01274486631155014,,0.0,,0.1318667083978653,,0.00951248686760664,,0.1999051868915558,,,0.1641874760389328,0.010078253224492073,,0.006231722421944141,,0.1590450406074524,,0.39812350273132324,,,0.47932207584381104,,0.00951248686760664,,,,,0.362574964761734,,,,,,,,,,,,,,,,,,,,,,,,
8,14279,,,,,0.01931951940059662,,0.007942148484289646,,0.0,,0.07682616263628006,,1.0,,0.2003728747367859,,,0.0,0.0,,190.12014770507812,,0.16161179542541504,,0.17004741728305817,,,1.0050525665283203,,1.0,,,,,0.3084001839160919,,,,,,,,,,,,,,,,,,,,,,,,
8,14289,,,,,0.033968985080718994,,0.008522268384695053,,0.0,,0.08018238842487335,,1.0,,0.19983971118927002,,,0.0,0.0,,190.0221405029297,,0.16074909269809723,,0.171787828207016,,,1.06402587890625,,1.0,,,,,0.31054064631462097,,,,,,,,,,,,,,,,,,,,,,,,
8,14299,,,,,0.029207319021224976,,0.012088212184607983,,0.0,,0.18228982388973236,,0.00965101458132267,,0.203646719455719,,,0.17531244456768036,0.014666363596916199,,0.006952543742954731,,0.15807688236236572,,0.33456188440322876,,,0.5369950532913208,,0.00965101458132267,,,,,0.40572383999824524,,,,,,,,,,,,,,,,,,,,,,,,
8,14309,,,,,0.016668301075696945,,0.016632884740829468,,0.0,,0.16925331950187683,,0.0054369280114769936,,0.20094026625156403,,,0.15908139944076538,0.012120604515075684,,0.009711380116641521,,0.16148607432842255,,0.3673810660839081,,,0.466170072555542,,0.0054369280114769936,,,,,0.3812812566757202,,,,,,,,,,,,,,,,,,,,,,,,
8,14319,,,,,0.01871494948863983,,0.03029845841228962,,0.0,,0.10868047922849655,,1.159609317779541,,0.19929203391075134,,,0.6531515121459961,2.549482822418213,,1.0104362964630127,,0.16937503218650818,,0.34926772117614746,,,1.2751566171646118,,1.159609317779541,,,,,0.4284568727016449,,,,,,,,,,,,,,,,,,,,,,,,
8,14329,,,,,0.0799538791179657,,0.041764162480831146,,0.0,,0.10431985557079315,,0.8450883626937866,,0.1991259604692459,,,0.7502150535583496,5.280877113342285,,0.7630106806755066,,0.1728557050228119,,0.41055166721343994,,,1.0409550666809082,,0.8450883626937866,,,,,0.4643086791038513,,,,,,,,,,,,,,,,,,,,,,,,
8,14339,,,,,0.027918392792344093,,0.02996477112174034,,0.0,,0.10458628088235855,,0.9708940982818604,,0.19923825562000275,,,0.5040026307106018,2.870654344558716,,1.3963115215301514,,0.17089426517486572,,0.4077095687389374,,,1.1025440692901611,,0.9708940982818604,,,,,0.45619654655456543,,,,,,,,,,,,,,,,,,,,,,,,
8,14349,,,,,0.016455814242362976,,0.03345811367034912,,0.0,,0.1549566239118576,,1.0,,0.1999918669462204,,,0.0,0.0,,0.40243300795555115,,0.1873997002840042,,0.42481178045272827,,,0.9767430424690247,,1.0,,,,,0.5003090500831604,,,,,,,,,,,,,,,,,,,,,,,,
8,14354,,,,,,,,,,,,,,,,,,,,,,,,,,,,,,,,,,,,,,0.5522488951683044,0.23013192415237427,0.08128650486469269,0.07132305949926376,0.07183509320020676,0.0,0.35194817185401917,0.33971771597862244,0.30678269267082214,0.4256710410118103,0.25438547134399414,13.478060722351074,0.25414982438087463,0.5988293290138245,0.9209450483322144,0.24260126054286957,0.33971771597862244,0.7439768314361572,0.9826908707618713,0.48123347759246826,1.2366423606872559,1.3361736536026
8,14354,0.016170132905244827,0.0414065346121788,0.007360897492617369,0.011368990875780582,,0.020378008484840393,,0.0,,0.14184707403182983,,0.47585296630859375,,0.20140229165554047,,0.7551541924476624,0.2373359650373459,,,43.66679382324219,,0.16606445610523224,,0.28017985820770264,,0.7773698568344116,0.4729534387588501,,0.47585296630859375,,0.4544815421104431,0.5261514186859131,0.30842098593711853,0.40211668610572815,,0.4988819658756256,0.4162026643753052,,,,,,,,,,,,,,,,,,,,,,
9,14359,,,,,0.05332948639988899,,0.04257119446992874,,0.0,,0.09994760155677795,,1.0526127815246582,,0.19915294647216797,,,0.6845619678497314,3.290616273880005,,0.992759108543396,,0.17609909176826477,,0.37785887718200684,,,1.0097883939743042,,1.0526127815246582,,,,,0.44781485199928284,,,,,,,,,,,,,,,,,,,,,,,,
9,14369,,,,,0.028956210240721703,,0.013773377984762192,,0.0,,0.17536818981170654,,0.007776951417326927,,0.2014356553554535,,,0.1653861701488495,0.008152863942086697,,0.004397671669721603,,0.15840937197208405,,0.38170474767684937,,,0.46643656492233276,,0.007776951417326927,,,,,0.3924178183078766,,,,,,,,,,,,,,,,,,,,,,,,
9,14379,,,,,0.021560247987508774,,0.01716027595102787,,0.0,,0.1560152918100357,,0.006595399230718613,,0.20014646649360657,,,0.16114364564418793,0.01300257258117199,,0.010356181301176548,,0.16160917282104492,,0.17180252075195312,,,0.4591195583343506,,0.006595399230718613,,,,,0.38127705454826355,,,,,,,,,,,,,,,,,,,,,,,,
9,14389,,,,,0.019560588523745537,,0.013813646510243416,,0.0,,0.16654030978679657,,0.006147402338683605,,0.20522215962409973,,,0.16671934723854065,0.014441771432757378,,0.005249507259577513,,0.15855032205581665,,0.15453821420669556,,,0.4608655571937561,,0.006147402338683605,,,,,0.3848291039466858,,,,,,,,,,,,,,,,,,,,,,,,
9,14399,,,,,0.019218897446990013,,0.01628231815993786,,0.0,,0.16411173343658447,,0.007448033429682255,,0.20069389045238495,,,0.16272148489952087,0.005818434990942478,,0.0061445413157343864,,0.15538983047008514,,0.37923115491867065,,,0.4760180711746216,,0.007448033429682255,,,,,0.3747999966144562,,,,,,,,,,,,,,,,,,,,,,,,
9,14409,,,,,0.0194538626819849,,0.019640719518065453,,0.0,,0.18618561327457428,,0.005873844958841801,,0.20063747465610504,,,0.15834251046180725,0.018485141918063164,,0.006964072585105896,,0.15943586826324463,,0.32397207617759705,,,0.5370500683784485,,0.005873844958841801,,,,,0.39429953694343567,,,,,,,,,,,,,,,,,,,,,,,,
9,14419,,,,,0.031160173937678337,,0.045471809804439545,,0.0,,0.10796655714511871,,0.8411023616790771,,0.199271559715271,,,0.47226452827453613,2.396697998046875,,0.9436929225921631,,0.1932297945022583,,0.4491351842880249,,,1.6492794752120972,,0.8411023616790771,,,,,0.49753743410110474,,,,,,,,,,,,,,,,,,,,,,,,
9,14429,,,,,0.029261015355587006,,0.011252542957663536,,0.0,,0.08412206172943115,,1.0,,0.19964955747127533,,,0.0,0.0,,187.95530700683594,,0.1656857430934906,,0.15054965019226074,,,1.0036125183105469,,1.0,,,,,0.30562978982925415,,,,,,,,,,,,,,,,,,,,,,,,
9,14439,,,,,0.017434220761060715,,0.01493757776916027,,0.0,,0.17032678425312042,,0.0069887591525912285,,0.20109662413597107,,,0.16632337868213654,0.011301367543637753,,0.005384699907153845,,0.16091297566890717,,0.5401992797851562,,,0.535127580165863,,0.0069887591525912285,,,,,0.3825758993625641,,,,,,,,,,,,,,,,,,,,,,,,
9,14449,,,,,0.024516090750694275,,0.01175779290497303,,0.0,,0.0860239714384079,,1.0,,0.2001640796661377,,,0.0,0.0,,183.52944946289062,,0.16904985904693604,,0.1537955403327942,,,1.026663899421692,,1.0,,,,,0.31039562821388245,,,,,,,,,,,,,,,,,,,,,,,,
9,14459,,,,,0.0287247933447361,,0.008819114416837692,,0.0,,0.13323506712913513,,0.006821934133768082,,0.2020738124847412,,,0.15643326938152313,0.025840064510703087,,0.005512372590601444,,0.161124587059021,,0.4620502293109894,,,0.48883935809135437,,0.006821934133768082,,,,,0.3752439320087433,,,,,,,,,,,,,,,,,,,,,,,,
9,14469,,,,,0.034715160727500916,,0.021742582321166992,,0.0,,0.1899476796388626,,0.008523530326783657,,0.2008868008852005,,,0.15596716105937958,0.043124713003635406,,0.00794915109872818,,0.16487134993076324,,0.16035060584545135,,,0.48261165618896484,,0.008523530326783657,,,,,0.42695993185043335,,,,,,,,,,,,,,,,,,,,,,,,
9,14479,,,,,0.07869473099708557,,0.04129153862595558,,0.0,,0.08880900591611862,,0.9660007953643799,,0.1991027146577835,,,0.6685611009597778,3.0724990367889404,,1.4541776180267334,,0.18414410948753357,,0.33883464336395264,,,0.8238089084625244,,0.9660007953643799,,,,,0.4260910153388977,,,,,,,,,,,,,,,,,,,,,,,,
9,14489,,,,,0.02932039648294449,,0.04601724445819855,,0.0,,0.10657249391078949,,1.0445294380187988,,0.1992678940296173,,,0.5995705127716064,3.481844186782837,,1.0992368459701538,,0.1810327172279358,,0.3183039128780365,,,1.1925773620605469,,1.0445294380187988,,,,,0.4255971312522888,,,,,,,,,,,,,,,,,,,,,,,,
9,14499,,,,,0.029652217403054237,,0.0190025232732296,,0.0,,0.16449210047721863,,0.013368985615670681,,0.20049312710762024,,,0.16180582344532013,0.011653218418359756,,0.007786024361848831,,0.15405112504959106,,0.14131416380405426,,,0.4760945439338684,,0.013368985615670681,,,,,0.38929417729377747,,,,,,,,,,,,,,,,,,,,,,,,
9,14509,,,,,0.023259280249476433,,0.011375442147254944,,0.0,,0.08461692929267883,,1.0,,0.19999960064888,,,0.0,0.0,,178.20687866210938,,0.16466408967971802,,0.16590923070907593,,,0.9873139262199402,,1.0,,,,,0.31328266859054565,,,,,,,,,,,,,,,,,,,,,,,,
9,14519,,,,,0.021747801452875137,,0.0101099144667387,,0.0,,0.08346060663461685,,1.0,,0.20003491640090942,,,0.0,0.0,,186.15267944335938,,0.1626058965921402,,0.13944002985954285,,,1.002434253692627,,1.0,,,,,0.2978256940841675,,,,,,,,,,,,,,,,,,,,,,,,
9,14529,,,,,0.03437567502260208,,0.019180316478013992,,0.0,,0.18284264206886292,,0.006560375913977623,,0.2012360692024231,,,0.16840089857578278,0.043144870549440384,,0.00574012054130435,,0.16434063017368317,,0.4234563708305359,,,0.43199238181114197,,0.006560375913977623,,,,,0.4268184304237366,,,,,,,,,,,,,,,,,,,,,,,,
9,14539,,,,,0.0338779091835022,,0.038937900215387344,,0.0,,0.10523473471403122,,0.8832283020019531,,0.19895680248737335,,,0.6234427690505981,2.0197503566741943,,1.347469687461853,,0.17548689246177673,,0.3807987570762634,,,0.9316773414611816,,0.8832283020019531,,,,,0.4497075378894806,,,,,,,,,,,,,,,,,,,,,,,,
9,14549,,,,,0.017424793913960457,,0.014872893691062927,,0.0,,0.18801315128803253,,0.005635752342641354,,0.20135080814361572,,,0.16028624773025513,0.005209935363382101,,0.004531641490757465,,0.16613450646400452,,0.39528095722198486,,,0.4720724821090698,,0.005635752342641354,,,,,0.3876243829727173,,,,,,,,,,,,,,,,,,,,,,,,
9,14559,,,,,0.02003176510334015,,0.03005380928516388,,0.0,,0.08985166251659393,,0.9660693407058716,,0.19915758073329926,,,0.5837628245353699,3.629401683807373,,1.1110633611679077,,0.17434431612491608,,0.3585953712463379,,,0.8453085422515869,,0.9660693407058716,,,,,0.4260013699531555,,,,,,,,,,,,,,,,,,,,,,,,
9,14569,,,,,0.025889618322253227,,0.017597079277038574,,0.0,,0.191787451505661,,0.007025085389614105,,0.20107606053352356,,,0.14978189766407013,0.009931955486536026,,0.007103048264980316,,0.1610543429851532,,0.42763930559158325,,,0.5332099199295044,,0.007025085389614105,,,,,0.39505553245544434,,,,,,,,,,,,,,,,,,,,,,,,
9,14579,,,,,0.08413558453321457,,0.015176535584032536,,0.0,,0.1611987203359604,,0.037145137786865234,,0.20128360390663147,,,0.15791650116443634,0.007080510258674622,,0.0034091451670974493,,0.16384482383728027,,0.15307307243347168,,,0.5008058547973633,,0.037145137786865234,,,,,0.4390904903411865,,,,,,,,,,,,,,,,,,,,,,,,
9,14589,,,,,0.01901809126138687,,0.0217302069067955,,0.0,,0.1813826858997345,,0.00702314916998148,,0.2005462795495987,,,0.16002732515335083,0.008642023429274559,,0.006370208691805601,,0.1626800298690796,,0.4348852038383484,,,0.5188782215118408,,0.00702314916998148,,,,,0.38970744609832764,,,,,,,,,,,,,,,,,,,,,,,,
9,14599,,,,,0.02130342647433281,,0.014828085899353027,,0.0,,0.17868536710739136,,0.008701217360794544,,0.2011341154575348,,,0.1501498967409134,0.011662398464977741,,0.004422573372721672,,0.15972250699996948,,0.4155433177947998,,,0.5151922702789307,,0.008701217360794544,,,,,0.381605863571167,,,,,,,,,,,,,,,,,,,,,,,,
9,14609,,,,,0.0212844405323267,,0.039801545441150665,,0.0,,0.11987711489200592,,1.0208748579025269,,0.19909121096134186,,,0.49031317234039307,1.8150352239608765,,1.024300217628479,,0.178665429353714,,0.5086892247200012,,,1.375335454940796,,1.0208748579025269,,,,,0.5230622291564941,,,,,,,,,,,,,,,,,,,,,,,,
9,14619,,,,,0.03114056959748268,,0.015965241938829422,,0.0,,0.16180206835269928,,0.008429188281297684,,0.2044285535812378,,,0.16495579481124878,0.016735319048166275,,0.007786259055137634,,0.16016258299350739,,0.17822502553462982,,,0.5019261837005615,,0.008429188281297684,,,,,0.39705848693847656,,,,,,,,,,,,,,,,,,,,,,,,
9,14629,,,,,0.020765643566846848,,0.03899715095758438,,0.0,,0.09966599196195602,,1.1311213970184326,,0.1996327042579651,,,0.5945708751678467,3.3204433917999268,,1.318969964981079,,0.18704946339130402,,0.5041399002075195,,,1.5976123809814453,,1.1311213970184326,,,,,0.5147426128387451,,,,,,,,,,,,,,,,,,,,,,,,
9,14639,,,,,0.024197561666369438,,0.010705702006816864,,0.0,,0.07847172766923904,,1.0,,0.2001846432685852,,,0.0,0.0,,193.14581298828125,,0.16162337362766266,,0.1436118334531784,,,0.9916226863861084,,1.0,,,,,0.2972986400127411,,,,,,,,,,,,,,,,,,,,,,,,
9,14649,,,,,0.022777799516916275,,0.015140138566493988,,0.0,,0.16451741755008698,,0.010295815765857697,,0.20169459283351898,,,0.14854061603546143,0.008132739923894405,,0.005778757855296135,,0.1590133011341095,,0.1438203603029251,,,0.47191983461380005,,0.010295815765857697,,,,,0.37418657541275024,,,,,,,,,,,,,,,,,,,,,,,,
9,14659,,,,,0.021642059087753296,,0.04157814383506775,,0.0,,0.1252661496400833,,0.9171223640441895,,0.1993088275194168,,,0.6731195449829102,3.0279922485351562,,1.0205824375152588,,0.18500438332557678,,0.4071916341781616,,,1.302249550819397,,0.9171223640441895,,,,,0.47917458415031433,,,,,,,,,,,,,,,,,,,,,,,,
9,14669,,,,,0.03691959008574486,,0.038140758872032166,,0.0,,0.09515626728534698,,0.9491153955459595,,0.1992238461971283,,,0.8457860946655273,4.607330322265625,,0.9433557391166687,,0.17490020394325256,,0.34010255336761475,,,1.0294828414916992,,0.9491153955459595,,,,,0.42376184463500977,,,,,,,,,,,,,,,,,,,,,,,,
9,14679,,,,,0.08220771700143814,,0.013330874033272266,,0.0,,0.1646711379289627,,0.03854160010814667,,0.20145699381828308,,,0.14896506071090698,0.014155450277030468,,0.004527362063527107,,0.15358474850654602,,0.15757079422473907,,,0.5396066904067993,,0.03854160010814667,,,,,0.4325535297393799,,,,,,,,,,,,,,,,,,,,,,,,
9,14689,,,,,0.04478633776307106,,0.031121734529733658,,0.0,,0.08966255187988281,,1.0083338022232056,,0.19914062321186066,,,0.7351506948471069,3.4613234996795654,,1.3014018535614014,,0.166037917137146,,0.38326960802078247,,,1.1671196222305298,,1.0083338022232056,,,,,0.43461620807647705,,,,,,,,,,,,,,,,,,,,,,,,
9,14699,,,,,0.020438069477677345,,0.03474909067153931,,0.0,,0.10014892369508743,,1.0095034837722778,,0.19937841594219208,,,0.5705426931381226,3.859982967376709,,1.155780553817749,,0.17875713109970093,,0.37788498401641846,,,0.9121295213699341,,1.0095034837722778,,,,,0.4454592764377594,,,,,,,,,,,,,,,,,,,,,,,,
9,14709,,,,,0.12223677337169647,,0.01314797904342413,,0.0,,0.15215006470680237,,0.058290235698223114,,0.21476292610168457,,,0.16128060221672058,0.017458299174904823,,0.008086658082902431,,0.1583275943994522,,0.12035340070724487,,,0.49555376172065735,,0.058290235698223114,,,,,0.484843909740448,,,,,,,,,,,,,,,,,,,,,,,,
9,14719,,,,,0.01749827340245247,,0.013943861238658428,,0.0,,0.15597787499427795,,0.007656796835362911,,0.20297394692897797,,,0.1547234058380127,0.006234337110072374,,0.005507645662873983,,0.15605023503303528,,0.12169146537780762,,,0.5264914035797119,,0.007656796835362911,,,,,0.36520394682884216,,,,,,,,,,,,,,,,,,,,,,,,
9,14729,,,,,0.018736276775598526,,0.010748842731118202,,0.0,,0.17317821085453033,,0.006422367878258228,,0.2018098384141922,,,0.16116853058338165,0.014821477234363556,,0.0072270603850483894,,0.1560407280921936,,0.27906638383865356,,,0.4449281394481659,,0.006422367878258228,,,,,0.3812336027622223,,,,,,,,,,,,,,,,,,,,,,,,
9,14739,,,,,0.11414539813995361,,0.016992872580885887,,0.0,,0.1697826236486435,,0.054755352437496185,,0.20540553331375122,,,0.1588135063648224,0.005782520864158869,,0.005113978870213032,,0.15931019186973572,,0.1469937264919281,,,0.5581769943237305,,0.054755352437496185,,,,,0.4747459888458252,,,,,,,,,,,,,,,,,,,,,,,,
9,14749,,,,,0.13393272459506989,,0.0146105345338583,,0.0,,0.17741578817367554,,0.06427647173404694,,0.1999945491552353,,,0.14363993704319,0.00997740775346756,,0.007257642224431038,,0.1594628095626831,,0.21987777948379517,,,0.5426231622695923,,0.06427647173404694,,,,,0.4901120662689209,,,,,,,,,,,,,,,,,,,,,,,,
9,14759,,,,,0.015345481224358082,,0.01513577625155449,,0.0,,0.16490769386291504,,0.005271309986710548,,0.20166844129562378,,,0.1531142145395279,0.009409954771399498,,0.005316807888448238,,0.16176418960094452,,0.1616809070110321,,,0.4618581533432007,,0.005271309986710548,,,,,0.37100401520729065,,,,,,,,,,,,,,,,,,,,,,,,
9,14769,,,,,0.02287706732749939,,0.01182690728455782,,0.0,,0.08398813009262085,,1.0,,0.1997649073600769,,,0.0,0.0,,185.20309448242188,,0.15757155418395996,,0.1463550478219986,,,1.0190162658691406,,1.0,,,,,0.2997532784938812,,,,,,,,,,,,,,,,,,,,,,,,
9,14779,,,,,0.035088635981082916,,0.010686485096812248,,0.0,,0.076236292719841,,1.0,,0.1998840868473053,,,0.0,0.0,,185.48049926757812,,0.15815408527851105,,0.14546018838882446,,,1.0324130058288574,,1.0,,,,,0.2952105700969696,,,,,,,,,,,,,,,,,,,,,,,,
9,14789,,,,,0.021027103066444397,,0.010426459833979607,,0.0,,0.08315762877464294,,1.0,,0.20237085223197937,,,0.0,0.0,,190.26446533203125,,0.16273194551467896,,0.11660821735858917,,,0.9957111477851868,,1.0,,,,,0.287647545337677,,,,,,,,,,,,,,,,,,,,,,,,
9,14799,,,,,0.015412140637636185,,0.010729418136179447,,0.0,,0.14466865360736847,,0.007304204627871513,,0.20099490880966187,,,0.13897444307804108,0.01219394151121378,,0.005654848646372557,,0.15294571220874786,,0.3173500895500183,,,0.46869999170303345,,0.007304204627871513,,,,,0.34849312901496887,,,,,,,,,,,,,,,,,,,,,,,,
9,14809,,,,,0.01934043876826763,,0.0187760591506958,,0.0,,0.15035803616046906,,0.008320401422679424,,0.20102617144584656,,,0.14566539227962494,0.015624627470970154,,0.006593827158212662,,0.15927591919898987,,0.3144682049751282,,,0.4859086275100708,,0.008320401422679424,,,,,0.36800047755241394,,,,,,,,,,,,,,,,,,,,,,,,
9,14819,,,,,0.019683051854372025,,0.01426143478602171,,0.0,,0.18977077305316925,,0.007534460164606571,,0.2109249383211136,,,0.15846562385559082,0.007443541195243597,,0.0054567791521549225,,0.15915894508361816,,0.12429407238960266,,,0.489351749420166,,0.007534460164606571,,,,,0.392424076795578,,,,,,,,,,,,,,,,,,,,,,,,
9,14829,,,,,0.025463975965976715,,0.00869758240878582,,0.0,,0.07348471879959106,,1.0,,0.1997150182723999,,,0.0,0.0,,193.55450439453125,,0.1637507528066635,,0.17475056648254395,,,1.0480988025665283,,1.0,,,,,0.3101993203163147,,,,,,,,,,,,,,,,,,,,,,,,
9,14839,,,,,0.021569129079580307,,0.009294259361922741,,0.0,,0.088701993227005,,1.0,,0.1995762586593628,,,0.0,0.0,,189.65452575683594,,0.1626184582710266,,0.1457153707742691,,,1.050398826599121,,1.0,,,,,0.30295318365097046,,,,,,,,,,,,,,,,,,,,,,,,
9,14849,,,,,0.013664394617080688,,0.013908617198467255,,0.0,,0.17431356012821198,,0.0034696198999881744,,0.20079359412193298,,,0.15064877271652222,0.017168400809168816,,0.003416147083044052,,0.16083067655563354,,0.3975680470466614,,,0.47268739342689514,,0.0034696198999881744,,,,,0.37420424818992615,,,,,,,,,,,,,,,,,,,,,,,,
9,14859,,,,,0.023032065480947495,,0.011663895100355148,,0.0,,0.1716589331626892,,0.005608662031590939,,0.20122893154621124,,,0.1566850244998932,0.012093095108866692,,0.004033989273011684,,0.16335564851760864,,0.36978185176849365,,,0.4627075493335724,,0.005608662031590939,,,,,0.383391797542572,,,,,,,,,,,,,,,,,,,,,,,,
9,14869,,,,,0.015647802501916885,,0.012273909524083138,,0.0,,0.08775819092988968,,1.0,,0.19995331764221191,,,0.0,0.0,,183.9249267578125,,0.1634158045053482,,0.1962493360042572,,,1.0157909393310547,,1.0,,,,,0.3298252820968628,,,,,,,,,,,,,,,,,,,,,,,,
9,14879,,,,,0.014458923600614071,,0.024284888058900833,,0.0,,0.08210638165473938,,1.0046238899230957,,0.19914551079273224,,,0.7693959474563599,4.784849166870117,,1.0610698461532593,,0.15929485857486725,,0.354769766330719,,,1.3129435777664185,,1.0046238899230957,,,,,0.4098007082939148,,,,,,,,,,,,,,,,,,,,,,,,
9,14889,,,,,0.022786088287830353,,0.017864899709820747,,0.0,,0.1889161914587021,,0.008980882354080677,,0.2007022500038147,,,0.15453141927719116,0.007362494245171547,,0.004996257834136486,,0.1542346179485321,,0.4214363694190979,,,0.45612719655036926,,0.008980882354080677,,,,,0.38709014654159546,,,,,,,,,,,,,,,,,,,,,,,,
9,14899,,,,,0.01547177042812109,,0.028228728100657463,,0.0,,0.18123199045658112,,0.005844078026711941,,0.20068547129631042,,,0.15401963889598846,0.007860071957111359,,0.0070890868082642555,,0.16402199864387512,,0.13036420941352844,,,0.4824429452419281,,0.005844078026711941,,,,,0.38704025745391846,,,,,,,,,,,,,,,,,,,,,,,,
9,14909,,,,,0.019598698243498802,,0.01693522371351719,,0.0,,0.17419061064720154,,0.006029242649674416,,0.2012348622083664,,,0.1597621887922287,0.008396201767027378,,0.00706165935844183,,0.15968942642211914,,0.15871059894561768,,,0.5329186916351318,,0.006029242649674416,,,,,0.38323378562927246,,,,,,,,,,,,,,,,,,,,,,,,
9,14919,,,,,0.02977915108203888,,0.03726758807897568,,0.0,,0.1026679202914238,,0.8165093064308167,,0.199243426322937,,,0.5521954894065857,2.91227126121521,,1.0590375661849976,,0.18099012970924377,,0.31180906295776367,,,1.3608944416046143,,0.8165093064308167,,,,,0.41598907113075256,,,,,,,,,,,,,,,,,,,,,,,,
9,14929,,,,,0.014844848774373531,,0.027471140027046204,,0.0,,0.15766111016273499,,1.0,,0.20051106810569763,,,0.0,0.0,,0.2927241325378418,,0.18689623475074768,,0.4722863435745239,,,1.1580973863601685,,1.0,,,,,0.5224129557609558,,,,,,,,,,,,,,,,,,,,,,,,
9,14939,,,,,0.07346025854349136,,0.01336501631885767,,0.0,,0.15243209898471832,,0.03404998779296875,,0.2050684243440628,,,0.16075091063976288,0.0162468533962965,,0.004810644779354334,,0.15686997771263123,,0.1384696662425995,,,0.5071021318435669,,0.03404998779296875,,,,,0.42823222279548645,,,,,,,,,,,,,,,,,,,,,,,,
9,14949,,,,,0.01186017133295536,,0.013212035410106182,,0.0,,0.15922382473945618,,0.004400449804961681,,0.19951975345611572,,,0.1491071879863739,0.008980754762887955,,0.004639111924916506,,0.1560375839471817,,0.12239491939544678,,,0.4800063967704773,,0.004400449804961681,,,,,0.35722026228904724,,,,,,,,,,,,,,,,,,,,,,,,
9,14959,,,,,0.02644662745296955,,0.028794165700674057,,0.0,,0.08918604254722595,,0.9739859104156494,,0.1992533951997757,,,0.6013287901878357,4.019517421722412,,1.0226781368255615,,0.1633560061454773,,0.36836349964141846,,,1.2858712673187256,,0.9739859104156494,,,,,0.4244765639305115,,,,,,,,,,,,,,,,,,,,,,,,
9,14969,,,,,0.027801737189292908,,0.029288167133927345,,0.0,,0.08522211760282516,,0.9178956747055054,,0.1992739886045456,,,0.6534905433654785,2.6384963989257812,,1.4546550512313843,,0.17119190096855164,,0.35201072692871094,,,1.3959643840789795,,0.9178956747055054,,,,,0.41849344968795776,,,,,,,,,,,,,,,,,,,,,,,,
9,14979,,,,,0.014721374958753586,,0.009744921699166298,,0.0,,0.0961221233010292,,1.0,,0.19985583424568176,,,0.0,0.0,,185.25192260742188,,0.16083136200904846,,0.14255312085151672,,,1.0184699296951294,,1.0,,,,,0.30455368757247925,,,,,,,,,,,,,,,,,,,,,,,,
9,14989,,,,,0.014568684622645378,,0.011092462576925755,,0.0,,0.16967065632343292,,0.00641887541860342,,0.2014407366514206,,,0.15059024095535278,0.007817755453288555,,0.003954358398914337,,0.1524825543165207,,0.39263975620269775,,,0.5246363878250122,,0.00641887541860342,,,,,0.3630930483341217,,,,,,,,,,,,,,,,,,,,,,,,
9,14999,,,,,0.015162544324994087,,0.031675055623054504,,0.0,,0.09547470510005951,,0.9871518611907959,,0.19896745681762695,,,0.6285505890846252,4.464899063110352,,1.3758952617645264,,0.1637907326221466,,0.359802782535553,,,1.3221735954284668,,0.9871518611907959,,,,,0.4248553514480591,,,,,,,,,,,,,,,,,,,,,,,,
9,15009,,,,,0.00924309715628624,,0.04488329961895943,,0.0,,0.08836770057678223,,0.8559070229530334,,0.1990009844303131,,,0.7699912786483765,3.75958251953125,,1.2258331775665283,,0.1765284538269043,,0.3668581545352936,,,1.5992623567581177,,0.8559070229530334,,,,,0.43781930208206177,,,,,,,,,,,,,,,,,,,,,,,,
9,15019,,,,,0.0456201508641243,,0.015825767070055008,,0.0,,0.08811377733945847,,1.0,,0.1998731940984726,,,0.0,0.0,,191.5545654296875,,0.1635417640209198,,0.16396597027778625,,,1.0005390644073486,,1.0,,,,,0.3156602382659912,,,,,,,,,,,,,,,,,,,,,,,,
9,15029,,,,,0.06842787563800812,,0.017719324678182602,,0.0,,0.1722622811794281,,0.03255118802189827,,0.20174504816532135,,,0.16598251461982727,0.010090711526572704,,0.007198580540716648,,0.16347438097000122,,0.13862034678459167,,,0.4895614981651306,,0.03255118802189827,,,,,0.437664270401001,,,,,,,,,,,,,,,,,,,,,,,,
9,15039,,,,,0.013426904566586018,,0.011087317019701004,,0.0,,0.15570473670959473,,0.004921729676425457,,0.19986659288406372,,,0.15383034944534302,0.011294133961200714,,0.0028216652572155,,0.1550440788269043,,0.3066794276237488,,,0.49027425050735474,,0.004921729676425457,,,,,0.3582513630390167,,,,,,,,,,,,,,,,,,,,,,,,
9,15049,,,,,0.019771169871091843,,0.04468968138098717,,0.0,,0.11112239956855774,,0.8769060373306274,,0.19918246567249298,,,0.7044450640678406,3.7370195388793945,,1.2980374097824097,,0.1731947362422943,,0.3104347884654999,,,0.8856451511383057,,0.8769060373306274,,,,,0.419312059879303,,,,,,,,,,,,,,,,,,,,,,,,
9,15059,,,,,0.013360317796468735,,0.011512717232108116,,0.0,,0.1479090303182602,,0.0051377397030591965,,0.2018006294965744,,,0.14252889156341553,0.03173716738820076,,0.008302362635731697,,0.151108518242836,,0.12435315549373627,,,0.4597436189651489,,0.0051377397030591965,,,,,0.36080998182296753,,,,,,,,,,,,,,,,,,,,,,,,
9,15069,,,,,0.02462000586092472,,0.01746431179344654,,0.0,,0.16856196522712708,,0.008875815197825432,,0.2000323235988617,,,0.16647562384605408,0.010386473499238491,,0.007269538007676601,,0.1601511389017105,,0.19694317877292633,,,0.5205323100090027,,0.008875815197825432,,,,,0.38979071378707886,,,,,,,,,,,,,,,,,,,,,,,,
9,15079,,,,,0.02233043685555458,,0.013041244819760323,,0.0,,0.16295121610164642,,0.0065287090837955475,,0.199903205037117,,,0.14965584874153137,0.017834415659308434,,0.013317305594682693,,0.1580807864665985,,0.29149046540260315,,,0.40767136216163635,,0.0065287090837955475,,,,,0.3797224462032318,,,,,,,,,,,,,,,,,,,,,,,,
9,15089,,,,,0.018226416781544685,,0.0156985092908144,,0.0,,0.167526513338089,,0.006758427247405052,,0.19986754655838013,,,0.16206736862659454,0.008378113619983196,,0.007490889169275761,,0.1525452435016632,,0.13948655128479004,,,0.47202029824256897,,0.006758427247405052,,,,,0.3750135004520416,,,,,,,,,,,,,,,,,,,,,,,,
9,15099,,,,,0.035270240157842636,,0.03773047402501106,,0.0,,0.10411936044692993,,0.9292451739311218,,0.19922101497650146,,,1.147769570350647,4.674891948699951,,1.0436439514160156,,0.18691471219062805,,0.40169042348861694,,,1.0768170356750488,,0.9292451739311218,,,,,0.4648379981517792,,,,,,,,,,,,,,,,,,,,,,,,
9,15109,,,,,0.024814654141664505,,0.00927598774433136,,0.0,,0.07530409097671509,,1.0,,0.19958138465881348,,,0.0,0.0,,184.9796600341797,,0.15997934341430664,,0.13367876410484314,,,0.9703994393348694,,1.0,,,,,0.28890979290008545,,,,,,,,,,,,,,,,,,,,,,,,
9,15119,,,,,0.02569551393389702,,0.008152633905410767,,0.0,,0.07513988763093948,,1.0,,0.1995123326778412,,,0.0,0.0,,183.9058074951172,,0.1606953740119934,,0.14164671301841736,,,1.0052343606948853,,1.0,,,,,0.2925734519958496,,,,,,,,,,,,,,,,,,,,,,,,
9,15129,,,,,0.0463479645550251,,0.009466961957514286,,0.0,,0.09210968017578125,,1.0,,0.20060262084007263,,,0.0,0.0,,178.01251220703125,,0.16304931044578552,,0.1755010336637497,,,1.004469633102417,,1.0,,,,,0.3203648030757904,,,,,,,,,,,,,,,,,,,,,,,,
9,15139,,,,,0.07251976430416107,,0.018517520278692245,,0.0,,0.19633227586746216,,0.00963915791362524,,0.20121048390865326,,,0.16374126076698303,0.015522727742791176,,0.008816104382276535,,0.16451355814933777,,0.1384892761707306,,,0.5174802541732788,,0.00963915791362524,,,,,0.45684677362442017,,,,,,,,,,,,,,,,,,,,,,,,
9,15149,,,,,0.03375910967588425,,0.017427243292331696,,0.0,,0.15688425302505493,,0.012279902584850788,,0.20313844084739685,,,0.16024795174598694,0.00829532090574503,,0.006668528076261282,,0.16010314226150513,,0.1345226913690567,,,0.4750310778617859,,0.012279902584850788,,,,,0.3901415467262268,,,,,,,,,,,,,,,,,,,,,,,,
9,15159,,,,,0.022559525445103645,,0.016475191339850426,,0.0,,0.16414105892181396,,0.007190927863121033,,0.201616570353508,,,0.1886545717716217,0.030521422624588013,,0.005953865125775337,,0.16086307168006897,,0.4927942454814911,,,0.5679185390472412,,0.007190927863121033,,,,,0.4066723585128784,,,,,,,,,,,,,,,,,,,,,,,,
9,15169,,,,,0.013223699294030666,,0.013403446413576603,,0.0,,0.15852117538452148,,0.005314508453011513,,0.20018380880355835,,,0.1657189428806305,0.005132551304996014,,0.003187269903719425,,0.15805986523628235,,0.16948220133781433,,,0.5735071897506714,,0.005314508453011513,,,,,0.36532723903656006,,,,,,,,,,,,,,,,,,,,,,,,
9,15179,,,,,0.012655865401029587,,0.010627694427967072,,0.0,,0.13468268513679504,,0.004885690286755562,,0.19968070089817047,,,0.15878377854824066,0.01197690051048994,,0.0037811952643096447,,0.15506905317306519,,0.19441339373588562,,,0.4823911190032959,,0.004885690286755562,,,,,0.3499568700790405,,,,,,,,,,,,,,,,,,,,,,,,
9,15189,,,,,0.022613856941461563,,0.013659100979566574,,0.0,,0.07506538927555084,,1.0,,0.19987763464450836,,,0.0,0.0,,180.9054412841797,,0.16438551247119904,,0.17818547785282135,,,1.0021333694458008,,1.0,,,,,0.31558653712272644,,,,,,,,,,,,,,,,,,,,,,,,
9,15199,,,,,0.080753393471241,,0.011638987809419632,,0.0,,0.08362914621829987,,1.0,,0.19936160743236542,,,0.0,0.0,,180.864990234375,,0.1642804592847824,,0.1349848210811615,,,1.0211505889892578,,1.0,,,,,0.29694753885269165,,,,,,,,,,,,,,,,,,,,,,,,
9,15209,,,,,0.02591557614505291,,0.011928584426641464,,0.0,,0.07738807797431946,,1.0,,0.19970914721488953,,,0.0,0.0,,195.38262939453125,,0.15805836021900177,,0.13183657824993134,,,0.9824017286300659,,1.0,,,,,0.2894603908061981,,,,,,,,,,,,,,,,,,,,,,,,
9,15219,,,,,0.027000777423381805,,0.04768815636634827,,0.0,,0.09605345129966736,,1.0006414651870728,,0.19914065301418304,,,0.5415829420089722,3.37861967086792,,1.1941548585891724,,0.1965320110321045,,0.36805716156959534,,,2.460981845855713,,1.0006414651870728,,,,,0.45373570919036865,,,,,,,,,,,,,,,,,,,,,,,,
9,15229,,,,,0.019680608063936234,,0.015993770211935043,,0.0,,0.1585165411233902,,0.004569759592413902,,0.20107610523700714,,,0.16236117482185364,0.022725272923707962,,0.004201838746666908,,0.16224610805511475,,0.1533561646938324,,,0.5698164701461792,,0.004569759592413902,,,,,0.3832409977912903,,,,,,,,,,,,,,,,,,,,,,,,
9,15239,,,,,0.01894623041152954,,0.014750609174370766,,0.0,,0.16220209002494812,,0.006890655495226383,,0.20193850994110107,,,0.1508820801973343,0.006520354654639959,,0.005052108317613602,,0.1570044755935669,,0.3005439341068268,,,0.4884987473487854,,0.006890655495226383,,,,,0.36812132596969604,,,,,,,,,,,,,,,,,,,,,,,,
9,15249,,,,,0.015037580393254757,,0.021652735769748688,,0.0,,0.15963776409626007,,0.00588237214833498,,0.2000371217727661,,,0.15435580909252167,0.009414595551788807,,0.006334003992378712,,0.16751213371753693,,0.16612417995929718,,,0.4959462881088257,,0.00588237214833498,,,,,0.37450966238975525,,,,,,,,,,,,,,,,,,,,,,,,
9,15259,,,,,0.024174746125936508,,0.012281221337616444,,0.0,,0.07776975631713867,,1.0,,0.19946542382240295,,,0.0,0.0,,186.66184997558594,,0.1642405092716217,,0.13378289341926575,,,0.9736529588699341,,1.0,,,,,0.293769896030426,,,,,,,,,,,,,,,,,,,,,,,,
9,15269,,,,,0.1093226969242096,,0.01911025121808052,,0.0,,0.1894046515226364,,0.050030793994665146,,0.20113706588745117,,,0.16364262998104095,0.016101596876978874,,0.005162127315998077,,0.1623537242412567,,0.33701828122138977,,,0.5157642364501953,,0.050030793994665146,,,,,0.4877787232398987,,,,,,,,,,,,,,,,,,,,,,,,
9,15279,,,,,0.08018849045038223,,0.009310947731137276,,0.0,,0.08032387495040894,,1.0,,0.2013593167066574,,,0.0,0.0,,189.83059692382812,,0.15904080867767334,,0.13900843262672424,,,1.0314007997512817,,1.0,,,,,0.294521689414978,,,,,,,,,,,,,,,,,,,,,,,,
9,15289,,,,,0.0226980522274971,,0.017970383167266846,,0.0,,0.1614823043346405,,0.009513036347925663,,0.20073676109313965,,,0.16002081334590912,0.006346076726913452,,0.008712361566722393,,0.15955227613449097,,0.4652652144432068,,,0.47561758756637573,,0.009513036347925663,,,,,0.3801085352897644,,,,,,,,,,,,,,,,,,,,,,,,
9,15299,,,,,0.08172167092561722,,0.016295447945594788,,0.0,,0.17242494225502014,,0.03542107343673706,,0.20435766875743866,,,0.1629486232995987,0.00992993637919426,,0.00784769281744957,,0.16347315907478333,,0.36097028851509094,,,0.46982061862945557,,0.03542107343673706,,,,,0.45036038756370544,,,,,,,,,,,,,,,,,,,,,,,,
9,15309,,,,,0.08431486785411835,,0.014169322326779366,,0.0,,0.17143942415714264,,0.03813881427049637,,0.2018977701663971,,,0.16168294847011566,0.013578224927186966,,0.004886063747107983,,0.15774036943912506,,0.3732956051826477,,,0.540939450263977,,0.03813881427049637,,,,,0.44701194763183594,,,,,,,,,,,,,,,,,,,,,,,,
9,15319,,,,,0.024165349081158638,,0.010787198320031166,,0.0,,0.1709880381822586,,0.007884233258664608,,0.20355328917503357,,,0.15313903987407684,0.004952737595885992,,0.005942165851593018,,0.15692083537578583,,0.15790271759033203,,,0.46535754203796387,,0.007884233258664608,,,,,0.3773069977760315,,,,,,,,,,,,,,,,,,,,,,,,
9,15329,,,,,0.02552124485373497,,0.007878165692090988,,0.0,,0.07751881331205368,,1.0,,0.20028056204319,,,0.0,0.0,,183.5984344482422,,0.1602235734462738,,0.14914409816265106,,,0.998221218585968,,1.0,,,,,0.2975226044654846,,,,,,,,,,,,,,,,,,,,,,,,
9,15339,,,,,0.027327490970492363,,0.03947288170456886,,0.0,,0.10104586184024811,,0.9090742468833923,,0.1993269920349121,,,0.9907003045082092,2.506513833999634,,1.2756667137145996,,0.17408156394958496,,0.39255398511886597,,,0.8986433744430542,,0.9090742468833923,,,,,0.45324063301086426,,,,,,,,,,,,,,,,,,,,,,,,
9,15349,,,,,0.16256926953792572,,0.03807542845606804,,0.0,,0.10221681743860245,,0.9261105060577393,,0.19973178207874298,,,0.6529397964477539,4.373146057128906,,0.7560378909111023,,0.16525378823280334,,0.3994409441947937,,,1.272867202758789,,0.9261105060577393,,,,,0.4523593783378601,,,,,,,,,,,,,,,,,,,,,,,,
9,15359,,,,,0.02801111340522766,,0.014874782413244247,,0.0,,0.17652952671051025,,0.007778477855026722,,0.2016758769750595,,,0.17225973308086395,0.018732359632849693,,0.006849602796137333,,0.16482341289520264,,0.3066558241844177,,,0.5156081318855286,,0.007778477855026722,,,,,0.4058837592601776,,,,,,,,,,,,,,,,,,,,,,,,
9,15369,,,,,0.030175480991601944,,0.01111504714936018,,0.0,,0.14861726760864258,,0.011809183284640312,,0.20806220173835754,,,0.16822479665279388,0.011832780204713345,,0.00614754855632782,,0.15734808146953583,,0.11296920478343964,,,0.4952008128166199,,0.011809183284640312,,,,,0.38584935665130615,,,,,,,,,,,,,,,,,,,,,,,,
9,15379,,,,,0.019146792590618134,,0.015508590266108513,,0.0,,0.15912964940071106,,0.007637375965714455,,0.20117071270942688,,,0.1589956283569336,0.017047742381691933,,0.005983264185488224,,0.1611243188381195,,0.39937400817871094,,,0.4703400731086731,,0.007637375965714455,,,,,0.3786267936229706,,,,,,,,,,,,,,,,,,,,,,,,
9,15389,,,,,0.022406430914998055,,0.03027883917093277,,0.0,,0.08471032232046127,,0.9145861864089966,,0.19937175512313843,,,0.5606400966644287,5.164417266845703,,1.4202359914779663,,0.16707484424114227,,0.28015947341918945,,,1.419144868850708,,0.9145861864089966,,,,,0.3807976245880127,,,,,,,,,,,,,,,,,,,,,,,,
9,15399,,,,,0.05684855580329895,,0.035401344299316406,,0.0,,0.08287137001752853,,1.0914435386657715,,0.19918090105056763,,,0.5382546782493591,3.442840814590454,,1.5318636894226074,,0.17448437213897705,,0.30593574047088623,,,1.2086758613586426,,1.0914435386657715,,,,,0.3989368677139282,,,,,,,,,,,,,,,,,,,,,,,,
9,15409,,,,,0.04055870324373245,,0.008641162887215614,,0.0,,0.09032442420721054,,1.0,,0.19978520274162292,,,0.0,0.0,,181.8511199951172,,0.1590362936258316,,0.12141918390989304,,,1.0233346223831177,,1.0,,,,,0.2896031141281128,,,,,,,,,,,,,,,,,,,,,,,,
9,15419,,,,,0.052756521850824356,,0.011722877621650696,,0.0,,0.08690351992845535,,1.0,,0.20057973265647888,,,0.0,0.0,,189.5813446044922,,0.1648021936416626,,0.1819947361946106,,,1.0061779022216797,,1.0,,,,,0.323001503944397,,,,,,,,,,,,,,,,,,,,,,,,
9,15429,,,,,0.015300780534744263,,0.040491506457328796,,0.0,,0.09853577613830566,,1.0724862813949585,,0.19940827786922455,,,0.5466237664222717,3.654101848602295,,1.127913236618042,,0.17886771261692047,,0.48729264736175537,,,1.1542139053344727,,1.0724862813949585,,,,,0.5022979974746704,,,,,,,,,,,,,,,,,,,,,,,,
9,15439,,,,,0.011374467983841896,,0.014913596212863922,,0.0,,0.15620170533657074,,0.005123511888086796,,0.20041969418525696,,,0.16568703949451447,0.008382977917790413,,0.005319452844560146,,0.158478245139122,,0.13436391949653625,,,0.4974607825279236,,0.005123511888086796,,,,,0.3660758137702942,,,,,,,,,,,,,,,,,,,,,,,,
9,15449,,,,,0.08704258501529694,,0.010148938745260239,,0.0,,0.08298912644386292,,1.0,,0.19999366998672485,,,0.0,0.0,,184.5507049560547,,0.1708993762731552,,0.18446223437786102,,,1.0080935955047607,,1.0,,,,,0.32424667477607727,,,,,,,,,,,,,,,,,,,,,,,,
9,15459,,,,,0.02558298408985138,,0.0359276607632637,,0.0,,0.16114307940006256,,1.0,,0.2007327526807785,,,0.0,0.0,,0.27352702617645264,,0.21088063716888428,,0.43361473083496094,,,1.01505446434021,,1.0,,,,,0.5211493968963623,,,,,,,,,,,,,,,,,,,,,,,,
9,15469,,,,,0.08888958394527435,,0.01990286260843277,,0.0,,0.1690671145915985,,0.007668031379580498,,0.19996456801891327,,,0.1705857217311859,0.030909083783626556,,0.026712318882346153,,0.17107175290584564,,0.16545788943767548,,,0.5649433732032776,,0.007668031379580498,,,,,0.48299628496170044,,,,,,,,,,,,,,,,,,,,,,,,
9,15479,,,,,0.017384063452482224,,0.019359713420271873,,0.0,,0.16212095320224762,,0.0049108704552054405,,0.20347380638122559,,,0.16061387956142426,0.010544962249696255,,0.008807698264718056,,0.15943489968776703,,0.1139882504940033,,,0.45889705419540405,,0.0049108704552054405,,,,,0.37956202030181885,,,,,,,,,,,,,,,,,,,,,,,,
9,15489,,,,,0.08306768536567688,,0.020909668877720833,,0.0,,0.18919724225997925,,0.03702884167432785,,0.20217782258987427,,,0.15835514664649963,0.014454791322350502,,0.006820669397711754,,0.16732639074325562,,0.31727176904678345,,,0.5328209400177002,,0.03702884167432785,,,,,0.46268853545188904,,,,,,,,,,,,,,,,,,,,,,,,
9,15499,,,,,0.026976795867085457,,0.011334259063005447,,0.0,,0.14611171185970306,,0.00717640295624733,,0.2036842405796051,,,0.15710541605949402,0.013737518340349197,,0.004495260305702686,,0.15553387999534607,,0.36043477058410645,,,0.5623723864555359,,0.00717640295624733,,,,,0.37297794222831726,,,,,,,,,,,,,,,,,,,,,,,,
9,15509,,,,,0.030494054779410362,,0.015059820376336575,,0.0,,0.16152136027812958,,0.011635016649961472,,0.20144954323768616,,,0.16636131703853607,0.015772024169564247,,0.006827163510024548,,0.16011297702789307,,0.3252212405204773,,,0.5114984512329102,,0.011635016649961472,,,,,0.39404621720314026,,,,,,,,,,,,,,,,,,,,,,,,
9,15519,,,,,0.09155841171741486,,0.019694961607456207,,0.0,,0.1784736067056656,,0.03885454311966896,,0.2018662989139557,,,0.16430848836898804,0.029524223878979683,,0.007436612155288458,,0.16520196199417114,,0.37506115436553955,,,0.5291610360145569,,0.03885454311966896,,,,,0.47481149435043335,,,,,,,,,,,,,,,,,,,,,,,,
9,15529,,,,,0.10206855833530426,,0.015560198575258255,,0.0,,0.16791865229606628,,0.03996691852807999,,0.20077884197235107,,,0.160127654671669,0.023706862702965736,,0.005532530602067709,,0.16692137718200684,,0.37451696395874023,,,0.5344500541687012,,0.03996691852807999,,,,,0.4723415970802307,,,,,,,,,,,,,,,,,,,,,,,,
9,15539,,,,,0.024639368057250977,,0.010198123753070831,,0.0,,0.0859837457537651,,1.0,,0.2000744640827179,,,0.0,0.0,,175.58648681640625,,0.16426637768745422,,0.13463141024112701,,,1.0087459087371826,,1.0,,,,,0.29757705330848694,,,,,,,,,,,,,,,,,,,,,,,,
9,15549,,,,,0.11766855418682098,,0.031425755470991135,,0.0,,0.08826885372400284,,0.9153196215629578,,0.19933053851127625,,,0.6545121669769287,2.9438014030456543,,1.1992779970169067,,0.17814643681049347,,0.39477628469467163,,,1.3039429187774658,,0.9153196215629578,,,,,0.4459739327430725,,,,,,,,,,,,,,,,,,,,,,,,
9,15559,,,,,0.028182439506053925,,0.011074468493461609,,0.0,,0.07850554585456848,,1.0,,0.19995975494384766,,,0.0,0.0,,180.04617309570312,,0.16552957892417908,,0.2099795788526535,,,1.0002248287200928,,1.0,,,,,0.33252447843551636,,,,,,,,,,,,,,,,,,,,,,,,
9,15569,,,,,0.020930826663970947,,0.028122566640377045,,0.0,,0.1778305172920227,,0.0057332925498485565,,0.20230281352996826,,,0.16326601803302765,0.025259938091039658,,0.010476604104042053,,0.1653125286102295,,0.13833566009998322,,,0.45627379417419434,,0.0057332925498485565,,,,,0.40721631050109863,,,,,,,,,,,,,,,,,,,,,,,,
9,15579,,,,,0.02421715296804905,,0.01415475457906723,,0.0,,0.164695143699646,,0.011391773819923401,,0.20133571326732635,,,0.15644493699073792,0.008114884607493877,,0.003605978097766638,,0.1593514382839203,,0.13073311746120453,,,0.4671223759651184,,0.011391773819923401,,,,,0.37806859612464905,,,,,,,,,,,,,,,,,,,,,,,,
9,15589,,,,,0.08867696672677994,,0.03558400645852089,,0.0,,0.10242699086666107,,1.061604380607605,,0.1991063803434372,,,0.9506875276565552,3.869582176208496,,1.1627024412155151,,0.16649480164051056,,0.3461223840713501,,,1.04612135887146,,1.061604380607605,,,,,0.42486727237701416,,,,,,,,,,,,,,,,,,,,,,,,
9,15599,,,,,0.02398386038839817,,0.008691353723406792,,0.0,,0.0971963107585907,,1.0,,0.2000853717327118,,,0.0,0.0,,180.4755096435547,,0.16425594687461853,,0.12978197634220123,,,1.008573055267334,,1.0,,,,,0.3000054657459259,,,,,,,,,,,,,,,,,,,,,,,,
9,15609,,,,,0.01943911612033844,,0.028819981962442398,,0.0,,0.09749528765678406,,1.031944990158081,,0.19925349950790405,,,0.619277834892273,2.8192310333251953,,1.4407047033309937,,0.1618383526802063,,0.32664480805397034,,,1.0981768369674683,,1.031944990158081,,,,,0.4070259630680084,,,,,,,,,,,,,,,,,,,,,,,,
9,15619,,,,,0.01875172182917595,,0.01714036427438259,,0.0,,0.15755978226661682,,0.007913725450634956,,0.2000536322593689,,,0.16163098812103271,0.014944075606763363,,0.004499913193285465,,0.1609155684709549,,0.2786136865615845,,,0.47732311487197876,,0.007913725450634956,,,,,0.3771238625049591,,,,,,,,,,,,,,,,,,,,,,,,
9,15629,,,,,0.14381147921085358,,0.009629916399717331,,0.0,,0.08045121282339096,,1.0,,0.20035822689533234,,,0.0,0.0,,174.6344451904297,,0.16292911767959595,,0.11887677013874054,,,0.9963014125823975,,1.0,,,,,0.2861226201057434,,,,,,,,,,,,,,,,,,,,,,,,
9,15639,,,,,0.03185950219631195,,0.022853517904877663,,0.0,,0.1921224296092987,,0.009542685933411121,,0.2041979283094406,,,0.17261375486850739,0.019585544243454933,,0.007454452570527792,,0.1684892475605011,,0.1273805946111679,,,0.4825190305709839,,0.009542685933411121,,,,,0.4255179166793823,,,,,,,,,,,,,,,,,,,,,,,,
9,15649,,,,,0.015914790332317352,,0.02960536815226078,,0.0,,0.1099255308508873,,1.0470216274261475,,0.19953610002994537,,,0.6309146285057068,2.0358757972717285,,1.4023075103759766,,0.17843496799468994,,0.39972972869873047,,,1.2861378192901611,,1.0470216274261475,,,,,0.45861583948135376,,,,,,,,,,,,,,,,,,,,,,,,
9,15659,,,,,0.03548673540353775,,0.017491040751338005,,0.0,,0.18550406396389008,,0.00878864899277687,,0.2042534202337265,,,0.16804908215999603,0.015182333998382092,,0.004128932021558285,,0.1624087542295456,,0.3516094982624054,,,0.5421015024185181,,0.00878864899277687,,,,,0.41399553418159485,,,,,,,,,,,,,,,,,,,,,,,,
9,15669,,,,,0.08806021511554718,,0.024570217356085777,,0.0,,0.1841738522052765,,0.04052117094397545,,0.20189717411994934,,,0.16218116879463196,0.009825877845287323,,0.00836540013551712,,0.1611533761024475,,0.3456881046295166,,,0.514113187789917,,0.04052117094397545,,,,,0.4641437530517578,,,,,,,,,,,,,,,,,,,,,,,,
9,15679,,,,,0.027349168434739113,,0.012849321588873863,,0.0,,0.17013999819755554,,0.010383772663772106,,0.20062829554080963,,,0.171359583735466,0.022639194503426552,,0.01225656270980835,,0.15979458391666412,,0.13889916241168976,,,0.5198614001274109,,0.010383772663772106,,,,,0.4021829664707184,,,,,,,,,,,,,,,,,,,,,,,,
9,15689,,,,,0.08134068548679352,,0.02205638773739338,,0.0,,0.18133676052093506,,0.03649856895208359,,0.2080467790365219,,,0.15708377957344055,0.013479866087436676,,0.007728289812803268,,0.16486498713493347,,0.11756289750337601,,,0.5448753833770752,,0.03649856895208359,,,,,0.45863908529281616,,,,,,,,,,,,,,,,,,,,,,,,
9,15699,,,,,0.023237768560647964,,0.02690991573035717,,0.0,,0.13170577585697174,,1.0,,0.200397327542305,,,0.0,0.0,,0.19437357783317566,,0.17644469439983368,,0.40613701939582825,,,0.9917292594909668,,1.0,,,,,0.4707973599433899,,,,,,,,,,,,,,,,,,,,,,,,
9,15709,,,,,0.02499508112668991,,0.010450628586113453,,0.0,,0.09212950617074966,,1.0,,0.19992229342460632,,,0.0,0.0,,186.36251831054688,,0.16167716681957245,,0.15445476770401,,,1.0276910066604614,,1.0,,,,,0.3093171715736389,,,,,,,,,,,,,,,,,,,,,,,,
9,15719,,,,,0.030871693044900894,,0.020530741661787033,,0.0,,0.16654767096042633,,0.008439760655164719,,0.20087701082229614,,,0.15322406589984894,0.019804108887910843,,0.006373233161866665,,0.15966251492500305,,0.09773454815149307,,,0.5089712142944336,,0.008439760655164719,,,,,0.3943813443183899,,,,,,,,,,,,,,,,,,,,,,,,
9,15729,,,,,0.02163056656718254,,0.029472356662154198,,0.0,,0.10109300911426544,,0.9312535524368286,,0.19911561906337738,,,0.7138954401016235,3.7650647163391113,,1.1997156143188477,,0.16459164023399353,,0.35670945048332214,,,0.9998160004615784,,0.9312535524368286,,,,,0.4254910349845886,,,,,,,,,,,,,,,,,,,,,,,,
9,15739,,,,,0.12336447834968567,,0.010023911483585835,,0.0,,0.07511840760707855,,1.0,,0.20014150440692902,,,0.0,0.0,,192.4336395263672,,0.15995341539382935,,0.12836414575576782,,,1.0258629322052002,,1.0,,,,,0.28680068254470825,,,,,,,,,,,,,,,,,,,,,,,,
9,15749,,,,,0.08363761007785797,,0.02617473155260086,,0.0,,0.20626865327358246,,0.031762395054101944,,0.2041950225830078,,,0.15955482423305511,0.03228526934981346,,0.017652437090873718,,0.16484180092811584,,0.4244644045829773,,,0.549477219581604,,0.031762395054101944,,,,,0.48912400007247925,,,,,,,,,,,,,,,,,,,,,,,,
9,15759,,,,,0.02851119637489319,,0.010702800936996937,,0.0,,0.07616198062896729,,1.0,,0.19957783818244934,,,0.0,0.0,,180.74813842773438,,0.1578747034072876,,0.16882941126823425,,,0.9963348507881165,,1.0,,,,,0.30657339096069336,,,,,,,,,,,,,,,,,,,,,,,,
9,15769,,,,,0.038948796689510345,,0.03329993039369583,,0.0,,0.09021943062543869,,0.9099527597427368,,0.1995459794998169,,,0.7066293358802795,3.2033355236053467,,1.0843000411987305,,0.1671970933675766,,0.3504613935947418,,,1.1926273107528687,,0.9099527597427368,,,,,0.4203619062900543,,,,,,,,,,,,,,,,,,,,,,,,
9,15779,,,,,0.02150181494653225,,0.014381904155015945,,0.0,,0.1615058034658432,,0.007692581973969936,,0.20131462812423706,,,0.17112217843532562,0.02772730030119419,,0.004305900074541569,,0.15922877192497253,,0.1818314641714096,,,0.487991601228714,,0.007692581973969936,,,,,0.39129504561424255,,,,,,,,,,,,,,,,,,,,,,,,
9,15789,,,,,0.08009450137615204,,0.011392260901629925,,0.0,,0.14031893014907837,,0.03755968064069748,,0.200717031955719,,,0.16027605533599854,0.010476984083652496,,0.0049410308711230755,,0.15908092260360718,,0.15762710571289062,,,0.48907142877578735,,0.03755968064069748,,,,,0.4236961603164673,,,,,,,,,,,,,,,,,,,,,,,,
9,15799,,,,,0.05577277019619942,,0.027320541441440582,,0.0,,0.08721676468849182,,0.940447211265564,,0.19959691166877747,,,0.810340940952301,5.661733150482178,,1.215214729309082,,0.16402539610862732,,0.29939642548561096,,,0.8838406205177307,,0.940447211265564,,,,,0.38877803087234497,,,,,,,,,,,,,,,,,,,,,,,,
9,15809,,,,,0.11928164958953857,,0.008842386305332184,,0.0,,0.09081116318702698,,1.0,,0.1996520757675171,,,0.0,0.0,,185.19979858398438,,0.1560021936893463,,0.15084707736968994,,,1.021970272064209,,1.0,,,,,0.30307745933532715,,,,,,,,,,,,,,,,,,,,,,,,
9,15819,,,,,0.03466260805726051,,0.008429479785263538,,0.0,,0.08402306586503983,,1.0,,0.19995708763599396,,,0.0,0.0,,183.66921997070312,,0.16046485304832458,,0.13373751938343048,,,1.020034909248352,,1.0,,,,,0.29330599308013916,,,,,,,,,,,,,,,,,,,,,,,,
9,15829,,,,,0.0917443186044693,,0.03343339264392853,,0.0,,0.09023553133010864,,0.8484053611755371,,0.19904258847236633,,,0.7107254862785339,4.8840203285217285,,1.3479716777801514,,0.16793093085289001,,0.38836726546287537,,,1.1148957014083862,,0.8484053611755371,,,,,0.43950486183166504,,,,,,,,,,,,,,,,,,,,,,,,
9,15839,,,,,0.14544221758842468,,0.009683785028755665,,0.0,,0.06996819376945496,,1.0,,0.2002902328968048,,,0.0,0.0,,175.52915954589844,,0.15875311195850372,,0.15577420592308044,,,0.9973084330558777,,1.0,,,,,0.29723477363586426,,,,,,,,,,,,,,,,,,,,,,,,
9,15849,,,,,0.03609960153698921,,0.018352480605244637,,0.0,,0.1750912368297577,,0.01121991965919733,,0.2012927383184433,,,0.1665114313364029,0.018597494810819626,,0.010267602279782295,,0.15964671969413757,,0.32721298933029175,,,0.5363842248916626,,0.01121991965919733,,,,,0.4109794497489929,,,,,,,,,,,,,,,,,,,,,,,,
9,15859,,,,,0.09983132034540176,,0.009832466952502728,,0.0,,0.07556404173374176,,1.0,,0.2000020444393158,,,0.0,0.0,,186.5992889404297,,0.16000357270240784,,0.19100457429885864,,,0.9912402033805847,,1.0,,,,,0.3182033598423004,,,,,,,,,,,,,,,,,,,,,,,,
9,15869,,,,,0.042462337762117386,,0.03093893826007843,,0.0,,0.09584106504917145,,1.0664209127426147,,0.19944436848163605,,,0.5939589738845825,2.8584141731262207,,1.55734384059906,,0.16939963400363922,,0.3132007122039795,,,1.2165648937225342,,1.0664209127426147,,,,,0.4044123589992523,,,,,,,,,,,,,,,,,,,,,,,,
9,15879,,,,,0.020670320838689804,,0.008302219212055206,,0.0,,0.06987617164850235,,1.0,,0.20207956433296204,,,0.0,0.0,,177.9525146484375,,0.16132168471813202,,0.1515449583530426,,,0.9926834106445312,,1.0,,,,,0.2965623140335083,,,,,,,,,,,,,,,,,,,,,,,,
9,15889,,,,,0.02366701513528824,,0.019315529614686966,,0.0,,0.16330400109291077,,0.0072875851765275,,0.20095732808113098,,,0.16075566411018372,0.010643000714480877,,0.008887301199138165,,0.16290882229804993,,0.1903216540813446,,,0.4735201597213745,,0.0072875851765275,,,,,0.3870528042316437,,,,,,,,,,,,,,,,,,,,,,,,
9,15899,,,,,0.030471952632069588,,0.008827818557620049,,0.0,,0.077566958963871,,1.0,,0.2009238451719284,,,0.0,0.0,,186.45785522460938,,0.1608884036540985,,0.1331740915775299,,,0.9826863408088684,,1.0,,,,,0.290690541267395,,,,,,,,,,,,,,,,,,,,,,,,
9,15909,,,,,0.018619105219841003,,0.032149843871593475,,0.0,,0.0919957309961319,,1.0157153606414795,,0.19912540912628174,,,0.805485188961029,5.131423473358154,,1.4696440696716309,,0.16925428807735443,,0.26630347967147827,,,1.4811257123947144,,1.0157153606414795,,,,,0.3794143795967102,,,,,,,,,,,,,,,,,,,,,,,,
9,15919,,,,,0.04044526070356369,,0.007998984307050705,,0.0,,0.06657859683036804,,1.0,,0.19960573315620422,,,0.0,0.0,,187.34153747558594,,0.1596805602312088,,0.14100751280784607,,,0.9975448250770569,,1.0,,,,,0.28743571043014526,,,,,,,,,,,,,,,,,,,,,,,,
9,15929,,,,,0.026427002623677254,,0.00999479740858078,,0.0,,0.08245629817247391,,1.0,,0.20069369673728943,,,0.0,0.0,,181.49740600585938,,0.16075018048286438,,0.16657616198062897,,,0.9889092445373535,,1.0,,,,,0.31023555994033813,,,,,,,,,,,,,,,,,,,,,,,,
9,15939,,,,,0.03838416934013367,,0.009117703884840012,,0.0,,0.07507862150669098,,1.0,,0.1995004415512085,,,0.0,0.0,,190.4730224609375,,0.16067972779273987,,0.12883707880973816,,,1.0077307224273682,,1.0,,,,,0.2866067886352539,,,,,,,,,,,,,,,,,,,,,,,,
9,15949,,,,,0.08641743659973145,,0.03154038265347481,,0.0,,0.09465572237968445,,0.8134746551513672,,0.19918698072433472,,,0.6101847290992737,3.19100284576416,,1.3487119674682617,,0.17582154273986816,,0.36221301555633545,,,1.293718695640564,,0.8134746551513672,,,,,0.43170881271362305,,,,,,,,,,,,,,,,,,,,,,,,
9,15949,,,,,,,,,,,,,,,,,,,,,,,,,,,,,,,,,,,,,,0.5337477922439575,0.21750199794769287,0.09216203540563583,0.043878328055143356,0.06917620450258255,0.0,0.32573309540748596,0.32560715079307556,0.2845883071422577,0.5462158918380737,0.265098512172699,13.511639595031738,0.26284605264663696,0.6378982663154602,1.0135703086853027,0.24721075594425201,0.32560715079307556,0.7615692019462585,0.9000378847122192,0.4560142159461975,1.239114761352539,1.3409390449523926
9,15949,0.01529746688902378,0.0403522327542305,0.007913399487733841,0.012292628176510334,,0.01941337063908577,,0.0,,0.13388045132160187,,0.47283872961997986,,0.2010115385055542,,0.8106778860092163,0.23442065715789795,,,43.31463623046875,,0.16443048417568207,,0.2609931528568268,,0.7879201173782349,0.4731208086013794,,0.47283872961997986,,0.43511438369750977,0.4991910457611084,0.3011542558670044,0.3905573785305023,,0.49890053272247314,0.4066331088542938,,,,,,,,,,,,,,,,,,,,,,
10,15959,,,,,0.01708952523767948,,0.036596305668354034,,0.0,,0.08649168163537979,,0.9481623768806458,,0.1991504281759262,,,0.8115811944007874,4.3041486740112305,,1.4071357250213623,,0.17130045592784882,,0.27681824564933777,,,1.2555088996887207,,0.9481623768806458,,,,,0.3851785659790039,,,,,,,,,,,,,,,,,,,,,,,,
10,15969,,,,,0.02942792698740959,,0.013892043381929398,,0.0,,0.18285733461380005,,0.009710654616355896,,0.20530933141708374,,,0.15564823150634766,0.010124984197318554,,0.004255769774317741,,0.1634720265865326,,0.1358761489391327,,,0.4969059228897095,,0.009710654616355896,,,,,0.3972077965736389,,,,,,,,,,,,,,,,,,,,,,,,
10,15979,,,,,0.017097964882850647,,0.021890748292207718,,0.0,,0.1707545965909958,,0.007245668210089207,,0.20120464265346527,,,0.15610721707344055,0.007945654913783073,,0.004721332341432571,,0.1618807315826416,,0.2673163414001465,,,0.5159318447113037,,0.007245668210089207,,,,,0.3793504238128662,,,,,,,,,,,,,,,,,,,,,,,,
10,15989,,,,,0.023492928594350815,,0.012985313311219215,,0.0,,0.16523467004299164,,0.008127729408442974,,0.21175813674926758,,,0.16063500940799713,0.015459056943655014,,0.003796314587816596,,0.1624152660369873,,0.47036921977996826,,,0.5281615257263184,,0.008127729408442974,,,,,0.3896348476409912,,,,,,,,,,,,,,,,,,,,,,,,
10,15999,,,,,0.07465414702892303,,0.018478309735655785,,0.0,,0.16062891483306885,,0.010321490466594696,,0.2045944333076477,,,0.16438384354114532,0.03587859123945236,,0.006122115533798933,,0.1610998511314392,,0.1554005742073059,,,0.47323840856552124,,0.010321490466594696,,,,,0.4502471685409546,,,,,,,,,,,,,,,,,,,,,,,,
10,16009,,,,,0.1503741443157196,,0.02570212259888649,,0.0,,0.08777406066656113,,0.8799130320549011,,0.20023024082183838,,,0.6322620511054993,4.552802562713623,,1.8575448989868164,,0.165063738822937,,0.3827439546585083,,,1.1090826988220215,,0.8799130320549011,,,,,0.4307570457458496,,,,,,,,,,,,,,,,,,,,,,,,
10,16019,,,,,0.028530174866318703,,0.01343105360865593,,0.0,,0.1470458209514618,,0.009999330155551434,,0.2088642418384552,,,0.1702621728181839,0.012346634641289711,,0.004888354334980249,,0.15912243723869324,,0.15939970314502716,,,0.5510129928588867,,0.009999330155551434,,,,,0.3865105211734772,,,,,,,,,,,,,,,,,,,,,,,,
10,16029,,,,,0.03756339102983475,,0.014507475309073925,,0.0,,0.15729638934135437,,0.010665111243724823,,0.20414023101329803,,,0.15556290745735168,0.012989744544029236,,0.005777549929916859,,0.16054795682430267,,0.3469196557998657,,,0.5824339389801025,,0.010665111243724823,,,,,0.39297449588775635,,,,,,,,,,,,,,,,,,,,,,,,
10,16039,,,,,0.23234428465366364,,0.01779865100979805,,0.0,,0.17497453093528748,,0.10509587824344635,,0.20107659697532654,,,0.16485890746116638,0.013664832338690758,,0.004471489693969488,,0.16039957106113434,,0.1226390078663826,,,0.5325295925140381,,0.10509587824344635,,,,,0.6009665727615356,,,,,,,,,,,,,,,,,,,,,,,,
10,16049,,,,,0.023552853614091873,,0.01502486877143383,,0.0,,0.1791045218706131,,0.011190684512257576,,0.20234635472297668,,,0.15202651917934418,0.027363499626517296,,0.011033793911337852,,0.15974104404449463,,0.16981282830238342,,,0.5630240440368652,,0.011190684512257576,,,,,0.3968731462955475,,,,,,,,,,,,,,,,,,,,,,,,
10,16059,,,,,0.045109882950782776,,0.017674442380666733,,0.0,,0.1733648031949997,,0.014863584190607071,,0.20612716674804688,,,0.17931915819644928,0.04671705886721611,,0.007475653197616339,,0.15921074151992798,,0.19853244721889496,,,0.5082444548606873,,0.014863584190607071,,,,,0.44005441665649414,,,,,,,,,,,,,,,,,,,,,,,,
10,16069,,,,,0.028904452919960022,,0.013020581565797329,,0.0,,0.16802437603473663,,0.00709769781678915,,0.20227915048599243,,,0.1561577171087265,0.03551027178764343,,0.0059275515377521515,,0.15975892543792725,,0.4192125201225281,,,0.452259361743927,,0.00709769781678915,,,,,0.39924371242523193,,,,,,,,,,,,,,,,,,,,,,,,
10,16079,,,,,0.03234617039561272,,0.01491316594183445,,0.0,,0.17071199417114258,,0.010076007805764675,,0.2020370066165924,,,0.1554681807756424,0.03244573995471001,,0.009370161220431328,,0.16243577003479004,,0.14127273857593536,,,0.5474913120269775,,0.010076007805764675,,,,,0.4060371518135071,,,,,,,,,,,,,,,,,,,,,,,,
10,16089,,,,,0.09491932392120361,,0.023230932652950287,,0.0,,0.1817547082901001,,0.042703572660684586,,0.20338726043701172,,,0.16425257921218872,0.0144494054839015,,0.0077990456484258175,,0.16740325093269348,,0.13043569028377533,,,0.6134105324745178,,0.042703572660684586,,,,,0.47605791687965393,,,,,,,,,,,,,,,,,,,,,,,,
10,16099,,,,,0.041388075798749924,,0.008962910622358322,,0.0,,0.069893978536129,,1.0,,0.20023557543754578,,,0.0,0.0,,176.6658935546875,,0.15790866315364838,,0.1516072154045105,,,0.9623336791992188,,1.0,,,,,0.29430416226387024,,,,,,,,,,,,,,,,,,,,,,,,
10,16109,,,,,0.02500433661043644,,0.02190312370657921,,0.0,,0.16739419102668762,,0.010267532430589199,,0.20078103244304657,,,0.1730937957763672,0.019869785755872726,,0.006612143479287624,,0.16119977831840515,,0.1201891154050827,,,0.5104433298110962,,0.010267532430589199,,,,,0.40043124556541443,,,,,,,,,,,,,,,,,,,,,,,,
10,16119,,,,,0.04047197848558426,,0.019727475941181183,,0.0,,0.1815340667963028,,0.014803480356931686,,0.20173317193984985,,,0.1902145892381668,0.07599326223134995,,0.009671016596257687,,0.16725602746009827,,0.41444140672683716,,,0.5072777271270752,,0.014803480356931686,,,,,0.4635367691516876,,,,,,,,,,,,,,,,,,,,,,,,
10,16129,,,,,0.02104397676885128,,0.025834273546934128,,0.0,,0.0809430405497551,,1.0743616819381714,,0.19920575618743896,,,0.5173649787902832,3.268404483795166,,1.6313953399658203,,0.16204652190208435,,0.3109343945980072,,,0.9041614532470703,,1.0743616819381714,,,,,0.3894819915294647,,,,,,,,,,,,,,,,,,,,,,,,
10,16139,,,,,0.0299005676060915,,0.016809498891234398,,0.0,,0.18160158395767212,,0.008167460560798645,,0.2016095072031021,,,0.15245212614536285,0.009787144139409065,,0.005799633916467428,,0.16015027463436127,,0.31897860765457153,,,0.45077401399612427,,0.008167460560798645,,,,,0.3940054774284363,,,,,,,,,,,,,,,,,,,,,,,,
10,16149,,,,,0.08567003905773163,,0.022034812718629837,,0.0,,0.1885388344526291,,0.04106130450963974,,0.2012404352426529,,,0.16267487406730652,0.009322966448962688,,0.007065621670335531,,0.15919892489910126,,0.3692218065261841,,,0.4552459716796875,,0.04106130450963974,,,,,0.46070826053619385,,,,,,,,,,,,,,,,,,,,,,,,
10,16159,,,,,0.01904197223484516,,0.011275642551481724,,0.0,,0.08390364795923233,,1.0,,0.2000878006219864,,,0.0,0.0,,190.8983612060547,,0.16226719319820404,,0.12333352118730545,,,0.9748333692550659,,1.0,,,,,0.2904339134693146,,,,,,,,,,,,,,,,,,,,,,,,
10,16169,,,,,0.08777834475040436,,0.011387001723051071,,0.0,,0.17371071875095367,,0.04010813683271408,,0.2035282552242279,,,0.1644386351108551,0.01878666877746582,,0.0037575438618659973,,0.16069252789020538,,0.14751222729682922,,,0.532954216003418,,0.04010813683271408,,,,,0.4559289813041687,,,,,,,,,,,,,,,,,,,,,,,,
10,16179,,,,,0.07442750036716461,,0.010918783955276012,,0.0,,0.08130091428756714,,1.0,,0.19929227232933044,,,0.0,0.0,,184.78506469726562,,0.1577359139919281,,0.1530579924583435,,,1.0369508266448975,,1.0,,,,,0.30115294456481934,,,,,,,,,,,,,,,,,,,,,,,,
10,16189,,,,,0.026929080486297607,,0.00976639986038208,,0.0,,0.0808020830154419,,1.0,,0.1995166540145874,,,0.0,0.0,,185.1099853515625,,0.1617160588502884,,0.13300517201423645,,,1.0306395292282104,,1.0,,,,,0.2924031615257263,,,,,,,,,,,,,,,,,,,,,,,,
10,16199,,,,,0.030756236985325813,,0.018963050097227097,,0.0,,0.16079670190811157,,0.004649646580219269,,0.20103855431079865,,,0.15457458794116974,0.0171719491481781,,0.006621858105063438,,0.161264568567276,,0.1936105191707611,,,0.4739997088909149,,0.004649646580219269,,,,,0.3909718692302704,,,,,,,,,,,,,,,,,,,,,,,,
10,16209,,,,,0.01959250308573246,,0.012856628745794296,,0.0,,0.14091819524765015,,0.005806004628539085,,0.2008953094482422,,,0.16392987966537476,0.021167133003473282,,0.003964063711464405,,0.15760821104049683,,0.14270253479480743,,,0.47704917192459106,,0.005806004628539085,,,,,0.3702622056007385,,,,,,,,,,,,,,,,,,,,,,,,
10,16219,,,,,0.018873512744903564,,0.012896829284727573,,0.0,,0.17692860960960388,,0.006600318476557732,,0.2009807825088501,,,0.14658528566360474,0.021686561405658722,,0.004773916210979223,,0.15513311326503754,,0.41788148880004883,,,0.4921950101852417,,0.006600318476557732,,,,,0.37836605310440063,,,,,,,,,,,,,,,,,,,,,,,,
10,16229,,,,,0.014027824625372887,,0.012382102198898792,,0.0,,0.08277440816164017,,1.0,,0.19942711293697357,,,0.0,0.0,,187.3013916015625,,0.1620190292596817,,0.15944281220436096,,,1.003778338432312,,1.0,,,,,0.30802273750305176,,,,,,,,,,,,,,,,,,,,,,,,
10,16239,,,,,0.022996455430984497,,0.025453781709074974,,0.0,,0.1560681164264679,,1.0,,0.2011929452419281,,,0.0,0.0,,0.32725125551223755,,0.17989391088485718,,0.40532857179641724,,,1.0917744636535645,,1.0,,,,,0.4839686453342438,,,,,,,,,,,,,,,,,,,,,,,,
10,16249,,,,,0.08519778400659561,,0.010515674017369747,,0.0,,0.06662560999393463,,1.0,,0.2000288963317871,,,0.0,0.0,,190.09774780273438,,0.16237245500087738,,0.12965062260627747,,,0.9591020941734314,,1.0,,,,,0.28459662199020386,,,,,,,,,,,,,,,,,,,,,,,,
10,16259,,,,,0.07796849310398102,,0.0308033749461174,,0.0,,0.09300251305103302,,1.035893440246582,,0.19960878789424896,,,0.9383867383003235,4.3139801025390625,,1.2562683820724487,,0.17350351810455322,,0.28324660658836365,,,0.8660484552383423,,1.035893440246582,,,,,0.3900824189186096,,,,,,,,,,,,,,,,,,,,,,,,
10,16269,,,,,0.017947804182767868,,0.010666580870747566,,0.0,,0.07301587611436844,,1.0,,0.19981157779693604,,,0.0,0.0,,189.99273681640625,,0.1645643562078476,,0.13805517554283142,,,1.0208815336227417,,1.0,,,,,0.29305678606033325,,,,,,,,,,,,,,,,,,,,,,,,
10,16279,,,,,0.05207091569900513,,0.01322147250175476,,0.0,,0.06847863644361496,,1.0,,0.19993743300437927,,,0.0,0.0,,181.9647216796875,,0.1626044660806656,,0.11616094410419464,,,1.0153441429138184,,1.0,,,,,0.2802014648914337,,,,,,,,,,,,,,,,,,,,,,,,
10,16289,,,,,0.018017766997218132,,0.009136869572103024,,0.0,,0.06587280333042145,,1.0,,0.20018014311790466,,,0.0,0.0,,180.0812225341797,,0.16246993839740753,,0.11696192622184753,,,0.9955157041549683,,1.0,,,,,0.277310848236084,,,,,,,,,,,,,,,,,,,,,,,,
10,16299,,,,,0.017782071605324745,,0.031891390681266785,,0.0,,0.09459912776947021,,0.8512676358222961,,0.19908970594406128,,,0.6107421517372131,3.6167759895324707,,1.061058759689331,,0.17447417974472046,,0.3387313485145569,,,1.286279320716858,,0.8512676358222961,,,,,0.4193928837776184,,,,,,,,,,,,,,,,,,,,,,,,
10,16309,,,,,0.024915579706430435,,0.026844097301363945,,0.0,,0.09166128188371658,,0.9867584705352783,,0.19961696863174438,,,0.6753240823745728,4.441944122314453,,1.355945110321045,,0.16791056096553802,,0.2994377613067627,,,0.8811162710189819,,0.9867584705352783,,,,,0.3927353322505951,,,,,,,,,,,,,,,,,,,,,,,,
10,16319,,,,,0.13814428448677063,,0.038393765687942505,,0.0,,0.0949479192495346,,0.939521074295044,,0.1993570774793625,,,0.6189833283424377,3.6076509952545166,,0.9988136291503906,,0.1685771942138672,,0.30806422233581543,,,1.246278166770935,,0.939521074295044,,,,,0.4046700894832611,,,,,,,,,,,,,,,,,,,,,,,,
10,16329,,,,,0.0892571434378624,,0.03764641657471657,,0.0,,0.10405123233795166,,1.0000759363174438,,0.19937705993652344,,,0.5534279942512512,4.132339000701904,,1.0079433917999268,,0.1764771044254303,,0.4198554456233978,,,1.9510483741760254,,1.0000759363174438,,,,,0.46870362758636475,,,,,,,,,,,,,,,,,,,,,,,,
10,16339,,,,,0.16181603074073792,,0.020977677777409554,,0.0,,0.16533289849758148,,0.057564932852983475,,0.20222589373588562,,,0.1790013462305069,0.014189982786774635,,0.006805146113038063,,0.17605629563331604,,0.18730893731117249,,,0.5199024677276611,,0.057564932852983475,,,,,0.5441105961799622,,,,,,,,,,,,,,,,,,,,,,,,
10,16349,,,,,0.028906693682074547,,0.013251572847366333,,0.0,,0.16032284498214722,,0.00878993235528469,,0.20256547629833221,,,0.17589084804058075,0.06044697016477585,,0.005266592837870121,,0.1613045483827591,,0.1501995027065277,,,0.4774969816207886,,0.00878993235528469,,,,,0.4184311330318451,,,,,,,,,,,,,,,,,,,,,,,,
10,16359,,,,,0.027715232223272324,,0.010111698880791664,,0.0,,0.06960730254650116,,1.0,,0.19955821335315704,,,0.0,0.0,,188.79788208007812,,0.16488732397556305,,0.11910568922758102,,,1.0485605001449585,,1.0,,,,,0.2816351056098938,,,,,,,,,,,,,,,,,,,,,,,,
10,16369,,,,,0.021022403612732887,,0.034992367029190063,,0.0,,0.09368674457073212,,0.9536234140396118,,0.19953316450119019,,,0.5592013597488403,4.113049030303955,,1.1725724935531616,,0.16879907250404358,,0.31328243017196655,,,1.0939836502075195,,0.9536234140396118,,,,,0.40514689683914185,,,,,,,,,,,,,,,,,,,,,,,,
10,16379,,,,,0.08855235576629639,,0.015577718615531921,,0.0,,0.1607615202665329,,0.04196668788790703,,0.20249825716018677,,,0.18189963698387146,0.04746627435088158,,0.0069838156923651695,,0.1588655263185501,,0.291305810213089,,,0.48451146483421326,,0.04196668788790703,,,,,0.4755787253379822,,,,,,,,,,,,,,,,,,,,,,,,
10,16389,,,,,0.08873101323843002,,0.019006647169589996,,0.0,,0.18520092964172363,,0.040250759571790695,,0.20197232067584991,,,0.15974538028240204,0.007580761332064867,,0.004158981144428253,,0.16411328315734863,,0.3015575408935547,,,0.508981466293335,,0.040250759571790695,,,,,0.4596201777458191,,,,,,,,,,,,,,,,,,,,,,,,
10,16399,,,,,0.017991267144680023,,0.03918236866593361,,0.0,,0.09771386533975601,,0.877712070941925,,0.19941885769367218,,,1.1102639436721802,5.976059436798096,,1.0912493467330933,,0.1803857535123825,,0.32483339309692383,,,1.071089506149292,,0.877712070941925,,,,,0.4207671284675598,,,,,,,,,,,,,,,,,,,,,,,,
10,16409,,,,,0.08620515465736389,,0.030428001657128334,,0.0,,0.09154516458511353,,1.12874436378479,,0.19929718971252441,,,0.6627640128135681,3.8009824752807617,,1.3911336660385132,,0.16972270607948303,,0.40354228019714355,,,1.565021276473999,,1.12874436378479,,,,,0.44726765155792236,,,,,,,,,,,,,,,,,,,,,,,,
10,16419,,,,,0.028337640687823296,,0.02131538838148117,,0.0,,0.18402472138404846,,0.008820464834570885,,0.20057018101215363,,,0.15737313032150269,0.012967785820364952,,0.008390065282583237,,0.1633284091949463,,0.31058502197265625,,,0.4458595812320709,,0.008820464834570885,,,,,0.4023224711418152,,,,,,,,,,,,,,,,,,,,,,,,
10,16429,,,,,0.022487767040729523,,0.013378981500864029,,0.0,,0.17179590463638306,,0.008759858086705208,,0.2037498950958252,,,0.15872332453727722,0.01554160937666893,,0.006376887671649456,,0.1530541330575943,,0.3526230454444885,,,0.5047970414161682,,0.008759858086705208,,,,,0.38379812240600586,,,,,,,,,,,,,,,,,,,,,,,,
10,16439,,,,,0.01928231492638588,,0.016934219747781754,,0.0,,0.1660415083169937,,0.008012467063963413,,0.20549888908863068,,,0.1585153341293335,0.025220170617103577,,0.008192485198378563,,0.15254679322242737,,0.32489562034606934,,,0.45430976152420044,,0.008012467063963413,,,,,0.3857569992542267,,,,,,,,,,,,,,,,,,,,,,,,
10,16449,,,,,0.013756307773292065,,0.014261474832892418,,0.0,,0.17433802783489227,,0.0041344054043293,,0.20253349840641022,,,0.15021869540214539,0.010395410470664501,,0.00342471431940794,,0.1630668193101883,,0.1450161635875702,,,0.4402020573616028,,0.0041344054043293,,,,,0.3728756010532379,,,,,,,,,,,,,,,,,,,,,,,,
10,16459,,,,,0.03792763128876686,,0.041209328919649124,,0.0,,0.08570647984743118,,0.997792661190033,,0.19910410046577454,,,0.6601554155349731,4.631191253662109,,0.8399874567985535,,0.17205363512039185,,0.3891593813896179,,,1.2042686939239502,,0.997792661190033,,,,,0.44361644983291626,,,,,,,,,,,,,,,,,,,,,,,,
10,16469,,,,,0.02100754715502262,,0.010332045145332813,,0.0,,0.14740043878555298,,0.007372480817139149,,0.20350004732608795,,,0.15675774216651917,0.004337954800575972,,0.004340131767094135,,0.1547660529613495,,0.2521685063838959,,,0.46713578701019287,,0.007372480817139149,,,,,0.36172473430633545,,,,,,,,,,,,,,,,,,,,,,,,
10,16479,,,,,0.019099025055766106,,0.029918987303972244,,0.0,,0.08553741127252579,,0.9056238532066345,,0.19894707202911377,,,0.4862120747566223,4.61979341506958,,1.4361393451690674,,0.17195868492126465,,0.4008916914463043,,,0.9297947883605957,,0.9056238532066345,,,,,0.44362694025039673,,,,,,,,,,,,,,,,,,,,,,,,
10,16489,,,,,0.033014923334121704,,0.010825046338140965,,0.0,,0.0744834691286087,,1.0,,0.20034527778625488,,,0.0,0.0,,192.00436401367188,,0.16308943927288055,,0.1236855685710907,,,1.0097990036010742,,1.0,,,,,0.2862144112586975,,,,,,,,,,,,,,,,,,,,,,,,
10,16499,,,,,0.02012844756245613,,0.015317456796765327,,0.0,,0.15288382768630981,,0.0069313086569309235,,0.20273810625076294,,,0.1693122237920761,0.01408183854073286,,0.0061382269486784935,,0.16015586256980896,,0.13540783524513245,,,0.4624685049057007,,0.0069313086569309235,,,,,0.38044223189353943,,,,,,,,,,,,,,,,,,,,,,,,
10,16509,,,,,0.07983653247356415,,0.028291605412960052,,0.0,,0.08216047286987305,,0.940565288066864,,0.19911518692970276,,,1.2166634798049927,6.459743499755859,,1.1385215520858765,,0.1672021597623825,,0.34412840008735657,,,1.1978001594543457,,0.940565288066864,,,,,0.41044890880584717,,,,,,,,,,,,,,,,,,,,,,,,
10,16519,,,,,0.01712426170706749,,0.0195325780659914,,0.0,,0.17712357640266418,,0.006710909307003021,,0.2012215554714203,,,0.14263330399990082,0.007520950865000486,,0.004599895793944597,,0.16032618284225464,,0.2731858193874359,,,0.4802737236022949,,0.006710909307003021,,,,,0.37360331416130066,,,,,,,,,,,,,,,,,,,,,,,,
10,16529,,,,,0.03008349984884262,,0.03441371023654938,,0.0,,0.11199663579463959,,0.9495875835418701,,0.19911623001098633,,,0.7772690653800964,4.905953884124756,,1.1637448072433472,,0.16421377658843994,,0.32006531953811646,,,1.2627148628234863,,0.9495875835418701,,,,,0.41490283608436584,,,,,,,,,,,,,,,,,,,,,,,,
10,16539,,,,,0.0720793604850769,,0.03390108048915863,,0.0,,0.11421003192663193,,0.9902966022491455,,0.19919484853744507,,,0.8569905757904053,3.166985034942627,,1.602982997894287,,0.1679975688457489,,0.35979196429252625,,,1.2228608131408691,,0.9902966022491455,,,,,0.4375477433204651,,,,,,,,,,,,,,,,,,,,,,,,
10,16549,,,,,0.02068139798939228,,0.020742319524288177,,0.0,,0.12786900997161865,,1.0,,0.2000567764043808,,,0.0,0.0,,0.39137715101242065,,0.17062225937843323,,0.4113471806049347,,,0.9967934489250183,,1.0,,,,,0.46531879901885986,,,,,,,,,,,,,,,,,,,,,,,,
10,16559,,,,,0.016012679785490036,,0.008619691245257854,,0.0,,0.07275763154029846,,1.0,,0.19995051622390747,,,0.0,0.0,,185.1168670654297,,0.16288210451602936,,0.10487675666809082,,,1.0223865509033203,,1.0,,,,,0.2745433449745178,,,,,,,,,,,,,,,,,,,,,,,,
10,16569,,,,,0.1305980682373047,,0.01107250526547432,,0.0,,0.06719473004341125,,1.0,,0.1995835304260254,,,0.0,0.0,,184.12979125976562,,0.16091597080230713,,0.12676706910133362,,,0.9977377653121948,,1.0,,,,,0.2827668786048889,,,,,,,,,,,,,,,,,,,,,,,,
10,16579,,,,,0.04436207190155983,,0.017527075484395027,,0.0,,0.15926317870616913,,0.016066547483205795,,0.2024131566286087,,,0.15932130813598633,0.008684267289936543,,0.004695400595664978,,0.16036653518676758,,0.3694315552711487,,,0.5594130754470825,,0.016066547483205795,,,,,0.40049755573272705,,,,,,,,,,,,,,,,,,,,,,,,
10,16589,,,,,0.022977780550718307,,0.0356130376458168,,0.0,,0.09213150292634964,,0.9695407152175903,,0.1994897872209549,,,0.45410147309303284,3.6896164417266846,,1.1454368829727173,,0.17970119416713715,,0.40953153371810913,,,1.6253352165222168,,0.9695407152175903,,,,,0.4582335352897644,,,,,,,,,,,,,,,,,,,,,,,,
10,16599,,,,,0.02002263069152832,,0.01752450317144394,,0.0,,0.16035494208335876,,0.007569007575511932,,0.20164506137371063,,,0.16754768788814545,0.005378724541515112,,0.0048864129930734634,,0.1659983992576599,,0.1358189880847931,,,0.519277811050415,,0.007569007575511932,,,,,0.38169050216674805,,,,,,,,,,,,,,,,,,,,,,,,
10,16609,,,,,0.022781776264309883,,0.01417000312358141,,0.0,,0.14769114553928375,,0.009506968781352043,,0.20052719116210938,,,0.15869486331939697,0.006026420742273331,,0.006600660737603903,,0.1610506922006607,,0.10331203043460846,,,0.4423672556877136,,0.009506968781352043,,,,,0.37016230821609497,,,,,,,,,,,,,,,,,,,,,,,,
10,16619,,,,,0.025259457528591156,,0.01763593778014183,,0.0,,0.1722811758518219,,0.006972150877118111,,0.20300297439098358,,,0.15411457419395447,0.010760214179754257,,0.005052289925515652,,0.1579068899154663,,0.2969050407409668,,,0.4769914746284485,,0.006972150877118111,,,,,0.38563647866249084,,,,,,,,,,,,,,,,,,,,,,,,
10,16629,,,,,0.017385784536600113,,0.009536322206258774,,0.0,,0.08095815032720566,,1.0,,0.19979430735111237,,,0.0,0.0,,183.9376678466797,,0.1602543294429779,,0.1534581184387207,,,1.028517723083496,,1.0,,,,,0.30200061202049255,,,,,,,,,,,,,,,,,,,,,,,,
10,16639,,,,,0.07221508771181107,,0.04329952597618103,,0.0,,0.09304852783679962,,0.9594947099685669,,0.1992056518793106,,,0.4261211156845093,2.9131290912628174,,1.2849769592285156,,0.18097195029258728,,0.3428231179714203,,,1.1967693567276,,0.9594947099685669,,,,,0.4296743869781494,,,,,,,,,,,,,,,,,,,,,,,,
10,16649,,,,,0.01871027611196041,,0.014235569164156914,,0.0,,0.16108469665050507,,0.007224235683679581,,0.20125363767147064,,,0.1614614725112915,0.015360124409198761,,0.005126960575580597,,0.16207584738731384,,0.36035507917404175,,,0.504317581653595,,0.007224235683679581,,,,,0.3790094256401062,,,,,,,,,,,,,,,,,,,,,,,,
10,16659,,,,,0.019616082310676575,,0.04379722476005554,,0.0,,0.07924685627222061,,0.7991504073143005,,0.19919100403785706,,,0.7368559241294861,4.091968059539795,,0.9920028448104858,,0.18845993280410767,,0.3805654048919678,,,1.016255259513855,,0.7991504073143005,,,,,0.44563019275665283,,,,,,,,,,,,,,,,,,,,,,,,
10,16669,,,,,0.02568739652633667,,0.027311651036143303,,0.0,,0.08649899065494537,,1.046734094619751,,0.19922882318496704,,,0.47842586040496826,4.261511325836182,,1.46627938747406,,0.16376060247421265,,0.3496564030647278,,,1.2287107706069946,,1.046734094619751,,,,,0.41322821378707886,,,,,,,,,,,,,,,,,,,,,,,,
10,16679,,,,,0.08262132108211517,,0.03565371036529541,,0.0,,0.07667270302772522,,1.0225141048431396,,0.19939740002155304,,,0.7684762477874756,5.192432880401611,,1.172342300415039,,0.16844595968723297,,0.32158246636390686,,,1.051166296005249,,1.0225141048431396,,,,,0.40087610483169556,,,,,,,,,,,,,,,,,,,,,,,,
10,16689,,,,,0.018035151064395905,,0.039981987327337265,,0.0,,0.08198834210634232,,1.0678257942199707,,0.19898124039173126,,,0.6306772828102112,3.6763410568237305,,1.153570294380188,,0.18116912245750427,,0.36488965153694153,,,1.9707844257354736,,1.0678257942199707,,,,,0.43350517749786377,,,,,,,,,,,,,,,,,,,,,,,,
10,16699,,,,,0.12168695032596588,,0.0362083837389946,,0.0,,0.08552295714616776,,0.8903257846832275,,0.19904381036758423,,,0.66148841381073,4.220786094665527,,1.1277461051940918,,0.16873647272586823,,0.3833194971084595,,,1.6733601093292236,,0.8903257846832275,,,,,0.43641555309295654,,,,,,,,,,,,,,,,,,,,,,,,
10,16709,,,,,0.033351968973875046,,0.016227327287197113,,0.0,,0.1672677993774414,,0.01234276220202446,,0.20164820551872253,,,0.15199467539787292,0.010202457197010517,,0.005246218293905258,,0.1564476490020752,,0.34611976146698,,,0.48950713872909546,,0.01234276220202446,,,,,0.38786911964416504,,,,,,,,,,,,,,,,,,,,,,,,
10,16719,,,,,0.04825709015130997,,0.017105668783187866,,0.0,,0.21110892295837402,,0.015326485969126225,,0.20080497860908508,,,0.17525982856750488,0.06269119679927826,,0.008679424412548542,,0.1595662534236908,,0.1714009791612625,,,0.5165631771087646,,0.015326485969126225,,,,,0.46586525440216064,,,,,,,,,,,,,,,,,,,,,,,,
10,16729,,,,,0.10385019332170486,,0.009569504298269749,,0.0,,0.07683181762695312,,1.0,,0.2002868950366974,,,0.0,0.0,,182.2607421875,,0.16038668155670166,,0.17123140394687653,,,1.034773349761963,,1.0,,,,,0.30915313959121704,,,,,,,,,,,,,,,,,,,,,,,,
10,16739,,,,,0.02252029813826084,,0.008573970757424831,,0.0,,0.06514313817024231,,1.0,,0.19968539476394653,,,0.0,0.0,,189.90036010742188,,0.15775731205940247,,0.14265605807304382,,,0.9895290732383728,,1.0,,,,,0.2869079113006592,,,,,,,,,,,,,,,,,,,,,,,,
10,16749,,,,,0.030352868139743805,,0.03333098068833351,,0.0,,0.0965479165315628,,0.9545612931251526,,0.19915489852428436,,,0.7268529534339905,3.1365575790405273,,1.071847677230835,,0.17686454951763153,,0.39077335596084595,,,1.5526010990142822,,0.9545612931251526,,,,,0.4483358561992645,,,,,,,,,,,,,,,,,,,,,,,,
10,16759,,,,,0.07465632259845734,,0.04101438820362091,,0.0,,0.07823292911052704,,1.0168551206588745,,0.19997157156467438,,,0.69609534740448,2.67608380317688,,1.1246421337127686,,0.1783822625875473,,0.41086530685424805,,,1.1793335676193237,,1.0168551206588745,,,,,0.45423322916030884,,,,,,,,,,,,,,,,,,,,,,,,
10,16769,,,,,0.031427375972270966,,0.027783619239926338,,0.0,,0.09513575583696365,,1.2164595127105713,,0.19917640089988708,,,0.5741815567016602,4.013324737548828,,1.486227035522461,,0.16584190726280212,,0.259676456451416,,,0.9183474183082581,,1.2164595127105713,,,,,0.37380707263946533,,,,,,,,,,,,,,,,,,,,,,,,
10,16779,,,,,0.01704290509223938,,0.00856364518404007,,0.0,,0.07827261090278625,,1.0,,0.20003847777843475,,,0.0,0.0,,184.56057739257812,,0.15992224216461182,,0.1325758695602417,,,1.0289337635040283,,1.0,,,,,0.2896864116191864,,,,,,,,,,,,,,,,,,,,,,,,
10,16789,,,,,0.20285552740097046,,0.015727033838629723,,0.0,,0.18397757411003113,,0.09177646040916443,,0.20095960795879364,,,0.1721755713224411,0.018509039655327797,,0.006109445355832577,,0.16119655966758728,,0.44158098101615906,,,0.507197380065918,,0.09177646040916443,,,,,0.5821829438209534,,,,,,,,,,,,,,,,,,,,,,,,
10,16799,,,,,0.04838671535253525,,0.015875646844506264,,0.0,,0.16743670403957367,,0.02080274373292923,,0.20101912319660187,,,0.15551261603832245,0.015525546856224537,,0.006338667124509811,,0.15802961587905884,,0.43206024169921875,,,0.4530426561832428,,0.02080274373292923,,,,,0.4082556664943695,,,,,,,,,,,,,,,,,,,,,,,,
10,16809,,,,,0.028920065611600876,,0.01691237837076187,,0.0,,0.15233281254768372,,0.013150056824088097,,0.20120908319950104,,,0.1648937463760376,0.008943493478000164,,0.0051628220826387405,,0.1636960804462433,,0.14591065049171448,,,0.48242947459220886,,0.013150056824088097,,,,,0.38549527525901794,,,,,,,,,,,,,,,,,,,,,,,,
10,16819,,,,,0.08316964656114578,,0.012361237779259682,,0.0,,0.14752966165542603,,0.039488427340984344,,0.20141839981079102,,,0.15761825442314148,0.0183180570602417,,0.005918014794588089,,0.1558520495891571,,0.3273010551929474,,,0.5516175031661987,,0.039488427340984344,,,,,0.4326775074005127,,,,,,,,,,,,,,,,,,,,,,,,
10,16829,,,,,0.031876713037490845,,0.008584867231547832,,0.0,,0.0787702351808548,,1.0,,0.20005707442760468,,,0.0,0.0,,183.7477264404297,,0.1591372936964035,,0.13096857070922852,,,1.0427567958831787,,1.0,,,,,0.2887590229511261,,,,,,,,,,,,,,,,,,,,,,,,
10,16839,,,,,0.018036920577287674,,0.027969954535365105,,0.0,,0.0971275344491005,,0.9651618599891663,,0.19911089539527893,,,0.5233967304229736,4.0504608154296875,,1.1723061800003052,,0.17074528336524963,,0.34431684017181396,,,1.2543927431106567,,0.9651618599891663,,,,,0.41963523626327515,,,,,,,,,,,,,,,,,,,,,,,,
10,16849,,,,,0.02478940226137638,,0.008947528898715973,,0.0,,0.0891072005033493,,1.0,,0.1997147798538208,,,0.0,0.0,,190.7198944091797,,0.15974926948547363,,0.15096840262413025,,,0.9885774850845337,,1.0,,,,,0.3042435944080353,,,,,,,,,,,,,,,,,,,,,,,,
10,16859,,,,,0.026840392500162125,,0.022723054513335228,,0.0,,0.16727742552757263,,0.008376534096896648,,0.2003517597913742,,,0.15111011266708374,0.01230678241699934,,0.01123332791030407,,0.16609740257263184,,0.35921207070350647,,,0.5162615776062012,,0.008376534096896648,,,,,0.39239034056663513,,,,,,,,,,,,,,,,,,,,,,,,
10,16869,,,,,0.02171175554394722,,0.016057144850492477,,0.0,,0.1658286154270172,,0.0079774996265769,,0.1999882608652115,,,0.13672108948230743,0.01881672441959381,,0.0038445047102868557,,0.15415143966674805,,0.31448644399642944,,,0.47477027773857117,,0.0079774996265769,,,,,0.36941564083099365,,,,,,,,,,,,,,,,,,,,,,,,
10,16879,,,,,0.015667781233787537,,0.011914443224668503,,0.0,,0.07807131111621857,,1.0,,0.19919994473457336,,,0.0,0.0,,181.3365936279297,,0.16136601567268372,,0.1088540256023407,,,1.0264606475830078,,1.0,,,,,0.2797028720378876,,,,,,,,,,,,,,,,,,,,,,,,
10,16889,,,,,0.020923923701047897,,0.017362438142299652,,0.0,,0.160598486661911,,0.008689864538609982,,0.20183877646923065,,,0.15535017848014832,0.012256080284714699,,0.007024964317679405,,0.15702474117279053,,0.3144405484199524,,,0.5420000553131104,,0.008689864538609982,,,,,0.3766517639160156,,,,,,,,,,,,,,,,,,,,,,,,
10,16899,,,,,0.017604922875761986,,0.016048546880483627,,0.0,,0.1815369576215744,,0.006575995124876499,,0.20013275742530823,,,0.1555928736925125,0.013373516499996185,,0.0037819743156433105,,0.1602628529071808,,0.3747829794883728,,,0.47229641675949097,,0.006575995124876499,,,,,0.3829696476459503,,,,,,,,,,,,,,,,,,,,,,,,
10,16909,,,,,0.028438273817300797,,0.009701225906610489,,0.0,,0.09030696749687195,,1.0,,0.19935213029384613,,,0.0,0.0,,186.8779754638672,,0.15676552057266235,,0.12263891100883484,,,0.9926103949546814,,1.0,,,,,0.2893823981285095,,,,,,,,,,,,,,,,,,,,,,,,
10,16919,,,,,0.04002559185028076,,0.015508630312979221,,0.0,,0.1729891449213028,,0.01606670394539833,,0.20921923220157623,,,0.1511881798505783,0.010919822379946709,,0.005684881471097469,,0.158214271068573,,0.13485175371170044,,,0.47629255056381226,,0.01606670394539833,,,,,0.4018876552581787,,,,,,,,,,,,,,,,,,,,,,,,
10,16929,,,,,0.017162911593914032,,0.020698782056570053,,0.0,,0.09891986101865768,,0.9730584621429443,,0.19917714595794678,,,0.47141844034194946,3.4526870250701904,,1.4061782360076904,,0.16372770071029663,,0.34829264879226685,,,1.0588371753692627,,0.9730584621429443,,,,,0.41540807485580444,,,,,,,,,,,,,,,,,,,,,,,,
10,16939,,,,,0.022597653791308403,,0.013385837897658348,,0.0,,0.18301080167293549,,0.006673818454146385,,0.20077857375144958,,,0.16337156295776367,0.008446977473795414,,0.014579372480511665,,0.15752819180488586,,0.3086715042591095,,,0.4214029312133789,,0.006673818454146385,,,,,0.393148273229599,,,,,,,,,,,,,,,,,,,,,,,,
10,16949,,,,,0.036412596702575684,,0.014216499403119087,,0.0,,0.1806204468011856,,0.010660036467015743,,0.20195385813713074,,,0.15442240238189697,0.016330832615494728,,0.003566217143088579,,0.15696236491203308,,0.3410909175872803,,,0.458218514919281,,0.010660036467015743,,,,,0.40044891834259033,,,,,,,,,,,,,,,,,,,,,,,,
10,16959,,,,,0.0208384171128273,,0.03127141669392586,,0.0,,0.09066391736268997,,0.959293782711029,,0.1990979015827179,,,0.7311557531356812,5.731785297393799,,1.0046616792678833,,0.16425424814224243,,0.32051989436149597,,,1.112454891204834,,0.959293782711029,,,,,0.40290367603302,,,,,,,,,,,,,,,,,,,,,,,,
10,16969,,,,,0.0219570305198431,,0.011701775714755058,,0.0,,0.0735984817147255,,1.0,,0.1998942643404007,,,0.0,0.0,,187.74810791015625,,0.1582392454147339,,0.12859058380126953,,,1.0029494762420654,,1.0,,,,,0.2860121726989746,,,,,,,,,,,,,,,,,,,,,,,,
10,16979,,,,,0.021121883764863014,,0.008617078885436058,,0.0,,0.08871995657682419,,1.0,,0.1991564929485321,,,0.0,0.0,,184.7212371826172,,0.16189849376678467,,0.1601243019104004,,,0.980725884437561,,1.0,,,,,0.3092581629753113,,,,,,,,,,,,,,,,,,,,,,,,
10,16989,,,,,0.0751243606209755,,0.009185944683849812,,0.0,,0.07426711916923523,,1.0,,0.1998060643672943,,,0.0,0.0,,179.1028289794922,,0.15937979519367218,,0.13147804141044617,,,1.0200018882751465,,1.0,,,,,0.2870584726333618,,,,,,,,,,,,,,,,,,,,,,,,
10,16999,,,,,0.0108342245221138,,0.01783902198076248,,0.0,,0.1657862812280655,,0.004339426755905151,,0.20038627088069916,,,0.1480427384376526,0.009696061722934246,,0.005746406968683004,,0.15672005712985992,,0.25319087505340576,,,0.3985965847969055,,0.004339426755905151,,,,,0.362942636013031,,,,,,,,,,,,,,,,,,,,,,,,
10,17009,,,,,0.017052024602890015,,0.010479841381311417,,0.0,,0.08161693066358566,,1.0,,0.19978761672973633,,,0.0,0.0,,176.489013671875,,0.16175773739814758,,0.14006826281547546,,,1.042189359664917,,1.0,,,,,0.29685521125793457,,,,,,,,,,,,,,,,,,,,,,,,
10,17019,,,,,0.019316446036100388,,0.030354902148246765,,0.0,,0.0757780373096466,,0.9848145842552185,,0.1991814821958542,,,0.6764477491378784,5.058870792388916,,0.8887277841567993,,0.16837751865386963,,0.35497426986694336,,,1.1348457336425781,,0.9848145842552185,,,,,0.4143331050872803,,,,,,,,,,,,,,,,,,,,,,,,
10,17029,,,,,0.019271021708846092,,0.015353195369243622,,0.0,,0.16668760776519775,,0.0074722496792674065,,0.20059652626514435,,,0.16166558861732483,0.008489057421684265,,0.005484602879732847,,0.15514902770519257,,0.39309805631637573,,,0.5048245191574097,,0.0074722496792674065,,,,,0.3759838342666626,,,,,,,,,,,,,,,,,,,,,,,,
10,17039,,,,,0.02543031796813011,,0.008688906207680702,,0.0,,0.08866580575704575,,1.0,,0.1999826431274414,,,0.0,0.0,,175.68267822265625,,0.1594129502773285,,0.16780534386634827,,,1.0274391174316406,,1.0,,,,,0.31227782368659973,,,,,,,,,,,,,,,,,,,,,,,,
10,17049,,,,,0.021086012944579124,,0.021221671253442764,,0.0,,0.09026727825403214,,0.887892484664917,,0.1992628574371338,,,0.6732397675514221,3.5801522731781006,,1.527982473373413,,0.16485917568206787,,0.2792091369628906,,,0.7368073463439941,,0.887892484664917,,,,,0.37741005420684814,,,,,,,,,,,,,,,,,,,,,,,,
10,17059,,,,,0.015963386744260788,,0.014758547767996788,,0.0,,0.07774011045694351,,1.0,,0.19975638389587402,,,0.0,0.0,,184.8417205810547,,0.16721530258655548,,0.12177559733390808,,,1.0092586278915405,,1.0,,,,,0.2906229794025421,,,,,,,,,,,,,,,,,,,,,,,,
10,17069,,,,,0.019520200788974762,,0.012896940112113953,,0.0,,0.1511775702238083,,0.008128507062792778,,0.20162181556224823,,,0.15481452643871307,0.00959139596670866,,0.006982709281146526,,0.1559702754020691,,0.16433191299438477,,,0.5491073131561279,,0.008128507062792778,,,,,0.36604782938957214,,,,,,,,,,,,,,,,,,,,,,,,
10,17079,,,,,0.02387220412492752,,0.01240728422999382,,0.0,,0.15355436503887177,,0.009314341470599174,,0.19981689751148224,,,0.1445123255252838,0.012764565646648407,,0.0039529805071651936,,0.1511855125427246,,0.32316523790359497,,,0.5297673940658569,,0.009314341470599174,,,,,0.36296916007995605,,,,,,,,,,,,,,,,,,,,,,,,
10,17089,,,,,0.07683059573173523,,0.017583172768354416,,0.0,,0.1788317710161209,,0.03591087460517883,,0.1998061090707779,,,0.15238098800182343,0.016765890643000603,,0.0060518644750118256,,0.16406360268592834,,0.17275984585285187,,,0.5324227809906006,,0.03591087460517883,,,,,0.4445722997188568,,,,,,,,,,,,,,,,,,,,,,,,
10,17099,,,,,0.019646327942609787,,0.03717190772294998,,0.0,,0.08751051872968674,,0.958351731300354,,0.19911225140094757,,,0.6358136534690857,4.0293450355529785,,1.3657541275024414,,0.17063796520233154,,0.2553873360157013,,,1.1575262546539307,,0.958351731300354,,,,,0.37490999698638916,,,,,,,,,,,,,,,,,,,,,,,,
10,17109,,,,,0.013811547309160233,,0.01309509389102459,,0.0,,0.15121158957481384,,0.0055842893198132515,,0.20164452493190765,,,0.16253860294818878,0.016719266772270203,,0.01274638157337904,,0.15520091354846954,,0.4309938848018646,,,0.486060231924057,,0.0055842893198132515,,,,,0.37038975954055786,,,,,,,,,,,,,,,,,,,,,,,,
10,17119,,,,,0.02152719348669052,,0.028386328369379044,,0.0,,0.08575410395860672,,1.1626286506652832,,0.1992238312959671,,,0.4589215815067291,3.4285292625427246,,1.0966506004333496,,0.16561496257781982,,0.29251474142074585,,,1.1871652603149414,,1.1626286506652832,,,,,0.3857469856739044,,,,,,,,,,,,,,,,,,,,,,,,
10,17129,,,,,0.020049698650836945,,0.015227098017930984,,0.0,,0.15666048228740692,,0.0042219627648591995,,0.20045748353004456,,,0.15320876240730286,0.03608279302716255,,0.00896358396857977,,0.16123844683170319,,0.29967057704925537,,,0.42214471101760864,,0.0042219627648591995,,,,,0.38596904277801514,,,,,,,,,,,,,,,,,,,,,,,,
10,17139,,,,,0.01371850911527872,,0.011411539278924465,,0.0,,0.16062672436237335,,0.005518452264368534,,0.20027337968349457,,,0.1552698314189911,0.016766345128417015,,0.005283821374177933,,0.15226855874061584,,0.2672225832939148,,,0.46759098768234253,,0.005518452264368534,,,,,0.3646686375141144,,,,,,,,,,,,,,,,,,,,,,,,
10,17149,,,,,0.02660973370075226,,0.013558566570281982,,0.0,,0.16447022557258606,,0.01046766433864832,,0.2040778547525406,,,0.14936935901641846,0.01527675986289978,,0.005014581140130758,,0.15324313938617706,,0.1475958526134491,,,0.48123079538345337,,0.01046766433864832,,,,,0.3791149854660034,,,,,,,,,,,,,,,,,,,,,,,,
10,17159,,,,,0.020163610577583313,,0.011859368532896042,,0.0,,0.06556495279073715,,1.0,,0.19930791854858398,,,0.0,0.0,,185.880615234375,,0.15983082354068756,,0.11703267693519592,,,1.0145773887634277,,1.0,,,,,0.276797890663147,,,,,,,,,,,,,,,,,,,,,,,,
10,17169,,,,,0.018095137551426888,,0.007369435392320156,,0.0,,0.08202388882637024,,1.0,,0.19966904819011688,,,0.0,0.0,,188.98875427246094,,0.1606387048959732,,0.1137666404247284,,,0.9938629865646362,,1.0,,,,,0.2817338705062866,,,,,,,,,,,,,,,,,,,,,,,,
10,17179,,,,,0.011022704653441906,,0.009972467087209225,,0.0,,0.08890323340892792,,1.0,,0.19929139316082,,,0.0,0.0,,178.5913543701172,,0.16015322506427765,,0.12685662508010864,,,1.0365345478057861,,1.0,,,,,0.292588472366333,,,,,,,,,,,,,,,,,,,,,,,,
10,17189,,,,,0.011066383682191372,,0.010180721059441566,,0.0,,0.06426210701465607,,1.0,,0.19939714670181274,,,0.0,0.0,,185.0813446044922,,0.16292716562747955,,0.11869977414608002,,,1.0162043571472168,,1.0,,,,,0.2777334749698639,,,,,,,,,,,,,,,,,,,,,,,,
10,17199,,,,,0.07034415006637573,,0.011004960164427757,,0.0,,0.14623583853244781,,0.02666398137807846,,0.20206449925899506,,,0.15935516357421875,0.009061703458428383,,0.0032971769105643034,,0.14924484491348267,,0.3926658630371094,,,0.47681480646133423,,0.02666398137807846,,,,,0.4104762077331543,,,,,,,,,,,,,,,,,,,,,,,,
10,17209,,,,,0.01687985099852085,,0.013608003035187721,,0.0,,0.15986418724060059,,0.00701484177261591,,0.2015320360660553,,,0.16539421677589417,0.007508092559874058,,0.004173598252236843,,0.15141049027442932,,0.3364126682281494,,,0.47949841618537903,,0.00701484177261591,,,,,0.3686251640319824,,,,,,,,,,,,,,,,,,,,,,,,
10,17219,,,,,0.08724623918533325,,0.01700037531554699,,0.0,,0.15969102084636688,,0.04128827154636383,,0.20064866542816162,,,0.158782497048378,0.04614976420998573,,0.005066818557679653,,0.15108716487884521,,0.34233251214027405,,,0.5068424940109253,,0.04128827154636383,,,,,0.4564594030380249,,,,,,,,,,,,,,,,,,,,,,,,
10,17229,,,,,0.03745906054973602,,0.031299736350774765,,0.0,,0.10248413681983948,,0.9973727464675903,,0.19905801117420197,,,0.7807921171188354,5.254025459289551,,1.222262978553772,,0.1723458468914032,,0.273739218711853,,,1.1771851778030396,,0.9973727464675903,,,,,0.38946348428726196,,,,,,,,,,,,,,,,,,,,,,,,
10,17239,,,,,0.02369815483689308,,0.021676121279597282,,0.0,,0.09989650547504425,,1.0876193046569824,,0.19910505414009094,,,0.5694864988327026,3.514723777770996,,1.4740961790084839,,0.16559571027755737,,0.2645357847213745,,,1.4099674224853516,,1.0876193046569824,,,,,0.37540459632873535,,,,,,,,,,,,,,,,,,,,,,,,
10,17249,,,,,0.01474258303642273,,0.03744037449359894,,0.0,,0.08725254237651825,,0.9397246241569519,,0.19925850629806519,,,0.4983360767364502,4.419613361358643,,1.4308037757873535,,0.1764570027589798,,0.3441227078437805,,,1.1261473894119263,,0.9397246241569519,,,,,0.42226555943489075,,,,,,,,,,,,,,,,,,,,,,,,
10,17259,,,,,0.023718442767858505,,0.019578812643885612,,0.0,,0.17739589512348175,,0.0076846713200211525,,0.20697243511676788,,,0.14785334467887878,0.019951360300183296,,0.004614058416336775,,0.15924829244613647,,0.10065629333257675,,,0.4897921681404114,,0.0076846713200211525,,,,,0.391525536775589,,,,,,,,,,,,,,,,,,,,,,,,
10,17269,,,,,0.019759178161621094,,0.028898708522319794,,0.0,,0.09128784388303757,,0.9324567317962646,,0.19926150143146515,,,0.44110962748527527,2.7726521492004395,,1.3687413930892944,,0.16693854331970215,,0.35695457458496094,,,1.402588129043579,,0.9324567317962646,,,,,0.4216705858707428,,,,,,,,,,,,,,,,,,,,,,,,
10,17279,,,,,0.020229540765285492,,0.008995773270726204,,0.0,,0.0709802582859993,,1.0,,0.19998250901699066,,,0.0,0.0,,187.621337890625,,0.1610078513622284,,0.1415240466594696,,,0.9720062613487244,,1.0,,,,,0.2912452220916748,,,,,,,,,,,,,,,,,,,,,,,,
10,17289,,,,,0.019463833421468735,,0.013043384999036789,,0.0,,0.08131378889083862,,1.0,,0.19990456104278564,,,0.0,0.0,,185.88107299804688,,0.16159509122371674,,0.13167446851730347,,,1.0618271827697754,,1.0,,,,,0.293765664100647,,,,,,,,,,,,,,,,,,,,,,,,
10,17299,,,,,0.014248566702008247,,0.013279665261507034,,0.0,,0.15900705754756927,,0.004113040864467621,,0.2038908302783966,,,0.15607024729251862,0.019309241324663162,,0.0054639652371406555,,0.15838323533535004,,0.1214117556810379,,,0.4249168932437897,,0.004113040864467621,,,,,0.3719506859779358,,,,,,,,,,,,,,,,,,,,,,,,
10,17309,,,,,0.015984896570444107,,0.0195044856518507,,0.0,,0.17839273810386658,,0.005095398984849453,,0.19988349080085754,,,0.15699325501918793,0.013621327467262745,,0.004901467356830835,,0.15995535254478455,,0.2901986241340637,,,0.49341702461242676,,0.005095398984849453,,,,,0.382610946893692,,,,,,,,,,,,,,,,,,,,,,,,
10,17319,,,,,0.019307438284158707,,0.027522414922714233,,0.0,,0.19307294487953186,,0.00794272217899561,,0.20050674676895142,,,0.1654978096485138,0.014239850454032421,,0.008705945685505867,,0.16218850016593933,,0.11779478192329407,,,0.4828445315361023,,0.00794272217899561,,,,,0.4051745533943176,,,,,,,,,,,,,,,,,,,,,,,,
10,17329,,,,,0.079257532954216,,0.01576443575322628,,0.0,,0.20273330807685852,,0.035782936960458755,,0.20461496710777283,,,0.14854373037815094,0.01082935556769371,,0.0039333137683570385,,0.15396957099437714,,0.12360857427120209,,,0.5497480630874634,,0.035782936960458755,,,,,0.44945186376571655,,,,,,,,,,,,,,,,,,,,,,,,
10,17339,,,,,0.017105428501963615,,0.007630941458046436,,0.0,,0.07659535109996796,,1.0,,0.19944509863853455,,,0.0,0.0,,186.3010711669922,,0.1614466905593872,,0.14555618166923523,,,1.0204079151153564,,1.0,,,,,0.29533714056015015,,,,,,,,,,,,,,,,,,,,,,,,
10,17349,,,,,0.020334411412477493,,0.021430213004350662,,0.0,,0.16983652114868164,,0.008773771114647388,,0.201562762260437,,,0.1596958190202713,0.01135028712451458,,0.005507671739906073,,0.15832507610321045,,0.1615176498889923,,,0.5022964477539062,,0.008773771114647388,,,,,0.38418859243392944,,,,,,,,,,,,,,,,,,,,,,,,
10,17359,,,,,0.019837627187371254,,0.008578547276556492,,0.0,,0.0760415643453598,,1.0,,0.19936805963516235,,,0.0,0.0,,190.03924560546875,,0.161631241440773,,0.11069215834140778,,,1.0085164308547974,,1.0,,,,,0.27815577387809753,,,,,,,,,,,,,,,,,,,,,,,,
10,17369,,,,,0.032432254403829575,,0.02050485834479332,,0.0,,0.16619117558002472,,0.010783862322568893,,0.20222000777721405,,,0.17448486387729645,0.02282734028995037,,0.008412938565015793,,0.16057756543159485,,0.3695974349975586,,,0.5211479663848877,,0.010783862322568893,,,,,0.4100416302680969,,,,,,,,,,,,,,,,,,,,,,,,
10,17379,,,,,0.08664283156394958,,0.01844865456223488,,0.0,,0.1864597499370575,,0.04017765074968338,,0.2004183977842331,,,0.16192692518234253,0.020603004842996597,,0.005720849148929119,,0.1544458270072937,,0.31073182821273804,,,0.508809506893158,,0.04017765074968338,,,,,0.46065452694892883,,,,,,,,,,,,,,,,,,,,,,,,
10,17389,,,,,0.03279060870409012,,0.02259874902665615,,0.0,,0.17316992580890656,,0.013074357062578201,,0.2014479786157608,,,0.1518765240907669,0.013586191460490227,,0.008442186750471592,,0.1649247258901596,,0.1407202035188675,,,0.4479093551635742,,0.013074357062578201,,,,,0.4008136987686157,,,,,,,,,,,,,,,,,,,,,,,,
10,17399,,,,,0.03709528595209122,,0.020650383085012436,,0.0,,0.17600274085998535,,0.015049131587147713,,0.20635885000228882,,,0.16831593215465546,0.008656889200210571,,0.006338241510093212,,0.1641194224357605,,0.35590362548828125,,,0.5115609765052795,,0.015049131587147713,,,,,0.4123165011405945,,,,,,,,,,,,,,,,,,,,,,,,
10,17409,,,,,0.03214811533689499,,0.012246728874742985,,0.0,,0.15876369178295135,,0.008513911627233028,,0.20160561800003052,,,0.1517515331506729,0.021918848156929016,,0.004336196929216385,,0.15862871706485748,,0.22895547747612,,,0.45955222845077515,,0.008513911627233028,,,,,0.3867737650871277,,,,,,,,,,,,,,,,,,,,,,,,
10,17419,,,,,0.05902434140443802,,0.009456045925617218,,0.0,,0.07262007147073746,,1.0,,0.19996899366378784,,,0.0,0.0,,185.54183959960938,,0.1570902168750763,,0.1493644416332245,,,1.022301197052002,,1.0,,,,,0.29424989223480225,,,,,,,,,,,,,,,,,,,,,,,,
10,17429,,,,,0.03890308737754822,,0.01655947044491768,,0.0,,0.16658347845077515,,0.00852511078119278,,0.2047225683927536,,,0.18357910215854645,0.01071668229997158,,0.006558441556990147,,0.16566751897335052,,0.445608526468277,,,0.5339642763137817,,0.00852511078119278,,,,,0.4160967171192169,,,,,,,,,,,,,,,,,,,,,,,,
10,17439,,,,,0.01955774798989296,,0.02601081319153309,,0.0,,0.09113287180662155,,0.9721654653549194,,0.19930541515350342,,,0.795285165309906,3.426539659500122,,1.176525354385376,,0.16282260417938232,,0.39452141523361206,,,1.2661688327789307,,0.9721654653549194,,,,,0.43689656257629395,,,,,,,,,,,,,,,,,,,,,,,,
10,17449,,,,,0.08636444807052612,,0.008971271105110645,,0.0,,0.06941860914230347,,1.0,,0.19950862228870392,,,0.0,0.0,,187.29296875,,0.16385960578918457,,0.13137690722942352,,,0.9998127222061157,,1.0,,,,,0.2865675091743469,,,,,,,,,,,,,,,,,,,,,,,,
10,17459,,,,,0.04085627943277359,,0.03465038537979126,,0.0,,0.09997119009494781,,1.0367965698242188,,0.19886334240436554,,,0.7294169664382935,4.537233352661133,,1.2144583463668823,,0.16891352832317352,,0.33599531650543213,,,1.728131651878357,,1.0367965698242188,,,,,0.41919687390327454,,,,,,,,,,,,,,,,,,,,,,,,
10,17469,,,,,0.015158046036958694,,0.011867223307490349,,0.0,,0.1522156000137329,,0.004476129077374935,,0.20284873247146606,,,0.17363999783992767,0.01701471582055092,,0.003790494054555893,,0.1586540937423706,,0.4066008925437927,,,0.4752155542373657,,0.004476129077374935,,,,,0.37517350912094116,,,,,,,,,,,,,,,,,,,,,,,,
10,17479,,,,,0.016285467892885208,,0.011878566816449165,,0.0,,0.1324145793914795,,0.00611371174454689,,0.20148663222789764,,,0.1516132801771164,0.01105077750980854,,0.004088044166564941,,0.15629282593727112,,0.13862064480781555,,,0.4845554828643799,,0.00611371174454689,,,,,0.3506978452205658,,,,,,,,,,,,,,,,,,,,,,,,
10,17489,,,,,0.02399824932217598,,0.02648579329252243,,0.0,,0.08694247156381607,,0.9596911668777466,,0.1992131769657135,,,0.6463630795478821,4.223139762878418,,1.6438249349594116,,0.16712665557861328,,0.363647997379303,,,1.0234947204589844,,0.9596911668777466,,,,,0.42170804738998413,,,,,,,,,,,,,,,,,,,,,,,,
10,17499,,,,,0.08471378684043884,,0.013416917063295841,,0.0,,0.16462315618991852,,0.03829178959131241,,0.20276066660881042,,,0.15991120040416718,0.016450677067041397,,0.006129446905106306,,0.1551809310913086,,0.147388756275177,,,0.4771544635295868,,0.03829178959131241,,,,,0.4439502954483032,,,,,,,,,,,,,,,,,,,,,,,,
10,17509,,,,,0.031587231904268265,,0.03467889130115509,,0.0,,0.08915014564990997,,0.8782360553741455,,0.19923430681228638,,,0.5804926753044128,4.190611839294434,,1.3196877241134644,,0.17071805894374847,,0.291166216135025,,,1.1862260103225708,,0.8782360553741455,,,,,0.39247381687164307,,,,,,,,,,,,,,,,,,,,,,,,
10,17519,,,,,0.023395590484142303,,0.02762155793607235,,0.0,,0.08182000368833542,,1.0415606498718262,,0.19946640729904175,,,0.6881954073905945,5.890840530395508,,1.16563081741333,,0.16292300820350647,,0.3030380308628082,,,1.1594810485839844,,1.0415606498718262,,,,,0.3874345123767853,,,,,,,,,,,,,,,,,,,,,,,,
10,17529,,,,,0.09871309250593185,,0.009659485891461372,,0.0,,0.080736443400383,,1.0,,0.1997251659631729,,,0.0,0.0,,184.91697692871094,,0.15877878665924072,,0.15210917592048645,,,0.9891506433486938,,1.0,,,,,0.30050450563430786,,,,,,,,,,,,,,,,,,,,,,,,
10,17539,,,,,0.022776316851377487,,0.014434825628995895,,0.0,,0.16198129951953888,,0.009662540629506111,,0.2033635377883911,,,0.17637374997138977,0.007602158933877945,,0.002825244329869747,,0.1585334986448288,,0.38102421164512634,,,0.5152801871299744,,0.009662540629506111,,,,,0.38533347845077515,,,,,,,,,,,,,,,,,,,,,,,,
10,17544,,,,,,,,,,,,,,,,,,,,,,,,,,,,,,,,,,,,,,0.47556963562965393,0.19949553906917572,0.06762927770614624,0.05966193601489067,0.06643892824649811,0.0,0.3129692077636719,0.3101513385772705,0.3206797242164612,0.44793885946273804,0.24046221375465393,13.609759330749512,0.23418736457824707,0.5740602612495422,0.890705406665802,0.2408137172460556,0.3101513385772705,0.7229134440422058,0.8761814832687378,0.43685993552207947,1.1071299314498901,1.1920799016952515
10,17544,0.015902116894721985,0.040346138179302216,0.006983919069170952,0.010386818088591099,,0.018345067277550697,,0.0,,0.12831228971481323,,0.47388896346092224,,0.20103472471237183,,0.8729197382926941,0.22411152720451355,,,43.25862121582031,,0.16228096187114716,,0.2457447648048401,,0.7790457606315613,0.4722401797771454,,0.47388896346092224,,0.4203534722328186,0.4706655442714691,0.293361634016037,0.38216546177864075,,0.4989621043205261,0.40149545669555664,,,,,,,,,,,,,,,,,,,,,,
11,17549,,,,,0.012516701593995094,,0.010491890832781792,,0.0,,0.06669455766677856,,1.0,,0.20011001825332642,,,0.0,0.0,,184.16900634765625,,0.16000553965568542,,0.12194160372018814,,,1.0119737386703491,,1.0,,,,,0.27962180972099304,,,,,,,,,,,,,,,,,,,,,,,,
11,17559,,,,,0.011180871166288853,,0.027709126472473145,,0.0,,0.07975080609321594,,0.9844685792922974,,0.19925753772258759,,,0.7574823498725891,3.919194459915161,,1.0771092176437378,,0.17183244228363037,,0.2840062379837036,,,1.1389230489730835,,0.9844685792922974,,,,,0.38127806782722473,,,,,,,,,,,,,,,,,,,,,,,,
11,17569,,,,,0.016787059605121613,,0.008200776763260365,,0.0,,0.06931493431329727,,1.0,,0.19944649934768677,,,0.0,0.0,,178.8877410888672,,0.1607857644557953,,0.12837211787700653,,,1.0116875171661377,,1.0,,,,,0.2830600440502167,,,,,,,,,,,,,,,,,,,,,,,,
11,17579,,,,,0.07813586294651031,,0.00949779525399208,,0.0,,0.13315771520137787,,0.03782854974269867,,0.1999942660331726,,,0.1532735377550125,0.01242661103606224,,0.003277753945440054,,0.15774452686309814,,0.30976301431655884,,,0.4974347651004791,,0.03782854974269867,,,,,0.41282200813293457,,,,,,,,,,,,,,,,,,,,,,,,
11,17589,,,,,0.01126283872872591,,0.015452297404408455,,0.0,,0.13845105469226837,,0.0040056295692920685,,0.19975581765174866,,,0.17508792877197266,0.008890049532055855,,0.004344927612692118,,0.16314677894115448,,0.11618433892726898,,,0.44695335626602173,,0.0040056295692920685,,,,,0.36382725834846497,,,,,,,,,,,,,,,,,,,,,,,,
11,17599,,,,,0.01111618708819151,,0.012335618957877159,,0.0,,0.15684865415096283,,0.00456662941724062,,0.2007887363433838,,,0.15617044270038605,0.007065673358738422,,0.006434058770537376,,0.1529083549976349,,0.30215293169021606,,,0.48012933135032654,,0.00456662941724062,,,,,0.35739195346832275,,,,,,,,,,,,,,,,,,,,,,,,
11,17609,,,,,0.0203216765075922,,0.015880070626735687,,0.0,,0.1476791352033615,,0.007892792113125324,,0.2000826746225357,,,0.15310490131378174,0.01265372708439827,,0.003502241801470518,,0.15467390418052673,,0.37042707204818726,,,0.5155953168869019,,0.007892792113125324,,,,,0.36410999298095703,,,,,,,,,,,,,,,,,,,,,,,,
11,17619,,,,,0.03169022873044014,,0.010012124665081501,,0.0,,0.1568445861339569,,0.010186303406953812,,0.20178526639938354,,,0.15940165519714355,0.018812691792845726,,0.0059637390077114105,,0.14710025489330292,,0.09668561071157455,,,0.42739880084991455,,0.010186303406953812,,,,,0.3816503882408142,,,,,,,,,,,,,,,,,,,,,,,,
11,17629,,,,,0.0779062956571579,,0.01936584711074829,,0.0,,0.15331481397151947,,0.03726182132959366,,0.2014770209789276,,,0.14105109870433807,0.02379399910569191,,0.00884054321795702,,0.1593063920736313,,0.3087174892425537,,,0.5410798788070679,,0.03726182132959366,,,,,0.43148118257522583,,,,,,,,,,,,,,,,,,,,,,,,
11,17639,,,,,0.016793128103017807,,0.012786800041794777,,0.0,,0.16086125373840332,,0.007695280015468597,,0.20059454441070557,,,0.15226034820079803,0.004629744216799736,,0.005317037459462881,,0.15595945715904236,,0.31599366664886475,,,0.48806822299957275,,0.007695280015468597,,,,,0.36299771070480347,,,,,,,,,,,,,,,,,,,,,,,,
11,17649,,,,,0.0321209654211998,,0.02230527251958847,,0.0,,0.16959325969219208,,0.0036226660013198853,,0.19992786645889282,,,0.15728330612182617,0.010482920333743095,,0.00819955300539732,,0.1571117788553238,,0.2985870838165283,,,0.42510896921157837,,0.0036226660013198853,,,,,0.3945729434490204,,,,,,,,,,,,,,,,,,,,,,,,
11,17659,,,,,0.016621269285678864,,0.03246113657951355,,0.0,,0.09268058836460114,,0.8740492463111877,,0.19920940697193146,,,0.8368851542472839,3.184298515319824,,1.344360113143921,,0.1701701581478119,,0.32936859130859375,,,0.9034557342529297,,0.8740492463111877,,,,,0.4119449555873871,,,,,,,,,,,,,,,,,,,,,,,,
11,17669,,,,,0.014697469770908356,,0.042061224579811096,,0.0,,0.09723657369613647,,1.0563563108444214,,0.19920647144317627,,,0.7069252729415894,2.93656325340271,,1.0931199789047241,,0.18184155225753784,,0.33635884523391724,,,1.3775222301483154,,1.0563563108444214,,,,,0.42835232615470886,,,,,,,,,,,,,,,,,,,,,,,,
11,17679,,,,,0.02644125558435917,,0.018462955951690674,,0.0,,0.17289943993091583,,0.007863418199121952,,0.20073948800563812,,,0.15067026019096375,0.00789873581379652,,0.005042635835707188,,0.16200187802314758,,0.15807229280471802,,,0.4558565020561218,,0.007863418199121952,,,,,0.3852989375591278,,,,,,,,,,,,,,,,,,,,,,,,
11,17689,,,,,0.1288175880908966,,0.01683175563812256,,0.0,,0.18626360595226288,,0.05967411398887634,,0.20369172096252441,,,0.15453168749809265,0.006939396727830172,,0.003619159571826458,,0.15866760909557343,,0.35780081152915955,,,0.515594482421875,,0.05967411398887634,,,,,0.4940900504589081,,,,,,,,,,,,,,,,,,,,,,,,
11,17699,,,,,0.08630110323429108,,0.010474099777638912,,0.0,,0.14881853759288788,,0.03767196089029312,,0.2008114755153656,,,0.15402190387248993,0.00878300704061985,,0.005996254738420248,,0.1551520824432373,,0.3718752861022949,,,0.507817804813385,,0.03767196089029312,,,,,0.4283297657966614,,,,,,,,,,,,,,,,,,,,,,,,
11,17709,,,,,0.01724538952112198,,0.03567906841635704,,0.0,,0.09308463335037231,,0.937272310256958,,0.19901789724826813,,,0.7721768617630005,5.783108711242676,,1.196838140487671,,0.1819266825914383,,0.30479368567466736,,,1.4782719612121582,,0.937272310256958,,,,,0.4072510004043579,,,,,,,,,,,,,,,,,,,,,,,,
11,17719,,,,,0.015263104811310768,,0.032984353601932526,,0.0,,0.08466234803199768,,1.0694489479064941,,0.19925859570503235,,,0.7000110745429993,3.871973991394043,,1.4122117757797241,,0.17399033904075623,,0.39117130637168884,,,0.9630553722381592,,1.0694489479064941,,,,,0.4410334825515747,,,,,,,,,,,,,,,,,,,,,,,,
11,17729,,,,,0.13681375980377197,,0.015409139916300774,,0.0,,0.14253877103328705,,0.06436993181705475,,0.1998838484287262,,,0.15568014979362488,0.00922728143632412,,0.004826506599783897,,0.15542882680892944,,0.36244723200798035,,,0.5514478087425232,,0.06436993181705475,,,,,0.4783110022544861,,,,,,,,,,,,,,,,,,,,,,,,
11,17739,,,,,0.02105814777314663,,0.03156198561191559,,0.0,,0.0893559381365776,,0.9183988571166992,,0.1989896595478058,,,0.7583636045455933,3.8536133766174316,,1.3406009674072266,,0.16622667014598846,,0.30167102813720703,,,1.568991780281067,,0.9183988571166992,,,,,0.39390265941619873,,,,,,,,,,,,,,,,,,,,,,,,
11,17749,,,,,0.015618767589330673,,0.015384205617010593,,0.0,,0.16767887771129608,,0.0060803769156336784,,0.2004677653312683,,,0.14422914385795593,0.015641961246728897,,0.004017643630504608,,0.15168456733226776,,0.13063368201255798,,,0.5180482864379883,,0.0060803769156336784,,,,,0.3651708662509918,,,,,,,,,,,,,,,,,,,,,,,,
11,17759,,,,,0.015861008316278458,,0.016658831387758255,,0.0,,0.154347762465477,,0.006539349444210529,,0.20049327611923218,,,0.15438424050807953,0.005771313328295946,,0.006999220699071884,,0.15601836144924164,,0.28996312618255615,,,0.48356932401657104,,0.006539349444210529,,,,,0.36319753527641296,,,,,,,,,,,,,,,,,,,,,,,,
11,17769,,,,,0.07796529680490494,,0.014878973364830017,,0.0,,0.15905171632766724,,0.0073496317490935326,,0.19967664778232574,,,0.17966465651988983,0.0754016786813736,,0.004343514330685139,,0.15609028935432434,,0.1357320100069046,,,0.518653392791748,,0.0073496317490935326,,,,,0.47251901030540466,,,,,,,,,,,,,,,,,,,,,,,,
11,17779,,,,,0.016702357679605484,,0.013123175129294395,,0.0,,0.15280672907829285,,0.005449419841170311,,0.2072817087173462,,,0.161436066031456,0.013895169831812382,,0.005665045231580734,,0.15688610076904297,,0.32674628496170044,,,0.4869030714035034,,0.005449419841170311,,,,,0.3722493648529053,,,,,,,,,,,,,,,,,,,,,,,,
11,17789,,,,,0.014233850874006748,,0.05515407770872116,,0.0,,0.08220148831605911,,0.9927600622177124,,0.19915056228637695,,,0.5354660153388977,2.500736713409424,,1.150019645690918,,0.18453121185302734,,0.3165357708930969,,,1.4729599952697754,,0.9927600622177124,,,,,0.41878655552864075,,,,,,,,,,,,,,,,,,,,,,,,
11,17799,,,,,0.010423075407743454,,0.015476873144507408,,0.0,,0.1653086394071579,,0.004697192460298538,,0.20341123640537262,,,0.15954448282718658,0.007652739062905312,,0.007228299975395203,,0.15934202075004578,,0.0977257788181305,,,0.5217349529266357,,0.004697192460298538,,,,,0.36940521001815796,,,,,,,,,,,,,,,,,,,,,,,,
11,17809,,,,,0.015883918851614,,0.00872034765779972,,0.0,,0.07675885409116745,,1.0,,0.19942337274551392,,,0.0,0.0,,187.2683563232422,,0.15869435667991638,,0.11335042119026184,,,1.0049712657928467,,1.0,,,,,0.2784736752510071,,,,,,,,,,,,,,,,,,,,,,,,
11,17819,,,,,0.015496567822992802,,0.01067385170608759,,0.0,,0.07521701604127884,,1.0,,0.1997416913509369,,,0.0,0.0,,194.21670532226562,,0.15598925948143005,,0.14198434352874756,,,1.011047601699829,,1.0,,,,,0.2918030619621277,,,,,,,,,,,,,,,,,,,,,,,,
11,17829,,,,,0.02895548939704895,,0.01560244057327509,,0.0,,0.15661220252513885,,0.012949046678841114,,0.1999863088130951,,,0.16008761525154114,0.01753341779112816,,0.0064989118836820126,,0.16164743900299072,,0.3640873432159424,,,0.48705485463142395,,0.012949046678841114,,,,,0.3879396617412567,,,,,,,,,,,,,,,,,,,,,,,,
11,17839,,,,,0.014880244620144367,,0.01464472059160471,,0.0,,0.14328190684318542,,0.005194478668272495,,0.20062567293643951,,,0.15120799839496613,0.010112620890140533,,0.006163639482110739,,0.15389908850193024,,0.20634661614894867,,,0.489439994096756,,0.005194478668272495,,,,,0.35484808683395386,,,,,,,,,,,,,,,,,,,,,,,,
11,17849,,,,,0.017276978120207787,,0.008336901664733887,,0.0,,0.092440165579319,,1.0,,0.19927732646465302,,,0.0,0.0,,175.68759155273438,,0.1624031662940979,,0.10865557193756104,,,1.0182000398635864,,1.0,,,,,0.2855565547943115,,,,,,,,,,,,,,,,,,,,,,,,
11,17859,,,,,0.021945053711533546,,0.031893350183963776,,0.0,,0.0907580703496933,,0.9156361818313599,,0.1990785151720047,,,0.5991698503494263,3.4873297214508057,,1.3578660488128662,,0.17050524055957794,,0.2754583954811096,,,0.9406455755233765,,0.9156361818313599,,,,,0.38384678959846497,,,,,,,,,,,,,,,,,,,,,,,,
11,17869,,,,,0.015275196172297001,,0.023821789771318436,,0.0,,0.08675356209278107,,0.8766059279441833,,0.19897711277008057,,,0.8251982927322388,6.182375431060791,,1.2718137502670288,,0.16367095708847046,,0.394138902425766,,,1.4704307317733765,,0.8766059279441833,,,,,0.4336811602115631,,,,,,,,,,,,,,,,,,,,,,,,
11,17879,,,,,0.016196180135011673,,0.010673300363123417,,0.0,,0.15075232088565826,,0.005121595226228237,,0.19997882843017578,,,0.15390907227993011,0.01806928962469101,,0.005095905624330044,,0.15271314978599548,,0.12691950798034668,,,0.47583305835723877,,0.005121595226228237,,,,,0.36179211735725403,,,,,,,,,,,,,,,,,,,,,,,,
11,17889,,,,,0.027228571474552155,,0.01603579893708229,,0.0,,0.15127268433570862,,0.011144323274493217,,0.20503279566764832,,,0.14819131791591644,0.006379827857017517,,0.00421229237690568,,0.15571805834770203,,0.33466124534606934,,,0.49784278869628906,,0.011144323274493217,,,,,0.3706499934196472,,,,,,,,,,,,,,,,,,,,,,,,
11,17899,,,,,0.015601768158376217,,0.018625903874635696,,0.0,,0.14524789154529572,,0.0069493744522333145,,0.20022845268249512,,,0.15714538097381592,0.0043424442410469055,,0.005749394651502371,,0.1560443937778473,,0.1569216102361679,,,0.5180445909500122,,0.0069493744522333145,,,,,0.35929369926452637,,,,,,,,,,,,,,,,,,,,,,,,
11,17909,,,,,0.0464305654168129,,0.00983172096312046,,0.0,,0.16299471259117126,,0.020070917904376984,,0.20055755972862244,,,0.1437211036682129,0.011765219271183014,,0.007321241311728954,,0.15220025181770325,,0.14627569913864136,,,0.48419415950775146,,0.020070917904376984,,,,,0.390626460313797,,,,,,,,,,,,,,,,,,,,,,,,
11,17919,,,,,0.015596156939864159,,0.032130513340234756,,0.0,,0.09425249695777893,,0.8237900733947754,,0.19905400276184082,,,0.5857678055763245,5.514692306518555,,1.349669337272644,,0.1612476408481598,,0.2813681960105896,,,1.7332608699798584,,0.8237900733947754,,,,,0.3840264081954956,,,,,,,,,,,,,,,,,,,,,,,,
11,17929,,,,,0.034493204206228256,,0.03212888538837433,,0.0,,0.07767578959465027,,0.7621026039123535,,0.19903823733329773,,,0.7650572061538696,4.766294956207275,,1.2004671096801758,,0.17072711884975433,,0.3095720410346985,,,0.937224268913269,,0.7621026039123535,,,,,0.3945710361003876,,,,,,,,,,,,,,,,,,,,,,,,
11,17939,,,,,0.07720702886581421,,0.019826799631118774,,0.0,,0.17301180958747864,,0.03602470085024834,,0.20570874214172363,,,0.17267374694347382,0.011849227361381054,,0.006741393357515335,,0.15803343057632446,,0.2975456714630127,,,0.460029661655426,,0.03602470085024834,,,,,0.45112961530685425,,,,,,,,,,,,,,,,,,,,,,,,
11,17949,,,,,0.07113239914178848,,0.018788890913128853,,0.0,,0.16815374791622162,,0.03329557552933693,,0.20094500482082367,,,0.1618099808692932,0.0033407940063625574,,0.00493511650711298,,0.15852075815200806,,0.1330716758966446,,,0.47933322191238403,,0.03329557552933693,,,,,0.42937955260276794,,,,,,,,,,,,,,,,,,,,,,,,
11,17959,,,,,0.015523413196206093,,0.0212022103369236,,0.0,,0.1592479944229126,,0.004316763021051884,,0.19947369396686554,,,0.15698078274726868,0.004683361388742924,,0.005369155667722225,,0.16122353076934814,,0.12900520861148834,,,0.5188726186752319,,0.004316763021051884,,,,,0.36961373686790466,,,,,,,,,,,,,,,,,,,,,,,,
11,17969,,,,,0.01894560642540455,,0.020410891622304916,,0.0,,0.14441752433776855,,0.007599256932735443,,0.20018677413463593,,,0.14659258723258972,0.008088325150310993,,0.0072019463405013084,,0.15514488518238068,,0.10448531806468964,,,0.4722190201282501,,0.007599256932735443,,,,,0.35996708273887634,,,,,,,,,,,,,,,,,,,,,,,,
11,17979,,,,,0.023213157430291176,,0.016420023515820503,,0.0,,0.15575432777404785,,0.009088577702641487,,0.20084668695926666,,,0.15702500939369202,0.013713620603084564,,0.004511781502515078,,0.15642152726650238,,0.11684192717075348,,,0.43756937980651855,,0.009088577702641487,,,,,0.37555962800979614,,,,,,,,,,,,,,,,,,,,,,,,
11,17989,,,,,0.015654688701033592,,0.012670754455029964,,0.0,,0.1471307873725891,,0.004784098826348782,,0.19972708821296692,,,0.1518068164587021,0.008747664280235767,,0.004383570980280638,,0.15446865558624268,,0.3580644428730011,,,0.4891606569290161,,0.004784098826348782,,,,,0.3551223576068878,,,,,,,,,,,,,,,,,,,,,,,,
11,17999,,,,,0.06700307130813599,,0.007552020251750946,,0.0,,0.09296764433383942,,1.0,,0.1995263397693634,,,0.0,0.0,,183.9962158203125,,0.15974123775959015,,0.12411785125732422,,,0.9970185160636902,,1.0,,,,,0.29195255041122437,,,,,,,,,,,,,,,,,,,,,,,,
11,18009,,,,,0.09781335294246674,,0.018443435430526733,,0.0,,0.16786767542362213,,0.03718765079975128,,0.20006215572357178,,,0.1681338995695114,0.022960331290960312,,0.007675906177610159,,0.1604519784450531,,0.3820643723011017,,,0.5304432511329651,,0.03718765079975128,,,,,0.470611035823822,,,,,,,,,,,,,,,,,,,,,,,,
11,18019,,,,,0.020669255405664444,,0.017735660076141357,,0.0,,0.1841415911912918,,0.005389142781496048,,0.2005089819431305,,,0.16688059270381927,0.016749242320656776,,0.008049532771110535,,0.15863390266895294,,0.2892019748687744,,,0.5148727893829346,,0.005389142781496048,,,,,0.39701902866363525,,,,,,,,,,,,,,,,,,,,,,,,
11,18029,,,,,0.07643358409404755,,0.024495234712958336,,0.0,,0.0892510861158371,,0.9838079214096069,,0.1992565393447876,,,0.7054771780967712,5.0542144775390625,,1.0575916767120361,,0.16466304659843445,,0.33968088030815125,,,1.4654579162597656,,0.9838079214096069,,,,,0.40867340564727783,,,,,,,,,,,,,,,,,,,,,,,,
11,18039,,,,,0.021711144596338272,,0.013192307204008102,,0.0,,0.15992453694343567,,0.007217250764369965,,0.20511294901371002,,,0.16246700286865234,0.01408064179122448,,0.005611784290522337,,0.1532461941242218,,0.32520216703414917,,,0.4181259274482727,,0.007217250764369965,,,,,0.3785288333892822,,,,,,,,,,,,,,,,,,,,,,,,
11,18049,,,,,0.0884743332862854,,0.01287759654223919,,0.0,,0.16984248161315918,,0.00940225925296545,,0.20341959595680237,,,0.16943012177944183,0.06359588354825974,,0.007841382175683975,,0.15877199172973633,,0.17399057745933533,,,0.48369064927101135,,0.00940225925296545,,,,,0.48136386275291443,,,,,,,,,,,,,,,,,,,,,,,,
11,18059,,,,,0.024083279073238373,,0.015558706596493721,,0.0,,0.1599515825510025,,0.005218826234340668,,0.20094825327396393,,,0.1565762460231781,0.016974234953522682,,0.0032414437737315893,,0.16056275367736816,,0.33502912521362305,,,0.5218231678009033,,0.005218826234340668,,,,,0.3809898793697357,,,,,,,,,,,,,,,,,,,,,,,,
11,18069,,,,,0.016421722248196602,,0.010223288089036942,,0.0,,0.15536510944366455,,0.0036771483719348907,,0.20020678639411926,,,0.16319692134857178,0.03310912847518921,,0.006967085413634777,,0.15300801396369934,,0.13162532448768616,,,0.4409428536891937,,0.0036771483719348907,,,,,0.37745991349220276,,,,,,,,,,,,,,,,,,,,,,,,
11,18079,,,,,0.014639672823250294,,0.03058760240674019,,0.0,,0.08957986533641815,,1.0569053888320923,,0.19915729761123657,,,0.5705397129058838,4.511963367462158,,1.059338927268982,,0.1638912856578827,,0.24403724074363708,,,1.465627908706665,,1.0569053888320923,,,,,0.3636266589164734,,,,,,,,,,,,,,,,,,,,,,,,
11,18089,,,,,0.018671400845050812,,0.010152988135814667,,0.0,,0.1577359437942505,,0.00600846391171217,,0.203487828373909,,,0.14502093195915222,0.009964303113520145,,0.005294341593980789,,0.15628160536289215,,0.1365719437599182,,,0.4830154776573181,,0.00600846391171217,,,,,0.3626403212547302,,,,,,,,,,,,,,,,,,,,,,,,
11,18099,,,,,0.016319837421178818,,0.01276983693242073,,0.0,,0.14748534560203552,,0.004573962651193142,,0.19996392726898193,,,0.1600090116262436,0.008384762331843376,,0.004472948610782623,,0.15539777278900146,,0.1879999190568924,,,0.4948153793811798,,0.004573962651193142,,,,,0.36056166887283325,,,,,,,,,,,,,,,,,,,,,,,,
11,18109,,,,,0.01624755933880806,,0.015653101727366447,,0.0,,0.1714852899312973,,0.00743782427161932,,0.19947318732738495,,,0.1539612114429474,0.012592541985213757,,0.007920270785689354,,0.1588420271873474,,0.1431427299976349,,,0.4958438277244568,,0.00743782427161932,,,,,0.37621140480041504,,,,,,,,,,,,,,,,,,,,,,,,
11,18119,,,,,0.011344438418745995,,0.009860686957836151,,0.0,,0.14750128984451294,,0.004595051519572735,,0.20525139570236206,,,0.1534968912601471,0.009657198563218117,,0.0032932739704847336,,0.1507357358932495,,0.31790533661842346,,,0.47601550817489624,,0.004595051519572735,,,,,0.35124266147613525,,,,,,,,,,,,,,,,,,,,,,,,
11,18129,,,,,0.042313821613788605,,0.015402909368276596,,0.0,,0.1456000655889511,,0.006610693410038948,,0.20402678847312927,,,0.16264894604682922,0.019064823165535927,,0.004477599170058966,,0.16006655991077423,,0.37960392236709595,,,0.5111337900161743,,0.006610693410038948,,,,,0.3979576826095581,,,,,,,,,,,,,,,,,,,,,,,,
11,18139,,,,,0.03298317268490791,,0.015893761068582535,,0.0,,0.20772644877433777,,0.011417855508625507,,0.20104718208312988,,,0.150052011013031,0.02449517697095871,,0.005764688830822706,,0.1584785282611847,,0.36341726779937744,,,0.46322450041770935,,0.011417855508625507,,,,,0.4147120714187622,,,,,,,,,,,,,,,,,,,,,,,,
11,18149,,,,,0.012982393614947796,,0.01616382598876953,,0.0,,0.1678197830915451,,0.005635909736156464,,0.1996166855096817,,,0.16156893968582153,0.0040723057463765144,,0.005333680659532547,,0.15634679794311523,,0.30242854356765747,,,0.46714746952056885,,0.005635909736156464,,,,,0.36844339966773987,,,,,,,,,,,,,,,,,,,,,,,,
11,18159,,,,,0.032638758420944214,,0.010455064475536346,,0.0,,0.07397591322660446,,1.0,,0.20001737773418427,,,0.0,0.0,,182.72006225585938,,0.1576056033372879,,0.1514265537261963,,,1.0154306888580322,,1.0,,,,,0.29674026370048523,,,,,,,,,,,,,,,,,,,,,,,,
11,18169,,,,,0.016540296375751495,,0.014022253453731537,,0.0,,0.1496269404888153,,0.004434916190803051,,0.19999174773693085,,,0.16229553520679474,0.010039227083325386,,0.00816299021244049,,0.15485021471977234,,0.27589547634124756,,,0.48667383193969727,,0.004434916190803051,,,,,0.36603471636772156,,,,,,,,,,,,,,,,,,,,,,,,
11,18179,,,,,0.023512884974479675,,0.028024712577462196,,0.0,,0.0702778771519661,,0.8926202654838562,,0.19895195960998535,,,0.70661461353302,4.31193733215332,,1.5077753067016602,,0.17448775470256805,,0.252200722694397,,,1.0403037071228027,,0.8926202654838562,,,,,0.36197149753570557,,,,,,,,,,,,,,,,,,,,,,,,
11,18189,,,,,0.15913304686546326,,0.018796268850564957,,0.0,,0.19087854027748108,,0.044894084334373474,,0.2006593644618988,,,0.16742631793022156,0.0752127543091774,,0.005459974519908428,,0.15774840116500854,,0.2644325792789459,,,0.5351561307907104,,0.044894084334373474,,,,,0.5672239065170288,,,,,,,,,,,,,,,,,,,,,,,,
11,18199,,,,,0.015527073293924332,,0.008190869353711605,,0.0,,0.0881476029753685,,1.0,,0.1995108723640442,,,0.0,0.0,,186.6187744140625,,0.15937340259552002,,0.17226430773735046,,,1.0166046619415283,,1.0,,,,,0.313743531703949,,,,,,,,,,,,,,,,,,,,,,,,
11,18209,,,,,0.01503857783973217,,0.017710816115140915,,0.0,,0.14893127977848053,,0.005943057127296925,,0.2019074261188507,,,0.1493268609046936,0.010628556832671165,,0.005614000838249922,,0.15344640612602234,,0.30839627981185913,,,0.4753282070159912,,0.005943057127296925,,,,,0.35882124304771423,,,,,,,,,,,,,,,,,,,,,,,,
11,18219,,,,,0.015626830980181694,,0.020239733159542084,,0.0,,0.16843630373477936,,0.005293484777212143,,0.20377473533153534,,,0.1589234471321106,0.00959863979369402,,0.005182007327675819,,0.15611258149147034,,0.14893533289432526,,,0.49807342886924744,,0.005293484777212143,,,,,0.3767605423927307,,,,,,,,,,,,,,,,,,,,,,,,
11,18229,,,,,0.02175900898873806,,0.028274061158299446,,0.0,,0.09611491858959198,,1.1015101671218872,,0.19942820072174072,,,0.6148715615272522,4.478606700897217,,0.9701897501945496,,0.16662155091762543,,0.3082008361816406,,,1.1058366298675537,,1.1015101671218872,,,,,0.39931976795196533,,,,,,,,,,,,,,,,,,,,,,,,
11,18239,,,,,0.023865200579166412,,0.03190363198518753,,0.0,,0.07491085678339005,,0.9973996877670288,,0.19907434284687042,,,0.49420633912086487,3.2525417804718018,,1.2528246641159058,,0.17468932271003723,,0.39262548089027405,,,1.8886573314666748,,0.9973996877670288,,,,,0.43660181760787964,,,,,,,,,,,,,,,,,,,,,,,,
11,18249,,,,,0.03591591864824295,,0.012628435157239437,,0.0,,0.1559588611125946,,0.009699727408587933,,0.22804003953933716,,,0.15985602140426636,0.014571665786206722,,0.004356803372502327,,0.16236843168735504,,0.12719891965389252,,,0.52569580078125,,0.009699727408587933,,,,,0.4048060476779938,,,,,,,,,,,,,,,,,,,,,,,,
11,18259,,,,,0.08207228779792786,,0.021935665979981422,,0.0,,0.09650791436433792,,1.0001320838928223,,0.199101522564888,,,0.6533125042915344,3.058375597000122,,1.3201930522918701,,0.16599133610725403,,0.3032035231590271,,,1.3329267501831055,,1.0001320838928223,,,,,0.39336997270584106,,,,,,,,,,,,,,,,,,,,,,,,
11,18269,,,,,0.14143648743629456,,0.011059191077947617,,0.0,,0.07874612510204315,,1.0,,0.19927632808685303,,,0.0,0.0,,189.94223022460938,,0.1748751699924469,,0.13573214411735535,,,1.0096575021743774,,1.0,,,,,0.2998444736003876,,,,,,,,,,,,,,,,,,,,,,,,
11,18279,,,,,0.014181306585669518,,0.015586144290864468,,0.0,,0.16445015370845795,,0.005326790735125542,,0.20037122070789337,,,0.1814337521791458,0.02043808437883854,,0.006551526021212339,,0.18761074542999268,,0.15126381814479828,,,0.46894633769989014,,0.005326790735125542,,,,,0.4024021029472351,,,,,,,,,,,,,,,,,,,,,,,,
11,18289,,,,,0.05448554828763008,,0.025723671540617943,,0.0,,0.18130792677402496,,0.011662526056170464,,0.2040058672428131,,,0.23786725103855133,0.18355146050453186,,0.02854624018073082,,0.1898631900548935,,0.2811305522918701,,,0.5122073888778687,,0.011662526056170464,,,,,0.5799183249473572,,,,,,,,,,,,,,,,,,,,,,,,
11,18299,,,,,0.048672985285520554,,0.013644522055983543,,0.0,,0.18920892477035522,,0.013764068484306335,,0.200958251953125,,,0.1957269161939621,0.05325092747807503,,0.009101728908717632,,0.16837966442108154,,0.1566677987575531,,,0.4637613892555237,,0.013764068484306335,,,,,0.46380844712257385,,,,,,,,,,,,,,,,,,,,,,,,
11,18309,,,,,0.028487764298915863,,0.017293523997068405,,0.0,,0.17168954014778137,,0.009174707345664501,,0.20165172219276428,,,0.16592605412006378,0.039445873349905014,,0.0072618103586137295,,0.16975273191928864,,0.33411094546318054,,,0.39905640482902527,,0.009174707345664501,,,,,0.4149983823299408,,,,,,,,,,,,,,,,,,,,,,,,
11,18319,,,,,0.10347446799278259,,0.03488783538341522,,0.0,,0.09821052104234695,,0.8867956399917603,,0.19908221065998077,,,0.7012622356414795,3.1744227409362793,,1.3646000623703003,,0.19384783506393433,,0.36286088824272156,,,0.8434670567512512,,0.8867956399917603,,,,,0.4444446563720703,,,,,,,,,,,,,,,,,,,,,,,,
11,18329,,,,,0.02266458049416542,,0.0150685366243124,,0.0,,0.16119857132434845,,0.007416555657982826,,0.200625941157341,,,0.1938060075044632,0.01923096552491188,,0.006272639147937298,,0.16584426164627075,,0.497708261013031,,,0.4616377353668213,,0.007416555657982826,,,,,0.4036880135536194,,,,,,,,,,,,,,,,,,,,,,,,
11,18339,,,,,0.03442076966166496,,0.03357594460248947,,0.0,,0.10194385051727295,,0.9785906076431274,,0.19905516505241394,,,0.7561740875244141,3.495887279510498,,1.378395438194275,,0.18432337045669556,,0.3799239993095398,,,1.2062209844589233,,0.9785906076431274,,,,,0.44941118359565735,,,,,,,,,,,,,,,,,,,,,,,,
11,18349,,,,,0.05265460163354874,,0.028533881530165672,,0.0,,0.08964422345161438,,0.9659307599067688,,0.19903260469436646,,,0.7251641750335693,5.990738868713379,,1.482275366783142,,0.16769000887870789,,0.33310264348983765,,,0.8211123943328857,,0.9659307599067688,,,,,0.4090016782283783,,,,,,,,,,,,,,,,,,,,,,,,
11,18359,,,,,0.028059154748916626,,0.010180838406085968,,0.0,,0.08105409890413284,,1.0,,0.19954390823841095,,,0.0,0.0,,182.1930389404297,,0.1631561815738678,,0.13065487146377563,,,0.9954826235771179,,1.0,,,,,0.2922949492931366,,,,,,,,,,,,,,,,,,,,,,,,
11,18369,,,,,0.10837782919406891,,0.015603318810462952,,0.0,,0.1687202751636505,,0.01135017815977335,,0.2023828774690628,,,0.22891661524772644,0.12141405045986176,,0.011607318185269833,,0.17224255204200745,,0.1573694944381714,,,0.5633288025856018,,0.01135017815977335,,,,,0.5688213109970093,,,,,,,,,,,,,,,,,,,,,,,,
11,18379,,,,,0.1627752184867859,,0.0165579691529274,,0.0,,0.1838303506374359,,0.010805011726915836,,0.20573513209819794,,,0.1903621256351471,0.2358338087797165,,0.01568448357284069,,0.16683992743492126,,0.36867621541023254,,,0.6291859149932861,,0.010805011726915836,,,,,0.6701971292495728,,,,,,,,,,,,,,,,,,,,,,,,
11,18389,,,,,0.04209587723016739,,0.01906718872487545,,0.0,,0.16074730455875397,,0.006621936336159706,,0.2006896287202835,,,0.1784985214471817,0.03063342534005642,,0.007038104347884655,,0.16843441128730774,,0.1716265231370926,,,0.5624573230743408,,0.006621936336159706,,,,,0.4246501922607422,,,,,,,,,,,,,,,,,,,,,,,,
11,18399,,,,,0.06652367115020752,,0.02075733244419098,,0.0,,0.15937846899032593,,0.02361433580517769,,0.20111648738384247,,,0.17479637265205383,0.02219410240650177,,0.010153543204069138,,0.16528786718845367,,0.5730113983154297,,,0.4749492108821869,,0.02361433580517769,,,,,0.44336575269699097,,,,,,,,,,,,,,,,,,,,,,,,
11,18409,,,,,0.09819482266902924,,0.013301260769367218,,0.0,,0.06368903070688248,,1.0,,0.2011323869228363,,,0.0,0.0,,184.61428833007812,,0.16665254533290863,,0.21516677737236023,,,0.9889882802963257,,1.0,,,,,0.3299710154533386,,,,,,,,,,,,,,,,,,,,,,,,
11,18419,,,,,0.0360664427280426,,0.017139257863163948,,0.0,,0.18635238707065582,,0.008345952257514,,0.20131579041481018,,,0.17399214208126068,0.0606812946498394,,0.009009620174765587,,0.16520243883132935,,0.17971447110176086,,,0.6007751822471619,,0.008345952257514,,,,,0.44291287660598755,,,,,,,,,,,,,,,,,,,,,,,,
11,18429,,,,,0.09720638394355774,,0.010856961831450462,,0.0,,0.15751120448112488,,0.03755777329206467,,0.2043958157300949,,,0.17082862555980682,0.009387861005961895,,0.007678722497075796,,0.155341237783432,,0.14311757683753967,,,0.5190892219543457,,0.03755777329206467,,,,,0.45520660281181335,,,,,,,,,,,,,,,,,,,,,,,,
11,18439,,,,,0.050757113844156265,,0.035149842500686646,,0.0,,0.16768990457057953,,1.0,,0.2003348171710968,,,0.0,0.0,,0.25762939453125,,0.17874707281589508,,0.4970771372318268,,,1.3563451766967773,,1.0,,,,,0.5394994020462036,,,,,,,,,,,,,,,,,,,,,,,,
11,18449,,,,,0.042299672961235046,,0.00929754413664341,,0.0,,0.08430361747741699,,1.0,,0.19961850345134735,,,0.0,0.0,,182.03219604492188,,0.16520795226097107,,0.16383713483810425,,,0.9945310354232788,,1.0,,,,,0.31113237142562866,,,,,,,,,,,,,,,,,,,,,,,,
11,18459,,,,,0.051065701991319656,,0.013859346508979797,,0.0,,0.16043998301029205,,0.015473999083042145,,0.20185893774032593,,,0.1909821480512619,0.05806189402937889,,0.008905229158699512,,0.16537293791770935,,0.2818884253501892,,,0.5344428420066833,,0.015473999083042145,,,,,0.4508059620857239,,,,,,,,,,,,,,,,,,,,,,,,
11,18469,,,,,0.035679809749126434,,0.01337376981973648,,0.0,,0.16228151321411133,,0.012859990820288658,,0.20110708475112915,,,0.16664336621761322,0.04797812178730965,,0.014526978135108948,,0.1619245707988739,,0.14167796075344086,,,0.45743268728256226,,0.012859990820288658,,,,,0.4195975065231323,,,,,,,,,,,,,,,,,,,,,,,,
11,18479,,,,,0.02276023104786873,,0.016473298892378807,,0.0,,0.1839754581451416,,0.0070345234125852585,,0.20093847811222076,,,0.16061900556087494,0.018444202840328217,,0.007018809672445059,,0.1605445146560669,,0.2997719943523407,,,0.5238813757896423,,0.0070345234125852585,,,,,0.39676710963249207,,,,,,,,,,,,,,,,,,,,,,,,
11,18489,,,,,0.0249143298715353,,0.010725686326622963,,0.0,,0.14476749300956726,,0.007893962785601616,,0.20139741897583008,,,0.16256238520145416,0.011318724602460861,,0.0037187670823186636,,0.1570970118045807,,0.1611827313899994,,,0.5055508613586426,,0.007893962785601616,,,,,0.37070807814598083,,,,,,,,,,,,,,,,,,,,,,,,
11,18499,,,,,0.032703742384910583,,0.009945640340447426,,0.0,,0.09216998517513275,,1.0,,0.19933998584747314,,,0.0,0.0,,187.67666625976562,,0.16428697109222412,,0.09973655641078949,,,1.0162169933319092,,1.0,,,,,0.2827395796775818,,,,,,,,,,,,,,,,,,,,,,,,
11,18509,,,,,0.019782571122050285,,0.035891544073820114,,0.0,,0.0914979875087738,,0.9669271111488342,,0.19911617040634155,,,0.6764734983444214,4.1833109855651855,,1.1458865404129028,,0.1756455898284912,,0.39517027139663696,,,1.1039870977401733,,0.9669271111488342,,,,,0.4486607611179352,,,,,,,,,,,,,,,,,,,,,,,,
11,18519,,,,,0.08469550311565399,,0.02105759084224701,,0.0,,0.15726742148399353,,0.0395907424390316,,0.20064915716648102,,,0.17940571904182434,0.020368708297610283,,0.008982911705970764,,0.16012096405029297,,0.3220245838165283,,,0.48517417907714844,,0.0395907424390316,,,,,0.4586217403411865,,,,,,,,,,,,,,,,,,,,,,,,
11,18529,,,,,0.02230868674814701,,0.011303426697850227,,0.0,,0.07084628939628601,,1.0,,0.19939032196998596,,,0.0,0.0,,180.8636474609375,,0.1620839536190033,,0.16821014881134033,,,0.9961096048355103,,1.0,,,,,0.30591708421707153,,,,,,,,,,,,,,,,,,,,,,,,
11,18539,,,,,0.01928073726594448,,0.013697601854801178,,0.0,,0.15262371301651,,0.008113657124340534,,0.20081394910812378,,,0.16829076409339905,0.014977151528000832,,0.0038560018874704838,,0.16400358080863953,,0.28960031270980835,,,0.48188158869743347,,0.008113657124340534,,,,,0.378412127494812,,,,,,,,,,,,,,,,,,,,,,,,
11,18549,,,,,0.016467589884996414,,0.00928300991654396,,0.0,,0.08706086874008179,,1.0,,0.1998392939567566,,,0.0,0.0,,182.0463104248047,,0.1626577377319336,,0.15193334221839905,,,1.013264536857605,,1.0,,,,,0.30538713932037354,,,,,,,,,,,,,,,,,,,,,,,,
11,18559,,,,,0.0342976413667202,,0.012630634009838104,,0.0,,0.15257635712623596,,0.008526287972927094,,0.20045429468154907,,,0.15791408717632294,0.012710707262158394,,0.006166146602481604,,0.15513291954994202,,0.408794105052948,,,0.47221359610557556,,0.008526287972927094,,,,,0.38309022784233093,,,,,,,,,,,,,,,,,,,,,,,,
11,18569,,,,,0.09333096444606781,,0.02138015255331993,,0.0,,0.1773013025522232,,0.04074446111917496,,0.2052028477191925,,,0.1790546178817749,0.025685474276542664,,0.013538546860218048,,0.16250506043434143,,0.3703554570674896,,,0.5029351115226746,,0.04074446111917496,,,,,0.485664963722229,,,,,,,,,,,,,,,,,,,,,,,,
11,18579,,,,,0.03339440003037453,,0.011603274382650852,,0.0,,0.15345589816570282,,0.011431002989411354,,0.2010791152715683,,,0.1729058027267456,0.025486066937446594,,0.006021074019372463,,0.15552984178066254,,0.2963934540748596,,,0.4701730012893677,,0.011431002989411354,,,,,0.3964349329471588,,,,,,,,,,,,,,,,,,,,,,,,
11,18589,,,,,0.08169271796941757,,0.01194421760737896,,0.0,,0.14741498231887817,,0.037698887288570404,,0.2012852430343628,,,0.15752063691616058,0.009365157224237919,,0.00544339045882225,,0.15960776805877686,,0.24560877680778503,,,0.49942564964294434,,0.037698887288570404,,,,,0.42798343300819397,,,,,,,,,,,,,,,,,,,,,,,,
11,18599,,,,,0.08305300772190094,,0.045063555240631104,,0.0,,0.08448202908039093,,0.9418098330497742,,0.19931575655937195,,,0.5982939004898071,4.087121963500977,,1.8784677982330322,,0.1700945496559143,,0.25595176219940186,,,1.5882240533828735,,0.9418098330497742,,,,,0.3774538040161133,,,,,,,,,,,,,,,,,,,,,,,,
11,18609,,,,,0.08048076182603836,,0.009348503313958645,,0.0,,0.07361087203025818,,1.0,,0.19953224062919617,,,0.0,0.0,,183.2994842529297,,0.15719851851463318,,0.0989307165145874,,,1.0517240762710571,,1.0,,,,,0.2693104147911072,,,,,,,,,,,,,,,,,,,,,,,,
11,18619,,,,,0.019026391208171844,,0.008277691900730133,,0.0,,0.07594329118728638,,1.0,,0.19927820563316345,,,0.0,0.0,,182.15171813964844,,0.159749835729599,,0.14560534060001373,,,0.9869418144226074,,1.0,,,,,0.29442718625068665,,,,,,,,,,,,,,,,,,,,,,,,
11,18629,,,,,0.056817032396793365,,0.016532443463802338,,0.0,,0.17208340764045715,,0.00636651087552309,,0.20226460695266724,,,0.17430032789707184,0.036178529262542725,,0.004058863036334515,,0.1616707742214203,,0.2630929946899414,,,0.43891793489456177,,0.00636651087552309,,,,,0.44036149978637695,,,,,,,,,,,,,,,,,,,,,,,,
11,18639,,,,,0.017211174592375755,,0.009128600358963013,,0.0,,0.0864853709936142,,1.0,,0.1998342126607895,,,0.0,0.0,,188.31610107421875,,0.16161248087882996,,0.15686780214309692,,,1.0534194707870483,,1.0,,,,,0.306964248418808,,,,,,,,,,,,,,,,,,,,,,,,
11,18649,,,,,0.02701127901673317,,0.02049553580582142,,0.0,,0.1705038696527481,,0.007585898041725159,,0.2016763687133789,,,0.18007031083106995,0.016899392008781433,,0.018735993653535843,,0.15472552180290222,,0.14457488059997559,,,0.510310709476471,,0.007585898041725159,,,,,0.40856480598449707,,,,,,,,,,,,,,,,,,,,,,,,
11,18659,,,,,0.019319310784339905,,0.013212719932198524,,0.0,,0.16476339101791382,,0.0071251727640628815,,0.20225933194160461,,,0.14898355305194855,0.01735282875597477,,0.007277918979525566,,0.1526314914226532,,0.1310044229030609,,,0.42537373304367065,,0.0071251727640628815,,,,,0.37255990505218506,,,,,,,,,,,,,,,,,,,,,,,,
11,18669,,,,,0.024937134236097336,,0.015926701948046684,,0.0,,0.17936751246452332,,0.006252964958548546,,0.2028268426656723,,,0.16763585805892944,0.020940089598298073,,0.0033737868070602417,,0.15570703148841858,,0.1321260929107666,,,0.48421239852905273,,0.006252964958548546,,,,,0.39782601594924927,,,,,,,,,,,,,,,,,,,,,,,,
11,18679,,,,,0.022131290286779404,,0.013613932766020298,,0.0,,0.14952102303504944,,0.007376780733466148,,0.20093101263046265,,,0.15695805847644806,0.008955202996730804,,0.004363220185041428,,0.15690076351165771,,0.11124139279127121,,,0.4673493504524231,,0.007376780733466148,,,,,0.36775290966033936,,,,,,,,,,,,,,,,,,,,,,,,
11,18689,,,,,0.01659650355577469,,0.03461068123579025,,0.0,,0.09206338226795197,,0.9165811538696289,,0.1990480273962021,,,0.551325261592865,4.263136386871338,,1.7161169052124023,,0.16818320751190186,,0.33426961302757263,,,1.5273756980895996,,0.9165811538696289,,,,,0.4140874743461609,,,,,,,,,,,,,,,,,,,,,,,,
11,18699,,,,,0.01969776675105095,,0.011373721063137054,,0.0,,0.12986969947814941,,0.006192220374941826,,0.20005515217781067,,,0.1618814319372177,0.006854848470538855,,0.004794662818312645,,0.15719810128211975,,0.3262777030467987,,,0.459216445684433,,0.006192220374941826,,,,,0.35571157932281494,,,,,,,,,,,,,,,,,,,,,,,,
11,18709,,,,,0.017075128853321075,,0.018910255283117294,,0.0,,0.17393885552883148,,0.006237911991775036,,0.2027919590473175,,,0.16242457926273346,0.011028824374079704,,0.006095776334404945,,0.156960129737854,,0.1726715862751007,,,0.4368742108345032,,0.006237911991775036,,,,,0.3831503093242645,,,,,,,,,,,,,,,,,,,,,,,,
11,18719,,,,,0.01990634761750698,,0.02095559984445572,,0.0,,0.18079641461372375,,0.005774980410933495,,0.20169506967067719,,,0.156226247549057,0.016210950911045074,,0.007601702120155096,,0.16536547243595123,,0.22848504781723022,,,0.4497370719909668,,0.005774980410933495,,,,,0.39433205127716064,,,,,,,,,,,,,,,,,,,,,,,,
11,18729,,,,,0.015919853001832962,,0.023970413953065872,,0.0,,0.17158496379852295,,0.006889882497489452,,0.20614494383335114,,,0.1481214016675949,0.009348667226731777,,0.0076152547262609005,,0.16331332921981812,,0.3449624180793762,,,0.5361298322677612,,0.006889882497489452,,,,,0.380969375371933,,,,,,,,,,,,,,,,,,,,,,,,
11,18739,,,,,0.07663685083389282,,0.007919996976852417,,0.0,,0.07448286563158035,,1.0,,0.19965417683124542,,,0.0,0.0,,190.6061248779297,,0.15878605842590332,,0.10542387515306473,,,0.9969040751457214,,1.0,,,,,0.2731334865093231,,,,,,,,,,,,,,,,,,,,,,,,
11,18749,,,,,0.030445214360952377,,0.01799263060092926,,0.0,,0.17402291297912598,,0.007699594832956791,,0.20173022150993347,,,0.15794570744037628,0.013919983059167862,,0.00492648221552372,,0.16153118014335632,,0.22188374400138855,,,0.4423174262046814,,0.007699594832956791,,,,,0.3964798152446747,,,,,,,,,,,,,,,,,,,,,,,,
11,18759,,,,,0.016154820099473,,0.02356802672147751,,0.0,,0.08323986083269119,,0.9011009335517883,,0.19903600215911865,,,0.47529056668281555,3.6781375408172607,,1.5548028945922852,,0.15687979757785797,,0.2362302988767624,,,1.0024961233139038,,0.9011009335517883,,,,,0.34947699308395386,,,,,,,,,,,,,,,,,,,,,,,,
11,18769,,,,,0.08375808596611023,,0.01382467895746231,,0.0,,0.15528711676597595,,0.03841329738497734,,0.20082445442676544,,,0.15595676004886627,0.009958568960428238,,0.007028869353234768,,0.156601220369339,,0.22473669052124023,,,0.4617953896522522,,0.03841329738497734,,,,,0.43349891901016235,,,,,,,,,,,,,,,,,,,,,,,,
11,18779,,,,,0.01387446653097868,,0.009571552276611328,,0.0,,0.0715276226401329,,1.0,,0.1994311809539795,,,0.0,0.0,,183.5112762451172,,0.15694758296012878,,0.10341072082519531,,,1.0290484428405762,,1.0,,,,,0.2704443335533142,,,,,,,,,,,,,,,,,,,,,,,,
11,18789,,,,,0.02365429326891899,,0.018423113971948624,,0.0,,0.15250740945339203,,0.007315141148865223,,0.20090194046497345,,,0.1620379388332367,0.01724277064204216,,0.0044458541087806225,,0.1614355444908142,,0.341817706823349,,,0.49308377504348755,,0.007315141148865223,,,,,0.38215160369873047,,,,,,,,,,,,,,,,,,,,,,,,
11,18799,,,,,0.01619606651365757,,0.03144524246454239,,0.0,,0.09641223400831223,,1.041031837463379,,0.199153333902359,,,0.48064473271369934,3.9842894077301025,,1.4238955974578857,,0.16367238759994507,,0.25028830766677856,,,1.075965166091919,,1.041031837463379,,,,,0.37048575282096863,,,,,,,,,,,,,,,,,,,,,,,,
11,18809,,,,,0.015097834169864655,,0.011304370127618313,,0.0,,0.16869083046913147,,0.005109327845275402,,0.20747870206832886,,,0.1463571935892105,0.009565381333231926,,0.006238098256289959,,0.1563967764377594,,0.24591395258903503,,,0.44292622804641724,,0.005109327845275402,,,,,0.3681134879589081,,,,,,,,,,,,,,,,,,,,,,,,
11,18819,,,,,0.018135538324713707,,0.03179771825671196,,0.0,,0.09906630218029022,,1.0291029214859009,,0.19929799437522888,,,0.41557225584983826,3.9430298805236816,,1.3234747648239136,,0.16327735781669617,,0.4076817035675049,,,1.1911407709121704,,1.0291029214859009,,,,,0.4505605101585388,,,,,,,,,,,,,,,,,,,,,,,,
11,18829,,,,,0.013869798742234707,,0.01392252929508686,,0.0,,0.14889083802700043,,0.004152677021920681,,0.20022375881671906,,,0.15286429226398468,0.01083292718976736,,0.004222334362566471,,0.1592186689376831,,0.11795146763324738,,,0.4464222192764282,,0.004152677021920681,,,,,0.3589574694633484,,,,,,,,,,,,,,,,,,,,,,,,
11,18839,,,,,0.021727796643972397,,0.009456728585064411,,0.0,,0.08559758216142654,,1.0,,0.19941909611225128,,,0.0,0.0,,183.742919921875,,0.1574753224849701,,0.15248897671699524,,,1.0038155317306519,,1.0,,,,,0.30221885442733765,,,,,,,,,,,,,,,,,,,,,,,,
11,18849,,,,,0.017944954335689545,,0.0161224864423275,,0.0,,0.15812744200229645,,0.00565540324896574,,0.20212185382843018,,,0.15944865345954895,0.01650543138384819,,0.0048325019888579845,,0.15765179693698883,,0.29346418380737305,,,0.4896352291107178,,0.00565540324896574,,,,,0.3753500282764435,,,,,,,,,,,,,,,,,,,,,,,,
11,18859,,,,,0.01913396269083023,,0.00928979367017746,,0.0,,0.07250077277421951,,1.0,,0.1997818648815155,,,0.0,0.0,,177.76409912109375,,0.1623871922492981,,0.10741686075925827,,,1.0024546384811401,,1.0,,,,,0.2756882309913635,,,,,,,,,,,,,,,,,,,,,,,,
11,18869,,,,,0.023760370910167694,,0.045648522675037384,,0.0,,0.08478931337594986,,1.0719521045684814,,0.19915197789669037,,,0.5090301632881165,4.7926506996154785,,1.2595305442810059,,0.19356423616409302,,0.25316154956817627,,,1.6548519134521484,,1.0719521045684814,,,,,0.38815778493881226,,,,,,,,,,,,,,,,,,,,,,,,
11,18879,,,,,0.029614439234137535,,0.010068263858556747,,0.0,,0.09012417495250702,,1.0,,0.20023486018180847,,,0.0,0.0,,180.8040008544922,,0.15923954546451569,,0.1287406086921692,,,0.9874295592308044,,1.0,,,,,0.2942037284374237,,,,,,,,,,,,,,,,,,,,,,,,
11,18889,,,,,0.02551606483757496,,0.02500840276479721,,0.0,,0.1242818534374237,,1.0,,0.2004401534795761,,,0.0,0.0,,0.32207199931144714,,0.17204537987709045,,0.38056841492652893,,,1.3553063869476318,,1.0,,,,,0.4511721134185791,,,,,,,,,,,,,,,,,,,,,,,,
11,18899,,,,,0.0145341157913208,,0.01201107632368803,,0.0,,0.147064208984375,,0.004007055424153805,,0.19976040720939636,,,0.15343570709228516,0.010442101396620274,,0.005093540530651808,,0.15464156866073608,,0.1358727216720581,,,0.49319979548454285,,0.004007055424153805,,,,,0.355758398771286,,,,,,,,,,,,,,,,,,,,,,,,
11,18909,,,,,0.014680417254567146,,0.007583774626255035,,0.0,,0.06490552425384521,,1.0,,0.19929316639900208,,,0.0,0.0,,177.842529296875,,0.16041959822177887,,0.10564704239368439,,,1.0072203874588013,,1.0,,,,,0.2689245641231537,,,,,,,,,,,,,,,,,,,,,,,,
11,18919,,,,,0.022085770964622498,,0.008078831247985363,,0.0,,0.0715252235531807,,1.0,,0.19924083352088928,,,0.0,0.0,,183.9042205810547,,0.16092747449874878,,0.11404723674058914,,,0.9835176467895508,,1.0,,,,,0.27690979838371277,,,,,,,,,,,,,,,,,,,,,,,,
11,18929,,,,,0.017579609528183937,,0.011479975655674934,,0.0,,0.1522156298160553,,0.007663467898964882,,0.20003849267959595,,,0.15706689655780792,0.0072603072039783,,0.003919599112123251,,0.15111179649829865,,0.22914624214172363,,,0.4961273670196533,,0.007663467898964882,,,,,0.3591259717941284,,,,,,,,,,,,,,,,,,,,,,,,
11,18939,,,,,0.015470972284674644,,0.009787792339920998,,0.0,,0.08224686980247498,,1.0,,0.19945283234119415,,,0.0,0.0,,192.76254272460938,,0.1610785722732544,,0.11669208109378815,,,0.970473051071167,,1.0,,,,,0.28462907671928406,,,,,,,,,,,,,,,,,,,,,,,,
11,18949,,,,,0.018227627500891685,,0.022398032248020172,,0.0,,0.087868332862854,,1.0835031270980835,,0.19923646748065948,,,0.48312506079673767,3.51826810836792,,1.4570378065109253,,0.15705880522727966,,0.291716992855072,,,1.1994624137878418,,1.0835031270980835,,,,,0.3791393041610718,,,,,,,,,,,,,,,,,,,,,,,,
11,18959,,,,,0.011758279986679554,,0.0074653225019574165,,0.0,,0.06986697018146515,,1.0,,0.19985218346118927,,,0.0,0.0,,185.10997009277344,,0.15779906511306763,,0.14074808359146118,,,1.0194398164749146,,1.0,,,,,0.2878658175468445,,,,,,,,,,,,,,,,,,,,,,,,
11,18969,,,,,0.08339793235063553,,0.01061265729367733,,0.0,,0.06989040970802307,,1.0,,0.19959159195423126,,,0.0,0.0,,190.4320068359375,,0.16116748750209808,,0.15332545340061188,,,0.9960469007492065,,1.0,,,,,0.2972937822341919,,,,,,,,,,,,,,,,,,,,,,,,
11,18979,,,,,0.018691347911953926,,0.030389130115509033,,0.0,,0.07695336639881134,,0.9683774709701538,,0.19901065528392792,,,0.4489858150482178,4.256809234619141,,1.2288628816604614,,0.16957271099090576,,0.2781286835670471,,,1.2790837287902832,,0.9683774709701538,,,,,0.3770272731781006,,,,,,,,,,,,,,,,,,,,,,,,
11,18989,,,,,0.012155421078205109,,0.010531241074204445,,0.0,,0.1328389048576355,,0.0038508297875523567,,0.19999831914901733,,,0.15384037792682648,0.012553338892757893,,0.0031001558527350426,,0.15547801554203033,,0.3419520854949951,,,0.41599971055984497,,0.0038508297875523567,,,,,0.3463255763053894,,,,,,,,,,,,,,,,,,,,,,,,
11,18999,,,,,0.01650509238243103,,0.020046520978212357,,0.0,,0.1668800264596939,,0.004326127469539642,,0.20117373764514923,,,0.1525789201259613,0.01452198438346386,,0.008895382285118103,,0.15975721180438995,,0.2325630635023117,,,0.45432519912719727,,0.004326127469539642,,,,,0.3784320056438446,,,,,,,,,,,,,,,,,,,,,,,,
11,19009,,,,,0.01427394151687622,,0.028574835509061813,,0.0,,0.08403463661670685,,0.954840898513794,,0.1989421397447586,,,0.5015848278999329,4.012320518493652,,1.5185283422470093,,0.17143377661705017,,0.29143044352531433,,,1.1160430908203125,,0.954840898513794,,,,,0.38720792531967163,,,,,,,,,,,,,,,,,,,,,,,,
11,19019,,,,,0.014318151399493217,,0.012439182959496975,,0.0,,0.148234024643898,,0.0059052081778645515,,0.199862539768219,,,0.14945295453071594,0.008261575363576412,,0.006470429711043835,,0.15276247262954712,,0.11200060695409775,,,0.43946370482444763,,0.0059052081778645515,,,,,0.3530597388744354,,,,,,,,,,,,,,,,,,,,,,,,
11,19029,,,,,0.013384975492954254,,0.009972414001822472,,0.0,,0.1415184736251831,,0.004391332156956196,,0.20035666227340698,,,0.15084481239318848,0.009370732121169567,,0.003150054020807147,,0.1502322107553482,,0.09971252828836441,,,0.5004372000694275,,0.004391332156956196,,,,,0.3461076319217682,,,,,,,,,,,,,,,,,,,,,,,,
11,19039,,,,,0.017176542431116104,,0.009924022480845451,,0.0,,0.07066838443279266,,1.0,,0.1995135247707367,,,0.0,0.0,,182.9136962890625,,0.1566603034734726,,0.14899477362632751,,,0.9880222678184509,,1.0,,,,,0.29288050532341003,,,,,,,,,,,,,,,,,,,,,,,,
11,19049,,,,,0.012137776240706444,,0.00831112451851368,,0.0,,0.07290995866060257,,1.0,,0.19932955503463745,,,0.0,0.0,,194.52362060546875,,0.156348317861557,,0.09775610268115997,,,1.005981683731079,,1.0,,,,,0.26732751727104187,,,,,,,,,,,,,,,,,,,,,,,,
11,19059,,,,,0.018144268542528152,,0.00788985937833786,,0.0,,0.06181369349360466,,1.0,,0.19946618378162384,,,0.0,0.0,,189.81689453125,,0.15678587555885315,,0.11410261690616608,,,0.9980347156524658,,1.0,,,,,0.27002909779548645,,,,,,,,,,,,,,,,,,,,,,,,
11,19069,,,,,0.011315383017063141,,0.029243558645248413,,0.0,,0.07390866428613663,,1.0168101787567139,,0.19898627698421478,,,0.7483195662498474,4.312926292419434,,1.1864124536514282,,0.1661321520805359,,0.3108603060245514,,,1.134871006011963,,1.0168101787567139,,,,,0.38956546783447266,,,,,,,,,,,,,,,,,,,,,,,,
11,19079,,,,,0.04275497421622276,,0.017503229901194572,,0.0,,0.1731107085943222,,0.009762645699083805,,0.20395688712596893,,,0.16302210092544556,0.016427582129836082,,0.004912444856017828,,0.15446700155735016,,0.3053796887397766,,,0.5174354910850525,,0.009762645699083805,,,,,0.40945494174957275,,,,,,,,,,,,,,,,,,,,,,,,
11,19089,,,,,0.012898390181362629,,0.008006860502064228,,0.0,,0.1395944505929947,,0.004544110037386417,,0.2001515030860901,,,0.13697415590286255,0.010804565623402596,,0.0034367386251688004,,0.1509835124015808,,0.21669252216815948,,,0.48552119731903076,,0.004544110037386417,,,,,0.33787429332733154,,,,,,,,,,,,,,,,,,,,,,,,
11,19099,,,,,0.013247428461909294,,0.030069956555962563,,0.0,,0.17622126638889313,,0.0031482987105846405,,0.2005332112312317,,,0.15969304740428925,0.01372581534087658,,0.008234902285039425,,0.1663205474615097,,0.15158841013908386,,,0.5017463564872742,,0.0031482987105846405,,,,,0.3906468152999878,,,,,,,,,,,,,,,,,,,,,,,,
11,19109,,,,,0.015395697206258774,,0.012162318453192711,,0.0,,0.1541273444890976,,0.005496099591255188,,0.20031677186489105,,,0.15311473608016968,0.012231041677296162,,0.0045003644190728664,,0.15832141041755676,,0.2584913969039917,,,0.47882264852523804,,0.005496099591255188,,,,,0.36278271675109863,,,,,,,,,,,,,,,,,,,,,,,,
11,19119,,,,,0.034067172557115555,,0.015035897493362427,,0.0,,0.15132372081279755,,0.004013885743916035,,0.20043452084064484,,,0.14711053669452667,0.01193042378872633,,0.0050546955317258835,,0.1536855399608612,,0.17667511105537415,,,0.5360044240951538,,0.004013885743916035,,,,,0.376354843378067,,,,,,,,,,,,,,,,,,,,,,,,
11,19129,,,,,0.011845359578728676,,0.04383688420057297,,0.0,,0.10240069031715393,,1.0366110801696777,,0.1990479826927185,,,0.42587050795555115,4.724050521850586,,0.6761214137077332,,0.173697829246521,,0.30589622259140015,,,0.9618432521820068,,1.0366110801696777,,,,,0.4124397933483124,,,,,,,,,,,,,,,,,,,,,,,,
11,19139,,,,,0.0936761423945427,,0.007795884273946285,,0.0,,0.08425033837556839,,1.0,,0.1993793249130249,,,0.0,0.0,,186.4620361328125,,0.16199064254760742,,0.17275077104568481,,,1.0216410160064697,,1.0,,,,,0.3130834698677063,,,,,,,,,,,,,,,,,,,,,,,,
11,19139,,,,,,,,,,,,,,,,,,,,,,,,,,,,,,,,,,,,,,0.5116899609565735,0.2211173176765442,0.06071688234806061,0.05825645104050636,0.06920582056045532,0.0,0.3318459987640381,0.3294561505317688,0.3199136555194855,0.572618842124939,0.22781403362751007,13.458123207092285,0.2424086630344391,0.6660105586051941,0.9611331820487976,0.2417348176240921,0.3294561505317688,0.7766498923301697,0.8205990195274353,0.49780741333961487,1.2180309295654297,1.3127117156982422
11,19139,0.012656142003834248,0.037344951182603836,0.01004662923514843,0.01324030663818121,,0.01780630089342594,,0.0,,0.1241532489657402,,0.46864891052246094,,0.2006218284368515,,0.9479847550392151,0.21322159469127655,,,42.97064971923828,,0.16193972527980804,,0.2266344577074051,,0.785820484161377,0.47146669030189514,,0.46864891052246094,,0.3990086317062378,0.4771515429019928,0.2873513996601105,0.37532541155815125,,0.49893826246261597,0.3994974195957184,,,,,,,,,,,,,,,,,,,,,,
12,19149,,,,,0.01621761918067932,,0.012348516844213009,,0.0,,0.14190492033958435,,0.006694861687719822,,0.19946584105491638,,,0.1583724319934845,0.009078843519091606,,0.004289674572646618,,0.15349750220775604,,0.1175195723772049,,,0.5218019485473633,,0.006694861687719822,,,,,0.3556964695453644,,,,,,,,,,,,,,,,,,,,,,,,
12,19159,,,,,0.018878314644098282,,0.014265233650803566,,0.0,,0.15101346373558044,,0.006040703505277634,,0.20064789056777954,,,0.15791258215904236,0.006493833847343922,,0.0035219124983996153,,0.16013452410697937,,0.12212181836366653,,,0.5012612342834473,,0.006040703505277634,,,,,0.3658730089664459,,,,,,,,,,,,,,,,,,,,,,,,
12,19169,,,,,0.01625009998679161,,0.0314929224550724,,0.0,,0.09086780995130539,,0.8727772235870361,,0.19887813925743103,,,0.41852426528930664,3.995692491531372,,1.429483413696289,,0.1636648029088974,,0.27657943964004517,,,1.0063583850860596,,0.8727772235870361,,,,,0.38074153661727905,,,,,,,,,,,,,,,,,,,,,,,,
12,19179,,,,,0.009498680010437965,,0.010901209898293018,,0.0,,0.15266580879688263,,0.003612537868320942,,0.1994733363389969,,,0.1567361205816269,0.029160523787140846,,0.006051346659660339,,0.15309277176856995,,0.3108050525188446,,,0.47427406907081604,,0.003612537868320942,,,,,0.3635392487049103,,,,,,,,,,,,,,,,,,,,,,,,
12,19189,,,,,0.015754936262965202,,0.04253791272640228,,0.0,,0.09118299931287766,,0.9648932218551636,,0.19904831051826477,,,0.5665280818939209,4.042469501495361,,1.1426132917404175,,0.1813293993473053,,0.3734106421470642,,,1.114347219467163,,0.9648932218551636,,,,,0.443754643201828,,,,,,,,,,,,,,,,,,,,,,,,
12,19199,,,,,0.012598165310919285,,0.010983206331729889,,0.0,,0.13773030042648315,,0.004322284832596779,,0.20015239715576172,,,0.1517779529094696,0.007788132410496473,,0.003369854297488928,,0.157878577709198,,0.2333870232105255,,,0.4608129858970642,,0.004322284832596779,,,,,0.34743839502334595,,,,,,,,,,,,,,,,,,,,,,,,
12,19209,,,,,0.009627709165215492,,0.009285598993301392,,0.0,,0.06575123965740204,,1.0,,0.1995648294687271,,,0.0,0.0,,181.06826782226562,,0.15969394147396088,,0.09891833364963531,,,1.0000184774398804,,1.0,,,,,0.2666069567203522,,,,,,,,,,,,,,,,,,,,,,,,
12,19219,,,,,0.013319835066795349,,0.010844068601727486,,0.0,,0.17217643558979034,,0.005233476869761944,,0.20108968019485474,,,0.1577967256307602,0.014777260832488537,,0.004011274315416813,,0.15615633130073547,,0.11772753298282623,,,0.5105559825897217,,0.005233476869761944,,,,,0.3717457056045532,,,,,,,,,,,,,,,,,,,,,,,,
12,19229,,,,,0.01232161745429039,,0.016716524958610535,,0.0,,0.18170318007469177,,0.0028351731598377228,,0.20107166469097137,,,0.15317530930042267,0.004779910668730736,,0.004843311384320259,,0.16031968593597412,,0.09307306259870529,,,0.4080476760864258,,0.0028351731598377228,,,,,0.3736264109611511,,,,,,,,,,,,,,,,,,,,,,,,
12,19239,,,,,0.016442319378256798,,0.01632591336965561,,0.0,,0.15004174411296844,,0.003981627523899078,,0.2009911984205246,,,0.16092103719711304,0.01869823783636093,,0.006853313185274601,,0.15737982094287872,,0.13604331016540527,,,0.46330249309539795,,0.003981627523899078,,,,,0.37204796075820923,,,,,,,,,,,,,,,,,,,,,,,,
12,19249,,,,,0.014658595435321331,,0.018459849059581757,,0.0,,0.15365369617938995,,0.005349067971110344,,0.20018884539604187,,,0.14779695868492126,0.01361632440239191,,0.00688067777082324,,0.15592867136001587,,0.32181650400161743,,,0.5155777931213379,,0.005349067971110344,,,,,0.3629210889339447,,,,,,,,,,,,,,,,,,,,,,,,
12,19259,,,,,0.009492402896285057,,0.008661366999149323,,0.0,,0.13988614082336426,,0.003231888636946678,,0.1998061090707779,,,0.16502031683921814,0.006280091591179371,,0.00438301544636488,,0.15586555004119873,,0.21739980578422546,,,0.46865177154541016,,0.003231888636946678,,,,,0.3494436740875244,,,,,,,,,,,,,,,,,,,,,,,,
12,19269,,,,,0.013445612043142319,,0.008661780506372452,,0.0,,0.07426047325134277,,1.0,,0.1996365338563919,,,0.0,0.0,,185.8584442138672,,0.16383643448352814,,0.1608550250530243,,,1.0445606708526611,,1.0,,,,,0.30362510681152344,,,,,,,,,,,,,,,,,,,,,,,,
12,19279,,,,,0.021201226860284805,,0.03089621663093567,,0.0,,0.10420051962137222,,1.0293924808502197,,0.19923488795757294,,,0.5279859304428101,3.7301547527313232,,1.4200246334075928,,0.16573834419250488,,0.3079972565174103,,,1.1769511699676514,,1.0293924808502197,,,,,0.4040336012840271,,,,,,,,,,,,,,,,,,,,,,,,
12,19289,,,,,0.04681176692247391,,0.015793699771165848,,0.0,,0.17135977745056152,,0.01854623481631279,,0.20353296399116516,,,0.1486780345439911,0.014477992430329323,,0.005770872347056866,,0.1523379385471344,,0.35749155282974243,,,0.4761653542518616,,0.01854623481631279,,,,,0.40278738737106323,,,,,,,,,,,,,,,,,,,,,,,,
12,19299,,,,,0.010985858738422394,,0.017088618129491806,,0.0,,0.14589880406856537,,0.004802838899195194,,0.22184067964553833,,,0.1530342996120453,0.005920149385929108,,0.0044399406760931015,,0.15774250030517578,,0.12081317603588104,,,0.5370287299156189,,0.004802838899195194,,,,,0.3639683723449707,,,,,,,,,,,,,,,,,,,,,,,,
12,19309,,,,,0.0370621383190155,,0.009793982841074467,,0.0,,0.16132241487503052,,0.0074479104951024055,,0.20131678879261017,,,0.1654023677110672,0.03941204026341438,,0.009013870730996132,,0.1537465900182724,,0.1086546927690506,,,0.4326247572898865,,0.0074479104951024055,,,,,0.4070661664009094,,,,,,,,,,,,,,,,,,,,,,,,
12,19319,,,,,0.029581427574157715,,0.034904904663562775,,0.0,,0.08152559399604797,,0.8141986727714539,,0.19919538497924805,,,0.5654611587524414,4.885586738586426,,1.2907147407531738,,0.17146489024162292,,0.2697353959083557,,,0.9069026112556458,,0.8141986727714539,,,,,0.3784130811691284,,,,,,,,,,,,,,,,,,,,,,,,
12,19329,,,,,0.015343773178756237,,0.03312094509601593,,0.0,,0.08786970376968384,,0.9520378112792969,,0.19891783595085144,,,0.6058919429779053,5.143033027648926,,0.9902627468109131,,0.1647007167339325,,0.3724537491798401,,,1.0062599182128906,,0.9520378112792969,,,,,0.4285314679145813,,,,,,,,,,,,,,,,,,,,,,,,
12,19339,,,,,0.03339143469929695,,0.010480629280209541,,0.0,,0.13870355486869812,,0.004784643650054932,,0.2019193470478058,,,0.1588384062051773,0.032936930656433105,,0.0038258861750364304,,0.1564180701971054,,0.11842657625675201,,,0.44382986426353455,,0.004784643650054932,,,,,0.3849528729915619,,,,,,,,,,,,,,,,,,,,,,,,
12,19349,,,,,0.011660605669021606,,0.033939048647880554,,0.0,,0.09008175134658813,,1.0489258766174316,,0.1994408220052719,,,0.5403581261634827,5.178116798400879,,1.2159457206726074,,0.16346481442451477,,0.2927442491054535,,,0.9892886281013489,,1.0489258766174316,,,,,0.3898353576660156,,,,,,,,,,,,,,,,,,,,,,,,
12,19359,,,,,0.013262055814266205,,0.012154795229434967,,0.0,,0.13484857976436615,,0.003825094550848007,,0.20192652940750122,,,0.155737042427063,0.008551593869924545,,0.003466458059847355,,0.15165893733501434,,0.2996964752674103,,,0.44297605752944946,,0.003825094550848007,,,,,0.34743404388427734,,,,,,,,,,,,,,,,,,,,,,,,
12,19369,,,,,0.014854318462312222,,0.015240589156746864,,0.0,,0.12468337267637253,,0.004198675975203514,,0.20017215609550476,,,0.15928255021572113,0.01670386642217636,,0.007182690314948559,,0.15668119490146637,,0.11303657293319702,,,0.5047056078910828,,0.004198675975203514,,,,,0.35482752323150635,,,,,,,,,,,,,,,,,,,,,,,,
12,19379,,,,,0.07211224734783173,,0.018055442720651627,,0.0,,0.150027796626091,,0.03471655771136284,,0.2005503922700882,,,0.1396544873714447,0.01575520448386669,,0.006336204241961241,,0.15635278820991516,,0.12214764952659607,,,0.47863855957984924,,0.03471655771136284,,,,,0.4154784083366394,,,,,,,,,,,,,,,,,,,,,,,,
12,19389,,,,,0.07266681641340256,,0.02520519495010376,,0.0,,0.08668816089630127,,1.1068799495697021,,0.19888682663440704,,,0.42957955598831177,3.3051047325134277,,1.4666551351547241,,0.15880027413368225,,0.3016013503074646,,,1.3477201461791992,,1.1068799495697021,,,,,0.38559091091156006,,,,,,,,,,,,,,,,,,,,,,,,
12,19399,,,,,0.01705853082239628,,0.009999744594097137,,0.0,,0.1473541110754013,,0.004713374190032482,,0.19943653047084808,,,0.171512171626091,0.009828737005591393,,0.004492306150496006,,0.1511777639389038,,0.4167705476284027,,,0.4383213222026825,,0.004713374190032482,,,,,0.3639592230319977,,,,,,,,,,,,,,,,,,,,,,,,
12,19409,,,,,0.020131316035985947,,0.009343920275568962,,0.0,,0.06559035181999207,,1.0,,0.19929277896881104,,,0.0,0.0,,174.53939819335938,,0.15712803602218628,,0.09528003633022308,,,0.9791483283042908,,1.0,,,,,0.2633175551891327,,,,,,,,,,,,,,,,,,,,,,,,
12,19419,,,,,0.016195300966501236,,0.008345276117324829,,0.0,,0.0679425299167633,,1.0,,0.19921274483203888,,,0.0,0.0,,180.4120330810547,,0.15677019953727722,,0.1331588327884674,,,1.0270600318908691,,1.0,,,,,0.2827147841453552,,,,,,,,,,,,,,,,,,,,,,,,
12,19429,,,,,0.022683363407850266,,0.025429852306842804,,0.0,,0.23014026880264282,,1.0,,0.20016321539878845,,,0.0,0.0,,0.3500627279281616,,0.17034703493118286,,0.3650297522544861,,,1.183929443359375,,1.0,,,,,0.4955550730228424,,,,,,,,,,,,,,,,,,,,,,,,
12,19439,,,,,0.017027515918016434,,0.03259739279747009,,0.0,,0.08875137567520142,,1.1289030313491821,,0.19905173778533936,,,0.4549161195755005,4.647425174713135,,1.375257968902588,,0.16209784150123596,,0.2739321291446686,,,1.1016018390655518,,1.1289030313491821,,,,,0.3782152533531189,,,,,,,,,,,,,,,,,,,,,,,,
12,19449,,,,,0.019467845559120178,,0.012730407528579235,,0.0,,0.13900165259838104,,0.005055395886301994,,0.20415684580802917,,,0.15309980511665344,0.004016992170363665,,0.0038364450447261333,,0.14885073900222778,,0.35112354159355164,,,0.46861040592193604,,0.005055395886301994,,,,,0.352314293384552,,,,,,,,,,,,,,,,,,,,,,,,
12,19459,,,,,0.006531569175422192,,0.014357948675751686,,0.0,,0.1394643634557724,,0.0026016170158982277,,0.20068390667438507,,,0.15689055621623993,0.005733083467930555,,0.004116537515074015,,0.15401023626327515,,0.35112354159355164,,,0.5216519832611084,,0.0026016170158982277,,,,,0.34415990114212036,,,,,,,,,,,,,,,,,,,,,,,,
12,19469,,,,,0.016216430813074112,,0.010887549258768559,,0.0,,0.13478462398052216,,0.0060905227437615395,,0.20136834681034088,,,0.15630796551704407,0.005797298159450293,,0.005484921857714653,,0.1565815508365631,,0.08768973499536514,,,0.4474583864212036,,0.0060905227437615395,,,,,0.3518225848674774,,,,,,,,,,,,,,,,,,,,,,,,
12,19479,,,,,0.021878227591514587,,0.008553476072847843,,0.0,,0.08563020825386047,,1.0,,0.1997804492712021,,,0.0,0.0,,182.45516967773438,,0.15908491611480713,,0.1467026174068451,,,1.0058815479278564,,1.0,,,,,0.2998758554458618,,,,,,,,,,,,,,,,,,,,,,,,
12,19489,,,,,0.017284071072936058,,0.017767664045095444,,0.0,,0.15954743325710297,,0.006522760726511478,,0.19987176358699799,,,0.16236594319343567,0.01039164513349533,,0.004822066985070705,,0.15744885802268982,,0.1282535195350647,,,0.46768736839294434,,0.006522760726511478,,,,,0.3733917772769928,,,,,,,,,,,,,,,,,,,,,,,,
12,19499,,,,,0.015627533197402954,,0.012875313870608807,,0.0,,0.0633932575583458,,1.0,,0.19967055320739746,,,0.0,0.0,,185.01153564453125,,0.16244930028915405,,0.1321088820695877,,,1.01509428024292,,1.0,,,,,0.28524866700172424,,,,,,,,,,,,,,,,,,,,,,,,
12,19509,,,,,0.010229883715510368,,0.009731914848089218,,0.0,,0.13990162312984467,,0.003765384666621685,,0.1997365951538086,,,0.15422554314136505,0.007202580105513334,,0.003398314816877246,,0.15506470203399658,,0.30484119057655334,,,0.44596800208091736,,0.003765384666621685,,,,,0.3448604941368103,,,,,,,,,,,,,,,,,,,,,,,,
12,19519,,,,,0.011221436783671379,,0.026518898084759712,,0.0,,0.07701576501131058,,0.883817195892334,,0.19899016618728638,,,0.595899760723114,5.322876453399658,,1.6853456497192383,,0.17076309025287628,,0.30626851320266724,,,1.3062405586242676,,0.883817195892334,,,,,0.3897782266139984,,,,,,,,,,,,,,,,,,,,,,,,
12,19529,,,,,0.009146406315267086,,0.008627384901046753,,0.0,,0.08719800412654877,,1.0,,0.19965608417987823,,,0.0,0.0,,180.16949462890625,,0.15879949927330017,,0.12869736552238464,,,1.0202443599700928,,1.0,,,,,0.2914891839027405,,,,,,,,,,,,,,,,,,,,,,,,
12,19539,,,,,0.020395606756210327,,0.025652850046753883,,0.0,,0.08511897921562195,,0.8654791116714478,,0.19893011450767517,,,0.5203642249107361,5.106910705566406,,1.3715593814849854,,0.1694416105747223,,0.3039803206920624,,,1.3452012538909912,,0.8654791116714478,,,,,0.39156192541122437,,,,,,,,,,,,,,,,,,,,,,,,
12,19549,,,,,0.010009756311774254,,0.007760222069919109,,0.0,,0.06522593647241592,,1.0,,0.19947749376296997,,,0.0,0.0,,185.1566162109375,,0.15832111239433289,,0.09622977674007416,,,1.0243182182312012,,1.0,,,,,0.26350727677345276,,,,,,,,,,,,,,,,,,,,,,,,
12,19559,,,,,0.02162678726017475,,0.027951953932642937,,0.0,,0.12177105247974396,,1.0,,0.20031052827835083,,,0.0,0.0,,0.3139367699623108,,0.16998909413814545,,0.36812394857406616,,,1.1403415203094482,,1.0,,,,,0.44407328963279724,,,,,,,,,,,,,,,,,,,,,,,,
12,19569,,,,,0.019794931635260582,,0.015557406470179558,,0.0,,0.1611907184123993,,0.008160017430782318,,0.2014673352241516,,,0.15033875405788422,0.0184160303324461,,0.006644185166805983,,0.1542823314666748,,0.26292261481285095,,,0.48659682273864746,,0.008160017430782318,,,,,0.37374332547187805,,,,,,,,,,,,,,,,,,,,,,,,
12,19579,,,,,0.01743607595562935,,0.02726620063185692,,0.0,,0.08374547213315964,,0.8000679612159729,,0.1993015706539154,,,0.5435315370559692,4.635436058044434,,1.3776602745056152,,0.16276061534881592,,0.29950517416000366,,,1.552837610244751,,0.8000679612159729,,,,,0.3862895369529724,,,,,,,,,,,,,,,,,,,,,,,,
12,19589,,,,,0.011140392161905766,,0.009515292942523956,,0.0,,0.1517111212015152,,0.004239838570356369,,0.20002466440200806,,,0.15644748508930206,0.013402949087321758,,0.005392209626734257,,0.16091033816337585,,0.28509092330932617,,,0.49381184577941895,,0.004239838570356369,,,,,0.3598424196243286,,,,,,,,,,,,,,,,,,,,,,,,
12,19599,,,,,0.010940453968942165,,0.029723938554525375,,0.0,,0.08368523418903351,,1.0463584661483765,,0.19896507263183594,,,0.6111339330673218,3.1948070526123047,,2.2458789348602295,,0.17110145092010498,,0.2742803990840912,,,1.2305643558502197,,1.0463584661483765,,,,,0.37887805700302124,,,,,,,,,,,,,,,,,,,,,,,,
12,19609,,,,,0.01483046542853117,,0.03258237615227699,,0.0,,0.1189529299736023,,1.0,,0.19963648915290833,,,0.0,0.0,,0.37496256828308105,,0.16774001717567444,,0.34822845458984375,,,1.176809310913086,,1.0,,,,,0.43357014656066895,,,,,,,,,,,,,,,,,,,,,,,,
12,19619,,,,,0.023667752742767334,,0.016157768666744232,,0.0,,0.1620495319366455,,0.009979682974517345,,0.20011404156684875,,,0.16296382248401642,0.010409563779830933,,0.005543932318687439,,0.16241736710071564,,0.10383791476488113,,,0.46798646450042725,,0.009979682974517345,,,,,0.3834957778453827,,,,,,,,,,,,,,,,,,,,,,,,
12,19629,,,,,0.019941985607147217,,0.0303482748568058,,0.0,,0.09234857559204102,,0.8669858574867249,,0.19896623492240906,,,0.6593406796455383,4.829296588897705,,1.210402011871338,,0.16920575499534607,,0.35959696769714355,,,1.2035847902297974,,0.8669858574867249,,,,,0.4252328872680664,,,,,,,,,,,,,,,,,,,,,,,,
12,19639,,,,,0.017531616613268852,,0.007835897617042065,,0.0,,0.058744993060827255,,1.0,,0.199673593044281,,,0.0,0.0,,187.9199676513672,,0.15782690048217773,,0.15043701231479645,,,0.965987503528595,,1.0,,,,,0.28725919127464294,,,,,,,,,,,,,,,,,,,,,,,,
12,19649,,,,,0.014356940984725952,,0.008259075693786144,,0.0,,0.07213464379310608,,1.0,,0.19934742152690887,,,0.0,0.0,,181.9182586669922,,0.15726712346076965,,0.12384749948978424,,,1.0499213933944702,,1.0,,,,,0.28042787313461304,,,,,,,,,,,,,,,,,,,,,,,,
12,19659,,,,,0.014681763015687466,,0.015247682109475136,,0.0,,0.13901475071907043,,0.005022047087550163,,0.20158514380455017,,,0.15551257133483887,0.011788908392190933,,0.005492765456438065,,0.15529482066631317,,0.11798440665006638,,,0.5509812235832214,,0.005022047087550163,,,,,0.35665005445480347,,,,,,,,,,,,,,,,,,,,,,,,
12,19669,,,,,0.07225767523050308,,0.008530506864190102,,0.0,,0.06362438946962357,,1.0,,0.19973628222942352,,,0.0,0.0,,189.20928955078125,,0.1562025099992752,,0.12096689641475677,,,1.0227092504501343,,1.0,,,,,0.274530291557312,,,,,,,,,,,,,,,,,,,,,,,,
12,19679,,,,,0.012006904929876328,,0.02796519733965397,,0.0,,0.06351405382156372,,0.8541371822357178,,0.1991642564535141,,,0.6110419631004333,5.282876014709473,,1.3232808113098145,,0.16452215611934662,,0.24700051546096802,,,1.16558039188385,,0.8541371822357178,,,,,0.35108309984207153,,,,,,,,,,,,,,,,,,,,,,,,
12,19689,,,,,0.010599683970212936,,0.02975532039999962,,0.0,,0.09171835333108902,,0.9696388840675354,,0.19899654388427734,,,0.5141381621360779,3.704305648803711,,1.8395254611968994,,0.1671280562877655,,0.3118712902069092,,,1.206594705581665,,0.9696388840675354,,,,,0.3997347950935364,,,,,,,,,,,,,,,,,,,,,,,,
12,19699,,,,,0.028165161609649658,,0.011861799284815788,,0.0,,0.13554838299751282,,0.012179730460047722,,0.2002420872449875,,,0.15072527527809143,0.005430743098258972,,0.003761561121791601,,0.1523015946149826,,0.14967241883277893,,,0.5661307573318481,,0.012179730460047722,,,,,0.35810089111328125,,,,,,,,,,,,,,,,,,,,,,,,
12,19709,,,,,0.010005190968513489,,0.006845111958682537,,0.0,,0.06449463963508606,,1.0,,0.19938170909881592,,,0.0,0.0,,179.7490692138672,,0.1583981215953827,,0.1211901605129242,,,0.9859696626663208,,1.0,,,,,0.27515488862991333,,,,,,,,,,,,,,,,,,,,,,,,
12,19719,,,,,0.015120490454137325,,0.016529768705368042,,0.0,,0.17146094143390656,,0.005891173146665096,,0.20014145970344543,,,0.15771989524364471,0.00816630944609642,,0.003997334744781256,,0.15524768829345703,,0.13512054085731506,,,0.48718005418777466,,0.005891173146665096,,,,,0.37175217270851135,,,,,,,,,,,,,,,,,,,,,,,,
12,19729,,,,,0.017165586352348328,,0.015995092689990997,,0.0,,0.14285553991794586,,0.006964204832911491,,0.19995227456092834,,,0.1493452936410904,0.008652922697365284,,0.0040434580296278,,0.1510077863931656,,0.12319690734148026,,,0.5413267016410828,,0.006964204832911491,,,,,0.3530917763710022,,,,,,,,,,,,,,,,,,,,,,,,
12,19739,,,,,0.01649673469364643,,0.006701776757836342,,0.0,,0.08067996054887772,,1.0,,0.19953016936779022,,,0.0,0.0,,183.62106323242188,,0.1609688252210617,,0.09289589524269104,,,1.007580280303955,,1.0,,,,,0.27038830518722534,,,,,,,,,,,,,,,,,,,,,,,,
12,19749,,,,,0.021599970757961273,,0.008795627392828465,,0.0,,0.07597912102937698,,1.0,,0.19951146841049194,,,0.0,0.0,,190.52255249023438,,0.162031888961792,,0.1012134924530983,,,0.9808188676834106,,1.0,,,,,0.27376580238342285,,,,,,,,,,,,,,,,,,,,,,,,
12,19759,,,,,0.017435748130083084,,0.014235415495932102,,0.0,,0.16134239733219147,,0.007688615471124649,,0.19989652931690216,,,0.14967316389083862,0.00911447312682867,,0.003848386462777853,,0.1544053554534912,,0.10304556041955948,,,0.46703845262527466,,0.007688615471124649,,,,,0.36369359493255615,,,,,,,,,,,,,,,,,,,,,,,,
12,19769,,,,,0.01489932369440794,,0.012785205617547035,,0.0,,0.06889711320400238,,1.0,,0.19965516030788422,,,0.0,0.0,,184.5139617919922,,0.15647681057453156,,0.11140996217727661,,,1.0314501523971558,,1.0,,,,,0.2746121287345886,,,,,,,,,,,,,,,,,,,,,,,,
12,19779,,,,,0.012546155601739883,,0.010384941473603249,,0.0,,0.15301504731178284,,0.005135331302881241,,0.19984252750873566,,,0.16016177833080292,0.012723719701170921,,0.004437445197254419,,0.14914238452911377,,0.11611448973417282,,,0.515723705291748,,0.005135331302881241,,,,,0.3574000895023346,,,,,,,,,,,,,,,,,,,,,,,,
12,19789,,,,,0.07599715143442154,,0.009406981989741325,,0.0,,0.06421495974063873,,1.0,,0.19961616396903992,,,0.0,0.0,,181.0038299560547,,0.1601352095603943,,0.11533142626285553,,,1.0216450691223145,,1.0,,,,,0.27435237169265747,,,,,,,,,,,,,,,,,,,,,,,,
12,19799,,,,,0.07513722032308578,,0.0401400588452816,,0.0,,0.09115918725728989,,1.022750735282898,,0.19912709295749664,,,0.5885530710220337,3.269707202911377,,1.4373445510864258,,0.17750820517539978,,0.3250793218612671,,,1.3004229068756104,,1.022750735282898,,,,,0.41650694608688354,,,,,,,,,,,,,,,,,,,,,,,,
12,19809,,,,,0.015063051134347916,,0.014267153106629848,,0.0,,0.13657209277153015,,0.004980696365237236,,0.20013868808746338,,,0.18330849707126617,0.009113064967095852,,0.005108178127557039,,0.15316957235336304,,0.3264661431312561,,,0.5248531103134155,,0.004980696365237236,,,,,0.3659016788005829,,,,,,,,,,,,,,,,,,,,,,,,
12,19819,,,,,0.030308790504932404,,0.00958886556327343,,0.0,,0.08853140473365784,,1.0,,0.20004111528396606,,,0.0,0.0,,185.05364990234375,,0.15844568610191345,,0.11456149816513062,,,1.0032024383544922,,1.0,,,,,0.2855842709541321,,,,,,,,,,,,,,,,,,,,,,,,
12,19829,,,,,0.010661734268069267,,0.0283389613032341,,0.0,,0.08109863102436066,,0.9038815498352051,,0.19904258847236633,,,0.5893236994743347,3.2820496559143066,,1.7488198280334473,,0.16483107209205627,,0.3279980421066284,,,1.4891750812530518,,0.9038815498352051,,,,,0.4006546437740326,,,,,,,,,,,,,,,,,,,,,,,,
12,19839,,,,,0.022295009344816208,,0.010714832693338394,,0.0,,0.15339010953903198,,0.007554269395768642,,0.20014876127243042,,,0.15819542109966278,0.009808420203626156,,0.005105492193251848,,0.15018439292907715,,0.4368892312049866,,,0.523510754108429,,0.007554269395768642,,,,,0.3660687208175659,,,,,,,,,,,,,,,,,,,,,,,,
12,19849,,,,,0.030112674459815025,,0.026589956134557724,,0.0,,0.0724218413233757,,0.9913390874862671,,0.19890277087688446,,,0.51885986328125,5.403141975402832,,1.4702985286712646,,0.15920695662498474,,0.24781067669391632,,,1.1693447828292847,,0.9913390874862671,,,,,0.3524661064147949,,,,,,,,,,,,,,,,,,,,,,,,
12,19859,,,,,0.024008695036172867,,0.029550403356552124,,0.0,,0.0911412164568901,,0.9106103181838989,,0.19911670684814453,,,0.9401692152023315,5.8852009773254395,,1.366355299949646,,0.16792047023773193,,0.2927517294883728,,,1.5539085865020752,,0.9106103181838989,,,,,0.39024025201797485,,,,,,,,,,,,,,,,,,,,,,,,
12,19869,,,,,0.0194292813539505,,0.035517316311597824,,0.0,,0.0914786159992218,,0.9618908762931824,,0.19897301495075226,,,0.6173697113990784,3.5613982677459717,,1.679654598236084,,0.1715010553598404,,0.2878400683403015,,,0.7975575923919678,,0.9618908762931824,,,,,0.39265504479408264,,,,,,,,,,,,,,,,,,,,,,,,
12,19879,,,,,0.026286203414201736,,0.008766642771661282,,0.0,,0.06434641778469086,,1.0,,0.19937944412231445,,,0.0,0.0,,181.52117919921875,,0.15734486281871796,,0.12475348263978958,,,0.9941951036453247,,1.0,,,,,0.27729541063308716,,,,,,,,,,,,,,,,,,,,,,,,
12,19889,,,,,0.013524333015084267,,0.016055187210440636,,0.0,,0.17752423882484436,,0.0036438899114727974,,0.19960497319698334,,,0.15517841279506683,0.015984416007995605,,0.005322631448507309,,0.16181549429893494,,0.11902965605258942,,,0.4366837739944458,,0.0036438899114727974,,,,,0.37926700711250305,,,,,,,,,,,,,,,,,,,,,,,,
12,19899,,,,,0.019245484843850136,,0.011430825106799603,,0.0,,0.14746449887752533,,0.007639226503670216,,0.19978219270706177,,,0.1480461061000824,0.0071793836541473866,,0.0038397549651563168,,0.155964195728302,,0.30038386583328247,,,0.48082655668258667,,0.007639226503670216,,,,,0.3560989797115326,,,,,,,,,,,,,,,,,,,,,,,,
12,19909,,,,,0.02440766617655754,,0.01498410850763321,,0.0,,0.15784519910812378,,0.008117806166410446,,0.20102103054523468,,,0.15094995498657227,0.014086388982832432,,0.008695720694959164,,0.15228933095932007,,0.2552006244659424,,,0.4251288175582886,,0.008117806166410446,,,,,0.37434351444244385,,,,,,,,,,,,,,,,,,,,,,,,
12,19919,,,,,0.07919526100158691,,0.015255018137395382,,0.0,,0.15737080574035645,,0.03480923920869827,,0.19955766201019287,,,0.15514731407165527,0.008330644108355045,,0.006095509510487318,,0.15693813562393188,,0.30026835203170776,,,0.5046848058700562,,0.03480923920869827,,,,,0.428542822599411,,,,,,,,,,,,,,,,,,,,,,,,
12,19929,,,,,0.030662652105093002,,0.012013845145702362,,0.0,,0.12902583181858063,,0.006745859980583191,,0.20016933977603912,,,0.15060663223266602,0.013205240480601788,,0.002781217684969306,,0.1574001908302307,,0.2593297064304352,,,0.5164092779159546,,0.006745859980583191,,,,,0.3632637858390808,,,,,,,,,,,,,,,,,,,,,,,,
12,19939,,,,,0.0273069329559803,,0.020388828590512276,,0.0,,0.08958476036787033,,0.921640157699585,,0.19909071922302246,,,0.587273120880127,3.974996566772461,,1.6292308568954468,,0.1638314127922058,,0.3304055333137512,,,1.504084587097168,,0.921640157699585,,,,,0.40165063738822937,,,,,,,,,,,,,,,,,,,,,,,,
12,19949,,,,,0.01072069350630045,,0.02796778827905655,,0.0,,0.06737209111452103,,0.7890238761901855,,0.1989384889602661,,,0.5691847801208496,4.303821086883545,,1.6371902227401733,,0.16397087275981903,,0.2828333377838135,,,0.979276180267334,,0.7890238761901855,,,,,0.3705412745475769,,,,,,,,,,,,,,,,,,,,,,,,
12,19959,,,,,0.02668413519859314,,0.04051140323281288,,0.0,,0.08831079304218292,,0.7868454456329346,,0.19905565679073334,,,0.6978322863578796,6.624429225921631,,1.87052583694458,,0.15994952619075775,,0.28002724051475525,,,1.183767557144165,,0.7868454456329346,,,,,0.38392728567123413,,,,,,,,,,,,,,,,,,,,,,,,
12,19969,,,,,0.0181405171751976,,0.0099476994946599,,0.0,,0.06774310022592545,,1.0,,0.19953690469264984,,,0.0,0.0,,184.3611297607422,,0.15539023280143738,,0.14517593383789062,,,0.998040497303009,,1.0,,,,,0.28889691829681396,,,,,,,,,,,,,,,,,,,,,,,,
12,19979,,,,,0.08429183810949326,,0.020411524921655655,,0.0,,0.11760284006595612,,1.0,,0.19964160025119781,,,0.0,0.0,,0.4575127065181732,,0.1668364405632019,,0.3485177159309387,,,0.8694546222686768,,1.0,,,,,0.42650505900382996,,,,,,,,,,,,,,,,,,,,,,,,
12,19989,,,,,0.02373330667614937,,0.006606019102036953,,0.0,,0.07270053774118423,,1.0,,0.19921830296516418,,,0.0,0.0,,186.9029998779297,,0.16074950993061066,,0.11227747797966003,,,1.0046659708023071,,1.0,,,,,0.2757759094238281,,,,,,,,,,,,,,,,,,,,,,,,
12,19999,,,,,0.017963726073503494,,0.012617114931344986,,0.0,,0.13560016453266144,,0.0044383518397808075,,0.19983038306236267,,,0.14820754528045654,0.017429020255804062,,0.003312751417979598,,0.15838316082954407,,0.09969578683376312,,,0.4528646469116211,,0.0044383518397808075,,,,,0.3556538224220276,,,,,,,,,,,,,,,,,,,,,,,,
12,20009,,,,,0.015257082879543304,,0.008764415979385376,,0.0,,0.06450361758470535,,1.0,,0.1994224190711975,,,0.0,0.0,,192.7781982421875,,0.15665139257907867,,0.12959808111190796,,,0.9919034838676453,,1.0,,,,,0.27946996688842773,,,,,,,,,,,,,,,,,,,,,,,,
12,20019,,,,,0.017029277980327606,,0.016571450978517532,,0.0,,0.1567465364933014,,0.006214870139956474,,0.2006974220275879,,,0.16226574778556824,0.0049858083948493,,0.004488029517233372,,0.15706771612167358,,0.2458174079656601,,,0.48253723978996277,,0.006214870139956474,,,,,0.3684406280517578,,,,,,,,,,,,,,,,,,,,,,,,
12,20029,,,,,0.01598225347697735,,0.006979430094361305,,0.0,,0.059933166950941086,,1.0,,0.19935078918933868,,,0.0,0.0,,180.69029235839844,,0.15844333171844482,,0.08958221971988678,,,1.0209770202636719,,1.0,,,,,0.2571444809436798,,,,,,,,,,,,,,,,,,,,,,,,
12,20039,,,,,0.016961798071861267,,0.025795981287956238,,0.0,,0.19132180511951447,,0.005894823931157589,,0.20074012875556946,,,0.15899373590946198,0.011544420383870602,,0.0054620723240077496,,0.16019633412361145,,0.21465235948562622,,,0.5171897411346436,,0.005894823931157589,,,,,0.39398902654647827,,,,,,,,,,,,,,,,,,,,,,,,
12,20049,,,,,0.14230746030807495,,0.021610882133245468,,0.0,,0.07006688416004181,,0.9063316583633423,,0.19884665310382843,,,0.8468239903450012,6.726294994354248,,1.5380982160568237,,0.15987101197242737,,0.25571349263191223,,,1.00523042678833,,0.9063316583633423,,,,,0.3530544638633728,,,,,,,,,,,,,,,,,,,,,,,,
12,20059,,,,,0.01498798094689846,,0.014181829988956451,,0.0,,0.12563523650169373,,0.005661407485604286,,0.20064327120780945,,,0.15548090636730194,0.010216319933533669,,0.003945676144212484,,0.15749678015708923,,0.1392139196395874,,,0.4988258481025696,,0.005661407485604286,,,,,0.34878796339035034,,,,,,,,,,,,,,,,,,,,,,,,
12,20069,,,,,0.01821255125105381,,0.014769205823540688,,0.0,,0.14730550348758698,,0.008425187319517136,,0.19986997544765472,,,0.15513372421264648,0.00528715830296278,,0.004222827963531017,,0.15307390689849854,,0.15479646623134613,,,0.5106268525123596,,0.008425187319517136,,,,,0.35804370045661926,,,,,,,,,,,,,,,,,,,,,,,,
12,20079,,,,,0.011276459321379662,,0.025988876819610596,,0.0,,0.1057969331741333,,1.031986951828003,,0.19897328317165375,,,0.6206812858581543,5.244172096252441,,1.4516823291778564,,0.15970245003700256,,0.2588120698928833,,,0.9629133939743042,,1.031986951828003,,,,,0.37463679909706116,,,,,,,,,,,,,,,,,,,,,,,,
12,20089,,,,,0.017929697409272194,,0.01399916596710682,,0.0,,0.15239128470420837,,0.007577551528811455,,0.2002670168876648,,,0.16024067997932434,0.0060224831104278564,,0.004863639362156391,,0.1571332812309265,,0.1332060843706131,,,0.5268340110778809,,0.007577551528811455,,,,,0.365388423204422,,,,,,,,,,,,,,,,,,,,,,,,
12,20099,,,,,0.052845098078250885,,0.013736307621002197,,0.0,,0.14678841829299927,,0.013631193898618221,,0.20135362446308136,,,0.1578434407711029,0.008039643056690693,,0.004021938890218735,,0.1583426296710968,,0.1361696869134903,,,0.5158275961875916,,0.013631193898618221,,,,,0.39790812134742737,,,,,,,,,,,,,,,,,,,,,,,,
12,20109,,,,,0.016434667631983757,,0.015556289814412594,,0.0,,0.14407439529895782,,0.004565892741084099,,0.20006465911865234,,,0.16164852678775787,0.04399152472615242,,0.007066674530506134,,0.16095465421676636,,0.3187102675437927,,,0.5136956572532654,,0.004565892741084099,,,,,0.38311299681663513,,,,,,,,,,,,,,,,,,,,,,,,
12,20119,,,,,0.012787792831659317,,0.01486104167997837,,0.0,,0.18298709392547607,,0.00462453905493021,,0.20063763856887817,,,0.15106689929962158,0.011522256769239902,,0.0043059783056378365,,0.15022529661655426,,0.1225334107875824,,,0.49789106845855713,,0.00462453905493021,,,,,0.37059086561203003,,,,,,,,,,,,,,,,,,,,,,,,
12,20129,,,,,0.01651422306895256,,0.008539572358131409,,0.0,,0.06399714201688766,,1.0,,0.1993907243013382,,,0.0,0.0,,183.8997039794922,,0.15721681714057922,,0.10605348646640778,,,1.0564582347869873,,1.0,,,,,0.26759886741638184,,,,,,,,,,,,,,,,,,,,,,,,
12,20139,,,,,0.013471659272909164,,0.013181842863559723,,0.0,,0.15324656665325165,,0.003946535289287567,,0.20021024346351624,,,0.15056580305099487,0.017868854105472565,,0.006824430078268051,,0.15288570523262024,,0.30794450640678406,,,0.4907035827636719,,0.003946535289287567,,,,,0.3608633875846863,,,,,,,,,,,,,,,,,,,,,,,,
12,20149,,,,,0.016584455966949463,,0.009012446738779545,,0.0,,0.08357350528240204,,1.0,,0.19923779368400574,,,0.0,0.0,,190.840087890625,,0.15809106826782227,,0.14250633120536804,,,0.9895375967025757,,1.0,,,,,0.2962105870246887,,,,,,,,,,,,,,,,,,,,,,,,
12,20159,,,,,0.014560189098119736,,0.011328921653330326,,0.0,,0.15966644883155823,,0.0051352959126234055,,0.20047132670879364,,,0.15767015516757965,0.006005595903843641,,0.0041135214269161224,,0.15388232469558716,,0.24765458703041077,,,0.47882115840911865,,0.0051352959126234055,,,,,0.3611293137073517,,,,,,,,,,,,,,,,,,,,,,,,
12,20169,,,,,0.016845500096678734,,0.034617021679878235,,0.0,,0.09072475135326385,,0.9282805323600769,,0.19902224838733673,,,0.5099942088127136,3.722443103790283,,1.4973896741867065,,0.1704072654247284,,0.36543911695480347,,,1.6385377645492554,,0.9282805323600769,,,,,0.43010517954826355,,,,,,,,,,,,,,,,,,,,,,,,
12,20179,,,,,0.017610084265470505,,0.021753601729869843,,0.0,,0.08918572217226028,,0.9768550992012024,,0.19899633526802063,,,0.7043972611427307,4.326436996459961,,1.4839575290679932,,0.15983946621418,,0.23199382424354553,,,1.1844065189361572,,0.9768550992012024,,,,,0.35088449716567993,,,,,,,,,,,,,,,,,,,,,,,,
12,20189,,,,,0.013430694118142128,,0.007690759841352701,,0.0,,0.0719817504286766,,1.0,,0.19919846951961517,,,0.0,0.0,,185.45223999023438,,0.15928052365779877,,0.12249595671892166,,,1.047029733657837,,1.0,,,,,0.28032371401786804,,,,,,,,,,,,,,,,,,,,,,,,
12,20199,,,,,0.009387679398059845,,0.020324748009443283,,0.0,,0.07430733740329742,,1.0597624778747559,,0.19926978647708893,,,0.571165144443512,6.192474365234375,,1.4147932529449463,,0.1610792577266693,,0.2846428155899048,,,1.0677473545074463,,1.0597624778747559,,,,,0.3698119819164276,,,,,,,,,,,,,,,,,,,,,,,,
12,20209,,,,,0.010504805482923985,,0.01462509110569954,,0.0,,0.145331472158432,,0.0034821461886167526,,0.20011013746261597,,,0.13894066214561462,0.006615735124796629,,0.0033175756689161062,,0.15410234034061432,,0.29231518507003784,,,0.45836058259010315,,0.0034821461886167526,,,,,0.34202638268470764,,,,,,,,,,,,,,,,,,,,,,,,
12,20219,,,,,0.021500978618860245,,0.009861726313829422,,0.0,,0.06774290651082993,,1.0,,0.19958989322185516,,,0.0,0.0,,190.26296997070312,,0.15675917267799377,,0.10906175523996353,,,0.9822664856910706,,1.0,,,,,0.27150774002075195,,,,,,,,,,,,,,,,,,,,,,,,
12,20229,,,,,0.03402617201209068,,0.013050449080765247,,0.0,,0.14649535715579987,,0.005083924159407616,,0.19996173679828644,,,0.1422303020954132,0.006456971168518066,,0.007720708381384611,,0.1481485217809677,,0.12742020189762115,,,0.4746914505958557,,0.005083924159407616,,,,,0.36605820059776306,,,,,,,,,,,,,,,,,,,,,,,,
12,20239,,,,,0.021193651482462883,,0.012566635385155678,,0.0,,0.13978146016597748,,0.009069896303117275,,0.20002612471580505,,,0.15442782640457153,0.004146361257880926,,0.003381948685273528,,0.15528666973114014,,0.14467698335647583,,,0.5391793251037598,,0.009069896303117275,,,,,0.35600215196609497,,,,,,,,,,,,,,,,,,,,,,,,
12,20249,,,,,0.017129939049482346,,0.01278480514883995,,0.0,,0.13437670469284058,,0.0052995095029473305,,0.19974417984485626,,,0.16128748655319214,0.005411824677139521,,0.004271713551133871,,0.15732811391353607,,0.2692844867706299,,,0.4695965647697449,,0.0052995095029473305,,,,,0.35473233461380005,,,,,,,,,,,,,,,,,,,,,,,,
12,20259,,,,,0.021839018911123276,,0.010331008583307266,,0.0,,0.062092721462249756,,1.0,,0.19927293062210083,,,0.0,0.0,,187.01168823242188,,0.15858066082000732,,0.15563949942588806,,,0.9937981963157654,,1.0,,,,,0.29295840859413147,,,,,,,,,,,,,,,,,,,,,,,,
12,20269,,,,,0.018107391893863678,,0.028474755585193634,,0.0,,0.10871535539627075,,0.8716236352920532,,0.19893240928649902,,,0.7415138483047485,4.702974319458008,,1.5470832586288452,,0.1693519949913025,,0.32292163372039795,,,0.8612934947013855,,0.8716236352920532,,,,,0.4141980707645416,,,,,,,,,,,,,,,,,,,,,,,,
12,20279,,,,,0.07792781293392181,,0.008418291807174683,,0.0,,0.06179099902510643,,1.0,,0.1991441249847412,,,0.0,0.0,,185.72500610351562,,0.1589486300945282,,0.12016034126281738,,,0.9764020442962646,,1.0,,,,,0.2742311954498291,,,,,,,,,,,,,,,,,,,,,,,,
12,20289,,,,,0.013902474194765091,,0.009637503884732723,,0.0,,0.14825130999088287,,0.0051818108186125755,,0.2058374434709549,,,0.1602250337600708,0.008236497640609741,,0.0033823195844888687,,0.1556759774684906,,0.2622518539428711,,,0.4603413939476013,,0.0051818108186125755,,,,,0.35952556133270264,,,,,,,,,,,,,,,,,,,,,,,,
12,20299,,,,,0.017210910096764565,,0.009453977458178997,,0.0,,0.082566998898983,,1.0,,0.19955995678901672,,,0.0,0.0,,181.1935272216797,,0.15799488127231598,,0.09592996537685394,,,0.9721579551696777,,1.0,,,,,0.27275288105010986,,,,,,,,,,,,,,,,,,,,,,,,
12,20309,,,,,0.013701891526579857,,0.013899321667850018,,0.0,,0.13489192724227905,,0.0047232648357748985,,0.20190638303756714,,,0.1487370729446411,0.018118884414434433,,0.0039440649561584,,0.15475958585739136,,0.1350702941417694,,,0.5081503391265869,,0.0047232648357748985,,,,,0.35183048248291016,,,,,,,,,,,,,,,,,,,,,,,,
12,20319,,,,,0.012266449630260468,,0.016489293426275253,,0.0,,0.17160898447036743,,0.004721547476947308,,0.20022466778755188,,,0.15637628734111786,0.005269506014883518,,0.007458760403096676,,0.15209895372390747,,0.10160907357931137,,,0.4508318305015564,,0.004721547476947308,,,,,0.36702969670295715,,,,,,,,,,,,,,,,,,,,,,,,
12,20329,,,,,0.013456657528877258,,0.034804411232471466,,0.0,,0.08311247825622559,,1.0235549211502075,,0.19916760921478271,,,0.4949604868888855,5.458865165710449,,1.2796664237976074,,0.16959092020988464,,0.2698892056941986,,,1.5251656770706177,,1.0235549211502075,,,,,0.3782823085784912,,,,,,,,,,,,,,,,,,,,,,,,
12,20339,,,,,0.01481441967189312,,0.008617570623755455,,0.0,,0.07804323732852936,,1.0,,0.19970671832561493,,,0.0,0.0,,180.4892578125,,0.15700194239616394,,0.08987125754356384,,,1.0070194005966187,,1.0,,,,,0.26662033796310425,,,,,,,,,,,,,,,,,,,,,,,,
12,20349,,,,,0.01746971346437931,,0.012660421431064606,,0.0,,0.13439849019050598,,0.005850734189152718,,0.2005460262298584,,,0.15174804627895355,0.008605312556028366,,0.004293113015592098,,0.1510922759771347,,0.14618204534053802,,,0.42550814151763916,,0.005850734189152718,,,,,0.34914153814315796,,,,,,,,,,,,,,,,,,,,,,,,
12,20359,,,,,0.014052057638764381,,0.010972226038575172,,0.0,,0.1448012888431549,,0.005071631632745266,,0.20016729831695557,,,0.15376335382461548,0.005633242428302765,,0.003210045862942934,,0.14945662021636963,,0.23689721524715424,,,0.4767129719257355,,0.005071631632745266,,,,,0.34805411100387573,,,,,,,,,,,,,,,,,,,,,,,,
12,20369,,,,,0.06102890893816948,,0.03058876097202301,,0.0,,0.08802424371242523,,0.9396802186965942,,0.19892744719982147,,,0.4847094416618347,4.304551124572754,,1.4968845844268799,,0.1689540296792984,,0.31556016206741333,,,1.3466776609420776,,0.9396802186965942,,,,,0.4010273218154907,,,,,,,,,,,,,,,,,,,,,,,,
12,20379,,,,,0.019876420497894287,,0.014885086566209793,,0.0,,0.14475402235984802,,0.008399984799325466,,0.2240242213010788,,,0.15489225089550018,0.005752409342676401,,0.0036104796454310417,,0.1500668227672577,,0.263490229845047,,,0.5061389207839966,,0.008399984799325466,,,,,0.3688690662384033,,,,,,,,,,,,,,,,,,,,,,,,
12,20389,,,,,0.012251701205968857,,0.010873845778405666,,0.0,,0.16028161346912384,,0.004565362818539143,,0.20046992599964142,,,0.15644235908985138,0.010247587226331234,,0.004625487141311169,,0.1521855741739273,,0.23678897321224213,,,0.5172359943389893,,0.004565362818539143,,,,,0.35981491208076477,,,,,,,,,,,,,,,,,,,,,,,,
12,20399,,,,,0.016021300107240677,,0.0080586988478899,,0.0,,0.07174399495124817,,1.0,,0.19935521483421326,,,0.0,0.0,,186.60984802246094,,0.15474416315555573,,0.1451992243528366,,,0.9987958669662476,,1.0,,,,,0.28955066204071045,,,,,,,,,,,,,,,,,,,,,,,,
12,20409,,,,,0.01338519249111414,,0.025173217058181763,,0.0,,0.1608327478170395,,0.0044090282171964645,,0.19962991774082184,,,0.16971027851104736,0.023958193138241768,,0.01044639851897955,,0.16419801115989685,,0.23351380228996277,,,0.5126099586486816,,0.0044090282171964645,,,,,0.3903595805168152,,,,,,,,,,,,,,,,,,,,,,,,
12,20419,,,,,0.1363523006439209,,0.013080693781375885,,0.0,,0.16460426151752472,,0.03800423443317413,,0.1996496617794037,,,0.16056391596794128,0.01084153726696968,,0.0071800947189331055,,0.15715837478637695,,0.11579640209674835,,,0.5119758248329163,,0.03800423443317413,,,,,0.4928915500640869,,,,,,,,,,,,,,,,,,,,,,,,
12,20429,,,,,0.028355129063129425,,0.010724449530243874,,0.0,,0.13066071271896362,,0.013031245209276676,,0.1999657154083252,,,0.13976576924324036,0.004654606804251671,,0.00369760999456048,,0.1549849957227707,,0.25713539123535156,,,0.44168636202812195,,0.013031245209276676,,,,,0.3505820631980896,,,,,,,,,,,,,,,,,,,,,,,,
12,20439,,,,,0.011924605816602707,,0.022901535034179688,,0.0,,0.07367623597383499,,1.0371968746185303,,0.19901208579540253,,,0.47459524869918823,4.400904178619385,,1.8763879537582397,,0.15885493159294128,,0.299501895904541,,,1.064170241355896,,1.0371968746185303,,,,,0.37697333097457886,,,,,,,,,,,,,,,,,,,,,,,,
12,20449,,,,,0.02019226923584938,,0.008155971765518188,,0.0,,0.0643402636051178,,1.0,,0.20015378296375275,,,0.0,0.0,,189.98492431640625,,0.1563282310962677,,0.1105571910738945,,,1.0186872482299805,,1.0,,,,,0.26976773142814636,,,,,,,,,,,,,,,,,,,,,,,,
12,20459,,,,,0.016888221725821495,,0.02952931821346283,,0.0,,0.08598390221595764,,0.8628624677658081,,0.19903497397899628,,,0.5780540108680725,5.299778938293457,,1.3528668880462646,,0.1699272096157074,,0.33230650424957275,,,1.035412311553955,,0.8628624677658081,,,,,0.40839096903800964,,,,,,,,,,,,,,,,,,,,,,,,
12,20469,,,,,0.03241138532757759,,0.015924697741866112,,0.0,,0.1517801135778427,,0.006557264365255833,,0.2007538378238678,,,0.1443745493888855,0.019071999937295914,,0.0040995278395712376,,0.1528390496969223,,0.08798642456531525,,,0.4534425139427185,,0.006557264365255833,,,,,0.3768332898616791,,,,,,,,,,,,,,,,,,,,,,,,
12,20479,,,,,0.015133173204958439,,0.01777554117143154,,0.0,,0.16639859974384308,,0.005890351720154285,,0.20012108981609344,,,0.15191033482551575,0.008942274376749992,,0.0039041046984493732,,0.15086433291435242,,0.23175513744354248,,,0.5180450677871704,,0.005890351720154285,,,,,0.3650912940502167,,,,,,,,,,,,,,,,,,,,,,,,
12,20489,,,,,0.012556788511574268,,0.009272279217839241,,0.0,,0.061092816293239594,,1.0,,0.1995675414800644,,,0.0,0.0,,183.198974609375,,0.15636251866817474,,0.1076434850692749,,,0.9772965908050537,,1.0,,,,,0.26696932315826416,,,,,,,,,,,,,,,,,,,,,,,,
12,20499,,,,,0.01967061497271061,,0.007687133736908436,,0.0,,0.06354005634784698,,1.0,,0.19928953051567078,,,0.0,0.0,,181.17352294921875,,0.15698844194412231,,0.132797509431839,,,0.9808825254440308,,1.0,,,,,0.2801513373851776,,,,,,,,,,,,,,,,,,,,,,,,
12,20509,,,,,0.016970142722129822,,0.009515529498457909,,0.0,,0.12810339033603668,,0.0064045218750834465,,0.20013563334941864,,,0.15495997667312622,0.009102164767682552,,0.005900333635509014,,0.14732101559638977,,0.11190028488636017,,,0.483742892742157,,0.0064045218750834465,,,,,0.3444891571998596,,,,,,,,,,,,,,,,,,,,,,,,
12,20519,,,,,0.017285896465182304,,0.010826203040778637,,0.0,,0.14962656795978546,,0.007516470737755299,,0.19998937845230103,,,0.14676183462142944,0.00814291276037693,,0.0033257154282182455,,0.15122956037521362,,0.29942360520362854,,,0.5430237054824829,,0.007516470737755299,,,,,0.35223692655563354,,,,,,,,,,,,,,,,,,,,,,,,
12,20529,,,,,0.009595200419425964,,0.028414197266101837,,0.0,,0.0803343653678894,,1.0203289985656738,,0.19900119304656982,,,0.597802460193634,5.005951881408691,,1.422492265701294,,0.16062265634536743,,0.2111366093158722,,,1.3341411352157593,,1.0203289985656738,,,,,0.33975452184677124,,,,,,,,,,,,,,,,,,,,,,,,
12,20539,,,,,0.02049070969223976,,0.0251925066113472,,0.0,,0.17883574962615967,,0.006945017725229263,,0.20004144310951233,,,0.15369480848312378,0.008555861189961433,,0.007009660359472036,,0.15444588661193848,,0.13079041242599487,,,0.4523051977157593,,0.006945017725229263,,,,,0.38437867164611816,,,,,,,,,,,,,,,,,,,,,,,,
12,20549,,,,,0.0778721421957016,,0.036582838743925095,,0.0,,0.08937714993953705,,0.8691623210906982,,0.1990034580230713,,,0.6095658540725708,5.5163984298706055,,1.6333364248275757,,0.1765054613351822,,0.24477465450763702,,,1.1800992488861084,,0.8691623210906982,,,,,0.3731217682361603,,,,,,,,,,,,,,,,,,,,,,,,
12,20559,,,,,0.012157013639807701,,0.014151747338473797,,0.0,,0.1295194774866104,,0.004239898175001144,,0.20009967684745789,,,0.1438053548336029,0.010968056507408619,,0.003672372316941619,,0.15824595093727112,,0.10985954105854034,,,0.43678194284439087,,0.004239898175001144,,,,,0.3423883318901062,,,,,,,,,,,,,,,,,,,,,,,,
12,20569,,,,,0.013175403699278831,,0.007820935919880867,,0.0,,0.0646771565079689,,1.0,,0.199186310172081,,,0.0,0.0,,192.39871215820312,,0.16072911024093628,,0.09933194518089294,,,1.00821852684021,,1.0,,,,,0.2658727169036865,,,,,,,,,,,,,,,,,,,,,,,,
12,20579,,,,,0.015384717844426632,,0.008911436423659325,,0.0,,0.12643679976463318,,0.00536747369915247,,0.20167236030101776,,,0.15770623087882996,0.013508504256606102,,0.004290333483368158,,0.15038757026195526,,0.3028406500816345,,,0.516758143901825,,0.00536747369915247,,,,,0.34684130549430847,,,,,,,,,,,,,,,,,,,,,,,,
12,20589,,,,,0.015044610016047955,,0.014384052716195583,,0.0,,0.15788191556930542,,0.005264881066977978,,0.20004680752754211,,,0.14723947644233704,0.007723844610154629,,0.003355632536113262,,0.15546230971813202,,0.092862069606781,,,0.5596081018447876,,0.005264881066977978,,,,,0.3580916225910187,,,,,,,,,,,,,,,,,,,,,,,,
12,20599,,,,,0.016789903864264488,,0.007802494801580906,,0.0,,0.07037005573511124,,1.0,,0.19943802058696747,,,0.0,0.0,,190.18502807617188,,0.1555590182542801,,0.09899477660655975,,,1.0225857496261597,,1.0,,,,,0.26608219742774963,,,,,,,,,,,,,,,,,,,,,,,,
12,20609,,,,,0.012445937842130661,,0.02535940147936344,,0.0,,0.07522811740636826,,0.9430809617042542,,0.19902586936950684,,,0.6091516017913818,5.686063766479492,,1.5167856216430664,,0.156256765127182,,0.25634634494781494,,,1.1382126808166504,,0.9430809617042542,,,,,0.35610824823379517,,,,,,,,,,,,,,,,,,,,,,,,
12,20619,,,,,0.013217136263847351,,0.016501951962709427,,0.0,,0.16411100327968597,,0.0043614692986011505,,0.20080596208572388,,,0.1537829488515854,0.0070494432002305984,,0.0038800162728875875,,0.1541934311389923,,0.27394968271255493,,,0.46023446321487427,,0.0043614692986011505,,,,,0.3633795380592346,,,,,,,,,,,,,,,,,,,,,,,,
12,20629,,,,,0.02661234885454178,,0.009281206876039505,,0.0,,0.14132265746593475,,0.009191222488880157,,0.20267446339130402,,,0.15213057398796082,0.00799176562577486,,0.0026967197190970182,,0.14985373616218567,,0.32649630308151245,,,0.47660431265830994,,0.009191222488880157,,,,,0.3595879077911377,,,,,,,,,,,,,,,,,,,,,,,,
12,20639,,,,,0.023149099200963974,,0.025514671579003334,,0.0,,0.06945006549358368,,0.9099448919296265,,0.1992516964673996,,,0.5969066619873047,5.727683067321777,,1.5272363424301147,,0.16151811182498932,,0.23926590383052826,,,1.3626930713653564,,0.9099448919296265,,,,,0.3475002348423004,,,,,,,,,,,,,,,,,,,,,,,,
12,20649,,,,,0.01683611050248146,,0.008236068300902843,,0.0,,0.05901201441884041,,1.0,,0.1991260051727295,,,0.0,0.0,,180.62240600585938,,0.1587662696838379,,0.10050797462463379,,,0.9882725477218628,,1.0,,,,,0.2628241777420044,,,,,,,,,,,,,,,,,,,,,,,,
12,20659,,,,,0.024185003712773323,,0.013871530070900917,,0.0,,0.17682331800460815,,0.0049744220450520515,,0.19984868168830872,,,0.15444660186767578,0.019177287817001343,,0.005593984387814999,,0.15133430063724518,,0.15340043604373932,,,0.446940541267395,,0.0049744220450520515,,,,,0.38473284244537354,,,,,,,,,,,,,,,,,,,,,,,,
12,20669,,,,,0.01915733516216278,,0.008701451122760773,,0.0,,0.12380573898553848,,0.007287701591849327,,0.2039988487958908,,,0.15997067093849182,0.006956507917493582,,0.002457704860717058,,0.15376600623130798,,0.11581526696681976,,,0.5222419500350952,,0.007287701591849327,,,,,0.34898579120635986,,,,,,,,,,,,,,,,,,,,,,,,
12,20679,,,,,0.012021238915622234,,0.011667205020785332,,0.0,,0.15334396064281464,,0.005137749947607517,,0.2000150978565216,,,0.15331922471523285,0.007083509583026171,,0.00342997582629323,,0.14775779843330383,,0.2118966281414032,,,0.5021935701370239,,0.005137749947607517,,,,,0.35032960772514343,,,,,,,,,,,,,,,,,,,,,,,,
12,20689,,,,,0.06869799643754959,,0.018539123237133026,,0.0,,0.08252468705177307,,1.0566877126693726,,0.19904333353042603,,,0.48806896805763245,4.358293056488037,,1.4218041896820068,,0.15865196287631989,,0.27474743127822876,,,1.0901341438293457,,1.0566877126693726,,,,,0.3667532801628113,,,,,,,,,,,,,,,,,,,,,,,,
12,20699,,,,,0.03084634803235531,,0.012309165671467781,,0.0,,0.167912095785141,,0.010696377605199814,,0.20046395063400269,,,0.14961326122283936,0.010400810278952122,,0.0030480220448225737,,0.15230515599250793,,0.27274084091186523,,,0.5056428909301758,,0.010696377605199814,,,,,0.3788725733757019,,,,,,,,,,,,,,,,,,,,,,,,
12,20709,,,,,0.0127350352704525,,0.013226235285401344,,0.0,,0.15863429009914398,,0.004240095615386963,,0.19979454576969147,,,0.1534893661737442,0.006965706590563059,,0.0035239397548139095,,0.15773743391036987,,0.13517966866493225,,,0.446585476398468,,0.004240095615386963,,,,,0.3594208061695099,,,,,,,,,,,,,,,,,,,,,,,,
12,20719,,,,,0.011220731772482395,,0.009025449864566326,,0.0,,0.13258329033851624,,0.0044944193214178085,,0.1997195929288864,,,0.1485981047153473,0.009929321706295013,,0.0024567637592554092,,0.14815634489059448,,0.32634010910987854,,,0.462192177772522,,0.0044944193214178085,,,,,0.3364551365375519,,,,,,,,,,,,,,,,,,,,,,,,
12,20729,,,,,0.009238597005605698,,0.015491935424506664,,0.0,,0.15571504831314087,,0.003395210951566696,,0.19949845969676971,,,0.14756761491298676,0.0071142977103590965,,0.005514398217201233,,0.15621541440486908,,0.35391372442245483,,,0.49663859605789185,,0.003395210951566696,,,,,0.35279718041419983,,,,,,,,,,,,,,,,,,,,,,,,
12,20734,,,,,,,,,,,,,,,,,,,,,,,,,,,,,,,,,,,,,,0.45682966709136963,0.19612997770309448,0.057186149060726166,0.04922337830066681,0.06385982781648636,0.0,0.31856662034988403,0.31067925691604614,0.3128209114074707,0.519402801990509,0.23257535696029663,13.54181957244873,0.22539272904396057,0.6890884637832642,1.010508418083191,0.23755250871181488,0.31067925691604614,0.86953204870224,0.827124834060669,0.44271519780158997,1.117805004119873,1.1950018405914307
12,20734,0.009164281189441681,0.025494659319519997,0.005944525357335806,0.008143787272274494,,0.01665561832487583,,0.0,,0.11732105910778046,,0.46521180868148804,,0.20023752748966217,,1.0014194250106812,0.2006331831216812,,,42.97480773925781,,0.1585988998413086,,0.2136145979166031,,0.7806642651557922,0.4710998237133026,,0.46521180868148804,,0.3871961832046509,0.4497129023075104,0.28021129965782166,0.3554559648036957,,0.4989618957042694,0.3711709678173065,,,,,,,,,,,,,,,,,,,,,,
13,20739,,,,,0.014296097680926323,,0.036488354206085205,,0.0,,0.07748131453990936,,1.0232205390930176,,0.1988392174243927,,,0.5786633491516113,6.122663497924805,,1.3033262491226196,,0.16227999329566956,,0.29705941677093506,,,1.4557366371154785,,1.0232205390930176,,,,,0.38607412576675415,,,,,,,,,,,,,,,,,,,,,,,,
13,20749,,,,,0.010574590414762497,,0.011055843904614449,,0.0,,0.14497219026088715,,0.003393936902284622,,0.2007012963294983,,,0.1436176747083664,0.01488784421235323,,0.0042964993044734,,0.15579968690872192,,0.09868515282869339,,,0.5328050255775452,,0.003393936902284622,,,,,0.34824010729789734,,,,,,,,,,,,,,,,,,,,,,,,
13,20759,,,,,0.01894395239651203,,0.012738567776978016,,0.0,,0.15019817650318146,,0.00773107074201107,,0.19966155290603638,,,0.156794935464859,0.005793722812086344,,0.003559438046067953,,0.15724927186965942,,0.2570618987083435,,,0.4720854163169861,,0.00773107074201107,,,,,0.36194175481796265,,,,,,,,,,,,,,,,,,,,,,,,
13,20769,,,,,0.016905328258872032,,0.01299874298274517,,0.0,,0.1321122944355011,,0.006661885417997837,,0.19981111586093903,,,0.14986658096313477,0.015249808318912983,,0.0037527780514210463,,0.1504903882741928,,0.12823034822940826,,,0.510214626789093,,0.006661885417997837,,,,,0.34904617071151733,,,,,,,,,,,,,,,,,,,,,,,,
13,20779,,,,,0.011586432345211506,,0.019620032981038094,,0.0,,0.15108489990234375,,0.0036095930263400078,,0.19977052509784698,,,0.16298553347587585,0.011864044703543186,,0.006600355263799429,,0.15911711752414703,,0.08620098978281021,,,0.41914650797843933,,0.0036095930263400078,,,,,0.36710768938064575,,,,,,,,,,,,,,,,,,,,,,,,
13,20789,,,,,0.010753966867923737,,0.009652147069573402,,0.0,,0.10902089625597,,0.004587538540363312,,0.19989338517189026,,,0.15648801624774933,0.012861054390668869,,0.0033263377845287323,,0.1512148529291153,,0.24990472197532654,,,0.4843919277191162,,0.004587538540363312,,,,,0.331982284784317,,,,,,,,,,,,,,,,,,,,,,,,
13,20799,,,,,0.0147505858913064,,0.03298546373844147,,0.0,,0.08034244924783707,,1.1140975952148438,,0.19886083900928497,,,0.5289430022239685,5.126504898071289,,1.4257056713104248,,0.1667478382587433,,0.2670096755027771,,,1.132638692855835,,1.1140975952148438,,,,,0.37297311425209045,,,,,,,,,,,,,,,,,,,,,,,,
13,20809,,,,,0.010712669230997562,,0.008922260254621506,,0.0,,0.1221475675702095,,0.0029655983671545982,,0.19955286383628845,,,0.1595073640346527,0.012148085981607437,,0.0033915515523403883,,0.14734652638435364,,0.1108328253030777,,,0.4472695589065552,,0.0029655983671545982,,,,,0.33722078800201416,,,,,,,,,,,,,,,,,,,,,,,,
13,20819,,,,,0.016109170392155647,,0.026119114831089973,,0.0,,0.07438059151172638,,0.9311872720718384,,0.1991865038871765,,,0.41144201159477234,4.890382766723633,,1.2824501991271973,,0.1587052345275879,,0.29769444465637207,,,1.0860933065414429,,0.9311872720718384,,,,,0.37804293632507324,,,,,,,,,,,,,,,,,,,,,,,,
13,20829,,,,,0.009482360444962978,,0.01774655282497406,,0.0,,0.15514546632766724,,0.0032083624973893166,,0.19990117847919464,,,0.14732611179351807,0.006619256921112537,,0.005289961583912373,,0.15164116024971008,,0.25054627656936646,,,0.46059873700141907,,0.0032083624973893166,,,,,0.3513171970844269,,,,,,,,,,,,,,,,,,,,,,,,
13,20839,,,,,0.04843568801879883,,0.013051507994532585,,0.0,,0.13612285256385803,,0.005362219177186489,,0.20107527077198029,,,0.15060466527938843,0.00901408027857542,,0.004595422651618719,,0.15172022581100464,,0.30909818410873413,,,0.4624376893043518,,0.005362219177186489,,,,,0.38152769207954407,,,,,,,,,,,,,,,,,,,,,,,,
13,20849,,,,,0.009958851151168346,,0.014233816415071487,,0.0,,0.12789282202720642,,0.003798943944275379,,0.20004259049892426,,,0.15218093991279602,0.005336875095963478,,0.005428781267255545,,0.1546701341867447,,0.3071969747543335,,,0.4934982657432556,,0.003798943944275379,,,,,0.33985185623168945,,,,,,,,,,,,,,,,,,,,,,,,
13,20859,,,,,0.013674546964466572,,0.007985337637364864,,0.0,,0.06832646578550339,,1.0,,0.19929476082324982,,,0.0,0.0,,182.15838623046875,,0.16052639484405518,,0.10993586480617523,,,0.9975799322128296,,1.0,,,,,0.2730344235897064,,,,,,,,,,,,,,,,,,,,,,,,
13,20869,,,,,0.009967632591724396,,0.013203063979744911,,0.0,,0.13213646411895752,,0.004160061478614807,,0.1997922956943512,,,0.14796915650367737,0.0066174413077533245,,0.003587573766708374,,0.15589109063148499,,0.3427286148071289,,,0.47601383924484253,,0.004160061478614807,,,,,0.339566171169281,,,,,,,,,,,,,,,,,,,,,,,,
13,20879,,,,,0.024484701454639435,,0.006533665582537651,,0.0,,0.06351369619369507,,1.0,,0.19919128715991974,,,0.0,0.0,,181.7298583984375,,0.1541099101305008,,0.10436224937438965,,,1.0151126384735107,,1.0,,,,,0.2638553977012634,,,,,,,,,,,,,,,,,,,,,,,,
13,20889,,,,,0.014233402907848358,,0.03541173040866852,,0.0,,0.09221407771110535,,0.8676570653915405,,0.19905094802379608,,,0.4686237871646881,5.595272541046143,,1.0928864479064941,,0.16597844660282135,,0.2655261754989624,,,1.1494238376617432,,0.8676570653915405,,,,,0.37909069657325745,,,,,,,,,,,,,,,,,,,,,,,,
13,20899,,,,,0.02212926745414734,,0.009389004670083523,,0.0,,0.12861669063568115,,0.007081529125571251,,0.19967204332351685,,,0.1513446569442749,0.008683821186423302,,0.003857433795928955,,0.15741263329982758,,0.4150213897228241,,,0.400113046169281,,0.007081529125571251,,,,,0.3516174256801605,,,,,,,,,,,,,,,,,,,,,,,,
13,20909,,,,,0.013204122893512249,,0.01379549689590931,,0.0,,0.06665775924921036,,1.0,,0.19920890033245087,,,0.0,0.0,,183.5704345703125,,0.1601451337337494,,0.11291475594043732,,,1.004379153251648,,1.0,,,,,0.27636101841926575,,,,,,,,,,,,,,,,,,,,,,,,
13,20919,,,,,0.01185649074614048,,0.02916593849658966,,0.0,,0.08490398526191711,,0.9407113194465637,,0.19902539253234863,,,0.6645546555519104,4.958629131317139,,1.350243091583252,,0.16400912404060364,,0.2752023935317993,,,0.7343899607658386,,0.9407113194465637,,,,,0.3761534094810486,,,,,,,,,,,,,,,,,,,,,,,,
13,20929,,,,,0.07381472736597061,,0.024058939889073372,,0.0,,0.08915882557630539,,0.9492275714874268,,0.19913852214813232,,,0.5692400336265564,4.390064239501953,,1.1264246702194214,,0.16038824617862701,,0.35248297452926636,,,1.3998756408691406,,0.9492275714874268,,,,,0.41261374950408936,,,,,,,,,,,,,,,,,,,,,,,,
13,20939,,,,,0.009139565750956535,,0.029074091464281082,,0.0,,0.0746380165219307,,0.9546768069267273,,0.19927144050598145,,,0.4699355959892273,4.113688945770264,,1.7978992462158203,,0.16530075669288635,,0.296331524848938,,,1.1766767501831055,,0.9546768069267273,,,,,0.38230791687965393,,,,,,,,,,,,,,,,,,,,,,,,
13,20949,,,,,0.0223642960190773,,0.01741543412208557,,0.0,,0.1654314249753952,,0.00885858666151762,,0.19985122978687286,,,0.13529297709465027,0.005968669895082712,,0.003683660179376602,,0.1591407060623169,,0.10780006647109985,,,0.4810892343521118,,0.00885858666151762,,,,,0.3657563626766205,,,,,,,,,,,,,,,,,,,,,,,,
13,20959,,,,,0.015247593633830547,,0.015030140988528728,,0.0,,0.16340279579162598,,0.005010454915463924,,0.19975915551185608,,,0.15970218181610107,0.004253429360687733,,0.00420170184224844,,0.15540555119514465,,0.3049095869064331,,,0.47813746333122253,,0.005010454915463924,,,,,0.36612507700920105,,,,,,,,,,,,,,,,,,,,,,,,
13,20969,,,,,0.020989486947655678,,0.01611420139670372,,0.0,,0.13987672328948975,,0.005234850570559502,,0.19961917400360107,,,0.1504848748445511,0.014900931157171726,,0.004684207495301962,,0.1549648493528366,,0.11271583288908005,,,0.4683489203453064,,0.005234850570559502,,,,,0.3613119423389435,,,,,,,,,,,,,,,,,,,,,,,,
13,20979,,,,,0.010349951684474945,,0.0218377523124218,,0.0,,0.13518300652503967,,0.003749573603272438,,0.20019418001174927,,,0.1596401184797287,0.0067120804451406,,0.007178477942943573,,0.15896469354629517,,0.11948078125715256,,,0.4923805594444275,,0.003749573603272438,,,,,0.35520511865615845,,,,,,,,,,,,,,,,,,,,,,,,
13,20989,,,,,0.012139336206018925,,0.010343723930418491,,0.0,,0.13772179186344147,,0.0034455684944987297,,0.19968107342720032,,,0.15340910851955414,0.0067283702082931995,,0.002916083438321948,,0.15459094941616058,,0.14173197746276855,,,0.527621865272522,,0.0034455684944987297,,,,,0.34483492374420166,,,,,,,,,,,,,,,,,,,,,,,,
13,20999,,,,,0.016045784577727318,,0.00978132151067257,,0.0,,0.07560288906097412,,1.0,,0.1996288299560547,,,0.0,0.0,,179.6577606201172,,0.1556515097618103,,0.1808544099330902,,,0.99007648229599,,1.0,,,,,0.3107594847679138,,,,,,,,,,,,,,,,,,,,,,,,
13,21009,,,,,0.019658394157886505,,0.012055689468979836,,0.0,,0.14516320824623108,,0.004379113204777241,,0.200050488114357,,,0.13691803812980652,0.0072777532041072845,,0.0039454614743590355,,0.15022367238998413,,0.12731406092643738,,,0.4357527792453766,,0.004379113204777241,,,,,0.347475528717041,,,,,,,,,,,,,,,,,,,,,,,,
13,21019,,,,,0.016146209090948105,,0.019128205254673958,,0.0,,0.09735019505023956,,0.9687303304672241,,0.19895526766777039,,,0.3986809253692627,2.8907299041748047,,1.6252444982528687,,0.15998540818691254,,0.26185858249664307,,,0.9967132806777954,,0.9687303304672241,,,,,0.368638813495636,,,,,,,,,,,,,,,,,,,,,,,,
13,21029,,,,,0.013275757431983948,,0.02547416463494301,,0.0,,0.09900639951229095,,1.0,,0.1995580494403839,,,0.0,0.0,,0.31640323996543884,,0.1698826253414154,,0.2719016373157501,,,1.1587426662445068,,1.0,,,,,0.38291144371032715,,,,,,,,,,,,,,,,,,,,,,,,
13,21039,,,,,0.018533192574977875,,0.012370998039841652,,0.0,,0.053407732397317886,,1.0,,0.19915591180324554,,,0.0,0.0,,181.12998962402344,,0.16077303886413574,,0.13439494371414185,,,1.0138874053955078,,1.0,,,,,0.2800513207912445,,,,,,,,,,,,,,,,,,,,,,,,
13,21049,,,,,0.012227525003254414,,0.014137056656181812,,0.0,,0.1574476808309555,,0.003958376124501228,,0.2000926285982132,,,0.15054331719875336,0.010189386084675789,,0.006526395678520203,,0.153775155544281,,0.12252774834632874,,,0.46281105279922485,,0.003958376124501228,,,,,0.35858339071273804,,,,,,,,,,,,,,,,,,,,,,,,
13,21059,,,,,0.008939672261476517,,0.009033242240548134,,0.0,,0.12652842700481415,,0.003015562891960144,,0.19966155290603638,,,0.1641719490289688,0.00612341333180666,,0.0024554640986025333,,0.15027430653572083,,0.1009727269411087,,,0.4853120744228363,,0.003015562891960144,,,,,0.3380638659000397,,,,,,,,,,,,,,,,,,,,,,,,
13,21069,,,,,0.03109697252511978,,0.007953528314828873,,0.0,,0.07118652015924454,,1.0,,0.1993471086025238,,,0.0,0.0,,184.5118865966797,,0.15730741620063782,,0.1246500015258789,,,0.9747012853622437,,1.0,,,,,0.2802222967147827,,,,,,,,,,,,,,,,,,,,,,,,
13,21079,,,,,0.01791733130812645,,0.00800003670156002,,0.0,,0.06772568821907043,,1.0,,0.1994367092847824,,,0.0,0.0,,190.19686889648438,,0.15910840034484863,,0.10064227879047394,,,1.0383031368255615,,1.0,,,,,0.2674565613269806,,,,,,,,,,,,,,,,,,,,,,,,
13,21089,,,,,0.04376056045293808,,0.024246884509921074,,0.0,,0.07169909030199051,,1.120872974395752,,0.19896966218948364,,,0.6817002296447754,6.570465087890625,,1.3259601593017578,,0.15450596809387207,,0.23333115875720978,,,1.173158884048462,,1.120872974395752,,,,,0.3413763642311096,,,,,,,,,,,,,,,,,,,,,,,,
13,21099,,,,,0.015828829258680344,,0.03033597767353058,,0.0,,0.07012756168842316,,0.777158260345459,,0.19902567565441132,,,0.7576538920402527,6.289577484130859,,1.5574225187301636,,0.1679680347442627,,0.258861780166626,,,1.1902329921722412,,0.777158260345459,,,,,0.36315950751304626,,,,,,,,,,,,,,,,,,,,,,,,
13,21109,,,,,0.013446925207972527,,0.025798991322517395,,0.0,,0.14077705144882202,,0.004513679072260857,,0.19959108531475067,,,0.1504332721233368,0.00423472560942173,,0.01290534995496273,,0.16062331199645996,,0.2504112124443054,,,0.48115137219429016,,0.004513679072260857,,,,,0.3606288433074951,,,,,,,,,,,,,,,,,,,,,,,,
13,21119,,,,,0.052518706768751144,,0.007431912235915661,,0.0,,0.07280924916267395,,1.0,,0.19956693053245544,,,0.0,0.0,,186.51382446289062,,0.15862518548965454,,0.10998828709125519,,,1.0544698238372803,,1.0,,,,,0.27421078085899353,,,,,,,,,,,,,,,,,,,,,,,,
13,21129,,,,,0.018519684672355652,,0.02832617796957493,,0.0,,0.08462022989988327,,0.9466723203659058,,0.1992209106683731,,,0.5244125723838806,4.867247581481934,,1.6296247243881226,,0.16944068670272827,,0.297360897064209,,,1.6753751039505005,,0.9466723203659058,,,,,0.3894844651222229,,,,,,,,,,,,,,,,,,,,,,,,
13,21139,,,,,0.012989988550543785,,0.024246111512184143,,0.0,,0.15264509618282318,,0.004079361446201801,,0.20067892968654633,,,0.14151249825954437,0.017364351078867912,,0.007741670124232769,,0.15978527069091797,,0.11446809023618698,,,0.4717333912849426,,0.004079361446201801,,,,,0.3649769723415375,,,,,,,,,,,,,,,,,,,,,,,,
13,21149,,,,,0.01898084208369255,,0.010190277360379696,,0.0,,0.14375276863574982,,0.008335602469742298,,0.2005949467420578,,,0.1494273990392685,0.008935922756791115,,0.0031026280485093594,,0.15083016455173492,,0.24381877481937408,,,0.49073588848114014,,0.008335602469742298,,,,,0.3523978888988495,,,,,,,,,,,,,,,,,,,,,,,,
13,21159,,,,,0.04785026237368584,,0.01939253695309162,,0.0,,0.1633777916431427,,0.009787335991859436,,0.1998089998960495,,,0.15009573101997375,0.02177504077553749,,0.005823539569973946,,0.1574280709028244,,0.27714768052101135,,,0.5058629512786865,,0.009787335991859436,,,,,0.40670114755630493,,,,,,,,,,,,,,,,,,,,,,,,
13,21169,,,,,0.03630346804857254,,0.007852090522646904,,0.0,,0.06802075356245041,,1.0,,0.19949933886528015,,,0.0,0.0,,195.4922332763672,,0.1577768176794052,,0.12683463096618652,,,1.0211795568466187,,1.0,,,,,0.2799918055534363,,,,,,,,,,,,,,,,,,,,,,,,
13,21179,,,,,0.013066722080111504,,0.009232783690094948,,0.0,,0.06920893490314484,,1.0,,0.19934740662574768,,,0.0,0.0,,183.4078826904297,,0.15718278288841248,,0.11593630909919739,,,1.0511744022369385,,1.0,,,,,0.2754541039466858,,,,,,,,,,,,,,,,,,,,,,,,
13,21189,,,,,0.020915955305099487,,0.008668046444654465,,0.0,,0.1494491547346115,,0.0066873449832201,,0.19984754920005798,,,0.14980101585388184,0.02048598602414131,,0.003651231061667204,,0.15715894103050232,,0.102739617228508,,,0.4465480446815491,,0.0066873449832201,,,,,0.36544689536094666,,,,,,,,,,,,,,,,,,,,,,,,
13,21199,,,,,0.010720602236688137,,0.00823687482625246,,0.0,,0.06360141932964325,,1.0,,0.1990666538476944,,,0.0,0.0,,187.76516723632812,,0.1568358838558197,,0.10500627011060715,,,1.0062978267669678,,1.0,,,,,0.26637354493141174,,,,,,,,,,,,,,,,,,,,,,,,
13,21209,,,,,0.01742377132177353,,0.014635998755693436,,0.0,,0.12843185663223267,,0.0064547304064035416,,0.20036599040031433,,,0.15390996634960175,0.012322956696152687,,0.005051665008068085,,0.15234261751174927,,0.09577055275440216,,,0.4745451509952545,,0.0064547304064035416,,,,,0.3509543240070343,,,,,,,,,,,,,,,,,,,,,,,,
13,21219,,,,,0.01932898908853531,,0.008727623149752617,,0.0,,0.1327948421239853,,0.007253234274685383,,0.2002626359462738,,,0.16077333688735962,0.007438289001584053,,0.004066970199346542,,0.15175026655197144,,0.32878875732421875,,,0.47430673241615295,,0.007253234274685383,,,,,0.35223597288131714,,,,,,,,,,,,,,,,,,,,,,,,
13,21229,,,,,0.017060356214642525,,0.007635411806404591,,0.0,,0.06333713233470917,,1.0,,0.19896920025348663,,,0.0,0.0,,185.49069213867188,,0.15806522965431213,,0.1273728907108307,,,0.9663125276565552,,1.0,,,,,0.27768993377685547,,,,,,,,,,,,,,,,,,,,,,,,
13,21239,,,,,0.025601303204894066,,0.008174825459718704,,0.0,,0.06786555051803589,,1.0,,0.1994258165359497,,,0.0,0.0,,183.56304931640625,,0.1593765914440155,,0.10002337396144867,,,1.0190576314926147,,1.0,,,,,0.2674330770969391,,,,,,,,,,,,,,,,,,,,,,,,
13,21249,,,,,0.011845146305859089,,0.015548378229141235,,0.0,,0.15570728480815887,,0.005033576861023903,,0.19975702464580536,,,0.16323348879814148,0.005420599598437548,,0.00432854238897562,,0.15765051543712616,,0.3111271858215332,,,0.48490041494369507,,0.005033576861023903,,,,,0.36266806721687317,,,,,,,,,,,,,,,,,,,,,,,,
13,21259,,,,,0.013339463621377945,,0.008110313676297665,,0.0,,0.13447867333889008,,0.00463331863284111,,0.20015059411525726,,,0.14665307104587555,0.004210548475384712,,0.0023630037903785706,,0.14697131514549255,,0.1265135109424591,,,0.4656788110733032,,0.00463331863284111,,,,,0.33480820059776306,,,,,,,,,,,,,,,,,,,,,,,,
13,21269,,,,,0.012599721550941467,,0.030745405703783035,,0.0,,0.0803021490573883,,0.8182613849639893,,0.19902896881103516,,,0.5506688952445984,4.419936656951904,,1.2514585256576538,,0.16589008271694183,,0.3095492720603943,,,1.5467665195465088,,0.8182613849639893,,,,,0.39275795221328735,,,,,,,,,,,,,,,,,,,,,,,,
13,21279,,,,,0.010947306640446186,,0.014762833714485168,,0.0,,0.14259234070777893,,0.003407653421163559,,0.20001335442066193,,,0.16054025292396545,0.003801235230639577,,0.004797966219484806,,0.1568189561367035,,0.10069975256919861,,,0.47683531045913696,,0.003407653421163559,,,,,0.3526107966899872,,,,,,,,,,,,,,,,,,,,,,,,
13,21289,,,,,0.015674922615289688,,0.008613904938101768,,0.0,,0.05510830506682396,,1.0,,0.19945953786373138,,,0.0,0.0,,183.52203369140625,,0.15853765606880188,,0.11699028313159943,,,1.0993099212646484,,1.0,,,,,0.26935485005378723,,,,,,,,,,,,,,,,,,,,,,,,
13,21299,,,,,0.07559747993946075,,0.014209983870387077,,0.0,,0.15557970106601715,,0.03535747155547142,,0.1997983455657959,,,0.14768509566783905,0.009214154444634914,,0.004060610197484493,,0.15973998606204987,,0.09920337796211243,,,0.5461211204528809,,0.03535747155547142,,,,,0.4207414388656616,,,,,,,,,,,,,,,,,,,,,,,,
13,21309,,,,,0.08706898987293243,,0.03651344031095505,,0.0,,0.08471933007240295,,0.8705801963806152,,0.19898855686187744,,,0.4822913706302643,5.254741668701172,,1.2824218273162842,,0.15917351841926575,,0.25241389870643616,,,1.0758693218231201,,0.8705801963806152,,,,,0.36590439081192017,,,,,,,,,,,,,,,,,,,,,,,,
13,21319,,,,,0.011662697419524193,,0.010587954893708229,,0.0,,0.06551845371723175,,1.0,,0.19963505864143372,,,0.0,0.0,,184.23214721679688,,0.15699522197246552,,0.19620032608509064,,,0.9999265670776367,,1.0,,,,,0.31446850299835205,,,,,,,,,,,,,,,,,,,,,,,,
13,21329,,,,,0.008721703663468361,,0.01569432206451893,,0.0,,0.14603330194950104,,0.003544996492564678,,0.19975543022155762,,,0.1386720985174179,0.004770328756421804,,0.0046529620885849,,0.15341955423355103,,0.2788335084915161,,,0.47116416692733765,,0.003544996492564678,,,,,0.34022071957588196,,,,,,,,,,,,,,,,,,,,,,,,
13,21339,,,,,0.008716696873307228,,0.007289081811904907,,0.0,,0.07239006459712982,,1.0,,0.19977669417858124,,,0.0,0.0,,179.85232543945312,,0.15632745623588562,,0.11063074320554733,,,0.9904914498329163,,1.0,,,,,0.27320700883865356,,,,,,,,,,,,,,,,,,,,,,,,
13,21349,,,,,0.06068313494324684,,0.02057683654129505,,0.0,,0.07969938963651657,,0.9725158214569092,,0.19911617040634155,,,0.46435463428497314,6.136928081512451,,1.4583909511566162,,0.15087300539016724,,0.24285659193992615,,,1.486767292022705,,0.9725158214569092,,,,,0.3465610146522522,,,,,,,,,,,,,,,,,,,,,,,,
13,21359,,,,,0.014157181605696678,,0.012246530503034592,,0.0,,0.15012896060943604,,0.00431380420923233,,0.20062141120433807,,,0.14940245449543,0.006168778985738754,,0.003394490573555231,,0.15369641780853271,,0.1012037843465805,,,0.5137115716934204,,0.00431380420923233,,,,,0.35198667645454407,,,,,,,,,,,,,,,,,,,,,,,,
13,21369,,,,,0.07044743001461029,,0.009994132444262505,,0.0,,0.13497157394886017,,0.033292438834905624,,0.2012512981891632,,,0.15174327790737152,0.009416870772838593,,0.006640610285103321,,0.14994439482688904,,0.11145566403865814,,,0.4954850673675537,,0.033292438834905624,,,,,0.4024285078048706,,,,,,,,,,,,,,,,,,,,,,,,
13,21379,,,,,0.03270254656672478,,0.02294674515724182,,0.0,,0.07983721047639847,,0.9378296732902527,,0.19901524484157562,,,0.474911630153656,4.614472389221191,,1.5405768156051636,,0.16295894980430603,,0.16004003584384918,,,1.28232741355896,,0.9378296732902527,,,,,0.31239908933639526,,,,,,,,,,,,,,,,,,,,,,,,
13,21389,,,,,0.010300388559699059,,0.010408447124063969,,0.0,,0.1384791135787964,,0.0038199033588171005,,0.19932503998279572,,,0.14614617824554443,0.007502486929297447,,0.004007791168987751,,0.1529424488544464,,0.14193299412727356,,,0.5107913613319397,,0.0038199033588171005,,,,,0.3397061824798584,,,,,,,,,,,,,,,,,,,,,,,,
13,21399,,,,,0.01926085352897644,,0.014287646859884262,,0.0,,0.1527143269777298,,0.0052011460065841675,,0.2133532464504242,,,0.15044541656970978,0.008775291033089161,,0.003825274994596839,,0.14941182732582092,,0.13222739100456238,,,0.4547046422958374,,0.0052011460065841675,,,,,0.36566734313964844,,,,,,,,,,,,,,,,,,,,,,,,
13,21409,,,,,0.007579774595797062,,0.010452440939843655,,0.0,,0.1443248838186264,,0.0024943016469478607,,0.19959181547164917,,,0.1587390899658203,0.006478507537394762,,0.0021770086605101824,,0.15304864943027496,,0.23514118790626526,,,0.4676353633403778,,0.0024943016469478607,,,,,0.3449859619140625,,,,,,,,,,,,,,,,,,,,,,,,
13,21419,,,,,0.013148779049515724,,0.018816661089658737,,0.0,,0.07735451310873032,,0.9095044136047363,,0.19893215596675873,,,0.48964881896972656,5.967151165008545,,1.3097494840621948,,0.15692472457885742,,0.23286181688308716,,,1.086194634437561,,0.9095044136047363,,,,,0.34244492650032043,,,,,,,,,,,,,,,,,,,,,,,,
13,21429,,,,,0.006990764290094376,,0.011944650672376156,,0.0,,0.143479123711586,,0.0031076446175575256,,0.1995289921760559,,,0.14777953922748566,0.00784296728670597,,0.007149979472160339,,0.1467999815940857,,0.23180150985717773,,,0.45578914880752563,,0.0031076446175575256,,,,,0.33925336599349976,,,,,,,,,,,,,,,,,,,,,,,,
13,21439,,,,,0.014135405421257019,,0.015120317228138447,,0.0,,0.15734826028347015,,0.005875119008123875,,0.19944140315055847,,,0.14800436794757843,0.008639644831418991,,0.004680376499891281,,0.15079663693904877,,0.2805432081222534,,,0.43468576669692993,,0.005875119008123875,,,,,0.35615092515945435,,,,,,,,,,,,,,,,,,,,,,,,
13,21449,,,,,0.040492355823516846,,0.015515826642513275,,0.0,,0.1516861766576767,,0.006011974066495895,,0.19964390993118286,,,0.15076404809951782,0.00649241590872407,,0.005239001475274563,,0.15358299016952515,,0.09905904531478882,,,0.4910340905189514,,0.006011974066495895,,,,,0.381954550743103,,,,,,,,,,,,,,,,,,,,,,,,
13,21459,,,,,0.009936504065990448,,0.008917032741010189,,0.0,,0.06173451244831085,,1.0,,0.1992005854845047,,,0.0,0.0,,181.7049560546875,,0.15846264362335205,,0.10569557547569275,,,1.0041351318359375,,1.0,,,,,0.26700517535209656,,,,,,,,,,,,,,,,,,,,,,,,
13,21469,,,,,0.03989871218800545,,0.005453777965158224,,0.0,,0.0681246891617775,,1.0,,0.19940361380577087,,,0.0,0.0,,185.00912475585938,,0.15656998753547668,,0.09099458903074265,,,1.0335655212402344,,1.0,,,,,0.2602733373641968,,,,,,,,,,,,,,,,,,,,,,,,
13,21479,,,,,0.012077812105417252,,0.029361281543970108,,0.0,,0.08047906309366226,,1.052180290222168,,0.19892185926437378,,,0.49790889024734497,4.039794921875,,1.4203133583068848,,0.16797402501106262,,0.2613354027271271,,,0.9864388108253479,,1.052180290222168,,,,,0.3690358102321625,,,,,,,,,,,,,,,,,,,,,,,,
13,21489,,,,,0.02259235829114914,,0.017944933846592903,,0.0,,0.1379466950893402,,0.005582242272794247,,0.20212800800800323,,,0.15034550428390503,0.01924901083111763,,0.006884356494992971,,0.15907637774944305,,0.35146164894104004,,,0.4872766137123108,,0.005582242272794247,,,,,0.36937978863716125,,,,,,,,,,,,,,,,,,,,,,,,
13,21499,,,,,0.11387017369270325,,0.009510742500424385,,0.0,,0.08318638056516647,,1.0,,0.1993827074766159,,,0.0,0.0,,180.823974609375,,0.15703563392162323,,0.13027304410934448,,,1.0001296997070312,,1.0,,,,,0.28969424962997437,,,,,,,,,,,,,,,,,,,,,,,,
13,21509,,,,,0.018680661916732788,,0.008937572129070759,,0.0,,0.06470438838005066,,1.0,,0.1997651755809784,,,0.0,0.0,,178.14828491210938,,0.16103968024253845,,0.168283149600029,,,1.0191757678985596,,1.0,,,,,0.3013649880886078,,,,,,,,,,,,,,,,,,,,,,,,
13,21519,,,,,0.027725983411073685,,0.007846656255424023,,0.0,,0.05598537623882294,,1.0,,0.19933661818504333,,,0.0,0.0,,188.9532470703125,,0.15848004817962646,,0.11288987845182419,,,0.9570678472518921,,1.0,,,,,0.2672692835330963,,,,,,,,,,,,,,,,,,,,,,,,
13,21529,,,,,0.023571770638227463,,0.007292691618204117,,0.0,,0.07051341235637665,,1.0,,0.19957146048545837,,,0.0,0.0,,177.47726440429688,,0.1611313819885254,,0.10924112796783447,,,1.0462582111358643,,1.0,,,,,0.27387502789497375,,,,,,,,,,,,,,,,,,,,,,,,
13,21539,,,,,0.05912300944328308,,0.03678428381681442,,0.0,,0.08619942516088486,,1.087418794631958,,0.1989278793334961,,,0.5329416990280151,4.775823593139648,,1.381727933883667,,0.17448128759860992,,0.3123455047607422,,,1.5201066732406616,,1.087418794631958,,,,,0.40436917543411255,,,,,,,,,,,,,,,,,,,,,,,,
13,21549,,,,,0.012931584380567074,,0.008433562703430653,,0.0,,0.0782284364104271,,1.0,,0.19917690753936768,,,0.0,0.0,,185.64947509765625,,0.1661626547574997,,0.13010862469673157,,,0.9831246137619019,,1.0,,,,,0.2910550832748413,,,,,,,,,,,,,,,,,,,,,,,,
13,21559,,,,,0.008711918257176876,,0.01584623195230961,,0.0,,0.169528067111969,,0.0039116377010941505,,0.2001413106918335,,,0.15884141623973846,0.00619776826351881,,0.003123020753264427,,0.15731224417686462,,0.26565074920654297,,,0.4924299716949463,,0.0039116377010941505,,,,,0.3642069399356842,,,,,,,,,,,,,,,,,,,,,,,,
13,21569,,,,,0.029792599380016327,,0.01983453333377838,,0.0,,0.0859965980052948,,1.050413727760315,,0.19899263978004456,,,0.842086911201477,4.322371006011963,,1.5975297689437866,,0.1601625233888626,,0.2817874848842621,,,1.1443469524383545,,1.050413727760315,,,,,0.3733868896961212,,,,,,,,,,,,,,,,,,,,,,,,
13,21579,,,,,0.012184852734208107,,0.012561377137899399,,0.0,,0.13392424583435059,,0.004260385408997536,,0.2003677934408188,,,0.15517859160900116,0.00898023508489132,,0.003891243599355221,,0.15367791056632996,,0.12712953984737396,,,0.47613781690597534,,0.004260385408997536,,,,,0.3464755415916443,,,,,,,,,,,,,,,,,,,,,,,,
13,21589,,,,,0.012767569161951542,,0.009471206925809383,,0.0,,0.06338409334421158,,1.0,,0.1992287039756775,,,0.0,0.0,,172.73619079589844,,0.16114839911460876,,0.14410319924354553,,,0.9750081896781921,,1.0,,,,,0.28866779804229736,,,,,,,,,,,,,,,,,,,,,,,,
13,21599,,,,,0.048433348536491394,,0.014713145792484283,,0.0,,0.15166914463043213,,0.008142642676830292,,0.19965773820877075,,,0.1670253872871399,0.00897944439202547,,0.004404878243803978,,0.15926383435726166,,0.29729223251342773,,,0.5110368132591248,,0.008142642676830292,,,,,0.4012901186943054,,,,,,,,,,,,,,,,,,,,,,,,
13,21609,,,,,0.09869571030139923,,0.02560296282172203,,0.0,,0.08403360843658447,,1.057839274406433,,0.19904226064682007,,,1.195641040802002,6.7973432540893555,,1.3100849390029907,,0.1651138961315155,,0.30462658405303955,,,1.5303977727890015,,1.057839274406433,,,,,0.38920965790748596,,,,,,,,,,,,,,,,,,,,,,,,
13,21619,,,,,0.029164738953113556,,0.008461174555122852,,0.0,,0.07051973044872284,,1.0,,0.19939082860946655,,,0.0,0.0,,182.4290008544922,,0.1616954207420349,,0.10590992867946625,,,1.0302600860595703,,1.0,,,,,0.27298855781555176,,,,,,,,,,,,,,,,,,,,,,,,
13,21629,,,,,0.03374440595507622,,0.010204028338193893,,0.0,,0.07218991965055466,,1.0,,0.19922570884227753,,,0.0,0.0,,184.04421997070312,,0.16367366909980774,,0.16698192059993744,,,0.9894287586212158,,1.0,,,,,0.3061376214027405,,,,,,,,,,,,,,,,,,,,,,,,
13,21639,,,,,0.019226495176553726,,0.01530760619789362,,0.0,,0.1508113443851471,,0.00507978443056345,,0.20013101398944855,,,0.17168433964252472,0.02999267540872097,,0.005845093633979559,,0.15764212608337402,,0.2512687146663666,,,0.512633740901947,,0.00507978443056345,,,,,0.38493359088897705,,,,,,,,,,,,,,,,,,,,,,,,
13,21649,,,,,0.012696015648543835,,0.05098453536629677,,0.0,,0.08971580862998962,,0.9916040301322937,,0.19915039837360382,,,1.1284897327423096,6.828826904296875,,1.724503993988037,,0.18544504046440125,,0.2579474151134491,,,1.0301990509033203,,0.9916040301322937,,,,,0.39162158966064453,,,,,,,,,,,,,,,,,,,,,,,,
13,21659,,,,,0.03838290646672249,,0.013595206663012505,,0.0,,0.08033834397792816,,1.0,,0.19954657554626465,,,0.0,0.0,,192.41537475585938,,0.16117218136787415,,0.11543332040309906,,,1.0391783714294434,,1.0,,,,,0.28504282236099243,,,,,,,,,,,,,,,,,,,,,,,,
13,21669,,,,,0.024952879175543785,,0.009477527812123299,,0.0,,0.0786546990275383,,1.0,,0.19931598007678986,,,0.0,0.0,,188.25738525390625,,0.1614094078540802,,0.10693337023258209,,,1.0150172710418701,,1.0,,,,,0.2778954803943634,,,,,,,,,,,,,,,,,,,,,,,,
13,21679,,,,,0.016913585364818573,,0.016538895666599274,,0.0,,0.15100093185901642,,0.0056742336601018906,,0.20118188858032227,,,0.16494673490524292,0.007071572821587324,,0.0040952786803245544,,0.15710219740867615,,0.11749549955129623,,,0.4434206187725067,,0.0056742336601018906,,,,,0.3678823411464691,,,,,,,,,,,,,,,,,,,,,,,,
13,21689,,,,,0.06537960469722748,,0.017934592440724373,,0.0,,0.15985959768295288,,0.005618938244879246,,0.20048460364341736,,,0.1571585237979889,0.06172468513250351,,0.00603514863178134,,0.16215136647224426,,0.19096893072128296,,,0.4631478190422058,,0.005618938244879246,,,,,0.44805389642715454,,,,,,,,,,,,,,,,,,,,,,,,
13,21699,,,,,0.08286518603563309,,0.009475288912653923,,0.0,,0.07668250054121017,,1.0,,0.19927328824996948,,,0.0,0.0,,190.090576171875,,0.16278569400310516,,0.12845516204833984,,,1.011836290359497,,1.0,,,,,0.28833597898483276,,,,,,,,,,,,,,,,,,,,,,,,
13,21709,,,,,0.034900788217782974,,0.010209193453192711,,0.0,,0.13183678686618805,,0.006106308661401272,,0.20048655569553375,,,0.16767141222953796,0.01655629649758339,,0.005576017312705517,,0.1541256159543991,,0.1363619863986969,,,0.43347570300102234,,0.006106308661401272,,,,,0.3781317472457886,,,,,,,,,,,,,,,,,,,,,,,,
13,21719,,,,,0.012370016425848007,,0.013944226317107677,,0.0,,0.14655473828315735,,0.0035529816523194313,,0.2000284492969513,,,0.1562832146883011,0.007819170132279396,,0.0023971600458025932,,0.1565421223640442,,0.2905065417289734,,,0.4853975176811218,,0.0035529816523194313,,,,,0.3541545867919922,,,,,,,,,,,,,,,,,,,,,,,,
13,21729,,,,,0.021943550556898117,,0.012255609966814518,,0.0,,0.15167289972305298,,0.0065503427758812904,,0.20009472966194153,,,0.16122788190841675,0.01059798151254654,,0.006488389801234007,,0.15629306435585022,,0.11882314085960388,,,0.45721128582954407,,0.0065503427758812904,,,,,0.37125882506370544,,,,,,,,,,,,,,,,,,,,,,,,
13,21739,,,,,0.02411462366580963,,0.014422781765460968,,0.0,,0.13526304066181183,,0.010275932028889656,,0.20153024792671204,,,0.13980090618133545,0.005207013804465532,,0.003584721591323614,,0.15191037952899933,,0.21663090586662292,,,0.506952702999115,,0.010275932028889656,,,,,0.3499741554260254,,,,,,,,,,,,,,,,,,,,,,,,
13,21749,,,,,0.012602272443473339,,0.009607570245862007,,0.0,,0.07218198478221893,,1.0,,0.19921252131462097,,,0.0,0.0,,181.31536865234375,,0.15908478200435638,,0.09844756126403809,,,0.9749917387962341,,1.0,,,,,0.269267201423645,,,,,,,,,,,,,,,,,,,,,,,,
13,21759,,,,,0.00999951921403408,,0.017734631896018982,,0.0,,0.1634659320116043,,0.0032848212867975235,,0.19978123903274536,,,0.15817755460739136,0.005658190697431564,,0.0059790220111608505,,0.16093209385871887,,0.2865865230560303,,,0.49850863218307495,,0.0032848212867975235,,,,,0.3658638596534729,,,,,,,,,,,,,,,,,,,,,,,,
13,21769,,,,,0.07058551907539368,,0.01787152700126171,,0.0,,0.14683294296264648,,0.006487233564257622,,0.20013613998889923,,,0.17332936823368073,0.04663103446364403,,0.006590555887669325,,0.15603749454021454,,0.11100231856107712,,,0.502198338508606,,0.006487233564257622,,,,,0.4443000555038452,,,,,,,,,,,,,,,,,,,,,,,,
13,21779,,,,,0.015381015837192535,,0.016362085938453674,,0.0,,0.14615559577941895,,0.00494032260030508,,0.19968818128108978,,,0.1509355753660202,0.01038347091525793,,0.007601132616400719,,0.152033731341362,,0.13439145684242249,,,0.4262610673904419,,0.00494032260030508,,,,,0.3569609224796295,,,,,,,,,,,,,,,,,,,,,,,,
13,21789,,,,,0.01665429398417473,,0.010478029027581215,,0.0,,0.06435073912143707,,1.0,,0.1991654336452484,,,0.0,0.0,,184.23721313476562,,0.15922729671001434,,0.10246739536523819,,,0.997079610824585,,1.0,,,,,0.26784446835517883,,,,,,,,,,,,,,,,,,,,,,,,
13,21799,,,,,0.07457418739795685,,0.015235412865877151,,0.0,,0.15226653218269348,,0.03521451726555824,,0.1996181458234787,,,0.15680527687072754,0.033520787954330444,,0.003806996624916792,,0.15201714634895325,,0.11096405982971191,,,0.5084456205368042,,0.03521451726555824,,,,,0.4312093257904053,,,,,,,,,,,,,,,,,,,,,,,,
13,21809,,,,,0.05875196307897568,,0.03466406464576721,,0.0,,0.07280740141868591,,1.0131900310516357,,0.19902856647968292,,,1.1305525302886963,4.379367828369141,,1.5413745641708374,,0.1741706132888794,,0.2729826271533966,,,1.2396109104156494,,1.0131900310516357,,,,,0.3768266439437866,,,,,,,,,,,,,,,,,,,,,,,,
13,21819,,,,,0.014519060030579567,,0.008759655058383942,,0.0,,0.06516025960445404,,1.0,,0.19932569563388824,,,0.0,0.0,,195.7120361328125,,0.15656456351280212,,0.11004580557346344,,,1.00737726688385,,1.0,,,,,0.269927978515625,,,,,,,,,,,,,,,,,,,,,,,,
13,21829,,,,,0.014377867802977562,,0.041759952902793884,,0.0,,0.08310361951589584,,0.9642549753189087,,0.1990872025489807,,,0.8516331911087036,6.042500972747803,,1.711635947227478,,0.16691696643829346,,0.24676541984081268,,,1.2134488821029663,,0.9642549753189087,,,,,0.3688165843486786,,,,,,,,,,,,,,,,,,,,,,,,
13,21839,,,,,0.10892771184444427,,0.015036729164421558,,0.0,,0.1555253267288208,,0.05160311609506607,,0.20084160566329956,,,0.1586914360523224,0.00987435132265091,,0.006736599840223789,,0.15688008069992065,,0.10885852575302124,,,0.4602082371711731,,0.05160311609506607,,,,,0.4607207775115967,,,,,,,,,,,,,,,,,,,,,,,,
13,21849,,,,,0.062054216861724854,,0.010933507233858109,,0.0,,0.15052160620689392,,0.029537368565797806,,0.199165478348732,,,0.15692667663097382,0.0068102567456662655,,0.002869754796847701,,0.15037637948989868,,0.2497720569372177,,,0.46403542160987854,,0.029537368565797806,,,,,0.40085604786872864,,,,,,,,,,,,,,,,,,,,,,,,
13,21859,,,,,0.025884808972477913,,0.012513689696788788,,0.0,,0.14058761298656464,,0.011681372299790382,,0.19923965632915497,,,0.16037459671497345,0.007443277630954981,,0.002792492974549532,,0.15887770056724548,,0.1313667893409729,,,0.49375438690185547,,0.011681372299790382,,,,,0.3667992949485779,,,,,,,,,,,,,,,,,,,,,,,,
13,21869,,,,,0.02133115753531456,,0.007358734495937824,,0.0,,0.07133876532316208,,1.0,,0.19908732175827026,,,0.0,0.0,,178.74520874023438,,0.15888375043869019,,0.11313100904226303,,,0.9659573435783386,,1.0,,,,,0.27489978075027466,,,,,,,,,,,,,,,,,,,,,,,,
13,21879,,,,,0.012913760729134083,,0.02087731845676899,,0.0,,0.11789698153734207,,1.0,,0.19965963065624237,,,0.0,0.0,,0.32554614543914795,,0.16765587031841278,,0.34534022212028503,,,0.664482593536377,,1.0,,,,,0.42571502923965454,,,,,,,,,,,,,,,,,,,,,,,,
13,21889,,,,,0.013616450130939484,,0.013129133731126785,,0.0,,0.14255930483341217,,0.005702232010662556,,0.20092839002609253,,,0.14954859018325806,0.009920293465256691,,0.0026857831981033087,,0.1566420942544937,,0.33063843846321106,,,0.4660795331001282,,0.005702232010662556,,,,,0.3513232469558716,,,,,,,,,,,,,,,,,,,,,,,,
13,21899,,,,,0.017847497016191483,,0.026539724320173264,,0.0,,0.07958761602640152,,1.0980629920959473,,0.19910824298858643,,,0.7422845363616943,5.0255022048950195,,1.5943683385849,,0.1649063229560852,,0.2852887511253357,,,0.9717907905578613,,1.0980629920959473,,,,,0.3777153193950653,,,,,,,,,,,,,,,,,,,,,,,,
13,21909,,,,,0.015269292518496513,,0.0095775555819273,,0.0,,0.0653497725725174,,1.0,,0.19951991736888885,,,0.0,0.0,,183.78109741210938,,0.15926328301429749,,0.12351972609758377,,,0.9988413453102112,,1.0,,,,,0.2786151170730591,,,,,,,,,,,,,,,,,,,,,,,,
13,21919,,,,,0.014217548072338104,,0.015147743746638298,,0.0,,0.13929805159568787,,0.0061147455126047134,,0.2050815224647522,,,0.1517382711172104,0.010042599402368069,,0.004362129606306553,,0.15745316445827484,,0.3085688054561615,,,0.5029696226119995,,0.0061147455126047134,,,,,0.3557792901992798,,,,,,,,,,,,,,,,,,,,,,,,
13,21929,,,,,0.025164449587464333,,0.028232179582118988,,0.0,,0.07724498957395554,,0.8541845083236694,,0.1990835964679718,,,0.9192567467689514,4.166011333465576,,1.4867576360702515,,0.1682368814945221,,0.31372562050819397,,,1.2025617361068726,,0.8541845083236694,,,,,0.3932616412639618,,,,,,,,,,,,,,,,,,,,,,,,
13,21939,,,,,0.012364932335913181,,0.00971517525613308,,0.0,,0.06919755786657333,,1.0,,0.20093466341495514,,,0.0,0.0,,186.858154296875,,0.16529391705989838,,0.1532391905784607,,,1.0488574504852295,,1.0,,,,,0.2991902530193329,,,,,,,,,,,,,,,,,,,,,,,,
13,21949,,,,,0.027176324278116226,,0.014722343534231186,,0.0,,0.15216417610645294,,0.007421809248626232,,0.19987930357456207,,,0.1520092934370041,0.006420647259801626,,0.004987086169421673,,0.16185343265533447,,0.24647019803524017,,,0.4853479862213135,,0.007421809248626232,,,,,0.37319445610046387,,,,,,,,,,,,,,,,,,,,,,,,
13,21959,,,,,0.013449104502797127,,0.007624545134603977,,0.0,,0.0677775889635086,,1.0,,0.19919560849666595,,,0.0,0.0,,181.02926635742188,,0.16031457483768463,,0.12726035714149475,,,1.0047980546951294,,1.0,,,,,0.2810863256454468,,,,,,,,,,,,,,,,,,,,,,,,
13,21969,,,,,0.01966230198740959,,0.024879269301891327,,0.0,,0.08790859580039978,,0.9793027639389038,,0.19902996718883514,,,0.6162568926811218,4.768550872802734,,1.795249342918396,,0.1673578917980194,,0.3432987332344055,,,1.1841850280761719,,0.9793027639389038,,,,,0.4112372398376465,,,,,,,,,,,,,,,,,,,,,,,,
13,21979,,,,,0.011344349011778831,,0.021449871361255646,,0.0,,0.166731059551239,,0.003790033981204033,,0.1998121440410614,,,0.15554197132587433,0.006913339253515005,,0.0068884058855473995,,0.16653606295585632,,0.11297421157360077,,,0.44474339485168457,,0.003790033981204033,,,,,0.37328076362609863,,,,,,,,,,,,,,,,,,,,,,,,
13,21989,,,,,0.014071421697735786,,0.03523015230894089,,0.0,,0.13428333401679993,,1.0,,0.2001814842224121,,,0.0,0.0,,0.1321117877960205,,0.20359396934509277,,0.35308951139450073,,,1.0991222858428955,,1.0,,,,,0.4631892144680023,,,,,,,,,,,,,,,,,,,,,,,,
13,21999,,,,,0.03824106603860855,,0.019557762891054153,,0.0,,0.1543349027633667,,0.005122886039316654,,0.2008579671382904,,,0.1829868108034134,0.026751505210995674,,0.006439897231757641,,0.16814526915550232,,0.1126382052898407,,,0.4943143129348755,,0.005122886039316654,,,,,0.4177781343460083,,,,,,,,,,,,,,,,,,,,,,,,
13,22009,,,,,0.020958896726369858,,0.01797615736722946,,0.0,,0.17762598395347595,,0.006346827372908592,,0.20200349390506744,,,0.1617712378501892,0.01030504796653986,,0.006524040363729,,0.1552359163761139,,0.19674773514270782,,,0.5695126056671143,,0.006346827372908592,,,,,0.38667982816696167,,,,,,,,,,,,,,,,,,,,,,,,
13,22019,,,,,0.025943685322999954,,0.013671563006937504,,0.0,,0.155907541513443,,0.004774635657668114,,0.20092839002609253,,,0.15975669026374817,0.02689678966999054,,0.004103496205061674,,0.15776057541370392,,0.13698220252990723,,,0.4754900634288788,,0.004774635657668114,,,,,0.3854562044143677,,,,,,,,,,,,,,,,,,,,,,,,
13,22029,,,,,0.020196091383695602,,0.044193804264068604,,0.0,,0.09907479584217072,,1.032591700553894,,0.1994558721780777,,,0.7560482025146484,4.376101493835449,,1.3197431564331055,,0.19952180981636047,,0.30445727705955505,,,1.3412840366363525,,1.032591700553894,,,,,0.4233517646789551,,,,,,,,,,,,,,,,,,,,,,,,
13,22039,,,,,0.012622823007404804,,0.009731961414217949,,0.0,,0.12642033398151398,,0.004522016271948814,,0.19979433715343475,,,0.15830817818641663,0.008440210483968258,,0.0038634706288576126,,0.15768814086914062,,0.3568589389324188,,,0.5107358694076538,,0.004522016271948814,,,,,0.3447461724281311,,,,,,,,,,,,,,,,,,,,,,,,
13,22049,,,,,0.027340281754732132,,0.014934012666344643,,0.0,,0.15455922484397888,,0.0100678950548172,,0.20168215036392212,,,0.16330333054065704,0.017450658604502678,,0.003927660174667835,,0.1541489213705063,,0.2824576497077942,,,0.48947593569755554,,0.0100678950548172,,,,,0.38234323263168335,,,,,,,,,,,,,,,,,,,,,,,,
13,22059,,,,,0.02921968325972557,,0.03677505999803543,,0.0,,0.09728923439979553,,0.9493507146835327,,0.19921450316905975,,,0.9138392806053162,5.88132381439209,,1.576202392578125,,0.17881524562835693,,0.243760883808136,,,1.0821735858917236,,0.9493507146835327,,,,,0.3779274523258209,,,,,,,,,,,,,,,,,,,,,,,,
13,22069,,,,,0.016095329076051712,,0.009403636679053307,,0.0,,0.07271941006183624,,1.0,,0.19966943562030792,,,0.0,0.0,,188.80319213867188,,0.15938691794872284,,0.12486518174409866,,,1.023551106452942,,1.0,,,,,0.28302228450775146,,,,,,,,,,,,,,,,,,,,,,,,
13,22079,,,,,0.017085976898670197,,0.012156764045357704,,0.0,,0.1465938687324524,,0.0067388154566287994,,0.19979651272296906,,,0.17397908866405487,0.006774560548365116,,0.0038869953714311123,,0.15811468660831451,,0.1684405654668808,,,0.5230012536048889,,0.0067388154566287994,,,,,0.36773720383644104,,,,,,,,,,,,,,,,,,,,,,,,
13,22089,,,,,0.020390218123793602,,0.013469296507537365,,0.0,,0.1508239507675171,,0.006489260122179985,,0.1997508406639099,,,0.15135496854782104,0.010553484782576561,,0.004702367819845676,,0.15542662143707275,,0.23964345455169678,,,0.5536807775497437,,0.006489260122179985,,,,,0.3634309768676758,,,,,,,,,,,,,,,,,,,,,,,,
13,22099,,,,,0.09150254726409912,,0.01658553257584572,,0.0,,0.15430036187171936,,0.03788115456700325,,0.21163322031497955,,,0.15120604634284973,0.01145712099969387,,0.00522160530090332,,0.15903733670711517,,0.25540122389793396,,,0.5196942687034607,,0.03788115456700325,,,,,0.4462231397628784,,,,,,,,,,,,,,,,,,,,,,,,
13,22109,,,,,0.021140124648809433,,0.012039821594953537,,0.0,,0.15406456589698792,,0.008912415243685246,,0.20082557201385498,,,0.16294172406196594,0.012362135574221611,,0.004967099986970425,,0.15533888339996338,,0.27143973112106323,,,0.5450485944747925,,0.008912415243685246,,,,,0.37241002917289734,,,,,,,,,,,,,,,,,,,,,,,,
13,22119,,,,,0.014566993340849876,,0.008622609078884125,,0.0,,0.06747926026582718,,1.0,,0.19968898594379425,,,0.0,0.0,,186.1602020263672,,0.156932532787323,,0.13224074244499207,,,0.9876939058303833,,1.0,,,,,0.2824820876121521,,,,,,,,,,,,,,,,,,,,,,,,
13,22129,,,,,0.013773400336503983,,0.013546670787036419,,0.0,,0.1536197066307068,,0.005419584922492504,,0.20007914304733276,,,0.15730546414852142,0.005657178349792957,,0.00652911514043808,,0.14838707447052002,,0.27470818161964417,,,0.5016218423843384,,0.005419584922492504,,,,,0.3563356101512909,,,,,,,,,,,,,,,,,,,,,,,,
13,22139,,,,,0.035655975341796875,,0.008731990121304989,,0.0,,0.0690833330154419,,1.0,,0.19987180829048157,,,0.0,0.0,,178.3502197265625,,0.159016951918602,,0.13238918781280518,,,1.0136420726776123,,1.0,,,,,0.2845466434955597,,,,,,,,,,,,,,,,,,,,,,,,
13,22149,,,,,0.014544446021318436,,0.01089579425752163,,0.0,,0.13951164484024048,,0.005811327137053013,,0.20057649910449982,,,0.15035510063171387,0.015270313248038292,,0.011789977550506592,,0.14815668761730194,,0.2431172877550125,,,0.4536226689815521,,0.005811327137053013,,,,,0.3528224527835846,,,,,,,,,,,,,,,,,,,,,,,,
13,22159,,,,,0.021712448447942734,,0.009932391345500946,,0.0,,0.12646403908729553,,0.004365416243672371,,0.199476957321167,,,0.16066208481788635,0.005720662884414196,,0.0047282809391617775,,0.15052849054336548,,0.3337733745574951,,,0.4962979853153229,,0.004365416243672371,,,,,0.3504689037799835,,,,,,,,,,,,,,,,,,,,,,,,
13,22169,,,,,0.028808165341615677,,0.011516222730278969,,0.0,,0.14658214151859283,,0.013392014428973198,,0.19954127073287964,,,0.14660511910915375,0.008888771757483482,,0.005757020320743322,,0.1560596227645874,,0.10289667546749115,,,0.522618293762207,,0.013392014428973198,,,,,0.36628326773643494,,,,,,,,,,,,,,,,,,,,,,,,
13,22179,,,,,0.014876500703394413,,0.02899116277694702,,0.0,,0.0915474146604538,,0.8744303584098816,,0.1991647630929947,,,1.2183117866516113,5.478099822998047,,1.5121029615402222,,0.16611124575138092,,0.25784701108932495,,,1.418041467666626,,0.8744303584098816,,,,,0.3718307912349701,,,,,,,,,,,,,,,,,,,,,,,,
13,22189,,,,,0.012459475547075272,,0.01797446981072426,,0.0,,0.1610112339258194,,0.00462441798299551,,0.20028400421142578,,,0.15109550952911377,0.007442242931574583,,0.0038791815750300884,,0.15789633989334106,,0.09288826584815979,,,0.5192875862121582,,0.00462441798299551,,,,,0.362250953912735,,,,,,,,,,,,,,,,,,,,,,,,
13,22199,,,,,0.013936115428805351,,0.009639901109039783,,0.0,,0.13025547564029694,,0.0048921359702944756,,0.20628580451011658,,,0.15980032086372375,0.008115897886455059,,0.003786342218518257,,0.14730480313301086,,0.26447418332099915,,,0.4865836501121521,,0.0048921359702944756,,,,,0.34653037786483765,,,,,,,,,,,,,,,,,,,,,,,,
13,22209,,,,,0.010852309875190258,,0.02831745520234108,,0.0,,0.1293577253818512,,1.0,,0.19993120431900024,,,0.0,0.0,,0.2708154618740082,,0.1769796907901764,,0.317094624042511,,,1.0149247646331787,,1.0,,,,,0.4258403480052948,,,,,,,,,,,,,,,,,,,,,,,,
13,22219,,,,,0.015228645876049995,,0.01063794456422329,,0.0,,0.08046534657478333,,1.0,,0.2000540792942047,,,0.0,0.0,,186.33316040039062,,0.16117174923419952,,0.12314393371343613,,,1.0116455554962158,,1.0,,,,,0.28773653507232666,,,,,,,,,,,,,,,,,,,,,,,,
13,22229,,,,,0.02264588326215744,,0.0262263473123312,,0.0,,0.08186028152704239,,0.9719096422195435,,0.19896912574768066,,,1.0123956203460693,5.960357666015625,,1.4474077224731445,,0.16629567742347717,,0.23680375516414642,,,0.9334636330604553,,0.9719096422195435,,,,,0.3550775945186615,,,,,,,,,,,,,,,,,,,,,,,,
13,22239,,,,,0.01983136311173439,,0.01772855781018734,,0.0,,0.16416320204734802,,0.007932108826935291,,0.20328691601753235,,,0.1518842577934265,0.004902069456875324,,0.0038889821153134108,,0.15177574753761292,,0.12664064764976501,,,0.4996388852596283,,0.007932108826935291,,,,,0.36864620447158813,,,,,,,,,,,,,,,,,,,,,,,,
13,22249,,,,,0.019065164029598236,,0.015408399514853954,,0.0,,0.14790669083595276,,0.005846294574439526,,0.20092110335826874,,,0.15731945633888245,0.009684106335043907,,0.003672537161037326,,0.16082295775413513,,0.22761398553848267,,,0.49981674551963806,,0.005846294574439526,,,,,0.36693277955055237,,,,,,,,,,,,,,,,,,,,,,,,
13,22259,,,,,0.014484293758869171,,0.010094832628965378,,0.0,,0.07217453420162201,,1.0,,0.1995535045862198,,,0.0,0.0,,182.688720703125,,0.16148267686367035,,0.12508007884025574,,,1.0078662633895874,,1.0,,,,,0.2841928005218506,,,,,,,,,,,,,,,,,,,,,,,,
13,22269,,,,,0.04518938064575195,,0.009481947869062424,,0.0,,0.07094565033912659,,1.0,,0.1997816562652588,,,0.0,0.0,,189.3499755859375,,0.15861164033412933,,0.18346434831619263,,,1.0164341926574707,,1.0,,,,,0.31114262342453003,,,,,,,,,,,,,,,,,,,,,,,,
13,22279,,,,,0.01853468082845211,,0.020900046452879906,,0.0,,0.14828214049339294,,0.008857362903654575,,0.2002478390932083,,,0.15791192650794983,0.003058514790609479,,0.006479956209659576,,0.15314564108848572,,0.2465551197528839,,,0.4730393588542938,,0.008857362903654575,,,,,0.3635477125644684,,,,,,,,,,,,,,,,,,,,,,,,
13,22289,,,,,0.015785306692123413,,0.014293825253844261,,0.0,,0.14394210278987885,,0.007596435025334358,,0.1993386298418045,,,0.1574954092502594,0.006389763206243515,,0.004087419714778662,,0.1528662145137787,,0.13065341114997864,,,0.5095177292823792,,0.007596435025334358,,,,,0.35499200224876404,,,,,,,,,,,,,,,,,,,,,,,,
13,22299,,,,,0.008471538312733173,,0.009393397718667984,,0.0,,0.08081745356321335,,1.0,,0.19971372187137604,,,0.0,0.0,,190.24795532226562,,0.15612506866455078,,0.13542179763317108,,,1.007331132888794,,1.0,,,,,0.29073572158813477,,,,,,,,,,,,,,,,,,,,,,,,
13,22309,,,,,0.01001708209514618,,0.008078592829406261,,0.0,,0.06257537007331848,,1.0,,0.1995309591293335,,,0.0,0.0,,182.85508728027344,,0.1577174961566925,,0.12332606315612793,,,1.0175752639770508,,1.0,,,,,0.2756142318248749,,,,,,,,,,,,,,,,,,,,,,,,
13,22319,,,,,0.011472087353467941,,0.007297048345208168,,0.0,,0.1302891969680786,,0.004985081031918526,,0.1996702253818512,,,0.14666955173015594,0.007818133570253849,,0.002836009953171015,,0.14451703429222107,,0.09920218586921692,,,0.5286875367164612,,0.004985081031918526,,,,,0.33102068305015564,,,,,,,,,,,,,,,,,,,,,,,,
13,22329,,,,,0.02442074939608574,,0.0169113427400589,,0.0,,0.15990377962589264,,0.007356641814112663,,0.20461691915988922,,,0.15188199281692505,0.005890971980988979,,0.0036037187092006207,,0.15162554383277893,,0.09767329692840576,,,0.5261828899383545,,0.007356641814112663,,,,,0.37163785099983215,,,,,,,,,,,,,,,,,,,,,,,,
13,22329,,,,,,,,,,,,,,,,,,,,,,,,,,,,,,,,,,,,,,0.4956330955028534,0.2039669156074524,0.0787917897105217,0.05938252806663513,0.06336275488138199,0.0,0.31477639079093933,0.3132901191711426,0.3052237629890442,0.4237581193447113,0.2284073829650879,13.387877464294434,0.24198900163173676,0.6150083541870117,1.015215516090393,0.24135367572307587,0.3132901191711426,0.8095329999923706,0.9660998582839966,0.44383132457733154,1.1288279294967651,1.2101370096206665
13,22329,0.008171197026968002,0.02504156157374382,0.007425814867019653,0.008488944731652737,,0.016627682372927666,,0.0,,0.11439426988363266,,0.46398499608039856,,0.20014789700508118,,1.0813727378845215,0.2364981770515442,,,42.98065185546875,,0.1592654287815094,,0.204159215092659,,0.793006956577301,0.470694899559021,,0.46398499608039856,,0.3808852732181549,0.426898330450058,0.2785322666168213,0.3523091971874237,,0.4988175332546234,0.36958491802215576,,,,,,,,,,,,,,,,,,,,,,
14,22339,,,,,0.015139183960855007,,0.01353439036756754,,0.0,,0.1232416108250618,,0.006265094503760338,,0.19992968440055847,,,0.1539129614830017,0.0043204957619309425,,0.0032022311352193356,,0.1528894603252411,,0.2043660283088684,,,0.4827970862388611,,0.006265094503760338,,,,,0.3406546115875244,,,,,,,,,,,,,,,,,,,,,,,,
14,22349,,,,,0.010089022107422352,,0.015047216787934303,,0.0,,0.1384836584329605,,0.0032164063304662704,,0.1996806263923645,,,0.14707086980342865,0.007697616703808308,,0.004657837096601725,,0.15716668963432312,,0.13220295310020447,,,0.4451662302017212,,0.0032164063304662704,,,,,0.3449913263320923,,,,,,,,,,,,,,,,,,,,,,,,
14,22359,,,,,0.01967083476483822,,0.009458175860345364,,0.0,,0.13048285245895386,,0.005716678686439991,,0.20015107095241547,,,0.1473962366580963,0.010949614457786083,,0.003385459538549185,,0.14878416061401367,,0.28959137201309204,,,0.5087069272994995,,0.005716678686439991,,,,,0.3449746370315552,,,,,,,,,,,,,,,,,,,,,,,,
14,22369,,,,,0.007775059435516596,,0.01818380504846573,,0.0,,0.15122465789318085,,0.003227805718779564,,0.2007991075515747,,,0.15136142075061798,0.004102571867406368,,0.004602508619427681,,0.15516087412834167,,0.10435020923614502,,,0.472831130027771,,0.003227805718779564,,,,,0.35049253702163696,,,,,,,,,,,,,,,,,,,,,,,,
14,22379,,,,,0.012296779081225395,,0.01849585399031639,,0.0,,0.14584901928901672,,0.0042272815480828285,,0.20198237895965576,,,0.15751127898693085,0.009432331658899784,,0.0058453259989619255,,0.1544196605682373,,0.26570919156074524,,,0.45724910497665405,,0.0042272815480828285,,,,,0.3590646982192993,,,,,,,,,,,,,,,,,,,,,,,,
14,22389,,,,,0.015880759805440903,,0.009195318445563316,,0.0,,0.14151650667190552,,0.004414763301610947,,0.1996367871761322,,,0.1497902274131775,0.005733017809689045,,0.003272729692980647,,0.1518099308013916,,0.2384975254535675,,,0.5092682838439941,,0.004414763301610947,,,,,0.3463580012321472,,,,,,,,,,,,,,,,,,,,,,,,
14,22399,,,,,0.016520945355296135,,0.02223399467766285,,0.0,,0.07707244157791138,,0.9602190256118774,,0.1989232301712036,,,0.8397207856178284,4.185192108154297,,1.1721055507659912,,0.1630626618862152,,0.2653117775917053,,,1.2353284358978271,,0.9602190256118774,,,,,0.3633020520210266,,,,,,,,,,,,,,,,,,,,,,,,
14,22409,,,,,0.024489086121320724,,0.022595375776290894,,0.0,,0.08176054060459137,,0.8610775470733643,,0.1990954577922821,,,1.0083814859390259,4.18425178527832,,1.6219673156738281,,0.15574075281620026,,0.28761473298072815,,,1.5832505226135254,,0.8610775470733643,,,,,0.3734034299850464,,,,,,,,,,,,,,,,,,,,,,,,
14,22419,,,,,0.018582407385110855,,0.011669970117509365,,0.0,,0.14508071541786194,,0.004584522917866707,,0.1996752768754959,,,0.14744460582733154,0.005372083745896816,,0.003924793563783169,,0.14761795103549957,,0.3494219183921814,,,0.4946107566356659,,0.004584522917866707,,,,,0.34897512197494507,,,,,,,,,,,,,,,,,,,,,,,,
14,22429,,,,,0.011136762797832489,,0.0071836207062006,,0.0,,0.062369585037231445,,1.0,,0.199689581990242,,,0.0,0.0,,185.12026977539062,,0.15366482734680176,,0.0983319878578186,,,1.0640711784362793,,1.0,,,,,0.2606198191642761,,,,,,,,,,,,,,,,,,,,,,,,
14,22439,,,,,0.007094800937920809,,0.021933872252702713,,0.0,,0.07668579369783401,,0.8732385039329529,,0.1991676390171051,,,0.9727475643157959,4.529947757720947,,1.3207271099090576,,0.15877926349639893,,0.23651188611984253,,,1.291122317314148,,0.8732385039329529,,,,,0.3465392291545868,,,,,,,,,,,,,,,,,,,,,,,,
14,22449,,,,,0.008905725553631783,,0.014606820419430733,,0.0,,0.12273932993412018,,0.003735101781785488,,0.20048579573631287,,,0.15278853476047516,0.00832576397806406,,0.005318556912243366,,0.15146656334400177,,0.08756326138973236,,,0.4969783127307892,,0.003735101781785488,,,,,0.3367714285850525,,,,,,,,,,,,,,,,,,,,,,,,
14,22459,,,,,0.02120913937687874,,0.00829201191663742,,0.0,,0.06669555604457855,,1.0,,0.19910039007663727,,,0.0,0.0,,189.59544372558594,,0.15972132980823517,,0.1410016268491745,,,1.0141301155090332,,1.0,,,,,0.28740546107292175,,,,,,,,,,,,,,,,,,,,,,,,
14,22469,,,,,0.015267208218574524,,0.0072762807831168175,,0.0,,0.06467985361814499,,1.0,,0.1991959512233734,,,0.0,0.0,,179.51824951171875,,0.15623345971107483,,0.12197756767272949,,,0.9867280125617981,,1.0,,,,,0.27468156814575195,,,,,,,,,,,,,,,,,,,,,,,,
14,22479,,,,,0.01703631691634655,,0.032657623291015625,,0.0,,0.07164439558982849,,0.9509603977203369,,0.19900815188884735,,,0.7827927470207214,6.341640949249268,,1.5766791105270386,,0.16360917687416077,,0.261440247297287,,,1.2234559059143066,,0.9509603977203369,,,,,0.364179790019989,,,,,,,,,,,,,,,,,,,,,,,,
14,22489,,,,,0.020242977887392044,,0.011189904063940048,,0.0,,0.13563762605190277,,0.00634522270411253,,0.1995564103126526,,,0.1590231955051422,0.00788159854710102,,0.0060046943835914135,,0.14974018931388855,,0.25632673501968384,,,0.5257114171981812,,0.00634522270411253,,,,,0.3547598123550415,,,,,,,,,,,,,,,,,,,,,,,,
14,22499,,,,,0.015646185725927353,,0.014348582364618778,,0.0,,0.14628149569034576,,0.004382182843983173,,0.20071320235729218,,,0.15099763870239258,0.005599258467555046,,0.004779943265020847,,0.15426751971244812,,0.10612733662128448,,,0.5196905136108398,,0.004382182843983173,,,,,0.3541400134563446,,,,,,,,,,,,,,,,,,,,,,,,
14,22509,,,,,0.023207630962133408,,0.013265764340758324,,0.0,,0.14464892446994781,,0.009441906586289406,,0.20040348172187805,,,0.1537504643201828,0.009163161739706993,,0.004227725323289633,,0.15118038654327393,,0.11911281198263168,,,0.5207614898681641,,0.009441906586289406,,,,,0.36152756214141846,,,,,,,,,,,,,,,,,,,,,,,,
14,22519,,,,,0.010909000411629677,,0.01452577207237482,,0.0,,0.15001291036605835,,0.0047864122316241264,,0.20071204006671906,,,0.15421520173549652,0.006529014091938734,,0.0050086528062820435,,0.15405184030532837,,0.10196655243635178,,,0.46344250440597534,,0.0047864122316241264,,,,,0.3534367084503174,,,,,,,,,,,,,,,,,,,,,,,,
14,22529,,,,,0.015280898660421371,,0.009876389056444168,,0.0,,0.14683225750923157,,0.005571202374994755,,0.20071515440940857,,,0.16090917587280273,0.007491006515920162,,0.00493105873465538,,0.14686568081378937,,0.10983224958181381,,,0.46963435411453247,,0.005571202374994755,,,,,0.35409125685691833,,,,,,,,,,,,,,,,,,,,,,,,
14,22539,,,,,0.016114072874188423,,0.016006072983145714,,0.0,,0.14451315999031067,,0.005003913305699825,,0.1997181922197342,,,0.15264713764190674,0.010251026600599289,,0.004249965772032738,,0.1548314243555069,,0.12664750218391418,,,0.5408559441566467,,0.005003913305699825,,,,,0.35722261667251587,,,,,,,,,,,,,,,,,,,,,,,,
14,22549,,,,,0.01935974881052971,,0.013581554405391216,,0.0,,0.1450689285993576,,0.007491425611078739,,0.19949615001678467,,,0.156929612159729,0.006875126156955957,,0.005571604706346989,,0.15119017660617828,,0.12816467881202698,,,0.4791232943534851,,0.007491425611078739,,,,,0.35871630907058716,,,,,,,,,,,,,,,,,,,,,,,,
14,22559,,,,,0.07989457249641418,,0.011681041680276394,,0.0,,0.13968029618263245,,0.03514053672552109,,0.199735626578331,,,0.1585787534713745,0.006314071360975504,,0.006101424805819988,,0.1567319631576538,,0.24305252730846405,,,0.45644059777259827,,0.03514053672552109,,,,,0.4193061888217926,,,,,,,,,,,,,,,,,,,,,,,,
14,22569,,,,,0.01849493198096752,,0.027106501162052155,,0.0,,0.06851497292518616,,0.9075191617012024,,0.19908562302589417,,,0.5398457050323486,4.713409900665283,,1.5886200666427612,,0.16236013174057007,,0.25567013025283813,,,1.3377336263656616,,0.9075191617012024,,,,,0.35636866092681885,,,,,,,,,,,,,,,,,,,,,,,,
14,22579,,,,,0.014694679528474808,,0.0288010872900486,,0.0,,0.07187889516353607,,0.8752713203430176,,0.19910338521003723,,,0.8303050398826599,7.242890357971191,,1.532428503036499,,0.1669294834136963,,0.23314538598060608,,,0.9907622337341309,,0.8752713203430176,,,,,0.3499291241168976,,,,,,,,,,,,,,,,,,,,,,,,
14,22589,,,,,0.010983369313180447,,0.011394482105970383,,0.0,,0.15425269305706024,,0.003530537709593773,,0.19999289512634277,,,0.15301468968391418,0.0044288961216807365,,0.0027862917631864548,,0.15279972553253174,,0.12888860702514648,,,0.46219587326049805,,0.003530537709593773,,,,,0.35031822323799133,,,,,,,,,,,,,,,,,,,,,,,,
14,22599,,,,,0.013295995071530342,,0.0220196396112442,,0.0,,0.07939697802066803,,0.9428921937942505,,0.19922447204589844,,,0.9261016249656677,5.244548320770264,,1.5386422872543335,,0.16567537188529968,,0.29036325216293335,,,1.669451117515564,,0.9428921937942505,,,,,0.37833985686302185,,,,,,,,,,,,,,,,,,,,,,,,
14,22609,,,,,0.01201176643371582,,0.015160282142460346,,0.0,,0.15741439163684845,,0.00455915741622448,,0.19947759807109833,,,0.1508198380470276,0.007773725315928459,,0.003932500258088112,,0.15264403820037842,,0.10565809160470963,,,0.49441370368003845,,0.00455915741622448,,,,,0.35562291741371155,,,,,,,,,,,,,,,,,,,,,,,,
14,22619,,,,,0.01157713495194912,,0.03278140723705292,,0.0,,0.0945669412612915,,0.893000066280365,,0.19890908896923065,,,0.811093807220459,4.524850368499756,,1.3801987171173096,,0.16681170463562012,,0.27212613821029663,,,1.5180248022079468,,0.893000066280365,,,,,0.3825976550579071,,,,,,,,,,,,,,,,,,,,,,,,
14,22629,,,,,0.01125679723918438,,0.007916480302810669,,0.0,,0.11319145560264587,,0.004654616117477417,,0.19956694543361664,,,0.14772722125053406,0.004171097185462713,,0.004682906903326511,,0.1486133337020874,,0.10940898209810257,,,0.5269536972045898,,0.004654616117477417,,,,,0.32419151067733765,,,,,,,,,,,,,,,,,,,,,,,,
14,22639,,,,,0.01722133904695511,,0.008517716079950333,,0.0,,0.06383487582206726,,1.0,,0.19925200939178467,,,0.0,0.0,,181.8290252685547,,0.16167446970939636,,0.10169114172458649,,,1.035116195678711,,1.0,,,,,0.267485111951828,,,,,,,,,,,,,,,,,,,,,,,,
14,22649,,,,,0.023285530507564545,,0.01757226139307022,,0.0,,0.1516077220439911,,0.007418286986649036,,0.2000226527452469,,,0.15589840710163116,0.013933749869465828,,0.0055298106744885445,,0.1621747463941574,,0.11216593533754349,,,0.4713830351829529,,0.007418286986649036,,,,,0.3766552209854126,,,,,,,,,,,,,,,,,,,,,,,,
14,22659,,,,,0.009404112584888935,,0.016768701374530792,,0.0,,0.15480700135231018,,0.0038979602977633476,,0.20066547393798828,,,0.16431482136249542,0.0051706102676689625,,0.005199816077947617,,0.15419834852218628,,0.28579816222190857,,,0.46820902824401855,,0.0038979602977633476,,,,,0.3599664866924286,,,,,,,,,,,,,,,,,,,,,,,,
14,22669,,,,,0.008915090933442116,,0.010668575763702393,,0.0,,0.14186856150627136,,0.003998621366918087,,0.20068469643592834,,,0.14636266231536865,0.006535912863910198,,0.004770028870552778,,0.1480564922094345,,0.1131024956703186,,,0.4349597692489624,,0.003998621366918087,,,,,0.3383885324001312,,,,,,,,,,,,,,,,,,,,,,,,
14,22679,,,,,0.019311074167490005,,0.007734738755971193,,0.0,,0.06540851294994354,,1.0,,0.19910657405853271,,,0.0,0.0,,186.65306091308594,,0.15890847146511078,,0.094563327729702,,,0.9910793900489807,,1.0,,,,,0.26286080479621887,,,,,,,,,,,,,,,,,,,,,,,,
14,22689,,,,,0.033296696841716766,,0.020810211077332497,,0.0,,0.08972640335559845,,0.8232864737510681,,0.19916792213916779,,,0.7935943603515625,5.132232666015625,,1.5040024518966675,,0.15647242963314056,,0.2725876569747925,,,1.4175691604614258,,0.8232864737510681,,,,,0.3693823218345642,,,,,,,,,,,,,,,,,,,,,,,,
14,22699,,,,,0.2003375142812729,,0.01984504424035549,,0.0,,0.17061087489128113,,0.08726668357849121,,0.20259928703308105,,,0.16367921233177185,0.02439345233142376,,0.006493101827800274,,0.16526585817337036,,0.12048234045505524,,,0.5202621221542358,,0.08726668357849121,,,,,0.5767809152603149,,,,,,,,,,,,,,,,,,,,,,,,
14,22709,,,,,0.027918055653572083,,0.007155615370720625,,0.0,,0.06312106549739838,,1.0,,0.19946908950805664,,,0.0,0.0,,190.68896484375,,0.15910372138023376,,0.11597845703363419,,,0.9860186576843262,,1.0,,,,,0.272413969039917,,,,,,,,,,,,,,,,,,,,,,,,
14,22719,,,,,0.05642047896981239,,0.011436877772212029,,0.0,,0.14307644963264465,,0.024029817432165146,,0.20287993550300598,,,0.15240776538848877,0.024241652339696884,,0.0045272670686244965,,0.1512661874294281,,0.11502853035926819,,,0.5092324614524841,,0.024029817432165146,,,,,0.4013385474681854,,,,,,,,,,,,,,,,,,,,,,,,
14,22729,,,,,0.07941631972789764,,0.015077609568834305,,0.0,,0.15734200179576874,,0.03149612247943878,,0.2001650631427765,,,0.1486470252275467,0.012960270047187805,,0.004350514616817236,,0.15498653054237366,,0.20629465579986572,,,0.5063188076019287,,0.03149612247943878,,,,,0.4261808395385742,,,,,,,,,,,,,,,,,,,,,,,,
14,22739,,,,,0.06734874099493027,,0.010339537635445595,,0.0,,0.14206820726394653,,0.03131789714097977,,0.19932717084884644,,,0.16138941049575806,0.00883127748966217,,0.004748976789414883,,0.15185847878456116,,0.29107338190078735,,,0.49673348665237427,,0.03131789714097977,,,,,0.406630277633667,,,,,,,,,,,,,,,,,,,,,,,,
14,22749,,,,,0.01889311708509922,,0.024858713150024414,,0.0,,0.07387465983629227,,0.9226630926132202,,0.1995471715927124,,,1.0167677402496338,4.625085353851318,,1.5195369720458984,,0.16423872113227844,,0.21942481398582458,,,1.452772617340088,,0.9226630926132202,,,,,0.34097203612327576,,,,,,,,,,,,,,,,,,,,,,,,
14,22759,,,,,0.02031390555202961,,0.02119462750852108,,0.0,,0.07479974627494812,,0.9563500881195068,,0.199146568775177,,,1.2902573347091675,6.10823392868042,,1.27373468875885,,0.1616356521844864,,0.3321371078491211,,,1.2792093753814697,,0.9563500881195068,,,,,0.3944568634033203,,,,,,,,,,,,,,,,,,,,,,,,
14,22769,,,,,0.01683281920850277,,0.01848597079515457,,0.0,,0.14234471321105957,,1.0,,0.19985735416412354,,,0.0,0.0,,0.434393048286438,,0.16654223203659058,,0.39124342799186707,,,0.94040846824646,,1.0,,,,,0.45923686027526855,,,,,,,,,,,,,,,,,,,,,,,,
14,22779,,,,,0.019150249660015106,,0.008999823592603207,,0.0,,0.07981732487678528,,1.0,,0.19952178001403809,,,0.0,0.0,,176.9574432373047,,0.1599673330783844,,0.12025392800569534,,,1.061182975769043,,1.0,,,,,0.28428009152412415,,,,,,,,,,,,,,,,,,,,,,,,
14,22789,,,,,0.016094347462058067,,0.010758206248283386,,0.0,,0.13618123531341553,,0.005768914707005024,,0.20506368577480316,,,0.14870750904083252,0.01397100742906332,,0.005269656889140606,,0.1548924744129181,,0.38463521003723145,,,0.532203197479248,,0.005768914707005024,,,,,0.35351625084877014,,,,,,,,,,,,,,,,,,,,,,,,
14,22799,,,,,0.013246922753751278,,0.014809885993599892,,0.0,,0.1482742726802826,,0.0050010159611701965,,0.20048142969608307,,,0.15387466549873352,0.011834274046123028,,0.00437913928180933,,0.1581406146287918,,0.1990622580051422,,,0.48330867290496826,,0.0050010159611701965,,,,,0.35914406180381775,,,,,,,,,,,,,,,,,,,,,,,,
14,22809,,,,,0.08054178208112717,,0.02476806938648224,,0.0,,0.08462125062942505,,1.0151290893554688,,0.19944381713867188,,,0.9906914830207825,6.652785778045654,,1.2626971006393433,,0.15942144393920898,,0.2604995369911194,,,1.310542345046997,,1.0151290893554688,,,,,0.36437705159187317,,,,,,,,,,,,,,,,,,,,,,,,
14,22819,,,,,0.024735979735851288,,0.015016821213066578,,0.0,,0.14416639506816864,,0.008350910618901253,,0.20257051289081573,,,0.13921265304088593,0.006589085329324007,,0.006210786756128073,,0.15288054943084717,,0.11333596706390381,,,0.4354476034641266,,0.008350910618901253,,,,,0.35805943608283997,,,,,,,,,,,,,,,,,,,,,,,,
14,22829,,,,,0.011797316372394562,,0.014442356303334236,,0.0,,0.16697151958942413,,0.005157639272511005,,0.20094813406467438,,,0.1489330232143402,0.0031821124721318483,,0.0056028831750154495,,0.1555289328098297,,0.1499774008989334,,,0.49132126569747925,,0.005157639272511005,,,,,0.35960179567337036,,,,,,,,,,,,,,,,,,,,,,,,
14,22839,,,,,0.021630384027957916,,0.01700795255601406,,0.0,,0.15038268268108368,,0.009376809932291508,,0.19999176263809204,,,0.15904337167739868,0.019068339839577675,,0.010283129289746284,,0.15553170442581177,,0.29716354608535767,,,0.5319420099258423,,0.009376809932291508,,,,,0.37728485465049744,,,,,,,,,,,,,,,,,,,,,,,,
14,22849,,,,,0.020512346178293228,,0.008220022544264793,,0.0,,0.06817889213562012,,1.0,,0.19980844855308533,,,0.0,0.0,,178.269287109375,,0.16106075048446655,,0.0912589281797409,,,0.985403299331665,,1.0,,,,,0.2642635107040405,,,,,,,,,,,,,,,,,,,,,,,,
14,22859,,,,,0.05843941494822502,,0.008714379742741585,,0.0,,0.075860396027565,,1.0,,0.1994524896144867,,,0.0,0.0,,184.0571746826172,,0.15593332052230835,,0.14714878797531128,,,1.0165736675262451,,1.0,,,,,0.2935546934604645,,,,,,,,,,,,,,,,,,,,,,,,
14,22869,,,,,0.07907086610794067,,0.010152619332075119,,0.0,,0.06818980723619461,,1.0,,0.1994689404964447,,,0.0,0.0,,178.85684204101562,,0.15764400362968445,,0.1283823698759079,,,0.9778631925582886,,1.0,,,,,0.28191888332366943,,,,,,,,,,,,,,,,,,,,,,,,
14,22879,,,,,0.015736442059278488,,0.009460819885134697,,0.0,,0.13969939947128296,,0.005375578999519348,,0.19985830783843994,,,0.14436748623847961,0.007264517247676849,,0.006824379321187735,,0.14722973108291626,,0.2536073625087738,,,0.40335381031036377,,0.005375578999519348,,,,,0.34308871626853943,,,,,,,,,,,,,,,,,,,,,,,,
14,22889,,,,,0.07419301569461823,,0.013855216093361378,,0.0,,0.12972727417945862,,0.03539250046014786,,0.2003306895494461,,,0.15979129076004028,0.003419460728764534,,0.004506373777985573,,0.15424811840057373,,0.2648922801017761,,,0.5062654614448547,,0.03539250046014786,,,,,0.40713220834732056,,,,,,,,,,,,,,,,,,,,,,,,
14,22899,,,,,0.01912044547498226,,0.010538806207478046,,0.0,,0.06886279582977295,,1.0,,0.19938772916793823,,,0.0,0.0,,182.08450317382812,,0.15903133153915405,,0.12475983053445816,,,1.005934476852417,,1.0,,,,,0.2812902629375458,,,,,,,,,,,,,,,,,,,,,,,,
14,22909,,,,,0.01644139364361763,,0.015907639637589455,,0.0,,0.15362711250782013,,0.004008394666016102,,0.1995607316493988,,,0.15309396386146545,0.008932878263294697,,0.0050242580473423,,0.14383725821971893,,0.21297740936279297,,,0.4250812828540802,,0.004008394666016102,,,,,0.35643333196640015,,,,,,,,,,,,,,,,,,,,,,,,
14,22919,,,,,0.02092302031815052,,0.03073043003678322,,0.0,,0.09364841878414154,,0.8190307021141052,,0.19897061586380005,,,0.6868334412574768,5.378812789916992,,1.5501235723495483,,0.16489751636981964,,0.3523019552230835,,,1.1090835332870483,,0.8190307021141052,,,,,0.4202744662761688,,,,,,,,,,,,,,,,,,,,,,,,
14,22929,,,,,0.07764576375484467,,0.01928497478365898,,0.0,,0.07717517018318176,,0.9690432548522949,,0.1991877257823944,,,0.8705627918243408,3.5532338619232178,,2.0628840923309326,,0.15827831625938416,,0.22435569763183594,,,1.4258952140808105,,0.9690432548522949,,,,,0.33914095163345337,,,,,,,,,,,,,,,,,,,,,,,,
14,22939,,,,,0.013442110270261765,,0.013409692794084549,,0.0,,0.14424994587898254,,0.005308213643729687,,0.20174294710159302,,,0.15611451864242554,0.0028384821489453316,,0.0029258630238473415,,0.15460331737995148,,0.2757892906665802,,,0.45941561460494995,,0.005308213643729687,,,,,0.3513844907283783,,,,,,,,,,,,,,,,,,,,,,,,
14,22949,,,,,0.01756324991583824,,0.008291970938444138,,0.0,,0.06233008950948715,,1.0,,0.1997484564781189,,,0.0,0.0,,179.1095428466797,,0.15883836150169373,,0.11185921728610992,,,1.002813458442688,,1.0,,,,,0.27053403854370117,,,,,,,,,,,,,,,,,,,,,,,,
14,22959,,,,,0.03980257362127304,,0.008246559649705887,,0.0,,0.054155007004737854,,1.0,,0.19958281517028809,,,0.0,0.0,,179.78204345703125,,0.15878969430923462,,0.09065894782543182,,,0.9874509572982788,,1.0,,,,,0.2557165026664734,,,,,,,,,,,,,,,,,,,,,,,,
14,22969,,,,,0.07441447675228119,,0.01508493721485138,,0.0,,0.13837334513664246,,0.03493532910943031,,0.20192241668701172,,,0.17216219007968903,0.05273663252592087,,0.007964091375470161,,0.15680447220802307,,0.15434230864048004,,,0.5110851526260376,,0.03493532910943031,,,,,0.44693851470947266,,,,,,,,,,,,,,,,,,,,,,,,
14,22979,,,,,0.09078428149223328,,0.011433839797973633,,0.0,,0.14174284040927887,,0.03527482599020004,,0.2005155086517334,,,0.14364822208881378,0.008217581547796726,,0.0036923724692314863,,0.15313568711280823,,0.13860425353050232,,,0.5041719675064087,,0.03527482599020004,,,,,0.42197731137275696,,,,,,,,,,,,,,,,,,,,,,,,
14,22989,,,,,0.012732652947306633,,0.012895799241960049,,0.0,,0.1555681973695755,,0.005002415738999844,,0.19999940693378448,,,0.1568784862756729,0.008329486474394798,,0.004505196586251259,,0.15082113444805145,,0.3233553171157837,,,0.46966540813446045,,0.005002415738999844,,,,,0.3572315275669098,,,,,,,,,,,,,,,,,,,,,,,,
14,22999,,,,,0.03504304587841034,,0.019399231299757957,,0.0,,0.14898863434791565,,0.009557879529893398,,0.19953230023384094,,,0.1522626280784607,0.014166762121021748,,0.006103425286710262,,0.1612851619720459,,0.2390671670436859,,,0.5598639249801636,,0.009557879529893398,,,,,0.38591212034225464,,,,,,,,,,,,,,,,,,,,,,,,
14,23009,,,,,0.012047598138451576,,0.023256108164787292,,0.0,,0.08553977310657501,,0.939620852470398,,0.19926540553569794,,,0.8064843416213989,3.509641647338867,,1.7816590070724487,,0.16245555877685547,,0.2665720283985138,,,1.142297387123108,,0.939620852470398,,,,,0.36854445934295654,,,,,,,,,,,,,,,,,,,,,,,,
14,23019,,,,,0.019259538501501083,,0.023466292768716812,,0.0,,0.08270757645368576,,0.9394510984420776,,0.1990026831626892,,,0.6813378930091858,6.744129180908203,,1.3390309810638428,,0.15958572924137115,,0.28253117203712463,,,1.1213077306747437,,0.9394510984420776,,,,,0.37364673614501953,,,,,,,,,,,,,,,,,,,,,,,,
14,23029,,,,,0.012493663467466831,,0.011300414800643921,,0.0,,0.12570567429065704,,0.005326936021447182,,0.20063361525535583,,,0.1619739532470703,0.0034384450409561396,,0.0037903718184679747,,0.15497928857803345,,0.2783617377281189,,,0.4555243253707886,,0.005326936021447182,,,,,0.34340453147888184,,,,,,,,,,,,,,,,,,,,,,,,
14,23039,,,,,0.015686826780438423,,0.00811760127544403,,0.0,,0.14197573065757751,,0.004423672333359718,,0.19973544776439667,,,0.15890735387802124,0.01735512726008892,,0.004498359281569719,,0.14722219109535217,,0.2562541365623474,,,0.4775870740413666,,0.004423672333359718,,,,,0.35459277033805847,,,,,,,,,,,,,,,,,,,,,,,,
14,23049,,,,,0.016209445893764496,,0.007017810828983784,,0.0,,0.12577159702777863,,0.0041557252407073975,,0.20029978454113007,,,0.1516241878271103,0.011603441089391708,,0.003957119304686785,,0.15001675486564636,,0.23084554076194763,,,0.47513487935066223,,0.0041557252407073975,,,,,0.3413548171520233,,,,,,,,,,,,,,,,,,,,,,,,
14,23059,,,,,0.01355237141251564,,0.01553947851061821,,0.0,,0.13785472512245178,,0.004664294421672821,,0.20034334063529968,,,0.1479024887084961,0.008821453899145126,,0.005803161300718784,,0.15649046003818512,,0.2789432406425476,,,0.46387025713920593,,0.004664294421672821,,,,,0.34992992877960205,,,,,,,,,,,,,,,,,,,,,,,,
14,23069,,,,,0.06819920241832733,,0.014667541719973087,,0.0,,0.14196905493736267,,0.030943330377340317,,0.2072007954120636,,,0.1497691571712494,0.0038984245620667934,,0.004978520330041647,,0.15076327323913574,,0.33043545484542847,,,0.492829293012619,,0.030943330377340317,,,,,0.40482258796691895,,,,,,,,,,,,,,,,,,,,,,,,
14,23079,,,,,0.014386472292244434,,0.017113640904426575,,0.0,,0.15054315328598022,,0.004240497946739197,,0.20106899738311768,,,0.1552780717611313,0.014228164218366146,,0.006244459189474583,,0.15476106107234955,,0.12016148865222931,,,0.45605745911598206,,0.004240497946739197,,,,,0.36400526762008667,,,,,,,,,,,,,,,,,,,,,,,,
14,23089,,,,,0.07569777220487595,,0.00880359299480915,,0.0,,0.06273937225341797,,1.0,,0.19938093423843384,,,0.0,0.0,,191.00863647460938,,0.15689074993133545,,0.08309513330459595,,,1.0166319608688354,,1.0,,,,,0.2554548978805542,,,,,,,,,,,,,,,,,,,,,,,,
14,23099,,,,,0.013954228721559048,,0.008668706752359867,,0.0,,0.14166951179504395,,0.0038686739280819893,,0.20048834383487701,,,0.14384429156780243,0.007880906574428082,,0.003399477805942297,,0.15045930445194244,,0.3883129358291626,,,0.49725431203842163,,0.0038686739280819893,,,,,0.3421595096588135,,,,,,,,,,,,,,,,,,,,,,,,
14,23109,,,,,0.018179191276431084,,0.012175742536783218,,0.0,,0.1155240461230278,,0.003378642722964287,,0.19987159967422485,,,0.1547037959098816,0.007542939856648445,,0.0027156283613294363,,0.14941909909248352,,0.19105130434036255,,,0.4752025008201599,,0.003378642722964287,,,,,0.3391556143760681,,,,,,,,,,,,,,,,,,,,,,,,
14,23119,,,,,0.01603062078356743,,0.027946380898356438,,0.0,,0.07401822507381439,,1.014337420463562,,0.19913388788700104,,,0.7214087247848511,6.34160852432251,,1.6948966979980469,,0.16054049134254456,,0.22998937964439392,,,1.2571001052856445,,1.014337420463562,,,,,0.34581416845321655,,,,,,,,,,,,,,,,,,,,,,,,
14,23129,,,,,0.020336076617240906,,0.024714937433600426,,0.0,,0.08106355369091034,,1.0288033485412598,,0.19909986853599548,,,0.7397674322128296,3.7249555587768555,,1.4972151517868042,,0.1580476313829422,,0.24802781641483307,,,1.005735993385315,,1.0288033485412598,,,,,0.35547691583633423,,,,,,,,,,,,,,,,,,,,,,,,
14,23139,,,,,0.01258270163089037,,0.013930129818618298,,0.0,,0.13862115144729614,,0.0033584414049983025,,0.20129342377185822,,,0.15408070385456085,0.01922445558011532,,0.004064551554620266,,0.15312537550926208,,0.3737279176712036,,,0.45514774322509766,,0.0033584414049983025,,,,,0.3547526001930237,,,,,,,,,,,,,,,,,,,,,,,,
14,23149,,,,,0.02330351248383522,,0.009256046265363693,,0.0,,0.06744065135717392,,1.0,,0.19952905178070068,,,0.0,0.0,,183.13934326171875,,0.1616547554731369,,0.10711006820201874,,,1.0340161323547363,,1.0,,,,,0.272495299577713,,,,,,,,,,,,,,,,,,,,,,,,
14,23159,,,,,0.014832133427262306,,0.019328424707055092,,0.0,,0.14183863997459412,,0.0054873256012797356,,0.19986894726753235,,,0.15498650074005127,0.004740136209875345,,0.005477224476635456,,0.15906837582588196,,0.10974422097206116,,,0.4937399923801422,,0.0054873256012797356,,,,,0.3574862778186798,,,,,,,,,,,,,,,,,,,,,,,,
14,23169,,,,,0.01595618575811386,,0.013389436528086662,,0.0,,0.16417504847049713,,0.004092608578503132,,0.19965378940105438,,,0.144339919090271,0.012129384092986584,,0.00341693963855505,,0.1518145203590393,,0.13122092187404633,,,0.5592211484909058,,0.004092608578503132,,,,,0.3604156970977783,,,,,,,,,,,,,,,,,,,,,,,,
14,23179,,,,,0.061564795672893524,,0.01143251545727253,,0.0,,0.06846249103546143,,1.0,,0.199456125497818,,,0.0,0.0,,185.4816131591797,,0.16076791286468506,,0.09635964781045914,,,1.000986099243164,,1.0,,,,,0.2682393491268158,,,,,,,,,,,,,,,,,,,,,,,,
14,23189,,,,,0.011248963885009289,,0.011059872806072235,,0.0,,0.13350646197795868,,0.00343254953622818,,0.19952523708343506,,,0.14329200983047485,0.005004341248422861,,0.003702856134623289,,0.15370887517929077,,0.3072516620159149,,,0.4297138452529907,,0.00343254953622818,,,,,0.33614882826805115,,,,,,,,,,,,,,,,,,,,,,,,
14,23199,,,,,0.07471028715372086,,0.008514219895005226,,0.0,,0.061293814331293106,,1.0,,0.19911134243011475,,,0.0,0.0,,180.29954528808594,,0.16070108115673065,,0.09037572145462036,,,1.0077179670333862,,1.0,,,,,0.259998083114624,,,,,,,,,,,,,,,,,,,,,,,,
14,23209,,,,,0.0110396109521389,,0.008745540864765644,,0.0,,0.12930195033550262,,0.003901362419128418,,0.20100751519203186,,,0.1489887535572052,0.005063107702881098,,0.0036906523164361715,,0.15035288035869598,,0.260372519493103,,,0.5065430402755737,,0.003901362419128418,,,,,0.3346148133277893,,,,,,,,,,,,,,,,,,,,,,,,
14,23219,,,,,0.010400760918855667,,0.01159502100199461,,0.0,,0.13082896173000336,,0.004057029262185097,,0.20103104412555695,,,0.15874050557613373,0.005752934608608484,,0.004492413718253374,,0.15062369406223297,,0.25476711988449097,,,0.4714542627334595,,0.004057029262185097,,,,,0.3419330418109894,,,,,,,,,,,,,,,,,,,,,,,,
14,23229,,,,,0.010255452245473862,,0.00908696185797453,,0.0,,0.06639207899570465,,1.0,,0.19953520596027374,,,0.0,0.0,,187.7847137451172,,0.15887141227722168,,0.1149398684501648,,,0.998986005783081,,1.0,,,,,0.27441275119781494,,,,,,,,,,,,,,,,,,,,,,,,
14,23239,,,,,0.015340803191065788,,0.0349348746240139,,0.0,,0.07774225622415543,,0.8916970491409302,,0.1989675760269165,,,0.7310246229171753,5.758166790008545,,1.3236455917358398,,0.17234691977500916,,0.3177681267261505,,,1.447049856185913,,0.8916970491409302,,,,,0.4008798599243164,,,,,,,,,,,,,,,,,,,,,,,,
14,23249,,,,,0.014805134385824203,,0.007669724524021149,,0.0,,0.1389450877904892,,0.004115499556064606,,0.19942766427993774,,,0.15568764507770538,0.008077030070126057,,0.0018645832315087318,,0.15228235721588135,,0.12253329157829285,,,0.4903464913368225,,0.004115499556064606,,,,,0.3467821776866913,,,,,,,,,,,,,,,,,,,,,,,,
14,23259,,,,,0.015632089227437973,,0.02077668346464634,,0.0,,0.15953820943832397,,0.0034664925187826157,,0.19931958615779877,,,0.15466196835041046,0.012697636149823666,,0.006676813121885061,,0.16416768729686737,,0.26562023162841797,,,0.4954972565174103,,0.0034664925187826157,,,,,0.374551385641098,,,,,,,,,,,,,,,,,,,,,,,,
14,23269,,,,,0.010444361716508865,,0.01943109929561615,,0.0,,0.14822518825531006,,0.0038608601316809654,,0.19996744394302368,,,0.1416422724723816,0.00882745161652565,,0.0058931163512170315,,0.15273277461528778,,0.11719346046447754,,,0.4539529085159302,,0.0038608601316809654,,,,,0.3488040566444397,,,,,,,,,,,,,,,,,,,,,,,,
14,23279,,,,,0.019504543393850327,,0.03763802722096443,,0.0,,0.07655075937509537,,1.1052519083023071,,0.19912976026535034,,,0.6105619668960571,5.6324992179870605,,1.4904203414916992,,0.1700063943862915,,0.2601504325866699,,,1.0327253341674805,,1.1052519083023071,,,,,0.37173768877983093,,,,,,,,,,,,,,,,,,,,,,,,
14,23289,,,,,0.07148687541484833,,0.0360339917242527,,0.0,,0.07100530713796616,,0.9234750866889954,,0.19890031218528748,,,0.7788330316543579,4.950026512145996,,1.5156424045562744,,0.17054468393325806,,0.2513618469238281,,,1.4244128465652466,,0.9234750866889954,,,,,0.3639230728149414,,,,,,,,,,,,,,,,,,,,,,,,
14,23299,,,,,0.019492823630571365,,0.013311536982655525,,0.0,,0.14319893717765808,,0.006568619981408119,,0.1996695101261139,,,0.15340189635753632,0.014628023840487003,,0.004034744575619698,,0.14843636751174927,,0.3180515170097351,,,0.4977245628833771,,0.006568619981408119,,,,,0.3578333854675293,,,,,,,,,,,,,,,,,,,,,,,,
14,23309,,,,,0.019010957330465317,,0.007404104340821505,,0.0,,0.06095202639698982,,1.0,,0.19906644523143768,,,0.0,0.0,,188.4913787841797,,0.15901632606983185,,0.13464994728565216,,,1.025667667388916,,1.0,,,,,0.2805444300174713,,,,,,,,,,,,,,,,,,,,,,,,
14,23319,,,,,0.04557240009307861,,0.01905522309243679,,0.0,,0.14832983911037445,,0.008072348311543465,,0.20050378143787384,,,0.15551503002643585,0.013651152141392231,,0.006259997840970755,,0.16141098737716675,,0.16556543111801147,,,0.49129733443260193,,0.008072348311543465,,,,,0.3979353904724121,,,,,,,,,,,,,,,,,,,,,,,,
14,23329,,,,,0.014311476610600948,,0.014533540233969688,,0.0,,0.13724082708358765,,0.006140056997537613,,0.19956810772418976,,,0.15195269882678986,0.01178288646042347,,0.006255902349948883,,0.14881885051727295,,0.29991012811660767,,,0.49258193373680115,,0.006140056997537613,,,,,0.34938788414001465,,,,,,,,,,,,,,,,,,,,,,,,
14,23339,,,,,0.0487295538187027,,0.006824838928878307,,0.0,,0.06253430247306824,,1.0,,0.1994437277317047,,,0.0,0.0,,190.71383666992188,,0.15676835179328918,,0.1265139877796173,,,1.0372366905212402,,1.0,,,,,0.2760425806045532,,,,,,,,,,,,,,,,,,,,,,,,
14,23349,,,,,0.07732835412025452,,0.008923018351197243,,0.0,,0.1374460607767105,,0.035414502024650574,,0.20086397230625153,,,0.1517975777387619,0.007244809065014124,,0.0024485806934535503,,0.1517297923564911,,0.09461573511362076,,,0.5524119734764099,,0.035414502024650574,,,,,0.4075552821159363,,,,,,,,,,,,,,,,,,,,,,,,
14,23359,,,,,0.019763875752687454,,0.009838353842496872,,0.0,,0.1420024186372757,,0.008578232489526272,,0.2000141739845276,,,0.15505437552928925,0.010936865583062172,,0.00457744300365448,,0.15241961181163788,,0.12452761828899384,,,0.48914891481399536,,0.008578232489526272,,,,,0.3571855127811432,,,,,,,,,,,,,,,,,,,,,,,,
14,23369,,,,,0.013943213038146496,,0.008996589109301567,,0.0,,0.05771813914179802,,1.0,,0.19950340688228607,,,0.0,0.0,,180.75314331054688,,0.1602073311805725,,0.10468671470880508,,,1.0028977394104004,,1.0,,,,,0.26555609703063965,,,,,,,,,,,,,,,,,,,,,,,,
14,23379,,,,,0.024418635293841362,,0.023266032338142395,,0.0,,0.08283651620149612,,0.9108788967132568,,0.1988770216703415,,,0.50821852684021,5.699334621429443,,1.7049357891082764,,0.1631009578704834,,0.1620474010705948,,,1.1911826133728027,,0.9108788967132568,,,,,0.3150639533996582,,,,,,,,,,,,,,,,,,,,,,,,
14,23389,,,,,0.01023175474256277,,0.027643004432320595,,0.0,,0.08197575062513351,,1.2160227298736572,,0.19909830391407013,,,0.5179576277732849,3.45963191986084,,1.9278024435043335,,0.16129624843597412,,0.3436984419822693,,,1.5044499635696411,,1.2160227298736572,,,,,0.40685588121414185,,,,,,,,,,,,,,,,,,,,,,,,
14,23399,,,,,0.006730315275490284,,0.01201492827385664,,0.0,,0.14365440607070923,,0.002577822655439377,,0.19973264634609222,,,0.1429959386587143,0.008162127807736397,,0.004681157413870096,,0.15448211133480072,,0.2283298671245575,,,0.5029963254928589,,0.002577822655439377,,,,,0.33959200978279114,,,,,,,,,,,,,,,,,,,,,,,,
14,23409,,,,,0.019321857020258904,,0.010349847376346588,,0.0,,0.07287805527448654,,1.0,,0.19910141825675964,,,0.0,0.0,,177.61184692382812,,0.16179415583610535,,0.17386527359485626,,,0.9686207175254822,,1.0,,,,,0.3089943826198578,,,,,,,,,,,,,,,,,,,,,,,,
14,23419,,,,,0.005362686235457659,,0.013416759669780731,,0.0,,0.12954144179821014,,0.0021088160574436188,,0.20008951425552368,,,0.14929921925067902,0.003870495595037937,,0.005332536995410919,,0.1521446704864502,,0.11265843361616135,,,0.5061270594596863,,0.0021088160574436188,,,,,0.3322100043296814,,,,,,,,,,,,,,,,,,,,,,,,
14,23429,,,,,0.01238038670271635,,0.03029576875269413,,0.0,,0.07487396895885468,,0.9363582730293274,,0.19902417063713074,,,0.9415827393531799,7.607251167297363,,2.2274622917175293,,0.16843634843826294,,0.21407201886177063,,,1.2659999132156372,,0.9363582730293274,,,,,0.3433511257171631,,,,,,,,,,,,,,,,,,,,,,,,
14,23439,,,,,0.0125089967623353,,0.012020263820886612,,0.0,,0.12659214437007904,,0.004336890764534473,,0.19999590516090393,,,0.15321408212184906,0.013478495180606842,,0.004852676298469305,,0.1539161503314972,,0.2539445459842682,,,0.4788571000099182,,0.004336890764534473,,,,,0.34454384446144104,,,,,,,,,,,,,,,,,,,,,,,,
14,23449,,,,,0.012726550921797752,,0.008935609832406044,,0.0,,0.13925664126873016,,0.005041441880166531,,0.20170247554779053,,,0.14070262014865875,0.012677153572440147,,0.004025185480713844,,0.14736220240592957,,0.3167310357093811,,,0.5057508945465088,,0.005041441880166531,,,,,0.34005746245384216,,,,,,,,,,,,,,,,,,,,,,,,
14,23459,,,,,0.019188854843378067,,0.015587497502565384,,0.0,,0.14670635759830475,,0.006668412126600742,,0.2024480253458023,,,0.1521081179380417,0.004149257205426693,,0.004343447741121054,,0.15272223949432373,,0.11005967110395432,,,0.48601824045181274,,0.006668412126600742,,,,,0.3582213222980499,,,,,,,,,,,,,,,,,,,,,,,,
14,23469,,,,,0.011306206695735455,,0.015022186562418938,,0.0,,0.15709266066551208,,0.0037344321608543396,,0.20207613706588745,,,0.14320722222328186,0.008795183151960373,,0.0032177527900785208,,0.151804581284523,,0.2607533931732178,,,0.4719165563583374,,0.0037344321608543396,,,,,0.35191407799720764,,,,,,,,,,,,,,,,,,,,,,,,
14,23479,,,,,0.018376585096120834,,0.00892239436507225,,0.0,,0.12464934587478638,,0.007477541454136372,,0.19991055130958557,,,0.1568201184272766,0.003117034677416086,,0.004313989542424679,,0.14972081780433655,,0.10181339085102081,,,0.4583974778652191,,0.007477541454136372,,,,,0.3421037197113037,,,,,,,,,,,,,,,,,,,,,,,,
14,23489,,,,,0.04796850308775902,,0.012270260602235794,,0.0,,0.13586893677711487,,0.01948651485145092,,0.2006911188364029,,,0.15190882980823517,0.012317492626607418,,0.002762945368885994,,0.15332306921482086,,0.1333092898130417,,,0.5088168382644653,,0.01948651485145092,,,,,0.382539838552475,,,,,,,,,,,,,,,,,,,,,,,,
14,23499,,,,,0.014671623706817627,,0.007776702754199505,,0.0,,0.062183354049921036,,1.0,,0.19914820790290833,,,0.0,0.0,,184.99575805664062,,0.15925848484039307,,0.12064202129840851,,,1.0138769149780273,,1.0,,,,,0.2745043933391571,,,,,,,,,,,,,,,,,,,,,,,,
14,23509,,,,,0.01869422197341919,,0.014150671660900116,,0.0,,0.13042181730270386,,0.007035340182483196,,0.22197502851486206,,,0.14446936547756195,0.013348588719964027,,0.003497579600661993,,0.15268179774284363,,0.32611411809921265,,,0.4570602774620056,,0.007035340182483196,,,,,0.3589666485786438,,,,,,,,,,,,,,,,,,,,,,,,
14,23519,,,,,0.01526413019746542,,0.00891529954969883,,0.0,,0.061151981353759766,,1.0,,0.19965632259845734,,,0.0,0.0,,188.19895935058594,,0.15708406269550323,,0.09814387559890747,,,1.0290305614471436,,1.0,,,,,0.26247578859329224,,,,,,,,,,,,,,,,,,,,,,,,
14,23529,,,,,0.011891892179846764,,0.022541698068380356,,0.0,,0.0971137210726738,,1.0,,0.19954055547714233,,,0.0,0.0,,0.34671616554260254,,0.16632294654846191,,0.3475329577922821,,,0.9715836048126221,,1.0,,,,,0.4165259599685669,,,,,,,,,,,,,,,,,,,,,,,,
14,23539,,,,,0.019994551315903664,,0.021657604724168777,,0.0,,0.07690582424402237,,1.0221127271652222,,0.19889608025550842,,,0.6058147549629211,7.084339141845703,,1.8087072372436523,,0.16000844538211823,,0.17804494500160217,,,0.9796656370162964,,1.0221127271652222,,,,,0.3177564740180969,,,,,,,,,,,,,,,,,,,,,,,,
14,23549,,,,,0.015119228512048721,,0.016677772626280785,,0.0,,0.1651545763015747,,0.004521462135016918,,0.20070160925388336,,,0.1565418243408203,0.007945201359689236,,0.006094885524362326,,0.14667175710201263,,0.1276966631412506,,,0.5077325105667114,,0.004521462135016918,,,,,0.3650130331516266,,,,,,,,,,,,,,,,,,,,,,,,
14,23559,,,,,0.017322298139333725,,0.01818680763244629,,0.0,,0.15683628618717194,,0.005461753346025944,,0.20644664764404297,,,0.14632754027843475,0.005675629246979952,,0.006118780001997948,,0.14589768648147583,,0.22505776584148407,,,0.4914080500602722,,0.005461753346025944,,,,,0.3600669801235199,,,,,,,,,,,,,,,,,,,,,,,,
14,23569,,,,,0.07162488251924515,,0.02198762074112892,,0.0,,0.10390596836805344,,1.0,,0.20003360509872437,,,0.0,0.0,,0.39086753129959106,,0.16477251052856445,,0.3878183960914612,,,0.9675006866455078,,1.0,,,,,0.43925905227661133,,,,,,,,,,,,,,,,,,,,,,,,
14,23579,,,,,0.009607575833797455,,0.021148862317204475,,0.0,,0.07422836869955063,,1.0245078802108765,,0.1989441215991974,,,0.6881155967712402,5.854824066162109,,1.9294904470443726,,0.1603001058101654,,0.32984864711761475,,,1.3349213600158691,,1.0245078802108765,,,,,0.39223504066467285,,,,,,,,,,,,,,,,,,,,,,,,
14,23589,,,,,0.01866135187447071,,0.01949250139296055,,0.0,,0.13640396296977997,,0.008126715198159218,,0.20036500692367554,,,0.14758799970149994,0.006783307529985905,,0.009555179625749588,,0.14844296872615814,,0.320509135723114,,,0.5120553970336914,,0.008126715198159218,,,,,0.35297682881355286,,,,,,,,,,,,,,,,,,,,,,,,
14,23599,,,,,0.08352180570363998,,0.01827193796634674,,0.0,,0.14560438692569733,,0.038488298654556274,,0.20036804676055908,,,0.14826278388500214,0.009550854563713074,,0.006123832892626524,,0.15152783691883087,,0.08844105899333954,,,0.4842900037765503,,0.038488298654556274,,,,,0.4233766794204712,,,,,,,,,,,,,,,,,,,,,,,,
14,23609,,,,,0.010330496355891228,,0.012420281767845154,,0.0,,0.13008512556552887,,0.003921623341739178,,0.1990445852279663,,,0.15422603487968445,0.006484542973339558,,0.002685447921976447,,0.1527584046125412,,0.12171084433794022,,,0.483580619096756,,0.003921623341739178,,,,,0.3391827344894409,,,,,,,,,,,,,,,,,,,,,,,,
14,23619,,,,,0.027193792164325714,,0.008093238808214664,,0.0,,0.0687163695693016,,1.0,,0.19929280877113342,,,0.0,0.0,,188.0326385498047,,0.15892307460308075,,0.09226188063621521,,,0.9964905977249146,,1.0,,,,,0.26364368200302124,,,,,,,,,,,,,,,,,,,,,,,,
14,23629,,,,,0.01773853600025177,,0.00691967224702239,,0.0,,0.05829678848385811,,1.0,,0.19915786385536194,,,0.0,0.0,,181.11590576171875,,0.16028082370758057,,0.12961620092391968,,,0.983587384223938,,1.0,,,,,0.2771356701850891,,,,,,,,,,,,,,,,,,,,,,,,
14,23639,,,,,0.07488666474819183,,0.038119424134492874,,0.0,,0.07525718957185745,,0.9336216449737549,,0.1990443468093872,,,1.8616224527359009,5.652390003204346,,1.7679715156555176,,0.17434975504875183,,0.26041895151138306,,,1.3795194625854492,,0.9336216449737549,,,,,0.37359482049942017,,,,,,,,,,,,,,,,,,,,,,,,
14,23649,,,,,0.012873939238488674,,0.009230340830981731,,0.0,,0.06940696388483047,,1.0,,0.19934828579425812,,,0.0,0.0,,179.811767578125,,0.15897122025489807,,0.10427583754062653,,,1.002180814743042,,1.0,,,,,0.2706163227558136,,,,,,,,,,,,,,,,,,,,,,,,
14,23659,,,,,0.01579873450100422,,0.03152720257639885,,0.0,,0.08612380921840668,,0.931420624256134,,0.19896461069583893,,,0.9425206184387207,6.535645008087158,,1.4504413604736328,,0.16933566331863403,,0.2573438882827759,,,1.1235871315002441,,0.931420624256134,,,,,0.37164759635925293,,,,,,,,,,,,,,,,,,,,,,,,
14,23669,,,,,0.009211733937263489,,0.009985052049160004,,0.0,,0.12938936054706573,,0.003497728146612644,,0.19943919777870178,,,0.14885923266410828,0.012272469699382782,,0.00473139388486743,,0.14833469688892365,,0.2912817895412445,,,0.5352952480316162,,0.003497728146612644,,,,,0.33571743965148926,,,,,,,,,,,,,,,,,,,,,,,,
14,23679,,,,,0.006879051215946674,,0.006740584969520569,,0.0,,0.06235837936401367,,1.0,,0.19924373924732208,,,0.0,0.0,,188.93350219726562,,0.15759992599487305,,0.10060128569602966,,,1.0058469772338867,,1.0,,,,,0.2632719576358795,,,,,,,,,,,,,,,,,,,,,,,,
14,23689,,,,,0.007906485348939896,,0.008261041715741158,,0.0,,0.07366969436407089,,1.0,,0.19928975403308868,,,0.0,0.0,,178.5603485107422,,0.1588716357946396,,0.1303766369819641,,,1.0189886093139648,,1.0,,,,,0.28523439168930054,,,,,,,,,,,,,,,,,,,,,,,,
14,23699,,,,,0.011148475110530853,,0.021320343017578125,,0.0,,0.10610609501600266,,1.0,,0.19961580634117126,,,0.0,0.0,,0.32486945390701294,,0.16699513792991638,,0.28543275594711304,,,0.7552651166915894,,1.0,,,,,0.38973507285118103,,,,,,,,,,,,,,,,,,,,,,,,
14,23709,,,,,0.010013715364038944,,0.011471942067146301,,0.0,,0.11609560251235962,,0.0033317003399133682,,0.19964094460010529,,,0.15063022077083588,0.004974320065230131,,0.0030699109192937613,,0.15158958733081818,,0.3179197311401367,,,0.4931979179382324,,0.0033317003399133682,,,,,0.32874995470046997,,,,,,,,,,,,,,,,,,,,,,,,
14,23719,,,,,0.07552371919155121,,0.007787048816680908,,0.0,,0.056316908448934555,,1.0,,0.1995077282190323,,,0.0,0.0,,188.81344604492188,,0.15701743960380554,,0.11897106468677521,,,0.9828172922134399,,1.0,,,,,0.2698000967502594,,,,,,,,,,,,,,,,,,,,,,,,
14,23729,,,,,0.016849562525749207,,0.00921939779073,,0.0,,0.13172464072704315,,0.004607739858329296,,0.1998089700937271,,,0.14108197391033173,0.01248057372868061,,0.0026834483724087477,,0.15005970001220703,,0.26547127962112427,,,0.46303239464759827,,0.004607739858329296,,,,,0.34037894010543823,,,,,,,,,,,,,,,,,,,,,,,,
14,23739,,,,,0.01995275169610977,,0.008352302014827728,,0.0,,0.060557473450899124,,1.0,,0.1991918534040451,,,0.0,0.0,,183.64511108398438,,0.1585240662097931,,0.09076762199401855,,,0.9900156259536743,,1.0,,,,,0.25869664549827576,,,,,,,,,,,,,,,,,,,,,,,,
14,23749,,,,,0.035855527967214584,,0.013738946057856083,,0.0,,0.15237830579280853,,0.0019440744072198868,,0.19935178756713867,,,0.1571286916732788,0.01500062644481659,,0.006063248962163925,,0.15229246020317078,,0.09128086268901825,,,0.4817691445350647,,0.0019440744072198868,,,,,0.38383254408836365,,,,,,,,,,,,,,,,,,,,,,,,
14,23759,,,,,0.012028022669255733,,0.00748922536149621,,0.0,,0.062481172382831573,,1.0,,0.1991412490606308,,,0.0,0.0,,184.82235717773438,,0.15905267000198364,,0.10313135385513306,,,1.0314228534698486,,1.0,,,,,0.265647828578949,,,,,,,,,,,,,,,,,,,,,,,,
14,23769,,,,,0.011111462488770485,,0.011410780251026154,,0.0,,0.14534792304039001,,0.0037194527685642242,,0.19993595778942108,,,0.14764520525932312,0.012367765419185162,,0.0031562666408717632,,0.14991632103919983,,0.295945405960083,,,0.4418550133705139,,0.0037194527685642242,,,,,0.34600159525871277,,,,,,,,,,,,,,,,,,,,,,,,
14,23779,,,,,0.008806547150015831,,0.009972648695111275,,0.0,,0.0645185187458992,,1.0,,0.19941946864128113,,,0.0,0.0,,183.52780151367188,,0.15864646434783936,,0.11919765919446945,,,0.9890590906143188,,1.0,,,,,0.2758773863315582,,,,,,,,,,,,,,,,,,,,,,,,
14,23789,,,,,0.013101108372211456,,0.01868252642452717,,0.0,,0.1300208568572998,,0.003104863688349724,,0.2002553641796112,,,0.16282951831817627,0.010894941166043282,,0.0039326222613453865,,0.1609751135110855,,0.19837361574172974,,,0.43762558698654175,,0.003104863688349724,,,,,0.3568965494632721,,,,,,,,,,,,,,,,,,,,,,,,
14,23799,,,,,0.010893354192376137,,0.007678033784031868,,0.0,,0.06286206841468811,,1.0,,0.19972175359725952,,,0.0,0.0,,186.1602020263672,,0.15244922041893005,,0.12413284182548523,,,1.0160949230194092,,1.0,,,,,0.2734219431877136,,,,,,,,,,,,,,,,,,,,,,,,
14,23809,,,,,0.014630984514951706,,0.03502615541219711,,0.0,,0.08376003801822662,,0.9371572136878967,,0.1991167962551117,,,1.2033953666687012,2.962615489959717,,1.720579981803894,,0.1818949282169342,,0.26997241377830505,,,1.1544647216796875,,0.9371572136878967,,,,,0.38488519191741943,,,,,,,,,,,,,,,,,,,,,,,,
14,23819,,,,,0.015047794207930565,,0.008466418832540512,,0.0,,0.1311379075050354,,0.006056367419660091,,0.2003268152475357,,,0.1444900631904602,0.01126554049551487,,0.004779563285410404,,0.14883461594581604,,0.26379039883613586,,,0.48020029067993164,,0.006056367419660091,,,,,0.33969825506210327,,,,,,,,,,,,,,,,,,,,,,,,
14,23829,,,,,0.01584893837571144,,0.009116699919104576,,0.0,,0.0760376825928688,,1.0,,0.19963297247886658,,,0.0,0.0,,184.79830932617188,,0.16153380274772644,,0.08874082565307617,,,0.9896641373634338,,1.0,,,,,0.26753097772598267,,,,,,,,,,,,,,,,,,,,,,,,
14,23839,,,,,0.012819692492485046,,0.014880403876304626,,0.0,,0.14084112644195557,,0.005094652995467186,,0.2002309262752533,,,0.132110595703125,0.006183295045047998,,0.004134899005293846,,0.15585321187973022,,0.34145745635032654,,,0.4914375841617584,,0.005094652995467186,,,,,0.33993691205978394,,,,,,,,,,,,,,,,,,,,,,,,
14,23849,,,,,0.013901503756642342,,0.012281498871743679,,0.0,,0.12222444266080856,,0.0065793488174676895,,0.201130673289299,,,0.14626900851726532,0.012478649616241455,,0.005125877447426319,,0.15172043442726135,,0.09519094973802567,,,0.544931173324585,,0.0065793488174676895,,,,,0.339516818523407,,,,,,,,,,,,,,,,,,,,,,,,
14,23859,,,,,0.011707439087331295,,0.017555836588144302,,0.0,,0.1476309448480606,,0.003558606840670109,,0.19925914704799652,,,0.15357021987438202,0.009329603053629398,,0.00585835799574852,,0.15919148921966553,,0.26781901717185974,,,0.5157724618911743,,0.003558606840670109,,,,,0.35790523886680603,,,,,,,,,,,,,,,,,,,,,,,,
14,23869,,,,,0.01872679591178894,,0.021655447781085968,,0.0,,0.10478769987821579,,1.0,,0.19995877146720886,,,0.0,0.0,,0.2748972773551941,,0.17006585001945496,,0.26926249265670776,,,0.9808821678161621,,1.0,,,,,0.38286513090133667,,,,,,,,,,,,,,,,,,,,,,,,
14,23879,,,,,0.012907815165817738,,0.023552600294351578,,0.0,,0.07606928050518036,,0.9443104267120361,,0.19908851385116577,,,1.240054726600647,4.872627258300781,,1.8303312063217163,,0.15962454676628113,,0.25874531269073486,,,1.2376313209533691,,0.9443104267120361,,,,,0.3585401177406311,,,,,,,,,,,,,,,,,,,,,,,,
14,23889,,,,,0.014289322309195995,,0.022504981607198715,,0.0,,0.15730784833431244,,0.0032109394669532776,,0.19968777894973755,,,0.15877790749073029,0.01025470346212387,,0.0060939667746424675,,0.16379976272583008,,0.1357244849205017,,,0.49751293659210205,,0.0032109394669532776,,,,,0.37350279092788696,,,,,,,,,,,,,,,,,,,,,,,,
14,23899,,,,,0.08508128672838211,,0.013940210454165936,,0.0,,0.15572313964366913,,0.013667318969964981,,0.1997879296541214,,,0.15165026485919952,0.024222755804657936,,0.005941420793533325,,0.15598651766777039,,0.3267347812652588,,,0.5378076434135437,,0.013667318969964981,,,,,0.4387073814868927,,,,,,,,,,,,,,,,,,,,,,,,
14,23909,,,,,0.019960680976510048,,0.006913579069077969,,0.0,,0.06113366037607193,,1.0,,0.1993822604417801,,,0.0,0.0,,184.13153076171875,,0.1564185619354248,,0.09274019300937653,,,1.0285067558288574,,1.0,,,,,0.25829410552978516,,,,,,,,,,,,,,,,,,,,,,,,
14,23919,,,,,0.011994203552603722,,0.011145234107971191,,0.0,,0.1198686808347702,,0.004434108734130859,,0.2020426243543625,,,0.15047655999660492,0.004029456526041031,,0.0034210379235446453,,0.15681993961334229,,0.21815232932567596,,,0.4692966043949127,,0.004434108734130859,,,,,0.33589598536491394,,,,,,,,,,,,,,,,,,,,,,,,
14,23924,,,,,,,,,,,,,,,,,,,,,,,,,,,,,,,,,,,,,,0.4391958713531494,0.1922968029975891,0.04696541279554367,0.05091292783617973,0.06415452808141708,0.0,0.31468814611434937,0.30649036169052124,0.29566606879234314,0.5322081446647644,0.23668235540390015,13.212486267089844,0.2570534348487854,0.5659252405166626,0.9006292223930359,0.2413654327392578,0.30649036169052124,0.727161705493927,0.8349872827529907,0.4242963492870331,1.1021500825881958,1.1875334978103638
14,23924,0.008651407435536385,0.023736590519547462,0.005325404927134514,0.007389090023934841,,0.015672337263822556,,0.0,,0.11000445485115051,,0.46260493993759155,,0.2000514715909958,,1.087265968322754,0.2640443742275238,,,42.73406982421875,,0.1574474275112152,,0.19817230105400085,,0.7902317643165588,0.47108712792396545,,0.46260493993759155,,0.37289196252822876,0.4126835763454437,0.27492889761924744,0.34515461325645447,,0.49893319606781006,0.3615466356277466,,,,,,,,,,,,,,,,,,,,,,
15,23929,,,,,0.009850066155195236,,0.006472277455031872,,0.0,,0.05729258060455322,,1.0,,0.1993110030889511,,,0.0,0.0,,179.61117553710938,,0.16076020896434784,,0.12775954604148865,,,0.9907264709472656,,1.0,,,,,0.2757977843284607,,,,,,,,,,,,,,,,,,,,,,,,
15,23939,,,,,0.019225386902689934,,0.023550748825073242,,0.0,,0.07550565898418427,,1.070655345916748,,0.19907017052173615,,,0.8876161575317383,7.414237022399902,,1.507603406906128,,0.1526733636856079,,0.3529808521270752,,,1.7464427947998047,,1.070655345916748,,,,,0.4018903970718384,,,,,,,,,,,,,,,,,,,,,,,,
15,23949,,,,,0.009399661794304848,,0.023742884397506714,,0.0,,0.08044620603322983,,1.0249849557876587,,0.1991051882505417,,,1.14878511428833,4.4900736808776855,,2.290602922439575,,0.16888964176177979,,0.32381850481033325,,,1.1233018636703491,,1.0249849557876587,,,,,0.39800122380256653,,,,,,,,,,,,,,,,,,,,,,,,
15,23959,,,,,0.01260130200535059,,0.015940628945827484,,0.0,,0.11738558113574982,,0.004494241438806057,,0.19973024725914001,,,0.1491450071334839,0.009189734235405922,,0.005994567647576332,,0.15376564860343933,,0.131587952375412,,,0.4557149410247803,,0.004494241438806057,,,,,0.33817702531814575,,,,,,,,,,,,,,,,,,,,,,,,
15,23969,,,,,0.01372838206589222,,0.00742498692125082,,0.0,,0.06737181544303894,,1.0,,0.19948962330818176,,,0.0,0.0,,175.19696044921875,,0.16323606669902802,,0.1110529750585556,,,0.9905447959899902,,1.0,,,,,0.27428773045539856,,,,,,,,,,,,,,,,,,,,,,,,
15,23979,,,,,0.014889288693666458,,0.013657362200319767,,0.0,,0.1278586983680725,,0.006826109252870083,,0.20040136575698853,,,0.1523807793855667,0.0026298346929252148,,0.00522672850638628,,0.15340402722358704,,0.0917530506849289,,,0.4931853413581848,,0.006826109252870083,,,,,0.34266868233680725,,,,,,,,,,,,,,,,,,,,,,,,
15,23989,,,,,0.012285560369491577,,0.015425627119839191,,0.0,,0.14750424027442932,,0.0032174838706851006,,0.20043513178825378,,,0.1502992957830429,0.007688158191740513,,0.0031790672801434994,,0.1544356495141983,,0.1078663319349289,,,0.524223804473877,,0.0032174838706851006,,,,,0.35176917910575867,,,,,,,,,,,,,,,,,,,,,,,,
15,23999,,,,,0.008656117133796215,,0.008724037557840347,,0.0,,0.1382097601890564,,0.0033388780429959297,,0.20002484321594238,,,0.15134693682193756,0.0047750151716172695,,0.0024850680492818356,,0.14945891499519348,,0.11895914375782013,,,0.4643484354019165,,0.0033388780429959297,,,,,0.3361683785915375,,,,,,,,,,,,,,,,,,,,,,,,
15,24009,,,,,0.07386267185211182,,0.01022839080542326,,0.0,,0.12245776504278183,,0.03370855748653412,,0.19961979985237122,,,0.15076665580272675,0.005274776369333267,,0.0029989820905029774,,0.15212102234363556,,0.23170262575149536,,,0.4597829282283783,,0.03370855748653412,,,,,0.39559635519981384,,,,,,,,,,,,,,,,,,,,,,,,
15,24019,,,,,0.01027327124029398,,0.01271873526275158,,0.0,,0.1281513273715973,,0.003799889236688614,,0.20005173981189728,,,0.15127713978290558,0.009808579459786415,,0.004130828194320202,,0.15001210570335388,,0.10645107924938202,,,0.4543970823287964,,0.003799889236688614,,,,,0.33834850788116455,,,,,,,,,,,,,,,,,,,,,,,,
15,24029,,,,,0.007552836090326309,,0.017223257571458817,,0.0,,0.12344011664390564,,1.0,,0.19935914874076843,,,0.0,0.0,,0.38266682624816895,,0.16593143343925476,,0.31020039319992065,,,1.3946702480316162,,1.0,,,,,0.4080771803855896,,,,,,,,,,,,,,,,,,,,,,,,
15,24039,,,,,0.01804032362997532,,0.007540179882198572,,0.0,,0.05660705268383026,,1.0,,0.19902820885181427,,,0.0,0.0,,175.03550720214844,,0.15807613730430603,,0.10181601345539093,,,0.989116370677948,,1.0,,,,,0.26153379678726196,,,,,,,,,,,,,,,,,,,,,,,,
15,24049,,,,,0.01252121850848198,,0.01275056041777134,,0.0,,0.15243154764175415,,0.003980893641710281,,0.19935530424118042,,,0.14624685049057007,0.009017931297421455,,0.0036497085820883512,,0.15232662856578827,,0.11053772270679474,,,0.4594648480415344,,0.003980893641710281,,,,,0.35041049122810364,,,,,,,,,,,,,,,,,,,,,,,,
15,24059,,,,,0.008488036692142487,,0.007813461124897003,,0.0,,0.058831021189689636,,1.0,,0.19919335842132568,,,0.0,0.0,,170.20510864257812,,0.15684017539024353,,0.12396512925624847,,,1.007455587387085,,1.0,,,,,0.27332156896591187,,,,,,,,,,,,,,,,,,,,,,,,
15,24069,,,,,0.08011878281831741,,0.019744301214814186,,0.0,,0.15966978669166565,,0.028889857232570648,,0.19924087822437286,,,0.14693620800971985,0.01342326682060957,,0.006140429526567459,,0.15573972463607788,,0.28718188405036926,,,0.5299677848815918,,0.028889857232570648,,,,,0.43056607246398926,,,,,,,,,,,,,,,,,,,,,,,,
15,24079,,,,,0.005245789885520935,,0.01870718225836754,,0.0,,0.11436690390110016,,0.0023250924423336983,,0.1996293067932129,,,0.1602502018213272,0.00432493956759572,,0.004881067201495171,,0.1598825752735138,,0.09282824397087097,,,0.4684300422668457,,0.0023250924423336983,,,,,0.3362668752670288,,,,,,,,,,,,,,,,,,,,,,,,
15,24089,,,,,0.01026047021150589,,0.01434082817286253,,0.0,,0.13163235783576965,,0.0027667758986353874,,0.20019108057022095,,,0.14992457628250122,0.007390567101538181,,0.004100047051906586,,0.14954708516597748,,0.25466829538345337,,,0.45338737964630127,,0.0027667758986353874,,,,,0.33882373571395874,,,,,,,,,,,,,,,,,,,,,,,,
15,24099,,,,,0.011040594428777695,,0.007193718571215868,,0.0,,0.06668779999017715,,1.0,,0.19914406538009644,,,0.0,0.0,,180.31396484375,,0.15881171822547913,,0.12003921717405319,,,1.019895076751709,,1.0,,,,,0.2759382426738739,,,,,,,,,,,,,,,,,,,,,,,,
15,24109,,,,,0.014209079556167126,,0.009801069274544716,,0.0,,0.11740995943546295,,0.0035152826458215714,,0.2039245218038559,,,0.14569614827632904,0.00470021041110158,,0.0028116898611187935,,0.15064522624015808,,0.2733314037322998,,,0.4485815167427063,,0.0035152826458215714,,,,,0.3317035138607025,,,,,,,,,,,,,,,,,,,,,,,,
15,24119,,,,,0.012865634635090828,,0.008687309920787811,,0.0,,0.06677847355604172,,1.0,,0.19924981892108917,,,0.0,0.0,,187.922607421875,,0.15805616974830627,,0.1095401793718338,,,1.0128873586654663,,1.0,,,,,0.27115598320961,,,,,,,,,,,,,,,,,,,,,,,,
15,24129,,,,,0.07735142111778259,,0.015799662098288536,,0.0,,0.14042015373706818,,0.03431782126426697,,0.2002994567155838,,,0.15875646471977234,0.009304866194725037,,0.005738106556236744,,0.15522515773773193,,0.10067304223775864,,,0.4731404185295105,,0.03431782126426697,,,,,0.4201233685016632,,,,,,,,,,,,,,,,,,,,,,,,
15,24139,,,,,0.027585428208112717,,0.013920031487941742,,0.0,,0.13047675788402557,,0.003512779250741005,,0.19986099004745483,,,0.1504056304693222,0.015577816404402256,,0.0030169596429914236,,0.15396839380264282,,0.26289844512939453,,,0.5188010931015015,,0.003512779250741005,,,,,0.3611987233161926,,,,,,,,,,,,,,,,,,,,,,,,
15,24149,,,,,0.022434856742620468,,0.008065692149102688,,0.0,,0.13335031270980835,,0.004197883419692516,,0.20041657984256744,,,0.15228404104709625,0.00827859342098236,,0.0030354137998074293,,0.14748170971870422,,0.2510135769844055,,,0.5027539730072021,,0.004197883419692516,,,,,0.3488910496234894,,,,,,,,,,,,,,,,,,,,,,,,
15,24159,,,,,0.012261553667485714,,0.022751592099666595,,0.0,,0.08332088589668274,,1.019132375717163,,0.19898246228694916,,,0.7045291662216187,6.840269088745117,,1.627507209777832,,0.16300338506698608,,0.25272685289382935,,,1.2169203758239746,,1.019132375717163,,,,,0.36039260029792786,,,,,,,,,,,,,,,,,,,,,,,,
15,24169,,,,,0.017678769305348396,,0.00638913968577981,,0.0,,0.07535330206155777,,1.0,,0.19933480024337769,,,0.0,0.0,,176.68893432617188,,0.15876628458499908,,0.10660654306411743,,,0.9948646426200867,,1.0,,,,,0.2732250392436981,,,,,,,,,,,,,,,,,,,,,,,,
15,24179,,,,,0.025336725637316704,,0.008250451646745205,,0.0,,0.05523785203695297,,1.0,,0.19935168325901031,,,0.0,0.0,,183.33953857421875,,0.16002942621707916,,0.13881808519363403,,,0.9800354838371277,,1.0,,,,,0.28084373474121094,,,,,,,,,,,,,,,,,,,,,,,,
15,24189,,,,,0.011758829466998577,,0.012304349802434444,,0.0,,0.11955663561820984,,0.003834141418337822,,0.19942376017570496,,,0.14823001623153687,0.008203728124499321,,0.003950812853872776,,0.15277546644210815,,0.09658990800380707,,,0.4642680883407593,,0.003834141418337822,,,,,0.3339811861515045,,,,,,,,,,,,,,,,,,,,,,,,
15,24199,,,,,0.01052762195467949,,0.010576436296105385,,0.0,,0.10885117948055267,,0.004280343651771545,,0.1993071287870407,,,0.14458879828453064,0.008402031846344471,,0.006988077890127897,,0.1517503559589386,,0.32396236062049866,,,0.48699426651000977,,0.004280343651771545,,,,,0.3257595896720886,,,,,,,,,,,,,,,,,,,,,,,,
15,24209,,,,,0.07386785000562668,,0.009885035455226898,,0.0,,0.13544733822345734,,0.03415229171514511,,0.19984692335128784,,,0.147103950381279,0.019447043538093567,,0.0024831925984472036,,0.15768074989318848,,0.22354376316070557,,,0.5571523904800415,,0.03415229171514511,,,,,0.4098149836063385,,,,,,,,,,,,,,,,,,,,,,,,
15,24219,,,,,0.015328004024922848,,0.025358226150274277,,0.0,,0.08508796989917755,,0.9723135828971863,,0.1992255002260208,,,1.0358349084854126,5.917949676513672,,1.4192368984222412,,0.16812315583229065,,0.29692429304122925,,,1.3891717195510864,,0.9723135828971863,,,,,0.3873595893383026,,,,,,,,,,,,,,,,,,,,,,,,
15,24229,,,,,0.07123303413391113,,0.007383441552519798,,0.0,,0.060528770089149475,,1.0,,0.19903883337974548,,,0.0,0.0,,188.86343383789062,,0.15926042199134827,,0.10603071004152298,,,0.9626677632331848,,1.0,,,,,0.2661210894584656,,,,,,,,,,,,,,,,,,,,,,,,
15,24239,,,,,0.010462833568453789,,0.026271650567650795,,0.0,,0.07425817847251892,,0.9137380123138428,,0.19915612041950226,,,0.9319405555725098,5.270951747894287,,1.3432563543319702,,0.1687309443950653,,0.2493850588798523,,,1.0320241451263428,,0.9137380123138428,,,,,0.3589009642601013,,,,,,,,,,,,,,,,,,,,,,,,
15,24249,,,,,0.010991794988512993,,0.008140972815454006,,0.0,,0.06184626370668411,,1.0,,0.198939248919487,,,0.0,0.0,,183.24447631835938,,0.15716704726219177,,0.09817370027303696,,,0.9809309840202332,,1.0,,,,,0.2621335983276367,,,,,,,,,,,,,,,,,,,,,,,,
15,24259,,,,,0.02269190549850464,,0.009704651311039925,,0.0,,0.07107197493314743,,1.0,,0.19927799701690674,,,0.0,0.0,,183.3895263671875,,0.1543968915939331,,0.11497610807418823,,,0.9619168043136597,,1.0,,,,,0.27471381425857544,,,,,,,,,,,,,,,,,,,,,,,,
15,24269,,,,,0.011700421571731567,,0.012554005719721317,,0.0,,0.1267746090888977,,0.004516912624239922,,0.19976089894771576,,,0.16421692073345184,0.00402440270408988,,0.0026635718531906605,,0.15255700051784515,,0.11497610807418823,,,0.44786420464515686,,0.004516912624239922,,,,,0.3429761528968811,,,,,,,,,,,,,,,,,,,,,,,,
15,24279,,,,,0.13509151339530945,,0.03409649059176445,,0.0,,0.06974252313375473,,0.9035711288452148,,0.19903583824634552,,,1.2895874977111816,6.128978252410889,,1.9612001180648804,,0.16634291410446167,,0.3007989525794983,,,1.2591211795806885,,0.9035711288452148,,,,,0.3850083649158478,,,,,,,,,,,,,,,,,,,,,,,,
15,24289,,,,,0.01131597813218832,,0.008286330848932266,,0.0,,0.058458361774683,,1.0,,0.19941969215869904,,,0.0,0.0,,175.90975952148438,,0.15491917729377747,,0.13079744577407837,,,0.9745951890945435,,1.0,,,,,0.27594050765037537,,,,,,,,,,,,,,,,,,,,,,,,
15,24299,,,,,0.0073755523189902306,,0.02016681805253029,,0.0,,0.06958414614200592,,0.9968278408050537,,0.1991308033466339,,,0.6818159222602844,5.415909767150879,,1.5625553131103516,,0.15032526850700378,,0.300041139125824,,,1.9729667901992798,,0.9968278408050537,,,,,0.3696240782737732,,,,,,,,,,,,,,,,,,,,,,,,
15,24309,,,,,0.010473518632352352,,0.014452748000621796,,0.0,,0.12850069999694824,,0.003473137505352497,,0.19989201426506042,,,0.13705116510391235,0.0036207435186952353,,0.005371477454900742,,0.14864958822727203,,0.25043755769729614,,,0.47731515765190125,,0.003473137505352497,,,,,0.3292427361011505,,,,,,,,,,,,,,,,,,,,,,,,
15,24319,,,,,0.053030937910079956,,0.008698154240846634,,0.0,,0.068544901907444,,1.0,,0.19914311170578003,,,0.0,0.0,,178.10577392578125,,0.1559671014547348,,0.13531222939491272,,,0.9765306711196899,,1.0,,,,,0.28383272886276245,,,,,,,,,,,,,,,,,,,,,,,,
15,24329,,,,,0.011577816680073738,,0.02297300472855568,,0.0,,0.10704956948757172,,1.0,,0.19948086142539978,,,0.0,0.0,,0.3174067437648773,,0.17126165330410004,,0.3140466809272766,,,0.7968465089797974,,1.0,,,,,0.40740588307380676,,,,,,,,,,,,,,,,,,,,,,,,
15,24339,,,,,0.010128783993422985,,0.026546895503997803,,0.0,,0.07790938764810562,,1.0556049346923828,,0.19906850159168243,,,0.987427830696106,5.167217254638672,,1.618708848953247,,0.1608542501926422,,0.22308608889579773,,,1.2534351348876953,,1.0556049346923828,,,,,0.3437325358390808,,,,,,,,,,,,,,,,,,,,,,,,
15,24349,,,,,0.01538307685405016,,0.00877039972692728,,0.0,,0.06178148463368416,,1.0,,0.19930726289749146,,,0.0,0.0,,179.73992919921875,,0.16261067986488342,,0.11428003758192062,,,0.9811432361602783,,1.0,,,,,0.2733749449253082,,,,,,,,,,,,,,,,,,,,,,,,
15,24359,,,,,0.01312323845922947,,0.01584276556968689,,0.0,,0.13746371865272522,,0.0027591772377490997,,0.1997183859348297,,,0.15664789080619812,0.009935673326253891,,0.004600887652486563,,0.15747223794460297,,0.3060767650604248,,,0.4512757360935211,,0.0027591772377490997,,,,,0.3539640009403229,,,,,,,,,,,,,,,,,,,,,,,,
15,24369,,,,,0.008826307952404022,,0.03987610340118408,,0.0,,0.09329283982515335,,0.8764858245849609,,0.19905681908130646,,,1.1308586597442627,5.005044460296631,,1.771095633506775,,0.1721152812242508,,0.25969934463500977,,,1.0853676795959473,,0.8764858245849609,,,,,0.3820202052593231,,,,,,,,,,,,,,,,,,,,,,,,
15,24379,,,,,0.01832958683371544,,0.010988391935825348,,0.0,,0.05948207154870033,,1.0,,0.19943003356456757,,,0.0,0.0,,187.39093017578125,,0.1603662669658661,,0.09120933711528778,,,1.0210931301116943,,1.0,,,,,0.2607380449771881,,,,,,,,,,,,,,,,,,,,,,,,
15,24389,,,,,0.013647034764289856,,0.02653362788259983,,0.0,,0.1024075448513031,,1.0,,0.2004166841506958,,,0.0,0.0,,0.361083984375,,0.17869776487350464,,0.2906811237335205,,,1.1799172163009644,,1.0,,,,,0.39936837553977966,,,,,,,,,,,,,,,,,,,,,,,,
15,24399,,,,,0.012356526218354702,,0.015922868624329567,,0.0,,0.15199588239192963,,0.004092023707926273,,0.19976353645324707,,,0.1449545919895172,0.010620955377817154,,0.002943669445812702,,0.14617526531219482,,0.14019416272640228,,,0.5318934321403503,,0.004092023707926273,,,,,0.3485449552536011,,,,,,,,,,,,,,,,,,,,,,,,
15,24409,,,,,0.011528542265295982,,0.011091326363384724,,0.0,,0.13229668140411377,,0.0028536356985569,,0.19992420077323914,,,0.14648613333702087,0.005743048153817654,,0.003556914161890745,,0.1479668915271759,,0.12316367030143738,,,0.5035632848739624,,0.0028536356985569,,,,,0.33506113290786743,,,,,,,,,,,,,,,,,,,,,,,,
15,24419,,,,,0.0449405163526535,,0.008205244317650795,,0.0,,0.063829205930233,,1.0,,0.19950515031814575,,,0.0,0.0,,175.03555297851562,,0.1582980751991272,,0.10126294195652008,,,1.0080156326293945,,1.0,,,,,0.26555031538009644,,,,,,,,,,,,,,,,,,,,,,,,
15,24429,,,,,0.07742004841566086,,0.019137240946292877,,0.0,,0.17257310450077057,,0.03436601161956787,,0.1996459662914276,,,0.17080804705619812,0.006530712358653545,,0.009121785871684551,,0.15200135111808777,,0.10161542892456055,,,0.5041437149047852,,0.03436601161956787,,,,,0.44232916831970215,,,,,,,,,,,,,,,,,,,,,,,,
15,24439,,,,,0.009355091489851475,,0.04039163142442703,,0.0,,0.0764646828174591,,0.9873736500740051,,0.19905191659927368,,,0.8451999425888062,4.598357200622559,,2.1393775939941406,,0.17285925149917603,,0.33020615577697754,,,1.3496627807617188,,0.9873736500740051,,,,,0.4094868302345276,,,,,,,,,,,,,,,,,,,,,,,,
15,24449,,,,,0.013111494481563568,,0.007551195099949837,,0.0,,0.058563001453876495,,1.0,,0.199074387550354,,,0.0,0.0,,175.57168579101562,,0.1552426815032959,,0.12160521745681763,,,0.9994314908981323,,1.0,,,,,0.27101823687553406,,,,,,,,,,,,,,,,,,,,,,,,
15,24459,,,,,0.014934729784727097,,0.02681492641568184,,0.0,,0.06845180690288544,,1.0036861896514893,,0.19886493682861328,,,0.8746933937072754,5.791499614715576,,2.0999603271484375,,0.15827378630638123,,0.2163059413433075,,,1.3351815938949585,,1.0036861896514893,,,,,0.3343557119369507,,,,,,,,,,,,,,,,,,,,,,,,
15,24469,,,,,0.06280513852834702,,0.023793790489435196,,0.0,,0.08423220366239548,,0.843213677406311,,0.1990901529788971,,,0.9172059297561646,5.04258394241333,,1.9238545894622803,,0.1658305674791336,,0.20714572072029114,,,0.9925788640975952,,0.843213677406311,,,,,0.340046226978302,,,,,,,,,,,,,,,,,,,,,,,,
15,24479,,,,,0.008695928379893303,,0.007926063612103462,,0.0,,0.07182327657938004,,1.0,,0.1990451067686081,,,0.0,0.0,,177.34300231933594,,0.1611364185810089,,0.12089724838733673,,,1.017808198928833,,1.0,,,,,0.28041404485702515,,,,,,,,,,,,,,,,,,,,,,,,
15,24489,,,,,0.013716193847358227,,0.010827654972672462,,0.0,,0.12623687088489532,,0.0026103854179382324,,0.19950851798057556,,,0.1564953774213791,0.006298642605543137,,0.004541011527180672,,0.14791135489940643,,0.2888091802597046,,,0.4791911840438843,,0.0026103854179382324,,,,,0.33962589502334595,,,,,,,,,,,,,,,,,,,,,,,,
15,24499,,,,,0.007740628905594349,,0.013902904465794563,,0.0,,0.1120983436703682,,0.003033732995390892,,0.19974005222320557,,,0.1388556957244873,0.004911632277071476,,0.00489309336990118,,0.1523229479789734,,0.10825091600418091,,,0.5212698578834534,,0.003033732995390892,,,,,0.32110294699668884,,,,,,,,,,,,,,,,,,,,,,,,
15,24509,,,,,0.010810939595103264,,0.017236381769180298,,0.0,,0.13001684844493866,,0.004111891612410545,,0.20133014023303986,,,0.15221844613552094,0.017487123608589172,,0.009171245619654655,,0.15376466512680054,,0.13111943006515503,,,0.4398573338985443,,0.004111891612410545,,,,,0.35142338275909424,,,,,,,,,,,,,,,,,,,,,,,,
15,24519,,,,,0.00973852165043354,,0.0068282196298241615,,0.0,,0.06021082028746605,,1.0,,0.19941653311252594,,,0.0,0.0,,185.484130859375,,0.15449833869934082,,0.11911843717098236,,,1.004960060119629,,1.0,,,,,0.2700361907482147,,,,,,,,,,,,,,,,,,,,,,,,
15,24529,,,,,0.009349014610052109,,0.009229602292180061,,0.0,,0.1266029328107834,,0.003983218222856522,,0.2000775784254074,,,0.14839471876621246,0.005669149570167065,,0.0029532331973314285,,0.15080447494983673,,0.10753417015075684,,,0.4905785322189331,,0.003983218222856522,,,,,0.33121487498283386,,,,,,,,,,,,,,,,,,,,,,,,
15,24539,,,,,0.04900846630334854,,0.012766852043569088,,0.0,,0.13261644542217255,,0.01896044611930847,,0.20040497183799744,,,0.1549597829580307,0.009548039175570011,,0.0071976385079324245,,0.15405035018920898,,0.13958525657653809,,,0.5230107307434082,,0.01896044611930847,,,,,0.38478052616119385,,,,,,,,,,,,,,,,,,,,,,,,
15,24549,,,,,0.01712437905371189,,0.02490033209323883,,0.0,,0.09388311952352524,,0.9261997938156128,,0.19911055266857147,,,0.7909093499183655,6.450889587402344,,1.41879403591156,,0.16637784242630005,,0.27791908383369446,,,1.4053949117660522,,0.9261997938156128,,,,,0.3810954689979553,,,,,,,,,,,,,,,,,,,,,,,,
15,24559,,,,,0.020685333758592606,,0.020930927246809006,,0.0,,0.06763745844364166,,0.8848307728767395,,0.19900532066822052,,,0.6772291660308838,5.456127166748047,,2.0278642177581787,,0.1620911955833435,,0.27701127529144287,,,1.4827628135681152,,0.8848307728767395,,,,,0.36333808302879333,,,,,,,,,,,,,,,,,,,,,,,,
15,24569,,,,,0.09040697664022446,,0.00817123893648386,,0.0,,0.05414305999875069,,1.0,,0.19930560886859894,,,0.0,0.0,,182.20285034179688,,0.1586948037147522,,0.11719820648431778,,,0.9861743450164795,,1.0,,,,,0.2687564790248871,,,,,,,,,,,,,,,,,,,,,,,,
15,24579,,,,,0.022918250411748886,,0.007968646474182606,,0.0,,0.06654122471809387,,1.0,,0.19924326241016388,,,0.0,0.0,,178.61624145507812,,0.15758287906646729,,0.09389887005090714,,,1.0282626152038574,,1.0,,,,,0.26261743903160095,,,,,,,,,,,,,,,,,,,,,,,,
15,24589,,,,,0.011346966028213501,,0.011053330264985561,,0.0,,0.13972629606723785,,0.004202227108180523,,0.19964781403541565,,,0.14565840363502502,0.002955422503873706,,0.004788131453096867,,0.1512972116470337,,0.10635294020175934,,,0.4455792307853699,,0.004202227108180523,,,,,0.3389102518558502,,,,,,,,,,,,,,,,,,,,,,,,
15,24599,,,,,0.045574113726615906,,0.0245685838162899,,0.0,,0.1600164771080017,,0.004826470278203487,,0.1999598741531372,,,0.16687586903572083,0.06006196141242981,,0.008844881318509579,,0.16339343786239624,,0.2871372401714325,,,0.49493342638015747,,0.004826470278203487,,,,,0.4374346137046814,,,,,,,,,,,,,,,,,,,,,,,,
15,24609,,,,,0.007812833413481712,,0.008978573605418205,,0.0,,0.10922438651323318,,0.0029259836301207542,,0.19956709444522858,,,0.15401381254196167,0.004286231938749552,,0.0025599736254662275,,0.15030694007873535,,0.21815450489521027,,,0.4915010929107666,,0.0029259836301207542,,,,,0.3222813308238983,,,,,,,,,,,,,,,,,,,,,,,,
15,24619,,,,,0.008303625509142876,,0.012170501984655857,,0.0,,0.13810524344444275,,0.0035949023440480232,,0.20019686222076416,,,0.15092721581459045,0.0036251915153115988,,0.0038290012162178755,,0.15034663677215576,,0.19840767979621887,,,0.4667544960975647,,0.0035949023440480232,,,,,0.3379039466381073,,,,,,,,,,,,,,,,,,,,,,,,
15,24629,,,,,0.008093101903796196,,0.0072797262109816074,,0.0,,0.06173035502433777,,1.0,,0.1996038556098938,,,0.0,0.0,,188.19033813476562,,0.15499350428581238,,0.11862887442111969,,,1.001521348953247,,1.0,,,,,0.2711181640625,,,,,,,,,,,,,,,,,,,,,,,,
15,24639,,,,,0.009333603084087372,,0.020106568932533264,,0.0,,0.16178782284259796,,0.0031935134902596474,,0.19969657063484192,,,0.15322627127170563,0.005794397555291653,,0.004649327136576176,,0.15537473559379578,,0.25543153285980225,,,0.4658051133155823,,0.0031935134902596474,,,,,0.35965147614479065,,,,,,,,,,,,,,,,,,,,,,,,
15,24649,,,,,0.015849057585000992,,0.008002923801541328,,0.0,,0.06332139670848846,,1.0,,0.19972333312034607,,,0.0,0.0,,183.2246551513672,,0.1587189882993698,,0.15364085137844086,,,1.0049834251403809,,1.0,,,,,0.2917037606239319,,,,,,,,,,,,,,,,,,,,,,,,
15,24659,,,,,0.016232114285230637,,0.014031405560672283,,0.0,,0.13216707110404968,,0.0067188311368227005,,0.1991223394870758,,,0.15857505798339844,0.007718078326433897,,0.0025739199481904507,,0.15393203496932983,,0.323779821395874,,,0.490127295255661,,0.0067188311368227005,,,,,0.35029205679893494,,,,,,,,,,,,,,,,,,,,,,,,
15,24669,,,,,0.009630246087908745,,0.017246926203370094,,0.0,,0.1378108114004135,,0.0040209004655480385,,0.1996147483587265,,,0.1527053415775299,0.0026459672953933477,,0.004115633200854063,,0.1550135463476181,,0.12943361699581146,,,0.49748122692108154,,0.0040209004655480385,,,,,0.34420672059059143,,,,,,,,,,,,,,,,,,,,,,,,
15,24679,,,,,0.01327904686331749,,0.010054390877485275,,0.0,,0.13272835314273834,,0.005131756886839867,,0.19937282800674438,,,0.15844181180000305,0.005997898057103157,,0.004736661911010742,,0.14992496371269226,,0.10880447924137115,,,0.5155811905860901,,0.005131756886839867,,,,,0.34390750527381897,,,,,,,,,,,,,,,,,,,,,,,,
15,24689,,,,,0.01296829991042614,,0.024009257555007935,,0.0,,0.09298086911439896,,0.8744935393333435,,0.1992303431034088,,,0.5944123268127441,4.725553035736084,,1.6992731094360352,,0.15622319281101227,,0.32288384437561035,,,2.153648853302002,,0.8744935393333435,,,,,0.39766377210617065,,,,,,,,,,,,,,,,,,,,,,,,
15,24699,,,,,0.011588355526328087,,0.010848669335246086,,0.0,,0.1367473006248474,,0.004536358639597893,,0.19919587671756744,,,0.14642757177352905,0.0054880548268556595,,0.00405044574290514,,0.14698150753974915,,0.27548348903656006,,,0.5028893947601318,,0.004536358639597893,,,,,0.3364580571651459,,,,,,,,,,,,,,,,,,,,,,,,
15,24709,,,,,0.010312890633940697,,0.016425982117652893,,0.0,,0.1477319598197937,,0.0032724812626838684,,0.2021072506904602,,,0.1616765260696411,0.012492180801928043,,0.0064767030999064445,,0.15410485863685608,,0.2326948046684265,,,0.47107425332069397,,0.0032724812626838684,,,,,0.36082062125205994,,,,,,,,,,,,,,,,,,,,,,,,
15,24719,,,,,0.01058016624301672,,0.01898132637143135,,0.0,,0.10883636772632599,,1.0,,0.19961674511432648,,,0.0,0.0,,0.3315609097480774,,0.16898126900196075,,0.26707950234413147,,,1.0575894117355347,,1.0,,,,,0.38174760341644287,,,,,,,,,,,,,,,,,,,,,,,,
15,24729,,,,,0.017801150679588318,,0.008986854925751686,,0.0,,0.12673936784267426,,0.0028869658708572388,,0.2000167816877365,,,0.15187105536460876,0.015726430341601372,,0.004309486132115126,,0.1523912250995636,,0.2516610622406006,,,0.5044389963150024,,0.0028869658708572388,,,,,0.34782177209854126,,,,,,,,,,,,,,,,,,,,,,,,
15,24739,,,,,0.017818886786699295,,0.017903288826346397,,0.0,,0.1546713262796402,,0.003999368287622929,,0.20045149326324463,,,0.15849970281124115,0.020970208570361137,,0.0187232606112957,,0.1543143391609192,,0.34260988235473633,,,0.47171708941459656,,0.003999368287622929,,,,,0.3805857002735138,,,,,,,,,,,,,,,,,,,,,,,,
15,24749,,,,,0.09383377432823181,,0.010445808060467243,,0.0,,0.1394888013601303,,0.04542333260178566,,0.20031070709228516,,,0.13590489327907562,0.012610702775418758,,0.0046206312254071236,,0.14528819918632507,,0.12678106129169464,,,0.485432505607605,,0.04542333260178566,,,,,0.4181686341762543,,,,,,,,,,,,,,,,,,,,,,,,
15,24759,,,,,0.019166724756360054,,0.009043780155479908,,0.0,,0.11834211647510529,,0.006310825236141682,,0.19996361434459686,,,0.15629367530345917,0.012444678694009781,,0.007448181509971619,,0.15688307583332062,,0.27570295333862305,,,0.5058067440986633,,0.006310825236141682,,,,,0.3493763208389282,,,,,,,,,,,,,,,,,,,,,,,,
15,24769,,,,,0.009993098676204681,,0.011333515867590904,,0.0,,0.06722785532474518,,1.0,,0.19930140674114227,,,0.0,0.0,,184.0316619873047,,0.16204681992530823,,0.11499392986297607,,,0.9903050661087036,,1.0,,,,,0.277451753616333,,,,,,,,,,,,,,,,,,,,,,,,
15,24779,,,,,0.01142574567347765,,0.02789837121963501,,0.0,,0.08983813226222992,,0.956161379814148,,0.19902344048023224,,,0.8008103370666504,4.407702445983887,,1.4915132522583008,,0.16714435815811157,,0.34574151039123535,,,1.0508716106414795,,0.956161379814148,,,,,0.41482290625572205,,,,,,,,,,,,,,,,,,,,,,,,
15,24789,,,,,0.01981411688029766,,0.014331156387925148,,0.0,,0.12999515235424042,,0.007245450280606747,,0.19941002130508423,,,0.14473575353622437,0.006071396172046661,,0.007624379359185696,,0.15244609117507935,,0.15975719690322876,,,0.46069076657295227,,0.007245450280606747,,,,,0.34712108969688416,,,,,,,,,,,,,,,,,,,,,,,,
15,24799,,,,,0.024978458881378174,,0.010292674414813519,,0.0,,0.05923377349972725,,1.0,,0.1998925507068634,,,0.0,0.0,,180.85494995117188,,0.1531037986278534,,0.13624611496925354,,,1.0202767848968506,,1.0,,,,,0.27938443422317505,,,,,,,,,,,,,,,,,,,,,,,,
15,24809,,,,,0.010397515259683132,,0.01222890056669712,,0.0,,0.13975049555301666,,0.0031359074637293816,,0.20003144443035126,,,0.1480213850736618,0.007541240192949772,,0.005350671708583832,,0.154188334941864,,0.28688251972198486,,,0.4713527262210846,,0.0031359074637293816,,,,,0.3439537584781647,,,,,,,,,,,,,,,,,,,,,,,,
15,24819,,,,,0.024262527003884315,,0.008755995891988277,,0.0,,0.1338474452495575,,0.0043760035187006,,0.20024473965168,,,0.14958339929580688,0.013246643356978893,,0.002754938555881381,,0.152713343501091,,0.3164639472961426,,,0.46730923652648926,,0.0043760035187006,,,,,0.35483574867248535,,,,,,,,,,,,,,,,,,,,,,,,
15,24829,,,,,0.017942240461707115,,0.010936109349131584,,0.0,,0.13678990304470062,,0.005974708124995232,,0.1997699737548828,,,0.14630918204784393,0.011287649162113667,,0.0036643713247030973,,0.15121543407440186,,0.23625029623508453,,,0.5260995030403137,,0.005974708124995232,,,,,0.34792855381965637,,,,,,,,,,,,,,,,,,,,,,,,
15,24839,,,,,0.014644019305706024,,0.013336516916751862,,0.0,,0.13830891251564026,,0.0051568541675806046,,0.20023924112319946,,,0.15092268586158752,0.01524428278207779,,0.005847814492881298,,0.1575293391942978,,0.24471047520637512,,,0.5055022239685059,,0.0051568541675806046,,,,,0.35535842180252075,,,,,,,,,,,,,,,,,,,,,,,,
15,24849,,,,,0.007353657856583595,,0.008094318211078644,,0.0,,0.06260723620653152,,1.0,,0.1993575245141983,,,0.0,0.0,,174.6068115234375,,0.1573009192943573,,0.11296169459819794,,,1.0111911296844482,,1.0,,,,,0.27016085386276245,,,,,,,,,,,,,,,,,,,,,,,,
15,24859,,,,,0.0162492822855711,,0.023189766332507133,,0.0,,0.07332650572061539,,0.9346920847892761,,0.19905801117420197,,,0.585290253162384,5.202929496765137,,2.0478968620300293,,0.15914642810821533,,0.2735118865966797,,,1.1321022510528564,,0.9346920847892761,,,,,0.36411628127098083,,,,,,,,,,,,,,,,,,,,,,,,
15,24869,,,,,0.014663138426840305,,0.014180825091898441,,0.0,,0.13311082124710083,,0.005062343552708626,,0.19937807321548462,,,0.14583459496498108,0.012135093100368977,,0.004519176669418812,,0.1585991084575653,,0.2755321264266968,,,0.4873664677143097,,0.005062343552708626,,,,,0.3485419452190399,,,,,,,,,,,,,,,,,,,,,,,,
15,24879,,,,,0.019385777413845062,,0.013313725590705872,,0.0,,0.1592334657907486,,0.006064507178962231,,0.19985634088516235,,,0.16167952120304108,0.004254704341292381,,0.0074087949469685555,,0.15741868317127228,,0.24573995172977448,,,0.48093461990356445,,0.006064507178962231,,,,,0.37096840143203735,,,,,,,,,,,,,,,,,,,,,,,,
15,24889,,,,,0.017899256199598312,,0.024842500686645508,,0.0,,0.11081620305776596,,1.0,,0.19963032007217407,,,0.0,0.0,,0.3770734667778015,,0.1770140528678894,,0.2909089922904968,,,1.7028400897979736,,1.0,,,,,0.4016060531139374,,,,,,,,,,,,,,,,,,,,,,,,
15,24899,,,,,0.011909453198313713,,0.01070580817759037,,0.0,,0.13853955268859863,,0.004635120742022991,,0.19965870678424835,,,0.14982019364833832,0.011952398344874382,,0.0022319371346384287,,0.15330302715301514,,0.22154425084590912,,,0.45500674843788147,,0.004635120742022991,,,,,0.345015287399292,,,,,,,,,,,,,,,,,,,,,,,,
15,24909,,,,,0.016160953789949417,,0.008026608265936375,,0.0,,0.05828797072172165,,1.0,,0.19963735342025757,,,0.0,0.0,,182.2806854248047,,0.15941965579986572,,0.10050369054079056,,,0.9911810755729675,,1.0,,,,,0.26293763518333435,,,,,,,,,,,,,,,,,,,,,,,,
15,24919,,,,,0.011916562914848328,,0.007510447409003973,,0.0,,0.06445661187171936,,1.0,,0.19913581013679504,,,0.0,0.0,,183.04531860351562,,0.1595514565706253,,0.09383539110422134,,,0.9826040267944336,,1.0,,,,,0.2622448801994324,,,,,,,,,,,,,,,,,,,,,,,,
15,24929,,,,,0.015395237132906914,,0.005953892134130001,,0.0,,0.07121479511260986,,1.0,,0.19919191300868988,,,0.0,0.0,,179.3233642578125,,0.15578189492225647,,0.09227752685546875,,,1.0148775577545166,,1.0,,,,,0.26221001148223877,,,,,,,,,,,,,,,,,,,,,,,,
15,24939,,,,,0.006098417565226555,,0.011421467177569866,,0.0,,0.13318376243114471,,0.0026236288249492645,,0.1999291479587555,,,0.15849797427654266,0.006323359441012144,,0.003747953101992607,,0.1492796093225479,,0.10826791822910309,,,0.4950970411300659,,0.0026236288249492645,,,,,0.33729004859924316,,,,,,,,,,,,,,,,,,,,,,,,
15,24949,,,,,0.009441830217838287,,0.010055523365736008,,0.0,,0.15512917935848236,,0.0038954634219408035,,0.1993618607521057,,,0.14344212412834167,0.007965531200170517,,0.004675774835050106,,0.15263503789901733,,0.29722893238067627,,,0.43526238203048706,,0.0038954634219408035,,,,,0.34607431292533875,,,,,,,,,,,,,,,,,,,,,,,,
15,24959,,,,,0.008818965405225754,,0.015642967075109482,,0.0,,0.13738541305065155,,0.0035416288301348686,,0.19951744377613068,,,0.15371961891651154,0.007662651594728231,,0.005121778696775436,,0.15080851316452026,,0.23811835050582886,,,0.4997327923774719,,0.0035416288301348686,,,,,0.34374815225601196,,,,,,,,,,,,,,,,,,,,,,,,
15,24969,,,,,0.006285776384174824,,0.010341540910303593,,0.0,,0.12156672030687332,,0.002291138283908367,,0.19984081387519836,,,0.145038440823555,0.00511659262701869,,0.002029075985774398,,0.1513976752758026,,0.09942688792943954,,,0.49643248319625854,,0.002291138283908367,,,,,0.32395121455192566,,,,,,,,,,,,,,,,,,,,,,,,
15,24979,,,,,0.015382394194602966,,0.01328720711171627,,0.0,,0.1575717329978943,,0.00621092040091753,,0.19945284724235535,,,0.15762537717819214,0.003779121907427907,,0.0035600997507572174,,0.15248434245586395,,0.2165917307138443,,,0.4632500410079956,,0.00621092040091753,,,,,0.35926276445388794,,,,,,,,,,,,,,,,,,,,,,,,
15,24989,,,,,0.011327201500535011,,0.007408441044390202,,0.0,,0.062005504965782166,,1.0,,0.19923079013824463,,,0.0,0.0,,181.82408142089844,,0.1575002670288086,,0.11627738177776337,,,0.9785504341125488,,1.0,,,,,0.2712112069129944,,,,,,,,,,,,,,,,,,,,,,,,
15,24999,,,,,0.011652272194623947,,0.006919669918715954,,0.0,,0.11352743208408356,,0.004231708124279976,,0.20018722116947174,,,0.14184890687465668,0.006573447957634926,,0.003071432001888752,,0.14716339111328125,,0.2682517468929291,,,0.4778791666030884,,0.004231708124279976,,,,,0.3212980031967163,,,,,,,,,,,,,,,,,,,,,,,,
15,25009,,,,,0.07002945244312286,,0.015355037525296211,,0.0,,0.14345628023147583,,0.033507801592350006,,0.19975173473358154,,,0.15978465974330902,0.003568202257156372,,0.0045279343612492085,,0.1531478762626648,,0.358408659696579,,,0.5242702960968018,,0.033507801592350006,,,,,0.40982532501220703,,,,,,,,,,,,,,,,,,,,,,,,
15,25019,,,,,0.008768698200583458,,0.009364386089146137,,0.0,,0.1257878839969635,,0.0035329805687069893,,0.19984418153762817,,,0.15535631775856018,0.0033324905671179295,,0.0032680779695510864,,0.14840170741081238,,0.1421063393354416,,,0.4756278395652771,,0.0035329805687069893,,,,,0.33144626021385193,,,,,,,,,,,,,,,,,,,,,,,,
15,25029,,,,,0.015430735424160957,,0.0066435253247618675,,0.0,,0.058189745992422104,,1.0,,0.19920070469379425,,,0.0,0.0,,183.87765502929688,,0.1579030156135559,,0.08637206256389618,,,0.9947417974472046,,1.0,,,,,0.2541545331478119,,,,,,,,,,,,,,,,,,,,,,,,
15,25039,,,,,0.02057209610939026,,0.007751505821943283,,0.0,,0.05956176668405533,,1.0,,0.19914762675762177,,,0.0,0.0,,180.97227478027344,,0.16054125130176544,,0.07781009376049042,,,1.0014612674713135,,1.0,,,,,0.25240612030029297,,,,,,,,,,,,,,,,,,,,,,,,
15,25049,,,,,0.009003362618386745,,0.013372844085097313,,0.0,,0.14654025435447693,,0.003341509960591793,,0.20285576581954956,,,0.1446761190891266,0.0056987483985722065,,0.0032946940045803785,,0.14992061257362366,,0.19377368688583374,,,0.4753924012184143,,0.003341509960591793,,,,,0.3421829044818878,,,,,,,,,,,,,,,,,,,,,,,,
15,25059,,,,,0.0064957477152347565,,0.01996615342795849,,0.0,,0.08385621011257172,,0.9593564867973328,,0.19900153577327728,,,0.549857497215271,5.116398811340332,,1.9054131507873535,,0.15977951884269714,,0.2872432470321655,,,1.0514599084854126,,0.9593564867973328,,,,,0.37492331862449646,,,,,,,,,,,,,,,,,,,,,,,,
15,25069,,,,,0.010057242587208748,,0.010143158957362175,,0.0,,0.060826994478702545,,1.0,,0.199141263961792,,,0.0,0.0,,179.0902557373047,,0.1627330183982849,,0.11712184548377991,,,1.0324907302856445,,1.0,,,,,0.27498313784599304,,,,,,,,,,,,,,,,,,,,,,,,
15,25079,,,,,0.011023218743503094,,0.007959367707371712,,0.0,,0.0678921490907669,,1.0,,0.1993543952703476,,,0.0,0.0,,185.3544921875,,0.1593683362007141,,0.13992434740066528,,,1.0556340217590332,,1.0,,,,,0.28724929690361023,,,,,,,,,,,,,,,,,,,,,,,,
15,25089,,,,,0.009917126037180424,,0.009385713376104832,,0.0,,0.07060462981462479,,1.0,,0.19933733344078064,,,0.0,0.0,,168.2965545654297,,0.15873552858829498,,0.2008233368396759,,,0.9954390525817871,,1.0,,,,,0.3194432854652405,,,,,,,,,,,,,,,,,,,,,,,,
15,25099,,,,,0.010825501754879951,,0.021116124466061592,,0.0,,0.15753713250160217,,0.004302069544792175,,0.199423149228096,,,0.1481553167104721,0.008618898689746857,,0.006258224602788687,,0.1587037891149521,,0.27056223154067993,,,0.48415499925613403,,0.004302069544792175,,,,,0.360731840133667,,,,,,,,,,,,,,,,,,,,,,,,
15,25109,,,,,0.012693668715655804,,0.028635267168283463,,0.0,,0.08123885840177536,,0.8899959325790405,,0.1990060955286026,,,0.6499788761138916,5.171966552734375,,1.797921895980835,,0.15465311706066132,,0.27661004662513733,,,1.649330735206604,,0.8899959325790405,,,,,0.3700717091560364,,,,,,,,,,,,,,,,,,,,,,,,
15,25119,,,,,0.011982002295553684,,0.013908468186855316,,0.0,,0.150675967335701,,0.004003833048045635,,0.2008974701166153,,,0.15092948079109192,0.010062736459076405,,0.003807642264291644,,0.1468518078327179,,0.12283337861299515,,,0.5064510107040405,,0.004003833048045635,,,,,0.3505488336086273,,,,,,,,,,,,,,,,,,,,,,,,
15,25129,,,,,0.008733374997973442,,0.007913460023701191,,0.0,,0.06641793251037598,,1.0,,0.19903047382831573,,,0.0,0.0,,187.7401580810547,,0.15508247911930084,,0.09863618016242981,,,0.9962670803070068,,1.0,,,,,0.26354026794433594,,,,,,,,,,,,,,,,,,,,,,,,
15,25139,,,,,0.015619244426488876,,0.020334113389253616,,0.0,,0.13554373383522034,,0.004845615476369858,,0.19939419627189636,,,0.15233875811100006,0.009621788747608662,,0.00483546731993556,,0.15943509340286255,,0.30674004554748535,,,0.4815984070301056,,0.004845615476369858,,,,,0.35637083649635315,,,,,,,,,,,,,,,,,,,,,,,,
15,25149,,,,,0.07651497423648834,,0.007032393477857113,,0.0,,0.05982831120491028,,1.0,,0.19905710220336914,,,0.0,0.0,,184.5071258544922,,0.16151162981987,,0.08606299757957458,,,1.00882887840271,,1.0,,,,,0.25674623250961304,,,,,,,,,,,,,,,,,,,,,,,,
15,25159,,,,,0.012363554909825325,,0.0072372592985630035,,0.0,,0.07766696810722351,,1.0,,0.1991807222366333,,,0.0,0.0,,179.68087768554688,,0.15631026029586792,,0.11964497715234756,,,1.0004903078079224,,1.0,,,,,0.2800200879573822,,,,,,,,,,,,,,,,,,,,,,,,
15,25169,,,,,0.010901881381869316,,0.01187131367623806,,0.0,,0.14495617151260376,,0.0026306873187422752,,0.1993473917245865,,,0.15332697331905365,0.004817270208150148,,0.0029524515848606825,,0.14508101344108582,,0.2392193078994751,,,0.4409366250038147,,0.0026306873187422752,,,,,0.34207814931869507,,,,,,,,,,,,,,,,,,,,,,,,
15,25179,,,,,0.012722532264888287,,0.012952381744980812,,0.0,,0.1299957036972046,,0.005378623493015766,,0.19954445958137512,,,0.14832811057567596,0.007049473933875561,,0.0031482658814638853,,0.1514005810022354,,0.10362569242715836,,,0.47535571455955505,,0.005378623493015766,,,,,0.33893200755119324,,,,,,,,,,,,,,,,,,,,,,,,
15,25189,,,,,0.01287595834583044,,0.014883186668157578,,0.0,,0.12975840270519257,,0.004994266666471958,,0.199636772274971,,,0.1502150446176529,0.005097437649965286,,0.004045459907501936,,0.15794631838798523,,0.10475634038448334,,,0.49376916885375977,,0.004994266666471958,,,,,0.34366726875305176,,,,,,,,,,,,,,,,,,,,,,,,
15,25199,,,,,0.011964009143412113,,0.011242701672017574,,0.0,,0.1288546472787857,,0.004622941836714745,,0.19915512204170227,,,0.14162035286426544,0.005218865815550089,,0.0033504697494208813,,0.1469029039144516,,0.33940213918685913,,,0.5108070969581604,,0.004622941836714745,,,,,0.3301365375518799,,,,,,,,,,,,,,,,,,,,,,,,
15,25209,,,,,0.010056673549115658,,0.006604263558983803,,0.0,,0.07550717890262604,,1.0,,0.19908660650253296,,,0.0,0.0,,177.3587646484375,,0.16044363379478455,,0.1217530369758606,,,1.0137860774993896,,1.0,,,,,0.2816973626613617,,,,,,,,,,,,,,,,,,,,,,,,
15,25219,,,,,0.015888214111328125,,0.01803566701710224,,0.0,,0.14980272948741913,,0.005427699536085129,,0.20042535662651062,,,0.14292579889297485,0.006037754472345114,,0.003897962858900428,,0.15527859330177307,,0.2733023762702942,,,0.46643900871276855,,0.005427699536085129,,,,,0.35409015417099,,,,,,,,,,,,,,,,,,,,,,,,
15,25229,,,,,0.013753470964729786,,0.025551635771989822,,0.0,,0.07334846258163452,,0.7908768057823181,,0.1989903748035431,,,0.7798095941543579,6.965688705444336,,2.0633320808410645,,0.15374398231506348,,0.2765302360057831,,,1.3768398761749268,,0.7908768057823181,,,,,0.36408233642578125,,,,,,,,,,,,,,,,,,,,,,,,
15,25239,,,,,0.010049552656710148,,0.026612842455506325,,0.0,,0.08878961950540543,,0.9224802255630493,,0.19900289177894592,,,1.0219132900238037,6.6242594718933105,,1.8829721212387085,,0.17439910769462585,,0.24878373742103577,,,1.2346487045288086,,0.9224802255630493,,,,,0.3687940835952759,,,,,,,,,,,,,,,,,,,,,,,,
15,25249,,,,,0.007509193383157253,,0.024006936699151993,,0.0,,0.1548265814781189,,0.0030032945796847343,,0.1996738165616989,,,0.15032942593097687,0.008420337922871113,,0.006885939743369818,,0.1574307233095169,,0.24341660737991333,,,0.44032084941864014,,0.0030032945796847343,,,,,0.35829606652259827,,,,,,,,,,,,,,,,,,,,,,,,
15,25259,,,,,0.013284276239573956,,0.0075052953325212,,0.0,,0.073041632771492,,1.0,,0.19931910932064056,,,0.0,0.0,,175.0546875,,0.15440362691879272,,0.12377867102622986,,,0.9933774471282959,,1.0,,,,,0.2790241837501526,,,,,,,,,,,,,,,,,,,,,,,,
15,25269,,,,,0.01191787701100111,,0.010995336808264256,,0.0,,0.14767810702323914,,0.004405392333865166,,0.19971367716789246,,,0.15025128424167633,0.01262053195387125,,0.005919939838349819,,0.14738938212394714,,0.28658413887023926,,,0.4750266969203949,,0.004405392333865166,,,,,0.3492020070552826,,,,,,,,,,,,,,,,,,,,,,,,
15,25279,,,,,0.022198935970664024,,0.027458684518933296,,0.0,,0.08088652789592743,,0.9960685968399048,,0.19893315434455872,,,0.6464287638664246,7.102560520172119,,1.5614697933197021,,0.16256752610206604,,0.24564915895462036,,,1.507643461227417,,0.9960685968399048,,,,,0.35774752497673035,,,,,,,,,,,,,,,,,,,,,,,,
15,25289,,,,,0.02064947783946991,,0.009800855070352554,,0.0,,0.1279267966747284,,0.009116696193814278,,0.19921576976776123,,,0.14799439907073975,0.004516766406595707,,0.0031792153604328632,,0.14726804196834564,,0.2855774462223053,,,0.47566890716552734,,0.009116696193814278,,,,,0.3406004309654236,,,,,,,,,,,,,,,,,,,,,,,,
15,25299,,,,,0.014623518101871014,,0.013658438809216022,,0.0,,0.1383134424686432,,0.004664607346057892,,0.19965790212154388,,,0.14221280813217163,0.002642258768901229,,0.004207281861454248,,0.15120834112167358,,0.2388235330581665,,,0.4812060296535492,,0.004664607346057892,,,,,0.3405737578868866,,,,,,,,,,,,,,,,,,,,,,,,
15,25309,,,,,0.010085944086313248,,0.010251360945403576,,0.0,,0.12301474064588547,,0.004185927100479603,,0.1994335651397705,,,0.14078104496002197,0.0067936875857412815,,0.002938237739726901,,0.15347325801849365,,0.11609397828578949,,,0.5024288892745972,,0.004185927100479603,,,,,0.32842889428138733,,,,,,,,,,,,,,,,,,,,,,,,
15,25319,,,,,0.013305237516760826,,0.006532479543238878,,0.0,,0.0708337277173996,,1.0,,0.19926893711090088,,,0.0,0.0,,179.532958984375,,0.15951721370220184,,0.11064158380031586,,,0.9966446757316589,,1.0,,,,,0.27339696884155273,,,,,,,,,,,,,,,,,,,,,,,,
15,25329,,,,,0.02209651470184326,,0.013625722378492355,,0.0,,0.15011849999427795,,0.006418597884476185,,0.19964700937271118,,,0.14697402715682983,0.02103756181895733,,0.0053643821738660336,,0.15510471165180206,,0.118308886885643,,,0.48384642601013184,,0.006418597884476185,,,,,0.36803245544433594,,,,,,,,,,,,,,,,,,,,,,,,
15,25339,,,,,0.07087383419275284,,0.02526259981095791,,0.0,,0.06454925239086151,,0.8634501099586487,,0.19910478591918945,,,0.9467896819114685,5.435089111328125,,1.7319368124008179,,0.16121330857276917,,0.3000529408454895,,,1.6876640319824219,,0.8634501099586487,,,,,0.37509143352508545,,,,,,,,,,,,,,,,,,,,,,,,
15,25349,,,,,0.012298449873924255,,0.016591276973485947,,0.0,,0.14295253157615662,,0.004228509031236172,,0.19960840046405792,,,0.15414734184741974,0.009368532337248325,,0.0038280710577964783,,0.15164795517921448,,0.0931733176112175,,,0.47779399156570435,,0.004228509031236172,,,,,0.35137051343917847,,,,,,,,,,,,,,,,,,,,,,,,
15,25359,,,,,0.012197218835353851,,0.024267904460430145,,0.0,,0.1467355638742447,,0.0045285411179065704,,0.20031984150409698,,,0.14655211567878723,0.004835471045225859,,0.006553282029926777,,0.15709301829338074,,0.1314718872308731,,,0.41436851024627686,,0.0045285411179065704,,,,,0.35537585616111755,,,,,,,,,,,,,,,,,,,,,,,,
15,25369,,,,,0.07495556026697159,,0.02206983044743538,,0.0,,0.08690749853849411,,0.9343242645263672,,0.19932937622070312,,,0.8326514363288879,4.263018608093262,,1.4908632040023804,,0.15635158121585846,,0.32689613103866577,,,1.509803056716919,,0.9343242645263672,,,,,0.39577722549438477,,,,,,,,,,,,,,,,,,,,,,,,
15,25379,,,,,0.01607384905219078,,0.01964072696864605,,0.0,,0.06927666813135147,,1.0083627700805664,,0.19925639033317566,,,0.9000721573829651,6.131059169769287,,1.6043012142181396,,0.159774050116539,,0.22311164438724518,,,1.20237135887146,,1.0083627700805664,,,,,0.33552974462509155,,,,,,,,,,,,,,,,,,,,,,,,
15,25389,,,,,0.017594564706087112,,0.011299886740744114,,0.0,,0.12419700622558594,,0.004712140187621117,,0.20014071464538574,,,0.14179497957229614,0.008568947203457355,,0.0031072283163666725,,0.14599953591823578,,0.28727853298187256,,,0.45461270213127136,,0.004712140187621117,,,,,0.33514872193336487,,,,,,,,,,,,,,,,,,,,,,,,
15,25399,,,,,0.010699202306568623,,0.006794854067265987,,0.0,,0.062310390174388885,,1.0,,0.1991538107395172,,,0.0,0.0,,190.79673767089844,,0.15688498318195343,,0.09844103455543518,,,1.0035067796707153,,1.0,,,,,0.26179254055023193,,,,,,,,,,,,,,,,,,,,,,,,
15,25409,,,,,0.008744263090193272,,0.006991450674831867,,0.0,,0.06453939527273178,,1.0,,0.1992778182029724,,,0.0,0.0,,179.62530517578125,,0.15646153688430786,,0.1023091971874237,,,0.9974804520606995,,1.0,,,,,0.2647897005081177,,,,,,,,,,,,,,,,,,,,,,,,
15,25419,,,,,0.008090177550911903,,0.01004851795732975,,0.0,,0.11941667646169662,,0.0030875159427523613,,0.2002515196800232,,,0.14263340830802917,0.011048857122659683,,0.004063141532242298,,0.15260741114616394,,0.0947771966457367,,,0.4890037477016449,,0.0030875159427523613,,,,,0.32812491059303284,,,,,,,,,,,,,,,,,,,,,,,,
15,25429,,,,,0.007520815823227167,,0.0065778582356870174,,0.0,,0.06180909648537636,,1.0,,0.19917981326580048,,,0.0,0.0,,180.7245330810547,,0.15588286519050598,,0.0905914306640625,,,1.0008575916290283,,1.0,,,,,0.2570205330848694,,,,,,,,,,,,,,,,,,,,,,,,
15,25439,,,,,0.009765264578163624,,0.012174021452665329,,0.0,,0.1322569102048874,,0.0034234486520290375,,0.1997857540845871,,,0.14750567078590393,0.004901028238236904,,0.0031927123200148344,,0.1496119350194931,,0.19223293662071228,,,0.4316224455833435,,0.0034234486520290375,,,,,0.33447927236557007,,,,,,,,,,,,,,,,,,,,,,,,
15,25449,,,,,0.028179049491882324,,0.010203604586422443,,0.0,,0.12850229442119598,,0.011931810528039932,,0.19978150725364685,,,0.1527532935142517,0.005594660062342882,,0.0019391690148040652,,0.1483645737171173,,0.13213689625263214,,,0.49548888206481934,,0.011931810528039932,,,,,0.35174858570098877,,,,,,,,,,,,,,,,,,,,,,,,
15,25459,,,,,0.011272944509983063,,0.030490081757307053,,0.0,,0.09202615171670914,,0.887514591217041,,0.19899733364582062,,,0.6576913595199585,6.5907416343688965,,1.454228162765503,,0.162742018699646,,0.2531614303588867,,,1.1310091018676758,,0.887514591217041,,,,,0.3687084913253784,,,,,,,,,,,,,,,,,,,,,,,,
15,25469,,,,,0.013162140734493732,,0.0058794524520635605,,0.0,,0.06667722761631012,,1.0,,0.1991693526506424,,,0.0,0.0,,179.25143432617188,,0.15660877525806427,,0.10644446313381195,,,0.9937211275100708,,1.0,,,,,0.2673896253108978,,,,,,,,,,,,,,,,,,,,,,,,
15,25479,,,,,0.031593725085258484,,0.014377286657691002,,0.0,,0.1479158103466034,,0.012509092688560486,,0.19940054416656494,,,0.14298555254936218,0.007407101336866617,,0.005296928342431784,,0.15352830290794373,,0.1345514953136444,,,0.4662848711013794,,0.012509092688560486,,,,,0.36704951524734497,,,,,,,,,,,,,,,,,,,,,,,,
15,25489,,,,,0.019995851442217827,,0.026912454515695572,,0.0,,0.07300028204917908,,0.8396991491317749,,0.19891004264354706,,,1.0106152296066284,7.148849010467529,,1.4009900093078613,,0.15969660878181458,,0.27001073956489563,,,1.2532613277435303,,0.8396991491317749,,,,,0.3642650842666626,,,,,,,,,,,,,,,,,,,,,,,,
15,25499,,,,,0.01381064485758543,,0.011176684871315956,,0.0,,0.1310865581035614,,0.004646374844014645,,0.20096322894096375,,,0.15044042468070984,0.0193534754216671,,0.005014199763536453,,0.1474110186100006,,0.09000921249389648,,,0.47067758440971375,,0.004646374844014645,,,,,0.3465334177017212,,,,,,,,,,,,,,,,,,,,,,,,
15,25509,,,,,0.01336745172739029,,0.011721793562173843,,0.0,,0.13518169522285461,,0.005359917879104614,,0.19932807981967926,,,0.14685069024562836,0.006940188352018595,,0.003510167822241783,,0.14863386750221252,,0.13712243735790253,,,0.44504815340042114,,0.005359917879104614,,,,,0.3394506871700287,,,,,,,,,,,,,,,,,,,,,,,,
15,25519,,,,,0.011442749761044979,,0.024202048778533936,,0.0,,0.07606788724660873,,1.0436680316925049,,0.19887614250183105,,,0.9422575235366821,5.585800647735596,,1.9477938413619995,,0.16740086674690247,,0.27730298042297363,,,1.418393611907959,,1.0436680316925049,,,,,0.3719249665737152,,,,,,,,,,,,,,,,,,,,,,,,
15,25519,,,,,,,,,,,,,,,,,,,,,,,,,,,,,,,,,,,,,,0.43778756260871887,0.19111470878124237,0.04637819528579712,0.06120053306221962,0.06266546249389648,0.0,0.31691721081733704,0.301837682723999,0.3125118315219879,0.5235484838485718,0.23602518439292908,13.148037910461426,0.24480758607387543,0.7351636290550232,1.0241661071777344,0.23522530496120453,0.301837682723999,0.8666795492172241,1.1033633947372437,0.4420240819454193,1.117677927017212,1.192220687866211
15,25519,0.007178283296525478,0.019902093335986137,0.004694255068898201,0.005675157997757196,,0.015194556675851345,,0.0,,0.10721393674612045,,0.45890316367149353,,0.19986586272716522,,1.1876174211502075,0.26040855050086975,,,42.436649322509766,,0.15667392313480377,,0.1919044852256775,,0.79201340675354,0.4704953730106354,,0.45890316367149353,,0.3684983551502228,0.3996128439903259,0.271857351064682,0.33860528469085693,,0.4989558160305023,0.35291603207588196,,,,,,,,,,,,,,,,,,,,,,
16,25529,,,,,0.009200172498822212,,0.027687745168805122,,0.0,,0.08769077062606812,,1.0949468612670898,,0.1989746391773224,,,0.6746476888656616,4.1525397300720215,,2.083719253540039,,0.16034971177577972,,0.26288604736328125,,,1.2516772747039795,,1.0949468612670898,,,,,0.36879444122314453,,,,,,,,,,,,,,,,,,,,,,,,
16,25539,,,,,0.010121757164597511,,0.02780795842409134,,0.0,,0.07445351779460907,,0.9696318507194519,,0.19887788593769073,,,0.7716681957244873,6.142005920410156,,1.664259433746338,,0.16606080532073975,,0.22511351108551025,,,1.2062665224075317,,0.9696318507194519,,,,,0.3461568355560303,,,,,,,,,,,,,,,,,,,,,,,,
16,25549,,,,,0.009963042102754116,,0.011311381123960018,,0.0,,0.118135005235672,,0.004625909961760044,,0.20012278854846954,,,0.14476487040519714,0.0027850032784044743,,0.0022726859897375107,,0.15166118741035461,,0.3516344130039215,,,0.47244465351104736,,0.004625909961760044,,,,,0.32548952102661133,,,,,,,,,,,,,,,,,,,,,,,,
16,25559,,,,,0.01245813723653555,,0.00748029351234436,,0.0,,0.06165769323706627,,1.0,,0.1991601586341858,,,0.0,0.0,,186.30319213867188,,0.15855105221271515,,0.09138697385787964,,,1.039126992225647,,1.0,,,,,0.25911808013916016,,,,,,,,,,,,,,,,,,,,,,,,
16,25569,,,,,0.010265884920954704,,0.01002560369670391,,0.0,,0.12379878759384155,,0.0039282264187932014,,0.2003072202205658,,,0.14162693917751312,0.007132250349968672,,0.003366607939824462,,0.14231544733047485,,0.30651843547821045,,,0.46374619007110596,,0.0039282264187932014,,,,,0.3245523273944855,,,,,,,,,,,,,,,,,,,,,,,,
16,25579,,,,,0.010972559452056885,,0.005620031151920557,,0.0,,0.062167707830667496,,1.0,,0.19951649010181427,,,0.0,0.0,,181.65908813476562,,0.15883669257164001,,0.07658222317695618,,,0.9785823822021484,,1.0,,,,,0.25136154890060425,,,,,,,,,,,,,,,,,,,,,,,,
16,25589,,,,,0.0071778991259634495,,0.010387391783297062,,0.0,,0.13127994537353516,,0.0017661042511463165,,0.1995769739151001,,,0.15119284391403198,0.0052574737928807735,,0.003283930476754904,,0.15082502365112305,,0.21312497556209564,,,0.40508756041526794,,0.0017661042511463165,,,,,0.33307966589927673,,,,,,,,,,,,,,,,,,,,,,,,
16,25599,,,,,0.013100882060825825,,0.011393769644200802,,0.0,,0.13584333658218384,,0.005292138084769249,,0.2000289410352707,,,0.15245981514453888,0.0038087526336312294,,0.003498741192743182,,0.1513465940952301,,0.08296088129281998,,,0.43881136178970337,,0.005292138084769249,,,,,0.34229084849357605,,,,,,,,,,,,,,,,,,,,,,,,
16,25609,,,,,0.00630237627774477,,0.014815881848335266,,0.0,,0.1263454109430313,,0.0021205339580774307,,0.1994606852531433,,,0.14785826206207275,0.005240435712039471,,0.00307890004478395,,0.15131986141204834,,0.08441399782896042,,,0.4434458613395691,,0.0021205339580774307,,,,,0.33036208152770996,,,,,,,,,,,,,,,,,,,,,,,,
16,25619,,,,,0.008928220719099045,,0.00966690108180046,,0.0,,0.1187712624669075,,0.002089756540954113,,0.19938154518604279,,,0.15462306141853333,0.006913179997354746,,0.004376044496893883,,0.15153178572654724,,0.20877055823802948,,,0.43284884095191956,,0.002089756540954113,,,,,0.3315601050853729,,,,,,,,,,,,,,,,,,,,,,,,
16,25629,,,,,0.007814105600118637,,0.00943705439567566,,0.0,,0.06121344491839409,,1.0,,0.1991867870092392,,,0.0,0.0,,174.6681365966797,,0.154700368642807,,0.10542349517345428,,,1.0114524364471436,,1.0,,,,,0.26498058438301086,,,,,,,,,,,,,,,,,,,,,,,,
16,25639,,,,,0.005155386868864298,,0.011083919554948807,,0.0,,0.11484429240226746,,0.001712283119559288,,0.19912874698638916,,,0.15249191224575043,0.00553405936807394,,0.004554437473416328,,0.14754250645637512,,0.28578659892082214,,,0.448137104511261,,0.001712283119559288,,,,,0.32274532318115234,,,,,,,,,,,,,,,,,,,,,,,,
16,25649,,,,,0.008152196183800697,,0.007192546501755714,,0.0,,0.056589275598526,,1.0,,0.19897231459617615,,,0.0,0.0,,173.8857421875,,0.156119704246521,,0.08612072467803955,,,1.0013421773910522,,1.0,,,,,0.25249728560447693,,,,,,,,,,,,,,,,,,,,,,,,
16,25659,,,,,0.05376029014587402,,0.019786857068538666,,0.0,,0.07085117697715759,,0.8478950262069702,,0.19895966351032257,,,0.6430310606956482,4.4123616218566895,,2.1054763793945312,,0.16256943345069885,,0.1771349459886551,,,1.35531747341156,,0.8478950262069702,,,,,0.3146510422229767,,,,,,,,,,,,,,,,,,,,,,,,
16,25669,,,,,0.06966866552829742,,0.013030330650508404,,0.0,,0.13422489166259766,,0.03305390104651451,,0.200246199965477,,,0.1421239674091339,0.004309443291276693,,0.0025983420200645924,,0.14985021948814392,,0.24896076321601868,,,0.4993038773536682,,0.03305390104651451,,,,,0.3928603529930115,,,,,,,,,,,,,,,,,,,,,,,,
16,25679,,,,,0.06973261386156082,,0.02178221195936203,,0.0,,0.07323864102363586,,0.9535747766494751,,0.19904658198356628,,,0.7355042695999146,3.399143695831299,,1.8791130781173706,,0.16271080076694489,,0.218727707862854,,,1.3779966831207275,,0.9535747766494751,,,,,0.33775296807289124,,,,,,,,,,,,,,,,,,,,,,,,
16,25689,,,,,0.011096297763288021,,0.035314224660396576,,0.0,,0.07101602852344513,,0.7935245633125305,,0.19887912273406982,,,1.467068076133728,7.495851039886475,,1.8616890907287598,,0.17098920047283173,,0.20720165967941284,,,1.196175217628479,,0.7935245633125305,,,,,0.34170013666152954,,,,,,,,,,,,,,,,,,,,,,,,
16,25699,,,,,0.011683479882776737,,0.007278522476553917,,0.0,,0.06031372770667076,,1.0,,0.1992352157831192,,,0.0,0.0,,179.48312377929688,,0.15654580295085907,,0.0688554048538208,,,1.0108753442764282,,1.0,,,,,0.2461143434047699,,,,,,,,,,,,,,,,,,,,,,,,
16,25709,,,,,0.022027364000678062,,0.006799086928367615,,0.0,,0.060097917914390564,,1.0,,0.1989934742450714,,,0.0,0.0,,181.71690368652344,,0.15628500282764435,,0.09198778867721558,,,0.9979970455169678,,1.0,,,,,0.25708162784576416,,,,,,,,,,,,,,,,,,,,,,,,
16,25719,,,,,0.06985415518283844,,0.0071829636581242085,,0.0,,0.13345788419246674,,0.03428535535931587,,0.19943653047084808,,,0.15449661016464233,0.04052291065454483,,0.002104450948536396,,0.14742207527160645,,0.1120290458202362,,,0.4839250445365906,,0.03428535535931587,,,,,0.41216588020324707,,,,,,,,,,,,,,,,,,,,,,,,
16,25729,,,,,0.015531240962445736,,0.00815863162279129,,0.0,,0.11301752179861069,,0.004239671863615513,,0.19944123923778534,,,0.15102505683898926,0.006355557590723038,,0.001785472733899951,,0.151934415102005,,0.2444063276052475,,,0.4506525993347168,,0.004239671863615513,,,,,0.3313902020454407,,,,,,,,,,,,,,,,,,,,,,,,
16,25739,,,,,0.008412450551986694,,0.0070025320164859295,,0.0,,0.11212801933288574,,0.002858377993106842,,0.19949489831924438,,,0.15398764610290527,0.004308743868023157,,0.001866605831310153,,0.14396841824054718,,0.08652228116989136,,,0.4203156530857086,,0.002858377993106842,,,,,0.31979086995124817,,,,,,,,,,,,,,,,,,,,,,,,
16,25749,,,,,0.007232544012367725,,0.00643015094101429,,0.0,,0.052337463945150375,,1.0,,0.1989384889602661,,,0.0,0.0,,183.30331420898438,,0.15577122569084167,,0.11994381248950958,,,0.9842591285705566,,1.0,,,,,0.2667105793952942,,,,,,,,,,,,,,,,,,,,,,,,
16,25759,,,,,0.008429394103586674,,0.022440418601036072,,0.0,,0.0966256707906723,,1.0,,0.19962598383426666,,,0.0,0.0,,0.3764216899871826,,0.16881683468818665,,0.28340354561805725,,,1.2433843612670898,,1.0,,,,,0.3854562044143677,,,,,,,,,,,,,,,,,,,,,,,,
16,25769,,,,,0.00864981859922409,,0.00662341108545661,,0.0,,0.05875943601131439,,1.0,,0.19910801947116852,,,0.0,0.0,,175.94256591796875,,0.15698093175888062,,0.0971364825963974,,,0.993148684501648,,1.0,,,,,0.25930413603782654,,,,,,,,,,,,,,,,,,,,,,,,
16,25779,,,,,0.005248916335403919,,0.006872158497571945,,0.0,,0.1072433814406395,,0.0021050842478871346,,0.19995367527008057,,,0.14758242666721344,0.004100140184164047,,0.0013861504849046469,,0.14577031135559082,,0.16282476484775543,,,0.45043978095054626,,0.0021050842478871346,,,,,0.31170302629470825,,,,,,,,,,,,,,,,,,,,,,,,
16,25789,,,,,0.009716695174574852,,0.010498479008674622,,0.0,,0.12799139320850372,,0.0034834137186408043,,0.20163306593894958,,,0.14123299717903137,0.0035881181247532368,,0.0026142168790102005,,0.14825847744941711,,0.09928050637245178,,,0.5026047825813293,,0.0034834137186408043,,,,,0.3276250660419464,,,,,,,,,,,,,,,,,,,,,,,,
16,25799,,,,,0.005822969600558281,,0.006675434298813343,,0.0,,0.10639944672584534,,0.002225300297141075,,0.19967710971832275,,,0.13353724777698517,0.004429038148373365,,0.0021255637984722853,,0.14473819732666016,,0.2242240607738495,,,0.4812753200531006,,0.002225300297141075,,,,,0.30461397767066956,,,,,,,,,,,,,,,,,,,,,,,,
16,25809,,,,,0.007256407290697098,,0.008860310539603233,,0.0,,0.10980500280857086,,0.0026449374854564667,,0.19922344386577606,,,0.14211726188659668,0.006154287606477737,,0.002627164823934436,,0.1466963291168213,,0.0939442440867424,,,0.47807249426841736,,0.0026449374854564667,,,,,0.3149982988834381,,,,,,,,,,,,,,,,,,,,,,,,
16,25819,,,,,0.06529557704925537,,0.017635580152273178,,0.0,,0.07087909430265427,,0.7804355621337891,,0.19882147014141083,,,0.843725323677063,6.92177152633667,,1.9848918914794922,,0.15403014421463013,,0.15408670902252197,,,1.1322373151779175,,0.7804355621337891,,,,,0.29772651195526123,,,,,,,,,,,,,,,,,,,,,,,,
16,25829,,,,,0.011496998369693756,,0.010606834664940834,,0.0,,0.12379592657089233,,0.004342525266110897,,0.1995166689157486,,,0.1528298556804657,0.002360767684876919,,0.002584164496511221,,0.14989501237869263,,0.19712889194488525,,,0.5160418748855591,,0.004342525266110897,,,,,0.3322915732860565,,,,,,,,,,,,,,,,,,,,,,,,
16,25839,,,,,0.006331648677587509,,0.015318334102630615,,0.0,,0.14134138822555542,,0.002110341563820839,,0.19940131902694702,,,0.15259288251399994,0.006870569195598364,,0.0023351453710347414,,0.15102064609527588,,0.21166808903217316,,,0.43738824129104614,,0.002110341563820839,,,,,0.34077179431915283,,,,,,,,,,,,,,,,,,,,,,,,
16,25849,,,,,0.008003929629921913,,0.012555871158838272,,0.0,,0.13078570365905762,,0.0034841978922486305,,0.19941511750221252,,,0.15510424971580505,0.002555467886850238,,0.002385510364547372,,0.14976368844509125,,0.21700206398963928,,,0.4591274559497833,,0.0034841978922486305,,,,,0.33428671956062317,,,,,,,,,,,,,,,,,,,,,,,,
16,25859,,,,,0.007332507986575365,,0.017624661326408386,,0.0,,0.07077718526124954,,1.0331408977508545,,0.1988026648759842,,,0.7941715121269226,7.2211456298828125,,1.9244880676269531,,0.15543168783187866,,0.20643042027950287,,,1.2777163982391357,,1.0331408977508545,,,,,0.3245333135128021,,,,,,,,,,,,,,,,,,,,,,,,
16,25869,,,,,0.010804851539433002,,0.01323754247277975,,0.0,,0.13340121507644653,,0.003681166097521782,,0.19962216913700104,,,0.13810795545578003,0.0031395084224641323,,0.002785432618111372,,0.15310326218605042,,0.10804601013660431,,,0.4575086832046509,,0.003681166097521782,,,,,0.33250340819358826,,,,,,,,,,,,,,,,,,,,,,,,
16,25879,,,,,0.008782222867012024,,0.008249904960393906,,0.0,,0.1324700117111206,,0.0030247652903199196,,0.19929850101470947,,,0.15006175637245178,0.004044878296554089,,0.0025446792133152485,,0.1458377242088318,,0.18658606708049774,,,0.4826841950416565,,0.0030247652903199196,,,,,0.330035924911499,,,,,,,,,,,,,,,,,,,,,,,,
16,25889,,,,,0.010019604116678238,,0.008613326586782932,,0.0,,0.06778397411108017,,1.0,,0.19898909330368042,,,0.0,0.0,,178.9449462890625,,0.15211942791938782,,0.10333704948425293,,,1.0104951858520508,,1.0,,,,,0.26542145013809204,,,,,,,,,,,,,,,,,,,,,,,,
16,25899,,,,,0.009251948446035385,,0.006783976219594479,,0.0,,0.061645444482564926,,1.0,,0.1993127316236496,,,0.0,0.0,,173.86074829101562,,0.1549207717180252,,0.11123868823051453,,,1.0004106760025024,,1.0,,,,,0.266950786113739,,,,,,,,,,,,,,,,,,,,,,,,
16,25909,,,,,0.007247562054544687,,0.007538754027336836,,0.0,,0.11828723549842834,,0.002425219863653183,,0.19966045022010803,,,0.1511809080839157,0.0037733775097876787,,0.001557705458253622,,0.1469506472349167,,0.25555258989334106,,,0.4660213589668274,,0.002425219863653183,,,,,0.3217221200466156,,,,,,,,,,,,,,,,,,,,,,,,
16,25919,,,,,0.010447904467582703,,0.023718252778053284,,0.0,,0.07621105015277863,,1.0768918991088867,,0.19882220029830933,,,0.7571183443069458,4.607903957366943,,1.9668421745300293,,0.16209250688552856,,0.18439555168151855,,,1.3205995559692383,,1.0768918991088867,,,,,0.32261979579925537,,,,,,,,,,,,,,,,,,,,,,,,
16,25929,,,,,0.007223043590784073,,0.01023024320602417,,0.0,,0.12024595588445663,,0.003175884485244751,,0.199667289853096,,,0.14958640933036804,0.004615697544068098,,0.0036817395593971014,,0.1531929075717926,,0.08432425558567047,,,0.44280949234962463,,0.003175884485244751,,,,,0.3278331458568573,,,,,,,,,,,,,,,,,,,,,,,,
16,25939,,,,,0.00717767933383584,,0.02261202409863472,,0.0,,0.09407474845647812,,1.0,,0.1993463933467865,,,0.0,0.0,,0.4068393409252167,,0.1699821650981903,,0.2430391013622284,,,0.9092347621917725,,1.0,,,,,0.36452722549438477,,,,,,,,,,,,,,,,,,,,,,,,
16,25949,,,,,0.0036289275158196688,,0.006327789276838303,,0.0,,0.0617220401763916,,1.0,,0.19909708201885223,,,0.0,0.0,,184.76806640625,,0.1548078954219818,,0.07034865766763687,,,1.0225956439971924,,1.0,,,,,0.24615173041820526,,,,,,,,,,,,,,,,,,,,,,,,
16,25959,,,,,0.006763985846191645,,0.014160312712192535,,0.0,,0.12062513828277588,,0.002455758862197399,,0.19976477324962616,,,0.14697657525539398,0.005043685436248779,,0.004782563075423241,,0.1467297524213791,,0.1898418664932251,,,0.4301851689815521,,0.002455758862197399,,,,,0.3258053958415985,,,,,,,,,,,,,,,,,,,,,,,,
16,25969,,,,,0.00801488570868969,,0.00796832051128149,,0.0,,0.10328128188848495,,0.003376476466655731,,0.20040488243103027,,,0.15465077757835388,0.0027133661787956953,,0.0029214832466095686,,0.14926081895828247,,0.2040676772594452,,,0.5086150765419006,,0.003376476466655731,,,,,0.3186153471469879,,,,,,,,,,,,,,,,,,,,,,,,
16,25979,,,,,0.0048131500370800495,,0.02064526453614235,,0.0,,0.07883074134588242,,0.9095818996429443,,0.1989191621541977,,,0.7310078144073486,4.691085338592529,,1.9061007499694824,,0.16216278076171875,,0.15440955758094788,,,1.1576519012451172,,0.9095818996429443,,,,,0.3074837327003479,,,,,,,,,,,,,,,,,,,,,,,,
16,25989,,,,,0.005679237190634012,,0.0064273495227098465,,0.0,,0.05631985142827034,,1.0,,0.19898764789104462,,,0.0,0.0,,173.81814575195312,,0.15338170528411865,,0.09307368099689484,,,1.015425205230713,,1.0,,,,,0.2540951073169708,,,,,,,,,,,,,,,,,,,,,,,,
16,25999,,,,,0.005720812361687422,,0.0311081875115633,,0.0,,0.07959245145320892,,1.0800464153289795,,0.19883452355861664,,,0.6311378479003906,4.963070392608643,,2.044175148010254,,0.1661769449710846,,0.1471843123435974,,,1.4173314571380615,,1.0800464153289795,,,,,0.31144821643829346,,,,,,,,,,,,,,,,,,,,,,,,
16,26009,,,,,0.006718625780194998,,0.007597343064844608,,0.0,,0.06150064617395401,,1.0,,0.19932173192501068,,,0.0,0.0,,181.21212768554688,,0.15941432118415833,,0.09660325944423676,,,1.0100970268249512,,1.0,,,,,0.2622186541557312,,,,,,,,,,,,,,,,,,,,,,,,
16,26019,,,,,0.008284496143460274,,0.007228731643408537,,0.0,,0.056942395865917206,,1.0,,0.19974707067012787,,,0.0,0.0,,180.46615600585938,,0.1559104323387146,,0.10255174338817596,,,1.0148375034332275,,1.0,,,,,0.2611902058124542,,,,,,,,,,,,,,,,,,,,,,,,
16,26029,,,,,0.008157413452863693,,0.006836787331849337,,0.0,,0.054167792201042175,,1.0,,0.19896797835826874,,,0.0,0.0,,184.00302124023438,,0.1548023819923401,,0.1077290028333664,,,1.012112021446228,,1.0,,,,,0.2612519860267639,,,,,,,,,,,,,,,,,,,,,,,,
16,26039,,,,,0.00509529747068882,,0.008069578558206558,,0.0,,0.1295943409204483,,0.0020625442266464233,,0.20114463567733765,,,0.1490154266357422,0.0030775705818086863,,0.001665664603933692,,0.14855189621448517,,0.08226677775382996,,,0.44665682315826416,,0.0020625442266464233,,,,,0.32565486431121826,,,,,,,,,,,,,,,,,,,,,,,,
16,26049,,,,,0.005710165947675705,,0.015293157659471035,,0.0,,0.1293797343969345,,0.0018728170543909073,,0.19917786121368408,,,0.14173731207847595,0.0031595288310199976,,0.004488062579184771,,0.1494629979133606,,0.19347412884235382,,,0.5177386403083801,,0.0018728170543909073,,,,,0.32705947756767273,,,,,,,,,,,,,,,,,,,,,,,,
16,26059,,,,,0.009851554408669472,,0.016821565106511116,,0.0,,0.07389682531356812,,0.8473070859909058,,0.19884604215621948,,,0.8087636828422546,4.889235019683838,,1.7439944744110107,,0.1527245193719864,,0.18113020062446594,,,1.5629889965057373,,0.8473070859909058,,,,,0.31170958280563354,,,,,,,,,,,,,,,,,,,,,,,,
16,26069,,,,,0.008329067379236221,,0.007746288552880287,,0.0,,0.11960800737142563,,0.003762613981962204,,0.19976511597633362,,,0.1452067345380783,0.002762056887149811,,0.0012806833256036043,,0.15244826674461365,,0.2644537091255188,,,0.4782979190349579,,0.003762613981962204,,,,,0.3227376341819763,,,,,,,,,,,,,,,,,,,,,,,,
16,26079,,,,,0.01166495680809021,,0.006940715480595827,,0.0,,0.12348251044750214,,0.004262134432792664,,0.1993730068206787,,,0.1437271237373352,0.004890080075711012,,0.001571406377479434,,0.14591990411281586,,0.22185754776000977,,,0.4996640980243683,,0.004262134432792664,,,,,0.3246173560619354,,,,,,,,,,,,,,,,,,,,,,,,
16,26089,,,,,0.0076317451894283295,,0.02137036994099617,,0.0,,0.06418760865926743,,0.9027753472328186,,0.19886191189289093,,,0.7259097099304199,4.115014553070068,,1.7747749090194702,,0.15887105464935303,,0.21593451499938965,,,1.3208365440368652,,0.9027753472328186,,,,,0.32961273193359375,,,,,,,,,,,,,,,,,,,,,,,,
16,26099,,,,,0.010879989713430405,,0.01203860342502594,,0.0,,0.13166674971580505,,0.004284084774553776,,0.19954247772693634,,,0.12840454280376434,0.003914151806384325,,0.0027075782418251038,,0.1474640965461731,,0.1900700479745865,,,0.47960561513900757,,0.004284084774553776,,,,,0.3237490952014923,,,,,,,,,,,,,,,,,,,,,,,,
16,26109,,,,,0.008202234283089638,,0.006992895156145096,,0.0,,0.0568431094288826,,1.0,,0.19921359419822693,,,0.0,0.0,,174.95962524414062,,0.1539756953716278,,0.09781530499458313,,,0.9874877333641052,,1.0,,,,,0.25742030143737793,,,,,,,,,,,,,,,,,,,,,,,,
16,26119,,,,,0.010252425447106361,,0.009797823615372181,,0.0,,0.11714250594377518,,0.004127657040953636,,0.1991538554430008,,,0.1433766782283783,0.004507914185523987,,0.00375807355158031,,0.14971359074115753,,0.24899083375930786,,,0.4201187491416931,,0.004127657040953636,,,,,0.32397764921188354,,,,,,,,,,,,,,,,,,,,,,,,
16,26129,,,,,0.008047038689255714,,0.007442834787070751,,0.0,,0.05791822448372841,,1.0,,0.19910693168640137,,,0.0,0.0,,176.96636962890625,,0.15617795288562775,,0.11495975404977798,,,1.0252727270126343,,1.0,,,,,0.2678028643131256,,,,,,,,,,,,,,,,,,,,,,,,
16,26139,,,,,0.006227650213986635,,0.0194493867456913,,0.0,,0.06423428654670715,,0.9196722507476807,,0.1989160031080246,,,0.6159206032752991,5.480492115020752,,1.751462697982788,,0.15708515048027039,,0.18693660199642181,,,1.2201848030090332,,0.9196722507476807,,,,,0.3133107125759125,,,,,,,,,,,,,,,,,,,,,,,,
16,26149,,,,,0.00550753902643919,,0.010807313024997711,,0.0,,0.11414313316345215,,0.002529837191104889,,0.19942639768123627,,,0.14251050353050232,0.0014757051831111312,,0.003224407322704792,,0.1511094868183136,,0.06663350015878677,,,0.4761955738067627,,0.002529837191104889,,,,,0.3168559968471527,,,,,,,,,,,,,,,,,,,,,,,,
16,26159,,,,,0.009599760174751282,,0.023461129516363144,,0.0,,0.06742136180400848,,0.9235579371452332,,0.19884636998176575,,,0.6655925512313843,6.762060642242432,,1.811838984489441,,0.15419965982437134,,0.185238316655159,,,1.3387925624847412,,0.9235579371452332,,,,,0.314583420753479,,,,,,,,,,,,,,,,,,,,,,,,
16,26169,,,,,0.04260093346238136,,0.011336442083120346,,0.0,,0.12541089951992035,,0.002505602315068245,,0.19924385845661163,,,0.15714530646800995,0.03380654752254486,,0.0034604216925799847,,0.14467975497245789,,0.11328840255737305,,,0.47748100757598877,,0.002505602315068245,,,,,0.38014253973960876,,,,,,,,,,,,,,,,,,,,,,,,
16,26179,,,,,0.004734173882752657,,0.012160716578364372,,0.0,,0.12629908323287964,,0.0018079569563269615,,0.19949479401111603,,,0.16032713651657104,0.004181531723588705,,0.002524647396057844,,0.1499856859445572,,0.2210063338279724,,,0.4214995503425598,,0.0018079569563269615,,,,,0.33222097158432007,,,,,,,,,,,,,,,,,,,,,,,,
16,26189,,,,,0.00784249510616064,,0.01318543590605259,,0.0,,0.11696213483810425,,0.003386254422366619,,0.2217101901769638,,,0.14624018967151642,0.0020384080708026886,,0.0034948065876960754,,0.15118639171123505,,0.09397949278354645,,,0.45775091648101807,,0.003386254422366619,,,,,0.3352512717247009,,,,,,,,,,,,,,,,,,,,,,,,
16,26199,,,,,0.005545247346162796,,0.01885470375418663,,0.0,,0.07045301795005798,,0.9220689535140991,,0.19880789518356323,,,0.5215209722518921,5.795187473297119,,1.9985368251800537,,0.151695117354393,,0.1639329344034195,,,1.6120632886886597,,0.9220689535140991,,,,,0.3018718361854553,,,,,,,,,,,,,,,,,,,,,,,,
16,26209,,,,,0.004249073565006256,,0.013294917531311512,,0.0,,0.12889666855335236,,0.0017205476760864258,,0.1990301012992859,,,0.1503741592168808,0.001994822872802615,,0.002070922637358308,,0.15287956595420837,,0.23564504086971283,,,0.4848666787147522,,0.0017205476760864258,,,,,0.32851964235305786,,,,,,,,,,,,,,,,,,,,,,,,
16,26219,,,,,0.005452841520309448,,0.005992565304040909,,0.0,,0.05922401323914528,,1.0,,0.19911061227321625,,,0.0,0.0,,182.2916717529297,,0.15516555309295654,,0.09520839899778366,,,0.9722378253936768,,1.0,,,,,0.2573505640029907,,,,,,,,,,,,,,,,,,,,,,,,
16,26229,,,,,0.008336696773767471,,0.024632584303617477,,0.0,,0.08312662690877914,,0.9790056943893433,,0.19881540536880493,,,0.845132052898407,4.628428936004639,,1.8467748165130615,,0.1577180027961731,,0.18004298210144043,,,1.3656699657440186,,0.9790056943893433,,,,,0.3221678137779236,,,,,,,,,,,,,,,,,,,,,,,,
16,26239,,,,,0.06959060579538345,,0.018093908205628395,,0.0,,0.07371252775192261,,0.9946850538253784,,0.19883327186107635,,,0.7093127965927124,5.404408931732178,,1.8118709325790405,,0.1556108295917511,,0.1456814855337143,,,1.1122852563858032,,0.9946850538253784,,,,,0.2959660291671753,,,,,,,,,,,,,,,,,,,,,,,,
16,26249,,,,,0.005525479093194008,,0.007263236213475466,,0.0,,0.10043682157993317,,0.002178865484893322,,0.19913002848625183,,,0.14351993799209595,0.004552628844976425,,0.002240628469735384,,0.14577510952949524,,0.13107085227966309,,,0.4250034689903259,,0.002178865484893322,,,,,0.30698466300964355,,,,,,,,,,,,,,,,,,,,,,,,
16,26259,,,,,0.00417555496096611,,0.02608177810907364,,0.0,,0.07559307664632797,,0.9157781004905701,,0.19888830184936523,,,0.6885464191436768,6.077827453613281,,2.250699996948242,,0.16485875844955444,,0.1895291805267334,,,1.3319847583770752,,0.9157781004905701,,,,,0.32747554779052734,,,,,,,,,,,,,,,,,,,,,,,,
16,26269,,,,,0.005588352680206299,,0.010071282275021076,,0.0,,0.12443123012781143,,0.0019767433404922485,,0.19998545944690704,,,0.14672937989234924,0.0024469797499477863,,0.002073268173262477,,0.1499767005443573,,0.21876437962055206,,,0.4557633399963379,,0.0019767433404922485,,,,,0.32344549894332886,,,,,,,,,,,,,,,,,,,,,,,,
16,26279,,,,,0.004941944964230061,,0.01575634256005287,,0.0,,0.06382543593645096,,1.0553524494171143,,0.1988735944032669,,,0.659950852394104,7.030486583709717,,1.7981290817260742,,0.14949414134025574,,0.2090139091014862,,,1.0519025325775146,,1.0553524494171143,,,,,0.3184816837310791,,,,,,,,,,,,,,,,,,,,,,,,
16,26289,,,,,0.006099386140704155,,0.006452166475355625,,0.0,,0.058678433299064636,,1.0,,0.19951486587524414,,,0.0,0.0,,185.907470703125,,0.1556113213300705,,0.0954098254442215,,,1.0253866910934448,,1.0,,,,,0.2578333020210266,,,,,,,,,,,,,,,,,,,,,,,,
16,26299,,,,,0.008875182829797268,,0.007076525129377842,,0.0,,0.04946816340088844,,1.0,,0.19904084503650665,,,0.0,0.0,,180.42845153808594,,0.1542423963546753,,0.08108211308717728,,,1.0126307010650635,,1.0,,,,,0.24545502662658691,,,,,,,,,,,,,,,,,,,,,,,,
16,26309,,,,,0.008139027282595634,,0.012207853607833385,,0.0,,0.10697101056575775,,0.0028976500034332275,,0.19958804547786713,,,0.1422463208436966,0.004947544075548649,,0.0023649479262530804,,0.1519842892885208,,0.2420271337032318,,,0.44360262155532837,,0.0028976500034332275,,,,,0.3182940185070038,,,,,,,,,,,,,,,,,,,,,,,,
16,26319,,,,,0.007030774839222431,,0.006371423602104187,,0.0,,0.05131429061293602,,1.0,,0.19932112097740173,,,0.0,0.0,,176.6821746826172,,0.15517374873161316,,0.0922815352678299,,,1.0130478143692017,,1.0,,,,,0.25223106145858765,,,,,,,,,,,,,,,,,,,,,,,,
16,26329,,,,,0.006526850163936615,,0.013563276268541813,,0.0,,0.12106918543577194,,0.0028376104310154915,,0.20011141896247864,,,0.14448191225528717,0.008214149624109268,,0.0047761606983840466,,0.15343859791755676,,0.10594108700752258,,,0.408569872379303,,0.0028376104310154915,,,,,0.3293541967868805,,,,,,,,,,,,,,,,,,,,,,,,
16,26339,,,,,0.052570242434740067,,0.006066472735255957,,0.0,,0.11138221621513367,,0.005453119054436684,,0.19962488114833832,,,0.15603460371494293,0.029909778386354446,,0.0020244265906512737,,0.15135031938552856,,0.0785692036151886,,,0.48139554262161255,,0.005453119054436684,,,,,0.3807666003704071,,,,,,,,,,,,,,,,,,,,,,,,
16,26349,,,,,0.008012964390218258,,0.008466514758765697,,0.0,,0.11043746024370193,,0.003582138568162918,,0.19926224648952484,,,0.14518962800502777,0.001686255680397153,,0.0025914194993674755,,0.1496402770280838,,0.1732795685529709,,,0.4793138802051544,,0.003582138568162918,,,,,0.316649854183197,,,,,,,,,,,,,,,,,,,,,,,,
16,26359,,,,,0.007568731904029846,,0.013237982988357544,,0.0,,0.11356121301651001,,0.0023439740762114525,,0.19943280518054962,,,0.14389583468437195,0.010151730850338936,,0.003918488509953022,,0.1505744457244873,,0.25050827860832214,,,0.4255865514278412,,0.0023439740762114525,,,,,0.3249549865722656,,,,,,,,,,,,,,,,,,,,,,,,
16,26369,,,,,0.008057039231061935,,0.007240372244268656,,0.0,,0.06577755510807037,,1.0,,0.1991913616657257,,,0.0,0.0,,176.49676513671875,,0.1542530059814453,,0.08808864653110504,,,1.0274819135665894,,1.0,,,,,0.25727546215057373,,,,,,,,,,,,,,,,,,,,,,,,
16,26379,,,,,0.004734234884381294,,0.010048827156424522,,0.0,,0.12403973937034607,,0.0020794635638594627,,0.19924062490463257,,,0.14995020627975464,0.0014588463818654418,,0.002858587307855487,,0.14598804712295532,,0.08408311009407043,,,0.4409153461456299,,0.0020794635638594627,,,,,0.3215266764163971,,,,,,,,,,,,,,,,,,,,,,,,
16,26389,,,,,0.00522452499717474,,0.020263032987713814,,0.0,,0.07183778285980225,,0.9379714727401733,,0.19892272353172302,,,0.5706786513328552,3.8496108055114746,,1.9891791343688965,,0.15610814094543457,,0.2435513138771057,,,1.5212428569793701,,0.9379714727401733,,,,,0.3453415036201477,,,,,,,,,,,,,,,,,,,,,,,,
16,26399,,,,,0.00607291841879487,,0.011553185991942883,,0.0,,0.11706144362688065,,0.0027790367603302,,0.1998990774154663,,,0.1501394659280777,0.0020235416013747454,,0.003091213060542941,,0.15272754430770874,,0.0945143848657608,,,0.4925581216812134,,0.0027790367603302,,,,,0.32432064414024353,,,,,,,,,,,,,,,,,,,,,,,,
16,26409,,,,,0.005074034444987774,,0.02112874761223793,,0.0,,0.06608991324901581,,0.9058568477630615,,0.1988822966814041,,,0.7072194218635559,4.915740966796875,,2.033478260040283,,0.15591925382614136,,0.16145463287830353,,,1.240112543106079,,0.9058568477630615,,,,,0.3017374277114868,,,,,,,,,,,,,,,,,,,,,,,,
16,26419,,,,,0.006177078932523727,,0.011873725801706314,,0.0,,0.14016176760196686,,0.0018901573494076729,,0.20170874893665314,,,0.14988452196121216,0.004970214329659939,,0.0022724911104887724,,0.15100747346878052,,0.2054048627614975,,,0.43497565388679504,,0.0018901573494076729,,,,,0.3371165096759796,,,,,,,,,,,,,,,,,,,,,,,,
16,26429,,,,,0.006268007215112448,,0.007487257942557335,,0.0,,0.11128290742635727,,0.002248067408800125,,0.1999136060476303,,,0.14330746233463287,0.002495679073035717,,0.0012931482633575797,,0.1464173048734665,,0.07494371384382248,,,0.48932045698165894,,0.002248067408800125,,,,,0.31236666440963745,,,,,,,,,,,,,,,,,,,,,,,,
16,26439,,,,,0.013483267277479172,,0.020539775490760803,,0.0,,0.07183447480201721,,1.0,,0.1994115263223648,,,0.0,0.0,,0.4062369763851166,,0.16736064851284027,,0.23019349575042725,,,1.2570191621780396,,1.0,,,,,0.34466996788978577,,,,,,,,,,,,,,,,,,,,,,,,
16,26449,,,,,0.006754158530384302,,0.012297224253416061,,0.0,,0.11364761739969254,,0.0018677394837141037,,0.1995389312505722,,,0.14708071947097778,0.002439661417156458,,0.002451400738209486,,0.14746391773223877,,0.07449258863925934,,,0.460999459028244,,0.0018677394837141037,,,,,0.3192138671875,,,,,,,,,,,,,,,,,,,,,,,,
16,26459,,,,,0.006273660808801651,,0.006387906149029732,,0.0,,0.06862243264913559,,1.0,,0.19901829957962036,,,0.0,0.0,,177.43936157226562,,0.15810061991214752,,0.08145933598279953,,,0.9768902063369751,,1.0,,,,,0.2567943036556244,,,,,,,,,,,,,,,,,,,,,,,,
16,26469,,,,,0.0687754675745964,,0.013638370670378208,,0.0,,0.13578355312347412,,0.03381912410259247,,0.19956882297992706,,,0.15298399329185486,0.0035627856850624084,,0.0031819716095924377,,0.1520867645740509,,0.15960660576820374,,,0.4829733967781067,,0.03381912410259247,,,,,0.3991786241531372,,,,,,,,,,,,,,,,,,,,,,,,
16,26479,,,,,0.005228863563388586,,0.007406387012451887,,0.0,,0.06009993702173233,,1.0,,0.19933965802192688,,,0.0,0.0,,178.4357147216797,,0.15453237295150757,,0.08004537969827652,,,0.9808290004730225,,1.0,,,,,0.2507118582725525,,,,,,,,,,,,,,,,,,,,,,,,
16,26489,,,,,0.004584351554512978,,0.009626008570194244,,0.0,,0.11036496609449387,,0.0012942720204591751,,0.19950713217258453,,,0.13802964985370636,0.00228892476297915,,0.0022253133356571198,,0.1500864028930664,,0.09267468750476837,,,0.43729227781295776,,0.0012942720204591751,,,,,0.3106485605239868,,,,,,,,,,,,,,,,,,,,,,,,
16,26499,,,,,0.004752385430037975,,0.00997363030910492,,0.0,,0.11703469604253769,,0.0012980075553059578,,0.19951611757278442,,,0.1482262760400772,0.0024580336175858974,,0.0028205018024891615,,0.14786747097969055,,0.21091356873512268,,,0.43485280871391296,,0.0012980075553059578,,,,,0.31870076060295105,,,,,,,,,,,,,,,,,,,,,,,,
16,26509,,,,,0.007421551272273064,,0.01824226602911949,,0.0,,0.07260729372501373,,1.0561583042144775,,0.1987953782081604,,,0.5733107328414917,5.380491733551025,,1.7191028594970703,,0.155448317527771,,0.13000358641147614,,,1.257106065750122,,1.0561583042144775,,,,,0.2875484228134155,,,,,,,,,,,,,,,,,,,,,,,,
16,26519,,,,,0.008095193654298782,,0.02488403581082821,,0.0,,0.08250976353883743,,1.0,,0.1993832290172577,,,0.0,0.0,,0.3411477208137512,,0.16384315490722656,,0.24012088775634766,,,1.2927772998809814,,1.0,,,,,0.35537052154541016,,,,,,,,,,,,,,,,,,,,,,,,
16,26529,,,,,0.0043122423812747,,0.010433539748191833,,0.0,,0.11907093226909637,,0.0018022311851382256,,0.19950568675994873,,,0.1470671445131302,0.001980104250833392,,0.0037011592648923397,,0.1486819088459015,,0.15007689595222473,,,0.4293435513973236,,0.0018022311851382256,,,,,0.31953248381614685,,,,,,,,,,,,,,,,,,,,,,,,
16,26539,,,,,0.006242450792342424,,0.021466154605150223,,0.0,,0.06291036307811737,,0.9141175746917725,,0.19884458184242249,,,0.6004914045333862,3.9532039165496826,,1.8657431602478027,,0.15529495477676392,,0.2146446853876114,,,1.363734483718872,,0.9141175746917725,,,,,0.32658037543296814,,,,,,,,,,,,,,,,,,,,,,,,
16,26549,,,,,0.0068762958981096745,,0.02195924147963524,,0.0,,0.06891462206840515,,0.883962869644165,,0.1988089382648468,,,0.6677321791648865,7.287188529968262,,1.834427833557129,,0.15690410137176514,,0.1593632996082306,,,1.3725132942199707,,0.883962869644165,,,,,0.3029751181602478,,,,,,,,,,,,,,,,,,,,,,,,
16,26559,,,,,0.007687726989388466,,0.008533602580428123,,0.0,,0.11314927786588669,,0.0035178735852241516,,0.19931542873382568,,,0.14675171673297882,0.0023844679817557335,,0.0018439143896102905,,0.14882521331310272,,0.1916082501411438,,,0.497086763381958,,0.0035178735852241516,,,,,0.3180895149707794,,,,,,,,,,,,,,,,,,,,,,,,
16,26569,,,,,0.024269690737128258,,0.009725566953420639,,0.0,,0.12282157689332962,,0.009667559526860714,,0.19949856400489807,,,0.13562674820423126,0.010192635469138622,,0.004062057007104158,,0.14996206760406494,,0.2235611081123352,,,0.49339228868484497,,0.009667559526860714,,,,,0.3402143120765686,,,,,,,,,,,,,,,,,,,,,,,,
16,26579,,,,,0.018043264746665955,,0.009238509461283684,,0.0,,0.1172318309545517,,0.00808646623045206,,0.200130432844162,,,0.15333646535873413,0.004011018667370081,,0.00243980810046196,,0.1438523530960083,,0.07307747006416321,,,0.4558714032173157,,0.00808646623045206,,,,,0.3331634998321533,,,,,,,,,,,,,,,,,,,,,,,,
16,26589,,,,,0.006237825844436884,,0.019261591136455536,,0.0,,0.1416895091533661,,0.0019530681893229485,,0.19925883412361145,,,0.13679169118404388,0.005110371392220259,,0.0033566325437277555,,0.1495334506034851,,0.15053203701972961,,,0.46796703338623047,,0.0019530681893229485,,,,,0.33373889327049255,,,,,,,,,,,,,,,,,,,,,,,,
16,26599,,,,,0.006415063515305519,,0.006357219070196152,,0.0,,0.06132210046052933,,1.0,,0.19907917082309723,,,0.0,0.0,,182.3732147216797,,0.15710973739624023,,0.09082304686307907,,,0.9784789085388184,,1.0,,,,,0.25734564661979675,,,,,,,,,,,,,,,,,,,,,,,,
16,26609,,,,,0.0062858350574970245,,0.02561151050031185,,0.0,,0.07212834060192108,,0.9573042988777161,,0.19885972142219543,,,0.5271504521369934,6.651063442230225,,1.4851373434066772,,0.16049596667289734,,0.21096660196781158,,,1.3134069442749023,,0.9573042988777161,,,,,0.3340310752391815,,,,,,,,,,,,,,,,,,,,,,,,
16,26619,,,,,0.007806259673088789,,0.006986754946410656,,0.0,,0.05559350177645683,,1.0,,0.1991269886493683,,,0.0,0.0,,180.63827514648438,,0.15483763813972473,,0.07479655742645264,,,1.030551552772522,,1.0,,,,,0.24567072093486786,,,,,,,,,,,,,,,,,,,,,,,,
16,26629,,,,,0.008041051216423512,,0.010753976181149483,,0.0,,0.13476333022117615,,0.003118441440165043,,0.19930773973464966,,,0.15022484958171844,0.0025160345248878,,0.0015135060530155897,,0.14718320965766907,,0.09591404348611832,,,0.4529019594192505,,0.003118441440165043,,,,,0.331172376871109,,,,,,,,,,,,,,,,,,,,,,,,
16,26639,,,,,0.00568690849468112,,0.03144800290465355,,0.0,,0.08223510533571243,,0.9567101001739502,,0.19890625774860382,,,0.5588161945343018,4.824836254119873,,1.7741427421569824,,0.15689510107040405,,0.2546658515930176,,,1.508840799331665,,0.9567101001739502,,,,,0.36207515001296997,,,,,,,,,,,,,,,,,,,,,,,,
16,26649,,,,,0.00837243627756834,,0.010283016599714756,,0.0,,0.13857948780059814,,0.0031836945563554764,,0.20007482171058655,,,0.13421358168125153,0.003354496555402875,,0.0028198957443237305,,0.14279676973819733,,0.09551463276147842,,,0.4628601670265198,,0.0031836945563554764,,,,,0.32443344593048096,,,,,,,,,,,,,,,,,,,,,,,,
16,26659,,,,,0.006816434673964977,,0.020669909194111824,,0.0,,0.07649704068899155,,0.9551665782928467,,0.19883354008197784,,,0.7720911502838135,5.024308681488037,,1.5834859609603882,,0.15486006438732147,,0.17893019318580627,,,1.2365005016326904,,0.9551665782928467,,,,,0.3148953914642334,,,,,,,,,,,,,,,,,,,,,,,,
16,26669,,,,,0.006187477149069309,,0.0063503095880150795,,0.0,,0.057897549122571945,,1.0,,0.1993042677640915,,,0.0,0.0,,180.47166442871094,,0.1542814075946808,,0.09463614970445633,,,0.9855831861495972,,1.0,,,,,0.2562348544597626,,,,,,,,,,,,,,,,,,,,,,,,
16,26679,,,,,0.0049108280800282955,,0.0063711730763316154,,0.0,,0.056598056107759476,,1.0,,0.19900035858154297,,,0.0,0.0,,187.00973510742188,,0.1569206416606903,,0.08240774273872375,,,0.974027156829834,,1.0,,,,,0.25064897537231445,,,,,,,,,,,,,,,,,,,,,,,,
16,26689,,,,,0.007113906089216471,,0.012212286703288555,,0.0,,0.12229782342910767,,0.002810087986290455,,0.1991163194179535,,,0.151031494140625,0.0030708208214491606,,0.002935086376965046,,0.14996092021465302,,0.09679917991161346,,,0.4370008707046509,,0.002810087986290455,,,,,0.3274262845516205,,,,,,,,,,,,,,,,,,,,,,,,
16,26699,,,,,0.06795120984315872,,0.006487476639449596,,0.0,,0.06530199199914932,,1.0,,0.19916309416294098,,,0.0,0.0,,179.4454345703125,,0.1570453643798828,,0.10671484470367432,,,1.020589828491211,,1.0,,,,,0.26735639572143555,,,,,,,,,,,,,,,,,,,,,,,,
16,26709,,,,,0.0699770599603653,,0.005720674060285091,,0.0,,0.060594089329242706,,1.0,,0.19912797212600708,,,0.0,0.0,,179.64315795898438,,0.15707355737686157,,0.09164996445178986,,,1.0040104389190674,,1.0,,,,,0.25708311796188354,,,,,,,,,,,,,,,,,,,,,,,,
16,26719,,,,,0.0073852334171533585,,0.007662159390747547,,0.0,,0.12186216562986374,,0.002801419235765934,,0.19986915588378906,,,0.14645032584667206,0.0028079194016754627,,0.0020599558483809233,,0.1474934071302414,,0.181890606880188,,,0.4657537043094635,,0.002801419235765934,,,,,0.32148775458335876,,,,,,,,,,,,,,,,,,,,,,,,
16,26729,,,,,0.06771937012672424,,0.01628914847970009,,0.0,,0.075896255671978,,1.0073281526565552,,0.19897986948490143,,,0.7095716595649719,5.794103622436523,,1.9071996212005615,,0.15223328769207,,0.23829077184200287,,,1.2180734872817993,,1.0073281526565552,,,,,0.34084466099739075,,,,,,,,,,,,,,,,,,,,,,,,
16,26739,,,,,0.007531246170401573,,0.019939914345741272,,0.0,,0.06958483904600143,,0.780413806438446,,0.19879788160324097,,,0.8085461854934692,4.966617107391357,,1.8604087829589844,,0.15553346276283264,,0.17165380716323853,,,1.3133362531661987,,0.780413806438446,,,,,0.3077549636363983,,,,,,,,,,,,,,,,,,,,,,,,
16,26749,,,,,0.005472022574394941,,0.006034105084836483,,0.0,,0.056326206773519516,,1.0,,0.19921961426734924,,,0.0,0.0,,183.17037963867188,,0.15243983268737793,,0.08505938947200775,,,1.0336729288101196,,1.0,,,,,0.2495395839214325,,,,,,,,,,,,,,,,,,,,,,,,
16,26759,,,,,0.005801216699182987,,0.011769866570830345,,0.0,,0.11777550727128983,,0.0024767983704805374,,0.19934247434139252,,,0.1433253437280655,0.004862746689468622,,0.0021362118422985077,,0.1500021517276764,,0.20885393023490906,,,0.48920801281929016,,0.0024767983704805374,,,,,0.3204083740711212,,,,,,,,,,,,,,,,,,,,,,,,
16,26769,,,,,0.008162617683410645,,0.009293858893215656,,0.0,,0.10849004983901978,,0.0035163816064596176,,0.19948652386665344,,,0.14854219555854797,0.0017130174674093723,,0.0023641474545001984,,0.1478945016860962,,0.08632567524909973,,,0.4711604118347168,,0.0035163816064596176,,,,,0.31705474853515625,,,,,,,,,,,,,,,,,,,,,,,,
16,26779,,,,,0.00523148849606514,,0.02979680337011814,,0.0,,0.07372156530618668,,1.1055824756622314,,0.19878530502319336,,,0.6350855827331543,4.698953628540039,,2.2006328105926514,,0.15909510850906372,,0.17079369723796844,,,1.3215203285217285,,1.1055824756622314,,,,,0.3160962462425232,,,,,,,,,,,,,,,,,,,,,,,,
16,26789,,,,,0.006199641618877649,,0.026019509881734848,,0.0,,0.06575329601764679,,1.091213583946228,,0.19876401126384735,,,0.7040271759033203,5.793066501617432,,1.5725700855255127,,0.16086533665657043,,0.204993337392807,,,1.037170648574829,,1.091213583946228,,,,,0.328197717666626,,,,,,,,,,,,,,,,,,,,,,,,
16,26799,,,,,0.005151247140020132,,0.010021138936281204,,0.0,,0.13224951922893524,,0.0018630754202604294,,0.19966648519039154,,,0.1481035202741623,0.005019760690629482,,0.0026908162981271744,,0.14863669872283936,,0.15487140417099,,,0.4626532196998596,,0.0018630754202604294,,,,,0.32834523916244507,,,,,,,,,,,,,,,,,,,,,,,,
16,26809,,,,,0.006545161362737417,,0.00785568542778492,,0.0,,0.1114218533039093,,0.002235698513686657,,0.19921553134918213,,,0.14799976348876953,0.0019269190961495042,,0.002247599884867668,,0.14695894718170166,,0.09353259205818176,,,0.4604954719543457,,0.002235698513686657,,,,,0.31535831093788147,,,,,,,,,,,,,,,,,,,,,,,,
16,26819,,,,,0.012737361714243889,,0.012344896793365479,,0.0,,0.12447140365839005,,0.005659203045070171,,0.19964340329170227,,,0.1448730081319809,0.0025540953502058983,,0.00306180352345109,,0.14866435527801514,,0.099395252764225,,,0.46467918157577515,,0.005659203045070171,,,,,0.3305438458919525,,,,,,,,,,,,,,,,,,,,,,,,
16,26829,,,,,0.007602628320455551,,0.019576434046030045,,0.0,,0.07527940720319748,,0.9385949373245239,,0.19885002076625824,,,1.1574268341064453,5.695714950561523,,1.569159746170044,,0.15446531772613525,,0.17449092864990234,,,1.0296144485473633,,0.9385949373245239,,,,,0.3113310635089874,,,,,,,,,,,,,,,,,,,,,,,,
16,26839,,,,,0.006612935569137335,,0.00732682878151536,,0.0,,0.05610153079032898,,1.0,,0.19893822073936462,,,0.0,0.0,,177.34982299804688,,0.15356388688087463,,0.09408829361200333,,,0.9924668073654175,,1.0,,,,,0.25500938296318054,,,,,,,,,,,,,,,,,,,,,,,,
16,26849,,,,,0.007902281358838081,,0.007117528934031725,,0.0,,0.09961891919374466,,0.0019746925681829453,,0.20124980807304382,,,0.13977570831775665,0.005622756667435169,,0.0027914547827094793,,0.14662954211235046,,0.0690898597240448,,,0.44865691661834717,,0.0019746925681829453,,,,,0.3093051612377167,,,,,,,,,,,,,,,,,,,,,,,,
16,26859,,,,,0.009778640232980251,,0.007186525966972113,,0.0,,0.053520895540714264,,1.0,,0.19914047420024872,,,0.0,0.0,,179.54556274414062,,0.1561390608549118,,0.09403034299612045,,,1.0015144348144531,,1.0,,,,,0.25500863790512085,,,,,,,,,,,,,,,,,,,,,,,,
16,26869,,,,,0.005519703030586243,,0.0066528283059597015,,0.0,,0.06064755842089653,,1.0,,0.1992444097995758,,,0.0,0.0,,185.600830078125,,0.1558980792760849,,0.09667591005563736,,,1.0077072381973267,,1.0,,,,,0.25955939292907715,,,,,,,,,,,,,,,,,,,,,,,,
16,26879,,,,,0.008770951069891453,,0.007005190476775169,,0.0,,0.05924088507890701,,1.0,,0.1990317404270172,,,0.0,0.0,,182.1702117919922,,0.15248778462409973,,0.10566632449626923,,,0.9938949942588806,,1.0,,,,,0.26171594858169556,,,,,,,,,,,,,,,,,,,,,,,,
16,26889,,,,,0.007183928973972797,,0.0062212334014475346,,0.0,,0.0658823773264885,,1.0,,0.1992264986038208,,,0.0,0.0,,183.9138641357422,,0.15822753310203552,,0.0797203779220581,,,0.9829983115196228,,1.0,,,,,0.25463902950286865,,,,,,,,,,,,,,,,,,,,,,,,
16,26899,,,,,0.004430118016898632,,0.006699752528220415,,0.0,,0.11303571611642838,,0.00191603135317564,,0.1991826593875885,,,0.13473784923553467,0.001863632583990693,,0.001724631292745471,,0.1518939733505249,,0.08976038545370102,,,0.437227725982666,,0.00191603135317564,,,,,0.3089992105960846,,,,,,,,,,,,,,,,,,,,,,,,
16,26909,,,,,0.006341616623103619,,0.007185230031609535,,0.0,,0.058753497898578644,,1.0,,0.19923952221870422,,,0.0,0.0,,185.5266571044922,,0.1559680998325348,,0.07729034125804901,,,0.9954755306243896,,1.0,,,,,0.24921834468841553,,,,,,,,,,,,,,,,,,,,,,,,
16,26919,,,,,0.005561716854572296,,0.008698432706296444,,0.0,,0.12234403938055038,,0.0025065941736102104,,0.19946271181106567,,,0.13909348845481873,0.002625991590321064,,0.0022898544557392597,,0.15045765042304993,,0.10224895179271698,,,0.5068620443344116,,0.0025065941736102104,,,,,0.31804782152175903,,,,,,,,,,,,,,,,,,,,,,,,
16,26929,,,,,0.004863672889769077,,0.012643318623304367,,0.0,,0.1281585693359375,,0.0019373446702957153,,0.19953353703022003,,,0.1486721783876419,0.0033892905339598656,,0.001962335780262947,,0.14983625710010529,,0.09456069022417068,,,0.4566994905471802,,0.0019373446702957153,,,,,0.3269614279270172,,,,,,,,,,,,,,,,,,,,,,,,
16,26939,,,,,0.004191895946860313,,0.012520074844360352,,0.0,,0.12641292810440063,,0.0016896873712539673,,0.19936306774616241,,,0.14910824596881866,0.0018289868021383882,,0.002476087538525462,,0.15272057056427002,,0.1702507883310318,,,0.45431628823280334,,0.0016896873712539673,,,,,0.32640689611434937,,,,,,,,,,,,,,,,,,,,,,,,
16,26949,,,,,0.006297714076936245,,0.006480029784142971,,0.0,,0.05269324779510498,,1.0,,0.19903464615345,,,0.0,0.0,,178.34861755371094,,0.157884418964386,,0.08573046326637268,,,0.9764366149902344,,1.0,,,,,0.2509114146232605,,,,,,,,,,,,,,,,,,,,,,,,
16,26959,,,,,0.004681585356593132,,0.008668258786201477,,0.0,,0.1095302402973175,,0.0015873489901423454,,0.19899407029151917,,,0.1484861969947815,0.002172719920054078,,0.0019268777687102556,,0.15097388625144958,,0.0941072553396225,,,0.4598928987979889,,0.0015873489901423454,,,,,0.3150576949119568,,,,,,,,,,,,,,,,,,,,,,,,
16,26969,,,,,0.00519857183098793,,0.014982826076447964,,0.0,,0.0891818106174469,,1.0,,0.19909362494945526,,,0.0,0.0,,0.3512372374534607,,0.16294267773628235,,0.2164846658706665,,,1.0293986797332764,,1.0,,,,,0.3413428068161011,,,,,,,,,,,,,,,,,,,,,,,,
16,26979,,,,,0.005550477188080549,,0.008649041876196861,,0.0,,0.12306243926286697,,0.0020712586119771004,,0.19977614283561707,,,0.14479506015777588,0.0035174833610653877,,0.0016110341530293226,,0.1446228176355362,,0.08991050720214844,,,0.45404791831970215,,0.0020712586119771004,,,,,0.3185674846172333,,,,,,,,,,,,,,,,,,,,,,,,
16,26989,,,,,0.007528288289904594,,0.01967223919928074,,0.0,,0.0772632360458374,,0.9060432314872742,,0.19888514280319214,,,0.8042683005332947,4.3168253898620605,,1.9782063961029053,,0.1579488068819046,,0.22827830910682678,,,1.6548254489898682,,0.9060432314872742,,,,,0.34102386236190796,,,,,,,,,,,,,,,,,,,,,,,,
16,26999,,,,,0.006007597781717777,,0.012693613767623901,,0.0,,0.11441107094287872,,0.002314209006726742,,0.19927875697612762,,,0.1465437412261963,0.009934925474226475,,0.00501001812517643,,0.14693063497543335,,0.0953802764415741,,,0.49279797077178955,,0.002314209006726742,,,,,0.32340896129608154,,,,,,,,,,,,,,,,,,,,,,,,
16,27009,,,,,0.003713876474648714,,0.0056215571239590645,,0.0,,0.056545600295066833,,1.0,,0.19897855818271637,,,0.0,0.0,,183.70770263671875,,0.15511950850486755,,0.10524965822696686,,,0.9928250312805176,,1.0,,,,,0.2607574462890625,,,,,,,,,,,,,,,,,,,,,,,,
16,27019,,,,,0.008661258965730667,,0.02577347494661808,,0.0,,0.06444501876831055,,1.0182828903198242,,0.19889120757579803,,,0.6290925145149231,5.145312309265137,,1.7285841703414917,,0.16149666905403137,,0.21410676836967468,,,1.491617202758789,,1.0182828903198242,,,,,0.3323565721511841,,,,,,,,,,,,,,,,,,,,,,,,
16,27029,,,,,0.008623069152235985,,0.013244510628283024,,0.0,,0.13074277341365814,,0.0038165561854839325,,0.20554810762405396,,,0.15157932043075562,0.004920078441500664,,0.004142316058278084,,0.15380263328552246,,0.09627263993024826,,,0.4799656569957733,,0.0038165561854839325,,,,,0.3406129479408264,,,,,,,,,,,,,,,,,,,,,,,,
16,27039,,,,,0.00462718028575182,,0.008603621274232864,,0.0,,0.11313620954751968,,0.001764439046382904,,0.19910651445388794,,,0.15305447578430176,0.0014503007987514138,,0.0017883619293570518,,0.15093843638896942,,0.09064001590013504,,,0.4630548655986786,,0.001764439046382904,,,,,0.31866613030433655,,,,,,,,,,,,,,,,,,,,,,,,
16,27049,,,,,0.005587900057435036,,0.012163625098764896,,0.0,,0.11382206529378891,,0.002321915701031685,,0.1991727352142334,,,0.15498507022857666,0.002685955259948969,,0.00290244584903121,,0.1521417200565338,,0.10327792167663574,,,0.43892568349838257,,0.002321915701031685,,,,,0.32452473044395447,,,,,,,,,,,,,,,,,,,,,,,,
16,27059,,,,,0.00585709884762764,,0.006367135792970657,,0.0,,0.05186166614294052,,1.0,,0.19918903708457947,,,0.0,0.0,,183.75274658203125,,0.15512827038764954,,0.08156726509332657,,,1.0211365222930908,,1.0,,,,,0.24705667793750763,,,,,,,,,,,,,,,,,,,,,,,,
16,27069,,,,,0.006523448973894119,,0.006329466588795185,,0.0,,0.053471896797418594,,1.0,,0.19910739362239838,,,0.0,0.0,,168.9819793701172,,0.1517125964164734,,0.07603809237480164,,,1.029064416885376,,1.0,,,,,0.243329718708992,,,,,,,,,,,,,,,,,,,,,,,,
16,27079,,,,,0.0066365404054522514,,0.022395502775907516,,0.0,,0.05743633583188057,,1.0045238733291626,,0.19875389337539673,,,0.8532734513282776,5.862271308898926,,1.8165457248687744,,0.1580672562122345,,0.1704566478729248,,,1.4509787559509277,,1.0045238733291626,,,,,0.30355483293533325,,,,,,,,,,,,,,,,,,,,,,,,
16,27089,,,,,0.007346523460000753,,0.01628616265952587,,0.0,,0.1406901478767395,,0.002517353743314743,,0.20017720758914948,,,0.14847305417060852,0.0034304854925721884,,0.0037821978330612183,,0.1500912606716156,,0.09490124881267548,,,0.43756335973739624,,0.002517353743314743,,,,,0.3388117551803589,,,,,,,,,,,,,,,,,,,,,,,,
16,27099,,,,,0.0067795137874782085,,0.006954353768378496,,0.0,,0.05427931249141693,,1.0,,0.1991148740053177,,,0.0,0.0,,171.33831787109375,,0.15292544662952423,,0.09800230711698532,,,1.007798671722412,,1.0,,,,,0.25563815236091614,,,,,,,,,,,,,,,,,,,,,,,,
16,27109,,,,,0.005062437616288662,,0.013915212824940681,,0.0,,0.12736955285072327,,0.0019723763689398766,,0.1998690366744995,,,0.12989503145217896,0.003902893979102373,,0.0028137322515249252,,0.1499730348587036,,0.10161709040403366,,,0.44182801246643066,,0.0019723763689398766,,,,,0.3189316689968109,,,,,,,,,,,,,,,,,,,,,,,,
16,27114,,,,,,,,,,,,,,,,,,,,,,,,,,,,,,,,,,,,,,0.41156941652297974,0.1742127388715744,0.053589388728141785,0.06369680166244507,0.060776837170124054,0.0,0.3172881603240967,0.2863515317440033,0.31518450379371643,0.473273366689682,0.21000851690769196,13.21949577331543,0.22152240574359894,0.6993794441223145,1.0489481687545776,0.23507072031497955,0.2863515317440033,0.8500017523765564,1.0415854454040527,0.4488370716571808,1.0539625883102417,1.1193722486495972
16,27114,0.00514310784637928,0.01248371321707964,0.0017892816103994846,0.002721430966630578,,0.013145986944437027,,0.0,,0.09657859802246094,,0.4579428434371948,,0.19960908591747284,,1.1755837202072144,0.23482373356819153,,,42.176517486572266,,0.15356050431728363,,0.1523800939321518,,0.7872489094734192,0.4681396484375,,0.4579428434371948,,0.3300640881061554,0.3571454882621765,0.2580300271511078,0.31476351618766785,,0.4988744258880615,0.3314421772956848,,,,,,,,,,,,,,,,,,,,,,
17,27119,,,,,0.004623305518180132,,0.006578069180250168,,0.0,,0.05732685700058937,,1.0,,0.19895203411579132,,,0.0,0.0,,179.6427001953125,,0.1535305678844452,,0.10348368436098099,,,1.001660704612732,,1.0,,,,,0.2599356174468994,,,,,,,,,,,,,,,,,,,,,,,,
17,27129,,,,,0.005205193068832159,,0.011006942950189114,,0.0,,0.11732492595911026,,0.0019365455955266953,,0.19915629923343658,,,0.148696169257164,0.002251286990940571,,0.0027067295741289854,,0.1489243507385254,,0.1518246829509735,,,0.46875837445259094,,0.0019365455955266953,,,,,0.32023856043815613,,,,,,,,,,,,,,,,,,,,,,,,
17,27139,,,,,0.013947821222245693,,0.010772265493869781,,0.0,,0.1174468845129013,,0.006167715415358543,,0.199484184384346,,,0.13191603124141693,0.0030244074296206236,,0.002058057114481926,,0.14880967140197754,,0.07820066809654236,,,0.4553108811378479,,0.006167715415358543,,,,,0.32070356607437134,,,,,,,,,,,,,,,,,,,,,,,,
17,27149,,,,,0.004618718288838863,,0.006127764470875263,,0.0,,0.05712789669632912,,1.0,,0.1990906000137329,,,0.0,0.0,,182.130126953125,,0.15834927558898926,,0.07941948622465134,,,1.039620041847229,,1.0,,,,,0.25005751848220825,,,,,,,,,,,,,,,,,,,,,,,,
17,27159,,,,,0.004584163427352905,,0.010704617947340012,,0.0,,0.11256629228591919,,0.0018431851640343666,,0.199112668633461,,,0.14343714714050293,0.00379081629216671,,0.0025852846447378397,,0.14816537499427795,,0.2135845422744751,,,0.4662293791770935,,0.0018431851640343666,,,,,0.31476524472236633,,,,,,,,,,,,,,,,,,,,,,,,
17,27169,,,,,0.004741549491882324,,0.02281183935701847,,0.0,,0.06464453786611557,,0.9125699996948242,,0.1988941729068756,,,0.6917029619216919,5.410898208618164,,2.40427827835083,,0.15659920871257782,,0.1991988569498062,,,1.3677301406860352,,0.9125699996948242,,,,,0.32107430696487427,,,,,,,,,,,,,,,,,,,,,,,,
17,27179,,,,,0.004474712535738945,,0.00736427865922451,,0.0,,0.05603284016251564,,1.0,,0.19900743663311005,,,0.0,0.0,,176.27169799804688,,0.15489238500595093,,0.07648904621601105,,,0.9973836541175842,,1.0,,,,,0.2468929886817932,,,,,,,,,,,,,,,,,,,,,,,,
17,27189,,,,,0.06849140673875809,,0.019919145852327347,,0.0,,0.07381322979927063,,0.9777659177780151,,0.19888925552368164,,,0.6211225986480713,5.683516025543213,,2.1558735370635986,,0.15934757888317108,,0.13814881443977356,,,1.1196579933166504,,0.9777659177780151,,,,,0.2950590252876282,,,,,,,,,,,,,,,,,,,,,,,,
17,27199,,,,,0.007036028895527124,,0.019841765984892845,,0.0,,0.07668034732341766,,1.0016529560089111,,0.19903717935085297,,,0.5741777420043945,4.862200736999512,,1.6260871887207031,,0.15620175004005432,,0.2432587444782257,,,1.824130654335022,,1.0016529560089111,,,,,0.3475099205970764,,,,,,,,,,,,,,,,,,,,,,,,
17,27209,,,,,0.006907838396728039,,0.02135234884917736,,0.0,,0.07594941556453705,,0.9968550205230713,,0.1988421082496643,,,0.6332103610038757,4.896430492401123,,2.01035737991333,,0.1566738784313202,,0.17122778296470642,,,1.3027617931365967,,0.9968550205230713,,,,,0.31202274560928345,,,,,,,,,,,,,,,,,,,,,,,,
17,27219,,,,,0.006648562848567963,,0.011254101991653442,,0.0,,0.12949858605861664,,0.0017240699380636215,,0.1994437277317047,,,0.1446540653705597,0.002062977757304907,,0.0027096641715615988,,0.14876067638397217,,0.1041819155216217,,,0.5089595317840576,,0.0017240699380636215,,,,,0.32584047317504883,,,,,,,,,,,,,,,,,,,,,,,,
17,27229,,,,,0.006586448289453983,,0.01855560392141342,,0.0,,0.08139161765575409,,0.9761364459991455,,0.19897030293941498,,,0.5507693290710449,4.0370659828186035,,2.1976284980773926,,0.15269804000854492,,0.19599191844463348,,,1.2359073162078857,,0.9761364459991455,,,,,0.32380375266075134,,,,,,,,,,,,,,,,,,,,,,,,
17,27239,,,,,0.0036884674336761236,,0.00545419380068779,,0.0,,0.0513782724738121,,1.0,,0.19911332428455353,,,0.0,0.0,,179.8895263671875,,0.15672460198402405,,0.07283424586057663,,,1.026595950126648,,1.0,,,,,0.2427523285150528,,,,,,,,,,,,,,,,,,,,,,,,
17,27249,,,,,0.005171529483050108,,0.00589420972391963,,0.0,,0.0981326699256897,,0.002126406878232956,,0.1994129717350006,,,0.1432572603225708,0.003903658129274845,,0.0017346253152936697,,0.14406032860279083,,0.1988232135772705,,,0.47381582856178284,,0.002126406878232956,,,,,0.303369402885437,,,,,,,,,,,,,,,,,,,,,,,,
17,27259,,,,,0.006404617801308632,,0.015297106467187405,,0.0,,0.12750837206840515,,0.002491530030965805,,0.19958239793777466,,,0.14728084206581116,0.0038685540203005075,,0.0035815699957311153,,0.15395280718803406,,0.09138844162225723,,,0.5151614546775818,,0.002491530030965805,,,,,0.3319404423236847,,,,,,,,,,,,,,,,,,,,,,,,
17,27269,,,,,0.0048361001536250114,,0.006612556986510754,,0.0,,0.05521544814109802,,1.0,,0.19929152727127075,,,0.0,0.0,,174.4481201171875,,0.15539836883544922,,0.09409597516059875,,,0.979181170463562,,1.0,,,,,0.2553069591522217,,,,,,,,,,,,,,,,,,,,,,,,
17,27279,,,,,0.004125760402530432,,0.006034601014107466,,0.0,,0.06501756608486176,,1.0,,0.19919323921203613,,,0.0,0.0,,182.52731323242188,,0.15518847107887268,,0.12242026627063751,,,1.041318655014038,,1.0,,,,,0.27392706274986267,,,,,,,,,,,,,,,,,,,,,,,,
17,27289,,,,,0.006495536305010319,,0.022582827135920525,,0.0,,0.06823433935642242,,0.9667891263961792,,0.19891658425331116,,,0.5711027979850769,4.615004539489746,,1.759669303894043,,0.1563989222049713,,0.18262118101119995,,,1.5328760147094727,,0.9667891263961792,,,,,0.31437692046165466,,,,,,,,,,,,,,,,,,,,,,,,
17,27299,,,,,0.007507592439651489,,0.006632314994931221,,0.0,,0.06277623772621155,,1.0,,0.19897139072418213,,,0.0,0.0,,174.38729858398438,,0.15544262528419495,,0.07491964101791382,,,1.0373477935791016,,1.0,,,,,0.24937111139297485,,,,,,,,,,,,,,,,,,,,,,,,
17,27309,,,,,0.006287145894020796,,0.01604999601840973,,0.0,,0.06938204914331436,,0.9300599694252014,,0.19882208108901978,,,0.6739518642425537,4.67802619934082,,1.833179235458374,,0.1523752510547638,,0.20746353268623352,,,1.4220802783966064,,0.9300599694252014,,,,,0.3220464587211609,,,,,,,,,,,,,,,,,,,,,,,,
17,27319,,,,,0.0048172553069889545,,0.006117664277553558,,0.0,,0.06510428339242935,,1.0,,0.19938737154006958,,,0.0,0.0,,177.7374725341797,,0.15783382952213287,,0.06834903359413147,,,0.9738442897796631,,1.0,,,,,0.248396098613739,,,,,,,,,,,,,,,,,,,,,,,,
17,27329,,,,,0.006094969809055328,,0.022423315793275833,,0.0,,0.06935292482376099,,0.8306006789207458,,0.1988774985074997,,,0.8478328585624695,6.603024005889893,,1.8281149864196777,,0.15632843971252441,,0.1781662255525589,,,1.654520869255066,,0.8306006789207458,,,,,0.31257420778274536,,,,,,,,,,,,,,,,,,,,,,,,
17,27339,,,,,0.06723494082689285,,0.007321314886212349,,0.0,,0.11383894830942154,,0.03290056064724922,,0.19963032007217407,,,0.15059968829154968,0.0034436313435435295,,0.002362683415412903,,0.14915731549263,,0.11813337355852127,,,0.5143111348152161,,0.03290056064724922,,,,,0.38041189312934875,,,,,,,,,,,,,,,,,,,,,,,,
17,27349,,,,,0.0060921707190573215,,0.0069926646538078785,,0.0,,0.10898391157388687,,0.002545595169067383,,0.20628948509693146,,,0.13786958158016205,0.0008109931950457394,,0.003201393410563469,,0.14706414937973022,,0.1021050438284874,,,0.41102492809295654,,0.002545595169067383,,,,,0.31169822812080383,,,,,,,,,,,,,,,,,,,,,,,,
17,27359,,,,,0.0051887971349060535,,0.007400297559797764,,0.0,,0.054254937916994095,,1.0,,0.19889211654663086,,,0.0,0.0,,190.56283569335938,,0.1553477644920349,,0.09781162440776825,,,0.9834257960319519,,1.0,,,,,0.2568533718585968,,,,,,,,,,,,,,,,,,,,,,,,
17,27369,,,,,0.00872127152979374,,0.02760729379951954,,0.0,,0.06566502898931503,,0.8836905360221863,,0.1988123059272766,,,0.6304782032966614,7.686349868774414,,1.9062151908874512,,0.1613956093788147,,0.17804978787899017,,,0.9935038685798645,,0.8836905360221863,,,,,0.31576502323150635,,,,,,,,,,,,,,,,,,,,,,,,
17,27379,,,,,0.009889394044876099,,0.009636862203478813,,0.0,,0.1398954689502716,,0.004063252359628677,,0.19958952069282532,,,0.1381877213716507,0.002872340613976121,,0.002119844313710928,,0.1476985216140747,,0.1873851865530014,,,0.4346526861190796,,0.004063252359628677,,,,,0.3298895061016083,,,,,,,,,,,,,,,,,,,,,,,,
17,27389,,,,,0.004161210730671883,,0.00814676471054554,,0.0,,0.10452772676944733,,0.0016509750857949257,,0.20034652948379517,,,0.14523260295391083,0.006251434329897165,,0.00234753405675292,,0.14811736345291138,,0.07668601721525192,,,0.4942111372947693,,0.0016509750857949257,,,,,0.31164616346359253,,,,,,,,,,,,,,,,,,,,,,,,
17,27399,,,,,0.00469686184078455,,0.009569084271788597,,0.0,,0.11827274411916733,,0.0020261798053979874,,0.19960574805736542,,,0.14040499925613403,0.0027205469086766243,,0.0025273440405726433,,0.1484663188457489,,0.1546700894832611,,,0.4714340567588806,,0.0020261798053979874,,,,,0.3154802620410919,,,,,,,,,,,,,,,,,,,,,,,,
17,27409,,,,,0.004461937118321657,,0.0072249979712069035,,0.0,,0.07717687636613846,,1.0,,0.19883020222187042,,,0.0,0.0,,175.7010955810547,,0.15558794140815735,,0.09356554597616196,,,0.9819515347480774,,1.0,,,,,0.266192764043808,,,,,,,,,,,,,,,,,,,,,,,,
17,27419,,,,,0.012766575440764427,,0.007125317119061947,,0.0,,0.09187688678503036,,0.005899924784898758,,0.19891437888145447,,,0.14471590518951416,0.0023943856358528137,,0.001652975333854556,,0.1446145474910736,,0.10288050770759583,,,0.4852244257926941,,0.005899924784898758,,,,,0.3084137737751007,,,,,,,,,,,,,,,,,,,,,,,,
17,27429,,,,,0.0046137236058712006,,0.008218488655984402,,0.0,,0.051346346735954285,,1.0,,0.19887785613536835,,,0.0,0.0,,179.0858154296875,,0.15585137903690338,,0.08667249977588654,,,1.0318855047225952,,1.0,,,,,0.25048327445983887,,,,,,,,,,,,,,,,,,,,,,,,
17,27439,,,,,0.006009523291140795,,0.006408731918781996,,0.0,,0.06483696401119232,,1.0,,0.19920259714126587,,,0.0,0.0,,174.076904296875,,0.15356853604316711,,0.12128670513629913,,,0.9873954057693481,,1.0,,,,,0.2726517617702484,,,,,,,,,,,,,,,,,,,,,,,,
17,27449,,,,,0.006569241639226675,,0.020085543394088745,,0.0,,0.08050999790430069,,1.0,,0.19923989474773407,,,0.0,0.0,,0.39023154973983765,,0.16770333051681519,,0.20983858406543732,,,1.1964929103851318,,1.0,,,,,0.3386886715888977,,,,,,,,,,,,,,,,,,,,,,,,
17,27459,,,,,0.00563003309071064,,0.006603158079087734,,0.0,,0.0668211430311203,,1.0,,0.1994091421365738,,,0.0,0.0,,178.23941040039062,,0.1569357067346573,,0.08853384852409363,,,1.0045750141143799,,1.0,,,,,0.25915151834487915,,,,,,,,,,,,,,,,,,,,,,,,
17,27469,,,,,0.0053754765540361404,,0.01080266386270523,,0.0,,0.13003012537956238,,0.0022741230204701424,,0.1993497610092163,,,0.15189747512340546,0.0032153583597391844,,0.0028899721801280975,,0.14778348803520203,,0.1653563529253006,,,0.47838836908340454,,0.0022741230204701424,,,,,0.3283599019050598,,,,,,,,,,,,,,,,,,,,,,,,
17,27479,,,,,0.005595391150563955,,0.007875151932239532,,0.0,,0.05383872240781784,,1.0,,0.1990920752286911,,,0.0,0.0,,182.17001342773438,,0.15492963790893555,,0.09292145818471909,,,0.9949109554290771,,1.0,,,,,0.25432851910591125,,,,,,,,,,,,,,,,,,,,,,,,
17,27489,,,,,0.00843809824436903,,0.011694712564349174,,0.0,,0.11909347027540207,,0.0035332608968019485,,0.20124109089374542,,,0.1423836052417755,0.002803678158670664,,0.0036449041217565536,,0.14773032069206238,,0.24948987364768982,,,0.41988012194633484,,0.0035332608968019485,,,,,0.322733998298645,,,,,,,,,,,,,,,,,,,,,,,,
17,27499,,,,,0.004028057213872671,,0.007381804287433624,,0.0,,0.05978146940469742,,1.0,,0.1991136521100998,,,0.0,0.0,,174.10191345214844,,0.15432672202587128,,0.07680875808000565,,,0.9693886637687683,,1.0,,,,,0.24870619177818298,,,,,,,,,,,,,,,,,,,,,,,,
17,27509,,,,,0.007434180937707424,,0.009468398056924343,,0.0,,0.10666583478450775,,0.002639506943523884,,0.19936147332191467,,,0.14264434576034546,0.0033715148456394672,,0.003535105846822262,,0.15099889039993286,,0.08513624966144562,,,0.4568164348602295,,0.002639506943523884,,,,,0.31545698642730713,,,,,,,,,,,,,,,,,,,,,,,,
17,27519,,,,,0.005995539948344231,,0.021786857396364212,,0.0,,0.0668310672044754,,0.9201740026473999,,0.19879360496997833,,,0.6941812038421631,5.337830543518066,,2.1468610763549805,,0.16003119945526123,,0.1663307249546051,,,1.1176936626434326,,0.9201740026473999,,,,,0.3068867325782776,,,,,,,,,,,,,,,,,,,,,,,,
17,27529,,,,,0.005426769144833088,,0.006976331118494272,,0.0,,0.09798968583345413,,0.0020421184599399567,,0.19921374320983887,,,0.15063098073005676,0.004806902725249529,,0.001796272466890514,,0.14248937368392944,,0.10310618579387665,,,0.4165504574775696,,0.0020421184599399567,,,,,0.3073784112930298,,,,,,,,,,,,,,,,,,,,,,,,
17,27539,,,,,0.006585821509361267,,0.01598733477294445,,0.0,,0.1194516122341156,,0.0023708650842309,,0.19954229891300201,,,0.14518658816814423,0.00416091363877058,,0.003287049476057291,,0.15319032967090607,,0.14846473932266235,,,0.47940385341644287,,0.0023708650842309,,,,,0.3269888758659363,,,,,,,,,,,,,,,,,,,,,,,,
17,27549,,,,,0.007617333438247442,,0.008764361962676048,,0.0,,0.1346607357263565,,0.0026599643751978874,,0.1991852968931198,,,0.15518151223659515,0.0033227165695279837,,0.0028041284531354904,,0.1480996459722519,,0.2114342600107193,,,0.4543113708496094,,0.0026599643751978874,,,,,0.33362650871276855,,,,,,,,,,,,,,,,,,,,,,,,
17,27559,,,,,0.007450255099684,,0.008290058933198452,,0.0,,0.12441455572843552,,0.0031006503850221634,,0.19933830201625824,,,0.1395309865474701,0.002561128232628107,,0.0015027907211333513,,0.14682352542877197,,0.21956397593021393,,,0.4364716410636902,,0.0031006503850221634,,,,,0.31868091225624084,,,,,,,,,,,,,,,,,,,,,,,,
17,27569,,,,,0.004184463061392307,,0.02614155411720276,,0.0,,0.06691195070743561,,0.9429061412811279,,0.19890013337135315,,,0.8411813378334045,5.823431968688965,,1.708853006362915,,0.16019143164157867,,0.18470390141010284,,,1.3896759748458862,,0.9429061412811279,,,,,0.3184244930744171,,,,,,,,,,,,,,,,,,,,,,,,
17,27579,,,,,0.0682339295744896,,0.01727573573589325,,0.0,,0.11562298238277435,,0.033493757247924805,,0.1993207186460495,,,0.14424999058246613,0.00556543143466115,,0.0061972844414412975,,0.15146587789058685,,0.17213228344917297,,,0.45192500948905945,,0.033493757247924805,,,,,0.38808295130729675,,,,,,,,,,,,,,,,,,,,,,,,
17,27589,,,,,0.005629410967230797,,0.007957981899380684,,0.0,,0.1102139875292778,,0.0016049360856413841,,0.19995622336864471,,,0.14855477213859558,0.0019085454987362027,,0.0023410008288919926,,0.14847345650196075,,0.09734825044870377,,,0.4112890958786011,,0.0016049360856413841,,,,,0.31533241271972656,,,,,,,,,,,,,,,,,,,,,,,,
17,27599,,,,,0.07562495768070221,,0.009897196665406227,,0.0,,0.12422598153352737,,0.03616039454936981,,0.20091962814331055,,,0.14855170249938965,0.004553166683763266,,0.002623888198286295,,0.14984431862831116,,0.18507932126522064,,,0.50052809715271,,0.03616039454936981,,,,,0.3959329128265381,,,,,,,,,,,,,,,,,,,,,,,,
17,27609,,,,,0.004758615978062153,,0.014543646015226841,,0.0,,0.13019311428070068,,0.001823478378355503,,0.19943569600582123,,,0.14914582669734955,0.005168513860553503,,0.0037907164078205824,,0.15164048969745636,,0.18530352413654327,,,0.42731982469558716,,0.001823478378355503,,,,,0.3317176401615143,,,,,,,,,,,,,,,,,,,,,,,,
17,27619,,,,,0.006563184317201376,,0.007065559271723032,,0.0,,0.05261455103754997,,1.0,,0.1988978087902069,,,0.0,0.0,,176.2848358154297,,0.15378206968307495,,0.08514278382062912,,,0.9837217330932617,,1.0,,,,,0.24875140190124512,,,,,,,,,,,,,,,,,,,,,,,,
17,27629,,,,,0.007883545011281967,,0.006076750811189413,,0.0,,0.09757417440414429,,0.0026761023327708244,,0.200931578874588,,,0.14216098189353943,0.002432384295389056,,0.0014125531306490302,,0.1467384248971939,,0.09040983021259308,,,0.4657071828842163,,0.0026761023327708244,,,,,0.3065469563007355,,,,,,,,,,,,,,,,,,,,,,,,
17,27639,,,,,0.0046553704887628555,,0.026020905002951622,,0.0,,0.06983200460672379,,0.8100215196609497,,0.19882836937904358,,,0.5109178423881531,3.8190207481384277,,1.9930131435394287,,0.16268539428710938,,0.19905440509319305,,,1.3286722898483276,,0.8100215196609497,,,,,0.3282105326652527,,,,,,,,,,,,,,,,,,,,,,,,
17,27649,,,,,0.006677150726318359,,0.006646832916885614,,0.0,,0.06383523344993591,,1.0,,0.19904668629169464,,,0.0,0.0,,173.3116455078125,,0.1540067493915558,,0.11488757282495499,,,1.0132458209991455,,1.0,,,,,0.2692115306854248,,,,,,,,,,,,,,,,,,,,,,,,
17,27659,,,,,0.004745790734887123,,0.008812975138425827,,0.0,,0.10786409676074982,,0.002234840765595436,,0.1991334706544876,,,0.1461889147758484,0.0033781644888222218,,0.002545294351875782,,0.1456718146800995,,0.2005961388349533,,,0.4657633602619171,,0.002234840765595436,,,,,0.31154313683509827,,,,,,,,,,,,,,,,,,,,,,,,
17,27669,,,,,0.005549979396164417,,0.014126576483249664,,0.0,,0.12061894685029984,,0.0017421962693333626,,0.19933314621448517,,,0.13433797657489777,0.0029105753637850285,,0.002938604447990656,,0.1536390334367752,,0.1021260917186737,,,0.4515271782875061,,0.0017421962693333626,,,,,0.3195023834705353,,,,,,,,,,,,,,,,,,,,,,,,
17,27679,,,,,0.006170772016048431,,0.015841249376535416,,0.0,,0.061758965253829956,,0.9239323139190674,,0.19883137941360474,,,0.5692359805107117,5.0521240234375,,2.089965581893921,,0.15273678302764893,,0.14545190334320068,,,1.0260908603668213,,0.9239323139190674,,,,,0.2873101234436035,,,,,,,,,,,,,,,,,,,,,,,,
17,27689,,,,,0.007285602856427431,,0.01176727470010519,,0.0,,0.11533330380916595,,0.002431590110063553,,0.19989711046218872,,,0.14113298058509827,0.004807766992598772,,0.0035058408975601196,,0.15091772377490997,,0.1288384050130844,,,0.45366519689559937,,0.002431590110063553,,,,,0.32096660137176514,,,,,,,,,,,,,,,,,,,,,,,,
17,27699,,,,,0.005873083136975765,,0.021514737978577614,,0.0,,0.0675443634390831,,0.7886885404586792,,0.19879432022571564,,,0.5655220150947571,4.99143123626709,,1.8198299407958984,,0.16109699010849,,0.18388697504997253,,,1.3353996276855469,,0.7886885404586792,,,,,0.31641870737075806,,,,,,,,,,,,,,,,,,,,,,,,
17,27709,,,,,0.004912950098514557,,0.031072450801730156,,0.0,,0.06835093349218369,,1.1199007034301758,,0.19873976707458496,,,0.8011683225631714,4.373501777648926,,1.77565336227417,,0.16328147053718567,,0.2005174160003662,,,1.3023808002471924,,1.1199007034301758,,,,,0.3309810161590576,,,,,,,,,,,,,,,,,,,,,,,,
17,27719,,,,,0.06814135611057281,,0.013293508440256119,,0.0,,0.11803999543190002,,0.033341992646455765,,0.19966059923171997,,,0.1500944197177887,0.00236727693118155,,0.002932110335677862,,0.145453542470932,,0.23580095171928406,,,0.48047956824302673,,0.033341992646455765,,,,,0.3840620517730713,,,,,,,,,,,,,,,,,,,,,,,,
17,27729,,,,,0.006123348139226437,,0.008264821022748947,,0.0,,0.11238434910774231,,0.002567160874605179,,0.19920822978019714,,,0.13659824430942535,0.005200732033699751,,0.0028559050988405943,,0.1481928825378418,,0.12439566850662231,,,0.500456690788269,,0.002567160874605179,,,,,0.31247591972351074,,,,,,,,,,,,,,,,,,,,,,,,
17,27739,,,,,0.006580110639333725,,0.010988641530275345,,0.0,,0.12044283002614975,,0.002780728042125702,,0.199893981218338,,,0.15130001306533813,0.003163191257044673,,0.002651888644322753,,0.15061023831367493,,0.0692252665758133,,,0.4648641049861908,,0.002780728042125702,,,,,0.326105535030365,,,,,,,,,,,,,,,,,,,,,,,,
17,27749,,,,,0.00601466279476881,,0.010129217058420181,,0.0,,0.123212069272995,,0.0026546819135546684,,0.20040185749530792,,,0.13969777524471283,0.003428366966545582,,0.0037068678066134453,,0.14510387182235718,,0.0692252665758133,,,0.43332815170288086,,0.0026546819135546684,,,,,0.3188546895980835,,,,,,,,,,,,,,,,,,,,,,,,
17,27759,,,,,0.006935947109013796,,0.00833278987556696,,0.0,,0.11172587424516678,,0.0021324465051293373,,0.19935181736946106,,,0.14937211573123932,0.0035616368986666203,,0.002154255285859108,,0.14679722487926483,,0.22049391269683838,,,0.4428105354309082,,0.0021324465051293373,,,,,0.317583829164505,,,,,,,,,,,,,,,,,,,,,,,,
17,27769,,,,,0.00502890907227993,,0.006542926654219627,,0.0,,0.0554584339261055,,1.0,,0.19918610155582428,,,0.0,0.0,,184.00498962402344,,0.1528572291135788,,0.10130029171705246,,,1.0194470882415771,,1.0,,,,,0.2576724886894226,,,,,,,,,,,,,,,,,,,,,,,,
17,27779,,,,,0.005911746062338352,,0.010393636301159859,,0.0,,0.13292156159877777,,0.0020183641463518143,,0.20020326972007751,,,0.1492866575717926,0.0022747318726032972,,0.0020918992813676596,,0.14715102314949036,,0.05998909845948219,,,0.45526427030563354,,0.0020183641463518143,,,,,0.328073114156723,,,,,,,,,,,,,,,,,,,,,,,,
17,27789,,,,,0.004753663670271635,,0.013531391508877277,,0.0,,0.12090514600276947,,0.0022841542959213257,,0.19937191903591156,,,0.1587395966053009,0.0024597172159701586,,0.0033824394922703505,,0.1459152102470398,,0.08252881467342377,,,0.46936166286468506,,0.0022841542959213257,,,,,0.32690638303756714,,,,,,,,,,,,,,,,,,,,,,,,
17,27799,,,,,0.006193247623741627,,0.008751709945499897,,0.0,,0.11291124671697617,,0.0025564292445778847,,0.19928263127803802,,,0.14656750857830048,0.007221648469567299,,0.0025172168388962746,,0.14942482113838196,,0.08845402300357819,,,0.4717661738395691,,0.0025564292445778847,,,,,0.31953164935112,,,,,,,,,,,,,,,,,,,,,,,,
17,27809,,,,,0.005933643784373999,,0.018132708966732025,,0.0,,0.1194116473197937,,0.0019455477595329285,,0.19912350177764893,,,0.1475689560174942,0.0021633764263242483,,0.003160400316119194,,0.15647244453430176,,0.08391619473695755,,,0.42309826612472534,,0.0019455477595329285,,,,,0.3289501667022705,,,,,,,,,,,,,,,,,,,,,,,,
17,27819,,,,,0.005644206888973713,,0.01684190146625042,,0.0,,0.13024955987930298,,0.0022582514211535454,,0.2001717984676361,,,0.13361921906471252,0.00296603562310338,,0.004746701568365097,,0.1551799476146698,,0.17380158603191376,,,0.4651848077774048,,0.0022582514211535454,,,,,0.32753175497055054,,,,,,,,,,,,,,,,,,,,,,,,
17,27829,,,,,0.005811045877635479,,0.006455263122916222,,0.0,,0.09937521070241928,,0.0023679211735725403,,0.19930331408977509,,,0.1344810277223587,0.0040895347483456135,,0.0027161892503499985,,0.14427489042282104,,0.24011322855949402,,,0.41560882329940796,,0.0023679211735725403,,,,,0.30115875601768494,,,,,,,,,,,,,,,,,,,,,,,,
17,27839,,,,,0.005406101234257221,,0.012146688997745514,,0.0,,0.11435113102197647,,0.001996690407395363,,0.19958259165287018,,,0.14154088497161865,0.0023473850451409817,,0.002593444660305977,,0.1490587294101715,,0.1980646848678589,,,0.41312867403030396,,0.001996690407395363,,,,,0.3162165582180023,,,,,,,,,,,,,,,,,,,,,,,,
17,27849,,,,,0.005958386696875095,,0.0062025017105042934,,0.0,,0.05620899051427841,,1.0,,0.19911590218544006,,,0.0,0.0,,176.8968963623047,,0.15415345132350922,,0.08083662390708923,,,1.0232224464416504,,1.0,,,,,0.24825872480869293,,,,,,,,,,,,,,,,,,,,,,,,
17,27859,,,,,0.006388353183865547,,0.006629900075495243,,0.0,,0.061833690851926804,,1.0,,0.1990956962108612,,,0.0,0.0,,177.6854705810547,,0.15440843999385834,,0.09101034700870514,,,1.020993709564209,,1.0,,,,,0.2564890384674072,,,,,,,,,,,,,,,,,,,,,,,,
17,27869,,,,,0.07107982039451599,,0.005076506640762091,,0.0,,0.05843553692102432,,1.0,,0.19912303984165192,,,0.0,0.0,,177.2347412109375,,0.15501873195171356,,0.10993137955665588,,,1.0520238876342773,,1.0,,,,,0.26379260420799255,,,,,,,,,,,,,,,,,,,,,,,,
17,27879,,,,,0.005828472785651684,,0.02412441559135914,,0.0,,0.06829851120710373,,0.9034899473190308,,0.19892451167106628,,,0.516461193561554,6.26255989074707,,1.5548914670944214,,0.15880277752876282,,0.20283858478069305,,,1.0851699113845825,,0.9034899473190308,,,,,0.32649439573287964,,,,,,,,,,,,,,,,,,,,,,,,
17,27889,,,,,0.006518210284411907,,0.011791465803980827,,0.0,,0.11327546834945679,,0.00248049758374691,,0.20193812251091003,,,0.1460653841495514,0.006399387959390879,,0.0033151465468108654,,0.14958566427230835,,0.10216869413852692,,,0.46220555901527405,,0.00248049758374691,,,,,0.3227035403251648,,,,,,,,,,,,,,,,,,,,,,,,
17,27899,,,,,0.004575010854750872,,0.006631356198340654,,0.0,,0.06225387752056122,,1.0,,0.19911816716194153,,,0.0,0.0,,168.9291229248047,,0.155290424823761,,0.08628615736961365,,,0.9680362939834595,,1.0,,,,,0.2547900080680847,,,,,,,,,,,,,,,,,,,,,,,,
17,27909,,,,,0.006164940074086189,,0.01131884753704071,,0.0,,0.12499791383743286,,0.002172227017581463,,0.19930273294448853,,,0.136562317609787,0.005505144130438566,,0.004389079287648201,,0.14656829833984375,,0.1969148963689804,,,0.38466066122055054,,0.002172227017581463,,,,,0.3204871118068695,,,,,,,,,,,,,,,,,,,,,,,,
17,27919,,,,,0.00572648411616683,,0.013386936858296394,,0.0,,0.13157851994037628,,0.0019421614706516266,,0.19940559566020966,,,0.1330699920654297,0.005706220865249634,,0.003970574587583542,,0.1488688588142395,,0.0823054388165474,,,0.42838990688323975,,0.0019421614706516266,,,,,0.3237198293209076,,,,,,,,,,,,,,,,,,,,,,,,
17,27929,,,,,0.006395931821316481,,0.010315733961760998,,0.0,,0.13272765278816223,,0.0027157319709658623,,0.19945746660232544,,,0.14085401594638824,0.00322889257222414,,0.002490714658051729,,0.15206269919872284,,0.07532759010791779,,,0.42516040802001953,,0.0027157319709658623,,,,,0.32696452736854553,,,,,,,,,,,,,,,,,,,,,,,,
17,27939,,,,,0.005393346771597862,,0.006125742103904486,,0.0,,0.060625508427619934,,1.0,,0.19924204051494598,,,0.0,0.0,,176.81065368652344,,0.1548614799976349,,0.09983894973993301,,,1.0040475130081177,,1.0,,,,,0.2603468596935272,,,,,,,,,,,,,,,,,,,,,,,,
17,27949,,,,,0.004994622897356749,,0.007870400324463844,,0.0,,0.10020207613706589,,0.0020415708422660828,,0.19939057528972626,,,0.143485426902771,0.002160075819119811,,0.001658950699493289,,0.14856930077075958,,0.09928901493549347,,,0.41779619455337524,,0.0020415708422660828,,,,,0.30666303634643555,,,,,,,,,,,,,,,,,,,,,,,,
17,27959,,,,,0.0062921131029725075,,0.00679929181933403,,0.0,,0.06287810206413269,,1.0,,0.19896452128887177,,,0.0,0.0,,177.55221557617188,,0.15576590597629547,,0.09010802954435349,,,1.0143400430679321,,1.0,,,,,0.25725793838500977,,,,,,,,,,,,,,,,,,,,,,,,
17,27969,,,,,0.006371938623487949,,0.008690999820828438,,0.0,,0.10685247927904129,,0.002436922863125801,,0.19937722384929657,,,0.1481647789478302,0.0036638625897467136,,0.002458946779370308,,0.14902442693710327,,0.2003478705883026,,,0.4568865895271301,,0.002436922863125801,,,,,0.3154883086681366,,,,,,,,,,,,,,,,,,,,,,,,
17,27979,,,,,0.0043425667099654675,,0.016978388652205467,,0.0,,0.1285209208726883,,0.0016720360144972801,,0.20134571194648743,,,0.14373214542865753,0.0031068476382642984,,0.003738710656762123,,0.1531294882297516,,0.16068032383918762,,,0.48633116483688354,,0.0016720360144972801,,,,,0.3296186625957489,,,,,,,,,,,,,,,,,,,,,,,,
17,27989,,,,,0.004881684668362141,,0.01809312030673027,,0.0,,0.0692448765039444,,0.9436054229736328,,0.19878999888896942,,,0.5251718163490295,4.799714088439941,,2.037675142288208,,0.14993518590927124,,0.18687506020069122,,,1.7178277969360352,,0.9436054229736328,,,,,0.31146910786628723,,,,,,,,,,,,,,,,,,,,,,,,
17,27999,,,,,0.013829582370817661,,0.008375420235097408,,0.0,,0.12049496173858643,,0.00659122783690691,,0.19957515597343445,,,0.15125255286693573,0.0018046668265014887,,0.0016631707549095154,,0.14602984488010406,,0.09407246112823486,,,0.44792595505714417,,0.00659122783690691,,,,,0.3284274637699127,,,,,,,,,,,,,,,,,,,,,,,,
17,28009,,,,,0.0049288952723145485,,0.011525845155119896,,0.0,,0.0989324226975441,,0.0017551211640238762,,0.19929973781108856,,,0.1433565318584442,0.002484858501702547,,0.002989224623888731,,0.14878760278224945,,0.21377316117286682,,,0.42947685718536377,,0.0017551211640238762,,,,,0.3086169958114624,,,,,,,,,,,,,,,,,,,,,,,,
17,28019,,,,,0.06982822716236115,,0.010983435437083244,,0.0,,0.14423541724681854,,0.033164020627737045,,0.19933441281318665,,,0.14487987756729126,0.004292932339012623,,0.0021396733354777098,,0.1539141684770584,,0.16495776176452637,,,0.4826998710632324,,0.033164020627737045,,,,,0.39971816539764404,,,,,,,,,,,,,,,,,,,,,,,,
17,28029,,,,,0.004033111967146397,,0.020777707919478416,,0.0,,0.06407029926776886,,0.7171134948730469,,0.1988641321659088,,,0.8150791525840759,6.43373441696167,,1.9870173931121826,,0.15323258936405182,,0.15063610672950745,,,1.2664856910705566,,0.7171134948730469,,,,,0.29379040002822876,,,,,,,,,,,,,,,,,,,,,,,,
17,28039,,,,,0.006210561376065016,,0.008678369224071503,,0.0,,0.11428613215684891,,0.002722114324569702,,0.19960980117321014,,,0.14894436299800873,0.001956745982170105,,0.001934971660375595,,0.14774233102798462,,0.08998703956604004,,,0.452309787273407,,0.002722114324569702,,,,,0.31778693199157715,,,,,,,,,,,,,,,,,,,,,,,,
17,28049,,,,,0.0066160773858428,,0.01025141030550003,,0.0,,0.09249047935009003,,0.002574426122009754,,0.19923529028892517,,,0.15740840137004852,0.002605292247608304,,0.0017029440496116877,,0.14635267853736877,,0.09838259220123291,,,0.452700138092041,,0.002574426122009754,,,,,0.31163933873176575,,,,,,,,,,,,,,,,,,,,,,,,
17,28059,,,,,0.00858532078564167,,0.008671869523823261,,0.0,,0.12112607806921005,,0.0035267872735857964,,0.20059426128864288,,,0.14199216663837433,0.004570093471556902,,0.001962144859135151,,0.14737966656684875,,0.11436253786087036,,,0.4786229729652405,,0.0035267872735857964,,,,,0.3217334747314453,,,,,,,,,,,,,,,,,,,,,,,,
17,28069,,,,,0.004544201772660017,,0.0058856550604105,,0.0,,0.06052127480506897,,1.0,,0.19927270710468292,,,0.0,0.0,,180.7216796875,,0.15487365424633026,,0.08053530752658844,,,1.0090172290802002,,1.0,,,,,0.25054430961608887,,,,,,,,,,,,,,,,,,,,,,,,
17,28079,,,,,0.004879758693277836,,0.010879701003432274,,0.0,,0.1413414031267166,,0.0020344313234090805,,0.2028845250606537,,,0.14581620693206787,0.004002061672508717,,0.0025445471983402967,,0.14368611574172974,,0.09851592779159546,,,0.48356735706329346,,0.0020344313234090805,,,,,0.33045703172683716,,,,,,,,,,,,,,,,,,,,,,,,
17,28089,,,,,0.005446508061140776,,0.017872750759124756,,0.0,,0.06639984250068665,,1.004629135131836,,0.19881483912467957,,,0.6618660688400269,4.476144790649414,,2.093884229660034,,0.1534556895494461,,0.17571505904197693,,,1.4181058406829834,,1.004629135131836,,,,,0.3061290979385376,,,,,,,,,,,,,,,,,,,,,,,,
17,28099,,,,,0.06916133314371109,,0.006651593372225761,,0.0,,0.051884982734918594,,1.0,,0.19896206259727478,,,0.0,0.0,,175.53973388671875,,0.15415382385253906,,0.07584177702665329,,,0.9928221106529236,,1.0,,,,,0.24374711513519287,,,,,,,,,,,,,,,,,,,,,,,,
17,28109,,,,,0.005350966937839985,,0.005948151461780071,,0.0,,0.054599516093730927,,1.0,,0.19897441565990448,,,0.0,0.0,,180.64797973632812,,0.15540161728858948,,0.07433674484491348,,,1.0328024625778198,,1.0,,,,,0.24463023245334625,,,,,,,,,,,,,,,,,,,,,,,,
17,28119,,,,,0.00579337403178215,,0.019377687945961952,,0.0,,0.07814779132604599,,1.0,,0.19923660159111023,,,0.0,0.0,,0.4096817374229431,,0.1637604534626007,,0.24613747000694275,,,0.9835960268974304,,1.0,,,,,0.35333001613616943,,,,,,,,,,,,,,,,,,,,,,,,
17,28129,,,,,0.003942791372537613,,0.007564028259366751,,0.0,,0.10325917601585388,,0.0015870528295636177,,0.1992597132921219,,,0.14724358916282654,0.0017601486761122942,,0.0016673272475600243,,0.1480247974395752,,0.0939955860376358,,,0.42965102195739746,,0.0015870528295636177,,,,,0.3083321750164032,,,,,,,,,,,,,,,,,,,,,,,,
17,28139,,,,,0.009405332617461681,,0.015508612617850304,,0.0,,0.12028057873249054,,0.002968297339975834,,0.19983279705047607,,,0.13462156057357788,0.005186993628740311,,0.0028303160797804594,,0.15187287330627441,,0.21679949760437012,,,0.44296666979789734,,0.002968297339975834,,,,,0.32447221875190735,,,,,,,,,,,,,,,,,,,,,,,,
17,28149,,,,,0.004259350243955851,,0.0213170163333416,,0.0,,0.06548941880464554,,0.9656903147697449,,0.19882993400096893,,,0.6717283725738525,8.285345077514648,,1.8684589862823486,,0.15674544870853424,,0.13453440368175507,,,1.2038520574569702,,0.9656903147697449,,,,,0.28845810890197754,,,,,,,,,,,,,,,,,,,,,,,,
17,28159,,,,,0.005941429175436497,,0.01536387950181961,,0.0,,0.07393448799848557,,0.8987113833427429,,0.19880247116088867,,,0.6354880332946777,4.020877838134766,,1.8140225410461426,,0.14908888936042786,,0.23189522325992584,,,1.1956204175949097,,0.8987113833427429,,,,,0.33454248309135437,,,,,,,,,,,,,,,,,,,,,,,,
17,28169,,,,,0.005511964671313763,,0.010472583584487438,,0.0,,0.12157359719276428,,0.0015256581827998161,,0.1994837075471878,,,0.13968729972839355,0.005555353127419949,,0.00239253556355834,,0.14821989834308624,,0.1862717866897583,,,0.4637708067893982,,0.0015256581827998161,,,,,0.3192044794559479,,,,,,,,,,,,,,,,,,,,,,,,
17,28179,,,,,0.004878995008766651,,0.01728995144367218,,0.0,,0.0707983672618866,,1.0825459957122803,,0.19878394901752472,,,0.4443124234676361,6.143891334533691,,2.2435691356658936,,0.1525241583585739,,0.18662011623382568,,,1.1067761182785034,,1.0825459957122803,,,,,0.31300827860832214,,,,,,,,,,,,,,,,,,,,,,,,
17,28189,,,,,0.007700074929744005,,0.01290207076817751,,0.0,,0.13845694065093994,,0.0030803335830569267,,0.199553444981575,,,0.15237866342067719,0.006295669358223677,,0.00253659556619823,,0.15062838792800903,,0.18662011623382568,,,0.4619479179382324,,0.0030803335830569267,,,,,0.3390759825706482,,,,,,,,,,,,,,,,,,,,,,,,
17,28199,,,,,0.0044388677924871445,,0.010076694190502167,,0.0,,0.10862156003713608,,0.001706346869468689,,0.19914928078651428,,,0.1401807814836502,0.002943593543022871,,0.0022614439949393272,,0.14829155802726746,,0.20059677958488464,,,0.42717668414115906,,0.001706346869468689,,,,,0.31020134687423706,,,,,,,,,,,,,,,,,,,,,,,,
17,28209,,,,,0.007650743238627911,,0.011968394741415977,,0.0,,0.11125783622264862,,0.0028688376769423485,,0.19918282330036163,,,0.13614581525325775,0.0057215909473598,,0.003968515899032354,,0.15174657106399536,,0.09545783698558807,,,0.5051941871643066,,0.0028688376769423485,,,,,0.3176465332508087,,,,,,,,,,,,,,,,,,,,,,,,
17,28219,,,,,0.005623308941721916,,0.010054664686322212,,0.0,,0.11709751933813095,,0.0022999076172709465,,0.19982211291790009,,,0.14568015933036804,0.0029152962379157543,,0.0016294879605993629,,0.1485372632741928,,0.09803587198257446,,,0.4443129301071167,,0.0022999076172709465,,,,,0.31849154829978943,,,,,,,,,,,,,,,,,,,,,,,,
17,28229,,,,,0.004717362113296986,,0.020561572164297104,,0.0,,0.07732213288545609,,1.061286449432373,,0.19894476234912872,,,0.44895222783088684,5.099112033843994,,2.08990478515625,,0.15501217544078827,,0.18355078995227814,,,1.173293113708496,,1.061286449432373,,,,,0.3176957070827484,,,,,,,,,,,,,,,,,,,,,,,,
17,28239,,,,,0.005223799496889114,,0.01625327207148075,,0.0,,0.07874326407909393,,1.0,,0.19916431605815887,,,0.0,0.0,,0.4557821750640869,,0.16200095415115356,,0.21887224912643433,,,1.376621127128601,,1.0,,,,,0.33751702308654785,,,,,,,,,,,,,,,,,,,,,,,,
17,28249,,,,,0.008364960551261902,,0.019604165107011795,,0.0,,0.07045001536607742,,0.9478169679641724,,0.1988261491060257,,,0.6610534191131592,5.7197136878967285,,1.7077617645263672,,0.15514202415943146,,0.23058824241161346,,,1.2031643390655518,,0.9478169679641724,,,,,0.33730530738830566,,,,,,,,,,,,,,,,,,,,,,,,
17,28259,,,,,0.004512007348239422,,0.010425039567053318,,0.0,,0.1272130310535431,,0.001517999917268753,,0.1994858682155609,,,0.15019464492797852,0.004294111859053373,,0.00445138942450285,,0.15031373500823975,,0.15814650058746338,,,0.38176512718200684,,0.001517999917268753,,,,,0.3277009129524231,,,,,,,,,,,,,,,,,,,,,,,,
17,28269,,,,,0.006250834558159113,,0.012379651889204979,,0.0,,0.12785391509532928,,0.001969447359442711,,0.19926531612873077,,,0.14766259491443634,0.0030241527128964663,,0.003041428979486227,,0.15216845273971558,,0.06808823347091675,,,0.47673654556274414,,0.001969447359442711,,,,,0.32894858717918396,,,,,,,,,,,,,,,,,,,,,,,,
17,28279,,,,,0.06802256405353546,,0.009644687175750732,,0.0,,0.1192709282040596,,0.033273208886384964,,0.19906890392303467,,,0.1290568858385086,0.002267648931592703,,0.002023273380473256,,0.14738933742046356,,0.16585981845855713,,,0.4684694707393646,,0.033273208886384964,,,,,0.3723834156990051,,,,,,,,,,,,,,,,,,,,,,,,
17,28289,,,,,0.009826678782701492,,0.007376780267804861,,0.0,,0.05857319012284279,,1.0,,0.19905661046504974,,,0.0,0.0,,170.57211303710938,,0.15563297271728516,,0.09361991286277771,,,1.0123708248138428,,1.0,,,,,0.2571297287940979,,,,,,,,,,,,,,,,,,,,,,,,
17,28299,,,,,0.004325768910348415,,0.005953485611826181,,0.0,,0.056532472372055054,,1.0,,0.1990426778793335,,,0.0,0.0,,179.7105712890625,,0.15274301171302795,,0.117673859000206,,,1.0181596279144287,,1.0,,,,,0.265972763299942,,,,,,,,,,,,,,,,,,,,,,,,
17,28309,,,,,0.007394158747047186,,0.007479974068701267,,0.0,,0.04996386170387268,,1.0,,0.19904696941375732,,,0.0,0.0,,182.97711181640625,,0.15550489723682404,,0.08005854487419128,,,1.0385812520980835,,1.0,,,,,0.2460271269083023,,,,,,,,,,,,,,,,,,,,,,,,
17,28319,,,,,0.010374851524829865,,0.008126477710902691,,0.0,,0.11687324941158295,,0.004839695990085602,,0.19917960464954376,,,0.14490202069282532,0.003990031313151121,,0.0022630803287029266,,0.1478593945503235,,0.1625969111919403,,,0.4680973291397095,,0.004839695990085602,,,,,0.3219717741012573,,,,,,,,,,,,,,,,,,,,,,,,
17,28329,,,,,0.0034779543057084084,,0.025150295346975327,,0.0,,0.0685008093714714,,0.8638516664505005,,0.19893398880958557,,,1.08633291721344,6.2191386222839355,,1.9037425518035889,,0.16652914881706238,,0.20904889702796936,,,1.116223692893982,,0.8638516664505005,,,,,0.33408159017562866,,,,,,,,,,,,,,,,,,,,,,,,
17,28339,,,,,0.007464976515620947,,0.007162073627114296,,0.0,,0.053421713411808014,,1.0,,0.19904935359954834,,,0.0,0.0,,183.3611297607422,,0.1540965884923935,,0.09623847901821136,,,0.9928268194198608,,1.0,,,,,0.2549841105937958,,,,,,,,,,,,,,,,,,,,,,,,
17,28349,,,,,0.004900520667433739,,0.010841550305485725,,0.0,,0.11390996724367142,,0.001901037059724331,,0.19923126697540283,,,0.14038701355457306,0.0028769795317202806,,0.0021586630027741194,,0.1478586494922638,,0.06681641936302185,,,0.43015703558921814,,0.001901037059724331,,,,,0.3135325610637665,,,,,,,,,,,,,,,,,,,,,,,,
17,28359,,,,,0.005522493273019791,,0.00579072255641222,,0.0,,0.05306968837976456,,1.0,,0.1993127316236496,,,0.0,0.0,,183.3995361328125,,0.15517650544643402,,0.08403404802083969,,,1.0053563117980957,,1.0,,,,,0.2486918568611145,,,,,,,,,,,,,,,,,,,,,,,,
17,28369,,,,,0.06597280502319336,,0.006388342473655939,,0.0,,0.056129101663827896,,1.0,,0.1990739107131958,,,0.0,0.0,,180.2511444091797,,0.1552092730998993,,0.08213856816291809,,,1.0293054580688477,,1.0,,,,,0.249469593167305,,,,,,,,,,,,,,,,,,,,,,,,
17,28379,,,,,0.006719645112752914,,0.016771463677287102,,0.0,,0.13483870029449463,,0.002404734492301941,,0.20147758722305298,,,0.14319919049739838,0.0033240527845919132,,0.004952789284288883,,0.15107238292694092,,0.139242485165596,,,0.45226430892944336,,0.002404734492301941,,,,,0.3345377445220947,,,,,,,,,,,,,,,,,,,,,,,,
17,28389,,,,,0.004541788715869188,,0.014120387844741344,,0.0,,0.11732648313045502,,0.00193739403039217,,0.19976262748241425,,,0.14556579291820526,0.002543228678405285,,0.0027754083275794983,,0.1471530795097351,,0.09557034820318222,,,0.47560790181159973,,0.00193739403039217,,,,,0.31916531920433044,,,,,,,,,,,,,,,,,,,,,,,,
17,28399,,,,,0.00521001685410738,,0.010660059750080109,,0.0,,0.09984350949525833,,0.002130035310983658,,0.1995619386434555,,,0.1471085548400879,0.0030610261019319296,,0.00176883558742702,,0.15093187987804413,,0.0892886370420456,,,0.4849911034107208,,0.002130035310983658,,,,,0.3116779029369354,,,,,,,,,,,,,,,,,,,,,,,,
17,28409,,,,,0.0629255473613739,,0.02594057098031044,,0.0,,0.07409066706895828,,1.0768227577209473,,0.19902276992797852,,,0.7231611609458923,6.01118803024292,,1.9260125160217285,,0.16105058789253235,,0.1484796106815338,,,1.3655118942260742,,1.0768227577209473,,,,,0.30429208278656006,,,,,,,,,,,,,,,,,,,,,,,,
17,28419,,,,,0.0071312543004751205,,0.011235899291932583,,0.0,,0.12876364588737488,,0.0029984666034579277,,0.20087750256061554,,,0.1522698998451233,0.003464156063273549,,0.002222976414486766,,0.1497967541217804,,0.07849564403295517,,,0.4722062051296234,,0.0029984666034579277,,,,,0.33144667744636536,,,,,,,,,,,,,,,,,,,,,,,,
17,28429,,,,,0.005190364085137844,,0.007948243990540504,,0.0,,0.13281963765621185,,0.0013192342594265938,,0.19975946843624115,,,0.1460506021976471,0.0040189060382544994,,0.002252353820949793,,0.1467796415090561,,0.07306152582168579,,,0.41811615228652954,,0.0013192342594265938,,,,,0.32500481605529785,,,,,,,,,,,,,,,,,,,,,,,,
17,28439,,,,,0.00860662292689085,,0.021753672510385513,,0.0,,0.061930809170007706,,0.9832999110221863,,0.19883720576763153,,,0.5857817530632019,3.812634229660034,,2.033968687057495,,0.15721258521080017,,0.2276313602924347,,,1.2777765989303589,,0.9832999110221863,,,,,0.3336828351020813,,,,,,,,,,,,,,,,,,,,,,,,
17,28449,,,,,0.007066031917929649,,0.00746377045288682,,0.0,,0.1207401305437088,,0.002667858265340328,,0.19965358078479767,,,0.14570005238056183,0.00447197537869215,,0.002895121229812503,,0.14490796625614166,,0.10987143963575363,,,0.43843770027160645,,0.002667858265340328,,,,,0.3199823498725891,,,,,,,,,,,,,,,,,,,,,,,,
17,28459,,,,,0.0049373069778084755,,0.009753827005624771,,0.0,,0.11356257647275925,,0.0020276159048080444,,0.19990044832229614,,,0.14729484915733337,0.0012300930684432387,,0.0013256322126835585,,0.1509379893541336,,0.08126787841320038,,,0.44677993655204773,,0.0020276159048080444,,,,,0.316940039396286,,,,,,,,,,,,,,,,,,,,,,,,
17,28469,,,,,0.005213524214923382,,0.012932416051626205,,0.0,,0.1155947744846344,,0.0018846122547984123,,0.19995704293251038,,,0.14668039977550507,0.0022180292289704084,,0.002255917526781559,,0.15495918691158295,,0.1833484172821045,,,0.48318028450012207,,0.0018846122547984123,,,,,0.3225124180316925,,,,,,,,,,,,,,,,,,,,,,,,
17,28479,,,,,0.006551039405167103,,0.013842371292412281,,0.0,,0.1341070979833603,,0.00258776918053627,,0.19992969930171967,,,0.1459134817123413,0.0031674846541136503,,0.002355033066123724,,0.14960122108459473,,0.09660061448812485,,,0.4416075348854065,,0.00258776918053627,,,,,0.33100923895835876,,,,,,,,,,,,,,,,,,,,,,,,
17,28489,,,,,0.006101315841078758,,0.01233417447656393,,0.0,,0.1147763803601265,,0.002093666233122349,,0.19956667721271515,,,0.1472821831703186,0.0015160207403823733,,0.0023376229219138622,,0.15041710436344147,,0.08735240995883942,,,0.46689891815185547,,0.002093666233122349,,,,,0.32021641731262207,,,,,,,,,,,,,,,,,,,,,,,,
17,28499,,,,,0.006405018735677004,,0.024081867188215256,,0.0,,0.06150420010089874,,0.9227039813995361,,0.19880566000938416,,,0.5515412092208862,6.81944465637207,,1.8504317998886108,,0.15780891478061676,,0.15178798139095306,,,1.2581356763839722,,0.9227039813995361,,,,,0.29699432849884033,,,,,,,,,,,,,,,,,,,,,,,,
17,28509,,,,,0.005597569048404694,,0.02297253906726837,,0.0,,0.06494166702032089,,0.9431828260421753,,0.19882147014141083,,,0.5709390640258789,5.581538677215576,,1.9376282691955566,,0.1568901091814041,,0.2042677402496338,,,1.643193006515503,,0.9431828260421753,,,,,0.3239467740058899,,,,,,,,,,,,,,,,,,,,,,,,
17,28519,,,,,0.007364497520029545,,0.006411213427782059,,0.0,,0.07010145485401154,,1.0,,0.19902098178863525,,,0.0,0.0,,178.61605834960938,,0.15299901366233826,,0.07684765011072159,,,1.0209401845932007,,1.0,,,,,0.2526901662349701,,,,,,,,,,,,,,,,,,,,,,,,
17,28529,,,,,0.006698698736727238,,0.01268974132835865,,0.0,,0.10931617766618729,,0.00251773651689291,,0.19982708990573883,,,0.14734399318695068,0.0047820135951042175,,0.004341846331954002,,0.14951296150684357,,0.07360084354877472,,,0.4324951171875,,0.00251773651689291,,,,,0.320605605840683,,,,,,,,,,,,,,,,,,,,,,,,
17,28539,,,,,0.0042169587686657906,,0.016739029437303543,,0.0,,0.08351854234933853,,1.0,,0.19927501678466797,,,0.0,0.0,,0.36931881308555603,,0.16578996181488037,,0.20370957255363464,,,0.9631567001342773,,1.0,,,,,0.3345160484313965,,,,,,,,,,,,,,,,,,,,,,,,
17,28549,,,,,0.0033697551116347313,,0.012121807783842087,,0.0,,0.11971243470907211,,0.001382593996822834,,0.19937077164649963,,,0.15327370166778564,0.0042771631851792336,,0.002933681942522526,,0.1543329358100891,,0.060539599508047104,,,0.4917643666267395,,0.001382593996822834,,,,,0.32638099789619446,,,,,,,,,,,,,,,,,,,,,,,,
17,28559,,,,,0.005388571415096521,,0.015787851065397263,,0.0,,0.14320336282253265,,0.002444334328174591,,0.19905516505241394,,,0.1489918977022171,0.000577073369640857,,0.004458823706954718,,0.15403962135314941,,0.195631742477417,,,0.44548067450523376,,0.002444334328174591,,,,,0.3384454846382141,,,,,,,,,,,,,,,,,,,,,,,,
17,28569,,,,,0.005420219153165817,,0.011020549573004246,,0.0,,0.13262243568897247,,0.001750868745148182,,0.1993180215358734,,,0.1552341878414154,0.006236525718122721,,0.0022024898789823055,,0.15080773830413818,,0.0783350020647049,,,0.47470206022262573,,0.001750868745148182,,,,,0.33414119482040405,,,,,,,,,,,,,,,,,,,,,,,,
17,28579,,,,,0.007658160291612148,,0.02265721932053566,,0.0,,0.07155557721853256,,0.9194669723510742,,0.19882622361183167,,,0.5660921335220337,4.470736503601074,,1.66653573513031,,0.15851733088493347,,0.21615281701087952,,,1.5124540328979492,,0.9194669723510742,,,,,0.3338545858860016,,,,,,,,,,,,,,,,,,,,,,,,
17,28589,,,,,0.004884607158601284,,0.011814065277576447,,0.0,,0.11906427145004272,,0.0018714964389801025,,0.19918902218341827,,,0.14340722560882568,0.003183807246387005,,0.002051364863291383,,0.14870907366275787,,0.07869920134544373,,,0.452075719833374,,0.0018714964389801025,,,,,0.31859397888183594,,,,,,,,,,,,,,,,,,,,,,,,
17,28599,,,,,0.0038950839079916477,,0.01830505207180977,,0.0,,0.08683324605226517,,1.0,,0.1990935504436493,,,0.0,0.0,,0.3794822692871094,,0.1632148176431656,,0.21481257677078247,,,1.2895522117614746,,1.0,,,,,0.3411296308040619,,,,,,,,,,,,,,,,,,,,,,,,
17,28609,,,,,0.0037619604263454676,,0.006249234080314636,,0.0,,0.1042693480849266,,0.001651492901146412,,0.19948223233222961,,,0.1478905975818634,0.0031307186000049114,,0.002170737599954009,,0.1460934579372406,,0.09056483954191208,,,0.4155294895172119,,0.001651492901146412,,,,,0.3084051012992859,,,,,,,,,,,,,,,,,,,,,,,,
17,28619,,,,,0.008583394810557365,,0.02254307083785534,,0.0,,0.07511772215366364,,0.8153061866760254,,0.19888778030872345,,,0.5107450485229492,5.882649898529053,,1.8847345113754272,,0.15355029702186584,,0.27062147855758667,,,1.551330804824829,,0.8153061866760254,,,,,0.36036017537117004,,,,,,,,,,,,,,,,,,,,,,,,
17,28629,,,,,0.005639831535518169,,0.006287061143666506,,0.0,,0.10994144529104233,,0.0026484373956918716,,0.19934329390525818,,,0.140472874045372,0.002550905803218484,,0.0024059987626969814,,0.1499718427658081,,0.20564740896224976,,,0.4369671940803528,,0.0026484373956918716,,,,,0.3111265301704407,,,,,,,,,,,,,,,,,,,,,,,,
17,28639,,,,,0.0040728203020989895,,0.0112343430519104,,0.0,,0.13319259881973267,,0.0014494573697447777,,0.1993808150291443,,,0.14504216611385345,0.0019424022175371647,,0.0019438815070316195,,0.1498420387506485,,0.060924600809812546,,,0.4256073832511902,,0.0014494573697447777,,,,,0.3253619372844696,,,,,,,,,,,,,,,,,,,,,,,,
17,28649,,,,,0.006174493581056595,,0.010100753977894783,,0.0,,0.11679089814424515,,0.002435125410556793,,0.1998356282711029,,,0.1420324742794037,0.004308963194489479,,0.0026086587458848953,,0.1469792127609253,,0.2166990041732788,,,0.4403681457042694,,0.002435125410556793,,,,,0.31750279664993286,,,,,,,,,,,,,,,,,,,,,,,,
17,28659,,,,,0.00703176436945796,,0.020573744550347328,,0.0,,0.07216552644968033,,0.8898563385009766,,0.1988620012998581,,,0.6764780879020691,3.8831264972686768,,2.0855469703674316,,0.1549781709909439,,0.22579580545425415,,,1.7288891077041626,,0.8898563385009766,,,,,0.3361876308917999,,,,,,,,,,,,,,,,,,,,,,,,
17,28669,,,,,0.004616698250174522,,0.00665076170116663,,0.0,,0.05291372537612915,,1.0,,0.1989218145608902,,,0.0,0.0,,178.10009765625,,0.1538463830947876,,0.080971360206604,,,0.9998593330383301,,1.0,,,,,0.2466520220041275,,,,,,,,,,,,,,,,,,,,,,,,
17,28679,,,,,0.006421415600925684,,0.016414647921919823,,0.0,,0.06400594115257263,,0.8799903988838196,,0.1987302303314209,,,0.7001788020133972,7.525270938873291,,2.1307711601257324,,0.1536135971546173,,0.14914414286613464,,,1.320056676864624,,0.8799903988838196,,,,,0.2909542918205261,,,,,,,,,,,,,,,,,,,,,,,,
17,28689,,,,,0.005646413192152977,,0.011707538738846779,,0.0,,0.11739639192819595,,0.0021377624943852425,,0.19982987642288208,,,0.14447446167469025,0.0031184956897050142,,0.0024171725381165743,,0.1504669040441513,,0.21542349457740784,,,0.45386964082717896,,0.0021377624943852425,,,,,0.32035183906555176,,,,,,,,,,,,,,,,,,,,,,,,
17,28699,,,,,0.0043010651133954525,,0.022583132609725,,0.0,,0.07157346606254578,,1.0,,0.19915342330932617,,,0.0,0.0,,0.45442551374435425,,0.16612878441810608,,0.20588494837284088,,,1.0040737390518188,,1.0,,,,,0.33266186714172363,,,,,,,,,,,,,,,,,,,,,,,,
17,28709,,,,,0.06764134019613266,,0.01579270511865616,,0.0,,0.13327546417713165,,0.032792747020721436,,0.1995728462934494,,,0.14778688549995422,0.0033110238146036863,,0.004415575414896011,,0.1580713987350464,,0.08321911841630936,,,0.5000834465026855,,0.032792747020721436,,,,,0.3987542688846588,,,,,,,,,,,,,,,,,,,,,,,,
17,28709,,,,,,,,,,,,,,,,,,,,,,,,,,,,,,,,,,,,,,0.41526496410369873,0.17720459401607513,0.05170870199799538,0.06098104268312454,0.059931956231594086,0.0,0.3204110860824585,0.2882971465587616,0.3156716823577881,0.45508089661598206,0.20968282222747803,13.244141578674316,0.2212219387292862,0.7033581137657166,1.0327516794204712,0.23436661064624786,0.2882971465587616,0.8545411825180054,1.0323686599731445,0.45818841457366943,1.053441047668457,1.1177642345428467
17,28709,0.004417543299496174,0.010563870891928673,0.0014032867038622499,0.0021699790377169847,,0.01249383669346571,,0.0,,0.09314939379692078,,0.45932602882385254,,0.1995369791984558,,1.1966559886932373,0.2200067639350891,,,42.140342712402344,,0.15248234570026398,,0.1418389230966568,,0.7866657376289368,0.4679097533226013,,0.45932602882385254,,0.31843388080596924,0.34547126293182373,0.254457950592041,0.30826401710510254,,0.4986554980278015,0.32597100734710693,,,,,,,,,,,,,,,,,,,,,,
18,28719,,,,,0.0052467091009020805,,0.00725171621888876,,0.0,,0.1159413605928421,,0.001604161225259304,,0.20129351317882538,,,0.15355658531188965,0.003253617323935032,,0.0012405726592987776,,0.14871655404567719,,0.08929774165153503,,,0.4309912621974945,,0.001604161225259304,,,,,0.3208736479282379,,,,,,,,,,,,,,,,,,,,,,,,
18,28729,,,,,0.018244963139295578,,0.02159098908305168,,0.0,,0.06544046103954315,,0.945931077003479,,0.19880390167236328,,,0.8295578360557556,7.276780605316162,,2.0819458961486816,,0.1554085612297058,,0.14564579725265503,,,1.2165230512619019,,0.945931077003479,,,,,0.2934448719024658,,,,,,,,,,,,,,,,,,,,,,,,
18,28739,,,,,0.006879132241010666,,0.0068443394266068935,,0.0,,0.10094906389713287,,0.0025828564539551735,,0.214605450630188,,,0.14485721290111542,0.002484756289049983,,0.0021228028926998377,,0.1479315459728241,,0.0771912932395935,,,0.42171627283096313,,0.0025828564539551735,,,,,0.31677669286727905,,,,,,,,,,,,,,,,,,,,,,,,
18,28749,,,,,0.005053956527262926,,0.014759842306375504,,0.0,,0.08904699236154556,,1.0,,0.19926577806472778,,,0.0,0.0,,0.42560726404190063,,0.158555805683136,,0.21461987495422363,,,0.8440569639205933,,1.0,,,,,0.33812415599823,,,,,,,,,,,,,,,,,,,,,,,,
18,28759,,,,,0.003196396864950657,,0.012867646291851997,,0.0,,0.10730638355016708,,0.0014526182785630226,,0.19917446374893188,,,0.14660049974918365,0.0029254171531647444,,0.003229102585464716,,0.15346390008926392,,0.19997245073318481,,,0.43581515550613403,,0.0014526182785630226,,,,,0.31598010659217834,,,,,,,,,,,,,,,,,,,,,,,,
18,28769,,,,,0.004041159059852362,,0.022593067958950996,,0.0,,0.060128383338451385,,0.8508160710334778,,0.19882003962993622,,,0.9689368009567261,5.943093776702881,,1.9936470985412598,,0.15785464644432068,,0.201653391122818,,,1.3309669494628906,,0.8508160710334778,,,,,0.32052475214004517,,,,,,,,,,,,,,,,,,,,,,,,
18,28779,,,,,0.003849445376545191,,0.025086376816034317,,0.0,,0.06688283383846283,,0.7055633664131165,,0.1987665295600891,,,0.7580972909927368,5.971545696258545,,1.964200735092163,,0.15577265620231628,,0.15577557682991028,,,1.4234845638275146,,0.7055633664131165,,,,,0.30114197731018066,,,,,,,,,,,,,,,,,,,,,,,,
18,28789,,,,,0.043217338621616364,,0.006476199254393578,,0.0,,0.07007431238889694,,1.0,,0.19915978610515594,,,0.0,0.0,,179.7123260498047,,0.15529216825962067,,0.0656404197216034,,,1.0017876625061035,,1.0,,,,,0.24832142889499664,,,,,,,,,,,,,,,,,,,,,,,,
18,28799,,,,,0.004516000859439373,,0.005929839797317982,,0.0,,0.05230577290058136,,1.0,,0.1990373432636261,,,0.0,0.0,,180.0709686279297,,0.1546805202960968,,0.08836271613836288,,,1.0126092433929443,,1.0,,,,,0.2501581013202667,,,,,,,,,,,,,,,,,,,,,,,,
18,28809,,,,,0.005863082595169544,,0.006498655304312706,,0.0,,0.06341380625963211,,1.0,,0.19889171421527863,,,0.0,0.0,,179.65829467773438,,0.15594720840454102,,0.07657179236412048,,,1.0475516319274902,,1.0,,,,,0.25066158175468445,,,,,,,,,,,,,,,,,,,,,,,,
18,28819,,,,,0.007378574460744858,,0.007091325242072344,,0.0,,0.05478993430733681,,1.0,,0.19895991683006287,,,0.0,0.0,,178.05975341796875,,0.15401950478553772,,0.07936033606529236,,,1.0239248275756836,,1.0,,,,,0.2471105009317398,,,,,,,,,,,,,,,,,,,,,,,,
18,28829,,,,,0.007398857735097408,,0.021889930590987206,,0.0,,0.07571753859519958,,0.9106734991073608,,0.19893169403076172,,,0.7404258251190186,4.759349346160889,,2.29787015914917,,0.15438741445541382,,0.20859840512275696,,,1.5731956958770752,,0.9106734991073608,,,,,0.3297624886035919,,,,,,,,,,,,,,,,,,,,,,,,
18,28839,,,,,0.003958741202950478,,0.011331561952829361,,0.0,,0.12821067869663239,,0.0014055687934160233,,0.21639156341552734,,,0.1469963937997818,0.0016151552554219961,,0.0017189992358908057,,0.15226152539253235,,0.07428620755672455,,,0.48680955171585083,,0.0014055687934160233,,,,,0.3332216739654541,,,,,,,,,,,,,,,,,,,,,,,,
18,28849,,,,,0.005007649306207895,,0.006120449863374233,,0.0,,0.05294284597039223,,1.0,,0.19895701110363007,,,0.0,0.0,,180.01107788085938,,0.15594059228897095,,0.07924482226371765,,,0.9838907718658447,,1.0,,,,,0.2466028481721878,,,,,,,,,,,,,,,,,,,,,,,,
18,28859,,,,,0.005630129482597113,,0.010304626077413559,,0.0,,0.1020185798406601,,0.0024254806339740753,,0.20414918661117554,,,0.14458520710468292,0.0018945339834317565,,0.002398853888735175,,0.14440473914146423,,0.0964047759771347,,,0.4410088360309601,,0.0024254806339740753,,,,,0.31050798296928406,,,,,,,,,,,,,,,,,,,,,,,,
18,28869,,,,,0.0061573488637804985,,0.02155083790421486,,0.0,,0.07727548480033875,,1.004782795906067,,0.19881179928779602,,,0.5349041223526001,4.581060886383057,,2.1090993881225586,,0.15681669116020203,,0.19208455085754395,,,1.2280457019805908,,1.004782795906067,,,,,0.32326966524124146,,,,,,,,,,,,,,,,,,,,,,,,
18,28879,,,,,0.006590503733605146,,0.01035471260547638,,0.0,,0.11733976006507874,,0.0028962818905711174,,0.19987133145332336,,,0.14311914145946503,0.0029257945716381073,,0.0027969747316092253,,0.14742888510227203,,0.06987275928258896,,,0.4843984842300415,,0.0028962818905711174,,,,,0.3185088038444519,,,,,,,,,,,,,,,,,,,,,,,,
18,28889,,,,,0.007481602020561695,,0.009766761213541031,,0.0,,0.11247969418764114,,0.003051874227821827,,0.1993657350540161,,,0.150425985455513,0.0014375898754224181,,0.001924800919368863,,0.14985917508602142,,0.16995954513549805,,,0.4584274888038635,,0.003051874227821827,,,,,0.320111483335495,,,,,,,,,,,,,,,,,,,,,,,,
18,28899,,,,,0.03172745183110237,,0.018112855032086372,,0.0,,0.07189500331878662,,0.9325722455978394,,0.19886407256126404,,,0.7098463773727417,6.260648727416992,,2.0063209533691406,,0.1541815996170044,,0.20139235258102417,,,1.1122236251831055,,0.9325722455978394,,,,,0.3222229480743408,,,,,,,,,,,,,,,,,,,,,,,,
18,28909,,,,,0.06800034642219543,,0.026801669970154762,,0.0,,0.0715910941362381,,0.9440393447875977,,0.19872815907001495,,,0.5214791893959045,4.8161139488220215,,1.9424281120300293,,0.1573304533958435,,0.14503735303878784,,,1.39724600315094,,0.9440393447875977,,,,,0.2997443675994873,,,,,,,,,,,,,,,,,,,,,,,,
18,28919,,,,,0.005861266516149044,,0.006733068265020847,,0.0,,0.0604606494307518,,1.0,,0.19897398352622986,,,0.0,0.0,,174.6856689453125,,0.15468905866146088,,0.09860429912805557,,,0.979102373123169,,1.0,,,,,0.2597305476665497,,,,,,,,,,,,,,,,,,,,,,,,
18,28929,,,,,0.0054939258843660355,,0.008279234170913696,,0.0,,0.09477642923593521,,0.0024104397743940353,,0.1993967592716217,,,0.1522165685892105,0.0034081663470715284,,0.002657752949744463,,0.14637134969234467,,0.20955024659633636,,,0.4303663969039917,,0.0024104397743940353,,,,,0.30904707312583923,,,,,,,,,,,,,,,,,,,,,,,,
18,28939,,,,,0.004273476079106331,,0.007659359369426966,,0.0,,0.11305070668458939,,0.0015430208295583725,,0.1995617151260376,,,0.14630049467086792,0.0028346809558570385,,0.0012994817225262523,,0.15080313384532928,,0.07677309215068817,,,0.47198668122291565,,0.0015430208295583725,,,,,0.31502825021743774,,,,,,,,,,,,,,,,,,,,,,,,
18,28949,,,,,0.00417953310534358,,0.01725531555712223,,0.0,,0.08133593946695328,,0.867209255695343,,0.19880396127700806,,,0.7185673713684082,6.169530868530273,,2.1024389266967773,,0.15930171310901642,,0.16222134232521057,,,1.1318964958190918,,0.867209255695343,,,,,0.3094591498374939,,,,,,,,,,,,,,,,,,,,,,,,
18,28959,,,,,0.004437906201928854,,0.006020266562700272,,0.0,,0.05532984063029289,,1.0,,0.19899185001850128,,,0.0,0.0,,176.02781677246094,,0.1535104513168335,,0.07117274403572083,,,0.9855490922927856,,1.0,,,,,0.2425125688314438,,,,,,,,,,,,,,,,,,,,,,,,
18,28969,,,,,0.0041633667424321175,,0.009432642720639706,,0.0,,0.10927470028400421,,0.0016042673960328102,,0.19937142729759216,,,0.14299020171165466,0.001946820761077106,,0.002312985947355628,,0.14839494228363037,,0.11124885082244873,,,0.4775415062904358,,0.0016042673960328102,,,,,0.3110252022743225,,,,,,,,,,,,,,,,,,,,,,,,
18,28979,,,,,0.004793834872543812,,0.02287747710943222,,0.0,,0.06893676519393921,,0.819885790348053,,0.1988726109266281,,,0.7136688828468323,4.851184368133545,,1.8006587028503418,,0.1500328630208969,,0.15859930217266083,,,1.2318410873413086,,0.819885790348053,,,,,0.29965952038764954,,,,,,,,,,,,,,,,,,,,,,,,
18,28989,,,,,0.0049651083536446095,,0.009326735511422157,,0.0,,0.10207590460777283,,0.0018541505560278893,,0.19945040345191956,,,0.1450032740831375,0.002163677243515849,,0.0015747410943731666,,0.14987458288669586,,0.21550507843494415,,,0.47949230670928955,,0.0018541505560278893,,,,,0.30969977378845215,,,,,,,,,,,,,,,,,,,,,,,,
18,28999,,,,,0.005276361480355263,,0.01985413022339344,,0.0,,0.07262884825468063,,0.9080753922462463,,0.19886544346809387,,,0.5065663456916809,5.682610988616943,,1.9890296459197998,,0.1514454483985901,,0.16933277249336243,,,1.1691749095916748,,0.9080753922462463,,,,,0.30606332421302795,,,,,,,,,,,,,,,,,,,,,,,,
18,29009,,,,,0.004771573003381491,,0.005947986152023077,,0.0,,0.04773031920194626,,1.0,,0.19915235042572021,,,0.0,0.0,,180.0781707763672,,0.15396982431411743,,0.0898253321647644,,,1.0436476469039917,,1.0,,,,,0.24831292033195496,,,,,,,,,,,,,,,,,,,,,,,,
18,29019,,,,,0.0035895430482923985,,0.012986671179533005,,0.0,,0.11519084125757217,,0.0013470491394400597,,0.20012032985687256,,,0.13987240195274353,0.00508112320676446,,0.0025540487840771675,,0.15158212184906006,,0.0704026073217392,,,0.47671300172805786,,0.0013470491394400597,,,,,0.3172833025455475,,,,,,,,,,,,,,,,,,,,,,,,
18,29029,,,,,0.004685865715146065,,0.009507016278803349,,0.0,,0.11773092299699783,,0.0017886226996779442,,0.1994934380054474,,,0.15006548166275024,0.00271027279086411,,0.0012972052209079266,,0.14869579672813416,,0.0963595062494278,,,0.44681280851364136,,0.0017886226996779442,,,,,0.3194359540939331,,,,,,,,,,,,,,,,,,,,,,,,
18,29039,,,,,0.004721092060208321,,0.018917353823781013,,0.0,,0.06493088603019714,,0.8570349216461182,,0.19881518185138702,,,0.747607946395874,5.6909284591674805,,2.2188167572021484,,0.16014385223388672,,0.14812679588794708,,,1.2132785320281982,,0.8570349216461182,,,,,0.2954670190811157,,,,,,,,,,,,,,,,,,,,,,,,
18,29049,,,,,0.003924318589270115,,0.009582874365150928,,0.0,,0.10810481011867523,,0.0017576394602656364,,0.20112863183021545,,,0.13101442158222198,0.001924848766066134,,0.002610862022265792,,0.14918170869350433,,0.07749801129102707,,,0.44331836700439453,,0.0017576394602656364,,,,,0.3056983947753906,,,,,,,,,,,,,,,,,,,,,,,,
18,29059,,,,,0.0043594203889369965,,0.010822264477610588,,0.0,,0.12114755809307098,,0.0019430629909038544,,0.19951370358467102,,,0.14254088699817657,0.0011387113481760025,,0.0012625134550035,,0.14636832475662231,,0.07865841686725616,,,0.4627203345298767,,0.0019430629909038544,,,,,0.3157564103603363,,,,,,,,,,,,,,,,,,,,,,,,
18,29069,,,,,0.004539923742413521,,0.009998226538300514,,0.0,,0.10992572456598282,,0.001817474141716957,,0.20733416080474854,,,0.14388877153396606,0.003067340236157179,,0.002364879474043846,,0.15238943696022034,,0.09948188066482544,,,0.4307146370410919,,0.001817474141716957,,,,,0.3190242052078247,,,,,,,,,,,,,,,,,,,,,,,,
18,29079,,,,,0.007899106480181217,,0.007291700690984726,,0.0,,0.05965576320886612,,1.0,,0.1989656686782837,,,0.0,0.0,,176.78085327148438,,0.15521574020385742,,0.08008470386266708,,,1.0138893127441406,,1.0,,,,,0.2506067752838135,,,,,,,,,,,,,,,,,,,,,,,,
18,29089,,,,,0.005521155893802643,,0.006420571357011795,,0.0,,0.056011639535427094,,1.0,,0.19903188943862915,,,0.0,0.0,,178.20272827148438,,0.15430814027786255,,0.06936466693878174,,,1.0431582927703857,,1.0,,,,,0.2425684630870819,,,,,,,,,,,,,,,,,,,,,,,,
18,29099,,,,,0.0040737781673669815,,0.005682158749550581,,0.0,,0.060591429471969604,,1.0,,0.1990765631198883,,,0.0,0.0,,179.3671112060547,,0.1556347757577896,,0.07912324368953705,,,1.0302485227584839,,1.0,,,,,0.25005409121513367,,,,,,,,,,,,,,,,,,,,,,,,
18,29109,,,,,0.0037693846970796585,,0.007186482660472393,,0.0,,0.06973731517791748,,1.0,,0.19905880093574524,,,0.0,0.0,,174.4103240966797,,0.15489545464515686,,0.08620040118694305,,,1.026848316192627,,1.0,,,,,0.25853922963142395,,,,,,,,,,,,,,,,,,,,,,,,
18,29119,,,,,0.0051733581349253654,,0.007070222403854132,,0.0,,0.09811253100633621,,0.002206294797360897,,0.19891203939914703,,,0.15592344105243683,0.0034315704833716154,,0.0022156736813485622,,0.14891977608203888,,0.19224637746810913,,,0.4887041747570038,,0.002206294797360897,,,,,0.31246596574783325,,,,,,,,,,,,,,,,,,,,,,,,
18,29129,,,,,0.006270594894886017,,0.006357015110552311,,0.0,,0.10296875983476639,,0.002308901399374008,,0.20002174377441406,,,0.14676924049854279,0.003946906886994839,,0.002108522690832615,,0.1456136256456375,,0.08318439871072769,,,0.45999932289123535,,0.002308901399374008,,,,,0.3101634979248047,,,,,,,,,,,,,,,,,,,,,,,,
18,29139,,,,,0.06763189285993576,,0.02281985804438591,,0.0,,0.07963789254426956,,0.8867223858833313,,0.19877955317497253,,,0.6274147629737854,4.175180912017822,,1.7275416851043701,,0.16234035789966583,,0.21583521366119385,,,1.4096221923828125,,0.8867223858833313,,,,,0.3397064208984375,,,,,,,,,,,,,,,,,,,,,,,,
18,29149,,,,,0.00514055835083127,,0.006090161390602589,,0.0,,0.06605415791273117,,1.0,,0.1989753395318985,,,0.0,0.0,,184.15281677246094,,0.1522652804851532,,0.09734600782394409,,,1.007903814315796,,1.0,,,,,0.26036548614501953,,,,,,,,,,,,,,,,,,,,,,,,
18,29159,,,,,0.003221697174012661,,0.006809419021010399,,0.0,,0.052890196442604065,,1.0,,0.19897842407226562,,,0.0,0.0,,175.9205322265625,,0.15117517113685608,,0.0781499594449997,,,0.9952495098114014,,1.0,,,,,0.2440015971660614,,,,,,,,,,,,,,,,,,,,,,,,
18,29169,,,,,0.006243020296096802,,0.007669880986213684,,0.0,,0.10841082781553268,,0.002799541689455509,,0.1989605575799942,,,0.1499522179365158,0.0027794812340289354,,0.0018702347297221422,,0.14765028655529022,,0.17872488498687744,,,0.4457506537437439,,0.002799541689455509,,,,,0.3148897588253021,,,,,,,,,,,,,,,,,,,,,,,,
18,29179,,,,,0.006162672769278288,,0.009730743244290352,,0.0,,0.1346951425075531,,0.0023647230118513107,,0.1999472677707672,,,0.13761892914772034,0.0024375603534281254,,0.0021809786558151245,,0.147606760263443,,0.07883687317371368,,,0.44421470165252686,,0.0023647230118513107,,,,,0.32327136397361755,,,,,,,,,,,,,,,,,,,,,,,,
18,29189,,,,,0.005987246986478567,,0.009784171357750893,,0.0,,0.11517860740423203,,0.0023963982239365578,,0.20016756653785706,,,0.14772555232048035,0.00400024838745594,,0.0024392041377723217,,0.14457595348358154,,0.0826711431145668,,,0.4759711027145386,,0.0023963982239365578,,,,,0.3179229199886322,,,,,,,,,,,,,,,,,,,,,,,,
18,29199,,,,,0.04241175577044487,,0.011596092022955418,,0.0,,0.11723442375659943,,0.0014552241191267967,,0.19951903820037842,,,0.1610783040523529,0.04468633979558945,,0.002060515573248267,,0.1492517739534378,,0.18842342495918274,,,0.5141856670379639,,0.0014552241191267967,,,,,0.38512498140335083,,,,,,,,,,,,,,,,,,,,,,,,
18,29209,,,,,0.004255788400769234,,0.012060901150107384,,0.0,,0.1389635056257248,,0.0013236654922366142,,0.1992381364107132,,,0.152383491396904,0.002222457667812705,,0.0018129864474758506,,0.14988109469413757,,0.19244499504566193,,,0.44697141647338867,,0.0013236654922366142,,,,,0.33253711462020874,,,,,,,,,,,,,,,,,,,,,,,,
18,29219,,,,,0.005866961553692818,,0.008208970539271832,,0.0,,0.11459857225418091,,0.0023770947009325027,,0.19901823997497559,,,0.15199802815914154,0.0027199804317206144,,0.0020985230803489685,,0.14674696326255798,,0.16860172152519226,,,0.46585315465927124,,0.0023770947009325027,,,,,0.3185616135597229,,,,,,,,,,,,,,,,,,,,,,,,
18,29229,,,,,0.00683723296970129,,0.009939945302903652,,0.0,,0.1217680275440216,,0.00213699322193861,,0.19940505921840668,,,0.1461557000875473,0.005778040271252394,,0.0043345000594854355,,0.1461479663848877,,0.1948069930076599,,,0.4649682641029358,,0.00213699322193861,,,,,0.3236018419265747,,,,,,,,,,,,,,,,,,,,,,,,
18,29239,,,,,0.005296911578625441,,0.012033462524414062,,0.0,,0.11341489851474762,,0.0017542429268360138,,0.19934089481830597,,,0.15247884392738342,0.0020787317771464586,,0.002349849557504058,,0.15267324447631836,,0.07997234910726547,,,0.46785247325897217,,0.0017542429268360138,,,,,0.3224818706512451,,,,,,,,,,,,,,,,,,,,,,,,
18,29249,,,,,0.0050139641389250755,,0.018836215138435364,,0.0,,0.07247184962034225,,0.9707849025726318,,0.19890058040618896,,,0.6469125747680664,4.730989933013916,,1.7527167797088623,,0.15683090686798096,,0.1592363864183426,,,1.3254262208938599,,0.9707849025726318,,,,,0.30313795804977417,,,,,,,,,,,,,,,,,,,,,,,,
18,29259,,,,,0.005088775418698788,,0.026994362473487854,,0.0,,0.07535116374492645,,0.9448454976081848,,0.19884614646434784,,,0.5818039774894714,5.916170120239258,,1.9618490934371948,,0.1586637794971466,,0.15230943262577057,,,1.6857328414916992,,0.9448454976081848,,,,,0.30608242750167847,,,,,,,,,,,,,,,,,,,,,,,,
18,29269,,,,,0.004118152894079685,,0.02120700292289257,,0.0,,0.07561749219894409,,0.777171790599823,,0.19874873757362366,,,0.4860602617263794,4.1618194580078125,,1.9556915760040283,,0.15938645601272583,,0.2698911130428314,,,1.5797356367111206,,0.777171790599823,,,,,0.36242538690567017,,,,,,,,,,,,,,,,,,,,,,,,
18,29279,,,,,0.002909547882154584,,0.009102873504161835,,0.0,,0.11132019758224487,,0.001311618834733963,,0.1997203826904297,,,0.14536038041114807,0.0015497161075472832,,0.0020904275588691235,,0.1469077169895172,,0.19098924100399017,,,0.48097795248031616,,0.001311618834733963,,,,,0.310935378074646,,,,,,,,,,,,,,,,,,,,,,,,
18,29289,,,,,0.005163799971342087,,0.006972170434892178,,0.0,,0.056026749312877655,,1.0,,0.199110209941864,,,0.0,0.0,,178.1363983154297,,0.1569373905658722,,0.06429184973239899,,,0.9757509231567383,,1.0,,,,,0.2416691780090332,,,,,,,,,,,,,,,,,,,,,,,,
18,29299,,,,,0.005109666846692562,,0.029921039938926697,,0.0,,0.07230053842067719,,1.0707695484161377,,0.19891269505023956,,,0.6317803263664246,5.209549427032471,,1.3546342849731445,,0.16863512992858887,,0.23517972230911255,,,1.3985505104064941,,1.0707695484161377,,,,,0.352474570274353,,,,,,,,,,,,,,,,,,,,,,,,
18,29309,,,,,0.004068177659064531,,0.013989133760333061,,0.0,,0.12267493456602097,,0.0017118947580456734,,0.1995013952255249,,,0.14743132889270782,0.0029510250315070152,,0.003067249897867441,,0.14815273880958557,,0.21301010251045227,,,0.46968236565589905,,0.0017118947580456734,,,,,0.3229520618915558,,,,,,,,,,,,,,,,,,,,,,,,
18,29319,,,,,0.003368191886693239,,0.011637987568974495,,0.0,,0.12135040014982224,,0.0013679349794983864,,0.19912393391132355,,,0.14551374316215515,0.002041582716628909,,0.003181982785463333,,0.14495569467544556,,0.08184301853179932,,,0.4432838261127472,,0.0013679349794983864,,,,,0.3172708749771118,,,,,,,,,,,,,,,,,,,,,,,,
18,29329,,,,,0.004358849488198757,,0.013525648973882198,,0.0,,0.1248321384191513,,0.0017138458788394928,,0.19923906028270721,,,0.15479621291160583,0.0031211760360747576,,0.002929354552179575,,0.15347519516944885,,0.0895848199725151,,,0.46262651681900024,,0.0017138458788394928,,,,,0.33031824231147766,,,,,,,,,,,,,,,,,,,,,,,,
18,29339,,,,,0.004192882217466831,,0.018549751490354538,,0.0,,0.07677718997001648,,1.0,,0.19954213500022888,,,0.0,0.0,,0.35149165987968445,,0.16417866945266724,,0.2259064018726349,,,1.0303030014038086,,1.0,,,,,0.34247708320617676,,,,,,,,,,,,,,,,,,,,,,,,
18,29349,,,,,0.006889514625072479,,0.006962768267840147,,0.0,,0.11464740335941315,,0.002560625784099102,,0.19948382675647736,,,0.14533597230911255,0.0027304431423544884,,0.0016277784015983343,,0.142949640750885,,0.14452119171619415,,,0.44210654497146606,,0.002560625784099102,,,,,0.3137584328651428,,,,,,,,,,,,,,,,,,,,,,,,
18,29359,,,,,0.05270489677786827,,0.01606595888733864,,0.0,,0.12184453755617142,,0.025029156357049942,,0.19965893030166626,,,0.15262140333652496,0.003161452244967222,,0.002887747948989272,,0.15298998355865479,,0.1773851364850998,,,0.47506558895111084,,0.025029156357049942,,,,,0.37731990218162537,,,,,,,,,,,,,,,,,,,,,,,,
18,29369,,,,,0.004651437979191542,,0.009344138205051422,,0.0,,0.11306018382310867,,0.0015967683866620064,,0.19924621284008026,,,0.15189579129219055,0.0031333030201494694,,0.0020436481572687626,,0.14576008915901184,,0.07833588868379593,,,0.4214882254600525,,0.0015967683866620064,,,,,0.3168931007385254,,,,,,,,,,,,,,,,,,,,,,,,
18,29379,,,,,0.006715436466038227,,0.005930359475314617,,0.0,,0.07169976085424423,,1.0,,0.1990201473236084,,,0.0,0.0,,178.1805877685547,,0.15416407585144043,,0.09107694029808044,,,1.0056332349777222,,1.0,,,,,0.2609456479549408,,,,,,,,,,,,,,,,,,,,,,,,
18,29389,,,,,0.003840964287519455,,0.019075552001595497,,0.0,,0.07275642454624176,,0.9365572929382324,,0.1988663673400879,,,0.7017930150032043,4.867333889007568,,1.893399953842163,,0.15262433886528015,,0.14481046795845032,,,1.3967466354370117,,0.9365572929382324,,,,,0.29406657814979553,,,,,,,,,,,,,,,,,,,,,,,,
18,29399,,,,,0.006136441137641668,,0.024626150727272034,,0.0,,0.07468097656965256,,0.831253170967102,,0.19878323376178741,,,0.6874071359634399,6.861238479614258,,1.9526647329330444,,0.16275867819786072,,0.16816529631614685,,,1.1793051958084106,,0.831253170967102,,,,,0.3145071864128113,,,,,,,,,,,,,,,,,,,,,,,,
18,29409,,,,,0.003773205913603306,,0.02819819748401642,,0.0,,0.07949188351631165,,0.8252782821655273,,0.1988811045885086,,,0.583649754524231,5.973850250244141,,2.0909781455993652,,0.16106387972831726,,0.15030650794506073,,,1.042163372039795,,0.8252782821655273,,,,,0.30897077918052673,,,,,,,,,,,,,,,,,,,,,,,,
18,29419,,,,,0.008001613430678844,,0.023085910826921463,,0.0,,0.07540257275104523,,1.0,,0.1991707682609558,,,0.0,0.0,,0.38018739223480225,,0.16865116357803345,,0.23351143300533295,,,1.310309886932373,,1.0,,,,,0.3499109148979187,,,,,,,,,,,,,,,,,,,,,,,,
18,29429,,,,,0.003912867046892643,,0.010523142293095589,,0.0,,0.11618795990943909,,0.0014039808884263039,,0.19921308755874634,,,0.14369386434555054,0.003755951300263405,,0.0020655053667724133,,0.15252883732318878,,0.2092903107404709,,,0.4564402103424072,,0.0014039808884263039,,,,,0.3178970515727997,,,,,,,,,,,,,,,,,,,,,,,,
18,29439,,,,,0.005900649353861809,,0.01472538523375988,,0.0,,0.06450440734624863,,1.068913221359253,,0.19882076978683472,,,0.5606213808059692,5.432096481323242,,2.1535332202911377,,0.15239259600639343,,0.14705200493335724,,,1.244035243988037,,1.068913221359253,,,,,0.2887475788593292,,,,,,,,,,,,,,,,,,,,,,,,
18,29449,,,,,0.006800226401537657,,0.007494678720831871,,0.0,,0.11519523710012436,,0.0028676874935626984,,0.19941426813602448,,,0.1451556235551834,0.005932990927249193,,0.003247199347242713,,0.14188149571418762,,0.17815649509429932,,,0.40083783864974976,,0.0028676874935626984,,,,,0.31596097350120544,,,,,,,,,,,,,,,,,,,,,,,,
18,29459,,,,,0.06903235614299774,,0.008865997195243835,,0.0,,0.12951911985874176,,0.0326700359582901,,0.19958019256591797,,,0.15254159271717072,0.02374122478067875,,0.0029982493724673986,,0.14813083410263062,,0.12769848108291626,,,0.4819994866847992,,0.0326700359582901,,,,,0.40172094106674194,,,,,,,,,,,,,,,,,,,,,,,,
18,29469,,,,,0.003858810756355524,,0.005808539222925901,,0.0,,0.05832679197192192,,1.0,,0.19910313189029694,,,0.0,0.0,,176.40966796875,,0.15742331743240356,,0.09190846979618073,,,0.9840657711029053,,1.0,,,,,0.2562851309776306,,,,,,,,,,,,,,,,,,,,,,,,
18,29479,,,,,0.005456828512251377,,0.012009657919406891,,0.0,,0.11627247929573059,,0.0020660869777202606,,0.19916753470897675,,,0.14950217306613922,0.0048100692220032215,,0.005357474088668823,,0.1501534879207611,,0.17392992973327637,,,0.4620029926300049,,0.0020660869777202606,,,,,0.3240932524204254,,,,,,,,,,,,,,,,,,,,,,,,
18,29489,,,,,0.00444645993411541,,0.01319240964949131,,0.0,,0.12105729430913925,,0.0017700698226690292,,0.1988421529531479,,,0.15162444114685059,0.006860859226435423,,0.003224235028028488,,0.15098661184310913,,0.09066034108400345,,,0.4305165708065033,,0.0017700698226690292,,,,,0.32734042406082153,,,,,,,,,,,,,,,,,,,,,,,,
18,29499,,,,,0.005851468071341515,,0.009946986101567745,,0.0,,0.10877789556980133,,0.002232195809483528,,0.199312224984169,,,0.15145298838615417,0.0030538940336555243,,0.0024101627059280872,,0.1477002054452896,,0.1986960917711258,,,0.47822219133377075,,0.002232195809483528,,,,,0.3171786367893219,,,,,,,,,,,,,,,,,,,,,,,,
18,29509,,,,,0.005017861723899841,,0.023603541776537895,,0.0,,0.08409403264522552,,0.9565351605415344,,0.1991356462240219,,,0.6310608386993408,4.72722864151001,,2.2872939109802246,,0.1525854766368866,,0.1589154303073883,,,1.3476604223251343,,0.9565351605415344,,,,,0.3091670870780945,,,,,,,,,,,,,,,,,,,,,,,,
18,29519,,,,,0.004833517596125603,,0.012823236174881458,,0.0,,0.11508847028017044,,0.002225480042397976,,0.19893236458301544,,,0.13270896673202515,0.00320654665119946,,0.002964354818686843,,0.14715400338172913,,0.08834357559680939,,,0.44504112005233765,,0.002225480042397976,,,,,0.3112725019454956,,,,,,,,,,,,,,,,,,,,,,,,
18,29529,,,,,0.0036788801662623882,,0.006997694261372089,,0.0,,0.06316948682069778,,1.0,,0.19922131299972534,,,0.0,0.0,,182.16049194335938,,0.15429428219795227,,0.1005517989397049,,,1.0189671516418457,,1.0,,,,,0.26211726665496826,,,,,,,,,,,,,,,,,,,,,,,,
18,29539,,,,,0.005329309497028589,,0.008975574746727943,,0.0,,0.1053578332066536,,0.0016773082315921783,,0.19996514916419983,,,0.14015498757362366,0.0016770468791946769,,0.0017604808090254664,,0.14769968390464783,,0.08324109017848969,,,0.46711593866348267,,0.0016773082315921783,,,,,0.3081246614456177,,,,,,,,,,,,,,,,,,,,,,,,
18,29549,,,,,0.005268862936645746,,0.00651088310405612,,0.0,,0.05813479796051979,,1.0,,0.19931378960609436,,,0.0,0.0,,175.260986328125,,0.15261617302894592,,0.07005036622285843,,,1.0508122444152832,,1.0,,,,,0.2433129996061325,,,,,,,,,,,,,,,,,,,,,,,,
18,29559,,,,,0.007317278068512678,,0.007730288431048393,,0.0,,0.1006019338965416,,0.0030512232333421707,,0.1991855651140213,,,0.1474502682685852,0.003974561579525471,,0.0015620638150721788,,0.14824992418289185,,0.15855571627616882,,,0.4632413387298584,,0.0030512232333421707,,,,,0.31169456243515015,,,,,,,,,,,,,,,,,,,,,,,,
18,29569,,,,,0.0069141630083322525,,0.011871682479977608,,0.0,,0.1050819605588913,,0.003160291351377964,,0.19995340704917908,,,0.1457776129245758,0.0018299821531400084,,0.0024041556753218174,,0.1505487561225891,,0.15503157675266266,,,0.4665893316268921,,0.003160291351377964,,,,,0.3156479597091675,,,,,,,,,,,,,,,,,,,,,,,,
18,29579,,,,,0.005579840391874313,,0.005789928138256073,,0.0,,0.05782453343272209,,1.0,,0.19904308021068573,,,0.0,0.0,,178.0194091796875,,0.15741215646266937,,0.10375422984361649,,,0.9914342164993286,,1.0,,,,,0.26191195845603943,,,,,,,,,,,,,,,,,,,,,,,,
18,29589,,,,,0.12666845321655273,,0.011152629740536213,,0.0,,0.14389687776565552,,0.06173813343048096,,0.1996249556541443,,,0.1464916467666626,0.002801360562443733,,0.002598746679723263,,0.14994941651821136,,0.15433496236801147,,,0.49524474143981934,,0.06173813343048096,,,,,0.4549262821674347,,,,,,,,,,,,,,,,,,,,,,,,
18,29599,,,,,0.004152871202677488,,0.008285021409392357,,0.0,,0.10348042845726013,,0.001774817705154419,,0.1992204487323761,,,0.15727674961090088,0.0024629973340779543,,0.0016597351059317589,,0.1516772210597992,,0.0984809622168541,,,0.43243420124053955,,0.001774817705154419,,,,,0.3161841332912445,,,,,,,,,,,,,,,,,,,,,,,,
18,29609,,,,,0.005264680366963148,,0.008586256764829159,,0.0,,0.10523088276386261,,0.001817844808101654,,0.19952228665351868,,,0.1510699838399887,0.0022221833933144808,,0.0015325781423598528,,0.1456603705883026,,0.09332171082496643,,,0.48685890436172485,,0.001817844808101654,,,,,0.3121769428253174,,,,,,,,,,,,,,,,,,,,,,,,
18,29619,,,,,0.00475654099136591,,0.010432778857648373,,0.0,,0.10496487468481064,,0.0017774822190403938,,0.199383944272995,,,0.13828150928020477,0.0034768383484333754,,0.0018140793545171618,,0.14712491631507874,,0.06903848052024841,,,0.4491361379623413,,0.0017774822190403938,,,,,0.30749601125717163,,,,,,,,,,,,,,,,,,,,,,,,
18,29629,,,,,0.004701794125139713,,0.007587272673845291,,0.0,,0.11426808685064316,,0.0019378149881958961,,0.19933223724365234,,,0.14951033890247345,0.0029926393181085587,,0.0019087737891823053,,0.1530984342098236,,0.08495356142520905,,,0.4302755296230316,,0.0019378149881958961,,,,,0.31905069947242737,,,,,,,,,,,,,,,,,,,,,,,,
18,29639,,,,,0.0035447929985821247,,0.02091716043651104,,0.0,,0.06576404720544815,,0.9818508625030518,,0.19892428815364838,,,0.5655393004417419,6.970259666442871,,1.6832383871078491,,0.15409940481185913,,0.20918846130371094,,,1.3352410793304443,,0.9818508625030518,,,,,0.3244466781616211,,,,,,,,,,,,,,,,,,,,,,,,
18,29649,,,,,0.00411930400878191,,0.012992173433303833,,0.0,,0.11950182169675827,,0.001491994597017765,,0.19997891783714294,,,0.13485214114189148,0.005864947102963924,,0.004312403034418821,,0.1549414098262787,,0.09219923615455627,,,0.4922499656677246,,0.001491994597017765,,,,,0.32034119963645935,,,,,,,,,,,,,,,,,,,,,,,,
18,29659,,,,,0.004982943646609783,,0.010207810439169407,,0.0,,0.13128001987934113,,0.0019881082698702812,,0.19939151406288147,,,0.13397112488746643,0.002417780691757798,,0.001614840584807098,,0.1481146365404129,,0.08484907448291779,,,0.44386810064315796,,0.0019881082698702812,,,,,0.31848180294036865,,,,,,,,,,,,,,,,,,,,,,,,
18,29669,,,,,0.0029053068719804287,,0.01820342428982258,,0.0,,0.06193755194544792,,0.9406471252441406,,0.19894066452980042,,,0.7381778955459595,4.997830390930176,,2.0422897338867188,,0.15692347288131714,,0.1765539050102234,,,1.378608226776123,,0.9406471252441406,,,,,0.3062795102596283,,,,,,,,,,,,,,,,,,,,,,,,
18,29679,,,,,0.006442403420805931,,0.005987224169075489,,0.0,,0.06199890375137329,,1.0,,0.19897745549678802,,,0.0,0.0,,187.0129852294922,,0.1552947461605072,,0.08973093330860138,,,1.0158519744873047,,1.0,,,,,0.25599461793899536,,,,,,,,,,,,,,,,,,,,,,,,
18,29689,,,,,0.005986188538372517,,0.013721257448196411,,0.0,,0.13063907623291016,,0.0020793769508600235,,0.19931046664714813,,,0.14367394149303436,0.004276625346392393,,0.0046540675684809685,,0.14838141202926636,,0.07334727048873901,,,0.4136018455028534,,0.0020793769508600235,,,,,0.3283146023750305,,,,,,,,,,,,,,,,,,,,,,,,
18,29699,,,,,0.00454253563657403,,0.009716745465993881,,0.0,,0.13517718017101288,,0.001438375562429428,,0.1993321031332016,,,0.14155225455760956,0.003669148311018944,,0.002693258225917816,,0.14840178191661835,,0.09827562421560287,,,0.4585323631763458,,0.001438375562429428,,,,,0.32481375336647034,,,,,,,,,,,,,,,,,,,,,,,,
18,29709,,,,,0.0055150180123746395,,0.007245405577123165,,0.0,,0.11106015741825104,,0.002228427678346634,,0.1992853283882141,,,0.14894622564315796,0.0036266124807298183,,0.0016360990703105927,,0.14632542431354523,,0.11175292730331421,,,0.4115923345088959,,0.002228427678346634,,,,,0.3145776093006134,,,,,,,,,,,,,,,,,,,,,,,,
18,29719,,,,,0.005114096216857433,,0.010816575959324837,,0.0,,0.12791641056537628,,0.0022746287286281586,,0.1991438865661621,,,0.13614174723625183,0.004611482843756676,,0.0036265829112380743,,0.1477908194065094,,0.1687387377023697,,,0.46963608264923096,,0.0022746287286281586,,,,,0.3201378881931305,,,,,,,,,,,,,,,,,,,,,,,,
18,29729,,,,,0.005047827959060669,,0.005922136828303337,,0.0,,0.06012652441859245,,1.0,,0.19929644465446472,,,0.0,0.0,,185.403564453125,,0.15353001654148102,,0.08301953971385956,,,1.0288735628128052,,1.0,,,,,0.25094732642173767,,,,,,,,,,,,,,,,,,,,,,,,
18,29739,,,,,0.00422735046595335,,0.015602340921759605,,0.0,,0.08264753967523575,,1.007333755493164,,0.19885113835334778,,,0.7761082649230957,5.9657416343688965,,2.1055760383605957,,0.1540798544883728,,0.20157471299171448,,,1.356792688369751,,1.007333755493164,,,,,0.326377809047699,,,,,,,,,,,,,,,,,,,,,,,,
18,29749,,,,,0.006456875242292881,,0.009002642706036568,,0.0,,0.10743427276611328,,0.0025993594899773598,,0.19963067770004272,,,0.14232009649276733,0.004582964815199375,,0.0021251309663057327,,0.14207617938518524,,0.20827016234397888,,,0.44611504673957825,,0.0025993594899773598,,,,,0.3100428879261017,,,,,,,,,,,,,,,,,,,,,,,,
18,29759,,,,,0.006468700245022774,,0.00843078549951315,,0.0,,0.10922236740589142,,0.0023228302597999573,,0.2007041573524475,,,0.14367176592350006,0.003258748911321163,,0.0013536813203245401,,0.1474629044532776,,0.1260681301355362,,,0.47269365191459656,,0.0023228302597999573,,,,,0.3135209083557129,,,,,,,,,,,,,,,,,,,,,,,,
18,29769,,,,,0.0043779220432043076,,0.022404499351978302,,0.0,,0.06672906875610352,,0.9318220615386963,,0.19894522428512573,,,0.5486773252487183,4.161953926086426,,2.208430051803589,,0.15785954892635345,,0.20914357900619507,,,1.6309648752212524,,0.9318220615386963,,,,,0.32754096388816833,,,,,,,,,,,,,,,,,,,,,,,,
18,29779,,,,,0.005687327589839697,,0.007050568237900734,,0.0,,0.10660804808139801,,0.0023082317784428596,,0.20061932504177094,,,0.15164825320243835,0.003007440594956279,,0.0017641031881794333,,0.1463758647441864,,0.174632728099823,,,0.42009854316711426,,0.0023082317784428596,,,,,0.31422415375709534,,,,,,,,,,,,,,,,,,,,,,,,
18,29789,,,,,0.004330798983573914,,0.008253048174083233,,0.0,,0.10303141921758652,,0.001857338473200798,,0.19934165477752686,,,0.14663846790790558,0.00684631010517478,,0.001967662712559104,,0.1459079384803772,,0.22968211770057678,,,0.4669448435306549,,0.001857338473200798,,,,,0.3103240728378296,,,,,,,,,,,,,,,,,,,,,,,,
18,29799,,,,,0.003974307794123888,,0.017787963151931763,,0.0,,0.07208787649869919,,0.9435396194458008,,0.1988501101732254,,,0.6125620603561401,6.297647476196289,,1.8607096672058105,,0.1569191962480545,,0.12799789011478424,,,1.3823386430740356,,0.9435396194458008,,,,,0.28682151436805725,,,,,,,,,,,,,,,,,,,,,,,,
18,29809,,,,,0.006916380487382412,,0.005717129912227392,,0.0,,0.0713762640953064,,1.0,,0.19893105328083038,,,0.0,0.0,,181.5867919921875,,0.15656638145446777,,0.07621313631534576,,,1.0013006925582886,,1.0,,,,,0.2544019818305969,,,,,,,,,,,,,,,,,,,,,,,,
18,29819,,,,,0.013016480952501297,,0.006521819159388542,,0.0,,0.05282210558652878,,1.0,,0.1992524415254593,,,0.0,0.0,,178.86434936523438,,0.15468287467956543,,0.0737265944480896,,,1.00752854347229,,1.0,,,,,0.2435029149055481,,,,,,,,,,,,,,,,,,,,,,,,
18,29829,,,,,0.005639621987938881,,0.02600489743053913,,0.0,,0.06600044667720795,,1.021884560585022,,0.19880762696266174,,,0.7779882550239563,5.712803840637207,,1.962276816368103,,0.15872564911842346,,0.20426349341869354,,,1.2259160280227661,,1.021884560585022,,,,,0.32690104842185974,,,,,,,,,,,,,,,,,,,,,,,,
18,29839,,,,,0.005840749479830265,,0.008710425347089767,,0.0,,0.11587904393672943,,0.002287493087351322,,0.19943329691886902,,,0.13864819705486298,0.003490342991426587,,0.0016696586972102523,,0.14631986618041992,,0.09661075472831726,,,0.479583203792572,,0.002287493087351322,,,,,0.3129161596298218,,,,,,,,,,,,,,,,,,,,,,,,
18,29849,,,,,0.004461229778826237,,0.007403903640806675,,0.0,,0.05473887920379639,,1.0,,0.19912046194076538,,,0.0,0.0,,182.41281127929688,,0.1563548743724823,,0.08760468661785126,,,1.037933111190796,,1.0,,,,,0.2526113986968994,,,,,,,,,,,,,,,,,,,,,,,,
18,29859,,,,,0.007186702452600002,,0.021910306066274643,,0.0,,0.061589315533638,,0.946294903755188,,0.19883127510547638,,,0.6430612206459045,6.9649200439453125,,2.0283608436584473,,0.15286128222942352,,0.18940970301628113,,,1.376312255859375,,0.946294903755188,,,,,0.3123009204864502,,,,,,,,,,,,,,,,,,,,,,,,
18,29869,,,,,0.005808345507830381,,0.011058377102017403,,0.0,,0.11683666706085205,,0.0023065516725182533,,0.1991771012544632,,,0.14536531269550323,0.003602946875616908,,0.0026027350686490536,,0.15102912485599518,,0.09913752973079681,,,0.4555818438529968,,0.0023065516725182533,,,,,0.32064446806907654,,,,,,,,,,,,,,,,,,,,,,,,
18,29879,,,,,0.00482567073777318,,0.015820780768990517,,0.0,,0.11930462718009949,,0.0017380835488438606,,0.1991899311542511,,,0.14762252569198608,0.005097243469208479,,0.0029707159847021103,,0.14956063032150269,,0.16808044910430908,,,0.4850674867630005,,0.0017380835488438606,,,,,0.3246088922023773,,,,,,,,,,,,,,,,,,,,,,,,
18,29889,,,,,0.06916138529777527,,0.013718236237764359,,0.0,,0.12922370433807373,,0.033223383128643036,,0.199482724070549,,,0.15243464708328247,0.02895989455282688,,0.0031206717249006033,,0.15266723930835724,,0.0832187831401825,,,0.46404892206192017,,0.033223383128643036,,,,,0.40896493196487427,,,,,,,,,,,,,,,,,,,,,,,,
18,29899,,,,,0.004500528797507286,,0.007640620227903128,,0.0,,0.12944059073925018,,0.001873549073934555,,0.19930052757263184,,,0.14409607648849487,0.0031210975721478462,,0.0015981909818947315,,0.14610271155834198,,0.08652922511100769,,,0.45692265033721924,,0.001873549073934555,,,,,0.3201504647731781,,,,,,,,,,,,,,,,,,,,,,,,
18,29909,,,,,0.005131868179887533,,0.019752688705921173,,0.0,,0.07193215191364288,,0.959358811378479,,0.1988394558429718,,,0.621594250202179,4.798145294189453,,1.7071088552474976,,0.15613102912902832,,0.17375755310058594,,,1.2474405765533447,,0.959358811378479,,,,,0.31020644307136536,,,,,,,,,,,,,,,,,,,,,,,,
18,29919,,,,,0.005352020263671875,,0.02023700624704361,,0.0,,0.08353747427463531,,0.8857797980308533,,0.19876907765865326,,,0.4831739664077759,4.1483893394470215,,1.8251056671142578,,0.15461042523384094,,0.13866156339645386,,,1.3120594024658203,,0.8857797980308533,,,,,0.2979077696800232,,,,,,,,,,,,,,,,,,,,,,,,
18,29929,,,,,0.005905563943088055,,0.009328568354249,,0.0,,0.12091656029224396,,0.002161783166229725,,0.19987240433692932,,,0.14019618928432465,0.0033265426754951477,,0.002076844684779644,,0.1462005078792572,,0.10151077061891556,,,0.4653376340866089,,0.002161783166229725,,,,,0.31686437129974365,,,,,,,,,,,,,,,,,,,,,,,,
18,29939,,,,,0.004755127243697643,,0.01396152377128601,,0.0,,0.10741563886404037,,0.0021938197314739227,,0.19946110248565674,,,0.1485562026500702,0.001401636516675353,,0.0024711908772587776,,0.1528417021036148,,0.19274935126304626,,,0.4567466378211975,,0.0021938197314739227,,,,,0.3178096413612366,,,,,,,,,,,,,,,,,,,,,,,,
18,29949,,,,,0.004347526002675295,,0.006996707059442997,,0.0,,0.06101943925023079,,1.0,,0.1991160660982132,,,0.0,0.0,,187.00723266601562,,0.15423156321048737,,0.07211598753929138,,,0.9936611652374268,,1.0,,,,,0.24673987925052643,,,,,,,,,,,,,,,,,,,,,,,,
18,29959,,,,,0.003309227991849184,,0.030253715813159943,,0.0,,0.06733057647943497,,1.114377737045288,,0.19878485798835754,,,0.5286388397216797,6.3616509437561035,,1.5967130661010742,,0.1712307631969452,,0.1741374135017395,,,1.5316188335418701,,1.114377737045288,,,,,0.32086867094039917,,,,,,,,,,,,,,,,,,,,,,,,
18,29969,,,,,0.007268968038260937,,0.009421118535101414,,0.0,,0.11651510000228882,,0.0030461763963103294,,0.19931012392044067,,,0.14960317313671112,0.004702975042164326,,0.002998506184667349,,0.14742237329483032,,0.07277297228574753,,,0.4393198490142822,,0.0030461763963103294,,,,,0.3222556412220001,,,,,,,,,,,,,,,,,,,,,,,,
18,29979,,,,,0.0051418691873550415,,0.007272012066096067,,0.0,,0.11338598281145096,,0.0022636689245700836,,0.20272882282733917,,,0.14523354172706604,0.005018000956624746,,0.002763686701655388,,0.14572831988334656,,0.1908782720565796,,,0.41310641169548035,,0.0022636689245700836,,,,,0.31620705127716064,,,,,,,,,,,,,,,,,,,,,,,,
18,29989,,,,,0.0047655715607106686,,0.012283098883926868,,0.0,,0.13162505626678467,,0.0021135658025741577,,0.19984683394432068,,,0.14192119240760803,0.0026022542733699083,,0.0034408296924084425,,0.14841873943805695,,0.0886625349521637,,,0.4720063805580139,,0.0021135658025741577,,,,,0.32483455538749695,,,,,,,,,,,,,,,,,,,,,,,,
18,29999,,,,,0.00377854285761714,,0.02175738289952278,,0.0,,0.06770215928554535,,0.8490718603134155,,0.1988736242055893,,,0.6535589098930359,6.475302219390869,,1.9063905477523804,,0.16122911870479584,,0.14118239283561707,,,1.2660713195800781,,0.8490718603134155,,,,,0.2953723669052124,,,,,,,,,,,,,,,,,,,,,,,,
18,30009,,,,,0.006077357567846775,,0.012491094879806042,,0.0,,0.11320220679044724,,0.002544146031141281,,0.19940857589244843,,,0.14752162992954254,0.0031953309662640095,,0.0025331364013254642,,0.14917033910751343,,0.11507436633110046,,,0.4551670253276825,,0.002544146031141281,,,,,0.3198385238647461,,,,,,,,,,,,,,,,,,,,,,,,
18,30019,,,,,0.0045564305037260056,,0.005638715345412493,,0.0,,0.05113090202212334,,1.0,,0.1990145444869995,,,0.0,0.0,,179.75082397460938,,0.15287938714027405,,0.08080260455608368,,,0.9926059246063232,,1.0,,,,,0.24473309516906738,,,,,,,,,,,,,,,,,,,,,,,,
18,30029,,,,,0.006035179831087589,,0.015539523214101791,,0.0,,0.07329428941011429,,0.8449547290802002,,0.19885987043380737,,,0.5539420247077942,4.781442642211914,,1.8201262950897217,,0.14925435185432434,,0.19412890076637268,,,1.5086071491241455,,0.8449547290802002,,,,,0.3155384659767151,,,,,,,,,,,,,,,,,,,,,,,,
18,30039,,,,,0.00515199638903141,,0.005257059819996357,,0.0,,0.05830197408795357,,1.0,,0.1991073340177536,,,0.0,0.0,,176.0426025390625,,0.15423683822155,,0.0901392251253128,,,1.0131444931030273,,1.0,,,,,0.253521203994751,,,,,,,,,,,,,,,,,,,,,,,,
18,30049,,,,,0.0037197719793766737,,0.009481312707066536,,0.0,,0.09205056726932526,,0.0017818547785282135,,0.1992274820804596,,,0.1606467217206955,0.002337397076189518,,0.003313601016998291,,0.153460294008255,,0.08450047671794891,,,0.5126529932022095,,0.0017818547785282135,,,,,0.3139784634113312,,,,,,,,,,,,,,,,,,,,,,,,
18,30059,,,,,0.005250256042927504,,0.007179914508014917,,0.0,,0.11522277444601059,,0.001883302815258503,,0.19935739040374756,,,0.14590862393379211,0.0028746146708726883,,0.001669660210609436,,0.14626891911029816,,0.18952342867851257,,,0.4514726996421814,,0.001883302815258503,,,,,0.3144911825656891,,,,,,,,,,,,,,,,,,,,,,,,
18,30069,,,,,0.005486458074301481,,0.01826074719429016,,0.0,,0.13038884103298187,,0.001964971423149109,,0.19976791739463806,,,0.15003499388694763,0.002513807499781251,,0.0038887965492904186,,0.15391938388347626,,0.10280376672744751,,,0.4913330376148224,,0.001964971423149109,,,,,0.3348737061023712,,,,,,,,,,,,,,,,,,,,,,,,
18,30079,,,,,0.004399813711643219,,0.0057310196571052074,,0.0,,0.04930334538221359,,1.0,,0.1988915055990219,,,0.0,0.0,,181.4791717529297,,0.15437255799770355,,0.10120230168104172,,,0.998515784740448,,1.0,,,,,0.2547503709793091,,,,,,,,,,,,,,,,,,,,,,,,
18,30089,,,,,0.004674250725656748,,0.009376542642712593,,0.0,,0.12583567202091217,,0.0015818672254681587,,0.19914405047893524,,,0.1433057188987732,0.0018457346595823765,,0.0026560488622635603,,0.14885342121124268,,0.07725952565670013,,,0.4171713590621948,,0.0015818672254681587,,,,,0.3201828598976135,,,,,,,,,,,,,,,,,,,,,,,,
18,30099,,,,,0.005067058838903904,,0.01188289187848568,,0.0,,0.12612396478652954,,0.0020100483670830727,,0.19986514747142792,,,0.1427423059940338,0.0026722371112555265,,0.002142666606232524,,0.14512106776237488,,0.09078726172447205,,,0.459208220243454,,0.0020100483670830727,,,,,0.32034218311309814,,,,,,,,,,,,,,,,,,,,,,,,
18,30109,,,,,0.008096417412161827,,0.006134634837508202,,0.0,,0.05914466828107834,,1.0,,0.20008577406406403,,,0.0,0.0,,177.8203125,,0.15174610912799835,,0.0907420665025711,,,1.0220861434936523,,1.0,,,,,0.2539266049861908,,,,,,,,,,,,,,,,,,,,,,,,
18,30119,,,,,0.0041470821015536785,,0.009469694457948208,,0.0,,0.10704832524061203,,0.0015942780300974846,,0.1992240697145462,,,0.13256798684597015,0.00280414498411119,,0.0018221430946141481,,0.15216732025146484,,0.15762068331241608,,,0.46428361535072327,,0.0015942780300974846,,,,,0.30669891834259033,,,,,,,,,,,,,,,,,,,,,,,,
18,30129,,,,,0.004569699056446552,,0.008256705477833748,,0.0,,0.12239082902669907,,0.0015099123120307922,,0.19915220141410828,,,0.1468035876750946,0.006400404032319784,,0.0019704168662428856,,0.1470949500799179,,0.09068603813648224,,,0.4853070378303528,,0.0015099123120307922,,,,,0.32060426473617554,,,,,,,,,,,,,,,,,,,,,,,,
18,30139,,,,,0.0035016918554902077,,0.01404440775513649,,0.0,,0.10765731334686279,,0.0015338510274887085,,0.2004600167274475,,,0.1468818634748459,0.004217946901917458,,0.0038527881260961294,,0.1516156643629074,,0.1813526749610901,,,0.4709128737449646,,0.0015338510274887085,,,,,0.3178666830062866,,,,,,,,,,,,,,,,,,,,,,,,
18,30149,,,,,0.005931342951953411,,0.006938943173736334,,0.0,,0.10837448388338089,,0.002511005848646164,,0.1991674304008484,,,0.1371489018201828,0.002743373392149806,,0.0019562551751732826,,0.1425960510969162,,0.1669009029865265,,,0.49779289960861206,,0.002511005848646164,,,,,0.3053940534591675,,,,,,,,,,,,,,,,,,,,,,,,
18,30159,,,,,0.0040238844230771065,,0.006543036550283432,,0.0,,0.05263281986117363,,1.0,,0.19898279011249542,,,0.0,0.0,,180.22190856933594,,0.1548096239566803,,0.11085245758295059,,,0.9900895357131958,,1.0,,,,,0.2619103789329529,,,,,,,,,,,,,,,,,,,,,,,,
18,30169,,,,,0.004227826371788979,,0.01925564557313919,,0.0,,0.0711674913764,,0.8564261794090271,,0.19890090823173523,,,0.7625041604042053,5.725703239440918,,1.818333625793457,,0.149763822555542,,0.2101503312587738,,,1.1545255184173584,,0.8564261794090271,,,,,0.3246191143989563,,,,,,,,,,,,,,,,,,,,,,,,
18,30179,,,,,0.00494872173294425,,0.017974665388464928,,0.0,,0.07370489835739136,,0.9366942644119263,,0.19880411028862,,,0.633549153804779,5.513678550720215,,2.0681920051574707,,0.15480755269527435,,0.20504924654960632,,,1.3554470539093018,,0.9366942644119263,,,,,0.32517021894454956,,,,,,,,,,,,,,,,,,,,,,,,
18,30189,,,,,0.00528290867805481,,0.03146741911768913,,0.0,,0.06768864393234253,,0.9568893313407898,,0.19882681965827942,,,0.5563865900039673,6.44670295715332,,1.934279203414917,,0.16799777746200562,,0.1464020013809204,,,1.4268003702163696,,0.9568893313407898,,,,,0.3061913251876831,,,,,,,,,,,,,,,,,,,,,,,,
18,30199,,,,,0.005677421577274799,,0.024411838501691818,,0.0,,0.0605359748005867,,1.0513250827789307,,0.1989739090204239,,,0.8279198408126831,6.849865436553955,,1.8523544073104858,,0.15362560749053955,,0.16999632120132446,,,1.3931818008422852,,1.0513250827789307,,,,,0.30377182364463806,,,,,,,,,,,,,,,,,,,,,,,,
18,30209,,,,,0.005159130785614252,,0.006726616993546486,,0.0,,0.10175631940364838,,0.0020206449553370476,,0.19918912649154663,,,0.14961735904216766,0.0018234318122267723,,0.0017615784890949726,,0.14672596752643585,,0.06749022752046585,,,0.43903863430023193,,0.0020206449553370476,,,,,0.30895933508872986,,,,,,,,,,,,,,,,,,,,,,,,
18,30219,,,,,0.0036937168333679438,,0.01248745247721672,,0.0,,0.115234375,,0.0013870885595679283,,0.19956910610198975,,,0.15045693516731262,0.002004058100283146,,0.002682032762095332,,0.1441580206155777,,0.07518808543682098,,,0.4689432382583618,,0.0013870885595679283,,,,,0.3169896900653839,,,,,,,,,,,,,,,,,,,,,,,,
18,30229,,,,,0.006445842795073986,,0.02143174782395363,,0.0,,0.07028234004974365,,0.8655216693878174,,0.19886702299118042,,,0.5728633403778076,4.617133140563965,,2.0355215072631836,,0.15922212600708008,,0.23157645761966705,,,1.7501544952392578,,0.8655216693878174,,,,,0.34068983793258667,,,,,,,,,,,,,,,,,,,,,,,,
18,30239,,,,,0.00495082326233387,,0.012392804026603699,,0.0,,0.0797516256570816,,1.0,,0.19943061470985413,,,0.0,0.0,,0.47026389837265015,,0.15877574682235718,,0.2301923632621765,,,0.9637373089790344,,1.0,,,,,0.34027159214019775,,,,,,,,,,,,,,,,,,,,,,,,
18,30249,,,,,0.0038107377476990223,,0.009040681645274162,,0.0,,0.11689185351133347,,0.0014821207150816917,,0.19915498793125153,,,0.133029505610466,0.0019772902596741915,,0.0019013695418834686,,0.1422538310289383,,0.07875917851924896,,,0.4534878730773926,,0.0014821207150816917,,,,,0.30593550205230713,,,,,,,,,,,,,,,,,,,,,,,,
18,30259,,,,,0.005609533283859491,,0.02178800106048584,,0.0,,0.0638539269566536,,0.9392327070236206,,0.19897228479385376,,,0.703203558921814,4.757303714752197,,1.9963266849517822,,0.15950976312160492,,0.15707309544086456,,,1.1840206384658813,,0.9392327070236206,,,,,0.30059853196144104,,,,,,,,,,,,,,,,,,,,,,,,
18,30269,,,,,0.004308114759624004,,0.020650334656238556,,0.0,,0.06350383907556534,,0.8473628163337708,,0.19885972142219543,,,0.5136688351631165,5.099666118621826,,2.0031821727752686,,0.15749898552894592,,0.16043612360954285,,,1.3782955408096313,,0.8473628163337708,,,,,0.30047449469566345,,,,,,,,,,,,,,,,,,,,,,,,
18,30279,,,,,0.005440401844680309,,0.011553200893104076,,0.0,,0.11439777910709381,,0.0022514350712299347,,0.19924096763134003,,,0.14665648341178894,0.0015956165734678507,,0.003162452718243003,,0.15122823417186737,,0.10151566565036774,,,0.44317924976348877,,0.0022514350712299347,,,,,0.3193577527999878,,,,,,,,,,,,,,,,,,,,,,,,
18,30289,,,,,0.06957151740789413,,0.00950552336871624,,0.0,,0.13692280650138855,,0.033847905695438385,,0.1995171308517456,,,0.15321879088878632,0.008988190442323685,,0.004938686266541481,,0.14456944167613983,,0.14903411269187927,,,0.43351292610168457,,0.033847905695438385,,,,,0.39840179681777954,,,,,,,,,,,,,,,,,,,,,,,,
18,30299,,,,,0.0032724952325224876,,0.008155519142746925,,0.0,,0.12120532244443893,,0.0013108113780617714,,0.19923566281795502,,,0.14448626339435577,0.0029428103007376194,,0.0019481927156448364,,0.14663061499595642,,0.20210103690624237,,,0.4668649435043335,,0.0013108113780617714,,,,,0.31557467579841614,,,,,,,,,,,,,,,,,,,,,,,,
18,30304,,,,,,,,,,,,,,,,,,,,,,,,,,,,,,,,,,,,,,0.4180762469768524,0.17876102030277252,0.05126100033521652,0.06195507571101189,0.060742150992155075,0.0,0.3201158344745636,0.29066532850265503,0.3133145868778229,0.5154542922973633,0.21218344569206238,13.185627937316895,0.22604048252105713,0.7089968919754028,1.0847549438476562,0.2343614101409912,0.29066532850265503,0.866239607334137,0.9877888560295105,0.43795472383499146,1.0730125904083252,1.141939640045166
18,30304,0.004147722851485014,0.009788114577531815,0.001221049576997757,0.0018108199583366513,,0.012180707417428493,,0.0,,0.09148146212100983,,0.4571871757507324,,0.19949530065059662,,1.2288050651550293,0.2195964902639389,,,42.084468841552734,,0.15219387412071228,,0.13666945695877075,,0.7925894260406494,0.4675375521183014,,0.4571871757507324,,0.31361594796180725,0.33911389112472534,0.2525724172592163,0.30515408515930176,,0.4990854561328888,0.32316553592681885,,,,,,,,,,,,,,,,,,,,,,
19,30309,,,,,0.006699278485029936,,0.011836239136755466,,0.0,,0.11570562422275543,,0.0028494801372289658,,0.19941532611846924,,,0.1579214185476303,0.002420546021312475,,0.0024028043262660503,,0.149587482213974,,0.09059365838766098,,,0.4489152431488037,,0.0028494801372289658,,,,,0.32634398341178894,,,,,,,,,,,,,,,,,,,,,,,,
19,30319,,,,,0.004582698922604322,,0.02381793037056923,,0.0,,0.062075331807136536,,0.9246664047241211,,0.19891798496246338,,,0.6556379199028015,5.673428535461426,,1.8662457466125488,,0.1600474715232849,,0.21301618218421936,,,1.4735356569290161,,0.9246664047241211,,,,,0.32893747091293335,,,,,,,,,,,,,,,,,,,,,,,,
19,30329,,,,,0.0043221889063715935,,0.012886561453342438,,0.0,,0.10069840401411057,,0.0017061680555343628,,0.2000216692686081,,,0.15195950865745544,0.0016306398902088404,,0.0028213539626449347,,0.14506492018699646,,0.08466403931379318,,,0.4800262451171875,,0.0017061680555343628,,,,,0.3118637502193451,,,,,,,,,,,,,,,,,,,,,,,,
19,30339,,,,,0.004192865453660488,,0.00602914160117507,,0.0,,0.0639083981513977,,1.0,,0.19919872283935547,,,0.0,0.0,,181.2464599609375,,0.1558721363544464,,0.05927922576665878,,,1.021819829940796,,1.0,,,,,0.24214382469654083,,,,,,,,,,,,,,,,,,,,,,,,
19,30349,,,,,0.005852127447724342,,0.009194938465952873,,0.0,,0.10739459097385406,,0.0023701749742031097,,0.1990175098180771,,,0.1337743103504181,0.0030751307494938374,,0.0027069165371358395,,0.14305207133293152,,0.09672681987285614,,,0.4725007712841034,,0.0023701749742031097,,,,,0.30495986342430115,,,,,,,,,,,,,,,,,,,,,,,,
19,30359,,,,,0.0044852737337350845,,0.010061630979180336,,0.0,,0.10971219092607498,,0.0016773045063018799,,0.19970691204071045,,,0.14532029628753662,0.0036118682473897934,,0.0036285961978137493,,0.14757606387138367,,0.13245639204978943,,,0.4011496305465698,,0.0016773045063018799,,,,,0.3142940402030945,,,,,,,,,,,,,,,,,,,,,,,,
19,30369,,,,,0.0034282852429896593,,0.0077514005824923515,,0.0,,0.1123010516166687,,0.001234949566423893,,0.19900476932525635,,,0.1379406899213791,0.0013606720604002476,,0.001394164632074535,,0.14925356209278107,,0.1867571771144867,,,0.4669806957244873,,0.001234949566423893,,,,,0.30793142318725586,,,,,,,,,,,,,,,,,,,,,,,,
19,30379,,,,,0.004089604131877422,,0.010448532178997993,,0.0,,0.10179290175437927,,0.001664784736931324,,0.20118004083633423,,,0.14514218270778656,0.003889462910592556,,0.002534912433475256,,0.14567384123802185,,0.08733133226633072,,,0.4930083453655243,,0.001664784736931324,,,,,0.30942055583000183,,,,,,,,,,,,,,,,,,,,,,,,
19,30389,,,,,0.004342072177678347,,0.01322925928980112,,0.0,,0.1349477618932724,,0.0016106655821204185,,0.19891634583473206,,,0.14924123883247375,0.0019552423618733883,,0.0028285360895097256,,0.15042556822299957,,0.11829617619514465,,,0.45235252380371094,,0.0016106655821204185,,,,,0.33011406660079956,,,,,,,,,,,,,,,,,,,,,,,,
19,30399,,,,,0.003442678600549698,,0.008661595173180103,,0.0,,0.11324562877416611,,0.001529797911643982,,0.19922997057437897,,,0.14001145958900452,0.0011991583742201328,,0.0016141831874847412,,0.14765766263008118,,0.07783222943544388,,,0.45630955696105957,,0.001529797911643982,,,,,0.30925253033638,,,,,,,,,,,,,,,,,,,,,,,,
19,30409,,,,,0.005140446126461029,,0.009204700589179993,,0.0,,0.12596166133880615,,0.002083578146994114,,0.19924981892108917,,,0.14558371901512146,0.0025370605289936066,,0.0025879093445837498,,0.14416110515594482,,0.14288857579231262,,,0.4391941428184509,,0.002083578146994114,,,,,0.31978341937065125,,,,,,,,,,,,,,,,,,,,,,,,
19,30419,,,,,0.0061171939596533775,,0.006353909149765968,,0.0,,0.09429538995027542,,0.0026868786662817,,0.19896727800369263,,,0.1451682448387146,0.005354891065508127,,0.002280989196151495,,0.1467481404542923,,0.1797361969947815,,,0.41760581731796265,,0.0026868786662817,,,,,0.3057016134262085,,,,,,,,,,,,,,,,,,,,,,,,
19,30429,,,,,0.005624377168715,,0.010742530226707458,,0.0,,0.12825468182563782,,0.0022048093378543854,,0.20000547170639038,,,0.13924655318260193,0.0019282939611002803,,0.0015491656959056854,,0.14690425992012024,,0.22446919977664948,,,0.4938361644744873,,0.0022048093378543854,,,,,0.31993988156318665,,,,,,,,,,,,,,,,,,,,,,,,
19,30439,,,,,0.003972165286540985,,0.02681807428598404,,0.0,,0.0675901249051094,,0.9855441451072693,,0.19881688058376312,,,0.8457160592079163,4.949900150299072,,2.0081899166107178,,0.15935924649238586,,0.14175540208816528,,,1.5889041423797607,,0.9855441451072693,,,,,0.29716986417770386,,,,,,,,,,,,,,,,,,,,,,,,
19,30449,,,,,0.017480071634054184,,0.012757078744471073,,0.0,,0.11037656664848328,,0.007641393691301346,,0.19911162555217743,,,0.1349312663078308,0.005439372733235359,,0.0024632583372294903,,0.15094783902168274,,0.19546785950660706,,,0.4283413887023926,,0.007641393691301346,,,,,0.32549357414245605,,,,,,,,,,,,,,,,,,,,,,,,
19,30459,,,,,0.00396940391510725,,0.019447896629571915,,0.0,,0.06712496280670166,,0.9647954702377319,,0.19897527992725372,,,0.6675432324409485,4.772643566131592,,2.1594300270080566,,0.15367430448532104,,0.1552194207906723,,,1.1812504529953003,,0.9647954702377319,,,,,0.29722094535827637,,,,,,,,,,,,,,,,,,,,,,,,
19,30469,,,,,0.0042340997606515884,,0.006051171571016312,,0.0,,0.05483214557170868,,1.0,,0.19891257584095,,,0.0,0.0,,183.06712341308594,,0.1572500765323639,,0.07717964798212051,,,0.9871570467948914,,1.0,,,,,0.24711279571056366,,,,,,,,,,,,,,,,,,,,,,,,
19,30479,,,,,0.0033578230068087578,,0.010473417118191719,,0.0,,0.11303768306970596,,0.0013854624703526497,,0.19907906651496887,,,0.14609000086784363,0.0026863254606723785,,0.002670848276466131,,0.1499449908733368,,0.17398887872695923,,,0.471551775932312,,0.0013854624703526497,,,,,0.3153489828109741,,,,,,,,,,,,,,,,,,,,,,,,
19,30489,,,,,0.005400789435952902,,0.011334407143294811,,0.0,,0.11200175434350967,,0.0023496123030781746,,0.19963760673999786,,,0.1425514966249466,0.0031689114402979612,,0.002092489041388035,,0.1504824459552765,,0.06589362770318985,,,0.4399715065956116,,0.0023496123030781746,,,,,0.31603533029556274,,,,,,,,,,,,,,,,,,,,,,,,
19,30499,,,,,0.0033242881763726473,,0.014614803716540337,,0.0,,0.12021197378635406,,0.0014317724853754044,,0.19935289025306702,,,0.14096081256866455,0.0019212770275771618,,0.0023003509268164635,,0.14743372797966003,,0.19722071290016174,,,0.4590338468551636,,0.0014317724853754044,,,,,0.31672221422195435,,,,,,,,,,,,,,,,,,,,,,,,
19,30509,,,,,0.005565379746258259,,0.015130862593650818,,0.0,,0.07304652780294418,,0.9676461815834045,,0.198745995759964,,,0.5029338002204895,5.097124099731445,,2.1727664470672607,,0.14702343940734863,,0.1336783468723297,,,1.2805349826812744,,0.9676461815834045,,,,,0.28381258249282837,,,,,,,,,,,,,,,,,,,,,,,,
19,30519,,,,,0.004934139084070921,,0.009515156969428062,,0.0,,0.10092996805906296,,0.0020988518372178078,,0.1999947428703308,,,0.13696657121181488,0.0014463498955592513,,0.0021992349065840244,,0.1454339474439621,,0.13722333312034607,,,0.42934077978134155,,0.0020988518372178078,,,,,0.3031771183013916,,,,,,,,,,,,,,,,,,,,,,,,
19,30529,,,,,0.004394021816551685,,0.024416055530309677,,0.0,,0.0701589360833168,,0.8935163021087646,,0.19883309304714203,,,0.5412980914115906,6.482623100280762,,2.123720169067383,,0.1612204760313034,,0.21079184114933014,,,1.2614458799362183,,0.8935163021087646,,,,,0.3327102065086365,,,,,,,,,,,,,,,,,,,,,,,,
19,30539,,,,,0.004394021816551685,,0.018651731312274933,,0.0,,0.06456844508647919,,0.9115342497825623,,0.19876758754253387,,,0.6800923347473145,5.181337356567383,,2.2535626888275146,,0.1479400098323822,,0.12840896844863892,,,1.3418784141540527,,0.9115342497825623,,,,,0.27916836738586426,,,,,,,,,,,,,,,,,,,,,,,,
19,30549,,,,,0.004159686155617237,,0.005664746277034283,,0.0,,0.05845259130001068,,1.0,,0.19901347160339355,,,0.0,0.0,,179.4254608154297,,0.1578388512134552,,0.08094273507595062,,,1.048095464706421,,1.0,,,,,0.2509562075138092,,,,,,,,,,,,,,,,,,,,,,,,
19,30559,,,,,0.005638020113110542,,0.0065628099255263805,,0.0,,0.06522326171398163,,1.0,,0.19908025860786438,,,0.0,0.0,,177.6160125732422,,0.15438005328178406,,0.07603967189788818,,,0.9979144334793091,,1.0,,,,,0.2506430149078369,,,,,,,,,,,,,,,,,,,,,,,,
19,30569,,,,,0.00587865523993969,,0.01415471825748682,,0.0,,0.11206825822591782,,0.002288293093442917,,0.19970738887786865,,,0.1545955091714859,0.011540083214640617,,0.003984712064266205,,0.1556491106748581,,0.07767413556575775,,,0.44699177145957947,,0.002288293093442917,,,,,0.3317285478115082,,,,,,,,,,,,,,,,,,,,,,,,
19,30579,,,,,0.004615089390426874,,0.010287955403327942,,0.0,,0.119266577064991,,0.0014048097655177116,,0.19903241097927094,,,0.13962900638580322,0.001684124581515789,,0.0017282671760767698,,0.14989785850048065,,0.10331091284751892,,,0.4391424059867859,,0.0014048097655177116,,,,,0.31537821888923645,,,,,,,,,,,,,,,,,,,,,,,,
19,30589,,,,,0.004421590827405453,,0.006216585636138916,,0.0,,0.0560167022049427,,1.0,,0.19899097084999084,,,0.0,0.0,,175.6656951904297,,0.156752809882164,,0.07547170668840408,,,0.9826701879501343,,1.0,,,,,0.24672438204288483,,,,,,,,,,,,,,,,,,,,,,,,
19,30599,,,,,0.0045480867847800255,,0.019443802535533905,,0.0,,0.060203470289707184,,0.91974276304245,,0.19880007207393646,,,0.8723946809768677,7.435382843017578,,1.813359022140503,,0.15384545922279358,,0.1793164759874344,,,1.3798203468322754,,0.91974276304245,,,,,0.30580464005470276,,,,,,,,,,,,,,,,,,,,,,,,
19,30609,,,,,0.00500876922160387,,0.014594519510865211,,0.0,,0.05688619613647461,,0.8852736949920654,,0.1989281177520752,,,0.6886821389198303,6.864606857299805,,2.2254700660705566,,0.14924675226211548,,0.22634269297122955,,,1.5737931728363037,,0.8852736949920654,,,,,0.32299914956092834,,,,,,,,,,,,,,,,,,,,,,,,
19,30619,,,,,0.004703443497419357,,0.009292678907513618,,0.0,,0.11336798965930939,,0.0017949221655726433,,0.1991456151008606,,,0.14100539684295654,0.0022197929210960865,,0.002037206431850791,,0.1454334855079651,,0.15637534856796265,,,0.4542725682258606,,0.0017949221655726433,,,,,0.3109545111656189,,,,,,,,,,,,,,,,,,,,,,,,
19,30629,,,,,0.004651651717722416,,0.01119814533740282,,0.0,,0.10570824146270752,,0.0015032794326543808,,0.19947703182697296,,,0.13750723004341125,0.003116550389677286,,0.003141415072605014,,0.15154996514320374,,0.08204299211502075,,,0.46791982650756836,,0.0015032794326543808,,,,,0.3105009198188782,,,,,,,,,,,,,,,,,,,,,,,,
19,30639,,,,,0.0037481081672012806,,0.016284454613924026,,0.0,,0.07188446819782257,,0.9174245595932007,,0.19881781935691833,,,0.7186019420623779,6.838139533996582,,1.8116035461425781,,0.14601567387580872,,0.1446651816368103,,,1.488917350769043,,0.9174245595932007,,,,,0.2888337969779968,,,,,,,,,,,,,,,,,,,,,,,,
19,30649,,,,,0.06668899953365326,,0.014626603573560715,,0.0,,0.12452483922243118,,0.032971225678920746,,0.20149850845336914,,,0.14367076754570007,0.0015380684053525329,,0.0024049854837358,,0.15139475464820862,,0.08845502138137817,,,0.44860997796058655,,0.032971225678920746,,,,,0.3865182399749756,,,,,,,,,,,,,,,,,,,,,,,,
19,30659,,,,,0.003933626227080822,,0.007969515398144722,,0.0,,0.1171281486749649,,0.001389259472489357,,0.19918029010295868,,,0.13630931079387665,0.007198347244411707,,0.0027765887789428234,,0.1451626420021057,,0.07249049842357635,,,0.4489947557449341,,0.001389259472489357,,,,,0.31179603934288025,,,,,,,,,,,,,,,,,,,,,,,,
19,30669,,,,,0.00434077437967062,,0.008218157105147839,,0.0,,0.10352103412151337,,0.0015900405123829842,,0.20075702667236328,,,0.14349688589572906,0.002912443596869707,,0.002886593108996749,,0.14642371237277985,,0.11619561910629272,,,0.4437301754951477,,0.0015900405123829842,,,,,0.3084487020969391,,,,,,,,,,,,,,,,,,,,,,,,
19,30679,,,,,0.006356929428875446,,0.014388436451554298,,0.0,,0.12390139698982239,,0.0024720560759305954,,0.19930371642112732,,,0.14499233663082123,0.0015923744067549706,,0.0030131726525723934,,0.15167108178138733,,0.1565415859222412,,,0.48724979162216187,,0.0024720560759305954,,,,,0.3257881700992584,,,,,,,,,,,,,,,,,,,,,,,,
19,30689,,,,,0.005759533029049635,,0.01623871549963951,,0.0,,0.06478790938854218,,0.916470468044281,,0.19891951978206635,,,1.049759864807129,6.034844398498535,,1.8551816940307617,,0.153873473405838,,0.15513825416564941,,,1.3047409057617188,,0.916470468044281,,,,,0.2944789528846741,,,,,,,,,,,,,,,,,,,,,,,,
19,30699,,,,,0.006303269416093826,,0.017732365056872368,,0.0,,0.07362841069698334,,0.8225575685501099,,0.19872614741325378,,,0.5644999146461487,5.232646942138672,,1.7860925197601318,,0.15338575839996338,,0.21628490090370178,,,1.3515205383300781,,0.8225575685501099,,,,,0.3298788070678711,,,,,,,,,,,,,,,,,,,,,,,,
19,30709,,,,,0.012530891224741936,,0.006290134973824024,,0.0,,0.061634134501218796,,1.0,,0.19892045855522156,,,0.0,0.0,,178.61944580078125,,0.15695926547050476,,0.0778428167104721,,,1.0177115201950073,,1.0,,,,,0.25082340836524963,,,,,,,,,,,,,,,,,,,,,,,,
19,30719,,,,,0.005869203247129917,,0.010523462668061256,,0.0,,0.10785830020904541,,0.0022259382531046867,,0.19961760938167572,,,0.1487288922071457,0.0016400841996073723,,0.0017745092045515776,,0.14878445863723755,,0.24263349175453186,,,0.45842766761779785,,0.0022259382531046867,,,,,0.3153328597545624,,,,,,,,,,,,,,,,,,,,,,,,
19,30729,,,,,0.002941921353340149,,0.01653207093477249,,0.0,,0.0723986104130745,,0.932047426700592,,0.19881701469421387,,,0.5120921730995178,6.557561874389648,,2.253278970718384,,0.1552610993385315,,0.15848827362060547,,,1.2136726379394531,,0.932047426700592,,,,,0.3007485270500183,,,,,,,,,,,,,,,,,,,,,,,,
19,30739,,,,,0.005963586270809174,,0.009931964799761772,,0.0,,0.11617953330278397,,0.0021698912605643272,,0.19952356815338135,,,0.14482717216014862,0.003216145094484091,,0.001947289681993425,,0.1460338532924652,,0.1420096904039383,,,0.5003454089164734,,0.0021698912605643272,,,,,0.3167933523654938,,,,,,,,,,,,,,,,,,,,,,,,
19,30749,,,,,0.0047544557601213455,,0.023922817781567574,,0.0,,0.06268801540136337,,1.0484625101089478,,0.19874295592308044,,,0.6389392614364624,6.192917823791504,,1.8505840301513672,,0.16313068568706512,,0.21476462483406067,,,1.219646692276001,,1.0484625101089478,,,,,0.3316245675086975,,,,,,,,,,,,,,,,,,,,,,,,
19,30759,,,,,0.004341942258179188,,0.010442309081554413,,0.0,,0.10971575230360031,,0.0016416478902101517,,0.19900421798229218,,,0.15110011398792267,0.0025805141776800156,,0.0021655000746250153,,0.15330076217651367,,0.08296175301074982,,,0.4310018718242645,,0.0016416478902101517,,,,,0.3184965252876282,,,,,,,,,,,,,,,,,,,,,,,,
19,30769,,,,,0.004118975251913071,,0.01439371332526207,,0.0,,0.11597386747598648,,0.0017043519765138626,,0.21405023336410522,,,0.13643507659435272,0.0019549077842384577,,0.003977560438215733,,0.1506955623626709,,0.17658798396587372,,,0.42686960101127625,,0.0017043519765138626,,,,,0.32285943627357483,,,,,,,,,,,,,,,,,,,,,,,,
19,30779,,,,,0.00597411347553134,,0.006226242054253817,,0.0,,0.09514974057674408,,0.0026911161839962006,,0.19931553304195404,,,0.14814019203186035,0.0014453772455453873,,0.001173738855868578,,0.15116922557353973,,0.16247951984405518,,,0.4844226837158203,,0.0026911161839962006,,,,,0.3072841167449951,,,,,,,,,,,,,,,,,,,,,,,,
19,30789,,,,,0.004480080679059029,,0.010719075798988342,,0.0,,0.1323535144329071,,0.00195228960365057,,0.20025424659252167,,,0.1427169144153595,0.002204365562647581,,0.0013815602287650108,,0.15058282017707825,,0.17295421659946442,,,0.4622678756713867,,0.00195228960365057,,,,,0.32458633184432983,,,,,,,,,,,,,,,,,,,,,,,,
19,30799,,,,,0.0032196021638810635,,0.007996930740773678,,0.0,,0.1076003685593605,,0.001330208033323288,,0.20134972035884857,,,0.13981467485427856,0.002474913839250803,,0.0019065767992287874,,0.14582660794258118,,0.22116737067699432,,,0.48937854170799255,,0.001330208033323288,,,,,0.30670449137687683,,,,,,,,,,,,,,,,,,,,,,,,
19,30809,,,,,0.005731922574341297,,0.005721461959183216,,0.0,,0.04811035469174385,,1.0,,0.19895191490650177,,,0.0,0.0,,177.9774627685547,,0.15516307950019836,,0.1086384579539299,,,0.9804160594940186,,1.0,,,,,0.25829264521598816,,,,,,,,,,,,,,,,,,,,,,,,
19,30819,,,,,0.005944213829934597,,0.0054406337440013885,,0.0,,0.05614108219742775,,1.0,,0.19904592633247375,,,0.0,0.0,,176.52073669433594,,0.1553679257631302,,0.08946225047111511,,,0.9985864162445068,,1.0,,,,,0.2527289092540741,,,,,,,,,,,,,,,,,,,,,,,,
19,30829,,,,,0.004038592800498009,,0.0061875865794718266,,0.0,,0.0579373724758625,,1.0,,0.19893698394298553,,,0.0,0.0,,176.79183959960938,,0.15840131044387817,,0.09693823754787445,,,0.9970503449440002,,1.0,,,,,0.2592007517814636,,,,,,,,,,,,,,,,,,,,,,,,
19,30839,,,,,0.004269002005457878,,0.007755102589726448,,0.0,,0.10581272840499878,,0.0017910609021782875,,0.19938813149929047,,,0.1462188959121704,0.002911396324634552,,0.0031762775033712387,,0.14534983038902283,,0.07024384289979935,,,0.4254733622074127,,0.0017910609021782875,,,,,0.3095751702785492,,,,,,,,,,,,,,,,,,,,,,,,
19,30849,,,,,0.003508910071104765,,0.015342201106250286,,0.0,,0.10793823003768921,,0.0014342181384563446,,0.2005961835384369,,,0.15021638572216034,0.003143802983686328,,0.004147466272115707,,0.15077751874923706,,0.08917774260044098,,,0.4677743911743164,,0.0014342181384563446,,,,,0.3195897936820984,,,,,,,,,,,,,,,,,,,,,,,,
19,30859,,,,,0.00516918022185564,,0.005372026935219765,,0.0,,0.061576683074235916,,1.0,,0.19907236099243164,,,0.0,0.0,,179.5873260498047,,0.15824908018112183,,0.08347903937101364,,,0.9934463500976562,,1.0,,,,,0.25387459993362427,,,,,,,,,,,,,,,,,,,,,,,,
19,30869,,,,,0.0042314184829592705,,0.00845564529299736,,0.0,,0.10540886968374252,,0.0013633407652378082,,0.19954955577850342,,,0.13846781849861145,0.0024055202957242727,,0.001752503216266632,,0.1453029215335846,,0.14066047966480255,,,0.4376521706581116,,0.0013633407652378082,,,,,0.3049028217792511,,,,,,,,,,,,,,,,,,,,,,,,
19,30879,,,,,0.005036039277911186,,0.01784311793744564,,0.0,,0.06902490556240082,,1.0,,0.1993212252855301,,,0.0,0.0,,0.3715863823890686,,0.16332222521305084,,0.20433488488197327,,,0.9686201810836792,,1.0,,,,,0.3269231915473938,,,,,,,,,,,,,,,,,,,,,,,,
19,30889,,,,,0.002947342349216342,,0.015411626547574997,,0.0,,0.06290251016616821,,0.9184065461158752,,0.19890780746936798,,,0.5470982789993286,6.20427131652832,,1.8736011981964111,,0.14975443482398987,,0.17733556032180786,,,1.5494956970214844,,0.9184065461158752,,,,,0.3021559715270996,,,,,,,,,,,,,,,,,,,,,,,,
19,30899,,,,,0.003941748756915331,,0.005905550438910723,,0.0,,0.053854767233133316,,1.0,,0.19907799363136292,,,0.0,0.0,,178.17918395996094,,0.15732814371585846,,0.08518742769956589,,,0.9671982526779175,,1.0,,,,,0.2506769299507141,,,,,,,,,,,,,,,,,,,,,,,,
19,30909,,,,,0.003979310393333435,,0.027700215578079224,,0.0,,0.06680621951818466,,0.881946325302124,,0.1990605890750885,,,0.8456829786300659,6.457847595214844,,2.2280936241149902,,0.15344077348709106,,0.18612836301326752,,,1.4447689056396484,,0.881946325302124,,,,,0.3165680766105652,,,,,,,,,,,,,,,,,,,,,,,,
19,30919,,,,,0.004020029678940773,,0.005460365675389767,,0.0,,0.059502433985471725,,1.0,,0.1990681290626526,,,0.0,0.0,,188.89251708984375,,0.15249355137348175,,0.07756993174552917,,,1.0941228866577148,,1.0,,,,,0.24704720079898834,,,,,,,,,,,,,,,,,,,,,,,,
19,30929,,,,,0.004878710955381393,,0.011900005862116814,,0.0,,0.11405375599861145,,0.001659122295677662,,0.19946397840976715,,,0.14170078933238983,0.0024909686762839556,,0.002837575040757656,,0.1520857810974121,,0.08289213478565216,,,0.4708173871040344,,0.001659122295677662,,,,,0.31714513897895813,,,,,,,,,,,,,,,,,,,,,,,,
19,30939,,,,,0.005993985570967197,,0.007740829139947891,,0.0,,0.11910352855920792,,0.0024118423461914062,,0.19921696186065674,,,0.14663858711719513,0.001592980115674436,,0.0018256311304867268,,0.1482839435338974,,0.08133114129304886,,,0.458282470703125,,0.0024118423461914062,,,,,0.3181952238082886,,,,,,,,,,,,,,,,,,,,,,,,
19,30949,,,,,0.040103450417518616,,0.00790749303996563,,0.0,,0.1033969521522522,,0.019575349986553192,,0.19934996962547302,,,0.1452580988407135,0.002736922586336732,,0.0014733177376911044,,0.14894619584083557,,0.13998886942863464,,,0.4610546827316284,,0.019575349986553192,,,,,0.344637930393219,,,,,,,,,,,,,,,,,,,,,,,,
19,30959,,,,,0.0037596444599330425,,0.016564659774303436,,0.0,,0.07667094469070435,,1.0,,0.1992836743593216,,,0.0,0.0,,0.3711563050746918,,0.15932774543762207,,0.18442580103874207,,,1.1078182458877563,,1.0,,,,,0.31813639402389526,,,,,,,,,,,,,,,,,,,,,,,,
19,30969,,,,,0.007444002199918032,,0.0054545216262340546,,0.0,,0.05611129477620125,,1.0,,0.1989966481924057,,,0.0,0.0,,174.4607391357422,,0.15509913861751556,,0.09507539123296738,,,0.9906732439994812,,1.0,,,,,0.25536850094795227,,,,,,,,,,,,,,,,,,,,,,,,
19,30979,,,,,0.005261347629129887,,0.019310228526592255,,0.0,,0.06542937457561493,,0.867952823638916,,0.19882777333259583,,,1.1127122640609741,6.374008655548096,,2.093512535095215,,0.1577860414981842,,0.16789022088050842,,,1.256713628768921,,0.867952823638916,,,,,0.3046218156814575,,,,,,,,,,,,,,,,,,,,,,,,
19,30989,,,,,0.003930310718715191,,0.00543444138020277,,0.0,,0.06029810011386871,,1.0,,0.19894583523273468,,,0.0,0.0,,177.227294921875,,0.1565769612789154,,0.09057297557592392,,,1.0020968914031982,,1.0,,,,,0.2559141516685486,,,,,,,,,,,,,,,,,,,,,,,,
19,30999,,,,,0.005048874765634537,,0.009750448167324066,,0.0,,0.12163364142179489,,0.0021504731848835945,,0.19965600967407227,,,0.14073887467384338,0.0012991668190807104,,0.0021111115347594023,,0.14250776171684265,,0.14620429277420044,,,0.44300079345703125,,0.0021504731848835945,,,,,0.31389737129211426,,,,,,,,,,,,,,,,,,,,,,,,
19,31009,,,,,0.003329298458993435,,0.011272646486759186,,0.0,,0.11164587736129761,,0.0014144089072942734,,0.1991189420223236,,,0.14144669473171234,0.0008364793611690402,,0.0025764224119484425,,0.15091557800769806,,0.15557622909545898,,,0.43740540742874146,,0.0014144089072942734,,,,,0.31223562359809875,,,,,,,,,,,,,,,,,,,,,,,,
19,31019,,,,,0.004120210185647011,,0.010669504292309284,,0.0,,0.12164788693189621,,0.0011042151600122452,,0.20105503499507904,,,0.15390387177467346,0.002610631287097931,,0.002199121518060565,,0.14719673991203308,,0.08901360630989075,,,0.48015737533569336,,0.0011042151600122452,,,,,0.32376161217689514,,,,,,,,,,,,,,,,,,,,,,,,
19,31029,,,,,0.0035995300859212875,,0.018133625388145447,,0.0,,0.12172794342041016,,0.0012959297746419907,,0.19945915043354034,,,0.13620209693908691,0.0012428185436874628,,0.008516069501638412,,0.1486985981464386,,0.09998199343681335,,,0.4724321663379669,,0.0012959297746419907,,,,,0.32058966159820557,,,,,,,,,,,,,,,,,,,,,,,,
19,31039,,,,,0.004160434007644653,,0.006657023914158344,,0.0,,0.05511951074004173,,1.0,,0.19886291027069092,,,0.0,0.0,,182.2845916748047,,0.15445543825626373,,0.10768112540245056,,,1.0033246278762817,,1.0,,,,,0.26138800382614136,,,,,,,,,,,,,,,,,,,,,,,,
19,31049,,,,,0.007607629522681236,,0.020253082737326622,,0.0,,0.06526970118284225,,0.937414288520813,,0.1989101618528366,,,0.7442913055419922,5.92387580871582,,1.5816510915756226,,0.16298691928386688,,0.1674279272556305,,,1.2491350173950195,,0.937414288520813,,,,,0.3074238896369934,,,,,,,,,,,,,,,,,,,,,,,,
19,31059,,,,,0.00812299270182848,,0.005638038739562035,,0.0,,0.05739518627524376,,1.0,,0.19900085031986237,,,0.0,0.0,,175.8551025390625,,0.15378102660179138,,0.09618352353572845,,,1.0418435335159302,,1.0,,,,,0.2559993267059326,,,,,,,,,,,,,,,,,,,,,,,,
19,31069,,,,,0.00542282871901989,,0.00577319972217083,,0.0,,0.052242834120988846,,1.0,,0.1990966796875,,,0.0,0.0,,187.85214233398438,,0.1538228988647461,,0.09910522401332855,,,0.9803629517555237,,1.0,,,,,0.255020409822464,,,,,,,,,,,,,,,,,,,,,,,,
19,31079,,,,,0.0038671432994306087,,0.014953725039958954,,0.0,,0.12634998559951782,,0.0014580311253666878,,0.1990162879228592,,,0.15389755368232727,0.0029588632751256227,,0.0035977629013359547,,0.1538023054599762,,0.06275071203708649,,,0.444659024477005,,0.0014580311253666878,,,,,0.3311554193496704,,,,,,,,,,,,,,,,,,,,,,,,
19,31089,,,,,0.002733388915657997,,0.0058533791452646255,,0.0,,0.05805068463087082,,1.0,,0.1990232765674591,,,0.0,0.0,,168.5267333984375,,0.15671180188655853,,0.07931214570999146,,,1.0102567672729492,,1.0,,,,,0.2494756430387497,,,,,,,,,,,,,,,,,,,,,,,,
19,31099,,,,,0.005232226103544235,,0.00567746302112937,,0.0,,0.05601409077644348,,1.0,,0.1989215463399887,,,0.0,0.0,,180.7366180419922,,0.15559598803520203,,0.09075991809368134,,,1.0195610523223877,,1.0,,,,,0.2534845173358917,,,,,,,,,,,,,,,,,,,,,,,,
19,31109,,,,,0.006048453971743584,,0.023515362292528152,,0.0,,0.0616585910320282,,0.9195004105567932,,0.19881907105445862,,,0.6070857644081116,5.883961200714111,,2.0948703289031982,,0.16137634217739105,,0.1563362181186676,,,1.1924822330474854,,0.9195004105567932,,,,,0.30085277557373047,,,,,,,,,,,,,,,,,,,,,,,,
19,31119,,,,,0.004404752049595118,,0.014215551316738129,,0.0,,0.1252518743276596,,0.0013140607625246048,,0.19966967403888702,,,0.14462369680404663,0.0018291022861376405,,0.0023694317787885666,,0.14308273792266846,,0.15334811806678772,,,0.40373852849006653,,0.0013140607625246048,,,,,0.31992581486701965,,,,,,,,,,,,,,,,,,,,,,,,
19,31129,,,,,0.0029042873065918684,,0.007467402145266533,,0.0,,0.09913948178291321,,0.0010826317593455315,,0.1990547925233841,,,0.12716947495937347,0.0019779279828071594,,0.0018807369051501155,,0.1423720121383667,,0.22090239822864532,,,0.47180598974227905,,0.0010826317593455315,,,,,0.2924351990222931,,,,,,,,,,,,,,,,,,,,,,,,
19,31139,,,,,0.004300229251384735,,0.005709219723939896,,0.0,,0.0482528954744339,,1.0,,0.19904017448425293,,,0.0,0.0,,178.3423309326172,,0.1553727686405182,,0.08169156312942505,,,0.9931938648223877,,1.0,,,,,0.24503330886363983,,,,,,,,,,,,,,,,,,,,,,,,
19,31149,,,,,0.007442323025316,,0.006787500344216824,,0.0,,0.05197039246559143,,1.0,,0.1995004415512085,,,0.0,0.0,,176.79776000976562,,0.1552267074584961,,0.08009050786495209,,,0.9939010739326477,,1.0,,,,,0.24678778648376465,,,,,,,,,,,,,,,,,,,,,,,,
19,31159,,,,,0.00461620232090354,,0.007176331244409084,,0.0,,0.10897693037986755,,0.002008344978094101,,0.2017432451248169,,,0.15037250518798828,0.003493967466056347,,0.0022277366369962692,,0.14250029623508453,,0.07544667273759842,,,0.4985452890396118,,0.002008344978094101,,,,,0.31286171078681946,,,,,,,,,,,,,,,,,,,,,,,,
19,31169,,,,,0.004052584059536457,,0.005808702670037746,,0.0,,0.048323486000299454,,1.0,,0.1992308497428894,,,0.0,0.0,,179.66390991210938,,0.15419483184814453,,0.0929955467581749,,,1.0080138444900513,,1.0,,,,,0.25027668476104736,,,,,,,,,,,,,,,,,,,,,,,,
19,31179,,,,,0.00410574721172452,,0.014565031044185162,,0.0,,0.10712916404008865,,0.0017201388254761696,,0.1994735598564148,,,0.15317291021347046,0.011387626640498638,,0.007286994718015194,,0.14901073276996613,,0.06978583335876465,,,0.42171892523765564,,0.0017201388254761696,,,,,0.325118750333786,,,,,,,,,,,,,,,,,,,,,,,,
19,31189,,,,,0.004012797959148884,,0.019488366320729256,,0.0,,0.07588867843151093,,0.9567249417304993,,0.1988077014684677,,,0.6733047366142273,6.458664894104004,,1.7314242124557495,,0.1593983769416809,,0.24512673914432526,,,1.3763096332550049,,0.9567249417304993,,,,,0.34935492277145386,,,,,,,,,,,,,,,,,,,,,,,,
19,31199,,,,,0.005368310026824474,,0.006901375949382782,,0.0,,0.059606462717056274,,1.0,,0.1991846263408661,,,0.0,0.0,,183.62887573242188,,0.1568835973739624,,0.09278880059719086,,,1.0054121017456055,,1.0,,,,,0.2576824426651001,,,,,,,,,,,,,,,,,,,,,,,,
19,31209,,,,,0.0034098769538104534,,0.005956321023404598,,0.0,,0.06182357668876648,,1.0,,0.198998361825943,,,0.0,0.0,,176.2233123779297,,0.15624487400054932,,0.08270712196826935,,,0.9830195903778076,,1.0,,,,,0.25286513566970825,,,,,,,,,,,,,,,,,,,,,,,,
19,31219,,,,,0.003419567132368684,,0.016009747982025146,,0.0,,0.06302858144044876,,0.8851831555366516,,0.19881457090377808,,,0.5252958536148071,6.526521682739258,,2.255756378173828,,0.14873050153255463,,0.1796742081642151,,,1.3294401168823242,,0.8851831555366516,,,,,0.30312880873680115,,,,,,,,,,,,,,,,,,,,,,,,
19,31229,,,,,0.004971731454133987,,0.00864287931472063,,0.0,,0.12801796197891235,,0.002139640972018242,,0.20098118484020233,,,0.13559703528881073,0.0032855707686394453,,0.0034454287961125374,,0.14370906352996826,,0.09120579063892365,,,0.5064248442649841,,0.002139640972018242,,,,,0.31681129336357117,,,,,,,,,,,,,,,,,,,,,,,,
19,31239,,,,,0.004144860897213221,,0.008245239965617657,,0.0,,0.1214643269777298,,0.0017529670149087906,,0.19911977648735046,,,0.15107040107250214,0.001566364080645144,,0.0022457640152424574,,0.14618510007858276,,0.17590464651584625,,,0.4741365909576416,,0.0017529670149087906,,,,,0.3190933167934418,,,,,,,,,,,,,,,,,,,,,,,,
19,31249,,,,,0.003239346668124199,,0.017320649698376656,,0.0,,0.11407822370529175,,0.0011673010885715485,,0.19914856553077698,,,0.14495724439620972,0.0017351433634757996,,0.0033081304281949997,,0.15232747793197632,,0.19292593002319336,,,0.45178940892219543,,0.0011673010885715485,,,,,0.31967705488204956,,,,,,,,,,,,,,,,,,,,,,,,
19,31259,,,,,0.002809822326526046,,0.005555411800742149,,0.0,,0.058797843754291534,,1.0,,0.1992158442735672,,,0.0,0.0,,180.126220703125,,0.15634116530418396,,0.0785629153251648,,,1.0109572410583496,,1.0,,,,,0.2492365837097168,,,,,,,,,,,,,,,,,,,,,,,,
19,31269,,,,,0.003435197751969099,,0.01760168932378292,,0.0,,0.06730075180530548,,0.9848126173019409,,0.1987694799900055,,,0.6393932700157166,5.156482219696045,,2.0652809143066406,,0.14704397320747375,,0.23364201188087463,,,1.4520411491394043,,0.9848126173019409,,,,,0.3321789503097534,,,,,,,,,,,,,,,,,,,,,,,,
19,31279,,,,,0.0044732531532645226,,0.006339588668197393,,0.0,,0.10854271799325943,,0.0017649130895733833,,0.19999754428863525,,,0.13881349563598633,0.0011104621225968003,,0.001469416543841362,,0.14916352927684784,,0.09461471438407898,,,0.4668664038181305,,0.0017649130895733833,,,,,0.3071916103363037,,,,,,,,,,,,,,,,,,,,,,,,
19,31289,,,,,0.005918032489717007,,0.009451784193515778,,0.0,,0.11457996815443039,,0.002114546485245228,,0.19928498566150665,,,0.1424795538187027,0.0020694867707788944,,0.0021646334789693356,,0.14607618749141693,,0.20138123631477356,,,0.4540417194366455,,0.002114546485245228,,,,,0.31397131085395813,,,,,,,,,,,,,,,,,,,,,,,,
19,31299,,,,,0.0023868035059422255,,0.019924644380807877,,0.0,,0.06963298469781876,,0.8638555407524109,,0.19893145561218262,,,0.6142906546592712,6.849684238433838,,1.6948193311691284,,0.15016967058181763,,0.13645409047603607,,,1.2377991676330566,,0.8638555407524109,,,,,0.28755640983581543,,,,,,,,,,,,,,,,,,,,,,,,
19,31309,,,,,0.004580496810376644,,0.02157224528491497,,0.0,,0.08020484447479248,,1.0,,0.19956563413143158,,,0.0,0.0,,0.34713125228881836,,0.16547220945358276,,0.1730077862739563,,,1.2950966358184814,,1.0,,,,,0.3199113607406616,,,,,,,,,,,,,,,,,,,,,,,,
19,31319,,,,,0.004520413465797901,,0.019642475992441177,,0.0,,0.05953919515013695,,0.8894004821777344,,0.19890423119068146,,,0.811097264289856,6.101047515869141,,2.011183261871338,,0.15773703157901764,,0.18995124101638794,,,1.4833821058273315,,0.8894004821777344,,,,,0.3128870725631714,,,,,,,,,,,,,,,,,,,,,,,,
19,31329,,,,,0.004864298738539219,,0.006473799701780081,,0.0,,0.060753464698791504,,1.0,,0.19906628131866455,,,0.0,0.0,,187.15237426757812,,0.15411555767059326,,0.08978098630905151,,,1.003433108329773,,1.0,,,,,0.2550950348377228,,,,,,,,,,,,,,,,,,,,,,,,
19,31339,,,,,0.003912327345460653,,0.007959963753819466,,0.0,,0.09152068197727203,,0.0016289986670017242,,0.1992214471101761,,,0.149740532040596,0.005529201589524746,,0.0029708589427173138,,0.14773237705230713,,0.0898403599858284,,,0.4322074055671692,,0.0016289986670017242,,,,,0.30624985694885254,,,,,,,,,,,,,,,,,,,,,,,,
19,31349,,,,,0.004207450430840254,,0.022899674251675606,,0.0,,0.06116876006126404,,0.9503784775733948,,0.19883696734905243,,,0.6393700838088989,6.593062400817871,,1.7856919765472412,,0.15158528089523315,,0.19647198915481567,,,1.170414686203003,,0.9503784775733948,,,,,0.3154813349246979,,,,,,,,,,,,,,,,,,,,,,,,
19,31359,,,,,0.004938153550028801,,0.012872651219367981,,0.0,,0.10837875306606293,,0.0017689568921923637,,0.19962657988071442,,,0.1400417685508728,0.0028690709732472897,,0.0031013356056064367,,0.14493334293365479,,0.1720104217529297,,,0.5196750164031982,,0.0017689568921923637,,,,,0.3108499050140381,,,,,,,,,,,,,,,,,,,,,,,,
19,31369,,,,,0.0054042162373661995,,0.00565546378493309,,0.0,,0.053096022456884384,,1.0,,0.1990024298429489,,,0.0,0.0,,186.38510131835938,,0.15511123836040497,,0.09559816867113113,,,1.0335028171539307,,1.0,,,,,0.25423166155815125,,,,,,,,,,,,,,,,,,,,,,,,
19,31379,,,,,0.0037185484543442726,,0.02242114394903183,,0.0,,0.06535961478948593,,1.0998499393463135,,0.19913636147975922,,,0.7702343463897705,6.782440185546875,,1.9641083478927612,,0.15192995965480804,,0.1801857054233551,,,1.0890705585479736,,1.0998499393463135,,,,,0.30951637029647827,,,,,,,,,,,,,,,,,,,,,,,,
19,31389,,,,,0.005032156128436327,,0.008112137205898762,,0.0,,0.11310708522796631,,0.0017580995336174965,,0.19914744794368744,,,0.13136431574821472,0.002047393238171935,,0.0018536162097007036,,0.14588642120361328,,0.08567285537719727,,,0.48572391271591187,,0.0017580995336174965,,,,,0.30579134821891785,,,,,,,,,,,,,,,,,,,,,,,,
19,31399,,,,,0.004789070691913366,,0.01134033314883709,,0.0,,0.11397351324558258,,0.0015855738893151283,,0.1994500607252121,,,0.1399780660867691,0.002835015533491969,,0.0026227449998259544,,0.15333832800388336,,0.09298091381788254,,,0.42052674293518066,,0.0015855738893151283,,,,,0.3165580928325653,,,,,,,,,,,,,,,,,,,,,,,,
19,31409,,,,,0.005782922729849815,,0.00990530475974083,,0.0,,0.10676642507314682,,0.0022590281441807747,,0.1991180181503296,,,0.1470852792263031,0.0037832255475223064,,0.001921523711644113,,0.14364998042583466,,0.2135085016489029,,,0.46532487869262695,,0.0022590281441807747,,,,,0.31189781427383423,,,,,,,,,,,,,,,,,,,,,,,,
19,31419,,,,,0.06776845455169678,,0.00695788161829114,,0.0,,0.05282660573720932,,1.0,,0.19903326034545898,,,0.0,0.0,,181.94479370117188,,0.15610788762569427,,0.0993872880935669,,,1.042442798614502,,1.0,,,,,0.25715646147727966,,,,,,,,,,,,,,,,,,,,,,,,
19,31429,,,,,0.003496449440717697,,0.007986608892679214,,0.0,,0.11622399836778641,,0.0014232425019145012,,0.19924238324165344,,,0.13709047436714172,0.002031062263995409,,0.00213710218667984,,0.14493903517723083,,0.08723810315132141,,,0.4394999146461487,,0.0014232425019145012,,,,,0.3083217442035675,,,,,,,,,,,,,,,,,,,,,,,,
19,31439,,,,,0.054576195776462555,,0.012699278071522713,,0.0,,0.13216647505760193,,0.026500873267650604,,0.19980882108211517,,,0.1515006124973297,0.001867482322268188,,0.0017996163805946708,,0.1508830338716507,,0.07142805308103561,,,0.4694577753543854,,0.026500873267650604,,,,,0.37993884086608887,,,,,,,,,,,,,,,,,,,,,,,,
19,31449,,,,,0.005544372834265232,,0.013802978210151196,,0.0,,0.11427963525056839,,0.0019751759245991707,,0.19910113513469696,,,0.14334937930107117,0.002347247675061226,,0.002065044827759266,,0.15016469359397888,,0.14686545729637146,,,0.4647024869918823,,0.0019751759245991707,,,,,0.3180994391441345,,,,,,,,,,,,,,,,,,,,,,,,
19,31459,,,,,0.004267183598130941,,0.007591698318719864,,0.0,,0.05641036853194237,,1.0,,0.19914564490318298,,,0.0,0.0,,181.7332763671875,,0.15276482701301575,,0.0869121253490448,,,1.0576248168945312,,1.0,,,,,0.2514123320579529,,,,,,,,,,,,,,,,,,,,,,,,
19,31469,,,,,0.004122599493712187,,0.011025040410459042,,0.0,,0.10373505204916,,0.0017738891765475273,,0.19919195771217346,,,0.1496664583683014,0.00208125077188015,,0.0022279522381722927,,0.14764651656150818,,0.0826646089553833,,,0.4790991544723511,,0.0017738891765475273,,,,,0.3119097054004669,,,,,,,,,,,,,,,,,,,,,,,,
19,31479,,,,,0.003737267106771469,,0.011738239787518978,,0.0,,0.06430079787969589,,1.0279804468154907,,0.19875673949718475,,,0.6727164387702942,4.601541519165039,,2.092945098876953,,0.1584426760673523,,0.11913342028856277,,,1.1836819648742676,,1.0279804468154907,,,,,0.27618592977523804,,,,,,,,,,,,,,,,,,,,,,,,
19,31489,,,,,0.0056420015171170235,,0.020631499588489532,,0.0,,0.08638976514339447,,1.0,,0.19924511015415192,,,0.0,0.0,,0.3411686420440674,,0.16756902635097504,,0.169435054063797,,,1.079223394393921,,1.0,,,,,0.32163524627685547,,,,,,,,,,,,,,,,,,,,,,,,
19,31499,,,,,0.004493861459195614,,0.007946420460939407,,0.0,,0.053572870790958405,,1.0,,0.1988610029220581,,,0.0,0.0,,180.0283660888672,,0.15328365564346313,,0.07817770540714264,,,1.000288486480713,,1.0,,,,,0.2459208071231842,,,,,,,,,,,,,,,,,,,,,,,,
19,31509,,,,,0.004197345115244389,,0.006539179943501949,,0.0,,0.05119868367910385,,1.0,,0.19907236099243164,,,0.0,0.0,,181.27232360839844,,0.1547594964504242,,0.08895181119441986,,,0.9706432819366455,,1.0,,,,,0.25026077032089233,,,,,,,,,,,,,,,,,,,,,,,,
19,31519,,,,,0.0056396713480353355,,0.01245265081524849,,0.0,,0.12700104713439941,,0.0021652951836586,,0.2015567421913147,,,0.1460372805595398,0.003333019558340311,,0.0019393883412703872,,0.15414828062057495,,0.15680767595767975,,,0.464725136756897,,0.0021652951836586,,,,,0.328873872756958,,,,,,,,,,,,,,,,,,,,,,,,
19,31529,,,,,0.0039447094313800335,,0.005448787473142147,,0.0,,0.047190021723508835,,1.0,,0.19900624454021454,,,0.0,0.0,,188.0541229248047,,0.15740159153938293,,0.06295305490493774,,,0.9921550750732422,,1.0,,,,,0.23599985241889954,,,,,,,,,,,,,,,,,,,,,,,,
19,31539,,,,,0.06655717641115189,,0.008599882945418358,,0.0,,0.10135673731565475,,0.03274960070848465,,0.1995469629764557,,,0.1518697440624237,0.0008837372297421098,,0.0025264015421271324,,0.1520562320947647,,0.1600445806980133,,,0.4719255566596985,,0.03274960070848465,,,,,0.3749769926071167,,,,,,,,,,,,,,,,,,,,,,,,
19,31549,,,,,0.0058198245242238045,,0.024520419538021088,,0.0,,0.07403096556663513,,0.8480570316314697,,0.1988239735364914,,,0.6881269216537476,6.556495666503906,,1.6652910709381104,,0.1596333384513855,,0.13770027458667755,,,1.2876408100128174,,0.8480570316314697,,,,,0.29735448956489563,,,,,,,,,,,,,,,,,,,,,,,,
19,31559,,,,,0.0038012745790183544,,0.010034969076514244,,0.0,,0.11671413481235504,,0.0013899961486458778,,0.1996626853942871,,,0.14004866778850555,0.0023321451153606176,,0.001334375119768083,,0.1485169231891632,,0.08165856450796127,,,0.4533836245536804,,0.0013899961486458778,,,,,0.31312325596809387,,,,,,,,,,,,,,,,,,,,,,,,
19,31569,,,,,0.0031781757716089487,,0.011196611449122429,,0.0,,0.1105710119009018,,0.0013935202732682228,,0.19968198239803314,,,0.1414879411458969,0.002939654514193535,,0.002647335408255458,,0.1498875617980957,,0.09549035131931305,,,0.4753424823284149,,0.0013935202732682228,,,,,0.3123842477798462,,,,,,,,,,,,,,,,,,,,,,,,
19,31579,,,,,0.003867426421493292,,0.005958677269518375,,0.0,,0.054487328976392746,,1.0,,0.19908247888088226,,,0.0,0.0,,189.77703857421875,,0.15526610612869263,,0.09177625179290771,,,1.047492504119873,,1.0,,,,,0.25328540802001953,,,,,,,,,,,,,,,,,,,,,,,,
19,31589,,,,,0.004043884575366974,,0.011332845315337181,,0.0,,0.11248692125082016,,0.0016747061163187027,,0.19909709692001343,,,0.1443762630224228,0.007385340519249439,,0.0038460157811641693,,0.1484220176935196,,0.16497287154197693,,,0.4295242428779602,,0.0016747061163187027,,,,,0.31751713156700134,,,,,,,,,,,,,,,,,,,,,,,,
19,31599,,,,,0.004893172532320023,,0.007054314948618412,,0.0,,0.05014007166028023,,1.0,,0.19895794987678528,,,0.0,0.0,,183.93157958984375,,0.15471172332763672,,0.07150180637836456,,,1.0350133180618286,,1.0,,,,,0.24118292331695557,,,,,,,,,,,,,,,,,,,,,,,,
19,31609,,,,,0.005228038877248764,,0.017358455806970596,,0.0,,0.06321404874324799,,1.0489128828048706,,0.19879627227783203,,,0.6627744436264038,6.26710844039917,,1.9188001155853271,,0.15189199149608612,,0.1611214280128479,,,1.1677014827728271,,1.0489128828048706,,,,,0.29619109630584717,,,,,,,,,,,,,,,,,,,,,,,,
19,31619,,,,,0.1299360692501068,,0.01455762330442667,,0.0,,0.11817614734172821,,0.06319509446620941,,0.19924277067184448,,,0.15083156526088715,0.02123560942709446,,0.0021944779437035322,,0.14690497517585754,,0.08636147528886795,,,0.5289165377616882,,0.06319509446620941,,,,,0.4565076529979706,,,,,,,,,,,,,,,,,,,,,,,,
19,31629,,,,,0.004807161632925272,,0.015748213976621628,,0.0,,0.05910247191786766,,0.9484083652496338,,0.1988440304994583,,,0.5840606689453125,6.023159027099609,,1.9334568977355957,,0.1487857550382614,,0.19395661354064941,,,1.6131141185760498,,0.9484083652496338,,,,,0.3082185387611389,,,,,,,,,,,,,,,,,,,,,,,,
19,31639,,,,,0.003095353487879038,,0.02174769900739193,,0.0,,0.06014861539006233,,1.0045725107192993,,0.19888928532600403,,,0.5075172185897827,7.243479251861572,,1.866978406906128,,0.14639683067798615,,0.19454625248908997,,,1.262253761291504,,1.0045725107192993,,,,,0.31086432933807373,,,,,,,,,,,,,,,,,,,,,,,,
19,31649,,,,,0.00485360249876976,,0.010511841624975204,,0.0,,0.12739154696464539,,0.0015852879732847214,,0.1993436962366104,,,0.14962659776210785,0.003422669367864728,,0.0022704037837684155,,0.14547184109687805,,0.09675545245409012,,,0.4380366802215576,,0.0015852879732847214,,,,,0.3238729238510132,,,,,,,,,,,,,,,,,,,,,,,,
19,31659,,,,,0.005357313901185989,,0.01088915579020977,,0.0,,0.11857824772596359,,0.0018294714391231537,,0.19974270462989807,,,0.13590511679649353,0.004478235729038715,,0.002898642560467124,,0.1455768346786499,,0.2493785321712494,,,0.43685150146484375,,0.0018294714391231537,,,,,0.3143917918205261,,,,,,,,,,,,,,,,,,,,,,,,
19,31669,,,,,0.003724722657352686,,0.010015493258833885,,0.0,,0.11187688261270523,,0.0015653641894459724,,0.19916239380836487,,,0.1423727422952652,0.0025664884597063065,,0.002152581699192524,,0.14888432621955872,,0.09849776327610016,,,0.44615864753723145,,0.0015653641894459724,,,,,0.3122401833534241,,,,,,,,,,,,,,,,,,,,,,,,
19,31679,,,,,0.014522584155201912,,0.0067462557926774025,,0.0,,0.05962567776441574,,1.0,,0.19886064529418945,,,0.0,0.0,,183.438720703125,,0.1546434909105301,,0.08593299984931946,,,1.0486388206481934,,1.0,,,,,0.2529045343399048,,,,,,,,,,,,,,,,,,,,,,,,
19,31689,,,,,0.003703013528138399,,0.005626423750072718,,0.0,,0.05319196730852127,,1.0,,0.19903564453125,,,0.0,0.0,,176.0865478515625,,0.15470433235168457,,0.07234056293964386,,,0.9661823511123657,,1.0,,,,,0.24244946241378784,,,,,,,,,,,,,,,,,,,,,,,,
19,31699,,,,,0.006234725005924702,,0.0144280306994915,,0.0,,0.12076414376497269,,0.00242746714502573,,0.20054206252098083,,,0.15246102213859558,0.0025394961703568697,,0.0033955746330320835,,0.15247826278209686,,0.13815246522426605,,,0.4346787929534912,,0.00242746714502573,,,,,0.329539030790329,,,,,,,,,,,,,,,,,,,,,,,,
19,31709,,,,,0.00522094639018178,,0.009497967548668385,,0.0,,0.12131256610155106,,0.002042512409389019,,0.2008361965417862,,,0.1537851244211197,0.003404084360226989,,0.002470907289534807,,0.14796307682991028,,0.09547807276248932,,,0.49967771768569946,,0.002042512409389019,,,,,0.32485589385032654,,,,,,,,,,,,,,,,,,,,,,,,
19,31719,,,,,0.06889311224222183,,0.00693610031157732,,0.0,,0.05642867088317871,,1.0,,0.19897334277629852,,,0.0,0.0,,189.8163299560547,,0.1524687111377716,,0.06273351609706879,,,0.9968310594558716,,1.0,,,,,0.23877018690109253,,,,,,,,,,,,,,,,,,,,,,,,
19,31729,,,,,0.004573684185743332,,0.0065147606655955315,,0.0,,0.05612768605351448,,1.0,,0.1989973485469818,,,0.0,0.0,,177.48434448242188,,0.1549970805644989,,0.10517019033432007,,,0.9848626852035522,,1.0,,,,,0.260903537273407,,,,,,,,,,,,,,,,,,,,,,,,
19,31739,,,,,0.0047296760603785515,,0.006182702723890543,,0.0,,0.058838553726673126,,1.0,,0.19874438643455505,,,0.0,0.0,,184.76385498046875,,0.15443624556064606,,0.10032948851585388,,,1.0317918062210083,,1.0,,,,,0.2592656910419464,,,,,,,,,,,,,,,,,,,,,,,,
19,31749,,,,,0.003100726753473282,,0.007732155732810497,,0.0,,0.1048365905880928,,0.001404469832777977,,0.1994471549987793,,,0.14318744838237762,0.0012539547169581056,,0.0023081654217094183,,0.1427573263645172,,0.08123262226581573,,,0.4375191330909729,,0.001404469832777977,,,,,0.3038621246814728,,,,,,,,,,,,,,,,,,,,,,,,
19,31759,,,,,0.004478873685002327,,0.0056103430688381195,,0.0,,0.0586501806974411,,1.0,,0.1992151439189911,,,0.0,0.0,,174.1931610107422,,0.15544143319129944,,0.07422621548175812,,,1.0022547245025635,,1.0,,,,,0.24657166004180908,,,,,,,,,,,,,,,,,,,,,,,,
19,31769,,,,,0.06718648225069046,,0.009161414578557014,,0.0,,0.11556960642337799,,0.03302915394306183,,0.19939152896404266,,,0.14874975383281708,0.004908096045255661,,0.0020684341434389353,,0.1474023163318634,,0.07199385017156601,,,0.4436030983924866,,0.03302915394306183,,,,,0.38081204891204834,,,,,,,,,,,,,,,,,,,,,,,,
19,31779,,,,,0.004837240558117628,,0.015223382972180843,,0.0,,0.11752086877822876,,0.0018992405384778976,,0.19950489699840546,,,0.13913194835186005,0.0017668212531134486,,0.003085826290771365,,0.14911440014839172,,0.10686128586530685,,,0.4868495762348175,,0.0018992405384778976,,,,,0.31751132011413574,,,,,,,,,,,,,,,,,,,,,,,,
19,31789,,,,,0.07359016686677933,,0.01654108054935932,,0.0,,0.06504175066947937,,1.041264533996582,,0.19887487590312958,,,0.6587145924568176,5.050917148590088,,1.9587754011154175,,0.1543327420949936,,0.1257200986146927,,,1.7115199565887451,,1.041264533996582,,,,,0.2802552580833435,,,,,,,,,,,,,,,,,,,,,,,,
19,31799,,,,,0.005600851960480213,,0.009852943010628223,,0.0,,0.11949237436056137,,0.0018681585788726807,,0.19933512806892395,,,0.14113911986351013,0.005453009158372879,,0.0030125267803668976,,0.14354416728019714,,0.1714399755001068,,,0.39729541540145874,,0.0018681585788726807,,,,,0.3165154755115509,,,,,,,,,,,,,,,,,,,,,,,,
19,31809,,,,,0.003972339443862438,,0.010214358568191528,,0.0,,0.1095619723200798,,0.0016548596322536469,,0.19911523163318634,,,0.1413404643535614,0.003135696053504944,,0.0024740162771195173,,0.1466035097837448,,0.15990637242794037,,,0.45222532749176025,,0.0016548596322536469,,,,,0.3101949691772461,,,,,,,,,,,,,,,,,,,,,,,,
19,31819,,,,,0.003653001505881548,,0.015630777925252914,,0.0,,0.13298296928405762,,0.0015509529039263725,,0.1990327537059784,,,0.1509099304676056,0.0027182544581592083,,0.0034613513853400946,,0.15014857053756714,,0.08148536831140518,,,0.4416610896587372,,0.0015509529039263725,,,,,0.33109527826309204,,,,,,,,,,,,,,,,,,,,,,,,
19,31829,,,,,0.00513038132339716,,0.014743814244866371,,0.0,,0.07428737729787827,,1.0,,0.199020117521286,,,0.0,0.0,,0.420998752117157,,0.16271500289440155,,0.16512826085090637,,,0.9354363679885864,,1.0,,,,,0.3079472780227661,,,,,,,,,,,,,,,,,,,,,,,,
19,31839,,,,,0.005747377872467041,,0.02350061573088169,,0.0,,0.08862277120351791,,1.0,,0.19924373924732208,,,0.0,0.0,,0.36177897453308105,,0.1626768410205841,,0.19082584977149963,,,1.0566457509994507,,1.0,,,,,0.33243489265441895,,,,,,,,,,,,,,,,,,,,,,,,
19,31849,,,,,0.0037135963793843985,,0.010787850245833397,,0.0,,0.12813523411750793,,0.0015428382903337479,,0.19933708012104034,,,0.1418636441230774,0.0019159609219059348,,0.002217609900981188,,0.14394302666187286,,0.06675215065479279,,,0.5003468990325928,,0.0015428382903337479,,,,,0.31781381368637085,,,,,,,,,,,,,,,,,,,,,,,,
19,31859,,,,,0.004269367083907127,,0.026079190894961357,,0.0,,0.08452744781970978,,0.8440670371055603,,0.19889630377292633,,,0.5888035893440247,4.8677496910095215,,1.9569616317749023,,0.16197222471237183,,0.2057725191116333,,,1.4582890272140503,,0.8440670371055603,,,,,0.33862385153770447,,,,,,,,,,,,,,,,,,,,,,,,
19,31869,,,,,0.0037538516335189342,,0.010968683287501335,,0.0,,0.11188195645809174,,0.001621004194021225,,0.19886016845703125,,,0.1503436416387558,0.0017977363895624876,,0.0032146554440259933,,0.15090927481651306,,0.12199501693248749,,,0.41451776027679443,,0.001621004194021225,,,,,0.31774190068244934,,,,,,,,,,,,,,,,,,,,,,,,
19,31879,,,,,0.004295612685382366,,0.007196568883955479,,0.0,,0.06362448632717133,,1.0,,0.19904153048992157,,,0.0,0.0,,177.595703125,,0.15549129247665405,,0.09172660857439041,,,0.9917761087417603,,1.0,,,,,0.25854024291038513,,,,,,,,,,,,,,,,,,,,,,,,
19,31889,,,,,0.006413432769477367,,0.011866195127367973,,0.0,,0.12761838734149933,,0.0022815028205513954,,0.19954872131347656,,,0.14421214163303375,0.004650196526199579,,0.00263845082372427,,0.1497029960155487,,0.15978685021400452,,,0.48106658458709717,,0.0022815028205513954,,,,,0.3265319764614105,,,,,,,,,,,,,,,,,,,,,,,,
19,31899,,,,,0.003849125001579523,,0.018973810598254204,,0.0,,0.07576192915439606,,0.7545903921127319,,0.19884736835956573,,,0.5461935997009277,5.965197563171387,,1.8185532093048096,,0.15093764662742615,,0.18071529269218445,,,1.398666501045227,,0.7545903921127319,,,,,0.3126180171966553,,,,,,,,,,,,,,,,,,,,,,,,
19,31899,,,,,,,,,,,,,,,,,,,,,,,,,,,,,,,,,,,,,,0.41515517234802246,0.17643530666828156,0.05271287262439728,0.0638112723827362,0.05979588255286217,0.0,0.3192412853240967,0.28816795349121094,0.31521034240722656,0.4711257517337799,0.20930981636047363,13.225266456604004,0.22175489366054535,0.7118309140205383,1.0805468559265137,0.23389965295791626,0.28816795349121094,0.875220000743866,0.9934005737304688,0.44505995512008667,1.055135726928711,1.1199307441711426
19,31899,0.003919756971299648,0.009093865752220154,0.0010034908773377538,0.0016724163433536887,,0.011887128464877605,,0.0,,0.0898149237036705,,0.45770442485809326,,0.19946250319480896,,1.2510014772415161,0.21714213490486145,,,42.09163284301758,,0.15177638828754425,,0.13196709752082825,,0.7945190668106079,0.4675716161727905,,0.45770442485809326,,0.30840083956718445,0.33466875553131104,0.2513691782951355,0.3022845387458801,,0.498733252286911,0.3205849230289459,,,,,,,,,,,,,,,,,,,,,,
