epoch,step,train/L_coord_epoch,train/L_coord_step,train/L_kld_epoch,train/L_kld_step,train/L_mask_epoch,train/L_mask_step,train/L_motion_recon_epoch,train/L_motion_recon_step,train/L_motion_type_epoch,train/L_motion_type_step,train/L_origin_epoch,train/L_origin_map_epoch,train/L_origin_map_step,train/L_origin_step,train/L_point_3d_epoch,train/L_point_3d_step,train/L_point_map_epoch,train/L_point_map_step,train/L_traj_analytic_epoch,train/L_traj_analytic_step,train/L_traj_angle_epoch,train/L_traj_angle_step,train/L_traj_length_epoch,train/L_traj_length_step,train/L_traj_velocity_epoch,train/L_traj_velocity_step,train/L_vae_total_epoch,train/L_vae_total_step,train/loss_total_epoch,train/loss_total_step,train/p_rev_mean,val/L_coord,val/L_kld,val/L_mask,val/L_motion_recon,val/L_motion_type,val/L_origin,val/L_origin_map,val/L_point_3d,val/L_point_map,val/L_traj_analytic,val/L_traj_angle,val/L_traj_length,val/L_traj_velocity,val/L_vae_total,val/loss_total
0,9,,0.38372015953063965,,0.0,,1.0477254390716553,,0.7083560228347778,,0.6166458129882812,,,5.775487422943115,1.7934057712554932,,0.25924086570739746,,4.0896759033203125,,1.7652850151062012,,0.6807345747947693,,0.0053086248226463795,,0.040285442024469376,,0.7083560228347778,,8.60307788848877,,,,,,,,,,,,,,,,
0,19,,0.38057124614715576,,0.0,,0.6458287239074707,,0.5776914954185486,,0.6341609954833984,,,4.65996789932251,1.4367315769195557,,0.3024755120277405,,5.121782302856445,,1.4835511445999146,,0.5225947499275208,,0.006265850737690926,,0.03514627367258072,,0.5776914954185486,,7.920957088470459,,,,,,,,,,,,,,,,
0,29,,0.3499481678009033,,0.0,,0.6689678430557251,,0.7248410582542419,,0.6254787445068359,,,5.349752902984619,0.7872334718704224,,0.2618520259857178,,3.96928071975708,,1.4113121032714844,,0.6876294612884521,,0.003962086047977209,,0.03739113733172417,,0.7248410582542419,,7.457520484924316,,,,,,,,,,,,,,,,
0,39,,0.2604154050350189,,0.0,,0.6474337577819824,,0.5580069422721863,,0.6210322976112366,,,4.644221782684326,0.8152225613594055,,0.2464113086462021,,3.468186855316162,,1.0927094221115112,,0.5403655171394348,,0.006270434241741896,,0.031332407146692276,,0.5580069422721863,,6.481470584869385,,,,,,,,,,,,,,,,
0,49,,0.252236008644104,,0.0,,0.6330607533454895,,0.43310654163360596,,0.5820514559745789,,,3.6996538639068604,1.0521703958511353,,0.2519524097442627,,3.4004366397857666,,0.8507908582687378,,0.4401383101940155,,0.003861758392304182,,0.02852294035255909,,0.43310654163360596,,5.828251838684082,,,,,,,,,,,,,,,,
0,59,,0.2706596553325653,,0.0,,0.6471284627914429,,0.4200488328933716,,0.5800136923789978,,,2.9275429248809814,1.3874768018722534,,0.21324434876441956,,3.205709218978882,,0.9397482872009277,,0.40752753615379333,,0.004390097688883543,,0.02980540320277214,,0.4200488328933716,,5.53154993057251,,,,,,,,,,,,,,,,
0,69,,0.25788187980651855,,0.0,,0.6404764652252197,,0.3218879699707031,,0.5852111577987671,,,2.749873399734497,0.8070762753486633,,0.2078438699245453,,3.3141467571258545,,0.7390254735946655,,0.3464307487010956,,0.004641743376851082,,0.024756627157330513,,0.3218879699707031,,5.012004375457764,,,,,,,,,,,,,,,,
0,79,,0.2615985870361328,,0.0,,0.6451063752174377,,0.5095144510269165,,0.6006980538368225,,,2.4424006938934326,1.01358962059021,,0.20368866622447968,,3.472482442855835,,1.083205223083496,,0.5549464225769043,,0.00654215645045042,,0.032160986214876175,,0.5095144510269165,,5.429047584533691,,,,,,,,,,,,,,,,
0,89,,0.20851311087608337,,0.0,,0.6372976303100586,,0.538347601890564,,0.5769858956336975,,,2.554678201675415,0.7838957905769348,,0.21602106094360352,,3.114126205444336,,1.0675606727600098,,0.47725480794906616,,0.0047410945408046246,,0.032139308750629425,,0.538347601890564,,5.12185001373291,,,,,,,,,,,,,,,,
0,99,,0.24689045548439026,,0.0,,0.6317968368530273,,0.3552970290184021,,0.5584300756454468,,,2.6806907653808594,0.5799482464790344,,0.18031543493270874,,2.7124173641204834,,0.848865270614624,,0.39967140555381775,,0.0037648614961653948,,0.026873180642724037,,0.3552970290184021,,4.625917434692383,,,,,,,,,,,,,,,,
0,109,,0.22439052164554596,,0.0,,0.5972772836685181,,0.386921763420105,,0.5415900945663452,,,3.0323169231414795,0.27137911319732666,,0.16554203629493713,,2.825352191925049,,0.6464956998825073,,0.30869725346565247,,0.005100898910313845,,0.02564248815178871,,0.386921763420105,,4.528174877166748,,,,,,,,,,,,,,,,
0,119,,0.19424346089363098,,0.0,,0.5983992218971252,,0.3710048198699951,,0.5320727825164795,,,2.0660288333892822,0.4245106875896454,,0.11758680641651154,,2.7369959354400635,,0.7973144054412842,,0.3387012481689453,,0.00625929981470108,,0.025517428293824196,,0.3710048198699951,,4.1170759201049805,,,,,,,,,,,,,,,,
0,129,,0.23441413044929504,,0.0,,0.6093959212303162,,0.42457014322280884,,0.5938480496406555,,,1.966066837310791,0.9395061135292053,,0.23188278079032898,,2.972060203552246,,0.9641766548156738,,0.4481752812862396,,0.006626850925385952,,0.028319276869297028,,0.42457014322280884,,4.7236809730529785,,,,,,,,,,,,,,,,
0,139,,0.2370840609073639,,0.0,,0.6028476357460022,,0.4049011468887329,,0.5644399523735046,,,1.7521684169769287,0.6696945428848267,,0.15747669339179993,,2.959533214569092,,0.662216305732727,,0.335385262966156,,0.004750311374664307,,0.02441721223294735,,0.4049011468887329,,4.1996660232543945,,,,,,,,,,,,,,,,
0,149,,0.22185945510864258,,0.0,,0.6067681312561035,,0.31532296538352966,,0.5403823852539062,,,1.9423922300338745,0.45044344663619995,,0.14811037480831146,,2.626814126968384,,0.9523196816444397,,0.3915235102176666,,0.006126696243882179,,0.024854816496372223,,0.31532296538352966,,4.125885963439941,,,,,,,,,,,,,,,,
0,159,,0.22416377067565918,,0.0,,0.5872366428375244,,0.42320287227630615,,0.5454998016357422,,,1.546967625617981,0.5254483819007874,,0.13292020559310913,,2.4356577396392822,,0.6687251925468445,,0.3646625280380249,,0.0074779801070690155,,0.027630425989627838,,0.42320287227630615,,3.7586114406585693,,,,,,,,,,,,,,,,
0,169,,0.20021939277648926,,0.0,,0.5934757590293884,,0.46816977858543396,,0.5366268157958984,,,1.4374563694000244,0.39506030082702637,,0.15483444929122925,,2.3775200843811035,,0.7582295536994934,,0.4299662709236145,,0.005317006725817919,,0.0265248641371727,,0.46816977858543396,,3.704962730407715,,,,,,,,,,,,,,,,
0,179,,0.19325190782546997,,0.0,,0.5665761232376099,,0.29294583201408386,,0.5395562052726746,,,1.4911476373672485,0.3456920087337494,,0.1555052399635315,,2.289628267288208,,0.688392162322998,,0.37905654311180115,,0.005312735214829445,,0.02272413857281208,,0.29294583201408386,,3.4962565898895264,,,,,,,,,,,,,,,,
0,189,,0.18251162767410278,,0.0,,0.5665016174316406,,0.3266722559928894,,0.5453844666481018,,,1.5148437023162842,0.5163894891738892,,0.14962655305862427,,2.3147401809692383,,0.5486236810684204,,0.3248368799686432,,0.0058792936615645885,,0.024269988760352135,,0.3266722559928894,,3.5222747325897217,,,,,,,,,,,,,,,,
0,199,,0.20282647013664246,,0.0,,0.5549140572547913,,0.22418300807476044,,0.47232386469841003,,,1.398307204246521,0.40558061003685,,0.09866016358137131,,2.4168314933776855,,0.6573706269264221,,0.25286197662353516,,0.005311519373208284,,0.022074207663536072,,0.22418300807476044,,3.3666598796844482,,,,,,,,,,,,,,,,
0,209,,0.17845004796981812,,0.0,,0.5719714760780334,,0.4032898247241974,,0.4998982548713684,,,0.971542239189148,0.4154687821865082,,0.15669606626033783,,2.2525744438171387,,0.5229626893997192,,0.3223719000816345,,0.0057278163731098175,,0.021464878693223,,0.4032898247241974,,3.1719415187835693,,,,,,,,,,,,,,,,
0,219,,0.14760378003120422,,0.0,,0.6203775405883789,,0.29460400342941284,,0.4669899046421051,,,1.0091476440429688,0.44074997305870056,,0.09815498441457748,,2.4229331016540527,,0.5461447238922119,,0.2877233028411865,,0.0054465243592858315,,0.02218078263103962,,0.29460400342941284,,3.1921186447143555,,,,,,,,,,,,,,,,
0,229,,0.14384013414382935,,0.0,,0.5643249154090881,,0.29176804423332214,,0.5098428726196289,,,0.9066170454025269,0.3625733256340027,,0.11272269487380981,,1.860499620437622,,0.6054431200027466,,0.3599804937839508,,0.005972928833216429,,0.023439818993210793,,0.29176804423332214,,2.885232448577881,,,,,,,,,,,,,,,,
0,239,,0.17767652869224548,,0.0,,0.5557196736335754,,0.31916749477386475,,0.472130686044693,,,0.9190471768379211,0.4644993543624878,,0.12553739547729492,,1.8127914667129517,,0.4265429675579071,,0.26921871304512024,,0.006151993293315172,,0.02210601419210434,,0.31916749477386475,,2.7963478565216064,,,,,,,,,,,,,,,,
0,249,,0.1934463083744049,,0.0,,0.5750125050544739,,0.2990149259567261,,0.529231071472168,,,1.164968490600586,0.49406254291534424,,0.15334179997444153,,1.7172247171401978,,0.6307690143585205,,0.3226976990699768,,0.006436329334974289,,0.022910237312316895,,0.2990149259567261,,3.0660128593444824,,,,,,,,,,,,,,,,
0,259,,0.1517580896615982,,0.0,,0.5620104074478149,,0.3023943305015564,,0.44321659207344055,,,0.8326488733291626,0.4540614187717438,,0.09004013240337372,,1.9783945083618164,,0.5133652687072754,,0.273592084646225,,0.005660326220095158,,0.0227300226688385,,0.3023943305015564,,2.826301336288452,,,,,,,,,,,,,,,,
0,269,,0.1454675793647766,,0.0,,0.5788178443908691,,0.39312317967414856,,0.5080552101135254,,,0.7323005795478821,0.5938015580177307,,0.10790789127349854,,1.904808521270752,,0.5164153575897217,,0.28853607177734375,,0.007149611599743366,,0.022522445768117905,,0.39312317967414856,,2.9107141494750977,,,,,,,,,,,,,,,,
0,279,,0.16347713768482208,,0.0,,0.5556790828704834,,0.40045422315597534,,0.49012500047683716,,,0.7602884769439697,0.5356499552726746,,0.12648306787014008,,1.975428819656372,,0.7187578678131104,,0.3646121919155121,,0.006142611615359783,,0.025446129962801933,,0.40045422315597534,,3.0739951133728027,,,,,,,,,,,,,,,,
0,289,,0.14029906690120697,,0.0,,0.5498179197311401,,0.3344176411628723,,0.5191285610198975,,,0.6138337850570679,0.30190351605415344,,0.07150469720363617,,1.8328768014907837,,0.5736984610557556,,0.31790587306022644,,0.007227529305964708,,0.02289905585348606,,0.3344176411628723,,2.6542060375213623,,,,,,,,,,,,,,,,
0,299,,0.1709199845790863,,0.0,,0.5494773983955383,,0.4519130289554596,,0.5441810488700867,,,0.775033175945282,0.27691638469696045,,0.10919537395238876,,1.7968573570251465,,0.5825229287147522,,0.28451400995254517,,0.007900192402303219,,0.023636098951101303,,0.4519130289554596,,2.798351526260376,,,,,,,,,,,,,,,,
0,309,,0.1304447203874588,,0.0,,0.5610843300819397,,0.12715213000774384,,0.4332786500453949,,,0.488407701253891,0.2618386745452881,,0.08931850641965866,,1.850498914718628,,0.31123650074005127,,0.1578635722398758,,0.007245443295687437,,0.018712958320975304,,0.12715213000774384,,2.2278976440429688,,,,,,,,,,,,,,,,
0,319,,0.13174587488174438,,0.0,,0.5361261367797852,,0.26731568574905396,,0.41862010955810547,,,0.5197696685791016,0.28072014451026917,,0.08104341477155685,,1.5860981941223145,,0.4024484157562256,,0.21776339411735535,,0.006009874865412712,,0.020680971443653107,,0.26731568574905396,,2.244511365890503,,,,,,,,,,,,,,,,
0,329,,0.17371413111686707,,0.0,,0.5617354512214661,,0.31324946880340576,,0.40960511565208435,,,0.44816854596138,0.3638285994529724,,0.11757548898458481,,1.6832377910614014,,0.4583626091480255,,0.2743294835090637,,0.006783446297049522,,0.021406475454568863,,0.31324946880340576,,2.426701545715332,,,,,,,,,,,,,,,,
0,339,,0.18661829829216003,,0.0,,0.5423969626426697,,0.30746957659721375,,0.45853307843208313,,,0.6415101885795593,0.40531325340270996,,0.10319432616233826,,1.6174943447113037,,0.4220113754272461,,0.25499504804611206,,0.00707913376390934,,0.021383443847298622,,0.30746957659721375,,2.4946911334991455,,,,,,,,,,,,,,,,
0,349,,0.14124496281147003,,0.0,,0.5593593120574951,,0.39088359475135803,,0.47338104248046875,,,0.5498231053352356,0.31647366285324097,,0.1285714954137802,,1.6874804496765137,,0.4529271721839905,,0.3024761974811554,,0.006414640694856644,,0.01963009312748909,,0.39088359475135803,,2.5241479873657227,,,,,,,,,,,,,,,,
0,359,,0.14659157395362854,,0.0,,0.5404724478721619,,0.32207727432250977,,0.43071460723876953,,,0.44656258821487427,0.2553764581680298,,0.07234129309654236,,1.4941960573196411,,0.47639453411102295,,0.29781582951545715,,0.006994352675974369,,0.020659057423472404,,0.32207727432250977,,2.265427350997925,,,,,,,,,,,,,,,,
0,369,,0.12902860343456268,,0.0,,0.5583144426345825,,0.3713565468788147,,0.5148726105690002,,,0.6617385745048523,0.3224967420101166,,0.07159793376922607,,1.5848467350006104,,0.5012899041175842,,0.3101070821285248,,0.008185219950973988,,0.02261236123740673,,0.3713565468788147,,2.53952956199646,,,,,,,,,,,,,,,,
0,379,,0.11565013229846954,,0.0,,0.5315425395965576,,0.25440096855163574,,0.4384441077709198,,,0.5231373906135559,0.25826743245124817,,0.10153987258672714,,1.4944937229156494,,0.3484237790107727,,0.17478607594966888,,0.008379234001040459,,0.019429977983236313,,0.25440096855163574,,2.1439626216888428,,,,,,,,,,,,,,,,
0,389,,0.14061516523361206,,0.0,,0.5461459159851074,,0.4224971532821655,,0.47796687483787537,,,0.5228117108345032,0.27024295926094055,,0.0711514800786972,,1.4758522510528564,,0.5221240520477295,,0.30993542075157166,,0.008191129192709923,,0.023434018716216087,,0.4224971532821655,,2.407201051712036,,,,,,,,,,,,,,,,
0,399,,0.15359216928482056,,0.0,,0.535159170627594,,0.13967666029930115,,0.40462055802345276,,,0.5640666484832764,0.2575671076774597,,0.11514554917812347,,1.480594515800476,,0.299358606338501,,0.14226047694683075,,0.006541348993778229,,0.01693432591855526,,0.13967666029930115,,2.066225528717041,,,,,,,,,,,,,,,,
0,409,,0.13251061737537384,,0.0,,0.5541551113128662,,0.24580255150794983,,0.42268651723861694,,,0.5587344169616699,0.4379124939441681,,0.1402711421251297,,1.5632411241531372,,0.31497806310653687,,0.20159316062927246,,0.004689613822847605,,0.01596744917333126,,0.24580255150794983,,2.3042547702789307,,,,,,,,,,,,,,,,
0,419,,0.13127517700195312,,0.0,,0.5288228392601013,,0.22988450527191162,,0.38519564270973206,,,0.3645273447036743,0.30386993288993835,,0.07876939326524734,,1.7198233604431152,,0.3351985812187195,,0.16834525763988495,,0.005282727535814047,,0.019044404849410057,,0.22988450527191162,,2.1445419788360596,,,,,,,,,,,,,,,,
0,429,,0.12976858019828796,,0.0,,0.5305823087692261,,0.1847437620162964,,0.42597684264183044,,,0.46332597732543945,0.3898395001888275,,0.09225090593099594,,1.418820858001709,,0.4170909523963928,,0.23091250658035278,,0.00642853369936347,,0.019577864557504654,,0.1847437620162964,,2.1644484996795654,,,,,,,,,,,,,,,,
0,439,,0.1439138948917389,,0.0,,0.5595352053642273,,0.33117878437042236,,0.4053472876548767,,,0.5095248818397522,0.5769416093826294,,0.11247532069683075,,1.3321895599365234,,0.420681357383728,,0.26430535316467285,,0.0074777244590222836,,0.0206659696996212,,0.33117878437042236,,2.3524513244628906,,,,,,,,,,,,,,,,
0,449,,0.11786597967147827,,0.0,,0.5330302119255066,,0.41382676362991333,,0.4416864216327667,,,0.44890296459198,0.44563499093055725,,0.08297764509916306,,1.3934024572372437,,0.6759248971939087,,0.33595746755599976,,0.006999622099101543,,0.023872869089245796,,0.41382676362991333,,2.471977472305298,,,,,,,,,,,,,,,,
0,459,,0.118886798620224,,0.0,,0.5251531600952148,,0.27146852016448975,,0.4224366545677185,,,0.5694558620452881,0.2104109674692154,,0.05942085385322571,,1.5801236629486084,,0.47536611557006836,,0.2587691843509674,,0.007093655411154032,,0.021808510646224022,,0.27146852016448975,,2.271101236343384,,,,,,,,,,,,,,,,
0,469,,0.14983795583248138,,0.0,,0.5304034352302551,,0.29882538318634033,,0.4285324811935425,,,0.4301541745662689,0.2525206506252289,,0.10047505795955658,,1.5591380596160889,,0.4681703448295593,,0.2786022126674652,,0.00581868551671505,,0.019758986309170723,,0.29882538318634033,,2.270998001098633,,,,,,,,,,,,,,,,
0,479,,0.12739767134189606,,0.0,,0.530026912689209,,0.37332260608673096,,0.4306824505329132,,,0.4258272647857666,0.3689425587654114,,0.14526039361953735,,1.2915550470352173,,0.563715934753418,,0.3060700297355652,,0.005578061565756798,,0.020679570734500885,,0.37332260608673096,,2.3048689365386963,,,,,,,,,,,,,,,,
0,489,,0.1472763568162918,,0.0,,0.5218892097473145,,0.2294463813304901,,0.3951592445373535,,,0.4838308095932007,0.28345364332199097,,0.0877344161272049,,1.4593336582183838,,0.3968620300292969,,0.20232754945755005,,0.006704290397465229,,0.01926298812031746,,0.2294463813304901,,2.126271963119507,,,,,,,,,,,,,,,,
0,499,,0.13145551085472107,,0.0,,0.5577706098556519,,0.24835389852523804,,0.3973153531551361,,,0.40100982785224915,0.2975658178329468,,0.08541067689657211,,1.197523832321167,,0.3261108100414276,,0.21826528012752533,,0.00658996868878603,,0.018976325169205666,,0.24835389852523804,,1.9526621103286743,,,,,,,,,,,,,,,,
0,509,,0.13975806534290314,,0.0,,0.52641761302948,,0.31671541929244995,,0.4261748194694519,,,0.41886839270591736,0.4215082824230194,,0.103000208735466,,1.244329571723938,,0.45765307545661926,,0.2783908247947693,,0.007557892706245184,,0.021387027576565742,,0.31671541929244995,,2.1915743350982666,,,,,,,,,,,,,,,,
0,519,,0.11598968505859375,,0.0,,0.5216488242149353,,0.32327693700790405,,0.35805222392082214,,,0.37006041407585144,0.4069496691226959,,0.07683340460062027,,1.0503343343734741,,0.34272801876068115,,0.22126920521259308,,0.00910022109746933,,0.019807057455182076,,0.32327693700790405,,1.9179285764694214,,,,,,,,,,,,,,,,
0,529,,0.12991783022880554,,0.0,,0.5423398613929749,,0.3485632538795471,,0.4177131652832031,,,0.4127597212791443,0.2998095750808716,,0.06470216810703278,,1.1989500522613525,,0.457670122385025,,0.2742873728275299,,0.007432062644511461,,0.020574498921632767,,0.3485632538795471,,2.097647190093994,,,,,,,,,,,,,,,,
0,539,,0.11355860531330109,,0.0,,0.5244293212890625,,0.2139931470155716,,0.37928423285484314,,,0.4814538359642029,0.34146350622177124,,0.08556666225194931,,1.280806541442871,,0.3754507303237915,,0.23580089211463928,,0.006507496349513531,,0.01803525537252426,,0.2139931470155716,,2.0371928215026855,,,,,,,,,,,,,,,,
0,549,,0.10687629878520966,,0.0,,0.523520290851593,,0.2802123427391052,,0.39877068996429443,,,0.3839139938354492,0.4250023365020752,,0.07906267046928406,,1.220211148262024,,0.35650449991226196,,0.20102784037590027,,0.006620441097766161,,0.01839166320860386,,0.2802123427391052,,2.0092527866363525,,,,,,,,,,,,,,,,
0,559,,0.12121709436178207,,0.0,,0.5250515937805176,,0.2520584464073181,,0.3863738179206848,,,0.4689561724662781,0.31197336316108704,,0.058485664427280426,,1.1564083099365234,,0.3791535496711731,,0.26311755180358887,,0.008451336063444614,,0.020369043573737144,,0.2520584464073181,,1.985992431640625,,,,,,,,,,,,,,,,
0,569,,0.09540122747421265,,0.0,,0.5327296257019043,,0.1821778565645218,,0.32402580976486206,,,0.3966609835624695,0.40699273347854614,,0.059375327080488205,,1.0638151168823242,,0.2983420789241791,,0.20272578299045563,,0.00557456212118268,,0.01734207570552826,,0.1821778565645218,,1.8012526035308838,,,,,,,,,,,,,,,,
0,579,,0.11701787263154984,,0.0,,0.5095725655555725,,0.15251272916793823,,0.3723892569541931,,,0.49242401123046875,0.3649389147758484,,0.06765437871217728,,1.5983941555023193,,0.2715115547180176,,0.1431581974029541,,0.0034283159766346216,,0.014316546730697155,,0.15251272916793823,,2.0608177185058594,,,,,,,,,,,,,,,,
0,589,,0.1328708529472351,,0.0,,0.5177129507064819,,0.2177649587392807,,0.3253440856933594,,,0.36517348885536194,0.3606173098087311,,0.09442292153835297,,1.2224928140640259,,0.3324769139289856,,0.18453319370746613,,0.006218981463462114,,0.018391918390989304,,0.2177649587392807,,1.898206114768982,,,,,,,,,,,,,,,,
0,599,,0.12536978721618652,,0.0,,0.5075019001960754,,0.3023538589477539,,0.39207902550697327,,,0.3979649543762207,0.3545839786529541,,0.08253520727157593,,1.0336601734161377,,0.432301789522171,,0.25300347805023193,,0.004349184688180685,,0.017842650413513184,,0.3023538589477539,,1.9606943130493164,,,,,,,,,,,,,,,,
0,609,,0.13668668270111084,,0.0,,0.5283303260803223,,0.21698269248008728,,0.3737136721611023,,,0.49836745858192444,0.20278838276863098,,0.08310943096876144,,1.202099323272705,,0.39331746101379395,,0.20927971601486206,,0.0061478810384869576,,0.01981447823345661,,0.21698269248008728,,1.9452260732650757,,,,,,,,,,,,,,,,
0,619,,0.12304742634296417,,0.0,,0.512213945388794,,0.26052719354629517,,0.35998299717903137,,,0.40091460943222046,0.4897635877132416,,0.07188105583190918,,1.3000837564468384,,0.45729804039001465,,0.20278160274028778,,0.006919450126588345,,0.020856333896517754,,0.26052719354629517,,2.113563060760498,,,,,,,,,,,,,,,,
0,629,,0.12058740854263306,,0.0,,0.5232980251312256,,0.25094422698020935,,0.3471474051475525,,,0.4010871350765228,0.2078419327735901,,0.10286271572113037,,1.1523535251617432,,0.36374545097351074,,0.22361871600151062,,0.007142046000808477,,0.01833202876150608,,0.25094422698020935,,1.868646264076233,,,,,,,,,,,,,,,,
0,639,,0.10098384320735931,,0.0,,0.5192842483520508,,0.2490832656621933,,0.36407527327537537,,,0.46847325563430786,0.1750311702489853,,0.07591842114925385,,1.1522706747055054,,0.4171625077724457,,0.21725213527679443,,0.004439459647983313,,0.01702577993273735,,0.2490832656621933,,1.8890128135681152,,,,,,,,,,,,,,,,
0,649,,0.1244162917137146,,0.0,,0.5127108097076416,,0.3670157790184021,,0.3361455500125885,,,0.42481929063796997,0.5532601475715637,,0.07723380625247955,,1.348383903503418,,0.4477928876876831,,0.24819821119308472,,0.005469860043376684,,0.019836479797959328,,0.3670157790184021,,2.2425596714019775,,,,,,,,,,,,,,,,
0,659,,0.1079859659075737,,0.0,,0.5060960650444031,,0.21356603503227234,,0.3345631957054138,,,0.37104910612106323,0.3633679449558258,,0.08900195360183716,,1.378821611404419,,0.372444212436676,,0.203058123588562,,0.004872649908065796,,0.01772473193705082,,0.21356603503227234,,1.9901381731033325,,,,,,,,,,,,,,,,
0,669,,0.12003908306360245,,0.0,,0.5262389183044434,,0.3193276524543762,,0.3710463047027588,,,0.363563597202301,0.16007664799690247,,0.05680432170629501,,1.0069897174835205,,0.36916327476501465,,0.21252574026584625,,0.006042317487299442,,0.018188869580626488,,0.3193276524543762,,1.7740976810455322,,,,,,,,,,,,,,,,
0,679,,0.1102013885974884,,0.0,,0.4989285171031952,,0.21049734950065613,,0.3492458760738373,,,0.38151463866233826,0.21546965837478638,,0.05307699739933014,,1.3436367511749268,,0.2674958109855652,,0.1806029975414276,,0.006622921675443649,,0.016365932300686836,,0.21049734950065613,,1.8250123262405396,,,,,,,,,,,,,,,,
0,689,,0.1333329826593399,,0.0,,0.5142508149147034,,0.14872774481773376,,0.3547602891921997,,,0.3550236225128174,0.2325536459684372,,0.14035411179065704,,0.9801812767982483,,0.2989804148674011,,0.15639826655387878,,0.006449752952903509,,0.0176132433116436,,0.14872774481773376,,1.6781198978424072,,,,,,,,,,,,,,,,
0,699,,0.1114925891160965,,0.0,,0.5038209557533264,,0.16723749041557312,,0.35251715779304504,,,0.42144331336021423,0.18727391958236694,,0.08528266847133636,,0.9390226602554321,,0.3612961173057556,,0.22935426235198975,,0.007597028277814388,,0.018194014206528664,,0.16723749041557312,,1.7013630867004395,,,,,,,,,,,,,,,,
0,709,,0.09214094281196594,,0.0,,0.5001202821731567,,0.3252512812614441,,0.33457398414611816,,,0.3326246738433838,0.1413804292678833,,0.05805724859237671,,0.9445524215698242,,0.4318535327911377,,0.2627905011177063,,0.007844358682632446,,0.01946592889726162,,0.3252512812614441,,1.7350608110427856,,,,,,,,,,,,,,,,
0,719,,0.12100227177143097,,0.0,,0.520592212677002,,0.3324788212776184,,0.3139644265174866,,,0.3424558639526367,0.2418164163827896,,0.0542403981089592,,1.0389031171798706,,0.40430039167404175,,0.22916588187217712,,0.006485014222562313,,0.019000045955181122,,0.3324788212776184,,1.821702480316162,,,,,,,,,,,,,,,,
0,729,,0.10326943546533585,,0.0,,0.5091365575790405,,0.28839194774627686,,0.3741149306297302,,,0.3611953556537628,0.2996913492679596,,0.06505186855792999,,1.0081466436386108,,0.3976820707321167,,0.19760464131832123,,0.007795247714966536,,0.021145371720194817,,0.28839194774627686,,1.8271853923797607,,,,,,,,,,,,,,,,
0,739,,0.12020736932754517,,0.0,,0.5003620982170105,,0.19232651591300964,,0.3171769380569458,,,0.31092458963394165,0.31466540694236755,,0.056757908314466476,,1.0026726722717285,,0.31590503454208374,,0.20517441630363464,,0.004903426859527826,,0.017527639865875244,,0.19232651591300964,,1.688065767288208,,,,,,,,,,,,,,,,
0,749,,0.1172189861536026,,0.0,,0.5004298686981201,,0.2090575397014618,,0.3155476748943329,,,0.34900960326194763,0.1557846963405609,,0.0713699460029602,,0.87276691198349,,0.2656978666782379,,0.15866440534591675,,0.005052037071436644,,0.0154607268050313,,0.2090575397014618,,1.525760531425476,,,,,,,,,,,,,,,,
0,759,,0.11710812151432037,,0.0,,0.49850770831108093,,0.18336500227451324,,0.35061487555503845,,,0.3316563665866852,0.2901805639266968,,0.07004154473543167,,0.7719292640686035,,0.3003584146499634,,0.12623187899589539,,0.00572949880734086,,0.015380249358713627,,0.18336500227451324,,1.538241982460022,,,,,,,,,,,,,,,,
0,769,,0.10376898944377899,,0.0,,0.49770936369895935,,0.08274468034505844,,0.3308281898498535,,,0.4010951519012451,0.6298592686653137,,0.06353834271430969,,1.0593132972717285,,0.20403975248336792,,0.1117817610502243,,0.004238349385559559,,0.013683500699698925,,0.08274468034505844,,1.7581422328948975,,,,,,,,,,,,,,,,
0,779,,0.12328599393367767,,0.0,,0.5074270367622375,,0.25975239276885986,,0.3722635805606842,,,0.380801260471344,0.14190901815891266,,0.08309493213891983,,1.251721978187561,,0.34706032276153564,,0.18433041870594025,,0.006101193837821484,,0.017820408567786217,,0.25975239276885986,,1.8466944694519043,,,,,,,,,,,,,,,,
0,789,,0.09470692276954651,,0.0,,0.4892193675041199,,0.2439897060394287,,0.3828508257865906,,,0.4265734553337097,0.19877219200134277,,0.041626930236816406,,0.949280858039856,,0.3706602156162262,,0.19627051055431366,,0.005528963170945644,,0.017448484897613525,,0.2439897060394287,,1.7171883583068848,,,,,,,,,,,,,,,,
0,799,,0.11792267858982086,,0.0,,0.5066060423851013,,0.3734229803085327,,0.3503102958202362,,,0.410504013299942,0.13956008851528168,,0.0576416477560997,,1.0290664434432983,,0.5168856978416443,,0.30531468987464905,,0.0074579729698598385,,0.021749719977378845,,0.3734229803085327,,1.9290961027145386,,,,,,,,,,,,,,,,
0,809,,0.11738285422325134,,0.0,,0.5087865591049194,,0.16424308717250824,,0.3344435691833496,,,0.322988361120224,0.19356292486190796,,0.061980120837688446,,1.0030715465545654,,0.27346551418304443,,0.1257960945367813,,0.005014513619244099,,0.014982922933995724,,0.16424308717250824,,1.5703505277633667,,,,,,,,,,,,,,,,
0,819,,0.11495594680309296,,0.0,,0.485774964094162,,0.2659664452075958,,0.374590665102005,,,0.4100508987903595,0.22223906219005585,,0.05571114271879196,,0.8641030788421631,,0.30094414949417114,,0.1818264275789261,,0.004417066462337971,,0.014995414763689041,,0.2659664452075958,,1.6552852392196655,,,,,,,,,,,,,,,,
0,829,,0.11506783962249756,,0.0,,0.4987531304359436,,0.2820031940937042,,0.317828506231308,,,0.3479978144168854,0.21924899518489838,,0.06915955990552902,,0.8371449708938599,,0.3250952959060669,,0.19877301156520844,,0.005297139286994934,,0.016964739188551903,,0.2820031940937042,,1.6251496076583862,,,,,,,,,,,,,,,,
0,839,,0.10525934398174286,,0.0,,0.5001338720321655,,0.2548575699329376,,0.3735653758049011,,,0.35855209827423096,0.26042452454566956,,0.06953167915344238,,0.8490201830863953,,0.40954867005348206,,0.22198398411273956,,0.006268794182687998,,0.016609635204076767,,0.2548575699329376,,1.7211827039718628,,,,,,,,,,,,,,,,
0,844,,,,,,,,,,,,,,,,,,,,,,,,,,,,,,,,0.12769092619419098,0.0,0.5048827528953552,0.48311302065849304,0.31721553206443787,0.30169329047203064,0.3197939693927765,0.0695594847202301,0.7135031819343567,0.8319069743156433,0.4499911367893219,0.006069740746170282,0.029576513916254044,0.48311302065849304,2.0922865867614746
0,844,0.15934091806411743,,0.0,,0.6071849465370178,,0.3081704378128052,,0.44118842482566833,,0.4071740210056305,1.0787522792816162,,,0.11327950656414032,,1.8754158020019531,,0.5392170548439026,,0.27639785408973694,,0.006218039896339178,,0.0213405042886734,,0.3081704378128052,,2.927510976791382,,0.29296666383743286,,,,,,,,,,,,,,,
1,849,,0.1049618050456047,,0.0,,0.5105507373809814,,0.3135127127170563,,0.33043143153190613,,,0.3451467454433441,0.33257144689559937,,0.06569717824459076,,0.7851706743240356,,0.3846586346626282,,0.2332158386707306,,0.006641814485192299,,0.01895810477435589,,0.3135127127170563,,1.725237488746643,,,,,,,,,,,,,,,,
1,859,,0.08695836365222931,,0.0,,0.4862463176250458,,0.2744486331939697,,0.37385308742523193,,,0.33629608154296875,0.23970913887023926,,0.0628628060221672,,1.02303946018219,,0.2848191559314728,,0.14956699311733246,,0.005610878113657236,,0.016011979430913925,,0.2744486331939697,,1.6777174472808838,,,,,,,,,,,,,,,,
1,869,,0.12352953851222992,,0.0,,0.4862320125102997,,0.12205027043819427,,0.3196296989917755,,,0.371050089597702,0.31079480051994324,,0.07638926059007645,,1.4242982864379883,,0.2383032739162445,,0.11816442757844925,,0.007457058876752853,,0.014926997013390064,,0.12205027043819427,,1.8138763904571533,,,,,,,,,,,,,,,,
1,879,,0.08722677081823349,,0.0,,0.4890940189361572,,0.14086918532848358,,0.29111865162849426,,,0.30723243951797485,0.16027148067951202,,0.049138568341732025,,0.7343188524246216,,0.22988450527191162,,0.11580874770879745,,0.005973597522825003,,0.014964419417083263,,0.14086918532848358,,1.3204327821731567,,,,,,,,,,,,,,,,
1,889,,0.0921010673046112,,0.0,,0.5016486048698425,,0.24372152984142303,,0.35504016280174255,,,0.38136693835258484,0.1405780166387558,,0.039437249302864075,,0.8263898491859436,,0.2839788794517517,,0.14701318740844727,,0.006676367484033108,,0.01709556207060814,,0.24372152984142303,,1.526071548461914,,,,,,,,,,,,,,,,
1,899,,0.0995391309261322,,0.0,,0.4841153025627136,,0.2382701337337494,,0.32479044795036316,,,0.3242346942424774,0.17744331061840057,,0.053473394364118576,,0.7088007926940918,,0.36908650398254395,,0.19916841387748718,,0.008167997933924198,,0.018071498721837997,,0.2382701337337494,,1.5116167068481445,,,,,,,,,,,,,,,,
1,909,,0.10169800370931625,,0.0,,0.48242253065109253,,0.20360057055950165,,0.31551387906074524,,,0.34056583046913147,0.17056815326213837,,0.08214111626148224,,0.7496993541717529,,0.30646637082099915,,0.16324517130851746,,0.006381077691912651,,0.017350083217024803,,0.20360057055950165,,1.4785012006759644,,,,,,,,,,,,,,,,
1,919,,0.10879646241664886,,0.0,,0.48304483294487,,0.15294227004051208,,0.31663626432418823,,,0.300886869430542,0.28854474425315857,,0.06192312389612198,,0.6671665906906128,,0.2404126077890396,,0.1468971222639084,,0.00492968549951911,,0.01403015572577715,,0.15294227004051208,,1.400120496749878,,,,,,,,,,,,,,,,
1,929,,0.11798609793186188,,0.0,,0.5095146894454956,,0.19783316552639008,,0.36230039596557617,,,0.3673694133758545,0.19372496008872986,,0.06386691331863403,,0.7452600002288818,,0.3476112484931946,,0.21352742612361908,,0.00613240385428071,,0.016998594626784325,,0.19783316552639008,,1.5795619487762451,,,,,,,,,,,,,,,,
1,939,,0.10378212481737137,,0.0,,0.48594868183135986,,0.2561003565788269,,0.3126651346683502,,,0.3263193368911743,0.20543330907821655,,0.05087859556078911,,0.6731964349746704,,0.3245958387851715,,0.21553441882133484,,0.006914875935763121,,0.017427822574973106,,0.2561003565788269,,1.4981125593185425,,,,,,,,,,,,,,,,
1,949,,0.1054023951292038,,0.0,,0.47038212418556213,,0.1931917816400528,,0.34750497341156006,,,0.3463088870048523,0.16049638390541077,,0.06721922010183334,,0.7495604753494263,,0.29391515254974365,,0.15604452788829803,,0.005080098286271095,,0.01609223149716854,,0.1931917816400528,,1.4636452198028564,,,,,,,,,,,,,,,,
1,959,,0.12216527760028839,,0.0,,0.4994805157184601,,0.20645581185817719,,0.3271982669830322,,,0.3681446313858032,0.1971987634897232,,0.0843009203672409,,0.8628228902816772,,0.2470628023147583,,0.14152294397354126,,0.009677286259829998,,0.01769435778260231,,0.20645581185817719,,1.5507092475891113,,,,,,,,,,,,,,,,
1,969,,0.11079570651054382,,0.0,,0.48779794573783875,,0.22268998622894287,,0.35636770725250244,,,0.3729950189590454,0.168154776096344,,0.06484327465295792,,0.6846470832824707,,0.29835647344589233,,0.19940203428268433,,0.006439323537051678,,0.015864312648773193,,0.22268998622894287,,1.502109169960022,,,,,,,,,,,,,,,,
1,979,,0.11040408909320831,,0.0,,0.498527467250824,,0.2717433571815491,,0.2915078103542328,,,0.3657498359680176,0.19475819170475006,,0.062482260167598724,,0.6373002529144287,,0.307393342256546,,0.2008117437362671,,0.007356493268162012,,0.01662559062242508,,0.2717433571815491,,1.4906431436538696,,,,,,,,,,,,,,,,
1,989,,0.11386777460575104,,0.0,,0.4850892424583435,,0.20737555623054504,,0.31450480222702026,,,0.38339555263519287,0.14060533046722412,,0.11227993667125702,,0.7787280678749084,,0.38920044898986816,,0.19100762903690338,,0.004721108824014664,,0.017599722370505333,,0.20737555623054504,,1.5779874324798584,,,,,,,,,,,,,,,,
1,999,,0.11654448509216309,,0.0,,0.4873603284358978,,0.2588287889957428,,0.325070858001709,,,0.367954283952713,0.22192072868347168,,0.06218859553337097,,0.6806048154830933,,0.46621567010879517,,0.21827392280101776,,0.006815391127020121,,0.019545692950487137,,0.2588287889957428,,1.6254346370697021,,,,,,,,,,,,,,,,
1,1009,,0.11875657737255096,,0.0,,0.5070887207984924,,0.2722262740135193,,0.29546064138412476,,,0.37186670303344727,0.16561484336853027,,0.060552697628736496,,0.7262935638427734,,0.2185685634613037,,0.13471780717372894,,0.003364074509590864,,0.014048255048692226,,0.2722262740135193,,1.4513033628463745,,,,,,,,,,,,,,,,
1,1019,,0.12183254212141037,,0.0,,0.47492536902427673,,0.1938488632440567,,0.3160150349140167,,,0.31072092056274414,0.10914815962314606,,0.06833728402853012,,0.6591532826423645,,0.33179086446762085,,0.17925484478473663,,0.005285061430186033,,0.0156033243983984,,0.1938488632440567,,1.4007593393325806,,,,,,,,,,,,,,,,
1,1029,,0.11191879212856293,,0.0,,0.4946509897708893,,0.20058557391166687,,0.29968124628067017,,,0.3286144733428955,0.36923202872276306,,0.06771756708621979,,0.5546234846115112,,0.31949007511138916,,0.1713709533214569,,0.0056008282117545605,,0.01648048125207424,,0.20058557391166687,,1.4782235622406006,,,,,,,,,,,,,,,,
1,1039,,0.1056300699710846,,0.0,,0.4840235710144043,,0.15838687121868134,,0.3439581096172333,,,0.2978741526603699,0.13434061408042908,,0.047703858464956284,,0.5442771315574646,,0.22350798547267914,,0.11529690772294998,,0.004303361289203167,,0.013952462002635002,,0.15838687121868134,,1.2436038255691528,,,,,,,,,,,,,,,,
1,1049,,0.09602391719818115,,0.0,,0.4938321113586426,,0.1318429708480835,,0.3023947477340698,,,0.3388999402523041,0.15896283090114594,,0.05778975412249565,,0.7106934785842896,,0.21419310569763184,,0.10018087178468704,,0.00529109500348568,,0.014246978797018528,,0.1318429708480835,,1.319299340248108,,,,,,,,,,,,,,,,
1,1059,,0.09369747340679169,,0.0,,0.48938578367233276,,0.16401728987693787,,0.3345908522605896,,,0.35351982712745667,0.16824139654636383,,0.041016653180122375,,0.5729629993438721,,0.2055261880159378,,0.10971241444349289,,0.005392984952777624,,0.014268189668655396,,0.16401728987693787,,1.2833001613616943,,,,,,,,,,,,,,,,
1,1069,,0.11673378944396973,,0.0,,0.4818800091743469,,0.29969215393066406,,0.36398401856422424,,,0.31033071875572205,0.22866292297840118,,0.06770025938749313,,0.6352929472923279,,0.3834720849990845,,0.20919105410575867,,0.008028900250792503,,0.01882152259349823,,0.29969215393066406,,1.5713058710098267,,,,,,,,,,,,,,,,
1,1079,,0.09837891161441803,,0.0,,0.48047032952308655,,0.207347571849823,,0.28547167778015137,,,0.29680711030960083,0.15349715948104858,,0.055333033204078674,,0.5205822587013245,,0.20848673582077026,,0.12418647855520248,,0.0065760305151343346,,0.014798937365412712,,0.207347571849823,,1.2333675622940063,,,,,,,,,,,,,,,,
1,1089,,0.0957760363817215,,0.0,,0.47332140803337097,,0.17732107639312744,,0.3163340091705322,,,0.38568881154060364,0.1454952210187912,,0.06698243319988251,,0.6145679950714111,,0.284494012594223,,0.14731816947460175,,0.00564612727612257,,0.01587269827723503,,0.17732107639312744,,1.3723453283309937,,,,,,,,,,,,,,,,
1,1099,,0.10691296309232712,,0.0,,0.4771960973739624,,0.25498658418655396,,0.31488293409347534,,,0.323873907327652,0.2504357695579529,,0.08013374358415604,,0.5233944654464722,,0.31640130281448364,,0.17032967507839203,,0.004857389722019434,,0.017146702855825424,,0.25498658418655396,,1.4288491010665894,,,,,,,,,,,,,,,,
1,1109,,0.11040916293859482,,0.0,,0.4855593740940094,,0.2929244637489319,,0.2997285723686218,,,0.3188077509403229,0.1901378035545349,,0.06088358163833618,,0.5635119676589966,,0.425243079662323,,0.26147884130477905,,0.00547976465895772,,0.01952289417386055,,0.2929244637489319,,1.526605248451233,,,,,,,,,,,,,,,,
1,1119,,0.09679950028657913,,0.0,,0.4880298972129822,,0.29997384548187256,,0.30650821328163147,,,0.31975439190864563,0.16514477133750916,,0.06784694641828537,,0.686106264591217,,0.2913464605808258,,0.16377857327461243,,0.00751678179949522,,0.01866130158305168,,0.29997384548187256,,1.4650640487670898,,,,,,,,,,,,,,,,
1,1129,,0.08875550329685211,,0.0,,0.4745042622089386,,0.13464407622814178,,0.3054138422012329,,,0.5494638085365295,0.18326720595359802,,0.06976370513439178,,0.5393725037574768,,0.15543121099472046,,0.09613847732543945,,0.003705485025420785,,0.011694150976836681,,0.13464407622814178,,1.3119242191314697,,,,,,,,,,,,,,,,
1,1139,,0.09568038582801819,,0.0,,0.4796876311302185,,0.19381260871887207,,0.3103780150413513,,,0.3351728916168213,0.26961830258369446,,0.05236993730068207,,0.73218834400177,,0.2415250688791275,,0.13946929574012756,,0.0054513271898031235,,0.014718074351549149,,0.19381260871887207,,1.4423950910568237,,,,,,,,,,,,,,,,
1,1149,,0.09636295586824417,,0.0,,0.47515207529067993,,0.15866051614284515,,0.3044648766517639,,,0.37156766653060913,0.11256188154220581,,0.04405466467142105,,0.5151286721229553,,0.2705535888671875,,0.12200061976909637,,0.004635218996554613,,0.014464268460869789,,0.15866051614284515,,1.2520357370376587,,,,,,,,,,,,,,,,
1,1159,,0.10281506180763245,,0.0,,0.4750823974609375,,0.2062019556760788,,0.35909897089004517,,,0.35302919149398804,0.291522353887558,,0.07221750915050507,,0.5226393938064575,,0.3094917833805084,,0.1672806292772293,,0.006220781709998846,,0.017643576487898827,,0.2062019556760788,,1.4504436254501343,,,,,,,,,,,,,,,,
1,1169,,0.09999433159828186,,0.0,,0.49125152826309204,,0.2305215299129486,,0.3841465413570404,,,0.3532823324203491,0.17311576008796692,,0.051698144525289536,,0.5301386117935181,,0.3077954947948456,,0.16677622497081757,,0.005439412780106068,,0.017730463296175003,,0.2305215299129486,,1.4148105382919312,,,,,,,,,,,,,,,,
1,1179,,0.08178038895130157,,0.0,,0.47122329473495483,,0.11857151240110397,,0.2781916856765747,,,0.3205394744873047,0.2841075658798218,,0.06591862440109253,,0.5087575912475586,,0.19959081709384918,,0.12055319547653198,,0.004927057307213545,,0.013026570901274681,,0.11857151240110397,,1.2401074171066284,,,,,,,,,,,,,,,,
1,1189,,0.08758354187011719,,0.0,,0.46871334314346313,,0.12702332437038422,,0.2917393147945404,,,0.29084208607673645,0.13663172721862793,,0.05545308440923691,,0.450088232755661,,0.20623177289962769,,0.10008261352777481,,0.004196980502456427,,0.013173210434615612,,0.12702332437038422,,1.1224662065505981,,,,,,,,,,,,,,,,
1,1199,,0.10816387087106705,,0.0,,0.4785875678062439,,0.2558009624481201,,0.2876947820186615,,,0.3104384243488312,0.2726094424724579,,0.06298507750034332,,0.5320416688919067,,0.3364975154399872,,0.22513961791992188,,0.007131846155971289,,0.0174183938652277,,0.2558009624481201,,1.4559637308120728,,,,,,,,,,,,,,,,
1,1209,,0.09665703773498535,,0.0,,0.46143579483032227,,0.2886378765106201,,0.3348962664604187,,,0.34578296542167664,0.12548592686653137,,0.04885699599981308,,0.6150063276290894,,0.3500611186027527,,0.19612078368663788,,0.00763583043590188,,0.01786481961607933,,0.2886378765106201,,1.4531532526016235,,,,,,,,,,,,,,,,
1,1219,,0.09430251270532608,,0.0,,0.4636895954608917,,0.20970159769058228,,0.2922080457210541,,,0.3945956826210022,0.16070930659770966,,0.050377991050481796,,0.486261248588562,,0.22404766082763672,,0.1279190331697464,,0.004676192067563534,,0.01401442289352417,,0.20970159769058228,,1.268258810043335,,,,,,,,,,,,,,,,
1,1229,,0.10297629237174988,,0.0,,0.4720546007156372,,0.20949989557266235,,0.33774876594543457,,,0.3365054428577423,0.16791950166225433,,0.055296193808317184,,0.5148193836212158,,0.2664262056350708,,0.15879479050636292,,0.005344682838767767,,0.016437198966741562,,0.20949989557266235,,1.3301301002502441,,,,,,,,,,,,,,,,
1,1239,,0.10130222886800766,,0.0,,0.467252641916275,,0.2081218659877777,,0.39851605892181396,,,0.35010358691215515,0.16102130711078644,,0.05473516508936882,,0.4760567545890808,,0.31885644793510437,,0.20337806642055511,,0.006433357484638691,,0.017139701172709465,,0.2081218659877777,,1.3900283575057983,,,,,,,,,,,,,,,,
1,1249,,0.08565419912338257,,0.0,,0.47675490379333496,,0.1363620012998581,,0.33337050676345825,,,0.28611814975738525,0.19108866155147552,,0.04858045279979706,,0.46555423736572266,,0.2236846685409546,,0.12141643464565277,,0.0052807810716331005,,0.014310510829091072,,0.1363620012998581,,1.2012430429458618,,,,,,,,,,,,,,,,
1,1259,,0.09125358611345291,,0.0,,0.4709159731864929,,0.20312687754631042,,0.27042528986930847,,,0.33573704957962036,0.1347973644733429,,0.04561467096209526,,0.511681318283081,,0.280220627784729,,0.13902129232883453,,0.005272834096103907,,0.01646106131374836,,0.20312687754631042,,1.260494589805603,,,,,,,,,,,,,,,,
1,1269,,0.08787597715854645,,0.0,,0.47134754061698914,,0.09664323925971985,,0.28684645891189575,,,0.3142615854740143,0.09752559661865234,,0.033441707491874695,,0.4534512758255005,,0.17186769843101501,,0.08965425938367844,,0.0051221903413534164,,0.011610432527959347,,0.09664323925971985,,1.065629005432129,,,,,,,,,,,,,,,,
1,1279,,0.10587573051452637,,0.0,,0.47050586342811584,,0.2577788233757019,,0.3122885227203369,,,0.32027968764305115,0.19241605699062347,,0.05684052035212517,,0.4775567352771759,,0.32088303565979004,,0.20181813836097717,,0.006576875224709511,,0.01825191266834736,,0.2577788233757019,,1.3796619176864624,,,,,,,,,,,,,,,,
1,1289,,0.08867907524108887,,0.0,,0.46516627073287964,,0.18883496522903442,,0.3803505003452301,,,0.3375263512134552,0.21604043245315552,,0.04383808374404907,,0.44161170721054077,,0.1952061802148819,,0.12851989269256592,,0.005709091201424599,,0.012371201068162918,,0.18883496522903442,,1.2581124305725098,,,,,,,,,,,,,,,,
1,1299,,0.0997808426618576,,0.0,,0.4682715833187103,,0.1094854325056076,,0.3027324378490448,,,0.3197125792503357,0.17042627930641174,,0.051199547946453094,,0.4606943130493164,,0.18658247590065002,,0.12065671384334564,,0.004055202007293701,,0.013224915601313114,,0.1094854325056076,,1.1600236892700195,,,,,,,,,,,,,,,,
1,1309,,0.0956687480211258,,0.0,,0.48165082931518555,,0.10916607826948166,,0.2742488980293274,,,0.3388134837150574,0.23291288316249847,,0.05565452575683594,,0.4221923351287842,,0.16002747416496277,,0.09056371450424194,,0.003940202295780182,,0.011559110134840012,,0.10916607826948166,,1.1439787149429321,,,,,,,,,,,,,,,,
1,1319,,0.1136804074048996,,0.0,,0.4667782485485077,,0.1690521538257599,,0.27549415826797485,,,0.3474365770816803,0.09817946702241898,,0.05139545351266861,,0.4508237838745117,,0.2440313696861267,,0.12455476075410843,,0.0038392452988773584,,0.014115913771092892,,0.1690521538257599,,1.186748743057251,,,,,,,,,,,,,,,,
1,1329,,0.08224053680896759,,0.0,,0.4724960923194885,,0.1474643498659134,,0.33963173627853394,,,0.31592807173728943,0.25583478808403015,,0.050235480070114136,,0.40785732865333557,,0.20393893122673035,,0.11464451253414154,,0.005468623246997595,,0.013629693537950516,,0.1474643498659134,,1.2114999294281006,,,,,,,,,,,,,,,,
1,1339,,0.10608120262622833,,0.0,,0.4704863429069519,,0.15652254223823547,,0.25610440969467163,,,0.29481908679008484,0.1459828019142151,,0.051771245896816254,,0.433658242225647,,0.15947756171226501,,0.09109562635421753,,0.0053163329139351845,,0.011935841292142868,,0.15652254223823547,,1.0975935459136963,,,,,,,,,,,,,,,,
1,1349,,0.09243115782737732,,0.0,,0.47150203585624695,,0.11623029410839081,,0.3183252811431885,,,0.3222079277038574,0.14277824759483337,,0.049152299761772156,,0.3833922743797302,,0.1421564817428589,,0.07103917747735977,,0.005121559835970402,,0.01248796097934246,,0.11623029410839081,,1.0696563720703125,,,,,,,,,,,,,,,,
1,1359,,0.10474289953708649,,0.0,,0.4539007246494293,,0.19060087203979492,,0.3061014413833618,,,0.29955628514289856,0.2080473154783249,,0.08074989914894104,,0.39115339517593384,,0.22245529294013977,,0.12482058256864548,,0.00462489714846015,,0.014302583411335945,,0.19060087203979492,,1.207679271697998,,,,,,,,,,,,,,,,
1,1369,,0.0857008844614029,,0.0,,0.4494490623474121,,0.2933260500431061,,0.2820393443107605,,,0.31518688797950745,0.12217865884304047,,0.06151165813207626,,0.4358435869216919,,0.38419201970100403,,0.2022281140089035,,0.008434604853391647,,0.019930774345993996,,0.2933260500431061,,1.3399760723114014,,,,,,,,,,,,,,,,
1,1379,,0.08419142663478851,,0.0,,0.45351070165634155,,0.255948543548584,,0.29455605149269104,,,0.33368515968322754,0.18588459491729736,,0.05062871426343918,,0.4236285090446472,,0.34172073006629944,,0.19004803895950317,,0.006567288190126419,,0.01749720610678196,,0.255948543548584,,1.3276820182800293,,,,,,,,,,,,,,,,
1,1389,,0.08476188033819199,,0.0,,0.4606180489063263,,0.18329931795597076,,0.27939820289611816,,,0.30568671226501465,0.1628124713897705,,0.04885023459792137,,0.4042031764984131,,0.24215152859687805,,0.12875965237617493,,0.005188361741602421,,0.015665464103221893,,0.18329931795597076,,1.1685302257537842,,,,,,,,,,,,,,,,
1,1399,,0.08447496592998505,,0.0,,0.45273393392562866,,0.14272691309452057,,0.28158438205718994,,,0.2880440652370453,0.20955319702625275,,0.03684398531913757,,0.40146052837371826,,0.23224136233329773,,0.13194535672664642,,0.004514696542173624,,0.015253065153956413,,0.14272691309452057,,1.1483148336410522,,,,,,,,,,,,,,,,
1,1409,,0.09560036659240723,,0.0,,0.4658639430999756,,0.09446117281913757,,0.3106464743614197,,,0.2991907298564911,0.12405910342931747,,0.05385448783636093,,0.4376251697540283,,0.19020172953605652,,0.08559844642877579,,0.005656019784510136,,0.012682738713920116,,0.09446117281913757,,1.0940616130828857,,,,,,,,,,,,,,,,
1,1419,,0.07660061120986938,,0.0,,0.45481640100479126,,0.23039624094963074,,0.29100921750068665,,,0.30572620034217834,0.2234402298927307,,0.05017341300845146,,0.3741769790649414,,0.2673909664154053,,0.16600097715854645,,0.005515549331903458,,0.015657538548111916,,0.23039624094963074,,1.238281011581421,,,,,,,,,,,,,,,,
1,1429,,0.09156560897827148,,0.0,,0.46135035157203674,,0.28265297412872314,,0.33214497566223145,,,0.29365381598472595,0.23259834945201874,,0.04590096324682236,,0.36111143231391907,,0.36461693048477173,,0.21109166741371155,,0.005737510044127703,,0.016604715958237648,,0.28265297412872314,,1.3578169345855713,,,,,,,,,,,,,,,,
1,1439,,0.09485321491956711,,0.0,,0.4561765193939209,,0.1536279320716858,,0.3677061200141907,,,0.3237363398075104,0.11471972614526749,,0.07120799273252487,,0.38737475872039795,,0.2657061219215393,,0.12724298238754272,,0.0043581631034612656,,0.013896675780415535,,0.1536279320716858,,1.197251558303833,,,,,,,,,,,,,,,,
1,1449,,0.09163206815719604,,0.0,,0.4634440839290619,,0.14301374554634094,,0.33566492795944214,,,0.2927481532096863,0.09390351921319962,,0.043884217739105225,,0.40994343161582947,,0.24996739625930786,,0.12968704104423523,,0.0048897103406488895,,0.014269053936004639,,0.14301374554634094,,1.14365816116333,,,,,,,,,,,,,,,,
1,1459,,0.11039620637893677,,0.0,,0.4668354094028473,,0.24426645040512085,,0.2945735454559326,,,0.31496554613113403,0.1456269919872284,,0.041131846606731415,,0.3588825464248657,,0.2411344349384308,,0.1591651439666748,,0.005811586976051331,,0.014546987600624561,,0.24426645040512085,,1.205941915512085,,,,,,,,,,,,,,,,
1,1469,,0.0774332582950592,,0.0,,0.4572092890739441,,0.18399843573570251,,0.3359611928462982,,,0.296562522649765,0.14971040189266205,,0.03419420123100281,,0.3559260368347168,,0.2705715596675873,,0.13777293264865875,,0.004780289251357317,,0.014393586665391922,,0.18399843573570251,,1.1664537191390991,,,,,,,,,,,,,,,,
1,1479,,0.0803956687450409,,0.0,,0.4683316648006439,,0.11803662776947021,,0.28507328033447266,,,0.29418250918388367,0.10650891810655594,,0.053480278700590134,,0.36334553360939026,,0.21745683252811432,,0.10605311393737793,,0.0048738387413322926,,0.014490935020148754,,0.11803662776947021,,1.0633600950241089,,,,,,,,,,,,,,,,
1,1489,,0.05901438742876053,,0.0,,0.4438733160495758,,0.23089087009429932,,0.32789140939712524,,,0.32135725021362305,0.1741415113210678,,0.04345369338989258,,0.34554219245910645,,0.3138972222805023,,0.18248307704925537,,0.0051321289502084255,,0.01690581999719143,,0.23089087009429932,,1.2407443523406982,,,,,,,,,,,,,,,,
1,1499,,0.0832313746213913,,0.0,,0.45656129717826843,,0.1960860639810562,,0.2625783681869507,,,0.30626392364501953,0.1092241182923317,,0.04466664046049118,,0.3827171325683594,,0.24458608031272888,,0.13305078446865082,,0.004061913583427668,,0.014053168706595898,,0.1960860639810562,,1.125567078590393,,,,,,,,,,,,,,,,
1,1509,,0.08117448538541794,,0.0,,0.4648251235485077,,0.17284250259399414,,0.2987403869628906,,,0.2889063358306885,0.11798660457134247,,0.043281808495521545,,0.345675528049469,,0.20206743478775024,,0.10501604527235031,,0.00395014276728034,,0.013012805953621864,,0.17284250259399414,,1.0752458572387695,,,,,,,,,,,,,,,,
1,1519,,0.09382183104753494,,0.0,,0.47243359684944153,,0.1465384066104889,,0.2522713541984558,,,0.34664011001586914,0.28301554918289185,,0.037233851850032806,,0.34926944971084595,,0.19548548758029938,,0.08900795876979828,,0.004050108138471842,,0.012364142574369907,,0.1465384066104889,,1.1472479104995728,,,,,,,,,,,,,,,,
1,1529,,0.07133984565734863,,0.0,,0.44938263297080994,,0.1110326498746872,,0.27264922857284546,,,0.2987646162509918,0.1309117078781128,,0.038713183254003525,,0.3430106043815613,,0.20944038033485413,,0.09946498274803162,,0.0050839148461818695,,0.013731532730162144,,0.1110326498746872,,1.0286283493041992,,,,,,,,,,,,,,,,
1,1539,,0.08006235957145691,,0.0,,0.46294882893562317,,0.17668116092681885,,0.2978528141975403,,,0.3166654706001282,0.21899116039276123,,0.03970203921198845,,0.3721731901168823,,0.24243372678756714,,0.13810978829860687,,0.004811894614249468,,0.014579644426703453,,0.17668116092681885,,1.1897958517074585,,,,,,,,,,,,,,,,
1,1549,,0.07015416026115417,,0.0,,0.44099926948547363,,0.2049517035484314,,0.3373437523841858,,,0.32138925790786743,0.15135878324508667,,0.05476874113082886,,0.35538262128829956,,0.307548463344574,,0.12588274478912354,,0.005580221302807331,,0.015154299326241016,,0.2049517035484314,,1.2028340101242065,,,,,,,,,,,,,,,,
1,1559,,0.08441420644521713,,0.0,,0.4502338171005249,,0.17530998587608337,,0.2801611125469208,,,0.3069857954978943,0.19617338478565216,,0.04865264892578125,,0.3491920232772827,,0.18540476262569427,,0.10855593532323837,,0.006200216244906187,,0.014218270778656006,,0.17530998587608337,,1.1098603010177612,,,,,,,,,,,,,,,,
1,1569,,0.0832802876830101,,0.0,,0.44186514616012573,,0.18163754045963287,,0.23793253302574158,,,0.2885148525238037,0.08851315826177597,,0.04178648442029953,,0.3495386838912964,,0.29499173164367676,,0.1543249785900116,,0.005629305727779865,,0.016662469133734703,,0.18163754045963287,,1.1006698608398438,,,,,,,,,,,,,,,,
1,1579,,0.07997135818004608,,0.0,,0.44426026940345764,,0.1670694649219513,,0.2924189865589142,,,0.28081583976745605,0.08495250344276428,,0.04189485311508179,,0.3562966585159302,,0.1875104010105133,,0.11190196126699448,,0.005091495346277952,,0.014037813059985638,,0.1670694649219513,,1.040129542350769,,,,,,,,,,,,,,,,
1,1589,,0.08746069669723511,,0.0,,0.4454832375049591,,0.13165679574012756,,0.2562521696090698,,,0.3009278476238251,0.14976827800273895,,0.035002633929252625,,0.3213822841644287,,0.18126711249351501,,0.09393864870071411,,0.005344227887690067,,0.012889701873064041,,0.13165679574012756,,1.0171315670013428,,,,,,,,,,,,,,,,
1,1599,,0.09373579174280167,,0.0,,0.4604562819004059,,0.09493608772754669,,0.28980767726898193,,,0.288650244474411,0.0937822237610817,,0.03575385361909866,,0.35125982761383057,,0.20530934631824493,,0.11086776107549667,,0.005755087360739708,,0.014570832252502441,,0.09493608772754669,,1.0297280550003052,,,,,,,,,,,,,,,,
1,1609,,0.08579473197460175,,0.0,,0.4439396858215332,,0.16260051727294922,,0.271122545003891,,,0.3015874922275543,0.13710957765579224,,0.04041929170489311,,0.35063135623931885,,0.23364421725273132,,0.12422583997249603,,0.005697328131645918,,0.013989134691655636,,0.16260051727294922,,1.09237539768219,,,,,,,,,,,,,,,,
1,1619,,0.07995966821908951,,0.0,,0.4564189612865448,,0.25871542096138,,0.29495546221733093,,,0.2995925545692444,0.07788974046707153,,0.03956816717982292,,0.3452017903327942,,0.19883954524993896,,0.11655566841363907,,0.005135744344443083,,0.013012134470045567,,0.25871542096138,,1.0994285345077515,,,,,,,,,,,,,,,,
1,1629,,0.08695386350154877,,0.0,,0.457876592874527,,0.23593181371688843,,0.291080504655838,,,0.2885444760322571,0.18690980970859528,,0.043570585548877716,,0.34983593225479126,,0.25896018743515015,,0.1554771512746811,,0.006424556486308575,,0.01616850309073925,,0.23593181371688843,,1.1969512701034546,,,,,,,,,,,,,,,,
1,1639,,0.09909110516309738,,0.0,,0.45015594363212585,,0.12203308939933777,,0.2888048589229584,,,0.31367990374565125,0.148687481880188,,0.05167941004037857,,0.3319261968135834,,0.22840720415115356,,0.12095960974693298,,0.004318797495216131,,0.014954986982047558,,0.12203308939933777,,1.0948268175125122,,,,,,,,,,,,,,,,
1,1649,,0.09137269854545593,,0.0,,0.446713387966156,,0.19050917029380798,,0.31957271695137024,,,0.28683337569236755,0.12204083055257797,,0.04543430730700493,,0.31944429874420166,,0.2026454508304596,,0.1154361292719841,,0.005477509461343288,,0.013497528620064259,,0.19050917029380798,,1.0862374305725098,,,,,,,,,,,,,,,,
1,1659,,0.08881261944770813,,0.0,,0.43683236837387085,,0.21756437420845032,,0.3276524841785431,,,0.3284454643726349,0.10524845123291016,,0.042055144906044006,,0.33977141976356506,,0.22903913259506226,,0.13452446460723877,,0.005689868703484535,,0.014629091136157513,,0.21756437420845032,,1.1424468755722046,,,,,,,,,,,,,,,,
1,1669,,0.07069198787212372,,0.0,,0.4399166703224182,,0.24577322602272034,,0.2815847098827362,,,0.3119608759880066,0.1754423826932907,,0.031844835728406906,,0.3629676103591919,,0.29349249601364136,,0.17817069590091705,,0.006247760262340307,,0.016507042571902275,,0.24577322602272034,,1.215553641319275,,,,,,,,,,,,,,,,
1,1679,,0.06326382607221603,,0.0,,0.43273261189460754,,0.13100558519363403,,0.2865014672279358,,,0.28671348094940186,0.08409775793552399,,0.03579620271921158,,0.3211425542831421,,0.1990206092596054,,0.10345209389925003,,0.004668707959353924,,0.012605496682226658,,0.13100558519363403,,0.9868029356002808,,,,,,,,,,,,,,,,
1,1689,,0.0913989245891571,,0.0,,0.44299063086509705,,0.2171216905117035,,0.3027055263519287,,,0.2750382721424103,0.1865798830986023,,0.04985499009490013,,0.3305145502090454,,0.16941337287425995,,0.12669475376605988,,0.006124322768300772,,0.014129601418972015,,0.2171216905117035,,1.1133480072021484,,,,,,,,,,,,,,,,
1,1689,,,,,,,,,,,,,,,,,,,,,,,,,,,,,,,,0.101169154047966,0.0,0.4653647541999817,0.5064284801483154,0.26664334535598755,0.22745084762573242,0.2728244960308075,0.053402841091156006,0.33967044949531555,0.8378492593765259,0.43844708800315857,0.005624007433652878,0.029274214059114456,0.5064284801483154,1.7867119312286377
1,1689,0.09488754719495773,,0.0,,0.46982845664024353,,0.19716475903987885,,0.3089800775051117,,0.17044773697853088,0.3299875557422638,,,0.05406593531370163,,0.5055683851242065,,0.2600698173046112,,0.14310871064662933,,0.005672283470630646,,0.015281074680387974,,0.19716475903987885,,1.2851704359054565,,0.25165727734565735,,,,,,,,,,,,,,,
2,1699,,0.07389508187770844,,0.0,,0.46347424387931824,,0.29532337188720703,,0.2911423444747925,,,0.30188149213790894,0.12095887213945389,,0.04032452404499054,,0.3718113899230957,,0.3717173933982849,,0.20597676932811737,,0.006094022653996944,,0.018216148018836975,,0.29532337188720703,,1.2895159721374512,,,,,,,,,,,,,,,,
2,1709,,0.06961952894926071,,0.0,,0.436421275138855,,0.1822238266468048,,0.2836311459541321,,,0.33697542548179626,0.15556465089321136,,0.049316298216581345,,0.3326835036277771,,0.12646526098251343,,0.09025590121746063,,0.004176282789558172,,0.010860474780201912,,0.1822238266468048,,1.0445270538330078,,,,,,,,,,,,,,,,
2,1719,,0.07335366308689117,,0.0,,0.44696229696273804,,0.25850528478622437,,0.32483792304992676,,,0.3183116018772125,0.11129198223352432,,0.05142378807067871,,0.33561456203460693,,0.31426942348480225,,0.1802554875612259,,0.005403351504355669,,0.015681447461247444,,0.25850528478622437,,1.225796103477478,,,,,,,,,,,,,,,,
2,1729,,0.07578350603580475,,0.0,,0.46418702602386475,,0.24889229238033295,,0.3026342988014221,,,0.3380921483039856,0.13609780371189117,,0.039204392582178116,,0.34318673610687256,,0.2886371612548828,,0.14376778900623322,,0.005942447576671839,,0.01768651232123375,,0.24889229238033295,,1.2108992338180542,,,,,,,,,,,,,,,,
2,1739,,0.07839084416627884,,0.0,,0.4469950795173645,,0.20153312385082245,,0.3955535888671875,,,0.29799625277519226,0.08966074883937836,,0.037703029811382294,,0.3748958706855774,,0.2840517461299896,,0.14907285571098328,,0.004437802359461784,,0.01614592783153057,,0.20153312385082245,,1.1962913274765015,,,,,,,,,,,,,,,,
2,1749,,0.07915059477090836,,0.0,,0.43763285875320435,,0.09279726445674896,,0.3074706792831421,,,0.33164265751838684,0.29773563146591187,,0.044125624001026154,,0.35025298595428467,,0.1808597892522812,,0.08699231594800949,,0.005203551612794399,,0.01360390242189169,,0.09279726445674896,,1.1205358505249023,,,,,,,,,,,,,,,,
2,1759,,0.08034569770097733,,0.0,,0.4559122622013092,,0.23735252022743225,,0.35514283180236816,,,0.2849573791027069,0.13601042330265045,,0.03496412932872772,,0.3197084069252014,,0.23665311932563782,,0.14148230850696564,,0.005224241409450769,,0.014599778689444065,,0.23735252022743225,,1.15847647190094,,,,,,,,,,,,,,,,
2,1769,,0.06936588883399963,,0.0,,0.4389076232910156,,0.1594480574131012,,0.26428043842315674,,,0.30774372816085815,0.1008022278547287,,0.04047222062945366,,0.3241460621356964,,0.233293354511261,,0.14341770112514496,,0.0045611984096467495,,0.014834213070571423,,0.1594480574131012,,1.0580533742904663,,,,,,,,,,,,,,,,
2,1779,,0.07279720902442932,,0.0,,0.44809195399284363,,0.10907363891601562,,0.32434865832328796,,,0.31394311785697937,0.07188969105482101,,0.04030115157365799,,0.31105250120162964,,0.18048229813575745,,0.09450986236333847,,0.005378644913434982,,0.012996582314372063,,0.10907363891601562,,0.9989308714866638,,,,,,,,,,,,,,,,
2,1789,,0.07793093472719193,,0.0,,0.45514819025993347,,0.21787366271018982,,0.25971364974975586,,,0.25911712646484375,0.15249331295490265,,0.04211096093058586,,0.3280930519104004,,0.22303366661071777,,0.12813811004161835,,0.006905650720000267,,0.014591657556593418,,0.21787366271018982,,1.089870810508728,,,,,,,,,,,,,,,,
2,1799,,0.07430890947580338,,0.0,,0.43924781680107117,,0.1034616082906723,,0.2575750946998596,,,0.2850077152252197,0.07230459153652191,,0.052994176745414734,,0.32041847705841064,,0.13555915653705597,,0.06840349733829498,,0.004671189468353987,,0.011502373032271862,,0.1034616082906723,,0.9184785485267639,,,,,,,,,,,,,,,,
2,1809,,0.07436689734458923,,0.0,,0.4484699070453644,,0.18675711750984192,,0.2944527268409729,,,0.26246508955955505,0.09435056895017624,,0.02935079298913479,,0.3068603575229645,,0.1762637346982956,,0.09892692416906357,,0.005741774570196867,,0.013409523293375969,,0.18675711750984192,,1.0024123191833496,,,,,,,,,,,,,,,,
2,1819,,0.08212073147296906,,0.0,,0.43676286935806274,,0.09332014620304108,,0.2789401412010193,,,0.27268263697624207,0.07415824383497238,,0.03329091891646385,,0.3085172176361084,,0.13232959806919098,,0.07373473793268204,,0.0039774882607162,,0.011266631074249744,,0.09332014620304108,,0.9061839580535889,,,,,,,,,,,,,,,,
2,1829,,0.07021857798099518,,0.0,,0.420929878950119,,0.26121240854263306,,0.2983669936656952,,,0.31721532344818115,0.08710277080535889,,0.030827997252345085,,0.34168320894241333,,0.243967205286026,,0.13809779286384583,,0.005253233481198549,,0.014429809525609016,,0.26121240854263306,,1.1218675374984741,,,,,,,,,,,,,,,,
2,1839,,0.08359763026237488,,0.0,,0.4479628801345825,,0.1704767346382141,,0.2895333170890808,,,0.25382107496261597,0.1314513236284256,,0.0341973602771759,,0.31070268154144287,,0.18624794483184814,,0.10887226462364197,,0.005406815558671951,,0.01193870510905981,,0.1704767346382141,,1.0230737924575806,,,,,,,,,,,,,,,,
2,1849,,0.0857807844877243,,0.0,,0.4492950737476349,,0.07752186805009842,,0.27602332830429077,,,0.29577013850212097,0.07624638825654984,,0.03159071132540703,,0.30407530069351196,,0.13607913255691528,,0.06684642285108566,,0.005196258891373873,,0.011905064806342125,,0.07752186805009842,,0.9141177535057068,,,,,,,,,,,,,,,,
2,1859,,0.06440214067697525,,0.0,,0.4301218092441559,,0.10702087730169296,,0.36439454555511475,,,0.26238059997558594,0.0455845482647419,,0.022369395941495895,,0.31435203552246094,,0.1503954827785492,,0.07450219988822937,,0.0038603940047323704,,0.01205954048782587,,0.10702087730169296,,0.931751549243927,,,,,,,,,,,,,,,,
2,1869,,0.08104339241981506,,0.0,,0.4324873387813568,,0.14137259125709534,,0.2886947691440582,,,0.27975645661354065,0.10856305807828903,,0.0507841482758522,,0.2842000722885132,,0.2651556432247162,,0.14159300923347473,,0.00617608055472374,,0.014231938868761063,,0.14137259125709534,,1.054145097732544,,,,,,,,,,,,,,,,
2,1879,,0.06697012484073639,,0.0,,0.43053773045539856,,0.13540306687355042,,0.23834508657455444,,,0.28957802057266235,0.07687577605247498,,0.036021389067173004,,0.3041168451309204,,0.16422858834266663,,0.09035142511129379,,0.0034470208920538425,,0.011066499166190624,,0.13540306687355042,,0.9290040135383606,,,,,,,,,,,,,,,,
2,1889,,0.09114007651805878,,0.0,,0.44539937376976013,,0.19665738940238953,,0.2383410632610321,,,0.29369255900382996,0.1299762725830078,,0.04062868654727936,,0.3167036771774292,,0.2548356354236603,,0.1392461359500885,,0.004396696574985981,,0.01410966832190752,,0.19665738940238953,,1.089618444442749,,,,,,,,,,,,,,,,
2,1899,,0.05754886567592621,,0.0,,0.4344402849674225,,0.15538738667964935,,0.2293093204498291,,,0.31305596232414246,0.09772433340549469,,0.0319603830575943,,0.2875216007232666,,0.11682826280593872,,0.06815209984779358,,0.005259346682578325,,0.011391544714570045,,0.15538738667964935,,0.9099854230880737,,,,,,,,,,,,,,,,
2,1909,,0.07884951680898666,,0.0,,0.4271690249443054,,0.09335142374038696,,0.24191579222679138,,,0.27288275957107544,0.1560666859149933,,0.04067067429423332,,0.31849610805511475,,0.13172589242458344,,0.06809757649898529,,0.004442841745913029,,0.011568997986614704,,0.09335142374038696,,0.9284031391143799,,,,,,,,,,,,,,,,
2,1919,,0.06976526230573654,,0.0,,0.44319555163383484,,0.08029669523239136,,0.29421550035476685,,,0.2827359437942505,0.0777534544467926,,0.0339285209774971,,0.3286479413509369,,0.18502888083457947,,0.09970710426568985,,0.00427741976454854,,0.01109455619007349,,0.08029669523239136,,0.9608707427978516,,,,,,,,,,,,,,,,
2,1929,,0.06897776573896408,,0.0,,0.4292253851890564,,0.045351024717092514,,0.23643611371517181,,,0.26681408286094666,0.17073173820972443,,0.0297267846763134,,0.30176717042922974,,0.11892350018024445,,0.05095544829964638,,0.003754787612706423,,0.010654606856405735,,0.045351024717092514,,0.8719865083694458,,,,,,,,,,,,,,,,
2,1939,,0.06717462837696075,,0.0,,0.4328366816043854,,0.12275157868862152,,0.2617057263851166,,,0.283402681350708,0.08625750243663788,,0.03504814952611923,,0.3075668513774872,,0.22624105215072632,,0.11221802979707718,,0.0053586410358548164,,0.013783050701022148,,0.12275157868862152,,0.9840637445449829,,,,,,,,,,,,,,,,
2,1949,,0.06718166172504425,,0.0,,0.4048548638820648,,0.13019110262393951,,0.27419760823249817,,,0.30864912271499634,0.12823714315891266,,0.044056110084056854,,0.306563138961792,,0.14564818143844604,,0.07988498359918594,,0.00528942933306098,,0.011921950615942478,,0.13019110262393951,,0.9592986106872559,,,,,,,,,,,,,,,,
2,1959,,0.0635962188243866,,0.0,,0.42652201652526855,,0.10246802121400833,,0.2957497835159302,,,0.2829854190349579,0.08120682090520859,,0.027228718623518944,,0.30604472756385803,,0.1366328001022339,,0.0730956494808197,,0.004512561950832605,,0.011010510846972466,,0.10246802121400833,,0.9110319018363953,,,,,,,,,,,,,,,,
2,1969,,0.0695531815290451,,0.0,,0.4455629289150238,,0.09068010747432709,,0.2985503077507019,,,0.26669806241989136,0.12803557515144348,,0.02865585684776306,,0.3137013614177704,,0.18527914583683014,,0.0862964540719986,,0.0047859917394816875,,0.01283702440559864,,0.09068010747432709,,0.971736490726471,,,,,,,,,,,,,,,,
2,1979,,0.06657581776380539,,0.0,,0.43634167313575745,,0.10887836664915085,,0.2565651535987854,,,0.24924977123737335,0.11261512339115143,,0.042372338473796844,,0.3032745122909546,,0.17568951845169067,,0.07848059386014938,,0.0064618452452123165,,0.013564283959567547,,0.10887836664915085,,0.9318166971206665,,,,,,,,,,,,,,,,
2,1989,,0.07058361172676086,,0.0,,0.43118375539779663,,0.12542128562927246,,0.3277081847190857,,,0.2933160066604614,0.14396247267723083,,0.04637497290968895,,0.29565849900245667,,0.1686590164899826,,0.08380106091499329,,0.00547510152682662,,0.013565446250140667,,0.12542128562927246,,1.0096373558044434,,,,,,,,,,,,,,,,
2,1999,,0.06941461563110352,,0.0,,0.41201698780059814,,0.23167651891708374,,0.2769104242324829,,,0.2648145258426666,0.1253271847963333,,0.03723899647593498,,0.2890411615371704,,0.21650591492652893,,0.12263132631778717,,0.007536939810961485,,0.015390992164611816,,0.23167651891708374,,1.0419483184814453,,,,,,,,,,,,,,,,
2,2009,,0.06410243362188339,,0.0,,0.39992401003837585,,0.10258734226226807,,0.26922333240509033,,,0.2823401093482971,0.07151701301336288,,0.03315425664186478,,0.3091123700141907,,0.13086441159248352,,0.06627942621707916,,0.0044191256165504456,,0.010438907891511917,,0.10258734226226807,,0.877200722694397,,,,,,,,,,,,,,,,
2,2019,,0.066057950258255,,0.0,,0.43710339069366455,,0.09143422544002533,,0.2978449761867523,,,0.30785083770751953,0.08152621984481812,,0.02602653205394745,,0.30734050273895264,,0.14322233200073242,,0.06818296015262604,,0.003988726995885372,,0.01121891662478447,,0.09143422544002533,,0.9265081882476807,,,,,,,,,,,,,,,,
2,2029,,0.0722099095582962,,0.0,,0.43114298582077026,,0.11674859374761581,,0.30800700187683105,,,0.2752709686756134,0.039431605488061905,,0.0266035757958889,,0.30721575021743774,,0.18755969405174255,,0.09073173254728317,,0.004331050906330347,,0.013102653436362743,,0.11674859374761581,,0.9427289962768555,,,,,,,,,,,,,,,,
2,2039,,0.08122187852859497,,0.0,,0.4180309772491455,,0.17637225985527039,,0.28993353247642517,,,0.2760380804538727,0.16012805700302124,,0.06579984724521637,,0.29500532150268555,,0.19820575416088104,,0.10970205813646317,,0.00410425802692771,,0.012042460031807423,,0.17637225985527039,,1.0493135452270508,,,,,,,,,,,,,,,,
2,2049,,0.06875671446323395,,0.0,,0.42355430126190186,,0.17194072902202606,,0.33585700392723083,,,0.2869405150413513,0.12538351118564606,,0.03944850713014603,,0.3100590705871582,,0.21946163475513458,,0.12698397040367126,,0.004438451491296291,,0.013184895738959312,,0.17194072902202606,,1.0695970058441162,,,,,,,,,,,,,,,,
2,2059,,0.0665702149271965,,0.0,,0.4184153378009796,,0.15658125281333923,,0.29869407415390015,,,0.2554685175418854,0.029957737773656845,,0.057013608515262604,,0.2842799425125122,,0.19298148155212402,,0.10733945667743683,,0.003904614131897688,,0.012373274192214012,,0.15658125281333923,,0.9479763507843018,,,,,,,,,,,,,,,,
2,2069,,0.0585133396089077,,0.0,,0.3947390019893646,,0.15876996517181396,,0.27593109011650085,,,0.25984176993370056,0.07247505336999893,,0.030135225504636765,,0.28978604078292847,,0.16017350554466248,,0.08260112255811691,,0.004715444054454565,,0.011336940340697765,,0.15876996517181396,,0.9051777124404907,,,,,,,,,,,,,,,,
2,2079,,0.07158451527357101,,0.0,,0.4258246421813965,,0.12640121579170227,,0.3222813606262207,,,0.31723830103874207,0.18456844985485077,,0.04437767714262009,,0.29779356718063354,,0.19549494981765747,,0.08808907866477966,,0.004453248810023069,,0.012712734751403332,,0.12640121579170227,,1.0517661571502686,,,,,,,,,,,,,,,,
2,2089,,0.06104200333356857,,0.0,,0.4239465296268463,,0.14086629450321198,,0.24869370460510254,,,0.2694837152957916,0.15839581191539764,,0.03737974911928177,,0.3038266599178314,,0.1533152461051941,,0.07934783399105072,,0.004626127891242504,,0.01232727151364088,,0.14086629450321198,,0.9527890682220459,,,,,,,,,,,,,,,,
2,2099,,0.0714268907904625,,0.0,,0.4422222375869751,,0.08305377513170242,,0.30408036708831787,,,0.288347452878952,0.04658837988972664,,0.028137637302279472,,0.30467650294303894,,0.09694439172744751,,0.055905673652887344,,0.003362343180924654,,0.00968566071242094,,0.08305377513170242,,0.8720585107803345,,,,,,,,,,,,,,,,
2,2109,,0.08724857866764069,,0.0,,0.4443736970424652,,0.14134734869003296,,0.3465014100074768,,,0.27237173914909363,0.056014906615018845,,0.04868466407060623,,0.2769646644592285,,0.1807173639535904,,0.09864435344934464,,0.0053364550694823265,,0.01245907787233591,,0.14134734869003296,,0.9915617108345032,,,,,,,,,,,,,,,,
2,2119,,0.0790838971734047,,0.0,,0.4149373769760132,,0.1369553804397583,,0.3012191355228424,,,0.26559942960739136,0.10166365653276443,,0.0388328842818737,,0.2857081890106201,,0.19983813166618347,,0.09806839376688004,,0.0036003089044243097,,0.011571469716727734,,0.1369553804397583,,0.9743249416351318,,,,,,,,,,,,,,,,
2,2129,,0.05690966174006462,,0.0,,0.39843249320983887,,0.17483848333358765,,0.24564416706562042,,,0.24630790948867798,0.04532286524772644,,0.030687570571899414,,0.30220797657966614,,0.23806434869766235,,0.13437068462371826,,0.004460460972040892,,0.01409664936363697,,0.17483848333358765,,0.9527199864387512,,,,,,,,,,,,,,,,
2,2139,,0.07921602576971054,,0.0,,0.42624378204345703,,0.10461324453353882,,0.28014275431632996,,,0.26282960176467896,0.09690005332231522,,0.03009643219411373,,0.3015115559101105,,0.19748555123806,,0.09750489145517349,,0.0040546804666519165,,0.01259320043027401,,0.10461324453353882,,0.9528924822807312,,,,,,,,,,,,,,,,
2,2149,,0.06371783465147018,,0.0,,0.41356146335601807,,0.1349593997001648,,0.2454419881105423,,,0.2597093880176544,0.11749280989170074,,0.03803562745451927,,0.26535534858703613,,0.16808679699897766,,0.08550552278757095,,0.005346488207578659,,0.01273493655025959,,0.1349593997001648,,0.9113412499427795,,,,,,,,,,,,,,,,
2,2159,,0.07526465505361557,,0.0,,0.4127763509750366,,0.1264166533946991,,0.2885792553424835,,,0.2628735601902008,0.08642265200614929,,0.03584756702184677,,0.278236985206604,,0.14059415459632874,,0.08682538568973541,,0.00546990754082799,,0.011251203715801239,,0.1264166533946991,,0.9109047055244446,,,,,,,,,,,,,,,,
2,2169,,0.0659654289484024,,0.0,,0.42331600189208984,,0.15816223621368408,,0.2890124022960663,,,0.2476261407136917,0.07371196895837784,,0.030614133924245834,,0.27850404381752014,,0.17148712277412415,,0.09650856256484985,,0.00607772171497345,,0.012571294791996479,,0.15816223621368408,,0.9330642223358154,,,,,,,,,,,,,,,,
2,2179,,0.07037948817014694,,0.0,,0.4236913025379181,,0.100396528840065,,0.2942188084125519,,,0.242575004696846,0.045655056834220886,,0.031372182071208954,,0.2895592153072357,,0.14596284925937653,,0.07257626205682755,,0.0029638404957950115,,0.010516386479139328,,0.100396528840065,,0.8701916337013245,,,,,,,,,,,,,,,,
2,2189,,0.07585816830396652,,0.0,,0.4295434057712555,,0.09391991049051285,,0.26580750942230225,,,0.257102370262146,0.1309150904417038,,0.028796520084142685,,0.265485942363739,,0.13829255104064941,,0.07165052741765976,,0.0033642880152910948,,0.010986590757966042,,0.09391991049051285,,0.8913547396659851,,,,,,,,,,,,,,,,
2,2199,,0.06371967494487762,,0.0,,0.4158105254173279,,0.1225557029247284,,0.2917648255825043,,,0.20424336194992065,0.10361066460609436,,0.025016574189066887,,0.28988930583000183,,0.20803673565387726,,0.09882909059524536,,0.00380589347332716,,0.012793454341590405,,0.1225557029247284,,0.9264346361160278,,,,,,,,,,,,,,,,
2,2209,,0.07336752116680145,,0.0,,0.4176827371120453,,0.11463205516338348,,0.272971510887146,,,0.27371901273727417,0.12104159593582153,,0.04714052006602287,,0.2955617308616638,,0.1492733657360077,,0.08444881439208984,,0.003916020505130291,,0.011690359562635422,,0.11463205516338348,,0.9385678768157959,,,,,,,,,,,,,,,,
2,2219,,0.061494119465351105,,0.0,,0.4088478088378906,,0.1453612893819809,,0.25022566318511963,,,0.3112204670906067,0.06474792212247849,,0.038748160004615784,,0.2846684455871582,,0.20771396160125732,,0.09448643773794174,,0.00490895239636302,,0.01294881384819746,,0.1453612893819809,,0.9491603970527649,,,,,,,,,,,,,,,,
2,2229,,0.06289664655923843,,0.0,,0.4040777385234833,,0.11811773478984833,,0.28210926055908203,,,0.32753902673721313,0.052411772310733795,,0.04230321943759918,,0.29972001910209656,,0.1669348180294037,,0.08364183455705643,,0.0035209155175834894,,0.0114672239869833,,0.11811773478984833,,0.9331037998199463,,,,,,,,,,,,,,,,
2,2239,,0.060008637607097626,,0.0,,0.40732359886169434,,0.1825001984834671,,0.2714945077896118,,,0.281324565410614,0.04670792818069458,,0.02861621230840683,,0.31686925888061523,,0.19349360466003418,,0.11601490527391434,,0.0051421551033854485,,0.014123412780463696,,0.1825001984834671,,0.9688712358474731,,,,,,,,,,,,,,,,
2,2249,,0.06613576412200928,,0.0,,0.42544400691986084,,0.10460110753774643,,0.2613864839076996,,,0.2860328257083893,0.13750134408473969,,0.025753136724233627,,0.291469007730484,,0.1290842592716217,,0.05717466399073601,,0.004040178842842579,,0.010002868250012398,,0.10460110753774643,,0.9043141603469849,,,,,,,,,,,,,,,,
2,2259,,0.07453276216983795,,0.0,,0.4083139896392822,,0.1017208993434906,,0.29192647337913513,,,0.2786443829536438,0.09944538027048111,,0.02991720661520958,,0.3012068271636963,,0.1189582496881485,,0.06881587207317352,,0.00420399708673358,,0.010376698337495327,,0.1017208993434906,,0.8992196917533875,,,,,,,,,,,,,,,,
2,2269,,0.055928923189640045,,0.0,,0.42341646552085876,,0.17517048120498657,,0.22781285643577576,,,0.27673837542533875,0.14609141647815704,,0.032503530383110046,,0.2800567150115967,,0.1953354775905609,,0.10529965162277222,,0.005814549047499895,,0.013433657586574554,,0.17517048120498657,,0.9755178689956665,,,,,,,,,,,,,,,,
2,2279,,0.05671165883541107,,0.0,,0.3996216654777527,,0.1246022880077362,,0.2638287842273712,,,0.2360728234052658,0.08358412981033325,,0.01930324360728264,,0.279019832611084,,0.15672186017036438,,0.07589524984359741,,0.004816999658942223,,0.011742348782718182,,0.1246022880077362,,0.861831545829773,,,,,,,,,,,,,,,,
2,2289,,0.08312786370515823,,0.0,,0.4450954794883728,,0.15588130056858063,,0.27148544788360596,,,0.28642067313194275,0.15733717381954193,,0.03703993186354637,,0.29992997646331787,,0.18297620117664337,,0.09965620934963226,,0.004986484069377184,,0.011939933523535728,,0.15588130056858063,,1.0239083766937256,,,,,,,,,,,,,,,,
2,2299,,0.05474168062210083,,0.0,,0.41268646717071533,,0.09425818920135498,,0.2892840504646301,,,0.2378988265991211,0.0961260199546814,,0.031454917043447495,,0.28549858927726746,,0.15456314384937286,,0.10178472846746445,,0.0037117451429367065,,0.010887784883379936,,0.09425818920135498,,0.8918920159339905,,,,,,,,,,,,,,,,
2,2309,,0.05972392112016678,,0.0,,0.40366247296333313,,0.08012369275093079,,0.2346513867378235,,,0.2489771544933319,0.11466268450021744,,0.03402600809931755,,0.2752891778945923,,0.10015418380498886,,0.052454620599746704,,0.00362957501783967,,0.009888843633234501,,0.08012369275093079,,0.8135662078857422,,,,,,,,,,,,,,,,
2,2319,,0.06690992414951324,,0.0,,0.40258440375328064,,0.1075819656252861,,0.24347731471061707,,,0.24481895565986633,0.08125577121973038,,0.037401508539915085,,0.2742505371570587,,0.0999588668346405,,0.053115129470825195,,0.004764879122376442,,0.011011901311576366,,0.1075819656252861,,0.8190715909004211,,,,,,,,,,,,,,,,
2,2329,,0.07146833837032318,,0.0,,0.4241582751274109,,0.21275800466537476,,0.2609182596206665,,,0.2873415946960449,0.08998988568782806,,0.028136787936091423,,0.2919539213180542,,0.24455107748508453,,0.13335251808166504,,0.0047726319171488285,,0.012814977206289768,,0.21275800466537476,,1.037515640258789,,,,,,,,,,,,,,,,
2,2339,,0.05720541626214981,,0.0,,0.40780386328697205,,0.19796383380889893,,0.28103533387184143,,,0.2715059220790863,0.09926287084817886,,0.03891076147556305,,0.2777628004550934,,0.1483697146177292,,0.09344065189361572,,0.005955346394330263,,0.013278908096253872,,0.19796383380889893,,0.9528871178627014,,,,,,,,,,,,,,,,
2,2349,,0.0681501030921936,,0.0,,0.41587889194488525,,0.07623329758644104,,0.29101431369781494,,,0.2638963460922241,0.05280037224292755,,0.025763845071196556,,0.2777414619922638,,0.1346665918827057,,0.06103838235139847,,0.003768193069845438,,0.011071785353124142,,0.07623329758644104,,0.8465477228164673,,,,,,,,,,,,,,,,
2,2359,,0.0663892850279808,,0.0,,0.41251158714294434,,0.10752938687801361,,0.3105893135070801,,,0.2615180015563965,0.08615907281637192,,0.03662740811705589,,0.25873517990112305,,0.22224608063697815,,0.09697428345680237,,0.005727598909288645,,0.012481325305998325,,0.10752938687801361,,0.9449849724769592,,,,,,,,,,,,,,,,
2,2369,,0.057978250086307526,,0.0,,0.4210948050022125,,0.14927548170089722,,0.258994996547699,,,0.315460205078125,0.07626918703317642,,0.028874119743704796,,0.2755325734615326,,0.2226899266242981,,0.10418801009654999,,0.005657915957272053,,0.012742539867758751,,0.14927548170089722,,0.9707502126693726,,,,,,,,,,,,,,,,
2,2379,,0.08148235082626343,,0.0,,0.42955780029296875,,0.10344840586185455,,0.23293879628181458,,,0.2666586637496948,0.049857400357723236,,0.03489939495921135,,0.26627612113952637,,0.16240161657333374,,0.0778045505285263,,0.0042213271372020245,,0.011388844810426235,,0.10344840586185455,,0.8661620616912842,,,,,,,,,,,,,,,,
2,2389,,0.060607947409152985,,0.0,,0.40346404910087585,,0.15069708228111267,,0.32808810472488403,,,0.26576176285743713,0.056744277477264404,,0.028867751359939575,,0.29746147990226746,,0.22178444266319275,,0.1103426143527031,,0.0051325419917702675,,0.012127997353672981,,0.15069708228111267,,0.9766041040420532,,,,,,,,,,,,,,,,
2,2399,,0.06165551766753197,,0.0,,0.4063875675201416,,0.14294104278087616,,0.29180389642715454,,,0.24405673146247864,0.0980231761932373,,0.03320951759815216,,0.2708085775375366,,0.1364603340625763,,0.07205460965633392,,0.005354721564799547,,0.011459403671324253,,0.14294104278087616,,0.8928372859954834,,,,,,,,,,,,,,,,
2,2409,,0.07545818388462067,,0.0,,0.410346657037735,,0.12475081533193588,,0.27147501707077026,,,0.22262553870677948,0.07283298671245575,,0.04473818093538284,,0.28092169761657715,,0.1530073881149292,,0.07659301161766052,,0.005395225714892149,,0.012698778882622719,,0.12475081533193588,,0.8817710280418396,,,,,,,,,,,,,,,,
2,2419,,0.0720829889178276,,0.0,,0.4188935458660126,,0.11396179348230362,,0.27459561824798584,,,0.27145782113075256,0.048037219792604446,,0.02659243904054165,,0.2676769196987152,,0.13619403541088104,,0.07677849382162094,,0.0036468326579779387,,0.00932989176362753,,0.11396179348230362,,0.8642887473106384,,,,,,,,,,,,,,,,
2,2429,,0.04444507509469986,,0.0,,0.4006136655807495,,0.1497262716293335,,0.2939443588256836,,,0.24220217764377594,0.06633847951889038,,0.028318962082266808,,0.26788443326950073,,0.20714929699897766,,0.10589218139648438,,0.0041626025922596455,,0.012238381430506706,,0.1497262716293335,,0.9175770878791809,,,,,,,,,,,,,,,,
2,2439,,0.05346027761697769,,0.0,,0.39844539761543274,,0.14172126352787018,,0.2554672360420227,,,0.2840562164783478,0.06620842963457108,,0.02899075299501419,,0.27360424399375916,,0.19078318774700165,,0.09641112387180328,,0.005873644724488258,,0.01456547062844038,,0.14172126352787018,,0.9120763540267944,,,,,,,,,,,,,,,,
2,2449,,0.06310354918241501,,0.0,,0.40886929631233215,,0.05921617150306702,,0.23739121854305267,,,0.23936578631401062,0.0928371250629425,,0.024047985672950745,,0.25306475162506104,,0.08130458742380142,,0.03859734907746315,,0.0032988872844725847,,0.008510438725352287,,0.05921617150306702,,0.7590587139129639,,,,,,,,,,,,,,,,
2,2459,,0.07010824233293533,,0.0,,0.4012349843978882,,0.11688011884689331,,0.2294904738664627,,,0.26035982370376587,0.062026675790548325,,0.04010966047644615,,0.2747897803783417,,0.09259592741727829,,0.06642218679189682,,0.0034112052526324987,,0.008798463270068169,,0.11688011884689331,,0.8175129890441895,,,,,,,,,,,,,,,,
2,2469,,0.06448707729578018,,0.0,,0.3851511776447296,,0.15255111455917358,,0.24499225616455078,,,0.2534072995185852,0.06529363989830017,,0.03392887860536575,,0.2885192036628723,,0.22031231224536896,,0.09862459450960159,,0.004772479645907879,,0.013117148540914059,,0.15255111455917358,,0.9191372394561768,,,,,,,,,,,,,,,,
2,2479,,0.04517509788274765,,0.0,,0.38142532110214233,,0.0843701958656311,,0.2505698800086975,,,0.26914748549461365,0.058777689933776855,,0.025367606431245804,,0.2757425010204315,,0.09494820237159729,,0.048814576119184494,,0.0038115140050649643,,0.009569047018885612,,0.0843701958656311,,0.7786440253257751,,,,,,,,,,,,,,,,
2,2489,,0.05020773038268089,,0.0,,0.3770953416824341,,0.06515033543109894,,0.22095626592636108,,,0.22285573184490204,0.02546386979520321,,0.028860364109277725,,0.2884668707847595,,0.09600813686847687,,0.04836641624569893,,0.0031241101678460836,,0.010117359459400177,,0.06515033543109894,,0.7233949303627014,,,,,,,,,,,,,,,,
2,2499,,0.04540938138961792,,0.0,,0.4066731929779053,,0.09461551159620285,,0.24205884337425232,,,0.25900572538375854,0.04577409848570824,,0.03063233010470867,,0.26872140169143677,,0.1466023474931717,,0.0761958658695221,,0.004592757672071457,,0.010652413591742516,,0.09461551159620285,,0.8207931518554688,,,,,,,,,,,,,,,,
2,2509,,0.0488838329911232,,0.0,,0.4047767221927643,,0.1436576545238495,,0.259057879447937,,,0.2631101608276367,0.09008045494556427,,0.025889789685606956,,0.2680419981479645,,0.18648166954517365,,0.09497406333684921,,0.005070671439170837,,0.012560723349452019,,0.1436576545238495,,0.9075732231140137,,,,,,,,,,,,,,,,
2,2519,,0.06011856719851494,,0.0,,0.42640990018844604,,0.17250387370586395,,0.3274744749069214,,,0.24008291959762573,0.10868527740240097,,0.030287325382232666,,0.2837335765361786,,0.243424192070961,,0.10630737990140915,,0.005457913503050804,,0.014583087526261806,,0.17250387370586395,,1.0168256759643555,,,,,,,,,,,,,,,,
2,2529,,0.0560436025261879,,0.0,,0.3999934494495392,,0.08261869847774506,,0.2807047963142395,,,0.2805511951446533,0.10256194323301315,,0.03013070486485958,,0.2650134563446045,,0.1284506767988205,,0.05749848112463951,,0.005814661737531424,,0.012059224769473076,,0.08261869847774506,,0.8567500114440918,,,,,,,,,,,,,,,,
2,2534,,,,,,,,,,,,,,,,,,,,,,,,,,,,,,,,0.08644294738769531,0.0,0.4496605396270752,0.4553391635417938,0.25403258204460144,0.2222091108560562,0.27146369218826294,0.04832206666469574,0.3140028417110443,0.76760333776474,0.4088633358478546,0.00529054319486022,0.027681248262524605,0.4553391635417938,1.669296145439148
2,2534,0.06888405978679657,,0.0,,0.42320191860198975,,0.132393941283226,,0.28234022855758667,,0.09957403689622879,0.27626797556877136,,,0.03559111803770065,,0.2982609272003174,,0.17004959285259247,,0.09049880504608154,,0.00473891431465745,,0.012148281559348106,,0.132393941283226,,0.953048825263977,,0.2516312897205353,,,,,,,,,,,,,,,
3,2539,,0.041201651096343994,,0.0,,0.3912903070449829,,0.04176696389913559,,0.24500010907649994,,,0.2506069540977478,0.04212125763297081,,0.023486215621232986,,0.26367640495300293,,0.08055518567562103,,0.037657350301742554,,0.0033536404371261597,,0.008457731455564499,,0.04176696389913559,,0.718815803527832,,,,,,,,,,,,,,,,
3,2549,,0.05997398495674133,,0.0,,0.38923612236976624,,0.0734102874994278,,0.25454702973365784,,,0.2547588348388672,0.0427846722304821,,0.03096875175833702,,0.2787310481071472,,0.09519271552562714,,0.04884639009833336,,0.003555585630238056,,0.0091172456741333,,0.0734102874994278,,0.7751199007034302,,,,,,,,,,,,,,,,
3,2559,,0.06390939652919769,,0.0,,0.4001772403717041,,0.11694490164518356,,0.2622101306915283,,,0.2259887307882309,0.10157252103090286,,0.024943016469478607,,0.25708138942718506,,0.1379109025001526,,0.07002876698970795,,0.004478283226490021,,0.010302293114364147,,0.11694490164518356,,0.8429250121116638,,,,,,,,,,,,,,,,
3,2569,,0.059409089386463165,,0.0,,0.39235007762908936,,0.2090439349412918,,0.24576933681964874,,,0.25812506675720215,0.12964674830436707,,0.02420007437467575,,0.27447670698165894,,0.1610991507768631,,0.09953214228153229,,0.005122492089867592,,0.012372476980090141,,0.2090439349412918,,0.9417599439620972,,,,,,,,,,,,,,,,
3,2579,,0.0469495914876461,,0.0,,0.3778511583805084,,0.11120587587356567,,0.2938231825828552,,,0.2760477066040039,0.14243845641613007,,0.02521556429564953,,0.25949275493621826,,0.13583321869373322,,0.0825464203953743,,0.0038499091751873493,,0.011253884062170982,,0.11120587587356567,,0.8888807892799377,,,,,,,,,,,,,,,,
3,2589,,0.052641525864601135,,0.0,,0.38919180631637573,,0.0829751119017601,,0.2941208481788635,,,0.27808916568756104,0.08151693642139435,,0.027069708332419395,,0.26151514053344727,,0.1474021077156067,,0.08029510825872421,,0.003769587492570281,,0.010122912935912609,,0.0829751119017601,,0.8594163656234741,,,,,,,,,,,,,,,,
3,2599,,0.06273403763771057,,0.0,,0.41124793887138367,,0.070191390812397,,0.2391570806503296,,,0.24183115363121033,0.02968934364616871,,0.027116499841213226,,0.2689100503921509,,0.10299982130527496,,0.05296487733721733,,0.0038277797866612673,,0.010653151199221611,,0.070191390812397,,0.7659881711006165,,,,,,,,,,,,,,,,
3,2609,,0.05053601413965225,,0.0,,0.3754090368747711,,0.07878745347261429,,0.23574590682983398,,,0.2329310178756714,0.02917119488120079,,0.022351672872900963,,0.2751616835594177,,0.13259078562259674,,0.06477665901184082,,0.004242099355906248,,0.010804098099470139,,0.07878745347261429,,0.761655867099762,,,,,,,,,,,,,,,,
3,2619,,0.04673151299357414,,0.0,,0.37404927611351013,,0.05922224000096321,,0.23477783799171448,,,0.22686982154846191,0.040128156542778015,,0.018230941146612167,,0.2685026526451111,,0.06811052560806274,,0.03743791952729225,,0.0037032233085483313,,0.008953290060162544,,0.05922224000096321,,0.6978353261947632,,,,,,,,,,,,,,,,
3,2629,,0.07088664919137955,,0.0,,0.40520575642585754,,0.06346512585878372,,0.2534959316253662,,,0.2521574795246124,0.06078445166349411,,0.0311749167740345,,0.2538536787033081,,0.1298079937696457,,0.061642590910196304,,0.0035809881519526243,,0.010224561206996441,,0.06346512585878372,,0.8032523989677429,,,,,,,,,,,,,,,,
3,2639,,0.056950464844703674,,0.0,,0.40843844413757324,,0.24044273793697357,,0.27821093797683716,,,0.27828502655029297,0.1239624097943306,,0.030391573905944824,,0.25488150119781494,,0.11518518626689911,,0.08655904978513718,,0.004657242447137833,,0.010653140023350716,,0.24044273793697357,,0.94963538646698,,,,,,,,,,,,,,,,
3,2649,,0.046101972460746765,,0.0,,0.3782948851585388,,0.11151611059904099,,0.28959596157073975,,,0.21534931659698486,0.08538223057985306,,0.03277129679918289,,0.26851171255111694,,0.08973768353462219,,0.04520514979958534,,0.0043855044059455395,,0.009534863755106926,,0.11151611059904099,,0.7929607033729553,,,,,,,,,,,,,,,,
3,2659,,0.053773194551467896,,0.0,,0.38444703817367554,,0.14538541436195374,,0.23352444171905518,,,0.24533109366893768,0.07188370078802109,,0.04459754377603531,,0.28649067878723145,,0.18569952249526978,,0.10078989714384079,,0.004424878396093845,,0.011402679607272148,,0.14538541436195374,,0.8895763754844666,,,,,,,,,,,,,,,,
3,2669,,0.05602698028087616,,0.0,,0.3891794681549072,,0.04362696409225464,,0.23815180361270905,,,0.24284544587135315,0.06938910484313965,,0.022632649168372154,,0.2536698579788208,,0.08014510571956635,,0.036716606467962265,,0.003925826400518417,,0.01006996352225542,,0.04362696409225464,,0.7282248139381409,,,,,,,,,,,,,,,,
3,2679,,0.06889818608760834,,0.0,,0.4104865789413452,,0.03228386491537094,,0.26507508754730225,,,0.274364709854126,0.036858633160591125,,0.030759476125240326,,0.2511987090110779,,0.08341385424137115,,0.035183150321245193,,0.003457781160250306,,0.008360136300325394,,0.03228386491537094,,0.7543501853942871,,,,,,,,,,,,,,,,
3,2689,,0.06391827017068863,,0.0,,0.4097650945186615,,0.050370242446660995,,0.2954685091972351,,,0.21625131368637085,0.05801388621330261,,0.02672470733523369,,0.2830360531806946,,0.11934255063533783,,0.05763624235987663,,0.004061885643750429,,0.010691885836422443,,0.050370242446660995,,0.8029862642288208,,,,,,,,,,,,,,,,
3,2699,,0.046784427016973495,,0.0,,0.36443814635276794,,0.08216595649719238,,0.21905170381069183,,,0.25967544317245483,0.03542543575167656,,0.019702468067407608,,0.2643916606903076,,0.08321915566921234,,0.04195813834667206,,0.003823366714641452,,0.008909785188734531,,0.08216595649719238,,0.7192277312278748,,,,,,,,,,,,,,,,
3,2709,,0.060389917343854904,,0.0,,0.3894241452217102,,0.10705184936523438,,0.338437557220459,,,0.25535741448402405,0.05004066973924637,,0.021479565650224686,,0.26391011476516724,,0.09064938127994537,,0.04421783238649368,,0.003947251010686159,,0.00959138385951519,,0.10705184936523438,,0.8220442533493042,,,,,,,,,,,,,,,,
3,2719,,0.057743169367313385,,0.0,,0.40281248092651367,,0.0627506822347641,,0.25861579179763794,,,0.26077941060066223,0.046798136085271835,,0.021210163831710815,,0.2497512400150299,,0.07987291365861893,,0.03894985839724541,,0.003908652812242508,,0.00944562628865242,,0.0627506822347641,,0.7510418891906738,,,,,,,,,,,,,,,,
3,2729,,0.04262284189462662,,0.0,,0.3859306871891022,,0.15136399865150452,,0.2782471179962158,,,0.2518214285373688,0.09779919683933258,,0.024119030684232712,,0.247659832239151,,0.19925566017627716,,0.10847975313663483,,0.0046913474798202515,,0.012847328558564186,,0.15136399865150452,,0.9088427424430847,,,,,,,,,,,,,,,,
3,2739,,0.06154409795999527,,0.0,,0.38886207342147827,,0.10035555809736252,,0.2551615238189697,,,0.25098368525505066,0.05698126181960106,,0.024035602807998657,,0.24999050796031952,,0.116337351500988,,0.053929805755615234,,0.004788670688867569,,0.01078477967530489,,0.10035555809736252,,0.7922698259353638,,,,,,,,,,,,,,,,
3,2749,,0.04522097855806351,,0.0,,0.36903777718544006,,0.07380896061658859,,0.32163697481155396,,,0.26188892126083374,0.056663792580366135,,0.026471352204680443,,0.25808265805244446,,0.10342803597450256,,0.051856834441423416,,0.0038129412569105625,,0.010537740774452686,,0.07380896061658859,,0.7964923977851868,,,,,,,,,,,,,,,,
3,2759,,0.0643131211400032,,0.0,,0.4049769937992096,,0.06766705960035324,,0.29840993881225586,,,0.20451758801937103,0.07512839883565903,,0.020056631416082382,,0.26670753955841064,,0.09699910134077072,,0.047913577407598495,,0.004120431374758482,,0.009522904641926289,,0.06766705960035324,,0.7849280834197998,,,,,,,,,,,,,,,,
3,2769,,0.05296703428030014,,0.0,,0.39819034934043884,,0.13090896606445312,,0.28964510560035706,,,0.2725217938423157,0.05422592908143997,,0.02104365825653076,,0.292502760887146,,0.21357694268226624,,0.08688723295927048,,0.004759631119668484,,0.011771486140787601,,0.13090896606445312,,0.9203861951828003,,,,,,,,,,,,,,,,
3,2779,,0.047575049102306366,,0.0,,0.38690468668937683,,0.08783139288425446,,0.3003010153770447,,,0.2152179628610611,0.05822589248418808,,0.02344595454633236,,0.25449666380882263,,0.1389039158821106,,0.06877274066209793,,0.0053626312874257565,,0.010240110568702221,,0.08783139288425446,,0.8037590980529785,,,,,,,,,,,,,,,,
3,2789,,0.05264114961028099,,0.0,,0.37359118461608887,,0.04749482125043869,,0.27802571654319763,,,0.22870159149169922,0.07093100994825363,,0.025001754984259605,,0.23456469178199768,,0.07522451877593994,,0.03297439217567444,,0.003984656650573015,,0.009211027063429356,,0.04749482125043869,,0.7207787036895752,,,,,,,,,,,,,,,,
3,2799,,0.03896518051624298,,0.0,,0.392275869846344,,0.08414113521575928,,0.263461172580719,,,0.24072237312793732,0.06336703151464462,,0.01931116357445717,,0.26946377754211426,,0.11606833338737488,,0.06099057197570801,,0.004137719981372356,,0.010547317564487457,,0.08414113521575928,,0.7869995832443237,,,,,,,,,,,,,,,,
3,2809,,0.03920779004693031,,0.0,,0.37255439162254333,,0.05699639394879341,,0.26010704040527344,,,0.2334354668855667,0.028918027877807617,,0.01794874295592308,,0.25965094566345215,,0.09436061978340149,,0.047117844223976135,,0.004511003382503986,,0.009497669525444508,,0.05699639394879341,,0.7169017791748047,,,,,,,,,,,,,,,,
3,2819,,0.059098705649375916,,0.0,,0.38307619094848633,,0.05204935744404793,,0.23712873458862305,,,0.22207629680633545,0.08133486658334732,,0.0307733416557312,,0.26589956879615784,,0.1266573667526245,,0.062051936984062195,,0.004460345022380352,,0.010070094838738441,,0.05204935744404793,,0.772373378276825,,,,,,,,,,,,,,,,
3,2829,,0.04051192104816437,,0.0,,0.3878839612007141,,0.036555975675582886,,0.25800812244415283,,,0.2660478353500366,0.07242459058761597,,0.019384518265724182,,0.2621927857398987,,0.07350124418735504,,0.03489697724580765,,0.003996534273028374,,0.008830379694700241,,0.036555975675582886,,0.7365325093269348,,,,,,,,,,,,,,,,
3,2839,,0.041633475571870804,,0.0,,0.3925407826900482,,0.08451570570468903,,0.23934558033943176,,,0.2512234151363373,0.07830631732940674,,0.02157909981906414,,0.24970054626464844,,0.10878238826990128,,0.05816921591758728,,0.004815259482711554,,0.009910092689096928,,0.08451570570468903,,0.7752160429954529,,,,,,,,,,,,,,,,
3,2849,,0.05273272842168808,,0.0,,0.3689746856689453,,0.05423947423696518,,0.2854935824871063,,,0.21946673095226288,0.029534585773944855,,0.025907814502716064,,0.2474302053451538,,0.09976773709058762,,0.046395737677812576,,0.0036928837653249502,,0.009288829751312733,,0.05423947423696518,,0.7261068224906921,,,,,,,,,,,,,,,,
3,2859,,0.04598596319556236,,0.0,,0.38880613446235657,,0.07683463394641876,,0.3191821277141571,,,0.23507410287857056,0.06138317286968231,,0.020500242710113525,,0.23819474875926971,,0.12307494878768921,,0.05796738713979721,,0.0037962025962769985,,0.009111011400818825,,0.07683463394641876,,0.7945108413696289,,,,,,,,,,,,,,,,
3,2869,,0.04958930239081383,,0.0,,0.36626651883125305,,0.05129920691251755,,0.2510627210140228,,,0.2284606248140335,0.05095220357179642,,0.021368373185396194,,0.2567395269870758,,0.16519281268119812,,0.049403924494981766,,0.004488608334213495,,0.010751512832939625,,0.05129920691251755,,0.7581633925437927,,,,,,,,,,,,,,,,
3,2879,,0.05236653611063957,,0.0,,0.39929360151290894,,0.036869585514068604,,0.23860998451709747,,,0.24911759793758392,0.0537135973572731,,0.024799436330795288,,0.2554205358028412,,0.08899905532598495,,0.04189823940396309,,0.004015758167952299,,0.009827121160924435,,0.036869585514068604,,0.7323790788650513,,,,,,,,,,,,,,,,
3,2889,,0.05026460066437721,,0.0,,0.38422152400016785,,0.12528936564922333,,0.2829517722129822,,,0.22300362586975098,0.031216580420732498,,0.021281078457832336,,0.2496272176504135,,0.17654722929000854,,0.0846281424164772,,0.00392894446849823,,0.010771337896585464,,0.12528936564922333,,0.8272513747215271,,,,,,,,,,,,,,,,
3,2899,,0.03958911448717117,,0.0,,0.37747475504875183,,0.020667873322963715,,0.23709401488304138,,,0.2689797878265381,0.014724671840667725,,0.01875033788383007,,0.22906270623207092,,0.03294918313622475,,0.016422268003225327,,0.0023614782840013504,,0.006012212950736284,,0.020667873322963715,,0.6350502967834473,,,,,,,,,,,,,,,,
3,2909,,0.04020041972398758,,0.0,,0.3645794093608856,,0.04230947047472,,0.24362781643867493,,,0.23183903098106384,0.07743587344884872,,0.029663488268852234,,0.26112449169158936,,0.07971031963825226,,0.03532813861966133,,0.003246194450184703,,0.009148845449090004,,0.04230947047472,,0.7136812210083008,,,,,,,,,,,,,,,,
3,2919,,0.046398814767599106,,0.0,,0.38294628262519836,,0.043605685234069824,,0.2553940415382385,,,0.2648751735687256,0.03632802516222,,0.021561872214078903,,0.2424771636724472,,0.08311066776514053,,0.04229436442255974,,0.0033533533569425344,,0.008711250498890877,,0.043605685234069824,,0.7198840379714966,,,,,,,,,,,,,,,,
3,2929,,0.07113863527774811,,0.0,,0.4058140516281128,,0.07066735625267029,,0.22969727218151093,,,0.2450747787952423,0.052294716238975525,,0.022634703665971756,,0.27188602089881897,,0.153799906373024,,0.07083626836538315,,0.004591531585901976,,0.011201709508895874,,0.07066735625267029,,0.8104193806648254,,,,,,,,,,,,,,,,
3,2939,,0.045523472130298615,,0.0,,0.3688889145851135,,0.03321394324302673,,0.25300368666648865,,,0.24245457351207733,0.043740708380937576,,0.015608536079525948,,0.24547934532165527,,0.09030581265687943,,0.031119121238589287,,0.004457216244190931,,0.007987978868186474,,0.03321394324302673,,0.6948856711387634,,,,,,,,,,,,,,,,
3,2949,,0.04031108319759369,,0.0,,0.3725876808166504,,0.07831530272960663,,0.2779085636138916,,,0.23704686760902405,0.07164495438337326,,0.025211593136191368,,0.24523743987083435,,0.10740944743156433,,0.05077599361538887,,0.0037458634469658136,,0.00973152369260788,,0.07831530272960663,,0.7648289799690247,,,,,,,,,,,,,,,,
3,2959,,0.045679107308387756,,0.0,,0.3854917883872986,,0.06057055667042732,,0.30860739946365356,,,0.23905880749225616,0.03965708613395691,,0.0220732893794775,,0.2730289101600647,,0.11507759243249893,,0.0720403864979744,,0.0032105923164635897,,0.01042893622070551,,0.06057055667042732,,0.7926767468452454,,,,,,,,,,,,,,,,
3,2969,,0.06629456579685211,,0.0,,0.390332967042923,,0.07486017048358917,,0.23865720629692078,,,0.22139884531497955,0.05685574188828468,,0.025236641988158226,,0.25346672534942627,,0.1528167575597763,,0.06437331438064575,,0.004913065582513809,,0.011109339073300362,,0.07486017048358917,,0.7857123613357544,,,,,,,,,,,,,,,,
3,2979,,0.05582854896783829,,0.0,,0.3832499086856842,,0.06589256227016449,,0.2629010081291199,,,0.23105020821094513,0.02999945543706417,,0.02194594405591488,,0.2551424503326416,,0.10816444456577301,,0.054457955062389374,,0.00517331063747406,,0.010089174844324589,,0.06589256227016449,,0.7469921112060547,,,,,,,,,,,,,,,,
3,2989,,0.0475747212767601,,0.0,,0.3711179792881012,,0.10661514848470688,,0.23160290718078613,,,0.22898215055465698,0.11117078363895416,,0.026599667966365814,,0.2398516833782196,,0.14162205159664154,,0.07809261232614517,,0.005197734106332064,,0.01072464045137167,,0.10661514848470688,,0.8049383163452148,,,,,,,,,,,,,,,,
3,2999,,0.04847602918744087,,0.0,,0.37271642684936523,,0.054768119007349014,,0.31096839904785156,,,0.24757325649261475,0.07917758077383041,,0.019512472674250603,,0.2560269236564636,,0.13712643086910248,,0.06451615691184998,,0.003812811803072691,,0.010776199400424957,,0.054768119007349014,,0.8081135153770447,,,,,,,,,,,,,,,,
3,3009,,0.041352562606334686,,0.0,,0.3581997752189636,,0.03460182249546051,,0.2532349228858948,,,0.21797698736190796,0.026150401681661606,,0.020332958549261093,,0.26313936710357666,,0.07709470391273499,,0.03243231028318405,,0.003065371187403798,,0.008335435763001442,,0.03460182249546051,,0.6721259355545044,,,,,,,,,,,,,,,,
3,3019,,0.04617658257484436,,0.0,,0.3618651330471039,,0.0532878041267395,,0.26263171434402466,,,0.23009110987186432,0.04603183642029762,,0.02517041191458702,,0.26623302698135376,,0.11836636066436768,,0.057242393493652344,,0.004459604155272245,,0.010037937201559544,,0.0532878041267395,,0.7458159327507019,,,,,,,,,,,,,,,,
3,3029,,0.04177084192633629,,0.0,,0.3794838488101959,,0.06952603161334991,,0.30745363235473633,,,0.22104226052761078,0.024984443560242653,,0.025457164272665977,,0.2546030282974243,,0.1408381462097168,,0.09066750109195709,,0.0036288280971348286,,0.009242036379873753,,0.06952603161334991,,0.7889699339866638,,,,,,,,,,,,,,,,
3,3039,,0.04977782815694809,,0.0,,0.3709363639354706,,0.04814739525318146,,0.23678329586982727,,,0.2389494627714157,0.056025728583335876,,0.022450393065810204,,0.24320434033870697,,0.09297634661197662,,0.0463162325322628,,0.0027346457354724407,,0.009078381583094597,,0.04814739525318146,,0.7132293581962585,,,,,,,,,,,,,,,,
3,3049,,0.040444616228342056,,0.0,,0.35251858830451965,,0.09997332841157913,,0.28675535321235657,,,0.21126657724380493,0.034194134175777435,,0.021604901179671288,,0.23125523328781128,,0.09127214550971985,,0.048344649374485016,,0.003301596501842141,,0.008733123540878296,,0.09997332841157913,,0.7191987037658691,,,,,,,,,,,,,,,,
3,3059,,0.050139885395765305,,0.0,,0.3937276005744934,,0.0579780638217926,,0.27495497465133667,,,0.23028163611888885,0.056331150233745575,,0.027181532233953476,,0.2636551260948181,,0.11406674981117249,,0.05438469722867012,,0.004387700464576483,,0.010101997293531895,,0.0579780638217926,,0.7736464738845825,,,,,,,,,,,,,,,,
3,3069,,0.0500381700694561,,0.0,,0.38703015446662903,,0.041702158749103546,,0.2356013059616089,,,0.22090712189674377,0.05103810504078865,,0.013735078275203705,,0.26221221685409546,,0.08217091113328934,,0.04816366359591484,,0.003444728208705783,,0.008631502278149128,,0.041702158749103546,,0.7066532969474792,,,,,,,,,,,,,,,,
3,3079,,0.05677708238363266,,0.0,,0.34518349170684814,,0.11649298667907715,,0.22155971825122833,,,0.2531917989253998,0.05732807517051697,,0.025318626314401627,,0.25912564992904663,,0.09149884432554245,,0.0489981435239315,,0.0049330261535942554,,0.010522497817873955,,0.11649298667907715,,0.7507262229919434,,,,,,,,,,,,,,,,
3,3089,,0.05014079809188843,,0.0,,0.3761373460292816,,0.07198204100131989,,0.26339149475097656,,,0.2466258704662323,0.056180816143751144,,0.022806745022535324,,0.2293092906475067,,0.11637477576732635,,0.061604611575603485,,0.0038019027560949326,,0.009789327159523964,,0.07198204100131989,,0.7589672207832336,,,,,,,,,,,,,,,,
3,3099,,0.03610820695757866,,0.0,,0.35961005091667175,,0.04336727410554886,,0.236296147108078,,,0.22443491220474243,0.02278851345181465,,0.0206194706261158,,0.23394036293029785,,0.09396278858184814,,0.028684625402092934,,0.004073807504028082,,0.009276140481233597,,0.04336727410554886,,0.6612192392349243,,,,,,,,,,,,,,,,
3,3109,,0.05218072980642319,,0.0,,0.3710881471633911,,0.07413418591022491,,0.2593742311000824,,,0.21538837254047394,0.05194320157170296,,0.028408467769622803,,0.22917518019676208,,0.11233492195606232,,0.0491805337369442,,0.00459632370620966,,0.009494283236563206,,0.07413418591022491,,0.7333964705467224,,,,,,,,,,,,,,,,
3,3119,,0.04720219597220421,,0.0,,0.3757510185241699,,0.07098785787820816,,0.23596623539924622,,,0.23694796860218048,0.03542396426200867,,0.017607033252716064,,0.24270227551460266,,0.06015215814113617,,0.0356796458363533,,0.0035355594009160995,,0.00877399742603302,,0.07098785787820816,,0.689751923084259,,,,,,,,,,,,,,,,
3,3129,,0.055449772626161575,,0.0,,0.3480199873447418,,0.025656133890151978,,0.27358973026275635,,,0.21622397005558014,0.1232871562242508,,0.03818466141819954,,0.2348710000514984,,0.08370228856801987,,0.04481712728738785,,0.004274759907275438,,0.008426752872765064,,0.025656133890151978,,0.7324650287628174,,,,,,,,,,,,,,,,
3,3139,,0.038160741329193115,,0.0,,0.3638579547405243,,0.021034210920333862,,0.27357834577560425,,,0.23057731986045837,0.015500887297093868,,0.019966572523117065,,0.25275811553001404,,0.05342638120055199,,0.02275710366666317,,0.0029032425954937935,,0.00745932525023818,,0.021034210920333862,,0.6547197699546814,,,,,,,,,,,,,,,,
3,3149,,0.049847595393657684,,0.0,,0.3541908264160156,,0.03898892551660538,,0.24830275774002075,,,0.21305787563323975,0.09154894948005676,,0.028209006413817406,,0.25664952397346497,,0.07877799868583679,,0.038315124809741974,,0.0036180734168738127,,0.008882814086973667,,0.03898892551660538,,0.7096362113952637,,,,,,,,,,,,,,,,
3,3159,,0.058234404772520065,,0.0,,0.39879554510116577,,0.08761522173881531,,0.24303960800170898,,,0.23622331023216248,0.04794343188405037,,0.021910928189754486,,0.23507578670978546,,0.14077192544937134,,0.07474592328071594,,0.004718500655144453,,0.010224402882158756,,0.08761522173881531,,0.7847617268562317,,,,,,,,,,,,,,,,
3,3169,,0.05598471313714981,,0.0,,0.3712567985057831,,0.09683752059936523,,0.3259280323982239,,,0.2301618903875351,0.051684096455574036,,0.027277207002043724,,0.24033722281455994,,0.12796348333358765,,0.07428620755672455,,0.003880726406350732,,0.010677585378289223,,0.09683752059936523,,0.8134765625,,,,,,,,,,,,,,,,
3,3179,,0.04968961700797081,,0.0,,0.3603367805480957,,0.04134531319141388,,0.26012688875198364,,,0.22054031491279602,0.0527985617518425,,0.01783488690853119,,0.2525508999824524,,0.0730372741818428,,0.02704910933971405,,0.00395225128158927,,0.007694509346038103,,0.04134531319141388,,0.6873253583908081,,,,,,,,,,,,,,,,
3,3189,,0.05233606696128845,,0.0,,0.3963848650455475,,0.034044861793518066,,0.24461513757705688,,,0.23690176010131836,0.14289140701293945,,0.03421175479888916,,0.24592708051204681,,0.1219426691532135,,0.06719876080751419,,0.003846210427582264,,0.009870265610516071,,0.034044861793518066,,0.8000205159187317,,,,,,,,,,,,,,,,
3,3199,,0.054405808448791504,,0.0,,0.3583294451236725,,0.04088560491800308,,0.239253431558609,,,0.23736099898815155,0.03405153378844261,,0.02368985116481781,,0.25105762481689453,,0.08486863225698471,,0.039004821330308914,,0.003781817853450775,,0.008939537219703197,,0.04088560491800308,,0.692284345626831,,,,,,,,,,,,,,,,
3,3209,,0.050721216946840286,,0.0,,0.3599020838737488,,0.0438973531126976,,0.26476728916168213,,,0.23569869995117188,0.05185724422335625,,0.022193273529410362,,0.24694447219371796,,0.06763431429862976,,0.031338583678007126,,0.0034156818874180317,,0.007852175273001194,,0.0438973531126976,,0.6970373392105103,,,,,,,,,,,,,,,,
3,3219,,0.03714467212557793,,0.0,,0.3573957681655884,,0.058101836591959,,0.2502577602863312,,,0.24089200794696808,0.021953647956252098,,0.02110399305820465,,0.2402469515800476,,0.08119692653417587,,0.04585796967148781,,0.0033570982050150633,,0.008174405433237553,,0.058101836591959,,0.6869286894798279,,,,,,,,,,,,,,,,
3,3229,,0.04117198660969734,,0.0,,0.3515007793903351,,0.052622996270656586,,0.25655490159988403,,,0.22202861309051514,0.03678026795387268,,0.018841657787561417,,0.26388922333717346,,0.10750271379947662,,0.053152818232774734,,0.0039484258741140366,,0.01000774186104536,,0.052622996270656586,,0.7140049338340759,,,,,,,,,,,,,,,,
3,3239,,0.04175255820155144,,0.0,,0.3439665138721466,,0.10078323632478714,,0.2565097510814667,,,0.22784437239170074,0.08005177229642868,,0.02081742323935032,,0.25997862219810486,,0.15276089310646057,,0.06725995242595673,,0.004264266695827246,,0.011755104176700115,,0.10078323632478714,,0.7897497415542603,,,,,,,,,,,,,,,,
3,3249,,0.057946525514125824,,0.0,,0.39779168367385864,,0.10069379210472107,,0.24681682884693146,,,0.20951436460018158,0.07153501361608505,,0.022243227809667587,,0.2523590922355652,,0.09154357761144638,,0.04770088940858841,,0.004319035913795233,,0.009948537684977055,,0.10069379210472107,,0.761180579662323,,,,,,,,,,,,,,,,
3,3259,,0.0669279620051384,,0.0,,0.3842407464981079,,0.03907351195812225,,0.24627532064914703,,,0.2446715384721756,0.0445987768471241,,0.024518240243196487,,0.24935047328472137,,0.07852921634912491,,0.03550634905695915,,0.003662554081529379,,0.008797728456556797,,0.03907351195812225,,0.7174751162528992,,,,,,,,,,,,,,,,
3,3269,,0.05286036804318428,,0.0,,0.37282201647758484,,0.037872642278671265,,0.24892914295196533,,,0.23254399001598358,0.084431491792202,,0.022993724793195724,,0.245705708861351,,0.08023728430271149,,0.039332035928964615,,0.003807765431702137,,0.008567051030695438,,0.037872642278671265,,0.7193350791931152,,,,,,,,,,,,,,,,
3,3279,,0.039174970239400864,,0.0,,0.3564044237136841,,0.03683023899793625,,0.2891625165939331,,,0.22381237149238586,0.028565838932991028,,0.014861881732940674,,0.23855794966220856,,0.06722679734230042,,0.02968922071158886,,0.0030880728736519814,,0.007644614204764366,,0.03683023899793625,,0.6713317036628723,,,,,,,,,,,,,,,,
3,3289,,0.05091695860028267,,0.0,,0.3960261344909668,,0.05854515731334686,,0.2725236117839813,,,0.2232000082731247,0.043525584042072296,,0.012403923086822033,,0.2446315884590149,,0.09954659640789032,,0.06515715271234512,,0.004141755867749453,,0.009234407916665077,,0.05854515731334686,,0.7445436716079712,,,,,,,,,,,,,,,,
3,3299,,0.048161208629608154,,0.0,,0.35509973764419556,,0.07088711857795715,,0.3096701502799988,,,0.24306727945804596,0.0633566826581955,,0.025764329358935356,,0.23738935589790344,,0.12303580343723297,,0.06100025400519371,,0.004249176010489464,,0.010321433655917645,,0.07088711857795715,,0.7811619639396667,,,,,,,,,,,,,,,,
3,3309,,0.04112788289785385,,0.0,,0.3667115867137909,,0.059836260974407196,,0.23373162746429443,,,0.24746380746364594,0.03091822750866413,,0.01232677698135376,,0.24912942945957184,,0.10432195663452148,,0.040472935885190964,,0.003966644871979952,,0.008220098912715912,,0.059836260974407196,,0.703223705291748,,,,,,,,,,,,,,,,
3,3319,,0.04404032975435257,,0.0,,0.3481385111808777,,0.08797712624073029,,0.24162490665912628,,,0.22232051193714142,0.045439623296260834,,0.029035653918981552,,0.2320750206708908,,0.1204109936952591,,0.0661635771393776,,0.003950924146920443,,0.010015812702476978,,0.08797712624073029,,0.7306044101715088,,,,,,,,,,,,,,,,
3,3329,,0.04996344447135925,,0.0,,0.3736281991004944,,0.062220022082328796,,0.22275355458259583,,,0.24119316041469574,0.0546451136469841,,0.018739013001322746,,0.23958931863307953,,0.1020805686712265,,0.043087732046842575,,0.004578237421810627,,0.00940411351621151,,0.062220022082328796,,0.7156432867050171,,,,,,,,,,,,,,,,
3,3339,,0.03442743048071861,,0.0,,0.3465787172317505,,0.024483967572450638,,0.24022983014583588,,,0.2254139482975006,0.03902411460876465,,0.015536553226411343,,0.24565380811691284,,0.06527101248502731,,0.023074474185705185,,0.004781273193657398,,0.008424418978393078,,0.024483967572450638,,0.6406619548797607,,,,,,,,,,,,,,,,
3,3349,,0.03975071758031845,,0.0,,0.31648409366607666,,0.05345755070447922,,0.289013147354126,,,0.22902654111385345,0.04246525466442108,,0.014704129658639431,,0.23891884088516235,,0.053308263421058655,,0.024587389081716537,,0.003561401041224599,,0.007251400966197252,,0.05345755070447922,,0.6598899960517883,,,,,,,,,,,,,,,,
3,3359,,0.04726468399167061,,0.0,,0.349807471036911,,0.03537708520889282,,0.2435789257287979,,,0.27410125732421875,0.03396359086036682,,0.01945030316710472,,0.2520114481449127,,0.08024035394191742,,0.0404977910220623,,0.0031511958222836256,,0.008275234140455723,,0.03537708520889282,,0.6979972720146179,,,,,,,,,,,,,,,,
3,3369,,0.03662190958857536,,0.0,,0.360345721244812,,0.06474988162517548,,0.2674320340156555,,,0.22952601313591003,0.026543185114860535,,0.01319065224379301,,0.24297243356704712,,0.0687224343419075,,0.03535108268260956,,0.0036285100504755974,,0.008129872381687164,,0.06474988162517548,,0.682671844959259,,,,,,,,,,,,,,,,
3,3379,,0.04471605643630028,,0.0,,0.37154391407966614,,0.03426184505224228,,0.26873117685317993,,,0.23010000586509705,0.02460906282067299,,0.020118849352002144,,0.2517111897468567,,0.05921065807342529,,0.02350260689854622,,0.0038901795633137226,,0.008138177916407585,,0.03426184505224228,,0.6743359565734863,,,,,,,,,,,,,,,,
3,3379,,,,,,,,,,,,,,,,,,,,,,,,,,,,,,,,0.0763275995850563,0.0,0.4133205711841583,0.42317497730255127,0.2530333399772644,0.17833836376667023,0.2619892358779907,0.04032641276717186,0.30019065737724304,0.7869974970817566,0.4071153402328491,0.0050748251378536224,0.027624420821666718,0.42317497730255127,1.6005686521530151
3,3379,0.051095545291900635,,0.0,,0.37784916162490845,,0.07841053605079651,,0.26626166701316833,,0.05718834698200226,0.2410028725862503,,,0.02279416285455227,,0.25450924038887024,,0.11165978014469147,,0.05593224987387657,,0.004044833593070507,,0.009728234261274338,,0.07841053605079651,,0.7701014876365662,,0.2521494925022125,,,,,,,,,,,,,,,
4,3389,,0.035009026527404785,,0.0,,0.3563729226589203,,0.047957517206668854,,0.25453054904937744,,,0.21640338003635406,0.038023486733436584,,0.0101826386526227,,0.2434142529964447,,0.0636918768286705,,0.03682699799537659,,0.0035138658713549376,,0.007238752208650112,,0.047957517206668854,,0.6602019667625427,,,,,,,,,,,,,,,,
4,3399,,0.044491034001111984,,0.0,,0.35861214995384216,,0.045519184321165085,,0.2752073109149933,,,0.2308720350265503,0.037676822394132614,,0.02213554084300995,,0.23420506715774536,,0.08023667335510254,,0.03993070870637894,,0.002761280396953225,,0.008938506245613098,,0.045519184321165085,,0.6947624087333679,,,,,,,,,,,,,,,,
4,3409,,0.04159010946750641,,0.0,,0.3722323179244995,,0.10699179023504257,,0.2556120753288269,,,0.22974221408367157,0.06298600137233734,,0.022216087207198143,,0.24339383840560913,,0.08911636471748352,,0.04522540792822838,,0.0036066146567463875,,0.009104789234697819,,0.10699179023504257,,0.745461106300354,,,,,,,,,,,,,,,,
4,3419,,0.03717011958360672,,0.0,,0.3579768240451813,,0.041844725608825684,,0.2610333561897278,,,0.22789984941482544,0.02499384991824627,,0.013682333752512932,,0.23665758967399597,,0.05849599838256836,,0.029650921002030373,,0.002805134980008006,,0.007595009170472622,,0.041844725608825684,,0.6537003517150879,,,,,,,,,,,,,,,,
4,3429,,0.03336527198553085,,0.0,,0.35643506050109863,,0.08908458054065704,,0.2610510587692261,,,0.22505909204483032,0.05339010804891586,,0.01445171982049942,,0.24636727571487427,,0.11531057208776474,,0.05376375466585159,,0.004159437958151102,,0.010320809669792652,,0.08908458054065704,,0.7365397214889526,,,,,,,,,,,,,,,,
4,3439,,0.039541877806186676,,0.0,,0.34535425901412964,,0.0440245196223259,,0.3224223256111145,,,0.2109973430633545,0.05802489072084427,,0.015242236666381359,,0.22224369645118713,,0.07885506004095078,,0.03580598533153534,,0.0038438180927187204,,0.008609122596681118,,0.0440245196223259,,0.6967871189117432,,,,,,,,,,,,,,,,
4,3449,,0.03619097173213959,,0.0,,0.3560768663883209,,0.03572356700897217,,0.2385050356388092,,,0.2179282009601593,0.03978525102138519,,0.018186084926128387,,0.2337508648633957,,0.07176890224218369,,0.031336333602666855,,0.0037737528327852488,,0.008903412148356438,,0.03572356700897217,,0.6504163146018982,,,,,,,,,,,,,,,,
4,3459,,0.039337027817964554,,0.0,,0.36015555262565613,,0.08208681643009186,,0.2510342001914978,,,0.2379501909017563,0.0314597487449646,,0.015772156417369843,,0.24193021655082703,,0.12001346051692963,,0.0577656589448452,,0.0032457630150020123,,0.00941287912428379,,0.08208681643009186,,0.7297882437705994,,,,,,,,,,,,,,,,
4,3469,,0.04221855103969574,,0.0,,0.3705160617828369,,0.05204051360487938,,0.2652558386325836,,,0.22575999796390533,0.02271900326013565,,0.01135000865906477,,0.23686335980892181,,0.09779594838619232,,0.04737372696399689,,0.003142551751807332,,0.008559202775359154,,0.05204051360487938,,0.6960771083831787,,,,,,,,,,,,,,,,
4,3479,,0.052740320563316345,,0.0,,0.3453725576400757,,0.03610510751605034,,0.22564002871513367,,,0.21564170718193054,0.044060446321964264,,0.021815702319145203,,0.23630134761333466,,0.06415335088968277,,0.027551140636205673,,0.003641281509771943,,0.00820925086736679,,0.03610510751605034,,0.644720733165741,,,,,,,,,,,,,,,,
4,3489,,0.04803147912025452,,0.0,,0.3655605614185333,,0.04903334379196167,,0.2768496870994568,,,0.21578030288219452,0.029023712500929832,,0.025482725352048874,,0.2576638460159302,,0.07052680850028992,,0.03409278020262718,,0.003921192605048418,,0.008715198375284672,,0.04903334379196167,,0.6966984272003174,,,,,,,,,,,,,,,,
4,3499,,0.04798012971878052,,0.0,,0.3522951006889343,,0.029428254812955856,,0.27358800172805786,,,0.23306360840797424,0.036101218312978745,,0.018113572150468826,,0.24228069186210632,,0.06893984228372574,,0.028590504080057144,,0.0035759664606302977,,0.008151868358254433,,0.029428254812955856,,0.675130307674408,,,,,,,,,,,,,,,,
4,3509,,0.0400005578994751,,0.0,,0.3192165791988373,,0.0406263992190361,,0.2410937398672104,,,0.21657884120941162,0.0385376438498497,,0.018527137115597725,,0.2347629964351654,,0.07585490494966507,,0.03757502883672714,,0.002743302145972848,,0.008133682422339916,,0.0406263992190361,,0.6408922672271729,,,,,,,,,,,,,,,,
4,3519,,0.043239377439022064,,0.0,,0.3377235531806946,,0.034110404551029205,,0.25284522771835327,,,0.2329905778169632,0.02641814760863781,,0.009725771844387054,,0.2332562953233719,,0.0833553671836853,,0.03469124436378479,,0.0044829389080405235,,0.008858190849423409,,0.034110404551029205,,0.655277669429779,,,,,,,,,,,,,,,,
4,3529,,0.04216844588518143,,0.0,,0.3479781746864319,,0.07747787237167358,,0.2616947889328003,,,0.23701222240924835,0.026023054495453835,,0.009608110412955284,,0.2471259981393814,,0.05627782642841339,,0.02869408391416073,,0.0034040033351629972,,0.007450651843100786,,0.07747787237167358,,0.6761829257011414,,,,,,,,,,,,,,,,
4,3539,,0.03591931611299515,,0.0,,0.3594377338886261,,0.06326206028461456,,0.26920589804649353,,,0.24485450983047485,0.05423494428396225,,0.012666918337345123,,0.2365911602973938,,0.07221639901399612,,0.0508945994079113,,0.003969136159867048,,0.008464346639811993,,0.06326206028461456,,0.7100907564163208,,,,,,,,,,,,,,,,
4,3549,,0.040610987693071365,,0.0,,0.33175963163375854,,0.02797769382596016,,0.25783246755599976,,,0.20255891978740692,0.009242895990610123,,0.012023849412798882,,0.21476401388645172,,0.05816707760095596,,0.026928989216685295,,0.0030685774981975555,,0.007937910035252571,,0.02797769382596016,,0.6004054546356201,,,,,,,,,,,,,,,,
4,3559,,0.042098041623830795,,0.0,,0.33670574426651,,0.05314074456691742,,0.25475651025772095,,,0.2451205998659134,0.031738486140966415,,0.01340367179363966,,0.23837950825691223,,0.06273583322763443,,0.03204688802361488,,0.0033461342100054026,,0.007555664982646704,,0.05314074456691742,,0.6642917394638062,,,,,,,,,,,,,,,,
4,3569,,0.05662304162979126,,0.0,,0.34847894310951233,,0.06332504004240036,,0.3012569844722748,,,0.21641641855239868,0.020603477954864502,,0.026332106441259384,,0.24068401753902435,,0.08420276641845703,,0.04264738783240318,,0.0031891423277556896,,0.0085820984095335,,0.06332504004240036,,0.7104617357254028,,,,,,,,,,,,,,,,
4,3579,,0.04733463376760483,,0.0,,0.3763582706451416,,0.043588340282440186,,0.23955322802066803,,,0.22475923597812653,0.035736363381147385,,0.01808505319058895,,0.2443448305130005,,0.12146315723657608,,0.049780819565057755,,0.003648537676781416,,0.009372788481414318,,0.043588340282440186,,0.7116990089416504,,,,,,,,,,,,,,,,
4,3589,,0.054558105766773224,,0.0,,0.36614933609962463,,0.03529256209731102,,0.2561703324317932,,,0.23751886188983917,0.055688515305519104,,0.021494463086128235,,0.2550172209739685,,0.06981563568115234,,0.030524279922246933,,0.004085485823452473,,0.008961879648268223,,0.03529256209731102,,0.7021192908287048,,,,,,,,,,,,,,,,
4,3599,,0.03970526531338692,,0.0,,0.3795568346977234,,0.0374624989926815,,0.25639134645462036,,,0.23674499988555908,0.04044867306947708,,0.017916783690452576,,0.2331288605928421,,0.07930019497871399,,0.03894443437457085,,0.0035185350570827723,,0.008487180806696415,,0.0374624989926815,,0.6900464296340942,,,,,,,,,,,,,,,,
4,3609,,0.04633203148841858,,0.0,,0.35347485542297363,,0.03162992745637894,,0.2651015520095825,,,0.22549493610858917,0.030217541381716728,,0.011676674708724022,,0.22190898656845093,,0.06859569996595383,,0.03306906670331955,,0.003816177137196064,,0.008360491134226322,,0.03162992745637894,,0.6540191769599915,,,,,,,,,,,,,,,,
4,3619,,0.037223026156425476,,0.0,,0.3297712504863739,,0.06250723451375961,,0.25644636154174805,,,0.21335266530513763,0.03408696874976158,,0.015604445710778236,,0.24086472392082214,,0.15349094569683075,,0.08927937597036362,,0.004412938840687275,,0.010080012492835522,,0.06250723451375961,,0.7285999655723572,,,,,,,,,,,,,,,,
4,3629,,0.03024892508983612,,0.0,,0.31589338183403015,,0.03523358702659607,,0.26032307744026184,,,0.23410776257514954,0.024183033034205437,,0.01571580581367016,,0.23605430126190186,,0.05755942687392235,,0.02702411822974682,,0.003157194936648011,,0.007979271933436394,,0.03523358702659607,,0.6277295351028442,,,,,,,,,,,,,,,,
4,3639,,0.04938752204179764,,0.0,,0.3398870527744293,,0.060666438192129135,,0.22671587765216827,,,0.2416107952594757,0.05489469692111015,,0.023329338058829308,,0.25674551725387573,,0.06370101869106293,,0.03405887261033058,,0.003474297933280468,,0.008447564207017422,,0.060666438192129135,,0.6856833696365356,,,,,,,,,,,,,,,,
4,3649,,0.031480610370635986,,0.0,,0.33735090494155884,,0.05490081012248993,,0.25903570652008057,,,0.2390529215335846,0.03586351498961449,,0.013922005891799927,,0.23850008845329285,,0.08825346827507019,,0.04274411499500275,,0.003957521170377731,,0.008531329222023487,,0.05490081012248993,,0.6810621619224548,,,,,,,,,,,,,,,,
4,3659,,0.02756837010383606,,0.0,,0.3346540331840515,,0.03529782593250275,,0.22478997707366943,,,0.201766699552536,0.01941828802227974,,0.011408567428588867,,0.22903142869472504,,0.05570807307958603,,0.02685239538550377,,0.002768520964309573,,0.007792400661855936,,0.03529782593250275,,0.5924245119094849,,,,,,,,,,,,,,,,
4,3669,,0.03074062056839466,,0.0,,0.3370506167411804,,0.02619073912501335,,0.24739055335521698,,,0.19160956144332886,0.019329175353050232,,0.010347753763198853,,0.23286861181259155,,0.05994025245308876,,0.025774763897061348,,0.0034010387025773525,,0.008327766321599483,,0.02619073912501335,,0.6006495952606201,,,,,,,,,,,,,,,,
4,3679,,0.03185698390007019,,0.0,,0.3346865177154541,,0.07065820693969727,,0.2520301938056946,,,0.21439427137374878,0.03712380304932594,,0.01993420347571373,,0.2276460826396942,,0.13847963511943817,,0.0654590055346489,,0.003172343596816063,,0.009617283940315247,,0.07065820693969727,,0.7073379158973694,,,,,,,,,,,,,,,,
4,3689,,0.03736032545566559,,0.0,,0.3310556709766388,,0.08089211583137512,,0.218288391828537,,,0.22631840407848358,0.030657902359962463,,0.013697545044124126,,0.23595526814460754,,0.073813796043396,,0.035290636122226715,,0.0039209043607115746,,0.008939847350120544,,0.08089211583137512,,0.6525653600692749,,,,,,,,,,,,,,,,
4,3699,,0.045206643640995026,,0.0,,0.3405022621154785,,0.0356486476957798,,0.2563285827636719,,,0.20713523030281067,0.021426161751151085,,0.016246724873781204,,0.22221556305885315,,0.060094960033893585,,0.031011587008833885,,0.0028469564858824015,,0.007540090940892696,,0.0356486476957798,,0.6268717646598816,,,,,,,,,,,,,,,,
4,3709,,0.0447385236620903,,0.0,,0.3529166281223297,,0.027744460850954056,,0.2698940336704254,,,0.20915336906909943,0.024368731305003166,,0.01535525731742382,,0.22654080390930176,,0.06346314400434494,,0.028247319161891937,,0.003424711525440216,,0.007940588518977165,,0.027744460850954056,,0.6408640742301941,,,,,,,,,,,,,,,,
4,3719,,0.04116450250148773,,0.0,,0.34605884552001953,,0.03064865618944168,,0.22800692915916443,,,0.22772379219532013,0.02752896025776863,,0.010890009813010693,,0.23424603044986725,,0.06095341593027115,,0.025882620364427567,,0.003925000783056021,,0.00784341897815466,,0.03064865618944168,,0.6263577342033386,,,,,,,,,,,,,,,,
4,3729,,0.044061329215765,,0.0,,0.3353417217731476,,0.03725872188806534,,0.26486849784851074,,,0.21510638296604156,0.06334755569696426,,0.014655034057796001,,0.23089341819286346,,0.07531201839447021,,0.029246792197227478,,0.0042238375172019005,,0.008254427462816238,,0.03725872188806534,,0.6654120683670044,,,,,,,,,,,,,,,,
4,3739,,0.05160736292600632,,0.0,,0.3653583824634552,,0.029920395463705063,,0.2638285160064697,,,0.22341182827949524,0.033840179443359375,,0.017568042501807213,,0.23967763781547546,,0.07114847004413605,,0.03213144838809967,,0.003514984855428338,,0.007776367012411356,,0.029920395463705063,,0.6737800240516663,,,,,,,,,,,,,,,,
4,3749,,0.043328411877155304,,0.0,,0.3690676689147949,,0.061647579073905945,,0.245380699634552,,,0.21815985441207886,0.05544838309288025,,0.015203471295535564,,0.2447960078716278,,0.1215333640575409,,0.055791616439819336,,0.004316925536841154,,0.009639481082558632,,0.061647579073905945,,0.7269765734672546,,,,,,,,,,,,,,,,
4,3759,,0.04244095832109451,,0.0,,0.35623979568481445,,0.08027070760726929,,0.2445278912782669,,,0.2251608520746231,0.027707478031516075,,0.009798457846045494,,0.2242555320262909,,0.08330363780260086,,0.04566565901041031,,0.003312160028144717,,0.007613970898091793,,0.08027070760726929,,0.6789554953575134,,,,,,,,,,,,,,,,
4,3769,,0.04826788604259491,,0.0,,0.33823227882385254,,0.02686600387096405,,0.23496954143047333,,,0.19849331676959991,0.023875845596194267,,0.014756235294044018,,0.23463758826255798,,0.05886079743504524,,0.025152890011668205,,0.0033160229213535786,,0.00731559656560421,,0.02686600387096405,,0.611029863357544,,,,,,,,,,,,,,,,
4,3779,,0.03689713031053543,,0.0,,0.34899529814720154,,0.025612320750951767,,0.24904467165470123,,,0.2246026247739792,0.044889211654663086,,0.012047088705003262,,0.23199793696403503,,0.07859449088573456,,0.03570517897605896,,0.0037159575149416924,,0.007737623993307352,,0.025612320750951767,,0.6537885665893555,,,,,,,,,,,,,,,,
4,3789,,0.033679310232400894,,0.0,,0.33337074518203735,,0.04520418494939804,,0.22742080688476562,,,0.23315691947937012,0.0594874732196331,,0.013265660032629967,,0.22727814316749573,,0.10065987706184387,,0.04471598565578461,,0.0035143746063113213,,0.008032230660319328,,0.04520418494939804,,0.668908953666687,,,,,,,,,,,,,,,,
4,3799,,0.04137071967124939,,0.0,,0.3392431139945984,,0.020471647381782532,,0.25708505511283875,,,0.24876894056797028,0.02017434500157833,,0.013171753846108913,,0.24026623368263245,,0.049996647983789444,,0.020230816677212715,,0.0029278146103024483,,0.006235282402485609,,0.020471647381782532,,0.6330887675285339,,,,,,,,,,,,,,,,
4,3809,,0.04397736117243767,,0.0,,0.3423116207122803,,0.03136860206723213,,0.25889867544174194,,,0.23324716091156006,0.021268898621201515,,0.026248931884765625,,0.22519242763519287,,0.06123771890997887,,0.026983873918652534,,0.0037447614595294,,0.008294734172523022,,0.03136860206723213,,0.6455347537994385,,,,,,,,,,,,,,,,
4,3819,,0.03734498471021652,,0.0,,0.3234096169471741,,0.025056827813386917,,0.23276883363723755,,,0.17719022929668427,0.011019236408174038,,0.012273966334760189,,0.22417770326137543,,0.05064286291599274,,0.0246051587164402,,0.0026380326598882675,,0.006794953253120184,,0.025056827813386917,,0.5673586130142212,,,,,,,,,,,,,,,,
4,3829,,0.043206535279750824,,0.0,,0.3353257179260254,,0.028253672644495964,,0.2288791388273239,,,0.2384253889322281,0.029738513752818108,,0.012209421023726463,,0.22954019904136658,,0.0672312080860138,,0.034691303968429565,,0.003364007454365492,,0.007497446145862341,,0.028253672644495964,,0.6329299807548523,,,,,,,,,,,,,,,,
4,3839,,0.043387651443481445,,0.0,,0.3303629159927368,,0.04075922816991806,,0.2216741144657135,,,0.22274067997932434,0.04320456460118294,,0.012574587017297745,,0.23570851981639862,,0.09281381964683533,,0.03971657529473305,,0.003168734721839428,,0.008461137302219868,,0.04075922816991806,,0.651516854763031,,,,,,,,,,,,,,,,
4,3849,,0.042563170194625854,,0.0,,0.3433403968811035,,0.06311237812042236,,0.2405368685722351,,,0.23358574509620667,0.03322222828865051,,0.01457955688238144,,0.2360725998878479,,0.09199409186840057,,0.04269846901297569,,0.004338395781815052,,0.009112594649195671,,0.06311237812042236,,0.6821345090866089,,,,,,,,,,,,,,,,
4,3859,,0.051701076328754425,,0.0,,0.33345767855644226,,0.04283688962459564,,0.24964269995689392,,,0.234135702252388,0.07401277124881744,,0.015232729725539684,,0.23355916142463684,,0.07098360359668732,,0.0437580905854702,,0.0032779171597212553,,0.007654679473489523,,0.04283688962459564,,0.6839538812637329,,,,,,,,,,,,,,,,
4,3869,,0.05328294634819031,,0.0,,0.34241539239883423,,0.09153476357460022,,0.27065902948379517,,,0.22160053253173828,0.04004891589283943,,0.014644673094153404,,0.23085570335388184,,0.10548161715269089,,0.0592220202088356,,0.004902225453406572,,0.008914615958929062,,0.09153476357460022,,0.726238489151001,,,,,,,,,,,,,,,,
4,3879,,0.03360012173652649,,0.0,,0.3194948136806488,,0.06486468762159348,,0.211520254611969,,,0.21545609831809998,0.09223447740077972,,0.013572650961577892,,0.22024624049663544,,0.08276008069515228,,0.04276172071695328,,0.0027954429388046265,,0.007845544256269932,,0.06486468762159348,,0.6574987769126892,,,,,,,,,,,,,,,,
4,3889,,0.0377645269036293,,0.0,,0.32103219628334045,,0.022746633738279343,,0.23595109581947327,,,0.2073049545288086,0.12846523523330688,,0.017087891697883606,,0.21510085463523865,,0.05448862537741661,,0.02972003072500229,,0.0031679857056587934,,0.007493800949305296,,0.022746633738279343,,0.6439088582992554,,,,,,,,,,,,,,,,
4,3899,,0.043563734740018845,,0.0,,0.3109079897403717,,0.0308879092335701,,0.2547070384025574,,,0.20722231268882751,0.03609738126397133,,0.023786475881934166,,0.23183850944042206,,0.06264843046665192,,0.02377219684422016,,0.004293033387511969,,0.008185719139873981,,0.0308879092335701,,0.6230483055114746,,,,,,,,,,,,,,,,
4,3909,,0.0319499745965004,,0.0,,0.3234892785549164,,0.022717595100402832,,0.23295018076896667,,,0.23396562039852142,0.044159241020679474,,0.014868171885609627,,0.22253932058811188,,0.06731238216161728,,0.023621222004294395,,0.0038924571126699448,,0.008151204325258732,,0.022717595100402832,,0.6188839673995972,,,,,,,,,,,,,,,,
4,3919,,0.03660611808300018,,0.0,,0.3406289219856262,,0.03635319322347641,,0.23099467158317566,,,0.19915802776813507,0.02925300784409046,,0.01339021697640419,,0.2330387830734253,,0.08134318143129349,,0.03720026835799217,,0.002899381797760725,,0.008566074073314667,,0.03635319322347641,,0.6289989352226257,,,,,,,,,,,,,,,,
4,3929,,0.045220017433166504,,0.0,,0.34043386578559875,,0.026755452156066895,,0.22379538416862488,,,0.21464166045188904,0.03770623356103897,,0.02385271154344082,,0.22210708260536194,,0.052750032395124435,,0.020542863756418228,,0.0034822903107851744,,0.0071477340534329414,,0.026755452156066895,,0.6127915382385254,,,,,,,,,,,,,,,,
4,3939,,0.04157494753599167,,0.0,,0.32452186942100525,,0.053375959396362305,,0.2694869041442871,,,0.21657167375087738,0.0576145276427269,,0.01711389422416687,,0.23558595776557922,,0.08256588876247406,,0.04801217094063759,,0.0038606433663517237,,0.009296415373682976,,0.053375959396362305,,0.6844385862350464,,,,,,,,,,,,,,,,
4,3949,,0.043747078627347946,,0.0,,0.35517770051956177,,0.0263843797147274,,0.23195746541023254,,,0.2008468061685562,0.01458018459379673,,0.019664697349071503,,0.2352100908756256,,0.04133905470371246,,0.020509563386440277,,0.0031402294989675283,,0.007352872751653194,,0.0263843797147274,,0.6036314964294434,,,,,,,,,,,,,,,,
4,3959,,0.05151921138167381,,0.0,,0.34835007786750793,,0.11700429022312164,,0.23887258768081665,,,0.21428026258945465,0.053457628935575485,,0.018764294683933258,,0.23328667879104614,,0.10627862811088562,,0.06685402989387512,,0.003987101372331381,,0.009339706040918827,,0.11700429022312164,,0.7356670498847961,,,,,,,,,,,,,,,,
4,3969,,0.03686513751745224,,0.0,,0.31269943714141846,,0.03491415083408356,,0.22319084405899048,,,0.22675694525241852,0.04407685250043869,,0.014838546514511108,,0.22229614853858948,,0.05672723054885864,,0.026650821790099144,,0.003165771719068289,,0.007921879179775715,,0.03491415083408356,,0.6090127229690552,,,,,,,,,,,,,,,,
4,3979,,0.03778199106454849,,0.0,,0.3269123435020447,,0.05402674153447151,,0.2433047741651535,,,0.2020258754491806,0.08413733541965485,,0.0166047140955925,,0.23181740939617157,,0.059846263378858566,,0.031072121113538742,,0.002735772868618369,,0.006995947100222111,,0.05402674153447151,,0.6521286368370056,,,,,,,,,,,,,,,,
4,3989,,0.053696878254413605,,0.0,,0.37655210494995117,,0.06270843744277954,,0.2560129761695862,,,0.22046178579330444,0.025403818115592003,,0.016273323446512222,,0.23405587673187256,,0.14257732033729553,,0.06961868703365326,,0.003832165850326419,,0.00958231370896101,,0.06270843744277954,,0.7401790022850037,,,,,,,,,,,,,,,,
4,3999,,0.041833650320768356,,0.0,,0.3390160799026489,,0.02663154900074005,,0.23463891446590424,,,0.24115251004695892,0.028120890259742737,,0.017705779522657394,,0.2305660843849182,,0.06793755292892456,,0.030947895720601082,,0.003063428681343794,,0.007271029520779848,,0.02663154900074005,,0.6380782127380371,,,,,,,,,,,,,,,,
4,4009,,0.043166570365428925,,0.0,,0.33478137850761414,,0.03554706275463104,,0.2262907177209854,,,0.2092272788286209,0.03574348986148834,,0.012551037594676018,,0.2277200073003769,,0.08245234936475754,,0.03325212001800537,,0.003433482488617301,,0.007720072753727436,,0.03554706275463104,,0.6298027634620667,,,,,,,,,,,,,,,,
4,4019,,0.03405996039509773,,0.0,,0.3218219578266144,,0.02263440191745758,,0.2283301055431366,,,0.21487553417682648,0.020775016397237778,,0.009515447542071342,,0.2144458293914795,,0.05616488680243492,,0.02446041628718376,,0.003269865643233061,,0.0077121383510529995,,0.02263440191745758,,0.5828888416290283,,,,,,,,,,,,,,,,
4,4029,,0.03322824835777283,,0.0,,0.3118371069431305,,0.08407037705183029,,0.2310151606798172,,,0.2007957547903061,0.03868712857365608,,0.013265058398246765,,0.23868462443351746,,0.07696038484573364,,0.032310497015714645,,0.003687456948682666,,0.008158130571246147,,0.08407037705183029,,0.6404290199279785,,,,,,,,,,,,,,,,
4,4039,,0.03514046221971512,,0.0,,0.31926313042640686,,0.06302788108587265,,0.2557900547981262,,,0.22871133685112,0.0467597171664238,,0.01714012585580349,,0.20730529725551605,,0.07822878658771515,,0.03801144286990166,,0.0038467352278530598,,0.008325821720063686,,0.06302788108587265,,0.6549383401870728,,,,,,,,,,,,,,,,
4,4049,,0.03428380936384201,,0.0,,0.3093617260456085,,0.05239716172218323,,0.22056755423545837,,,0.2156825065612793,0.07605364918708801,,0.011643338948488235,,0.22340965270996094,,0.06917202472686768,,0.04304049164056778,,0.0032839938066899776,,0.00756292138248682,,0.05239716172218323,,0.637010931968689,,,,,,,,,,,,,,,,
4,4059,,0.03788062930107117,,0.0,,0.3116278052330017,,0.06718774884939194,,0.25158852338790894,,,0.21987107396125793,0.046531688421964645,,0.017053794115781784,,0.23315444588661194,,0.07696835696697235,,0.03213324025273323,,0.004106513224542141,,0.008344371803104877,,0.06718774884939194,,0.6573962569236755,,,,,,,,,,,,,,,,
4,4069,,0.035106681287288666,,0.0,,0.3008158504962921,,0.09337364882230759,,0.25046756863594055,,,0.19906911253929138,0.06561390310525894,,0.012838254682719707,,0.21348053216934204,,0.09714340418577194,,0.05590878054499626,,0.003538172459229827,,0.009455336257815361,,0.09337364882230759,,0.6731332540512085,,,,,,,,,,,,,,,,
4,4079,,0.02940920740365982,,0.0,,0.32790642976760864,,0.024137504398822784,,0.24081659317016602,,,0.21071374416351318,0.06026628986001015,,0.0184128750115633,,0.20481586456298828,,0.04962984472513199,,0.02071518450975418,,0.0031896396540105343,,0.00680262316018343,,0.024137504398822784,,0.6018092632293701,,,,,,,,,,,,,,,,
4,4089,,0.04032105207443237,,0.0,,0.33442801237106323,,0.06523840874433517,,0.23463726043701172,,,0.22070738673210144,0.05256455019116402,,0.012817787937819958,,0.21456864476203918,,0.0615033283829689,,0.031862661242485046,,0.003977580927312374,,0.008428327739238739,,0.06523840874433517,,0.6447416543960571,,,,,,,,,,,,,,,,
4,4099,,0.02857069857418537,,0.0,,0.3193550407886505,,0.024572329595685005,,0.2578788995742798,,,0.21730418503284454,0.016584094613790512,,0.009298796765506268,,0.2241952121257782,,0.05043945461511612,,0.019395846873521805,,0.003424460534006357,,0.007229126524180174,,0.024572329595685005,,0.5927386283874512,,,,,,,,,,,,,,,,
4,4109,,0.032330069690942764,,0.0,,0.3075235188007355,,0.017326029017567635,,0.22641055285930634,,,0.19843997061252594,0.015256312675774097,,0.010347120463848114,,0.21689903736114502,,0.04236626625061035,,0.017384713515639305,,0.002995732007548213,,0.007015475537627935,,0.017326029017567635,,0.5506551861763,,,,,,,,,,,,,,,,
4,4119,,0.03268115967512131,,0.0,,0.3041756749153137,,0.06752359122037888,,0.21308806538581848,,,0.1906909942626953,0.02225789800286293,,0.009553510695695877,,0.22572237253189087,,0.06858548521995544,,0.033006519079208374,,0.0033458902034908533,,0.007830384187400341,,0.06752359122037888,,0.593146026134491,,,,,,,,,,,,,,,,
4,4129,,0.03145444765686989,,0.0,,0.3346382677555084,,0.04958474636077881,,0.22333061695098877,,,0.21714381873607635,0.013827498070895672,,0.011379284784197807,,0.21815365552902222,,0.06716227531433105,,0.030703997239470482,,0.0033624342177063227,,0.007921402342617512,,0.04958474636077881,,0.6082919239997864,,,,,,,,,,,,,,,,
4,4139,,0.03553127497434616,,0.0,,0.3382417559623718,,0.03346749395132065,,0.2204751819372177,,,0.2063259780406952,0.0369056835770607,,0.02024073898792267,,0.21600408852100372,,0.057884711772203445,,0.023587675765156746,,0.0034362368751317263,,0.007499224506318569,,0.03346749395132065,,0.603549599647522,,,,,,,,,,,,,,,,
4,4149,,0.04096704721450806,,0.0,,0.30785316228866577,,0.04895699769258499,,0.2255333513021469,,,0.21123920381069183,0.0762329027056694,,0.01738014444708824,,0.21976391971111298,,0.0662788525223732,,0.03715243190526962,,0.0035887728445231915,,0.00861097127199173,,0.04895699769258499,,0.6360843181610107,,,,,,,,,,,,,,,,
4,4159,,0.037028633058071136,,0.0,,0.34083035588264465,,0.024077387526631355,,0.22955404222011566,,,0.19153861701488495,0.025620002299547195,,0.012335693463683128,,0.22139067947864532,,0.05893823504447937,,0.02344483695924282,,0.0041054170578718185,,0.007744942791759968,,0.024077387526631355,,0.5921769738197327,,,,,,,,,,,,,,,,
4,4169,,0.030524231493473053,,0.0,,0.3130112886428833,,0.029112683609128,,0.2351781725883484,,,0.21189862489700317,0.017402444034814835,,0.0077824583277106285,,0.2248941957950592,,0.05592727288603783,,0.024419642984867096,,0.0030072592198848724,,0.007280006073415279,,0.029112683609128,,0.5838592052459717,,,,,,,,,,,,,,,,
4,4179,,0.043359458446502686,,0.0,,0.32455354928970337,,0.019909225404262543,,0.24848172068595886,,,0.2020701766014099,0.037041738629341125,,0.013380302116274834,,0.2269565612077713,,0.0541469007730484,,0.02384835295379162,,0.0031331724021583796,,0.007938253693282604,,0.019909225404262543,,0.6063787937164307,,,,,,,,,,,,,,,,
4,4189,,0.035960204899311066,,0.0,,0.3082081377506256,,0.03351817652583122,,0.23487022519111633,,,0.20945975184440613,0.030985236167907715,,0.011976066045463085,,0.2374594509601593,,0.06519611179828644,,0.03014339879155159,,0.0034698687959462404,,0.007935482077300549,,0.03351817652583122,,0.6085587739944458,,,,,,,,,,,,,,,,
4,4199,,0.03446505591273308,,0.0,,0.3088943064212799,,0.07009044289588928,,0.2255220115184784,,,0.21980589628219604,0.026067987084388733,,0.008252322673797607,,0.2167368233203888,,0.12385648488998413,,0.0649205669760704,,0.0032686516642570496,,0.00829863827675581,,0.07009044289588928,,0.6592389345169067,,,,,,,,,,,,,,,,
4,4209,,0.03224942088127136,,0.0,,0.31357988715171814,,0.02416570857167244,,0.23413652181625366,,,0.2278052568435669,0.03818590193986893,,0.014700922183692455,,0.21652838587760925,,0.06358984857797623,,0.030020849779248238,,0.0035551206674426794,,0.007996715605258942,,0.02416570857167244,,0.6072556376457214,,,,,,,,,,,,,,,,
4,4219,,0.038305822759866714,,0.0,,0.30796048045158386,,0.03704645112156868,,0.24253815412521362,,,0.1983458548784256,0.015698492527008057,,0.014562947675585747,,0.22102205455303192,,0.08646600693464279,,0.041388437151908875,,0.0027102793101221323,,0.007771713193506002,,0.03704645112156868,,0.6107941269874573,,,,,,,,,,,,,,,,
4,4224,,,,,,,,,,,,,,,,,,,,,,,,,,,,,,,,0.06888474524021149,0.0,0.3824324309825897,0.40343382954597473,0.26494354009628296,0.14005140960216522,0.24905049800872803,0.0361357145011425,0.268423855304718,0.743081271648407,0.38063719868659973,0.004715949296951294,0.027006521821022034,0.40343382954597473,1.4979020357131958
4,4224,0.03924543783068657,,0.0,,0.33410558104515076,,0.05110950022935867,,0.24912379682064056,,0.037889640778303146,0.21768012642860413,,,0.015089327469468117,,0.23052683472633362,,0.07968361675739288,,0.03821453079581261,,0.003647406818345189,,0.008344813250005245,,0.05110950022935867,,0.6565031409263611,,0.25204476714134216,,,,,,,,,,,,,,,
5,4229,,0.04542403668165207,,0.0,,0.30817121267318726,,0.0398387610912323,,0.2301914393901825,,,0.21316558122634888,0.023311341181397438,,0.020190846174955368,,0.2188136875629425,,0.0511312372982502,,0.02668951079249382,,0.0030682412907481194,,0.00635042879730463,,0.0398387610912323,,0.5963484048843384,,,,,,,,,,,,,,,,
5,4239,,0.029981479048728943,,0.0,,0.31992506980895996,,0.04759689047932625,,0.26361194252967834,,,0.19630159437656403,0.021399548277258873,,0.010114513337612152,,0.22711613774299622,,0.08162309229373932,,0.030291864648461342,,0.003406876465305686,,0.00763337779790163,,0.04759689047932625,,0.6233178973197937,,,,,,,,,,,,,,,,
5,4249,,0.035468533635139465,,0.0,,0.3003254532814026,,0.02594367414712906,,0.245376318693161,,,0.2189304083585739,0.014672352932393551,,0.009727651253342628,,0.21122118830680847,,0.05578187108039856,,0.023349197581410408,,0.0035421561915427446,,0.007822022773325443,,0.02594367414712906,,0.5799914002418518,,,,,,,,,,,,,,,,
5,4259,,0.03469911217689514,,0.0,,0.3212701082229614,,0.05455321818590164,,0.21860918402671814,,,0.2006804645061493,0.024356713518500328,,0.025845330208539963,,0.22526133060455322,,0.09272647649049759,,0.051996778696775436,,0.00336542259901762,,0.008407006040215492,,0.05455321818590164,,0.6350890398025513,,,,,,,,,,,,,,,,
5,4269,,0.03268580883741379,,0.0,,0.3125767111778259,,0.04439472407102585,,0.23122240602970123,,,0.21573026478290558,0.026774024590849876,,0.009646240621805191,,0.2179204225540161,,0.06567035615444183,,0.03394537419080734,,0.003162961220368743,,0.008493120782077312,,0.04439472407102585,,0.6053577661514282,,,,,,,,,,,,,,,,
5,4279,,0.036167941987514496,,0.0,,0.3220841586589813,,0.019728396087884903,,0.2598675787448883,,,0.20676766335964203,0.014170639216899872,,0.009477001614868641,,0.2119271159172058,,0.06068684160709381,,0.017078332602977753,,0.003406283212825656,,0.007182260975241661,,0.019728396087884903,,0.5878632068634033,,,,,,,,,,,,,,,,
5,4289,,0.030316172167658806,,0.0,,0.3086509704589844,,0.015173905529081821,,0.21182599663734436,,,0.19357649981975555,0.01942305453121662,,0.009213489480316639,,0.21685104072093964,,0.0522286593914032,,0.023252541199326515,,0.003185240551829338,,0.006646689493209124,,0.015173905529081821,,0.5484954714775085,,,,,,,,,,,,,,,,
5,4299,,0.020987287163734436,,0.0,,0.28848183155059814,,0.024980198591947556,,0.2369699478149414,,,0.21728605031967163,0.01617354340851307,,0.008105020970106125,,0.21641695499420166,,0.0346849299967289,,0.017560958862304688,,0.002984974067658186,,0.006730375345796347,,0.024980198591947556,,0.5490462183952332,,,,,,,,,,,,,,,,
5,4309,,0.026491273194551468,,0.0,,0.28919169306755066,,0.042656317353248596,,0.23833708465099335,,,0.2016332596540451,0.01727275550365448,,0.009187372401356697,,0.2207227349281311,,0.07201262563467026,,0.03389701247215271,,0.004078814759850502,,0.007766042836010456,,0.042656317353248596,,0.5855066180229187,,,,,,,,,,,,,,,,
5,4319,,0.020262546837329865,,0.0,,0.2851940989494324,,0.042096901684999466,,0.22450588643550873,,,0.20754487812519073,0.02338278479874134,,0.014799023978412151,,0.206182062625885,,0.060592323541641235,,0.030068911612033844,,0.0033863219432532787,,0.007590617053210735,,0.042096901684999466,,0.5665984749794006,,,,,,,,,,,,,,,,
5,4329,,0.032820623368024826,,0.0,,0.31904274225234985,,0.022262420505285263,,0.2394714504480362,,,0.19933806359767914,0.00845444668084383,,0.009682777337729931,,0.2059752345085144,,0.037391845136880875,,0.015563758090138435,,0.0028862275648862123,,0.006515782792121172,,0.022262420505285263,,0.5529605746269226,,,,,,,,,,,,,,,,
5,4339,,0.047278210520744324,,0.0,,0.33481448888778687,,0.05371532961726189,,0.2516687512397766,,,0.21115835011005402,0.05051526054739952,,0.013734015636146069,,0.24312888085842133,,0.05860672518610954,,0.028910484164953232,,0.0031463834457099438,,0.0074456301517784595,,0.05371532961726189,,0.6557841300964355,,,,,,,,,,,,,,,,
5,4349,,0.03470302373170853,,0.0,,0.30042704939842224,,0.033781200647354126,,0.24068288505077362,,,0.1872408539056778,0.020707566291093826,,0.012888995930552483,,0.21509966254234314,,0.053926803171634674,,0.02867402508854866,,0.0032915095798671246,,0.007264207117259502,,0.033781200647354126,,0.5729759931564331,,,,,,,,,,,,,,,,
5,4359,,0.02615765854716301,,0.0,,0.3126928210258484,,0.06924495100975037,,0.249515563249588,,,0.20214389264583588,0.01675376109778881,,0.00857267715036869,,0.22451624274253845,,0.11223962903022766,,0.05071180686354637,,0.0037660333327949047,,0.010273737832903862,,0.06924495100975037,,0.6484311819076538,,,,,,,,,,,,,,,,
5,4369,,0.03165999799966812,,0.0,,0.31079888343811035,,0.02896133065223694,,0.23547394573688507,,,0.20952969789505005,0.016605205833911896,,0.008143642917275429,,0.2214154303073883,,0.0553286150097847,,0.024301281198859215,,0.0031462202314287424,,0.007213921751827002,,0.02896133065223694,,0.579896092414856,,,,,,,,,,,,,,,,
5,4379,,0.027869325131177902,,0.0,,0.2737199366092682,,0.1423317790031433,,0.2690162658691406,,,0.21016716957092285,0.04573995620012283,,0.014687614515423775,,0.21826687455177307,,0.15653078258037567,,0.07870255410671234,,0.0034245841670781374,,0.010208303108811378,,0.1423317790031433,,0.7304366827011108,,,,,,,,,,,,,,,,
5,4389,,0.024994291365146637,,0.0,,0.2941757142543793,,0.03786246478557587,,0.22283634543418884,,,0.21789142489433289,0.027188191190361977,,0.008638577535748482,,0.2241218388080597,,0.07075409591197968,,0.03446070849895477,,0.0027172346599400043,,0.007541336584836245,,0.03786246478557587,,0.5903617739677429,,,,,,,,,,,,,,,,
5,4399,,0.04115767776966095,,0.0,,0.3220691382884979,,0.034547556191682816,,0.2503355145454407,,,0.2068551927804947,0.02842351607978344,,0.011325749568641186,,0.21598424017429352,,0.07253822684288025,,0.034613288938999176,,0.003931738436222076,,0.00926669966429472,,0.034547556191682816,,0.6201575994491577,,,,,,,,,,,,,,,,
5,4409,,0.034310951828956604,,0.0,,0.30782949924468994,,0.047751158475875854,,0.23232054710388184,,,0.20453286170959473,0.03051059879362583,,0.013311056420207024,,0.2249828726053238,,0.07896515727043152,,0.031061772257089615,,0.004306197166442871,,0.009373284876346588,,0.047751158475875854,,0.6143146753311157,,,,,,,,,,,,,,,,
5,4419,,0.02808353863656521,,0.0,,0.2811785936355591,,0.02992987632751465,,0.23875868320465088,,,0.20856736600399017,0.014880819246172905,,0.008532706648111343,,0.2181432545185089,,0.044379472732543945,,0.023038212209939957,,0.0026837221812456846,,0.007181770633906126,,0.02992987632751465,,0.5562699437141418,,,,,,,,,,,,,,,,
5,4429,,0.030545245856046677,,0.0,,0.2917267978191376,,0.04072042554616928,,0.23327258229255676,,,0.18116287887096405,0.04594425484538078,,0.00891397800296545,,0.20633986592292786,,0.056920360773801804,,0.026387669146060944,,0.002910597249865532,,0.00742958253249526,,0.04072042554616928,,0.5698519945144653,,,,,,,,,,,,,,,,
5,4439,,0.034309886395931244,,0.0,,0.2842223346233368,,0.01539271604269743,,0.21987903118133545,,,0.20772674679756165,0.02332416921854019,,0.0096757672727108,,0.20918217301368713,,0.038140423595905304,,0.01614880934357643,,0.0029045073315501213,,0.006047333590686321,,0.01539271604269743,,0.5365005731582642,,,,,,,,,,,,,,,,
5,4449,,0.03126411512494087,,0.0,,0.2926620841026306,,0.06137622147798538,,0.24674364924430847,,,0.21765883266925812,0.01854301057755947,,0.008555657230317593,,0.21756300330162048,,0.07860969007015228,,0.03323075547814369,,0.003358672372996807,,0.008398778736591339,,0.06137622147798538,,0.6131816506385803,,,,,,,,,,,,,,,,
5,4459,,0.030783068388700485,,0.0,,0.2798452377319336,,0.020741771906614304,,0.224857360124588,,,0.19333815574645996,0.05645344778895378,,0.01859700307250023,,0.21487398445606232,,0.04398396983742714,,0.01798439584672451,,0.003328898688778281,,0.006868644151836634,,0.020741771906614304,,0.5592622756958008,,,,,,,,,,,,,,,,
5,4469,,0.027264874428510666,,0.0,,0.2695816159248352,,0.013017470017075539,,0.23776619136333466,,,0.18769186735153198,0.02244389057159424,,0.009902245365083218,,0.20420943200588226,,0.07596755027770996,,0.04132124036550522,,0.0033366926945745945,,0.0064820596016943455,,0.013017470017075539,,0.5527336001396179,,,,,,,,,,,,,,,,
5,4479,,0.03439422324299812,,0.0,,0.310720294713974,,0.06215536594390869,,0.21957233548164368,,,0.20568881928920746,0.02039165422320366,,0.013619847595691681,,0.2144235074520111,,0.04984024912118912,,0.02622390352189541,,0.0035583346616476774,,0.00769980950281024,,0.06215536594390869,,0.5879939794540405,,,,,,,,,,,,,,,,
5,4489,,0.032739900052547455,,0.0,,0.3004738688468933,,0.023384060710668564,,0.23031005263328552,,,0.1923294961452484,0.011859580874443054,,0.008469975553452969,,0.20557114481925964,,0.056086473166942596,,0.025795212015509605,,0.003095997031778097,,0.007097527384757996,,0.023384060710668564,,0.5521553754806519,,,,,,,,,,,,,,,,
5,4499,,0.034339189529418945,,0.0,,0.31925293803215027,,0.014256132766604424,,0.21133765578269958,,,0.20245428383350372,0.018761681392788887,,0.010310410521924496,,0.2102842628955841,,0.0399756096303463,,0.014576519839465618,,0.0032534648198634386,,0.006679053418338299,,0.014256132766604424,,0.5460801720619202,,,,,,,,,,,,,,,,
5,4509,,0.031150544062256813,,0.0,,0.2635071575641632,,0.020109549164772034,,0.21449220180511475,,,0.22449274361133575,0.021892433986067772,,0.011979207396507263,,0.20936915278434753,,0.04768658056855202,,0.019294973462820053,,0.0034312638454139233,,0.007112984545528889,,0.020109549164772034,,0.5408158898353577,,,,,,,,,,,,,,,,
5,4519,,0.02842806838452816,,0.0,,0.29542192816734314,,0.02724219672381878,,0.23367834091186523,,,0.20039397478103638,0.027330812066793442,,0.007913962006568909,,0.21464994549751282,,0.04363450035452843,,0.01886536180973053,,0.0038800931069999933,,0.007652053143829107,,0.02724219672381878,,0.5583716630935669,,,,,,,,,,,,,,,,
5,4529,,0.03302762657403946,,0.0,,0.2913869619369507,,0.025063414126634598,,0.23150154948234558,,,0.21326826512813568,0.02392088621854782,,0.008015109226107597,,0.21436023712158203,,0.03945019468665123,,0.01854298636317253,,0.0030568919610232115,,0.006373967044055462,,0.025063414126634598,,0.5571709871292114,,,,,,,,,,,,,,,,
5,4539,,0.038116712123155594,,0.0,,0.3173375427722931,,0.04927713796496391,,0.25879624485969543,,,0.21792899072170258,0.019476085901260376,,0.010646766982972622,,0.21274521946907043,,0.0886138528585434,,0.05046311393380165,,0.0034968198742717505,,0.008126444183290005,,0.04927713796496391,,0.6415756344795227,,,,,,,,,,,,,,,,
5,4549,,0.023141926154494286,,0.0,,0.30352023243904114,,0.02560453861951828,,0.2709091901779175,,,0.19543884694576263,0.019814450293779373,,0.008958122693002224,,0.20879536867141724,,0.045988790690898895,,0.02332935854792595,,0.002697080373764038,,0.006797601003199816,,0.02560453861951828,,0.570896565914154,,,,,,,,,,,,,,,,
5,4559,,0.03351418673992157,,0.0,,0.2742285132408142,,0.026585746556520462,,0.21321390569210052,,,0.21565799415111542,0.06960538774728775,,0.013063577935099602,,0.2177228033542633,,0.039932601153850555,,0.01703207567334175,,0.0032908665016293526,,0.006565937772393227,,0.026585746556520462,,0.5684897303581238,,,,,,,,,,,,,,,,
5,4569,,0.03782801330089569,,0.0,,0.29388684034347534,,0.02665777876973152,,0.24066737294197083,,,0.19978758692741394,0.026293344795703888,,0.012397682294249535,,0.2232304960489273,,0.06826922297477722,,0.028805937618017197,,0.004337256774306297,,0.008043010719120502,,0.02665777876973152,,0.5891238451004028,,,,,,,,,,,,,,,,
5,4579,,0.029863296076655388,,0.0,,0.2918893098831177,,0.024649720638990402,,0.250099241733551,,,0.20054803788661957,0.025814469903707504,,0.008852179162204266,,0.21247835457324982,,0.0644843578338623,,0.024971315637230873,,0.00310060428455472,,0.006958304904401302,,0.024649720638990402,,0.5753337740898132,,,,,,,,,,,,,,,,
5,4589,,0.03255774825811386,,0.0,,0.28225693106651306,,0.01910918764770031,,0.22619551420211792,,,0.19373421370983124,0.03236795589327812,,0.009480729699134827,,0.21164706349372864,,0.029881680384278297,,0.014198862947523594,,0.002613659016788006,,0.005823040381073952,,0.01910918764770031,,0.5328447818756104,,,,,,,,,,,,,,,,
5,4599,,0.04986623302102089,,0.0,,0.3368193507194519,,0.03929838538169861,,0.21252501010894775,,,0.21673272550106049,0.1076337918639183,,0.019376134499907494,,0.21102488040924072,,0.06683599948883057,,0.035245124250650406,,0.0029277510475367308,,0.007361331954598427,,0.03929838538169861,,0.6565040946006775,,,,,,,,,,,,,,,,
5,4609,,0.021946348249912262,,0.0,,0.2763187289237976,,0.028950562700629234,,0.23554110527038574,,,0.18138562142848969,0.029067765921354294,,0.01033577136695385,,0.202628493309021,,0.05044632405042648,,0.021616723388433456,,0.0028148842975497246,,0.006303003989160061,,0.028950562700629234,,0.5368291735649109,,,,,,,,,,,,,,,,
5,4619,,0.030915822833776474,,0.0,,0.2851329445838928,,0.022836782038211823,,0.229143425822258,,,0.2029207944869995,0.03113643079996109,,0.017445560544729233,,0.21112726628780365,,0.05111166834831238,,0.023111555725336075,,0.00360431638546288,,0.008139400742948055,,0.022836782038211823,,0.562382698059082,,,,,,,,,,,,,,,,
5,4629,,0.03241922706365585,,0.0,,0.2800005376338959,,0.04499879479408264,,0.21120530366897583,,,0.18868811428546906,0.016093581914901733,,0.007598905824124813,,0.2142200618982315,,0.0662701278924942,,0.03440208360552788,,0.003274288959801197,,0.008102885447442532,,0.04499879479408264,,0.5576884150505066,,,,,,,,,,,,,,,,
5,4639,,0.033731184899806976,,0.0,,0.2873982787132263,,0.018775537610054016,,0.20675191283226013,,,0.2065005600452423,0.016905609518289566,,0.013327058404684067,,0.20495031774044037,,0.06958137452602386,,0.014876888133585453,,0.0030543820466846228,,0.0061294399201869965,,0.018775537610054016,,0.5440559387207031,,,,,,,,,,,,,,,,
5,4649,,0.03125233203172684,,0.0,,0.28920793533325195,,0.017979677766561508,,0.21575963497161865,,,0.18575112521648407,0.019840914756059647,,0.009006384760141373,,0.210396870970726,,0.04090728610754013,,0.018284160643815994,,0.0031777031254023314,,0.007007057778537273,,0.017979677766561508,,0.5277891159057617,,,,,,,,,,,,,,,,
5,4659,,0.01998382806777954,,0.0,,0.2791208028793335,,0.023044554516673088,,0.23478275537490845,,,0.18516086041927338,0.026182198897004128,,0.007088142447173595,,0.20459309220314026,,0.03873630613088608,,0.018633617088198662,,0.002838495885953307,,0.00695895217359066,,0.023044554516673088,,0.5270412564277649,,,,,,,,,,,,,,,,
5,4669,,0.035781990736722946,,0.0,,0.2978953719139099,,0.07190286368131638,,0.22477993369102478,,,0.21810124814510345,0.014709214679896832,,0.011549687013030052,,0.21282821893692017,,0.06339474022388458,,0.03639356791973114,,0.0039188736118376255,,0.007941815070807934,,0.07190286368131638,,0.603569746017456,,,,,,,,,,,,,,,,
5,4679,,0.023386966437101364,,0.0,,0.27843737602233887,,0.027058590203523636,,0.21020233631134033,,,0.19341610372066498,0.010921097360551357,,0.006653151474893093,,0.20652101933956146,,0.047379132360219955,,0.021579096093773842,,0.0032892166636884212,,0.007230659946799278,,0.027058590203523636,,0.5216526985168457,,,,,,,,,,,,,,,,
5,4689,,0.03444810211658478,,0.0,,0.3120078444480896,,0.08297500014305115,,0.2150777280330658,,,0.20608022809028625,0.026249220594763756,,0.009579723700881004,,0.20900008082389832,,0.05648487061262131,,0.03620818257331848,,0.0034663144033402205,,0.007048817817121744,,0.08297500014305115,,0.6028374433517456,,,,,,,,,,,,,,,,
5,4699,,0.026860713958740234,,0.0,,0.2998756170272827,,0.026627087965607643,,0.27305683493614197,,,0.2006114274263382,0.04515128210186958,,0.014143496751785278,,0.20837432146072388,,0.06981006264686584,,0.047931961715221405,,0.0027498414274305105,,0.007122734561562538,,0.026627087965607643,,0.6147189736366272,,,,,,,,,,,,,,,,
5,4709,,0.027447324246168137,,0.0,,0.27929699420928955,,0.015367858111858368,,0.2525818943977356,,,0.17855136096477509,0.022106841206550598,,0.0075217001140117645,,0.2085305005311966,,0.03414490446448326,,0.014496207237243652,,0.003449408570304513,,0.006325152236968279,,0.015367858111858368,,0.5280726552009583,,,,,,,,,,,,,,,,
5,4719,,0.03291873633861542,,0.0,,0.30201029777526855,,0.05206723511219025,,0.23532800376415253,,,0.17852208018302917,0.02347220666706562,,0.011310756206512451,,0.2052583545446396,,0.05300352722406387,,0.025916628539562225,,0.0037945641670376062,,0.007097497582435608,,0.05206723511219025,,0.5688986778259277,,,,,,,,,,,,,,,,
5,4729,,0.029353832826018333,,0.0,,0.29721519351005554,,0.07403914630413055,,0.22802519798278809,,,0.23025166988372803,0.09892430901527405,,0.010112617164850235,,0.2126782238483429,,0.06581679731607437,,0.03428572416305542,,0.003707943018525839,,0.008017301559448242,,0.07403914630413055,,0.650222659111023,,,,,,,,,,,,,,,,
5,4739,,0.025882907211780548,,0.0,,0.29602545499801636,,0.015620974823832512,,0.20257703959941864,,,0.1839202344417572,0.014782757498323917,,0.009655514732003212,,0.20927363634109497,,0.0379784069955349,,0.0144387511536479,,0.0030095039401203394,,0.006391558330506086,,0.015620974823832512,,0.512974202632904,,,,,,,,,,,,,,,,
5,4749,,0.03233695030212402,,0.0,,0.3007635176181793,,0.07762590795755386,,0.22484272718429565,,,0.21228395402431488,0.06128397583961487,,0.012477435171604156,,0.2032645046710968,,0.058831773698329926,,0.03242412209510803,,0.0029018267523497343,,0.006998943630605936,,0.07762590795755386,,0.6165173053741455,,,,,,,,,,,,,,,,
5,4759,,0.02929788827896118,,0.0,,0.28583434224128723,,0.03125424683094025,,0.29673337936401367,,,0.19566890597343445,0.03500763326883316,,0.015843264758586884,,0.2106587290763855,,0.07556145638227463,,0.03228015825152397,,0.003102007322013378,,0.008256755769252777,,0.03125424683094025,,0.6138777732849121,,,,,,,,,,,,,,,,
5,4769,,0.026246026158332825,,0.0,,0.3091541826725006,,0.01607736200094223,,0.21173015236854553,,,0.2064400017261505,0.043645717203617096,,0.006557476706802845,,0.20611616969108582,,0.056201107800006866,,0.03739809989929199,,0.0028255092911422253,,0.006331310141831636,,0.01607736200094223,,0.567527174949646,,,,,,,,,,,,,,,,
5,4779,,0.033188752830028534,,0.0,,0.292432576417923,,0.030620109289884567,,0.21450477838516235,,,0.21317383646965027,0.03467384725809097,,0.007383294403553009,,0.20686492323875427,,0.06756602227687836,,0.04768085479736328,,0.003198855323716998,,0.006723317783325911,,0.030620109289884567,,0.5823673009872437,,,,,,,,,,,,,,,,
5,4789,,0.0300406813621521,,0.0,,0.2869110703468323,,0.04516904056072235,,0.22112153470516205,,,0.20301911234855652,0.045764707028865814,,0.009196886792778969,,0.211635023355484,,0.07460334897041321,,0.05036347359418869,,0.003997873514890671,,0.007899281568825245,,0.04516904056072235,,0.598810613155365,,,,,,,,,,,,,,,,
5,4799,,0.028595158830285072,,0.0,,0.26695162057876587,,0.043928101658821106,,0.20239920914173126,,,0.20959076285362244,0.041551798582077026,,0.007836810313165188,,0.20830678939819336,,0.06304541975259781,,0.031194493174552917,,0.0034835876431316137,,0.007599205709993839,,0.043928101658821106,,0.5610410571098328,,,,,,,,,,,,,,,,
5,4809,,0.027727611362934113,,0.0,,0.2700408101081848,,0.10140921175479889,,0.21007707715034485,,,0.18537162244319916,0.03288016468286514,,0.010833540931344032,,0.20834359526634216,,0.09183471649885178,,0.054145727306604385,,0.004256578162312508,,0.008546489290893078,,0.10140921175479889,,0.6070067882537842,,,,,,,,,,,,,,,,
5,4819,,0.030894052237272263,,0.0,,0.2990206182003021,,0.04373401403427124,,0.22195342183113098,,,0.2050407975912094,0.016004880890250206,,0.00833151862025261,,0.2157348394393921,,0.09076115489006042,,0.04299942031502724,,0.0031035582069307566,,0.008284084498882294,,0.04373401403427124,,0.5970732569694519,,,,,,,,,,,,,,,,
5,4829,,0.03029314987361431,,0.0,,0.2919575572013855,,0.03844035416841507,,0.21996378898620605,,,0.1900048702955246,0.027603285387158394,,0.00959074404090643,,0.20736312866210938,,0.05396319180727005,,0.024626754224300385,,0.0032563365530222654,,0.007802021224051714,,0.03844035416841507,,0.5563335418701172,,,,,,,,,,,,,,,,
5,4839,,0.03537890687584877,,0.0,,0.3099391460418701,,0.034522008150815964,,0.22835712134838104,,,0.18781428039073944,0.04460499808192253,,0.00853783916682005,,0.2074519544839859,,0.08871337026357651,,0.03527572751045227,,0.0034062776248902082,,0.00830975640565157,,0.034522008150815964,,0.6003106236457825,,,,,,,,,,,,,,,,
5,4849,,0.019511692225933075,,0.0,,0.2748689651489258,,0.04579456150531769,,0.21272499859333038,,,0.20610813796520233,0.026957154273986816,,0.00825306586921215,,0.20648033916950226,,0.054564446210861206,,0.022421984001994133,,0.0040769814513623714,,0.0076697045005857944,,0.04579456150531769,,0.5485507845878601,,,,,,,,,,,,,,,,
5,4859,,0.036791540682315826,,0.0,,0.30426663160324097,,0.017840301617980003,,0.22584310173988342,,,0.20303161442279816,0.027947254478931427,,0.009618967771530151,,0.21044102311134338,,0.04720509052276611,,0.0199614055454731,,0.003354504005983472,,0.0066008614376187325,,0.017840301617980003,,0.5597516298294067,,,,,,,,,,,,,,,,
5,4869,,0.03229711204767227,,0.0,,0.2648204267024994,,0.02879350818693638,,0.21475699543952942,,,0.20135758817195892,0.03370647504925728,,0.008983900770545006,,0.20540016889572144,,0.07047456502914429,,0.029960041865706444,,0.003139015519991517,,0.00764502352103591,,0.02879350818693638,,0.5544899106025696,,,,,,,,,,,,,,,,
5,4879,,0.02405550517141819,,0.0,,0.27307969331741333,,0.04844909533858299,,0.23587541282176971,,,0.18212488293647766,0.0385662280023098,,0.012361819855868816,,0.20302563905715942,,0.058212894946336746,,0.0259640421718359,,0.0032056551426649094,,0.007305565755814314,,0.04844909533858299,,0.5597659945487976,,,,,,,,,,,,,,,,
5,4889,,0.0284450463950634,,0.0,,0.29501813650131226,,0.044061824679374695,,0.22258026897907257,,,0.20064310729503632,0.017893873155117035,,0.01149209775030613,,0.21259231865406036,,0.07285964488983154,,0.03131812810897827,,0.0036706363316625357,,0.006864489521831274,,0.044061824679374695,,0.5771520137786865,,,,,,,,,,,,,,,,
5,4899,,0.036701008677482605,,0.0,,0.2772245407104492,,0.07680215686559677,,0.21523207426071167,,,0.20693477988243103,0.06194928660988808,,0.013197979889810085,,0.21432337164878845,,0.07777978479862213,,0.0409778468310833,,0.0033610761165618896,,0.008474260568618774,,0.07680215686559677,,0.6207162141799927,,,,,,,,,,,,,,,,
5,4909,,0.029615528881549835,,0.0,,0.27863502502441406,,0.01657571643590927,,0.21884191036224365,,,0.18998296558856964,0.024562623351812363,,0.008476821705698967,,0.205902561545372,,0.034981079399585724,,0.013037014752626419,,0.003106269519776106,,0.006197669077664614,,0.01657571643590927,,0.5180563926696777,,,,,,,,,,,,,,,,
5,4919,,0.02663549967110157,,0.0,,0.25238361954689026,,0.016088873147964478,,0.214300736784935,,,0.1882738322019577,0.017641371116042137,,0.006886321119964123,,0.2030389904975891,,0.03348515182733536,,0.014050590805709362,,0.0028924490325152874,,0.006310723721981049,,0.016088873147964478,,0.49414944648742676,,,,,,,,,,,,,,,,
5,4929,,0.04162776470184326,,0.0,,0.29841548204421997,,0.03759857267141342,,0.227497860789299,,,0.18441785871982574,0.019510418176651,,0.01321551762521267,,0.22293820977210999,,0.07670090347528458,,0.03167511150240898,,0.004738402087241411,,0.008411944843828678,,0.03759857267141342,,0.5875800251960754,,,,,,,,,,,,,,,,
5,4939,,0.02855788730084896,,0.0,,0.2818114161491394,,0.02759634517133236,,0.23073309659957886,,,0.21342384815216064,0.02300565503537655,,0.00940929725766182,,0.2098805010318756,,0.040654152631759644,,0.01949397847056389,,0.003138555446639657,,0.006824391428381205,,0.02759634517133236,,0.5506767630577087,,,,,,,,,,,,,,,,
5,4949,,0.029317183420062065,,0.0,,0.3079308271408081,,0.03454432263970375,,0.2044859081506729,,,0.19430431723594666,0.017785832285881042,,0.008715391159057617,,0.2072688639163971,,0.037741344422101974,,0.015110442414879799,,0.0035962730180472136,,0.006944161374121904,,0.03454432263970375,,0.5373445749282837,,,,,,,,,,,,,,,,
5,4959,,0.025786157697439194,,0.0,,0.26307418942451477,,0.01992957480251789,,0.21115154027938843,,,0.21952247619628906,0.011693133041262627,,0.0061910259537398815,,0.2079908549785614,,0.05465526878833771,,0.02023318037390709,,0.003168713301420212,,0.007044957485049963,,0.01992957480251789,,0.5287430286407471,,,,,,,,,,,,,,,,
5,4969,,0.026994043961167336,,0.0,,0.2503189146518707,,0.017366478219628334,,0.23113155364990234,,,0.19327513873577118,0.012392180040478706,,0.0060072704218328,,0.20193737745285034,,0.028586531057953835,,0.013177263550460339,,0.002740339143201709,,0.005912229418754578,,0.017366478219628334,,0.49787577986717224,,,,,,,,,,,,,,,,
5,4979,,0.025830984115600586,,0.0,,0.2703064978122711,,0.05242548882961273,,0.24263089895248413,,,0.18075169622898102,0.008994769304990768,,0.009750971570611,,0.20301683247089386,,0.08151333779096603,,0.04085224121809006,,0.0031323253642767668,,0.007359440438449383,,0.05242548882961273,,0.5669624209403992,,,,,,,,,,,,,,,,
5,4989,,0.034982312470674515,,0.0,,0.29250597953796387,,0.012051994912326336,,0.2102070450782776,,,0.19509276747703552,0.015257874503731728,,0.007008334621787071,,0.19955193996429443,,0.04920647293329239,,0.016809849068522453,,0.003090744838118553,,0.005980153102427721,,0.012051994912326336,,0.5238627791404724,,,,,,,,,,,,,,,,
5,4999,,0.02792866714298725,,0.0,,0.2862464487552643,,0.04197179153561592,,0.23336617648601532,,,0.19200965762138367,0.022735491394996643,,0.008376317098736763,,0.20097456872463226,,0.09865948557853699,,0.045275889337062836,,0.0029746247455477715,,0.0074552264995872974,,0.04197179153561592,,0.5877147912979126,,,,,,,,,,,,,,,,
5,5009,,0.02795540913939476,,0.0,,0.27224165201187134,,0.01132663432508707,,0.20879842340946198,,,0.1994587481021881,0.02635856717824936,,0.008234134875237942,,0.20880603790283203,,0.03179362416267395,,0.011508133262395859,,0.0032382167410105467,,0.005966251250356436,,0.01132663432508707,,0.5108259916305542,,,,,,,,,,,,,,,,
5,5019,,0.0254544448107481,,0.0,,0.2763362526893616,,0.015866534784436226,,0.2163654863834381,,,0.19663776457309723,0.011575627140700817,,0.006393378600478172,,0.20302653312683105,,0.02672690898180008,,0.014010475017130375,,0.0023976387456059456,,0.005778823979198933,,0.015866534784436226,,0.5031743049621582,,,,,,,,,,,,,,,,
5,5029,,0.033489517867565155,,0.0,,0.2703419029712677,,0.027318879961967468,,0.24355044960975647,,,0.19987164437770844,0.023205211386084557,,0.011062643490731716,,0.20384807884693146,,0.042190831154584885,,0.020489726215600967,,0.0032354549039155245,,0.006937046069651842,,0.027318879961967468,,0.5462391376495361,,,,,,,,,,,,,,,,
5,5039,,0.03473083674907684,,0.0,,0.27983301877975464,,0.08059905469417572,,0.22096075117588043,,,0.22368881106376648,0.02111448533833027,,0.00900990329682827,,0.20307597517967224,,0.09087058156728745,,0.04330705478787422,,0.002813042374327779,,0.007591967470943928,,0.08059905469417572,,0.6125937700271606,,,,,,,,,,,,,,,,
5,5049,,0.02420390583574772,,0.0,,0.2560610771179199,,0.01099597942084074,,0.2085038423538208,,,0.20857961475849152,0.012513929046690464,,0.007032616063952446,,0.20964214205741882,,0.028854411095380783,,0.012037523090839386,,0.0027088590431958437,,0.005849373061209917,,0.01099597942084074,,0.496416300535202,,,,,,,,,,,,,,,,
5,5059,,0.03610242158174515,,0.0,,0.2774240970611572,,0.025507530197501183,,0.21334904432296753,,,0.20255576074123383,0.01145931612700224,,0.012062257155776024,,0.21599990129470825,,0.04163963347673416,,0.020375076681375504,,0.0034151587169617414,,0.007442626636475325,,0.025507530197501183,,0.5373877286911011,,,,,,,,,,,,,,,,
5,5069,,0.03636563569307327,,0.0,,0.2816196382045746,,0.025916241109371185,,0.20887452363967896,,,0.19492141902446747,0.02164861559867859,,0.011115074157714844,,0.20542091131210327,,0.05822165310382843,,0.026320314034819603,,0.0031058145686984062,,0.007282529957592487,,0.025916241109371185,,0.544047474861145,,,,,,,,,,,,,,,,
5,5069,,,,,,,,,,,,,,,,,,,,,,,,,,,,,,,,0.06617924571037292,0.0,0.3652638792991638,0.36269593238830566,0.29226917028427124,0.14363273978233337,0.2439577281475067,0.0332622304558754,0.26243114471435547,0.6864422559738159,0.3565994203090668,0.004713576752692461,0.02518075704574585,0.36269593238830566,1.4339042901992798
5,5069,0.03130925074219704,,0.0,,0.2917216420173645,,0.03724958747625351,,0.22824622690677643,,0.027779361233115196,0.20074781775474548,,,0.010688090696930885,,0.2120523601770401,,0.06025339663028717,,0.02811567485332489,,0.0033601620234549046,,0.007351890206336975,,0.03724958747625351,,0.5731136798858643,,0.252276748418808,,,,,,,,,,,,,,,
6,5079,,0.026972047984600067,,0.0,,0.26074209809303284,,0.02001061663031578,,0.2162066549062729,,,0.20817917585372925,0.021769382059574127,,0.00883540604263544,,0.2029085010290146,,0.050869084894657135,,0.02113405428826809,,0.003281927201896906,,0.006839963141828775,,0.02001061663031578,,0.5272944569587708,,,,,,,,,,,,,,,,
6,5089,,0.032144851982593536,,0.0,,0.284030944108963,,0.02061726525425911,,0.23740041255950928,,,0.2030310481786728,0.022436734288930893,,0.011902684345841408,,0.20727252960205078,,0.03461537882685661,,0.016326574608683586,,0.0029480066150426865,,0.006701813079416752,,0.02061726525425911,,0.543065071105957,,,,,,,,,,,,,,,,
6,5099,,0.024734392762184143,,0.0,,0.2510528862476349,,0.014017624780535698,,0.2062554955482483,,,0.20671579241752625,0.018731681630015373,,0.005093494430184364,,0.20227792859077454,,0.025072066113352776,,0.012710975483059883,,0.0027656860183924437,,0.0054102325811982155,,0.014017624780535698,,0.4901242256164551,,,,,,,,,,,,,,,,
6,5109,,0.029630638659000397,,0.0,,0.270469069480896,,0.015772510319948196,,0.2130749672651291,,,0.20742838084697723,0.015922827646136284,,0.011130943894386292,,0.2130480706691742,,0.03505079448223114,,0.014406935311853886,,0.0030309471767395735,,0.006077996920794249,,0.015772510319948196,,0.5205610394477844,,,,,,,,,,,,,,,,
6,5119,,0.03133397549390793,,0.0,,0.2731039524078369,,0.014758664183318615,,0.2145819067955017,,,0.18513064086437225,0.014292093925178051,,0.0072128623723983765,,0.20270933210849762,,0.023245468735694885,,0.010965058580040932,,0.002659547608345747,,0.005387703888118267,,0.014758664183318615,,0.49538445472717285,,,,,,,,,,,,,,,,
6,5129,,0.024828307330608368,,0.0,,0.26216375827789307,,0.020208457484841347,,0.22874371707439423,,,0.18854479491710663,0.016698874533176422,,0.011118847876787186,,0.20598363876342773,,0.050461310893297195,,0.02044101245701313,,0.0033579932060092688,,0.007337258197367191,,0.020208457484841347,,0.5236126780509949,,,,,,,,,,,,,,,,
6,5139,,0.043707475066185,,0.0,,0.29332584142684937,,0.07115504890680313,,0.20363683998584747,,,0.18435505032539368,0.02354835718870163,,0.010262226685881615,,0.20516398549079895,,0.06860862672328949,,0.03726794943213463,,0.0031022049952298403,,0.007171085104346275,,0.07115504890680313,,0.5792378783226013,,,,,,,,,,,,,,,,
6,5149,,0.03053559549152851,,0.0,,0.25326234102249146,,0.017497271299362183,,0.206947922706604,,,0.1848343163728714,0.0399240143597126,,0.011788459494709969,,0.20759713649749756,,0.03214060887694359,,0.012102850712835789,,0.0028599868528544903,,0.005891791079193354,,0.017497271299362183,,0.5056370496749878,,,,,,,,,,,,,,,,
6,5159,,0.02548246830701828,,0.0,,0.255064457654953,,0.01629038155078888,,0.20950299501419067,,,0.18893882632255554,0.01572425663471222,,0.006692099384963512,,0.20349150896072388,,0.05643974244594574,,0.034544698894023895,,0.0031392427626997232,,0.007205591537058353,,0.01629038155078888,,0.514860987663269,,,,,,,,,,,,,,,,
6,5169,,0.031412094831466675,,0.0,,0.2615325152873993,,0.035303995013237,,0.2157982885837555,,,0.19777855277061462,0.016345610842108727,,0.0077381860464811325,,0.21072843670845032,,0.061521608382463455,,0.03171107918024063,,0.0028693932108581066,,0.00633612833917141,,0.035303995013237,,0.5427060723304749,,,,,,,,,,,,,,,,
6,5179,,0.030399061739444733,,0.0,,0.25911402702331543,,0.01790490187704563,,0.20899969339370728,,,0.20127122104167938,0.02916567027568817,,0.007711066864430904,,0.1984272301197052,,0.04167986288666725,,0.019098490476608276,,0.002756250323727727,,0.006516793742775917,,0.01790490187704563,,0.5147805213928223,,,,,,,,,,,,,,,,
6,5189,,0.02369486168026924,,0.0,,0.2756181061267853,,0.016447093337774277,,0.20952293276786804,,,0.1858193427324295,0.011343761347234249,,0.005972155369818211,,0.2043146938085556,,0.04303552955389023,,0.014896543696522713,,0.002844868926331401,,0.006269163452088833,,0.016447093337774277,,0.5030240416526794,,,,,,,,,,,,,,,,
6,5199,,0.02566792070865631,,0.0,,0.28184249997138977,,0.012327700853347778,,0.22483046352863312,,,0.22087161242961884,0.011667090468108654,,0.0061670998111367226,,0.19940069317817688,,0.0341266468167305,,0.012145387008786201,,0.0030138760339468718,,0.005976626183837652,,0.012327700853347778,,0.5220071077346802,,,,,,,,,,,,,,,,
6,5209,,0.03001248463988304,,0.0,,0.2596163749694824,,0.024839628487825394,,0.21817076206207275,,,0.2111499011516571,0.022949054837226868,,0.01125670038163662,,0.2017751783132553,,0.06161801144480705,,0.023301756009459496,,0.0033829878084361553,,0.007672735024243593,,0.024839628487825394,,0.5417091250419617,,,,,,,,,,,,,,,,
6,5219,,0.025625240057706833,,0.0,,0.297230988740921,,0.04505990445613861,,0.214397132396698,,,0.17732611298561096,0.017674069851636887,,0.007312759291380644,,0.19665329158306122,,0.0443098209798336,,0.023237135261297226,,0.002995672170072794,,0.007131181191653013,,0.04505990445613861,,0.5330422520637512,,,,,,,,,,,,,,,,
6,5229,,0.03811154142022133,,0.0,,0.28567323088645935,,0.02010420709848404,,0.21058598160743713,,,0.2005172073841095,0.01817508414387703,,0.0114004947245121,,0.2097768485546112,,0.04964275658130646,,0.01945602521300316,,0.0028355515096336603,,0.006283496040850878,,0.02010420709848404,,0.5394229888916016,,,,,,,,,,,,,,,,
6,5239,,0.021430451422929764,,0.0,,0.2480614185333252,,0.0165848508477211,,0.23150765895843506,,,0.17637492716312408,0.014970341697335243,,0.008680499158799648,,0.20419928431510925,,0.036626532673835754,,0.016212143003940582,,0.0032630786299705505,,0.0069826566614210606,,0.0165848508477211,,0.495938241481781,,,,,,,,,,,,,,,,
6,5249,,0.02028239518404007,,0.0,,0.2740737795829773,,0.026863127946853638,,0.2084071785211563,,,0.19266639649868011,0.012936083599925041,,0.004652307368814945,,0.20203253626823425,,0.048841286450624466,,0.019742900505661964,,0.0030956354457885027,,0.006604161113500595,,0.026863127946853638,,0.5134009122848511,,,,,,,,,,,,,,,,
6,5259,,0.019773896783590317,,0.0,,0.27480411529541016,,0.01354414876550436,,0.24301505088806152,,,0.19577166438102722,0.009033245034515858,,0.005991028156131506,,0.19605055451393127,,0.032458435744047165,,0.013553806580603123,,0.003027055412530899,,0.00613128999248147,,0.01354414876550436,,0.5096428394317627,,,,,,,,,,,,,,,,
6,5269,,0.030844418331980705,,0.0,,0.24588920176029205,,0.0305045023560524,,0.21999146044254303,,,0.18788449466228485,0.007522505708038807,,0.008792124688625336,,0.20473243296146393,,0.04246162623167038,,0.019087471067905426,,0.0033744252286851406,,0.006578247994184494,,0.0305045023560524,,0.5071206092834473,,,,,,,,,,,,,,,,
6,5279,,0.021081533282995224,,0.0,,0.23724155128002167,,0.02220914512872696,,0.21255962550640106,,,0.19448745250701904,0.011178601533174515,,0.007189960218966007,,0.19171273708343506,,0.03269493579864502,,0.013960001058876514,,0.0031415442936122417,,0.006183657329529524,,0.02220914512872696,,0.4799122214317322,,,,,,,,,,,,,,,,
6,5289,,0.027214135974645615,,0.0,,0.27829650044441223,,0.04434860497713089,,0.21446844935417175,,,0.19148258864879608,0.01337385829538107,,0.00759365176782012,,0.2019345760345459,,0.06471376866102219,,0.03554521128535271,,0.003586605191230774,,0.007314884569495916,,0.04434860497713089,,0.5485938787460327,,,,,,,,,,,,,,,,
6,5299,,0.02616078592836857,,0.0,,0.2610516846179962,,0.017828170210123062,,0.21231238543987274,,,0.17658092081546783,0.010139587335288525,,0.009769266471266747,,0.20147201418876648,,0.03661232069134712,,0.016261029988527298,,0.0030561061576008797,,0.00637909397482872,,0.017828170210123062,,0.4920012354850769,,,,,,,,,,,,,,,,
6,5309,,0.022409552708268166,,0.0,,0.2378782480955124,,0.015241899527609348,,0.2108229398727417,,,0.18482454121112823,0.05731230601668358,,0.010430306196212769,,0.201548770070076,,0.03884346783161163,,0.015163886360824108,,0.002921415725722909,,0.006395302712917328,,0.015241899527609348,,0.5050939917564392,,,,,,,,,,,,,,,,
6,5319,,0.025734467431902885,,0.0,,0.27360799908638,,0.017680782824754715,,0.20686998963356018,,,0.18631279468536377,0.024644847959280014,,0.01270237099379301,,0.198332741856575,,0.06194119155406952,,0.018217723816633224,,0.0031410439405590296,,0.007051384076476097,,0.017680782824754715,,0.5216443538665771,,,,,,,,,,,,,,,,
6,5329,,0.02658722922205925,,0.0,,0.27530258893966675,,0.014915566891431808,,0.21818530559539795,,,0.17945899069309235,0.013736855238676071,,0.01071874052286148,,0.20138198137283325,,0.055947303771972656,,0.01532834768295288,,0.003361240727826953,,0.006870058830827475,,0.014915566891431808,,0.5143321752548218,,,,,,,,,,,,,,,,
6,5339,,0.029800403863191605,,0.0,,0.26112100481987,,0.024737123399972916,,0.20753498375415802,,,0.17459720373153687,0.02257505990564823,,0.00769400130957365,,0.1975264996290207,,0.04856519028544426,,0.021676555275917053,,0.003245642874389887,,0.0070368098095059395,,0.024737123399972916,,0.5065736174583435,,,,,,,,,,,,,,,,
6,5349,,0.025784220546483994,,0.0,,0.2397167831659317,,0.01728443056344986,,0.20723284780979156,,,0.20021986961364746,0.033060576766729355,,0.017562953755259514,,0.21396799385547638,,0.049044106155633926,,0.019213296473026276,,0.003744252724573016,,0.00721938069909811,,0.01728443056344986,,0.5206350088119507,,,,,,,,,,,,,,,,
6,5359,,0.02391473948955536,,0.0,,0.2640235722064972,,0.010679273866117,,0.20674878358840942,,,0.18558576703071594,0.021486574783921242,,0.007878746837377548,,0.1894455850124359,,0.025512713938951492,,0.011214056983590126,,0.0025446282234042883,,0.005474123638123274,,0.010679273866117,,0.4799913167953491,,,,,,,,,,,,,,,,
6,5369,,0.018452858552336693,,0.0,,0.26210087537765503,,0.022013582289218903,,0.21313638985157013,,,0.18523311614990234,0.01467834785580635,,0.008331438526511192,,0.1915552318096161,,0.06500116735696793,,0.020955214276909828,,0.004051858559250832,,0.007234517019242048,,0.022013582289218903,,0.5099895596504211,,,,,,,,,,,,,,,,
6,5379,,0.03186974674463272,,0.0,,0.270213782787323,,0.01263140793889761,,0.20976556837558746,,,0.18632328510284424,0.02491358481347561,,0.010126721113920212,,0.19966720044612885,,0.026931585744023323,,0.011739558540284634,,0.0030016438104212284,,0.006000453140586615,,0.01263140793889761,,0.49959251284599304,,,,,,,,,,,,,,,,
6,5389,,0.03386376053094864,,0.0,,0.24156108498573303,,0.013248207978904247,,0.21446867287158966,,,0.20551839470863342,0.01996300369501114,,0.011246660724282265,,0.21222415566444397,,0.027125120162963867,,0.009667905978858471,,0.002825880888849497,,0.0055041229352355,,0.013248207978904247,,0.5013605952262878,,,,,,,,,,,,,,,,
6,5399,,0.02520679123699665,,0.0,,0.2700180411338806,,0.024637144058942795,,0.23971399664878845,,,0.18250994384288788,0.012886354699730873,,0.0061273230239748955,,0.2057347595691681,,0.04177659749984741,,0.017643367871642113,,0.002713401336222887,,0.00590213667601347,,0.024637144058942795,,0.5203859806060791,,,,,,,,,,,,,,,,
6,5409,,0.022957835346460342,,0.0,,0.24380022287368774,,0.027283035218715668,,0.205739825963974,,,0.18572543561458588,0.020882710814476013,,0.007075659930706024,,0.21173515915870667,,0.028067799285054207,,0.015010315924882889,,0.0026040012016892433,,0.005643918178975582,,0.027283035218715668,,0.49108490347862244,,,,,,,,,,,,,,,,
6,5419,,0.02714862860739231,,0.0,,0.2818526327610016,,0.04574380815029144,,0.22833195328712463,,,0.18390481173992157,0.0231920313090086,,0.012336432002484798,,0.1968669593334198,,0.04499030485749245,,0.022186657413840294,,0.0037489780224859715,,0.007147310767322779,,0.04574380815029144,,0.5422989130020142,,,,,,,,,,,,,,,,
6,5429,,0.023382877930998802,,0.0,,0.24669775366783142,,0.040018171072006226,,0.21388545632362366,,,0.19455565512180328,0.03980102762579918,,0.008447811007499695,,0.19530753791332245,,0.05585545301437378,,0.028214504942297935,,0.0036994689144194126,,0.0067571173422038555,,0.040018171072006226,,0.5316899418830872,,,,,,,,,,,,,,,,
6,5439,,0.026553133502602577,,0.0,,0.24843767285346985,,0.010531746782362461,,0.21462509036064148,,,0.17749285697937012,0.016601989045739174,,0.006526233162730932,,0.19776122272014618,,0.03016284853219986,,0.012081515043973923,,0.003164177993312478,,0.0060393293388187885,,0.010531746782362461,,0.47800856828689575,,,,,,,,,,,,,,,,
6,5449,,0.01971476711332798,,0.0,,0.2594211995601654,,0.01099580992013216,,0.22251880168914795,,,0.1794785112142563,0.00877152569591999,,0.005736044608056545,,0.19518041610717773,,0.031596846878528595,,0.012131048366427422,,0.002939732978120446,,0.006068849936127663,,0.01099580992013216,,0.48031124472618103,,,,,,,,,,,,,,,,
6,5459,,0.037603579461574554,,0.0,,0.27067023515701294,,0.03158127889037132,,0.21476125717163086,,,0.19865195453166962,0.012764857150614262,,0.010987217538058758,,0.21310316026210785,,0.043936122208833694,,0.030609130859375,,0.0029817193280905485,,0.006351102143526077,,0.03158127889037132,,0.5401763319969177,,,,,,,,,,,,,,,,
6,5469,,0.030114509165287018,,0.0,,0.2836456000804901,,0.021361391991376877,,0.22896793484687805,,,0.18397949635982513,0.021129587665200233,,0.006686009466648102,,0.20463763177394867,,0.03607718273997307,,0.016050076112151146,,0.0031988373957574368,,0.006380990147590637,,0.021361391991376877,,0.5243051648139954,,,,,,,,,,,,,,,,
6,5479,,0.020152531564235687,,0.0,,0.2454526275396347,,0.0201609805226326,,0.2137424200773239,,,0.21151478588581085,0.020438894629478455,,0.0065793669782578945,,0.19711896777153015,,0.04286765307188034,,0.018866397440433502,,0.003224156564101577,,0.007063658442348242,,0.0201609805226326,,0.5071229934692383,,,,,,,,,,,,,,,,
6,5489,,0.021278932690620422,,0.0,,0.23966655135154724,,0.01789145916700363,,0.20637266337871552,,,0.19358201324939728,0.010962389409542084,,0.0057312436401844025,,0.18936043977737427,,0.025821879506111145,,0.01241368055343628,,0.002584955422207713,,0.005515560507774353,,0.01789145916700363,,0.4683486521244049,,,,,,,,,,,,,,,,
6,5499,,0.021723808720707893,,0.0,,0.2477530986070633,,0.04321584850549698,,0.21336236596107483,,,0.16851839423179626,0.014053966850042343,,0.007328474428504705,,0.199343740940094,,0.049028679728507996,,0.0248445812612772,,0.0032664560712873936,,0.0066006057895720005,,0.04321584850549698,,0.5028203129768372,,,,,,,,,,,,,,,,
6,5509,,0.033693648874759674,,0.0,,0.268820583820343,,0.0449821799993515,,0.23607118427753448,,,0.18114109337329865,0.026340430602431297,,0.009936109185218811,,0.1937309056520462,,0.05087471753358841,,0.023118870332837105,,0.003308224957436323,,0.006528140045702457,,0.0449821799993515,,0.5425370335578918,,,,,,,,,,,,,,,,
6,5519,,0.026793595403432846,,0.0,,0.2485208660364151,,0.007512875832617283,,0.20689167082309723,,,0.18014176189899445,0.014395349659025669,,0.00790479313582182,,0.20396572351455688,,0.04930036887526512,,0.016857396811246872,,0.0033778827637434006,,0.006133712362498045,,0.007512875832617283,,0.4889647960662842,,,,,,,,,,,,,,,,
6,5529,,0.028026903048157692,,0.0,,0.23593001067638397,,0.018908068537712097,,0.2176036834716797,,,0.19303159415721893,0.006648697890341282,,0.006167929153889418,,0.1912400722503662,,0.03932960703969002,,0.018671497702598572,,0.0030337620992213488,,0.00695003243163228,,0.018908068537712097,,0.4862459599971771,,,,,,,,,,,,,,,,
6,5539,,0.020455021411180496,,0.0,,0.23148642480373383,,0.07939144968986511,,0.20704281330108643,,,0.1922287940979004,0.07765056192874908,,0.007846517488360405,,0.1955423355102539,,0.07440724968910217,,0.040670763701200485,,0.0031004033517092466,,0.008343094028532505,,0.07939144968986511,,0.5732542276382446,,,,,,,,,,,,,,,,
6,5549,,0.018180599436163902,,0.0,,0.2323017418384552,,0.041956860572099686,,0.2093478888273239,,,0.19845321774482727,0.019711405038833618,,0.005587743129581213,,0.1887742280960083,,0.027200646698474884,,0.01667962037026882,,0.002822063397616148,,0.005627586506307125,,0.041956860572099686,,0.4861355721950531,,,,,,,,,,,,,,,,
6,5559,,0.031131023541092873,,0.0,,0.2743441164493561,,0.04910273849964142,,0.20798572897911072,,,0.18718315660953522,0.030958587303757668,,0.010866338387131691,,0.20313221216201782,,0.05181301385164261,,0.02753092162311077,,0.0038888619747012854,,0.007813517935574055,,0.04910273849964142,,0.5467818379402161,,,,,,,,,,,,,,,,
6,5569,,0.028725560754537582,,0.0,,0.2586868107318878,,0.019728556275367737,,0.22024303674697876,,,0.1959248036146164,0.028746066614985466,,0.008268725126981735,,0.1994723379611969,,0.09134446084499359,,0.02589833363890648,,0.003958988934755325,,0.007757873740047216,,0.019728556275367737,,0.5482566952705383,,,,,,,,,,,,,,,,
6,5579,,0.023910049349069595,,0.0,,0.25888657569885254,,0.020469749346375465,,0.20709829032421112,,,0.18722321093082428,0.023293862119317055,,0.008420879952609539,,0.1917927861213684,,0.04138512164354324,,0.019503938034176826,,0.0029268518555909395,,0.006554409861564636,,0.020469749346375465,,0.49901002645492554,,,,,,,,,,,,,,,,
6,5589,,0.021197788417339325,,0.0,,0.24334491789340973,,0.02002473920583725,,0.20907020568847656,,,0.19076833128929138,0.008555910550057888,,0.0056821731850504875,,0.19863122701644897,,0.033680930733680725,,0.015080912038683891,,0.003262249520048499,,0.00644445326179266,,0.02002473920583725,,0.481094092130661,,,,,,,,,,,,,,,,
6,5599,,0.023535728454589844,,0.0,,0.24409043788909912,,0.015639247372746468,,0.20635339617729187,,,0.19309532642364502,0.03130028024315834,,0.007897909730672836,,0.19608372449874878,,0.06454052031040192,,0.04259245842695236,,0.0031919078901410103,,0.006369045469909906,,0.015639247372746468,,0.520529568195343,,,,,,,,,,,,,,,,
6,5609,,0.02242298610508442,,0.0,,0.27092215418815613,,0.023578889667987823,,0.21424174308776855,,,0.1821029931306839,0.01952705904841423,,0.006038452498614788,,0.1913696825504303,,0.04432370513677597,,0.01707630790770054,,0.0033930011559277773,,0.006233629304915667,,0.023578889667987823,,0.5037321448326111,,,,,,,,,,,,,,,,
6,5619,,0.03551892191171646,,0.0,,0.25825002789497375,,0.017938580363988876,,0.2133939564228058,,,0.17272384464740753,0.015211167745292187,,0.01526424940675497,,0.19548918306827545,,0.045136742293834686,,0.019190490245819092,,0.0030590540263801813,,0.0069108097814023495,,0.017938580363988876,,0.5024989247322083,,,,,,,,,,,,,,,,
6,5629,,0.019279232248663902,,0.0,,0.217326357960701,,0.01049767155200243,,0.2385530173778534,,,0.18679726123809814,0.013677737675607204,,0.004054567310959101,,0.18863359093666077,,0.07255788147449493,,0.021509267389774323,,0.003284474601969123,,0.006247461307793856,,0.01049767155200243,,0.4943329691886902,,,,,,,,,,,,,,,,
6,5639,,0.03273049741983414,,0.0,,0.28482934832572937,,0.01366718765348196,,0.20694801211357117,,,0.18395331501960754,0.00834124255925417,,0.00855703093111515,,0.19757363200187683,,0.025704436004161835,,0.011609820649027824,,0.0029657380655407906,,0.006137981545180082,,0.01366718765348196,,0.4945780634880066,,,,,,,,,,,,,,,,
6,5649,,0.021710820496082306,,0.0,,0.2529391944408417,,0.0488256998360157,,0.22333304584026337,,,0.20528221130371094,0.0415242537856102,,0.0056038666516542435,,0.19341035187244415,,0.07620267570018768,,0.03336135670542717,,0.0037252428010106087,,0.0074954102747142315,,0.0488256998360157,,0.5604547262191772,,,,,,,,,,,,,,,,
6,5659,,0.027958542108535767,,0.0,,0.27201879024505615,,0.014107360504567623,,0.2073288857936859,,,0.18021993339061737,0.017119739204645157,,0.007299335207790136,,0.19824761152267456,,0.03168080747127533,,0.011592564173042774,,0.0036329941358417273,,0.006436521653085947,,0.014107360504567623,,0.49203988909721375,,,,,,,,,,,,,,,,
6,5669,,0.01956077106297016,,0.0,,0.2093791514635086,,0.046607110649347305,,0.2027173489332199,,,0.18439440429210663,0.011647646315395832,,0.00577843701466918,,0.19388635456562042,,0.05197019875049591,,0.03246532753109932,,0.0031608513090759516,,0.0066973427310585976,,0.046607110649347305,,0.48748114705085754,,,,,,,,,,,,,,,,
6,5679,,0.02378685399889946,,0.0,,0.2770703434944153,,0.01997055858373642,,0.20156118273735046,,,0.17166592180728912,0.022586563602089882,,0.007291171234101057,,0.18524929881095886,,0.03231803700327873,,0.015465935692191124,,0.0027500276919454336,,0.006633266806602478,,0.01997055858373642,,0.48649123311042786,,,,,,,,,,,,,,,,
6,5689,,0.03351610153913498,,0.0,,0.27154332399368286,,0.00895801279693842,,0.2048129439353943,,,0.17121286690235138,0.011615428142249584,,0.008912228047847748,,0.19989648461341858,,0.021887820214033127,,0.009618472307920456,,0.002664973959326744,,0.005426282994449139,,0.00895801279693842,,0.4777456223964691,,,,,,,,,,,,,,,,
6,5699,,0.03249651938676834,,0.0,,0.25221818685531616,,0.031539805233478546,,0.20821718871593475,,,0.2014942318201065,0.03263676166534424,,0.012517309747636318,,0.20231842994689941,,0.05013500526547432,,0.020996103063225746,,0.003144870512187481,,0.006281724199652672,,0.031539805233478546,,0.5301389098167419,,,,,,,,,,,,,,,,
6,5709,,0.03225751966238022,,0.0,,0.26245740056037903,,0.01586184650659561,,0.2513982951641083,,,0.18174181878566742,0.034120455384254456,,0.012155594304203987,,0.1997058391571045,,0.0287766195833683,,0.011264229193329811,,0.003090946702286601,,0.006085060071200132,,0.01586184650659561,,0.5225003361701965,,,,,,,,,,,,,,,,
6,5719,,0.025689713656902313,,0.0,,0.24214759469032288,,0.014652072452008724,,0.20799487829208374,,,0.16900727152824402,0.03165774792432785,,0.006373669020831585,,0.19599172472953796,,0.0486452654004097,,0.019601451233029366,,0.003166378242895007,,0.006260494701564312,,0.014652072452008724,,0.48872435092926025,,,,,,,,,,,,,,,,
6,5729,,0.026518579572439194,,0.0,,0.24996085464954376,,0.010066544637084007,,0.2044004201889038,,,0.1990669071674347,0.029615944251418114,,0.006663973443210125,,0.19814059138298035,,0.05413716286420822,,0.02914511226117611,,0.0029270253144204617,,0.006012877449393272,,0.010066544637084007,,0.5113344788551331,,,,,,,,,,,,,,,,
6,5739,,0.026610013097524643,,0.0,,0.2533978521823883,,0.04962678998708725,,0.21324679255485535,,,0.20693910121917725,0.09809372574090958,,0.006025852635502815,,0.1934567242860794,,0.04822773486375809,,0.02798190340399742,,0.0031506656669080257,,0.006834716536104679,,0.04962678998708725,,0.5702133774757385,,,,,,,,,,,,,,,,
6,5749,,0.02005830965936184,,0.0,,0.24820324778556824,,0.03944190591573715,,0.22350841760635376,,,0.1775498241186142,0.005324377212673426,,0.007032788824290037,,0.1866973340511322,,0.0826149731874466,,0.03959551081061363,,0.0026722117327153683,,0.006325667258352041,,0.03944190591573715,,0.522675096988678,,,,,,,,,,,,,,,,
6,5759,,0.02873828262090683,,0.0,,0.2738341689109802,,0.048483073711395264,,0.20666715502738953,,,0.19008347392082214,0.014341529458761215,,0.007569293491542339,,0.2014656364917755,,0.04470372200012207,,0.023106670007109642,,0.003396750194951892,,0.006624135654419661,,0.048483073711395264,,0.527819037437439,,,,,,,,,,,,,,,,
6,5769,,0.034700825810432434,,0.0,,0.2705596387386322,,0.04194183647632599,,0.20457574725151062,,,0.1898493766784668,0.016982978209853172,,0.009890398941934109,,0.20146489143371582,,0.04402279108762741,,0.020376622676849365,,0.002954900963231921,,0.006514945533126593,,0.04194183647632599,,0.5251749753952026,,,,,,,,,,,,,,,,
6,5779,,0.030853981152176857,,0.0,,0.24957121908664703,,0.04239528998732567,,0.20543938875198364,,,0.18980897963047028,0.018033349886536598,,0.01122413482517004,,0.1978759765625,,0.066056028008461,,0.03073142096400261,,0.004027347080409527,,0.007347478065639734,,0.04239528998732567,,0.5303560495376587,,,,,,,,,,,,,,,,
6,5789,,0.02479918673634529,,0.0,,0.24683068692684174,,0.014485718682408333,,0.21065294742584229,,,0.20778736472129822,0.01633242703974247,,0.006868874188512564,,0.19926786422729492,,0.03480878472328186,,0.015685833990573883,,0.002893871860578656,,0.0066408258862793446,,0.014485718682408333,,0.49684765934944153,,,,,,,,,,,,,,,,
6,5799,,0.0228930301964283,,0.0,,0.24736790359020233,,0.014340362511575222,,0.20582832396030426,,,0.1809137761592865,0.009900580160319805,,0.006015353836119175,,0.18414834141731262,,0.03146250918507576,,0.013307623565196991,,0.002971967216581106,,0.006218388676643372,,0.014340362511575222,,0.465793251991272,,,,,,,,,,,,,,,,
6,5809,,0.025975750759243965,,0.0,,0.24811486899852753,,0.050685152411460876,,0.20744845271110535,,,0.18720091879367828,0.014840015210211277,,0.005321280565112829,,0.19683466851711273,,0.06806012988090515,,0.02691660448908806,,0.0036655585281550884,,0.007124113384634256,,0.050685152411460876,,0.524655818939209,,,,,,,,,,,,,,,,
6,5819,,0.026642434298992157,,0.0,,0.23652099072933197,,0.010034332051873207,,0.2091081738471985,,,0.1646393984556198,0.01106279343366623,,0.01034665945917368,,0.1908693015575409,,0.021863803267478943,,0.00862112920731306,,0.0028526848182082176,,0.005330351181328297,,0.010034332051873207,,0.4516112208366394,,,,,,,,,,,,,,,,
6,5829,,0.022240158170461655,,0.0,,0.2569468915462494,,0.017033103853464127,,0.21845296025276184,,,0.1982574760913849,0.013729753904044628,,0.008013807237148285,,0.19686618447303772,,0.04588865116238594,,0.015820462256669998,,0.003408302552998066,,0.006591448560357094,,0.017033103853464127,,0.5049203038215637,,,,,,,,,,,,,,,,
6,5839,,0.02559545263648033,,0.0,,0.233149453997612,,0.013187214732170105,,0.20458394289016724,,,0.1765536516904831,0.009689217433333397,,0.008704195730388165,,0.18946656584739685,,0.029322512447834015,,0.014022478833794594,,0.002452027751132846,,0.005606906954199076,,0.013187214732170105,,0.45897024869918823,,,,,,,,,,,,,,,,
6,5849,,0.021332627162337303,,0.0,,0.25558212399482727,,0.047910187393426895,,0.21504372358322144,,,0.1881440132856369,0.023586895316839218,,0.01061132363975048,,0.1926443725824356,,0.10136741399765015,,0.04866446182131767,,0.0027694262098520994,,0.006976695265620947,,0.047910187393426895,,0.5608050227165222,,,,,,,,,,,,,,,,
6,5859,,0.030365021899342537,,0.0,,0.24828709661960602,,0.04013700783252716,,0.2041492611169815,,,0.18378932774066925,0.012362150475382805,,0.010476561263203621,,0.20679476857185364,,0.04435747116804123,,0.02154235541820526,,0.0036247819662094116,,0.006962873507291079,,0.04013700783252716,,0.5099057555198669,,,,,,,,,,,,,,,,
6,5869,,0.02970263920724392,,0.0,,0.26695916056632996,,0.04282616823911667,,0.21659539639949799,,,0.2277034968137741,0.07054205983877182,,0.0065771304070949554,,0.20152300596237183,,0.05695440620183945,,0.029518907889723778,,0.0039727226831018925,,0.00718200346454978,,0.04282616823911667,,0.5836195945739746,,,,,,,,,,,,,,,,
6,5879,,0.021777411922812462,,0.0,,0.23376694321632385,,0.01806464046239853,,0.21180713176727295,,,0.19096799194812775,0.02127683162689209,,0.0048258183524012566,,0.19220691919326782,,0.0467408150434494,,0.025842497125267982,,0.003498063189908862,,0.006362379528582096,,0.01806464046239853,,0.49174991250038147,,,,,,,,,,,,,,,,
6,5889,,0.02000494673848152,,0.0,,0.23689356446266174,,0.013388601131737232,,0.22065997123718262,,,0.1709328591823578,0.006376281380653381,,0.006029450800269842,,0.1868528425693512,,0.025696970522403717,,0.01005707960575819,,0.0027609514072537422,,0.005571315996348858,,0.013388601131737232,,0.4553980529308319,,,,,,,,,,,,,,,,
6,5899,,0.023839455097913742,,0.0,,0.23803244531154633,,0.015293474309146404,,0.21073108911514282,,,0.18287426233291626,0.012356364168226719,,0.0064273402094841,,0.19334128499031067,,0.05067748203873634,,0.01655597984790802,,0.0032798282336443663,,0.0069364868104457855,,0.015293474309146404,,0.4836409389972687,,,,,,,,,,,,,,,,
6,5909,,0.030031435191631317,,0.0,,0.24251003563404083,,0.01647607982158661,,0.2027747631072998,,,0.18004997074604034,0.03900928422808647,,0.005250404588878155,,0.19379092752933502,,0.0764264315366745,,0.03682738542556763,,0.003784359199926257,,0.007829110138118267,,0.01647607982158661,,0.5212947130203247,,,,,,,,,,,,,,,,
6,5914,,,,,,,,,,,,,,,,,,,,,,,,,,,,,,,,0.06842371821403503,0.0,0.3579265773296356,0.3725154995918274,0.30708909034729004,0.15743744373321533,0.25778940320014954,0.03449106216430664,0.25208282470703125,0.6996551752090454,0.3606030344963074,0.004955403506755829,0.025261230766773224,0.3725154995918274,1.4617456197738647
6,5914,0.026241207495331764,,0.0,,0.2586272954940796,,0.027841271832585335,,0.2140553742647171,,0.020937282592058182,0.18776801228523254,,,0.008408633060753345,,0.19788499176502228,,0.04602080583572388,,0.020714998245239258,,0.003167938208207488,,0.006574275437742472,,0.027841271832585335,,0.512408435344696,,0.2528807818889618,,,,,,,,,,,,,,,
7,5919,,0.015368906781077385,,0.0,,0.22785812616348267,,0.029401756823062897,,0.20426811277866364,,,0.1906144618988037,0.010244707576930523,,0.004400569014251232,,0.196355402469635,,0.06836209446191788,,0.02794812247157097,,0.0029209910426288843,,0.006185856647789478,,0.029401756823062897,,0.49505749344825745,,,,,,,,,,,,,,,,
7,5929,,0.024430152028799057,,0.0,,0.23335328698158264,,0.02658294327557087,,0.2036062479019165,,,0.16732680797576904,0.025624556466937065,,0.0053822994232177734,,0.19565272331237793,,0.046293117105960846,,0.024149959906935692,,0.0032058910001069307,,0.006973857991397381,,0.02658294327557087,,0.48477786779403687,,,,,,,,,,,,,,,,
7,5939,,0.020508935675024986,,0.0,,0.24377892911434174,,0.013916864059865475,,0.2095719426870346,,,0.16793394088745117,0.009189357049763203,,0.007081219460815191,,0.1924780011177063,,0.02586115337908268,,0.012063960544764996,,0.0028099296614527702,,0.006028232630342245,,0.013916864059865475,,0.4586253762245178,,,,,,,,,,,,,,,,
7,5949,,0.020708685740828514,,0.0,,0.24454131722450256,,0.013591581024229527,,0.20427224040031433,,,0.16716013848781586,0.028400149196386337,,0.006212800275534391,,0.18933449685573578,,0.02436453476548195,,0.0112293791025877,,0.0029782329220324755,,0.00563331414014101,,0.013591581024229527,,0.4620300531387329,,,,,,,,,,,,,,,,
7,5959,,0.02029126137495041,,0.0,,0.21241410076618195,,0.042588479816913605,,0.20546123385429382,,,0.19855302572250366,0.018329858779907227,,0.005570588167756796,,0.19712188839912415,,0.0606357641518116,,0.027562782168388367,,0.003273770911619067,,0.006737992167472839,,0.042588479816913605,,0.5026392936706543,,,,,,,,,,,,,,,,
7,5969,,0.023382578045129776,,0.0,,0.2574646472930908,,0.016810879111289978,,0.2199784815311432,,,0.1924283653497696,0.012912486679852009,,0.005493182688951492,,0.20008878409862518,,0.02773243561387062,,0.01257820799946785,,0.0028546436224132776,,0.005944550968706608,,0.016810879111289978,,0.49180689454078674,,,,,,,,,,,,,,,,
7,5979,,0.024568703025579453,,0.0,,0.23894448578357697,,0.011469641700387001,,0.2172733098268509,,,0.18591393530368805,0.01631253957748413,,0.0073462845757603645,,0.20211485028266907,,0.02903105691075325,,0.011150148697197437,,0.0028099205810576677,,0.00534195126965642,,0.011469641700387001,,0.4788093566894531,,,,,,,,,,,,,,,,
7,5989,,0.02103370428085327,,0.0,,0.24645256996154785,,0.011375747621059418,,0.21375921368598938,,,0.18179810047149658,0.01707306317985058,,0.005838210694491863,,0.1839975267648697,,0.02446100115776062,,0.011894358322024345,,0.0026592363137751818,,0.005659318994730711,,0.011375747621059418,,0.4658306837081909,,,,,,,,,,,,,,,,
7,5999,,0.023242201656103134,,0.0,,0.23642989993095398,,0.012937687337398529,,0.2060951590538025,,,0.16628101468086243,0.027058860287070274,,0.007126789074391127,,0.1936587691307068,,0.03213410824537277,,0.01469734963029623,,0.0031377444975078106,,0.005711663980036974,,0.012937687337398529,,0.4671114981174469,,,,,,,,,,,,,,,,
7,6009,,0.02842314913868904,,0.0,,0.2504407465457916,,0.05425382778048515,,0.2222975492477417,,,0.17553022503852844,0.018304703757166862,,0.006692640483379364,,0.19697517156600952,,0.06660692393779755,,0.027534328401088715,,0.003918240778148174,,0.007925274781882763,,0.05425382778048515,,0.5334140658378601,,,,,,,,,,,,,,,,
7,6019,,0.0172860249876976,,0.0,,0.21225786209106445,,0.007250332273542881,,0.20114150643348694,,,0.18037079274654388,0.008936775848269463,,0.00415894016623497,,0.193956196308136,,0.017766587436199188,,0.007226796355098486,,0.002710775239393115,,0.004946219734847546,,0.007250332273542881,,0.43147754669189453,,,,,,,,,,,,,,,,
7,6029,,0.022625930607318878,,0.0,,0.27502915263175964,,0.029458824545145035,,0.21937069296836853,,,0.17512081563472748,0.023096077144145966,,0.008039228618144989,,0.1834113746881485,,0.06464246660470963,,0.02699708379805088,,0.0031600124202668667,,0.006936321035027504,,0.029458824545145035,,0.522412121295929,,,,,,,,,,,,,,,,
7,6039,,0.02003561519086361,,0.0,,0.24892710149288177,,0.04900858551263809,,0.2140766978263855,,,0.18633396923542023,0.010359452106058598,,0.005247987806797028,,0.19420284032821655,,0.04387323558330536,,0.01981167122721672,,0.003457131329923868,,0.006480521056801081,,0.04900858551263809,,0.5041477084159851,,,,,,,,,,,,,,,,
7,6049,,0.022124983370304108,,0.0,,0.23737691342830658,,0.014233984053134918,,0.21199022233486176,,,0.181724414229393,0.01712576299905777,,0.005346439778804779,,0.18829239904880524,,0.0302736759185791,,0.014682063832879066,,0.0025860972236841917,,0.006025595124810934,,0.014233984053134918,,0.4689040780067444,,,,,,,,,,,,,,,,
7,6059,,0.01948232203722,,0.0,,0.21830078959465027,,0.038243427872657776,,0.20296449959278107,,,0.16893739998340607,0.014433239586651325,,0.00451273936778307,,0.18339505791664124,,0.02798110991716385,,0.014081255532801151,,0.003371307859197259,,0.0059683299623429775,,0.038243427872657776,,0.4538198709487915,,,,,,,,,,,,,,,,
7,6069,,0.03314895182847977,,0.0,,0.25838473439216614,,0.008763331919908524,,0.2214425802230835,,,0.180948406457901,0.014734470285475254,,0.008437911048531532,,0.1989339292049408,,0.024376502260565758,,0.009845349006354809,,0.0029803880024701357,,0.005685837473720312,,0.008763331919908524,,0.4866841435432434,,,,,,,,,,,,,,,,
7,6079,,0.02456251159310341,,0.0,,0.243536114692688,,0.010237153619527817,,0.2172819972038269,,,0.17975100874900818,0.008025215938687325,,0.008265169337391853,,0.18321974575519562,,0.02993025816977024,,0.011050471104681492,,0.0027626112569123507,,0.005259418860077858,,0.010237153619527817,,0.4645705819129944,,,,,,,,,,,,,,,,
7,6089,,0.021388808265328407,,0.0,,0.24624721705913544,,0.01537416037172079,,0.20522120594978333,,,0.18308906257152557,0.00837254524230957,,0.004784011747688055,,0.18811780214309692,,0.029751040041446686,,0.013673110865056515,,0.0027650422416627407,,0.005965105723589659,,0.01537416037172079,,0.46535712480545044,,,,,,,,,,,,,,,,
7,6099,,0.023391734808683395,,0.0,,0.2581193447113037,,0.04462907463312149,,0.20704759657382965,,,0.19483202695846558,0.042547691613435745,,0.00530189648270607,,0.18949702382087708,,0.03589542582631111,,0.0221516452729702,,0.0030864987056702375,,0.006672319490462542,,0.04462907463312149,,0.5199222564697266,,,,,,,,,,,,,,,,
7,6109,,0.020448394119739532,,0.0,,0.22602669894695282,,0.014538067393004894,,0.20167860388755798,,,0.1828419715166092,0.012665854766964912,,0.00512741832062602,,0.19320526719093323,,0.032142531126737595,,0.012553183361887932,,0.003226372878998518,,0.006030547898262739,,0.014538067393004894,,0.4582577347755432,,,,,,,,,,,,,,,,
7,6119,,0.018200889229774475,,0.0,,0.2274399697780609,,0.016823528334498405,,0.21084553003311157,,,0.17297309637069702,0.01107699703425169,,0.007710680365562439,,0.18499091267585754,,0.03329356759786606,,0.014689580537378788,,0.003001155098900199,,0.006070943083614111,,0.016823528334498405,,0.4565938711166382,,,,,,,,,,,,,,,,
7,6129,,0.03238260746002197,,0.0,,0.2431957721710205,,0.039003293961286545,,0.20658504962921143,,,0.1858501136302948,0.012018014676868916,,0.008878365159034729,,0.19281375408172607,,0.02652522549033165,,0.015254545025527477,,0.002810680540278554,,0.0056862118653953075,,0.039003293961286545,,0.4883449375629425,,,,,,,,,,,,,,,,
7,6139,,0.024299249053001404,,0.0,,0.20496737957000732,,0.008019731380045414,,0.21206961572170258,,,0.1740528643131256,0.005629764869809151,,0.007398282177746296,,0.1814141571521759,,0.01776917651295662,,0.008122323080897331,,0.002585028763860464,,0.005079576279968023,,0.008019731380045414,,0.42824336886405945,,,,,,,,,,,,,,,,
7,6149,,0.021178100258111954,,0.0,,0.23130455613136292,,0.012115269899368286,,0.20824962854385376,,,0.19166448712348938,0.009008051827549934,,0.005657216068357229,,0.18908357620239258,,0.02090328000485897,,0.009686830453574657,,0.002672999631613493,,0.005328557454049587,,0.012115269899368286,,0.4560905396938324,,,,,,,,,,,,,,,,
7,6159,,0.021835755556821823,,0.0,,0.2629067599773407,,0.016997957602143288,,0.22256889939308167,,,0.16835862398147583,0.007539242971688509,,0.004005066119134426,,0.1898449957370758,,0.036180976778268814,,0.015891695395112038,,0.0027729691937565804,,0.006570569705218077,,0.016997957602143288,,0.48102205991744995,,,,,,,,,,,,,,,,
7,6169,,0.025563988834619522,,0.0,,0.24724933505058289,,0.024254556745290756,,0.2059480845928192,,,0.1617596298456192,0.03361751139163971,,0.007806228008121252,,0.18571069836616516,,0.07119861990213394,,0.015645578503608704,,0.003415756393224001,,0.006219260860234499,,0.024254556745290756,,0.4973042607307434,,,,,,,,,,,,,,,,
7,6179,,0.020536914467811584,,0.0,,0.2252238392829895,,0.04078681766986847,,0.20195715129375458,,,0.19207355380058289,0.011029897257685661,,0.004176460672169924,,0.19513165950775146,,0.03312131017446518,,0.01734967529773712,,0.0032571691554039717,,0.005874737165868282,,0.04078681766986847,,0.4781968891620636,,,,,,,,,,,,,,,,
7,6189,,0.022832784801721573,,0.0,,0.21731121838092804,,0.015713252127170563,,0.20414382219314575,,,0.21046783030033112,0.024662597104907036,,0.0080418074503541,,0.19372279942035675,,0.03268112242221832,,0.014849715866148472,,0.002895014127716422,,0.006616251077502966,,0.015713252127170563,,0.4802772104740143,,,,,,,,,,,,,,,,
7,6199,,0.02320302277803421,,0.0,,0.2391379475593567,,0.020326070487499237,,0.21474578976631165,,,0.1915946751832962,0.024077730253338814,,0.008449279703199863,,0.19293184578418732,,0.0459941029548645,,0.02052345685660839,,0.00300419214181602,,0.006554925348609686,,0.020326070487499237,,0.4985489547252655,,,,,,,,,,,,,,,,
7,6209,,0.017923392355442047,,0.0,,0.22818514704704285,,0.010395890101790428,,0.21773922443389893,,,0.16790829598903656,0.009330874308943748,,0.003639012575149536,,0.18391603231430054,,0.022266758605837822,,0.008572010323405266,,0.0029564322903752327,,0.005383275914937258,,0.010395890101790428,,0.4417998194694519,,,,,,,,,,,,,,,,
7,6219,,0.024733122438192368,,0.0,,0.24057161808013916,,0.012198668904602528,,0.20869652926921844,,,0.19075889885425568,0.014282765798270702,,0.005887064151465893,,0.1810985952615738,,0.027079693973064423,,0.011390374042093754,,0.002607304835692048,,0.0056029316037893295,,0.012198668904602528,,0.4652552306652069,,,,,,,,,,,,,,,,
7,6229,,0.02375597134232521,,0.0,,0.21680958569049835,,0.011071087792515755,,0.20193208754062653,,,0.190329447388649,0.013791082426905632,,0.007147100754082203,,0.1929875761270523,,0.029985634610056877,,0.011640815995633602,,0.0028125212993472815,,0.00608851807191968,,0.011071087792515755,,0.4572199285030365,,,,,,,,,,,,,,,,
7,6239,,0.024032216519117355,,0.0,,0.23165740072727203,,0.009528309106826782,,0.24455314874649048,,,0.18375200033187866,0.057268284261226654,,0.009070917032659054,,0.1930336207151413,,0.0434633269906044,,0.016028588637709618,,0.0031783191952854395,,0.005669824313372374,,0.009528309106826782,,0.51345294713974,,,,,,,,,,,,,,,,
7,6249,,0.02470036968588829,,0.0,,0.25700411200523376,,0.017358381301164627,,0.208045095205307,,,0.18467967212200165,0.02151290327310562,,0.006908995099365711,,0.18364383280277252,,0.04879848286509514,,0.016549261286854744,,0.004083853680640459,,0.007651503197848797,,0.017358381301164627,,0.49429404735565186,,,,,,,,,,,,,,,,
7,6259,,0.02312595397233963,,0.0,,0.23094229400157928,,0.01914859190583229,,0.20266616344451904,,,0.18199799954891205,0.014846131205558777,,0.0061324648559093475,,0.1867225170135498,,0.0554056391119957,,0.02676944062113762,,0.0030201664194464684,,0.005666326731443405,,0.01914859190583229,,0.48105502128601074,,,,,,,,,,,,,,,,
7,6269,,0.022522689774632454,,0.0,,0.23242028057575226,,0.01412543747574091,,0.2131335437297821,,,0.20232726633548737,0.014627478085458279,,0.0054333447478711605,,0.1954406201839447,,0.027187073603272438,,0.010967233218252659,,0.002769304206594825,,0.005385229364037514,,0.01412543747574091,,0.4758623242378235,,,,,,,,,,,,,,,,
7,6279,,0.024582287296652794,,0.0,,0.24199864268302917,,0.012756558135151863,,0.2069283127784729,,,0.17186200618743896,0.016163524240255356,,0.008387930691242218,,0.1889602541923523,,0.023422546684741974,,0.01028523687273264,,0.002747246762737632,,0.005579167976975441,,0.012756558135151863,,0.4596264660358429,,,,,,,,,,,,,,,,
7,6289,,0.0222319345921278,,0.0,,0.2404731959104538,,0.017385143786668777,,0.2046332210302353,,,0.16961583495140076,0.00772616732865572,,0.009931489825248718,,0.1959172487258911,,0.035475801676511765,,0.014904452487826347,,0.003228929825127125,,0.006837812718003988,,0.017385143786668777,,0.4675995409488678,,,,,,,,,,,,,,,,
7,6299,,0.026750100776553154,,0.0,,0.25885462760925293,,0.011629181914031506,,0.20630589127540588,,,0.1785583198070526,0.010679876431822777,,0.007255669683218002,,0.18295463919639587,,0.041488226503133774,,0.013692906126379967,,0.00307271140627563,,0.006113487761467695,,0.011629181914031506,,0.47673460841178894,,,,,,,,,,,,,,,,
7,6309,,0.013211771845817566,,0.0,,0.20473292469978333,,0.00870569609105587,,0.21226273477077484,,,0.17229704558849335,0.017650848254561424,,0.006393692456185818,,0.1873781532049179,,0.025988386943936348,,0.010099619626998901,,0.0030788828153163195,,0.005818258970975876,,0.00870569609105587,,0.4367181360721588,,,,,,,,,,,,,,,,
7,6319,,0.02145148068666458,,0.0,,0.24284833669662476,,0.021268580108880997,,0.20709794759750366,,,0.1773907095193863,0.008866025134921074,,0.007514770608395338,,0.1866864711046219,,0.0433637797832489,,0.020716054365038872,,0.002712374087423086,,0.005945156328380108,,0.021268580108880997,,0.47590339183807373,,,,,,,,,,,,,,,,
7,6329,,0.027283884584903717,,0.0,,0.251343697309494,,0.01726968213915825,,0.21233659982681274,,,0.19072295725345612,0.013783251866698265,,0.005272313021123409,,0.1832633912563324,,0.05415286123752594,,0.01991526037454605,,0.003068155376240611,,0.00626184931024909,,0.01726968213915825,,0.495467871427536,,,,,,,,,,,,,,,,
7,6339,,0.020889628678560257,,0.0,,0.22902780771255493,,0.007428809069097042,,0.20232771337032318,,,0.19411884248256683,0.009588680230081081,,0.0036981888115406036,,0.18844199180603027,,0.018433116376399994,,0.00728659238666296,,0.0027164998464286327,,0.004981526639312506,,0.007428809069097042,,0.4469604194164276,,,,,,,,,,,,,,,,
7,6349,,0.017591802403330803,,0.0,,0.21743711829185486,,0.009437929838895798,,0.20851512253284454,,,0.17272230982780457,0.011503282934427261,,0.004216118715703487,,0.18707919120788574,,0.026572683826088905,,0.010310365818440914,,0.003167747985571623,,0.005703439936041832,,0.009437929838895798,,0.43998029828071594,,,,,,,,,,,,,,,,
7,6359,,0.03053504228591919,,0.0,,0.25090768933296204,,0.01247103326022625,,0.22754955291748047,,,0.18109743297100067,0.01695127598941326,,0.01327318511903286,,0.19832231104373932,,0.031082911416888237,,0.011825825087726116,,0.002983205020427704,,0.005742385983467102,,0.01247103326022625,,0.4942421317100525,,,,,,,,,,,,,,,,
7,6369,,0.01870470494031906,,0.0,,0.24718588590621948,,0.04472380131483078,,0.20814132690429688,,,0.17053529620170593,0.02834283374249935,,0.008781008422374725,,0.19045233726501465,,0.03903132677078247,,0.02074846439063549,,0.003393530147150159,,0.007023931946605444,,0.04472380131483078,,0.4970442056655884,,,,,,,,,,,,,,,,
7,6379,,0.026813149452209473,,0.0,,0.23623329401016235,,0.015386749058961868,,0.211955726146698,,,0.19565615057945251,0.01964135840535164,,0.008735120296478271,,0.1933208554983139,,0.043688610196113586,,0.018940728157758713,,0.0034716175869107246,,0.006485471967607737,,0.015386749058961868,,0.49340713024139404,,,,,,,,,,,,,,,,
7,6389,,0.02757793664932251,,0.0,,0.23909276723861694,,0.040985189378261566,,0.20544882118701935,,,0.18405628204345703,0.013499151915311813,,0.006056870333850384,,0.19295987486839294,,0.03873017057776451,,0.020489243790507317,,0.0028867328073829412,,0.0061258883215487,,0.040985189378261566,,0.49201735854148865,,,,,,,,,,,,,,,,
7,6399,,0.030294589698314667,,0.0,,0.238154798746109,,0.014439953491091728,,0.22307950258255005,,,0.18679240345954895,0.01684093289077282,,0.00797642208635807,,0.18609026074409485,,0.03843281418085098,,0.017140477895736694,,0.00257060001604259,,0.005765850655734539,,0.014439953491091728,,0.4866722822189331,,,,,,,,,,,,,,,,
7,6409,,0.02643047273159027,,0.0,,0.24587495625019073,,0.04509399086236954,,0.2055502086877823,,,0.17392598092556,0.012260294519364834,,0.005858039483428001,,0.1900065839290619,,0.04775667190551758,,0.029417015612125397,,0.002993642119690776,,0.00635186955332756,,0.04509399086236954,,0.49893584847450256,,,,,,,,,,,,,,,,
7,6419,,0.0220164954662323,,0.0,,0.2370130717754364,,0.04307347536087036,,0.20487983524799347,,,0.17356963455677032,0.01823325827717781,,0.007858755066990852,,0.18814849853515625,,0.0588863268494606,,0.031397074460983276,,0.003033984452486038,,0.006585803348571062,,0.04307347536087036,,0.5006409883499146,,,,,,,,,,,,,,,,
7,6429,,0.024199221283197403,,0.0,,0.23826280236244202,,0.015134639106690884,,0.20251554250717163,,,0.1799200177192688,0.014058086089789867,,0.008215258829295635,,0.18487446010112762,,0.03630785644054413,,0.01461817417293787,,0.0027446195017546415,,0.005800452549010515,,0.015134639106690884,,0.4662257730960846,,,,,,,,,,,,,,,,
7,6439,,0.025133052840828896,,0.0,,0.20246189832687378,,0.013911477290093899,,0.2030649483203888,,,0.18606789410114288,0.009344154968857765,,0.007075338624417782,,0.18183761835098267,,0.09982246160507202,,0.01998121850192547,,0.003048074198886752,,0.0062972987070679665,,0.013911477290093899,,0.48217132687568665,,,,,,,,,,,,,,,,
7,6449,,0.026912903413176537,,0.0,,0.25196030735969543,,0.011173342354595661,,0.21526743471622467,,,0.17806509137153625,0.012917110696434975,,0.006961706094443798,,0.18683946132659912,,0.05201598256826401,,0.021349607035517693,,0.003453792305663228,,0.006573079153895378,,0.011173342354595661,,0.4900314509868622,,,,,,,,,,,,,,,,
7,6459,,0.02418830804526806,,0.0,,0.2261049896478653,,0.03921329602599144,,0.21544140577316284,,,0.1832973212003708,0.03271837159991264,,0.005317437928169966,,0.17892161011695862,,0.06529016047716141,,0.028188109397888184,,0.003653066698461771,,0.006776126567274332,,0.03921329602599144,,0.5079431533813477,,,,,,,,,,,,,,,,
7,6469,,0.023844890296459198,,0.0,,0.22466543316841125,,0.009388867765665054,,0.20272576808929443,,,0.19522500038146973,0.03420691564679146,,0.00872106570750475,,0.193703293800354,,0.034296806901693344,,0.014683880843222141,,0.002730862470343709,,0.005521856714040041,,0.009388867765665054,,0.4776182472705841,,,,,,,,,,,,,,,,
7,6479,,0.023505045101046562,,0.0,,0.24231520295143127,,0.018984025344252586,,0.20370365679264069,,,0.16859430074691772,0.01991409994661808,,0.0066096847876906395,,0.18557870388031006,,0.030746616423130035,,0.014528581872582436,,0.002805431140586734,,0.006102513987571001,,0.018984025344252586,,0.4647451639175415,,,,,,,,,,,,,,,,
7,6489,,0.021369650959968567,,0.0,,0.23378708958625793,,0.01478568371385336,,0.21768182516098022,,,0.1782577633857727,0.027111900970339775,,0.008068947121500969,,0.19111813604831696,,0.03681584820151329,,0.017079060897231102,,0.002786971628665924,,0.005990451201796532,,0.01478568371385336,,0.48042187094688416,,,,,,,,,,,,,,,,
7,6499,,0.02732905000448227,,0.0,,0.24887533485889435,,0.01952114701271057,,0.20480754971504211,,,0.17416991293430328,0.018661649897694588,,0.0076491329818964005,,0.18874463438987732,,0.045890215784311295,,0.019921770319342613,,0.003033529268577695,,0.006244136951863766,,0.01952114701271057,,0.4855461120605469,,,,,,,,,,,,,,,,
7,6509,,0.02698054164648056,,0.0,,0.2407972365617752,,0.009793627075850964,,0.20325148105621338,,,0.17468304932117462,0.045687250792980194,,0.008316022343933582,,0.19491244852542877,,0.0291635449975729,,0.010446606203913689,,0.003438827581703663,,0.005981696303933859,,0.009793627075850964,,0.4797170162200928,,,,,,,,,,,,,,,,
7,6519,,0.023394083604216576,,0.0,,0.23161914944648743,,0.01955235004425049,,0.21650418639183044,,,0.17412586510181427,0.00912602711468935,,0.01000073179602623,,0.18699195981025696,,0.037818070501089096,,0.0164471548050642,,0.002803318202495575,,0.005681754555553198,,0.01955235004425049,,0.4698731601238251,,,,,,,,,,,,,,,,
7,6529,,0.02123507484793663,,0.0,,0.2313477098941803,,0.04264942929148674,,0.22329726815223694,,,0.19706133008003235,0.011572632938623428,,0.007289284840226173,,0.18792150914669037,,0.0567106269299984,,0.031162815168499947,,0.003125998890027404,,0.006637902464717627,,0.04264942929148674,,0.5133247375488281,,,,,,,,,,,,,,,,
7,6539,,0.022836126387119293,,0.0,,0.2673434615135193,,0.011013036593794823,,0.20234254002571106,,,0.16486720740795135,0.053744930773973465,,0.005324171390384436,,0.18700675666332245,,0.0591389536857605,,0.04031246155500412,,0.003404524875804782,,0.006079601123929024,,0.011013036593794823,,0.5147466659545898,,,,,,,,,,,,,,,,
7,6549,,0.019305840134620667,,0.0,,0.23956739902496338,,0.009629321284592152,,0.20681044459342957,,,0.17917338013648987,0.010993325151503086,,0.005933405365794897,,0.19021821022033691,,0.048451174050569534,,0.022017473354935646,,0.0030322717502713203,,0.005746073089540005,,0.009629321284592152,,0.4733121693134308,,,,,,,,,,,,,,,,
7,6559,,0.01689661294221878,,0.0,,0.21324779093265533,,0.011765211820602417,,0.2056799978017807,,,0.16880755126476288,0.01573345623910427,,0.0041106888093054295,,0.18205098807811737,,0.022154666483402252,,0.009761817753314972,,0.0027843760326504707,,0.005452129524201155,,0.011765211820602417,,0.431948721408844,,,,,,,,,,,,,,,,
7,6569,,0.02557574212551117,,0.0,,0.25284039974212646,,0.03846533223986626,,0.21665221452713013,,,0.18566621840000153,0.04502596706151962,,0.010903886519372463,,0.18685822188854218,,0.03103645145893097,,0.017256906256079674,,0.002742489567026496,,0.005876405164599419,,0.03846533223986626,,0.512388288974762,,,,,,,,,,,,,,,,
7,6579,,0.015803348273038864,,0.0,,0.20100156962871552,,0.01126703992486,,0.20191113650798798,,,0.17472746968269348,0.007236804347485304,,0.005682229995727539,,0.1794874668121338,,0.02596290037035942,,0.01131616160273552,,0.002810788806527853,,0.005512879230082035,,0.01126703992486,,0.424116313457489,,,,,,,,,,,,,,,,
7,6589,,0.020885329693555832,,0.0,,0.21405915915966034,,0.01254578772932291,,0.21398571133613586,,,0.15980136394500732,0.005599814001470804,,0.00650805002078414,,0.18389412760734558,,0.026454022154211998,,0.011328242719173431,,0.0026915629860013723,,0.00538449315354228,,0.01254578772932291,,0.4342610836029053,,,,,,,,,,,,,,,,
7,6599,,0.02092333510518074,,0.0,,0.23816294968128204,,0.03837420791387558,,0.20311938226222992,,,0.18054690957069397,0.03279326111078262,,0.004491074942052364,,0.19209785759449005,,0.030751850455999374,,0.020943600684404373,,0.003291649743914604,,0.006108587607741356,,0.03837420791387558,,0.48885661363601685,,,,,,,,,,,,,,,,
7,6609,,0.01895245537161827,,0.0,,0.23707060515880585,,0.043987587094306946,,0.21050603687763214,,,0.18483798205852509,0.062079861760139465,,0.005340259522199631,,0.18007615208625793,,0.06003240495920181,,0.030007660388946533,,0.0030206909868866205,,0.0066102673299610615,,0.043987587094306946,,0.524566113948822,,,,,,,,,,,,,,,,
7,6619,,0.023958848789334297,,0.0,,0.2213674932718277,,0.014912914484739304,,0.21400576829910278,,,0.18277305364608765,0.01160278357565403,,0.0050948127172887325,,0.19824689626693726,,0.03054366260766983,,0.011859185062348843,,0.0027850873302668333,,0.005677992012351751,,0.014912914484739304,,0.4642532467842102,,,,,,,,,,,,,,,,
7,6629,,0.018342481926083565,,0.0,,0.2153996080160141,,0.04452168196439743,,0.2036144733428955,,,0.17174877226352692,0.019270751625299454,,0.007871577516198158,,0.1828332543373108,,0.02566719613969326,,0.01627178117632866,,0.0028018425218760967,,0.005812688730657101,,0.04452168196439743,,0.4599843919277191,,,,,,,,,,,,,,,,
7,6639,,0.024931197986006737,,0.0,,0.22673283517360687,,0.029563676565885544,,0.20961734652519226,,,0.1582556962966919,0.008745213970541954,,0.0060428171418607235,,0.17533206939697266,,0.04575897753238678,,0.029633654281497,,0.0030722629744559526,,0.00583644350990653,,0.029563676565885544,,0.4646793305873871,,,,,,,,,,,,,,,,
7,6649,,0.020625527948141098,,0.0,,0.24437186121940613,,0.012466915883123875,,0.2047676295042038,,,0.19526460766792297,0.020136065781116486,,0.007864292711019516,,0.17847329378128052,,0.021206006407737732,,0.00828503631055355,,0.0028995322063565254,,0.00518086226657033,,0.012466915883123875,,0.4633612334728241,,,,,,,,,,,,,,,,
7,6659,,0.017462491989135742,,0.0,,0.24305346608161926,,0.041478756815195084,,0.21295583248138428,,,0.18346007168293,0.021464098244905472,,0.003992282319813967,,0.178089439868927,,0.03454621136188507,,0.018116220831871033,,0.003018575021997094,,0.005776896607130766,,0.041478756815195084,,0.4845955967903137,,,,,,,,,,,,,,,,
7,6669,,0.018463727086782455,,0.0,,0.23103398084640503,,0.01151338405907154,,0.2051093876361847,,,0.18120522797107697,0.009841497987508774,,0.004514016211032867,,0.1768777221441269,,0.030893057584762573,,0.012433844618499279,,0.0030401311814785004,,0.006106581538915634,,0.01151338405907154,,0.44856956601142883,,,,,,,,,,,,,,,,
7,6679,,0.03080333024263382,,0.0,,0.22666648030281067,,0.015700697898864746,,0.20349080860614777,,,0.1771402359008789,0.016396330669522285,,0.009922368451952934,,0.1882057934999466,,0.05154115706682205,,0.017740460112690926,,0.003527031047269702,,0.007093651685863733,,0.015700697898864746,,0.47766101360321045,,,,,,,,,,,,,,,,
7,6689,,0.020876426249742508,,0.0,,0.23796594142913818,,0.015763215720653534,,0.20825642347335815,,,0.18975166976451874,0.021636750549077988,,0.005793712101876736,,0.18011562526226044,,0.03808313608169556,,0.01579797826707363,,0.002859484637156129,,0.005981239024549723,,0.015763215720653534,,0.47443142533302307,,,,,,,,,,,,,,,,
7,6699,,0.029348567128181458,,0.0,,0.23060786724090576,,0.045339807868003845,,0.2102256715297699,,,0.17904728651046753,0.031792428344488144,,0.011850732378661633,,0.20653504133224487,,0.06475421786308289,,0.03777224197983742,,0.003226259257644415,,0.007915111258625984,,0.045339807868003845,,0.5331652164459229,,,,,,,,,,,,,,,,
7,6709,,0.018358314409852028,,0.0,,0.2381783276796341,,0.02174244448542595,,0.20409265160560608,,,0.18251511454582214,0.014517456293106079,,0.0046488456428050995,,0.18832285702228546,,0.0438036248087883,,0.019805705174803734,,0.0029163688886910677,,0.006054691504687071,,0.02174244448542595,,0.47550562024116516,,,,,,,,,,,,,,,,
7,6719,,0.017906833440065384,,0.0,,0.2228473275899887,,0.04689449816942215,,0.20199526846408844,,,0.20223578810691833,0.11757020652294159,,0.006295331753790379,,0.19318555295467377,,0.11075517535209656,,0.06306668370962143,,0.002991647692397237,,0.00787333957850933,,0.04689449816942215,,0.6007455587387085,,,,,,,,,,,,,,,,
7,6729,,0.020842615514993668,,0.0,,0.24051415920257568,,0.02191193215548992,,0.20708322525024414,,,0.18495547771453857,0.01722961664199829,,0.004485727287828922,,0.18461206555366516,,0.04850219190120697,,0.02204325422644615,,0.003726300084963441,,0.00734751159325242,,0.02191193215548992,,0.48530077934265137,,,,,,,,,,,,,,,,
7,6739,,0.028183605521917343,,0.0,,0.23747168481349945,,0.010805333033204079,,0.20886708796024323,,,0.17938543856143951,0.010151655413210392,,0.008189871907234192,,0.20188719034194946,,0.03357158601284027,,0.011707658879458904,,0.003246825421229005,,0.006111710332334042,,0.010805333033204079,,0.4728457033634186,,,,,,,,,,,,,,,,
7,6749,,0.030699897557497025,,0.0,,0.24937821924686432,,0.021803639829158783,,0.20475269854068756,,,0.1715601682662964,0.01986812800168991,,0.0065135471522808075,,0.20376738905906677,,0.04205751419067383,,0.02106877602636814,,0.00308205746114254,,0.006399695761501789,,0.021803639829158783,,0.49367567896842957,,,,,,,,,,,,,,,,
7,6759,,0.022638259455561638,,0.0,,0.2176782786846161,,0.02090119570493698,,0.20426738262176514,,,0.1738308221101761,0.022120501846075058,,0.007245643064379692,,0.1901216208934784,,0.038396041840314865,,0.01873641461133957,,0.002782986033707857,,0.00640700152143836,,0.02090119570493698,,0.465766578912735,,,,,,,,,,,,,,,,
7,6759,,,,,,,,,,,,,,,,,,,,,,,,,,,,,,,,0.06575305759906769,0.0,0.3432321548461914,0.3633224070072174,0.30497944355010986,0.1459512710571289,0.2348168045282364,0.03540516272187233,0.24880528450012207,0.668938159942627,0.3449120819568634,0.004628491122275591,0.024772081524133682,0.3633224070072174,1.405144214630127
7,6759,0.022887330502271652,,0.0,,0.23328405618667603,,0.022076528519392014,,0.20901112258434296,,0.01894042082130909,0.18044453859329224,,,0.0069751315750181675,,0.18854553997516632,,0.03914573788642883,,0.017288822680711746,,0.003093298990279436,,0.006121140439063311,,0.022076528519392014,,0.4769674241542816,,0.25317803025245667,,,,,,,,,,,,,,,
8,6769,,0.01789471134543419,,0.0,,0.23597609996795654,,0.013808077201247215,,0.20256657898426056,,,0.1930956244468689,0.0126581946387887,,0.004820732399821281,,0.18282271921634674,,0.02029762603342533,,0.009616288356482983,,0.0025619647931307554,,0.00522241834551096,,0.013808077201247215,,0.4532817304134369,,,,,,,,,,,,,,,,
8,6779,,0.018209844827651978,,0.0,,0.22032490372657776,,0.010504305362701416,,0.20367032289505005,,,0.17696084082126617,0.011503927409648895,,0.004229968413710594,,0.1854197382926941,,0.021690599620342255,,0.007877611555159092,,0.002734218491241336,,0.004591276403516531,,0.010504305362701416,,0.43615442514419556,,,,,,,,,,,,,,,,
8,6789,,0.023365141823887825,,0.0,,0.21083875000476837,,0.009315770119428635,,0.21879784762859344,,,0.16121764481067657,0.008771346881985664,,0.004422592464834452,,0.18134945631027222,,0.027480915188789368,,0.008496550843119621,,0.0030553496908396482,,0.00543329818174243,,0.009315770119428635,,0.43398892879486084,,,,,,,,,,,,,,,,
8,6799,,0.02635849267244339,,0.0,,0.24102964997291565,,0.013617880642414093,,0.2011212259531021,,,0.18628327548503876,0.020331833511590958,,0.006907681934535503,,0.18292300403118134,,0.02772543393075466,,0.011832105927169323,,0.002818258246406913,,0.00574322696775198,,0.013617880642414093,,0.46621769666671753,,,,,,,,,,,,,,,,
8,6809,,0.01475828979164362,,0.0,,0.1989692598581314,,0.014331593178212643,,0.2185971438884735,,,0.1837412267923355,0.017873913049697876,,0.005030275322496891,,0.17633241415023804,,0.02842220850288868,,0.012620044872164726,,0.0024696874897927046,,0.005218208767473698,,0.014331593178212643,,0.44179120659828186,,,,,,,,,,,,,,,,
8,6819,,0.01621767319738865,,0.0,,0.18253037333488464,,0.009053592570126057,,0.21545246243476868,,,0.18810749053955078,0.008576411753892899,,0.0049506500363349915,,0.17801210284233093,,0.024939045310020447,,0.011427253484725952,,0.0027700779028236866,,0.005212254822254181,,0.009053592570126057,,0.426230788230896,,,,,,,,,,,,,,,,
8,6829,,0.012366305105388165,,0.0,,0.19150370359420776,,0.012582048773765564,,0.20515181124210358,,,0.17769598960876465,0.010041794739663601,,0.004257868509739637,,0.1779155433177948,,0.026387587189674377,,0.011759527027606964,,0.002553001744672656,,0.00491638807579875,,0.012582048773765564,,0.4210239350795746,,,,,,,,,,,,,,,,
8,6839,,0.015738822519779205,,0.0,,0.2050807923078537,,0.013676361180841923,,0.20404426753520966,,,0.1788279265165329,0.024693654850125313,,0.007031645625829697,,0.18392790853977203,,0.03558001294732094,,0.015406860038638115,,0.002832801779732108,,0.006231858395040035,,0.013676361180841923,,0.44965240359306335,,,,,,,,,,,,,,,,
8,6849,,0.023815462365746498,,0.0,,0.23368379473686218,,0.04226119443774223,,0.20490917563438416,,,0.17299790680408478,0.02541695535182953,,0.010238035582005978,,0.1837087869644165,,0.037108227610588074,,0.01928597129881382,,0.003264076542109251,,0.0065618595108389854,,0.04226119443774223,,0.4849066436290741,,,,,,,,,,,,,,,,
8,6859,,0.022891461849212646,,0.0,,0.2068062722682953,,0.023559823632240295,,0.2298865020275116,,,0.1858011782169342,0.008831565268337727,,0.005349410232156515,,0.19079609215259552,,0.047517310827970505,,0.020945873111486435,,0.0028967144899070263,,0.006387102883309126,,0.023559823632240295,,0.47902822494506836,,,,,,,,,,,,,,,,
8,6869,,0.016820071265101433,,0.0,,0.21617180109024048,,0.010033983737230301,,0.20523275434970856,,,0.17293806374073029,0.004336767364293337,,0.003992860205471516,,0.17878684401512146,,0.022883661091327667,,0.01003570482134819,,0.0026541007682681084,,0.005257200449705124,,0.010033983737230301,,0.42720046639442444,,,,,,,,,,,,,,,,
8,6879,,0.016749659553170204,,0.0,,0.22194364666938782,,0.049522560089826584,,0.20347800850868225,,,0.16773268580436707,0.019322684034705162,,0.010295549407601357,,0.18756677210330963,,0.05691682919859886,,0.02644452266395092,,0.003090002341195941,,0.006684660911560059,,0.049522560089826584,,0.4882161319255829,,,,,,,,,,,,,,,,
8,6889,,0.023293204605579376,,0.0,,0.21844074130058289,,0.011847021989524364,,0.20373038947582245,,,0.1607637256383896,0.010097591206431389,,0.0052312142215669155,,0.1839146614074707,,0.027621669694781303,,0.010933962650597095,,0.003124840557575226,,0.006163437385112047,,0.011847021989524364,,0.4356629252433777,,,,,,,,,,,,,,,,
8,6899,,0.017140138894319534,,0.0,,0.2376796305179596,,0.019440557807683945,,0.21175223588943481,,,0.1832147091627121,0.010107611306011677,,0.003991924226284027,,0.18423566222190857,,0.03331273794174194,,0.01566995494067669,,0.003056847956031561,,0.006306868977844715,,0.019440557807683945,,0.46610787510871887,,,,,,,,,,,,,,,,
8,6909,,0.015128439292311668,,0.0,,0.2035764902830124,,0.04331732541322708,,0.2206604778766632,,,0.1789388805627823,0.021636411547660828,,0.006735405884683132,,0.18027031421661377,,0.05391444265842438,,0.02410205826163292,,0.0033997187856584787,,0.007102113217115402,,0.04331732541322708,,0.48294204473495483,,,,,,,,,,,,,,,,
8,6919,,0.01913212239742279,,0.0,,0.21750786900520325,,0.009725713171064854,,0.20832526683807373,,,0.17421011626720428,0.019092736765742302,,0.004003097303211689,,0.17818261682987213,,0.028888285160064697,,0.012453090399503708,,0.0030396156944334507,,0.0057733189314603806,,0.009725713171064854,,0.44305360317230225,,,,,,,,,,,,,,,,
8,6929,,0.01686609536409378,,0.0,,0.18919894099235535,,0.038447778671979904,,0.20856377482414246,,,0.16541971266269684,0.009109318256378174,,0.0043493472039699554,,0.17994162440299988,,0.025601305067539215,,0.01426997035741806,,0.002705896506085992,,0.005130684934556484,,0.038447778671979904,,0.4323675334453583,,,,,,,,,,,,,,,,
8,6939,,0.027999717742204666,,0.0,,0.2522006630897522,,0.06794325262308121,,0.20643475651741028,,,0.18134194612503052,0.03890983387827873,,0.008359882049262524,,0.1818379908800125,,0.09789736568927765,,0.03861670941114426,,0.00358009384945035,,0.007246743887662888,,0.06794325262308121,,0.5598078370094299,,,,,,,,,,,,,,,,
8,6949,,0.014756888151168823,,0.0,,0.22230041027069092,,0.04566674679517746,,0.2207440584897995,,,0.17462311685085297,0.02016521990299225,,0.005315625574439764,,0.17497219145298004,,0.06072019040584564,,0.0290239080786705,,0.003378993133082986,,0.006787289399653673,,0.04566674679517746,,0.49262094497680664,,,,,,,,,,,,,,,,
8,6959,,0.017730170860886574,,0.0,,0.19396616518497467,,0.013506646268069744,,0.20656852424144745,,,0.18168094754219055,0.015352107584476471,,0.006710244342684746,,0.18252792954444885,,0.027653612196445465,,0.013049292378127575,,0.002501461887732148,,0.005648134741932154,,0.013506646268069744,,0.4362717270851135,,,,,,,,,,,,,,,,
8,6969,,0.011157161556184292,,0.0,,0.19816572964191437,,0.011366273276507854,,0.2024977207183838,,,0.17096643149852753,0.012052795849740505,,0.003604062832891941,,0.17433157563209534,,0.02160016819834709,,0.009133987128734589,,0.0028854061383754015,,0.005379681475460529,,0.011366273276507854,,0.4142603278160095,,,,,,,,,,,,,,,,
8,6979,,0.015223348513245583,,0.0,,0.20940251648426056,,0.017831217497587204,,0.21342916786670685,,,0.18320466578006744,0.011329013854265213,,0.005759635008871555,,0.17819470167160034,,0.029218006879091263,,0.012732408009469509,,0.002830686280503869,,0.005246713757514954,,0.017831217497587204,,0.44482436776161194,,,,,,,,,,,,,,,,
8,6989,,0.012842360883951187,,0.0,,0.20846469700336456,,0.012403740547597408,,0.20413894951343536,,,0.183189257979393,0.010182165540754795,,0.004053446464240551,,0.17822711169719696,,0.021577876061201096,,0.009082761593163013,,0.0027896403335034847,,0.0054255262948572636,,0.012403740547597408,,0.4289014935493469,,,,,,,,,,,,,,,,
8,6999,,0.0245278961956501,,0.0,,0.22102290391921997,,0.011141182854771614,,0.2021324783563614,,,0.1792057901620865,0.004644825588911772,,0.0064354222267866135,,0.1805564910173416,,0.020020384341478348,,0.009780234657227993,,0.0024612823035568,,0.005218299571424723,,0.011141182854771614,,0.4361826777458191,,,,,,,,,,,,,,,,
8,7009,,0.01898830011487007,,0.0,,0.23274902999401093,,0.017063099890947342,,0.2031661868095398,,,0.16740962862968445,0.016204573214054108,,0.009987927041947842,,0.18108737468719482,,0.031009500846266747,,0.014127086848020554,,0.002737471368163824,,0.005979274399578571,,0.017063099890947342,,0.4532443881034851,,,,,,,,,,,,,,,,
8,7019,,0.02221885696053505,,0.0,,0.24660326540470123,,0.04371277987957001,,0.20638501644134521,,,0.16828520596027374,0.020339444279670715,,0.006595569662749767,,0.18263666331768036,,0.04506951570510864,,0.020613381639122963,,0.0034044242929667234,,0.006790227722376585,,0.04371277987957001,,0.48972225189208984,,,,,,,,,,,,,,,,
8,7029,,0.023482494056224823,,0.0,,0.22151368856430054,,0.02637477219104767,,0.20743519067764282,,,0.17859813570976257,0.01712006889283657,,0.007327607832849026,,0.17663827538490295,,0.04484183341264725,,0.018718335777521133,,0.0029762955382466316,,0.005927909631282091,,0.02637477219104767,,0.46844127774238586,,,,,,,,,,,,,,,,
8,7039,,0.02294944040477276,,0.0,,0.23685789108276367,,0.012391832657158375,,0.20829175412654877,,,0.1679854542016983,0.010780888609588146,,0.005876231472939253,,0.1919930875301361,,0.031305402517318726,,0.013878695666790009,,0.0028720120899379253,,0.005649878643453121,,0.012391832657158375,,0.45824116468429565,,,,,,,,,,,,,,,,
8,7049,,0.012845327146351337,,0.0,,0.19717411696910858,,0.009550020098686218,,0.20410175621509552,,,0.16486753523349762,0.007668689824640751,,0.003488580696284771,,0.17567381262779236,,0.016335319727659225,,0.007894204929471016,,0.0025582502130419016,,0.00508054019883275,,0.009550020098686218,,0.40615934133529663,,,,,,,,,,,,,,,,
8,7059,,0.025235746055841446,,0.0,,0.20969924330711365,,0.014372571371495724,,0.20473279058933258,,,0.17254960536956787,0.008118432015180588,,0.006955545395612717,,0.18755993247032166,,0.03646710515022278,,0.01013201754540205,,0.0033143735490739346,,0.005778665654361248,,0.014372571371495724,,0.4453473389148712,,,,,,,,,,,,,,,,
8,7069,,0.019789259880781174,,0.0,,0.23078620433807373,,0.04109984263777733,,0.20447251200675964,,,0.1663053333759308,0.014198977500200272,,0.008177608251571655,,0.17862731218338013,,0.03472750261425972,,0.01841873861849308,,0.0032540347892791033,,0.006537207867950201,,0.04109984263777733,,0.46646589040756226,,,,,,,,,,,,,,,,
8,7079,,0.016094747930765152,,0.0,,0.21024152636528015,,0.012956769205629826,,0.2112879902124405,,,0.1644126921892166,0.007622099481523037,,0.006118650548160076,,0.17406320571899414,,0.031149227172136307,,0.013523289933800697,,0.0029482014942914248,,0.005733896046876907,,0.012956769205629826,,0.430943101644516,,,,,,,,,,,,,,,,
8,7089,,0.02547507733106613,,0.0,,0.2248162031173706,,0.03830419480800629,,0.20583575963974,,,0.17432864010334015,0.01480809599161148,,0.009492707438766956,,0.1862362027168274,,0.02726161852478981,,0.01430739089846611,,0.0027461631689220667,,0.00525658531114459,,0.03830419480800629,,0.4670626223087311,,,,,,,,,,,,,,,,
8,7099,,0.021414771676063538,,0.0,,0.2264636754989624,,0.018189869821071625,,0.20666557550430298,,,0.1669895499944687,0.00834426935762167,,0.006923343986272812,,0.17642274498939514,,0.038866832852363586,,0.016126813367009163,,0.00296077155508101,,0.006323495414108038,,0.018189869821071625,,0.4510076344013214,,,,,,,,,,,,,,,,
8,7109,,0.025320492684841156,,0.0,,0.23154579102993011,,0.02499297447502613,,0.20611535012722015,,,0.1656225025653839,0.010155217722058296,,0.007633322384208441,,0.18655750155448914,,0.052042242139577866,,0.019636616110801697,,0.003241172293201089,,0.007021099328994751,,0.02499297447502613,,0.47345271706581116,,,,,,,,,,,,,,,,
8,7119,,0.021153315901756287,,0.0,,0.25423458218574524,,0.04592675715684891,,0.2031557559967041,,,0.1857631653547287,0.006931752432137728,,0.007661815732717514,,0.17991144955158234,,0.029653118923306465,,0.018954245373606682,,0.0031328219920396805,,0.0063017248176038265,,0.04592675715684891,,0.4845411479473114,,,,,,,,,,,,,,,,
8,7129,,0.026508213952183723,,0.0,,0.2289801388978958,,0.045000772923231125,,0.2124415785074234,,,0.15200841426849365,0.01982465758919716,,0.007321786135435104,,0.19014014303684235,,0.032669033855199814,,0.016580823808908463,,0.00316854496486485,,0.006005492061376572,,0.045000772923231125,,0.47332751750946045,,,,,,,,,,,,,,,,
8,7139,,0.016126420348882675,,0.0,,0.2161354273557663,,0.015435411594808102,,0.20528501272201538,,,0.19801446795463562,0.059918053448200226,,0.007835389114916325,,0.17824602127075195,,0.05181749165058136,,0.0309127327054739,,0.002743045100942254,,0.006273540202528238,,0.015435411594808102,,0.49750831723213196,,,,,,,,,,,,,,,,
8,7149,,0.019960884004831314,,0.0,,0.21475428342819214,,0.028450533747673035,,0.21320319175720215,,,0.1791672706604004,0.01588946022093296,,0.009467813186347485,,0.18111881613731384,,0.05069290101528168,,0.022985082119703293,,0.003224344924092293,,0.007225269451737404,,0.028450533747673035,,0.4766826033592224,,,,,,,,,,,,,,,,
8,7159,,0.02645130455493927,,0.0,,0.22508534789085388,,0.1931750327348709,,0.21655809879302979,,,0.1679677814245224,0.052901845425367355,,0.007184275891631842,,0.18492445349693298,,0.14104056358337402,,0.09068503230810165,,0.004608169198036194,,0.010231752879917622,,0.1931750327348709,,0.6655226349830627,,,,,,,,,,,,,,,,
8,7169,,0.02444608137011528,,0.0,,0.21715335547924042,,0.043563131242990494,,0.2034486085176468,,,0.17633844912052155,0.010650351643562317,,0.005825854372233152,,0.18048597872257233,,0.10018002241849899,,0.04261999577283859,,0.0028280026745051146,,0.0064416551031172276,,0.043563131242990494,,0.5102115273475647,,,,,,,,,,,,,,,,
8,7179,,0.018634097650647163,,0.0,,0.2026023119688034,,0.03779827058315277,,0.20323985815048218,,,0.1763898730278015,0.007091186009347439,,0.004483362659811974,,0.18311814963817596,,0.027938317507505417,,0.014167306013405323,,0.0027061025612056255,,0.005060162395238876,,0.03779827058315277,,0.4441445767879486,,,,,,,,,,,,,,,,
8,7189,,0.015087861567735672,,0.0,,0.21454140543937683,,0.022445209324359894,,0.224981427192688,,,0.16415290534496307,0.016605369746685028,,0.004168415907770395,,0.18203362822532654,,0.04659559205174446,,0.020113453269004822,,0.0032913493923842907,,0.006710384972393513,,0.022445209324359894,,0.4637187123298645,,,,,,,,,,,,,,,,
8,7199,,0.016464654356241226,,0.0,,0.19985833764076233,,0.010340890847146511,,0.20453667640686035,,,0.16969478130340576,0.008129730820655823,,0.004298933781683445,,0.1710176169872284,,0.024324722588062286,,0.011609531007707119,,0.002702942816540599,,0.005886753089725971,,0.010340890847146511,,0.41737616062164307,,,,,,,,,,,,,,,,
8,7209,,0.015918685123324394,,0.0,,0.20554545521736145,,0.009935731999576092,,0.20297957956790924,,,0.16020363569259644,0.012798821553587914,,0.0032783772330731153,,0.16961070895195007,,0.016334112733602524,,0.007653369568288326,,0.002697237301617861,,0.005184556357562542,,0.009935731999576092,,0.4086624085903168,,,,,,,,,,,,,,,,
8,7219,,0.020701656118035316,,0.0,,0.23061633110046387,,0.010180315002799034,,0.20356613397598267,,,0.17631642520427704,0.010585280135273933,,0.004016713239252567,,0.18375606834888458,,0.027969112619757652,,0.010347208939492702,,0.0030607092194259167,,0.005487910937517881,,0.010180315002799034,,0.4460459053516388,,,,,,,,,,,,,,,,
8,7229,,0.01917543262243271,,0.0,,0.19403912127017975,,0.031558115035295486,,0.20304161310195923,,,0.1792289763689041,0.009561468847095966,,0.006798225920647383,,0.17856204509735107,,0.06716996431350708,,0.03267369046807289,,0.0026212616357952356,,0.0064659747295081615,,0.031558115035295486,,0.4686809182167053,,,,,,,,,,,,,,,,
8,7239,,0.01694568432867527,,0.0,,0.22466617822647095,,0.023375438526272774,,0.21461674571037292,,,0.19488762319087982,0.020113812759518623,,0.006906434893608093,,0.17854535579681396,,0.058765292167663574,,0.02501504309475422,,0.002777502406388521,,0.006846983451396227,,0.023375438526272774,,0.49015459418296814,,,,,,,,,,,,,,,,
8,7249,,0.02147625759243965,,0.0,,0.20933617651462555,,0.038538843393325806,,0.20374459028244019,,,0.17826935648918152,0.0222698412835598,,0.007914113812148571,,0.18064987659454346,,0.02416040189564228,,0.014459509402513504,,0.00294673815369606,,0.005512563977390528,,0.038538843393325806,,0.45739540457725525,,,,,,,,,,,,,,,,
8,7259,,0.017480432987213135,,0.0,,0.2017696350812912,,0.01351541094481945,,0.20282161235809326,,,0.18326683342456818,0.02062750793993473,,0.008918841369450092,,0.1878836452960968,,0.03827482461929321,,0.014413523487746716,,0.00288106850348413,,0.006250303704291582,,0.01351541094481945,,0.45217692852020264,,,,,,,,,,,,,,,,
8,7269,,0.015079893171787262,,0.0,,0.2035464197397232,,0.010779582895338535,,0.21874892711639404,,,0.1653694063425064,0.0323842391371727,,0.006721033714711666,,0.17497754096984863,,0.02960103377699852,,0.013123753480613232,,0.0028783599846065044,,0.0060708364471793175,,0.010779582895338535,,0.4426758885383606,,,,,,,,,,,,,,,,
8,7279,,0.014415284618735313,,0.0,,0.20846758782863617,,0.010945931077003479,,0.20230144262313843,,,0.1741267293691635,0.010030644945800304,,0.004034124780446291,,0.17652437090873718,,0.026534318923950195,,0.01128218974918127,,0.0028931989800184965,,0.005914048757404089,,0.010945931077003479,,0.4266919791698456,,,,,,,,,,,,,,,,
8,7289,,0.0190449096262455,,0.0,,0.2334904819726944,,0.010824022814631462,,0.20554228127002716,,,0.17692729830741882,0.006077335681766272,,0.0035474468022584915,,0.17560169100761414,,0.017699573189020157,,0.007631187327206135,,0.0027600969187915325,,0.005067255347967148,,0.010824022814631462,,0.43464046716690063,,,,,,,,,,,,,,,,
8,7299,,0.017551537603139877,,0.0,,0.21198636293411255,,0.010161761194467545,,0.20316125452518463,,,0.17068850994110107,0.00448119780048728,,0.004088145215064287,,0.17460665106773376,,0.019164273515343666,,0.008341238833963871,,0.0025183523539453745,,0.004933122545480728,,0.010161761194467545,,0.4183077812194824,,,,,,,,,,,,,,,,
8,7309,,0.018512148410081863,,0.0,,0.18763932585716248,,0.014407218433916569,,0.2023525983095169,,,0.1730206310749054,0.010404636152088642,,0.00606230553239584,,0.17321160435676575,,0.034959349781274796,,0.013172262348234653,,0.0027937213890254498,,0.005317531991750002,,0.014407218433916569,,0.4235855042934418,,,,,,,,,,,,,,,,
8,7319,,0.016446715220808983,,0.0,,0.20800891518592834,,0.00997707899659872,,0.20435070991516113,,,0.15603891015052795,0.008781802840530872,,0.006394683849066496,,0.1696050763130188,,0.026964183896780014,,0.012089965865015984,,0.00280589098110795,,0.005993105471134186,,0.00997707899659872,,0.4167250394821167,,,,,,,,,,,,,,,,
8,7329,,0.02116638794541359,,0.0,,0.21670307219028473,,0.009552680887281895,,0.20904219150543213,,,0.16613970696926117,0.018256323412060738,,0.004707617219537497,,0.16842138767242432,,0.019755428656935692,,0.008715353906154633,,0.0028461418114602566,,0.005416592583060265,,0.009552680887281895,,0.42806971073150635,,,,,,,,,,,,,,,,
8,7339,,0.01839166320860386,,0.0,,0.21579307317733765,,0.01296259369701147,,0.20301707088947296,,,0.16856279969215393,0.011389194056391716,,0.006509747356176376,,0.1799682378768921,,0.02939729019999504,,0.012961022555828094,,0.0030207009986042976,,0.006185056176036596,,0.01296259369701147,,0.4371717572212219,,,,,,,,,,,,,,,,
8,7349,,0.024223295971751213,,0.0,,0.23389026522636414,,0.015815526247024536,,0.20277586579322815,,,0.16823497414588928,0.00756113650277257,,0.005066755693405867,,0.18222559988498688,,0.034760862588882446,,0.014849268831312656,,0.0031718581449240446,,0.006002533715218306,,0.015815526247024536,,0.45229023694992065,,,,,,,,,,,,,,,,
8,7359,,0.026303201913833618,,0.0,,0.22081375122070312,,0.06807982176542282,,0.2016564905643463,,,0.17751722037792206,0.009516868740320206,,0.007670067250728607,,0.17840731143951416,,0.03404877334833145,,0.020090915262699127,,0.003122486872598529,,0.006064038258045912,,0.06807982176542282,,0.4796775281429291,,,,,,,,,,,,,,,,
8,7369,,0.024171385914087296,,0.0,,0.21803639829158783,,0.005884106270968914,,0.20305606722831726,,,0.18814866244792938,0.008067491464316845,,0.004838129039853811,,0.17633463442325592,,0.016557272523641586,,0.007779967039823532,,0.002536625135689974,,0.004692285321652889,,0.005884106270968914,,0.43239766359329224,,,,,,,,,,,,,,,,
8,7379,,0.014464140869677067,,0.0,,0.23509730398654938,,0.010874929837882519,,0.20485271513462067,,,0.1775905340909958,0.011278861202299595,,0.0031056134030222893,,0.17223407328128815,,0.027555644512176514,,0.01247570849955082,,0.0027442253194749355,,0.0054807355627417564,,0.010874929837882519,,0.4416176378726959,,,,,,,,,,,,,,,,
8,7389,,0.024724166840314865,,0.0,,0.23016923666000366,,0.016889963299036026,,0.21135231852531433,,,0.1730457991361618,0.02627377212047577,,0.006458916701376438,,0.18299107253551483,,0.03461378067731857,,0.015250135213136673,,0.0029489605221897364,,0.0064292303286492825,,0.016889963299036026,,0.4687882959842682,,,,,,,,,,,,,,,,
8,7399,,0.024291040375828743,,0.0,,0.23276647925376892,,0.007983961142599583,,0.21812406182289124,,,0.1690216064453125,0.014049770310521126,,0.004960482940077782,,0.17996196448802948,,0.023569338023662567,,0.008110673166811466,,0.003369260812178254,,0.005554208531975746,,0.007983961142599583,,0.4486585259437561,,,,,,,,,,,,,,,,
8,7409,,0.0119350366294384,,0.0,,0.18087409436702728,,0.012392723932862282,,0.20567089319229126,,,0.17957375943660736,0.0063754599541425705,,0.0035568466410040855,,0.17622368037700653,,0.02361355535686016,,0.010720254853367805,,0.0028341596480458975,,0.005275781266391277,,0.012392723932862282,,0.4121610224246979,,,,,,,,,,,,,,,,
8,7419,,0.018607527017593384,,0.0,,0.20618833601474762,,0.038409795612096786,,0.20209623873233795,,,0.1748385727405548,0.014096011407673359,,0.0065947165712714195,,0.17665064334869385,,0.03534013777971268,,0.0150014478713274,,0.003418011823669076,,0.0061550987884402275,,0.038409795612096786,,0.45177584886550903,,,,,,,,,,,,,,,,
8,7429,,0.014833840541541576,,0.0,,0.18100428581237793,,0.013028083369135857,,0.20781448483467102,,,0.16581587493419647,0.006564679089933634,,0.004628026857972145,,0.17253831028938293,,0.023387975990772247,,0.011058463715016842,,0.0025483823847025633,,0.005528321955353022,,0.013028083369135857,,0.40713950991630554,,,,,,,,,,,,,,,,
8,7439,,0.02254064381122589,,0.0,,0.2321711927652359,,0.011647447012364864,,0.22231143712997437,,,0.16596370935440063,0.016437504440546036,,0.006000462453812361,,0.1758168637752533,,0.035405971109867096,,0.014936628751456738,,0.0032089052256196737,,0.005662100855261087,,0.011647447012364864,,0.45888251066207886,,,,,,,,,,,,,,,,
8,7449,,0.02421564795076847,,0.0,,0.21239402890205383,,0.01055247150361538,,0.2113984227180481,,,0.18395009636878967,0.007290672045201063,,0.006146950181573629,,0.1788477599620819,,0.036565784364938736,,0.0118637103587389,,0.0034466120414435863,,0.006118813529610634,,0.01055247150361538,,0.4494549036026001,,,,,,,,,,,,,,,,
8,7459,,0.01758745312690735,,0.0,,0.2159765362739563,,0.009357868693768978,,0.20152239501476288,,,0.16641072928905487,0.010256322100758553,,0.0033831370528787374,,0.1735837459564209,,0.021758900955319405,,0.008686860091984272,,0.0032460407819598913,,0.005753676872700453,,0.009357868693768978,,0.42163869738578796,,,,,,,,,,,,,,,,
8,7469,,0.01535625196993351,,0.0,,0.19906462728977203,,0.010256364941596985,,0.21117308735847473,,,0.15916354954242706,0.009458246640861034,,0.011205594055354595,,0.16844776272773743,,0.024063345044851303,,0.010134267620742321,,0.002825972391292453,,0.005511975847184658,,0.010256364941596985,,0.4160865247249603,,,,,,,,,,,,,,,,
8,7479,,0.013911066576838493,,0.0,,0.18321196734905243,,0.008452383801341057,,0.20096652209758759,,,0.1522745043039322,0.010702495463192463,,0.0064685773104429245,,0.17613811790943146,,0.02415134757757187,,0.008289767429232597,,0.002812017919495702,,0.005234408192336559,,0.008452383801341057,,0.3989237844944,,,,,,,,,,,,,,,,
8,7489,,0.02428574115037918,,0.0,,0.21815113723278046,,0.011973099783062935,,0.21589674055576324,,,0.16138955950737,0.009222013875842094,,0.006455577909946442,,0.17396441102027893,,0.024372179061174393,,0.011341865174472332,,0.0025780973955988884,,0.005558029282838106,,0.011973099783062935,,0.4353732466697693,,,,,,,,,,,,,,,,
8,7499,,0.014428296126425266,,0.0,,0.19054648280143738,,0.01568419113755226,,0.20368392765522003,,,0.16451044380664825,0.011200174689292908,,0.00422228267416358,,0.16661512851715088,,0.038093507289886475,,0.01590333692729473,,0.0033176958095282316,,0.00573635334149003,,0.01568419113755226,,0.419839084148407,,,,,,,,,,,,,,,,
8,7509,,0.016845278441905975,,0.0,,0.2077796310186386,,0.04148583114147186,,0.20256251096725464,,,0.17837712168693542,0.01211885828524828,,0.004443800542503595,,0.1780060976743698,,0.02930884063243866,,0.015646791085600853,,0.0027683719526976347,,0.0056568048894405365,,0.04148583114147186,,0.45032840967178345,,,,,,,,,,,,,,,,
8,7519,,0.021465148776769638,,0.0,,0.2095443308353424,,0.013041636906564236,,0.2048024982213974,,,0.1762002557516098,0.011094429530203342,,0.0061739287339150906,,0.18368005752563477,,0.03813590854406357,,0.011786081828176975,,0.0030246416572481394,,0.005862819962203503,,0.013041636906564236,,0.44533729553222656,,,,,,,,,,,,,,,,
8,7529,,0.022133367136120796,,0.0,,0.22112274169921875,,0.012130441144108772,,0.20263919234275818,,,0.17854401469230652,0.0168080423027277,,0.00601499667391181,,0.18570789694786072,,0.028565065935254097,,0.012535338290035725,,0.0029811160638928413,,0.005936498288065195,,0.012130441144108772,,0.4505275785923004,,,,,,,,,,,,,,,,
8,7539,,0.02731183171272278,,0.0,,0.21780353784561157,,0.01308902446180582,,0.20544514060020447,,,0.18385346233844757,0.031308140605688095,,0.010598862543702126,,0.1806671917438507,,0.04578321427106857,,0.02449537068605423,,0.0030114261899143457,,0.006277758162468672,,0.01308902446180582,,0.47796133160591125,,,,,,,,,,,,,,,,
8,7549,,0.01857769675552845,,0.0,,0.2002563625574112,,0.009815095923841,,0.20181317627429962,,,0.1669902801513672,0.008690871298313141,,0.00415674177929759,,0.17944830656051636,,0.03640613332390785,,0.01568647474050522,,0.0030354356858879328,,0.005450934171676636,,0.009815095923841,,0.42788922786712646,,,,,,,,,,,,,,,,
8,7559,,0.017669372260570526,,0.0,,0.1713724285364151,,0.010577560402452946,,0.20208515226840973,,,0.1693645417690277,0.010929803363978863,,0.005086948163807392,,0.1821928322315216,,0.022619474679231644,,0.008527316153049469,,0.0027970995288342237,,0.0050058262422680855,,0.010577560402452946,,0.406617134809494,,,,,,,,,,,,,,,,
8,7569,,0.014937851577997208,,0.0,,0.18029001355171204,,0.06693992763757706,,0.20304518938064575,,,0.16352057456970215,0.009082041680812836,,0.006103137042373419,,0.181709885597229,,0.04064969718456268,,0.0215076245367527,,0.003372463397681713,,0.006094847805798054,,0.06693992763757706,,0.45167404413223267,,,,,,,,,,,,,,,,
8,7579,,0.020041925832629204,,0.0,,0.2068042904138565,,0.07017681002616882,,0.20318281650543213,,,0.1608095020055771,0.04819190502166748,,0.007820559665560722,,0.18006546795368195,,0.034770023077726364,,0.02354593575000763,,0.0030936100520193577,,0.006044858600944281,,0.07017681002616882,,0.48529624938964844,,,,,,,,,,,,,,,,
8,7589,,0.018398936837911606,,0.0,,0.1872803121805191,,0.012224960140883923,,0.20239338278770447,,,0.16576139628887177,0.004722970072180033,,0.003918889444321394,,0.16981801390647888,,0.027398359030485153,,0.012572440318763256,,0.002801140770316124,,0.005583068355917931,,0.012224960140883923,,0.40922850370407104,,,,,,,,,,,,,,,,
8,7599,,0.012529104948043823,,0.0,,0.19214139878749847,,0.011967776343226433,,0.20277687907218933,,,0.16445611417293549,0.013108624145388603,,0.005763059016317129,,0.18077786266803741,,0.034344062209129333,,0.011561652645468712,,0.0032082153484225273,,0.005932431668043137,,0.011967776343226433,,0.42224979400634766,,,,,,,,,,,,,,,,
8,7604,,,,,,,,,,,,,,,,,,,,,,,,,,,,,,,,0.06420788913965225,0.0,0.3418240249156952,0.32478466629981995,0.3121311366558075,0.12739738821983337,0.2268875241279602,0.03207344561815262,0.24111530184745789,0.6080393195152283,0.3177811801433563,0.004491372033953667,0.023531442508101463,0.32478466629981995,1.323898434638977
8,7604,0.01998882181942463,,0.0,,0.2129761278629303,,0.021532097831368446,,0.20703831315040588,,0.015194082632660866,0.17300823330879211,,,0.006007347255945206,,0.180072620511055,,0.035070668905973434,,0.01571778580546379,,0.003000302240252495,,0.005873754620552063,,0.021532097831368446,,0.4506767988204956,,0.2534722089767456,,,,,,,,,,,,,,,
9,7609,,0.019654765725135803,,0.0,,0.19467970728874207,,0.00617827195674181,,0.20220185816287994,,,0.15960431098937988,0.005496742203831673,,0.007193904370069504,,0.1709001362323761,,0.012421797029674053,,0.005856541451066732,,0.0025072055868804455,,0.0046179271303117275,,0.00617827195674181,,0.39796552062034607,,,,,,,,,,,,,,,,
9,7619,,0.011964496225118637,,0.0,,0.20246107876300812,,0.006900603882968426,,0.20321553945541382,,,0.16596978902816772,0.012387523427605629,,0.00421482278034091,,0.1743890345096588,,0.015983805060386658,,0.00574971130117774,,0.0029612688813358545,,0.004816543776541948,,0.006900603882968426,,0.4079153835773468,,,,,,,,,,,,,,,,
9,7629,,0.01725093275308609,,0.0,,0.21056881546974182,,0.019301099702715874,,0.20186148583889008,,,0.1624513864517212,0.007211809046566486,,0.005253992974758148,,0.17578834295272827,,0.034336477518081665,,0.015719184651970863,,0.002547430107370019,,0.005307088140398264,,0.019301099702715874,,0.43145254254341125,,,,,,,,,,,,,,,,
9,7639,,0.011426166631281376,,0.0,,0.18454131484031677,,0.06936803460121155,,0.20141559839248657,,,0.17534178495407104,0.015511383302509785,,0.0035880934447050095,,0.1711748093366623,,0.08582904189825058,,0.04293390363454819,,0.0027437645476311445,,0.0062813241966068745,,0.06936803460121155,,0.4882182478904724,,,,,,,,,,,,,,,,
9,7649,,0.014034705236554146,,0.0,,0.191563680768013,,0.10542084276676178,,0.20417648553848267,,,0.18393562734127045,0.014723691157996655,,0.0035098916850984097,,0.185319721698761,,0.11735226213932037,,0.06396117061376572,,0.004873592872172594,,0.010076579637825489,,0.10542084276676178,,0.5545124411582947,,,,,,,,,,,,,,,,
9,7659,,0.017191609367728233,,0.0,,0.18554963171482086,,0.05514246225357056,,0.20288921892642975,,,0.1732204556465149,0.01793888956308365,,0.004647251218557358,,0.1766016185283661,,0.05192948877811432,,0.026258859783411026,,0.00327700050547719,,0.006784428376704454,,0.05514246225357056,,0.4641077220439911,,,,,,,,,,,,,,,,
9,7669,,0.017006665468215942,,0.0,,0.1815871298313141,,0.04736052826046944,,0.20379704236984253,,,0.17127089202404022,0.008703951723873615,,0.004628527909517288,,0.17939046025276184,,0.03311976045370102,,0.018685221672058105,,0.003217646386474371,,0.006581909488886595,,0.04736052826046944,,0.44096580147743225,,,,,,,,,,,,,,,,
9,7679,,0.021931972354650497,,0.0,,0.2067338228225708,,0.011692911386489868,,0.20403310656547546,,,0.17376545071601868,0.01592797040939331,,0.006337869446724653,,0.16893789172172546,,0.03432345762848854,,0.011410730890929699,,0.003178297309204936,,0.005871917121112347,,0.011692911386489868,,0.4350086450576782,,,,,,,,,,,,,,,,
9,7689,,0.01678095944225788,,0.0,,0.215782031416893,,0.038028471171855927,,0.20089088380336761,,,0.17657388746738434,0.017030419781804085,,0.004353157710283995,,0.1730041354894638,,0.04109244793653488,,0.023009175434708595,,0.0026935008354485035,,0.00557068781927228,,0.038028471171855927,,0.46019020676612854,,,,,,,,,,,,,,,,
9,7699,,0.021258004009723663,,0.0,,0.19446033239364624,,0.042111556977033615,,0.20363789796829224,,,0.15608593821525574,0.023898912593722343,,0.009234990924596786,,0.1781645119190216,,0.07180272787809372,,0.034419067203998566,,0.0032140559051185846,,0.007400408387184143,,0.042111556977033615,,0.4765443503856659,,,,,,,,,,,,,,,,
9,7709,,0.027928173542022705,,0.0,,0.23705078661441803,,0.026945043355226517,,0.21867090463638306,,,0.17524880170822144,0.018915556371212006,,0.00935293734073639,,0.18016746640205383,,0.03895246982574463,,0.01758706197142601,,0.0033757134806364775,,0.0065322984009981155,,0.026945043355226517,,0.4836297631263733,,,,,,,,,,,,,,,,
9,7719,,0.013834324665367603,,0.0,,0.21987032890319824,,0.010525939986109734,,0.20456230640411377,,,0.19927898049354553,0.0324796624481678,,0.0028672132175415754,,0.1725989580154419,,0.035043392330408096,,0.013339714147150517,,0.0037721532862633467,,0.005881150718778372,,0.010525939986109734,,0.45996764302253723,,,,,,,,,,,,,,,,
9,7729,,0.012952161952853203,,0.0,,0.21775728464126587,,0.016268953680992126,,0.2132418155670166,,,0.18229663372039795,0.016000017523765564,,0.005568613298237324,,0.16416466236114502,,0.031296201050281525,,0.01345872227102518,,0.0029909254517406225,,0.005584745667874813,,0.016268953680992126,,0.4435827434062958,,,,,,,,,,,,,,,,
9,7739,,0.018385205417871475,,0.0,,0.208423912525177,,0.011212510988116264,,0.2007812261581421,,,0.18027761578559875,0.024089235812425613,,0.004989871755242348,,0.17818167805671692,,0.08751111477613449,,0.01197686418890953,,0.00337353628128767,,0.006437546573579311,,0.011212510988116264,,0.4710388779640198,,,,,,,,,,,,,,,,
9,7749,,0.02046974189579487,,0.0,,0.1944648027420044,,0.021814974024891853,,0.20285800099372864,,,0.1703709214925766,0.03959028422832489,,0.008512335829436779,,0.17513741552829742,,0.03714141994714737,,0.01698196493089199,,0.0031334797386080027,,0.005729042459279299,,0.021814974024891853,,0.4509667158126831,,,,,,,,,,,,,,,,
9,7759,,0.023843955248594284,,0.0,,0.20263461768627167,,0.041450370103120804,,0.2026626318693161,,,0.16594193875789642,0.014600202441215515,,0.010717540979385376,,0.17988358438014984,,0.033093247562646866,,0.018214711919426918,,0.00296724122017622,,0.005741076078265905,,0.041450370103120804,,0.45374611020088196,,,,,,,,,,,,,,,,
9,7769,,0.014541875571012497,,0.0,,0.18131239712238312,,0.021706432104110718,,0.2089632749557495,,,0.17533309757709503,0.009038049727678299,,0.0028776207473129034,,0.17404097318649292,,0.041706547141075134,,0.0185451228171587,,0.0027056399267166853,,0.005106688942760229,,0.021706432104110718,,0.43049219250679016,,,,,,,,,,,,,,,,
9,7779,,0.023437712341547012,,0.0,,0.22731153666973114,,0.060457002371549606,,0.21053828299045563,,,0.19141708314418793,0.07076440751552582,,0.00737775256857276,,0.17432168126106262,,0.05162852257490158,,0.04198598116636276,,0.003430404467508197,,0.005801642779260874,,0.060457002371549606,,0.5371367931365967,,,,,,,,,,,,,,,,
9,7789,,0.021422265097498894,,0.0,,0.19862915575504303,,0.034577466547489166,,0.2069326937198639,,,0.1593611240386963,0.011113442480564117,,0.010397002100944519,,0.17040765285491943,,0.06780537217855453,,0.03305428847670555,,0.002780674258247018,,0.006685955915600061,,0.034577466547489166,,0.46492651104927063,,,,,,,,,,,,,,,,
9,7799,,0.01886584982275963,,0.0,,0.21072186529636383,,0.008121495135128498,,0.2063431292772293,,,0.1701078861951828,0.00971400085836649,,0.004545052535831928,,0.17785808444023132,,0.017108682543039322,,0.0071014235727488995,,0.002814065432175994,,0.004913997836410999,,0.008121495135128498,,0.4215647578239441,,,,,,,,,,,,,,,,
9,7809,,0.025094592943787575,,0.0,,0.22414866089820862,,0.012370772659778595,,0.20877161622047424,,,0.17892876267433167,0.014867428690195084,,0.010734708979725838,,0.1822211742401123,,0.022406935691833496,,0.009248842485249043,,0.003089143428951502,,0.005265405867248774,,0.012370772659778595,,0.451206773519516,,,,,,,,,,,,,,,,
9,7819,,0.018444804474711418,,0.0,,0.18718691170215607,,0.004547563381493092,,0.2071288526058197,,,0.17150883376598358,0.007512736599892378,,0.0052075693383812904,,0.17429736256599426,,0.008018468506634235,,0.003856073133647442,,0.00240724696777761,,0.00401383638381958,,0.004547563381493092,,0.3990721106529236,,,,,,,,,,,,,,,,
9,7829,,0.017654363065958023,,0.0,,0.21317876875400543,,0.011531236581504345,,0.2034202218055725,,,0.16408586502075195,0.01093508955091238,,0.0053513506427407265,,0.17136718332767487,,0.022324569523334503,,0.010025834664702415,,0.002741656731814146,,0.005467541981488466,,0.011531236581504345,,0.42177557945251465,,,,,,,,,,,,,,,,
9,7839,,0.020240768790245056,,0.0,,0.20262004435062408,,0.0068640075623989105,,0.20190832018852234,,,0.15427203476428986,0.005267330911010504,,0.006191231310367584,,0.17487448453903198,,0.014481744728982449,,0.006656783167272806,,0.0026228639762848616,,0.004856503568589687,,0.0068640075623989105,,0.4028562903404236,,,,,,,,,,,,,,,,
9,7849,,0.014810274355113506,,0.0,,0.18829169869422913,,0.010346196591854095,,0.2014172524213791,,,0.15972590446472168,0.008832409046590328,,0.0029335091821849346,,0.17005667090415955,,0.023770136758685112,,0.007255148608237505,,0.0031365230679512024,,0.005081801675260067,,0.010346196591854095,,0.40036964416503906,,,,,,,,,,,,,,,,
9,7859,,0.019466646015644073,,0.0,,0.17135871946811676,,0.01215208601206541,,0.20362156629562378,,,0.17879468202590942,0.006990895140916109,,0.0058745513670146465,,0.1764233112335205,,0.03183487802743912,,0.013350722379982471,,0.0029915720224380493,,0.006023513153195381,,0.01215208601206541,,0.4174533486366272,,,,,,,,,,,,,,,,
9,7869,,0.012615409679710865,,0.0,,0.1984112411737442,,0.00832156091928482,,0.20276324450969696,,,0.1556689739227295,0.007229121867567301,,0.003169093281030655,,0.17347335815429688,,0.017583291977643967,,0.007002830505371094,,0.002912773285061121,,0.004839453846216202,,0.00832156091928482,,0.39941492676734924,,,,,,,,,,,,,,,,
9,7879,,0.027674490585923195,,0.0,,0.2095247507095337,,0.009952056221663952,,0.20335336029529572,,,0.17159771919250488,0.01174644473940134,,0.008573830127716064,,0.17556992173194885,,0.02288789302110672,,0.010287472046911716,,0.002781107323244214,,0.005660960450768471,,0.009952056221663952,,0.43263548612594604,,,,,,,,,,,,,,,,
9,7889,,0.015284239314496517,,0.0,,0.18972037732601166,,0.015648383647203445,,0.20368704199790955,,,0.16472020745277405,0.00749003142118454,,0.004001036286354065,,0.17788343131542206,,0.029279524460434914,,0.009976714849472046,,0.0032465122640132904,,0.0058235893957316875,,0.015648383647203445,,0.41629233956336975,,,,,,,,,,,,,,,,
9,7899,,0.01622352935373783,,0.0,,0.17382903397083282,,0.007796953432261944,,0.20458048582077026,,,0.16109243035316467,0.005140539258718491,,0.0036488210316747427,,0.17396368086338043,,0.019064925611019135,,0.008221619762480259,,0.002646912354975939,,0.004909799434244633,,0.007796953432261944,,0.39301425218582153,,,,,,,,,,,,,,,,
9,7909,,0.016451135277748108,,0.0,,0.1843920648097992,,0.011229473166167736,,0.2142193615436554,,,0.1668614149093628,0.012332594022154808,,0.00458085723221302,,0.17619715631008148,,0.020827757194638252,,0.01022950280457735,,0.0025088682305067778,,0.005010299384593964,,0.011229473166167736,,0.4149254262447357,,,,,,,,,,,,,,,,
9,7919,,0.01699262112379074,,0.0,,0.2244938313961029,,0.026686925441026688,,0.20340585708618164,,,0.1525503695011139,0.015414616093039513,,0.0056682671420276165,,0.1739664077758789,,0.027342414483428,,0.012974920682609081,,0.002814370207488537,,0.00572863919660449,,0.026686925441026688,,0.43688395619392395,,,,,,,,,,,,,,,,
9,7929,,0.01840967684984207,,0.0,,0.19872400164604187,,0.04336335137486458,,0.20550322532653809,,,0.16759289801120758,0.00676369434222579,,0.003457101061940193,,0.17576554417610168,,0.03125317022204399,,0.017261747270822525,,0.0024821150582283735,,0.004992771428078413,,0.04336335137486458,,0.44028106331825256,,,,,,,,,,,,,,,,
9,7939,,0.014559408649802208,,0.0,,0.1882481426000595,,0.009762397967278957,,0.20098896324634552,,,0.15130597352981567,0.005687902215868235,,0.003541192738339305,,0.16987957060337067,,0.024233169853687286,,0.010265548713505268,,0.0027249290142208338,,0.00510730966925621,,0.009762397967278957,,0.395705908536911,,,,,,,,,,,,,,,,
9,7949,,0.019146975129842758,,0.0,,0.190242737531662,,0.006787808611989021,,0.2064802050590515,,,0.16921593248844147,0.004553846083581448,,0.004564501345157623,,0.17542198300361633,,0.012809140607714653,,0.0059890649281442165,,0.002570268465206027,,0.004388877190649509,,0.006787808611989021,,0.403280109167099,,,,,,,,,,,,,,,,
9,7959,,0.0279819518327713,,0.0,,0.21858729422092438,,0.008138407953083515,,0.20087024569511414,,,0.1584518551826477,0.018321353942155838,,0.005167212337255478,,0.17973189055919647,,0.018789732828736305,,0.007878544740378857,,0.0027758534997701645,,0.004881787579506636,,0.008138407953083515,,0.4282289445400238,,,,,,,,,,,,,,,,
9,7969,,0.015742938965559006,,0.0,,0.19064606726169586,,0.010078901425004005,,0.2084045559167862,,,0.1605185568332672,0.017209820449352264,,0.0035083014518022537,,0.17144954204559326,,0.03152700141072273,,0.012798626907169819,,0.003035836387425661,,0.005646443925797939,,0.010078901425004005,,0.4181064963340759,,,,,,,,,,,,,,,,
9,7979,,0.015991423279047012,,0.0,,0.1955874264240265,,0.012624167837202549,,0.20580250024795532,,,0.1682605743408203,0.01000949926674366,,0.004710530396550894,,0.17232544720172882,,0.03129475563764572,,0.012396725825965405,,0.003517004195600748,,0.0063574044033885,,0.012624167837202549,,0.42261749505996704,,,,,,,,,,,,,,,,
9,7989,,0.016997378319501877,,0.0,,0.18338243663311005,,0.015161382034420967,,0.20773190259933472,,,0.15711037814617157,0.0061429208144545555,,0.004844605922698975,,0.17189688980579376,,0.017438242211937904,,0.009118171408772469,,0.002617505844682455,,0.005046917125582695,,0.015161382034420967,,0.4012678265571594,,,,,,,,,,,,,,,,
9,7999,,0.01336001418530941,,0.0,,0.1841302365064621,,0.011306492611765862,,0.20555327832698822,,,0.16247478127479553,0.01018666010349989,,0.0043226685374975204,,0.1727791130542755,,0.02589741349220276,,0.010548848658800125,,0.0032408791594207287,,0.00596612598747015,,0.011306492611765862,,0.4078662693500519,,,,,,,,,,,,,,,,
9,8009,,0.0214468315243721,,0.0,,0.20431922376155853,,0.005856540985405445,,0.2133450210094452,,,0.1595553159713745,0.008749483153223991,,0.005419145338237286,,0.17744320631027222,,0.020876603201031685,,0.007110127713531256,,0.002983066951856017,,0.004941459279507399,,0.005856540985405445,,0.41849374771118164,,,,,,,,,,,,,,,,
9,8019,,0.023064834997057915,,0.0,,0.20105741918087006,,0.010606448166072369,,0.2040693759918213,,,0.14690975844860077,0.012426444329321384,,0.006242728792130947,,0.1776273399591446,,0.027501828968524933,,0.011296928860247135,,0.0027476761024445295,,0.0055808802135288715,,0.010606448166072369,,0.4173562526702881,,,,,,,,,,,,,,,,
9,8029,,0.022054530680179596,,0.0,,0.216070294380188,,0.010091657750308514,,0.20761211216449738,,,0.16830745339393616,0.008275143802165985,,0.003741942346096039,,0.17014342546463013,,0.01479712501168251,,0.0073259067721664906,,0.002569078467786312,,0.004839980509132147,,0.010091657750308514,,0.4203343391418457,,,,,,,,,,,,,,,,
9,8039,,0.017916269600391388,,0.0,,0.19052650034427643,,0.007277254946529865,,0.20340406894683838,,,0.17590868473052979,0.007006445433944464,,0.005293021909892559,,0.17862457036972046,,0.01777215301990509,,0.007491870783269405,,0.0026274588890373707,,0.00479542464017868,,0.007277254946529865,,0.41171956062316895,,,,,,,,,,,,,,,,
9,8049,,0.012282103300094604,,0.0,,0.18790678679943085,,0.010580026544630527,,0.20292215049266815,,,0.1634460687637329,0.023001443594694138,,0.005238577723503113,,0.171959787607193,,0.02643527463078499,,0.011345678009092808,,0.002848133910447359,,0.005257701501250267,,0.010580026544630527,,0.4142407178878784,,,,,,,,,,,,,,,,
9,8059,,0.024098701775074005,,0.0,,0.1880471408367157,,0.016569703817367554,,0.20265546441078186,,,0.17456631362438202,0.00864375475794077,,0.009042372927069664,,0.1823541522026062,,0.03092302940785885,,0.014034834690392017,,0.0031940466724336147,,0.0054675317369401455,,0.016569703817367554,,0.43253228068351746,,,,,,,,,,,,,,,,
9,8069,,0.015979956835508347,,0.0,,0.18739929795265198,,0.04162926971912384,,0.20159213244915009,,,0.17333242297172546,0.01640329137444496,,0.0034708145540207624,,0.17153239250183105,,0.020094119012355804,,0.012655266560614109,,0.0027566447388380766,,0.0048833247274160385,,0.04162926971912384,,0.42830613255500793,,,,,,,,,,,,,,,,
9,8079,,0.018802378326654434,,0.0,,0.18557092547416687,,0.00848782155662775,,0.20247367024421692,,,0.15710888803005219,0.005857033655047417,,0.0035665594041347504,,0.17324331402778625,,0.01639397256076336,,0.007099113892763853,,0.0026238944847136736,,0.0048134843818843365,,0.00848782155662775,,0.39542728662490845,,,,,,,,,,,,,,,,
9,8089,,0.025006964802742004,,0.0,,0.1971970647573471,,0.008395816199481487,,0.2127939909696579,,,0.16984261572360992,0.007240460719913244,,0.006675179116427898,,0.17350585758686066,,0.02931186556816101,,0.011826188303530216,,0.0026471258606761694,,0.005272397305816412,,0.008395816199481487,,0.4274939298629761,,,,,,,,,,,,,,,,
9,8099,,0.022686026990413666,,0.0,,0.2096429467201233,,0.04106034338474274,,0.2039255052804947,,,0.1613297462463379,0.010729683563113213,,0.005920222960412502,,0.17232871055603027,,0.028702229261398315,,0.015198497101664543,,0.0029223663732409477,,0.0055947378277778625,,0.04106034338474274,,0.4428178369998932,,,,,,,,,,,,,,,,
9,8109,,0.025485051795840263,,0.0,,0.21430590748786926,,0.03751448541879654,,0.2024257332086563,,,0.16077017784118652,0.01602831855416298,,0.01206115446984768,,0.17376351356506348,,0.027587149292230606,,0.01533461268991232,,0.0031302771531045437,,0.005734595470130444,,0.03751448541879654,,0.4499377906322479,,,,,,,,,,,,,,,,
9,8119,,0.014025174081325531,,0.0,,0.18460986018180847,,0.007158729247748852,,0.2021975815296173,,,0.1647767722606659,0.043387047946453094,,0.0026850418653339148,,0.17451950907707214,,0.055523067712783813,,0.01967039331793785,,0.003975715488195419,,0.006390460301190615,,0.007158729247748852,,0.44265487790107727,,,,,,,,,,,,,,,,
9,8129,,0.017165550962090492,,0.0,,0.19312669336795807,,0.007634893991053104,,0.20253512263298035,,,0.16622184216976166,0.0036412321496754885,,0.004042601212859154,,0.1672240048646927,,0.018825531005859375,,0.00759064219892025,,0.0027754695620387793,,0.005105064250528812,,0.007634893991053104,,0.4004969298839569,,,,,,,,,,,,,,,,
9,8139,,0.016808584332466125,,0.0,,0.20212243497371674,,0.04006471857428551,,0.2028355598449707,,,0.16546303033828735,0.003905600169673562,,0.004958843346685171,,0.17465946078300476,,0.022296637296676636,,0.014184252358973026,,0.0030364322010427713,,0.005665146745741367,,0.04006471857428551,,0.4308329224586487,,,,,,,,,,,,,,,,
9,8149,,0.030661752447485924,,0.0,,0.22276097536087036,,0.009433605708181858,,0.20091284811496735,,,0.15519827604293823,0.00770057737827301,,0.007821807637810707,,0.17275184392929077,,0.024061914533376694,,0.009262722916901112,,0.002971756737679243,,0.005450682248920202,,0.009433605708181858,,0.4272197484970093,,,,,,,,,,,,,,,,
9,8159,,0.020352331921458244,,0.0,,0.1852411925792694,,0.014114242978394032,,0.20019002258777618,,,0.16356658935546875,0.008609290234744549,,0.005932222120463848,,0.1679767668247223,,0.028480615466833115,,0.012387647293508053,,0.0032033587340265512,,0.0060375104658305645,,0.014114242978394032,,0.41106459498405457,,,,,,,,,,,,,,,,
9,8169,,0.01593952625989914,,0.0,,0.1593247950077057,,0.006608997471630573,,0.2024974524974823,,,0.16413426399230957,0.004364908207207918,,0.0038548612501472235,,0.16631686687469482,,0.01911420002579689,,0.009031972847878933,,0.002422328805550933,,0.004731691908091307,,0.006608997471630573,,0.3815367817878723,,,,,,,,,,,,,,,,
9,8179,,0.02617194689810276,,0.0,,0.22911618649959564,,0.03672609478235245,,0.20355883240699768,,,0.15207858383655548,0.02178727649152279,,0.006970122456550598,,0.17705446481704712,,0.04860291630029678,,0.01926518976688385,,0.004204658325761557,,0.007159865461289883,,0.03672609478235245,,0.46992799639701843,,,,,,,,,,,,,,,,
9,8189,,0.018810298293828964,,0.0,,0.20234355330467224,,0.008797441609203815,,0.20274615287780762,,,0.16945993900299072,0.01220171619206667,,0.005718344356864691,,0.1762481927871704,,0.025474846363067627,,0.00919702835381031,,0.0030479307752102613,,0.005297839641571045,,0.008797441609203815,,0.42232057452201843,,,,,,,,,,,,,,,,
9,8199,,0.015865685418248177,,0.0,,0.1953745186328888,,0.012706962414085865,,0.20073311030864716,,,0.1736050695180893,0.009431851096451283,,0.0036236154846847057,,0.17284682393074036,,0.02350076287984848,,0.01063716784119606,,0.0027260123752057552,,0.005292980931699276,,0.012706962414085865,,0.4158187508583069,,,,,,,,,,,,,,,,
9,8209,,0.014636645093560219,,0.0,,0.17327198386192322,,0.008076293393969536,,0.2111048400402069,,,0.16555935144424438,0.005275264382362366,,0.003676581894978881,,0.17307105660438538,,0.01546943373978138,,0.006362720392644405,,0.0028579554054886103,,0.004770257975906134,,0.008076293393969536,,0.3944513201713562,,,,,,,,,,,,,,,,
9,8219,,0.019811857491731644,,0.0,,0.20796167850494385,,0.006758658215403557,,0.2011961191892624,,,0.15396012365818024,0.0195869579911232,,0.005918747745454311,,0.17284221947193146,,0.02847699075937271,,0.010836607776582241,,0.002811543643474579,,0.004963136278092861,,0.006758658215403557,,0.4200438857078552,,,,,,,,,,,,,,,,
9,8229,,0.021610861644148827,,0.0,,0.214921236038208,,0.008404582738876343,,0.21038460731506348,,,0.16295266151428223,0.017497757449746132,,0.004168474115431309,,0.1709449589252472,,0.022146452218294144,,0.00886303000152111,,0.002826014067977667,,0.005441311281174421,,0.008404582738876343,,0.42780163884162903,,,,,,,,,,,,,,,,
9,8239,,0.01371567603200674,,0.0,,0.16520747542381287,,0.010090647265315056,,0.21417148411273956,,,0.15048086643218994,0.014801757410168648,,0.00341619155369699,,0.17095771431922913,,0.10470119118690491,,0.02936474233865738,,0.003293718909844756,,0.006597270257771015,,0.010090647265315056,,0.44669800996780396,,,,,,,,,,,,,,,,
9,8249,,0.016000797972083092,,0.0,,0.19605183601379395,,0.040836263447999954,,0.20226067304611206,,,0.17815439403057098,0.02741132862865925,,0.002992459572851658,,0.17256459593772888,,0.039250776171684265,,0.024974539875984192,,0.003057948313653469,,0.006351892836391926,,0.040836263447999954,,0.4581297039985657,,,,,,,,,,,,,,,,
9,8259,,0.020689720287919044,,0.0,,0.20932161808013916,,0.009155583567917347,,0.23084180057048798,,,0.16556362807750702,0.010538413189351559,,0.004286114126443863,,0.17872484028339386,,0.0663464292883873,,0.01479644700884819,,0.0032448808196932077,,0.005776424426585436,,0.009155583567917347,,0.4625311493873596,,,,,,,,,,,,,,,,
9,8269,,0.020248960703611374,,0.0,,0.19480395317077637,,0.12576410174369812,,0.2028362900018692,,,0.21556785702705383,0.06865754723548889,,0.007004558574408293,,0.17274989187717438,,0.057254400104284286,,0.0433182455599308,,0.0034959896001964808,,0.007167805451899767,,0.12576410174369812,,0.5630186796188354,,,,,,,,,,,,,,,,
9,8279,,0.023804087191820145,,0.0,,0.1986607313156128,,0.008811723440885544,,0.20757201313972473,,,0.16904941201210022,0.011886430904269218,,0.006633543875068426,,0.1807788908481598,,0.055315591394901276,,0.014629636891186237,,0.003564553102478385,,0.006040905602276325,,0.008811723440885544,,0.4463942348957062,,,,,,,,,,,,,,,,
9,8289,,0.013388118706643581,,0.0,,0.1687474101781845,,0.008348100818693638,,0.20184326171875,,,0.17418904602527618,0.0075961328111588955,,0.00434404332190752,,0.16551721096038818,,0.019244033843278885,,0.00930494349449873,,0.0024933007080107927,,0.005071043968200684,,0.008348100818693638,,0.3925788700580597,,,,,,,,,,,,,,,,
9,8299,,0.016254659742116928,,0.0,,0.17599627375602722,,0.008570212870836258,,0.20897257328033447,,,0.1647544950246811,0.009341987781226635,,0.004533796571195126,,0.17546963691711426,,0.01872873306274414,,0.00853999238461256,,0.0028175015468150377,,0.005070441868156195,,0.008570212870836258,,0.4020603895187378,,,,,,,,,,,,,,,,
9,8309,,0.022894732654094696,,0.0,,0.19062906503677368,,0.0274948850274086,,0.2099599838256836,,,0.17233097553253174,0.04255431517958641,,0.008854035288095474,,0.17404097318649292,,0.0607585646212101,,0.029419507831335068,,0.0033466373570263386,,0.0068602608516812325,,0.0274948850274086,,0.4780021011829376,,,,,,,,,,,,,,,,
9,8319,,0.020518489181995392,,0.0,,0.2138952910900116,,0.03613508865237236,,0.2140684723854065,,,0.1646762639284134,0.01678384654223919,,0.0030502970330417156,,0.17101410031318665,,0.07742080092430115,,0.0336340069770813,,0.002961724763736129,,0.00646738288924098,,0.03613508865237236,,0.48354652523994446,,,,,,,,,,,,,,,,
9,8329,,0.02593793347477913,,0.0,,0.2132471203804016,,0.011329206638038158,,0.20389172434806824,,,0.17396029829978943,0.007904697209596634,,0.0074361637234687805,,0.17457881569862366,,0.04983632266521454,,0.014465561136603355,,0.0029918081127107143,,0.005656419787555933,,0.011329206638038158,,0.44844624400138855,,,,,,,,,,,,,,,,
9,8339,,0.018685422837734222,,0.0,,0.20097333192825317,,0.021246248856186867,,0.21144378185272217,,,0.1685621440410614,0.028468381613492966,,0.005215647630393505,,0.17479872703552246,,0.028611309826374054,,0.014550704509019852,,0.0028122200164943933,,0.005679278634488583,,0.021246248856186867,,0.4433632493019104,,,,,,,,,,,,,,,,
9,8349,,0.017405681312084198,,0.0,,0.17650774121284485,,0.010168392211198807,,0.2052070051431656,,,0.15783599019050598,0.00540904700756073,,0.003334465902298689,,0.1714513599872589,,0.026991231366991997,,0.01070929691195488,,0.0030275587923824787,,0.005635328125208616,,0.010168392211198807,,0.3996592164039612,,,,,,,,,,,,,,,,
9,8359,,0.022044669836759567,,0.0,,0.18280485272407532,,0.009271047078073025,,0.2008621245622635,,,0.17752152681350708,0.010340842418372631,,0.0035447864793241024,,0.16953112185001373,,0.024580124765634537,,0.009672182612121105,,0.0027171592228114605,,0.005169524811208248,,0.009271047078073025,,0.4116147458553314,,,,,,,,,,,,,,,,
9,8369,,0.017232544720172882,,0.0,,0.2047848403453827,,0.012416304089128971,,0.20211869478225708,,,0.16734540462493896,0.009205705486238003,,0.004237198270857334,,0.172114759683609,,0.02764427661895752,,0.012255368754267693,,0.00294987834058702,,0.005569341592490673,,0.012416304089128971,,0.42172181606292725,,,,,,,,,,,,,,,,
9,8379,,0.021037453785538673,,0.0,,0.201844722032547,,0.015857893973588943,,0.20774225890636444,,,0.15788200497627258,0.013131373561918736,,0.008692669682204723,,0.17423571646213531,,0.02874693274497986,,0.013199618086218834,,0.0029291571117937565,,0.005872721783816814,,0.015857893973588943,,0.42852264642715454,,,,,,,,,,,,,,,,
9,8389,,0.012285202741622925,,0.0,,0.17434178292751312,,0.05659011751413345,,0.2033196985721588,,,0.15261434018611908,0.014905738644301891,,0.01228044182062149,,0.16681495308876038,,0.06893414258956909,,0.030101926997303963,,0.003994982689619064,,0.007941589690744877,,0.05659011751413345,,0.45603328943252563,,,,,,,,,,,,,,,,
9,8399,,0.010152633301913738,,0.0,,0.17275851964950562,,0.02795618772506714,,0.20158693194389343,,,0.1719774305820465,0.012210800312459469,,0.0035383757203817368,,0.16689422726631165,,0.036757223308086395,,0.017470762133598328,,0.0034858991857618093,,0.006679222919046879,,0.02795618772506714,,0.4190737307071686,,,,,,,,,,,,,,,,
9,8409,,0.01631220430135727,,0.0,,0.2097429633140564,,0.029762234538793564,,0.20646516978740692,,,0.16451407968997955,0.021092478185892105,,0.01065036654472351,,0.1730288416147232,,0.06027742475271225,,0.024105247110128403,,0.0038467140402644873,,0.007757775019854307,,0.029762234538793564,,0.46765661239624023,,,,,,,,,,,,,,,,
9,8419,,0.015823304653167725,,0.0,,0.20093120634555817,,0.011831800453364849,,0.20303872227668762,,,0.1557013839483261,0.008289138786494732,,0.007558565121144056,,0.17178000509738922,,0.0242643840610981,,0.010711236856877804,,0.0028667098376899958,,0.006192630622535944,,0.011831800453364849,,0.4125908613204956,,,,,,,,,,,,,,,,
9,8429,,0.016267232596874237,,0.0,,0.19789069890975952,,0.010769828222692013,,0.20919710397720337,,,0.15476882457733154,0.006074653472751379,,0.006229653023183346,,0.16900968551635742,,0.031449779868125916,,0.011525598354637623,,0.0028364669997245073,,0.005412728991359472,,0.010769828222692013,,0.41342246532440186,,,,,,,,,,,,,,,,
9,8439,,0.018769266083836555,,0.0,,0.17239516973495483,,0.007531959563493729,,0.22924835979938507,,,0.19767752289772034,0.02853289246559143,,0.0075112609192729,,0.17154690623283386,,0.02328299731016159,,0.008133531548082829,,0.0029368766117841005,,0.004932115785777569,,0.007531959563493729,,0.43871548771858215,,,,,,,,,,,,,,,,
9,8449,,0.019240710884332657,,0.0,,0.2075379490852356,,0.009696747176349163,,0.201426163315773,,,0.1562618911266327,0.00873219408094883,,0.0057444325648248196,,0.17426705360412598,,0.028005234897136688,,0.012510786764323711,,0.0028290466871112585,,0.005605920217931271,,0.009696747176349163,,0.41873201727867126,,,,,,,,,,,,,,,,
9,8449,,,,,,,,,,,,,,,,,,,,,,,,,,,,,,,,0.06528182327747345,0.0,0.34268179535865784,0.3105197548866272,0.30833137035369873,0.13520097732543945,0.23777829110622406,0.03258707746863365,0.23579975962638855,0.6104580163955688,0.3139347434043884,0.004636621102690697,0.02319449372589588,0.3105197548866272,1.3217992782592773
9,8449,0.018070798367261887,,0.0,,0.1959756314754486,,0.021207140758633614,,0.20588479936122894,,0.013405903242528439,0.16735927760601044,,,0.005302833393216133,,0.17363929748535156,,0.03413459658622742,,0.01528686098754406,,0.002960839308798313,,0.005678615532815456,,0.021207140758633614,,0.4322924315929413,,0.2535788416862488,,,,,,,,,,,,,,,
10,8459,,0.012346381321549416,,0.0,,0.17497864365577698,,0.039529554545879364,,0.20293164253234863,,,0.1749332845211029,0.026517793536186218,,0.003853804897516966,,0.16845448315143585,,0.039138492196798325,,0.02025887556374073,,0.002877108985558152,,0.005175447091460228,,0.039529554545879364,,0.43808549642562866,,,,,,,,,,,,,,,,
10,8469,,0.016340047121047974,,0.0,,0.17899344861507416,,0.008844486437737942,,0.20325791835784912,,,0.14883653819561005,0.010593521408736706,,0.002996802795678377,,0.17437772452831268,,0.01897343620657921,,0.009079988114535809,,0.0026247967034578323,,0.0051413243636488914,,0.008844486437737942,,0.3926006853580475,,,,,,,,,,,,,,,,
10,8479,,0.013845693320035934,,0.0,,0.1840268224477768,,0.007337459363043308,,0.20262406766414642,,,0.14720521867275238,0.0051880814135074615,,0.0033271326683461666,,0.16500946879386902,,0.015347538515925407,,0.006228786427527666,,0.0027710467111319304,,0.004688238725066185,,0.007337459363043308,,0.3811438977718353,,,,,,,,,,,,,,,,
10,8489,,0.015117049217224121,,0.0,,0.18502886593341827,,0.00820325966924429,,0.20386071503162384,,,0.15967360138893127,0.008406843058764935,,0.004812769591808319,,0.17056062817573547,,0.01445691753178835,,0.006479407660663128,,0.0025479872711002827,,0.0047124894335865974,,0.00820325966924429,,0.39428651332855225,,,,,,,,,,,,,,,,
10,8499,,0.01308897789567709,,0.0,,0.1578304022550583,,0.01110687106847763,,0.20234031975269318,,,0.16686488687992096,0.024199746549129486,,0.0036063469015061855,,0.1643536388874054,,0.0258103609085083,,0.012438133358955383,,0.0028599193319678307,,0.005748432595282793,,0.01110687106847763,,0.3979981541633606,,,,,,,,,,,,,,,,
10,8509,,0.011282050050795078,,0.0,,0.16070006787776947,,0.009747156873345375,,0.20030659437179565,,,0.16160516440868378,0.007374471984803677,,0.00412282720208168,,0.16605322062969208,,0.018119867891073227,,0.008630332536995411,,0.0025399746373295784,,0.0049701593816280365,,0.009747156873345375,,0.3802110552787781,,,,,,,,,,,,,,,,
10,8519,,0.012658958323299885,,0.0,,0.1677008867263794,,0.007689562626183033,,0.2020924985408783,,,0.17153719067573547,0.00573371909558773,,0.0028409413062036037,,0.16697072982788086,,0.015033343806862831,,0.006649674382060766,,0.0026611830107867718,,0.004704248160123825,,0.007689562626183033,,0.3854885697364807,,,,,,,,,,,,,,,,
10,8529,,0.015223722904920578,,0.0,,0.1885354071855545,,0.00983466301113367,,0.20096221566200256,,,0.16575473546981812,0.007532636169344187,,0.0030131624080240726,,0.16822703182697296,,0.023508116602897644,,0.009900979697704315,,0.0026568355970084667,,0.005424418952316046,,0.00983466301113367,,0.4029991626739502,,,,,,,,,,,,,,,,
10,8539,,0.017311885952949524,,0.0,,0.1647060066461563,,0.007670599967241287,,0.20421098172664642,,,0.157455712556839,0.007233994081616402,,0.00646190857514739,,0.16794323921203613,,0.026250606402754784,,0.009819873608648777,,0.003326976904645562,,0.005280505400151014,,0.007670599967241287,,0.3914763629436493,,,,,,,,,,,,,,,,
10,8549,,0.01824845001101494,,0.0,,0.19511879980564117,,0.007290605455636978,,0.20302577316761017,,,0.1703326553106308,0.006899193860590458,,0.003266067011281848,,0.17101478576660156,,0.023321589455008507,,0.010645962320268154,,0.002506206277757883,,0.0046522184275090694,,0.007290605455636978,,0.41048726439476013,,,,,,,,,,,,,,,,
10,8559,,0.01317882351577282,,0.0,,0.18376751244068146,,0.008699147962033749,,0.20198658108711243,,,0.16402772068977356,0.004685090389102697,,0.004128884058445692,,0.16833066940307617,,0.018128547817468643,,0.0079423189163208,,0.002635473385453224,,0.005018979776650667,,0.008699147962033749,,0.3937743902206421,,,,,,,,,,,,,,,,
10,8569,,0.019588183611631393,,0.0,,0.19200269877910614,,0.007497236132621765,,0.20208454132080078,,,0.16044682264328003,0.004773461725562811,,0.005810433998703957,,0.17666834592819214,,0.019555868580937386,,0.006512165535241365,,0.0026671444065868855,,0.004681070800870657,,0.007497236132621765,,0.4034845232963562,,,,,,,,,,,,,,,,
10,8579,,0.014228489249944687,,0.0,,0.1774783730506897,,0.036691587418317795,,0.21335753798484802,,,0.1579732894897461,0.02087359130382538,,0.004746079444885254,,0.1662372499704361,,0.019530504941940308,,0.010562075302004814,,0.0030132574029266834,,0.004768361337482929,,0.036691587418317795,,0.41711437702178955,,,,,,,,,,,,,,,,
10,8589,,0.018887795507907867,,0.0,,0.18253834545612335,,0.0049459850415587425,,0.2066810429096222,,,0.1579418182373047,0.012008214369416237,,0.005266943480819464,,0.17101076245307922,,0.016849981620907784,,0.004819481633603573,,0.002973192138597369,,0.00460673775523901,,0.0049459850415587425,,0.39656850695610046,,,,,,,,,,,,,,,,
10,8599,,0.013689454644918442,,0.0,,0.19454097747802734,,0.00834448542445898,,0.22098687291145325,,,0.14715833961963654,0.009141712449491024,,0.0040250420570373535,,0.16959130764007568,,0.024510527029633522,,0.008781838230788708,,0.002636432647705078,,0.004778337199240923,,0.00834448542445898,,0.4064817726612091,,,,,,,,,,,,,,,,
10,8609,,0.019531581550836563,,0.0,,0.19476771354675293,,0.011228981427848339,,0.2092507928609848,,,0.16750314831733704,0.010101966559886932,,0.0056267245672643185,,0.1712069809436798,,0.01864827424287796,,0.00836456473916769,,0.00279623968526721,,0.005143749061971903,,0.011228981427848339,,0.41465726494789124,,,,,,,,,,,,,,,,
10,8619,,0.015333158895373344,,0.0,,0.16886672377586365,,0.011430390179157257,,0.20240770280361176,,,0.1729453206062317,0.004157366696745157,,0.0040527451783418655,,0.16824445128440857,,0.0226368997246027,,0.009970375336706638,,0.0026405418757349253,,0.004815531428903341,,0.011430390179157257,,0.3961583375930786,,,,,,,,,,,,,,,,
10,8629,,0.022490855306386948,,0.0,,0.201557919383049,,0.008807712234556675,,0.20045365393161774,,,0.16548891365528107,0.025990748777985573,,0.004581620916724205,,0.16693554818630219,,0.029993979260325432,,0.00990259274840355,,0.003331864019855857,,0.0056863161735236645,,0.008807712234556675,,0.4254539906978607,,,,,,,,,,,,,,,,
10,8639,,0.022802118211984634,,0.0,,0.18667306005954742,,0.007250480353832245,,0.20131176710128784,,,0.1598082184791565,0.005672109313309193,,0.005734506528824568,,0.1691412329673767,,0.02215960994362831,,0.01047949306666851,,0.0026217876002192497,,0.004815192893147469,,0.007250480353832245,,0.401642382144928,,,,,,,,,,,,,,,,
10,8649,,0.014274617657065392,,0.0,,0.19397398829460144,,0.009291697293519974,,0.20615340769290924,,,0.16645057499408722,0.008171078749001026,,0.002841334789991379,,0.16778048872947693,,0.019698038697242737,,0.008214779198169708,,0.0027129685040563345,,0.0051070889458060265,,0.009291697293519974,,0.4048885703086853,,,,,,,,,,,,,,,,
10,8659,,0.016854850575327873,,0.0,,0.1969115287065506,,0.006488380022346973,,0.20113307237625122,,,0.16870270669460297,0.00862822588533163,,0.00470661511644721,,0.16670718789100647,,0.015890248119831085,,0.005956666078418493,,0.0030481081921607256,,0.004605371505022049,,0.006488380022346973,,0.4021192193031311,,,,,,,,,,,,,,,,
10,8669,,0.01573769375681877,,0.0,,0.1922510862350464,,0.011167224496603012,,0.204086571931839,,,0.16570323705673218,0.005650673992931843,,0.003317576600238681,,0.1751071661710739,,0.024028398096561432,,0.010217064060270786,,0.002635545562952757,,0.005533481016755104,,0.011167224496603012,,0.41048464179039,,,,,,,,,,,,,,,,
10,8679,,0.017980337142944336,,0.0,,0.1786383092403412,,0.06788785755634308,,0.20165711641311646,,,0.16356877982616425,0.010687378235161304,,0.0050914231687784195,,0.171110600233078,,0.07664040476083755,,0.04416041821241379,,0.0025995499454438686,,0.00577557785436511,,0.06788785755634308,,0.47578665614128113,,,,,,,,,,,,,,,,
10,8689,,0.020370610058307648,,0.0,,0.16520430147647858,,0.006412681192159653,,0.2015390396118164,,,0.15685810148715973,0.0031991531141102314,,0.005594135727733374,,0.17302151024341583,,0.01608312875032425,,0.006532817147672176,,0.0025527612306177616,,0.00444663455709815,,0.006412681192159653,,0.3831306993961334,,,,,,,,,,,,,,,,
10,8699,,0.011244874447584152,,0.0,,0.1717369705438614,,0.01756480522453785,,0.20201893150806427,,,0.1496609002351761,0.014998695813119411,,0.0034217394422739744,,0.1652638167142868,,0.03835396468639374,,0.017211418598890305,,0.0028638208750635386,,0.006625390611588955,,0.01756480522453785,,0.4037953317165375,,,,,,,,,,,,,,,,
10,8709,,0.017741037532687187,,0.0,,0.211217999458313,,0.011152446269989014,,0.20012716948986053,,,0.1725628674030304,0.011906750500202179,,0.002516933251172304,,0.16837835311889648,,0.02221640944480896,,0.010295244865119457,,0.0027486453764140606,,0.005358546040952206,,0.011152446269989014,,0.42079049348831177,,,,,,,,,,,,,,,,
10,8719,,0.015773149207234383,,0.0,,0.16344115138053894,,0.037896428257226944,,0.2011764645576477,,,0.16523408889770508,0.016085974872112274,,0.0036909515038132668,,0.1652916818857193,,0.03151017799973488,,0.01640285551548004,,0.002779392059892416,,0.005503508727997541,,0.037896428257226944,,0.4151446521282196,,,,,,,,,,,,,,,,
10,8729,,0.020308129489421844,,0.0,,0.19334620237350464,,0.03632422536611557,,0.23447668552398682,,,0.15813229978084564,0.00847488921135664,,0.004993540234863758,,0.1734977662563324,,0.07328201085329056,,0.03607923910021782,,0.003272037487477064,,0.006604133639484644,,0.03632422536611557,,0.4776976704597473,,,,,,,,,,,,,,,,
10,8739,,0.016864778473973274,,0.0,,0.17974048852920532,,0.009418371133506298,,0.2011159062385559,,,0.16792024672031403,0.09693779796361923,,0.004565404262393713,,0.1707381159067154,,0.09355653822422028,,0.042903635650873184,,0.0026198476552963257,,0.006455780006945133,,0.009418371133506298,,0.4996463358402252,,,,,,,,,,,,,,,,
10,8749,,0.015118088573217392,,0.0,,0.18524892628192902,,0.007965730503201485,,0.20108161866664886,,,0.15706704556941986,0.01438149157911539,,0.0024223830550909042,,0.16840860247612,,0.027234572917222977,,0.010572598315775394,,0.003402544418349862,,0.005902188364416361,,0.007965730503201485,,0.40235400199890137,,,,,,,,,,,,,,,,
10,8759,,0.01322377473115921,,0.0,,0.1761786937713623,,0.007934479974210262,,0.20100192725658417,,,0.15483464300632477,0.003771057818084955,,0.0032653536181896925,,0.16741815209388733,,0.01633845642209053,,0.007307207211852074,,0.002496209228411317,,0.004914273973554373,,0.007934479974210262,,0.38179928064346313,,,,,,,,,,,,,,,,
10,8769,,0.019755879417061806,,0.0,,0.1688665747642517,,0.009230455383658409,,0.20098808407783508,,,0.1538970172405243,0.008652616292238235,,0.004687306005507708,,0.16926851868629456,,0.018254287540912628,,0.008312849327921867,,0.0027019025292247534,,0.004923814442008734,,0.009230455383658409,,0.3872315287590027,,,,,,,,,,,,,,,,
10,8779,,0.029544999822974205,,0.0,,0.204142227768898,,0.010535270906984806,,0.20123788714408875,,,0.1632913202047348,0.011695564724504948,,0.014240337535738945,,0.1727527230978012,,0.022437486797571182,,0.01004891935735941,,0.003051214152947068,,0.005974984727799892,,0.010535270906984806,,0.42746397852897644,,,,,,,,,,,,,,,,
10,8789,,0.014911001548171043,,0.0,,0.17941394448280334,,0.0077958060428500175,,0.20118655264377594,,,0.16537725925445557,0.013817869126796722,,0.004254342056810856,,0.17481374740600586,,0.016874970868229866,,0.00653143459931016,,0.0027722313534468412,,0.004962895531207323,,0.0077958060428500175,,0.39883744716644287,,,,,,,,,,,,,,,,
10,8799,,0.01421424187719822,,0.0,,0.2045348584651947,,0.008728695102036,,0.20702660083770752,,,0.16734762489795685,0.006734402384608984,,0.002219520043581724,,0.16626305878162384,,0.022662261500954628,,0.008878226391971111,,0.003068582620471716,,0.005160787608474493,,0.008728695102036,,0.4109998345375061,,,,,,,,,,,,,,,,
10,8809,,0.013848261907696724,,0.0,,0.1789468377828598,,0.007730405777692795,,0.204593226313591,,,0.1458379179239273,0.013306984677910805,,0.002784477546811104,,0.16210857033729553,,0.04542387276887894,,0.03667519614100456,,0.0031354872044175863,,0.005333283916115761,,0.007730405777692795,,0.4125289022922516,,,,,,,,,,,,,,,,
10,8819,,0.013113163411617279,,0.0,,0.17199435830116272,,0.03697339445352554,,0.20248109102249146,,,0.1579783856868744,0.006018420681357384,,0.005138566717505455,,0.1591266244649887,,0.022875037044286728,,0.012576871551573277,,0.002660315250977874,,0.004964045714586973,,0.03697339445352554,,0.40043213963508606,,,,,,,,,,,,,,,,
10,8829,,0.019313473254442215,,0.0,,0.18432770669460297,,0.010090973228216171,,0.20203042030334473,,,0.1671111285686493,0.008453424088656902,,0.005614749155938625,,0.17309072613716125,,0.017703555524349213,,0.008461269550025463,,0.002587341470643878,,0.00485173100605607,,0.010090973228216171,,0.4042441248893738,,,,,,,,,,,,,,,,
10,8839,,0.01705237850546837,,0.0,,0.18455301225185394,,0.009860444813966751,,0.2012101113796234,,,0.1695232093334198,0.0138396006077528,,0.00570013327524066,,0.1680317223072052,,0.029635651037096977,,0.01128477230668068,,0.0030135076958686113,,0.0056024533696472645,,0.009860444813966751,,0.4124547243118286,,,,,,,,,,,,,,,,
10,8849,,0.01437427569180727,,0.0,,0.17309924960136414,,0.03799856826663017,,0.21850892901420593,,,0.16917122900485992,0.008519535884261131,,0.003737953957170248,,0.17380939424037933,,0.02885979413986206,,0.014322039671242237,,0.002813541330397129,,0.005261039827018976,,0.03799856826663017,,0.4278682470321655,,,,,,,,,,,,,,,,
10,8859,,0.02214881032705307,,0.0,,0.1896771341562271,,0.013608688488602638,,0.20241779088974,,,0.1628248691558838,0.008639662526547909,,0.004618201870471239,,0.1705186665058136,,0.024203050881624222,,0.011532366275787354,,0.002576167229562998,,0.004999241791665554,,0.013608688488602638,,0.4113819897174835,,,,,,,,,,,,,,,,
10,8869,,0.024692408740520477,,0.0,,0.1981421262025833,,0.009275062941014767,,0.2010093629360199,,,0.16951023042201996,0.012915247119963169,,0.007244773209095001,,0.17439548671245575,,0.03221486508846283,,0.013110978528857231,,0.0027287742123007774,,0.005381403025239706,,0.009275062941014767,,0.4280010759830475,,,,,,,,,,,,,,,,
10,8879,,0.015268114395439625,,0.0,,0.17738473415374756,,0.006551974453032017,,0.20586636662483215,,,0.16470521688461304,0.005327255465090275,,0.003466102061793208,,0.16790950298309326,,0.019913911819458008,,0.006962064187973738,,0.0030445444863289595,,0.005168549716472626,,0.006551974453032017,,0.3933684825897217,,,,,,,,,,,,,,,,
10,8889,,0.014835630543529987,,0.0,,0.18515582382678986,,0.011954450979828835,,0.20305994153022766,,,0.14846134185791016,0.007340717129409313,,0.004767299629747868,,0.1747060865163803,,0.022443877533078194,,0.010227104648947716,,0.0028263016138225794,,0.005233170930296183,,0.011954450979828835,,0.3981224298477173,,,,,,,,,,,,,,,,
10,8899,,0.011983083561062813,,0.0,,0.16935034096240997,,0.008102130144834518,,0.20313303172588348,,,0.15491865575313568,0.009875292889773846,,0.003305938094854355,,0.16543005406856537,,0.017216838896274567,,0.007282385136932135,,0.002617771038785577,,0.004722206853330135,,0.008102130144834518,,0.3813299834728241,,,,,,,,,,,,,,,,
10,8909,,0.01696755550801754,,0.0,,0.18138684332370758,,0.008130515925586224,,0.20189215242862701,,,0.1612236201763153,0.006413139868527651,,0.005462237633764744,,0.17017234861850739,,0.019391439855098724,,0.008485786616802216,,0.0027427461463958025,,0.0049443235620856285,,0.008130515925586224,,0.39607852697372437,,,,,,,,,,,,,,,,
10,8919,,0.022750865668058395,,0.0,,0.19190838932991028,,0.009109475649893284,,0.2045908123254776,,,0.18158842623233795,0.014033441431820393,,0.0054567172192037106,,0.16522100567817688,,0.02485021948814392,,0.01178206317126751,,0.00266608246602118,,0.00529166916385293,,0.009109475649893284,,0.42227041721343994,,,,,,,,,,,,,,,,
10,8929,,0.014564663171768188,,0.0,,0.16566620767116547,,0.0071462178602814674,,0.20081661641597748,,,0.15771880745887756,0.006598822772502899,,0.007039870135486126,,0.16631650924682617,,0.015575731173157692,,0.007014113012701273,,0.002494065323844552,,0.004808744881302118,,0.0071462178602814674,,0.38028454780578613,,,,,,,,,,,,,,,,
10,8939,,0.02358311042189598,,0.0,,0.175775408744812,,0.00701152253895998,,0.20055532455444336,,,0.16076231002807617,0.0065079787746071815,,0.005761466454714537,,0.16595879197120667,,0.015168311074376106,,0.007041627541184425,,0.0026026598643511534,,0.004864478018134832,,0.00701152253895998,,0.3902287483215332,,,,,,,,,,,,,,,,
10,8949,,0.015676245093345642,,0.0,,0.19780588150024414,,0.016002003103494644,,0.20496490597724915,,,0.18808642029762268,0.027399152517318726,,0.003983472473919392,,0.16925843060016632,,0.040515948086977005,,0.019285637885332108,,0.0027706664986908436,,0.005597482901066542,,0.016002003103494644,,0.4484718441963196,,,,,,,,,,,,,,,,
10,8959,,0.021666083484888077,,0.0,,0.1789655089378357,,0.008539640344679356,,0.2004508227109909,,,0.16600148379802704,0.0061017535626888275,,0.003928272053599358,,0.16729028522968292,,0.020989280194044113,,0.007862960919737816,,0.0028393256943672895,,0.004841919057071209,,0.008539640344679356,,0.3971596360206604,,,,,,,,,,,,,,,,
10,8969,,0.014674284495413303,,0.0,,0.18276351690292358,,0.03805605694651604,,0.20675522089004517,,,0.17460186779499054,0.0556461401283741,,0.00361888250336051,,0.16166497766971588,,0.03791556507349014,,0.02567901834845543,,0.002897863741964102,,0.005990189034491777,,0.03805605694651604,,0.45812684297561646,,,,,,,,,,,,,,,,
10,8979,,0.01737339422106743,,0.0,,0.17590081691741943,,0.040725551545619965,,0.2006818950176239,,,0.15755590796470642,0.04341111332178116,,0.011576617136597633,,0.16681364178657532,,0.028892116621136665,,0.01687808334827423,,0.0031478318851441145,,0.0058997683227062225,,0.040725551545619965,,0.4373781979084015,,,,,,,,,,,,,,,,
10,8989,,0.010248670354485512,,0.0,,0.1707080900669098,,0.00934256799519062,,0.20320798456668854,,,0.1752026528120041,0.005513134878128767,,0.002141418866813183,,0.16568098962306976,,0.020580491051077843,,0.009207339957356453,,0.0027120765298604965,,0.005107917357236147,,0.00934256799519062,,0.39238062500953674,,,,,,,,,,,,,,,,
10,8999,,0.025744564831256866,,0.0,,0.20059294998645782,,0.01257046964019537,,0.20348644256591797,,,0.1842145025730133,0.07488657534122467,,0.005177752114832401,,0.17826470732688904,,0.03764902427792549,,0.02694830484688282,,0.003089799312874675,,0.0054072183556854725,,0.01257046964019537,,0.4817197322845459,,,,,,,,,,,,,,,,
10,9009,,0.02559928223490715,,0.0,,0.2045491635799408,,0.007198246195912361,,0.20154550671577454,,,0.16638031601905823,0.005701261572539806,,0.005048003513365984,,0.1700741946697235,,0.026380853727459908,,0.007949598133563995,,0.003100139554589987,,0.005437556188553572,,0.007198246195912361,,0.4172007739543915,,,,,,,,,,,,,,,,
10,9019,,0.012509243562817574,,0.0,,0.17799116671085358,,0.006294595077633858,,0.2003241926431656,,,0.1562635749578476,0.007639353629201651,,0.0022251270711421967,,0.16602516174316406,,0.02256634458899498,,0.008577493019402027,,0.0032096526119858027,,0.005365422926843166,,0.006294595077633858,,0.38717836141586304,,,,,,,,,,,,,,,,
10,9029,,0.009202955290675163,,0.0,,0.15684954822063446,,0.008980420418083668,,0.20199383795261383,,,0.15811066329479218,0.007394751068204641,,0.0020449296571314335,,0.17464804649353027,,0.02159174717962742,,0.009295545518398285,,0.002654638374224305,,0.004951240494847298,,0.008980420418083668,,0.38133475184440613,,,,,,,,,,,,,,,,
10,9039,,0.019182872027158737,,0.0,,0.19222459197044373,,0.03132971376180649,,0.21039539575576782,,,0.17859458923339844,0.02045832946896553,,0.006087630521506071,,0.16322216391563416,,0.03212301805615425,,0.01567230187356472,,0.003001952776685357,,0.005524730775505304,,0.03132971376180649,,0.4416709840297699,,,,,,,,,,,,,,,,
10,9049,,0.016095489263534546,,0.0,,0.18293437361717224,,0.006958572193980217,,0.20628707110881805,,,0.15604397654533386,0.015523570589721203,,0.005735995247960091,,0.16780811548233032,,0.016696494072675705,,0.005796539597213268,,0.002849218901246786,,0.004815001506358385,,0.006958572193980217,,0.396179735660553,,,,,,,,,,,,,,,,
10,9059,,0.017706749960780144,,0.0,,0.17408780753612518,,0.0043825022876262665,,0.2081861048936844,,,0.15805688500404358,0.0040341028943657875,,0.0038883674424141645,,0.17259836196899414,,0.018191948533058167,,0.006339240353554487,,0.002594697754830122,,0.00438047805801034,,0.0043825022876262665,,0.38941386342048645,,,,,,,,,,,,,,,,
10,9069,,0.024399522691965103,,0.0,,0.17969471216201782,,0.012013629078865051,,0.20322883129119873,,,0.1671685129404068,0.006632550153881311,,0.006054621189832687,,0.17848369479179382,,0.024813661351799965,,0.011986933648586273,,0.0025383010506629944,,0.005737554281949997,,0.012013629078865051,,0.41424503922462463,,,,,,,,,,,,,,,,
10,9079,,0.016236111521720886,,0.0,,0.1623506098985672,,0.0311136431992054,,0.20180153846740723,,,0.17160913348197937,0.01598436012864113,,0.0076597221195697784,,0.17193107306957245,,0.01859889179468155,,0.012710579670965672,,0.0030019860714673996,,0.00478272745385766,,0.0311136431992054,,0.41128161549568176,,,,,,,,,,,,,,,,
10,9089,,0.008668270893394947,,0.0,,0.16071775555610657,,0.006126033142209053,,0.20793750882148743,,,0.1663714200258255,0.014595700427889824,,0.006292745471000671,,0.15800988674163818,,0.016732020303606987,,0.006442750338464975,,0.0031125263776630163,,0.005298315081745386,,0.006126033142209053,,0.3828016221523285,,,,,,,,,,,,,,,,
10,9099,,0.020214159041643143,,0.0,,0.19603890180587769,,0.011383465491235256,,0.20803847908973694,,,0.161227747797966,0.0069991229102015495,,0.006662481930106878,,0.16623780131340027,,0.02836610935628414,,0.011438751593232155,,0.002765100682154298,,0.005522474646568298,,0.011383465491235256,,0.4152085483074188,,,,,,,,,,,,,,,,
10,9109,,0.017331425100564957,,0.0,,0.19067645072937012,,0.010481839068233967,,0.21576878428459167,,,0.16591811180114746,0.007431104779243469,,0.003266946179792285,,0.16930025815963745,,0.02886153943836689,,0.00838263239711523,,0.002955287229269743,,0.0048538269475102425,,0.010481839068233967,,0.4150409698486328,,,,,,,,,,,,,,,,
10,9119,,0.017324814572930336,,0.0,,0.2073051482439041,,0.012311702594161034,,0.2060290426015854,,,0.1696082502603531,0.01789517141878605,,0.0033712496515363455,,0.16300533711910248,,0.022347014397382736,,0.010146943852305412,,0.002799478592351079,,0.0052810125052928925,,0.012311702594161034,,0.4213530421257019,,,,,,,,,,,,,,,,
10,9129,,0.014441302046179771,,0.0,,0.17745466530323029,,0.009630052372813225,,0.20190615952014923,,,0.16747154295444489,0.006156119983643293,,0.0032577794045209885,,0.164943665266037,,0.02400897443294525,,0.010628427378833294,,0.0027207869570702314,,0.005107450764626265,,0.009630052372813225,,0.39641720056533813,,,,,,,,,,,,,,,,
10,9139,,0.015229795128107071,,0.0,,0.18381761014461517,,0.013677963055670261,,0.20425288379192352,,,0.16541384160518646,0.009834070689976215,,0.003002581652253866,,0.16286897659301758,,0.03141798451542854,,0.012157115153968334,,0.003036145120859146,,0.005643927026540041,,0.013677963055670261,,0.4079984128475189,,,,,,,,,,,,,,,,
10,9149,,0.01362203061580658,,0.0,,0.16467691957950592,,0.014734392054378986,,0.20268258452415466,,,0.15268346667289734,0.015370871871709824,,0.0029856800101697445,,0.16075114905834198,,0.030648117884993553,,0.010964194312691689,,0.003599737770855427,,0.006045765243470669,,0.014734392054378986,,0.39240530133247375,,,,,,,,,,,,,,,,
10,9159,,0.020306237041950226,,0.0,,0.19900187849998474,,0.0112157566472888,,0.20155689120292664,,,0.15211769938468933,0.006396493408828974,,0.004695063456892967,,0.16727925837039948,,0.017833193764090538,,0.00854329951107502,,0.002675530966371298,,0.005055323243141174,,0.0112157566472888,,0.40086594223976135,,,,,,,,,,,,,,,,
10,9169,,0.01210553478449583,,0.0,,0.1688471883535385,,0.04178204387426376,,0.20756478607654572,,,0.16976557672023773,0.00793541967868805,,0.0033538341522216797,,0.16637666523456573,,0.08871033787727356,,0.04237671568989754,,0.002820041961967945,,0.006672448478639126,,0.04178204387426376,,0.4624914824962616,,,,,,,,,,,,,,,,
10,9179,,0.012681953608989716,,0.0,,0.15905353426933289,,0.009155935607850552,,0.20261316001415253,,,0.15625536441802979,0.007981512695550919,,0.0029555102810263634,,0.1672101616859436,,0.02234874665737152,,0.00938486959785223,,0.0027419677935540676,,0.004790033213794231,,0.009155935607850552,,0.3809814155101776,,,,,,,,,,,,,,,,
10,9189,,0.012679949402809143,,0.0,,0.1803017109632492,,0.010859138332307339,,0.20097807049751282,,,0.15091310441493988,0.007498131599277258,,0.0019578668288886547,,0.1597578227519989,,0.023958221077919006,,0.010058386251330376,,0.002641325583681464,,0.005091372411698103,,0.010859138332307339,,0.38589322566986084,,,,,,,,,,,,,,,,
10,9199,,0.015544231981039047,,0.0,,0.17254020273685455,,0.03478693962097168,,0.20538976788520813,,,0.1566610187292099,0.006100284866988659,,0.004099650774151087,,0.17380152642726898,,0.050610292702913284,,0.02044074796140194,,0.0032273554243147373,,0.006509223487228155,,0.03478693962097168,,0.428110271692276,,,,,,,,,,,,,,,,
10,9209,,0.017234571278095245,,0.0,,0.18945161998271942,,0.03790929168462753,,0.20115797221660614,,,0.16580404341220856,0.014718090184032917,,0.006287043448537588,,0.16979992389678955,,0.06429244577884674,,0.022656003013253212,,0.0028315891977399588,,0.006009858101606369,,0.03790929168462753,,0.4520811438560486,,,,,,,,,,,,,,,,
10,9219,,0.016351565718650818,,0.0,,0.1860906481742859,,0.011751929298043251,,0.2014259696006775,,,0.16506239771842957,0.003359733149409294,,0.003288173582404852,,0.16976076364517212,,0.035322584211826324,,0.020451748743653297,,0.002578608226031065,,0.004902546294033527,,0.011751929298043251,,0.4126245975494385,,,,,,,,,,,,,,,,
10,9229,,0.016610443592071533,,0.0,,0.19038939476013184,,0.007164142094552517,,0.20215748250484467,,,0.1620660424232483,0.009463166818022728,,0.0026913124602288008,,0.16778035461902618,,0.016763534396886826,,0.006809302140027285,,0.002634971169754863,,0.0045686750672757626,,0.007164142094552517,,0.39683371782302856,,,,,,,,,,,,,,,,
10,9239,,0.01230104174464941,,0.0,,0.14745503664016724,,0.009166044183075428,,0.2020357847213745,,,0.15033362805843353,0.007505455520004034,,0.0033775800839066505,,0.16611865162849426,,0.02099672332406044,,0.008336685597896576,,0.003133864374831319,,0.004911254160106182,,0.009166044183075428,,0.37029150128364563,,,,,,,,,,,,,,,,
10,9249,,0.012515036389231682,,0.0,,0.1817832887172699,,0.06753631681203842,,0.21959632635116577,,,0.1733197122812271,0.009286290034651756,,0.003914914559572935,,0.15725427865982056,,0.08914844691753387,,0.03767877817153931,,0.002950093010440469,,0.007109128404408693,,0.06753631681203842,,0.48460084199905396,,,,,,,,,,,,,,,,
10,9259,,0.01766936294734478,,0.0,,0.16694419085979462,,0.020601972937583923,,0.20120519399642944,,,0.1665537804365158,0.010254345834255219,,0.0047821709886193275,,0.1669047772884369,,0.0382513552904129,,0.01732325181365013,,0.0028932776767760515,,0.006619452033191919,,0.020601972937583923,,0.41331127285957336,,,,,,,,,,,,,,,,
10,9269,,0.013851266354322433,,0.0,,0.1703435182571411,,0.07114729285240173,,0.2057163119316101,,,0.16332457959651947,0.010585691779851913,,0.006374051794409752,,0.16310322284698486,,0.10006998479366302,,0.050417058169841766,,0.003221645252779126,,0.0076666176319122314,,0.07114729285240173,,0.4867439270019531,,,,,,,,,,,,,,,,
10,9279,,0.020052369683980942,,0.0,,0.17802737653255463,,0.007288198918104172,,0.2027362585067749,,,0.17276151478290558,0.007747272495180368,,0.008129589259624481,,0.1687919944524765,,0.025729719549417496,,0.012306632474064827,,0.0026801845524460077,,0.005165397189557552,,0.007288198918104172,,0.40829095244407654,,,,,,,,,,,,,,,,
10,9289,,0.018309928476810455,,0.0,,0.18808171153068542,,0.0465712770819664,,0.20163683593273163,,,0.15797847509384155,0.016786299645900726,,0.005117471795529127,,0.17667065560817719,,0.03462430462241173,,0.019378159195184708,,0.002810521051287651,,0.0060365404933691025,,0.0465712770819664,,0.4400193691253662,,,,,,,,,,,,,,,,
10,9294,,,,,,,,,,,,,,,,,,,,,,,,,,,,,,,,0.06700017303228378,0.0,0.33949288725852966,0.31662818789482117,0.32832255959510803,0.13748785853385925,0.23385363817214966,0.03346751630306244,0.23938550055027008,0.5887829065322876,0.29612454771995544,0.004511362407356501,0.02280118688941002,0.31662818789482117,1.3153293132781982
10,9294,0.016860920935869217,,0.0,,0.18142080307006836,,0.016074221581220627,,0.20461612939834595,,0.01154682319611311,0.16321173310279846,,,0.004730757791548967,,0.16856496036052704,,0.027062542736530304,,0.012059195898473263,,0.0028608643915504217,,0.005279029719531536,,0.016074221581220627,,0.40978389978408813,,0.25368747115135193,,,,,,,,,,,,,,,
11,9299,,0.012976584956049919,,0.0,,0.15657995641231537,,0.01311168260872364,,0.20165356993675232,,,0.1515866219997406,0.005962494760751724,,0.00419952068477869,,0.1603437066078186,,0.03197409212589264,,0.014547884464263916,,0.0027564673218876123,,0.005979415029287338,,0.01311168260872364,,0.3838256895542145,,,,,,,,,,,,,,,,
11,9309,,0.021823618561029434,,0.0,,0.18921343982219696,,0.0422661267220974,,0.20675252377986908,,,0.16253964602947235,0.007646947167813778,,0.00740301888436079,,0.17810624837875366,,0.02351463958621025,,0.01490546204149723,,0.0030102315358817577,,0.005561345722526312,,0.0422661267220974,,0.4341522753238678,,,,,,,,,,,,,,,,
11,9319,,0.017753535881638527,,0.0,,0.17242105305194855,,0.02071544900536537,,0.20256435871124268,,,0.15114833414554596,0.030951345339417458,,0.00447504548355937,,0.1620216816663742,,0.041106417775154114,,0.017942016944289207,,0.003926641773432493,,0.006406891159713268,,0.02071544900536537,,0.41891980171203613,,,,,,,,,,,,,,,,
11,9329,,0.019914135336875916,,0.0,,0.19282512366771698,,0.011455618776381016,,0.22269484400749207,,,0.1630629003047943,0.007895364426076412,,0.006269814446568489,,0.17086638510227203,,0.024316823109984398,,0.010434693656861782,,0.002713470021262765,,0.005120484158396721,,0.011455618776381016,,0.4213450849056244,,,,,,,,,,,,,,,,
11,9339,,0.014012773521244526,,0.0,,0.1801885962486267,,0.00794533547013998,,0.20028650760650635,,,0.17704279720783234,0.00786607339978218,,0.002311898395419121,,0.1651700735092163,,0.015564171597361565,,0.007153854705393314,,0.002804194577038288,,0.004785995930433273,,0.00794533547013998,,0.39495912194252014,,,,,,,,,,,,,,,,
11,9349,,0.015476653352379799,,0.0,,0.18072012066841125,,0.007539300248026848,,0.20482081174850464,,,0.16577239334583282,0.00868005771189928,,0.0047350176610052586,,0.16762809455394745,,0.014881962910294533,,0.006550393998622894,,0.002743196440860629,,0.004762060474604368,,0.007539300248026848,,0.39453601837158203,,,,,,,,,,,,,,,,
11,9359,,0.03006007708609104,,0.0,,0.19902217388153076,,0.06550128757953644,,0.20195193588733673,,,0.16462713479995728,0.008035133592784405,,0.007623500190675259,,0.17546242475509644,,0.052220720797777176,,0.030812188982963562,,0.003439295571297407,,0.0065486920066177845,,0.06550128757953644,,0.47592663764953613,,,,,,,,,,,,,,,,
11,9369,,0.014893840067088604,,0.0,,0.18815015256404877,,0.004680064506828785,,0.206752210855484,,,0.1528603434562683,0.015453404746949673,,0.0029399311169981956,,0.16679856181144714,,0.01626516878604889,,0.0059845722280442715,,0.0029955622740089893,,0.004903655033558607,,0.004680064506828785,,0.39379051327705383,,,,,,,,,,,,,,,,
11,9379,,0.01072571612894535,,0.0,,0.18779797852039337,,0.039678651839494705,,0.20139428973197937,,,0.17306861281394958,0.01244757603853941,,0.005031435750424862,,0.16369113326072693,,0.02105739712715149,,0.012649320997297764,,0.0027639511972665787,,0.004865790717303753,,0.039678651839494705,,0.4200187921524048,,,,,,,,,,,,,,,,
11,9389,,0.015879005193710327,,0.0,,0.17117157578468323,,0.014946134760975838,,0.20063093304634094,,,0.16455738246440887,0.015536592341959476,,0.0055937874130904675,,0.16762599349021912,,0.02317170798778534,,0.010147234424948692,,0.003145426046103239,,0.0056847622618079185,,0.014946134760975838,,0.4018876254558563,,,,,,,,,,,,,,,,
11,9399,,0.021759213879704475,,0.0,,0.17994730174541473,,0.008325532078742981,,0.20318271219730377,,,0.16094334423542023,0.006764927413314581,,0.005678598769009113,,0.16497337818145752,,0.02506154775619507,,0.010411858558654785,,0.0026944554410874844,,0.005193019285798073,,0.008325532078742981,,0.4000644385814667,,,,,,,,,,,,,,,,
11,9409,,0.01719619333744049,,0.0,,0.1900738775730133,,0.05009729415178299,,0.22162263095378876,,,0.15655945241451263,0.004555648658424616,,0.004867789335548878,,0.15888193249702454,,0.06588396430015564,,0.032471489161252975,,0.0026956216897815466,,0.006205602549016476,,0.05009729415178299,,0.4586585462093353,,,,,,,,,,,,,,,,
11,9419,,0.01624300889670849,,0.0,,0.16913767158985138,,0.03866035118699074,,0.20194314420223236,,,0.1566929817199707,0.00960864219814539,,0.002588139148429036,,0.17263942956924438,,0.03034764900803566,,0.013803023844957352,,0.002909428672865033,,0.005021858960390091,,0.03866035118699074,,0.41230857372283936,,,,,,,,,,,,,,,,
11,9429,,0.016715286299586296,,0.0,,0.15600083768367767,,0.02720857411623001,,0.2027127742767334,,,0.17316612601280212,0.006281959358602762,,0.00440489174798131,,0.1654769778251648,,0.04169703647494316,,0.020774157717823982,,0.003581196768209338,,0.0059866514056921005,,0.02720857411623001,,0.41499659419059753,,,,,,,,,,,,,,,,
11,9439,,0.015178514644503593,,0.0,,0.18700844049453735,,0.0436619408428669,,0.20561935007572174,,,0.15153725445270538,0.008670318871736526,,0.006594129838049412,,0.17212162911891937,,0.054626062512397766,,0.02554003894329071,,0.003693863283842802,,0.007409288082271814,,0.0436619408428669,,0.4445350468158722,,,,,,,,,,,,,,,,
11,9449,,0.010494663380086422,,0.0,,0.17117533087730408,,0.011993036605417728,,0.21217527985572815,,,0.17802675068378448,0.016053857281804085,,0.0034901059698313475,,0.15912821888923645,,0.026117980480194092,,0.01237139105796814,,0.002677373820915818,,0.005499265156686306,,0.011993036605417728,,0.4073512852191925,,,,,,,,,,,,,,,,
11,9459,,0.012597286142408848,,0.0,,0.15180912613868713,,0.010183439590036869,,0.202423557639122,,,0.153520405292511,0.008229432627558708,,0.0049406420439481735,,0.16404718160629272,,0.01695352792739868,,0.0082560358569026,,0.0025235137436538935,,0.005000100936740637,,0.010183439590036869,,0.3727422058582306,,,,,,,,,,,,,,,,
11,9469,,0.019830092787742615,,0.0,,0.19018132984638214,,0.012658202089369297,,0.222710520029068,,,0.16597546637058258,0.009649453684687614,,0.005750933196395636,,0.16574691236019135,,0.025957778096199036,,0.011601732112467289,,0.0027889616321772337,,0.0053734551183879375,,0.012658202089369297,,0.4217991530895233,,,,,,,,,,,,,,,,
11,9479,,0.017220089212059975,,0.0,,0.17842748761177063,,0.037197768688201904,,0.20082302391529083,,,0.17133216559886932,0.009126612916588783,,0.004881467204540968,,0.16224956512451172,,0.048403993248939514,,0.016226239502429962,,0.0027919067069888115,,0.004907229915261269,,0.037197768688201904,,0.42924734950065613,,,,,,,,,,,,,,,,
11,9489,,0.010596616193652153,,0.0,,0.16020508110523224,,0.006302982568740845,,0.20249603688716888,,,0.148293599486351,0.009227621369063854,,0.008062683045864105,,0.16547206044197083,,0.019065221771597862,,0.007949026301503181,,0.002831572201102972,,0.005052291322499514,,0.006302982568740845,,0.37530356645584106,,,,,,,,,,,,,,,,
11,9499,,0.013078020885586739,,0.0,,0.17993709444999695,,0.00633146520704031,,0.20083630084991455,,,0.14724545180797577,0.011286902241408825,,0.0021948572248220444,,0.16962306201457977,,0.013049790635704994,,0.005791772622615099,,0.00265277992002666,,0.004528666380792856,,0.00633146520704031,,0.38054245710372925,,,,,,,,,,,,,,,,
11,9509,,0.016082387417554855,,0.0,,0.1802162528038025,,0.04173726588487625,,0.204616978764534,,,0.16609786450862885,0.03144894167780876,,0.010116670280694962,,0.16318590939044952,,0.039682622998952866,,0.022757496684789658,,0.003329158527776599,,0.0065744975581765175,,0.04173726588487625,,0.4462102949619293,,,,,,,,,,,,,,,,
11,9519,,0.013900802470743656,,0.0,,0.17699767649173737,,0.012031051330268383,,0.20212918519973755,,,0.16315723955631256,0.016281062737107277,,0.005034011788666248,,0.1649356186389923,,0.030069870874285698,,0.013270861469209194,,0.0026628519408404827,,0.005070175509899855,,0.012031051330268383,,0.40530529618263245,,,,,,,,,,,,,,,,
11,9529,,0.02035718411207199,,0.0,,0.17795851826667786,,0.008140470832586288,,0.20479907095432281,,,0.16336269676685333,0.003333880566060543,,0.0031203271355479956,,0.16777566075325012,,0.018662165850400925,,0.00778182502835989,,0.0026100960094481707,,0.00503248767927289,,0.008140470832586288,,0.393983393907547,,,,,,,,,,,,,,,,
11,9539,,0.011737779714167118,,0.0,,0.14696289598941803,,0.007298688404262066,,0.22387896478176117,,,0.17006343603134155,0.0068783992901444435,,0.003929492086172104,,0.16600872576236725,,0.017959993332624435,,0.008171137422323227,,0.0025117304176092148,,0.004819850437343121,,0.007298688404262066,,0.3875204622745514,,,,,,,,,,,,,,,,
11,9549,,0.018121443688869476,,0.0,,0.19422832131385803,,0.024840909987688065,,0.2011765092611313,,,0.15155349671840668,0.009546677581965923,,0.0032496019266545773,,0.16953065991401672,,0.029470358043909073,,0.013377196155488491,,0.0028654164634644985,,0.005185879301279783,,0.024840909987688065,,0.4141662120819092,,,,,,,,,,,,,,,,
11,9559,,0.01399618573486805,,0.0,,0.19043508172035217,,0.008817433379590511,,0.20087027549743652,,,0.16536583006381989,0.008298233151435852,,0.0024952013045549393,,0.16749048233032227,,0.02988315187394619,,0.008589562028646469,,0.002786042168736458,,0.0047924877144396305,,0.008817433379590511,,0.40430623292922974,,,,,,,,,,,,,,,,
11,9569,,0.011278647929430008,,0.0,,0.1635410338640213,,0.009561745449900627,,0.20442672073841095,,,0.1567486673593521,0.015310208313167095,,0.002743517979979515,,0.15875385701656342,,0.020013276487588882,,0.00835125707089901,,0.002842449815943837,,0.004828045144677162,,0.009561745449900627,,0.38161373138427734,,,,,,,,,,,,,,,,
11,9579,,0.015491764061152935,,0.0,,0.16639412939548492,,0.005938182584941387,,0.20013146102428436,,,0.1627212017774582,0.00817444734275341,,0.0024702688679099083,,0.16536521911621094,,0.022199921309947968,,0.009200992994010448,,0.0026556432712823153,,0.0049566891975700855,,0.005938182584941387,,0.3853282630443573,,,,,,,,,,,,,,,,
11,9589,,0.010978979989886284,,0.0,,0.14861240983009338,,0.04007381200790405,,0.20120081305503845,,,0.16446305811405182,0.020733484998345375,,0.003426194889470935,,0.1618736982345581,,0.02543683908879757,,0.015976160764694214,,0.0029509514570236206,,0.0053929490968585014,,0.04007381200790405,,0.4032561480998993,,,,,,,,,,,,,,,,
11,9599,,0.017910420894622803,,0.0,,0.1674748808145523,,0.010642431676387787,,0.2126382291316986,,,0.17231842875480652,0.013353592716157436,,0.005595953669399023,,0.1665741205215454,,0.023552943021059036,,0.008997680619359016,,0.0029343278147280216,,0.005479865241795778,,0.010642431676387787,,0.4064764082431793,,,,,,,,,,,,,,,,
11,9609,,0.01769838109612465,,0.0,,0.16735003888607025,,0.006422614678740501,,0.20089572668075562,,,0.15399900078773499,0.013024362735450268,,0.004896794445812702,,0.16885748505592346,,0.01650870405137539,,0.006900169420987368,,0.0030095067340880632,,0.004960908088833094,,0.006422614678740501,,0.38474228978157043,,,,,,,,,,,,,,,,
11,9619,,0.012444030493497849,,0.0,,0.18419665098190308,,0.007583058439195156,,0.20233644545078278,,,0.15292522311210632,0.0072776637971401215,,0.003677128814160824,,0.16399931907653809,,0.020484978333115578,,0.006977658718824387,,0.0031648764852434397,,0.005397345870733261,,0.007583058439195156,,0.38793087005615234,,,,,,,,,,,,,,,,
11,9629,,0.014560937881469727,,0.0,,0.16099709272384644,,0.0046419547870755196,,0.20259344577789307,,,0.14845582842826843,0.023347198963165283,,0.003228291869163513,,0.16748040914535522,,0.014697110280394554,,0.005609544459730387,,0.002788309706375003,,0.004616623744368553,,0.0046419547870755196,,0.37881672382354736,,,,,,,,,,,,,,,,
11,9639,,0.015083877369761467,,0.0,,0.1636849045753479,,0.006912083365023136,,0.2029779851436615,,,0.1589561402797699,0.006078888196498156,,0.004641053732484579,,0.16553159058094025,,0.021869275718927383,,0.008366724476218224,,0.0029866769909858704,,0.005007174797356129,,0.006912083365023136,,0.3835517466068268,,,,,,,,,,,,,,,,
11,9649,,0.020425710827112198,,0.0,,0.18871238827705383,,0.006607570685446262,,0.2026170790195465,,,0.1471070498228073,0.02445102669298649,,0.006677836179733276,,0.16426803171634674,,0.019673286005854607,,0.006040806882083416,,0.0034198956564068794,,0.005340863484889269,,0.006607570685446262,,0.4003412127494812,,,,,,,,,,,,,,,,
11,9659,,0.012941643595695496,,0.0,,0.146758034825325,,0.008336870931088924,,0.2029149830341339,,,0.16214990615844727,0.004554024897515774,,0.0024303258396685123,,0.16170597076416016,,0.018432406708598137,,0.007564392406493425,,0.0027844691649079323,,0.004929119721055031,,0.008336870931088924,,0.37021562457084656,,,,,,,,,,,,,,,,
11,9669,,0.01566077210009098,,0.0,,0.15122123062610626,,0.0306285060942173,,0.20233191549777985,,,0.1537725329399109,0.004375264048576355,,0.004055434837937355,,0.16693565249443054,,0.026895051822066307,,0.013493127189576626,,0.0032945917919278145,,0.005597749259322882,,0.0306285060942173,,0.3919297754764557,,,,,,,,,,,,,,,,
11,9679,,0.018786266446113586,,0.0,,0.1804983913898468,,0.04406021162867546,,0.20232827961444855,,,0.1637747585773468,0.019414974376559258,,0.005928633734583855,,0.16648054122924805,,0.0442456416785717,,0.036115728318691254,,0.003294306341558695,,0.005919105373322964,,0.04406021162867546,,0.4483829438686371,,,,,,,,,,,,,,,,
11,9689,,0.019492026418447495,,0.0,,0.16559761762619019,,0.02085449919104576,,0.20044337213039398,,,0.1640048623085022,0.005595790687948465,,0.00489389430731535,,0.1688644140958786,,0.030186818912625313,,0.014323499985039234,,0.002974201226606965,,0.005784446373581886,,0.02085449919104576,,0.40439996123313904,,,,,,,,,,,,,,,,
11,9699,,0.012243387289345264,,0.0,,0.13969634473323822,,0.006851342506706715,,0.20217211544513702,,,0.15844525396823883,0.006388370878994465,,0.005073842592537403,,0.16482210159301758,,0.023321431130170822,,0.007180993445217609,,0.0025910332333296537,,0.0046937293373048306,,0.006851342506706715,,0.3690868318080902,,,,,,,,,,,,,,,,
11,9709,,0.018583137542009354,,0.0,,0.16655227541923523,,0.035814978182315826,,0.20064391195774078,,,0.1720609813928604,0.012056034989655018,,0.004883728921413422,,0.17080548405647278,,0.023541763424873352,,0.011605678126215935,,0.00299567892216146,,0.0049909004010260105,,0.035814978182315826,,0.4147627055644989,,,,,,,,,,,,,,,,
11,9719,,0.020296238362789154,,0.0,,0.18775193393230438,,0.009270187467336655,,0.2104272097349167,,,0.15787973999977112,0.008203660137951374,,0.005162268877029419,,0.1687033325433731,,0.016505884006619453,,0.0071054743602871895,,0.0028642660472542048,,0.005040977615863085,,0.009270187467336655,,0.4021260738372803,,,,,,,,,,,,,,,,
11,9729,,0.01345368754118681,,0.0,,0.15728767216205597,,0.010000897571444511,,0.20776617527008057,,,0.16119025647640228,0.011986843310296535,,0.0026449866127222776,,0.16835108399391174,,0.018997270613908768,,0.008383501321077347,,0.002803271869197488,,0.005121494177728891,,0.010000897571444511,,0.3865543305873871,,,,,,,,,,,,,,,,
11,9739,,0.012180021032691002,,0.0,,0.15849362313747406,,0.01016685925424099,,0.20423978567123413,,,0.17340320348739624,0.008184113539755344,,0.003221831051632762,,0.16542845964431763,,0.015792878344655037,,0.007545138709247112,,0.002614897210150957,,0.004817148670554161,,0.01016685925424099,,0.3854525685310364,,,,,,,,,,,,,,,,
11,9749,,0.020491156727075577,,0.0,,0.16797330975532532,,0.009959269315004349,,0.203568696975708,,,0.1507384479045868,0.005663369782269001,,0.004703582730144262,,0.16701166331768036,,0.023098014295101166,,0.010973806492984295,,0.002806338481605053,,0.005424296483397484,,0.009959269315004349,,0.38891810178756714,,,,,,,,,,,,,,,,
11,9759,,0.01629059575498104,,0.0,,0.17104482650756836,,0.006147242151200771,,0.20162370800971985,,,0.1649552881717682,0.007018358912318945,,0.002527674427255988,,0.1666514277458191,,0.015398586168885231,,0.006435468792915344,,0.0026978845708072186,,0.004642128013074398,,0.006147242151200771,,0.3850376307964325,,,,,,,,,,,,,,,,
11,9769,,0.013587962836027145,,0.0,,0.16075141727924347,,0.0051121218129992485,,0.20148831605911255,,,0.14610663056373596,0.012452431954443455,,0.0036988980136811733,,0.16284316778182983,,0.018964942544698715,,0.0081420773640275,,0.002666918793693185,,0.00483359768986702,,0.0051121218129992485,,0.3727409839630127,,,,,,,,,,,,,,,,
11,9779,,0.013022154569625854,,0.0,,0.15829148888587952,,0.004051476716995239,,0.20861709117889404,,,0.15013034641742706,0.005296844523400068,,0.003350956831127405,,0.15918999910354614,,0.013608128763735294,,0.005369680002331734,,0.002813840052112937,,0.004628442693501711,,0.004051476716995239,,0.3664994537830353,,,,,,,,,,,,,,,,
11,9789,,0.020595531910657883,,0.0,,0.16582491993904114,,0.006859860382974148,,0.20492812991142273,,,0.15485960245132446,0.010523885488510132,,0.0042656902223825455,,0.1646254062652588,,0.019118985161185265,,0.007143520284444094,,0.002678855787962675,,0.004751618020236492,,0.006859860382974148,,0.38546377420425415,,,,,,,,,,,,,,,,
11,9799,,0.022730793803930283,,0.0,,0.1629437655210495,,0.005180804990231991,,0.20288217067718506,,,0.160724475979805,0.0118607422336936,,0.004592515528202057,,0.16793881356716156,,0.020252540707588196,,0.007346166763454676,,0.0026885843835771084,,0.004668035078793764,,0.005180804990231991,,0.38923871517181396,,,,,,,,,,,,,,,,
11,9809,,0.015400047414004803,,0.0,,0.1612885296344757,,0.0078061772510409355,,0.20146051049232483,,,0.16578470170497894,0.0031544656958431005,,0.002619227161630988,,0.16304218769073486,,0.022061172872781754,,0.009164419956505299,,0.002886925358325243,,0.005320534110069275,,0.0078061772510409355,,0.38265472650527954,,,,,,,,,,,,,,,,
11,9819,,0.011150967329740524,,0.0,,0.16092687845230103,,0.009934422560036182,,0.20250976085662842,,,0.15780788660049438,0.011437386274337769,,0.004461974836885929,,0.16831736266613007,,0.021667197346687317,,0.008137824945151806,,0.0031462679617106915,,0.00534621300175786,,0.009934422560036182,,0.3850952088832855,,,,,,,,,,,,,,,,
11,9829,,0.014650430530309677,,0.0,,0.17089605331420898,,0.007948575541377068,,0.20110884308815002,,,0.1545119285583496,0.00817162450402975,,0.003786924062296748,,0.1633400022983551,,0.024953868240118027,,0.00947196502238512,,0.00285868882201612,,0.004988660104572773,,0.007948575541377068,,0.385838121175766,,,,,,,,,,,,,,,,
11,9839,,0.017648331820964813,,0.0,,0.1692819446325302,,0.006012021563947201,,0.20061293244361877,,,0.16762757301330566,0.008491095155477524,,0.0037632263265550137,,0.16660767793655396,,0.012207919731736183,,0.004859951324760914,,0.0027522146701812744,,0.004480231087654829,,0.006012021563947201,,0.38441264629364014,,,,,,,,,,,,,,,,
11,9849,,0.015080723911523819,,0.0,,0.1697799116373062,,0.005307811312377453,,0.20096823573112488,,,0.15829700231552124,0.007281729020178318,,0.0047549894079566,,0.1652606725692749,,0.011785166338086128,,0.005056916736066341,,0.0027117948047816753,,0.004600340500473976,,0.005307811312377453,,0.3777427673339844,,,,,,,,,,,,,,,,
11,9859,,0.01366535946726799,,0.0,,0.16925708949565887,,0.038533397018909454,,0.20833301544189453,,,0.17354361712932587,0.04250768572092056,,0.0051046097651124,,0.16275858879089355,,0.03173001855611801,,0.01907985843718052,,0.003165427828207612,,0.005472845397889614,,0.038533397018909454,,0.4393121600151062,,,,,,,,,,,,,,,,
11,9869,,0.01601162925362587,,0.0,,0.16981278359889984,,0.0049959514290094376,,0.2079625278711319,,,0.16302797198295593,0.006482843309640884,,0.004723529331386089,,0.16233082115650177,,0.012726145796477795,,0.004746789112687111,,0.0026244064792990685,,0.004209465347230434,,0.0049959514290094376,,0.38193216919898987,,,,,,,,,,,,,,,,
11,9879,,0.013103986158967018,,0.0,,0.15303009748458862,,0.010560872033238411,,0.2179902046918869,,,0.15993881225585938,0.007526656147092581,,0.003421798348426819,,0.15618033707141876,,0.02685791626572609,,0.008597698993980885,,0.002705781953409314,,0.004717835690826178,,0.010560872033238411,,0.3846748471260071,,,,,,,,,,,,,,,,
11,9889,,0.01574145257472992,,0.0,,0.18257102370262146,,0.008690403774380684,,0.20892485976219177,,,0.16920846700668335,0.010751431807875633,,0.0037116731982678175,,0.1598241925239563,,0.015105310827493668,,0.006832833401858807,,0.002652148250490427,,0.004787407349795103,,0.008690403774380684,,0.39679431915283203,,,,,,,,,,,,,,,,
11,9899,,0.010888460092246532,,0.0,,0.14088092744350433,,0.03794170171022415,,0.2007695883512497,,,0.16166642308235168,0.00490420451387763,,0.0023952708579599857,,0.16054114699363708,,0.028060318902134895,,0.015355240553617477,,0.0029394258745014668,,0.0049959695897996426,,0.03794170171022415,,0.3881673216819763,,,,,,,,,,,,,,,,
11,9909,,0.01858064904808998,,0.0,,0.1790582239627838,,0.00701663363724947,,0.20193612575531006,,,0.15180031955242157,0.0056824712082743645,,0.004282558336853981,,0.16503208875656128,,0.03485456854104996,,0.011666976846754551,,0.0025612502358853817,,0.004792202264070511,,0.00701663363724947,,0.3960281312465668,,,,,,,,,,,,,,,,
11,9919,,0.012696935795247555,,0.0,,0.18687963485717773,,0.014463934116065502,,0.2058359682559967,,,0.1553388237953186,0.00550805451348424,,0.0031245730351656675,,0.16251972317695618,,0.06778623163700104,,0.037573181092739105,,0.002763948868960142,,0.005985374562442303,,0.014463934116065502,,0.43323084712028503,,,,,,,,,,,,,,,,
11,9929,,0.01607009768486023,,0.0,,0.1884404420852661,,0.03738807141780853,,0.207065150141716,,,0.1545432060956955,0.010359342209994793,,0.004358924459666014,,0.15841937065124512,,0.039969414472579956,,0.02380075678229332,,0.003459054511040449,,0.005845160689204931,,0.03738807141780853,,0.4277820587158203,,,,,,,,,,,,,,,,
11,9939,,0.0117576252669096,,0.0,,0.17186057567596436,,0.007858146913349628,,0.2012491226196289,,,0.14961972832679749,0.007011984009295702,,0.003868693485856056,,0.16014787554740906,,0.015880204737186432,,0.007340289186686277,,0.002557880710810423,,0.004843070637434721,,0.007858146913349628,,0.3744191527366638,,,,,,,,,,,,,,,,
11,9949,,0.012582526542246342,,0.0,,0.15001936256885529,,0.009007465094327927,,0.21190673112869263,,,0.16635482013225555,0.007711466401815414,,0.00459899939596653,,0.15671898424625397,,0.020935282111167908,,0.009129424579441547,,0.0028664704877883196,,0.005120771937072277,,0.009007465094327927,,0.38103652000427246,,,,,,,,,,,,,,,,
11,9959,,0.017073404043912888,,0.0,,0.164754718542099,,0.006841571070253849,,0.20395129919052124,,,0.15853102505207062,0.004305544309318066,,0.0025425441563129425,,0.16779151558876038,,0.015436224639415741,,0.00702020525932312,,0.0024174784775823355,,0.00447527039796114,,0.006841571070253849,,0.3798080384731293,,,,,,,,,,,,,,,,
11,9969,,0.017030082643032074,,0.0,,0.19086037576198578,,0.005340722389519215,,0.20203955471515656,,,0.16882343590259552,0.00682908995077014,,0.002928381785750389,,0.16535282135009766,,0.012553122825920582,,0.005457394290715456,,0.0025492655113339424,,0.004504988435655832,,0.005340722389519215,,0.3943870961666107,,,,,,,,,,,,,,,,
11,9979,,0.009941883385181427,,0.0,,0.16673849523067474,,0.005652293562889099,,0.20028012990951538,,,0.1566319763660431,0.006431835237890482,,0.003638027235865593,,0.15812253952026367,,0.016407445073127747,,0.006312286015599966,,0.0027160837780684233,,0.004670477472245693,,0.005652293562889099,,0.37110695242881775,,,,,,,,,,,,,,,,
11,9989,,0.012411125004291534,,0.0,,0.16562171280384064,,0.019092459231615067,,0.20128758251667023,,,0.16095057129859924,0.005083250347524881,,0.003451831638813019,,0.16682875156402588,,0.019038034602999687,,0.008219489827752113,,0.002690540160983801,,0.004725747276097536,,0.019092459231615067,,0.3870634138584137,,,,,,,,,,,,,,,,
11,9999,,0.016092509031295776,,0.0,,0.15720534324645996,,0.06677570939064026,,0.20162253081798553,,,0.17782098054885864,0.005619761999696493,,0.005763739347457886,,0.16944390535354614,,0.028227252885699272,,0.01974429376423359,,0.002625337103381753,,0.005232530180364847,,0.06677570939064026,,0.4307032525539398,,,,,,,,,,,,,,,,
11,10009,,0.011552702635526657,,0.0,,0.15993750095367432,,0.007943565957248211,,0.19990114867687225,,,0.15049314498901367,0.0046670022420585155,,0.002016614191234112,,0.16535133123397827,,0.014656297862529755,,0.006556286942213774,,0.0025416461285203695,,0.004643136169761419,,0.007943565957248211,,0.3674517571926117,,,,,,,,,,,,,,,,
11,10019,,0.017163196578621864,,0.0,,0.16035494208335876,,0.007654747925698757,,0.20017848908901215,,,0.15708673000335693,0.004250099416822195,,0.0028939261101186275,,0.1682959496974945,,0.015504809096455574,,0.007637516595423222,,0.002409285167232156,,0.004572569392621517,,0.007654747925698757,,0.37628743052482605,,,,,,,,,,,,,,,,
11,10029,,0.016323603689670563,,0.0,,0.17983679473400116,,0.008498496375977993,,0.20116020739078522,,,0.1601763814687729,0.00965164601802826,,0.004270663019269705,,0.1617283970117569,,0.01643250323832035,,0.007543647196143866,,0.0025325343012809753,,0.004597869701683521,,0.008498496375977993,,0.388675332069397,,,,,,,,,,,,,,,,
11,10039,,0.009091056883335114,,0.0,,0.1314668208360672,,0.00580778531730175,,0.20138247311115265,,,0.16006827354431152,0.009389825165271759,,0.0033596050925552845,,0.15831109881401062,,0.011491662822663784,,0.00508181843906641,,0.002583908848464489,,0.004355801735073328,,0.00580778531730175,,0.3533729612827301,,,,,,,,,,,,,,,,
11,10049,,0.01454082690179348,,0.0,,0.15755687654018402,,0.036948174238204956,,0.2000858187675476,,,0.16659048199653625,0.015351951122283936,,0.006966416724026203,,0.1624431014060974,,0.023162759840488434,,0.012115437537431717,,0.0030786218121647835,,0.005477574188262224,,0.036948174238204956,,0.4048978090286255,,,,,,,,,,,,,,,,
11,10059,,0.013585961423814297,,0.0,,0.1660950779914856,,0.005678870715200901,,0.2049330472946167,,,0.15643861889839172,0.011283062398433685,,0.0044174096547067165,,0.1613033264875412,,0.013720938004553318,,0.005428253207355738,,0.0027468998450785875,,0.004515152890235186,,0.005678870715200901,,0.37733083963394165,,,,,,,,,,,,,,,,
11,10069,,0.017925158143043518,,0.0,,0.1664034128189087,,0.009779042564332485,,0.20349688827991486,,,0.15770061314105988,0.006815727800130844,,0.0051022982224822044,,0.1705632209777832,,0.0323532298207283,,0.01562759280204773,,0.0025793795939534903,,0.005099437199532986,,0.009779042564332485,,0.39927271008491516,,,,,,,,,,,,,,,,
11,10079,,0.015956703573465347,,0.0,,0.16653311252593994,,0.00559536088258028,,0.20029470324516296,,,0.16650457680225372,0.008322792127728462,,0.0052144648507237434,,0.15837080776691437,,0.010925316251814365,,0.004661194980144501,,0.0028067431412637234,,0.004420021548867226,,0.00559536088258028,,0.37701284885406494,,,,,,,,,,,,,,,,
11,10089,,0.013137545436620712,,0.0,,0.16529715061187744,,0.009562652558088303,,0.20187291502952576,,,0.16182520985603333,0.007780786603689194,,0.0055233631283044815,,0.15913289785385132,,0.015476293861865997,,0.0065710656344890594,,0.0026282891631126404,,0.004627155605703592,,0.009562652558088303,,0.379031240940094,,,,,,,,,,,,,,,,
11,10099,,0.019402939826250076,,0.0,,0.16973364353179932,,0.006083867512643337,,0.20040656626224518,,,0.15539221465587616,0.0063494606874883175,,0.005809026770293713,,0.1644875407218933,,0.014317747205495834,,0.005762922111898661,,0.0026575082447379827,,0.004485387820750475,,0.006083867512643337,,0.3796871304512024,,,,,,,,,,,,,,,,
11,10109,,0.01924274116754532,,0.0,,0.14994876086711884,,0.00612432137131691,,0.20159395039081573,,,0.15827439725399017,0.010802634060382843,,0.004080499522387981,,0.16332462430000305,,0.01265790220350027,,0.0054008010774850845,,0.0025592937599867582,,0.00427778298035264,,0.00612432137131691,,0.3712827265262604,,,,,,,,,,,,,,,,
11,10119,,0.01819188892841339,,0.0,,0.18007901310920715,,0.020548269152641296,,0.2014118731021881,,,0.15721116960048676,0.007138644345104694,,0.005617877468466759,,0.1652727872133255,,0.023678964003920555,,0.010436330921947956,,0.0027673854492604733,,0.00524170370772481,,0.020548269152641296,,0.4014188051223755,,,,,,,,,,,,,,,,
11,10129,,0.014370637945830822,,0.0,,0.1672806292772293,,0.036137357354164124,,0.20161129534244537,,,0.15681450068950653,0.048897404223680496,,0.003940396476536989,,0.1583719104528427,,0.01806650683283806,,0.015488166362047195,,0.002659308724105358,,0.004687630571424961,,0.036137357354164124,,0.41650670766830444,,,,,,,,,,,,,,,,
11,10139,,0.011337218806147575,,0.0,,0.15303456783294678,,0.0072865113615989685,,0.20368675887584686,,,0.1525544673204422,0.006359693128615618,,0.0032601074781268835,,0.15914322435855865,,0.02081829309463501,,0.007893475703895092,,0.0028986448887735605,,0.004847467876970768,,0.0072865113615989685,,0.3689839541912079,,,,,,,,,,,,,,,,
11,10139,,,,,,,,,,,,,,,,,,,,,,,,,,,,,,,,0.06683576107025146,0.0,0.3415699005126953,0.2614196538925171,0.3289494812488556,0.09647632390260696,0.2357996553182602,0.03275701776146889,0.2353593111038208,0.5236790776252747,0.2713213562965393,0.004544619005173445,0.02160792611539364,0.2614196538925171,1.220963954925537
11,10139,0.015592525713145733,,0.0,,0.1694960594177246,,0.016203179955482483,,0.20418576896190643,,0.011067752726376057,0.16076801717281342,,,0.004266822244971991,,0.16506923735141754,,0.026359859853982925,,0.011659547686576843,,0.0028627123683691025,,0.005151988938450813,,0.016203179955482483,,0.39891743659973145,,0.25351521372795105,,,,,,,,,,,,,,,
12,10149,,0.014881820417940617,,0.0,,0.15122278034687042,,0.009542661719024181,,0.20806312561035156,,,0.1537575125694275,0.010314714163541794,,0.003260615048930049,,0.16619759798049927,,0.016919998452067375,,0.0077551198191940784,,0.002673428738489747,,0.004763627424836159,,0.009542661719024181,,0.3770582973957062,,,,,,,,,,,,,,,,
12,10159,,0.014796556904911995,,0.0,,0.21373826265335083,,0.03972168639302254,,0.20131875574588776,,,0.1600714921951294,0.012104222550988197,,0.016242414712905884,,0.1617284119129181,,0.05430297926068306,,0.02465294487774372,,0.003277514362707734,,0.006139242555946112,,0.03972168639302254,,0.45711687207221985,,,,,,,,,,,,,,,,
12,10169,,0.013657117262482643,,0.0,,0.15473046898841858,,0.005726804956793785,,0.20195044577121735,,,0.15094904601573944,0.01356017217040062,,0.003212309442460537,,0.1626792699098587,,0.01649698056280613,,0.006787857040762901,,0.0026569836772978306,,0.004930474329739809,,0.005726804956793785,,0.3711342215538025,,,,,,,,,,,,,,,,
12,10179,,0.01072593405842781,,0.0,,0.1655212640762329,,0.008399470709264278,,0.20364651083946228,,,0.1443842053413391,0.015180007554590702,,0.002296891063451767,,0.16016823053359985,,0.01973903924226761,,0.0074703386053442955,,0.0028288373723626137,,0.004794146865606308,,0.008399470709264278,,0.37497448921203613,,,,,,,,,,,,,,,,
12,10189,,0.009450490586459637,,0.0,,0.1523178368806839,,0.037594616413116455,,0.20242939889431,,,0.1659441739320755,0.006339528597891331,,0.003680035239085555,,0.1634972244501114,,0.030487000942230225,,0.015203381888568401,,0.0029108780436217785,,0.005371927283704281,,0.037594616413116455,,0.40029919147491455,,,,,,,,,,,,,,,,
12,10199,,0.014347600750625134,,0.0,,0.18210941553115845,,0.006171041168272495,,0.21250031888484955,,,0.15926259756088257,0.00986537616699934,,0.0031156912446022034,,0.1602584570646286,,0.023222818970680237,,0.00843596737831831,,0.0030713994055986404,,0.005262576509267092,,0.006171041168272495,,0.3964429795742035,,,,,,,,,,,,,,,,
12,10209,,0.018307726830244064,,0.0,,0.1459311693906784,,0.004481948912143707,,0.20430178940296173,,,0.15113070607185364,0.005537824705243111,,0.0049956985749304295,,0.16449867188930511,,0.011833496391773224,,0.004183056764304638,,0.0028404141776263714,,0.004430509638041258,,0.004481948912143707,,0.3634517192840576,,,,,,,,,,,,,,,,
12,10219,,0.017783265560865402,,0.0,,0.17178985476493835,,0.03778889775276184,,0.20704619586467743,,,0.15696077048778534,0.019272455945611,,0.007094807922840118,,0.1649198681116104,,0.018563704565167427,,0.013293501920998096,,0.0026805803645402193,,0.005200388375669718,,0.03778889775276184,,0.4137973487377167,,,,,,,,,,,,,,,,
12,10229,,0.014620400965213776,,0.0,,0.16817861795425415,,0.004265067167580128,,0.20018087327480316,,,0.15337833762168884,0.005384727381169796,,0.0027366913855075836,,0.1557563841342926,,0.01622544415295124,,0.005352111998945475,,0.0027195794973522425,,0.004308965988457203,,0.004265067167580128,,0.36870813369750977,,,,,,,,,,,,,,,,
12,10239,,0.010453457944095135,,0.0,,0.1475144624710083,,0.0037917261943221092,,0.20067858695983887,,,0.15634064376354218,0.00415887963026762,,0.0036182408221066,,0.1601666361093521,,0.008729648776352406,,0.0040928940288722515,,0.0024197124876081944,,0.004163661506026983,,0.0037917261943221092,,0.35514605045318604,,,,,,,,,,,,,,,,
12,10249,,0.017113780602812767,,0.0,,0.1697944700717926,,0.03446497768163681,,0.20749588310718536,,,0.16497743129730225,0.0033526457846164703,,0.0026918910443782806,,0.1615719199180603,,0.012954284437000751,,0.00930196326225996,,0.002565082861110568,,0.004084442742168903,,0.03446497768163681,,0.39722660183906555,,,,,,,,,,,,,,,,
12,10259,,0.013990936800837517,,0.0,,0.15738004446029663,,0.006704023107886314,,0.20111903548240662,,,0.16266009211540222,0.01380689162760973,,0.004003987181931734,,0.1639016568660736,,0.018133122473955154,,0.00784207507967949,,0.00255512329749763,,0.004428890999406576,,0.006704023107886314,,0.3804773688316345,,,,,,,,,,,,,,,,
12,10269,,0.012505138292908669,,0.0,,0.14468331634998322,,0.037478528916835785,,0.2065436691045761,,,0.16178320348262787,0.019581357017159462,,0.003960718866437674,,0.15888267755508423,,0.019678428769111633,,0.014547058381140232,,0.0026297401636838913,,0.004951282870024443,,0.037478528916835785,,0.39608821272850037,,,,,,,,,,,,,,,,
12,10279,,0.016360238194465637,,0.0,,0.16503047943115234,,0.06633263826370239,,0.20000535249710083,,,0.158487468957901,0.01436910405755043,,0.0030324547551572323,,0.15421316027641296,,0.04697486758232117,,0.023398805409669876,,0.002979148179292679,,0.00571168027818203,,0.06633263826370239,,0.43130359053611755,,,,,,,,,,,,,,,,
12,10289,,0.0110931396484375,,0.0,,0.15301722288131714,,0.005564192309975624,,0.23669955134391785,,,0.16316156089305878,0.00430243881419301,,0.0027438118122518063,,0.16253593564033508,,0.013807490468025208,,0.005016252398490906,,0.0026382252108305693,,0.004446682054549456,,0.005564192309975624,,0.3847365975379944,,,,,,,,,,,,,,,,
12,10299,,0.016055487096309662,,0.0,,0.18424683809280396,,0.004918202757835388,,0.20558635890483856,,,0.15520651638507843,0.005776877515017986,,0.004575286991894245,,0.1615971326828003,,0.014294231310486794,,0.005227163899689913,,0.0029434040188789368,,0.004909873940050602,,0.004918202757835388,,0.385123610496521,,,,,,,,,,,,,,,,
12,10309,,0.011089173145592213,,0.0,,0.1300038844347,,0.03416011482477188,,0.20134864747524261,,,0.16289885342121124,0.0081102903932333,,0.0030255895107984543,,0.15630117058753967,,0.033557482063770294,,0.01836860552430153,,0.003173021599650383,,0.0051619079895317554,,0.03416011482477188,,0.3861803114414215,,,,,,,,,,,,,,,,
12,10319,,0.010450849309563637,,0.0,,0.15851281583309174,,0.00806046836078167,,0.2017502635717392,,,0.1584998071193695,0.0056864856742322445,,0.003270799992606044,,0.1587931215763092,,0.018611151725053787,,0.00904554408043623,,0.0023596263490617275,,0.004350666888058186,,0.00806046836078167,,0.37187111377716064,,,,,,,,,,,,,,,,
12,10329,,0.014763034880161285,,0.0,,0.15323740243911743,,0.0043148016557097435,,0.2011953890323639,,,0.15760383009910583,0.002584308385848999,,0.0025762617588043213,,0.16349567472934723,,0.012726778164505959,,0.00570819852873683,,0.0024489054922014475,,0.004116030875593424,,0.0043148016557097435,,0.3644433319568634,,,,,,,,,,,,,,,,
12,10339,,0.013586434535682201,,0.0,,0.16136415302753448,,0.0055934954434633255,,0.20229604840278625,,,0.16178935766220093,0.008068124763667583,,0.005820014514029026,,0.16316565871238708,,0.013421103358268738,,0.00562969921156764,,0.0028225763235241175,,0.004925684072077274,,0.0055934954434633255,,0.3767040967941284,,,,,,,,,,,,,,,,
12,10349,,0.01366460882127285,,0.0,,0.17008039355278015,,0.005319675430655479,,0.20181936025619507,,,0.1631198227405548,0.01239753793925047,,0.002334581222385168,,0.1594042181968689,,0.013139368034899235,,0.005277511663734913,,0.0028703727293759584,,0.004640050232410431,,0.005319675430655479,,0.379353791475296,,,,,,,,,,,,,,,,
12,10359,,0.014337649568915367,,0.0,,0.1470978856086731,,0.005833332426846027,,0.20054395496845245,,,0.15875081717967987,0.002291149226948619,,0.0032484165858477354,,0.16431622207164764,,0.014075515791773796,,0.005865931510925293,,0.0024476908147335052,,0.004101160913705826,,0.005833332426846027,,0.36350542306900024,,,,,,,,,,,,,,,,
12,10369,,0.020373724400997162,,0.0,,0.18167619407176971,,0.005603152327239513,,0.20120425522327423,,,0.1615382581949234,0.008148190565407276,,0.00477270781993866,,0.1624385416507721,,0.015255474485456944,,0.0051351068541407585,,0.0027407645247876644,,0.004512975458055735,,0.005603152327239513,,0.38895612955093384,,,,,,,,,,,,,,,,
12,10379,,0.009417996741831303,,0.0,,0.1520622968673706,,0.006619485095143318,,0.20540130138397217,,,0.14701206982135773,0.004488514270633459,,0.001902843709103763,,0.15632963180541992,,0.020533734932541847,,0.007461772300302982,,0.002671352820470929,,0.0045143235474824905,,0.006619485095143318,,0.36146482825279236,,,,,,,,,,,,,,,,
12,10389,,0.01774708926677704,,0.0,,0.17408856749534607,,0.0028296373784542084,,0.20186688005924225,,,0.15555152297019958,0.009951983578503132,,0.004031767603009939,,0.16307006776332855,,0.007362042553722858,,0.003179217455908656,,0.0025013748090714216,,0.0036325431428849697,,0.0028296373784542084,,0.3747226297855377,,,,,,,,,,,,,,,,
12,10399,,0.014075607061386108,,0.0,,0.17100799083709717,,0.03572049364447594,,0.20389987528324127,,,0.16114506125450134,0.010621561668813229,,0.008155660703778267,,0.15939684212207794,,0.017011579126119614,,0.011593335308134556,,0.0027971998788416386,,0.004907677881419659,,0.03572049364447594,,0.40262025594711304,,,,,,,,,,,,,,,,
12,10409,,0.024280216544866562,,0.0,,0.18201495707035065,,0.010838468559086323,,0.2005578726530075,,,0.15128083527088165,0.008722388185560703,,0.008300019428133965,,0.16363303363323212,,0.026345618069171906,,0.010749262757599354,,0.0030534788966178894,,0.005589667242020369,,0.010838468559086323,,0.40047773718833923,,,,,,,,,,,,,,,,
12,10419,,0.012377366423606873,,0.0,,0.15899589657783508,,0.007045043632388115,,0.20260173082351685,,,0.1640167236328125,0.012881354428827763,,0.004393020644783974,,0.15953901410102844,,0.01273231953382492,,0.004958438221365213,,0.0026278651785105467,,0.004271720536053181,,0.007045043632388115,,0.37535610795021057,,,,,,,,,,,,,,,,
12,10429,,0.019730709493160248,,0.0,,0.1767251342535019,,0.0070709120482206345,,0.20172995328903198,,,0.16082993149757385,0.015383872203528881,,0.004489682614803314,,0.16347892582416534,,0.014278436079621315,,0.006021368782967329,,0.002725050086155534,,0.00481470488011837,,0.0070709120482206345,,0.3910467028617859,,,,,,,,,,,,,,,,
12,10439,,0.016206862404942513,,0.0,,0.1722126603126526,,0.005376903340220451,,0.201704740524292,,,0.1717408001422882,0.008619388565421104,,0.004547261167317629,,0.1577175259590149,,0.01173129677772522,,0.005067162681370974,,0.002561331493780017,,0.004387227352708578,,0.005376903340220451,,0.38313019275665283,,,,,,,,,,,,,,,,
12,10449,,0.01019449345767498,,0.0,,0.15046672523021698,,0.006889062002301216,,0.20115599036216736,,,0.15741583704948425,0.009131116792559624,,0.003890855237841606,,0.15657252073287964,,0.019796844571828842,,0.007232537493109703,,0.002943039871752262,,0.004858712665736675,,0.006889062002301216,,0.36770322918891907,,,,,,,,,,,,,,,,
12,10459,,0.01656200736761093,,0.0,,0.1669222116470337,,0.003812626004219055,,0.2000397890806198,,,0.16133001446723938,0.01254388876259327,,0.005547783337533474,,0.16667941212654114,,0.016115818172693253,,0.005664595868438482,,0.0028854350093752146,,0.004368072375655174,,0.003812626004219055,,0.3834199011325836,,,,,,,,,,,,,,,,
12,10469,,0.010716281831264496,,0.0,,0.15028485655784607,,0.010488338768482208,,0.2066487967967987,,,0.1561080664396286,0.008248195983469486,,0.004199573770165443,,0.15698589384555817,,0.022703660652041435,,0.008799485862255096,,0.0031587094999849796,,0.005390889476984739,,0.010488338768482208,,0.3745618164539337,,,,,,,,,,,,,,,,
12,10479,,0.012739361263811588,,0.0,,0.15139448642730713,,0.0043093059211969376,,0.20009779930114746,,,0.1646156758069992,0.003496650606393814,,0.0030900752171874046,,0.16320717334747314,,0.01262100599706173,,0.005629898514598608,,0.002397136064246297,,0.004002868197858334,,0.0043093059211969376,,0.365802139043808,,,,,,,,,,,,,,,,
12,10489,,0.014439393766224384,,0.0,,0.176253542304039,,0.007040649652481079,,0.2009941190481186,,,0.14177511632442474,0.005454897880554199,,0.002745686797425151,,0.1521719992160797,,0.011914532631635666,,0.005412663798779249,,0.0026835596654564142,,0.004469259642064571,,0.007040649652481079,,0.36491233110427856,,,,,,,,,,,,,,,,
12,10499,,0.01939389854669571,,0.0,,0.15354783833026886,,0.005298998206853867,,0.2032884955406189,,,0.15603317320346832,0.006550711579620838,,0.003765405621379614,,0.16757448017597198,,0.015683820471167564,,0.006299477536231279,,0.0027302636299282312,,0.004475177265703678,,0.005298998206853867,,0.3745584785938263,,,,,,,,,,,,,,,,
12,10509,,0.015129494480788708,,0.0,,0.1543383151292801,,0.004756707698106766,,0.20088618993759155,,,0.15080690383911133,0.0067959073930978775,,0.004190413281321526,,0.16018855571746826,,0.015839817002415657,,0.006870510522276163,,0.002693663351237774,,0.0046694171614944935,,0.004756707698106766,,0.3659176528453827,,,,,,,,,,,,,,,,
12,10519,,0.020774442702531815,,0.0,,0.16407565772533417,,0.005536404438316822,,0.20519717037677765,,,0.15505479276180267,0.004539409186691046,,0.0037815566174685955,,0.16848573088645935,,0.012568065896630287,,0.004652915056794882,,0.0029210022184997797,,0.004444742575287819,,0.005536404438316822,,0.378238320350647,,,,,,,,,,,,,,,,
12,10529,,0.00957815907895565,,0.0,,0.14823772013187408,,0.005685173906385899,,0.20078043639659882,,,0.154512420296669,0.010346540249884129,,0.004595374688506126,,0.1628022938966751,,0.010937018319964409,,0.005077837500721216,,0.002480629598721862,,0.00434586638584733,,0.005685173906385899,,0.3618626892566681,,,,,,,,,,,,,,,,
12,10539,,0.014758901670575142,,0.0,,0.18234936892986298,,0.0041381120681762695,,0.20060507953166962,,,0.1542118787765503,0.003824167652055621,,0.0036009475588798523,,0.16148674488067627,,0.012288288213312626,,0.004222903400659561,,0.0027274570893496275,,0.0043356772512197495,,0.0041381120681762695,,0.3764426112174988,,,,,,,,,,,,,,,,
12,10549,,0.0119073037058115,,0.0,,0.14794756472110748,,0.0032208040356636047,,0.20097561180591583,,,0.16769571602344513,0.004497606307268143,,0.0030001793056726456,,0.16323432326316833,,0.010030800476670265,,0.004306662827730179,,0.0025995157193392515,,0.003997763618826866,,0.0032208040356636047,,0.3637058436870575,,,,,,,,,,,,,,,,
12,10559,,0.012701221741735935,,0.0,,0.16266001760959625,,0.03563554584980011,,0.2006092369556427,,,0.16396000981330872,0.011074654757976532,,0.0025817817077040672,,0.16079729795455933,,0.03494494408369064,,0.017223631963133812,,0.0030883299186825752,,0.0055135879665613174,,0.03563554584980011,,0.4081519544124603,,,,,,,,,,,,,,,,
12,10569,,0.012629558332264423,,0.0,,0.15237769484519958,,0.003996183164417744,,0.20486311614513397,,,0.15953215956687927,0.0059274304658174515,,0.004027975723147392,,0.15912768244743347,,0.013099978677928448,,0.0053698476403951645,,0.002535212552174926,,0.004062017425894737,,0.003996183164417744,,0.3658054769039154,,,,,,,,,,,,,,,,
12,10579,,0.012071242555975914,,0.0,,0.1486802101135254,,0.011198660358786583,,0.20030249655246735,,,0.15429602563381195,0.005021095275878906,,0.003003096906468272,,0.15636032819747925,,0.029363173991441727,,0.010951194912195206,,0.002940915757790208,,0.005228615365922451,,0.011198660358786583,,0.37232285737991333,,,,,,,,,,,,,,,,
12,10589,,0.013716300949454308,,0.0,,0.16967962682247162,,0.012045135721564293,,0.20676152408123016,,,0.14982862770557404,0.013557259924709797,,0.0024363319389522076,,0.15945099294185638,,0.026987439021468163,,0.009799406863749027,,0.003259627614170313,,0.005620397161692381,,0.012045135721564293,,0.3893815279006958,,,,,,,,,,,,,,,,
12,10599,,0.01695852167904377,,0.0,,0.13774757087230682,,0.03473782166838646,,0.20292818546295166,,,0.17639575898647308,0.006485746707767248,,0.007358209230005741,,0.16395002603530884,,0.04702001065015793,,0.01454507652670145,,0.003259245539084077,,0.005013285670429468,,0.03473782166838646,,0.41070640087127686,,,,,,,,,,,,,,,,
12,10609,,0.011065984144806862,,0.0,,0.1507904827594757,,0.005732107907533646,,0.2232830822467804,,,0.1545688658952713,0.005872994661331177,,0.004835196770727634,,0.1634654849767685,,0.012868616729974747,,0.00541361328214407,,0.00263210223056376,,0.004509346559643745,,0.005732107907533646,,0.37477362155914307,,,,,,,,,,,,,,,,
12,10619,,0.015550818294286728,,0.0,,0.1520485132932663,,0.006813922896981239,,0.2172086536884308,,,0.16055715084075928,0.006839035078883171,,0.0038238416891545057,,0.1652555763721466,,0.013490047305822372,,0.006358705926686525,,0.002581783337518573,,0.004364490509033203,,0.006813922896981239,,0.3796284794807434,,,,,,,,,,,,,,,,
12,10629,,0.013606161810457706,,0.0,,0.14412739872932434,,0.0031686043366789818,,0.20229318737983704,,,0.15438614785671234,0.013092069886624813,,0.0043362462893128395,,0.1649378538131714,,0.016089072450995445,,0.005551521200686693,,0.002801231574267149,,0.004433271009474993,,0.0031686043366789818,,0.3666280210018158,,,,,,,,,,,,,,,,
12,10639,,0.014743632636964321,,0.0,,0.14947107434272766,,0.008233328349888325,,0.2002207636833191,,,0.1562185436487198,0.009578642435371876,,0.0033412964548915625,,0.16446474194526672,,0.017341984435915947,,0.0077322437427937984,,0.0027500323485583067,,0.004810156766325235,,0.008233328349888325,,0.3718583285808563,,,,,,,,,,,,,,,,
12,10649,,0.015517672523856163,,0.0,,0.16751988232135773,,0.006198876537382603,,0.201867014169693,,,0.1503165364265442,0.009502923116087914,,0.0027549699880182743,,0.16252407431602478,,0.016649186611175537,,0.006487980484962463,,0.0027471338398754597,,0.004361574538052082,,0.006198876537382603,,0.3754047155380249,,,,,,,,,,,,,,,,
12,10659,,0.017486903816461563,,0.0,,0.14740148186683655,,0.007014947943389416,,0.2009546160697937,,,0.15243446826934814,0.004677965305745602,,0.0031754598021507263,,0.15532508492469788,,0.015834704041481018,,0.006069348193705082,,0.002805277006700635,,0.0047048586420714855,,0.007014947943389416,,0.3612949848175049,,,,,,,,,,,,,,,,
12,10669,,0.015398786403238773,,0.0,,0.17373155057430267,,0.0035126255825161934,,0.2004346400499344,,,0.15652412176132202,0.006591576151549816,,0.0029063026886433363,,0.16166654229164124,,0.021882107481360435,,0.0074844565242528915,,0.0026564078871160746,,0.004152718931436539,,0.0035126255825161934,,0.38054725527763367,,,,,,,,,,,,,,,,
12,10679,,0.009710325859487057,,0.0,,0.1435193121433258,,0.004805315285921097,,0.20008555054664612,,,0.1582065373659134,0.014826612547039986,,0.001905034645460546,,0.15876436233520508,,0.01728442870080471,,0.005784155335277319,,0.002869701012969017,,0.004851126577705145,,0.004805315285921097,,0.3637318015098572,,,,,,,,,,,,,,,,
12,10689,,0.012523735873401165,,0.0,,0.15404269099235535,,0.00806018989533186,,0.20214878022670746,,,0.15227124094963074,0.003914761822670698,,0.003766210749745369,,0.15763422846794128,,0.03175128251314163,,0.012766496278345585,,0.003184278029948473,,0.005946118850260973,,0.00806018989533186,,0.3769780993461609,,,,,,,,,,,,,,,,
12,10699,,0.016082506626844406,,0.0,,0.17418210208415985,,0.016793252900242805,,0.20181763172149658,,,0.15828417241573334,0.006648370064795017,,0.003162425709888339,,0.16897569596767426,,0.02190971188247204,,0.011793975718319416,,0.0027256845496594906,,0.004807844292372465,,0.016793252900242805,,0.3959955871105194,,,,,,,,,,,,,,,,
12,10709,,0.013838624581694603,,0.0,,0.1472579389810562,,0.008542143739759922,,0.20654746890068054,,,0.15671105682849884,0.007258811965584755,,0.0036324539687484503,,0.1615089476108551,,0.014066549018025398,,0.006974644027650356,,0.002471999730914831,,0.004301396198570728,,0.008542143739759922,,0.36870673298835754,,,,,,,,,,,,,,,,
12,10719,,0.01969785988330841,,0.0,,0.17738370597362518,,0.007505354471504688,,0.20140661299228668,,,0.1625162661075592,0.00377286528237164,,0.00837488379329443,,0.16327162086963654,,0.021652795374393463,,0.008496453054249287,,0.003020237432792783,,0.005400505382567644,,0.007505354471504688,,0.39394983649253845,,,,,,,,,,,,,,,,
12,10729,,0.010340697132050991,,0.0,,0.1323331743478775,,0.008065564557909966,,0.20136840641498566,,,0.15018855035305023,0.009810220450162888,,0.0035254298709332943,,0.15981435775756836,,0.019450310617685318,,0.008529511280357838,,0.002645977772772312,,0.004927890840917826,,0.008065564557909966,,0.3579639792442322,,,,,,,,,,,,,,,,
12,10739,,0.01255679689347744,,0.0,,0.15739528834819794,,0.007448934018611908,,0.20159918069839478,,,0.160113126039505,0.011268815957009792,,0.00277638528496027,,0.16024741530418396,,0.02539053000509739,,0.01000511460006237,,0.0027344953268766403,,0.005099764093756676,,0.007448934018611908,,0.3808678090572357,,,,,,,,,,,,,,,,
12,10749,,0.011080988682806492,,0.0,,0.1551700085401535,,0.006659945473074913,,0.20090767741203308,,,0.15294519066810608,0.013153700157999992,,0.0032481977250427008,,0.15973052382469177,,0.016892429441213608,,0.006011579651385546,,0.0030614854767918587,,0.004931787960231304,,0.006659945473074913,,0.36936265230178833,,,,,,,,,,,,,,,,
12,10759,,0.013888184912502766,,0.0,,0.16723261773586273,,0.005610998719930649,,0.20085199177265167,,,0.14958655834197998,0.00923667848110199,,0.0037390789948403835,,0.16285023093223572,,0.02217731811106205,,0.008851928636431694,,0.0026272162795066833,,0.004411020781844854,,0.005610998719930649,,0.3777374029159546,,,,,,,,,,,,,,,,
12,10769,,0.012388737872242928,,0.0,,0.15449002385139465,,0.007181612774729729,,0.20253203809261322,,,0.15564177930355072,0.009088958613574505,,0.004824474919587374,,0.15704306960105896,,0.017567068338394165,,0.006553551647812128,,0.002958455355837941,,0.004854945931583643,,0.007181612774729729,,0.369989812374115,,,,,,,,,,,,,,,,
12,10779,,0.013989077880978584,,0.0,,0.16285274922847748,,0.009318172000348568,,0.21493873000144958,,,0.15435996651649475,0.006308055482804775,,0.0032265828922390938,,0.1538488268852234,,0.018001802265644073,,0.006909271702170372,,0.0027850475162267685,,0.0048858122900128365,,0.009318172000348568,,0.378154993057251,,,,,,,,,,,,,,,,
12,10789,,0.021918445825576782,,0.0,,0.1737743616104126,,0.0056320009753108025,,0.20402246713638306,,,0.16007782518863678,0.01656467095017433,,0.004897189326584339,,0.16491824388504028,,0.035390447825193405,,0.008158567361533642,,0.0028761117719113827,,0.004683410748839378,,0.0056320009753108025,,0.40379855036735535,,,,,,,,,,,,,,,,
12,10799,,0.010090822353959084,,0.0,,0.12991902232170105,,0.006642759777605534,,0.19986775517463684,,,0.15314774215221405,0.005930186714977026,,0.002256080275401473,,0.15638700127601624,,0.013361589051783085,,0.006246776320040226,,0.0025439232122153044,,0.004597717430442572,,0.006642759777605534,,0.3477945923805237,,,,,,,,,,,,,,,,
12,10809,,0.014737620949745178,,0.0,,0.13951829075813293,,0.03909311071038246,,0.20409002900123596,,,0.16716837882995605,0.00683340011164546,,0.005970993544906378,,0.1560736894607544,,0.021612975746393204,,0.013265871442854404,,0.0029735614079982042,,0.005316497292369604,,0.03909311071038246,,0.3909854590892792,,,,,,,,,,,,,,,,
12,10819,,0.016637325286865234,,0.0,,0.14757010340690613,,0.0066034626215696335,,0.2076902687549591,,,0.14756706357002258,0.005581198260188103,,0.004072027746587992,,0.16037064790725708,,0.02209019660949707,,0.009027300402522087,,0.0025913496501743793,,0.004592329729348421,,0.0066034626215696335,,0.369492769241333,,,,,,,,,,,,,,,,
12,10829,,0.010886743664741516,,0.0,,0.13656248152256012,,0.01365391630679369,,0.2010442018508911,,,0.15121674537658691,0.0071273306384682655,,0.0021506748162209988,,0.15070277452468872,,0.02184569090604782,,0.008561098016798496,,0.0029338784515857697,,0.00498540373519063,,0.01365391630679369,,0.35832810401916504,,,,,,,,,,,,,,,,
12,10839,,0.017761431634426117,,0.0,,0.16674163937568665,,0.014303578995168209,,0.2025837004184723,,,0.15660038590431213,0.0050024958327412605,,0.00462335254997015,,0.15741348266601562,,0.037438761442899704,,0.014392831362783909,,0.0029979238752275705,,0.005534023977816105,,0.014303578995168209,,0.39546382427215576,,,,,,,,,,,,,,,,
12,10849,,0.013495899736881256,,0.0,,0.18409442901611328,,0.03992708772420883,,0.19976821541786194,,,0.16504795849323273,0.0105972271412611,,0.0035369358956813812,,0.16113850474357605,,0.023321090266108513,,0.01388567965477705,,0.0027506782207638025,,0.005217514466494322,,0.03992708772420883,,0.41399937868118286,,,,,,,,,,,,,,,,
12,10859,,0.010959767736494541,,0.0,,0.14503252506256104,,0.0057261232286691666,,0.20205821096897125,,,0.14891304075717926,0.010077058337628841,,0.0022405986674129963,,0.15823674201965332,,0.01676088757812977,,0.007366926409304142,,0.0026216229889541864,,0.004846610594540834,,0.0057261232286691666,,0.359843373298645,,,,,,,,,,,,,,,,
12,10869,,0.011017445474863052,,0.0,,0.158573716878891,,0.021529309451580048,,0.20558029413223267,,,0.1563974916934967,0.004721939563751221,,0.002414445858448744,,0.16148802638053894,,0.038004033267498016,,0.014729410409927368,,0.0025866832584142685,,0.0050194417126476765,,0.021529309451580048,,0.3935408890247345,,,,,,,,,,,,,,,,
12,10879,,0.01681188866496086,,0.0,,0.15897682309150696,,0.007146905176341534,,0.2092188000679016,,,0.15927627682685852,0.010389434173703194,,0.005531691014766693,,0.16275903582572937,,0.017106816172599792,,0.006794848013669252,,0.0030007504392415285,,0.00493399566039443,,0.007146905176341534,,0.3834405839443207,,,,,,,,,,,,,,,,
12,10889,,0.01630551554262638,,0.0,,0.17643293738365173,,0.0077327098697423935,,0.20009934902191162,,,0.15286946296691895,0.0033499300479888916,,0.002760307863354683,,0.1588410586118698,,0.017751023173332214,,0.0075452313758432865,,0.0027130187954753637,,0.004916560836136341,,0.0077327098697423935,,0.37811678647994995,,,,,,,,,,,,,,,,
12,10899,,0.01305060088634491,,0.0,,0.15537509322166443,,0.005179715342819691,,0.21579444408416748,,,0.15970712900161743,0.005757701583206654,,0.002996243303641677,,0.16081058979034424,,0.010573966428637505,,0.004729205742478371,,0.0025208094157278538,,0.004164799116551876,,0.005179715342819691,,0.3724125325679779,,,,,,,,,,,,,,,,
12,10909,,0.014284993521869183,,0.0,,0.1445321887731552,,0.006016221828758717,,0.20013146102428436,,,0.1441616415977478,0.0055079348385334015,,0.0035592063795775175,,0.1565597951412201,,0.01466856338083744,,0.006196617614477873,,0.0025498676113784313,,0.004430720582604408,,0.006016221828758717,,0.35351499915122986,,,,,,,,,,,,,,,,
12,10919,,0.01010290626436472,,0.0,,0.1569836586713791,,0.007963715121150017,,0.201070636510849,,,0.15200930833816528,0.0054163080640137196,,0.002138267969712615,,0.1590866893529892,,0.017356248572468758,,0.006137455813586712,,0.0025540271308273077,,0.004301071632653475,,0.007963715121150017,,0.3647106885910034,,,,,,,,,,,,,,,,
12,10929,,0.015038557350635529,,0.0,,0.14084449410438538,,0.010114573873579502,,0.20988208055496216,,,0.1544898897409439,0.005500082392245531,,0.002959778066724539,,0.16006824374198914,,0.018001483753323555,,0.00796434935182333,,0.002523657400161028,,0.0046097468584775925,,0.010114573873579502,,0.3683033287525177,,,,,,,,,,,,,,,,
12,10939,,0.014687596820294857,,0.0,,0.1656106859445572,,0.00662679597735405,,0.20592574775218964,,,0.16613976657390594,0.0071438029408454895,,0.0049059754237532616,,0.1571558117866516,,0.012170216999948025,,0.0056189438328146935,,0.00273915589787066,,0.0045699626207351685,,0.00662679597735405,,0.3789322078227997,,,,,,,,,,,,,,,,
12,10949,,0.01502426527440548,,0.0,,0.17289388179779053,,0.00648198276758194,,0.2065059095621109,,,0.1622009575366974,0.018998902291059494,,0.004930055700242519,,0.15809647738933563,,0.02581428550183773,,0.014136353507637978,,0.0027581986505538225,,0.005052896216511726,,0.00648198276758194,,0.3989735543727875,,,,,,,,,,,,,,,,
12,10959,,0.01463930681347847,,0.0,,0.19123098254203796,,0.0049836840480566025,,0.21066799759864807,,,0.15380363166332245,0.009707863442599773,,0.0060925609432160854,,0.16225884854793549,,0.017641955986618996,,0.0071528153494000435,,0.0028446337673813105,,0.004715171176940203,,0.0049836840480566025,,0.395227313041687,,,,,,,,,,,,,,,,
12,10969,,0.01625342108309269,,0.0,,0.15287277102470398,,0.009344946593046188,,0.20035985112190247,,,0.15192648768424988,0.0051813372410833836,,0.003432298544794321,,0.16057874262332916,,0.01671459898352623,,0.007544065825641155,,0.002597278682515025,,0.00490766204893589,,0.009344946593046188,,0.3683105409145355,,,,,,,,,,,,,,,,
12,10979,,0.016333235427737236,,0.0,,0.1459009200334549,,0.006361586041748524,,0.2043306827545166,,,0.1519891917705536,0.006439432501792908,,0.0041144248098134995,,0.15396109223365784,,0.01624828577041626,,0.006502243690192699,,0.0027486514300107956,,0.004674919880926609,,0.006361586041748524,,0.36213982105255127,,,,,,,,,,,,,,,,
12,10984,,,,,,,,,,,,,,,,,,,,,,,,,,,,,,,,0.0664738118648529,0.0,0.34672442078590393,0.25458821654319763,0.3108733594417572,0.13352538645267487,0.23874908685684204,0.033922065049409866,0.23179736733436584,0.5229154229164124,0.2650114893913269,0.004515848122537136,0.021292194724082947,0.25458821654319763,1.2258403301239014
12,10984,0.014440692029893398,,0.0,,0.15860486030578613,,0.0120994346216321,,0.20326489210128784,,0.009373118169605732,0.1565673053264618,,,0.0040290928445756435,,0.16107235848903656,,0.020859360694885254,,0.00901702605187893,,0.0027728374116122723,,0.0047662281431257725,,0.0120994346216321,,0.38081660866737366,,0.25364765524864197,,,,,,,,,,,,,,,
13,10989,,0.006532642990350723,,0.0,,0.10297439247369766,,0.004591665230691433,,0.20450349152088165,,,0.1586829274892807,0.005804905667901039,,0.0017647398635745049,,0.154445618391037,,0.009493745863437653,,0.004308168776333332,,0.0025459500029683113,,0.004103278275579214,,0.004591665230691433,,0.3319273889064789,,,,,,,,,,,,,,,,
13,10999,,0.01635000854730606,,0.0,,0.1470087766647339,,0.003986317664384842,,0.20757701992988586,,,0.1543949544429779,0.006562554743140936,,0.003838274162262678,,0.15860790014266968,,0.011998012661933899,,0.004570556804537773,,0.0027209750842303038,,0.004259011242538691,,0.003986317664384842,,0.3630666434764862,,,,,,,,,,,,,,,,
13,11009,,0.013348099775612354,,0.0,,0.13766053318977356,,0.007029981352388859,,0.2002207636833191,,,0.15900570154190063,0.005945480428636074,,0.0025761963333934546,,0.15954752266407013,,0.015853943303227425,,0.005569601431488991,,0.0026349930558353662,,0.004214907996356487,,0.007029981352388859,,0.35891130566596985,,,,,,,,,,,,,,,,
13,11019,,0.017828792333602905,,0.0,,0.1565859615802765,,0.038239117711782455,,0.20199373364448547,,,0.16312091052532196,0.00742257060483098,,0.005934422370046377,,0.1633141189813614,,0.027629218995571136,,0.014630722813308239,,0.0026572479400783777,,0.0050108777359128,,0.038239117711782455,,0.4046892821788788,,,,,,,,,,,,,,,,
13,11029,,0.014041056856513023,,0.0,,0.16543002426624298,,0.005113244988024235,,0.200861856341362,,,0.1455617994070053,0.008875197730958462,,0.0032648956403136253,,0.16031861305236816,,0.016301238909363747,,0.004610373638570309,,0.003167149843648076,,0.0046844482421875,,0.005113244988024235,,0.368457168340683,,,,,,,,,,,,,,,,
13,11039,,0.012257786467671394,,0.0,,0.13241636753082275,,0.005658354610204697,,0.20010870695114136,,,0.16047386825084686,0.004606020636856556,,0.0024463441222906113,,0.15413594245910645,,0.0156681090593338,,0.00703025795519352,,0.00249021896161139,,0.004444955848157406,,0.005658354610204697,,0.35309094190597534,,,,,,,,,,,,,,,,
13,11049,,0.012630347162485123,,0.0,,0.16682618856430054,,0.00502476841211319,,0.20024257898330688,,,0.1430336982011795,0.008476206101477146,,0.004882552661001682,,0.15671071410179138,,0.019567979499697685,,0.004067676607519388,,0.002914807526394725,,0.004316659178584814,,0.00502476841211319,,0.36650538444519043,,,,,,,,,,,,,,,,
13,11059,,0.012412279844284058,,0.0,,0.14548535645008087,,0.002915973775088787,,0.19995899498462677,,,0.16152270138263702,0.02199469320476055,,0.002397282747551799,,0.15940193831920624,,0.009720677509903908,,0.0037540006451308727,,0.002613671589642763,,0.003968633711338043,,0.002915973775088787,,0.36505743861198425,,,,,,,,,,,,,,,,
13,11069,,0.011942315846681595,,0.0,,0.14761538803577423,,0.03892078995704651,,0.20187132060527802,,,0.1833575814962387,0.04992563650012016,,0.002065695822238922,,0.16290004551410675,,0.059607017785310745,,0.042768072336912155,,0.0034853562247008085,,0.005680630914866924,,0.03892078995704651,,0.4579102694988251,,,,,,,,,,,,,,,,
13,11079,,0.011177842505276203,,0.0,,0.14164644479751587,,0.010232705622911453,,0.20095258951187134,,,0.1616765558719635,0.012121669016778469,,0.005207551643252373,,0.15809501707553864,,0.05181421712040901,,0.011262744665145874,,0.003796676406636834,,0.006177899893373251,,0.010232705622911453,,0.3901699185371399,,,,,,,,,,,,,,,,
13,11089,,0.01224091649055481,,0.0,,0.13355854153633118,,0.005488117225468159,,0.20058663189411163,,,0.1521223932504654,0.00796925462782383,,0.004349949304014444,,0.15322385728359222,,0.033106859773397446,,0.010692647658288479,,0.003112416947260499,,0.005014459136873484,,0.005488117225468159,,0.36324024200439453,,,,,,,,,,,,,,,,
13,11099,,0.01902114599943161,,0.0,,0.13524922728538513,,0.005590734072029591,,0.20362499356269836,,,0.1521719992160797,0.04071946069598198,,0.0037949280813336372,,0.16498836874961853,,0.04284368455410004,,0.017392205074429512,,0.002999156480655074,,0.005475325044244528,,0.005590734072029591,,0.3996732532978058,,,,,,,,,,,,,,,,
13,11109,,0.018052417784929276,,0.0,,0.16799695789813995,,0.004246775060892105,,0.20068959891796112,,,0.16283753514289856,0.018321046605706215,,0.003282182617112994,,0.17022015154361725,,0.02657194808125496,,0.005823264364153147,,0.0028954066801816225,,0.00469678919762373,,0.004246775060892105,,0.39516544342041016,,,,,,,,,,,,,,,,
13,11119,,0.0158364437520504,,0.0,,0.14365048706531525,,0.030408579856157303,,0.19986459612846375,,,0.16715741157531738,0.012686853297054768,,0.005587555468082428,,0.16547128558158875,,0.028827223926782608,,0.017962520942091942,,0.0033699972555041313,,0.005361822433769703,,0.030408579856157303,,0.4007733464241028,,,,,,,,,,,,,,,,
13,11129,,0.012704489752650261,,0.0,,0.14010891318321228,,0.011973903514444828,,0.20121140778064728,,,0.14930382370948792,0.005871384404599667,,0.0050460705533623695,,0.1607416570186615,,0.032280705869197845,,0.01289419736713171,,0.0027143515180796385,,0.0053877877071499825,,0.011973903514444828,,0.37281322479248047,,,,,,,,,,,,,,,,
13,11139,,0.009007528424263,,0.0,,0.12607017159461975,,0.012600620277225971,,0.20579811930656433,,,0.1843365877866745,0.01925126276910305,,0.0024112709797918797,,0.16004367172718048,,0.029130417853593826,,0.01087910681962967,,0.002603456610813737,,0.004923414904624224,,0.012600620277225971,,0.3859895169734955,,,,,,,,,,,,,,,,
13,11149,,0.015031062066555023,,0.0,,0.1574162393808365,,0.0376141332089901,,0.2011144459247589,,,0.16081170737743378,0.014939241111278534,,0.0065155415795743465,,0.16209346055984497,,0.03244669362902641,,0.015015235170722008,,0.003491760930046439,,0.005704452283680439,,0.0376141332089901,,0.40894925594329834,,,,,,,,,,,,,,,,
13,11159,,0.013945173472166061,,0.0,,0.1402510702610016,,0.006697537377476692,,0.2003384679555893,,,0.1604781448841095,0.01500552985817194,,0.004720495548099279,,0.1652427613735199,,0.04061715304851532,,0.014618190005421638,,0.0027619285974651575,,0.004875937011092901,,0.006697537377476692,,0.38721418380737305,,,,,,,,,,,,,,,,
13,11169,,0.015136681497097015,,0.0,,0.17177240550518036,,0.009188062511384487,,0.21040666103363037,,,0.15343375504016876,0.015701482072472572,,0.0035671654623001814,,0.15931987762451172,,0.040615834295749664,,0.009467415511608124,,0.003084357362240553,,0.004930597264319658,,0.009188062511384487,,0.4007774293422699,,,,,,,,,,,,,,,,
13,11179,,0.01920417509973049,,0.0,,0.14486782252788544,,0.006948268041014671,,0.20019802451133728,,,0.16328316926956177,0.014163585379719734,,0.007374376058578491,,0.1629675179719925,,0.0319666787981987,,0.008870415389537811,,0.0027956797275692225,,0.004878032952547073,,0.006948268041014671,,0.38619792461395264,,,,,,,,,,,,,,,,
13,11189,,0.024744484573602676,,0.0,,0.1794106364250183,,0.004326340742409229,,0.20026284456253052,,,0.15100637078285217,0.010802460834383965,,0.0071365488693118095,,0.16424889862537384,,0.020121540874242783,,0.008170418441295624,,0.002793859224766493,,0.004523478914052248,,0.004326340742409229,,0.39103561639785767,,,,,,,,,,,,,,,,
13,11199,,0.011000458151102066,,0.0,,0.14069171249866486,,0.005332408472895622,,0.19997578859329224,,,0.1560073345899582,0.016572346910834312,,0.0035154009237885475,,0.1547587513923645,,0.018991049379110336,,0.006945278961211443,,0.0027930818032473326,,0.004772011190652847,,0.005332408472895622,,0.3630638122558594,,,,,,,,,,,,,,,,
13,11209,,0.01078217662870884,,0.0,,0.1346748322248459,,0.006110880523920059,,0.2073182910680771,,,0.16208119690418243,0.08824815601110458,,0.0033569782972335815,,0.15542204678058624,,0.037017665803432465,,0.03658807650208473,,0.003034945810213685,,0.0053131538443267345,,0.006110880523920059,,0.427630752325058,,,,,,,,,,,,,,,,
13,11219,,0.012132840231060982,,0.0,,0.1580868363380432,,0.007647797465324402,,0.21397805213928223,,,0.17114226520061493,0.014294500462710857,,0.004870281554758549,,0.15653762221336365,,0.012517799623310566,,0.005243310239166021,,0.0026486138813197613,,0.004173337481915951,,0.007647797465324402,,0.38372331857681274,,,,,,,,,,,,,,,,
13,11229,,0.011705325916409492,,0.0,,0.15557678043842316,,0.007657558657228947,,0.20085643231868744,,,0.16118207573890686,0.007370324805378914,,0.002399365184828639,,0.15899232029914856,,0.016018088907003403,,0.005254653282463551,,0.0029028160497546196,,0.004544206894934177,,0.007657558657228947,,0.36950206756591797,,,,,,,,,,,,,,,,
13,11239,,0.028004515916109085,,0.0,,0.18065832555294037,,0.030895762145519257,,0.20139041543006897,,,0.1570516675710678,0.007966682314872742,,0.006665586493909359,,0.16743774712085724,,0.022148050367832184,,0.01763538084924221,,0.002731687854975462,,0.004980161786079407,,0.030895762145519257,,0.4162730872631073,,,,,,,,,,,,,,,,
13,11249,,0.01262346189469099,,0.0,,0.1572180986404419,,0.011947166174650192,,0.20176684856414795,,,0.1572265923023224,0.007148700300604105,,0.0045095169916749,,0.15809296071529388,,0.02044065296649933,,0.008928297087550163,,0.00279891025274992,,0.004691152833402157,,0.011947166174650192,,0.3760417103767395,,,,,,,,,,,,,,,,
13,11259,,0.013652432709932327,,0.0,,0.1621144562959671,,0.004102376289665699,,0.20014680922031403,,,0.15611378848552704,0.006950887385755777,,0.0028777625411748886,,0.16218602657318115,,0.019090576097369194,,0.0043558687902987,,0.002657592762261629,,0.004051714204251766,,0.004102376289665699,,0.3711760342121124,,,,,,,,,,,,,,,,
13,11269,,0.015758059918880463,,0.0,,0.15348663926124573,,0.00626420509070158,,0.20007222890853882,,,0.151918426156044,0.009108493104577065,,0.004394208546727896,,0.16025596857070923,,0.017013192176818848,,0.0052847228944301605,,0.0029562527779489756,,0.004669886082410812,,0.00626420509070158,,0.36792609095573425,,,,,,,,,,,,,,,,
13,11279,,0.01130721066147089,,0.0,,0.14006906747817993,,0.00448452215641737,,0.19948960840702057,,,0.15760739147663116,0.008314965292811394,,0.002814461477100849,,0.1562476009130478,,0.08109676092863083,,0.014208708889782429,,0.0027978948783129454,,0.00449127983301878,,0.00448452215641737,,0.3937104046344757,,,,,,,,,,,,,,,,
13,11289,,0.01352701522409916,,0.0,,0.133244127035141,,0.0044242944568395615,,0.20069484412670135,,,0.1593184471130371,0.006265114527195692,,0.002683862578123808,,0.15861600637435913,,0.011432047933340073,,0.004662464372813702,,0.0026552872732281685,,0.004278779961168766,,0.0044242944568395615,,0.35304051637649536,,,,,,,,,,,,,,,,
13,11299,,0.01204352080821991,,0.0,,0.14068657159805298,,0.007903756573796272,,0.20383159816265106,,,0.1483083963394165,0.012250654399394989,,0.0032445471733808517,,0.1609911322593689,,0.02254735678434372,,0.007990829646587372,,0.002725213998928666,,0.004667438101023436,,0.007903756573796272,,0.3659292459487915,,,,,,,,,,,,,,,,
13,11309,,0.01264700386673212,,0.0,,0.14525637030601501,,0.0032200831919908524,,0.20050066709518433,,,0.14758947491645813,0.013547927141189575,,0.00523938937112689,,0.1554602086544037,,0.0071993619203567505,,0.002903448883444071,,0.0025460938923060894,,0.003824882674962282,,0.0032200831919908524,,0.35187986493110657,,,,,,,,,,,,,,,,
13,11319,,0.01890471950173378,,0.0,,0.1520768702030182,,0.005572060123085976,,0.201085165143013,,,0.16832809150218964,0.007103586103767157,,0.003602377139031887,,0.16512131690979004,,0.020117368549108505,,0.008073286153376102,,0.002833989914506674,,0.004698645789176226,,0.005572060123085976,,0.38110801577568054,,,,,,,,,,,,,,,,
13,11329,,0.023950517177581787,,0.0,,0.1434711217880249,,0.03503658249974251,,0.20007440447807312,,,0.15248744189739227,0.010503563098609447,,0.01322990469634533,,0.16898028552532196,,0.07204655557870865,,0.042702317237854004,,0.0027443503495305777,,0.006049271207302809,,0.03503658249974251,,0.4386628568172455,,,,,,,,,,,,,,,,
13,11339,,0.0145194036886096,,0.0,,0.1333080232143402,,0.007424693554639816,,0.19987881183624268,,,0.13387645781040192,0.007895415648818016,,0.002860130276530981,,0.15704049170017242,,0.01567886956036091,,0.007093764375895262,,0.002558101201429963,,0.0043991124257445335,,0.007424693554639816,,0.3454661965370178,,,,,,,,,,,,,,,,
13,11349,,0.022894015535712242,,0.0,,0.1652337908744812,,0.043907541781663895,,0.19952502846717834,,,0.15964987874031067,0.005273234564810991,,0.005163080990314484,,0.16332407295703888,,0.023641914129257202,,0.016235269606113434,,0.0030609071254730225,,0.006125726271420717,,0.043907541781663895,,0.4100801348686218,,,,,,,,,,,,,,,,
13,11359,,0.010654442943632603,,0.0,,0.13630306720733643,,0.006990992464125156,,0.20634905993938446,,,0.1432947814464569,0.00659187650308013,,0.0027170858811587095,,0.15183916687965393,,0.022016827017068863,,0.009929308667778969,,0.002750790910795331,,0.004693327937275171,,0.006990992464125156,,0.3544120192527771,,,,,,,,,,,,,,,,
13,11369,,0.010847732424736023,,0.0,,0.14065901935100555,,0.005511945113539696,,0.20057091116905212,,,0.1673138439655304,0.0047458685003221035,,0.0039008702151477337,,0.15618187189102173,,0.013946577906608582,,0.005813943687826395,,0.0027035388629883528,,0.004596972372382879,,0.005511945113539696,,0.3606950640678406,,,,,,,,,,,,,,,,
13,11379,,0.013911907561123371,,0.0,,0.16640478372573853,,0.004319501109421253,,0.20064440369606018,,,0.15762093663215637,0.007073730695992708,,0.003548393724486232,,0.15751709043979645,,0.016901055350899696,,0.005723631475120783,,0.002957188291475177,,0.004714183043688536,,0.004319501109421253,,0.373025506734848,,,,,,,,,,,,,,,,
13,11389,,0.011995922774076462,,0.0,,0.14835749566555023,,0.0046952879056334496,,0.20031502842903137,,,0.15708120167255402,0.006920489016920328,,0.0023323968052864075,,0.16138656437397003,,0.01071920245885849,,0.004770916886627674,,0.0024215306621044874,,0.0038984818384051323,,0.0046952879056334496,,0.3593965172767639,,,,,,,,,,,,,,,,
13,11399,,0.018861904740333557,,0.0,,0.16862958669662476,,0.004700556397438049,,0.21892845630645752,,,0.1469489187002182,0.006498578004539013,,0.005289464723318815,,0.1590394824743271,,0.011149478144943714,,0.005477708298712969,,0.0024674281012266874,,0.00428458908572793,,0.004700556397438049,,0.378280371427536,,,,,,,,,,,,,,,,
13,11409,,0.012477828189730644,,0.0,,0.14315463602542877,,0.01187791395932436,,0.20488502085208893,,,0.14479903876781464,0.012719743885099888,,0.0027514263056218624,,0.16406452655792236,,0.019515054300427437,,0.009216591715812683,,0.0030965344049036503,,0.005016499198973179,,0.01187791395932436,,0.3692956566810608,,,,,,,,,,,,,,,,
13,11419,,0.01688617840409279,,0.0,,0.17370997369289398,,0.03510405123233795,,0.2013927698135376,,,0.15453162789344788,0.008261042647063732,,0.005834100302308798,,0.15647944808006287,,0.02261626161634922,,0.01078580878674984,,0.0031088474206626415,,0.004692619666457176,,0.03510405123233795,,0.3990476727485657,,,,,,,,,,,,,,,,
13,11429,,0.016617968678474426,,0.0,,0.1485568732023239,,0.007596230134367943,,0.2001679390668869,,,0.15632273256778717,0.004642140585929155,,0.0038539101369678974,,0.16475293040275574,,0.016124341636896133,,0.006688096094876528,,0.002668950008228421,,0.004671753849834204,,0.007596230134367943,,0.3686678111553192,,,,,,,,,,,,,,,,
13,11439,,0.021878618746995926,,0.0,,0.14877444505691528,,0.00408161710947752,,0.20207545161247253,,,0.17502744495868683,0.012828465551137924,,0.006275149993598461,,0.17148181796073914,,0.01680602878332138,,0.004784928169101477,,0.0028920157346874475,,0.0044297161512076855,,0.00408161710947752,,0.38788270950317383,,,,,,,,,,,,,,,,
13,11449,,0.012141123414039612,,0.0,,0.14474256336688995,,0.004316734150052071,,0.19978941977024078,,,0.15433065593242645,0.0044835940934717655,,0.002281408291310072,,0.15835922956466675,,0.01888711005449295,,0.0060046943835914135,,0.0031029614619910717,,0.004648966249078512,,0.004316734150052071,,0.35886868834495544,,,,,,,,,,,,,,,,
13,11459,,0.010510294698178768,,0.0,,0.1469976156949997,,0.003489157184958458,,0.20081280171871185,,,0.15653976798057556,0.0036426950246095657,,0.0033238218165934086,,0.15608590841293335,,0.016943594440817833,,0.004294117912650108,,0.0028905151411890984,,0.0043510813266038895,,0.003489157184958458,,0.3571162223815918,,,,,,,,,,,,,,,,
13,11469,,0.014116937294602394,,0.0,,0.1466277539730072,,0.0042027635499835014,,0.2021300494670868,,,0.1554873287677765,0.009892202913761139,,0.007179333828389645,,0.15504319965839386,,0.01575489714741707,,0.006150222849100828,,0.002876231912523508,,0.004737657029181719,,0.0042027635499835014,,0.36446812748908997,,,,,,,,,,,,,,,,
13,11479,,0.008690131828188896,,0.0,,0.14155834913253784,,0.006608299911022186,,0.20250216126441956,,,0.15022961795330048,0.007963133975863457,,0.003682241775095463,,0.15117120742797852,,0.016493767499923706,,0.007212725933641195,,0.002573692472651601,,0.004852111451327801,,0.006608299911022186,,0.3541947603225708,,,,,,,,,,,,,,,,
13,11489,,0.019960541278123856,,0.0,,0.1595519334077835,,0.004742107354104519,,0.20253729820251465,,,0.1526275873184204,0.008006729185581207,,0.005501188337802887,,0.1645279824733734,,0.026366248726844788,,0.006816663313657045,,0.0028945892117917538,,0.004652829375118017,,0.004742107354104519,,0.38141930103302,,,,,,,,,,,,,,,,
13,11499,,0.010274393483996391,,0.0,,0.14095944166183472,,0.004945616237819195,,0.21756339073181152,,,0.15860775113105774,0.007287788204848766,,0.002740334253758192,,0.1597495675086975,,0.01133451797068119,,0.0049118115566670895,,0.00245750998146832,,0.004208962433040142,,0.004945616237819195,,0.3646250367164612,,,,,,,,,,,,,,,,
13,11509,,0.01329808309674263,,0.0,,0.15059611201286316,,0.004787718877196312,,0.20133282244205475,,,0.16466355323791504,0.0033470403868705034,,0.003071386832743883,,0.1575852334499359,,0.0163482204079628,,0.006391692440956831,,0.0026327036321163177,,0.0044380598701536655,,0.004787718877196312,,0.36646535992622375,,,,,,,,,,,,,,,,
13,11519,,0.013949173502624035,,0.0,,0.1449250727891922,,0.034225281327962875,,0.21554425358772278,,,0.1675005555152893,0.003017406677827239,,0.0028648879379034042,,0.15954698622226715,,0.022065037861466408,,0.016173239797353745,,0.00281072361394763,,0.004624521359801292,,0.034225281327962875,,0.39593586325645447,,,,,,,,,,,,,,,,
13,11529,,0.01763969287276268,,0.0,,0.16800634562969208,,0.005453126505017281,,0.20019111037254333,,,0.15767152607440948,0.004897219594568014,,0.003541420679539442,,0.16253502666950226,,0.015569347888231277,,0.006204742472618818,,0.0027411631308496,,0.004836562555283308,,0.005453126505017281,,0.3770619034767151,,,,,,,,,,,,,,,,
13,11539,,0.010502363555133343,,0.0,,0.1537928730249405,,0.0059291766956448555,,0.20970487594604492,,,0.15172536671161652,0.0149559136480093,,0.0027424669824540615,,0.15277394652366638,,0.03818926587700844,,0.018991772085428238,,0.0034642599057406187,,0.005188059527426958,,0.0059291766956448555,,0.38657423853874207,,,,,,,,,,,,,,,,
13,11549,,0.012916617095470428,,0.0,,0.15791532397270203,,0.00542595237493515,,0.20091673731803894,,,0.15151628851890564,0.00990504864603281,,0.0016701545100659132,,0.1607120931148529,,0.01374799944460392,,0.0062159025110304356,,0.002575973980128765,,0.004292986821383238,,0.00542595237493515,,0.3660520911216736,,,,,,,,,,,,,,,,
13,11559,,0.017515862360596657,,0.0,,0.1853470355272293,,0.006950925104320049,,0.20152735710144043,,,0.16470380127429962,0.015019978396594524,,0.0028908438980579376,,0.1658533215522766,,0.01782471314072609,,0.007268988993018866,,0.0029867677949368954,,0.005047685466706753,,0.006950925104320049,,0.3989924192428589,,,,,,,,,,,,,,,,
13,11569,,0.016312262043356895,,0.0,,0.17169898748397827,,0.005434900522232056,,0.20200404524803162,,,0.16411907970905304,0.01954161748290062,,0.0022781211882829666,,0.16227050125598907,,0.029546339064836502,,0.013625165447592735,,0.003550467547029257,,0.005597135983407497,,0.005434900522232056,,0.4007878601551056,,,,,,,,,,,,,,,,
13,11579,,0.016416089609265327,,0.0,,0.15729357302188873,,0.010560311377048492,,0.2019209861755371,,,0.162344828248024,0.01474865060299635,,0.004259993322193623,,0.16446930170059204,,0.033729180693626404,,0.012716571800410748,,0.003342157229781151,,0.005773358512669802,,0.010560311377048492,,0.39667418599128723,,,,,,,,,,,,,,,,
13,11589,,0.01480208057910204,,0.0,,0.1525314748287201,,0.03600020334124565,,0.19964975118637085,,,0.16430693864822388,0.006260741036385298,,0.003745485097169876,,0.16678929328918457,,0.014184923842549324,,0.0111067621037364,,0.0026604803279042244,,0.004551097750663757,,0.03600020334124565,,0.39057016372680664,,,,,,,,,,,,,,,,
13,11599,,0.020345160737633705,,0.0,,0.16655847430229187,,0.03426780179142952,,0.2069823294878006,,,0.16507844626903534,0.008723746985197067,,0.006201423238962889,,0.16804960370063782,,0.02765333279967308,,0.011326600797474384,,0.0029399688355624676,,0.004634468350559473,,0.03426780179142952,,0.4136979281902313,,,,,,,,,,,,,,,,
13,11609,,0.011996351182460785,,0.0,,0.16974785923957825,,0.04065584018826485,,0.20438608527183533,,,0.15928933024406433,0.009291020222008228,,0.0037820793222635984,,0.1598762571811676,,0.05380959063768387,,0.022739935666322708,,0.0028939228504896164,,0.005666860844939947,,0.04065584018826485,,0.42490100860595703,,,,,,,,,,,,,,,,
13,11619,,0.0151327233761549,,0.0,,0.12795642018318176,,0.025389380753040314,,0.20084023475646973,,,0.15012618899345398,0.016751224175095558,,0.005139161832630634,,0.1579647660255432,,0.03636733815073967,,0.019797032698988914,,0.0029758187010884285,,0.005656360648572445,,0.025389380753040314,,0.384876549243927,,,,,,,,,,,,,,,,
13,11629,,0.015947621315717697,,0.0,,0.15889273583889008,,0.012908359058201313,,0.2030465006828308,,,0.15544192492961884,0.009893597103655338,,0.0035224268212914467,,0.16215044260025024,,0.027574725449085236,,0.008757281117141247,,0.0036132170353084803,,0.005555752199143171,,0.012908359058201313,,0.38643020391464233,,,,,,,,,,,,,,,,
13,11639,,0.014525704085826874,,0.0,,0.1459493339061737,,0.003732011653482914,,0.20083947479724884,,,0.16257953643798828,0.00760403648018837,,0.002041368745267391,,0.16060297191143036,,0.01821913756430149,,0.00502555537968874,,0.0029114398639649153,,0.004348776303231716,,0.003732011653482914,,0.366364061832428,,,,,,,,,,,,,,,,
13,11649,,0.015505889430642128,,0.0,,0.18877045810222626,,0.005083722062408924,,0.19995494186878204,,,0.152019202709198,0.005365725141018629,,0.0022264954168349504,,0.1589406430721283,,0.02194037288427353,,0.007841171696782112,,0.0029544553253799677,,0.005013682879507542,,0.005083722062408924,,0.3853151798248291,,,,,,,,,,,,,,,,
13,11659,,0.01738794520497322,,0.0,,0.1367495357990265,,0.004507758654654026,,0.20010054111480713,,,0.16309362649917603,0.007696663029491901,,0.003890575608238578,,0.1614159196615219,,0.014122890308499336,,0.005498874466866255,,0.0027685784734785557,,0.00445018382743001,,0.004507758654654026,,0.3630666434764862,,,,,,,,,,,,,,,,
13,11669,,0.012236015871167183,,0.0,,0.16048391163349152,,0.007322295568883419,,0.20623047649860382,,,0.1466050148010254,0.01518169790506363,,0.004135139752179384,,0.1596428006887436,,0.01942071132361889,,0.006520050577819347,,0.002952679293230176,,0.004621232394129038,,0.007322295568883419,,0.3749866187572479,,,,,,,,,,,,,,,,
13,11679,,0.01730804517865181,,0.0,,0.15565356612205505,,0.006473083980381489,,0.20216745138168335,,,0.14858677983283997,0.003188697388395667,,0.0045687188394367695,,0.1579478681087494,,0.012850411236286163,,0.005839289631694555,,0.0025934928562492132,,0.004502384457737207,,0.006473083980381489,,0.3630911111831665,,,,,,,,,,,,,,,,
13,11689,,0.01456209272146225,,0.0,,0.15686072409152985,,0.00567980483174324,,0.2031690925359726,,,0.1577865332365036,0.017176855355501175,,0.00748746283352375,,0.15785855054855347,,0.016948409378528595,,0.006493768654763699,,0.0028741967398673296,,0.004979209508746862,,0.00567980483174324,,0.37842798233032227,,,,,,,,,,,,,,,,
13,11699,,0.009552905336022377,,0.0,,0.1494123339653015,,0.00598179642111063,,0.1998755931854248,,,0.1602826714515686,0.06858909130096436,,0.004542645998299122,,0.1539151817560196,,0.07109298557043076,,0.036741361021995544,,0.002792268292978406,,0.005784059874713421,,0.00598179642111063,,0.437173455953598,,,,,,,,,,,,,,,,
13,11709,,0.013651078566908836,,0.0,,0.14350375533103943,,0.006092009134590626,,0.204774871468544,,,0.146963432431221,0.009154221042990685,,0.003576863557100296,,0.151200532913208,,0.01742377132177353,,0.007430459372699261,,0.0027908249758183956,,0.004878470674157143,,0.006092009134590626,,0.3581593334674835,,,,,,,,,,,,,,,,
13,11719,,0.01392417587339878,,0.0,,0.1629098504781723,,0.006802386604249477,,0.20295706391334534,,,0.18716521561145782,0.054731566458940506,,0.003855654736980796,,0.15462329983711243,,0.03674015402793884,,0.0074357688426971436,,0.003056261921301484,,0.005119958892464638,,0.006802386604249477,,0.4222205877304077,,,,,,,,,,,,,,,,
13,11729,,0.012710332870483398,,0.0,,0.16468445956707,,0.007275397889316082,,0.2022731900215149,,,0.1691512167453766,0.006523505784571171,,0.0024961810559034348,,0.15945489704608917,,0.022144822403788567,,0.00664215674623847,,0.003285418264567852,,0.005201827734708786,,0.007275397889316082,,0.3835225999355316,,,,,,,,,,,,,,,,
13,11739,,0.014135892502963543,,0.0,,0.16203631460666656,,0.005720075219869614,,0.20164784789085388,,,0.15911248326301575,0.006182070355862379,,0.002943566767498851,,0.15963664650917053,,0.01406758651137352,,0.005348022561520338,,0.0029235153924673796,,0.004773646593093872,,0.005720075219869614,,0.37165066599845886,,,,,,,,,,,,,,,,
13,11749,,0.013249475508928299,,0.0,,0.15065434575080872,,0.03681012615561485,,0.20127439498901367,,,0.16661931574344635,0.012225303798913956,,0.0038337879814207554,,0.1560278981924057,,0.020927168428897858,,0.014439791440963745,,0.0025555032771080732,,0.005115324165672064,,0.03681012615561485,,0.3944239020347595,,,,,,,,,,,,,,,,
13,11759,,0.010196695104241371,,0.0,,0.13329753279685974,,0.0044263433665037155,,0.2005811333656311,,,0.1503545492887497,0.0027351572643965483,,0.0018576530274003744,,0.15562599897384644,,0.015329251065850258,,0.005952019710093737,,0.002796915592625737,,0.004614659585058689,,0.0044263433665037155,,0.3461912274360657,,,,,,,,,,,,,,,,
13,11769,,0.010522907599806786,,0.0,,0.14631788432598114,,0.004511987790465355,,0.20189423859119415,,,0.15389326214790344,0.006464787293225527,,0.002881548833101988,,0.1575940102338791,,0.016511086374521255,,0.006219197064638138,,0.0026699623558670282,,0.004189440980553627,,0.004511987790465355,,0.3589298725128174,,,,,,,,,,,,,,,,
13,11779,,0.013920772820711136,,0.0,,0.1581302434206009,,0.004972749389708042,,0.19989705085754395,,,0.14414210617542267,0.008515899069607258,,0.0025536962784826756,,0.1543463170528412,,0.014352478086948395,,0.005608284380286932,,0.00296419276855886,,0.004800025373697281,,0.004972749389708042,,0.3595019280910492,,,,,,,,,,,,,,,,
13,11789,,0.014922970905900002,,0.0,,0.15321458876132965,,0.007238980382680893,,0.1998443305492401,,,0.15515489876270294,0.005785972811281681,,0.004116887226700783,,0.15668286383152008,,0.014474382624030113,,0.005935598164796829,,0.002681700512766838,,0.004437142983078957,,0.007238980382680893,,0.364463746547699,,,,,,,,,,,,,,,,
13,11799,,0.02662978693842888,,0.0,,0.17211228609085083,,0.008030049502849579,,0.20737728476524353,,,0.17636792361736298,0.008622400462627411,,0.007275810465216637,,0.16048729419708252,,0.01627393439412117,,0.006787067279219627,,0.002677801763638854,,0.004756740294396877,,0.008030049502849579,,0.4010775685310364,,,,,,,,,,,,,,,,
13,11809,,0.009331177920103073,,0.0,,0.13834816217422485,,0.005381934344768524,,0.20073246955871582,,,0.15155547857284546,0.012425022199749947,,0.0020120476838201284,,0.1539316475391388,,0.019139476120471954,,0.008480146527290344,,0.002736171241849661,,0.004659152589738369,,0.005381934344768524,,0.3566959798336029,,,,,,,,,,,,,,,,
13,11819,,0.019878782331943512,,0.0,,0.17162901163101196,,0.034043487161397934,,0.2007341831922531,,,0.1528051644563675,0.007320206146687269,,0.0033096985425800085,,0.1672767698764801,,0.022383924573659897,,0.012506945058703423,,0.0030484171584248543,,0.005049510393291712,,0.034043487161397934,,0.40251782536506653,,,,,,,,,,,,,,,,
13,11829,,0.027221553027629852,,0.0,,0.17153137922286987,,0.004398212768137455,,0.19967861473560333,,,0.14127373695373535,0.009930426254868507,,0.007249097805470228,,0.16555896401405334,,0.021397991105914116,,0.008723638951778412,,0.0025136619806289673,,0.004219361115247011,,0.004398212768137455,,0.38395801186561584,,,,,,,,,,,,,,,,
13,11829,,,,,,,,,,,,,,,,,,,,,,,,,,,,,,,,0.06595730036497116,0.0,0.3410945236682892,0.2598632574081421,0.3005664050579071,0.10815191268920898,0.22977212071418762,0.03470475599169731,0.22728319466114044,0.525680422782898,0.2550866901874542,0.004355445969849825,0.021061239764094353,0.2598632574081421,1.1973190307617188
13,11829,0.01419479213654995,,0.0,,0.15177977085113525,,0.011550561524927616,,0.2028878778219223,,0.01070940587669611,0.15658912062644958,,,0.00390429375693202,,0.15957558155059814,,0.02193807065486908,,0.009395082481205463,,0.0028106658719480038,,0.00472030695527792,,0.011550561524927616,,0.3773879110813141,,0.25341832637786865,,,,,,,,,,,,,,,
14,11839,,0.014175329357385635,,0.0,,0.14237557351589203,,0.005825767293572426,,0.20736022293567657,,,0.16126567125320435,0.004567043390125036,,0.0029379427433013916,,0.16169917583465576,,0.02071399800479412,,0.0070003317669034,,0.0026571929920464754,,0.004473191220313311,,0.005825767293572426,,0.36976227164268494,,,,,,,,,,,,,,,,
14,11849,,0.01169147714972496,,0.0,,0.15939511358737946,,0.03339716047048569,,0.20164981484413147,,,0.15392109751701355,0.005578591953963041,,0.0023278607986867428,,0.1553228497505188,,0.019375527277588844,,0.015095350332558155,,0.0026460173539817333,,0.004523807670921087,,0.03339716047048569,,0.3847242593765259,,,,,,,,,,,,,,,,
14,11859,,0.014688700437545776,,0.0,,0.14895489811897278,,0.005968625657260418,,0.19976603984832764,,,0.14719578623771667,0.012324427254498005,,0.004702871665358543,,0.15910710394382477,,0.03298880159854889,,0.008830652572214603,,0.0028139781206846237,,0.004682658705860376,,0.005968625657260418,,0.37335363030433655,,,,,,,,,,,,,,,,
14,11869,,0.007529592141509056,,0.0,,0.1438421905040741,,0.005799109116196632,,0.2013903260231018,,,0.15941187739372253,0.0038728881627321243,,0.0018703571986407042,,0.1581128090620041,,0.030324432998895645,,0.004887390416115522,,0.0030048529151827097,,0.004516429267823696,,0.005799109116196632,,0.36453932523727417,,,,,,,,,,,,,,,,
14,11879,,0.014032279141247272,,0.0,,0.15833896398544312,,0.003956749103963375,,0.20072993636131287,,,0.15241962671279907,0.011998608708381653,,0.0052420152351260185,,0.15716296434402466,,0.017892055213451385,,0.006631533615291119,,0.002908251015469432,,0.004410827532410622,,0.003956749103963375,,0.370067298412323,,,,,,,,,,,,,,,,
14,11889,,0.01486562006175518,,0.0,,0.14253610372543335,,0.004915038123726845,,0.2005835622549057,,,0.1581648290157318,0.005766951944679022,,0.004689850844442844,,0.15882709622383118,,0.01806779019534588,,0.005586929153650999,,0.0028434975538402796,,0.004518495406955481,,0.004915038123726845,,0.362942099571228,,,,,,,,,,,,,,,,
14,11899,,0.009838324971497059,,0.0,,0.1268489807844162,,0.0034004775807261467,,0.21316573023796082,,,0.15523435175418854,0.003313407301902771,,0.002552950754761696,,0.15275079011917114,,0.006529716774821281,,0.0028915798757225275,,0.0024917609989643097,,0.0037585331592708826,,0.0034004775807261467,,0.343267560005188,,,,,,,,,,,,,,,,
14,11909,,0.013924358412623405,,0.0,,0.13857193291187286,,0.004308247938752174,,0.20028384029865265,,,0.1533379852771759,0.006816406734287739,,0.002671802882105112,,0.16104836761951447,,0.009129884652793407,,0.0039021780248731375,,0.0026215601246804,,0.00416696397587657,,0.004308247938752174,,0.35247522592544556,,,,,,,,,,,,,,,,
14,11919,,0.01776372641324997,,0.0,,0.1591852754354477,,0.012386241927742958,,0.20484919846057892,,,0.15614312887191772,0.011024938896298409,,0.009446138516068459,,0.1603749543428421,,0.07560138404369354,,0.04557172209024429,,0.0025866255164146423,,0.006041658576577902,,0.012386241927742958,,0.43350833654403687,,,,,,,,,,,,,,,,
14,11929,,0.009126812219619751,,0.0,,0.1573781669139862,,0.004185729660093784,,0.20338034629821777,,,0.1546851247549057,0.016422655433416367,,0.0062399571761488914,,0.15435761213302612,,0.010731512680649757,,0.004211037419736385,,0.002454100176692009,,0.004050646908581257,,0.004185729660093784,,0.3656371533870697,,,,,,,,,,,,,,,,
14,11939,,0.013255605474114418,,0.0,,0.13750658929347992,,0.003989136777818203,,0.20569634437561035,,,0.1504465639591217,0.0028117054607719183,,0.0022531095892190933,,0.15296317636966705,,0.009514253586530685,,0.004030992742627859,,0.0023713824339210987,,0.003929569851607084,,0.003989136777818203,,0.34634897112846375,,,,,,,,,,,,,,,,
14,11949,,0.011411198414862156,,0.0,,0.13428452610969543,,0.00551495049148798,,0.21031537652015686,,,0.15282292664051056,0.011171341873705387,,0.002222200855612755,,0.15293502807617188,,0.016842547804117203,,0.005938734859228134,,0.0025715071242302656,,0.004392658360302448,,0.00551495049148798,,0.3574077785015106,,,,,,,,,,,,,,,,
14,11959,,0.007754962891340256,,0.0,,0.12080808728933334,,0.03484180569648743,,0.20443418622016907,,,0.15394383668899536,0.004368217196315527,,0.0012596147134900093,,0.15969784557819366,,0.07233551144599915,,0.03481796383857727,,0.0024859136901795864,,0.005091758910566568,,0.03484180569648743,,0.40346577763557434,,,,,,,,,,,,,,,,
14,11969,,0.015298739075660706,,0.0,,0.1430622935295105,,0.039053723216056824,,0.20251020789146423,,,0.15813153982162476,0.004473497625440359,,0.003759213490411639,,0.16146661341190338,,0.016627559438347816,,0.011485151015222073,,0.0028256464283913374,,0.00489848293364048,,0.039053723216056824,,0.3842455744743347,,,,,,,,,,,,,,,,
14,11979,,0.011492246761918068,,0.0,,0.13414260745048523,,0.005623606964945793,,0.20095407962799072,,,0.15734529495239258,0.01203922275453806,,0.0065973117016255856,,0.1571570783853531,,0.00873318500816822,,0.004106224048882723,,0.0025819602888077497,,0.00429319916293025,,0.005623606964945793,,0.3546796441078186,,,,,,,,,,,,,,,,
14,11989,,0.015901166945695877,,0.0,,0.1564219892024994,,0.003124970942735672,,0.2016151249408722,,,0.1449110060930252,0.006800436414778233,,0.0036490261554718018,,0.16281607747077942,,0.008739592507481575,,0.0040283203125,,0.0026667113415896893,,0.00422271154820919,,0.003124970942735672,,0.35955989360809326,,,,,,,,,,,,,,,,
14,11999,,0.014108030125498772,,0.0,,0.13564246892929077,,0.006758488714694977,,0.20003388822078705,,,0.15545983612537384,0.007349418010562658,,0.0033645506482571363,,0.15299612283706665,,0.012798572890460491,,0.00619599549099803,,0.00255512329749763,,0.004373408388346434,,0.006758488714694977,,0.35300466418266296,,,,,,,,,,,,,,,,
14,12009,,0.01793886348605156,,0.0,,0.15733039379119873,,0.005519195459783077,,0.2017047256231308,,,0.16383138298988342,0.008757980540394783,,0.004476448055356741,,0.17068830132484436,,0.014855269342660904,,0.0060502211563289165,,0.0027610505931079388,,0.004359991289675236,,0.005519195459783077,,0.3813169002532959,,,,,,,,,,,,,,,,
14,12019,,0.011415332555770874,,0.0,,0.1240115612745285,,0.03543644770979881,,0.2011289745569229,,,0.16251926124095917,0.034224726259708405,,0.0024544368498027325,,0.15770553052425385,,0.01875496283173561,,0.01572566106915474,,0.0027168954256922007,,0.0046620722860097885,,0.03543644770979881,,0.38770899176597595,,,,,,,,,,,,,,,,
14,12029,,0.019154926761984825,,0.0,,0.16158528625965118,,0.00611396599560976,,0.21186856925487518,,,0.1467786431312561,0.0029617678374052048,,0.004380017518997192,,0.1649562567472458,,0.013391407206654549,,0.005856480449438095,,0.002575830789282918,,0.0045231059193611145,,0.00611396599560976,,0.3743346929550171,,,,,,,,,,,,,,,,
14,12039,,0.01172642782330513,,0.0,,0.12797942757606506,,0.03793196380138397,,0.20142270624637604,,,0.166191965341568,0.0037354957312345505,,0.00453074648976326,,0.15101590752601624,,0.022201895713806152,,0.013753386214375496,,0.002682932885363698,,0.00523891719058156,,0.03793196380138397,,0.37682536244392395,,,,,,,,,,,,,,,,
14,12049,,0.011844489723443985,,0.0,,0.13781413435935974,,0.03627258166670799,,0.20297002792358398,,,0.15540558099746704,0.005353683140128851,,0.0019930112175643444,,0.16157862544059753,,0.02867712825536728,,0.012379548512399197,,0.0028636630158871412,,0.0049341763369739056,,0.03627258166670799,,0.38351038098335266,,,,,,,,,,,,,,,,
14,12059,,0.015266834758222103,,0.0,,0.15841442346572876,,0.007023869082331657,,0.20076428353786469,,,0.14750982820987701,0.006643278058618307,,0.0025502056814730167,,0.1591702401638031,,0.015181362628936768,,0.0067932079546153545,,0.0027616985607892275,,0.004823259077966213,,0.007023869082331657,,0.3658628761768341,,,,,,,,,,,,,,,,
14,12069,,0.016228899359703064,,0.0,,0.1464974284172058,,0.006580442190170288,,0.2013680785894394,,,0.15465839207172394,0.004357771947979927,,0.0023763885255903006,,0.16365516185760498,,0.016775917261838913,,0.006472437642514706,,0.00253422767855227,,0.004278354812413454,,0.006580442190170288,,0.3650308847427368,,,,,,,,,,,,,,,,
14,12079,,0.011427409015595913,,0.0,,0.14509190618991852,,0.004373539239168167,,0.19973599910736084,,,0.15469053387641907,0.00456415256485343,,0.0018591209081932902,,0.15719380974769592,,0.00811915285885334,,0.0035142514389008284,,0.0025365548208355904,,0.003775485325604677,,0.004373539239168167,,0.3503286838531494,,,,,,,,,,,,,,,,
14,12089,,0.01884046196937561,,0.0,,0.17857880890369415,,0.03647410124540329,,0.22643056511878967,,,0.15156714618206024,0.008195831440389156,,0.004673173651099205,,0.15885356068611145,,0.024681391194462776,,0.013326359912753105,,0.0028064728248864412,,0.004757171496748924,,0.03647410124540329,,0.4169711172580719,,,,,,,,,,,,,,,,
14,12099,,0.012266566976904869,,0.0,,0.14583250880241394,,0.004910510033369064,,0.20017623901367188,,,0.15082010626792908,0.005943611729890108,,0.0025504427030682564,,0.1554570496082306,,0.009829871356487274,,0.004498204216361046,,0.0026624666061252356,,0.004545829724520445,,0.004910510033369064,,0.35201963782310486,,,,,,,,,,,,,,,,
14,12109,,0.009407062083482742,,0.0,,0.11057282984256744,,0.003996482118964195,,0.20067545771598816,,,0.1644405871629715,0.007913175038993359,,0.002523843664675951,,0.1538906991481781,,0.009411059319972992,,0.00379626895301044,,0.0026818036567419767,,0.004036752972751856,,0.003996482118964195,,0.338691383600235,,,,,,,,,,,,,,,,
14,12119,,0.013859972357749939,,0.0,,0.12908832728862762,,0.004449740052223206,,0.20247380435466766,,,0.1639864444732666,0.0045491489581763744,,0.0018733525648713112,,0.15181441605091095,,0.010627245530486107,,0.0050074439495801926,,0.0023962068371474743,,0.0039687249809503555,,0.004449740052223206,,0.34903180599212646,,,,,,,,,,,,,,,,
14,12129,,0.010278219357132912,,0.0,,0.141453817486763,,0.0055072130635380745,,0.20079158246517181,,,0.1666635423898697,0.006545118521898985,,0.002349812537431717,,0.158516526222229,,0.013170158490538597,,0.0061056544072926044,,0.0024048499763011932,,0.0042723556980490685,,0.0055072130635380745,,0.3611655831336975,,,,,,,,,,,,,,,,
14,12139,,0.009906076826155186,,0.0,,0.13919655978679657,,0.00554313138127327,,0.21072646975517273,,,0.15526869893074036,0.003126957919448614,,0.0015911879017949104,,0.15248212218284607,,0.015854474157094955,,0.00694147776812315,,0.0025197025388479233,,0.004384887870401144,,0.00554313138127327,,0.3559633195400238,,,,,,,,,,,,,,,,
14,12149,,0.013417419046163559,,0.0,,0.15136906504631042,,0.004468238912522793,,0.2003474235534668,,,0.15452279150485992,0.006370452232658863,,0.0045668636448681355,,0.15318609774112701,,0.013419363647699356,,0.005534697789698839,,0.0026247347705066204,,0.004265567287802696,,0.004468238912522793,,0.35917916893959045,,,,,,,,,,,,,,,,
14,12159,,0.01253257505595684,,0.0,,0.16221867501735687,,0.006377039477229118,,0.20032671093940735,,,0.14611953496932983,0.004544154740869999,,0.002556055784225464,,0.15629392862319946,,0.01095636561512947,,0.0048378813080489635,,0.002629385096952319,,0.004226847551763058,,0.006377039477229118,,0.3589229881763458,,,,,,,,,,,,,,,,
14,12169,,0.007303185295313597,,0.0,,0.13046368956565857,,0.01080481056123972,,0.21240893006324768,,,0.1484774649143219,0.005246671847999096,,0.002466893754899502,,0.15006479620933533,,0.020734870806336403,,0.008704186417162418,,0.002678631106391549,,0.004834439605474472,,0.01080481056123972,,0.3545114994049072,,,,,,,,,,,,,,,,
14,12179,,0.013013441115617752,,0.0,,0.12235058844089508,,0.002612009644508362,,0.2005729377269745,,,0.14525704085826874,0.006101125385612249,,0.0033301380462944508,,0.15492434799671173,,0.008278890512883663,,0.0033784136176109314,,0.002629147144034505,,0.003953251987695694,,0.002612009644508362,,0.33517730236053467,,,,,,,,,,,,,,,,
14,12189,,0.01583625003695488,,0.0,,0.15191292762756348,,0.004818948917090893,,0.22272036969661713,,,0.14811456203460693,0.005374986678361893,,0.0029796953313052654,,0.160856693983078,,0.01271827518939972,,0.0048959688283503056,,0.0028061694465577602,,0.004345828201621771,,0.004818948917090893,,0.37086325883865356,,,,,,,,,,,,,,,,
14,12199,,0.017843522131443024,,0.0,,0.17771372199058533,,0.004294227808713913,,0.20550218224525452,,,0.14441469311714172,0.005013176240026951,,0.003877681214362383,,0.16112534701824188,,0.008891071192920208,,0.0036725166719406843,,0.002674182178452611,,0.004023498855531216,,0.004294227808713913,,0.3715346157550812,,,,,,,,,,,,,,,,
14,12209,,0.010792914777994156,,0.0,,0.1304900199174881,,0.006417229771614075,,0.20036208629608154,,,0.14703680574893951,0.008731559850275517,,0.0025767148472368717,,0.1525229960680008,,0.016152173280715942,,0.006047709845006466,,0.0027060445863753557,,0.0047662099823355675,,0.006417229771614075,,0.3466843068599701,,,,,,,,,,,,,,,,
14,12219,,0.013795742765069008,,0.0,,0.1255684494972229,,0.004888731986284256,,0.19944751262664795,,,0.1452520340681076,0.01747518591582775,,0.0034116669557988644,,0.1542121171951294,,0.009087116457521915,,0.004114663694053888,,0.002567057264968753,,0.003966412972658873,,0.004888731986284256,,0.34387660026550293,,,,,,,,,,,,,,,,
14,12229,,0.008738871663808823,,0.0,,0.13427940011024475,,0.007151603698730469,,0.22037893533706665,,,0.1506626009941101,0.002427404746413231,,0.0012766649015247822,,0.1568440943956375,,0.012549953535199165,,0.005858034826815128,,0.0027410704642534256,,0.004456527065485716,,0.007151603698730469,,0.35591086745262146,,,,,,,,,,,,,,,,
14,12239,,0.01192217692732811,,0.0,,0.13184164464473724,,0.004929428920149803,,0.20026549696922302,,,0.160165473818779,0.00821831077337265,,0.004730730317533016,,0.15108998119831085,,0.01747460663318634,,0.005759201478213072,,0.002999807707965374,,0.00475273234769702,,0.004929428920149803,,0.35445111989974976,,,,,,,,,,,,,,,,
14,12249,,0.011495944112539291,,0.0,,0.13191735744476318,,0.004242918454110622,,0.2003927379846573,,,0.1555653065443039,0.0049403952434659,,0.002105418359860778,,0.15815985202789307,,0.01239188201725483,,0.0054768845438957214,,0.0024216677993535995,,0.004135127179324627,,0.004242918454110622,,0.34869033098220825,,,,,,,,,,,,,,,,
14,12259,,0.013617901131510735,,0.0,,0.14746131002902985,,0.004663544707000256,,0.2009831964969635,,,0.15988171100616455,0.007490429561585188,,0.00626551266759634,,0.15672948956489563,,0.011671874672174454,,0.004463238641619682,,0.0025565309915691614,,0.0040334174409508705,,0.004663544707000256,,0.3619258403778076,,,,,,,,,,,,,,,,
14,12269,,0.011265989392995834,,0.0,,0.1378346085548401,,0.0057274457067251205,,0.200496107339859,,,0.14696523547172546,0.00553012965247035,,0.002018007216975093,,0.15179850161075592,,0.011646208353340626,,0.005311922635883093,,0.0026948347222059965,,0.004478180781006813,,0.0057274457067251205,,0.34512266516685486,,,,,,,,,,,,,,,,
14,12279,,0.01059034839272499,,0.0,,0.12335746735334396,,0.0034060003235936165,,0.20681291818618774,,,0.1488855630159378,0.0062218173407018185,,0.0023793100845068693,,0.15796217322349548,,0.011042081750929356,,0.004143539350479841,,0.002539051929488778,,0.003923082258552313,,0.0034060003235936165,,0.3425931930541992,,,,,,,,,,,,,,,,
14,12289,,0.009906178340315819,,0.0,,0.12085388600826263,,0.004866614937782288,,0.1994311362504959,,,0.1591566950082779,0.0016540284268558025,,0.004248868674039841,,0.15335047245025635,,0.012987474910914898,,0.005468524526804686,,0.002434314228594303,,0.0040464019402861595,,0.004866614937782288,,0.3412255048751831,,,,,,,,,,,,,,,,
14,12299,,0.0130648547783494,,0.0,,0.15791411697864532,,0.0052133165299892426,,0.20217669010162354,,,0.1496639996767044,0.00370098021812737,,0.0018074426334351301,,0.1545407474040985,,0.01018570363521576,,0.004001709632575512,,0.0027096043340861797,,0.004114194773137569,,0.0052133165299892426,,0.35660380125045776,,,,,,,,,,,,,,,,
14,12309,,0.009339380078017712,,0.0,,0.1517534703016281,,0.007186972536146641,,0.19961178302764893,,,0.14599239826202393,0.003601471660658717,,0.0023100031539797783,,0.15512460470199585,,0.01723223552107811,,0.0064728655852377415,,0.00264962506480515,,0.00410442566499114,,0.007186972536146641,,0.3547418415546417,,,,,,,,,,,,,,,,
14,12319,,0.011030524969100952,,0.0,,0.1638142317533493,,0.008736379444599152,,0.20090454816818237,,,0.15048843622207642,0.005853857845067978,,0.0026083006523549557,,0.1550174057483673,,0.017563268542289734,,0.008133447729051113,,0.0026848413981497288,,0.004789403174072504,,0.008736379444599152,,0.36820703744888306,,,,,,,,,,,,,,,,
14,12329,,0.014639834873378277,,0.0,,0.14375968277454376,,0.007547782734036446,,0.20229586958885193,,,0.1561007797718048,0.011016849428415298,,0.0030882377177476883,,0.15739186108112335,,0.01364012062549591,,0.004947590176016092,,0.0030483361333608627,,0.004705592058598995,,0.007547782734036446,,0.3634440302848816,,,,,,,,,,,,,,,,
14,12339,,0.015691664069890976,,0.0,,0.13697518408298492,,0.004991701804101467,,0.20403727889060974,,,0.13606342673301697,0.005024302285164595,,0.003705505281686783,,0.15198180079460144,,0.013990368694067001,,0.006285744719207287,,0.002580813365057111,,0.004490677732974291,,0.004991701804101467,,0.3451545536518097,,,,,,,,,,,,,,,,
14,12349,,0.012011082842946053,,0.0,,0.12556925415992737,,0.00723405834287405,,0.2003663182258606,,,0.15787656605243683,0.004772278945893049,,0.0026215347461402416,,0.16208332777023315,,0.01884301006793976,,0.007473450154066086,,0.002715399721637368,,0.004836980253458023,,0.00723405834287405,,0.3556201159954071,,,,,,,,,,,,,,,,
14,12359,,0.015726469457149506,,0.0,,0.14972637593746185,,0.00525510311126709,,0.20197148621082306,,,0.1479455828666687,0.004873919300734997,,0.0029888327699154615,,0.16275514662265778,,0.01985277608036995,,0.0050875348970294,,0.00306348386220634,,0.004719516262412071,,0.00525510311126709,,0.36434289813041687,,,,,,,,,,,,,,,,
14,12369,,0.013790160417556763,,0.0,,0.1409464031457901,,0.008244603872299194,,0.2011031210422516,,,0.14564159512519836,0.017543628811836243,,0.004696863703429699,,0.15547944605350494,,0.014428112655878067,,0.006070955656468868,,0.002684806240722537,,0.004550149664282799,,0.008244603872299194,,0.3598650097846985,,,,,,,,,,,,,,,,
14,12379,,0.01107211783528328,,0.0,,0.153407022356987,,0.005444678477942944,,0.19978851079940796,,,0.16144447028636932,0.006348966155201197,,0.001980922184884548,,0.15264713764190674,,0.012540040537714958,,0.005889349151402712,,0.002574044745415449,,0.004499627277255058,,0.005444678477942944,,0.3610682487487793,,,,,,,,,,,,,,,,
14,12389,,0.012596966698765755,,0.0,,0.143070250749588,,0.03383057564496994,,0.20195500552654266,,,0.15358489751815796,0.011414188891649246,,0.002767627825960517,,0.15980634093284607,,0.0216554943472147,,0.010632028803229332,,0.00264044594950974,,0.004557348787784576,,0.03383057564496994,,0.38153424859046936,,,,,,,,,,,,,,,,
14,12399,,0.013082182966172695,,0.0,,0.12414871156215668,,0.0080967852845788,,0.21949265897274017,,,0.14976976811885834,0.006980343256145716,,0.0034046866931021214,,0.1558670997619629,,0.018299242481589317,,0.008218644186854362,,0.0027670878916978836,,0.004849229007959366,,0.0080967852845788,,0.35991284251213074,,,,,,,,,,,,,,,,
14,12409,,0.011274091899394989,,0.0,,0.11917731165885925,,0.004397830925881863,,0.20099686086177826,,,0.15599219501018524,0.011543948203325272,,0.0025425089988857508,,0.1616472452878952,,0.013014296069741249,,0.004599917680025101,,0.0026648661587387323,,0.004199712071567774,,0.004397830925881863,,0.34812524914741516,,,,,,,,,,,,,,,,
14,12419,,0.010402982123196125,,0.0,,0.13290178775787354,,0.005241270177066326,,0.20065298676490784,,,0.15267333388328552,0.00469545554369688,,0.0029221109580248594,,0.1488656997680664,,0.009651117026805878,,0.004394120536744595,,0.002653566189110279,,0.00428701750934124,,0.005241270177066326,,0.34181419014930725,,,,,,,,,,,,,,,,
14,12429,,0.012749872170388699,,0.0,,0.16129395365715027,,0.01018152479082346,,0.20052401721477509,,,0.15640710294246674,0.005952777806669474,,0.003717416897416115,,0.15564565360546112,,0.02250007726252079,,0.009039164520800114,,0.0027176665607839823,,0.004892011173069477,,0.01018152479082346,,0.37525665760040283,,,,,,,,,,,,,,,,
14,12439,,0.013659518212080002,,0.0,,0.15404242277145386,,0.006002793088555336,,0.20027515292167664,,,0.15070872008800507,0.008502372540533543,,0.004045549314469099,,0.16232839226722717,,0.015437178313732147,,0.005930349696427584,,0.0029337701853364706,,0.004801870323717594,,0.006002793088555336,,0.36673498153686523,,,,,,,,,,,,,,,,
14,12449,,0.01234301459044218,,0.0,,0.13553108274936676,,0.00497029535472393,,0.20671679079532623,,,0.15120723843574524,0.005133330821990967,,0.003383136121556163,,0.15627922117710114,,0.02316674031317234,,0.005464724265038967,,0.002790623577311635,,0.004464421421289444,,0.00497029535472393,,0.35795754194259644,,,,,,,,,,,,,,,,
14,12459,,0.015292716212570667,,0.0,,0.1526230275630951,,0.03518722951412201,,0.20096322894096375,,,0.16123145818710327,0.035132307559251785,,0.0026241156738251448,,0.15695339441299438,,0.016345825046300888,,0.014230480417609215,,0.0024641051422804594,,0.004279436077922583,,0.03518722951412201,,0.4008033275604248,,,,,,,,,,,,,,,,
14,12469,,0.009339653886854649,,0.0,,0.12671814858913422,,0.03613588958978653,,0.20063890516757965,,,0.14936934411525726,0.0033027324825525284,,0.004482995253056288,,0.15462788939476013,,0.017541680485010147,,0.012213273905217648,,0.002582971705123782,,0.004933287389576435,,0.03613588958978653,,0.3634100556373596,,,,,,,,,,,,,,,,
14,12479,,0.01852640137076378,,0.0,,0.1464909464120865,,0.0030530719086527824,,0.20077380537986755,,,0.1491020917892456,0.009527442045509815,,0.005147107876837254,,0.16138586401939392,,0.010108182206749916,,0.004486337304115295,,0.0025152070447802544,,0.004089894704520702,,0.0030530719086527824,,0.35964810848236084,,,,,,,,,,,,,,,,
14,12489,,0.012942001223564148,,0.0,,0.13171370327472687,,0.004577239975333214,,0.2002478688955307,,,0.15685787796974182,0.004757772199809551,,0.003100860398262739,,0.15393996238708496,,0.00888843648135662,,0.0043042805045843124,,0.002459582407027483,,0.004031992517411709,,0.004577239975333214,,0.34592679142951965,,,,,,,,,,,,,,,,
14,12499,,0.014483457431197166,,0.0,,0.13905839622020721,,0.003357670269906521,,0.20118728280067444,,,0.14750860631465912,0.003623111406341195,,0.0024315915070474148,,0.1634828746318817,,0.007918499410152435,,0.003653837600722909,,0.0025054041761904955,,0.003937557339668274,,0.003357670269906521,,0.3485428988933563,,,,,,,,,,,,,,,,
14,12509,,0.010211732238531113,,0.0,,0.13645483553409576,,0.005865909159183502,,0.2103261947631836,,,0.15875719487667084,0.027479222044348717,,0.003062802366912365,,0.15675491094589233,,0.019589783623814583,,0.010414919815957546,,0.002652168972417712,,0.004657028242945671,,0.005865909159183502,,0.37544184923171997,,,,,,,,,,,,,,,,
14,12519,,0.01113419234752655,,0.0,,0.14597253501415253,,0.004403918050229549,,0.2000034600496292,,,0.15671482682228088,0.007667930331081152,,0.0027987309731543064,,0.15653803944587708,,0.015451421961188316,,0.0061900257132947445,,0.0025992810260504484,,0.004355997312813997,,0.004403918050229549,,0.35909321904182434,,,,,,,,,,,,,,,,
14,12529,,0.020945636555552483,,0.0,,0.14660894870758057,,0.004237707704305649,,0.2022751271724701,,,0.16311198472976685,0.007487594615668058,,0.004396705888211727,,0.1602540761232376,,0.009944852441549301,,0.00417989119887352,,0.0026930489111691713,,0.004233407322317362,,0.004237707704305649,,0.36730119585990906,,,,,,,,,,,,,,,,
14,12539,,0.01265157014131546,,0.0,,0.15852656960487366,,0.005405952222645283,,0.1997039020061493,,,0.1411021202802658,0.005362483207136393,,0.0026887606363743544,,0.15614521503448486,,0.009850889444351196,,0.004256593994796276,,0.0025805721525102854,,0.004196817986667156,,0.005405952222645283,,0.3533341586589813,,,,,,,,,,,,,,,,
14,12549,,0.01495232991874218,,0.0,,0.15093925595283508,,0.03691443055868149,,0.21415317058563232,,,0.15172861516475677,0.020400194451212883,,0.003488197922706604,,0.158979594707489,,0.020032038912177086,,0.015677377581596375,,0.0027149587403982878,,0.004982151556760073,,0.03691443055868149,,0.39997223019599915,,,,,,,,,,,,,,,,
14,12559,,0.014771150425076485,,0.0,,0.12368606775999069,,0.03482514247298241,,0.1994919627904892,,,0.13968952000141144,0.0028972781728953123,,0.0028844145126640797,,0.15829604864120483,,0.017185412347316742,,0.010519498027861118,,0.0026541962288320065,,0.004473857115954161,,0.03482514247298241,,0.3579241931438446,,,,,,,,,,,,,,,,
14,12569,,0.010939551517367363,,0.0,,0.1254265159368515,,0.005412586033344269,,0.19934776425361633,,,0.13849373161792755,0.0068077766336500645,,0.0031600617803633213,,0.15056926012039185,,0.012648447416722775,,0.005421059671789408,,0.0025958751793950796,,0.004613656550645828,,0.005412586033344269,,0.33502498269081116,,,,,,,,,,,,,,,,
14,12579,,0.0139921884983778,,0.0,,0.14581848680973053,,0.0032275067642331123,,0.20025257766246796,,,0.1358572393655777,0.009592878632247448,,0.0031405873596668243,,0.15019263327121735,,0.008350868709385395,,0.003462353954091668,,0.002634508768096566,,0.003949115052819252,,0.0032275067642331123,,0.3422100245952606,,,,,,,,,,,,,,,,
14,12589,,0.014870258048176765,,0.0,,0.1560332030057907,,0.008209094405174255,,0.2025727480649948,,,0.15277045965194702,0.005589163862168789,,0.002224828116595745,,0.152678444981575,,0.016524814069271088,,0.007692779414355755,,0.0026808849070221186,,0.004580067936331034,,0.008209094405174255,,0.3655034005641937,,,,,,,,,,,,,,,,
14,12599,,0.009548023343086243,,0.0,,0.13043351471424103,,0.005229589529335499,,0.20936262607574463,,,0.15169981122016907,0.004387736786156893,,0.00161321263294667,,0.1534707248210907,,0.02610175684094429,,0.01348518580198288,,0.0024959926959127188,,0.004689786117523909,,0.005229589529335499,,0.35860389471054077,,,,,,,,,,,,,,,,
14,12609,,0.012735432013869286,,0.0,,0.16556350886821747,,0.0048871031031012535,,0.20338711142539978,,,0.14879655838012695,0.003502471372485161,,0.0031671710312366486,,0.16147246956825256,,0.016535066068172455,,0.00685903849080205,,0.0026447800919413567,,0.004486065823584795,,0.0048871031031012535,,0.36926141381263733,,,,,,,,,,,,,,,,
14,12619,,0.009734520688652992,,0.0,,0.15193329751491547,,0.0042714765295386314,,0.19975867867469788,,,0.15041185915470123,0.010413549840450287,,0.002708315383642912,,0.15406760573387146,,0.013626143336296082,,0.005819359794259071,,0.0025265158619731665,,0.004373739007860422,,0.0042714765295386314,,0.3570093810558319,,,,,,,,,,,,,,,,
14,12629,,0.010948099195957184,,0.0,,0.1482352912425995,,0.006299310363829136,,0.20908986032009125,,,0.14655843377113342,0.007537386380136013,,0.0026058244984596968,,0.1547747552394867,,0.014015303924679756,,0.005780228413641453,,0.0027540624141693115,,0.004756421782076359,,0.006299310363829136,,0.35905563831329346,,,,,,,,,,,,,,,,
14,12639,,0.015636427327990532,,0.0,,0.14809943735599518,,0.0034832339733839035,,0.20319266617298126,,,0.14072401821613312,0.0039046183228492737,,0.0032676614355295897,,0.1598832756280899,,0.009878418408334255,,0.0038625511806458235,,0.0025957543402910233,,0.004011073615401983,,0.0034832339733839035,,0.35127508640289307,,,,,,,,,,,,,,,,
14,12649,,0.011269934475421906,,0.0,,0.13544189929962158,,0.006948754191398621,,0.208566352725029,,,0.15475590527057648,0.004360060673207045,,0.00204032426699996,,0.15557600557804108,,0.012444796040654182,,0.005582372657954693,,0.002566426992416382,,0.004067747388035059,,0.006948754191398621,,0.35384416580200195,,,,,,,,,,,,,,,,
14,12659,,0.015060088597238064,,0.0,,0.17381714284420013,,0.0058102840557694435,,0.1996038854122162,,,0.1498032808303833,0.00356461969204247,,0.002634631935507059,,0.1540185809135437,,0.0147584592923522,,0.006552384700626135,,0.002536165062338114,,0.004406415857374668,,0.0058102840557694435,,0.368486225605011,,,,,,,,,,,,,,,,
14,12669,,0.01353650912642479,,0.0,,0.13812288641929626,,0.0035684574395418167,,0.20198054611682892,,,0.14659124612808228,0.0033825498539954424,,0.0017651102971285582,,0.15598586201667786,,0.010634327307343483,,0.0036453651264309883,,0.0025100214406847954,,0.003855160903185606,,0.0035684574395418167,,0.3447166085243225,,,,,,,,,,,,,,,,
14,12674,,,,,,,,,,,,,,,,,,,,,,,,,,,,,,,,0.06280790269374847,0.0,0.3332444429397583,0.24450452625751495,0.3015156388282776,0.10276596248149872,0.23165245354175568,0.03332842141389847,0.22740349173545837,0.48330461978912354,0.23882898688316345,0.004244876094162464,0.020353499799966812,0.24450452625751495,1.1521543264389038
14,12674,0.013329698704183102,,0.0,,0.14359532296657562,,0.010399374179542065,,0.20244646072387695,,0.007507364731281996,0.15288345515727997,,,0.003374762600287795,,0.15726403892040253,,0.01623072475194931,,0.0072972034104168415,,0.002670318353921175,,0.004443780519068241,,0.010399374179542065,,0.36294305324554443,,0.2535657286643982,,,,,,,,,,,,,,,
15,12679,,0.011018780991435051,,0.0,,0.11934840679168701,,0.0032531963661313057,,0.19978246092796326,,,0.1463371366262436,0.006428225431591272,,0.001817847602069378,,0.15544165670871735,,0.008838022127747536,,0.004104196093976498,,0.0026423356030136347,,0.004031240940093994,,0.0032531963661313057,,0.33353734016418457,,,,,,,,,,,,,,,,
15,12689,,0.012820538133382797,,0.0,,0.1326509565114975,,0.0041207848116755486,,0.20259617269039154,,,0.14414379000663757,0.003877421375364065,,0.0029318640008568764,,0.1545744240283966,,0.01574869081377983,,0.006588040851056576,,0.002490474609658122,,0.004198420327156782,,0.0041207848116755486,,0.34546998143196106,,,,,,,,,,,,,,,,
15,12699,,0.014928825199604034,,0.0,,0.14323964715003967,,0.003568858839571476,,0.20152509212493896,,,0.15682601928710938,0.00409509614109993,,0.0030074974056333303,,0.15948906540870667,,0.01079768966883421,,0.004142882768064737,,0.0029123539570719004,,0.004522274248301983,,0.003568858839571476,,0.3567887246608734,,,,,,,,,,,,,,,,
15,12709,,0.0069114891812205315,,0.0,,0.13226661086082458,,0.004254831932485104,,0.19966574013233185,,,0.1494676023721695,0.008405755273997784,,0.0036551468074321747,,0.1524869203567505,,0.012879179790616035,,0.004563426598906517,,0.0028348027262836695,,0.004431560169905424,,0.004254831932485104,,0.3431272804737091,,,,,,,,,,,,,,,,
15,12719,,0.008155453950166702,,0.0,,0.12591925263404846,,0.0054300324991345406,,0.20049145817756653,,,0.15722748637199402,0.0059815263375639915,,0.0033183242194354534,,0.1512676477432251,,0.012474576011300087,,0.005648128688335419,,0.0025748542975634336,,0.004587129689753056,,0.0054300324991345406,,0.34383150935173035,,,,,,,,,,,,,,,,
15,12729,,0.01155129261314869,,0.0,,0.13245749473571777,,0.0048591094091534615,,0.20170743763446808,,,0.14479193091392517,0.006086507812142372,,0.002146033337339759,,0.15806761384010315,,0.011515360325574875,,0.0042357794009149075,,0.002656139899045229,,0.004203911870718002,,0.0048591094091534615,,0.34424132108688354,,,,,,,,,,,,,,,,
15,12739,,0.014601513743400574,,0.0,,0.15338066220283508,,0.0029020262882113457,,0.19954724609851837,,,0.15029041469097137,0.006387080065906048,,0.002395755611360073,,0.15384797751903534,,0.013279816135764122,,0.005482964683324099,,0.0026802031788975,,0.004143134690821171,,0.0029020262882113457,,0.3565409481525421,,,,,,,,,,,,,,,,
15,12749,,0.011819319799542427,,0.0,,0.13902980089187622,,0.0038034506142139435,,0.20097652077674866,,,0.14985278248786926,0.004232483450323343,,0.003837130032479763,,0.15427744388580322,,0.012354802340269089,,0.004992841277271509,,0.002586029004305601,,0.004134157672524452,,0.0038034506142139435,,0.3480154275894165,,,,,,,,,,,,,,,,
15,12759,,0.013272118754684925,,0.0,,0.1399439126253128,,0.004944159649312496,,0.20108310878276825,,,0.14356857538223267,0.0033150403760373592,,0.0020198384299874306,,0.15587207674980164,,0.015593713149428368,,0.005839824210852385,,0.0028516489546746016,,0.004594828933477402,,0.004944159649312496,,0.3487468361854553,,,,,,,,,,,,,,,,
15,12769,,0.01078805048018694,,0.0,,0.14858461916446686,,0.007116100750863552,,0.20687972009181976,,,0.1494196206331253,0.010322729125618935,,0.004165882244706154,,0.14857663214206696,,0.0168643556535244,,0.00693254079669714,,0.002795098116621375,,0.004707256332039833,,0.007116100750863552,,0.360929936170578,,,,,,,,,,,,,,,,
15,12779,,0.00845562294125557,,0.0,,0.13029003143310547,,0.005121015943586826,,0.24257022142410278,,,0.15234407782554626,0.0032205763272941113,,0.0029163898434489965,,0.15594413876533508,,0.015172090381383896,,0.0070325275883078575,,0.002584083704277873,,0.0044514574110507965,,0.005121015943586826,,0.3672768175601959,,,,,,,,,,,,,,,,
15,12789,,0.009021131321787834,,0.0,,0.14323508739471436,,0.044842079281806946,,0.20144981145858765,,,0.14003793895244598,0.003924976103007793,,0.003247581422328949,,0.15253451466560364,,0.02734614536166191,,0.015735473483800888,,0.002737220609560609,,0.005341081414371729,,0.044842079281806946,,0.3773970305919647,,,,,,,,,,,,,,,,
15,12799,,0.012383625842630863,,0.0,,0.1491517424583435,,0.005848810076713562,,0.2012261599302292,,,0.15787597000598907,0.006861715577542782,,0.001884126802906394,,0.15754783153533936,,0.011804456822574139,,0.005326522514224052,,0.002479717368260026,,0.004264741204679012,,0.005848810076713562,,0.3604600727558136,,,,,,,,,,,,,,,,
15,12809,,0.018554024398326874,,0.0,,0.1392390877008438,,0.005086952820420265,,0.2002008855342865,,,0.15147259831428528,0.0036892672069370747,,0.003940184600651264,,0.16134704649448395,,0.008679219521582127,,0.004061637446284294,,0.0023682336322963238,,0.003918629139661789,,0.005086952820420265,,0.35323819518089294,,,,,,,,,,,,,,,,
15,12819,,0.01150030642747879,,0.0,,0.12527897953987122,,0.03557076305150986,,0.20116755366325378,,,0.15118390321731567,0.012708847410976887,,0.0027854403015226126,,0.15854254364967346,,0.048348065465688705,,0.021411817520856857,,0.00305149401538074,,0.006002271547913551,,0.03557076305150986,,0.3917771577835083,,,,,,,,,,,,,,,,
15,12829,,0.008809100836515427,,0.0,,0.12493445724248886,,0.007208380848169327,,0.1996658593416214,,,0.1468704342842102,0.008500481024384499,,0.005740323569625616,,0.15730980038642883,,0.013386386446654797,,0.006279629189521074,,0.002653919393196702,,0.00444408692419529,,0.007208380848169327,,0.3451234698295593,,,,,,,,,,,,,,,,
15,12839,,0.009996326640248299,,0.0,,0.1323462426662445,,0.004053276963531971,,0.20003719627857208,,,0.15389703214168549,0.005603162571787834,,0.0028636138886213303,,0.1519809067249298,,0.024791039526462555,,0.006447755265980959,,0.002611046191304922,,0.004286373965442181,,0.004053276963531971,,0.35160014033317566,,,,,,,,,,,,,,,,
15,12849,,0.012658197432756424,,0.0,,0.11893262714147568,,0.004988410510122776,,0.19975557923316956,,,0.15676634013652802,0.004400712437927723,,0.0024159434251487255,,0.1578076332807541,,0.010808851569890976,,0.0050415657460689545,,0.0025687485467642546,,0.004316556733101606,,0.004988410510122776,,0.3423888385295868,,,,,,,,,,,,,,,,
15,12859,,0.011184538714587688,,0.0,,0.15310224890708923,,0.03116988018155098,,0.20470412075519562,,,0.15898427367210388,0.021453741937875748,,0.00392565131187439,,0.15855765342712402,,0.03604557365179062,,0.016831016167998314,,0.0035386367235332727,,0.005665607284754515,,0.03116988018155098,,0.40541428327560425,,,,,,,,,,,,,,,,
15,12869,,0.008362429216504097,,0.0,,0.12137091159820557,,0.0045973192900419235,,0.20012150704860687,,,0.15269027650356293,0.006747113075107336,,0.001457064412534237,,0.15577754378318787,,0.010827112942934036,,0.00475976662710309,,0.00257126078940928,,0.004344250541180372,,0.0045973192900419235,,0.3389854431152344,,,,,,,,,,,,,,,,
15,12879,,0.008891231380403042,,0.0,,0.1338309645652771,,0.009846852160990238,,0.21649298071861267,,,0.15170907974243164,0.013313030824065208,,0.0037970198318362236,,0.1478954553604126,,0.023972071707248688,,0.010904206894338131,,0.002623110543936491,,0.004877274390310049,,0.009846852160990238,,0.36651527881622314,,,,,,,,,,,,,,,,
15,12889,,0.01396566815674305,,0.0,,0.13675612211227417,,0.015413863584399223,,0.2004362791776657,,,0.14765670895576477,0.007895098999142647,,0.0032597980462014675,,0.15788735449314117,,0.030467990785837173,,0.013589913956820965,,0.0032122530974447727,,0.005893920082598925,,0.015413863584399223,,0.3711644113063812,,,,,,,,,,,,,,,,
15,12899,,0.01740088127553463,,0.0,,0.15114925801753998,,0.018093310296535492,,0.20078766345977783,,,0.15245184302330017,0.0028810889925807714,,0.0025038798339664936,,0.15396542847156525,,0.022685861214995384,,0.010289872996509075,,0.0028933552093803883,,0.005012464709579945,,0.018093310296535492,,0.3725636899471283,,,,,,,,,,,,,,,,
15,12909,,0.01248708926141262,,0.0,,0.1544114649295807,,0.008217704482376575,,0.20089636743068695,,,0.1448792815208435,0.008008455857634544,,0.0022994286846369505,,0.15413953363895416,,0.021094566211104393,,0.008881058543920517,,0.002699220785871148,,0.0048479302786290646,,0.008217704482376575,,0.3638550043106079,,,,,,,,,,,,,,,,
15,12919,,0.018100550398230553,,0.0,,0.14515189826488495,,0.003734555095434189,,0.2002856433391571,,,0.1521541178226471,0.0033598090521991253,,0.00569512601941824,,0.15500527620315552,,0.009709703736007214,,0.004107167478650808,,0.002456905320286751,,0.003934992011636496,,0.003734555095434189,,0.35381534695625305,,,,,,,,,,,,,,,,
15,12929,,0.013954306952655315,,0.0,,0.1573200523853302,,0.036360498517751694,,0.20721831917762756,,,0.15392246842384338,0.005753493867814541,,0.003761662868782878,,0.15644723176956177,,0.060549043118953705,,0.02616371028125286,,0.0025129662826657295,,0.005652936641126871,,0.036360498517751694,,0.4176347851753235,,,,,,,,,,,,,,,,
15,12939,,0.012826653197407722,,0.0,,0.1183234229683876,,0.007590879686176777,,0.20291894674301147,,,0.1523345708847046,0.008248399011790752,,0.004239100031554699,,0.15689381957054138,,0.011696787551045418,,0.005939389578998089,,0.0024437501560896635,,0.004340384155511856,,0.007590879686176777,,0.34606823325157166,,,,,,,,,,,,,,,,
15,12949,,0.021098336204886436,,0.0,,0.15350322425365448,,0.07405534386634827,,0.20080986618995667,,,0.1634749472141266,0.00663681561127305,,0.0040641967207193375,,0.16295498609542847,,0.04895157366991043,,0.0273166261613369,,0.0029154489748179913,,0.00595581391826272,,0.07405534386634827,,0.43884649872779846,,,,,,,,,,,,,,,,
15,12959,,0.017750868573784828,,0.0,,0.1527288407087326,,0.03889232873916626,,0.20069235563278198,,,0.14508263766765594,0.003712456440553069,,0.004686073400080204,,0.1595727801322937,,0.049626365303993225,,0.013613283634185791,,0.002957744523882866,,0.0051645818166434765,,0.03889232873916626,,0.399822473526001,,,,,,,,,,,,,,,,
15,12969,,0.0192011296749115,,0.0,,0.1548854410648346,,0.0064318496733903885,,0.2007775753736496,,,0.14409281313419342,0.008091965690255165,,0.0044636852107942104,,0.162369504570961,,0.010347947478294373,,0.004185863304883242,,0.0027597860898822546,,0.004273055586963892,,0.0064318496733903885,,0.3630768656730652,,,,,,,,,,,,,,,,
15,12979,,0.016897456720471382,,0.0,,0.16786599159240723,,0.04042191058397293,,0.20117545127868652,,,0.14628282189369202,0.01030755415558815,,0.00447719544172287,,0.15655511617660522,,0.019028760492801666,,0.012649291194975376,,0.0027706569526344538,,0.0049617961049079895,,0.04042191058397293,,0.3941779136657715,,,,,,,,,,,,,,,,
15,12989,,0.012139664962887764,,0.0,,0.13546492159366608,,0.006193635985255241,,0.20351865887641907,,,0.14183497428894043,0.017161989584565163,,0.003898521652445197,,0.153733029961586,,0.01551199983805418,,0.006338817998766899,,0.002854003570973873,,0.004726608283817768,,0.006193635985255241,,0.35405170917510986,,,,,,,,,,,,,,,,
15,12999,,0.015310059301555157,,0.0,,0.12795309722423553,,0.003984231501817703,,0.20075005292892456,,,0.1501825451850891,0.006388396490365267,,0.0037645529955625534,,0.1535041332244873,,0.009377723559737206,,0.003972809761762619,,0.0025493984576314688,,0.00398296769708395,,0.003984231501817703,,0.3428514897823334,,,,,,,,,,,,,,,,
15,13009,,0.009736627340316772,,0.0,,0.12666906416416168,,0.00861404649913311,,0.20112119615077972,,,0.14287397265434265,0.0035660513676702976,,0.0023109938483685255,,0.1536351442337036,,0.0185489971190691,,0.007796308025717735,,0.002615672769024968,,0.004944419022649527,,0.00861404649913311,,0.343688428401947,,,,,,,,,,,,,,,,
15,13019,,0.008683010935783386,,0.0,,0.1273614764213562,,0.0058980584144592285,,0.2000722736120224,,,0.16249680519104004,0.002039581537246704,,0.0017955321818590164,,0.15677794814109802,,0.012892749160528183,,0.005749367643147707,,0.002650124952197075,,0.0043328795582056046,,0.0058980584144592285,,0.34754130244255066,,,,,,,,,,,,,,,,
15,13029,,0.0221616979688406,,0.0,,0.15008246898651123,,0.03751534968614578,,0.2018539160490036,,,0.14990463852882385,0.009607655927538872,,0.0070620346814394,,0.15987494587898254,,0.01858842745423317,,0.01234743744134903,,0.002824254333972931,,0.004677870310842991,,0.03751534968614578,,0.39058929681777954,,,,,,,,,,,,,,,,
15,13039,,0.008804905228316784,,0.0,,0.10120202600955963,,0.006108807399868965,,0.21496406197547913,,,0.15612058341503143,0.003113004146143794,,0.0024260550271719694,,0.15166868269443512,,0.01068306528031826,,0.005152062047272921,,0.0024718022905290127,,0.004117495380342007,,0.006108807399868965,,0.33547502756118774,,,,,,,,,,,,,,,,
15,13049,,0.00889273826032877,,0.0,,0.1189166009426117,,0.04102328047156334,,0.20430481433868408,,,0.12854568660259247,0.0038904810789972544,,0.0033435903023928404,,0.15063023567199707,,0.08608239144086838,,0.04108308628201485,,0.0030861757695674896,,0.00566701777279377,,0.04102328047156334,,0.40056657791137695,,,,,,,,,,,,,,,,
15,13059,,0.012018252164125443,,0.0,,0.16944050788879395,,0.0055293189361691475,,0.20084701478481293,,,0.1486884355545044,0.006294723134487867,,0.002001536311581731,,0.1542108803987503,,0.014728305861353874,,0.005536584183573723,,0.002781129674986005,,0.004434261936694384,,0.0055293189361691475,,0.36547258496284485,,,,,,,,,,,,,,,,
15,13069,,0.007913704961538315,,0.0,,0.11883220076560974,,0.005683906376361847,,0.19963037967681885,,,0.16126596927642822,0.00436298968270421,,0.0021024509333074093,,0.1563025414943695,,0.014912130311131477,,0.007065029349178076,,0.00258082989603281,,0.004621076863259077,,0.005683906376361847,,0.3449471890926361,,,,,,,,,,,,,,,,
15,13079,,0.007724915165454149,,0.0,,0.12696173787117004,,0.0038779648020863533,,0.20022249221801758,,,0.1471235454082489,0.006022399291396141,,0.001674510887823999,,0.15118777751922607,,0.011293720453977585,,0.0048048235476017,,0.0026769214309751987,,0.004257715307176113,,0.0038779648020863533,,0.3360430896282196,,,,,,,,,,,,,,,,
15,13089,,0.011803710833191872,,0.0,,0.12974074482917786,,0.007582327350974083,,0.2006577104330063,,,0.14889925718307495,0.0057381996884942055,,0.0028574997559189796,,0.1535206139087677,,0.01426490768790245,,0.006201785523444414,,0.0028571905568242073,,0.0047616660594940186,,0.007582327350974083,,0.34682366251945496,,,,,,,,,,,,,,,,
15,13099,,0.011548701673746109,,0.0,,0.13188229501247406,,0.0041277529671788216,,0.20329008996486664,,,0.15357892215251923,0.0064406245946884155,,0.002450693864375353,,0.1577019989490509,,0.01128918956965208,,0.0044721998274326324,,0.0025790862273424864,,0.003873354522511363,,0.0041277529671788216,,0.3485541343688965,,,,,,,,,,,,,,,,
15,13109,,0.011451213620603085,,0.0,,0.14445684850215912,,0.04031578078866005,,0.19949853420257568,,,0.16345000267028809,0.06689026206731796,,0.002278200350701809,,0.15383654832839966,,0.0392211377620697,,0.024836136028170586,,0.0023757806047797203,,0.005171012133359909,,0.04031578078866005,,0.42947620153427124,,,,,,,,,,,,,,,,
15,13119,,0.010282590053975582,,0.0,,0.14221373200416565,,0.007107481360435486,,0.20104557275772095,,,0.15068048238754272,0.003844369435682893,,0.002445405349135399,,0.15709583461284637,,0.014267560094594955,,0.006463340949267149,,0.002495698630809784,,0.004666144028306007,,0.007107481360435486,,0.3536371886730194,,,,,,,,,,,,,,,,
15,13129,,0.010368363931775093,,0.0,,0.13979513943195343,,0.004384158179163933,,0.19997113943099976,,,0.14979547262191772,0.004935974255204201,,0.0018182401545345783,,0.15595170855522156,,0.011059727519750595,,0.004460582975298166,,0.0025932162534445524,,0.004094142001122236,,0.004384158179163933,,0.3466610014438629,,,,,,,,,,,,,,,,
15,13139,,0.01564973033964634,,0.0,,0.13169369101524353,,0.005901467986404896,,0.20039160549640656,,,0.15492136776447296,0.0024012336507439613,,0.002291423035785556,,0.1602732539176941,,0.00954207219183445,,0.004340946674346924,,0.00253560533747077,,0.004057849757373333,,0.005901467986404896,,0.3490290343761444,,,,,,,,,,,,,,,,
15,13149,,0.01114611141383648,,0.0,,0.130740225315094,,0.09442785382270813,,0.1998085081577301,,,0.15710262954235077,0.021701857447624207,,0.005727463401854038,,0.15331456065177917,,0.02655450627207756,,0.028057895600795746,,0.002674973104149103,,0.005415829364210367,,0.09442785382270813,,0.42104414105415344,,,,,,,,,,,,,,,,
15,13159,,0.00978732481598854,,0.0,,0.1412343829870224,,0.01945701614022255,,0.19972994923591614,,,0.1406666487455368,0.003164604539051652,,0.0032045221887528896,,0.15343274176120758,,0.01736023649573326,,0.009427769109606743,,0.0026737991720438004,,0.004496333654969931,,0.01945701614022255,,0.35456582903862,,,,,,,,,,,,,,,,
15,13169,,0.015450111590325832,,0.0,,0.14540861546993256,,0.004899636842310429,,0.2010546773672104,,,0.1608646959066391,0.00272650015540421,,0.0034493624698370695,,0.15306487679481506,,0.010662401095032692,,0.004827694967389107,,0.002352009993046522,,0.003985569812357426,,0.004899636842310429,,0.3563658595085144,,,,,,,,,,,,,,,,
15,13179,,0.008278974331915379,,0.0,,0.14340564608573914,,0.004144496284425259,,0.20069625973701477,,,0.15822182595729828,0.006398928351700306,,0.0044389404356479645,,0.1489221453666687,,0.00923252385109663,,0.004007799085229635,,0.0024759655352681875,,0.003952734638005495,,0.004144496284425259,,0.34906449913978577,,,,,,,,,,,,,,,,
15,13189,,0.009878866374492645,,0.0,,0.11291933059692383,,0.003305237740278244,,0.20181071758270264,,,0.14319252967834473,0.002079631667584181,,0.0014788880944252014,,0.15138736367225647,,0.007416944019496441,,0.0037717055529356003,,0.0023373672738671303,,0.00371207925491035,,0.003305237740278244,,0.3235014081001282,,,,,,,,,,,,,,,,
15,13199,,0.01655743457376957,,0.0,,0.16615964472293854,,0.006129334680736065,,0.2006409615278244,,,0.14305999875068665,0.008002898655831814,,0.0033548984210938215,,0.15505549311637878,,0.012291528284549713,,0.005674516782164574,,0.002607811475172639,,0.004369394853711128,,0.006129334680736065,,0.3641366958618164,,,,,,,,,,,,,,,,
15,13209,,0.012091228738427162,,0.0,,0.12788011133670807,,0.010092854499816895,,0.1998988389968872,,,0.16209332644939423,0.0034463624469935894,,0.001967167481780052,,0.15554621815681458,,0.01677738130092621,,0.008218780159950256,,0.002616258803755045,,0.004605674650520086,,0.010092854499816895,,0.354919970035553,,,,,,,,,,,,,,,,
15,13219,,0.01290123350918293,,0.0,,0.13710081577301025,,0.005704924464225769,,0.20105811953544617,,,0.1427314579486847,0.005768721457570791,,0.0022290588822215796,,0.1491725742816925,,0.01410808227956295,,0.005589685402810574,,0.0026901643723249435,,0.004425528924912214,,0.005704924464225769,,0.34395289421081543,,,,,,,,,,,,,,,,
15,13229,,0.00910506397485733,,0.0,,0.12755516171455383,,0.004273236729204655,,0.20241650938987732,,,0.1452530175447464,0.0053712790831923485,,0.0024110828526318073,,0.15194767713546753,,0.009303146973252296,,0.003933529835194349,,0.002548591000959277,,0.003954245708882809,,0.004273236729204655,,0.3360133767127991,,,,,,,,,,,,,,,,
15,13239,,0.009105075150728226,,0.0,,0.13177813589572906,,0.00683184340596199,,0.20090878009796143,,,0.14419321715831757,0.007193298544734716,,0.0019859811291098595,,0.1523081213235855,,0.017196781933307648,,0.00775657594203949,,0.0028532955329865217,,0.004678101744502783,,0.00683184340596199,,0.3457336723804474,,,,,,,,,,,,,,,,
15,13249,,0.014130132272839546,,0.0,,0.15018576383590698,,0.006282471120357513,,0.20009130239486694,,,0.15080811083316803,0.007117682136595249,,0.0030243834480643272,,0.1562672257423401,,0.017713328823447227,,0.008096059784293175,,0.0026999893598258495,,0.004714787006378174,,0.006282471120357513,,0.3629229962825775,,,,,,,,,,,,,,,,
15,13259,,0.009155221283435822,,0.0,,0.1259804517030716,,0.007310174405574799,,0.20083269476890564,,,0.1424635350704193,0.005706864409148693,,0.0020623072050511837,,0.14947444200515747,,0.02150876261293888,,0.009440920315682888,,0.0025500571355223656,,0.0047856601886451244,,0.007310174405574799,,0.34302836656570435,,,,,,,,,,,,,,,,
15,13269,,0.008838919922709465,,0.0,,0.12433365732431412,,0.00537948589771986,,0.19946518540382385,,,0.1465923935174942,0.005499558057636023,,0.0012561135226860642,,0.1503538191318512,,0.013300538063049316,,0.006016659550368786,,0.0027108965441584587,,0.004623796790838242,,0.00537948589771986,,0.33649742603302,,,,,,,,,,,,,,,,
15,13279,,0.014364374801516533,,0.0,,0.1303001344203949,,0.0034224921837449074,,0.19950231909751892,,,0.1440889537334442,0.012487339787185192,,0.0032818333711475134,,0.1520392894744873,,0.01749390922486782,,0.005512234289199114,,0.0029693241231143475,,0.004456228110939264,,0.0034224921837449074,,0.347187340259552,,,,,,,,,,,,,,,,
15,13289,,0.019811226055026054,,0.0,,0.14981801807880402,,0.03224831074476242,,0.20564687252044678,,,0.14387941360473633,0.00582450907677412,,0.005704985465854406,,0.15804749727249146,,0.011446967720985413,,0.009250788018107414,,0.002750155981630087,,0.004214886110275984,,0.03224831074476242,,0.3764292299747467,,,,,,,,,,,,,,,,
15,13299,,0.013916753232479095,,0.0,,0.1472194343805313,,0.0038654347881674767,,0.20651891827583313,,,0.15445253252983093,0.010061545297503471,,0.004220542497932911,,0.15259993076324463,,0.008370466530323029,,0.0035035070031881332,,0.0026247412897646427,,0.004031227435916662,,0.0038654347881674767,,0.3577081561088562,,,,,,,,,,,,,,,,
15,13309,,0.009738389402627945,,0.0,,0.12851661443710327,,0.00406634621322155,,0.19993382692337036,,,0.14735426008701324,0.0035763958003371954,,0.002507949946448207,,0.14978888630867004,,0.02392924204468727,,0.007852507755160332,,0.0027973498217761517,,0.004389065783470869,,0.00406634621322155,,0.3444199562072754,,,,,,,,,,,,,,,,
15,13319,,0.009039333090186119,,0.0,,0.13389259576797485,,0.0036143800243735313,,0.20058608055114746,,,0.15720367431640625,0.004355772398412228,,0.0038300964515656233,,0.15459725260734558,,0.008614832535386086,,0.0033016898669302464,,0.002758409595116973,,0.004087173845618963,,0.0036143800243735313,,0.3449842035770416,,,,,,,,,,,,,,,,
15,13329,,0.017109330743551254,,0.0,,0.1636819690465927,,0.00585875753313303,,0.20105960965156555,,,0.14760147035121918,0.0026987746823579073,,0.0035298671573400497,,0.15832599997520447,,0.011288248002529144,,0.004525851923972368,,0.00284050265327096,,0.004361198283731937,,0.00585875753313303,,0.36362138390541077,,,,,,,,,,,,,,,,
15,13339,,0.011195464059710503,,0.0,,0.14469245076179504,,0.013899008743464947,,0.20074363052845,,,0.15341490507125854,0.007709221914410591,,0.0050000958144664764,,0.15333271026611328,,0.026908405125141144,,0.012367124669253826,,0.0024815406650304794,,0.004813815467059612,,0.013899008743464947,,0.3706860840320587,,,,,,,,,,,,,,,,
15,13349,,0.010018435306847095,,0.0,,0.14125888049602509,,0.005031592212617397,,0.20711968839168549,,,0.15216226875782013,0.01439012959599495,,0.004445917904376984,,0.1508609652519226,,0.014044612646102905,,0.0061971512623131275,,0.0026148329488933086,,0.004443575628101826,,0.005031592212617397,,0.35851582884788513,,,,,,,,,,,,,,,,
15,13359,,0.013470808044075966,,0.0,,0.1447831690311432,,0.003830844536423683,,0.19936709105968475,,,0.15877392888069153,0.0036565554328262806,,0.0024863826110959053,,0.15107852220535278,,0.008786968886852264,,0.0036781756207346916,,0.002526413882151246,,0.004010948818176985,,0.003830844536423683,,0.3502303957939148,,,,,,,,,,,,,,,,
15,13369,,0.011788204312324524,,0.0,,0.13325053453445435,,0.003520127385854721,,0.20038120448589325,,,0.1328238844871521,0.008019329980015755,,0.0015114955604076385,,0.15378957986831665,,0.00900957826524973,,0.0034116082824766636,,0.0025721306446939707,,0.003973557148128748,,0.003520127385854721,,0.33401238918304443,,,,,,,,,,,,,,,,
15,13379,,0.012280086055397987,,0.0,,0.1400432139635086,,0.003714330494403839,,0.19972026348114014,,,0.14665868878364563,0.005762928165495396,,0.0033693339210003614,,0.15576380491256714,,0.007935546338558197,,0.003306289203464985,,0.0025383643805980682,,0.0038376920856535435,,0.003714330494403839,,0.344384104013443,,,,,,,,,,,,,,,,
15,13389,,0.013526657596230507,,0.0,,0.1466141790151596,,0.004065140150487423,,0.20312778651714325,,,0.13887016475200653,0.0041285315528512,,0.0017700130119919777,,0.15979263186454773,,0.016929902136325836,,0.004953405819833279,,0.0026583669241517782,,0.0043182107619941235,,0.004065140150487423,,0.3525365889072418,,,,,,,,,,,,,,,,
15,13399,,0.00985305942595005,,0.0,,0.13362547755241394,,0.004519469104707241,,0.20007774233818054,,,0.1480868011713028,0.004896810278296471,,0.001541236648336053,,0.1518041342496872,,0.009984279982745647,,0.004404161591082811,,0.00262222858145833,,0.004083989653736353,,0.004519469104707241,,0.3397916853427887,,,,,,,,,,,,,,,,
15,13409,,0.020355001091957092,,0.0,,0.18448752164840698,,0.004680350422859192,,0.20390434563159943,,,0.1434006243944168,0.0034044799394905567,,0.0050350818783044815,,0.16130051016807556,,0.015502946451306343,,0.004711473360657692,,0.0025634746998548508,,0.004220209550112486,,0.004680350422859192,,0.378893107175827,,,,,,,,,,,,,,,,
15,13419,,0.010938036255538464,,0.0,,0.12238803505897522,,0.004234806634485722,,0.20513619482517242,,,0.1533297449350357,0.0037155807949602604,,0.0026257666759192944,,0.1539316028356552,,0.010189270600676537,,0.004312808625400066,,0.0023561588022857904,,0.0038241634611040354,,0.004234806634485722,,0.3404031991958618,,,,,,,,,,,,,,,,
15,13429,,0.010376925580203533,,0.0,,0.14399483799934387,,0.0038677332922816277,,0.19934630393981934,,,0.151568204164505,0.004539843648672104,,0.003016289323568344,,0.15361180901527405,,0.010095715522766113,,0.004794291686266661,,0.0024402334820479155,,0.003982397727668285,,0.0038677332922816277,,0.34780848026275635,,,,,,,,,,,,,,,,
15,13439,,0.008957605808973312,,0.0,,0.13267458975315094,,0.004318086430430412,,0.2003466784954071,,,0.15786869823932648,0.0012128412490710616,,0.0012609607074409723,,0.15109041333198547,,0.01015806756913662,,0.004603799898177385,,0.002398785902187228,,0.004046670161187649,,0.004318086430430412,,0.3414919376373291,,,,,,,,,,,,,,,,
15,13449,,0.011209825053811073,,0.0,,0.14426769316196442,,0.03548736125230789,,0.20071756839752197,,,0.15153175592422485,0.004856317304074764,,0.0027371300384402275,,0.1536037027835846,,0.02573477290570736,,0.012648401781916618,,0.0027786975260823965,,0.004700383171439171,,0.03548736125230789,,0.3774870038032532,,,,,,,,,,,,,,,,
15,13459,,0.00949875544756651,,0.0,,0.13954737782478333,,0.006203455850481987,,0.20008783042430878,,,0.14508156478405,0.006051260512322187,,0.003711111843585968,,0.15410250425338745,,0.024882838129997253,,0.008648116141557693,,0.0028274059295654297,,0.004731577355414629,,0.006203455850481987,,0.355052649974823,,,,,,,,,,,,,,,,
15,13469,,0.013009145855903625,,0.0,,0.16356274485588074,,0.007280501537024975,,0.19980183243751526,,,0.15031388401985168,0.006506178993731737,,0.00328109972178936,,0.15305748581886292,,0.02887030877172947,,0.013856862671673298,,0.00278068776242435,,0.005158590152859688,,0.007280501537024975,,0.37631896138191223,,,,,,,,,,,,,,,,
15,13479,,0.017596468329429626,,0.0,,0.14493705332279205,,0.004824244417250156,,0.20018193125724792,,,0.1488965004682541,0.007781574502587318,,0.003593489993363619,,0.15625540912151337,,0.01966269686818123,,0.006780352909117937,,0.0028958318289369345,,0.00471964618191123,,0.004824244417250156,,0.36142241954803467,,,,,,,,,,,,,,,,
15,13489,,0.009604159742593765,,0.0,,0.14006909728050232,,0.005206601694226265,,0.19973571598529816,,,0.1376975029706955,0.0044610886834561825,,0.0016117807244881988,,0.15541797876358032,,0.013889336958527565,,0.005628804676234722,,0.002560427412390709,,0.004222008399665356,,0.005206601694226265,,0.3421632647514343,,,,,,,,,,,,,,,,
15,13499,,0.016077496111392975,,0.0,,0.15871722996234894,,0.006764201447367668,,0.19949805736541748,,,0.1474134922027588,0.002540590474382043,,0.0024340376257896423,,0.1601973921060562,,0.01436789333820343,,0.006570139434188604,,0.0024852717760950327,,0.004366222769021988,,0.006764201447367668,,0.36289912462234497,,,,,,,,,,,,,,,,
15,13509,,0.014237293973565102,,0.0,,0.12438268959522247,,0.0031519848853349686,,0.20129016041755676,,,0.14672861993312836,0.004299875348806381,,0.002450430765748024,,0.15607407689094543,,0.009518291801214218,,0.003098276909440756,,0.002765011740848422,,0.00402324553579092,,0.0031519848853349686,,0.33802157640457153,,,,,,,,,,,,,,,,
15,13519,,0.012708684429526329,,0.0,,0.13789808750152588,,0.003137676976621151,,0.19975382089614868,,,0.15091204643249512,0.004733711015433073,,0.002853953745216131,,0.1526290476322174,,0.005896000191569328,,0.00269239186309278,,0.002505968790501356,,0.003741953754797578,,0.003137676976621151,,0.341602623462677,,,,,,,,,,,,,,,,
15,13519,,,,,,,,,,,,,,,,,,,,,,,,,,,,,,,,0.06328722834587097,0.0,0.34363919496536255,0.23518311977386475,0.31316134333610535,0.0886290892958641,0.21984177827835083,0.03364085778594017,0.2330934703350067,0.45816677808761597,0.23506419360637665,0.004373032134026289,0.01968899369239807,0.23518311977386475,1.1337292194366455
15,13519,0.01264966744929552,,0.0,,0.13746781647205353,,0.010875036008656025,,0.20207996666431427,,0.006606397219002247,0.15077149868011475,,,0.0031544845551252365,,0.15503042936325073,,0.016294656321406364,,0.00746750645339489,,0.0026574363000690937,,0.004436048679053783,,0.010875036008656025,,0.35696348547935486,,0.25362953543663025,,,,,,,,,,,,,,,
16,13529,,0.016585413366556168,,0.0,,0.13337291777133942,,0.03317095339298248,,0.2002011239528656,,,0.14627890288829803,0.004357794299721718,,0.002765282988548279,,0.157724529504776,,0.01776273548603058,,0.010311388410627842,,0.0028636897914111614,,0.004336853511631489,,0.03317095339298248,,0.36703425645828247,,,,,,,,,,,,,,,,
16,13539,,0.012723756954073906,,0.0,,0.12139706313610077,,0.004172562621533871,,0.2089630365371704,,,0.14738357067108154,0.008669364266097546,,0.0035698595456779003,,0.15551576018333435,,0.008658901788294315,,0.0034254153724759817,,0.002476276131346822,,0.0037839789874851704,,0.004172562621533871,,0.34226173162460327,,,,,,,,,,,,,,,,
16,13549,,0.012345310300588608,,0.0,,0.12522047758102417,,0.002863609232008457,,0.19952580332756042,,,0.16211414337158203,0.002450843108817935,,0.0023166898172348738,,0.15610134601593018,,0.006918624974787235,,0.0025203863624483347,,0.002551428275182843,,0.003651238512247801,,0.002863609232008457,,0.3411155641078949,,,,,,,,,,,,,,,,
16,13559,,0.006828589364886284,,0.0,,0.1132371574640274,,0.003897634334862232,,0.20250621438026428,,,0.1421952098608017,0.0024195665027946234,,0.0011937072267755866,,0.15206307172775269,,0.01295330561697483,,0.0038171603810042143,,0.002556750550866127,,0.003942050505429506,,0.003897634334862232,,0.32577618956565857,,,,,,,,,,,,,,,,
16,13569,,0.01816866174340248,,0.0,,0.1390349566936493,,0.08468557894229889,,0.20008404552936554,,,0.14775057137012482,0.0036834212951362133,,0.0037165104877203703,,0.1574639081954956,,0.04061651602387428,,0.028027227148413658,,0.0030393823981285095,,0.00511584198102355,,0.08468557894229889,,0.4182512164115906,,,,,,,,,,,,,,,,
16,13579,,0.008097779005765915,,0.0,,0.11379034072160721,,0.003246115520596504,,0.20209172368049622,,,0.1517513394355774,0.0042774127796292305,,0.001503553125075996,,0.1554085612297058,,0.007392129395157099,,0.003179187187924981,,0.0026271275710314512,,0.0038588533643633127,,0.003246115520596504,,0.3305414915084839,,,,,,,,,,,,,,,,
16,13589,,0.01935005746781826,,0.0,,0.14838837087154388,,0.0340895801782608,,0.20048634707927704,,,0.15431298315525055,0.004183611832559109,,0.0038359477184712887,,0.1603369116783142,,0.026288973167538643,,0.013729803264141083,,0.0026106147561222315,,0.0044149430468678474,,0.0340895801782608,,0.3882215619087219,,,,,,,,,,,,,,,,
16,13599,,0.010344650596380234,,0.0,,0.1272943615913391,,0.005959728732705116,,0.20007312297821045,,,0.1528063416481018,0.002373651834204793,,0.001359189860522747,,0.1587701439857483,,0.01457427628338337,,0.006735532078891993,,0.0024020730052143335,,0.004414495080709457,,0.005959728732705116,,0.3457610011100769,,,,,,,,,,,,,,,,
16,13609,,0.012174343690276146,,0.0,,0.13067784905433655,,0.00478314608335495,,0.1997656524181366,,,0.14621910452842712,0.002906390931457281,,0.0027834184002131224,,0.15263071656227112,,0.009102227166295052,,0.003934407141059637,,0.0024875591043382883,,0.003965209703892469,,0.00478314608335495,,0.3376975655555725,,,,,,,,,,,,,,,,
16,13619,,0.013216612860560417,,0.0,,0.11601375043392181,,0.0033140331506729126,,0.2270873486995697,,,0.15645144879817963,0.0031658716034144163,,0.003258708631619811,,0.16305628418922424,,0.008608097210526466,,0.0035776030272245407,,0.0023862600792199373,,0.003602046286687255,,0.0033140331506729126,,0.3536700904369354,,,,,,,,,,,,,,,,
16,13629,,0.017200442031025887,,0.0,,0.1322353631258011,,0.004365679807960987,,0.2003755122423172,,,0.15532611310482025,0.00527352187782526,,0.0045291343703866005,,0.15439113974571228,,0.00671748910099268,,0.0029736035503447056,,0.002456886228173971,,0.0035205672029405832,,0.004365679807960987,,0.3464430570602417,,,,,,,,,,,,,,,,
16,13639,,0.01669302210211754,,0.0,,0.12829013168811798,,0.003361037001013756,,0.20031395554542542,,,0.14812837541103363,0.003252216847613454,,0.004473159555345774,,0.16012439131736755,,0.008074019104242325,,0.0032344392966479063,,0.0027284210082143545,,0.004081173334270716,,0.003361037001013756,,0.343417763710022,,,,,,,,,,,,,,,,
16,13649,,0.009777572005987167,,0.0,,0.11230955272912979,,0.004843543283641338,,0.2008853554725647,,,0.14494742453098297,0.0019490355625748634,,0.001529961358755827,,0.15238502621650696,,0.0094579067081213,,0.004130857530981302,,0.002498684450984001,,0.0038762397598475218,,0.004843543283641338,,0.3262336850166321,,,,,,,,,,,,,,,,
16,13659,,0.012268586084246635,,0.0,,0.13010120391845703,,0.007683607749640942,,0.19994348287582397,,,0.13713091611862183,0.0046111810952425,,0.0032857663463801146,,0.15527033805847168,,0.009976068511605263,,0.005120993126183748,,0.002482363488525152,,0.004154714290052652,,0.007683607749640942,,0.33809196949005127,,,,,,,,,,,,,,,,
16,13669,,0.013829237781465054,,0.0,,0.1359272301197052,,0.004435321316123009,,0.2019927054643631,,,0.15307122468948364,0.0028753592632710934,,0.003986182156950235,,0.15242739021778107,,0.011053794994950294,,0.004861982073634863,,0.002589272800832987,,0.004312669858336449,,0.004435321316123009,,0.34783756732940674,,,,,,,,,,,,,,,,
16,13679,,0.013151269406080246,,0.0,,0.1498699188232422,,0.004195294342935085,,0.20017001032829285,,,0.14247570931911469,0.002683062804862857,,0.0027738071512430906,,0.15742380917072296,,0.009028535336256027,,0.004074619151651859,,0.002469817642122507,,0.00386527250520885,,0.004195294342935085,,0.3480232357978821,,,,,,,,,,,,,,,,
16,13689,,0.016399037092924118,,0.0,,0.13728782534599304,,0.0026329057291150093,,0.19950318336486816,,,0.14421020448207855,0.004577298182994127,,0.002858533291146159,,0.15658220648765564,,0.005955608561635017,,0.0024349975865334272,,0.002482697134837508,,0.0036100950092077255,,0.0026329057291150093,,0.34107235074043274,,,,,,,,,,,,,,,,
16,13699,,0.013009264133870602,,0.0,,0.12338463962078094,,0.006867449730634689,,0.2006126046180725,,,0.1518620401620865,0.002246793592348695,,0.003597667207941413,,0.15286573767662048,,0.01171465590596199,,0.005294710863381624,,0.0025819300208240747,,0.004258343018591404,,0.006867449730634689,,0.3412770628929138,,,,,,,,,,,,,,,,
16,13709,,0.013115153647959232,,0.0,,0.12463495880365372,,0.0037823710590600967,,0.19937105476856232,,,0.15341046452522278,0.004205360077321529,,0.0023872307501733303,,0.1576082855463028,,0.009161912836134434,,0.0034391754306852818,,0.002498343586921692,,0.0038470414001494646,,0.0037823710590600967,,0.3406541645526886,,,,,,,,,,,,,,,,
16,13719,,0.008435826748609543,,0.0,,0.1254062056541443,,0.0034750793129205704,,0.2065829336643219,,,0.14776146411895752,0.005526092369109392,,0.005152077414095402,,0.15301579236984253,,0.01001758873462677,,0.0036438091192394495,,0.0027008720207959414,,0.004080451093614101,,0.0034750793129205704,,0.33993929624557495,,,,,,,,,,,,,,,,
16,13729,,0.009441062808036804,,0.0,,0.11630745977163315,,0.0026117824018001556,,0.2020464986562729,,,0.14974170923233032,0.006308143958449364,,0.0022552944719791412,,0.1530219465494156,,0.008386466652154922,,0.003632016945630312,,0.0023888659197837114,,0.0035449862480163574,,0.0026117824018001556,,0.3316156268119812,,,,,,,,,,,,,,,,
16,13739,,0.011294331401586533,,0.0,,0.11417160928249359,,0.0029761027544736862,,0.19957521557807922,,,0.15094523131847382,0.0023756257724016905,,0.0023562670685350895,,0.15243157744407654,,0.007432595826685429,,0.003029322950169444,,0.002628912916406989,,0.003880490316078067,,0.0029761027544736862,,0.32848888635635376,,,,,,,,,,,,,,,,
16,13749,,0.012817339040338993,,0.0,,0.12442182004451752,,0.0038360394537448883,,0.19954583048820496,,,0.14709976315498352,0.00537848612293601,,0.0024357920046895742,,0.155282124876976,,0.011976959183812141,,0.00418616458773613,,0.002784749725833535,,0.004089856520295143,,0.0038360394537448883,,0.33897241950035095,,,,,,,,,,,,,,,,
16,13759,,0.011549711227416992,,0.0,,0.13631388545036316,,0.003386513330042362,,0.1998504102230072,,,0.1409338265657425,0.004915772005915642,,0.001765635795891285,,0.15079084038734436,,0.01145841646939516,,0.0038442995864897966,,0.002949437825009227,,0.004327625967562199,,0.003386513330042362,,0.3382069766521454,,,,,,,,,,,,,,,,
16,13769,,0.0120549900457263,,0.0,,0.12147504091262817,,0.003833567723631859,,0.19946183264255524,,,0.15201003849506378,0.004526963457465172,,0.0024140533059835434,,0.1567731350660324,,0.009994016960263252,,0.0036053392104804516,,0.0028115457389503717,,0.004099541809409857,,0.003833567723631859,,0.33857983350753784,,,,,,,,,,,,,,,,
16,13779,,0.012089130468666553,,0.0,,0.11708120256662369,,0.0320872999727726,,0.19946733117103577,,,0.14505036175251007,0.0034251664765179157,,0.003170798299834132,,0.15165650844573975,,0.018575526773929596,,0.01131012849509716,,0.0026755149010568857,,0.004325313493609428,,0.0320872999727726,,0.3526197671890259,,,,,,,,,,,,,,,,
16,13789,,0.010154789313673973,,0.0,,0.11491287499666214,,0.003963278606534004,,0.20022375881671906,,,0.13887569308280945,0.0030044582672417164,,0.001927881850861013,,0.15103599429130554,,0.008211899548768997,,0.0035884042736142874,,0.002573673613369465,,0.003971822094172239,,0.003963278606534004,,0.32320818305015564,,,,,,,,,,,,,,,,
16,13799,,0.00822284072637558,,0.0,,0.11350161582231522,,0.004813915118575096,,0.1991993635892868,,,0.14517389237880707,0.0037052840925753117,,0.001372024416923523,,0.15097761154174805,,0.009718158282339573,,0.004131245892494917,,0.0026331788394600153,,0.0041887154802680016,,0.004813915118575096,,0.32591328024864197,,,,,,,,,,,,,,,,
16,13809,,0.011156028136610985,,0.0,,0.12384209036827087,,0.004534564912319183,,0.2012060284614563,,,0.14330986142158508,0.0074429879896342754,,0.002571317832916975,,0.16030973196029663,,0.009933370165526867,,0.003568570828065276,,0.0025469621177762747,,0.0039045282173901796,,0.004534564912319183,,0.33911532163619995,,,,,,,,,,,,,,,,
16,13819,,0.008268705569207668,,0.0,,0.1315707117319107,,0.005086650140583515,,0.20083129405975342,,,0.14242865145206451,0.0038745447527617216,,0.002254240680485964,,0.14670848846435547,,0.013598580844700336,,0.005892895627766848,,0.00263548013754189,,0.00450547831133008,,0.005086650140583515,,0.3360805809497833,,,,,,,,,,,,,,,,
16,13829,,0.01222902536392212,,0.0,,0.13201695680618286,,0.004223577678203583,,0.20000441372394562,,,0.15205302834510803,0.0021729525178670883,,0.0020713587291538715,,0.1573970764875412,,0.010542179457843304,,0.005004509352147579,,0.002478815848007798,,0.004288380965590477,,0.004223577678203583,,0.3443853259086609,,,,,,,,,,,,,,,,
16,13839,,0.015299161896109581,,0.0,,0.14400067925453186,,0.003880630247294903,,0.20680467784404755,,,0.15007182955741882,0.0024748884607106447,,0.003997269086539745,,0.15717054903507233,,0.008733059279620647,,0.0031924094073474407,,0.0025137148331850767,,0.003752494463697076,,0.003880630247294903,,0.352821946144104,,,,,,,,,,,,,,,,
16,13849,,0.011169898323714733,,0.0,,0.1264287382364273,,0.004596315324306488,,0.20011699199676514,,,0.14376036822795868,0.00734759820625186,,0.0027869134210050106,,0.15524989366531372,,0.011203251779079437,,0.0044769118539988995,,0.002645305823534727,,0.004077130928635597,,0.004596315324306488,,0.3389682173728943,,,,,,,,,,,,,,,,
16,13859,,0.016663607209920883,,0.0,,0.14996780455112457,,0.004331105388700962,,0.2008640468120575,,,0.15057909488677979,0.006047314964234829,,0.0060438187792897224,,0.15793444216251373,,0.008602192625403404,,0.0038085924461483955,,0.0027184071950614452,,0.004301189444959164,,0.004331105388700962,,0.3580814003944397,,,,,,,,,,,,,,,,
16,13869,,0.014968864619731903,,0.0,,0.13689760863780975,,0.00632838811725378,,0.1995052844285965,,,0.14989550411701202,0.007196430116891861,,0.0030017229728400707,,0.1540948748588562,,0.012839790433645248,,0.0038422816433012486,,0.0027556968852877617,,0.004090560134500265,,0.00632838811725378,,0.34975379705429077,,,,,,,,,,,,,,,,
16,13879,,0.021442193537950516,,0.0,,0.15497297048568726,,0.005906354635953903,,0.2003178894519806,,,0.14779557287693024,0.004070512019097805,,0.005218626465648413,,0.16033492982387543,,0.017192039638757706,,0.006210725754499435,,0.002700017997995019,,0.004589730408042669,,0.005906354635953903,,0.3676706850528717,,,,,,,,,,,,,,,,
16,13889,,0.009820565581321716,,0.0,,0.134809210896492,,0.004243046976625919,,0.20007330179214478,,,0.14498920738697052,0.009445222094655037,,0.002743312157690525,,0.14800316095352173,,0.009824305772781372,,0.00409214710816741,,0.002606525318697095,,0.004027162212878466,,0.004243046976625919,,0.3393521308898926,,,,,,,,,,,,,,,,
16,13899,,0.010320406407117844,,0.0,,0.1247808039188385,,0.03415496647357941,,0.2001112699508667,,,0.15829837322235107,0.014866980724036694,,0.002413590904325247,,0.14857585728168488,,0.0143766850233078,,0.009968225844204426,,0.0025209086015820503,,0.004237643443048,,0.03415496647357941,,0.3644317090511322,,,,,,,,,,,,,,,,
16,13909,,0.012267135083675385,,0.0,,0.13350817561149597,,0.0036735301837325096,,0.2040833681821823,,,0.14559924602508545,0.007191934622824192,,0.0029927268624305725,,0.1531355381011963,,0.014739997684955597,,0.004153355490416288,,0.0026287755463272333,,0.003951058257371187,,0.0036735301837325096,,0.3459379971027374,,,,,,,,,,,,,,,,
16,13919,,0.012816333211958408,,0.0,,0.1292879581451416,,0.005675849504768848,,0.19983604550361633,,,0.14558850228786469,0.004666576161980629,,0.0020355642773211002,,0.15310920774936676,,0.010215477086603642,,0.004594733938574791,,0.0026406869292259216,,0.004130235407501459,,0.005675849504768848,,0.339363694190979,,,,,,,,,,,,,,,,
16,13929,,0.01566644385457039,,0.0,,0.1316673457622528,,0.004510652273893356,,0.19978849589824677,,,0.15619400143623352,0.004257167223840952,,0.004609360359609127,,0.15404504537582397,,0.012267744168639183,,0.005360257811844349,,0.002391221234574914,,0.003870344487950206,,0.004510652273893356,,0.3492491841316223,,,,,,,,,,,,,,,,
16,13939,,0.01865817978978157,,0.0,,0.15032102167606354,,0.003528430126607418,,0.20526327192783356,,,0.14890259504318237,0.0032091117464005947,,0.002783333882689476,,0.15831983089447021,,0.012241721153259277,,0.004894540179520845,,0.0026257294230163097,,0.0042191846296191216,,0.003528430126607418,,0.35959306359291077,,,,,,,,,,,,,,,,
16,13949,,0.01309996284544468,,0.0,,0.1324920654296875,,0.004230081103742123,,0.20050708949565887,,,0.15437357127666473,0.004613787867128849,,0.0019367719069123268,,0.15623308718204498,,0.01247814018279314,,0.005308651365339756,,0.0025670884642750025,,0.004310690797865391,,0.004230081103742123,,0.34823086857795715,,,,,,,,,,,,,,,,
16,13959,,0.013412486761808395,,0.0,,0.12994101643562317,,0.004042028449475765,,0.20368383824825287,,,0.1411646008491516,0.014399322681128979,,0.003339246613904834,,0.15346482396125793,,0.010068761184811592,,0.004562518559396267,,0.002445621183142066,,0.0039025451987981796,,0.004042028449475765,,0.3441646993160248,,,,,,,,,,,,,,,,
16,13969,,0.017810218036174774,,0.0,,0.14616814255714417,,0.0039121489971876144,,0.20024599134922028,,,0.1438957005739212,0.0033215356525033712,,0.003151732264086604,,0.15653763711452484,,0.009488717652857304,,0.0037626358680427074,,0.0025954809971153736,,0.003979051951318979,,0.0039121489971876144,,0.34942400455474854,,,,,,,,,,,,,,,,
16,13979,,0.011438420042395592,,0.0,,0.13323372602462769,,0.004652857780456543,,0.20239940285682678,,,0.14624711871147156,0.004337441176176071,,0.0028738114051520824,,0.15045586228370667,,0.010301634669303894,,0.004546438343822956,,0.002373556839302182,,0.003972489386796951,,0.004652857780456543,,0.3404026925563812,,,,,,,,,,,,,,,,
16,13989,,0.010281678289175034,,0.0,,0.12901082634925842,,0.005838123150169849,,0.20063650608062744,,,0.14565733075141907,0.005197349935770035,,0.0031434055417776108,,0.15096968412399292,,0.016540616750717163,,0.006793762557208538,,0.0026662973687052727,,0.004552990198135376,,0.005838123150169849,,0.34292078018188477,,,,,,,,,,,,,,,,
16,13999,,0.009671950712800026,,0.0,,0.12573356926441193,,0.0031341472640633583,,0.19994743168354034,,,0.13652345538139343,0.004966685548424721,,0.0009671074221841991,,0.14879226684570312,,0.012911958619952202,,0.005242755636572838,,0.0024934406392276287,,0.0039215004071593285,,0.0031341472640633583,,0.3291139006614685,,,,,,,,,,,,,,,,
16,14009,,0.0148314218968153,,0.0,,0.1655377894639969,,0.0033772336319088936,,0.1990770846605301,,,0.14280200004577637,0.0014930866891518235,,0.0024643787182867527,,0.14993639290332794,,0.010335089638829231,,0.0040336172096431255,,0.002556818537414074,,0.003976080566644669,,0.0033772336319088936,,0.3521985113620758,,,,,,,,,,,,,,,,
16,14019,,0.01692614145576954,,0.0,,0.16506032645702362,,0.003852720372378826,,0.19947703182697296,,,0.1479511708021164,0.0037454860284924507,,0.003455142956227064,,0.15788444876670837,,0.013118053786456585,,0.005809286143630743,,0.0026030016597360373,,0.004010977689176798,,0.003852720372378826,,0.3639523983001709,,,,,,,,,,,,,,,,
16,14029,,0.013266228139400482,,0.0,,0.12184400856494904,,0.0036320053040981293,,0.2006363421678543,,,0.14799480140209198,0.002667785622179508,,0.0020014354959130287,,0.15705788135528564,,0.006625272333621979,,0.0028594420291483402,,0.0024752665776759386,,0.0036184380296617746,,0.0036320053040981293,,0.33414870500564575,,,,,,,,,,,,,,,,
16,14039,,0.014485972933471203,,0.0,,0.13540321588516235,,0.03272271156311035,,0.20005567371845245,,,0.14868228137493134,0.0031792991794645786,,0.004263530019670725,,0.16222089529037476,,0.020719144493341446,,0.011662719771265984,,0.002720156218856573,,0.004327775444835424,,0.03272271156311035,,0.3723856210708618,,,,,,,,,,,,,,,,
16,14049,,0.01477162167429924,,0.0,,0.16182295978069305,,0.004063216969370842,,0.21243862807750702,,,0.15176069736480713,0.005455308128148317,,0.003967623692005873,,0.14860907196998596,,0.00929985847324133,,0.004157923627644777,,0.0025714475195854902,,0.004140600562095642,,0.004063216969370842,,0.3635997772216797,,,,,,,,,,,,,,,,
16,14059,,0.013459386304020882,,0.0,,0.1335083395242691,,0.004403420723974705,,0.20252926647663116,,,0.14969098567962646,0.005959514994174242,,0.002570164855569601,,0.15249934792518616,,0.008260234259068966,,0.0038234584499150515,,0.002442449564114213,,0.003924209158867598,,0.004403420723974705,,0.34349751472473145,,,,,,,,,,,,,,,,
16,14069,,0.009592199698090553,,0.0,,0.11553383618593216,,0.003925777040421963,,0.20037709176540375,,,0.1489107310771942,0.0015670164721086621,,0.0017721501644700766,,0.1496047079563141,,0.008391101844608784,,0.0039017607923597097,,0.002423429861664772,,0.003920933697372675,,0.003925777040421963,,0.3269208073616028,,,,,,,,,,,,,,,,
16,14079,,0.014682197943329811,,0.0,,0.1314479112625122,,0.0044128187000751495,,0.20032700896263123,,,0.14853273332118988,0.003206963650882244,,0.002148345811292529,,0.15752975642681122,,0.010061449371278286,,0.004060869105160236,,0.002532475395128131,,0.003908837214112282,,0.0044128187000751495,,0.3433801233768463,,,,,,,,,,,,,,,,
16,14089,,0.010233288630843163,,0.0,,0.11685619503259659,,0.004951773211359978,,0.2002539187669754,,,0.14210906624794006,0.0030771740712225437,,0.003022952703759074,,0.15385422110557556,,0.014977460727095604,,0.0066181388683617115,,0.0029784466605633497,,0.004591982811689377,,0.004951773211359978,,0.3340582549571991,,,,,,,,,,,,,,,,
16,14099,,0.01550236251205206,,0.0,,0.13247919082641602,,0.004477241076529026,,0.20053736865520477,,,0.1534900665283203,0.0023165650200098753,,0.002483908087015152,,0.15499119460582733,,0.01361585222184658,,0.004791077692061663,,0.0026779347099363804,,0.004364646039903164,,0.004477241076529026,,0.34804603457450867,,,,,,,,,,,,,,,,
16,14109,,0.011035017669200897,,0.0,,0.134770467877388,,0.034232500940561295,,0.2000674158334732,,,0.16291822493076324,0.025397496297955513,,0.002703453879803419,,0.15281477570533752,,0.015282451175153255,,0.01354147307574749,,0.0026581184938549995,,0.004393856972455978,,0.034232500940561295,,0.3821045160293579,,,,,,,,,,,,,,,,
16,14119,,0.010306647047400475,,0.0,,0.11762210726737976,,0.003636513836681843,,0.20465709269046783,,,0.15299198031425476,0.003062418894842267,,0.0017518916865810752,,0.15434958040714264,,0.006852826103568077,,0.0033471498172730207,,0.002413736889138818,,0.0038221450522542,,0.003636513836681843,,0.3343181312084198,,,,,,,,,,,,,,,,
16,14129,,0.013985896483063698,,0.0,,0.14291898906230927,,0.03298679739236832,,0.1994221806526184,,,0.14527390897274017,0.003944701049476862,,0.004083116538822651,,0.15682557225227356,,0.009548727422952652,,0.008464456535875797,,0.0025264029391109943,,0.003956569824367762,,0.03298679739236832,,0.36394691467285156,,,,,,,,,,,,,,,,
16,14139,,0.008605965413153172,,0.0,,0.12114198505878448,,0.01475764624774456,,0.19952315092086792,,,0.15160024166107178,0.003093373030424118,,0.0019587159622460604,,0.15065449476242065,,0.024540144950151443,,0.013921836391091347,,0.002867970149964094,,0.004755809903144836,,0.01475764624774456,,0.3510885536670685,,,,,,,,,,,,,,,,
16,14149,,0.019125014543533325,,0.0,,0.15194028615951538,,0.008611093275249004,,0.21082904934883118,,,0.14121417701244354,0.0032914725597947836,,0.002723740180954337,,0.1635284423828125,,0.016118839383125305,,0.007519696839153767,,0.0024830405600368977,,0.004807717632502317,,0.008611093275249004,,0.3685001730918884,,,,,,,,,,,,,,,,
16,14159,,0.01681070774793625,,0.0,,0.126055046916008,,0.004816961474716663,,0.20017702877521515,,,0.1502719223499298,0.0025132473092526197,,0.003850855864584446,,0.15912167727947235,,0.009280886501073837,,0.004462167154997587,,0.0024332907050848007,,0.003985460847616196,,0.004816961474716663,,0.34388238191604614,,,,,,,,,,,,,,,,
16,14169,,0.014220096170902252,,0.0,,0.14596401154994965,,0.0033256998285651207,,0.19971229135990143,,,0.15335243940353394,0.0033814043272286654,,0.0022465456277132034,,0.1571081280708313,,0.008499028161168098,,0.0036799402441829443,,0.002600131556391716,,0.003954367712140083,,0.0033256998285651207,,0.35099926590919495,,,,,,,,,,,,,,,,
16,14179,,0.007462101057171822,,0.0,,0.11388777196407318,,0.005931610241532326,,0.20997655391693115,,,0.1505064219236374,0.004801735281944275,,0.0021662735380232334,,0.15025754272937775,,0.010444173589348793,,0.004875760525465012,,0.0027494928799569607,,0.0043609123677015305,,0.005931610241532326,,0.33589065074920654,,,,,,,,,,,,,,,,
16,14189,,0.00895854365080595,,0.0,,0.113387331366539,,0.0042406730353832245,,0.1996721774339676,,,0.1376705765724182,0.002516896231099963,,0.0013015174772590399,,0.15202108025550842,,0.012083439156413078,,0.004366542212665081,,0.002687497530132532,,0.004327149596065283,,0.0042406730353832245,,0.32378023862838745,,,,,,,,,,,,,,,,
16,14199,,0.010533161461353302,,0.0,,0.1377914398908615,,0.004532177001237869,,0.20073071122169495,,,0.15671725571155548,0.0023221203591674566,,0.002093804534524679,,0.15490667521953583,,0.010070066899061203,,0.004479599185287952,,0.0025140440557152033,,0.003947569523006678,,0.004532177001237869,,0.34729307889938354,,,,,,,,,,,,,,,,
16,14209,,0.009099465794861317,,0.0,,0.13480491936206818,,0.005927840247750282,,0.2004397213459015,,,0.15428867936134338,0.004470269661396742,,0.0018217865144833922,,0.15265128016471863,,0.010696563869714737,,0.004891285672783852,,0.0024490440264344215,,0.004078991711139679,,0.005927840247750282,,0.34484943747520447,,,,,,,,,,,,,,,,
16,14219,,0.014117052778601646,,0.0,,0.12231402844190598,,0.03433946147561073,,0.20158334076404572,,,0.14178746938705444,0.005101516842842102,,0.003485996974632144,,0.1533341407775879,,0.022500384598970413,,0.010943769477307796,,0.002826389856636524,,0.004780374933034182,,0.03433946147561073,,0.3609471619129181,,,,,,,,,,,,,,,,
16,14229,,0.011239128187298775,,0.0,,0.13808074593544006,,0.0038512181490659714,,0.19969570636749268,,,0.1542021483182907,0.0027216514572501183,,0.001727336784824729,,0.15390928089618683,,0.009781005792319775,,0.0035770307295024395,,0.002480888506397605,,0.0038547711446881294,,0.0038512181490659714,,0.34448787569999695,,,,,,,,,,,,,,,,
16,14239,,0.01316160336136818,,0.0,,0.13852445781230927,,0.004569878801703453,,0.19968344271183014,,,0.15954355895519257,0.007157702464610338,,0.003654936794191599,,0.15610329806804657,,0.014205452986061573,,0.005065486300736666,,0.0025787579361349344,,0.004112154245376587,,0.004569878801703453,,0.35623645782470703,,,,,,,,,,,,,,,,
16,14249,,0.01169543620198965,,0.0,,0.13317450881004333,,0.035060252994298935,,0.1998172551393509,,,0.14598838984966278,0.0064608193933963776,,0.002229912905022502,,0.15346410870552063,,0.07220262289047241,,0.035332705825567245,,0.00253863912075758,,0.005299760960042477,,0.035060252994298935,,0.4042820930480957,,,,,,,,,,,,,,,,
16,14259,,0.011723173782229424,,0.0,,0.1402551680803299,,0.004691201262176037,,0.20046502351760864,,,0.15572571754455566,0.004774812608957291,,0.0038303155452013016,,0.15247410535812378,,0.020394816994667053,,0.008436115458607674,,0.0025864264462143183,,0.004597920458763838,,0.004691201262176037,,0.3572763502597809,,,,,,,,,,,,,,,,
16,14269,,0.007036838214844465,,0.0,,0.11424130201339722,,0.0043920306488871574,,0.20036213099956512,,,0.14666613936424255,0.005934394430369139,,0.0014515438815578818,,0.15318626165390015,,0.017257437109947205,,0.008276941254734993,,0.002510205376893282,,0.004204730503261089,,0.0043920306488871574,,0.3348623216152191,,,,,,,,,,,,,,,,
16,14279,,0.014149217866361141,,0.0,,0.1367199569940567,,0.002705422230064869,,0.20195171236991882,,,0.15159031748771667,0.003373130224645138,,0.0038613746874034405,,0.14936251938343048,,0.006046963389962912,,0.0029000495560467243,,0.0024298150092363358,,0.0036692353896796703,,0.002705422230064869,,0.34121450781822205,,,,,,,,,,,,,,,,
16,14289,,0.019001062959432602,,0.0,,0.144748717546463,,0.032470475882291794,,0.19965115189552307,,,0.1439129263162613,0.00514486338943243,,0.003604988334700465,,0.1597749888896942,,0.01415074523538351,,0.011706012301146984,,0.002668063621968031,,0.004441939759999514,,0.032470475882291794,,0.3728589415550232,,,,,,,,,,,,,,,,
16,14299,,0.01716824620962143,,0.0,,0.12863610684871674,,0.0047336239367723465,,0.20081961154937744,,,0.15054485201835632,0.007098767440766096,,0.0033638309687376022,,0.16227605938911438,,0.020466461777687073,,0.007063989527523518,,0.0028264003340154886,,0.004696042742580175,,0.0047336239367723465,,0.35719501972198486,,,,,,,,,,,,,,,,
16,14309,,0.01560930535197258,,0.0,,0.1313895881175995,,0.004041634500026703,,0.2004193812608719,,,0.14989450573921204,0.008837501518428326,,0.0050580608658492565,,0.1524972915649414,,0.011927854269742966,,0.004380623809993267,,0.0027629134710878134,,0.0041459789499640465,,0.004041634500026703,,0.3475553095340729,,,,,,,,,,,,,,,,
16,14319,,0.010152062401175499,,0.0,,0.1240101158618927,,0.003973832353949547,,0.19979947805404663,,,0.15329204499721527,0.007078192196786404,,0.002087167464196682,,0.14841274917125702,,0.012988824397325516,,0.00456697354093194,,0.0027208265382796526,,0.00430247513577342,,0.003973832353949547,,0.33884361386299133,,,,,,,,,,,,,,,,
16,14329,,0.010995602235198021,,0.0,,0.1359274685382843,,0.0035611623898148537,,0.20261090993881226,,,0.15865769982337952,0.009218218736350536,,0.002077746205031872,,0.14948657155036926,,0.01580166071653366,,0.005454795900732279,,0.0029451327864080667,,0.004503226839005947,,0.0035611623898148537,,0.35287171602249146,,,,,,,,,,,,,,,,
16,14339,,0.011450870893895626,,0.0,,0.13127928972244263,,0.003076259046792984,,0.19975963234901428,,,0.14919906854629517,0.007167790085077286,,0.002126671141013503,,0.15725840628147125,,0.014676075428724289,,0.006521969567984343,,0.00254393951036036,,0.0039666262455284595,,0.003076259046792984,,0.3464966118335724,,,,,,,,,,,,,,,,
16,14349,,0.00885649025440216,,0.0,,0.1205974742770195,,0.009534007869660854,,0.20032012462615967,,,0.15462663769721985,0.002901520114392042,,0.0028305768501013517,,0.1531783938407898,,0.021696794778108597,,0.009711898863315582,,0.0025226117577403784,,0.005180243868380785,,0.009534007869660854,,0.34856849908828735,,,,,,,,,,,,,,,,
16,14359,,0.011064229533076286,,0.0,,0.14203666150569916,,0.0072202058508992195,,0.1998167186975479,,,0.14605537056922913,0.009631164371967316,,0.0018960874294862151,,0.14968125522136688,,0.03157729282975197,,0.011863687075674534,,0.0031148274429142475,,0.005270378664135933,,0.0072202058508992195,,0.36224913597106934,,,,,,,,,,,,,,,,
16,14364,,,,,,,,,,,,,,,,,,,,,,,,,,,,,,,,0.06320252269506454,0.0,0.3422900140285492,0.2320009171962738,0.3029240071773529,0.11282330751419067,0.2262701839208603,0.03431571647524834,0.22521261870861053,0.4728589355945587,0.2356427013874054,0.00477328198030591,0.02026083879172802,0.2320009171962738,1.1464179754257202
16,14364,0.012248029001057148,,0.0,,0.1317930817604065,,0.008875143714249134,,0.20166651904582977,,0.006321111228317022,0.14970646798610687,,,0.002976258983835578,,0.1538090705871582,,0.01394937839359045,,0.0062451898120343685,,0.002634129486978054,,0.004218479618430138,,0.008875143714249134,,0.34933099150657654,,0.2535327672958374,,,,,,,,,,,,,,,
17,14369,,0.009763278067111969,,0.0,,0.12392928451299667,,0.004295687191188335,,0.19972994923591614,,,0.15891176462173462,0.009225701913237572,,0.001979834632948041,,0.14714595675468445,,0.01770191453397274,,0.006975628901273012,,0.0027445463929325342,,0.00436042807996273,,0.004295687191188335,,0.345562219619751,,,,,,,,,,,,,,,,
17,14379,,0.009476836770772934,,0.0,,0.14210204780101776,,0.002489132806658745,,0.19937960803508759,,,0.1439656764268875,0.006830860860645771,,0.0031328205950558186,,0.15096795558929443,,0.010392783209681511,,0.0033636053558439016,,0.0028404241893440485,,0.004171805921941996,,0.002489132806658745,,0.34164267778396606,,,,,,,,,,,,,,,,
17,14389,,0.010112365707755089,,0.0,,0.12423934787511826,,0.005004706792533398,,0.20041990280151367,,,0.15279097855091095,0.007023269310593605,,0.0022352668456733227,,0.15618039667606354,,0.020887721329927444,,0.009356226772069931,,0.0026097926311194897,,0.0044104731641709805,,0.005004706792533398,,0.3498404324054718,,,,,,,,,,,,,,,,
17,14399,,0.01569955237209797,,0.0,,0.1347126066684723,,0.004217403940856457,,0.20169301331043243,,,0.15031690895557404,0.011126724071800709,,0.006045222282409668,,0.15480943024158478,,0.03087007626891136,,0.005434344056993723,,0.0029673671815544367,,0.004508588928729296,,0.004217403940856457,,0.3634549081325531,,,,,,,,,,,,,,,,
17,14409,,0.014106625691056252,,0.0,,0.14777517318725586,,0.004764733836054802,,0.19979673624038696,,,0.14961451292037964,0.006817376706749201,,0.004088324960321188,,0.15392014384269714,,0.01003614254295826,,0.004027913324534893,,0.002816604683175683,,0.004045269917696714,,0.004764733836054802,,0.35292747616767883,,,,,,,,,,,,,,,,
17,14419,,0.008262783288955688,,0.0,,0.13092568516731262,,0.003348134458065033,,0.20304954051971436,,,0.15337902307510376,0.004787423647940159,,0.0013925458770245314,,0.14873233437538147,,0.014770587906241417,,0.0035656180698424578,,0.002973458031192422,,0.004191328771412373,,0.003348134458065033,,0.34178489446640015,,,,,,,,,,,,,,,,
17,14429,,0.012886330485343933,,0.0,,0.12031823396682739,,0.0025038421154022217,,0.19919125735759735,,,0.14881689846515656,0.0032290839590132236,,0.002766295336186886,,0.15190327167510986,,0.007807590998709202,,0.0032121147960424423,,0.0023820153437554836,,0.0035116069484502077,,0.0025038421154022217,,0.3310200870037079,,,,,,,,,,,,,,,,
17,14439,,0.011007647030055523,,0.0,,0.11996482312679291,,0.027777018025517464,,0.20016002655029297,,,0.15331752598285675,0.025183701887726784,,0.0027374911587685347,,0.15230798721313477,,0.014035060070455074,,0.012263668701052666,,0.002693844959139824,,0.004281606990844011,,0.027777018025517464,,0.3650059401988983,,,,,,,,,,,,,,,,
17,14449,,0.014597101137042046,,0.0,,0.11954688280820847,,0.0026539433747529984,,0.20959918200969696,,,0.1541111022233963,0.002573804697021842,,0.002972071524709463,,0.15466897189617157,,0.008871451951563358,,0.002961779711768031,,0.0027265618555247784,,0.003947647288441658,,0.0026539433747529984,,0.3415890336036682,,,,,,,,,,,,,,,,
17,14459,,0.008550083264708519,,0.0,,0.13362830877304077,,0.002961118705570698,,0.2057623267173767,,,0.14943785965442657,0.01278220396488905,,0.004046934191137552,,0.15593552589416504,,0.019263088703155518,,0.007300679571926594,,0.0031467441003769636,,0.0044171931222081184,,0.002961118705570698,,0.35582461953163147,,,,,,,,,,,,,,,,
17,14469,,0.014896411448717117,,0.0,,0.14025798439979553,,0.032135967165231705,,0.19921696186065674,,,0.1559056043624878,0.00823492743074894,,0.004762159660458565,,0.15844908356666565,,0.009296667762100697,,0.00911188218742609,,0.002815552055835724,,0.0040308753959834576,,0.032135967165231705,,0.37157249450683594,,,,,,,,,,,,,,,,
17,14479,,0.009026754647493362,,0.0,,0.11254137009382248,,0.003193523734807968,,0.19934816658496857,,,0.15257275104522705,0.0031076481100171804,,0.0021267891861498356,,0.15557920932769775,,0.012289267033338547,,0.004165788181126118,,0.002435825765132904,,0.0036728428676724434,,0.003193523734807968,,0.33186638355255127,,,,,,,,,,,,,,,,
17,14489,,0.008054024539887905,,0.0,,0.12390069663524628,,0.005948176607489586,,0.20325647294521332,,,0.14711974561214447,0.00640327762812376,,0.0028351142536848783,,0.14763128757476807,,0.018194599077105522,,0.008007954806089401,,0.0027165680658072233,,0.004468121565878391,,0.005948176607489586,,0.3415020704269409,,,,,,,,,,,,,,,,
17,14499,,0.0074006132781505585,,0.0,,0.10589869320392609,,0.003314371220767498,,0.20730583369731903,,,0.14924228191375732,0.006331261713057756,,0.0015424484154209495,,0.1471405327320099,,0.013673566281795502,,0.003640676848590374,,0.002586296061053872,,0.0038340722676366568,,0.003314371220767498,,0.3278723359107971,,,,,,,,,,,,,,,,
17,14509,,0.007208271883428097,,0.0,,0.11703307926654816,,0.004455270245671272,,0.2021453082561493,,,0.14478076994419098,0.010112953372299671,,0.0056014275178313255,,0.1473783552646637,,0.01466650702059269,,0.005508668255060911,,0.0027633982244879007,,0.004364321939647198,,0.004455270245671272,,0.3351913094520569,,,,,,,,,,,,,,,,
17,14519,,0.008618143387138844,,0.0,,0.13400141894817352,,0.004736319184303284,,0.20455579459667206,,,0.1410612314939499,0.00575935048982501,,0.001692098448984325,,0.14999523758888245,,0.0123005211353302,,0.004031219985336065,,0.00292468024417758,,0.004355457611382008,,0.004736319184303284,,0.33919352293014526,,,,,,,,,,,,,,,,
17,14529,,0.015413807705044746,,0.0,,0.13163205981254578,,0.032945483922958374,,0.20074962079524994,,,0.15271413326263428,0.01221159752458334,,0.005876775830984116,,0.1609116494655609,,0.013548316434025764,,0.009015939198434353,,0.0028580313082784414,,0.004293861798942089,,0.032945483922958374,,0.37323257327079773,,,,,,,,,,,,,,,,
17,14539,,0.012097853235900402,,0.0,,0.11273615062236786,,0.0032089808955788612,,0.2019227147102356,,,0.1539825052022934,0.0035473955795168877,,0.0035727478098124266,,0.1567336916923523,,0.013977637514472008,,0.004432649351656437,,0.0024213138967752457,,0.0038459347561001778,,0.0032089808955788612,,0.3381628096103668,,,,,,,,,,,,,,,,
17,14549,,0.021771801635622978,,0.0,,0.12508076429367065,,0.004764585755765438,,0.20005729794502258,,,0.15242154896259308,0.011098627932369709,,0.007903648540377617,,0.15445731580257416,,0.011172125115990639,,0.003966972231864929,,0.0025963818188756704,,0.004149373155087233,,0.004764585755765438,,0.35179489850997925,,,,,,,,,,,,,,,,
17,14559,,0.00951194204390049,,0.0,,0.11182249337434769,,0.003787292167544365,,0.20220471918582916,,,0.1420251578092575,0.012433129362761974,,0.0022690370678901672,,0.15109574794769287,,0.01676958240568638,,0.006405205931514502,,0.0027571157552301884,,0.004364057444036007,,0.003787292167544365,,0.3349047601222992,,,,,,,,,,,,,,,,
17,14569,,0.015193881466984749,,0.0,,0.13742060959339142,,0.033612098544836044,,0.20146219432353973,,,0.14983627200126648,0.006598717533051968,,0.01086292415857315,,0.15737725794315338,,0.03361785411834717,,0.012295552529394627,,0.003217525314539671,,0.005197728518396616,,0.033612098544836044,,0.3859451711177826,,,,,,,,,,,,,,,,
17,14579,,0.014305982738733292,,0.0,,0.131245419383049,,0.004517817869782448,,0.20056039094924927,,,0.15063439309597015,0.009396960027515888,,0.003957628272473812,,0.1494637280702591,,0.012147844769060612,,0.0047296881675720215,,0.002486160025000572,,0.004054404329508543,,0.004517817869782448,,0.3457774221897125,,,,,,,,,,,,,,,,
17,14589,,0.01917634718120098,,0.0,,0.1341245025396347,,0.0054871803149580956,,0.19993095099925995,,,0.15321235358715057,0.0046254415065050125,,0.0034316740930080414,,0.15993694961071014,,0.017460843548178673,,0.007098969537764788,,0.002638391684740782,,0.0043402304872870445,,0.0054871803149580956,,0.35790202021598816,,,,,,,,,,,,,,,,
17,14599,,0.010115621611475945,,0.0,,0.11376781016588211,,0.002640252001583576,,0.20141592621803284,,,0.14607612788677216,0.006731629371643066,,0.004068597685545683,,0.14728307723999023,,0.008992034941911697,,0.0028074411675333977,,0.0026068980805575848,,0.0037501773331314325,,0.002640252001583576,,0.3270028531551361,,,,,,,,,,,,,,,,
17,14609,,0.01981315389275551,,0.0,,0.13298697769641876,,0.004062776453793049,,0.2063164860010147,,,0.16149671375751495,0.03219740837812424,,0.0047106556594371796,,0.15723343193531036,,0.052409909665584564,,0.03190144896507263,,0.002827360760420561,,0.004946836736053228,,0.004062776453793049,,0.40792497992515564,,,,,,,,,,,,,,,,
17,14619,,0.00788278691470623,,0.0,,0.12032058835029602,,0.0031069517135620117,,0.20819498598575592,,,0.14633400738239288,0.0055434745736420155,,0.0021881440188735723,,0.15143713355064392,,0.012218448333442211,,0.004444521386176348,,0.0027588007505983114,,0.004098581615835428,,0.0031069517135620117,,0.33631351590156555,,,,,,,,,,,,,,,,
17,14629,,0.007905561476945877,,0.0,,0.12885692715644836,,0.004030839540064335,,0.20333857834339142,,,0.15243427455425262,0.0025938081089407206,,0.0012260829098522663,,0.15175721049308777,,0.010938603430986404,,0.003952129278331995,,0.0026127833407372236,,0.0040986440144479275,,0.004030839540064335,,0.33892205357551575,,,,,,,,,,,,,,,,
17,14639,,0.007911648601293564,,0.0,,0.1226692795753479,,0.0025335801765322685,,0.19952665269374847,,,0.1549360156059265,0.0063577573746442795,,0.004161671735346317,,0.15034908056259155,,0.01057155430316925,,0.004497723653912544,,0.00251894723623991,,0.00400996208190918,,0.0025335801765322685,,0.3370269238948822,,,,,,,,,,,,,,,,
17,14649,,0.011614765971899033,,0.0,,0.09074893593788147,,0.0034853890538215637,,0.199569433927536,,,0.1496085226535797,0.006999379955232143,,0.0027329917065799236,,0.1536596268415451,,0.0167373176664114,,0.006997770629823208,,0.0024308632127940655,,0.0038926766719669104,,0.0034853890538215637,,0.3261851966381073,,,,,,,,,,,,,,,,
17,14659,,0.017483234405517578,,0.0,,0.12469469010829926,,0.03204943239688873,,0.21568144857883453,,,0.14603744447231293,0.00948035903275013,,0.0038110478781163692,,0.16075557470321655,,0.011825270019471645,,0.010769614018499851,,0.002631807466968894,,0.004446943290531635,,0.03204943239688873,,0.37205690145492554,,,,,,,,,,,,,,,,
17,14669,,0.012017413973808289,,0.0,,0.14950716495513916,,0.005238738842308521,,0.20094594359397888,,,0.1548895239830017,0.006728762295097113,,0.0037904754281044006,,0.15447914600372314,,0.011763494461774826,,0.00490676099434495,,0.0029356221202760935,,0.004607134964317083,,0.005238738842308521,,0.35820871591567993,,,,,,,,,,,,,,,,
17,14679,,0.006477179005742073,,0.0,,0.10478004813194275,,0.0028320327401161194,,0.19991634786128998,,,0.15949037671089172,0.004711417015641928,,0.0011347720865160227,,0.15222066640853882,,0.00939592719078064,,0.004005101975053549,,0.002520225243642926,,0.00389360124245286,,0.0028320327401161194,,0.32763564586639404,,,,,,,,,,,,,,,,
17,14689,,0.010519128292798996,,0.0,,0.11304649710655212,,0.025190234184265137,,0.2015116810798645,,,0.15679100155830383,0.0174220222979784,,0.0033134908881038427,,0.15094557404518127,,0.023527717217803,,0.013571225106716156,,0.0030494115781039,,0.004758457653224468,,0.025190234184265137,,0.3642024099826813,,,,,,,,,,,,,,,,
17,14699,,0.009819692000746727,,0.0,,0.12022823095321655,,0.003644922748208046,,0.20112627744674683,,,0.1401396095752716,0.003265770385041833,,0.0015704123070463538,,0.15325438976287842,,0.012643886730074883,,0.004871028941124678,,0.0025940050836652517,,0.004197045229375362,,0.003644922748208046,,0.3307760953903198,,,,,,,,,,,,,,,,
17,14709,,0.011685696430504322,,0.0,,0.1276288479566574,,0.003826376050710678,,0.19959867000579834,,,0.1377117931842804,0.006100152153521776,,0.002222598297521472,,0.15286670625209808,,0.01667032204568386,,0.0077974735759198666,,0.0024301784578710794,,0.004150794353336096,,0.003826376050710678,,0.3384202718734741,,,,,,,,,,,,,,,,
17,14719,,0.016888964921236038,,0.0,,0.13392196595668793,,0.0036829523742198944,,0.20360514521598816,,,0.14644332230091095,0.005348618607968092,,0.0028273421339690685,,0.15817326307296753,,0.010287962853908539,,0.00458907475695014,,0.0026901664678007364,,0.004185101017355919,,0.0036829523742198944,,0.34841451048851013,,,,,,,,,,,,,,,,
17,14729,,0.007712346967309713,,0.0,,0.12042548507452011,,0.006354548968374729,,0.2005993276834488,,,0.1464424878358841,0.003501950530335307,,0.0012568857055157423,,0.14959442615509033,,0.017238913103938103,,0.008010251447558403,,0.0025375597178936005,,0.004239960573613644,,0.006354548968374729,,0.3360770344734192,,,,,,,,,,,,,,,,
17,14739,,0.013942438177764416,,0.0,,0.12773948907852173,,0.005567471496760845,,0.19992530345916748,,,0.14551599323749542,0.003287727013230324,,0.0025781276635825634,,0.1548052430152893,,0.011166708543896675,,0.004873136058449745,,0.002500758972018957,,0.0042395577766001225,,0.005567471496760845,,0.3401907682418823,,,,,,,,,,,,,,,,
17,14749,,0.008275233209133148,,0.0,,0.10457607358694077,,0.003292493522167206,,0.20000211894512177,,,0.14217154681682587,0.010163594968616962,,0.0022543228697031736,,0.1497831642627716,,0.008424662053585052,,0.003754157805815339,,0.0026086883153766394,,0.004031738732010126,,0.003292493522167206,,0.3216847777366638,,,,,,,,,,,,,,,,
17,14759,,0.024222450330853462,,0.0,,0.15223488211631775,,0.00714094378054142,,0.19985239207744598,,,0.14520271122455597,0.008613725192844868,,0.00336209568195045,,0.15717396140098572,,0.02078651264309883,,0.00875962432473898,,0.0029981646221131086,,0.004690507426857948,,0.00714094378054142,,0.36986422538757324,,,,,,,,,,,,,,,,
17,14769,,0.012185826897621155,,0.0,,0.1260583996772766,,0.0026089008897542953,,0.19946368038654327,,,0.14655664563179016,0.002624344080686569,,0.0017876825295388699,,0.15649554133415222,,0.008137637749314308,,0.0032406356185674667,,0.002603600500151515,,0.0038140290416777134,,0.0026089008897542953,,0.3346954882144928,,,,,,,,,,,,,,,,
17,14779,,0.019410820677876472,,0.0,,0.14640824496746063,,0.028303377330303192,,0.19949741661548615,,,0.1594732403755188,0.005693428218364716,,0.005128185264766216,,0.15994957089424133,,0.07997942715883255,,0.023824866861104965,,0.002525337738916278,,0.004595745354890823,,0.028303377330303192,,0.419692724943161,,,,,,,,,,,,,,,,
17,14789,,0.00801391713321209,,0.0,,0.11895857006311417,,0.006742019206285477,,0.2001759260892868,,,0.15555384755134583,0.0054056476801633835,,0.002138604875653982,,0.14735634624958038,,0.011762102134525776,,0.005314215086400509,,0.002553088590502739,,0.004341489635407925,,0.006742019206285477,,0.3363286256790161,,,,,,,,,,,,,,,,
17,14799,,0.014439628459513187,,0.0,,0.148751363158226,,0.08351600170135498,,0.20076489448547363,,,0.14382198452949524,0.006203125696629286,,0.0031716623343527317,,0.1523175984621048,,0.1019938737154007,,0.047216251492500305,,0.0028528047259896994,,0.006090939044952393,,0.08351600170135498,,0.4586155414581299,,,,,,,,,,,,,,,,
17,14809,,0.009874409064650536,,0.0,,0.12230102717876434,,0.004085997119545937,,0.20498445630073547,,,0.1504206657409668,0.007457306142896414,,0.0024535669945180416,,0.1481766402721405,,0.011324247345328331,,0.004420338664203882,,0.002477583009749651,,0.0038412532303482294,,0.004085997119545937,,0.3378293514251709,,,,,,,,,,,,,,,,
17,14819,,0.014857945963740349,,0.0,,0.13632088899612427,,0.004711750894784927,,0.2001461386680603,,,0.15257804095745087,0.003814502153545618,,0.001997385872527957,,0.15591120719909668,,0.009572101756930351,,0.0037027793005108833,,0.002591166878119111,,0.003943346906453371,,0.004711750894784927,,0.34704533219337463,,,,,,,,,,,,,,,,
17,14829,,0.009629987180233002,,0.0,,0.13957925140857697,,0.03562645614147186,,0.2001023292541504,,,0.1504547894001007,0.012295087799429893,,0.0020005526021122932,,0.15180069208145142,,0.015563344582915306,,0.011645279824733734,,0.0027981007006019354,,0.004968662746250629,,0.03562645614147186,,0.37071657180786133,,,,,,,,,,,,,,,,
17,14839,,0.008430765941739082,,0.0,,0.11256559938192368,,0.00504661537706852,,0.20060649514198303,,,0.16252169013023376,0.0051615070551633835,,0.002401913981884718,,0.15534617006778717,,0.013502995483577251,,0.0056394487619400024,,0.0025416186545044184,,0.004330892581492662,,0.00504661537706852,,0.34121331572532654,,,,,,,,,,,,,,,,
17,14849,,0.016804451122879982,,0.0,,0.13903769850730896,,0.03306025266647339,,0.19915202260017395,,,0.1369548738002777,0.006943743675947189,,0.004836640786379576,,0.1590302288532257,,0.01404128223657608,,0.00968062411993742,,0.002671490889042616,,0.004315415397286415,,0.03306025266647339,,0.3654220998287201,,,,,,,,,,,,,,,,
17,14859,,0.01616646721959114,,0.0,,0.15199628472328186,,0.004513425752520561,,0.20034058392047882,,,0.1385248899459839,0.00340289156883955,,0.002766862278804183,,0.15635916590690613,,0.009165964089334011,,0.003976542968302965,,0.002506094053387642,,0.003839064622297883,,0.004513425752520561,,0.34869861602783203,,,,,,,,,,,,,,,,
17,14869,,0.008008446544408798,,0.0,,0.12548168003559113,,0.003461139276623726,,0.1997295469045639,,,0.15163718163967133,0.006559891626238823,,0.00523718586191535,,0.151039719581604,,0.008905182592570782,,0.003638180438429117,,0.0026354012079536915,,0.004026194103062153,,0.003461139276623726,,0.33719301223754883,,,,,,,,,,,,,,,,
17,14879,,0.009818688966333866,,0.0,,0.12608122825622559,,0.02737855538725853,,0.2003878951072693,,,0.15103504061698914,0.00406359089538455,,0.0023067917209118605,,0.1540834903717041,,0.03838387876749039,,0.014765615575015545,,0.0029562311246991158,,0.004961949773132801,,0.02737855538725853,,0.37059250473976135,,,,,,,,,,,,,,,,
17,14889,,0.011040523648262024,,0.0,,0.1285211741924286,,0.00757655780762434,,0.1996334046125412,,,0.15088561177253723,0.005879721604287624,,0.0017162549775093794,,0.14998748898506165,,0.01578517258167267,,0.00701019074767828,,0.002452441258355975,,0.004474258981645107,,0.00757655780762434,,0.34471845626831055,,,,,,,,,,,,,,,,
17,14899,,0.015613511204719543,,0.0,,0.134242981672287,,0.007976312190294266,,0.20030555129051208,,,0.1479700356721878,0.009374340064823627,,0.002674313960596919,,0.1567811667919159,,0.01173374056816101,,0.005335963796824217,,0.0027329695876687765,,0.0044563692063093185,,0.007976312190294266,,0.35182684659957886,,,,,,,,,,,,,,,,
17,14909,,0.01283588632941246,,0.0,,0.1210232824087143,,0.008812817744910717,,0.19972260296344757,,,0.14857275784015656,0.0036165460478514433,,0.0028145562391728163,,0.15891620516777039,,0.019006971269845963,,0.00932302139699459,,0.002499507972970605,,0.004967277869582176,,0.008812817744910717,,0.3485393226146698,,,,,,,,,,,,,,,,
17,14919,,0.01041906513273716,,0.0,,0.12665453553199768,,0.03257717192173004,,0.19961392879486084,,,0.14389295876026154,0.005554544273763895,,0.002976516028866172,,0.1499563753604889,,0.012138633988797665,,0.011031297035515308,,0.002649025758728385,,0.004454420413821936,,0.03257717192173004,,0.3531864285469055,,,,,,,,,,,,,,,,
17,14929,,0.010223082266747952,,0.0,,0.11644738167524338,,0.06140666455030441,,0.20005212724208832,,,0.14511187374591827,0.008228762075304985,,0.0025091718416661024,,0.1575014442205429,,0.053997114300727844,,0.027660313993692398,,0.0029655310790985823,,0.00612727040424943,,0.06140666455030441,,0.39917898178100586,,,,,,,,,,,,,,,,
17,14939,,0.008843100629746914,,0.0,,0.12809167802333832,,0.009151985868811607,,0.20019251108169556,,,0.16064152121543884,0.003140965010970831,,0.0014724887441843748,,0.15229642391204834,,0.019294075667858124,,0.008519562892615795,,0.0027271078433841467,,0.004679112695157528,,0.009151985868811607,,0.35186487436294556,,,,,,,,,,,,,,,,
17,14949,,0.017320044338703156,,0.0,,0.1524806171655655,,0.007739270105957985,,0.20049944519996643,,,0.14769171178340912,0.002714813221246004,,0.003684752620756626,,0.1558414101600647,,0.015032673254609108,,0.006602629087865353,,0.002547848504036665,,0.004695178475230932,,0.007739270105957985,,0.3607727885246277,,,,,,,,,,,,,,,,
17,14959,,0.010009006597101688,,0.0,,0.11585669219493866,,0.006275518797338009,,0.21346962451934814,,,0.1470078080892563,0.0028215497732162476,,0.0015813991194590926,,0.14986151456832886,,0.018385300412774086,,0.006397405173629522,,0.0026018836069852114,,0.004301552660763264,,0.006275518797338009,,0.34143540263175964,,,,,,,,,,,,,,,,
17,14969,,0.008976558223366737,,0.0,,0.13541963696479797,,0.0033596372231841087,,0.2000899761915207,,,0.14565116167068481,0.006803247611969709,,0.001704152673482895,,0.14821851253509521,,0.011492013931274414,,0.004573791287839413,,0.0025811227969825268,,0.003953426145017147,,0.0033596372231841087,,0.3383883237838745,,,,,,,,,,,,,,,,
17,14979,,0.00956786423921585,,0.0,,0.11772207170724869,,0.008746077306568623,,0.19950935244560242,,,0.15172255039215088,0.001955711981281638,,0.0038806670345366,,0.15289005637168884,,0.010317163541913033,,0.005529509391635656,,0.002467123558744788,,0.0039907051250338554,,0.008746077306568623,,0.3361447751522064,,,,,,,,,,,,,,,,
17,14989,,0.008213642053306103,,0.0,,0.10461268573999405,,0.0036607002839446068,,0.1999533474445343,,,0.1483510583639145,0.00555657921358943,,0.0011304921936243773,,0.1562764048576355,,0.007903248071670532,,0.0031491266563534737,,0.002557205269113183,,0.003944268450140953,,0.0036607002839446068,,0.32462653517723083,,,,,,,,,,,,,,,,
17,14999,,0.007022958714514971,,0.0,,0.11747013032436371,,0.0036650272086262703,,0.19955140352249146,,,0.1528099775314331,0.0027062813751399517,,0.0009985899087041616,,0.1494007408618927,,0.008087916299700737,,0.003312612883746624,,0.002608672948554158,,0.0038982394617050886,,0.0036650272086262703,,0.32771536707878113,,,,,,,,,,,,,,,,
17,15009,,0.022075416520237923,,0.0,,0.1244237869977951,,0.06421053409576416,,0.19985392689704895,,,0.13738110661506653,0.00897056795656681,,0.005199825391173363,,0.15482467412948608,,0.021443389356136322,,0.015755653381347656,,0.0028799979481846094,,0.004814086947590113,,0.06421053409576416,,0.3833234906196594,,,,,,,,,,,,,,,,
17,15019,,0.012325498275458813,,0.0,,0.12187813222408295,,0.005587774328887463,,0.2009350061416626,,,0.1505986452102661,0.011279918253421783,,0.002943853847682476,,0.1563977301120758,,0.02196747064590454,,0.008211396634578705,,0.002666313434019685,,0.0046040453016757965,,0.005587774328887463,,0.3519999086856842,,,,,,,,,,,,,,,,
17,15029,,0.009900684468448162,,0.0,,0.1128401979804039,,0.014498317614197731,,0.20140182971954346,,,0.15361016988754272,0.013606742955744267,,0.002096627838909626,,0.15374961495399475,,0.013824504800140858,,0.008179801516234875,,0.0027042822912335396,,0.004269236233085394,,0.014498317614197731,,0.3474756181240082,,,,,,,,,,,,,,,,
17,15039,,0.01676444709300995,,0.0,,0.12192146480083466,,0.003485584631562233,,0.20009779930114746,,,0.15520544350147247,0.0039658090099692345,,0.006567079573869705,,0.1565508097410202,,0.014607076533138752,,0.005243728868663311,,0.0027390746399760246,,0.004277396481484175,,0.003485584631562233,,0.34785154461860657,,,,,,,,,,,,,,,,
17,15049,,0.011042049154639244,,0.0,,0.14474059641361237,,0.004911020398139954,,0.20119142532348633,,,0.13861438632011414,0.004010613542050123,,0.001599910669028759,,0.1532677263021469,,0.013316800817847252,,0.005751651246100664,,0.0027429673355072737,,0.004452948458492756,,0.004911020398139954,,0.3450475037097931,,,,,,,,,,,,,,,,
17,15059,,0.0115446662530303,,0.0,,0.1334596425294876,,0.03681465983390808,,0.20015712082386017,,,0.14404205977916718,0.0055974330753088,,0.0026980582624673843,,0.1515846699476242,,0.030057527124881744,,0.014888538047671318,,0.0030144182965159416,,0.005050173960626125,,0.03681465983390808,,0.37197959423065186,,,,,,,,,,,,,,,,
17,15069,,0.007728440687060356,,0.0,,0.11483804136514664,,0.0035704700276255608,,0.20142826437950134,,,0.14317457377910614,0.00869532860815525,,0.0018327014986425638,,0.1505347490310669,,0.019370339810848236,,0.0073335422202944756,,0.002682917984202504,,0.00448354659602046,,0.0035704700276255608,,0.3350782096385956,,,,,,,,,,,,,,,,
17,15079,,0.009549926966428757,,0.0,,0.1222991868853569,,0.034196410328149796,,0.1998390406370163,,,0.15243591368198395,0.03524825721979141,,0.0022037052549421787,,0.14881020784378052,,0.02385236695408821,,0.01987115480005741,,0.0025116917677223682,,0.0045089880004525185,,0.034196410328149796,,0.3799179196357727,,,,,,,,,,,,,,,,
17,15089,,0.014937409199774265,,0.0,,0.12844780087471008,,0.00278362724930048,,0.199639230966568,,,0.13758130371570587,0.004373885691165924,,0.0030590021051466465,,0.14553478360176086,,0.008088694885373116,,0.0028605302795767784,,0.0024872194044291973,,0.003447607159614563,,0.00278362724930048,,0.3283443748950958,,,,,,,,,,,,,,,,
17,15099,,0.010225221514701843,,0.0,,0.13910676538944244,,0.003986443392932415,,0.19989383220672607,,,0.13776841759681702,0.0038362948689609766,,0.0018959291046485305,,0.154790997505188,,0.01030641607940197,,0.0035623570438474417,,0.002888743532821536,,0.004099967889487743,,0.003986443392932415,,0.33823060989379883,,,,,,,,,,,,,,,,
17,15109,,0.011487022042274475,,0.0,,0.12534935772418976,,0.004019221290946007,,0.20720866322517395,,,0.146901935338974,0.005868788808584213,,0.0031261451076716185,,0.15316975116729736,,0.013009123504161835,,0.004245253745466471,,0.00252489629201591,,0.0039075817912817,,0.004019221290946007,,0.3423626720905304,,,,,,,,,,,,,,,,
17,15119,,0.012437703087925911,,0.0,,0.12955302000045776,,0.004728022962808609,,0.2003536820411682,,,0.1495051085948944,0.013497872278094292,,0.011904751881957054,,0.15393957495689392,,0.014517249539494514,,0.0053422655910253525,,0.0027095824480056763,,0.00455439742654562,,0.004728022962808609,,0.3537988066673279,,,,,,,,,,,,,,,,
17,15129,,0.007251825649291277,,0.0,,0.120026133954525,,0.003503045067191124,,0.20050376653671265,,,0.15262161195278168,0.005887469742447138,,0.0009884706232696772,,0.15302123129367828,,0.009599603712558746,,0.0037541124038398266,,0.0026001466903835535,,0.003985168412327766,,0.003503045067191124,,0.33386391401290894,,,,,,,,,,,,,,,,
17,15139,,0.015375718474388123,,0.0,,0.1333078145980835,,0.004915139637887478,,0.19951128959655762,,,0.15695399045944214,0.007516095880419016,,0.0027287029661238194,,0.156312495470047,,0.014016926288604736,,0.006055267062038183,,0.0025408449582755566,,0.0043897791765630245,,0.004915139637887478,,0.35400691628456116,,,,,,,,,,,,,,,,
17,15149,,0.011104296892881393,,0.0,,0.1331712305545807,,0.007906356826424599,,0.2010831981897354,,,0.1470462828874588,0.00548696331679821,,0.003594613168388605,,0.14833316206932068,,0.017756544053554535,,0.008047369308769703,,0.002650726120918989,,0.0049284971319139,,0.007906356826424599,,0.3480188548564911,,,,,,,,,,,,,,,,
17,15159,,0.008194854483008385,,0.0,,0.11377350240945816,,0.0031271781772375107,,0.1997092366218567,,,0.1496932953596115,0.0076150307431817055,,0.002167737577110529,,0.1512589156627655,,0.008396299555897713,,0.002715971553698182,,0.0028517215978354216,,0.004101219587028027,,0.0031271781772375107,,0.3288531005382538,,,,,,,,,,,,,,,,
17,15169,,0.012197820469737053,,0.0,,0.12800702452659607,,0.0026231762021780014,,0.19943900406360626,,,0.15040425956249237,0.0017117082607001066,,0.002259347354993224,,0.1538478434085846,,0.006441647186875343,,0.002763002645224333,,0.002562059788033366,,0.003777327248826623,,0.0026231762021780014,,0.334905743598938,,,,,,,,,,,,,,,,
17,15179,,0.010215308517217636,,0.0,,0.11059536039829254,,0.0033941809087991714,,0.19968004524707794,,,0.14672726392745972,0.0031343300361186266,,0.0025192894972860813,,0.15458768606185913,,0.008403217419981956,,0.0035958720836788416,,0.002520693466067314,,0.004015323705971241,,0.0033941809087991714,,0.32670196890830994,,,,,,,,,,,,,,,,
17,15189,,0.015254242345690727,,0.0,,0.1281915009021759,,0.03164168447256088,,0.20320875942707062,,,0.14562074840068817,0.005073496140539646,,0.004034151788800955,,0.15588441491127014,,0.018704650923609734,,0.01185400690883398,,0.0025889582466334105,,0.004472131375223398,,0.03164168447256088,,0.36550045013427734,,,,,,,,,,,,,,,,
17,15199,,0.017110321670770645,,0.0,,0.14058442413806915,,0.003417038358747959,,0.20203951001167297,,,0.15342722833156586,0.00497150095179677,,0.003081944538280368,,0.15935426950454712,,0.012856028974056244,,0.005672418978065252,,0.0025524520315229893,,0.004115751013159752,,0.003417038358747959,,0.3566492795944214,,,,,,,,,,,,,,,,
17,15209,,0.01179960835725069,,0.0,,0.11286064237356186,,0.006373817101120949,,0.2009788155555725,,,0.14694909751415253,0.002179379342123866,,0.002414447022601962,,0.14906246960163116,,0.013173292391002178,,0.006030948832631111,,0.002754191868007183,,0.004353941883891821,,0.006373817101120949,,0.3316422998905182,,,,,,,,,,,,,,,,
17,15209,,,,,,,,,,,,,,,,,,,,,,,,,,,,,,,,0.06557220220565796,0.0,0.340629518032074,0.22540928423404694,0.30830904841423035,0.11995915323495865,0.22334913909435272,0.036485299468040466,0.23799125850200653,0.47333937883377075,0.22909337282180786,0.004498675931245089,0.01962348446249962,0.22540928423404694,1.1519416570663452
17,15209,0.011866612359881401,,0.0,,0.12750157713890076,,0.009301146492362022,,0.2014605700969696,,0.0066789803095161915,0.1486530750989914,,,0.0030619713943451643,,0.15280292928218842,,0.015437674708664417,,0.006907389033585787,,0.002651164773851633,,0.004275214392691851,,0.009301146492362022,,0.3474363088607788,,0.2535683810710907,,,,,,,,,,,,,,,
18,15219,,0.006748071871697903,,0.0,,0.10338325053453445,,0.003295731730759144,,0.19974029064178467,,,0.14167249202728271,0.004675653297454119,,0.0010059409542009234,,0.15169495344161987,,0.010193322785198689,,0.004621829837560654,,0.0024012268986552954,,0.003931629471480846,,0.003295731730759144,,0.31864801049232483,,,,,,,,,,,,,,,,
18,15229,,0.009426465258002281,,0.0,,0.1241450384259224,,0.006892156787216663,,0.2045544683933258,,,0.14958150684833527,0.005128764547407627,,0.0016787508502602577,,0.14850157499313354,,0.012789270840585232,,0.004711445886641741,,0.0028703876305371523,,0.004446700681000948,,0.006892156787216663,,0.33958661556243896,,,,,,,,,,,,,,,,
18,15239,,0.012352350167930126,,0.0,,0.10929890722036362,,0.0037981299683451653,,0.20560839772224426,,,0.15043845772743225,0.003089464269578457,,0.003167504444718361,,0.1504422128200531,,0.00881608109921217,,0.003841159399598837,,0.002388115506619215,,0.0038652047514915466,,0.0037981299683451653,,0.33048558235168457,,,,,,,,,,,,,,,,
18,15249,,0.01211329735815525,,0.0,,0.11477099359035492,,0.005129517987370491,,0.20088034868240356,,,0.14124557375907898,0.003460652194917202,,0.00303477281704545,,0.15163014829158783,,0.014853973872959614,,0.004948582500219345,,0.002736268797889352,,0.004572127480059862,,0.005129517987370491,,0.33197417855262756,,,,,,,,,,,,,,,,
18,15259,,0.01175891887396574,,0.0,,0.12466276437044144,,0.0031594373285770416,,0.20301635563373566,,,0.15082086622714996,0.0024435906670987606,,0.0012512484099715948,,0.1514650583267212,,0.009525010362267494,,0.0034213471226394176,,0.0026697074063122272,,0.004046900197863579,,0.0031594373285770416,,0.33614403009414673,,,,,,,,,,,,,,,,
18,15269,,0.010148168541491032,,0.0,,0.13958875834941864,,0.006480745039880276,,0.20001214742660522,,,0.14159445464611053,0.006316489540040493,,0.0026290095411241055,,0.15142473578453064,,0.027723969891667366,,0.012950791046023369,,0.0025871985126286745,,0.003936970606446266,,0.006480745039880276,,0.35466518998146057,,,,,,,,,,,,,,,,
18,15279,,0.011011375114321709,,0.0,,0.12000337243080139,,0.005425409413874149,,0.19929996132850647,,,0.15137824416160583,0.0036787232384085655,,0.001955603715032339,,0.15238645672798157,,0.011179937049746513,,0.004293558653444052,,0.0030141454190015793,,0.004455796908587217,,0.005425409413874149,,0.33626917004585266,,,,,,,,,,,,,,,,
18,15289,,0.009223990142345428,,0.0,,0.12178024649620056,,0.003198164515197277,,0.19972923398017883,,,0.14158430695533752,0.004907860420644283,,0.0015046059852465987,,0.14871038496494293,,0.009951116517186165,,0.0034951723646372557,,0.002504962030798197,,0.0037900095339864492,,0.003198164515197277,,0.32708504796028137,,,,,,,,,,,,,,,,
18,15299,,0.01309920847415924,,0.0,,0.13622364401817322,,0.0042499154806137085,,0.20230670273303986,,,0.1442170888185501,0.0025885950308293104,,0.0022965094540268183,,0.15102717280387878,,0.011220928281545639,,0.004149684216827154,,0.0028324818704277277,,0.004324566572904587,,0.0042499154806137085,,0.3414304852485657,,,,,,,,,,,,,,,,
18,15309,,0.010024158284068108,,0.0,,0.11701013147830963,,0.0034823818132281303,,0.20108725130558014,,,0.14342933893203735,0.003432760015130043,,0.0013003156054764986,,0.15280552208423615,,0.008948324248194695,,0.0036776631604880095,,0.0025276094675064087,,0.003987098578363657,,0.0034823818132281303,,0.327849805355072,,,,,,,,,,,,,,,,
18,15319,,0.0096687451004982,,0.0,,0.12696200609207153,,0.0044861165806651115,,0.19972023367881775,,,0.1484895944595337,0.003967057913541794,,0.0010666571324691176,,0.14829595386981964,,0.01183323748409748,,0.004132764879614115,,0.0026241678278893232,,0.004021236207336187,,0.0044861165806651115,,0.33464446663856506,,,,,,,,,,,,,,,,
18,15329,,0.00979689136147499,,0.0,,0.11273413896560669,,0.0024447087198495865,,0.20086830854415894,,,0.15631066262722015,0.009579365141689777,,0.004166055005043745,,0.14416325092315674,,0.010385649278759956,,0.003216548589989543,,0.002757174428552389,,0.0038351365365087986,,0.0024447087198495865,,0.3320465385913849,,,,,,,,,,,,,,,,
18,15339,,0.015487121418118477,,0.0,,0.13102231919765472,,0.003616129048168659,,0.20062604546546936,,,0.14611376821994781,0.003928626421838999,,0.002631901763379574,,0.15704739093780518,,0.00729035260155797,,0.0036048521287739277,,0.0024441175628453493,,0.003822307102382183,,0.003616129048168659,,0.3407285809516907,,,,,,,,,,,,,,,,
18,15349,,0.00910959579050541,,0.0,,0.1121918186545372,,0.010043980553746223,,0.20792065560817719,,,0.14586612582206726,0.004586355295032263,,0.0011988483602181077,,0.15000560879707336,,0.017696168273687363,,0.009275300428271294,,0.0026513072662055492,,0.004300868604332209,,0.010043980553746223,,0.33957377076148987,,,,,,,,,,,,,,,,
18,15359,,0.014278024435043335,,0.0,,0.1427190750837326,,0.003122749738395214,,0.20050056278705597,,,0.14339159429073334,0.0028109694831073284,,0.0038347840309143066,,0.15507736802101135,,0.007597974967211485,,0.003611029824241996,,0.0023647828493267298,,0.0036342795938253403,,0.003122749738395214,,0.34328871965408325,,,,,,,,,,,,,,,,
18,15369,,0.008594142273068428,,0.0,,0.11576122045516968,,0.004632006399333477,,0.20052441954612732,,,0.14990071952342987,0.005172114819288254,,0.002047894522547722,,0.14454104006290436,,0.01812845654785633,,0.0048662093468010426,,0.002669679233804345,,0.003944610245525837,,0.004632006399333477,,0.3323635458946228,,,,,,,,,,,,,,,,
18,15379,,0.01181243546307087,,0.0,,0.13157513737678528,,0.002329816110432148,,0.20022854208946228,,,0.14787158370018005,0.003940132912248373,,0.0032446780242025852,,0.15492823719978333,,0.010135149583220482,,0.004930607043206692,,0.0025088649708777666,,0.003717212239280343,,0.002329816110432148,,0.3404698073863983,,,,,,,,,,,,,,,,
18,15389,,0.009355582296848297,,0.0,,0.11352145671844482,,0.0022515933960676193,,0.1995275318622589,,,0.1520141214132309,0.00219973037019372,,0.001955290324985981,,0.146569162607193,,0.008003143593668938,,0.002877788618206978,,0.002439775737002492,,0.0034431791864335537,,0.0022515933960676193,,0.3238007724285126,,,,,,,,,,,,,,,,
18,15399,,0.010305625386536121,,0.0,,0.12942296266555786,,0.015083353966474533,,0.20404517650604248,,,0.14906662702560425,0.012495696544647217,,0.0031242030672729015,,0.1494230329990387,,0.016902264207601547,,0.008271482773125172,,0.0026997742243111134,,0.0044298721477389336,,0.015083353966474533,,0.3548499643802643,,,,,,,,,,,,,,,,
18,15409,,0.008447173982858658,,0.0,,0.12650027871131897,,0.002946489490568638,,0.20073765516281128,,,0.14603962004184723,0.003730549244210124,,0.0021384244319051504,,0.14803239703178406,,0.0052673895843327045,,0.0022075080778449774,,0.002638611476868391,,0.0035420123022049665,,0.002946489490568638,,0.32788506150245667,,,,,,,,,,,,,,,,
18,15419,,0.00740244472399354,,0.0,,0.12867078185081482,,0.002732747234404087,,0.19995135068893433,,,0.13721905648708344,0.005967794917523861,,0.001477062702178955,,0.15067654848098755,,0.007966233417391777,,0.0029730552341789007,,0.0026186606846749783,,0.003861748380586505,,0.002732747234404087,,0.32768964767456055,,,,,,,,,,,,,,,,
18,15429,,0.013634413480758667,,0.0,,0.1377071738243103,,0.004589271731674671,,0.20962238311767578,,,0.14951761066913605,0.01499098353087902,,0.0015015513636171818,,0.1553063541650772,,0.020679641515016556,,0.0077718826942145824,,0.0029721399769186974,,0.00459839403629303,,0.004589271731674671,,0.3637451231479645,,,,,,,,,,,,,,,,
18,15439,,0.016364628449082375,,0.0,,0.12169712036848068,,0.03229984641075134,,0.19966846704483032,,,0.1521451473236084,0.001685145776718855,,0.0036079776473343372,,0.16144031286239624,,0.009083523415029049,,0.007849123328924179,,0.002508028643205762,,0.0038023991510272026,,0.03229984641075134,,0.3579770624637604,,,,,,,,,,,,,,,,
18,15449,,0.017791815102100372,,0.0,,0.13414070010185242,,0.003363160416483879,,0.20203423500061035,,,0.1417946070432663,0.005649147089570761,,0.004781603813171387,,0.15095561742782593,,0.009113876149058342,,0.0029322607442736626,,0.0026712315157055855,,0.0038559786044061184,,0.003363160416483879,,0.3414700925350189,,,,,,,,,,,,,,,,
18,15459,,0.012048592790961266,,0.0,,0.13674232363700867,,0.0024922192096710205,,0.19992896914482117,,,0.14779415726661682,0.005115058738738298,,0.0019749216735363007,,0.14988622069358826,,0.009837297722697258,,0.0034893087577074766,,0.002778763882815838,,0.003966443706303835,,0.0024922192096710205,,0.3400103747844696,,,,,,,,,,,,,,,,
18,15469,,0.011697746813297272,,0.0,,0.12611259520053864,,0.03507661074399948,,0.20452743768692017,,,0.1518528014421463,0.0031345507595688105,,0.0034473268315196037,,0.15406262874603271,,0.016468428075313568,,0.011359565891325474,,0.002736504655331373,,0.004616448190063238,,0.03507661074399948,,0.36485451459884644,,,,,,,,,,,,,,,,
18,15479,,0.022136470302939415,,0.0,,0.1341758370399475,,0.0031823161989450455,,0.19975325465202332,,,0.13945560157299042,0.011111312545835972,,0.007248351350426674,,0.15195512771606445,,0.011844957247376442,,0.004363437183201313,,0.0027311514131724834,,0.004229365382343531,,0.0031823161989450455,,0.3482082784175873,,,,,,,,,,,,,,,,
18,15489,,0.01834622584283352,,0.0,,0.135362908244133,,0.03633742406964302,,0.20133846998214722,,,0.14881078898906708,0.010020754300057888,,0.004621461965143681,,0.15618795156478882,,0.020394939929246902,,0.012183420360088348,,0.0029508620500564575,,0.004519779235124588,,0.03633742406964302,,0.37779736518859863,,,,,,,,,,,,,,,,
18,15499,,0.010690826922655106,,0.0,,0.12015119194984436,,0.004148201085627079,,0.1995343267917633,,,0.15343120694160461,0.016067689284682274,,0.0036830133758485317,,0.1485290676355362,,0.013115736655890942,,0.005297533702105284,,0.0026552830822765827,,0.0043418314307928085,,0.004148201085627079,,0.34299391508102417,,,,,,,,,,,,,,,,
18,15509,,0.008510500192642212,,0.0,,0.10665572434663773,,0.004492494277656078,,0.2057267725467682,,,0.12826493382453918,0.007670341990888119,,0.0020402378868311644,,0.14853771030902863,,0.009574037045240402,,0.004274390637874603,,0.002560673514381051,,0.0041153039783239365,,0.004492494277656078,,0.3182692229747772,,,,,,,,,,,,,,,,
18,15519,,0.01001015119254589,,0.0,,0.1089291200041771,,0.002974933944642544,,0.19968752562999725,,,0.14840693771839142,0.004533867351710796,,0.001992118079215288,,0.1460551917552948,,0.01551865041255951,,0.007594099268317223,,0.002528514014557004,,0.00416723545640707,,0.002974933944642544,,0.32828277349472046,,,,,,,,,,,,,,,,
18,15529,,0.007958926260471344,,0.0,,0.11524907499551773,,0.004114956595003605,,0.20118080079555511,,,0.1544775813817978,0.0043228669092059135,,0.0009388402104377747,,0.15147021412849426,,0.013788403011858463,,0.005650503095239401,,0.0025869961827993393,,0.004198994021862745,,0.004114956595003605,,0.33506858348846436,,,,,,,,,,,,,,,,
18,15539,,0.011178713291883469,,0.0,,0.12019564211368561,,0.030923116952180862,,0.20121490955352783,,,0.1423531472682953,0.005705098621547222,,0.003020916134119034,,0.14806273579597473,,0.01654909923672676,,0.010714146308600903,,0.002579286228865385,,0.004273305647075176,,0.030923116952180862,,0.3505217134952545,,,,,,,,,,,,,,,,
18,15549,,0.009374200366437435,,0.0,,0.12148995697498322,,0.0023558922111988068,,0.1996716558933258,,,0.14819782972335815,0.005533827468752861,,0.001835616654716432,,0.14678062498569489,,0.0063729374669492245,,0.002725625643506646,,0.00238424283452332,,0.0034963595680892467,,0.0023558922111988068,,0.3268575370311737,,,,,,,,,,,,,,,,
18,15559,,0.013557647354900837,,0.0,,0.1397886574268341,,0.004024488851428032,,0.2017752081155777,,,0.14386941492557526,0.01588709093630314,,0.007098935544490814,,0.1508566290140152,,0.011996252462267876,,0.004860797431319952,,0.002726290374994278,,0.004336122423410416,,0.004024488851428032,,0.35255682468414307,,,,,,,,,,,,,,,,
18,15569,,0.010509708896279335,,0.0,,0.13380274176597595,,0.005312464199960232,,0.20063766837120056,,,0.1418253779411316,0.005309463012963533,,0.0013423000928014517,,0.14795824885368347,,0.011126508936285973,,0.004564499948173761,,0.0027431489434093237,,0.0043143355287611485,,0.005312464199960232,,0.3368804156780243,,,,,,,,,,,,,,,,
18,15579,,0.010406874120235443,,0.0,,0.12484389543533325,,0.029831651598215103,,0.20023572444915771,,,0.14368504285812378,0.006688965484499931,,0.0017893826588988304,,0.15330809354782104,,0.01757833920419216,,0.009904044680297375,,0.0028630110900849104,,0.0043409825302660465,,0.029831651598215103,,0.35490846633911133,,,,,,,,,,,,,,,,
18,15589,,0.00812332984060049,,0.0,,0.11419527232646942,,0.0019938210025429726,,0.20044691860675812,,,0.14964768290519714,0.002625594614073634,,0.0030393660999834538,,0.14860627055168152,,0.006055526435375214,,0.0023374310694634914,,0.0025648605078458786,,0.003708504606038332,,0.0019938210025429726,,0.323526531457901,,,,,,,,,,,,,,,,
18,15599,,0.0095451595261693,,0.0,,0.10579200088977814,,0.0027630245313048363,,0.19965828955173492,,,0.1537744104862213,0.002694289432838559,,0.002865599002689123,,0.148799866437912,,0.010007629171013832,,0.004130189307034016,,0.002419222379103303,,0.003711006371304393,,0.0027630245313048363,,0.3249358534812927,,,,,,,,,,,,,,,,
18,15609,,0.014079637825489044,,0.0,,0.1500181257724762,,0.0040757544338703156,,0.1996336728334427,,,0.14890091121196747,0.0031555285677313805,,0.002213801257312298,,0.1500529646873474,,0.010354849509894848,,0.004462219309061766,,0.0024300264194607735,,0.00396099453791976,,0.0040757544338703156,,0.3486497700214386,,,,,,,,,,,,,,,,
18,15619,,0.009738819673657417,,0.0,,0.13502123951911926,,0.0025194529443979263,,0.19982698559761047,,,0.1446259319782257,0.0031373940873891115,,0.0017966823652386665,,0.147018164396286,,0.005265418905764818,,0.0025132412556558847,,0.0023522796109318733,,0.003606898710131645,,0.0025194529443979263,,0.33051469922065735,,,,,,,,,,,,,,,,
18,15629,,0.013438472524285316,,0.0,,0.1484108567237854,,0.004420487210154533,,0.200053870677948,,,0.14845648407936096,0.0045308019034564495,,0.0023948228918015957,,0.14918732643127441,,0.01773754507303238,,0.007081587333232164,,0.002774912631139159,,0.004612235818058252,,0.004420487210154533,,0.35385578870773315,,,,,,,,,,,,,,,,
18,15639,,0.010873822495341301,,0.0,,0.10889505594968796,,0.0041028037667274475,,0.1998993158340454,,,0.14306789636611938,0.005706846248358488,,0.002908212598413229,,0.1508835256099701,,0.010986861772835255,,0.004279959946870804,,0.0025839204899966717,,0.004061402752995491,,0.0041028037667274475,,0.32615551352500916,,,,,,,,,,,,,,,,
18,15649,,0.009442364796996117,,0.0,,0.1139812022447586,,0.0028557507321238518,,0.19981613755226135,,,0.14869756996631622,0.002797760535031557,,0.001575289643369615,,0.14967402815818787,,0.011819643899798393,,0.004883939400315285,,0.0027648285031318665,,0.004219869151711464,,0.0028557507321238518,,0.32837411761283875,,,,,,,,,,,,,,,,
18,15659,,0.008538344874978065,,0.0,,0.10335176438093185,,0.03493766486644745,,0.20279745757579803,,,0.15800173580646515,0.013437788002192974,,0.002718051429837942,,0.1562003493309021,,0.018734760582447052,,0.012907973490655422,,0.0027804167475551367,,0.004470121115446091,,0.03493766486644745,,0.3616732656955719,,,,,,,,,,,,,,,,
18,15669,,0.010976257734000683,,0.0,,0.12323931604623795,,0.004073787480592728,,0.1999932825565338,,,0.1419820487499237,0.00953630730509758,,0.0019924589432775974,,0.15372660756111145,,0.01920291967689991,,0.009675083681941032,,0.0025217938236892223,,0.004287215415388346,,0.004073787480592728,,0.34274718165397644,,,,,,,,,,,,,,,,
18,15679,,0.012201380915939808,,0.0,,0.10796786844730377,,0.027943462133407593,,0.19936954975128174,,,0.15123578906059265,0.004166935104876757,,0.0032515954226255417,,0.1565219610929489,,0.01451718620955944,,0.007879653014242649,,0.00293758325278759,,0.004221930634230375,,0.027943462133407593,,0.3482184112071991,,,,,,,,,,,,,,,,
18,15689,,0.017511680722236633,,0.0,,0.1467404067516327,,0.03581242263317108,,0.2013763189315796,,,0.1576850414276123,0.0137402368709445,,0.003701465902850032,,0.15733009576797485,,0.03848054260015488,,0.013459427282214165,,0.003586879000067711,,0.00549360504373908,,0.03581242263317108,,0.4002058804035187,,,,,,,,,,,,,,,,
18,15699,,0.018715331330895424,,0.0,,0.13352465629577637,,0.029946787282824516,,0.20020589232444763,,,0.14933054149150848,0.01975282095372677,,0.003205247223377228,,0.15734416246414185,,0.022853802889585495,,0.013479982502758503,,0.0031175233889371157,,0.004578113090246916,,0.029946787282824516,,0.38031646609306335,,,,,,,,,,,,,,,,
18,15709,,0.014587491750717163,,0.0,,0.12931641936302185,,0.004575883038341999,,0.2007843554019928,,,0.19664961099624634,0.01760624162852764,,0.0025647380389273167,,0.15275004506111145,,0.015499628148972988,,0.006320841144770384,,0.0027423310093581676,,0.004540484864264727,,0.004575883038341999,,0.37623926997184753,,,,,,,,,,,,,,,,
18,15719,,0.013847346417605877,,0.0,,0.11338236927986145,,0.00420894380658865,,0.19984345138072968,,,0.1467861831188202,0.01079404354095459,,0.004890182986855507,,0.14970123767852783,,0.010247888043522835,,0.004452988505363464,,0.002502460265532136,,0.0039002597332000732,,0.00420894380658865,,0.3342288136482239,,,,,,,,,,,,,,,,
18,15729,,0.024491894990205765,,0.0,,0.13446292281150818,,0.002913396805524826,,0.2090359479188919,,,0.15093888342380524,0.007407061289995909,,0.004236551932990551,,0.16471147537231445,,0.007539153099060059,,0.0033295084722340107,,0.002441680757328868,,0.0037056710571050644,,0.002913396805524826,,0.35945993661880493,,,,,,,,,,,,,,,,
18,15739,,0.015890631824731827,,0.0,,0.14664338529109955,,0.008332367055118084,,0.21152618527412415,,,0.14833736419677734,0.0028593214228749275,,0.003001838456839323,,0.15435093641281128,,0.017585845664143562,,0.008607958443462849,,0.002469403203576803,,0.004523892886936665,,0.008332367055118084,,0.364326536655426,,,,,,,,,,,,,,,,
18,15749,,0.009412512183189392,,0.0,,0.11680197715759277,,0.008073624223470688,,0.19973237812519073,,,0.1655510663986206,0.0930463969707489,,0.0019334228709340096,,0.15484501421451569,,0.03511154651641846,,0.03219928219914436,,0.0027595539577305317,,0.0045809089206159115,,0.008073624223470688,,0.41431429982185364,,,,,,,,,,,,,,,,
18,15759,,0.008310560137033463,,0.0,,0.11384496092796326,,0.00343530997633934,,0.20070064067840576,,,0.1510675847530365,0.0032597477547824383,,0.00305732898414135,,0.15512219071388245,,0.013679228723049164,,0.004314668942242861,,0.0025747737381607294,,0.004081908613443375,,0.00343530997633934,,0.3337654173374176,,,,,,,,,,,,,,,,
18,15769,,0.007968904450535774,,0.0,,0.11150162667036057,,0.004976843483746052,,0.20133811235427856,,,0.14772342145442963,0.004375744611024857,,0.0013745520263910294,,0.14820986986160278,,0.012047533877193928,,0.004351804032921791,,0.00289206113666296,,0.00441998103633523,,0.004976843483746052,,0.3278002142906189,,,,,,,,,,,,,,,,
18,15779,,0.008214949630200863,,0.0,,0.13172605633735657,,0.002602213993668556,,0.20122657716274261,,,0.14382250607013702,0.0020879090297967196,,0.0022201118990778923,,0.14939573407173157,,0.009530243463814259,,0.00413112249225378,,0.0025915715377777815,,0.003804093459621072,,0.002602213993668556,,0.3325785994529724,,,,,,,,,,,,,,,,
18,15789,,0.022663794457912445,,0.0,,0.1407214254140854,,0.003911977633833885,,0.20090748369693756,,,0.16006331145763397,0.016518404707312584,,0.004942939151078463,,0.15580718219280243,,0.022566568106412888,,0.013777014799416065,,0.0027915239334106445,,0.004287091549485922,,0.003911977633833885,,0.37662291526794434,,,,,,,,,,,,,,,,
18,15799,,0.021208252757787704,,0.0,,0.1452946811914444,,0.0034044738858938217,,0.20068717002868652,,,0.1412077248096466,0.004651907831430435,,0.0030939250718802214,,0.15768158435821533,,0.008735217154026031,,0.003948024939745665,,0.002520462730899453,,0.0039051692001521587,,0.0034044738858938217,,0.3501218557357788,,,,,,,,,,,,,,,,
18,15809,,0.01720418408513069,,0.0,,0.14649593830108643,,0.008580592460930347,,0.20074376463890076,,,0.141887828707695,0.006771845743060112,,0.002273084130138159,,0.15562556684017181,,0.0183279886841774,,0.007078069727867842,,0.0029291955288499594,,0.004753747023642063,,0.008580592460930347,,0.3587127923965454,,,,,,,,,,,,,,,,
18,15819,,0.011034511961042881,,0.0,,0.13040097057819366,,0.0025794049724936485,,0.20125122368335724,,,0.14017094671726227,0.0070871710777282715,,0.002899095881730318,,0.1530560851097107,,0.012377887964248657,,0.002665880834683776,,0.0030455579981207848,,0.004090318456292152,,0.0025794049724936485,,0.3373746871948242,,,,,,,,,,,,,,,,
18,15829,,0.012337872758507729,,0.0,,0.12834013998508453,,0.003969729878008366,,0.1992218792438507,,,0.12654097378253937,0.007303853984922171,,0.002051697578281164,,0.14548684656620026,,0.023654446005821228,,0.005376219283789396,,0.0026803992222994566,,0.004089665599167347,,0.003969729878008366,,0.33257171511650085,,,,,,,,,,,,,,,,
18,15839,,0.017255187034606934,,0.0,,0.12251746654510498,,0.004110428504645824,,0.20521612465381622,,,0.15026649832725525,0.004867848940193653,,0.0021983319893479347,,0.1538230925798416,,0.010734044015407562,,0.00449334317818284,,0.0026430818252265453,,0.004320410545915365,,0.004110428504645824,,0.34338313341140747,,,,,,,,,,,,,,,,
18,15849,,0.010603793896734715,,0.0,,0.12482982873916626,,0.005052821710705757,,0.2000226229429245,,,0.14888328313827515,0.004286932293325663,,0.0016381613677367568,,0.15008831024169922,,0.014778070151805878,,0.004899613559246063,,0.0027927157934755087,,0.00450754864141345,,0.005052821710705757,,0.33844563364982605,,,,,,,,,,,,,,,,
18,15859,,0.014230569824576378,,0.0,,0.13006070256233215,,0.007221851497888565,,0.20011454820632935,,,0.1755073070526123,0.048884522169828415,,0.002330716699361801,,0.15923084318637848,,0.023464661091566086,,0.014146976172924042,,0.0026105837896466255,,0.0044636838138103485,,0.007221851497888565,,0.3933653235435486,,,,,,,,,,,,,,,,
18,15869,,0.015190934762358665,,0.0,,0.13957920670509338,,0.003752492368221283,,0.1998743712902069,,,0.14396452903747559,0.0035978658124804497,,0.002281092805787921,,0.15167155861854553,,0.012626223266124725,,0.0046308524906635284,,0.002652737544849515,,0.004211262334138155,,0.003752492368221283,,0.3441222012042999,,,,,,,,,,,,,,,,
18,15879,,0.018534421920776367,,0.0,,0.12873154878616333,,0.0027611572295427322,,0.20153972506523132,,,0.1530596762895584,0.003279865486547351,,0.004200262017548084,,0.15715870261192322,,0.011630671098828316,,0.005522225983440876,,0.0023911800235509872,,0.0036427206359803677,,0.0027611572295427322,,0.3480474054813385,,,,,,,,,,,,,,,,
18,15889,,0.0077211689203977585,,0.0,,0.12168049812316895,,0.0023714378476142883,,0.20034517347812653,,,0.14863260090351105,0.0019106743857264519,,0.0015863807639107108,,0.15158957242965698,,0.008860206231474876,,0.0037605485413223505,,0.002439318224787712,,0.0036614215932786465,,0.0023714378476142883,,0.3291102349758148,,,,,,,,,,,,,,,,
18,15899,,0.011908493936061859,,0.0,,0.13209684193134308,,0.007976297289133072,,0.20287415385246277,,,0.1576051265001297,0.0032733858097344637,,0.0017951189074665308,,0.15218843519687653,,0.019434219226241112,,0.00872863084077835,,0.0026454522740095854,,0.004323601257055998,,0.007976297289133072,,0.3545866310596466,,,,,,,,,,,,,,,,
18,15909,,0.01138838566839695,,0.0,,0.1276889592409134,,0.006108555011451244,,0.2017785906791687,,,0.14948861300945282,0.003630289575085044,,0.0025466359220445156,,0.15372514724731445,,0.007281038444489241,,0.0037386107724159956,,0.002449131803587079,,0.0038266738411039114,,0.006108555011451244,,0.33873865008354187,,,,,,,,,,,,,,,,
18,15919,,0.01296505331993103,,0.0,,0.11927270144224167,,0.03429725766181946,,0.20155006647109985,,,0.1399800032377243,0.006830393802374601,,0.002081702696159482,,0.15135683119297028,,0.013918651267886162,,0.009552769362926483,,0.00267443573102355,,0.004216662608087063,,0.03429725766181946,,0.3514566123485565,,,,,,,,,,,,,,,,
18,15929,,0.013869260437786579,,0.0,,0.12234579771757126,,0.004827042110264301,,0.20145733654499054,,,0.1611272245645523,0.0074274977669119835,,0.0028860054444521666,,0.15776409208774567,,0.010050676763057709,,0.00430300971493125,,0.0025939922779798508,,0.004122362472116947,,0.004827042110264301,,0.34844833612442017,,,,,,,,,,,,,,,,
18,15939,,0.02029128186404705,,0.0,,0.13218046724796295,,0.003133959136903286,,0.20152077078819275,,,0.14674122631549835,0.004332935903221369,,0.004095294512808323,,0.1546107679605484,,0.011760298162698746,,0.0043830787762999535,,0.002466092584654689,,0.0036915745586156845,,0.003133959136903286,,0.34644967317581177,,,,,,,,,,,,,,,,
18,15949,,0.015353847295045853,,0.0,,0.1305026113986969,,0.0038400357589125633,,0.20157915353775024,,,0.1386987715959549,0.006035022437572479,,0.0035327058285474777,,0.15240158140659332,,0.00870027206838131,,0.0036220457404851913,,0.0025293773505836725,,0.003819962963461876,,0.0038400357589125633,,0.33721768856048584,,,,,,,,,,,,,,,,
18,15959,,0.01225309818983078,,0.0,,0.14079169929027557,,0.004215460270643234,,0.2000315934419632,,,0.14917178452014923,0.004076723009347916,,0.001717291190288961,,0.1518092006444931,,0.007177633233368397,,0.003347608959302306,,0.0024108197540044785,,0.0037582453805953264,,0.004215460270643234,,0.3422597050666809,,,,,,,,,,,,,,,,
18,15969,,0.014550426043570042,,0.0,,0.11912443488836288,,0.0029933620244264603,,0.19998711347579956,,,0.14966148138046265,0.0028254706412553787,,0.0027157082222402096,,0.1553134024143219,,0.006840798072516918,,0.0030498155392706394,,0.0026414806488901377,,0.004008307587355375,,0.0029933620244264603,,0.33386003971099854,,,,,,,,,,,,,,,,
18,15979,,0.01300937868654728,,0.0,,0.11782626062631607,,0.0039045335724949837,,0.22145697474479675,,,0.14875879883766174,0.004933868534862995,,0.0029612332582473755,,0.15449072420597076,,0.007851295173168182,,0.0037656757049262524,,0.002485122298821807,,0.003934691660106182,,0.0039045335724949837,,0.3446565866470337,,,,,,,,,,,,,,,,
18,15989,,0.012986365705728531,,0.0,,0.11663356423377991,,0.004708184860646725,,0.1997738480567932,,,0.11951452493667603,0.00977239292114973,,0.002339207800105214,,0.14886155724525452,,0.009047077968716621,,0.004380546975880861,,0.002424584934487939,,0.004188050050288439,,0.004708184860646725,,0.31940898299217224,,,,,,,,,,,,,,,,
18,15999,,0.011362973600625992,,0.0,,0.14346539974212646,,0.002278348430991173,,0.20197629928588867,,,0.15388305485248566,0.004028244409710169,,0.001151203759945929,,0.1555199772119522,,0.009898349642753601,,0.003976823296397924,,0.0026075192727148533,,0.003857561619952321,,0.002278348430991173,,0.3489316701889038,,,,,,,,,,,,,,,,
18,16009,,0.012122218497097492,,0.0,,0.1263551115989685,,0.034061580896377563,,0.1996477246284485,,,0.1454140841960907,0.002639463637024164,,0.002480030059814453,,0.15446463227272034,,0.018686838448047638,,0.00960091408342123,,0.0028163697570562363,,0.004265679512172937,,0.034061580896377563,,0.35841014981269836,,,,,,,,,,,,,,,,
18,16019,,0.005760429427027702,,0.0,,0.1017332598567009,,0.004529360681772232,,0.20136886835098267,,,0.14769750833511353,0.0036317086778581142,,0.001218366902321577,,0.14327353239059448,,0.013319349847733974,,0.005202399101108313,,0.002665097126737237,,0.00394094455987215,,0.004529360681772232,,0.3191409111022949,,,,,,,,,,,,,,,,
18,16029,,0.014578569680452347,,0.0,,0.13288088142871857,,0.0030937641859054565,,0.1998184770345688,,,0.1476815789937973,0.00391529081389308,,0.00220666010864079,,0.14677971601486206,,0.010969623923301697,,0.00481035141274333,,0.002259776694700122,,0.0033426503650844097,,0.0030937641859054565,,0.3378400206565857,,,,,,,,,,,,,,,,
18,16039,,0.009948017075657845,,0.0,,0.1074552908539772,,0.004387584514915943,,0.19959476590156555,,,0.14816197752952576,0.0036642441991716623,,0.0020259360317140818,,0.15008443593978882,,0.00961696170270443,,0.004349900875240564,,0.0025397303979843855,,0.004059605300426483,,0.004387584514915943,,0.32497403025627136,,,,,,,,,,,,,,,,
18,16049,,0.009350134059786797,,0.0,,0.11940319836139679,,0.004527753219008446,,0.19988882541656494,,,0.14464397728443146,0.005252757575362921,,0.0017664253246039152,,0.1478205919265747,,0.009594839066267014,,0.0038998594973236322,,0.002626897534355521,,0.003927209414541721,,0.004527753219008446,,0.32831481099128723,,,,,,,,,,,,,,,,
18,16054,,,,,,,,,,,,,,,,,,,,,,,,,,,,,,,,0.06819794327020645,0.0,0.34806936979293823,0.22848403453826904,0.3070202171802521,0.1083064079284668,0.2237580567598343,0.035999733954668045,0.22884726524353027,0.4578295946121216,0.23093922436237335,0.004273939877748489,0.019449520856142044,0.22848403453826904,1.1403124332427979
18,16054,0.01168292947113514,,0.0,,0.12413660436868668,,0.00730037922039628,,0.20123521983623505,,0.007259214296936989,0.1492975503206253,,,0.0027779466472566128,,0.15205587446689606,,0.014225224032998085,,0.006165273487567902,,0.0026598041877150536,,0.004130213987082243,,0.00730037922039628,,0.343528151512146,,0.25348520278930664,,,,,,,,,,,,,,,
19,16059,,0.009425373747944832,,0.0,,0.10714405030012131,,0.003213045187294483,,0.1995622217655182,,,0.145987868309021,0.0034243976697325706,,0.001930750673636794,,0.15199896693229675,,0.010991096496582031,,0.004352571442723274,,0.002497550332918763,,0.003919575363397598,,0.003213045187294483,,0.32418352365493774,,,,,,,,,,,,,,,,
19,16069,,0.010730605572462082,,0.0,,0.11190566420555115,,0.0027125906199216843,,0.19930708408355713,,,0.14415913820266724,0.002377153607085347,,0.0021561060566455126,,0.15394186973571777,,0.006069310009479523,,0.0027198493480682373,,0.00254703126847744,,0.0038022457156330347,,0.0027125906199216843,,0.32311540842056274,,,,,,,,,,,,,,,,
19,16079,,0.006345652975142002,,0.0,,0.12037761509418488,,0.0038676634430885315,,0.19969896972179413,,,0.14059749245643616,0.00285719009116292,,0.0010447273962199688,,0.14892573654651642,,0.008624659851193428,,0.0038325292989611626,,0.002522137248888612,,0.0038429812993854284,,0.0038676634430885315,,0.3231901526451111,,,,,,,,,,,,,,,,
19,16089,,0.010631716810166836,,0.0,,0.15168845653533936,,0.0025567784905433655,,0.20206743478775024,,,0.15062543749809265,0.002571630058810115,,0.0015369264874607325,,0.1508868932723999,,0.007047271355986595,,0.0034167205449193716,,0.002420158823952079,,0.0037347383331507444,,0.0025567784905433655,,0.34645944833755493,,,,,,,,,,,,,,,,
19,16099,,0.011055611073970795,,0.0,,0.12200744450092316,,0.003253631293773651,,0.20065808296203613,,,0.14841148257255554,0.005194016266614199,,0.0015162600902840495,,0.15166892111301422,,0.013070191256701946,,0.004727423191070557,,0.0026136543601751328,,0.0039013123605400324,,0.003253631293773651,,0.33598965406417847,,,,,,,,,,,,,,,,
19,16109,,0.006904456298798323,,0.0,,0.09969640523195267,,0.003018139861524105,,0.19998234510421753,,,0.14113596081733704,0.005683224182575941,,0.0030716739129275084,,0.1437050700187683,,0.0076522198505699635,,0.00271791173145175,,0.0026878302451223135,,0.003803868079558015,,0.003018139861524105,,0.31193146109580994,,,,,,,,,,,,,,,,
19,16119,,0.014002477750182152,,0.0,,0.1226729303598404,,0.002734025940299034,,0.19967862963676453,,,0.1416439563035965,0.004587129689753056,,0.002106573199853301,,0.15435121953487396,,0.006239132955670357,,0.0029590658377856016,,0.0023521576076745987,,0.0033953809179365635,,0.002734025940299034,,0.3300590217113495,,,,,,,,,,,,,,,,
19,16129,,0.006797718815505505,,0.0,,0.10377733409404755,,0.0033429069444537163,,0.19948287308216095,,,0.14918266236782074,0.016664795577526093,,0.0023382105864584446,,0.1495053768157959,,0.009733432903885841,,0.004668649286031723,,0.0024368884041905403,,0.0036998139694333076,,0.0033429069444537163,,0.327665239572525,,,,,,,,,,,,,,,,
19,16139,,0.014116384088993073,,0.0,,0.12670445442199707,,0.0025810562074184418,,0.19971632957458496,,,0.15238986909389496,0.007962966337800026,,0.0027166418731212616,,0.15164676308631897,,0.009627154096961021,,0.004376655910164118,,0.002472599968314171,,0.003877122886478901,,0.0025810562074184418,,0.34103256464004517,,,,,,,,,,,,,,,,
19,16149,,0.009205512702465057,,0.0,,0.12401951849460602,,0.031813014298677444,,0.19941861927509308,,,0.1664968878030777,0.049539122730493546,,0.001656112028285861,,0.14767706394195557,,0.024019071832299232,,0.017570696771144867,,0.002619589678943157,,0.004108252469450235,,0.031813014298677444,,0.3911258280277252,,,,,,,,,,,,,,,,
19,16159,,0.00794820673763752,,0.0,,0.11466111242771149,,0.003976215608417988,,0.1996852457523346,,,0.14604860544204712,0.002883312525227666,,0.0012273883912712336,,0.14962434768676758,,0.009471128694713116,,0.004130558110773563,,0.002429940504953265,,0.0038161929696798325,,0.003976215608417988,,0.3248592019081116,,,,,,,,,,,,,,,,
19,16169,,0.011439092457294464,,0.0,,0.12924087047576904,,0.004748739302158356,,0.19956661760807037,,,0.14551933109760284,0.002603150438517332,,0.0026075802743434906,,0.15209001302719116,,0.013045737519860268,,0.005604900885373354,,0.002618418773636222,,0.004117337521165609,,0.004748739302158356,,0.3386595845222473,,,,,,,,,,,,,,,,
19,16179,,0.010993561707437038,,0.0,,0.1090451329946518,,0.0037997281178832054,,0.1995321363210678,,,0.14645041525363922,0.0034155116882175207,,0.0024800465907901525,,0.15973536670207977,,0.014748899266123772,,0.005211935844272375,,0.002796754939481616,,0.004183344077318907,,0.0037997281178832054,,0.33328813314437866,,,,,,,,,,,,,,,,
19,16189,,0.011324692517518997,,0.0,,0.11833324283361435,,0.0031764861196279526,,0.1996547281742096,,,0.14111194014549255,0.004826589487493038,,0.0014881936367601156,,0.150966614484787,,0.007510486990213394,,0.002770249033346772,,0.002595817670226097,,0.003776050638407469,,0.0031764861196279526,,0.32565557956695557,,,,,,,,,,,,,,,,
19,16199,,0.006873650476336479,,0.0,,0.10675138980150223,,0.00299067422747612,,0.199668750166893,,,0.1518733650445938,0.0022557792253792286,,0.0011969946790486574,,0.15262389183044434,,0.0043126000091433525,,0.001985523384064436,,0.002398921875283122,,0.0033114575780928135,,0.00299067422747612,,0.3197771906852722,,,,,,,,,,,,,,,,
19,16209,,0.013910757377743721,,0.0,,0.12319765985012054,,0.0026533622294664383,,0.20030026137828827,,,0.15248054265975952,0.0030108767095953226,,0.001629880629479885,,0.15551812946796417,,0.008107420057058334,,0.002915691351518035,,0.0025477546732872725,,0.003635761793702841,,0.0026533622294664383,,0.3367719352245331,,,,,,,,,,,,,,,,
19,16219,,0.011214831843972206,,0.0,,0.1289898008108139,,0.004167736507952213,,0.20020149648189545,,,0.15110865235328674,0.002662915736436844,,0.002192850224673748,,0.15036043524742126,,0.009783660992980003,,0.0037527421955019236,,0.002486330224201083,,0.0038019646890461445,,0.004167736507952213,,0.33726271986961365,,,,,,,,,,,,,,,,
19,16229,,0.011603999882936478,,0.0,,0.12249448895454407,,0.0022156741470098495,,0.2028517723083496,,,0.14096109569072723,0.00236214860342443,,0.00278206798247993,,0.15449011325836182,,0.005102179013192654,,0.0022710668854415417,,0.002530584577471018,,0.0035992807243019342,,0.0022156741470098495,,0.3284318745136261,,,,,,,,,,,,,,,,
19,16239,,0.012676023878157139,,0.0,,0.11876191943883896,,0.006244352087378502,,0.19986659288406372,,,0.1453162133693695,0.0020358795300126076,,0.0027438951656222343,,0.15039220452308655,,0.01147711742669344,,0.005601884331554174,,0.002472133608534932,,0.0035750435199588537,,0.006244352087378502,,0.3323691785335541,,,,,,,,,,,,,,,,
19,16249,,0.00713034812361002,,0.0,,0.11987689137458801,,0.0029676752164959908,,0.1994118094444275,,,0.13948693871498108,0.005854540970176458,,0.0018387725576758385,,0.1524169147014618,,0.01085415855050087,,0.005056692287325859,,0.0025568106211721897,,0.003866108600050211,,0.0029676752164959908,,0.3275918960571289,,,,,,,,,,,,,,,,
19,16259,,0.008902925997972488,,0.0,,0.11525951325893402,,0.0032654916867613792,,0.19974341988563538,,,0.14143675565719604,0.001937919994816184,,0.0013598669320344925,,0.1508074700832367,,0.008364913053810596,,0.003206009976565838,,0.0027634522411972284,,0.004024868831038475,,0.0032654916867613792,,0.3225487470626831,,,,,,,,,,,,,,,,
19,16269,,0.009725216776132584,,0.0,,0.12079592794179916,,0.002487320452928543,,0.19932837784290314,,,0.15191511809825897,0.007249119225889444,,0.0020251800306141376,,0.1528359055519104,,0.007090982981026173,,0.003057625377550721,,0.002588943811133504,,0.0038016210310161114,,0.002487320452928543,,0.3333514630794525,,,,,,,,,,,,,,,,
19,16279,,0.01621556654572487,,0.0,,0.14292487502098083,,0.0024323035031557083,,0.20050108432769775,,,0.1458979696035385,0.0022308295592665672,,0.002436487004160881,,0.15306732058525085,,0.006068800576031208,,0.0023839122150093317,,0.002767839701846242,,0.0038985535502433777,,0.0024323035031557083,,0.34236204624176025,,,,,,,,,,,,,,,,
19,16289,,0.012771419249475002,,0.0,,0.12575125694274902,,0.002407400868833065,,0.20043335855007172,,,0.15178103744983673,0.00422115670517087,,0.003718877909705043,,0.15148581564426422,,0.006587485782802105,,0.0029204608872532845,,0.002455603564158082,,0.0036335038021206856,,0.002407400868833065,,0.3359004259109497,,,,,,,,,,,,,,,,
19,16299,,0.013868379406630993,,0.0,,0.12182525545358658,,0.0030847033485770226,,0.20124202966690063,,,0.146682009100914,0.005203219596296549,,0.0024200230836868286,,0.14851465821266174,,0.007399128284305334,,0.0033376915380358696,,0.002494405023753643,,0.0037717658560723066,,0.0030847033485770226,,0.3318074941635132,,,,,,,,,,,,,,,,
19,16309,,0.010043570771813393,,0.0,,0.1016407459974289,,0.002454417757689953,,0.19916599988937378,,,0.1550046056509018,0.0033836395014077425,,0.0014656077837571502,,0.15200693905353546,,0.005589052103459835,,0.002373330993577838,,0.0025592714082449675,,0.003649479942396283,,0.002454417757689953,,0.3214930593967438,,,,,,,,,,,,,,,,
19,16319,,0.015417605638504028,,0.0,,0.1328122317790985,,0.0027609989047050476,,0.19923394918441772,,,0.15400967001914978,0.004918798804283142,,0.0031074504368007183,,0.1551440805196762,,0.00559845007956028,,0.002282799454405904,,0.002467153826728463,,0.003524837549775839,,0.0027609989047050476,,0.3424014151096344,,,,,,,,,,,,,,,,
19,16329,,0.008963840082287788,,0.0,,0.13095970451831818,,0.0029070815071463585,,0.20002584159374237,,,0.14369870722293854,0.0018087660428136587,,0.0022968831472098827,,0.14670267701148987,,0.005865735933184624,,0.00235951691865921,,0.0024377983063459396,,0.003497262252494693,,0.0029070815071463585,,0.3275105655193329,,,,,,,,,,,,,,,,
19,16339,,0.008299293927848339,,0.0,,0.11561989039182663,,0.002984665334224701,,0.19947227835655212,,,0.1451455056667328,0.0019645814318209887,,0.001233148155733943,,0.15045444667339325,,0.007961444556713104,,0.0034641618840396404,,0.002438945695757866,,0.003710206365212798,,0.002984665334224701,,0.3232294023036957,,,,,,,,,,,,,,,,
19,16349,,0.012160750105977058,,0.0,,0.11787774413824081,,0.0032233623787760735,,0.2014063000679016,,,0.14704495668411255,0.005672608967870474,,0.0033280816860497,,0.14934822916984558,,0.00921669788658619,,0.0033867391757667065,,0.0026930987369269133,,0.003943295683711767,,0.0032233623787760735,,0.3316226005554199,,,,,,,,,,,,,,,,
19,16359,,0.010672387667000294,,0.0,,0.11198580265045166,,0.0023860028013587,,0.20054781436920166,,,0.14784851670265198,0.002410570392385125,,0.0025742053985595703,,0.148397296667099,,0.005972840823233128,,0.002527380594983697,,0.0025058374740183353,,0.0035378756001591682,,0.0023860028013587,,0.322452187538147,,,,,,,,,,,,,,,,
19,16369,,0.011722477152943611,,0.0,,0.11595785617828369,,0.0017838766798377037,,0.199424609541893,,,0.14716924726963043,0.002747911959886551,,0.002105959691107273,,0.15412232279777527,,0.005406494252383709,,0.0020918617956340313,,0.0024681708309799433,,0.0033490972127765417,,0.0017838766798377037,,0.3258495032787323,,,,,,,,,,,,,,,,
19,16379,,0.008311515673995018,,0.0,,0.11844677478075027,,0.005205726251006126,,0.20128357410430908,,,0.14609140157699585,0.0033048801124095917,,0.001256440533325076,,0.14653098583221436,,0.011299634352326393,,0.005399399437010288,,0.0024065752513706684,,0.003905028570443392,,0.005205726251006126,,0.32867348194122314,,,,,,,,,,,,,,,,
19,16389,,0.010363854467868805,,0.0,,0.1173858642578125,,0.003923156298696995,,0.2014288455247879,,,0.15168596804141998,0.0023743901401758194,,0.0011095234658569098,,0.14571546018123627,,0.010843110270798206,,0.004573708400130272,,0.0026574970688670874,,0.0041707297787070274,,0.003923156298696995,,0.3302013576030731,,,,,,,,,,,,,,,,
19,16399,,0.011083192192018032,,0.0,,0.12849938869476318,,0.003432018682360649,,0.2018691599369049,,,0.14341050386428833,0.005717211868613958,,0.002510125283151865,,0.1504305899143219,,0.009474984370172024,,0.003908233251422644,,0.0025971862487494946,,0.0041308412328362465,,0.003432018682360649,,0.33559712767601013,,,,,,,,,,,,,,,,
19,16409,,0.00971266906708479,,0.0,,0.11311342567205429,,0.0025965869426727295,,0.19962972402572632,,,0.14772404730319977,0.003222106955945492,,0.001930066617205739,,0.15682214498519897,,0.005004377104341984,,0.0023630044888705015,,0.002397790551185608,,0.003457795362919569,,0.0025965869426727295,,0.3257157802581787,,,,,,,,,,,,,,,,
19,16419,,0.009526446461677551,,0.0,,0.10989394783973694,,0.03315134346485138,,0.19971778988838196,,,0.14973852038383484,0.0017219188157469034,,0.0026153801009058952,,0.15191085636615753,,0.013326242566108704,,0.009153821505606174,,0.002868272364139557,,0.004332197364419699,,0.03315134346485138,,0.3461444675922394,,,,,,,,,,,,,,,,
19,16429,,0.01048699114471674,,0.0,,0.11373567581176758,,0.0027744434773921967,,0.2003362625837326,,,0.14761726558208466,0.0034352904185652733,,0.0013727303594350815,,0.15159857273101807,,0.007230796851217747,,0.002813932253047824,,0.0023316603619605303,,0.003503099549561739,,0.0027744434773921967,,0.3253699541091919,,,,,,,,,,,,,,,,
19,16439,,0.006605122238397598,,0.0,,0.11768469214439392,,0.003307996317744255,,0.19967353343963623,,,0.15118375420570374,0.002388254040852189,,0.0017316523008048534,,0.1498667597770691,,0.00791542325168848,,0.0032092288602143526,,0.0025945703964680433,,0.003993638791143894,,0.003307996317744255,,0.3270741403102875,,,,,,,,,,,,,,,,
19,16449,,0.013963017612695694,,0.0,,0.11812475323677063,,0.007219386287033558,,0.20105549693107605,,,0.14735689759254456,0.0024859877303242683,,0.0021214671432971954,,0.1523008644580841,,0.00991985946893692,,0.004861496388912201,,0.0025862976908683777,,0.004175251349806786,,0.007219386287033558,,0.33517301082611084,,,,,,,,,,,,,,,,
19,16459,,0.015056905336678028,,0.0,,0.13341939449310303,,0.00369854923337698,,0.19971247017383575,,,0.14713163673877716,0.006663048639893532,,0.00459205312654376,,0.15593618154525757,,0.019339734688401222,,0.006780358497053385,,0.0024811362382024527,,0.003679606830701232,,0.00369854923337698,,0.351085364818573,,,,,,,,,,,,,,,,
19,16469,,0.013102511875331402,,0.0,,0.11728067696094513,,0.00285898894071579,,0.1994812935590744,,,0.14773979783058167,0.007044821046292782,,0.0034225534182041883,,0.15013927221298218,,0.008847372606396675,,0.0035136397927999496,,0.0024411047343164682,,0.003572918474674225,,0.00285898894071579,,0.33150890469551086,,,,,,,,,,,,,,,,
19,16479,,0.01640086993575096,,0.0,,0.12987112998962402,,0.004770142026245594,,0.20319469273090363,,,0.15001557767391205,0.0024389789905399084,,0.002616391284391284,,0.14958792924880981,,0.007985660806298256,,0.003712618490681052,,0.0024965673219412565,,0.003759192768484354,,0.004770142026245594,,0.3403044641017914,,,,,,,,,,,,,,,,
19,16489,,0.016313165426254272,,0.0,,0.13851407170295715,,0.03283926472067833,,0.19981078803539276,,,0.149125337600708,0.009670279920101166,,0.0023827014956623316,,0.15646539628505707,,0.02778490073978901,,0.012769815512001514,,0.0025878509040921926,,0.0043619554489851,,0.03283926472067833,,0.3784937262535095,,,,,,,,,,,,,,,,
19,16499,,0.011518996208906174,,0.0,,0.1154450923204422,,0.003118288703262806,,0.20056763291358948,,,0.14047014713287354,0.006791345309466124,,0.0016142319655045867,,0.1520409733057022,,0.010504613630473614,,0.004199240356683731,,0.002674671821296215,,0.004026102367788553,,0.003118288703262806,,0.3284987509250641,,,,,,,,,,,,,,,,
19,16509,,0.01708044297993183,,0.0,,0.13393718004226685,,0.005055243149399757,,0.19982612133026123,,,0.12949034571647644,0.003182500135153532,,0.00338162574917078,,0.1503046154975891,,0.011782331392168999,,0.004887292627245188,,0.002601573010906577,,0.0041704862378537655,,0.005055243149399757,,0.33493509888648987,,,,,,,,,,,,,,,,
19,16519,,0.007607025094330311,,0.0,,0.13059785962104797,,0.033362653106451035,,0.20202231407165527,,,0.15799489617347717,0.013809746131300926,,0.0015636906027793884,,0.15306028723716736,,0.0729602798819542,,0.03320128843188286,,0.0028798130806535482,,0.004809248261153698,,0.033362653106451035,,0.40933912992477417,,,,,,,,,,,,,,,,
19,16529,,0.006698820739984512,,0.0,,0.11364620923995972,,0.0043738773092627525,,0.20951727032661438,,,0.14890727400779724,0.003697640262544155,,0.0016172397881746292,,0.14855657517910004,,0.010714946314692497,,0.004376278258860111,,0.0024678176268935204,,0.003865460166707635,,0.0043738773092627525,,0.33115243911743164,,,,,,,,,,,,,,,,
19,16539,,0.01490932609885931,,0.0,,0.13791188597679138,,0.005646109580993652,,0.19940350949764252,,,0.14843285083770752,0.0041646272875368595,,0.0029785584192723036,,0.15612547099590302,,0.010200847871601582,,0.0038372701965272427,,0.002548387972638011,,0.0037170532159507275,,0.005646109580993652,,0.34679651260375977,,,,,,,,,,,,,,,,
19,16549,,0.01005486398935318,,0.0,,0.12739767134189606,,0.0035833800211548805,,0.20083975791931152,,,0.15355655550956726,0.004455172922462225,,0.0031346462201327085,,0.15105177462100983,,0.010007936507463455,,0.00441963504999876,,0.0026200758293271065,,0.0039746118709445,,0.0035833800211548805,,0.33953535556793213,,,,,,,,,,,,,,,,
19,16559,,0.008914616890251637,,0.0,,0.11938169598579407,,0.0028952080756425858,,0.2005736380815506,,,0.1305035501718521,0.006621582433581352,,0.0035116549115628004,,0.1523474156856537,,0.008367011323571205,,0.003524976782500744,,0.002489919774234295,,0.003913728054612875,,0.0028952080756425858,,0.3234793543815613,,,,,,,,,,,,,,,,
19,16569,,0.014489924535155296,,0.0,,0.13342176377773285,,0.003040713258087635,,0.20208024978637695,,,0.1412854790687561,0.003240372287109494,,0.002422718796879053,,0.1554451733827591,,0.007918539457023144,,0.003369782352820039,,0.002427429426461458,,0.003732641227543354,,0.003040713258087635,,0.33830371499061584,,,,,,,,,,,,,,,,
19,16579,,0.012502526864409447,,0.0,,0.1113431453704834,,0.0023987777531147003,,0.2042258232831955,,,0.13979414105415344,0.001303458702750504,,0.0031446467619389296,,0.14558261632919312,,0.0054868292063474655,,0.0024435354862362146,,0.0024165245704352856,,0.0034418764989823103,,0.0023987777531147003,,0.3187629282474518,,,,,,,,,,,,,,,,
19,16589,,0.012678340077400208,,0.0,,0.1062985360622406,,0.003109266050159931,,0.20040857791900635,,,0.1503681242465973,0.0021095206029713154,,0.00324111245572567,,0.15039926767349243,,0.007554193958640099,,0.003201613435521722,,0.002423251746222377,,0.0037439188454300165,,0.003109266050159931,,0.32463979721069336,,,,,,,,,,,,,,,,
19,16599,,0.012585299089550972,,0.0,,0.1286740005016327,,0.0038145864382386208,,0.20734834671020508,,,0.14670048654079437,0.021017929539084435,,0.0018354071071371436,,0.15112480521202087,,0.01794487237930298,,0.008612943813204765,,0.002728961408138275,,0.004179621115326881,,0.0038145864382386208,,0.35537344217300415,,,,,,,,,,,,,,,,
19,16609,,0.0061164237558841705,,0.0,,0.10786944627761841,,0.0036327987909317017,,0.20008540153503418,,,0.1429860144853592,0.005315894261002541,,0.0014940721448510885,,0.14802858233451843,,0.008030866272747517,,0.003365044482052326,,0.002544774441048503,,0.0038818882312625647,,0.0036327987909317017,,0.3186165690422058,,,,,,,,,,,,,,,,
19,16619,,0.013387111946940422,,0.0,,0.12496016919612885,,0.003905191086232662,,0.20371204614639282,,,0.15343423187732697,0.004068206530064344,,0.002270131604745984,,0.15038105845451355,,0.008277356624603271,,0.0038249108474701643,,0.0025603764224797487,,0.003914397209882736,,0.003905191086232662,,0.33930474519729614,,,,,,,,,,,,,,,,
19,16629,,0.010366507805883884,,0.0,,0.11627569794654846,,0.0026511214673519135,,0.1997423768043518,,,0.14873705804347992,0.0027141186874359846,,0.0021100868470966816,,0.15233805775642395,,0.007460984401404858,,0.003090871265158057,,0.002682216465473175,,0.0038453941233456135,,0.0026511214673519135,,0.32792994379997253,,,,,,,,,,,,,,,,
19,16639,,0.0163259319961071,,0.0,,0.1319759488105774,,0.003310561180114746,,0.1992092728614807,,,0.15132904052734375,0.0023477161303162575,,0.003122285008430481,,0.15148678421974182,,0.00892072543501854,,0.0041769081726670265,,0.002548383781686425,,0.004056115634739399,,0.003310561180114746,,0.3414328992366791,,,,,,,,,,,,,,,,
19,16649,,0.011116817593574524,,0.0,,0.13574323058128357,,0.003564528189599514,,0.19994640350341797,,,0.15222498774528503,0.004942703992128372,,0.0016411484684795141,,0.14950884878635406,,0.005959337577223778,,0.0028806449845433235,,0.0025236280634999275,,0.0038208547048270702,,0.003564528189599514,,0.33884698152542114,,,,,,,,,,,,,,,,
19,16659,,0.013464774936437607,,0.0,,0.12035808712244034,,0.0038267923519015312,,0.19987373054027557,,,0.14671562612056732,0.005315558519214392,,0.002465567085891962,,0.15301348268985748,,0.008346252143383026,,0.0034124741796404123,,0.002734130946919322,,0.004216209053993225,,0.0038267923519015312,,0.33397945761680603,,,,,,,,,,,,,,,,
19,16669,,0.013335015624761581,,0.0,,0.12008689343929291,,0.0022903690114617348,,0.21151617169380188,,,0.15044204890727997,0.0032642448786646128,,0.002580386120826006,,0.14708222448825836,,0.006692342460155487,,0.0026697064749896526,,0.0025637319777160883,,0.003612369764596224,,0.0022903690114617348,,0.33487391471862793,,,,,,,,,,,,,,,,
19,16679,,0.010050622746348381,,0.0,,0.12068047374486923,,0.0040430836379528046,,0.1993982344865799,,,0.15261460840702057,0.0064938925206661224,,0.0023413714952766895,,0.1492602676153183,,0.007869480177760124,,0.003355085151270032,,0.0025811167433857918,,0.003913006745278835,,0.0040430836379528046,,0.33325710892677307,,,,,,,,,,,,,,,,
19,16689,,0.009046263992786407,,0.0,,0.10193569213151932,,0.005892554298043251,,0.20085717737674713,,,0.1450948417186737,0.004107051994651556,,0.0018672801088541746,,0.15113070607185364,,0.011239065788686275,,0.00425774184986949,,0.0026171363424509764,,0.0041128359735012054,,0.005892554298043251,,0.3231355845928192,,,,,,,,,,,,,,,,
19,16699,,0.007823986932635307,,0.0,,0.09493084251880646,,0.0026275767013430595,,0.2013183832168579,,,0.15723638236522675,0.0030817596707493067,,0.0018680626526474953,,0.1471123844385147,,0.006422576494514942,,0.0028668607119470835,,0.002486866433173418,,0.003640921553596854,,0.0026275767013430595,,0.31752878427505493,,,,,,,,,,,,,,,,
19,16709,,0.012716839089989662,,0.0,,0.11328350007534027,,0.0022134138271212578,,0.19930723309516907,,,0.1483689397573471,0.002990207402035594,,0.003071271348744631,,0.14920523762702942,,0.006670611910521984,,0.002458806848153472,,0.002614785684272647,,0.003597372444346547,,0.0022134138271212578,,0.3250477910041809,,,,,,,,,,,,,,,,
19,16719,,0.0166927557438612,,0.0,,0.12557484209537506,,0.0028709806501865387,,0.19914735853672028,,,0.1401011347770691,0.006390607450157404,,0.0056652589701116085,,0.1533755660057068,,0.006647345144301653,,0.002975142328068614,,0.002470378763973713,,0.0036557959392666817,,0.0028709806501865387,,0.3346114754676819,,,,,,,,,,,,,,,,
19,16729,,0.011405769735574722,,0.0,,0.12601998448371887,,0.03226536512374878,,0.20041018724441528,,,0.1469390094280243,0.00386048574000597,,0.002782026771456003,,0.15094152092933655,,0.03560633957386017,,0.011396419256925583,,0.0034799049608409405,,0.00510445237159729,,0.03226536512374878,,0.36765792965888977,,,,,,,,,,,,,,,,
19,16739,,0.010802622884511948,,0.0,,0.13680428266525269,,0.004661147482693195,,0.20374354720115662,,,0.15897265076637268,0.003864557947963476,,0.0011659885058179498,,0.14555394649505615,,0.01233399473130703,,0.004119569435715675,,0.0026236497797071934,,0.0038217001128941774,,0.004661147482693195,,0.34614473581314087,,,,,,,,,,,,,,,,
19,16749,,0.008849935606122017,,0.0,,0.1065647155046463,,0.0034912796691060066,,0.20008911192417145,,,0.1509433090686798,0.005982355214655399,,0.002253694226965308,,0.14619888365268707,,0.012268856167793274,,0.004978314973413944,,0.0026518150698393583,,0.00430045323446393,,0.0034912796691060066,,0.3264365792274475,,,,,,,,,,,,,,,,
19,16759,,0.013538887724280357,,0.0,,0.1280055195093155,,0.0030840300023555756,,0.19943121075630188,,,0.13573038578033447,0.0033405632711946964,,0.0026413272134959698,,0.15430983901023865,,0.007899396121501923,,0.0034467256627976894,,0.002651497256010771,,0.004079730715602636,,0.0030840300023555756,,0.3311194181442261,,,,,,,,,,,,,,,,
19,16769,,0.01005216222256422,,0.0,,0.10837925225496292,,0.0028620343655347824,,0.199468731880188,,,0.14881198108196259,0.0045365868136286736,,0.002143682911992073,,0.15319402515888214,,0.005602661520242691,,0.0019860833417624235,,0.002627519890666008,,0.003506178269162774,,0.0028620343655347824,,0.3233385384082794,,,,,,,,,,,,,,,,
19,16779,,0.016350913792848587,,0.0,,0.14734727144241333,,0.002393747679889202,,0.20097512006759644,,,0.14815743267536163,0.002253784565255046,,0.002941297134384513,,0.15403831005096436,,0.010650040581822395,,0.0028815430123358965,,0.002569556934759021,,0.003679494373500347,,0.002393747679889202,,0.3489589989185333,,,,,,,,,,,,,,,,
19,16789,,0.011973649263381958,,0.0,,0.12898725271224976,,0.002596854232251644,,0.2006358504295349,,,0.14323890209197998,0.002480402123183012,,0.00294954190030694,,0.1523144543170929,,0.0052137235179543495,,0.002279778942465782,,0.0024380292743444443,,0.003455117344856262,,0.002596854232251644,,0.33100929856300354,,,,,,,,,,,,,,,,
19,16799,,0.018087245523929596,,0.0,,0.11663354188203812,,0.003357107751071453,,0.20151221752166748,,,0.15103767812252045,0.0017455476336181164,,0.004070649389177561,,0.15980306267738342,,0.00841877143830061,,0.003966730087995529,,0.002325266832485795,,0.0038965039420872927,,0.003357107751071453,,0.33937543630599976,,,,,,,,,,,,,,,,
19,16809,,0.006408626213669777,,0.0,,0.11000360548496246,,0.0023687873035669327,,0.1996808797121048,,,0.14292418956756592,0.005041607655584812,,0.003840319812297821,,0.14612740278244019,,0.012467527762055397,,0.002728333929553628,,0.0025353743694722652,,0.0035681764129549265,,0.0023687873035669327,,0.3206315040588379,,,,,,,,,,,,,,,,
19,16819,,0.012516616843640804,,0.0,,0.11373686790466309,,0.002778325229883194,,0.20053598284721375,,,0.14989222586154938,0.00872519426047802,,0.004278190433979034,,0.14932781457901,,0.014397609047591686,,0.004335841163992882,,0.0030210097320377827,,0.004191773012280464,,0.002778325229883194,,0.3359646201133728,,,,,,,,,,,,,,,,
19,16829,,0.01428678072988987,,0.0,,0.1299348920583725,,0.03386739641427994,,0.20338207483291626,,,0.15232735872268677,0.006504414137452841,,0.005320942960679531,,0.155813530087471,,0.010266175493597984,,0.008813323453068733,,0.0024924972094595432,,0.004117902368307114,,0.03386739641427994,,0.3656226098537445,,,,,,,,,,,,,,,,
19,16839,,0.015818122774362564,,0.0,,0.13419109582901,,0.004892876371741295,,0.19959135353565216,,,0.14196550846099854,0.003308270825073123,,0.0025891317054629326,,0.15264753997325897,,0.01310184970498085,,0.005347476340830326,,0.0026035031769424677,,0.004369815345853567,,0.004892876371741295,,0.3423982262611389,,,,,,,,,,,,,,,,
19,16849,,0.0060449205338954926,,0.0,,0.09852935373783112,,0.0022018738090991974,,0.1997961699962616,,,0.15001948177814484,0.004063715226948261,,0.0020187951158732176,,0.15071426331996918,,0.006526261102408171,,0.0026457118801772594,,0.0024621887132525444,,0.003522824728861451,,0.0022018738090991974,,0.316034197807312,,,,,,,,,,,,,,,,
19,16859,,0.012493862770497799,,0.0,,0.11516005545854568,,0.0022242972627282143,,0.19932764768600464,,,0.15348298847675323,0.00801973044872284,,0.004984172992408276,,0.14762607216835022,,0.007082199677824974,,0.0025908201932907104,,0.0025782836601138115,,0.003549274755641818,,0.0022242972627282143,,0.33133432269096375,,,,,,,,,,,,,,,,
19,16869,,0.009689916856586933,,0.0,,0.11783184856176376,,0.0021701306104660034,,0.1998235434293747,,,0.14495156705379486,0.004524657502770424,,0.0012603907380253077,,0.15408354997634888,,0.00875549390912056,,0.004192626103758812,,0.0023670673836022615,,0.0034310598857700825,,0.0021701306104660034,,0.3282564878463745,,,,,,,,,,,,,,,,
19,16879,,0.011235149577260017,,0.0,,0.12397365272045135,,0.0018552448600530624,,0.19911757111549377,,,0.15024809539318085,0.0016688945470377803,,0.0023210151121020317,,0.15038320422172546,,0.007070228457450867,,0.00297986576333642,,0.0025307857431471348,,0.003712137695401907,,0.0018552448600530624,,0.33040401339530945,,,,,,,,,,,,,,,,
19,16889,,0.012556183151900768,,0.0,,0.12869665026664734,,0.0032416749745607376,,0.19918020069599152,,,0.13914723694324493,0.006122948136180639,,0.0020216545090079308,,0.1452001929283142,,0.006892341189086437,,0.002899526385590434,,0.0025686975568532944,,0.003749347757548094,,0.0032416749745607376,,0.32801300287246704,,,,,,,,,,,,,,,,
19,16899,,0.015086306259036064,,0.0,,0.11438509076833725,,0.0029695462435483932,,0.19949044287204742,,,0.1454050987958908,0.003165480913594365,,0.0028612117748707533,,0.1531641185283661,,0.007750800810754299,,0.003445007372647524,,0.002319165738299489,,0.003459214000031352,,0.0029695462435483932,,0.3284803628921509,,,,,,,,,,,,,,,,
19,16899,,,,,,,,,,,,,,,,,,,,,,,,,,,,,,,,0.07017824053764343,0.0,0.3393958806991577,0.2174946516752243,0.31304001808166504,0.08746245503425598,0.2203696370124817,0.03700191155076027,0.23032820224761963,0.45488637685775757,0.22430650889873505,0.004491413477808237,0.01931646093726158,0.2174946516752243,1.118794322013855
19,16899,0.011248485185205936,,0.0,,0.11999540776014328,,0.0057412851601839066,,0.20095841586589813,,0.005664206575602293,0.14716193079948425,,,0.002524313284084201,,0.15101617574691772,,0.01085954811424017,,0.004817978013306856,,0.0025864497292786837,,0.003906721249222755,,0.0057412851601839066,,0.33519378304481506,,0.2535308301448822,,,,,,,,,,,,,,,
20,16909,,0.008078365586698055,,0.0,,0.10509194433689117,,0.0033426089212298393,,0.19942867755889893,,,0.1461692452430725,0.0013377091381698847,,0.0028388272039592266,,0.14821729063987732,,0.009125156328082085,,0.0038891418371349573,,0.0025467665400356054,,0.0039001565892249346,,0.0033426089212298393,,0.31893306970596313,,,,,,,,,,,,,,,,
20,16919,,0.011875106021761894,,0.0,,0.1366828978061676,,0.0027268240228295326,,0.1992970108985901,,,0.14527150988578796,0.004112211987376213,,0.0023055365309119225,,0.1520036906003952,,0.006934131029993296,,0.0027305171824991703,,0.0025969883427023888,,0.0038785298820585012,,0.0027268240228295326,,0.33714666962623596,,,,,,,,,,,,,,,,
20,16929,,0.010828252881765366,,0.0,,0.09877180308103561,,0.002848047763109207,,0.1993783712387085,,,0.15361343324184418,0.002470047678798437,,0.0023754884023219347,,0.1512848138809204,,0.00868147797882557,,0.003759059589356184,,0.0024241965729743242,,0.0036102423910051584,,0.002848047763109207,,0.32182776927948,,,,,,,,,,,,,,,,
20,16939,,0.010622739791870117,,0.0,,0.10914859920740128,,0.0328720286488533,,0.19926750659942627,,,0.15091371536254883,0.005763146560639143,,0.0027530842926353216,,0.15440547466278076,,0.009672272019088268,,0.008742847479879856,,0.002672370756044984,,0.0040646507404744625,,0.0328720286488533,,0.34748154878616333,,,,,,,,,,,,,,,,
20,16949,,0.007882455363869667,,0.0,,0.10905950516462326,,0.0029903175309300423,,0.19949020445346832,,,0.14952655136585236,0.004193554166704416,,0.0012912803795188665,,0.1483953893184662,,0.006077468395233154,,0.002544148126617074,,0.0025021019391715527,,0.0036594232078641653,,0.0029903175309300423,,0.3206358850002289,,,,,,,,,,,,,,,,
20,16959,,0.008519943803548813,,0.0,,0.1138623058795929,,0.0023563336580991745,,0.20007777214050293,,,0.14517591893672943,0.004590971861034632,,0.003560531884431839,,0.14949291944503784,,0.008562329225242138,,0.003420009510591626,,0.0025977131444960833,,0.003846054896712303,,0.0023563336580991745,,0.32495439052581787,,,,,,,,,,,,,,,,
20,16969,,0.008228955790400505,,0.0,,0.10488780587911606,,0.0033131884410977364,,0.20050054788589478,,,0.138141468167305,0.003548033768311143,,0.0015753880143165588,,0.14418205618858337,,0.0059280795976519585,,0.002622505882754922,,0.0024375838693231344,,0.00357868243008852,,0.0033131884410977364,,0.31126150488853455,,,,,,,,,,,,,,,,
20,16979,,0.0109917763620615,,0.0,,0.10480114817619324,,0.004020895808935165,,0.19938014447689056,,,0.1480851173400879,0.002199356211349368,,0.0029101890977472067,,0.14688026905059814,,0.012069705873727798,,0.005108564626425505,,0.002509909216314554,,0.003916861489415169,,0.004020895808935165,,0.32339537143707275,,,,,,,,,,,,,,,,
20,16989,,0.007584383245557547,,0.0,,0.11478230357170105,,0.030054621398448944,,0.19984598457813263,,,0.1445184350013733,0.003939058631658554,,0.0015926994383335114,,0.15537871420383453,,0.014144573360681534,,0.010577999986708164,,0.002778829773887992,,0.0039253621362149715,,0.030054621398448944,,0.3465241491794586,,,,,,,,,,,,,,,,
20,16999,,0.014040686190128326,,0.0,,0.12054192274808884,,0.0024342378601431847,,0.20344048738479614,,,0.15443311631679535,0.003995013423264027,,0.0021318322978913784,,0.15059487521648407,,0.016095615923404694,,0.006314542610198259,,0.0025210578460246325,,0.0036708347033709288,,0.0024342378601431847,,0.3419424891471863,,,,,,,,,,,,,,,,
20,17009,,0.014421149156987667,,0.0,,0.13404534757137299,,0.03326372057199478,,0.2023039609193802,,,0.1532547026872635,0.019052550196647644,,0.0036879999097436666,,0.15407884120941162,,0.043830618262290955,,0.02484690211713314,,0.003706738818436861,,0.005332146771252155,,0.03326372057199478,,0.398578405380249,,,,,,,,,,,,,,,,
20,17019,,0.006045202724635601,,0.0,,0.10803718864917755,,0.003015328198671341,,0.19937510788440704,,,0.1559602916240692,0.006732291541993618,,0.0015092738904058933,,0.15441495180130005,,0.038396578282117844,,0.014845685102045536,,0.002781565999612212,,0.0046999952755868435,,0.003015328198671341,,0.3502567410469055,,,,,,,,,,,,,,,,
20,17029,,0.008441982790827751,,0.0,,0.116262286901474,,0.003339226357638836,,0.19988104701042175,,,0.1443612426519394,0.009123146533966064,,0.0025547039695084095,,0.14520402252674103,,0.011285671964287758,,0.004589368589222431,,0.00276016048155725,,0.004217952489852905,,0.003339226357638836,,0.3281193971633911,,,,,,,,,,,,,,,,
20,17039,,0.012320484966039658,,0.0,,0.10980623215436935,,0.002762668766081333,,0.20068256556987762,,,0.14316090941429138,0.003473100485280156,,0.002508652163669467,,0.15491370856761932,,0.007823942229151726,,0.0032110644970089197,,0.0025512187276035547,,0.003714152378961444,,0.002762668766081333,,0.32532140612602234,,,,,,,,,,,,,,,,
20,17049,,0.008861083537340164,,0.0,,0.09989281743764877,,0.03343712165951729,,0.19988003373146057,,,0.14592435956001282,0.003139172215014696,,0.0025400472804903984,,0.15683230757713318,,0.019307080656290054,,0.010113921947777271,,0.0029236283153295517,,0.004260344430804253,,0.03343712165951729,,0.3456861078739166,,,,,,,,,,,,,,,,
20,17059,,0.009752530604600906,,0.0,,0.11715683341026306,,0.0021783430129289627,,0.2002551555633545,,,0.15254557132720947,0.004546422977000475,,0.0014490484027191997,,0.14308632910251617,,0.010870539583265781,,0.0029425141401588917,,0.002702250611037016,,0.0038488581776618958,,0.0021783430129289627,,0.32759159803390503,,,,,,,,,,,,,,,,
20,17069,,0.010015704669058323,,0.0,,0.10523579269647598,,0.00583901721984148,,0.20110005140304565,,,0.13627663254737854,0.0029912719037383795,,0.0018881120486184955,,0.14840902388095856,,0.013028607703745365,,0.0059677292592823505,,0.0024006955791264772,,0.003985748626291752,,0.00583901721984148,,0.32056209444999695,,,,,,,,,,,,,,,,
20,17079,,0.008936377242207527,,0.0,,0.11480076611042023,,0.003285665065050125,,0.19991128146648407,,,0.14699392020702362,0.002251111436635256,,0.0015218118205666542,,0.14693549275398254,,0.00940439011901617,,0.0036449788603931665,,0.002649650676175952,,0.00386546622030437,,0.003285665065050125,,0.3240332305431366,,,,,,,,,,,,,,,,
20,17089,,0.00853322446346283,,0.0,,0.11472007632255554,,0.003883553668856621,,0.21046239137649536,,,0.14265182614326477,0.003380232723429799,,0.0036342188250273466,,0.1487070620059967,,0.009007293730974197,,0.003853750415146351,,0.002509982557967305,,0.003944115713238716,,0.003883553668856621,,0.3296159505844116,,,,,,,,,,,,,,,,
20,17099,,0.009539865888655186,,0.0,,0.11059108376502991,,0.0031171757727861404,,0.19956070184707642,,,0.14595408737659454,0.003986075054854155,,0.001416368642821908,,0.1506650745868683,,0.008233721368014812,,0.0033593184780329466,,0.0025310751516371965,,0.0038709365762770176,,0.0031171757727861404,,0.32334819436073303,,,,,,,,,,,,,,,,
20,17109,,0.00902925431728363,,0.0,,0.1108628436923027,,0.032598093152046204,,0.20034338533878326,,,0.15456783771514893,0.02029818296432495,,0.0027715719770640135,,0.15098172426223755,,0.015908781439065933,,0.01262830849736929,,0.0028925659134984016,,0.0046399557031691074,,0.032598093152046204,,0.36108121275901794,,,,,,,,,,,,,,,,
20,17119,,0.008662717416882515,,0.0,,0.11258992552757263,,0.008936128579080105,,0.19956108927726746,,,0.14059361815452576,0.020916899666190147,,0.002131503541022539,,0.14669561386108398,,0.016761984676122665,,0.00837006513029337,,0.002896416699513793,,0.004092528484761715,,0.008936128579080105,,0.3381504714488983,,,,,,,,,,,,,,,,
20,17129,,0.01005953922867775,,0.0,,0.12564100325107574,,0.0038358382880687714,,0.20158585906028748,,,0.16609209775924683,0.028121812269091606,,0.003678250126540661,,0.14882256090641022,,0.017916548997163773,,0.010504134930670261,,0.0026652507949620485,,0.004071468021720648,,0.0038358382880687714,,0.3635329008102417,,,,,,,,,,,,,,,,
20,17139,,0.009712555445730686,,0.0,,0.10232336819171906,,0.002941293641924858,,0.19984443485736847,,,0.1315014362335205,0.006099033635109663,,0.0022791980300098658,,0.14632472395896912,,0.010786246508359909,,0.003928526770323515,,0.0027778095100075006,,0.004032140597701073,,0.002941293641924858,,0.31329146027565,,,,,,,,,,,,,,,,
20,17149,,0.013849255628883839,,0.0,,0.13661669194698334,,0.002421802841126919,,0.20419743657112122,,,0.1366376280784607,0.0016992369201034307,,0.0019879676401615143,,0.1524716466665268,,0.005084344185888767,,0.002301745815202594,,0.0025073739234358072,,0.0036153087858110666,,0.002421802841126919,,0.3335028886795044,,,,,,,,,,,,,,,,
20,17159,,0.01074991375207901,,0.0,,0.1267682909965515,,0.002471364103257656,,0.19981247186660767,,,0.14906570315361023,0.0022179274819791317,,0.002336394041776657,,0.15208351612091064,,0.00920766033232212,,0.00380567810498178,,0.002543981419876218,,0.0037464704364538193,,0.002471364103257656,,0.3342779278755188,,,,,,,,,,,,,,,,
20,17169,,0.008110012859106064,,0.0,,0.12882359325885773,,0.003320927731692791,,0.20099948346614838,,,0.14609622955322266,0.0018121955217793584,,0.002036956837400794,,0.14731749892234802,,0.008662429638206959,,0.0034977253526449203,,0.002593767596408725,,0.003967843018472195,,0.003320927731692791,,0.3306032419204712,,,,,,,,,,,,,,,,
20,17179,,0.007904266938567162,,0.0,,0.11102055758237839,,0.00213018711656332,,0.19971352815628052,,,0.1406625658273697,0.005449652671813965,,0.0011330796405673027,,0.150100976228714,,0.006755644455552101,,0.0028988115955144167,,0.0025426384527236223,,0.0037511633709073067,,0.00213018711656332,,0.31890711188316345,,,,,,,,,,,,,,,,
20,17189,,0.013742376118898392,,0.0,,0.11484524607658386,,0.0025442838668823242,,0.20029643177986145,,,0.14920324087142944,0.0038250419311225414,,0.002600163919851184,,0.15280772745609283,,0.007903001271188259,,0.0034252451732754707,,0.0026250877417623997,,0.003983665723353624,,0.0025442838668823242,,0.3308926224708557,,,,,,,,,,,,,,,,
20,17199,,0.01333366334438324,,0.0,,0.11047495156526566,,0.0029268311336636543,,0.1996833086013794,,,0.1481015682220459,0.0024322059471160173,,0.0024461359716951847,,0.15253359079360962,,0.01214616559445858,,0.005375110078603029,,0.0023697661235928535,,0.003700888017192483,,0.0029268311336636543,,0.32961252331733704,,,,,,,,,,,,,,,,
20,17209,,0.008076165802776814,,0.0,,0.11278459429740906,,0.002442590892314911,,0.19948022067546844,,,0.1484529674053192,0.0037693160120397806,,0.0016077642794698477,,0.1513313353061676,,0.006992994341999292,,0.0027793212793767452,,0.002470684237778187,,0.0034535571467131376,,0.002442590892314911,,0.32354751229286194,,,,,,,,,,,,,,,,
20,17219,,0.014471231028437614,,0.0,,0.13075920939445496,,0.001741316169500351,,0.19937114417552948,,,0.147086501121521,0.0037419693544507027,,0.001767320791259408,,0.15279297530651093,,0.005282212048768997,,0.001779336715117097,,0.0025111190043389797,,0.003388821380212903,,0.001741316169500351,,0.3340409994125366,,,,,,,,,,,,,,,,
20,17229,,0.01091720163822174,,0.0,,0.11035632342100143,,0.0021497951820492744,,0.19964484870433807,,,0.1487695425748825,0.004335449077188969,,0.0012526551727205515,,0.1515255868434906,,0.009647432714700699,,0.0028987089172005653,,0.0026137058157473803,,0.0035612951032817364,,0.0021497951820492744,,0.3256169259548187,,,,,,,,,,,,,,,,
20,17239,,0.008188655599951744,,0.0,,0.11019708216190338,,0.003991325385868549,,0.20050674676895142,,,0.15059351921081543,0.004579615313559771,,0.0019885082729160786,,0.14784647524356842,,0.00957181304693222,,0.004220725502818823,,0.002448944142088294,,0.003959254827350378,,0.003991325385868549,,0.32602593302726746,,,,,,,,,,,,,,,,
20,17249,,0.011503897607326508,,0.0,,0.09555435180664062,,0.0020681358873844147,,0.19931235909461975,,,0.15085908770561218,0.0013502559158951044,,0.0027543921023607254,,0.14677643775939941,,0.006991518661379814,,0.002207862911745906,,0.002375868381932378,,0.003303991397842765,,0.0020681358873844147,,0.3141810894012451,,,,,,,,,,,,,,,,
20,17259,,0.015677306801080704,,0.0,,0.1276310533285141,,0.003335369750857353,,0.1998474895954132,,,0.15018068253993988,0.003689480945467949,,0.0024391505867242813,,0.1590220332145691,,0.011447450146079063,,0.004182180855423212,,0.002710528438910842,,0.004357041325420141,,0.003335369750857353,,0.344438374042511,,,,,,,,,,,,,,,,
20,17269,,0.01389374304562807,,0.0,,0.13991478085517883,,0.0025411462411284447,,0.19931545853614807,,,0.15600910782814026,0.0025796513073146343,,0.003073949832469225,,0.15067169070243835,,0.005755760706961155,,0.0024734351318329573,,0.002406008541584015,,0.0035129848401993513,,0.0025411462411284447,,0.3428303301334381,,,,,,,,,,,,,,,,
20,17279,,0.008769754320383072,,0.0,,0.09944266825914383,,0.003753690980374813,,0.19922155141830444,,,0.14349064230918884,0.003678602632135153,,0.0019708010368049145,,0.1494935005903244,,0.008118442259728909,,0.003921413328498602,,0.002416735514998436,,0.0040568141266703606,,0.003753690980374813,,0.31619569659233093,,,,,,,,,,,,,,,,
20,17289,,0.012632595375180244,,0.0,,0.1044163927435875,,0.002803334966301918,,0.19958153367042542,,,0.14218521118164062,0.004136993549764156,,0.001958473352715373,,0.15534642338752747,,0.011778619140386581,,0.004318706225603819,,0.0026190236676484346,,0.003839639015495777,,0.002803334966301918,,0.3247282803058624,,,,,,,,,,,,,,,,
20,17299,,0.0068178316578269005,,0.0,,0.09863056242465973,,0.0029502157121896744,,0.19938774406909943,,,0.1439932882785797,0.001494688680395484,,0.0013375732814893126,,0.145530104637146,,0.008285125717520714,,0.0033899557311087847,,0.002466261852532625,,0.0036769297439604998,,0.0029502157121896744,,0.3108185827732086,,,,,,,,,,,,,,,,
20,17309,,0.00870085321366787,,0.0,,0.12739457190036774,,0.0034296922385692596,,0.19994837045669556,,,0.14323343336582184,0.0034421703312546015,,0.0016019534086808562,,0.14951957762241364,,0.007482447661459446,,0.0033582551404833794,,0.0024964420590549707,,0.0037879841402173042,,0.0034296922385692596,,0.329091876745224,,,,,,,,,,,,,,,,
20,17319,,0.011975059285759926,,0.0,,0.13294576108455658,,0.00254981592297554,,0.19981667399406433,,,0.14798180758953094,0.0024347295984625816,,0.0014174518873915076,,0.1515478491783142,,0.00968332402408123,,0.004090295638889074,,0.0025592141319066286,,0.004041716922074556,,0.00254981592297554,,0.33754271268844604,,,,,,,,,,,,,,,,
20,17329,,0.008132493123412132,,0.0,,0.11256657540798187,,0.0028278203681111336,,0.1993975192308426,,,0.1400464028120041,0.0023893192410469055,,0.0014353146543726325,,0.1490539312362671,,0.013276019133627415,,0.0031748528126627207,,0.0027394373901188374,,0.0038822595961391926,,0.0028278203681111336,,0.32140210270881653,,,,,,,,,,,,,,,,
20,17339,,0.013205580413341522,,0.0,,0.12527690827846527,,0.0033959168940782547,,0.19998690485954285,,,0.13542644679546356,0.0036077676340937614,,0.0028920876793563366,,0.15223363041877747,,0.008404896594583988,,0.003316219663247466,,0.00259507168084383,,0.003849614644423127,,0.0033959168940782547,,0.32902035117149353,,,,,,,,,,,,,,,,
20,17349,,0.017080284655094147,,0.0,,0.12063295394182205,,0.0034614987671375275,,0.19939833879470825,,,0.14827974140644073,0.001642765011638403,,0.0036392933689057827,,0.15574640035629272,,0.008927199989557266,,0.004080660175532103,,0.0025346733164042234,,0.004023075103759766,,0.0034614987671375275,,0.33673498034477234,,,,,,,,,,,,,,,,
20,17359,,0.013252509757876396,,0.0,,0.11850211024284363,,0.0029996177181601524,,0.20333261787891388,,,0.14885985851287842,0.002502372022718191,,0.002208844292908907,,0.1533922553062439,,0.006183605641126633,,0.0028825169429183006,,0.0024355407804250717,,0.003575066337361932,,0.0029996177181601524,,0.3318510055541992,,,,,,,,,,,,,,,,
20,17369,,0.008761131204664707,,0.0,,0.11697766184806824,,0.004014740698039532,,0.2028149664402008,,,0.145650252699852,0.002549245487898588,,0.000867508293595165,,0.14616230130195618,,0.007417931221425533,,0.003479925449937582,,0.0024760698433965445,,0.003883108962327242,,0.004014740698039532,,0.3244689702987671,,,,,,,,,,,,,,,,
20,17379,,0.0089133745059371,,0.0,,0.10847702622413635,,0.0027884207665920258,,0.21011388301849365,,,0.13874861598014832,0.0017739746253937483,,0.0016211194451898336,,0.14700904488563538,,0.006018119864165783,,0.0026402652729302645,,0.002461029216647148,,0.0035881756339222193,,0.0027884207665920258,,0.31887057423591614,,,,,,,,,,,,,,,,
20,17389,,0.00646714773029089,,0.0,,0.10101928561925888,,0.004302511923015118,,0.2019260674715042,,,0.15037524700164795,0.0021193488501012325,,0.0014008108992129564,,0.14345942437648773,,0.010862883180379868,,0.004974348936229944,,0.0024426018353551626,,0.004041599575430155,,0.004302511923015118,,0.318716436624527,,,,,,,,,,,,,,,,
20,17399,,0.012172120623290539,,0.0,,0.1299460381269455,,0.002475949004292488,,0.20042555034160614,,,0.13694261014461517,0.0011885273270308971,,0.002546270377933979,,0.154992938041687,,0.006268135737627745,,0.002741435309872031,,0.002588776173070073,,0.003790473099797964,,0.002475949004292488,,0.32993465662002563,,,,,,,,,,,,,,,,
20,17409,,0.011789103969931602,,0.0,,0.11360321938991547,,0.002146877348423004,,0.19974970817565918,,,0.14593181014060974,0.0034629416186362505,,0.0023908407893031836,,0.15255333483219147,,0.005062217824161053,,0.0022970717400312424,,0.0024363927077502012,,0.0034903979394584894,,0.002146877348423004,,0.32420212030410767,,,,,,,,,,,,,,,,
20,17419,,0.007662295829504728,,0.0,,0.11323379725217819,,0.004508936777710915,,0.19999974966049194,,,0.1376446932554245,0.0050492179580032825,,0.0012359555112197995,,0.1467617154121399,,0.008953824639320374,,0.0036332544405013323,,0.0026075514033436775,,0.003620956325903535,,0.004508936777710915,,0.3192664384841919,,,,,,,,,,,,,,,,
20,17429,,0.007702516857534647,,0.0,,0.10660578310489655,,0.0030281078070402145,,0.1992347687482834,,,0.14792653918266296,0.002731775864958763,,0.0013056094758212566,,0.15039688348770142,,0.006540440022945404,,0.003004388650879264,,0.0025018618907779455,,0.0038229485508054495,,0.0030281078070402145,,0.31931227445602417,,,,,,,,,,,,,,,,
20,17439,,0.009286470711231232,,0.0,,0.12851332128047943,,0.0024192510172724724,,0.19977781176567078,,,0.14245247840881348,0.00318071898072958,,0.0018086193595081568,,0.14645935595035553,,0.007725016213953495,,0.0033053364604711533,,0.0024806438013911247,,0.0035529411397874355,,0.0024192510172724724,,0.3272574245929718,,,,,,,,,,,,,,,,
20,17449,,0.01291179470717907,,0.0,,0.11266385018825531,,0.003805825486779213,,0.1998683363199234,,,0.13904109597206116,0.003333067987114191,,0.004329886753112078,,0.1513323038816452,,0.010073660872876644,,0.00480647012591362,,0.0023931097239255905,,0.003874162444844842,,0.003805825486779213,,0.32615387439727783,,,,,,,,,,,,,,,,
20,17459,,0.013778123073279858,,0.0,,0.11883191019296646,,0.030275486409664154,,0.2028663158416748,,,0.14788301289081573,0.003787851659581065,,0.004029971547424793,,0.1511518657207489,,0.0187726691365242,,0.009724646806716919,,0.00273719010874629,,0.004240455571562052,,0.030275486409664154,,0.3561599850654602,,,,,,,,,,,,,,,,
20,17469,,0.02401469647884369,,0.0,,0.13916067779064178,,0.002962542697787285,,0.20007368922233582,,,0.1506437212228775,0.002959892153739929,,0.00413811719045043,,0.15806660056114197,,0.008358638733625412,,0.0032373599242419004,,0.0024639363400638103,,0.003736824495717883,,0.002962542697787285,,0.35177674889564514,,,,,,,,,,,,,,,,
20,17479,,0.013552220538258553,,0.0,,0.11923008412122726,,0.005539318546652794,,0.19943596422672272,,,0.16347050666809082,0.035094209015369415,,0.0020658397115767,,0.15067990124225616,,0.015656713396310806,,0.00556624261662364,,0.0029216320253908634,,0.0044822487980127335,,0.005539318546652794,,0.3610885441303253,,,,,,,,,,,,,,,,
20,17489,,0.01742587238550186,,0.0,,0.13895152509212494,,0.03380864858627319,,0.20002856850624084,,,0.1414709985256195,0.0037353765219449997,,0.004043469671159983,,0.1567920446395874,,0.031153718009591103,,0.016045359894633293,,0.0026349665131419897,,0.004259622655808926,,0.03380864858627319,,0.37730488181114197,,,,,,,,,,,,,,,,
20,17499,,0.007093810476362705,,0.0,,0.11795064061880112,,0.0028334250673651695,,0.20344188809394836,,,0.14576733112335205,0.002447672188282013,,0.001247026608325541,,0.15027004480361938,,0.0218657236546278,,0.008106278255581856,,0.0025731443893164396,,0.003795608878135681,,0.0028334250673651695,,0.3355940878391266,,,,,,,,,,,,,,,,
20,17509,,0.01229996420443058,,0.0,,0.11505243927240372,,0.004126610234379768,,0.20285485684871674,,,0.1351046860218048,0.0020601539872586727,,0.002172343898564577,,0.14736321568489075,,0.010682696476578712,,0.004526542965322733,,0.0025253540370613337,,0.004065689630806446,,0.004126610234379768,,0.32345011830329895,,,,,,,,,,,,,,,,
20,17519,,0.012007500045001507,,0.0,,0.12009180337190628,,0.03473525866866112,,0.1996147632598877,,,0.14227408170700073,0.00242091016843915,,0.0029327296651899815,,0.15366345643997192,,0.012213293462991714,,0.009066353552043438,,0.0028502007480710745,,0.004344423301517963,,0.03473525866866112,,0.3502795696258545,,,,,,,,,,,,,,,,
20,17529,,0.00900796428322792,,0.0,,0.11328336596488953,,0.002979735843837261,,0.20028164982795715,,,0.1383945643901825,0.002693611430004239,,0.0011446046410128474,,0.14944812655448914,,0.009766068309545517,,0.003855989081785083,,0.0025910772383213043,,0.003914402332156897,,0.002979735843837261,,0.3206377923488617,,,,,,,,,,,,,,,,
20,17539,,0.008972197771072388,,0.0,,0.11831216514110565,,0.0033865803852677345,,0.20056842267513275,,,0.14855901896953583,0.0022215975914150476,,0.0013387436047196388,,0.15388613939285278,,0.006844108924269676,,0.0031419380102306604,,0.002409877022728324,,0.0036552047822624445,,0.0033865803852677345,,0.32847559452056885,,,,,,,,,,,,,,,,
20,17549,,0.01078326441347599,,0.0,,0.1149822324514389,,0.002214406616985798,,0.20007139444351196,,,0.14569111168384552,0.002517658518627286,,0.00196758727543056,,0.15056997537612915,,0.005428973585367203,,0.002215689979493618,,0.0025977895129472017,,0.0036620725877583027,,0.002214406616985798,,0.3231821358203888,,,,,,,,,,,,,,,,
20,17559,,0.009186901152133942,,0.0,,0.12607382237911224,,0.0029283445328474045,,0.20306283235549927,,,0.1296512931585312,0.004175729583948851,,0.0020892545580863953,,0.14622819423675537,,0.006708620116114616,,0.0027872701175510883,,0.0026184148155152798,,0.0038674804382026196,,0.0029283445328474045,,0.3216228485107422,,,,,,,,,,,,,,,,
20,17569,,0.01927284710109234,,0.0,,0.13025672733783722,,0.003347179852426052,,0.20282459259033203,,,0.1513095200061798,0.0032047482673078775,,0.004686105065047741,,0.1499222218990326,,0.008593946695327759,,0.0034378806594759226,,0.0025958057958632708,,0.0037705381400883198,,0.003347179852426052,,0.34349632263183594,,,,,,,,,,,,,,,,
20,17579,,0.008110405877232552,,0.0,,0.10413768887519836,,0.0031911982223391533,,0.1993863731622696,,,0.14779162406921387,0.003075055545195937,,0.0016433339333161712,,0.14655712246894836,,0.0071197557263076305,,0.003212974639609456,,0.0024331039749085903,,0.003613060573115945,,0.0031911982223391533,,0.31694239377975464,,,,,,,,,,,,,,,,
20,17589,,0.013888660818338394,,0.0,,0.12192607671022415,,0.00537040363997221,,0.20245786011219025,,,0.14550700783729553,0.020187992602586746,,0.002625524764880538,,0.1572411209344864,,0.018494650721549988,,0.005658592097461224,,0.0027227457612752914,,0.004163241945207119,,0.00537040363997221,,0.35220351815223694,,,,,,,,,,,,,,,,
20,17599,,0.007311295252293348,,0.0,,0.09484437853097916,,0.0025865724310278893,,0.1999514400959015,,,0.14030037820339203,0.005598715506494045,,0.0017297541489824653,,0.14803633093833923,,0.007612738758325577,,0.0029698796570301056,,0.002639768412336707,,0.00377817265689373,,0.0025865724310278893,,0.31056877970695496,,,,,,,,,,,,,,,,
20,17609,,0.011531936004757881,,0.0,,0.11778520792722702,,0.002399234101176262,,0.19947579503059387,,,0.1403372883796692,0.0024882194120436907,,0.0025326081085950136,,0.15262345969676971,,0.006800797767937183,,0.0024931440129876137,,0.0026334442663937807,,0.0038386795204132795,,0.002399234101176262,,0.32438924908638,,,,,,,,,,,,,,,,
20,17619,,0.005983508657664061,,0.0,,0.10628537833690643,,0.004123392514884472,,0.2017153799533844,,,0.1474333554506302,0.0017970355693250895,,0.001344721531495452,,0.1450461894273758,,0.009025282226502895,,0.0032666283659636974,,0.002605847315862775,,0.0037795361131429672,,0.004123392514884472,,0.31809288263320923,,,,,,,,,,,,,,,,
20,17629,,0.010443676263093948,,0.0,,0.11933649331331253,,0.0016850978136062622,,0.20322297513484955,,,0.14703936874866486,0.0017851368756964803,,0.001935914857313037,,0.14944365620613098,,0.004989012144505978,,0.001700960099697113,,0.0025134184397757053,,0.003406877163797617,,0.0016850978136062622,,0.3254547417163849,,,,,,,,,,,,,,,,
20,17639,,0.008998487144708633,,0.0,,0.12491957098245621,,0.00255543552339077,,0.19954675436019897,,,0.15364015102386475,0.0030269597191363573,,0.0012499203439801931,,0.14673127233982086,,0.005696468520909548,,0.002664926927536726,,0.00246786349453032,,0.003649273654446006,,0.00255543552339077,,0.32939815521240234,,,,,,,,,,,,,,,,
20,17649,,0.011503055691719055,,0.0,,0.11823949962854385,,0.0020188167691230774,,0.19984228909015656,,,0.14607402682304382,0.0019349235808476806,,0.001554627320729196,,0.14852121472358704,,0.005063719116151333,,0.0023156823590397835,,0.0024022317957133055,,0.00346124405041337,,0.0020188167691230774,,0.32319626212120056,,,,,,,,,,,,,,,,
20,17659,,0.010338721796870232,,0.0,,0.11220724880695343,,0.034159738570451736,,0.19999736547470093,,,0.14453208446502686,0.004094129428267479,,0.0035248673520982265,,0.14952503144741058,,0.019846759736537933,,0.011657864786684513,,0.0029866104014217854,,0.004601920489221811,,0.034159738570451736,,0.3510371148586273,,,,,,,,,,,,,,,,
20,17669,,0.00918157771229744,,0.0,,0.12446323037147522,,0.004029612056910992,,0.20111212134361267,,,0.15254831314086914,0.0038642450235784054,,0.0015950417146086693,,0.14877748489379883,,0.010673658922314644,,0.0047237505204975605,,0.0025639429222792387,,0.004049788694828749,,0.004029612056910992,,0.33581626415252686,,,,,,,,,,,,,,,,
20,17679,,0.008496691472828388,,0.0,,0.1250232607126236,,0.002881924621760845,,0.19947549700737,,,0.14562325179576874,0.0016075855819508433,,0.0012139580212533474,,0.14735694229602814,,0.007267684675753117,,0.0033997371792793274,,0.002502330346032977,,0.003802602645009756,,0.002881924621760845,,0.3262270390987396,,,,,,,,,,,,,,,,
20,17689,,0.017478706315159798,,0.0,,0.12276171147823334,,0.002067338675260544,,0.20058070123195648,,,0.143991157412529,0.0011910410830751061,,0.0030348291620612144,,0.1492680162191391,,0.010199494659900665,,0.0038934561889618635,,0.0025256832595914602,,0.0036022369749844074,,0.002067338675260544,,0.3320982754230499,,,,,,,,,,,,,,,,
20,17699,,0.014380698092281818,,0.0,,0.12503182888031006,,0.0032535381615161896,,0.20139780640602112,,,0.1407635360956192,0.003199435770511627,,0.0036295149475336075,,0.15057240426540375,,0.011870999820530415,,0.0035322203766554594,,0.0028917095623910427,,0.004171355161815882,,0.0032535381615161896,,0.3344331979751587,,,,,,,,,,,,,,,,
20,17709,,0.009566126391291618,,0.0,,0.10289916396141052,,0.0025433963164687157,,0.199202299118042,,,0.14820139110088348,0.006850161589682102,,0.0025260625407099724,,0.15048447251319885,,0.007108641788363457,,0.0032318199519068003,,0.0023920810781419277,,0.0037323436699807644,,0.0025433963164687157,,0.32123515009880066,,,,,,,,,,,,,,,,
20,17719,,0.01116449199616909,,0.0,,0.12408777326345444,,0.003377034328877926,,0.20139889419078827,,,0.15227986872196198,0.002822144189849496,,0.002527055097743869,,0.14882469177246094,,0.008779067546129227,,0.003191611962392926,,0.0025915091391652822,,0.0038485906552523375,,0.003377034328877926,,0.33437061309814453,,,,,,,,,,,,,,,,
20,17729,,0.014557339251041412,,0.0,,0.11037309467792511,,0.0033198287710547447,,0.200016051530838,,,0.1453477442264557,0.0060173748061060905,,0.003116527572274208,,0.15425527095794678,,0.005779576487839222,,0.002630592091009021,,0.002456486225128174,,0.0035042159724980593,,0.0033198287710547447,,0.3274391293525696,,,,,,,,,,,,,,,,
20,17739,,0.009000072255730629,,0.0,,0.1071808859705925,,0.00411607138812542,,0.2027643620967865,,,0.1317494958639145,0.0025193216279149055,,0.0015611203853040934,,0.14498934149742126,,0.0104344068095088,,0.004425687249749899,,0.002443938981741667,,0.004154754802584648,,0.00411607138812542,,0.31474706530570984,,,,,,,,,,,,,,,,
20,17744,,,,,,,,,,,,,,,,,,,,,,,,,,,,,,,,0.06567127257585526,0.0,0.3404381275177002,0.20514485239982605,0.3157570958137512,0.1162671148777008,0.22935622930526733,0.03670503944158554,0.22469377517700195,0.4295711815357208,0.20860081911087036,0.004471509251743555,0.018959956243634224,0.20514485239982605,1.107298493385315
20,17744,0.010886742733418941,,0.0,,0.11643615365028381,,0.0052163731306791306,,0.20072965323925018,,0.004812866915017366,0.14604218304157257,,,0.0024054991081357002,,0.15004944801330566,,0.009998220950365067,,0.004299007821828127,,0.00257040630094707,,0.0038221285212785006,,0.0052163731306791306,,0.33054545521736145,,0.253508985042572,,,,,,,,,,,,,,,
21,17749,,0.011248623952269554,,0.0,,0.11981680989265442,,0.002512645907700062,,0.2031286060810089,,,0.14121113717556,0.0075090378522872925,,0.0017946709413081408,,0.14548936486244202,,0.00947643257677555,,0.0031288224272429943,,0.002640347694978118,,0.0038868761621415615,,0.002512645907700062,,0.3278651237487793,,,,,,,,,,,,,,,,
21,17759,,0.007773759309202433,,0.0,,0.11200644820928574,,0.00258005503565073,,0.19928529858589172,,,0.19359493255615234,0.050411660224199295,,0.0015151383122429252,,0.1522156298160553,,0.03268278390169144,,0.033416748046875,,0.0028985715471208096,,0.004170399624854326,,0.00258005503565073,,0.3983609080314636,,,,,,,,,,,,,,,,
21,17769,,0.012225452810525894,,0.0,,0.12771280109882355,,0.003368019126355648,,0.20138368010520935,,,0.1464211791753769,0.009570210240781307,,0.003375700442120433,,0.15517409145832062,,0.007999563589692116,,0.003125157905742526,,0.0025766866747289896,,0.0037304728757590055,,0.003368019126355648,,0.34019672870635986,,,,,,,,,,,,,,,,
21,17779,,0.01299547590315342,,0.0,,0.10267570614814758,,0.0036580516025424004,,0.19985631108283997,,,0.15989816188812256,0.013784155249595642,,0.003195155179128051,,0.15147970616817474,,0.011233339086174965,,0.0033866316080093384,,0.0026851147413253784,,0.0038221462164074183,,0.0036580516025424004,,0.3362460434436798,,,,,,,,,,,,,,,,
21,17789,,0.00968223623931408,,0.0,,0.10744579136371613,,0.003068019635975361,,0.2024199366569519,,,0.1429009586572647,0.0021446102764457464,,0.00120814167894423,,0.14987242221832275,,0.005312960594892502,,0.0025011252146214247,,0.002551723038777709,,0.0036764403339475393,,0.003068019635975361,,0.31823042035102844,,,,,,,,,,,,,,,,
21,17799,,0.00808998104184866,,0.0,,0.10517171770334244,,0.00236591137945652,,0.1993398368358612,,,0.14980973303318024,0.0018650792771950364,,0.00164029689040035,,0.15089359879493713,,0.0154079869389534,,0.004560082219541073,,0.002501030219718814,,0.0037817093543708324,,0.00236591137945652,,0.3246043026447296,,,,,,,,,,,,,,,,
21,17809,,0.015565192326903343,,0.0,,0.10339297354221344,,0.0034655481576919556,,0.19913119077682495,,,0.1470114290714264,0.003923716954886913,,0.0029552436899393797,,0.15183980762958527,,0.011512940749526024,,0.003328299382701516,,0.002589068841189146,,0.003925011493265629,,0.0034655481576919556,,0.3262827396392822,,,,,,,,,,,,,,,,
21,17819,,0.015595585107803345,,0.0,,0.12929995357990265,,0.0034457454457879066,,0.20017683506011963,,,0.14606745541095734,0.003798241261392832,,0.0026031313464045525,,0.15067581832408905,,0.009624631144106388,,0.004552364349365234,,0.002538891974836588,,0.004093053285032511,,0.0034457454457879066,,0.33828240633010864,,,,,,,,,,,,,,,,
21,17829,,0.0125772999599576,,0.0,,0.12190583348274231,,0.032058414071798325,,0.19948610663414001,,,0.14682947099208832,0.022809019312262535,,0.002056120429188013,,0.1481696367263794,,0.017712170258164406,,0.014486138708889484,,0.0028279125690460205,,0.004457434639334679,,0.032058414071798325,,0.36491650342941284,,,,,,,,,,,,,,,,
21,17839,,0.010353422723710537,,0.0,,0.12127149850130081,,0.0032007070258259773,,0.19930575788021088,,,0.14869104325771332,0.012118946760892868,,0.0018418561667203903,,0.1507912427186966,,0.011363509111106396,,0.0034775915555655956,,0.0027011230122298002,,0.004014154430478811,,0.0032007070258259773,,0.3365724980831146,,,,,,,,,,,,,,,,
21,17849,,0.010364321991801262,,0.0,,0.09808887541294098,,0.001824178732931614,,0.20043149590492249,,,0.14691175520420074,0.0038488858845084906,,0.0019469637190923095,,0.14926113188266754,,0.0078553082421422,,0.0019556740298867226,,0.0027563818730413914,,0.0036994104739278555,,0.001824178732931614,,0.31632187962532043,,,,,,,,,,,,,,,,
21,17859,,0.010939862579107285,,0.0,,0.11017720401287079,,0.003628993406891823,,0.1996973752975464,,,0.14551924169063568,0.004268149845302105,,0.0031434884294867516,,0.14981301128864288,,0.009946359321475029,,0.003491633338853717,,0.002593599958345294,,0.0037066724617034197,,0.003628993406891823,,0.32531610131263733,,,,,,,,,,,,,,,,
21,17869,,0.011433649808168411,,0.0,,0.11418887227773666,,0.002417278476059437,,0.19937048852443695,,,0.13718867301940918,0.009946884587407112,,0.002421018434688449,,0.15083256363868713,,0.01629258319735527,,0.004486673977226019,,0.002654614858329296,,0.0038578142412006855,,0.002417278476059437,,0.32947447896003723,,,,,,,,,,,,,,,,
21,17879,,0.010118704289197922,,0.0,,0.10528221726417542,,0.031300418078899384,,0.20078015327453613,,,0.1712852269411087,0.02571338601410389,,0.0034040033351629972,,0.14962363243103027,,0.014573251828551292,,0.009373616427183151,,0.002611389383673668,,0.003993571735918522,,0.031300418078899384,,0.3660265803337097,,,,,,,,,,,,,,,,
21,17889,,0.00923963077366352,,0.0,,0.11804576963186264,,0.0028328020125627518,,0.1997838318347931,,,0.15182510018348694,0.005253152921795845,,0.0015180640621110797,,0.14921244978904724,,0.009638671763241291,,0.0037451826501637697,,0.002584864152595401,,0.0038684119936078787,,0.0028328020125627518,,0.33070817589759827,,,,,,,,,,,,,,,,
21,17899,,0.012594243511557579,,0.0,,0.12196043878793716,,0.0023275334388017654,,0.19940179586410522,,,0.1378534436225891,0.0050028469413518906,,0.002374605042859912,,0.1459772139787674,,0.009488103911280632,,0.0034315413795411587,,0.002506805583834648,,0.0036244792863726616,,0.0023275334388017654,,0.32508379220962524,,,,,,,,,,,,,,,,
21,17909,,0.017267514020204544,,0.0,,0.12978747487068176,,0.003163679502904415,,0.2003829926252365,,,0.1372447907924652,0.0022297229152172804,,0.002697110641747713,,0.14814716577529907,,0.009188966825604439,,0.004060373175889254,,0.0025832338724285364,,0.004195990972220898,,0.003163679502904415,,0.3325725197792053,,,,,,,,,,,,,,,,
21,17919,,0.009356650523841381,,0.0,,0.11829044669866562,,0.0027596410363912582,,0.19934174418449402,,,0.1466914266347885,0.0025439071469008923,,0.0019280164269730449,,0.14433854818344116,,0.009622874669730663,,0.00445906724780798,,0.0024898515548557043,,0.0038909316062927246,,0.0027596410363912582,,0.3248020112514496,,,,,,,,,,,,,,,,
21,17929,,0.009398555383086205,,0.0,,0.10482507944107056,,0.003694736398756504,,0.1992780864238739,,,0.140263631939888,0.008016309700906277,,0.0025213470216840506,,0.14680078625679016,,0.007752813398838043,,0.003489644965156913,,0.0026054061017930508,,0.003928869962692261,,0.003694736398756504,,0.3182520866394043,,,,,,,,,,,,,,,,
21,17939,,0.009677724912762642,,0.0,,0.12427817285060883,,0.003054378554224968,,0.19923503696918488,,,0.14093832671642303,0.002865017391741276,,0.001217464217916131,,0.1456722915172577,,0.011778316460549831,,0.004138226620852947,,0.0026752869598567486,,0.003817829769104719,,0.003054378554224968,,0.3265829384326935,,,,,,,,,,,,,,,,
21,17949,,0.01000179536640644,,0.0,,0.11143583059310913,,0.0027666110545396805,,0.19998493790626526,,,0.14675937592983246,0.0015511864330619574,,0.0014715519500896335,,0.1484689712524414,,0.008577896282076836,,0.003611296880990267,,0.00252904393710196,,0.0037721428088843822,,0.0027666110545396805,,0.3223513960838318,,,,,,,,,,,,,,,,
21,17959,,0.00750697823241353,,0.0,,0.10521834343671799,,0.0033305780962109566,,0.1991318017244339,,,0.13745087385177612,0.004206316079944372,,0.001519291428849101,,0.14714336395263672,,0.008908255025744438,,0.003854459384456277,,0.0027010326739400625,,0.0040494417771697044,,0.0033305780962109566,,0.31453511118888855,,,,,,,,,,,,,,,,
21,17969,,0.01145095657557249,,0.0,,0.11870177835226059,,0.004287661984562874,,0.19989509880542755,,,0.15212158858776093,0.003633062820881605,,0.002766139805316925,,0.14605900645256042,,0.01155942678451538,,0.003665586467832327,,0.002842022106051445,,0.004164788406342268,,0.004287661984562874,,0.3326559066772461,,,,,,,,,,,,,,,,
21,17979,,0.019978603348135948,,0.0,,0.1171487420797348,,0.0065958620980381966,,0.2012617588043213,,,0.15880103409290314,0.02690664678812027,,0.007831672206521034,,0.1529269963502884,,0.02103700116276741,,0.01168068591505289,,0.0025804878678172827,,0.004288170486688614,,0.0065958620980381966,,0.36766287684440613,,,,,,,,,,,,,,,,
21,17989,,0.01252482458949089,,0.0,,0.11627104878425598,,0.004179253242909908,,0.1996748000383377,,,0.14947210252285004,0.003309118328616023,,0.00206473795697093,,0.15330840647220612,,0.010300150141119957,,0.004334668628871441,,0.0026589538902044296,,0.004187590908259153,,0.004179253242909908,,0.3332366347312927,,,,,,,,,,,,,,,,
21,17999,,0.01656806655228138,,0.0,,0.12319039553403854,,0.004106273874640465,,0.2014876753091812,,,0.15078754723072052,0.00596323749050498,,0.00272185355424881,,0.15144728124141693,,0.016413742676377296,,0.0044767833314836025,,0.0026205468457192183,,0.004094274248927832,,0.004106273874640465,,0.34398597478866577,,,,,,,,,,,,,,,,
21,18009,,0.006723412312567234,,0.0,,0.11667066812515259,,0.003739037550985813,,0.19977864623069763,,,0.1459730565547943,0.00652726786211133,,0.0028170354198664427,,0.14831900596618652,,0.010158305056393147,,0.003785079577937722,,0.0025020150933414698,,0.003746938891708851,,0.003739037550985813,,0.3272436857223511,,,,,,,,,,,,,,,,
21,18019,,0.00632181391119957,,0.0,,0.1169668436050415,,0.004172962158918381,,0.19993582367897034,,,0.15306128561496735,0.0032725930213928223,,0.0016085472889244556,,0.14564184844493866,,0.009554397314786911,,0.0038207503966987133,,0.002503470052033663,,0.0038867765106260777,,0.004172962158918381,,0.3273169696331024,,,,,,,,,,,,,,,,
21,18029,,0.011559782549738884,,0.0,,0.09202706068754196,,0.004496268928050995,,0.19918493926525116,,,0.15628927946090698,0.005556054413318634,,0.0014040842652320862,,0.14871641993522644,,0.010839958675205708,,0.0049698445945978165,,0.0025610001757740974,,0.004198888316750526,,0.004496268928050995,,0.3230011761188507,,,,,,,,,,,,,,,,
21,18039,,0.006731528788805008,,0.0,,0.10589073598384857,,0.0046529024839401245,,0.20009182393550873,,,0.1551665961742401,0.0037827680353075266,,0.002101352671161294,,0.14985206723213196,,0.012439306825399399,,0.00563053647056222,,0.0024554019328206778,,0.004167491104453802,,0.0046529024839401245,,0.3285650312900543,,,,,,,,,,,,,,,,
21,18049,,0.00834992341697216,,0.0,,0.11413111537694931,,0.007237310521304607,,0.19935542345046997,,,0.14725910127162933,0.004719278309494257,,0.0011354208691045642,,0.150691419839859,,0.023716222494840622,,0.00923180766403675,,0.0027366108261048794,,0.004675715696066618,,0.007237310521304607,,0.3389575481414795,,,,,,,,,,,,,,,,
21,18059,,0.013513896614313126,,0.0,,0.11604470759630203,,0.004083969630300999,,0.20210230350494385,,,0.14802967011928558,0.002181368414312601,,0.0035946450661867857,,0.15038999915122986,,0.010448473505675793,,0.004588936921209097,,0.0023794127628207207,,0.0038494213949888945,,0.004083969630300999,,0.33252811431884766,,,,,,,,,,,,,,,,
21,18069,,0.011077169328927994,,0.0,,0.10936079919338226,,0.0037530669942498207,,0.199285089969635,,,0.149092897772789,0.002488755388185382,,0.0024564361665397882,,0.15259984135627747,,0.007004360668361187,,0.0032185418531298637,,0.002536201383918524,,0.003759694052860141,,0.0037530669942498207,,0.325196236371994,,,,,,,,,,,,,,,,
21,18079,,0.00928052980452776,,0.0,,0.10952439904212952,,0.012396303936839104,,0.19957195222377777,,,0.16816656291484833,0.02718864195048809,,0.002278866246342659,,0.14994129538536072,,0.02754327654838562,,0.012058816850185394,,0.0025949247647076845,,0.004438463132828474,,0.012396303936839104,,0.3647112548351288,,,,,,,,,,,,,,,,
21,18089,,0.009627293795347214,,0.0,,0.11091472208499908,,0.002775171771645546,,0.19956529140472412,,,0.14220477640628815,0.002255199709907174,,0.005562020465731621,,0.14977186918258667,,0.016724854707717896,,0.007173097692430019,,0.002751609543338418,,0.004315266385674477,,0.002775171771645546,,0.32897821068763733,,,,,,,,,,,,,,,,
21,18099,,0.008112866431474686,,0.0,,0.11664745956659317,,0.002875024452805519,,0.1997881680727005,,,0.14474254846572876,0.008834756910800934,,0.003496648510918021,,0.14950966835021973,,0.010092874057590961,,0.0037325958255678415,,0.0025591014418751,,0.00397128239274025,,0.002875024452805519,,0.32916712760925293,,,,,,,,,,,,,,,,
21,18109,,0.010126248002052307,,0.0,,0.13573071360588074,,0.0033857133239507675,,0.20078472793102264,,,0.14717046916484833,0.0037294896319508553,,0.002481539733707905,,0.14829321205615997,,0.011115258559584618,,0.004125453531742096,,0.002616982441395521,,0.004094602074474096,,0.0033857133239507675,,0.3388745188713074,,,,,,,,,,,,,,,,
21,18119,,0.008612172678112984,,0.0,,0.10968421399593353,,0.002399834804236889,,0.19999665021896362,,,0.147905170917511,0.0012230761349201202,,0.0016343719325959682,,0.15144988894462585,,0.00787295587360859,,0.0028792154043912888,,0.002612502546980977,,0.003644421696662903,,0.002399834804236889,,0.32177942991256714,,,,,,,,,,,,,,,,
21,18129,,0.00950233731418848,,0.0,,0.09889350831508636,,0.004578910768032074,,0.19988372921943665,,,0.15183685719966888,0.002630500355735421,,0.002084679901599884,,0.14630982279777527,,0.0146050238981843,,0.005987399723380804,,0.0026596072129905224,,0.004110471811145544,,0.004578910768032074,,0.32359668612480164,,,,,,,,,,,,,,,,
21,18139,,0.005766488611698151,,0.0,,0.09743061661720276,,0.0029333150014281273,,0.20307157933712006,,,0.13992199301719666,0.00569208525121212,,0.0009897081181406975,,0.14544352889060974,,0.011982444673776627,,0.0029804883524775505,,0.0028214312624186277,,0.003941304050385952,,0.0029333150014281273,,0.3134581446647644,,,,,,,,,,,,,,,,
21,18149,,0.007981138303875923,,0.0,,0.11950217932462692,,0.001912551000714302,,0.19985699653625488,,,0.14817631244659424,0.004380486905574799,,0.0013406539801508188,,0.14233696460723877,,0.006962739396840334,,0.0026984713040292263,,0.002543712267652154,,0.0035099030937999487,,0.001912551000714302,,0.3223560154438019,,,,,,,,,,,,,,,,
21,18159,,0.008690566755831242,,0.0,,0.12159398198127747,,0.004232024773955345,,0.20070752501487732,,,0.15411227941513062,0.005839651450514793,,0.0033731721341609955,,0.14832311868667603,,0.01208047941327095,,0.004559873603284359,,0.0025912360288202763,,0.003891404950991273,,0.004232024773955345,,0.3369433581829071,,,,,,,,,,,,,,,,
21,18169,,0.008523587137460709,,0.0,,0.10917651653289795,,0.002245470881462097,,0.20074643194675446,,,0.14976245164871216,0.002131966408342123,,0.0012338494416326284,,0.15259642899036407,,0.007735663093626499,,0.0031977775506675243,,0.002466391073539853,,0.00359338172711432,,0.002245470881462097,,0.3235016465187073,,,,,,,,,,,,,,,,
21,18179,,0.014911222271621227,,0.0,,0.1277131587266922,,0.007783754728734493,,0.19960063695907593,,,0.14978733658790588,0.0075077880173921585,,0.0032857167534530163,,0.15492236614227295,,0.011619409546256065,,0.004412290174514055,,0.0028032800182700157,,0.004057608544826508,,0.007783754728734493,,0.346231073141098,,,,,,,,,,,,,,,,
21,18189,,0.008643209002912045,,0.0,,0.12449923902750015,,0.00337090902030468,,0.20146390795707703,,,0.1358131468296051,0.009327319450676441,,0.0016281654825434089,,0.1476764678955078,,0.012880682945251465,,0.00450554396957159,,0.0029760024044662714,,0.004520966671407223,,0.00337090902030468,,0.3309132158756256,,,,,,,,,,,,,,,,
21,18199,,0.005954144522547722,,0.0,,0.09845898300409317,,0.003553948365151882,,0.20015177130699158,,,0.14515243470668793,0.003823783015832305,,0.001366690150462091,,0.14952632784843445,,0.011151140555739403,,0.003779155667871237,,0.002684631384909153,,0.0038071051239967346,,0.003553948365151882,,0.31660863757133484,,,,,,,,,,,,,,,,
21,18209,,0.008599849417805672,,0.0,,0.11060741543769836,,0.0026082852855324745,,0.1992751657962799,,,0.1469167023897171,0.00791834108531475,,0.0018299040384590626,,0.1496547907590866,,0.022838111966848373,,0.01046240795403719,,0.0026642463635653257,,0.004196563269942999,,0.0026082852855324745,,0.335884153842926,,,,,,,,,,,,,,,,
21,18219,,0.019491571933031082,,0.0,,0.14000017940998077,,0.0027772216126322746,,0.19945505261421204,,,0.14524385333061218,0.003737285267561674,,0.003080445108935237,,0.15280941128730774,,0.007681399583816528,,0.0030263361986726522,,0.002525565680116415,,0.003625344019383192,,0.0027772216126322746,,0.34353944659233093,,,,,,,,,,,,,,,,
21,18229,,0.0068040951155126095,,0.0,,0.10854239016771317,,0.002718309871852398,,0.19966794550418854,,,0.14028926193714142,0.009346297942101955,,0.0021185441873967648,,0.14491358399391174,,0.01010469626635313,,0.004151657223701477,,0.0026367593090981245,,0.004034267272800207,,0.002718309871852398,,0.3196810483932495,,,,,,,,,,,,,,,,
21,18239,,0.00827411375939846,,0.0,,0.0943538174033165,,0.0025048265233635902,,0.19930924475193024,,,0.14746251702308655,0.0028297267854213715,,0.0017158034024760127,,0.14966228604316711,,0.00726959016174078,,0.003114518476650119,,0.0024987400975078344,,0.003698955988511443,,0.0025048265233635902,,0.3131965398788452,,,,,,,,,,,,,,,,
21,18249,,0.015238568186759949,,0.0,,0.11759936064481735,,0.0031949011608958244,,0.2008882462978363,,,0.14732767641544342,0.004039326217025518,,0.0035657405387610197,,0.15360864996910095,,0.010467909276485443,,0.003933705855160952,,0.0027030135970562696,,0.0040649231523275375,,0.0031949011608958244,,0.3353484570980072,,,,,,,,,,,,,,,,
21,18259,,0.026254575699567795,,0.0,,0.134598046541214,,0.0036052651703357697,,0.19953510165214539,,,0.15497052669525146,0.004354822915047407,,0.007344349753111601,,0.15072181820869446,,0.009183257818222046,,0.004297708626836538,,0.0024474842939525843,,0.004026883281767368,,0.0036052651703357697,,0.352683424949646,,,,,,,,,,,,,,,,
21,18269,,0.008320074528455734,,0.0,,0.10756946355104446,,0.00585614237934351,,0.19919468462467194,,,0.14881859719753265,0.005486567039042711,,0.002229983452707529,,0.14501230418682098,,0.012069519609212875,,0.005718448664993048,,0.0024622236378490925,,0.003928477875888348,,0.00585614237934351,,0.3252975046634674,,,,,,,,,,,,,,,,
21,18279,,0.008600080385804176,,0.0,,0.11058913916349411,,0.0023817960172891617,,0.20053492486476898,,,0.14442728459835052,0.007707572542130947,,0.001782891689799726,,0.1492142677307129,,0.009510220028460026,,0.002732515335083008,,0.0026355169247835875,,0.0036553568206727505,,0.0023817960172891617,,0.3237134516239166,,,,,,,,,,,,,,,,
21,18289,,0.012326246127486229,,0.0,,0.11612443625926971,,0.002523343078792095,,0.1991891860961914,,,0.14975681900978088,0.003116487991064787,,0.003756431397050619,,0.15019217133522034,,0.008856043219566345,,0.003943616524338722,,0.002422190736979246,,0.0036160852760076523,,0.002523343078792095,,0.32971957325935364,,,,,,,,,,,,,,,,
21,18299,,0.008408869616687298,,0.0,,0.10783113539218903,,0.0030621131882071495,,0.19948463141918182,,,0.15023323893547058,0.005382329225540161,,0.001981677720323205,,0.1465100347995758,,0.010040262714028358,,0.002642673207446933,,0.0026826702523976564,,0.0038418201729655266,,0.0030621131882071495,,0.3229716718196869,,,,,,,,,,,,,,,,
21,18309,,0.007771252188831568,,0.0,,0.10390648245811462,,0.0020162658765912056,,0.2021319419145584,,,0.1524808704853058,0.0015952690737321973,,0.0022750431671738625,,0.15022291243076324,,0.013128320686519146,,0.004549918230623007,,0.0026603122241795063,,0.0038130166940391064,,0.0020162658765912056,,0.32518234848976135,,,,,,,,,,,,,,,,
21,18319,,0.0074716974049806595,,0.0,,0.1159055158495903,,0.002971392124891281,,0.20060348510742188,,,0.1496681272983551,0.0058861239813268185,,0.0021195283625274897,,0.14503777027130127,,0.009822437539696693,,0.00356684229336679,,0.002826156560331583,,0.004105815198272467,,0.002971392124891281,,0.32704538106918335,,,,,,,,,,,,,,,,
21,18329,,0.011312058195471764,,0.0,,0.1167897880077362,,0.0024353722110390663,,0.19969753921031952,,,0.14755845069885254,0.002407645108178258,,0.001693177386187017,,0.14844465255737305,,0.005162541754543781,,0.002436544978991151,,0.0023323814384639263,,0.0033859163522720337,,0.0024353722110390663,,0.3235209882259369,,,,,,,,,,,,,,,,
21,18339,,0.020427359268069267,,0.0,,0.11585123836994171,,0.00639413483440876,,0.20155996084213257,,,0.1526130735874176,0.00640510767698288,,0.006380814127624035,,0.1624506711959839,,0.013760642148554325,,0.004611921031028032,,0.002695680595934391,,0.003942885901778936,,0.00639413483440876,,0.350518137216568,,,,,,,,,,,,,,,,
21,18349,,0.0088740773499012,,0.0,,0.10942760109901428,,0.0018997453153133392,,0.20156943798065186,,,0.14474640786647797,0.006296818144619465,,0.0018061659066006541,,0.1445174366235733,,0.0065252818167209625,,0.002722600707784295,,0.0024809525348246098,,0.0034168430138379335,,0.0018997453153133392,,0.3188501000404358,,,,,,,,,,,,,,,,
21,18359,,0.00812780112028122,,0.0,,0.11110866814851761,,0.003086448647081852,,0.19916599988937378,,,0.14520524442195892,0.005625179503113031,,0.0014874932821840048,,0.14755070209503174,,0.008084602653980255,,0.003424397436901927,,0.002660131547600031,,0.004012672230601311,,0.003086448647081852,,0.32177603244781494,,,,,,,,,,,,,,,,
21,18369,,0.009339029900729656,,0.0,,0.11896474659442902,,0.00343457143753767,,0.1996813416481018,,,0.15264259278774261,0.0075136953964829445,,0.00642112223431468,,0.15109628438949585,,0.011298175901174545,,0.004654435440897942,,0.002629607217386365,,0.00407456187531352,,0.00343457143753767,,0.33791235089302063,,,,,,,,,,,,,,,,
21,18379,,0.009021601639688015,,0.0,,0.1279425472021103,,0.02295006439089775,,0.19938872754573822,,,0.13970351219177246,0.0018210657872259617,,0.0009940481977537274,,0.1464388370513916,,0.03602591156959534,,0.02055438980460167,,0.002816062653437257,,0.004642360843718052,,0.02295006439089775,,0.35847070813179016,,,,,,,,,,,,,,,,
21,18389,,0.008836534805595875,,0.0,,0.11038697510957718,,0.00432869978249073,,0.20107167959213257,,,0.1428694725036621,0.0014210466761142015,,0.002215046901255846,,0.14765821397304535,,0.008284916169941425,,0.003569068619981408,,0.002412871690467,,0.003604784607887268,,0.00432869978249073,,0.3201320171356201,,,,,,,,,,,,,,,,
21,18399,,0.009837061166763306,,0.0,,0.10415826737880707,,0.003008567728102207,,0.19971227645874023,,,0.13620644807815552,0.0021074297837913036,,0.0024433478247374296,,0.14982455968856812,,0.006011657416820526,,0.0026003685779869556,,0.002592650707811117,,0.0037207098212093115,,0.003008567728102207,,0.3129720389842987,,,,,,,,,,,,,,,,
21,18409,,0.0065406193025410175,,0.0,,0.1137600690126419,,0.006856683641672134,,0.20601989328861237,,,0.15607279539108276,0.008600887842476368,,0.004055954050272703,,0.1497061848640442,,0.019000180065631866,,0.008241317234933376,,0.0027701498474925756,,0.004494462627917528,,0.006856683641672134,,0.3453068137168884,,,,,,,,,,,,,,,,
21,18419,,0.007218002341687679,,0.0,,0.09326550364494324,,0.005039692856371403,,0.19913943111896515,,,0.15076211094856262,0.007600237615406513,,0.002447196515277028,,0.15073180198669434,,0.005574655253440142,,0.0027638180181384087,,0.002508810954168439,,0.0035248964559286833,,0.005039692856371403,,0.3170505464076996,,,,,,,,,,,,,,,,
21,18429,,0.010050017386674881,,0.0,,0.12007717043161392,,0.005701863206923008,,0.20210309326648712,,,0.15845555067062378,0.018465887755155563,,0.002332214266061783,,0.14876478910446167,,0.024525709450244904,,0.012529605999588966,,0.0026117791421711445,,0.004552300088107586,,0.005701863206923008,,0.3573611378669739,,,,,,,,,,,,,,,,
21,18439,,0.010705063119530678,,0.0,,0.1114644706249237,,0.03139111027121544,,0.20055893063545227,,,0.1438014805316925,0.002837410196661949,,0.003392743645235896,,0.1455082893371582,,0.014467082917690277,,0.008653847500681877,,0.0027186318766325712,,0.004099884536117315,,0.03139111027121544,,0.3418493866920471,,,,,,,,,,,,,,,,
21,18449,,0.01140037551522255,,0.0,,0.10659085959196091,,0.002285994589328766,,0.1996004730463028,,,0.1603527069091797,0.00370516418479383,,0.005320146679878235,,0.15444150567054749,,0.0065256403759121895,,0.002968439133837819,,0.0024009302724152803,,0.0035958685912191868,,0.002285994589328766,,0.33139199018478394,,,,,,,,,,,,,,,,
21,18459,,0.015912175178527832,,0.0,,0.11052872240543365,,0.0029987990856170654,,0.2007630318403244,,,0.1402004510164261,0.004556132014840841,,0.004512149374932051,,0.1532147228717804,,0.01083742082118988,,0.004658191464841366,,0.0027014040388166904,,0.003857283154502511,,0.0029987990856170654,,0.32929888367652893,,,,,,,,,,,,,,,,
21,18469,,0.01751675084233284,,0.0,,0.12916429340839386,,0.0035057449713349342,,0.19950713217258453,,,0.14628475904464722,0.0025387757923454046,,0.003461439162492752,,0.15813016891479492,,0.010015899315476418,,0.004333621356636286,,0.002471689833328128,,0.003649375168606639,,0.0035057449713349342,,0.34211450815200806,,,,,,,,,,,,,,,,
21,18479,,0.00910278595983982,,0.0,,0.13539934158325195,,0.008329047821462154,,0.2002726048231125,,,0.1517520397901535,0.008598342537879944,,0.002129544038325548,,0.14730219542980194,,0.028904393315315247,,0.011603226885199547,,0.0034028973896056414,,0.0056298645213246346,,0.008329047821462154,,0.35902807116508484,,,,,,,,,,,,,,,,
21,18489,,0.02113301306962967,,0.0,,0.11593425273895264,,0.0037973858416080475,,0.20218099653720856,,,0.15177662670612335,0.008561404421925545,,0.006503933575004339,,0.15138792991638184,,0.009901623241603374,,0.004201160278171301,,0.0025312614161521196,,0.004000331740826368,,0.0037973858416080475,,0.34295517206192017,,,,,,,,,,,,,,,,
21,18499,,0.008645317517220974,,0.0,,0.12536028027534485,,0.0020914850756525993,,0.20001815259456635,,,0.14115045964717865,0.0032337394077330828,,0.0016274916706606746,,0.14768584072589874,,0.005376673769205809,,0.002408409956842661,,0.0025087425019592047,,0.00370519096031785,,0.0020914850756525993,,0.3237585425376892,,,,,,,,,,,,,,,,
21,18509,,0.011111954227089882,,0.0,,0.1290220320224762,,0.002220180816948414,,0.19989903271198273,,,0.14484545588493347,0.00619391119107604,,0.002191823208704591,,0.14872954785823822,,0.01086089201271534,,0.0025662623811513186,,0.0026265704073011875,,0.003697796957567334,,0.002220180816948414,,0.33383163809776306,,,,,,,,,,,,,,,,
21,18519,,0.014295076951384544,,0.0,,0.11083439737558365,,0.0028792470693588257,,0.20018067955970764,,,0.14482687413692474,0.0027062450535595417,,0.002233989769592881,,0.15324243903160095,,0.008920582942664623,,0.0031490966212004423,,0.0027762071695178747,,0.0039079515263438225,,0.0028792470693588257,,0.32693037390708923,,,,,,,,,,,,,,,,
21,18529,,0.009537648409605026,,0.0,,0.12163800001144409,,0.0038090189918875694,,0.20294862985610962,,,0.14258363842964172,0.0037801233120262623,,0.0018899220740422606,,0.1469617486000061,,0.009792338125407696,,0.0037763589061796665,,0.0029104254208505154,,0.004482709802687168,,0.0038090189918875694,,0.32929661870002747,,,,,,,,,,,,,,,,
21,18539,,0.01018797792494297,,0.0,,0.12194131314754486,,0.00413898378610611,,0.20011883974075317,,,0.1469789445400238,0.0026443928945809603,,0.0010907844407483935,,0.15405535697937012,,0.013171501457691193,,0.005659789778292179,,0.0027299702633172274,,0.003965238109230995,,0.00413898378610611,,0.33532416820526123,,,,,,,,,,,,,,,,
21,18549,,0.013360561802983284,,0.0,,0.11316423863172531,,0.0035191839560866356,,0.1994694322347641,,,0.14598174393177032,0.00507512828335166,,0.0025215893983840942,,0.15081900358200073,,0.027966266497969627,,0.011093538254499435,,0.0025705122388899326,,0.004239074420183897,,0.0035191839560866356,,0.34200969338417053,,,,,,,,,,,,,,,,
21,18559,,0.016599029302597046,,0.0,,0.13417431712150574,,0.003576040267944336,,0.20054084062576294,,,0.14900949597358704,0.004272072110325098,,0.003020249307155609,,0.15452919900417328,,0.010823746211826801,,0.004263660870492458,,0.0026374629233032465,,0.004032660275697708,,0.003576040267944336,,0.3457556664943695,,,,,,,,,,,,,,,,
21,18569,,0.014148421585559845,,0.0,,0.11342064291238785,,0.0026687681674957275,,0.20022214949131012,,,0.15754087269306183,0.004925146698951721,,0.00469557661563158,,0.15134117007255554,,0.012457326054573059,,0.004853154066950083,,0.002650638110935688,,0.004093200899660587,,0.0026687681674957275,,0.33855509757995605,,,,,,,,,,,,,,,,
21,18579,,0.0071241832338273525,,0.0,,0.10211893171072006,,0.002656996250152588,,0.19958987832069397,,,0.1449664831161499,0.014021358452737331,,0.0021174028515815735,,0.15234249830245972,,0.01077338494360447,,0.004597210790961981,,0.00253221089951694,,0.0038304533809423447,,0.002656996250152588,,0.3252507150173187,,,,,,,,,,,,,,,,
21,18589,,0.0061930520460009575,,0.0,,0.09358419477939606,,0.003285737708210945,,0.2022029161453247,,,0.14842121303081512,0.004640704020857811,,0.00156708387658,,0.14991281926631927,,0.010458938777446747,,0.003405204741284251,,0.0026457381900399923,,0.003697517793625593,,0.003285737708210945,,0.316856324672699,,,,,,,,,,,,,,,,
21,18589,,,,,,,,,,,,,,,,,,,,,,,,,,,,,,,,0.0657292827963829,0.0,0.3402400314807892,0.22056248784065247,0.2982217073440552,0.1099853664636612,0.22046159207820892,0.03663887828588486,0.2168409675359726,0.43831971287727356,0.2164183109998703,0.004287686664611101,0.01883545145392418,0.22056248784065247,1.1026884317398071
21,18589,0.010750504210591316,,0.0,,0.11457858234643936,,0.00538067938759923,,0.20063970983028412,,0.005639747250825167,0.1463180035352707,,,0.0024578676093369722,,0.1496264636516571,,0.011818896047770977,,0.005050466395914555,,0.002599657280370593,,0.003926870878785849,,0.00538067938759923,,0.33135712146759033,,0.25361958146095276,,,,,,,,,,,,,,,
22,18599,,0.011136291548609734,,0.0,,0.10310088843107224,,0.001941523514688015,,0.19931307435035706,,,0.1322356015443802,0.0041132415644824505,,0.0017846658593043685,,0.1445910781621933,,0.00899043120443821,,0.0032479064539074898,,0.002723582787439227,,0.00391390360891819,,0.001941523514688015,,0.3105030357837677,,,,,,,,,,,,,,,,
22,18609,,0.009608977474272251,,0.0,,0.11372391879558563,,0.0032955724745988846,,0.1996423304080963,,,0.14638660848140717,0.0037035709246993065,,0.0015621623024344444,,0.14936164021492004,,0.010207142680883408,,0.004285294562578201,,0.0026041828095912933,,0.003916031681001186,,0.0032955724745988846,,0.3261066973209381,,,,,,,,,,,,,,,,
22,18619,,0.008960331790149212,,0.0,,0.09817010164260864,,0.004891392774879932,,0.2014009803533554,,,0.1483658105134964,0.0069704619236290455,,0.0013141584349796176,,0.14792010188102722,,0.014322102069854736,,0.0061209117993712425,,0.0027287015691399574,,0.004219577182084322,,0.004891392774879932,,0.32480213046073914,,,,,,,,,,,,,,,,
22,18629,,0.009172252379357815,,0.0,,0.11724346876144409,,0.028877440840005875,,0.1993786096572876,,,0.14933353662490845,0.003320932388305664,,0.0014330609701573849,,0.15038934350013733,,0.022746460512280464,,0.013113562017679214,,0.0030664755031466484,,0.004537341650575399,,0.028877440840005875,,0.3535749316215515,,,,,,,,,,,,,,,,
22,18639,,0.009733163751661777,,0.0,,0.1276230663061142,,0.0029004057869315147,,0.20023837685585022,,,0.15121449530124664,0.015415496192872524,,0.006551756989210844,,0.14750564098358154,,0.007571846712380648,,0.003212581854313612,,0.0024895695969462395,,0.003873127978295088,,0.0029004057869315147,,0.34110134840011597,,,,,,,,,,,,,,,,
22,18649,,0.006668033078312874,,0.0,,0.10909208655357361,,0.0038192616775631905,,0.20262913405895233,,,0.13898999989032745,0.003383226227015257,,0.0027819182723760605,,0.14559400081634521,,0.010330082848668098,,0.0037980310153216124,,0.0027350045274943113,,0.0041351704858243465,,0.0038192616775631905,,0.3190455436706543,,,,,,,,,,,,,,,,
22,18659,,0.006898551248013973,,0.0,,0.09575556963682175,,0.0033743809908628464,,0.19908252358436584,,,0.14070716500282288,0.0016763049643486738,,0.0014932480407878757,,0.14531242847442627,,0.009294023737311363,,0.003826652653515339,,0.0025026979856193066,,0.0037040486931800842,,0.0033743809908628464,,0.30866581201553345,,,,,,,,,,,,,,,,
22,18669,,0.007870263420045376,,0.0,,0.11268879473209381,,0.0039880890399217606,,0.1991671621799469,,,0.14289461076259613,0.00525567727163434,,0.0023227264173328876,,0.14826679229736328,,0.012210509739816189,,0.0050612217746675014,,0.0025573058519512415,,0.003966133110225201,,0.0039880890399217606,,0.3251076638698578,,,,,,,,,,,,,,,,
22,18679,,0.00900352280586958,,0.0,,0.09565854072570801,,0.005023311823606491,,0.1998443305492401,,,0.14776493608951569,0.004626019857823849,,0.0017108567990362644,,0.14783629775047302,,0.012083703652024269,,0.0048636882565915585,,0.00278115295805037,,0.004580738488584757,,0.005023311823606491,,0.32017889618873596,,,,,,,,,,,,,,,,
22,18689,,0.01099461317062378,,0.0,,0.10339891910552979,,0.006755676120519638,,0.200471431016922,,,0.14514215290546417,0.006583045236766338,,0.0026941001415252686,,0.15056344866752625,,0.009062349796295166,,0.004962248262017965,,0.0023513820488005877,,0.003952653147280216,,0.006755676120519638,,0.3254423439502716,,,,,,,,,,,,,,,,
22,18699,,0.0070370277389883995,,0.0,,0.10223305970430374,,0.005930041894316673,,0.20075742900371552,,,0.14497199654579163,0.0019271004712209105,,0.0015250666765496135,,0.1458229422569275,,0.012728333473205566,,0.005300939083099365,,0.0025152384769171476,,0.004091485869139433,,0.005930041894316673,,0.31946608424186707,,,,,,,,,,,,,,,,
22,18709,,0.0236282367259264,,0.0,,0.13115288317203522,,0.005645318888127804,,0.20173180103302002,,,0.14349372684955597,0.004115786869078875,,0.004375508055090904,,0.15899458527565002,,0.010523616336286068,,0.004952848888933659,,0.0025004001799970865,,0.004027894698083401,,0.005645318888127804,,0.34958526492118835,,,,,,,,,,,,,,,,
22,18719,,0.0068535334430634975,,0.0,,0.11289868503808975,,0.006817532703280449,,0.20001381635665894,,,0.13974089920520782,0.0064179059118032455,,0.0009547984227538109,,0.14586657285690308,,0.015550477430224419,,0.007224975619465113,,0.0025589524302631617,,0.0045711626298725605,,0.006817532703280449,,0.32702022790908813,,,,,,,,,,,,,,,,
22,18729,,0.008053327910602093,,0.0,,0.10435979813337326,,0.00529200304299593,,0.20003730058670044,,,0.15436971187591553,0.014577322639524937,,0.0013717473484575748,,0.14782650768756866,,0.011168064549565315,,0.005022174678742886,,0.0024998211301863194,,0.003910751082003117,,0.00529200304299593,,0.33119964599609375,,,,,,,,,,,,,,,,
22,18739,,0.009264020249247551,,0.0,,0.12051485478878021,,0.0033497968688607216,,0.1998784840106964,,,0.1398569643497467,0.0032252368982881308,,0.002932700328528881,,0.1481669843196869,,0.010183220729231834,,0.004219580441713333,,0.002772199921309948,,0.0043038856238126755,,0.0033497968688607216,,0.32648590207099915,,,,,,,,,,,,,,,,
22,18749,,0.010760501027107239,,0.0,,0.1165931299328804,,0.005386345088481903,,0.20222651958465576,,,0.15003974735736847,0.0022202699910849333,,0.0017214855179190636,,0.15160846710205078,,0.007302283309400082,,0.002876454731449485,,0.0026660675648599863,,0.0036443814169615507,,0.005386345088481903,,0.3303450047969818,,,,,,,,,,,,,,,,
22,18759,,0.009465746581554413,,0.0,,0.10220668464899063,,0.0347106009721756,,0.20137366652488708,,,0.1513073742389679,0.00565016595646739,,0.003332490799948573,,0.14889490604400635,,0.009983252733945847,,0.00805832352489233,,0.002578646643087268,,0.0039173089899122715,,0.0347106009721756,,0.34269824624061584,,,,,,,,,,,,,,,,
22,18769,,0.008496850728988647,,0.0,,0.11475438624620438,,0.0030348962172865868,,0.1995706856250763,,,0.14853182435035706,0.0014660658780485392,,0.001108758500777185,,0.14270421862602234,,0.006483190692961216,,0.0030262235086411238,,0.002481624949723482,,0.003926945384591818,,0.0030348962172865868,,0.31975629925727844,,,,,,,,,,,,,,,,
22,18779,,0.009312965907156467,,0.0,,0.1080302968621254,,0.033233799040317535,,0.19996954500675201,,,0.15395253896713257,0.02786618284881115,,0.0010586095741018653,,0.1464734524488449,,0.02619301714003086,,0.02007891610264778,,0.0026788890827447176,,0.004627424757927656,,0.033233799040317535,,0.3690515160560608,,,,,,,,,,,,,,,,
22,18789,,0.007196610793471336,,0.0,,0.1055830866098404,,0.003272666595876217,,0.1993861198425293,,,0.145465686917305,0.0022822704631835222,,0.0011686922516673803,,0.14784327149391174,,0.007351324427872896,,0.0032037366181612015,,0.002544601447880268,,0.0038424385711550713,,0.003272666595876217,,0.3164914846420288,,,,,,,,,,,,,,,,
22,18799,,0.011196215637028217,,0.0,,0.11566336452960968,,0.0024607181549072266,,0.1992599070072174,,,0.14835792779922485,0.003559686942026019,,0.0019898496102541685,,0.14503473043441772,,0.006389666348695755,,0.002380402758717537,,0.0026639217976480722,,0.003737512044608593,,0.0024607181549072266,,0.32321569323539734,,,,,,,,,,,,,,,,
22,18809,,0.007756670005619526,,0.0,,0.0996273010969162,,0.0028629712760448456,,0.19918806850910187,,,0.14656372368335724,0.002268416341394186,,0.001342989969998598,,0.1437528431415558,,0.006652781739830971,,0.002876317361369729,,0.0024788640439510345,,0.0036848485469818115,,0.0028629712760448456,,0.31137028336524963,,,,,,,,,,,,,,,,
22,18819,,0.007486181333661079,,0.0,,0.10118512809276581,,0.002630932256579399,,0.19910316169261932,,,0.14742222428321838,0.004115572664886713,,0.0023625066969543695,,0.1461554765701294,,0.004814646206796169,,0.0021469853818416595,,0.002448451006785035,,0.0033852371852844954,,0.002630932256579399,,0.3133208453655243,,,,,,,,,,,,,,,,
22,18829,,0.005987402517348528,,0.0,,0.08981797844171524,,0.003242935985326767,,0.1998247355222702,,,0.13453175127506256,0.004367658402770758,,0.003192862495779991,,0.1487063318490982,,0.006383231841027737,,0.002706135855987668,,0.0025993729941546917,,0.003937403671443462,,0.003242935985326767,,0.30461758375167847,,,,,,,,,,,,,,,,
22,18839,,0.009721921756863594,,0.0,,0.1152571588754654,,0.029651924967765808,,0.20016881823539734,,,0.15368719398975372,0.02768467739224434,,0.0018785579595714808,,0.14784273505210876,,0.017446625977754593,,0.01416701078414917,,0.0024741124361753464,,0.004156485199928284,,0.029651924967765808,,0.364146888256073,,,,,,,,,,,,,,,,
22,18849,,0.011601567268371582,,0.0,,0.12473945319652557,,0.0031120572239160538,,0.20015448331832886,,,0.13675102591514587,0.0021118249278515577,,0.0017189052887260914,,0.15069973468780518,,0.01260341890156269,,0.005112378858029842,,0.0025997033808380365,,0.004153276793658733,,0.0031120572239160538,,0.3297555446624756,,,,,,,,,,,,,,,,
22,18859,,0.009710888378322124,,0.0,,0.10644561052322388,,0.003268590196967125,,0.20041216909885406,,,0.1500333845615387,0.006801883690059185,,0.002118038944900036,,0.14707453548908234,,0.011175399646162987,,0.004257669672369957,,0.00259404513053596,,0.003911635838449001,,0.003268590196967125,,0.3258577585220337,,,,,,,,,,,,,,,,
22,18869,,0.010297405533492565,,0.0,,0.0994366854429245,,0.002482646144926548,,0.19938237965106964,,,0.14788678288459778,0.0015055208932608366,,0.0017867693677544594,,0.149384006857872,,0.006051155272871256,,0.002735947258770466,,0.0024428190663456917,,0.0036160126328468323,,0.002482646144926548,,0.31531211733818054,,,,,,,,,,,,,,,,
22,18879,,0.009743955917656422,,0.0,,0.10428112745285034,,0.0024002110585570335,,0.19955210387706757,,,0.14367051422595978,0.0021226191893219948,,0.00247650733217597,,0.15180464088916779,,0.008922023698687553,,0.003646025899797678,,0.00258666486479342,,0.0038706562481820583,,0.0024002110585570335,,0.31947386264801025,,,,,,,,,,,,,,,,
22,18889,,0.011327406391501427,,0.0,,0.12290927767753601,,0.002208092249929905,,0.1990649700164795,,,0.15103816986083984,0.0034903716295957565,,0.004452714696526527,,0.14702999591827393,,0.0065803369507193565,,0.0026021439116448164,,0.002582851331681013,,0.0036554180551320314,,0.002208092249929905,,0.3302985727787018,,,,,,,,,,,,,,,,
22,18899,,0.008419275283813477,,0.0,,0.12102986872196198,,0.0027315495535731316,,0.2028263658285141,,,0.15283818542957306,0.004846792668104172,,0.003027344588190317,,0.14872592687606812,,0.009473222307860851,,0.003650703700259328,,0.0025720868725329638,,0.003861943492665887,,0.0027315495535731316,,0.3339325785636902,,,,,,,,,,,,,,,,
22,18909,,0.011900335550308228,,0.0,,0.11564739048480988,,0.002691366709768772,,0.19945672154426575,,,0.15008598566055298,0.005156693980097771,,0.0027975719422101974,,0.14802241325378418,,0.005057118833065033,,0.002013420220464468,,0.0025718328543007374,,0.003526113461703062,,0.002691366709768772,,0.32622653245925903,,,,,,,,,,,,,,,,
22,18919,,0.01084974966943264,,0.0,,0.11687686294317245,,0.003164895810186863,,0.19915567338466644,,,0.1535271555185318,0.001161531894467771,,0.0013557112542912364,,0.15309470891952515,,0.014418570324778557,,0.007623281795531511,,0.002540751826018095,,0.0038568233139812946,,0.003164895810186863,,0.3357412815093994,,,,,,,,,,,,,,,,
22,18929,,0.009954907931387424,,0.0,,0.11910450458526611,,0.002604810521006584,,0.20098519325256348,,,0.15152689814567566,0.003595436690375209,,0.0013526225229725242,,0.14822225272655487,,0.0077682314440608025,,0.0028790130745619535,,0.002542449627071619,,0.003708943724632263,,0.002604810521006584,,0.3289770781993866,,,,,,,,,,,,,,,,
22,18939,,0.007500128820538521,,0.0,,0.09753560274839401,,0.0030480176210403442,,0.19954495131969452,,,0.1496649533510208,0.0023813799489289522,,0.00139466708060354,,0.1483449935913086,,0.007684819865971804,,0.003284525591880083,,0.0024532757233828306,,0.0036066605243831873,,0.0030480176210403442,,0.31502532958984375,,,,,,,,,,,,,,,,
22,18949,,0.006947300396859646,,0.0,,0.10126941651105881,,0.002522699534893036,,0.2007356882095337,,,0.13825567066669464,0.012058219872415066,,0.000920908700209111,,0.14505423605442047,,0.04161657392978668,,0.012964995577931404,,0.002906790701672435,,0.00452512688934803,,0.002522699534893036,,0.3371514081954956,,,,,,,,,,,,,,,,
22,18959,,0.006560140755027533,,0.0,,0.11266564577817917,,0.0030917972326278687,,0.19960519671440125,,,0.13845685124397278,0.005098600871860981,,0.0008970793569460511,,0.14717602729797363,,0.014130817726254463,,0.005695997271686792,,0.002747752470895648,,0.0041267541237175465,,0.0030917972326278687,,0.3221897482872009,,,,,,,,,,,,,,,,
22,18969,,0.008188521489501,,0.0,,0.10870086401700974,,0.002927054651081562,,0.19999437034130096,,,0.1357165277004242,0.01139217521995306,,0.0015373046044260263,,0.14733701944351196,,0.006927895359694958,,0.0026838527992367744,,0.002593564335256815,,0.003565557301044464,,0.002927054651081562,,0.3175651431083679,,,,,,,,,,,,,,,,
22,18979,,0.010090726427733898,,0.0,,0.11469165980815887,,0.0024748584255576134,,0.19931939244270325,,,0.1473182886838913,0.008275107480585575,,0.004035172518342733,,0.14837700128555298,,0.0059876772575080395,,0.002520355861634016,,0.0024537253193557262,,0.003634508466348052,,0.0024748584255576134,,0.3264065384864807,,,,,,,,,,,,,,,,
22,18989,,0.010688559152185917,,0.0,,0.10751461982727051,,0.0016339393332600594,,0.20018529891967773,,,0.13782615959644318,0.003845964791253209,,0.0012827584287151694,,0.14927038550376892,,0.0046265884302556515,,0.001884826342575252,,0.0024366499856114388,,0.0033320914953947067,,0.0016339393332600594,,0.313929945230484,,,,,,,,,,,,,,,,
22,18999,,0.011665253899991512,,0.0,,0.10728803277015686,,0.002782990224659443,,0.1994105875492096,,,0.14514246582984924,0.0034557036124169827,,0.0016650897450745106,,0.14532294869422913,,0.0069745853543281555,,0.0029652598313987255,,0.002559266285970807,,0.0037181302905082703,,0.002782990224659443,,0.3183342218399048,,,,,,,,,,,,,,,,
22,19009,,0.007217778824269772,,0.0,,0.10826045274734497,,0.002751561813056469,,0.20167458057403564,,,0.13882789015769958,0.002145774196833372,,0.0014143118169158697,,0.14453670382499695,,0.011520588770508766,,0.005006878171116114,,0.0024326478596776724,,0.0037034538108855486,,0.002751561813056469,,0.31659799814224243,,,,,,,,,,,,,,,,
22,19019,,0.006970272399485111,,0.0,,0.10934384912252426,,0.0031950436532497406,,0.20041322708129883,,,0.14497481286525726,0.0022191060706973076,,0.0018530720844864845,,0.15419068932533264,,0.009868904016911983,,0.0036466114688664675,,0.002698352560400963,,0.003969929181039333,,0.0031950436532497406,,0.32365694642066956,,,,,,,,,,,,,,,,
22,19029,,0.009486012160778046,,0.0,,0.12033747881650925,,0.002720324322581291,,0.20063212513923645,,,0.1480693519115448,0.0038113605696707964,,0.002607632428407669,,0.14919303357601166,,0.00582744088023901,,0.0026978517416864634,,0.0024554673582315445,,0.0036789195146411657,,0.002720324322581291,,0.3275979459285736,,,,,,,,,,,,,,,,
22,19039,,0.009607113897800446,,0.0,,0.10963745415210724,,0.002431889995932579,,0.20101657509803772,,,0.15023662149906158,0.0022470904514193535,,0.0024623963981866837,,0.14905506372451782,,0.006227117497473955,,0.002469023922458291,,0.0023827969562262297,,0.0033731453586369753,,0.002431889995932579,,0.32225972414016724,,,,,,,,,,,,,,,,
22,19049,,0.010560405440628529,,0.0,,0.11771351099014282,,0.003131686709821224,,0.19964241981506348,,,0.15066057443618774,0.004932846408337355,,0.004397868644446135,,0.1485825479030609,,0.010513068176805973,,0.003537779673933983,,0.00272370595484972,,0.003856391180306673,,0.003131686709821224,,0.33205458521842957,,,,,,,,,,,,,,,,
22,19059,,0.006195602938532829,,0.0,,0.10335376113653183,,0.0037354202941060066,,0.20415443181991577,,,0.13748812675476074,0.002830852521583438,,0.0033166648354381323,,0.13857515156269073,,0.010458768345415592,,0.003760389517992735,,0.0027417801320552826,,0.00401608319953084,,0.0037354202941060066,,0.3123215436935425,,,,,,,,,,,,,,,,
22,19069,,0.014852690510451794,,0.0,,0.11655039340257645,,0.0023272763937711716,,0.20030957460403442,,,0.14613579213619232,0.004632830619812012,,0.0029204075690358877,,0.14757370948791504,,0.005926266312599182,,0.0027093212120234966,,0.002450860571116209,,0.003579107578843832,,0.0023272763937711716,,0.32677367329597473,,,,,,,,,,,,,,,,
22,19079,,0.011442998424172401,,0.0,,0.10520213097333908,,0.0024092039093375206,,0.20174920558929443,,,0.14715518057346344,0.001805078238248825,,0.0015458049019798636,,0.15148451924324036,,0.007148189470171928,,0.0028241798281669617,,0.0025314255617558956,,0.003702355781570077,,0.0024092039093375206,,0.3213512897491455,,,,,,,,,,,,,,,,
22,19089,,0.00784332025796175,,0.0,,0.08825089037418365,,0.002749866805970669,,0.19911515712738037,,,0.14166586101055145,0.0024964017793536186,,0.0019136605551466346,,0.14691178500652313,,0.009636706672608852,,0.0026022738311439753,,0.0024697997141629457,,0.0035992434713989496,,0.002749866805970669,,0.30642709136009216,,,,,,,,,,,,,,,,
22,19099,,0.012182347476482391,,0.0,,0.11168165504932404,,0.0025206664577126503,,0.20071084797382355,,,0.13607297837734222,0.007987861521542072,,0.005702126771211624,,0.1441555917263031,,0.013384036719799042,,0.003843956859782338,,0.0025162582751363516,,0.0036452333442866802,,0.0025206664577126503,,0.3240244388580322,,,,,,,,,,,,,,,,
22,19109,,0.01667642593383789,,0.0,,0.1333637535572052,,0.0021035168319940567,,0.1995168924331665,,,0.14158199727535248,0.0029204988386482,,0.003756122197955847,,0.15425272285938263,,0.006678598001599312,,0.0028948369435966015,,0.002505186479538679,,0.0036540215369313955,,0.0021035168319940567,,0.33677929639816284,,,,,,,,,,,,,,,,
22,19119,,0.009222209453582764,,0.0,,0.11800979822874069,,0.003852483816444874,,0.20009036362171173,,,0.14616505801677704,0.004319007974117994,,0.0013729323400184512,,0.14290469884872437,,0.010811148211359978,,0.0048228115774691105,,0.002480292459949851,,0.004083496984094381,,0.003852483816444874,,0.3261088728904724,,,,,,,,,,,,,,,,
22,19129,,0.009679165668785572,,0.0,,0.10541896522045135,,0.0032991450279951096,,0.2003334015607834,,,0.150778129696846,0.004029795527458191,,0.0017278039595112205,,0.1487320363521576,,0.010817797854542732,,0.00410235533490777,,0.002719968557357788,,0.0040589612908661366,,0.0032991450279951096,,0.3248782157897949,,,,,,,,,,,,,,,,
22,19139,,0.006393341347575188,,0.0,,0.10282744467258453,,0.0033145640045404434,,0.20190349221229553,,,0.14489193260669708,0.008413432165980339,,0.0019250742625445127,,0.14682450890541077,,0.012814980000257492,,0.0042129866778850555,,0.0027012599166482687,,0.004070529248565435,,0.0033145640045404434,,0.3221820294857025,,,,,,,,,,,,,,,,
22,19149,,0.010955221019685268,,0.0,,0.10998360812664032,,0.0033589573577046394,,0.1994481384754181,,,0.14306244254112244,0.004592629615217447,,0.001873274683021009,,0.14973381161689758,,0.019376125186681747,,0.008398489095270634,,0.00256513524800539,,0.004331340081989765,,0.0033589573577046394,,0.3310052454471588,,,,,,,,,,,,,,,,
22,19159,,0.012044893577694893,,0.0,,0.130435049533844,,0.002172970212996006,,0.1990443766117096,,,0.14474986493587494,0.0015152080450206995,,0.0021817644592374563,,0.14977999031543732,,0.0072483220137655735,,0.0027259020134806633,,0.0029029061552137136,,0.004007996059954166,,0.002172970212996006,,0.33140864968299866,,,,,,,,,,,,,,,,
22,19169,,0.014702362939715385,,0.0,,0.10966932028532028,,0.002206576056778431,,0.20005004107952118,,,0.1444355845451355,0.005700644571334124,,0.0027968664653599262,,0.1463901549577713,,0.006250707432627678,,0.0026580574922263622,,0.0024445136077702045,,0.003490036353468895,,0.002206576056778431,,0.32214242219924927,,,,,,,,,,,,,,,,
22,19179,,0.006397347431629896,,0.0,,0.10846281051635742,,0.0024261493235826492,,0.2004011869430542,,,0.13757623732089996,0.0037580898497253656,,0.0009213597513735294,,0.1428651511669159,,0.009037913754582405,,0.0032086283899843693,,0.0024809089954942465,,0.0034902668558061123,,0.0024261493235826492,,0.31225818395614624,,,,,,,,,,,,,,,,
22,19189,,0.007416172884404659,,0.0,,0.10591692477464676,,0.0021701278164982796,,0.1991298645734787,,,0.13125233352184296,0.004270666278898716,,0.0012502309400588274,,0.1500750482082367,,0.005920033901929855,,0.002026358852162957,,0.0026204504538327456,,0.0035689598880708218,,0.0021701278164982796,,0.3095930516719818,,,,,,,,,,,,,,,,
22,19199,,0.007573498412966728,,0.0,,0.12253302335739136,,0.0028357338160276413,,0.20023131370544434,,,0.1467086672782898,0.005780646111816168,,0.0009498365689069033,,0.1445409655570984,,0.02035650983452797,,0.008207331411540508,,0.002844854723662138,,0.004297094885259867,,0.0028357338160276413,,0.3355782926082611,,,,,,,,,,,,,,,,
22,19209,,0.00819091871380806,,0.0,,0.1000809594988823,,0.0022226758301258087,,0.20121583342552185,,,0.14320142567157745,0.004309949930757284,,0.001857765018939972,,0.15117663145065308,,0.008361038751900196,,0.003541358280926943,,0.002414874965324998,,0.003610762767493725,,0.0022226758301258087,,0.3168974816799164,,,,,,,,,,,,,,,,
22,19219,,0.017248433083295822,,0.0,,0.1262064427137375,,0.0018886495381593704,,0.20747876167297363,,,0.1408846080303192,0.0031943493522703648,,0.003994983620941639,,0.1570855677127838,,0.006080479361116886,,0.0023748392704874277,,0.0023804467637091875,,0.0033432692289352417,,0.0018886495381593704,,0.3377520442008972,,,,,,,,,,,,,,,,
22,19229,,0.010914405807852745,,0.0,,0.10914427787065506,,0.0032989224418997765,,0.20031528174877167,,,0.13999663293361664,0.0019574312027543783,,0.0019004627829417586,,0.1514243185520172,,0.008465984836220741,,0.0031828477513045073,,0.002669636392965913,,0.003959730267524719,,0.0032989224418997765,,0.32059478759765625,,,,,,,,,,,,,,,,
22,19239,,0.011046648025512695,,0.0,,0.1182984858751297,,0.004215178079903126,,0.20007385313510895,,,0.14739277958869934,0.002204875461757183,,0.001526116393506527,,0.15227627754211426,,0.012918686494231224,,0.005283464211970568,,0.002654661890119314,,0.004265839233994484,,0.004215178079903126,,0.33321136236190796,,,,,,,,,,,,,,,,
22,19249,,0.00962267816066742,,0.0,,0.11725550144910812,,0.004741063341498375,,0.19972862303256989,,,0.15276269614696503,0.002210920210927725,,0.0019932352006435394,,0.14770378172397614,,0.006184207275509834,,0.0028741261921823025,,0.0025897661689668894,,0.003762289881706238,,0.004741063341498375,,0.32759562134742737,,,,,,,,,,,,,,,,
22,19259,,0.008674546144902706,,0.0,,0.10746385902166367,,0.003357379697263241,,0.20135779678821564,,,0.13702663779258728,0.002916827332228422,,0.0010728910565376282,,0.14560571312904358,,0.007577400654554367,,0.0031840312294662,,0.0025736575480550528,,0.0037381178699433804,,0.003357379697263241,,0.31414347887039185,,,,,,,,,,,,,,,,
22,19269,,0.010332509875297546,,0.0,,0.11444830149412155,,0.0021004285663366318,,0.19916363060474396,,,0.14722001552581787,0.002034339588135481,,0.0013196247164160013,,0.14814496040344238,,0.012347719632089138,,0.0023082070983946323,,0.002627469366416335,,0.003638752968981862,,0.0021004285663366318,,0.32466235756874084,,,,,,,,,,,,,,,,
22,19279,,0.009655212052166462,,0.0,,0.128138929605484,,0.003507605753839016,,0.20571008324623108,,,0.14696143567562103,0.00243864837102592,,0.0015641398495063186,,0.14910954236984253,,0.007699910551309586,,0.003612637985497713,,0.002377345459535718,,0.003785465145483613,,0.003507605753839016,,0.33417320251464844,,,,,,,,,,,,,,,,
22,19289,,0.009610378183424473,,0.0,,0.09691595286130905,,0.003336571156978607,,0.1992471069097519,,,0.14724865555763245,0.005193868651986122,,0.0034786341711878777,,0.15055625140666962,,0.007052139844745398,,0.003094807732850313,,0.0025714209768921137,,0.003924305085092783,,0.003336571156978607,,0.3180771768093109,,,,,,,,,,,,,,,,
22,19299,,0.008153358474373817,,0.0,,0.10847882926464081,,0.001924358308315277,,0.19942933320999146,,,0.14989115297794342,0.0014102696441113949,,0.0009754320490173995,,0.14975005388259888,,0.007256991229951382,,0.003394421888515353,,0.0023991556372493505,,0.003459349274635315,,0.001924358308315277,,0.3199910521507263,,,,,,,,,,,,,,,,
22,19309,,0.008256064727902412,,0.0,,0.11526289582252502,,0.0032220203429460526,,0.19973072409629822,,,0.14136189222335815,0.005011662840843201,,0.001865670899860561,,0.1533617079257965,,0.01878258027136326,,0.006127831991761923,,0.002649257192388177,,0.004195900168269873,,0.0032220203429460526,,0.3320120573043823,,,,,,,,,,,,,,,,
22,19319,,0.011297446675598621,,0.0,,0.1099863201379776,,0.0032147634774446487,,0.19996368885040283,,,0.14309203624725342,0.003326315898448229,,0.002338341437280178,,0.14855507016181946,,0.006931052077561617,,0.0030749975703656673,,0.00244725844822824,,0.0036548643838614225,,0.0032147634774446487,,0.3207685351371765,,,,,,,,,,,,,,,,
22,19329,,0.00694879237562418,,0.0,,0.09400168061256409,,0.0033498071134090424,,0.1993046998977661,,,0.14744572341442108,0.0022162888199090958,,0.0010749013163149357,,0.14947612583637238,,0.008143650367856026,,0.0034450911916792393,,0.0025047133676707745,,0.0038161897100508213,,0.0033498071134090424,,0.31277191638946533,,,,,,,,,,,,,,,,
22,19339,,0.008701938204467297,,0.0,,0.10900437086820602,,0.0033420072868466377,,0.20833832025527954,,,0.1504828780889511,0.004308377858251333,,0.0013296430697664618,,0.14781248569488525,,0.0070939697325229645,,0.003165613394230604,,0.002580495784059167,,0.0037458688020706177,,0.0033420072868466377,,0.32682591676712036,,,,,,,,,,,,,,,,
22,19349,,0.012381399050354958,,0.0,,0.1337987780570984,,0.0030649323016405106,,0.20018403232097626,,,0.131434828042984,0.005487932823598385,,0.004595596808940172,,0.1538992077112198,,0.010062413290143013,,0.004556062165647745,,0.00267063919454813,,0.004395143128931522,,0.0030649323016405106,,0.3354630470275879,,,,,,,,,,,,,,,,
22,19359,,0.005926508456468582,,0.0,,0.08522097021341324,,0.002618657425045967,,0.19955341517925262,,,0.13740475475788116,0.0013643844285979867,,0.0017318468308076262,,0.1450941413640976,,0.01366721373051405,,0.005517648067325354,,0.002502067480236292,,0.0037376778200268745,,0.002618657425045967,,0.30403849482536316,,,,,,,,,,,,,,,,
22,19369,,0.0101630799472332,,0.0,,0.09708770364522934,,0.007095428183674812,,0.1991671472787857,,,0.14667052030563354,0.0022919336333870888,,0.0016720842104405165,,0.15530657768249512,,0.009950423613190651,,0.004290915559977293,,0.0025682146660983562,,0.0036956702824681997,,0.007095428183674812,,0.3218276798725128,,,,,,,,,,,,,,,,
22,19379,,0.011383701115846634,,0.0,,0.11934420466423035,,0.0029996484518051147,,0.21640262007713318,,,0.14314919710159302,0.0053481184877455235,,0.0015839266125112772,,0.15161067247390747,,0.01284443773329258,,0.005002269521355629,,0.0027371717151254416,,0.004116216208785772,,0.0029996484518051147,,0.3403191864490509,,,,,,,,,,,,,,,,
22,19389,,0.008089667186141014,,0.0,,0.1152392029762268,,0.0022888537496328354,,0.20166967809200287,,,0.14762671291828156,0.0042296890169382095,,0.0010670917108654976,,0.14244426786899567,,0.011454764753580093,,0.0033766161650419235,,0.0027987814974039793,,0.0039467294700443745,,0.0022888537496328354,,0.324089378118515,,,,,,,,,,,,,,,,
22,19399,,0.007886010222136974,,0.0,,0.10526479780673981,,0.002469056285917759,,0.2045695036649704,,,0.14307312667369843,0.0017996025271713734,,0.0013795600971207023,,0.14627887308597565,,0.006343670189380646,,0.0029639429412782192,,0.0023238123394548893,,0.003613605396822095,,0.002469056285917759,,0.3157895803451538,,,,,,,,,,,,,,,,
22,19409,,0.008821958675980568,,0.0,,0.12362159043550491,,0.001896565780043602,,0.20029768347740173,,,0.14876021444797516,0.007430326659232378,,0.0016351249068975449,,0.14837461709976196,,0.01335442066192627,,0.0020730276592075825,,0.002740231342613697,,0.0036368323490023613,,0.001896565780043602,,0.33313971757888794,,,,,,,,,,,,,,,,
22,19419,,0.014469904825091362,,0.0,,0.11789137125015259,,0.035177502781152725,,0.19978347420692444,,,0.14060112833976746,0.0034564861562103033,,0.004859494045376778,,0.14545802772045135,,0.015684518963098526,,0.01006296370178461,,0.002788361394777894,,0.004415394272655249,,0.035177502781152725,,0.34953203797340393,,,,,,,,,,,,,,,,
22,19429,,0.006976168602705002,,0.0,,0.09737348556518555,,0.0035865334793925285,,0.2026331126689911,,,0.1343936026096344,0.003605238627642393,,0.00203613075427711,,0.14436636865139008,,0.007459435611963272,,0.0036741041112691164,,0.0024220857303589582,,0.00360770127736032,,0.0035865334793925285,,0.3078708350658417,,,,,,,,,,,,,,,,
22,19434,,,,,,,,,,,,,,,,,,,,,,,,,,,,,,,,0.06669726222753525,0.0,0.33579421043395996,0.19749322533607483,0.3044009506702423,0.11095388978719711,0.22459529340267181,0.037233319133520126,0.22123555839061737,0.4124126434326172,0.20363903045654297,0.004269423894584179,0.018111325800418854,0.19749322533607483,1.077473759651184
22,19434,0.010514031164348125,,0.0,,0.11177437752485275,,0.005188127048313618,,0.20050562918186188,,0.004553620703518391,0.1452968567609787,,,0.0023350354749709368,,0.1490749716758728,,0.010537158697843552,,0.004437563940882683,,0.00257032155059278,,0.0038467177655547857,,0.005188127048313618,,0.32724064588546753,,0.2534467875957489,,,,,,,,,,,,,,,
23,19439,,0.014211473055183887,,0.0,,0.11632280051708221,,0.002096562646329403,,0.19964933395385742,,,0.140933558344841,0.003304716432467103,,0.004116845317184925,,0.1468820571899414,,0.015942662954330444,,0.0035072301980108023,,0.003231129376217723,,0.004490101244300604,,0.002096562646329403,,0.329589307308197,,,,,,,,,,,,,,,,
23,19449,,0.007220136467367411,,0.0,,0.10853801667690277,,0.003133827820420265,,0.20021122694015503,,,0.138025164604187,0.006172914057970047,,0.001050068298354745,,0.1468348503112793,,0.009466893970966339,,0.0031619572546333075,,0.003016089089214802,,0.0043261186219751835,,0.003133827820420265,,0.317741721868515,,,,,,,,,,,,,,,,
23,19459,,0.011503133922815323,,0.0,,0.10595264285802841,,0.0028509078547358513,,0.1996651291847229,,,0.13817241787910461,0.0065597351640462875,,0.0023805988021194935,,0.1517902910709381,,0.010678501799702644,,0.003510791575536132,,0.002706302562728524,,0.0037234954070299864,,0.0028509078547358513,,0.3216087520122528,,,,,,,,,,,,,,,,
23,19469,,0.00598822720348835,,0.0,,0.0856551080942154,,0.0036935564130544662,,0.19956880807876587,,,0.1403346061706543,0.0020858608186244965,,0.002140570431947708,,0.1505010724067688,,0.02598211169242859,,0.009832357056438923,,0.00292078941129148,,0.004157588817179203,,0.0036935564130544662,,0.31850919127464294,,,,,,,,,,,,,,,,
23,19479,,0.008815048262476921,,0.0,,0.09951270371675491,,0.0023331623524427414,,0.20113801956176758,,,0.14964613318443298,0.003701510140672326,,0.001920156879350543,,0.15074260532855988,,0.009941665455698967,,0.0036327189300209284,,0.0026057760696858168,,0.0036774880718439817,,0.0023331623524427414,,0.32067224383354187,,,,,,,,,,,,,,,,
23,19489,,0.009937071241438389,,0.0,,0.11166828870773315,,0.001445370726287365,,0.19960102438926697,,,0.14442919194698334,0.003587964689359069,,0.0021028276532888412,,0.15069615840911865,,0.023979535326361656,,0.004951436538249254,,0.0026915990747511387,,0.0038142239209264517,,0.001445370726287365,,0.33135947585105896,,,,,,,,,,,,,,,,
23,19499,,0.007189556024968624,,0.0,,0.10384715348482132,,0.030304545536637306,,0.2220352590084076,,,0.1363859325647354,0.007351431529968977,,0.0014284424250945449,,0.14716023206710815,,0.0508405901491642,,0.019049840047955513,,0.0028823150787502527,,0.0051304795779287815,,0.030304545536637306,,0.3693681061267853,,,,,,,,,,,,,,,,
23,19509,,0.006382526829838753,,0.0,,0.11157502233982086,,0.0018560634925961494,,0.2006751298904419,,,0.13997088372707367,0.003182533197104931,,0.0013714442029595375,,0.14892789721488953,,0.00944881048053503,,0.0028590376023203135,,0.002963755978271365,,0.0039373729377985,,0.0018560634925961494,,0.318543940782547,,,,,,,,,,,,,,,,
23,19519,,0.010586615651845932,,0.0,,0.11606936901807785,,0.0021590394899249077,,0.2010430097579956,,,0.14072290062904358,0.0041646757163107395,,0.0022659706883132458,,0.14426127076148987,,0.004601434804499149,,0.002075297525152564,,0.0023915069177746773,,0.0032556913793087006,,0.0021590394899249077,,0.3184262216091156,,,,,,,,,,,,,,,,
23,19529,,0.011040921323001385,,0.0,,0.11574157327413559,,0.00453574676066637,,0.20037241280078888,,,0.1452651172876358,0.0025499211624264717,,0.003066552337259054,,0.1516166627407074,,0.006944252178072929,,0.002982341218739748,,0.002795664593577385,,0.0039616241119802,,0.00453574676066637,,0.32741716504096985,,,,,,,,,,,,,,,,
23,19539,,0.010380672290921211,,0.0,,0.10707302391529083,,0.006866396404802799,,0.19935517013072968,,,0.1401902139186859,0.006001428235322237,,0.0016267243772745132,,0.14783482253551483,,0.013426974415779114,,0.006095217540860176,,0.002780577400699258,,0.004388085566461086,,0.006866396404802799,,0.32520371675491333,,,,,,,,,,,,,,,,
23,19549,,0.009233608841896057,,0.0,,0.1137145385146141,,0.0052657341584563255,,0.2007664144039154,,,0.15097472071647644,0.007499562576413155,,0.0027260840870440006,,0.1461631804704666,,0.00874244049191475,,0.0039118509739637375,,0.002613482065498829,,0.0040549724362790585,,0.0052657341584563255,,0.32986077666282654,,,,,,,,,,,,,,,,
23,19559,,0.01081926841288805,,0.0,,0.10528320074081421,,0.007255826145410538,,0.1992974579334259,,,0.1488906890153885,0.01852964237332344,,0.0027870680205523968,,0.15058085322380066,,0.012154457159340382,,0.00509240897372365,,0.0025206846185028553,,0.0037745393346995115,,0.007255826145410538,,0.33538031578063965,,,,,,,,,,,,,,,,
23,19569,,0.006391788832843304,,0.0,,0.10323409736156464,,0.002825268544256687,,0.2001635730266571,,,0.14879927039146423,0.002510352525860071,,0.0010904022492468357,,0.14685747027397156,,0.0057775480672717094,,0.002428623614832759,,0.0024567937944084406,,0.0035274687688797712,,0.002825268544256687,,0.31479504704475403,,,,,,,,,,,,,,,,
23,19579,,0.00934729166328907,,0.0,,0.11348026245832443,,0.0029026148840785027,,0.19927045702934265,,,0.14450432360172272,0.003428071504458785,,0.0019881799817085266,,0.14745643734931946,,0.006154013331979513,,0.0024720944929867983,,0.0024502312298864126,,0.003617761889472604,,0.0029026148840785027,,0.3203447461128235,,,,,,,,,,,,,,,,
23,19589,,0.010061214677989483,,0.0,,0.11131300032138824,,0.003022424876689911,,0.19911642372608185,,,0.1394319087266922,0.0010917859617620707,,0.0011551522184163332,,0.14809224009513855,,0.006202343851327896,,0.002512186300009489,,0.002307697432115674,,0.0034339672420173883,,0.003022424876689911,,0.3155871331691742,,,,,,,,,,,,,,,,
23,19599,,0.007757191546261311,,0.0,,0.10148774087429047,,0.0031433869153261185,,0.19988922774791718,,,0.14233087003231049,0.007055450696498156,,0.0013134930050000548,,0.1462651491165161,,0.01555146649479866,,0.004659928381443024,,0.0028895768336951733,,0.0042225089855492115,,0.0031433869153261185,,0.32039427757263184,,,,,,,,,,,,,,,,
23,19609,,0.01080815028399229,,0.0,,0.10840774327516556,,0.0031582042574882507,,0.1991742104291916,,,0.14606142044067383,0.004278079606592655,,0.0016511136200278997,,0.1440449357032776,,0.007044355850666761,,0.0031300284899771214,,0.0023759917821735144,,0.0036485360469669104,,0.0031582042574882507,,0.3187156915664673,,,,,,,,,,,,,,,,
23,19619,,0.007797572761774063,,0.0,,0.11233717948198318,,0.002863246016204357,,0.1998504400253296,,,0.1486903429031372,0.0028287735767662525,,0.0013396875001490116,,0.1492004096508026,,0.006317139603197575,,0.002882857108488679,,0.0025041119661182165,,0.0036824143026024103,,0.002863246016204357,,0.3219882547855377,,,,,,,,,,,,,,,,
23,19629,,0.010237283073365688,,0.0,,0.09355233609676361,,0.00274763535708189,,0.19929760694503784,,,0.13521453738212585,0.0026258358266204596,,0.001962440786883235,,0.14673011004924774,,0.006893215700984001,,0.002695480128750205,,0.0025616271886974573,,0.0037117113824933767,,0.00274763535708189,,0.3059707581996918,,,,,,,,,,,,,,,,
23,19639,,0.009048666805028915,,0.0,,0.12800514698028564,,0.0026240572333335876,,0.2000395804643631,,,0.13938488066196442,0.007837504148483276,,0.003545674029737711,,0.15023894608020782,,0.006587947718799114,,0.0027600994799286127,,0.002550189383327961,,0.003705409122630954,,0.0026240572333335876,,0.33001673221588135,,,,,,,,,,,,,,,,
23,19649,,0.009305434301495552,,0.0,,0.10118536651134491,,0.02377605438232422,,0.19939358532428741,,,0.1536499559879303,0.005069111939519644,,0.0026948244776576757,,0.14684107899665833,,0.02116393856704235,,0.009425751864910126,,0.0028462866321206093,,0.004186057019978762,,0.02377605438232422,,0.3418617844581604,,,,,,,,,,,,,,,,
23,19659,,0.008123697713017464,,0.0,,0.1065816655755043,,0.002901395782828331,,0.19993887841701508,,,0.14550457894802094,0.0023185962345451117,,0.0013101868098601699,,0.15044596791267395,,0.008026772178709507,,0.0023658503778278828,,0.002574095968157053,,0.0035664215683937073,,0.002901395782828331,,0.3186122477054596,,,,,,,,,,,,,,,,
23,19669,,0.007786905393004417,,0.0,,0.09375084191560745,,0.0016662348061800003,,0.19910721480846405,,,0.14431920647621155,0.0063010891899466515,,0.0012176691088825464,,0.14679771661758423,,0.007014065980911255,,0.0019153694156557322,,0.002745178062468767,,0.0036025228910148144,,0.0016662348061800003,,0.3099132776260376,,,,,,,,,,,,,,,,
23,19679,,0.011838962323963642,,0.0,,0.1255635917186737,,0.005737892352044582,,0.19923055171966553,,,0.14957088232040405,0.019264280796051025,,0.0025019801687449217,,0.15245604515075684,,0.014728153124451637,,0.005793889053165913,,0.0025995459873229265,,0.00377149460837245,,0.005737892352044582,,0.3484143614768982,,,,,,,,,,,,,,,,
23,19689,,0.00935765914618969,,0.0,,0.11404874920845032,,0.002654516138136387,,0.199998140335083,,,0.1490107923746109,0.0035660399589687586,,0.005299570970237255,,0.14752551913261414,,0.010917892679572105,,0.0034459473099559546,,0.002987232990562916,,0.004354965407401323,,0.002654516138136387,,0.32876095175743103,,,,,,,,,,,,,,,,
23,19699,,0.014362498186528683,,0.0,,0.10834266990423203,,0.002890416420996189,,0.19921588897705078,,,0.13617227971553802,0.0015221211360767484,,0.0033067166805267334,,0.15292242169380188,,0.007535906974226236,,0.0031775273382663727,,0.0024604282807558775,,0.0035696919076144695,,0.002890416420996189,,0.3195241391658783,,,,,,,,,,,,,,,,
23,19709,,0.008128229528665543,,0.0,,0.09509363770484924,,0.004922465421259403,,0.1991957575082779,,,0.14554554224014282,0.00881807692348957,,0.0016170877497643232,,0.1455935686826706,,0.01041029579937458,,0.004165417980402708,,0.0025386407505720854,,0.003729485673829913,,0.004922465421259403,,0.3167438507080078,,,,,,,,,,,,,,,,
23,19719,,0.008199037984013557,,0.0,,0.09391197562217712,,0.002866947092115879,,0.20098373293876648,,,0.15091164410114288,0.001506002270616591,,0.0024812589399516582,,0.14666599035263062,,0.009080840274691582,,0.003778185462579131,,0.002555758925154805,,0.00394149124622345,,0.002866947092115879,,0.31541216373443604,,,,,,,,,,,,,,,,
23,19729,,0.010708183981478214,,0.0,,0.10983746498823166,,0.003209613263607025,,0.19930972158908844,,,0.13489530980587006,0.0048282817006111145,,0.0031994562596082687,,0.141861692070961,,0.009333359077572823,,0.0034259879030287266,,0.002639647340402007,,0.00399492122232914,,0.003209613263607025,,0.3156192898750305,,,,,,,,,,,,,,,,
23,19739,,0.005402212962508202,,0.0,,0.09062357246875763,,0.0020181573927402496,,0.2003030925989151,,,0.14897650480270386,0.0019525622483342886,,0.0010789731750264764,,0.14577648043632507,,0.005207867827266455,,0.0024901728611439466,,0.002450531581416726,,0.003457594197243452,,0.0020181573927402496,,0.30659767985343933,,,,,,,,,,,,,,,,
23,19749,,0.00626648124307394,,0.0,,0.08311258256435394,,0.0033823344856500626,,0.2162114977836609,,,0.13980354368686676,0.003441059496253729,,0.0014176513068377972,,0.14816561341285706,,0.008738484233617783,,0.00376505171880126,,0.0023920147214084864,,0.0038177496753633022,,0.0033823344856500626,,0.31216585636138916,,,,,,,,,,,,,,,,
23,19759,,0.010249173268675804,,0.0,,0.1086534857749939,,0.005038376897573471,,0.1998225450515747,,,0.14337390661239624,0.004358898848295212,,0.0017006651032716036,,0.14700444042682648,,0.010580210015177727,,0.004436800256371498,,0.002510920399799943,,0.004220742732286453,,0.005038376897573471,,0.3230854272842407,,,,,,,,,,,,,,,,
23,19769,,0.009937220253050327,,0.0,,0.10546121001243591,,0.006433263421058655,,0.19930881261825562,,,0.15008710324764252,0.002121939091011882,,0.002645966364070773,,0.15086978673934937,,0.011431066319346428,,0.004579562693834305,,0.002633560448884964,,0.0038763261400163174,,0.006433263421058655,,0.3266310691833496,,,,,,,,,,,,,,,,
23,19779,,0.009945947676897049,,0.0,,0.12429655343294144,,0.0030972547829151154,,0.1993953287601471,,,0.15279239416122437,0.005101170390844345,,0.002822084352374077,,0.14811883866786957,,0.006916743703186512,,0.002817366970703006,,0.0025125606916844845,,0.0035257707349956036,,0.0030972547829151154,,0.33243390917778015,,,,,,,,,,,,,,,,
23,19789,,0.010258080437779427,,0.0,,0.11090615391731262,,0.0043524159118533134,,0.19991040229797363,,,0.14863906800746918,0.0025443900376558304,,0.0014893602347001433,,0.14780372381210327,,0.013130158185958862,,0.005208329297602177,,0.0025548285339027643,,0.004175348673015833,,0.0043524159118533134,,0.3275738060474396,,,,,,,,,,,,,,,,
23,19799,,0.01379218976944685,,0.0,,0.11360382288694382,,0.002651004120707512,,0.19978612661361694,,,0.13973993062973022,0.0023903572000563145,,0.002957906574010849,,0.1512340009212494,,0.006838138680905104,,0.0028267812449485064,,0.002567423740401864,,0.003703702474012971,,0.002651004120707512,,0.3228975832462311,,,,,,,,,,,,,,,,
23,19809,,0.008370423689484596,,0.0,,0.10746907442808151,,0.0024879230186343193,,0.19953492283821106,,,0.143898606300354,0.0023263427428901196,,0.0012075967388227582,,0.14829441905021667,,0.007860022597014904,,0.0027713547460734844,,0.002492764266207814,,0.00349856517277658,,0.0024879230186343193,,0.3168552815914154,,,,,,,,,,,,,,,,
23,19819,,0.010984250344336033,,0.0,,0.10244811326265335,,0.0025331825017929077,,0.19926628470420837,,,0.1472264528274536,0.004369751084595919,,0.002512943698093295,,0.1474880874156952,,0.013124324381351471,,0.004091145005077124,,0.0027454490773379803,,0.0038476334884762764,,0.0025331825017929077,,0.3222426176071167,,,,,,,,,,,,,,,,
23,19829,,0.00900041963905096,,0.0,,0.10547962039709091,,0.0027913618832826614,,0.20052851736545563,,,0.1416984349489212,0.004939125385135412,,0.0016819026786834002,,0.1506311446428299,,0.004991273395717144,,0.0022013760171830654,,0.0024375440552830696,,0.003407549811527133,,0.0027913618832826614,,0.31659790873527527,,,,,,,,,,,,,,,,
23,19839,,0.007908341474831104,,0.0,,0.107325978577137,,0.0021967673674225807,,0.1996363252401352,,,0.1425158977508545,0.004722578451037407,,0.0013877700548619032,,0.14786773920059204,,0.008668581955134869,,0.0035219271667301655,,0.002631437499076128,,0.0037852434907108545,,0.0021967673674225807,,0.3179769217967987,,,,,,,,,,,,,,,,
23,19849,,0.007976827211678028,,0.0,,0.10503638535737991,,0.0026896540075540543,,0.19905681908130646,,,0.1473044604063034,0.0024214091245085,,0.0016708392649888992,,0.14728152751922607,,0.005415810272097588,,0.002381092170253396,,0.0025068989489227533,,0.003638074966147542,,0.0026896540075540543,,0.3155089318752289,,,,,,,,,,,,,,,,
23,19859,,0.010496126487851143,,0.0,,0.1108526960015297,,0.014869771897792816,,0.19923655688762665,,,0.1390543282032013,0.006314497906714678,,0.002766680670902133,,0.14926111698150635,,0.014597630128264427,,0.006408214569091797,,0.0027376548387110233,,0.004312647040933371,,0.014869771897792816,,0.33261027932167053,,,,,,,,,,,,,,,,
23,19869,,0.008023049682378769,,0.0,,0.10094404220581055,,0.001368766650557518,,0.1991669237613678,,,0.1438915729522705,0.0065746488980948925,,0.0012463930761441588,,0.14320500195026398,,0.010136641561985016,,0.002337463665753603,,0.002721703378483653,,0.0035773571580648422,,0.001368766650557518,,0.3133854866027832,,,,,,,,,,,,,,,,
23,19879,,0.009986404329538345,,0.0,,0.12094715237617493,,0.002801935188472271,,0.19906330108642578,,,0.1442468762397766,0.003199814585968852,,0.0017702089389786124,,0.14565882086753845,,0.010761933401226997,,0.004632891621440649,,0.0025455367285758257,,0.0039889453910291195,,0.002801935188472271,,0.32679635286331177,,,,,,,,,,,,,,,,
23,19889,,0.009362006559967995,,0.0,,0.09975411742925644,,0.0040197670459747314,,0.1995076984167099,,,0.14936596155166626,0.005463064648211002,,0.0026353232096880674,,0.14881682395935059,,0.006304298527538776,,0.002965811872854829,,0.0026834136806428432,,0.003932170104235411,,0.0040197670459747314,,0.3193713128566742,,,,,,,,,,,,,,,,
23,19899,,0.011041003279387951,,0.0,,0.11334417760372162,,0.002908015623688698,,0.20073261857032776,,,0.15524733066558838,0.002244798932224512,,0.0021406146697700024,,0.14859077334403992,,0.005560641176998615,,0.0026509545277804136,,0.0024145422503352165,,0.003457538317888975,,0.002908015623688698,,0.32689526677131653,,,,,,,,,,,,,,,,
23,19909,,0.007516327314078808,,0.0,,0.12142524868249893,,0.03327391669154167,,0.19982562959194183,,,0.14722856879234314,0.0019555308390408754,,0.0020079822279512882,,0.14880463480949402,,0.020402634516358376,,0.01279402244836092,,0.003091857535764575,,0.0040954723954200745,,0.03327391669154167,,0.35325857996940613,,,,,,,,,,,,,,,,
23,19919,,0.007456203922629356,,0.0,,0.09667190909385681,,0.0023699114099144936,,0.19907808303833008,,,0.14495059847831726,0.0019398988224565983,,0.0008649309165775776,,0.14866743981838226,,0.005135056097060442,,0.0021814380306750536,,0.0024600184988230467,,0.003399788634851575,,0.0023699114099144936,,0.30928748846054077,,,,,,,,,,,,,,,,
23,19929,,0.01170695573091507,,0.0,,0.09788024425506592,,0.0017830906435847282,,0.19923971593379974,,,0.14618325233459473,0.0018706991104409099,,0.0012080888263881207,,0.15030929446220398,,0.004419325385242701,,0.0016638358356431127,,0.002632872434332967,,0.0034578454215079546,,0.0017830906435847282,,0.31290653347969055,,,,,,,,,,,,,,,,
23,19939,,0.00890717189759016,,0.0,,0.10226529836654663,,0.0019253483042120934,,0.19928663969039917,,,0.14892196655273438,0.0022401507012546062,,0.0023989947512745857,,0.14923842251300812,,0.005059530958533287,,0.002022824715822935,,0.002358125289902091,,0.0031730548944324255,,0.0019253483042120934,,0.31548526883125305,,,,,,,,,,,,,,,,
23,19949,,0.009553060866892338,,0.0,,0.09947790950536728,,0.032342880964279175,,0.20108184218406677,,,0.14694656431674957,0.005409900564700365,,0.0035007609985768795,,0.1531437784433365,,0.011388854123651981,,0.00812491774559021,,0.0026893119793385267,,0.004100573714822531,,0.032342880964279175,,0.34093043208122253,,,,,,,,,,,,,,,,
23,19959,,0.009119889698922634,,0.0,,0.09979599714279175,,0.0026025790721178055,,0.2005421370267868,,,0.1485864222049713,0.0027712013106793165,,0.0012335560750216246,,0.14727216958999634,,0.006202831398695707,,0.002104284008964896,,0.002489835722371936,,0.0034104844089597464,,0.0026025790721178055,,0.3147709369659424,,,,,,,,,,,,,,,,
23,19969,,0.014650641940534115,,0.0,,0.110150545835495,,0.004244811832904816,,0.1993321031332016,,,0.1464020311832428,0.009941968135535717,,0.002281961962580681,,0.1509479284286499,,0.012765156105160713,,0.005134120583534241,,0.002615039236843586,,0.00395276490598917,,0.004244811832904816,,0.33318591117858887,,,,,,,,,,,,,,,,
23,19979,,0.013153345324099064,,0.0,,0.11501216888427734,,0.0023622512817382812,,0.19903719425201416,,,0.1466754674911499,0.0038195806555449963,,0.0031472030095756054,,0.15124230086803436,,0.006761861499398947,,0.0024986423086375,,0.0026686645578593016,,0.003721080254763365,,0.0023622512817382812,,0.32691043615341187,,,,,,,,,,,,,,,,
23,19989,,0.011696523055434227,,0.0,,0.10978938639163971,,0.0028835590928792953,,0.19966842234134674,,,0.1518741399049759,0.002594640711322427,,0.0030295364558696747,,0.1528804451227188,,0.0064833578653633595,,0.0028370132204145193,,0.0024128637742251158,,0.0035761806648224592,,0.0028835590928792953,,0.32665112614631653,,,,,,,,,,,,,,,,
23,19999,,0.01242276094853878,,0.0,,0.1146019920706749,,0.0022245803847908974,,0.19963285326957703,,,0.14887595176696777,0.002752679865807295,,0.002457614988088608,,0.1532808244228363,,0.019655507057905197,,0.004027634859085083,,0.002741951495409012,,0.003891227999702096,,0.0022245803847908974,,0.33522844314575195,,,,,,,,,,,,,,,,
23,20009,,0.009785188362002373,,0.0,,0.08266797661781311,,0.0037938160821795464,,0.19960786402225494,,,0.16035979986190796,0.0024064751341938972,,0.0015482613816857338,,0.14903880655765533,,0.00921788439154625,,0.004191284999251366,,0.0023730495013296604,,0.0038437105249613523,,0.0037938160821795464,,0.3163389265537262,,,,,,,,,,,,,,,,
23,20019,,0.007816828787326813,,0.0,,0.09827941656112671,,0.0020709438249468803,,0.1994744837284088,,,0.14972810447216034,0.0032380681950598955,,0.0029295000713318586,,0.1466604471206665,,0.00850900448858738,,0.0034952990245074034,,0.0025563312228769064,,0.003563461359590292,,0.0020709438249468803,,0.315942645072937,,,,,,,,,,,,,,,,
23,20029,,0.011674854904413223,,0.0,,0.11918390542268753,,0.0033230939880013466,,0.20623402297496796,,,0.1348433941602707,0.0027427829336375,,0.00174612773116678,,0.15395201742649078,,0.014805277809500694,,0.005792259704321623,,0.0025195383932441473,,0.0037631674204021692,,0.0033230939880013466,,0.33217179775238037,,,,,,,,,,,,,,,,
23,20039,,0.010876307263970375,,0.0,,0.12585896253585815,,0.004547066055238247,,0.20213384926319122,,,0.15374813973903656,0.02448664791882038,,0.0016197885852307081,,0.14657527208328247,,0.020617716014385223,,0.00789680890738964,,0.002952443202957511,,0.004382489714771509,,0.004547066055238247,,0.35503897070884705,,,,,,,,,,,,,,,,
23,20049,,0.00946173444390297,,0.0,,0.09899038076400757,,0.0018843691796064377,,0.19970093667507172,,,0.1350790411233902,0.0028319028206169605,,0.002583141438663006,,0.14707499742507935,,0.003872418776154518,,0.0016477531753480434,,0.002523064147680998,,0.0033272544387727976,,0.0018843691796064377,,0.3061521351337433,,,,,,,,,,,,,,,,
23,20059,,0.006736930925399065,,0.0,,0.08688890933990479,,0.0028917817398905754,,0.20010116696357727,,,0.1360003650188446,0.00463815126568079,,0.0012676154728978872,,0.14676585793495178,,0.009551466442644596,,0.0032223830930888653,,0.00254625640809536,,0.0038373791612684727,,0.0028917817398905754,,0.3041428327560425,,,,,,,,,,,,,,,,
23,20069,,0.012912066653370857,,0.0,,0.11573987454175949,,0.0021866820752620697,,0.20093019306659698,,,0.15311084687709808,0.00468634907156229,,0.0033418447710573673,,0.15528026223182678,,0.005649170838296413,,0.0023508714511990547,,0.002461944241076708,,0.003420711262151599,,0.0021866820752620697,,0.3327457904815674,,,,,,,,,,,,,,,,
23,20079,,0.01704169623553753,,0.0,,0.11111079156398773,,0.002850096672773361,,0.19924668967723846,,,0.1650611013174057,0.08433859795331955,,0.004087467212229967,,0.15098045766353607,,0.025718238204717636,,0.02406044490635395,,0.0029143919236958027,,0.004339949227869511,,0.002850096672773361,,0.3980449140071869,,,,,,,,,,,,,,,,
23,20089,,0.01716221123933792,,0.0,,0.1008218377828598,,0.0033892346546053886,,0.20007100701332092,,,0.14449432492256165,0.0042825425043702126,,0.0034209154546260834,,0.1547345221042633,,0.009710744023323059,,0.004187620244920254,,0.002383880317211151,,0.0037803060840815306,,0.0033892346546053886,,0.32610973715782166,,,,,,,,,,,,,,,,
23,20099,,0.007181019056588411,,0.0,,0.08557067066431046,,0.0030500832945108414,,0.19965125620365143,,,0.1404217779636383,0.005790747236460447,,0.0015208724653348327,,0.14261513948440552,,0.005138491280376911,,0.0020274645648896694,,0.0024879781994968653,,0.0034029751550406218,,0.0030500832945108414,,0.3011307120323181,,,,,,,,,,,,,,,,
23,20109,,0.008485637605190277,,0.0,,0.1019141748547554,,0.0035033849999308586,,0.2051142156124115,,,0.1411839872598648,0.004150664899498224,,0.0026544383727014065,,0.14771413803100586,,0.02517400123178959,,0.0029973392374813557,,0.0029724142514169216,,0.0040808264166116714,,0.0035033849999308586,,0.3270130455493927,,,,,,,,,,,,,,,,
23,20119,,0.006070961244404316,,0.0,,0.09630383551120758,,0.002161983400583267,,0.20015592873096466,,,0.143893301486969,0.0017511795740574598,,0.0014714538119733334,,0.14572745561599731,,0.005927146412432194,,0.0018225724343210459,,0.0025834727566689253,,0.0034308822359889746,,0.002161983400583267,,0.3073655068874359,,,,,,,,,,,,,,,,
23,20129,,0.00916139967739582,,0.0,,0.12287697196006775,,0.0023829108104109764,,0.2040543109178543,,,0.13672953844070435,0.004439154174178839,,0.0034697391092777252,,0.14678536355495453,,0.009774835780262947,,0.0027572850231081247,,0.002734121633693576,,0.0037390566430985928,,0.0023829108104109764,,0.32632189989089966,,,,,,,,,,,,,,,,
23,20139,,0.011981301009654999,,0.0,,0.11165829002857208,,0.0028306208550930023,,0.20012778043746948,,,0.14567826688289642,0.001665365882217884,,0.002984641818329692,,0.15524521470069885,,0.007834812626242638,,0.002921947045251727,,0.0025088239926844835,,0.0035422202199697495,,0.0028306208550930023,,0.3262607455253601,,,,,,,,,,,,,,,,
23,20149,,0.015670765191316605,,0.0,,0.11032227426767349,,0.0023410795256495476,,0.19931453466415405,,,0.15448835492134094,0.002748971339315176,,0.0062265461310744286,,0.1526758074760437,,0.010306015610694885,,0.003279187250882387,,0.002674575662240386,,0.0036683992948383093,,0.0023410795256495476,,0.3336924612522125,,,,,,,,,,,,,,,,
23,20159,,0.01869506947696209,,0.0,,0.11345474421977997,,0.0018664058297872543,,0.2014186680316925,,,0.14867883920669556,0.001957278698682785,,0.0026300642639398575,,0.15344001352787018,,0.006369972135871649,,0.0023205061443150043,,0.0024666611570864916,,0.0034518768079578876,,0.0018664058297872543,,0.33010098338127136,,,,,,,,,,,,,,,,
23,20169,,0.007493588607758284,,0.0,,0.09021878987550735,,0.002308146096765995,,0.20034651458263397,,,0.14540137350559235,0.004293120466172695,,0.0018495097756385803,,0.14698436856269836,,0.013474363833665848,,0.0047668032348155975,,0.002517019398510456,,0.0037454436533153057,,0.002308146096765995,,0.3135722279548645,,,,,,,,,,,,,,,,
23,20179,,0.018334882333874702,,0.0,,0.12754371762275696,,0.00258688535541296,,0.19958579540252686,,,0.14553451538085938,0.007133051753044128,,0.00285700848326087,,0.152928426861763,,0.01529658678919077,,0.003010054351761937,,0.003044129116460681,,0.004171079024672508,,0.00258688535541296,,0.34309861063957214,,,,,,,,,,,,,,,,
23,20189,,0.007765734102576971,,0.0,,0.09287703037261963,,0.002038434147834778,,0.20023007690906525,,,0.14933407306671143,0.001808985136449337,,0.0014572928193956614,,0.14817199110984802,,0.012533999048173428,,0.0036722966469824314,,0.002517218003049493,,0.0034704613499343395,,0.002038434147834778,,0.3146740198135376,,,,,,,,,,,,,,,,
23,20199,,0.008920636959373951,,0.0,,0.10329881310462952,,0.0021192217245697975,,0.19914448261260986,,,0.1434045284986496,0.0023680112790316343,,0.001939438167028129,,0.1469300538301468,,0.00521769467741251,,0.0020345307420939207,,0.0026894432958215475,,0.0036572664976119995,,0.0021192217245697975,,0.31269070506095886,,,,,,,,,,,,,,,,
23,20209,,0.0077986689284443855,,0.0,,0.10314503312110901,,0.003378208726644516,,0.20122641324996948,,,0.1337742954492569,0.0029403038788586855,,0.0014622590970247984,,0.14638037979602814,,0.013657032512128353,,0.005545228719711304,,0.0026048447471112013,,0.003995371516793966,,0.003378208726644516,,0.31495165824890137,,,,,,,,,,,,,,,,
23,20219,,0.009193217381834984,,0.0,,0.11047184467315674,,0.0020878231152892113,,0.19909927248954773,,,0.13892565667629242,0.009774414822459221,,0.0033086086623370647,,0.14707154035568237,,0.007558177225291729,,0.002010270021855831,,0.0027640522457659245,,0.0035567099694162607,,0.0020878231152892113,,0.3196891248226166,,,,,,,,,,,,,,,,
23,20229,,0.00834126491099596,,0.0,,0.1060936376452446,,0.002184022217988968,,0.19925852119922638,,,0.15444248914718628,0.004477052018046379,,0.001604879042133689,,0.14987419545650482,,0.011481378227472305,,0.004893515724688768,,0.0024362660478800535,,0.003537702839821577,,0.002184022217988968,,0.32608136534690857,,,,,,,,,,,,,,,,
23,20239,,0.011742714792490005,,0.0,,0.11903151869773865,,0.03257884085178375,,0.200074702501297,,,0.14932546019554138,0.006367683410644531,,0.0017136908136308193,,0.1510334312915802,,0.015996387228369713,,0.009961505420506,,0.002729704137891531,,0.004108916036784649,,0.03257884085178375,,0.35438668727874756,,,,,,,,,,,,,,,,
23,20249,,0.012323426082730293,,0.0,,0.11735734343528748,,0.005806882865726948,,0.20093949139118195,,,0.15186892449855804,0.0026732133701443672,,0.0027645397931337357,,0.14858543872833252,,0.013076068833470345,,0.00637173093855381,,0.002400563098490238,,0.0042079598642885685,,0.005806882865726948,,0.3362917900085449,,,,,,,,,,,,,,,,
23,20259,,0.010336611419916153,,0.0,,0.11446322500705719,,0.0026039229705929756,,0.19967789947986603,,,0.1384555995464325,0.0022989334538578987,,0.0017508838791400194,,0.14816386997699738,,0.008926189504563808,,0.0034558773040771484,,0.002539353910833597,,0.003771549090743065,,0.0026039229705929756,,0.32010772824287415,,,,,,,,,,,,,,,,
23,20269,,0.006302559748291969,,0.0,,0.09737799316644669,,0.0026917867362499237,,0.1993955820798874,,,0.14866629242897034,0.002848993754014373,,0.0013262395514175296,,0.1454721987247467,,0.007986740209162235,,0.0038392669521272182,,0.00241130031645298,,0.003701461711898446,,0.0026917867362499237,,0.312860906124115,,,,,,,,,,,,,,,,
23,20279,,0.010642400942742825,,0.0,,0.11004159599542618,,0.00395248644053936,,0.20141512155532837,,,0.14882180094718933,0.003110372694209218,,0.0016580524388700724,,0.156552255153656,,0.00936457235366106,,0.003607068909332156,,0.0024901072029024363,,0.003747484413906932,,0.00395248644053936,,0.32957541942596436,,,,,,,,,,,,,,,,
23,20279,,,,,,,,,,,,,,,,,,,,,,,,,,,,,,,,0.062268346548080444,0.0,0.3315291106700897,0.2136009782552719,0.3176161050796509,0.10624393820762634,0.21901249885559082,0.03558850660920143,0.2216092199087143,0.42620450258255005,0.21046368777751923,0.004362824372947216,0.018589764833450317,0.2136009782552719,1.0928397178649902
23,20279,0.010344346053898335,,0.0,,0.10965083539485931,,0.004495562519878149,,0.20036019384860992,,0.004794659558683634,0.14506706595420837,,,0.002304287627339363,,0.1487528383731842,,0.01070086658000946,,0.004208707716315985,,0.0025845374912023544,,0.0037928156089037657,,0.004495562519878149,,0.32542479038238525,,0.2535099983215332,,,,,,,,,,,,,,,
24,20289,,0.010172847658395767,,0.0,,0.10944657027721405,,0.003129817545413971,,0.1991167515516281,,,0.15115799009799957,0.0017880807863548398,,0.001839970936998725,,0.1499325931072235,,0.006271468475461006,,0.002628911519423127,,0.0023920414969325066,,0.0033738522324711084,,0.003129817545413971,,0.3223123848438263,,,,,,,,,,,,,,,,
24,20299,,0.007582497783005238,,0.0,,0.09769602864980698,,0.0021882103756070137,,0.19939211010932922,,,0.1312120407819748,0.004811941646039486,,0.0010700349230319262,,0.14681485295295715,,0.006822351366281509,,0.0024463688023388386,,0.002541368128731847,,0.0035114334896206856,,0.0021882103756070137,,0.3048003017902374,,,,,,,,,,,,,,,,
24,20309,,0.013217960484325886,,0.0,,0.1025519147515297,,0.0019578542560338974,,0.20101843774318695,,,0.15010100603103638,0.002359203062951565,,0.0015624742954969406,,0.1474287211894989,,0.004664933308959007,,0.002128282329067588,,0.002444117097184062,,0.0034587555564939976,,0.0019578542560338974,,0.3181762397289276,,,,,,,,,,,,,,,,
24,20319,,0.01490619033575058,,0.0,,0.11181134730577469,,0.002434425987303257,,0.19923323392868042,,,0.1458764672279358,0.0019878693856298923,,0.0016186411958187819,,0.14985233545303345,,0.0063714757561683655,,0.0027847643941640854,,0.002423639874905348,,0.0033773642498999834,,0.002434425987303257,,0.3230276107788086,,,,,,,,,,,,,,,,
24,20329,,0.010565126314759254,,0.0,,0.09769698977470398,,0.0015527242794632912,,0.20117685198783875,,,0.15089532732963562,0.00359551515430212,,0.00230411347001791,,0.14782492816448212,,0.004381949547678232,,0.0018350728787481785,,0.0023236495908349752,,0.0031684536952525377,,0.0015527242794632912,,0.31524455547332764,,,,,,,,,,,,,,,,
24,20339,,0.008185598999261856,,0.0,,0.11229806393384933,,0.002217213623225689,,0.19913730025291443,,,0.14875376224517822,0.0019352519884705544,,0.0013468533288687468,,0.14732183516025543,,0.006257654167711735,,0.002351948991417885,,0.0024611428380012512,,0.0034740434493869543,,0.002217213623225689,,0.31960734724998474,,,,,,,,,,,,,,,,
24,20349,,0.005628904327750206,,0.0,,0.08473752439022064,,0.001857680268585682,,0.19922859966754913,,,0.13420772552490234,0.003263666993007064,,0.0014138645492494106,,0.14613084495067596,,0.004273825325071812,,0.002005405258387327,,0.0023783924989402294,,0.0033319408539682627,,0.001857680268585682,,0.29589515924453735,,,,,,,,,,,,,,,,
24,20359,,0.007515263743698597,,0.0,,0.10115345567464828,,0.002644703723490238,,0.20055025815963745,,,0.15596526861190796,0.0028372658416628838,,0.0016570992302149534,,0.1454465389251709,,0.004792289342731237,,0.0023174991365522146,,0.0023382201325148344,,0.003296464681625366,,0.002644703723490238,,0.3169053792953491,,,,,,,,,,,,,,,,
24,20369,,0.011368770152330399,,0.0,,0.12276627868413925,,0.001771615818142891,,0.19923977553844452,,,0.15219958126544952,0.0016524518141523004,,0.0015693902969360352,,0.14932866394519806,,0.005050889682024717,,0.00237681670114398,,0.0023700050078332424,,0.00342046981677413,,0.001771615818142891,,0.3282676041126251,,,,,,,,,,,,,,,,
24,20379,,0.011013161391019821,,0.0,,0.09775242954492569,,0.0019014468416571617,,0.19958487153053284,,,0.14408119022846222,0.0042176456190645695,,0.002262314548715949,,0.14900317788124084,,0.0059444475919008255,,0.002084330888465047,,0.0024109412916004658,,0.0032695948611944914,,0.0019014468416571617,,0.3133975565433502,,,,,,,,,,,,,,,,
24,20389,,0.011582974344491959,,0.0,,0.10929806530475616,,0.0322323702275753,,0.1992640495300293,,,0.1528443992137909,0.00538277393206954,,0.002393443137407303,,0.15088891983032227,,0.008494003675878048,,0.0076156072318553925,,0.002513235667720437,,0.0036250376142561436,,0.0322323702275753,,0.3448799252510071,,,,,,,,,,,,,,,,
24,20399,,0.012859076261520386,,0.0,,0.10513302683830261,,0.002756485715508461,,0.19918115437030792,,,0.15122222900390625,0.002479406539350748,,0.002503694035112858,,0.14826951920986176,,0.004421689547598362,,0.001982680056244135,,0.0024079198483377695,,0.003341090865433216,,0.002756485715508461,,0.31994950771331787,,,,,,,,,,,,,,,,
24,20409,,0.007926542311906815,,0.0,,0.10109994560480118,,0.0015145819634199142,,0.19895724952220917,,,0.14740008115768433,0.001726554473862052,,0.0011893250048160553,,0.14646615087985992,,0.004302738234400749,,0.0016383231850340962,,0.0023125428706407547,,0.0030088259372860193,,0.0015145819634199142,,0.3102758526802063,,,,,,,,,,,,,,,,
24,20419,,0.006869246251881123,,0.0,,0.10553622245788574,,0.002392801456153393,,0.1995682418346405,,,0.14328326284885406,0.003722283523529768,,0.002645917236804962,,0.14565470814704895,,0.005852817557752132,,0.0026577587705105543,,0.0022861643228679895,,0.0034331181086599827,,0.002392801456153393,,0.31366780400276184,,,,,,,,,,,,,,,,
24,20429,,0.007655073888599873,,0.0,,0.10423634946346283,,0.002009172923862934,,0.20025351643562317,,,0.14980381727218628,0.002396062947809696,,0.0013579688966274261,,0.14782115817070007,,0.005263943690806627,,0.002386672655120492,,0.0024064600002020597,,0.003364264266565442,,0.002009172923862934,,0.31615936756134033,,,,,,,,,,,,,,,,
24,20439,,0.0076400721445679665,,0.0,,0.09740720689296722,,0.0010757120326161385,,0.20124590396881104,,,0.14568500220775604,0.0010495013557374477,,0.0007363539189100266,,0.14626222848892212,,0.003003467572852969,,0.001282471464946866,,0.0023633905220776796,,0.003066290868446231,,0.0010757120326161385,,0.306941956281662,,,,,,,,,,,,,,,,
24,20449,,0.007942674681544304,,0.0,,0.1005081981420517,,0.0016355030238628387,,0.19914956390857697,,,0.14128580689430237,0.0022038589231669903,,0.0016663686838001013,,0.14952382445335388,,0.00415121391415596,,0.0017918093362823129,,0.002417433774098754,,0.003323533106595278,,0.0016355030238628387,,0.30946165323257446,,,,,,,,,,,,,,,,
24,20459,,0.009004492312669754,,0.0,,0.09003114700317383,,0.03290535882115364,,0.19951553642749786,,,0.13568127155303955,0.005327224265784025,,0.0023974140640348196,,0.1501443088054657,,0.011093078181147575,,0.007898763753473759,,0.0026255634147673845,,0.0036790466401726007,,0.03290535882115364,,0.32699111104011536,,,,,,,,,,,,,,,,
24,20469,,0.007259944453835487,,0.0,,0.10497903823852539,,0.03119606152176857,,0.19950702786445618,,,0.14840403199195862,0.020760072395205498,,0.0023518274538218975,,0.14495277404785156,,0.020005973055958748,,0.013126812875270844,,0.0028690954204648733,,0.004271312616765499,,0.03119606152176857,,0.3519775867462158,,,,,,,,,,,,,,,,
24,20479,,0.008605401031672955,,0.0,,0.10641185939311981,,0.005027321167290211,,0.19914574921131134,,,0.14745016396045685,0.014236154034733772,,0.0014610120560973883,,0.14844319224357605,,0.007288227789103985,,0.0022992172744125128,,0.0026824474334716797,,0.003426317358389497,,0.005027321167290211,,0.3249516487121582,,,,,,,,,,,,,,,,
24,20489,,0.011438722722232342,,0.0,,0.08904877305030823,,0.0013315165415406227,,0.19910019636154175,,,0.14252124726772308,0.0014994442462921143,,0.0014628476928919554,,0.15119963884353638,,0.0034964424557983875,,0.0015033158706501126,,0.0024388122837990522,,0.0031214372720569372,,0.0013315165415406227,,0.30564188957214355,,,,,,,,,,,,,,,,
24,20499,,0.006797906011343002,,0.0,,0.11933106184005737,,0.0017659803852438927,,0.1999969631433487,,,0.15758009254932404,0.0015141766052693129,,0.0007409056415781379,,0.15240642428398132,,0.0045585897751152515,,0.002011348959058523,,0.0024045000318437815,,0.003179259365424514,,0.0017659803852438927,,0.32773321866989136,,,,,,,,,,,,,,,,
24,20509,,0.0053980909287929535,,0.0,,0.09948604553937912,,0.0019384203478693962,,0.19920256733894348,,,0.13729605078697205,0.0008692095289006829,,0.000897291989531368,,0.1435459852218628,,0.0038795024156570435,,0.0017400321085005999,,0.002394349779933691,,0.0033429074101150036,,0.0019384203478693962,,0.3016666769981384,,,,,,,,,,,,,,,,
24,20519,,0.004877935629338026,,0.0,,0.08732674270868301,,0.0025743022561073303,,0.19909946620464325,,,0.1485460102558136,0.0009922315366566181,,0.0006046105991117656,,0.1492956280708313,,0.004622744396328926,,0.0020271569956094027,,0.002298814244568348,,0.003089386038482189,,0.0025743022561073303,,0.3042222261428833,,,,,,,,,,,,,,,,
24,20529,,0.013073713518679142,,0.0,,0.10926766693592072,,0.0012965742498636246,,0.19893887639045715,,,0.1443016529083252,0.0015136493602767587,,0.0021636770106852055,,0.1500876247882843,,0.0032482619863003492,,0.001433991827070713,,0.0024437906686216593,,0.0032130887266248465,,0.0012965742498636246,,0.31709784269332886,,,,,,,,,,,,,,,,
24,20539,,0.012021616101264954,,0.0,,0.11712627112865448,,0.0015816139057278633,,0.1993553638458252,,,0.14378604292869568,0.001436530495993793,,0.0017082463018596172,,0.15152649581432343,,0.00477479537948966,,0.002074668649584055,,0.002318659797310829,,0.0032407541293650866,,0.0015816139057278633,,0.32209593057632446,,,,,,,,,,,,,,,,
24,20549,,0.012307197786867619,,0.0,,0.09166435152292252,,0.0015345485880970955,,0.20017188787460327,,,0.1405036300420761,0.0021182734053581953,,0.002875758334994316,,0.14596755802631378,,0.00537366047501564,,0.0019912312272936106,,0.0026321576442569494,,0.0034205482807010412,,0.0015345485880970955,,0.3069906532764435,,,,,,,,,,,,,,,,
24,20559,,0.01076698862016201,,0.0,,0.0982317328453064,,0.0017197411507368088,,0.1990063488483429,,,0.14752303063869476,0.004248867277055979,,0.00214257906191051,,0.15269681811332703,,0.003318360075354576,,0.0015614430885761976,,0.0023728529922664165,,0.0031725994776934385,,0.0017197411507368088,,0.31496700644493103,,,,,,,,,,,,,,,,
24,20569,,0.007489715702831745,,0.0,,0.09694954752922058,,0.0017329016700387,,0.19884149730205536,,,0.14405010640621185,0.0029020325746387243,,0.002598830033093691,,0.1428864598274231,,0.005387055687606335,,0.0022030924446880817,,0.0025880851317197084,,0.003708161413669586,,0.0017329016700387,,0.30752283334732056,,,,,,,,,,,,,,,,
24,20579,,0.009625954553484917,,0.0,,0.10338883101940155,,0.0023008016869425774,,0.20584523677825928,,,0.13774633407592773,0.001636625500395894,,0.0015435433015227318,,0.14427143335342407,,0.005521425511687994,,0.0020852629095315933,,0.002418296877294779,,0.003228012705221772,,0.0023008016869425774,,0.31141987442970276,,,,,,,,,,,,,,,,
24,20589,,0.014729511924088001,,0.0,,0.11078853905200958,,0.0017190240323543549,,0.19956083595752716,,,0.1413489282131195,0.0012607917888090014,,0.0029019247740507126,,0.1514878273010254,,0.0036177735310047865,,0.001463774824514985,,0.002512170234695077,,0.0032804864458739758,,0.0017190240323543549,,0.3189760148525238,,,,,,,,,,,,,,,,
24,20599,,0.009928040206432343,,0.0,,0.12002972513437271,,0.0014111129567027092,,0.19958049058914185,,,0.14372101426124573,0.0014053359627723694,,0.0016099566128104925,,0.15190130472183228,,0.0038079770747572184,,0.0015949709340929985,,0.0024382031988352537,,0.0032341403421014547,,0.0014111129567027092,,0.32194817066192627,,,,,,,,,,,,,,,,
24,20609,,0.0076294271275401115,,0.0,,0.1007138043642044,,0.0017118752002716064,,0.2010292112827301,,,0.13940376043319702,0.0017485313583165407,,0.0012350085889920592,,0.1503494381904602,,0.0048793600872159,,0.0017860953230410814,,0.0024078444112092257,,0.0032428435515612364,,0.0017118752002716064,,0.30969002842903137,,,,,,,,,,,,,,,,
24,20619,,0.012639680877327919,,0.0,,0.09230047464370728,,0.03195715323090553,,0.19943475723266602,,,0.1437634974718094,0.00494759064167738,,0.0024149157106876373,,0.14991439878940582,,0.009195173159241676,,0.00703772297129035,,0.002628323156386614,,0.0034839981235563755,,0.03195715323090553,,0.3316008448600769,,,,,,,,,,,,,,,,
24,20629,,0.011648455634713173,,0.0,,0.1045985147356987,,0.0016413358971476555,,0.20048308372497559,,,0.14537736773490906,0.0020922343246638775,,0.0014593790983781219,,0.1500069946050644,,0.003621684154495597,,0.0014151482610031962,,0.00247880513779819,,0.003152507822960615,,0.0016413358971476555,,0.31556400656700134,,,,,,,,,,,,,,,,
24,20639,,0.005767589434981346,,0.0,,0.08383750915527344,,0.001295069232583046,,0.19933226704597473,,,0.14767102897167206,0.0009783876594156027,,0.0008019220549613237,,0.15098436176776886,,0.003385850228369236,,0.0015169831458479166,,0.0023606428876519203,,0.0031186568085104227,,0.001295069232583046,,0.30208447575569153,,,,,,,,,,,,,,,,
24,20649,,0.0063915979117155075,,0.0,,0.09564130008220673,,0.0020121298730373383,,0.19943176209926605,,,0.14935500919818878,0.0009057351853698492,,0.0008959953556768596,,0.14323216676712036,,0.004069764167070389,,0.0017844337271526456,,0.0024153273552656174,,0.003258528420701623,,0.0020121298730373383,,0.30632612109184265,,,,,,,,,,,,,,,,
24,20659,,0.010579030960798264,,0.0,,0.1048523485660553,,0.0011805742979049683,,0.19947433471679688,,,0.1523633748292923,0.001240035519003868,,0.0013102074153721333,,0.1509954035282135,,0.003391423262655735,,0.0012032438535243273,,0.002317023230716586,,0.002935433993116021,,0.0011805742979049683,,0.3173889219760895,,,,,,,,,,,,,,,,
24,20669,,0.008041446097195148,,0.0,,0.08232312649488449,,0.0015781465917825699,,0.20092350244522095,,,0.14331026375293732,0.0013753751991316676,,0.0020934599451720715,,0.14501291513442993,,0.0034512607380747795,,0.0014076897641643882,,0.0023253688123077154,,0.0030321485828608274,,0.0015781465917825699,,0.29895344376564026,,,,,,,,,,,,,,,,
24,20679,,0.007710224948823452,,0.0,,0.1132214218378067,,0.020532842725515366,,0.1993342489004135,,,0.14545351266860962,0.002452859655022621,,0.0015726325800642371,,0.14705270528793335,,0.012489749118685722,,0.006877346895635128,,0.002629038179293275,,0.0033714701421558857,,0.020532842725515366,,0.3330347537994385,,,,,,,,,,,,,,,,
24,20689,,0.006550780963152647,,0.0,,0.09187067300081253,,0.0010996963828802109,,0.20003873109817505,,,0.13839241862297058,0.001931738923303783,,0.0008834212785586715,,0.14751406013965607,,0.003494506934657693,,0.0014717265730723739,,0.0023945963475853205,,0.0032029743306338787,,0.0010996963828802109,,0.3010241389274597,,,,,,,,,,,,,,,,
24,20699,,0.010630632750689983,,0.0,,0.11919941008090973,,0.001696798950433731,,0.19913142919540405,,,0.14843465387821198,0.002205554861575365,,0.0016155543271452188,,0.14842885732650757,,0.003608655882999301,,0.0013145942939445376,,0.002427963772788644,,0.0031023568008095026,,0.001696798950433731,,0.32244938611984253,,,,,,,,,,,,,,,,
24,20709,,0.0067516108974814415,,0.0,,0.09903798997402191,,0.0011218404397368431,,0.19908113777637482,,,0.14223892986774445,0.002981111640110612,,0.0014984997687861323,,0.1474810093641281,,0.0027025979943573475,,0.0011264272034168243,,0.0024690250866115093,,0.0030156050343066454,,0.0011218404397368431,,0.3062606751918793,,,,,,,,,,,,,,,,
24,20719,,0.012983951717615128,,0.0,,0.09502353519201279,,0.0022285673767328262,,0.22093245387077332,,,0.14482741057872772,0.0012474408140406013,,0.002629706170409918,,0.15074273943901062,,0.005883228033781052,,0.002303776331245899,,0.002424980979412794,,0.0035437517799437046,,0.0022285673767328262,,0.32415762543678284,,,,,,,,,,,,,,,,
24,20729,,0.008547808043658733,,0.0,,0.09305018931627274,,0.0008513443171977997,,0.19918151199817657,,,0.14714528620243073,0.0009066908387467265,,0.001156361075118184,,0.1474597454071045,,0.003019413910806179,,0.0012535883579403162,,0.0023124704603105783,,0.002963271224871278,,0.0008513443171977997,,0.30540546774864197,,,,,,,,,,,,,,,,
24,20739,,0.012338049709796906,,0.0,,0.10681583732366562,,0.002004641108214855,,0.19970430433750153,,,0.1445097029209137,0.0030292789451777935,,0.0015109020750969648,,0.14756353199481964,,0.005011201836168766,,0.002200243528932333,,0.0025507716927677393,,0.003663881914690137,,0.002004641108214855,,0.31728309392929077,,,,,,,,,,,,,,,,
24,20749,,0.014536354690790176,,0.0,,0.10962465405464172,,0.0017195045948028564,,0.19923655688762665,,,0.13958309590816498,0.0027814654167741537,,0.0027168402448296547,,0.14820855855941772,,0.0035120444372296333,,0.00150981021579355,,0.0024278154596686363,,0.003248534630984068,,0.0017195045948028564,,0.3161768615245819,,,,,,,,,,,,,,,,
24,20759,,0.009775789454579353,,0.0,,0.09638863056898117,,0.0018345275893807411,,0.20007173717021942,,,0.13956724107265472,0.0014530904591083527,,0.0014019689988344908,,0.14923512935638428,,0.004300443455576897,,0.0016833400586619973,,0.002363031031563878,,0.0031226561404764652,,0.0018345275893807411,,0.3071601390838623,,,,,,,,,,,,,,,,
24,20769,,0.01276229228824377,,0.0,,0.12299954891204834,,0.0015647290274500847,,0.19941790401935577,,,0.14351320266723633,0.0028393492102622986,,0.00287490151822567,,0.14565056562423706,,0.003732625860720873,,0.001663926406763494,,0.0023519396781921387,,0.003177728271111846,,0.0015647290274500847,,0.32286325097084045,,,,,,,,,,,,,,,,
24,20779,,0.01391051709651947,,0.0,,0.11720892041921616,,0.0015189088881015778,,0.1994532346725464,,,0.1408698856830597,0.0018276370828971267,,0.0017116082599386573,,0.14970070123672485,,0.003993174992501736,,0.001517471973784268,,0.002393371658399701,,0.003146127797663212,,0.0015189088881015778,,0.32019883394241333,,,,,,,,,,,,,,,,
24,20789,,0.00975612923502922,,0.0,,0.10420963913202286,,0.0016497476026415825,,0.19972600042819977,,,0.13381654024124146,0.0034161664079874754,,0.0016888923710212111,,0.15021389722824097,,0.0038157529197633266,,0.0015333449700847268,,0.0024283139500766993,,0.0031781194265931845,,0.0016497476026415825,,0.3093053102493286,,,,,,,,,,,,,,,,
24,20799,,0.008796700276434422,,0.0,,0.10772205889225006,,0.000997510738670826,,0.1992073804140091,,,0.13310374319553375,0.003953686449676752,,0.002153611509129405,,0.14435090124607086,,0.0045460863038897514,,0.0018853897927328944,,0.0023236710112541914,,0.0031238077208399773,,0.000997510738670826,,0.30764421820640564,,,,,,,,,,,,,,,,
24,20809,,0.016246868297457695,,0.0,,0.10841747373342514,,0.00102172140032053,,0.19890408217906952,,,0.1527334302663803,0.002636485267430544,,0.0021279584616422653,,0.14857076108455658,,0.00269784452393651,,0.001099578570574522,,0.0024383272975683212,,0.003021462121978402,,0.00102172140032053,,0.32146868109703064,,,,,,,,,,,,,,,,
24,20819,,0.009806604124605656,,0.0,,0.10556492209434509,,0.0014292467385530472,,0.1998245120048523,,,0.13773639500141144,0.002257817890495062,,0.0029682531021535397,,0.14936086535453796,,0.00446697324514389,,0.0018872732762247324,,0.002449877094477415,,0.003251492278650403,,0.0014292467385530472,,0.31212785840034485,,,,,,,,,,,,,,,,
24,20829,,0.01002371683716774,,0.0,,0.09985728561878204,,0.0014501912519335747,,0.19929303228855133,,,0.14700590074062347,0.0019261807901784778,,0.0016822892939671874,,0.1471627652645111,,0.005240727216005325,,0.002258108928799629,,0.0023661006707698107,,0.003309735329821706,,0.0014501912519335747,,0.3124428987503052,,,,,,,,,,,,,,,,
24,20839,,0.007490417920053005,,0.0,,0.0958176702260971,,0.0013011544942855835,,0.19930002093315125,,,0.14300550520420074,0.0011212093522772193,,0.0013118770439177752,,0.1522957980632782,,0.0031734630465507507,,0.001447945018298924,,0.0023230102378875017,,0.0032145041041076183,,0.0013011544942855835,,0.30750852823257446,,,,,,,,,,,,,,,,
24,20849,,0.010295516811311245,,0.0,,0.09001751989126205,,0.0012354450300335884,,0.20030617713928223,,,0.14500300586223602,0.0008828021236695349,,0.0009813926881179214,,0.14620639383792877,,0.003296932438388467,,0.0011567813344299793,,0.0022565103136003017,,0.0027912952937185764,,0.0012354450300335884,,0.30361053347587585,,,,,,,,,,,,,,,,
24,20859,,0.007688215002417564,,0.0,,0.09918088465929031,,0.001623057760298252,,0.1991492062807083,,,0.14074966311454773,0.0009850728092715144,,0.0011935047805309296,,0.14543822407722473,,0.004031735938042402,,0.0016976824263110757,,0.002323136432096362,,0.003073153318837285,,0.001623057760298252,,0.3051033318042755,,,,,,,,,,,,,,,,
24,20869,,0.008228330872952938,,0.0,,0.09778298437595367,,0.001884201541543007,,0.19913657009601593,,,0.1398199200630188,0.0010645953007042408,,0.0013595486525446177,,0.14501149952411652,,0.0043069785460829735,,0.0018219394842162728,,0.0024281064979732037,,0.003306903410702944,,0.001884201541543007,,0.3047292232513428,,,,,,,,,,,,,,,,
24,20879,,0.009013514965772629,,0.0,,0.09658509492874146,,0.0021174494177103043,,0.19942998886108398,,,0.14124509692192078,0.004529865924268961,,0.0024979435838758945,,0.15051212906837463,,0.008008884266018867,,0.0031977971084415913,,0.0023700834717601538,,0.0033250381238758564,,0.0021174494177103043,,0.31307893991470337,,,,,,,,,,,,,,,,
24,20889,,0.008271189406514168,,0.0,,0.10899917036294937,,0.0017395326867699623,,0.20100581645965576,,,0.14608149230480194,0.0008644472109153867,,0.0014876937493681908,,0.14854976534843445,,0.0024476719554513693,,0.0011087870225310326,,0.0023261995520442724,,0.0028654716443270445,,0.0017395326867699623,,0.3143063187599182,,,,,,,,,,,,,,,,
24,20899,,0.007088687736541033,,0.0,,0.0800669714808464,,0.0013057980686426163,,0.1998499184846878,,,0.1506592482328415,0.0012006182223558426,,0.0010107224807143211,,0.14554667472839355,,0.00284382700920105,,0.0010794830741360784,,0.00245707668364048,,0.003026132471859455,,0.0013057980686426163,,0.2995806336402893,,,,,,,,,,,,,,,,
24,20909,,0.010910667479038239,,0.0,,0.10906364768743515,,0.0011732028797268867,,0.1990816444158554,,,0.146752268075943,0.0023317704908549786,,0.0016630841419100761,,0.14354261755943298,,0.0035147974267601967,,0.0015100744785740972,,0.0024239816702902317,,0.0031298159155994654,,0.0011732028797268867,,0.31411370635032654,,,,,,,,,,,,,,,,
24,20919,,0.005853201262652874,,0.0,,0.08592703193426132,,0.001332147978246212,,0.1995311677455902,,,0.1382230818271637,0.002477467991411686,,0.0017856539925560355,,0.14679045975208282,,0.0024106246419250965,,0.0010932899313047528,,0.002484265249222517,,0.003064363729208708,,0.001332147978246212,,0.29701855778694153,,,,,,,,,,,,,,,,
24,20929,,0.016709307208657265,,0.0,,0.11747300624847412,,0.0014906059950590134,,0.19967925548553467,,,0.14235639572143555,0.0017024665139615536,,0.0035516023635864258,,0.15083876252174377,,0.0047067939303815365,,0.0017683996120467782,,0.002408986911177635,,0.003264132421463728,,0.0014906059950590134,,0.32460689544677734,,,,,,,,,,,,,,,,
24,20939,,0.007042553275823593,,0.0,,0.09148284792900085,,0.003260272555053234,,0.1995404064655304,,,0.14488187432289124,0.0010831996332854033,,0.0006717017386108637,,0.14170314371585846,,0.0044555095955729485,,0.0020757827442139387,,0.0024234766606241465,,0.0034720348194241524,,0.003260272555053234,,0.30278241634368896,,,,,,,,,,,,,,,,
24,20949,,0.009064922109246254,,0.0,,0.11637306213378906,,0.027859242632985115,,0.19951987266540527,,,0.14496491849422455,0.0024279046338051558,,0.0014369692653417587,,0.1490790992975235,,0.008380844257771969,,0.007856065407395363,,0.0025966831017285585,,0.0035707817878574133,,0.027859242632985115,,0.3383505344390869,,,,,,,,,,,,,,,,
24,20959,,0.010237962007522583,,0.0,,0.09441324323415756,,0.0015024524182081223,,0.2003978192806244,,,0.15113314986228943,0.0012003435986116529,,0.0017828982090577483,,0.14692288637161255,,0.0032466468401253223,,0.0014604509342461824,,0.0024074632674455643,,0.003100540954619646,,0.0015024524182081223,,0.31045323610305786,,,,,,,,,,,,,,,,
24,20969,,0.013684645295143127,,0.0,,0.10991179198026657,,0.002100948244333267,,0.19938421249389648,,,0.14640547335147858,0.0011159557616338134,,0.0020370888523757458,,0.14513340592384338,,0.004424034617841244,,0.0020283132325857878,,0.0023876323830336332,,0.003251138608902693,,0.002100948244333267,,0.3175578713417053,,,,,,,,,,,,,,,,
24,20979,,0.01794395223259926,,0.0,,0.1046847254037857,,0.002532252110540867,,0.20034535229206085,,,0.15336908400058746,0.008703991770744324,,0.008643199689686298,,0.14984701573848724,,0.005048306658864021,,0.0021055247634649277,,0.0024470172356814146,,0.003425769042223692,,0.002532252110540867,,0.33126100897789,,,,,,,,,,,,,,,,
24,20989,,0.00851069949567318,,0.0,,0.09600871801376343,,0.0013367170467972755,,0.1990576982498169,,,0.149002343416214,0.0008513609645888209,,0.0012408772017806768,,0.14574477076530457,,0.0033264600206166506,,0.001486335415393114,,0.0024215970188379288,,0.0032690295483917,,0.0013367170467972755,,0.30776286125183105,,,,,,,,,,,,,,,,
24,20999,,0.01025262288749218,,0.0,,0.10171163082122803,,0.001683923415839672,,0.20012426376342773,,,0.14173837006092072,0.003257439937442541,,0.0022324342280626297,,0.15120023488998413,,0.005042530596256256,,0.002065387088805437,,0.0024952583480626345,,0.0036218813620507717,,0.001683923415839672,,0.3145239055156708,,,,,,,,,,,,,,,,
24,21009,,0.010476766154170036,,0.0,,0.10146017372608185,,0.0013764649629592896,,0.199571892619133,,,0.13879063725471497,0.00120140693616122,,0.0015694755129516125,,0.15187311172485352,,0.0027763433754444122,,0.0012479356955736876,,0.0022732438519597054,,0.0029261880554258823,,0.0013764649629592896,,0.3092349171638489,,,,,,,,,,,,,,,,
24,21019,,0.00815062690526247,,0.0,,0.0972929522395134,,0.0016848454251885414,,0.20436564087867737,,,0.14326193928718567,0.0018090273952111602,,0.0013133352622389793,,0.14200176298618317,,0.003038794966414571,,0.001280715106986463,,0.002471678424626589,,0.0031336534302681684,,0.0016848454251885414,,0.3064693212509155,,,,,,,,,,,,,,,,
24,21029,,0.010788099840283394,,0.0,,0.11460927128791809,,0.0010769115760922432,,0.19904273748397827,,,0.14557713270187378,0.001494617317803204,,0.0012775990180671215,,0.15068966150283813,,0.0025390731170773506,,0.0009397423127666116,,0.002477588364854455,,0.003003495279699564,,0.0010769115760922432,,0.31825974583625793,,,,,,,,,,,,,,,,
24,21039,,0.00613393122330308,,0.0,,0.08803042024374008,,0.0018680505454540253,,0.20088723301887512,,,0.14065727591514587,0.003538153599947691,,0.0015724506229162216,,0.1467624008655548,,0.004350547678768635,,0.0020202109590172768,,0.002280019922181964,,0.0031449650414288044,,0.0018680505454540253,,0.30219534039497375,,,,,,,,,,,,,,,,
24,21049,,0.005959175527095795,,0.0,,0.08511832356452942,,0.0009318189695477486,,0.1994299739599228,,,0.1449054479598999,0.001475159078836441,,0.0008894992060959339,,0.14563073217868805,,0.002681960351765156,,0.0011269145179539919,,0.002396573079749942,,0.00295939645729959,,0.0009318189695477486,,0.29823216795921326,,,,,,,,,,,,,,,,
24,21059,,0.009046819992363453,,0.0,,0.10818367451429367,,0.0013062916696071625,,0.19921869039535522,,,0.14897297322750092,0.0009493243414908648,,0.0008335867896676064,,0.1455802172422409,,0.003664144314825535,,0.0015071895904839039,,0.0024815683718770742,,0.003228088840842247,,0.0013062916696071625,,0.31410032510757446,,,,,,,,,,,,,,,,
24,21069,,0.0059470608830451965,,0.0,,0.09655705839395523,,0.0013393815606832504,,0.2176358699798584,,,0.13860337436199188,0.0010674233781173825,,0.0012936282437294722,,0.142926424741745,,0.005842585116624832,,0.0022315620444715023,,0.002466804115101695,,0.0032937009818851948,,0.0013393815606832504,,0.3112492561340332,,,,,,,,,,,,,,,,
24,21079,,0.006219970062375069,,0.0,,0.08252544701099396,,0.001808500848710537,,0.1993955373764038,,,0.13790586590766907,0.0011962705757468939,,0.0007958525675348938,,0.1504417210817337,,0.0030674270819872618,,0.0013055730378255248,,0.002401430858299136,,0.003051913809031248,,0.001808500848710537,,0.2965836822986603,,,,,,,,,,,,,,,,
24,21089,,0.014195168390870094,,0.0,,0.10388650000095367,,0.0014670100063085556,,0.19988495111465454,,,0.14118026196956635,0.00156440120190382,,0.0025849472731351852,,0.14836545288562775,,0.003909999504685402,,0.0016961160581558943,,0.0023719833698123693,,0.0032021203078329563,,0.0014670100063085556,,0.31375551223754883,,,,,,,,,,,,,,,,
24,21099,,0.008079790510237217,,0.0,,0.08432747423648834,,0.0010131727904081345,,0.1996346414089203,,,0.14018240571022034,0.0010515316389501095,,0.001185487024486065,,0.1435278058052063,,0.002575432416051626,,0.0010568603174760938,,0.0024112446699291468,,0.003059670329093933,,0.0010131727904081345,,0.2955826222896576,,,,,,,,,,,,,,,,
24,21109,,0.009760984219610691,,0.0,,0.10049425065517426,,0.001569489948451519,,0.1994916796684265,,,0.14850802719593048,0.0012069145450368524,,0.0014597433619201183,,0.15087765455245972,,0.003828715067356825,,0.0014496390940621495,,0.002384991617873311,,0.003056952031329274,,0.001569489948451519,,0.3135730028152466,,,,,,,,,,,,,,,,
24,21119,,0.008065925911068916,,0.0,,0.0990310087800026,,0.03022155724465847,,0.20083893835544586,,,0.14679871499538422,0.024751104414463043,,0.0014501422410830855,,0.1489599496126175,,0.011286135762929916,,0.012096782214939594,,0.0025545291136950254,,0.0035352190025150776,,0.03022155724465847,,0.34656262397766113,,,,,,,,,,,,,,,,
24,21124,,,,,,,,,,,,,,,,,,,,,,,,,,,,,,,,0.06438795477151871,0.0,0.33672821521759033,0.20369881391525269,0.3039935231208801,0.10854469239711761,0.22292500734329224,0.03663267195224762,0.22287270426750183,0.4090655744075775,0.20502763986587524,0.004386069253087044,0.018328016623854637,0.20369881391525269,1.0774595737457275
24,21124,0.009450964629650116,,0.0,,0.10107731819152832,,0.002973729744553566,,0.20014743506908417,,0.0027182779740542173,0.14389607310295105,,,0.0017248053336516023,,0.14761118590831757,,0.004969136323779821,,0.002281776862218976,,0.0024307190906256437,,0.0032552776392549276,,0.002973729744553566,,0.3128960430622101,,0.2534659206867218,,,,,,,,,,,,,,,
25,21129,,0.010412592440843582,,0.0,,0.09769498556852341,,0.002198541536927223,,0.20075033605098724,,,0.1404733955860138,0.0017124329460784793,,0.0014038663357496262,,0.15019163489341736,,0.005186729598790407,,0.0022231240291148424,,0.0023787636309862137,,0.003225957974791527,,0.002198541536927223,,0.3105391561985016,,,,,,,,,,,,,,,,
25,21139,,0.009802904911339283,,0.0,,0.09450089931488037,,0.0015289047732949257,,0.19929684698581696,,,0.14837422966957092,0.0011658236617222428,,0.0023816803004592657,,0.1458987593650818,,0.004065229091793299,,0.0017991181230172515,,0.0023759761825203896,,0.003288005944341421,,0.0015289047732949257,,0.3088831901550293,,,,,,,,,,,,,,,,
25,21149,,0.0066083138808608055,,0.0,,0.08399956673383713,,0.0010689198970794678,,0.19959478080272675,,,0.13801468908786774,0.0034642836544662714,,0.0017592567019164562,,0.1489795297384262,,0.00258813938125968,,0.0010746646439656615,,0.0025353403761982918,,0.0030928298365324736,,0.0010689198970794678,,0.2979365885257721,,,,,,,,,,,,,,,,
25,21159,,0.008599592372775078,,0.0,,0.08066360652446747,,0.0013769688084721565,,0.20031341910362244,,,0.136912003159523,0.0026563641149550676,,0.0012777437223121524,,0.14609289169311523,,0.003406412899494171,,0.0014992543729022145,,0.0023892477620393038,,0.0030803601257503033,,0.0013769688084721565,,0.2956741154193878,,,,,,,,,,,,,,,,
25,21169,,0.005943791940808296,,0.0,,0.09267125278711319,,0.0016646208241581917,,0.20038768649101257,,,0.15062008798122406,0.001728647155687213,,0.0012081386521458626,,0.1469789445400238,,0.003966448828577995,,0.0017653570976108313,,0.002380634658038616,,0.0032615328673273325,,0.0016646208241581917,,0.30791932344436646,,,,,,,,,,,,,,,,
25,21179,,0.014630842953920364,,0.0,,0.12200840562582016,,0.0013225935399532318,,0.19962553679943085,,,0.14324544370174408,0.0012488706270232797,,0.0030013015493750572,,0.147170752286911,,0.002749866805970669,,0.001213527750223875,,0.002312079770490527,,0.0029491318855434656,,0.0013225935399532318,,0.322213739156723,,,,,,,,,,,,,,,,
25,21189,,0.006497499532997608,,0.0,,0.09895918518304825,,0.0010698242112994194,,0.19965386390686035,,,0.1407010853290558,0.0010884515941143036,,0.0010249478509649634,,0.1453714221715927,,0.004174381494522095,,0.0014816337497904897,,0.0024159280583262444,,0.003121119923889637,,0.0010698242112994194,,0.3043402433395386,,,,,,,,,,,,,,,,
25,21199,,0.011803173460066319,,0.0,,0.08987905830144882,,0.002202236093580723,,0.19927027821540833,,,0.14056654274463654,0.0020325216464698315,,0.0038857287727296352,,0.14689607918262482,,0.0030915276147425175,,0.001563316211104393,,0.002412194386124611,,0.0031406490597873926,,0.002202236093580723,,0.30494198203086853,,,,,,,,,,,,,,,,
25,21209,,0.007202798500657082,,0.0,,0.10537245124578476,,0.001983642578125,,0.20008477568626404,,,0.14586442708969116,0.0016333599342033267,,0.0007988253491930664,,0.14204144477844238,,0.00416580168530345,,0.0017456569476053119,,0.0024706420954316854,,0.0031827858183532953,,0.001983642578125,,0.30986469984054565,,,,,,,,,,,,,,,,
25,21219,,0.009253344498574734,,0.0,,0.09783434867858887,,0.001298287883400917,,0.20152410864830017,,,0.14095835387706757,0.0029530890751630068,,0.0017590753268450499,,0.14865058660507202,,0.003193542594090104,,0.001256385468877852,,0.0024178209714591503,,0.003120560199022293,,0.001298287883400917,,0.3086700439453125,,,,,,,,,,,,,,,,
25,21229,,0.009696463122963905,,0.0,,0.08470568060874939,,0.0017675906419754028,,0.2002788782119751,,,0.14273349940776825,0.0015703041572123766,,0.001677440945059061,,0.14567099511623383,,0.002965301973745227,,0.0013708246406167746,,0.002419164404273033,,0.0031839853618294,,0.0017675906419754028,,0.30061209201812744,,,,,,,,,,,,,,,,
25,21239,,0.01731855422258377,,0.0,,0.1192866861820221,,0.023169392719864845,,0.20023766160011292,,,0.16048024594783783,0.045399487018585205,,0.0026585047598928213,,0.1504117250442505,,0.0077736275270581245,,0.007130010984838009,,0.002458852017298341,,0.003545535961166024,,0.023169392719864845,,0.3717079162597656,,,,,,,,,,,,,,,,
25,21249,,0.009143274277448654,,0.0,,0.09529590606689453,,0.0013632159680128098,,0.19991181790828705,,,0.14778080582618713,0.0011053693015128374,,0.0014048119774088264,,0.1469043642282486,,0.0032709427177906036,,0.001400166074745357,,0.002347067929804325,,0.003094706917181611,,0.0013632159680128098,,0.30805855989456177,,,,,,,,,,,,,,,,
25,21259,,0.011312353424727917,,0.0,,0.09683649241924286,,0.0015661772340536118,,0.1995707005262375,,,0.1452731490135193,0.0016568189021199942,,0.002794609870761633,,0.1485549807548523,,0.0035898122005164623,,0.0015160321490839124,,0.002456153742969036,,0.0032368702813982964,,0.0015661772340536118,,0.3108004927635193,,,,,,,,,,,,,,,,
25,21269,,0.0074697150848805904,,0.0,,0.09645088762044907,,0.0013578906655311584,,0.1996886283159256,,,0.14731398224830627,0.0012953047407791018,,0.001021590898744762,,0.1444919854402542,,0.003439854132011533,,0.0014403415843844414,,0.002422936959192157,,0.0031878023874014616,,0.0013578906655311584,,0.3063843548297882,,,,,,,,,,,,,,,,
25,21279,,0.0074334340170025826,,0.0,,0.07919946312904358,,0.0014812303707003593,,0.1990414261817932,,,0.14706094563007355,0.002763279713690281,,0.0010109168943017721,,0.14318951964378357,,0.003623244585469365,,0.0014506527222692966,,0.002416839823126793,,0.0031041738111525774,,0.0014812303707003593,,0.29743966460227966,,,,,,,,,,,,,,,,
25,21289,,0.005580098833888769,,0.0,,0.08375828713178635,,0.0011966461315751076,,0.19916827976703644,,,0.13294194638729095,0.0030612254049628973,,0.001791813294403255,,0.14786621928215027,,0.003244819352403283,,0.00139854964800179,,0.0024532433599233627,,0.0032029496505856514,,0.0011966461315751076,,0.2944335341453552,,,,,,,,,,,,,,,,
25,21299,,0.011890782043337822,,0.0,,0.09899687767028809,,0.0014899400994181633,,0.19908170402050018,,,0.13184121251106262,0.003082841634750366,,0.0038364161737263203,,0.14442387223243713,,0.003293453250080347,,0.001458363956771791,,0.0024327689316123724,,0.0031671226024627686,,0.0014899400994181633,,0.3040812015533447,,,,,,,,,,,,,,,,
25,21309,,0.007471578661352396,,0.0,,0.10801217705011368,,0.00448188092559576,,0.19917920231819153,,,0.15238893032073975,0.01621473766863346,,0.00196591904386878,,0.14500480890274048,,0.01130674872547388,,0.0031859169248491526,,0.00273298192769289,,0.003719041356816888,,0.00448188092559576,,0.32969149947166443,,,,,,,,,,,,,,,,
25,21319,,0.00851602666079998,,0.0,,0.10326451808214188,,0.000973723828792572,,0.1992030143737793,,,0.1401156485080719,0.001399440341629088,,0.00094871676992625,,0.15127915143966675,,0.00341310678049922,,0.0014003869146108627,,0.0024350553285330534,,0.0031103326473385096,,0.000973723828792572,,0.30958470702171326,,,,,,,,,,,,,,,,
25,21329,,0.008127737790346146,,0.0,,0.09914728999137878,,0.0014056051149964333,,0.19909358024597168,,,0.14976295828819275,0.0013747423654422164,,0.0008465947466902435,,0.14769455790519714,,0.0032676919363439083,,0.0014893620973452926,,0.0024386662989854813,,0.0032545847352594137,,0.0014056051149964333,,0.31057900190353394,,,,,,,,,,,,,,,,
25,21339,,0.006089797243475914,,0.0,,0.08032561093568802,,0.03195274993777275,,0.1989586353302002,,,0.14466987550258636,0.0041268011555075645,,0.0018509989604353905,,0.1463891565799713,,0.006004861555993557,,0.007095952518284321,,0.0024992856197059155,,0.003575253998860717,,0.03195274993777275,,0.31855711340904236,,,,,,,,,,,,,,,,
25,21349,,0.013796566985547543,,0.0,,0.08989095687866211,,0.0020424723625183105,,0.1996680498123169,,,0.14308632910251617,0.003087749006226659,,0.0048637958243489265,,0.1484408974647522,,0.004633759148418903,,0.0016717895632609725,,0.0023446478880941868,,0.00309381983242929,,0.0020424723625183105,,0.3098573386669159,,,,,,,,,,,,,,,,
25,21359,,0.007759944070130587,,0.0,,0.08467021584510803,,0.0014831554144620895,,0.19895748794078827,,,0.13947759568691254,0.0006470451480709016,,0.0008609687793068588,,0.1480841338634491,,0.0029474138282239437,,0.0012666524853557348,,0.0022968053817749023,,0.002922785235568881,,0.0014831554144620895,,0.2971484661102295,,,,,,,,,,,,,,,,
25,21369,,0.013803298585116863,,0.0,,0.10752276331186295,,0.0014925571158528328,,0.19975800812244415,,,0.14704112708568573,0.004609338473528624,,0.002496575703844428,,0.15298901498317719,,0.003469746792688966,,0.001377604901790619,,0.0024476812686771154,,0.0031785566825419664,,0.0014925571158528328,,0.3216824233531952,,,,,,,,,,,,,,,,
25,21379,,0.009792293421924114,,0.0,,0.09851864725351334,,0.0013543060049414635,,0.19902631640434265,,,0.13918384909629822,0.0011800482170656323,,0.0014534993097186089,,0.14726808667182922,,0.0028128023259341717,,0.0010839756578207016,,0.002271530218422413,,0.002815024461597204,,0.0013543060049414635,,0.30478769540786743,,,,,,,,,,,,,,,,
25,21389,,0.009233416989445686,,0.0,,0.10528158396482468,,0.0016165943816304207,,0.19903869926929474,,,0.13887031376361847,0.0009833190124481916,,0.0010242798598483205,,0.14762412011623383,,0.003469191025942564,,0.0017266967333853245,,0.002301672473549843,,0.0030176180880516768,,0.0016165943816304207,,0.30860254168510437,,,,,,,,,,,,,,,,
25,21399,,0.007243501953780651,,0.0,,0.0946291834115982,,0.004466073587536812,,0.20014607906341553,,,0.15505251288414001,0.015282945707440376,,0.0015828502364456654,,0.1447799801826477,,0.015435348264873028,,0.0035065768752247095,,0.002816749969497323,,0.0036151974927634,,0.004466073587536812,,0.3260861039161682,,,,,,,,,,,,,,,,
25,21409,,0.006957740522921085,,0.0,,0.09538624435663223,,0.0014896420761942863,,0.19930724799633026,,,0.14145447313785553,0.00259797484613955,,0.0016880007460713387,,0.14689600467681885,,0.003477903548628092,,0.0014936766820028424,,0.0023681216407567263,,0.003158148378133774,,0.0014896420761942863,,0.30471667647361755,,,,,,,,,,,,,,,,
25,21419,,0.015256383456289768,,0.0,,0.11532416939735413,,0.0013070553541183472,,0.1992873251438141,,,0.1468856781721115,0.0006261353846639395,,0.0019100274657830596,,0.14993107318878174,,0.002565436763688922,,0.0011677367147058249,,0.0023008394055068493,,0.00295306951738894,,0.0013070553541183472,,0.3212340176105499,,,,,,,,,,,,,,,,
25,21429,,0.012371154502034187,,0.0,,0.10650210827589035,,0.0010145995765924454,,0.19958212971687317,,,0.1370757669210434,0.0017730871913954616,,0.002974483883008361,,0.15164607763290405,,0.002654310315847397,,0.0012018779525533319,,0.0024397310335189104,,0.003191150026395917,,0.0010145995765924454,,0.3128088116645813,,,,,,,,,,,,,,,,
25,21439,,0.005649789702147245,,0.0,,0.08859443664550781,,0.0012910841032862663,,0.1989431530237198,,,0.14270375669002533,0.0007293756352737546,,0.001036888686940074,,0.1518172323703766,,0.002143824240192771,,0.0009392052888870239,,0.0023806788958609104,,0.0029214750975370407,,0.0012910841032862663,,0.30103614926338196,,,,,,,,,,,,,,,,
25,21449,,0.009240283630788326,,0.0,,0.0906706377863884,,0.0008009606972336769,,0.1989317238330841,,,0.14079149067401886,0.0013490102719515562,,0.0010938044870272279,,0.15323565900325775,,0.0020217164419591427,,0.0008298439788632095,,0.002416980220004916,,0.0029239675495773554,,0.0008009606972336769,,0.303615003824234,,,,,,,,,,,,,,,,
25,21459,,0.008287576958537102,,0.0,,0.08015120029449463,,0.0014449190348386765,,0.201400026679039,,,0.14553353190422058,0.0024111063685268164,,0.0009554963326081634,,0.148903489112854,,0.004121418576687574,,0.0016059867339208722,,0.0024467147886753082,,0.0031640140805393457,,0.0014449190348386765,,0.30179476737976074,,,,,,,,,,,,,,,,
25,21469,,0.008046666160225868,,0.0,,0.08732394129037857,,0.0009905733168125153,,0.19911913573741913,,,0.14428620040416718,0.0011387414997443557,,0.001259120530448854,,0.1483420431613922,,0.0025550932623445988,,0.0011010587913915515,,0.0023548786994069815,,0.0029612653888761997,,0.0009905733168125153,,0.30121999979019165,,,,,,,,,,,,,,,,
25,21479,,0.006651085801422596,,0.0,,0.09897150844335556,,0.00128859281539917,,0.19908598065376282,,,0.1405055820941925,0.0010519454954192042,,0.0008721362100914121,,0.1453166902065277,,0.0028564692474901676,,0.0013273080112412572,,0.0024581903126090765,,0.003112231381237507,,0.00128859281539917,,0.3033050000667572,,,,,,,,,,,,,,,,
25,21489,,0.009351588785648346,,0.0,,0.12161824107170105,,0.0016998173668980598,,0.20051701366901398,,,0.14283733069896698,0.0013295290991663933,,0.0011887118453159928,,0.14755304157733917,,0.004791541025042534,,0.0019695519004017115,,0.00227777729742229,,0.003139856504276395,,0.0016998173668980598,,0.32070696353912354,,,,,,,,,,,,,,,,
25,21499,,0.011492367833852768,,0.0,,0.11122959107160568,,0.0013176295906305313,,0.1993834525346756,,,0.13810130953788757,0.0012419422855600715,,0.00186061579734087,,0.14708514511585236,,0.0028834352269768715,,0.0012898504501208663,,0.0023833157029002905,,0.0030293683521449566,,0.0013176295906305313,,0.31216368079185486,,,,,,,,,,,,,,,,
25,21509,,0.008035101927816868,,0.0,,0.09614047408103943,,0.003387921489775181,,0.20082171261310577,,,0.14337146282196045,0.003395244013518095,,0.001712782308459282,,0.1493430733680725,,0.00443223025649786,,0.0022577145136892796,,0.0024792333133518696,,0.003393101040273905,,0.003387921489775181,,0.31108155846595764,,,,,,,,,,,,,,,,
25,21519,,0.00760699762031436,,0.0,,0.0884004607796669,,0.0012729829177260399,,0.2016826868057251,,,0.13910764455795288,0.001907350029796362,,0.0019165012054145336,,0.14817866683006287,,0.002052296418696642,,0.0009078371804207563,,0.0024732539895921946,,0.0030352724716067314,,0.0012729829177260399,,0.3007885813713074,,,,,,,,,,,,,,,,
25,21529,,0.009775978513062,,0.0,,0.09974419325590134,,0.0011909529566764832,,0.19937387108802795,,,0.13826905190944672,0.002318974584341049,,0.00215775310061872,,0.14753936231136322,,0.0044475458562374115,,0.001967528834939003,,0.00232321978546679,,0.0030284409876912832,,0.0011909529566764832,,0.30758264660835266,,,,,,,,,,,,,,,,
25,21539,,0.0067006926983594894,,0.0,,0.10426878929138184,,0.0013890890404582024,,0.2004757523536682,,,0.15143050253391266,0.003075703512877226,,0.0006810140330344439,,0.14661626517772675,,0.003409916302189231,,0.0012359624961391091,,0.0025635045021772385,,0.003247859189286828,,0.0013890890404582024,,0.3141714334487915,,,,,,,,,,,,,,,,
25,21549,,0.011834600940346718,,0.0,,0.09951097518205643,,0.0010009286925196648,,0.19987444579601288,,,0.14107008278369904,0.0005647994112223387,,0.001895114197395742,,0.14368459582328796,,0.0030098771676421165,,0.0012490316294133663,,0.0024563444312661886,,0.0031011670362204313,,0.0010009286925196648,,0.3061765730381012,,,,,,,,,,,,,,,,
25,21559,,0.0111299529671669,,0.0,,0.117079958319664,,0.0014885235577821732,,0.1994633674621582,,,0.13975106179714203,0.0014625219628214836,,0.0015686801634728909,,0.14940398931503296,,0.0034120450727641582,,0.0014116138918325305,,0.0024421769194304943,,0.003111650235950947,,0.0014885235577821732,,0.31741863489151,,,,,,,,,,,,,,,,
25,21569,,0.009098399430513382,,0.0,,0.11151819676160812,,0.0009702630341053009,,0.19907450675964355,,,0.13638624548912048,0.0012731626629829407,,0.0013985687401145697,,0.14955197274684906,,0.00224983599036932,,0.0010223786812275648,,0.0023511589970439672,,0.0029831009451299906,,0.0009702630341053009,,0.3104304373264313,,,,,,,,,,,,,,,,
25,21579,,0.007949616760015488,,0.0,,0.09144337475299835,,0.001127590425312519,,0.19918979704380035,,,0.1451036036014557,0.0009447693009860814,,0.0010349391959607601,,0.1484053134918213,,0.002500377129763365,,0.0010930905118584633,,0.0023746502120047808,,0.003006928600370884,,0.001127590425312519,,0.30359047651290894,,,,,,,,,,,,,,,,
25,21589,,0.007123131304979324,,0.0,,0.08705031126737595,,0.0016484139487147331,,0.20097440481185913,,,0.1421009600162506,0.0011653166729956865,,0.0008617292623966932,,0.14623934030532837,,0.0038982070982456207,,0.0017382147489115596,,0.0023576028179377317,,0.003152799094095826,,0.0016484139487147331,,0.3007315993309021,,,,,,,,,,,,,,,,
25,21599,,0.00967336818575859,,0.0,,0.09051009267568588,,0.001280101016163826,,0.20101302862167358,,,0.1389704793691635,0.0015743145486339927,,0.0017298392485827208,,0.1467830091714859,,0.0028184205293655396,,0.0011850274167954922,,0.0023350617848336697,,0.0029683972243219614,,0.001280101016163826,,0.30190473794937134,,,,,,,,,,,,,,,,
25,21609,,0.007220164407044649,,0.0,,0.10015542805194855,,0.001778806559741497,,0.19911330938339233,,,0.13885600864887238,0.0016244389116764069,,0.0008750786073505878,,0.150399848818779,,0.005461264401674271,,0.002310818061232567,,0.002468464896082878,,0.003505618078634143,,0.001778806559741497,,0.30863744020462036,,,,,,,,,,,,,,,,
25,21619,,0.008731625974178314,,0.0,,0.08665511757135391,,0.0012469599023461342,,0.19998621940612793,,,0.1432819813489914,0.0018892401130869985,,0.0017399925272911787,,0.14443746209144592,,0.0034172446466982365,,0.0014130541821941733,,0.0023758034221827984,,0.0029806604143232107,,0.0012469599023461342,,0.30056798458099365,,,,,,,,,,,,,,,,
25,21629,,0.01018799189478159,,0.0,,0.10117211192846298,,0.0017064670100808144,,0.2059261053800583,,,0.14076749980449677,0.0014243160840123892,,0.0016736621037125587,,0.14549888670444489,,0.005001652054488659,,0.0013213764177635312,,0.002513313665986061,,0.003156694583594799,,0.0017064670100808144,,0.31175336241722107,,,,,,,,,,,,,,,,
25,21639,,0.008872496895492077,,0.0,,0.09630212932825089,,0.0010919999331235886,,0.1994609534740448,,,0.15256638824939728,0.0010275583481416106,,0.0011837155325338244,,0.14461004734039307,,0.0026169712655246258,,0.001103804330341518,,0.002426647115498781,,0.0029918241780251265,,0.0010919999331235886,,0.30862316489219666,,,,,,,,,,,,,,,,
25,21649,,0.007611002307385206,,0.0,,0.10192947834730148,,0.001276548020541668,,0.19922681152820587,,,0.1504158228635788,0.0019318716367706656,,0.001187482732348144,,0.14676335453987122,,0.0037675476633012295,,0.001544948318041861,,0.002420291304588318,,0.0032991108018904924,,0.001276548020541668,,0.3123367130756378,,,,,,,,,,,,,,,,
25,21659,,0.01018989272415638,,0.0,,0.096698097884655,,0.0012316592037677765,,0.19988103210926056,,,0.13904833793640137,0.0010970319854095578,,0.0021265652030706406,,0.14487305283546448,,0.003305537160485983,,0.0012825066223740578,,0.0024601551704108715,,0.0031098946928977966,,0.0012316592037677765,,0.30420687794685364,,,,,,,,,,,,,,,,
25,21669,,0.005505822133272886,,0.0,,0.08568592369556427,,0.0015910733491182327,,0.19960328936576843,,,0.133269265294075,0.0021257258486002684,,0.0010046180104836822,,0.14335060119628906,,0.0028922627680003643,,0.001194120035506785,,0.002413759008049965,,0.0030597555451095104,,0.0015910733491182327,,0.2923779785633087,,,,,,,,,,,,,,,,
25,21679,,0.012237739749252796,,0.0,,0.10543426871299744,,0.0017552366480231285,,0.19957609474658966,,,0.14698533713817596,0.0006911574746482074,,0.0019667204469442368,,0.14767758548259735,,0.0035164938308298588,,0.0016480406047776341,,0.002383036073297262,,0.0032121024560183287,,0.0017552366480231285,,0.31514793634414673,,,,,,,,,,,,,,,,
25,21689,,0.0089266337454319,,0.0,,0.10417777299880981,,0.011058604344725609,,0.19916260242462158,,,0.13271120190620422,0.0022566437255591154,,0.0014066746225580573,,0.15066079795360565,,0.007092749699950218,,0.005433563143014908,,0.002446595812216401,,0.003185155801475048,,0.011058604344725609,,0.3158520758152008,,,,,,,,,,,,,,,,
25,21699,,0.009790821000933647,,0.0,,0.10814113169908524,,0.0018315799534320831,,0.1993061900138855,,,0.14110389351844788,0.0012389793992042542,,0.0010172282345592976,,0.14718253910541534,,0.004926292225718498,,0.0022987648844718933,,0.0023314994759857655,,0.003445569658651948,,0.0018315799534320831,,0.3130300045013428,,,,,,,,,,,,,,,,
25,21709,,0.009306147694587708,,0.0,,0.0828375592827797,,0.0010794177651405334,,0.19893920421600342,,,0.1322578638792038,0.001264446647837758,,0.0011568998452275991,,0.14534945785999298,,0.002295739483088255,,0.0009789043106138706,,0.0024359000381082296,,0.003012431086972356,,0.0010794177651405334,,0.2919631898403168,,,,,,,,,,,,,,,,
25,21719,,0.013893233612179756,,0.0,,0.10021574050188065,,0.0018856562674045563,,0.19996638596057892,,,0.14197377860546112,0.0023137943353503942,,0.0020664683543145657,,0.15176497399806976,,0.004234757274389267,,0.0019313243683427572,,0.0023815524764358997,,0.003200088394805789,,0.0018856562674045563,,0.3145138919353485,,,,,,,,,,,,,,,,
25,21729,,0.00921519473195076,,0.0,,0.10524199157953262,,0.0015746857970952988,,0.19931954145431519,,,0.14334742724895477,0.0009387077298015356,,0.0016291630454361439,,0.14671695232391357,,0.00277753546833992,,0.0013511140132322907,,0.0022466802038252354,,0.0029317971784621477,,0.0015746857970952988,,0.31011131405830383,,,,,,,,,,,,,,,,
25,21739,,0.008361289277672768,,0.0,,0.10668648779392242,,0.0017287032678723335,,0.19908036291599274,,,0.1383417397737503,0.0013023177161812782,,0.0011070261243730783,,0.14859545230865479,,0.0039633335545659065,,0.0018050945363938808,,0.0024124046321958303,,0.003370065474882722,,0.0017287032678723335,,0.3100621700286865,,,,,,,,,,,,,,,,
25,21749,,0.015722788870334625,,0.0,,0.10240618884563446,,0.0013843392953276634,,0.19920387864112854,,,0.14217786490917206,0.0010235649533569813,,0.002083065453916788,,0.14798080921173096,,0.0032984984572976828,,0.0014618413988500834,,0.0024324581027030945,,0.0031889735255390406,,0.0013843392953276634,,0.312776654958725,,,,,,,,,,,,,,,,
25,21759,,0.009796814993023872,,0.0,,0.08219961822032928,,0.0010811882093548775,,0.19902805984020233,,,0.14678074419498444,0.0015558168524876237,,0.002363927662372589,,0.14847493171691895,,0.003232677699998021,,0.001343988231383264,,0.0023781638592481613,,0.0030551014933735132,,0.0010811882093548775,,0.30217304825782776,,,,,,,,,,,,,,,,
25,21769,,0.00520652299746871,,0.0,,0.08162207156419754,,0.001490687020123005,,0.19938842952251434,,,0.1409771889448166,0.0009983855998143554,,0.0008621050510555506,,0.1455920785665512,,0.004135560244321823,,0.001487801899202168,,0.0024152491241693497,,0.0032157995738089085,,0.001490687020123005,,0.2953037917613983,,,,,,,,,,,,,,,,
25,21779,,0.01210605539381504,,0.0,,0.11449266970157623,,0.0017916159704327583,,0.20026367902755737,,,0.13813939690589905,0.0017990877386182547,,0.0030468450859189034,,0.14943434298038483,,0.004325214773416519,,0.0018048022175207734,,0.0024540009908378124,,0.003279228461906314,,0.0017916159704327583,,0.31810811161994934,,,,,,,,,,,,,,,,
25,21789,,0.007371477782726288,,0.0,,0.0927969440817833,,0.001273847185075283,,0.1993178129196167,,,0.14303338527679443,0.0009722807444632053,,0.0009485594928264618,,0.1461677849292755,,0.002945796586573124,,0.0012989116366952658,,0.002306477166712284,,0.0030814423225820065,,0.001273847185075283,,0.30229806900024414,,,,,,,,,,,,,,,,
25,21799,,0.00663570873439312,,0.0,,0.08102978020906448,,0.0027947761118412018,,0.2015039175748825,,,0.14661481976509094,0.0027882300782948732,,0.002102283760905266,,0.15106764435768127,,0.005315565504133701,,0.0022532425355166197,,0.0024142353795468807,,0.0033013056963682175,,0.0027947761118412018,,0.305561363697052,,,,,,,,,,,,,,,,
25,21809,,0.004440063610672951,,0.0,,0.07905949652194977,,0.001721804030239582,,0.19999006390571594,,,0.14286492764949799,0.0017730590188875794,,0.0007462244830094278,,0.14535489678382874,,0.0037692594341933727,,0.0014079043176025152,,0.0022710429038852453,,0.002957585034891963,,0.001721804030239582,,0.2946569621562958,,,,,,,,,,,,,,,,
25,21819,,0.007117205299437046,,0.0,,0.0858558714389801,,0.0010995185002684593,,0.19926343858242035,,,0.14543557167053223,0.001448916387744248,,0.0009267361601814628,,0.14545592665672302,,0.002983175218105316,,0.0013285370077937841,,0.0023686259519308805,,0.0030681758653372526,,0.0010995185002684593,,0.29970991611480713,,,,,,,,,,,,,,,,
25,21829,,0.01204604096710682,,0.0,,0.11033415049314499,,0.0051378486678004265,,0.19931164383888245,,,0.14761774241924286,0.0038477282505482435,,0.002684346167370677,,0.14873164892196655,,0.007461104542016983,,0.0028536724857985973,,0.0024152144324034452,,0.0032325393985956907,,0.0051378486678004265,,0.3244531452655792,,,,,,,,,,,,,,,,
25,21839,,0.00473363883793354,,0.0,,0.0783272311091423,,0.0014956118538975716,,0.19978471100330353,,,0.14827784895896912,0.0015720308292657137,,0.0014901384711265564,,0.14535680413246155,,0.0035618310794234276,,0.001556258648633957,,0.0022936388850212097,,0.002952433191239834,,0.0014956118538975716,,0.2971773147583008,,,,,,,,,,,,,,,,
25,21849,,0.011749273166060448,,0.0,,0.09740447998046875,,0.0009459732100367546,,0.1992371678352356,,,0.14737007021903992,0.0013910408597439528,,0.0018516052514314651,,0.1515267789363861,,0.00325422128662467,,0.0013334332033991814,,0.0023430753499269485,,0.0030445335432887077,,0.0009459732100367546,,0.3122481107711792,,,,,,,,,,,,,,,,
25,21859,,0.005387439392507076,,0.0,,0.09654396027326584,,0.0010881489142775536,,0.19918100535869598,,,0.14648370444774628,0.001346008270047605,,0.0005638195434585214,,0.14476865530014038,,0.0037126517854630947,,0.0013197328662499785,,0.002511057537049055,,0.0032462377566844225,,0.0010881489142775536,,0.3046993613243103,,,,,,,,,,,,,,,,
25,21869,,0.009018686600029469,,0.0,,0.09376285970211029,,0.0013976572081446648,,0.19893059134483337,,,0.13452422618865967,0.0013152636820450425,,0.0007406569784507155,,0.15178990364074707,,0.0035155578516423702,,0.001574420602992177,,0.00245849066413939,,0.003316291840746999,,0.0013976572081446648,,0.30283042788505554,,,,,,,,,,,,,,,,
25,21879,,0.009757183492183685,,0.0,,0.10356935858726501,,0.0015604496002197266,,0.1990336924791336,,,0.13728928565979004,0.0007617439841851592,,0.0010168461594730616,,0.14910054206848145,,0.0030064131133258343,,0.0013844679342582822,,0.0023188702762126923,,0.003099986119195819,,0.0015604496002197266,,0.30749940872192383,,,,,,,,,,,,,,,,
25,21889,,0.004752297420054674,,0.0,,0.08329890668392181,,0.0013056444004178047,,0.1995285302400589,,,0.14566217362880707,0.0017528785392642021,,0.0018796944059431553,,0.14766815304756165,,0.0041767386719584465,,0.001436895807273686,,0.0023586933966726065,,0.00306626851670444,,0.0013056444004178047,,0.29997655749320984,,,,,,,,,,,,,,,,
25,21899,,0.006820980459451675,,0.0,,0.08670669794082642,,0.0016199834644794464,,0.19957254827022552,,,0.14988045394420624,0.0006481647142209113,,0.0005323807126842439,,0.14602184295654297,,0.0036886835005134344,,0.001734756981022656,,0.0023028540890663862,,0.0030659432522952557,,0.0016199834644794464,,0.30283060669898987,,,,,,,,,,,,,,,,
25,21909,,0.005490260198712349,,0.0,,0.09935060143470764,,0.001328989863395691,,0.20068015158176422,,,0.1443672627210617,0.0014939458342269063,,0.0008939560502767563,,0.14650970697402954,,0.0038118623197078705,,0.001583434408530593,,0.0024649142287671566,,0.0032097436487674713,,0.001328989863395691,,0.3071972727775574,,,,,,,,,,,,,,,,
25,21919,,0.012429634109139442,,0.0,,0.10160084813833237,,0.003962751477956772,,0.2002914398908615,,,0.14052323997020721,0.0012769276509061456,,0.001454855315387249,,0.14599847793579102,,0.006052881479263306,,0.0029341205954551697,,0.002269820077344775,,0.003138050902634859,,0.003962751477956772,,0.3125355541706085,,,,,,,,,,,,,,,,
25,21929,,0.0139064472168684,,0.0,,0.11640352755784988,,0.0011505922302603722,,0.2064177244901657,,,0.14378345012664795,0.0004940914805047214,,0.002126888372004032,,0.1451636552810669,,0.0027305358089506626,,0.001239660196006298,,0.0023494199849665165,,0.0029995969962328672,,0.0011505922302603722,,0.3208826184272766,,,,,,,,,,,,,,,,
25,21939,,0.007999885827302933,,0.0,,0.089663065969944,,0.0022919178009033203,,0.1999664008617401,,,0.1441362351179123,0.0016134432516992092,,0.0012762232217937708,,0.149167001247406,,0.004748302511870861,,0.002046314999461174,,0.002518936526030302,,0.00346004799939692,,0.0022919178009033203,,0.3061738908290863,,,,,,,,,,,,,,,,
25,21949,,0.006407475098967552,,0.0,,0.08721727877855301,,0.0016033314168453217,,0.2007172405719757,,,0.15115636587142944,0.007851159200072289,,0.0044379825703799725,,0.1502743512392044,,0.0041005853563547134,,0.0014342078939080238,,0.0026296216528862715,,0.003383914940059185,,0.0016033314168453217,,0.3122986853122711,,,,,,,,,,,,,,,,
25,21959,,0.0074638789519667625,,0.0,,0.09357648342847824,,0.001504514366388321,,0.20119619369506836,,,0.13102805614471436,0.0015245669055730104,,0.0008235108107328415,,0.14663073420524597,,0.004211312159895897,,0.0014331749407574534,,0.0025072277057915926,,0.0032494671177119017,,0.001504514366388321,,0.29919928312301636,,,,,,,,,,,,,,,,
25,21969,,0.00521050626412034,,0.0,,0.09707861393690109,,0.0007826248183846474,,0.19933262467384338,,,0.15475739538669586,0.001282403478398919,,0.0006637356709688902,,0.15127241611480713,,0.002939199097454548,,0.0011637265561148524,,0.0024325314443558455,,0.0031212551984936,,0.0007826248183846474,,0.311579167842865,,,,,,,,,,,,,,,,
25,21969,,,,,,,,,,,,,,,,,,,,,,,,,,,,,,,,0.06487022340297699,0.0,0.3386511504650116,0.20110075175762177,0.3039500117301941,0.10914506018161774,0.22438977658748627,0.03694979473948479,0.22286735475063324,0.40609613060951233,0.20311866700649261,0.00435596751049161,0.01826329715549946,0.20110075175762177,1.076010823249817
25,21969,0.009224899113178253,,0.0,,0.09741812944412231,,0.00263753579929471,,0.2000897079706192,,0.0023522425908595324,0.14358171820640564,,,0.0016529657877981663,,0.14727111160755157,,0.004059765953570604,,0.0018650740385055542,,0.0024043875746428967,,0.003138886298984289,,0.00263753579929471,,0.3094174861907959,,0.2535763084888458,,,,,,,,,,,,,,,
26,21979,,0.0068742940202355385,,0.0,,0.093841053545475,,0.001390182413160801,,0.19917821884155273,,,0.1394769251346588,0.0011452920734882355,,0.0014387447154149413,,0.14712196588516235,,0.003536057658493519,,0.0014995585661381483,,0.002462332136929035,,0.0032192061189562082,,0.001390182413160801,,0.302201509475708,,,,,,,,,,,,,,,,
26,21989,,0.011349871754646301,,0.0,,0.08831708878278732,,0.0014813411980867386,,0.19892068207263947,,,0.14516043663024902,0.0020357391331344843,,0.0021864944137632847,,0.14887866377830505,,0.0027078897692263126,,0.0012423985172063112,,0.0024729908909648657,,0.0031775094103068113,,0.0014813411980867386,,0.3055543601512909,,,,,,,,,,,,,,,,
26,21999,,0.011070970445871353,,0.0,,0.1018017902970314,,0.0010758573189377785,,0.19910801947116852,,,0.1440897434949875,0.0008178701973520219,,0.0013404050841927528,,0.15038833022117615,,0.0025229542516171932,,0.0012016837717965245,,0.002348762471228838,,0.003008029190823436,,0.0010758573189377785,,0.3108912408351898,,,,,,,,,,,,,,,,
26,22009,,0.015582997351884842,,0.0,,0.11145589500665665,,0.0015048114582896233,,0.19889453053474426,,,0.13308963179588318,0.005386649630963802,,0.003398593282327056,,0.15316814184188843,,0.0036552157253026962,,0.0016032486455515027,,0.002386476146057248,,0.0032316455617547035,,0.0015048114582896233,,0.3182947039604187,,,,,,,,,,,,,,,,
26,22019,,0.009564192034304142,,0.0,,0.0954536646604538,,0.0026624593883752823,,0.20049095153808594,,,0.14684531092643738,0.0015152498381212354,,0.0010084605310112238,,0.14976662397384644,,0.003926671575754881,,0.0018029591301456094,,0.0024070932995527983,,0.003146188333630562,,0.0026624593883752823,,0.3108680248260498,,,,,,,,,,,,,,,,
26,22029,,0.0057227108627557755,,0.0,,0.08432002365589142,,0.0010938206687569618,,0.19932810962200165,,,0.15065762400627136,0.001062982832081616,,0.0007776021957397461,,0.14364275336265564,,0.003080695401877165,,0.001003242447040975,,0.0023116650991141796,,0.002810192760080099,,0.0010938206687569618,,0.2993108034133911,,,,,,,,,,,,,,,,
26,22039,,0.005807817447930574,,0.0,,0.09386762231588364,,0.001993195153772831,,0.20047152042388916,,,0.12915213406085968,0.0032227146439254284,,0.0014014033367857337,,0.14214201271533966,,0.004877880215644836,,0.0019088124390691519,,0.0024849826004356146,,0.003375226864591241,,0.001993195153772831,,0.29704028367996216,,,,,,,,,,,,,,,,
26,22049,,0.011770353652536869,,0.0,,0.09851940721273422,,0.0010750042274594307,,0.19933423399925232,,,0.1448878049850464,0.0028715759981423616,,0.0015638744225725532,,0.14687782526016235,,0.0024716691114008427,,0.0010970801813527942,,0.002377009019255638,,0.002947847358882427,,0.0010750042274594307,,0.3093707859516144,,,,,,,,,,,,,,,,
26,22059,,0.006595344748347998,,0.0,,0.0773182287812233,,0.0012913690879940987,,0.20068718492984772,,,0.13942725956439972,0.0011488394811749458,,0.0009057862916961312,,0.14924989640712738,,0.0030704038217663765,,0.001338845700956881,,0.002307323506101966,,0.002947496948763728,,0.0012913690879940987,,0.29461774230003357,,,,,,,,,,,,,,,,
26,22069,,0.005911658983677626,,0.0,,0.09535730630159378,,0.001672406680881977,,0.20463760197162628,,,0.15275800228118896,0.001012350432574749,,0.0008807293488644063,,0.14664137363433838,,0.0035757808946073055,,0.0015776782529428601,,0.002417929470539093,,0.0032172820065170527,,0.001672406680881977,,0.3114387094974518,,,,,,,,,,,,,,,,
26,22079,,0.009281822480261326,,0.0,,0.08674748986959457,,0.0011045737192034721,,0.2009074091911316,,,0.1405712366104126,0.0016657529631629586,,0.001551412744447589,,0.1437838077545166,,0.0035496659111231565,,0.0014559330884367228,,0.0024455946404486895,,0.003156025893986225,,0.0011045737192034721,,0.2996883988380432,,,,,,,,,,,,,,,,
26,22089,,0.005316745489835739,,0.0,,0.08316291123628616,,0.0011172499507665634,,0.20060774683952332,,,0.1465110033750534,0.001223053433932364,,0.001274527283385396,,0.14321479201316833,,0.0027266708202660084,,0.0011874502524733543,,0.0023154437076300383,,0.002934877760708332,,0.0011172499507665634,,0.2972636818885803,,,,,,,,,,,,,,,,
26,22099,,0.010195375420153141,,0.0,,0.08157002180814743,,0.0012724101543426514,,0.19893287122249603,,,0.1493578553199768,0.0012968621449545026,,0.0018932153470814228,,0.14445969462394714,,0.002518880181014538,,0.0011444009141996503,,0.0023098462261259556,,0.0029792620334774256,,0.0012724101543426514,,0.3004549741744995,,,,,,,,,,,,,,,,
26,22109,,0.007821111008524895,,0.0,,0.09074738621711731,,0.0009022904559969902,,0.19926615059375763,,,0.15116684138774872,0.000809992547146976,,0.0008604118484072387,,0.15171027183532715,,0.0020196144469082355,,0.0008591119549237192,,0.0023200444411486387,,0.002798472298309207,,0.0009022904559969902,,0.30704012513160706,,,,,,,,,,,,,,,,
26,22119,,0.012172344140708447,,0.0,,0.10835854709148407,,0.0009350450709462166,,0.19930361211299896,,,0.13641035556793213,0.0007332565728574991,,0.001899975584819913,,0.15058410167694092,,0.002436458133161068,,0.001134682446718216,,0.002386690815910697,,0.0029892204329371452,,0.0009350450709462166,,0.31116676330566406,,,,,,,,,,,,,,,,
26,22129,,0.006189723964780569,,0.0,,0.08673280477523804,,0.0009016655385494232,,0.19954809546470642,,,0.1513780802488327,0.007149216253310442,,0.003830207511782646,,0.1481776237487793,,0.0025522394571453333,,0.0008069660398177803,,0.0024674951564520597,,0.0029459435027092695,,0.0009016655385494232,,0.30781298875808716,,,,,,,,,,,,,,,,
26,22139,,0.0073011647909879684,,0.0,,0.08344709128141403,,0.0016753282397985458,,0.19953827559947968,,,0.13901959359645844,0.0031258417293429375,,0.0016592040192335844,,0.146094411611557,,0.003072790801525116,,0.001389353652484715,,0.002346472581848502,,0.003090618411079049,,0.0016753282397985458,,0.29742538928985596,,,,,,,,,,,,,,,,
26,22149,,0.0125078484416008,,0.0,,0.11312617361545563,,0.00112120620906353,,0.19942155480384827,,,0.14435909688472748,0.002984121209010482,,0.002982618985697627,,0.14891083538532257,,0.0030001006089150906,,0.001145614660345018,,0.0024046245962381363,,0.002994985319674015,,0.00112120620906353,,0.31897684931755066,,,,,,,,,,,,,,,,
26,22159,,0.007373548112809658,,0.0,,0.1040726825594902,,0.002267087809741497,,0.2014373242855072,,,0.14439132809638977,0.0015937769785523415,,0.0009850214701145887,,0.1468241661787033,,0.0035510582383722067,,0.0015525020426139235,,0.002393371658399701,,0.003224576124921441,,0.002267087809741497,,0.3114455044269562,,,,,,,,,,,,,,,,
26,22169,,0.0051850611343979836,,0.0,,0.08078951388597488,,0.0013959798961877823,,0.19956174492835999,,,0.14277678728103638,0.001085741212591529,,0.0014232972171157598,,0.14570748805999756,,0.0029861119110137224,,0.0011673448607325554,,0.0023375810123980045,,0.0029755174182355404,,0.0013959798961877823,,0.29518383741378784,,,,,,,,,,,,,,,,
26,22179,,0.0070792632177472115,,0.0,,0.08270522207021713,,0.0008752001449465752,,0.19977037608623505,,,0.15292254090309143,0.001082846662029624,,0.0008604503236711025,,0.14758649468421936,,0.003964418079704046,,0.0018607208039611578,,0.0023083779960870743,,0.002988112159073353,,0.0008752001449465752,,0.3034960627555847,,,,,,,,,,,,,,,,
26,22189,,0.008181112818419933,,0.0,,0.09977788478136063,,0.011453074403107166,,0.1991794854402542,,,0.14905498921871185,0.0019762623123824596,,0.0014283794444054365,,0.1450766772031784,,0.008150268346071243,,0.0042070988565683365,,0.002477247267961502,,0.003244072897359729,,0.011453074403107166,,0.3187252879142761,,,,,,,,,,,,,,,,
26,22199,,0.011237142607569695,,0.0,,0.10951774567365646,,0.0013839742168784142,,0.1992221176624298,,,0.14790792763233185,0.0008620142471045256,,0.0014652805402874947,,0.1528203785419464,,0.002928840694949031,,0.0013312193332239985,,0.0023861881345510483,,0.0030916864052414894,,0.0013839742168784142,,0.3186231255531311,,,,,,,,,,,,,,,,
26,22209,,0.0054908636957407,,0.0,,0.0925840511918068,,0.0011804895475506783,,0.19997233152389526,,,0.15149512887001038,0.0017314470605924726,,0.0015384643338620663,,0.14757263660430908,,0.003262042533606291,,0.0013956330949440598,,0.0024854482617229223,,0.003193703480064869,,0.0011804895475506783,,0.3075479567050934,,,,,,,,,,,,,,,,
26,22219,,0.006853635422885418,,0.0,,0.08404325693845749,,0.0023390967398881912,,0.19928152859210968,,,0.14597944915294647,0.001534945797175169,,0.0007095144828781486,,0.14355254173278809,,0.0036533770617097616,,0.0016668082680553198,,0.0023762336932122707,,0.0032579945400357246,,0.0023390967398881912,,0.2992531657218933,,,,,,,,,,,,,,,,
26,22229,,0.007477950304746628,,0.0,,0.09198803454637527,,0.03213902562856674,,0.19946029782295227,,,0.14214743673801422,0.0033520571887493134,,0.0026459423825144768,,0.14711526036262512,,0.00772000290453434,,0.007234758697450161,,0.002493735868483782,,0.003437410807237029,,0.03213902562856674,,0.3253246247768402,,,,,,,,,,,,,,,,
26,22239,,0.005521200597286224,,0.0,,0.09768231958150864,,0.0012394571676850319,,0.20057225227355957,,,0.1437549591064453,0.0028424356132745743,,0.0020429962314665318,,0.14822344481945038,,0.0038669435307383537,,0.001385875279083848,,0.0025932330172508955,,0.003298787632957101,,0.0012394571676850319,,0.30816134810447693,,,,,,,,,,,,,,,,
26,22249,,0.010833078995347023,,0.0,,0.0827130600810051,,0.0011540278792381287,,0.19921773672103882,,,0.13670393824577332,0.0015328818699344993,,0.0014352289726957679,,0.14490744471549988,,0.003223649226129055,,0.0013557019410654902,,0.00242176023311913,,0.0031638338696211576,,0.0011540278792381287,,0.29591310024261475,,,,,,,,,,,,,,,,
26,22259,,0.006852321792393923,,0.0,,0.09440109878778458,,0.0013290606439113617,,0.19914236664772034,,,0.1440441608428955,0.0014423071406781673,,0.0013433888088911772,,0.14783614873886108,,0.004697594791650772,,0.0019925974775105715,,0.002278829924762249,,0.0029898262582719326,,0.0013290606439113617,,0.30566975474357605,,,,,,,,,,,,,,,,
26,22269,,0.01006106473505497,,0.0,,0.08972492069005966,,0.0008160052821040154,,0.2042592614889145,,,0.14653334021568298,0.001848402083851397,,0.0014975381782278419,,0.147776797413826,,0.0030228132382035255,,0.0009371559717692435,,0.0025143756065517664,,0.003037087619304657,,0.0008160052821040154,,0.3075329065322876,,,,,,,,,,,,,,,,
26,22279,,0.011253837496042252,,0.0,,0.10325340926647186,,0.007647831924259663,,0.19922347366809845,,,0.1502561718225479,0.01903398521244526,,0.004358262754976749,,0.15195637941360474,,0.011257069185376167,,0.0046512288972735405,,0.0027024715673178434,,0.0035321947652846575,,0.007647831924259663,,0.33632928133010864,,,,,,,,,,,,,,,,
26,22289,,0.007491002324968576,,0.0,,0.10665415227413177,,0.0015002656728029251,,0.19944658875465393,,,0.14065870642662048,0.002576837781816721,,0.0029757674783468246,,0.1439753919839859,,0.003962418995797634,,0.0016131653683260083,,0.0024386097211390734,,0.0032214694656431675,,0.0015002656728029251,,0.3098679184913635,,,,,,,,,,,,,,,,
26,22299,,0.004996103700250387,,0.0,,0.08184070885181427,,0.0013646045699715614,,0.1988968551158905,,,0.14972566068172455,0.001071957522071898,,0.000513730279635638,,0.1458938866853714,,0.002363169565796852,,0.0010147911962121725,,0.0023671083617955446,,0.0029268423095345497,,0.0013646045699715614,,0.2979511022567749,,,,,,,,,,,,,,,,
26,22309,,0.012376893311738968,,0.0,,0.09421034902334213,,0.0012621693313121796,,0.20146125555038452,,,0.1539458930492401,0.001225237618200481,,0.0014307964593172073,,0.1489238739013672,,0.0030193186830729246,,0.0012911772355437279,,0.0023537336383014917,,0.0031368446070700884,,0.0012621693313121796,,0.31388717889785767,,,,,,,,,,,,,,,,
26,22319,,0.00645074900239706,,0.0,,0.09271545708179474,,0.0014890767633914948,,0.19995728135108948,,,0.1532585322856903,0.002034457866102457,,0.002117419382557273,,0.14536267518997192,,0.003323678392916918,,0.0014699060702696443,,0.0024100621230900288,,0.0031164877582341433,,0.0014890767633914948,,0.3084111511707306,,,,,,,,,,,,,,,,
26,22329,,0.010489856824278831,,0.0,,0.09091798216104507,,0.0021688537672162056,,0.20524962246418,,,0.1467551589012146,0.0030005816370248795,,0.003360433503985405,,0.14694814383983612,,0.003403843380510807,,0.001611661515198648,,0.0022786143235862255,,0.0030781470704823732,,0.0021688537672162056,,0.3111705183982849,,,,,,,,,,,,,,,,
26,22339,,0.009277388453483582,,0.0,,0.09621580690145493,,0.0010286923497915268,,0.19897983968257904,,,0.13816705346107483,0.0014695876743644476,,0.001735401339828968,,0.14336462318897247,,0.002741811331361532,,0.0011814733734354377,,0.0023745361249893904,,0.0030477403197437525,,0.0010286923497915268,,0.3013158142566681,,,,,,,,,,,,,,,,
26,22349,,0.013458048924803734,,0.0,,0.08867146819829941,,0.0019035926088690758,,0.2003195732831955,,,0.13701485097408295,0.0013271362986415625,,0.002427247352898121,,0.1521216183900833,,0.00377501524053514,,0.0016540932701900601,,0.0024155050050467253,,0.003120065899565816,,0.0019035926088690758,,0.3056641221046448,,,,,,,,,,,,,,,,
26,22359,,0.0067442930303514,,0.0,,0.08621858060359955,,0.0013326406478881836,,0.2016400545835495,,,0.1523861587047577,0.0011284190695732832,,0.0007079420611262321,,0.1424504518508911,,0.003830669214949012,,0.001843404839746654,,0.0023197168484330177,,0.003067631972953677,,0.0013326406478881836,,0.30336880683898926,,,,,,,,,,,,,,,,
26,22369,,0.00869259238243103,,0.0,,0.08955502510070801,,0.0012443587183952332,,0.1995965838432312,,,0.1431795358657837,0.0022366163320839405,,0.002160037402063608,,0.1462688446044922,,0.0025745690800249577,,0.0011220646556466818,,0.002265864983201027,,0.002822107868269086,,0.0012443587183952332,,0.30227014422416687,,,,,,,,,,,,,,,,
26,22379,,0.006713347975164652,,0.0,,0.09203313291072845,,0.0011846283450722694,,0.199131041765213,,,0.1392109990119934,0.001773772295564413,,0.001111625344492495,,0.14722266793251038,,0.0025584553368389606,,0.0011271327966824174,,0.0024744546972215176,,0.003165873233228922,,0.0011846283450722694,,0.30043649673461914,,,,,,,,,,,,,,,,
26,22389,,0.008361534215509892,,0.0,,0.08892813324928284,,0.0010821819305419922,,0.20057204365730286,,,0.14598654210567474,0.0010569104924798012,,0.0010880040936172009,,0.14097972214221954,,0.0024632338900119066,,0.0011402625823393464,,0.0023391081485897303,,0.0030541224405169487,,0.0010821819305419922,,0.3000529408454895,,,,,,,,,,,,,,,,
26,22399,,0.006208436563611031,,0.0,,0.1097070574760437,,0.0009960774332284927,,0.20006263256072998,,,0.14556632936000824,0.0011198470601812005,,0.0010823095217347145,,0.147813081741333,,0.002130769193172455,,0.0009351045591756701,,0.0023218016140162945,,0.0028812794480472803,,0.0009960774332284927,,0.31185299158096313,,,,,,,,,,,,,,,,
26,22409,,0.01630818098783493,,0.0,,0.1102069690823555,,0.000994296744465828,,0.19905595481395721,,,0.15853938460350037,0.0005489041795954108,,0.003018477698788047,,0.1507374495267868,,0.0026571471244096756,,0.0010544393444433808,,0.002285206923261285,,0.002836537314578891,,0.000994296744465828,,0.3255397379398346,,,,,,,,,,,,,,,,
26,22419,,0.006212999112904072,,0.0,,0.08310630917549133,,0.0013039633631706238,,0.19906717538833618,,,0.13678042590618134,0.0007997693028301001,,0.0009179790504276752,,0.14103984832763672,,0.0027060783468186855,,0.0010024202056229115,,0.0024280899669975042,,0.0029939052183181047,,0.0013039633631706238,,0.29067644476890564,,,,,,,,,,,,,,,,
26,22429,,0.0049007730558514595,,0.0,,0.08320210874080658,,0.00084659643471241,,0.1996181309223175,,,0.1340566724538803,0.0014321418711915612,,0.000823247421067208,,0.14539647102355957,,0.002374873962253332,,0.0009539182065054774,,0.0023256195709109306,,0.0028704474680125713,,0.00084659643471241,,0.2908357083797455,,,,,,,,,,,,,,,,
26,22439,,0.009196251630783081,,0.0,,0.09493600577116013,,0.0014888541772961617,,0.19921810925006866,,,0.1488451361656189,0.0009028143831528723,,0.0011992715299129486,,0.14760634303092957,,0.0033392016775906086,,0.0014971363125368953,,0.0022600414231419563,,0.002975624753162265,,0.0014888541772961617,,0.3082202076911926,,,,,,,,,,,,,,,,
26,22449,,0.008415911346673965,,0.0,,0.08505943417549133,,0.0015272023156285286,,0.2000306397676468,,,0.14162284135818481,0.001170982955954969,,0.0020337128080427647,,0.14387455582618713,,0.0033537419512867928,,0.0015419024275615811,,0.002275096019729972,,0.002912345575168729,,0.0015272023156285286,,0.29836535453796387,,,,,,,,,,,,,,,,
26,22459,,0.008276930078864098,,0.0,,0.09010229259729385,,0.0017821630463004112,,0.19974489510059357,,,0.14052271842956543,0.0012906281044706702,,0.0012699041981250048,,0.14348524808883667,,0.0025635315105319023,,0.0012832882348448038,,0.002351145725697279,,0.002998584182932973,,0.0017821630463004112,,0.29933497309684753,,,,,,,,,,,,,,,,
26,22469,,0.008424172177910805,,0.0,,0.10136356204748154,,0.0013185935094952583,,0.20459754765033722,,,0.1394686996936798,0.00255654682405293,,0.0011470246827229857,,0.14839589595794678,,0.0020322585478425026,,0.0009371471824124455,,0.0023272009566426277,,0.002837419044226408,,0.0013185935094952583,,0.3091217577457428,,,,,,,,,,,,,,,,
26,22479,,0.00709350174292922,,0.0,,0.08039751648902893,,0.001148795709013939,,0.19966788589954376,,,0.13271042704582214,0.0008100756676867604,,0.0009102483163587749,,0.14638328552246094,,0.0028516086749732494,,0.0012303051771596074,,0.002392973517999053,,0.0030681064818054438,,0.001148795709013939,,0.2908664047718048,,,,,,,,,,,,,,,,
26,22489,,0.008496451191604137,,0.0,,0.08257399499416351,,0.0014301007613539696,,0.1993059366941452,,,0.13646452128887177,0.0016910573467612267,,0.002096863929182291,,0.14565366506576538,,0.0031680171377956867,,0.0013550230069085956,,0.0024142516776919365,,0.0031766341999173164,,0.0014301007613539696,,0.29550155997276306,,,,,,,,,,,,,,,,
26,22499,,0.00806706864386797,,0.0,,0.09512344002723694,,0.0012070834636688232,,0.19923852384090424,,,0.14517425000667572,0.0011825021356344223,,0.0008177406853064895,,0.15302535891532898,,0.002275609178468585,,0.0009439358254894614,,0.0024004830047488213,,0.0029560148250311613,,0.0012070834636688232,,0.3076839745044708,,,,,,,,,,,,,,,,
26,22509,,0.004135121591389179,,0.0,,0.0792761743068695,,0.0015111882239580154,,0.19976995885372162,,,0.14951175451278687,0.0010920222848653793,,0.0007305800681933761,,0.14495724439620972,,0.002484791912138462,,0.0011108964681625366,,0.0023646801710128784,,0.002962447702884674,,0.0015111882239580154,,0.2964346408843994,,,,,,,,,,,,,,,,
26,22519,,0.010565519332885742,,0.0,,0.09732125699520111,,0.0017095059156417847,,0.19893434643745422,,,0.14708779752254486,0.0006170807755552232,,0.0018016323447227478,,0.1477266252040863,,0.003911317326128483,,0.0015605039661750197,,0.0022639494854956865,,0.002937975572422147,,0.0017095059156417847,,0.3096877634525299,,,,,,,,,,,,,,,,
26,22529,,0.011865423060953617,,0.0,,0.11689111590385437,,0.0014614807441830635,,0.20004631578922272,,,0.13572394847869873,0.0017204070463776588,,0.0020410034339874983,,0.1480610966682434,,0.003284275298938155,,0.001485704560764134,,0.002320932922884822,,0.003152372781187296,,0.0014614807441830635,,0.31560322642326355,,,,,,,,,,,,,,,,
26,22539,,0.009241392835974693,,0.0,,0.097737617790699,,0.0012609362602233887,,0.1998058259487152,,,0.1395968347787857,0.0012711042072623968,,0.0017255458515137434,,0.1504734456539154,,0.002526992466300726,,0.0010706742759793997,,0.002390480600297451,,0.0030574228148907423,,0.0012609362602233887,,0.3066078722476959,,,,,,,,,,,,,,,,
26,22549,,0.008016059175133705,,0.0,,0.08996369689702988,,0.0013492638245224953,,0.19910620152950287,,,0.1438617706298828,0.0010400669416412711,,0.000712348788511008,,0.14581437408924103,,0.0028203120455145836,,0.0013151939492672682,,0.002363181207329035,,0.0031006743665784597,,0.0013492638245224953,,0.3012818992137909,,,,,,,,,,,,,,,,
26,22559,,0.006248218938708305,,0.0,,0.08753515034914017,,0.0011257901787757874,,0.19909527897834778,,,0.1460612565279007,0.0015884102322161198,,0.0009593082359060645,,0.14844200015068054,,0.0026988820172846317,,0.0012237090850248933,,0.0023640692234039307,,0.0030588689260184765,,0.0011257901787757874,,0.3017299175262451,,,,,,,,,,,,,,,,
26,22569,,0.01757963001728058,,0.0,,0.10736684501171112,,0.0011458704248070717,,0.199073925614357,,,0.13452230393886566,0.0023439154028892517,,0.002622219268232584,,0.15587544441223145,,0.003304207231849432,,0.0013676203088834882,,0.0025949408300220966,,0.003353514475747943,,0.0011458704248070717,,0.317251980304718,,,,,,,,,,,,,,,,
26,22579,,0.009501109831035137,,0.0,,0.096117302775383,,0.002134794369339943,,0.1990225613117218,,,0.14936180412769318,0.0004663347499445081,,0.0021284304093569517,,0.1485767662525177,,0.0029147574678063393,,0.0014588508056476712,,0.0025060870684683323,,0.003291015513241291,,0.002134794369339943,,0.31038540601730347,,,,,,,,,,,,,,,,
26,22589,,0.011959398165345192,,0.0,,0.09392137825489044,,0.003904980607330799,,0.19894854724407196,,,0.15182581543922424,0.015393220819532871,,0.0022464036010205746,,0.14778809249401093,,0.006884046830236912,,0.0014262511394917965,,0.0026394533924758434,,0.003062476171180606,,0.003904980607330799,,0.3215313255786896,,,,,,,,,,,,,,,,
26,22599,,0.01712946593761444,,0.0,,0.10714408755302429,,0.0018732240423560143,,0.19931046664714813,,,0.14728444814682007,0.0015090287197381258,,0.002486575860530138,,0.15171626210212708,,0.0036999366711825132,,0.0013494119048118591,,0.0025063827633857727,,0.0032977035734802485,,0.0018732240423560143,,0.3213023841381073,,,,,,,,,,,,,,,,
26,22609,,0.00740854674950242,,0.0,,0.10329204797744751,,0.0012929653748869896,,0.20222313702106476,,,0.15009267628192902,0.004230205900967121,,0.001744409091770649,,0.147040456533432,,0.0045087384060025215,,0.001606893027201295,,0.0025088980328291655,,0.003221243154257536,,0.0012929653748869896,,0.3161957263946533,,,,,,,,,,,,,,,,
26,22619,,0.010425901040434837,,0.0,,0.09887685626745224,,0.0010957876220345497,,0.19916561245918274,,,0.15089531242847443,0.0018978924490511417,,0.0023807333782315254,,0.14429189264774323,,0.0028836983256042004,,0.0010811869287863374,,0.0023887776769697666,,0.0030034841038286686,,0.0010957876220345497,,0.3106952905654907,,,,,,,,,,,,,,,,
26,22629,,0.005706421099603176,,0.0,,0.09652785211801529,,0.001651856116950512,,0.22750909626483917,,,0.1450415402650833,0.0018967553041875362,,0.0012338613159954548,,0.14595383405685425,,0.006438467185944319,,0.0028471581172198057,,0.0023502984549850225,,0.003150603035464883,,0.001651856116950512,,0.3217291831970215,,,,,,,,,,,,,,,,
26,22639,,0.011119389906525612,,0.0,,0.07466769963502884,,0.0012956634163856506,,0.19949741661548615,,,0.141222283244133,0.0009131179540418088,,0.001583640812896192,,0.1456187218427658,,0.002579321851953864,,0.001117898733355105,,0.0024046285543590784,,0.0030893965158611536,,0.0012956634163856506,,0.29409927129745483,,,,,,,,,,,,,,,,
26,22649,,0.010852979496121407,,0.0,,0.09348789602518082,,0.001225198619067669,,0.19927430152893066,,,0.1423795074224472,0.0010194708593189716,,0.001805582083761692,,0.14749601483345032,,0.00216354476287961,,0.0009539099992252886,,0.002356946934014559,,0.002980738878250122,,0.001225198619067669,,0.3044884204864502,,,,,,,,,,,,,,,,
26,22659,,0.013718919828534126,,0.0,,0.10248087346553802,,0.0008734790608286858,,0.2006218433380127,,,0.14982761442661285,0.002291865414008498,,0.0034645376726984978,,0.14967329800128937,,0.0024710081052035093,,0.0011133018415421247,,0.002361925086006522,,0.002948448760434985,,0.0008734790608286858,,0.3173978328704834,,,,,,,,,,,,,,,,
26,22669,,0.004947030451148748,,0.0,,0.08132635802030563,,0.0013548312708735466,,0.1998140811920166,,,0.14160330593585968,0.0017213415121659636,,0.0016883322969079018,,0.1438574194908142,,0.004018538165837526,,0.001750629162415862,,0.0024333992041647434,,0.0033186485525220633,,0.0013548312708735466,,0.2955763041973114,,,,,,,,,,,,,,,,
26,22679,,0.013477204367518425,,0.0,,0.10648839175701141,,0.0015341844409704208,,0.19914987683296204,,,0.13998465240001678,0.001458655227907002,,0.0019097424810752273,,0.15204596519470215,,0.003146125003695488,,0.001299169147387147,,0.002392024965956807,,0.003102391492575407,,0.0015341844409704208,,0.3145453929901123,,,,,,,,,,,,,,,,
26,22689,,0.004804220981895924,,0.0,,0.08613678067922592,,0.0012102127075195312,,0.19901610910892487,,,0.14836940169334412,0.0010499519994482398,,0.0012606206582859159,,0.14612743258476257,,0.003079008311033249,,0.0014206619234755635,,0.0023223557509481907,,0.002988293766975403,,0.0012102127075195312,,0.3003867268562317,,,,,,,,,,,,,,,,
26,22699,,0.01000282447785139,,0.0,,0.09922333061695099,,0.0015292679890990257,,0.1990731954574585,,,0.14982394874095917,0.0012734420597553253,,0.0017223715549334884,,0.14850205183029175,,0.003727150149643421,,0.0016197966178879142,,0.0023856787011027336,,0.0032556394580751657,,0.0015292679890990257,,0.312697172164917,,,,,,,,,,,,,,,,
26,22709,,0.0042856475338339806,,0.0,,0.09125930815935135,,0.0010294020175933838,,0.20072811841964722,,,0.1434735357761383,0.0012583493953570724,,0.000687157444190234,,0.14313232898712158,,0.0020822344813495874,,0.0008488761377520859,,0.0023005346301943064,,0.0027897993568331003,,0.0010294020175933838,,0.298332542181015,,,,,,,,,,,,,,,,
26,22719,,0.008636177517473698,,0.0,,0.08495256304740906,,0.0007742112502455711,,0.19928112626075745,,,0.1438424289226532,0.0017506284639239311,,0.00135337735991925,,0.1490681916475296,,0.0019972885493189096,,0.0007840623729862273,,0.002312884433194995,,0.002772263018414378,,0.0007742112502455711,,0.30014872550964355,,,,,,,,,,,,,,,,
26,22729,,0.009961245581507683,,0.0,,0.08627071231603622,,0.0018147733062505722,,0.19906525313854218,,,0.13936589658260345,0.0015311513561755419,,0.0013998503563925624,,0.14689305424690247,,0.0027185999788343906,,0.0011720049660652876,,0.002350197173655033,,0.0029439895879477262,,0.0018147733062505722,,0.2992153763771057,,,,,,,,,,,,,,,,
26,22739,,0.007596803363412619,,0.0,,0.08354869484901428,,0.0014983424916863441,,0.19952768087387085,,,0.14133460819721222,0.0016646870644763112,,0.001023593358695507,,0.14278069138526917,,0.0035691210068762302,,0.0015093667898327112,,0.0024293912574648857,,0.003215716453269124,,0.0014983424916863441,,0.2964572012424469,,,,,,,,,,,,,,,,
26,22749,,0.010076597332954407,,0.0,,0.10199891030788422,,0.0017809327691793442,,0.19905929267406464,,,0.14983966946601868,0.001076895627193153,,0.0020254841074347496,,0.14174777269363403,,0.0033483717124909163,,0.0013977679191157222,,0.0024057140108197927,,0.0030883268918842077,,0.0017809327691793442,,0.31046703457832336,,,,,,,,,,,,,,,,
26,22759,,0.009713639505207539,,0.0,,0.09419842809438705,,0.0015656622126698494,,0.1992795467376709,,,0.14859986305236816,0.00046100691542960703,,0.0013620135141536593,,0.14323017001152039,,0.0031536524184048176,,0.00147608807310462,,0.002317246748134494,,0.003080011112615466,,0.0015656622126698494,,0.3057587146759033,,,,,,,,,,,,,,,,
26,22769,,0.007190002128481865,,0.0,,0.09903087466955185,,0.002969539724290371,,0.20511537790298462,,,0.14576563239097595,0.0012663599336519837,,0.001425622496753931,,0.140236958861351,,0.003682720009237528,,0.0018545417115092278,,0.002344273729249835,,0.0032435001339763403,,0.002969539724290371,,0.30868446826934814,,,,,,,,,,,,,,,,
26,22779,,0.004966487176716328,,0.0,,0.0817674919962883,,0.0013264939188957214,,0.19993138313293457,,,0.1426088958978653,0.002363089472055435,,0.0011974804801866412,,0.14542514085769653,,0.002946580993011594,,0.0012078749714419246,,0.0022744862362742424,,0.002926857443526387,,0.0013264939188957214,,0.2959345579147339,,,,,,,,,,,,,,,,
26,22789,,0.008243035525083542,,0.0,,0.09732379764318466,,0.0010652458295226097,,0.20091138780117035,,,0.14489677548408508,0.001016929280012846,,0.0012039083521813154,,0.1498556137084961,,0.002873143181204796,,0.0011853359173983335,,0.002381039783358574,,0.0030075691174715757,,0.0010652458295226097,,0.30848562717437744,,,,,,,,,,,,,,,,
26,22799,,0.00922597385942936,,0.0,,0.0922195315361023,,0.0009233653545379639,,0.199387788772583,,,0.13784907758235931,0.001317997113801539,,0.00128032430075109,,0.14724406599998474,,0.0027906964533030987,,0.0011275026481598616,,0.0024574794806540012,,0.003080033464357257,,0.0009233653545379639,,0.300991952419281,,,,,,,,,,,,,,,,
26,22809,,0.009003834798932076,,0.0,,0.09900911152362823,,0.001392686739563942,,0.1991746723651886,,,0.13464662432670593,0.001163054839707911,,0.0019319213461130857,,0.14680209755897522,,0.00379671948030591,,0.0016681530978530645,,0.0023957297671586275,,0.0032827395480126143,,0.001392686739563942,,0.30377504229545593,,,,,,,,,,,,,,,,
26,22814,,,,,,,,,,,,,,,,,,,,,,,,,,,,,,,,0.06361334025859833,0.0,0.33654874563217163,0.19956958293914795,0.3031025528907776,0.10770085453987122,0.2173614799976349,0.03599715232849121,0.2186904102563858,0.4023949205875397,0.20082533359527588,0.004392721224576235,0.018124142661690712,0.19956958293914795,1.0632225275039673
26,22814,0.009096451103687286,,0.0,,0.09553322941064835,,0.002486330457031727,,0.20005151629447937,,0.0022334149107337,0.1432669758796692,,,0.0016639194218441844,,0.1470601111650467,,0.003807770786806941,,0.0017536986852064729,,0.0023966918233782053,,0.003101628739386797,,0.002486330457031727,,0.3077768087387085,,0.25358831882476807,,,,,,,,,,,,,,,
27,22819,,0.007693769875913858,,0.0,,0.08976850658655167,,0.0008449321612715721,,0.2003207802772522,,,0.15008078515529633,0.001482657389715314,,0.0020045223645865917,,0.14618879556655884,,0.0024688257835805416,,0.0009651305736042559,,0.002352738054469228,,0.002826489508152008,,0.0008449321612715721,,0.30491217970848083,,,,,,,,,,,,,,,,
27,22829,,0.007699950598180294,,0.0,,0.10118595510721207,,0.0011905878782272339,,0.1991622895002365,,,0.13671086728572845,0.0014747590757906437,,0.0009761772817000747,,0.14784613251686096,,0.002709265099838376,,0.0012063641333952546,,0.002388813765719533,,0.0031093014404177666,,0.0011905878782272339,,0.30438488721847534,,,,,,,,,,,,,,,,
27,22839,,0.008033218793570995,,0.0,,0.09935087710618973,,0.029247533529996872,,0.19972577691078186,,,0.1394079476594925,0.002207366982474923,,0.0015160187613219023,,0.14639917016029358,,0.007539691403508186,,0.007548223249614239,,0.0024669738486409187,,0.003434594953432679,,0.029247533529996872,,0.32515597343444824,,,,,,,,,,,,,,,,
27,22849,,0.004346336238086224,,0.0,,0.0853891521692276,,0.001367754302918911,,0.19969630241394043,,,0.1504213958978653,0.0011756070889532566,,0.0005905202706344426,,0.14602532982826233,,0.002721264958381653,,0.0011986765312030911,,0.0023507247678935528,,0.0029189549386501312,,0.001367754302918911,,0.30056047439575195,,,,,,,,,,,,,,,,
27,22859,,0.01342098694294691,,0.0,,0.11987661570310593,,0.0009506102651357651,,0.19922451674938202,,,0.1370929628610611,0.0009392963256686926,,0.0016143479151651263,,0.14891980588436127,,0.0023781307972967625,,0.0010052853031083941,,0.0022761232685297728,,0.0028840438462793827,,0.0009506102651357651,,0.31673339009284973,,,,,,,,,,,,,,,,
27,22869,,0.006904540117830038,,0.0,,0.08767464756965637,,0.0008649658411741257,,0.19900810718536377,,,0.14389167726039886,0.0016538461204618216,,0.0009506223723292351,,0.1477338671684265,,0.002561508445069194,,0.0008483981946483254,,0.002334427321329713,,0.002809368772432208,,0.0008649658411741257,,0.300022691488266,,,,,,,,,,,,,,,,
27,22879,,0.005522285122424364,,0.0,,0.08948969095945358,,0.0011970968917012215,,0.20118498802185059,,,0.15146370232105255,0.0012673430610448122,,0.000904423592146486,,0.14716534316539764,,0.0023291404359042645,,0.0011351080611348152,,0.0022969210986047983,,0.00295892427675426,,0.0011970968917012215,,0.3049369156360626,,,,,,,,,,,,,,,,
27,22889,,0.00724863912910223,,0.0,,0.09134772419929504,,0.0008797179907560349,,0.1990070343017578,,,0.1445113867521286,0.001037051435559988,,0.0011415542103350163,,0.1482781022787094,,0.0027877353131771088,,0.0010200954275205731,,0.002316490514203906,,0.0028015568386763334,,0.0008797179907560349,,0.3025892972946167,,,,,,,,,,,,,,,,
27,22899,,0.007303798105567694,,0.0,,0.08538372814655304,,0.0017462531104683876,,0.20351575314998627,,,0.13060371577739716,0.0011403468670323491,,0.0010495680617168546,,0.14257413148880005,,0.0034991479478776455,,0.0014390188734978437,,0.002361219609156251,,0.0030850900802761316,,0.0017462531104683876,,0.29339346289634705,,,,,,,,,,,,,,,,
27,22909,,0.013352710753679276,,0.0,,0.0924566388130188,,0.0021697478368878365,,0.19936737418174744,,,0.14196790754795074,0.002168936189264059,,0.001645391806960106,,0.14966171979904175,,0.003038677154108882,,0.00139039836358279,,0.002612836193293333,,0.0033151127863675356,,0.0021697478368878365,,0.30823129415512085,,,,,,,,,,,,,,,,
27,22919,,0.004974787123501301,,0.0,,0.0865669697523117,,0.0014192638918757439,,0.1999964416027069,,,0.1357022374868393,0.0023961099795997143,,0.0016794869443401694,,0.14370688796043396,,0.0031067009549587965,,0.0013347832718864083,,0.0024011849891394377,,0.0030692024156451225,,0.0014192638918757439,,0.2947116196155548,,,,,,,,,,,,,,,,
27,22929,,0.010909928940236568,,0.0,,0.07984650880098343,,0.0010419106110930443,,0.19938965141773224,,,0.14357474446296692,0.0016910771373659372,,0.0014931291807442904,,0.14916516840457916,,0.002008723793551326,,0.0009203276713378727,,0.002335823606699705,,0.002820228226482868,,0.0010419106110930443,,0.29900872707366943,,,,,,,,,,,,,,,,
27,22939,,0.011319803074002266,,0.0,,0.09598930925130844,,0.001982663758099079,,0.19909080862998962,,,0.145180344581604,0.003231507260352373,,0.0020731594413518906,,0.14937391877174377,,0.004093479365110397,,0.0017411321168765426,,0.002491774968802929,,0.003269473323598504,,0.001982663758099079,,0.311553418636322,,,,,,,,,,,,,,,,
27,22949,,0.010648487135767937,,0.0,,0.10385243594646454,,0.0009011793881654739,,0.19948594272136688,,,0.1488967090845108,0.0006801925483159721,,0.0011592854280024767,,0.14882278442382812,,0.0021577058359980583,,0.0010064499219879508,,0.0023229431826621294,,0.00290474365465343,,0.0009011793881654739,,0.3128717839717865,,,,,,,,,,,,,,,,
27,22959,,0.009404842741787434,,0.0,,0.10537824779748917,,0.0009585684165358543,,0.19906798005104065,,,0.1365123987197876,0.0018141113687306643,,0.0011925427243113518,,0.14693814516067505,,0.0030484357848763466,,0.0013214012142270803,,0.002370281843468547,,0.0030800497625023127,,0.0009585684165358543,,0.30708348751068115,,,,,,,,,,,,,,,,
27,22969,,0.0061767203733325005,,0.0,,0.09601020812988281,,0.0010298220440745354,,0.19904005527496338,,,0.13749080896377563,0.0011920537799596786,,0.0005503298016265035,,0.14416971802711487,,0.0026002726517617702,,0.0011771644931286573,,0.002345497254282236,,0.0029876427724957466,,0.0010298220440745354,,0.2988789975643158,,,,,,,,,,,,,,,,
27,22979,,0.011149488389492035,,0.0,,0.11166538298130035,,0.0016350960358977318,,0.1991090476512909,,,0.1458553671836853,0.00244349823333323,,0.0017708693630993366,,0.14613591134548187,,0.003886488266289234,,0.0016642098780721426,,0.002295602113008499,,0.0031254820059984922,,0.0016350960358977318,,0.31693097949028015,,,,,,,,,,,,,,,,
27,22989,,0.0066805314272642136,,0.0,,0.11119293421506882,,0.0008874451741576195,,0.19940504431724548,,,0.1425398886203766,0.0016207732260227203,,0.0008362762164324522,,0.14873668551445007,,0.0019603525288403034,,0.0007522269734181464,,0.002343681873753667,,0.0028013961855322123,,0.0008874451741576195,,0.311279296875,,,,,,,,,,,,,,,,
27,22999,,0.004908333532512188,,0.0,,0.08481572568416595,,0.0008595166727900505,,0.19917766749858856,,,0.14692671597003937,0.001150054857134819,,0.0007897544419392943,,0.14253085851669312,,0.0026605804450809956,,0.0010875993175432086,,0.0023418907076120377,,0.002818484092131257,,0.0008595166727900505,,0.29644283652305603,,,,,,,,,,,,,,,,
27,23009,,0.008252069354057312,,0.0,,0.09854841232299805,,0.0010217465460300446,,0.19928091764450073,,,0.14461980760097504,0.0009533505071885884,,0.0010954871540889144,,0.14597463607788086,,0.005175282247364521,,0.001267878687940538,,0.002600335981696844,,0.0032784610521048307,,0.0010217465460300446,,0.3076733946800232,,,,,,,,,,,,,,,,
27,23019,,0.0085451053455472,,0.0,,0.0774129182100296,,0.0011860206723213196,,0.1993495523929596,,,0.14136439561843872,0.000789234705734998,,0.001087898388504982,,0.13930079340934753,,0.0021508450154215097,,0.0010734383249655366,,0.002409211825579405,,0.0029671117663383484,,0.0011860206723213196,,0.2903017997741699,,,,,,,,,,,,,,,,
27,23029,,0.007657570764422417,,0.0,,0.09215054661035538,,0.0011002933606505394,,0.19889208674430847,,,0.14715638756752014,0.0008509755716659129,,0.0008852709433995187,,0.14726293087005615,,0.0024947980418801308,,0.0011037092190235853,,0.002385898260399699,,0.002972081769257784,,0.0011002933606505394,,0.30394235253334045,,,,,,,,,,,,,,,,
27,23039,,0.006252783816307783,,0.0,,0.08686668425798416,,0.0017070863395929337,,0.19972684979438782,,,0.14872249960899353,0.003511581104248762,,0.0026190271601080894,,0.1440161168575287,,0.004565396346151829,,0.001648247824050486,,0.002408824162557721,,0.003181522013619542,,0.0017070863395929337,,0.3042040765285492,,,,,,,,,,,,,,,,
27,23049,,0.010481433011591434,,0.0,,0.09137599170207977,,0.0013935025781393051,,0.20098064839839935,,,0.13312683999538422,0.001319843577221036,,0.0017852128949016333,,0.14735552668571472,,0.0025206762365996838,,0.0011478455271571875,,0.0023797983303666115,,0.0030408422462642193,,0.0013935025781393051,,0.2999745011329651,,,,,,,,,,,,,,,,
27,23059,,0.005652990657836199,,0.0,,0.07813048362731934,,0.0014782631769776344,,0.2001553326845169,,,0.13363035023212433,0.0008388586575165391,,0.0006133334245532751,,0.14387425780296326,,0.0046684881672263145,,0.0016635397914797068,,0.002375190146267414,,0.003077395958825946,,0.0014782631769776344,,0.2896179258823395,,,,,,,,,,,,,,,,
27,23069,,0.0055878059938549995,,0.0,,0.08271073549985886,,0.0011303368955850601,,0.2004692405462265,,,0.14403992891311646,0.0016664289869368076,,0.001423088600859046,,0.14769715070724487,,0.00319111836142838,,0.001212174422107637,,0.002259013010188937,,0.0028621277306228876,,0.0011303368955850601,,0.2985556423664093,,,,,,,,,,,,,,,,
27,23079,,0.005660194903612137,,0.0,,0.08678290247917175,,0.0011706780642271042,,0.19956499338150024,,,0.14362025260925293,0.0008952667121775448,,0.0007810505339875817,,0.14750167727470398,,0.0024657240137457848,,0.0009971607942134142,,0.002452050568535924,,0.003038652939721942,,0.0011706780642271042,,0.2989846467971802,,,,,,,,,,,,,,,,
27,23089,,0.005144142545759678,,0.0,,0.09435634315013885,,0.001507217064499855,,0.1990327686071396,,,0.13047687709331512,0.0014559688279405236,,0.001245301216840744,,0.1460903286933899,,0.0032973559573292732,,0.001418235246092081,,0.002397774951532483,,0.003097979351878166,,0.001507217064499855,,0.29630911350250244,,,,,,,,,,,,,,,,
27,23099,,0.009484159760177135,,0.0,,0.09484907239675522,,0.03187329322099686,,0.20585021376609802,,,0.14404995739459991,0.0021372658666223288,,0.0019883865024894476,,0.1469140648841858,,0.005904305260628462,,0.00675671361386776,,0.002452013548463583,,0.003368978388607502,,0.03187329322099686,,0.3294987082481384,,,,,,,,,,,,,,,,
27,23109,,0.008941194042563438,,0.0,,0.09226038306951523,,0.0019401200115680695,,0.19907644391059875,,,0.12094202637672424,0.003378557739779353,,0.002108591143041849,,0.14121034741401672,,0.004468860104680061,,0.0019270794000476599,,0.0025083348155021667,,0.003417635103687644,,0.0019401200115680695,,0.29279863834381104,,,,,,,,,,,,,,,,
27,23119,,0.010973839089274406,,0.0,,0.09692765027284622,,0.0010018758475780487,,0.19962437450885773,,,0.14276836812496185,0.0008232393302023411,,0.001732920645736158,,0.14743651449680328,,0.0027030238416045904,,0.0011430043959990144,,0.0023330561816692352,,0.002945961896330118,,0.0010018758475780487,,0.3066798746585846,,,,,,,,,,,,,,,,
27,23129,,0.012289862148463726,,0.0,,0.09907953441143036,,0.0010607903823256493,,0.20038458704948425,,,0.14403370022773743,0.003616259666159749,,0.0031136374454945326,,0.14879703521728516,,0.002786841709166765,,0.0011847818968817592,,0.0024544987827539444,,0.0031321782153099775,,0.0010607903823256493,,0.312532901763916,,,,,,,,,,,,,,,,
27,23139,,0.011192016303539276,,0.0,,0.09054169058799744,,0.0010251989588141441,,0.20212721824645996,,,0.14043375849723816,0.0006648870185017586,,0.00238588429056108,,0.1483427882194519,,0.0023928587324917316,,0.0009866622276604176,,0.002344415755942464,,0.0029234327375888824,,0.0010251989588141441,,0.3041421175003052,,,,,,,,,,,,,,,,
27,23149,,0.007720415946096182,,0.0,,0.0915883406996727,,0.0010697999969124794,,0.20052242279052734,,,0.14174345135688782,0.0014733769930899143,,0.001134912483394146,,0.14704221487045288,,0.002814407227560878,,0.0011047139996662736,,0.0024396288208663464,,0.003016490489244461,,0.0010697999969124794,,0.30234333872795105,,,,,,,,,,,,,,,,
27,23159,,0.010370559990406036,,0.0,,0.10172969102859497,,0.0014964817091822624,,0.19991131126880646,,,0.13883627951145172,0.001272452063858509,,0.0013817781582474709,,0.14762118458747864,,0.0031550005078315735,,0.0014715977013111115,,0.0023896992206573486,,0.00312988692894578,,0.0014964817091822624,,0.30794793367385864,,,,,,,,,,,,,,,,
27,23169,,0.009388715960085392,,0.0,,0.09666226804256439,,0.00199788436293602,,0.20264795422554016,,,0.14082911610603333,0.0009948009392246604,,0.0016707086469978094,,0.14725179970264435,,0.003644852200523019,,0.0016148727154359221,,0.0025027620140463114,,0.0033415029756724834,,0.00199788436293602,,0.3079443573951721,,,,,,,,,,,,,,,,
27,23179,,0.015011105686426163,,0.0,,0.11716099083423615,,0.0012293262407183647,,0.19906198978424072,,,0.14806102216243744,0.0020419727079570293,,0.002409964334219694,,0.14760129153728485,,0.003219772595912218,,0.0013004523934796453,,0.002422943478450179,,0.0031273646745830774,,0.0012293262407183647,,0.3228877782821655,,,,,,,,,,,,,,,,
27,23189,,0.006523145828396082,,0.0,,0.09143616259098053,,0.000913301482796669,,0.19901782274246216,,,0.13279607892036438,0.0020465811248868704,,0.0011906849686056376,,0.14807665348052979,,0.0023109731264412403,,0.0010178390657529235,,0.0024030867498368025,,0.003054246539250016,,0.000913301482796669,,0.29692044854164124,,,,,,,,,,,,,,,,
27,23199,,0.010707343928515911,,0.0,,0.10317244380712509,,0.0013726521283388138,,0.19990938901901245,,,0.14541061222553253,0.0013394237030297518,,0.0018482878804206848,,0.1463926136493683,,0.0036398100201040506,,0.0013561014784500003,,0.0023136441595852375,,0.0030694350134581327,,0.0013726521283388138,,0.31180062890052795,,,,,,,,,,,,,,,,
27,23209,,0.008553417399525642,,0.0,,0.10209179669618607,,0.0012030517682433128,,0.1994667500257492,,,0.1455366313457489,0.0009527428192086518,,0.0009603548678569496,,0.1457771360874176,,0.002851735567674041,,0.0011533688521012664,,0.002409187378361821,,0.0031046103686094284,,0.0012030517682433128,,0.3085826635360718,,,,,,,,,,,,,,,,
27,23219,,0.007140396628528833,,0.0,,0.08117187768220901,,0.0015072701498866081,,0.19950567185878754,,,0.15087002515792847,0.004656948149204254,,0.0040532625280320644,,0.14454177021980286,,0.0033587845973670483,,0.001491960952989757,,0.002400982426479459,,0.003175509860739112,,0.0015072701498866081,,0.3035249710083008,,,,,,,,,,,,,,,,
27,23229,,0.010368254035711288,,0.0,,0.08798949420452118,,0.0011464795097708702,,0.20017492771148682,,,0.14640256762504578,0.00114294677041471,,0.0016823419136926532,,0.14942680299282074,,0.002637057565152645,,0.0012006498873233795,,0.002329264534637332,,0.0030111216474324465,,0.0011464795097708702,,0.3052615225315094,,,,,,,,,,,,,,,,
27,23239,,0.004681319463998079,,0.0,,0.0899614691734314,,0.0011905860155820847,,0.19958852231502533,,,0.12871626019477844,0.001550203305669129,,0.0012092881370335817,,0.14197346568107605,,0.002682336373254657,,0.0011897208169102669,,0.00224856473505497,,0.0028447883669286966,,0.0011905860155820847,,0.2903406620025635,,,,,,,,,,,,,,,,
27,23249,,0.008806629106402397,,0.0,,0.09348420798778534,,0.0010742954909801483,,0.19991128146648407,,,0.1367483139038086,0.002067016437649727,,0.0010698896367102861,,0.15196484327316284,,0.002748028375208378,,0.0010853096609935164,,0.002458931878209114,,0.003080825787037611,,0.0010742954909801483,,0.3037901818752289,,,,,,,,,,,,,,,,
27,23259,,0.012127373367547989,,0.0,,0.09480695426464081,,0.0013577165082097054,,0.19944152235984802,,,0.14075148105621338,0.001389342243783176,,0.0014870361192151904,,0.14875128865242004,,0.0031437575817108154,,0.0013357974821701646,,0.0024603998754173517,,0.003197734011337161,,0.0013577165082097054,,0.30672407150268555,,,,,,,,,,,,,,,,
27,23269,,0.010171081870794296,,0.0,,0.09792870283126831,,0.001392783597111702,,0.19987431168556213,,,0.14631929993629456,0.0006728667649440467,,0.0016182039398699999,,0.14489153027534485,,0.0025627624709159136,,0.0012482010060921311,,0.0022458210587501526,,0.002854306949302554,,0.001392783597111702,,0.3073171079158783,,,,,,,,,,,,,,,,
27,23279,,0.01130878459662199,,0.0,,0.0843733549118042,,0.001266680657863617,,0.20037731528282166,,,0.12684544920921326,0.001497212564572692,,0.0016106003895401955,,0.1465601772069931,,0.0029135332442820072,,0.0012576006120070815,,0.0023421316873282194,,0.003001814940944314,,0.001266680657863617,,0.2931782007217407,,,,,,,,,,,,,,,,
27,23289,,0.005268878769129515,,0.0,,0.1031540036201477,,0.0017145909368991852,,0.20087359845638275,,,0.14174120128154755,0.0008811798179522157,,0.0009710674057714641,,0.14716187119483948,,0.003665727097541094,,0.0016625692369416356,,0.0024083461612462997,,0.0031940254848450422,,0.0017145909368991852,,0.30794551968574524,,,,,,,,,,,,,,,,
27,23299,,0.004740998148918152,,0.0,,0.08246412128210068,,0.0008576316758990288,,0.1988685131072998,,,0.1313767433166504,0.0014841333031654358,,0.0007875044248066843,,0.14809781312942505,,0.004212157800793648,,0.0017118377145379782,,0.0024124891497194767,,0.002946618013083935,,0.0008576316758990288,,0.2914535701274872,,,,,,,,,,,,,,,,
27,23309,,0.008373143151402473,,0.0,,0.09879232197999954,,0.0012843357399106026,,0.1996106505393982,,,0.14293605089187622,0.0019180916715413332,,0.0012957191793248057,,0.1490994095802307,,0.003075697459280491,,0.0012943295296281576,,0.0024156207218766212,,0.0030208700336515903,,0.0012843357399106026,,0.30806854367256165,,,,,,,,,,,,,,,,
27,23319,,0.009364763274788857,,0.0,,0.1204308271408081,,0.0013709701597690582,,0.19891956448554993,,,0.15219351649284363,0.0008189828949980438,,0.0009481110027991235,,0.14546793699264526,,0.0028415070846676826,,0.001297631999477744,,0.002395665505900979,,0.00313648022711277,,0.0013709701597690582,,0.32116127014160156,,,,,,,,,,,,,,,,
27,23329,,0.005972635932266712,,0.0,,0.09053178131580353,,0.0013890815898776054,,0.19912000000476837,,,0.14965084195137024,0.002685184357687831,,0.002535793464630842,,0.1462439000606537,,0.00312681682407856,,0.0012824665755033493,,0.0024292273446917534,,0.0030966049525886774,,0.0013890815898776054,,0.3055804669857025,,,,,,,,,,,,,,,,
27,23339,,0.012713762000203133,,0.0,,0.09528595954179764,,0.0011747116222977638,,0.19899332523345947,,,0.1366536021232605,0.0017446664860472083,,0.00243805511854589,,0.14785242080688477,,0.0024692537263035774,,0.0010814509587362409,,0.0023476022761315107,,0.0030091279186308384,,0.0011747116222977638,,0.30438652634620667,,,,,,,,,,,,,,,,
27,23349,,0.008354732766747475,,0.0,,0.09111598879098892,,0.0014509586617350578,,0.19894389808177948,,,0.1419675350189209,0.002384598832577467,,0.0017704677302390337,,0.14356589317321777,,0.0031793517991900444,,0.0013907540123909712,,0.0024075477849692106,,0.003170233918353915,,0.0014509586617350578,,0.30143609642982483,,,,,,,,,,,,,,,,
27,23359,,0.004190661013126373,,0.0,,0.08071105927228928,,0.0010375166311860085,,0.19990786910057068,,,0.14476437866687775,0.001310616615228355,,0.0006492563989013433,,0.14362147450447083,,0.002438137773424387,,0.0008012109901756048,,0.002375516574829817,,0.002842921996489167,,0.0010375166311860085,,0.2937467694282532,,,,,,,,,,,,,,,,
27,23369,,0.00856870412826538,,0.0,,0.08910059928894043,,0.0011599436402320862,,0.19964437186717987,,,0.13530007004737854,0.0007518438505940139,,0.000805612129624933,,0.1473788172006607,,0.0022029064130038023,,0.0010032288264483213,,0.002397587988525629,,0.0030029958579689264,,0.0011599436402320862,,0.297159880399704,,,,,,,,,,,,,,,,
27,23379,,0.00788012146949768,,0.0,,0.08109355717897415,,0.0008670538663864136,,0.19910335540771484,,,0.1502240151166916,0.0007248927722685039,,0.0008047468727454543,,0.1479530930519104,,0.0017705430509522557,,0.0007729940698482096,,0.002263146685436368,,0.00272583425976336,,0.0008670538663864136,,0.29945459961891174,,,,,,,,,,,,,,,,
27,23389,,0.00647209957242012,,0.0,,0.08858168125152588,,0.0016576191410422325,,0.20037922263145447,,,0.1377505362033844,0.0008019562228582799,,0.0006425990723073483,,0.14821435511112213,,0.00285368412733078,,0.0013957108603790402,,0.0023676890414208174,,0.0030307515989989042,,0.0016576191410422325,,0.2985893189907074,,,,,,,,,,,,,,,,
27,23399,,0.00811497587710619,,0.0,,0.09933527559041977,,0.0017749881371855736,,0.2017732709646225,,,0.14323775470256805,0.0018151614349335432,,0.0012182818027213216,,0.14901873469352722,,0.002779516391456127,,0.001258865580894053,,0.0023835122119635344,,0.0030373362824320793,,0.0017749881371855736,,0.3093925416469574,,,,,,,,,,,,,,,,
27,23409,,0.005780335981398821,,0.0,,0.08872678875923157,,0.0012516677379608154,,0.20087042450904846,,,0.14298808574676514,0.0004204941214993596,,0.0006668795831501484,,0.1440678834915161,,0.0027102751191705465,,0.0012728906003758311,,0.0022872285917401314,,0.002903331769630313,,0.0012516677379608154,,0.2984248399734497,,,,,,,,,,,,,,,,
27,23419,,0.019829103723168373,,0.0,,0.10307615995407104,,0.001132884994149208,,0.20100703835487366,,,0.14386038482189178,0.0008512563072144985,,0.0031590168364346027,,0.15531259775161743,,0.0021651149727404118,,0.000943667022511363,,0.002256633248180151,,0.0027251928113400936,,0.001132884994149208,,0.31952211260795593,,,,,,,,,,,,,,,,
27,23429,,0.010102786123752594,,0.0,,0.08626078814268112,,0.001108556054532528,,0.1991463154554367,,,0.14653101563453674,0.0008547623874619603,,0.0025204585399478674,,0.14578083157539368,,0.001960871974006295,,0.0009007715852931142,,0.002276672050356865,,0.0027279227506369352,,0.001108556054532528,,0.30144983530044556,,,,,,,,,,,,,,,,
27,23439,,0.007751745171844959,,0.0,,0.09845960140228271,,0.0012660697102546692,,0.19972191751003265,,,0.1492883861064911,0.0029343501664698124,,0.002233741572126746,,0.145348459482193,,0.002743740566074848,,0.0011790157295763493,,0.0024535139091312885,,0.0031613768078386784,,0.0012660697102546692,,0.30985164642333984,,,,,,,,,,,,,,,,
27,23449,,0.009166048839688301,,0.0,,0.10611068457365036,,0.0009174644947052002,,0.19898664951324463,,,0.13101643323898315,0.0015222188085317612,,0.0012022359296679497,,0.15236210823059082,,0.0019187076250091195,,0.0008197320275940001,,0.0024028546176850796,,0.0029411292634904385,,0.0009174644947052002,,0.30615371465682983,,,,,,,,,,,,,,,,
27,23459,,0.005744322668761015,,0.0,,0.07969600707292557,,0.0011912668123841286,,0.20005060732364655,,,0.14524172246456146,0.00329401227645576,,0.0018757085781544447,,0.15061891078948975,,0.0038432199507951736,,0.001179285696707666,,0.002348563866689801,,0.003078839974477887,,0.0011912668123841286,,0.3006206452846527,,,,,,,,,,,,,,,,
27,23469,,0.008539403788745403,,0.0,,0.09248563647270203,,0.0007540285587310791,,0.19914387166500092,,,0.15428923070430756,0.0011719425674527884,,0.0011083437129855156,,0.14731311798095703,,0.0028643026016652584,,0.0010225630830973387,,0.0024350329767912626,,0.003051780629903078,,0.0007540285587310791,,0.3086155354976654,,,,,,,,,,,,,,,,
27,23479,,0.009905708953738213,,0.0,,0.10082438588142395,,0.0009797178208827972,,0.2052413523197174,,,0.1436087042093277,0.000973822723608464,,0.0012551791733130813,,0.15079787373542786,,0.00232978374697268,,0.001013456960208714,,0.002366425236687064,,0.00296549079939723,,0.0009797178208827972,,0.31261366605758667,,,,,,,,,,,,,,,,
27,23489,,0.005353080574423075,,0.0,,0.0903465673327446,,0.001355363056063652,,0.1996748000383377,,,0.14779053628444672,0.0008859823574312031,,0.0006699309451505542,,0.14601516723632812,,0.0035956469364464283,,0.0013999348739162087,,0.0023397551849484444,,0.003059744369238615,,0.001355363056063652,,0.3027731478214264,,,,,,,,,,,,,,,,
27,23499,,0.010141498409211636,,0.0,,0.08294817805290222,,0.0018979553133249283,,0.19998298585414886,,,0.14280769228935242,0.0010106752160936594,,0.002491135150194168,,0.1480136215686798,,0.0030700513161718845,,0.001506789936684072,,0.0022454727441072464,,0.00297407410107553,,0.0018979553133249283,,0.30103209614753723,,,,,,,,,,,,,,,,
27,23509,,0.007058075163513422,,0.0,,0.08550965785980225,,0.001556207425892353,,0.19913551211357117,,,0.14722877740859985,0.001161109423264861,,0.0013368165818974376,,0.14897891879081726,,0.004315204452723265,,0.0013934592716395855,,0.002419345313683152,,0.003048156388103962,,0.001556207425892353,,0.30309468507766724,,,,,,,,,,,,,,,,
27,23519,,0.010546848177909851,,0.0,,0.107103131711483,,0.0012230873107910156,,0.19909371435642242,,,0.15083926916122437,0.0023061379324644804,,0.0023272917605936527,,0.14673762023448944,,0.003396866377443075,,0.0014842553064227104,,0.0022644014097750187,,0.0030515678226947784,,0.0012230873107910156,,0.316712886095047,,,,,,,,,,,,,,,,
27,23529,,0.0068687377497553825,,0.0,,0.09511273354291916,,0.0010993368923664093,,0.19905748963356018,,,0.14083658158779144,0.0007237689569592476,,0.0006951902760192752,,0.14528608322143555,,0.002579564694315195,,0.0011533567449077964,,0.0024179352913051844,,0.003180614672601223,,0.0010993368923664093,,0.30109602212905884,,,,,,,,,,,,,,,,
27,23539,,0.007832121104001999,,0.0,,0.09321016073226929,,0.0017809681594371796,,0.19934141635894775,,,0.14212024211883545,0.0026484148111194372,,0.0023623125161975622,,0.14258545637130737,,0.006485385820269585,,0.0017225871561095119,,0.002510680817067623,,0.003245352301746607,,0.0017809681594371796,,0.30454522371292114,,,,,,,,,,,,,,,,
27,23549,,0.009312687441706657,,0.0,,0.1061873733997345,,0.0008631739765405655,,0.19909244775772095,,,0.14747285842895508,0.003076371503993869,,0.0012796968221664429,,0.14534690976142883,,0.0024742919486016035,,0.0011391349835321307,,0.002334673423320055,,0.0029234816320240498,,0.0008631739765405655,,0.31221330165863037,,,,,,,,,,,,,,,,
27,23559,,0.011473245918750763,,0.0,,0.09457173943519592,,0.0009645354002714157,,0.19900456070899963,,,0.1408197581768036,0.001778324949555099,,0.0022932759020477533,,0.14857524633407593,,0.0023012091405689716,,0.001041772193275392,,0.0023323739878833294,,0.0030245729722082615,,0.0009645354002714157,,0.3056026101112366,,,,,,,,,,,,,,,,
27,23569,,0.006829807069152594,,0.0,,0.09394976496696472,,0.001987634226679802,,0.20035740733146667,,,0.14475610852241516,0.0012324682902544737,,0.000677641830407083,,0.14936064183712006,,0.0038165810983628035,,0.001786304172128439,,0.0023212323430925608,,0.003186652669683099,,0.001987634226679802,,0.3067244589328766,,,,,,,,,,,,,,,,
27,23579,,0.008951392024755478,,0.0,,0.0838349312543869,,0.0008574100211262703,,0.19906653463840485,,,0.14952047169208527,0.0009121543262153864,,0.0015171957202255726,,0.14436212182044983,,0.0032039128709584475,,0.0009213199955411255,,0.0024487737100571394,,0.0029460969381034374,,0.0008574100211262703,,0.3007442355155945,,,,,,,,,,,,,,,,
27,23589,,0.005588988773524761,,0.0,,0.09581854194402695,,0.0014459546655416489,,0.19907598197460175,,,0.13401886820793152,0.0025877919979393482,,0.00070707913255319,,0.1411217451095581,,0.0020857055205851793,,0.0009612140129320323,,0.002423115773126483,,0.0030123586766421795,,0.0014459546655416489,,0.29592981934547424,,,,,,,,,,,,,,,,
27,23599,,0.008886079303920269,,0.0,,0.07668561488389969,,0.001281040720641613,,0.19908709824085236,,,0.13976001739501953,0.001109499135054648,,0.001912902807816863,,0.14501211047172546,,0.0030087889172136784,,0.0013031784910708666,,0.0024060155265033245,,0.003181951818987727,,0.001281040720641613,,0.2934081554412842,,,,,,,,,,,,,,,,
27,23609,,0.015218926593661308,,0.0,,0.0927671268582344,,0.0010523851960897446,,0.1997508704662323,,,0.14360390603542328,0.0013767019845545292,,0.0032639065757393837,,0.15239688754081726,,0.0030503133311867714,,0.00135794619563967,,0.0023407689295709133,,0.003061138791963458,,0.0010523851960897446,,0.31115102767944336,,,,,,,,,,,,,,,,
27,23619,,0.01370418630540371,,0.0,,0.09826792031526566,,0.0019459864124655724,,0.19912652671337128,,,0.1361015886068344,0.0022811039816588163,,0.0017872964963316917,,0.14894713461399078,,0.004675768781453371,,0.002201473107561469,,0.0025121939834207296,,0.0036464217118918896,,0.0019459864124655724,,0.30942201614379883,,,,,,,,,,,,,,,,
27,23629,,0.015476422384381294,,0.0,,0.10020730644464493,,0.004021099768579006,,0.19952845573425293,,,0.1405506581068039,0.0018949725199490786,,0.002234784187749028,,0.15205204486846924,,0.006705032661557198,,0.001709243981167674,,0.0027187480591237545,,0.0034195466432720423,,0.004021099768579006,,0.3169689476490021,,,,,,,,,,,,,,,,
27,23639,,0.005868211388587952,,0.0,,0.08768168091773987,,0.0010186731815338135,,0.19909493625164032,,,0.1400970220565796,0.0018245407845824957,,0.001247369684278965,,0.14425846934318542,,0.0034227645955979824,,0.0014697447186335921,,0.002338365651667118,,0.0030071150977164507,,0.0010186731815338135,,0.29716798663139343,,,,,,,,,,,,,,,,
27,23649,,0.014218357391655445,,0.0,,0.1183481439948082,,0.0009883828461170197,,0.19936814904212952,,,0.1456724852323532,0.0032600637059658766,,0.0035632532089948654,,0.14608165621757507,,0.0036776778288185596,,0.0015191069105640054,,0.0024455245584249496,,0.0032837088219821453,,0.0009883828461170197,,0.3228551149368286,,,,,,,,,,,,,,,,
27,23659,,0.007396934553980827,,0.0,,0.09061042964458466,,0.0008369646966457367,,0.19984646141529083,,,0.14407870173454285,0.0016845491481944919,,0.0010670236079022288,,0.14428389072418213,,0.002422655699774623,,0.0010649567702785134,,0.002503978321328759,,0.003135081147775054,,0.0008369646966457367,,0.3010333478450775,,,,,,,,,,,,,,,,
27,23659,,,,,,,,,,,,,,,,,,,,,,,,,,,,,,,,0.0644812285900116,0.0,0.3404960036277771,0.20041853189468384,0.3037717938423157,0.10727354884147644,0.22080141305923462,0.03696617856621742,0.22060295939445496,0.40139666199684143,0.2018597275018692,0.004314507823437452,0.018193921074271202,0.20041853189468384,1.0693854093551636
27,23659,0.009019415825605392,,0.0,,0.09430933743715286,,0.0023766655940562487,,0.20002679526805878,,0.0021665599197149277,0.1432732790708542,,,0.0016214934876188636,,0.14693476259708405,,0.003614574670791626,,0.0016659755492582917,,0.0023921518586575985,,0.0030728199053555727,,0.0023766655940562487,,0.30677327513694763,,0.253516286611557,,,,,,,,,,,,,,,
28,23669,,0.01561017706990242,,0.0,,0.09675805270671844,,0.0015458716079592705,,0.19909588992595673,,,0.13955342769622803,0.0011418890208005905,,0.0033265496604144573,,0.1517648994922638,,0.0031983889639377594,,0.0014848170103505254,,0.0023504088167101145,,0.0031653796322643757,,0.0015458716079592705,,0.31108054518699646,,,,,,,,,,,,,,,,
28,23679,,0.01017941627651453,,0.0,,0.10602127015590668,,0.0010891761630773544,,0.19894762337207794,,,0.13891373574733734,0.0043855211697518826,,0.0030242137145251036,,0.14818398654460907,,0.0023221028968691826,,0.0010526239639148116,,0.0024370644241571426,,0.0030123500619083643,,0.0010891761630773544,,0.3112907409667969,,,,,,,,,,,,,,,,
28,23689,,0.010461971163749695,,0.0,,0.08938021957874298,,0.001141006126999855,,0.19949714839458466,,,0.15077775716781616,0.0008165272884070873,,0.0017945850268006325,,0.15006443858146667,,0.0026058731600642204,,0.0012045593466609716,,0.002369941445067525,,0.002967437729239464,,0.001141006126999855,,0.30802443623542786,,,,,,,,,,,,,,,,
28,23699,,0.00890080351382494,,0.0,,0.0971698984503746,,0.001001773402094841,,0.20028060674667358,,,0.14249029755592346,0.004942281171679497,,0.001572322566062212,,0.14496125280857086,,0.0027223352808505297,,0.0010924125090241432,,0.002272249897941947,,0.002809771103784442,,0.001001773402094841,,0.30651286244392395,,,,,,,,,,,,,,,,
28,23709,,0.01515292376279831,,0.0,,0.09922575950622559,,0.0018281182274222374,,0.19920384883880615,,,0.1556045114994049,0.00363276619464159,,0.004833627492189407,,0.1520826816558838,,0.0030194828286767006,,0.0013843647902831435,,0.0023551147896796465,,0.0030848938040435314,,0.0018281182274222374,,0.3222465217113495,,,,,,,,,,,,,,,,
28,23719,,0.007473215460777283,,0.0,,0.0829857662320137,,0.0013059824705123901,,0.19900619983673096,,,0.1363627165555954,0.0008577147382311523,,0.0008013042388483882,,0.14566032588481903,,0.0029954002238810062,,0.0012791204499080777,,0.0024021610151976347,,0.003150821663439274,,0.0013059824705123901,,0.29371577501296997,,,,,,,,,,,,,,,,
28,23729,,0.011230787262320518,,0.0,,0.09456261992454529,,0.0010680928826332092,,0.19921380281448364,,,0.1454896330833435,0.0031545665115118027,,0.0021084437612444162,,0.1508682668209076,,0.0022903853096067905,,0.0010727345943450928,,0.002363845007494092,,0.002987417858093977,,0.0010680928826332092,,0.30969902873039246,,,,,,,,,,,,,,,,
28,23739,,0.007246279623359442,,0.0,,0.08534587919712067,,0.0007670717313885689,,0.199215367436409,,,0.1491348296403885,0.002396167488768697,,0.002351971808820963,,0.1435670256614685,,0.002182677621021867,,0.0009515324491076171,,0.002339210594072938,,0.0029708126094192266,,0.0007670717313885689,,0.3007197976112366,,,,,,,,,,,,,,,,
28,23749,,0.008942256681621075,,0.0,,0.11346954852342606,,0.0007569016888737679,,0.1989438235759735,,,0.1471506804227829,0.0009561385377310216,,0.0015716253546997905,,0.14404532313346863,,0.0030319031793624163,,0.0012793936766684055,,0.002361109247431159,,0.00311851454898715,,0.0007569016888737679,,0.31437286734580994,,,,,,,,,,,,,,,,
28,23759,,0.006234052591025829,,0.0,,0.07680001854896545,,0.0013755187392234802,,0.199839785695076,,,0.130352184176445,0.0018879303243011236,,0.0019209915772080421,,0.14341391623020172,,0.0029678610153496265,,0.0012411962961778045,,0.002361943945288658,,0.0029667301569133997,,0.0013755187392234802,,0.2871644198894501,,,,,,,,,,,,,,,,
28,23769,,0.01211722195148468,,0.0,,0.10189550369977951,,0.001224764622747898,,0.1994304060935974,,,0.13889974355697632,0.0011014383053407073,,0.0025705303996801376,,0.14648598432540894,,0.0029070493765175343,,0.0012975564459338784,,0.0023229552898555994,,0.0030234353616833687,,0.001224764622747898,,0.3081499934196472,,,,,,,,,,,,,,,,
28,23779,,0.008631524629890919,,0.0,,0.08452977240085602,,0.0014693113043904305,,0.20259083807468414,,,0.13167789578437805,0.0016897378955036402,,0.001417522318661213,,0.145964115858078,,0.0037574325688183308,,0.0013305360917001963,,0.0025187283754348755,,0.0031560068018734455,,0.0014693113043904305,,0.2959447205066681,,,,,,,,,,,,,,,,
28,23789,,0.015104555524885654,,0.0,,0.10775037109851837,,0.0008504288271069527,,0.1989547461271286,,,0.14235658943653107,0.0009080392774194479,,0.002608296927064657,,0.14693430066108704,,0.0018375539220869541,,0.0007867882959544659,,0.0024752896279096603,,0.0030307823326438665,,0.0008504288271069527,,0.3133142590522766,,,,,,,,,,,,,,,,
28,23799,,0.00970631092786789,,0.0,,0.09234891831874847,,0.0006258366629481316,,0.1991334855556488,,,0.1403137743473053,0.0014508622698485851,,0.002041394589468837,,0.14809131622314453,,0.0017219180008396506,,0.0006336560472846031,,0.002425817772746086,,0.002798308152705431,,0.0006258366629481316,,0.30204495787620544,,,,,,,,,,,,,,,,
28,23809,,0.007457167841494083,,0.0,,0.10198608040809631,,0.0012674089521169662,,0.199366495013237,,,0.1504332721233368,0.0020116486120969057,,0.0023837140761315823,,0.1444278359413147,,0.0033188092056661844,,0.0013836253201588988,,0.002484547207131982,,0.003267240710556507,,0.0012674089521169662,,0.3115275204181671,,,,,,,,,,,,,,,,
28,23819,,0.00651991181075573,,0.0,,0.0856085792183876,,0.000719340518116951,,0.1999545395374298,,,0.14355453848838806,0.0010261365678161383,,0.0005667918594554067,,0.14536400139331818,,0.0013972364831715822,,0.000651906302664429,,0.0023189131170511246,,0.002779965754598379,,0.000719340518116951,,0.2966209053993225,,,,,,,,,,,,,,,,
28,23829,,0.013633014634251595,,0.0,,0.08918510377407074,,0.0014324039220809937,,0.19997179508209229,,,0.1479509323835373,0.0017023731488734484,,0.0024581896141171455,,0.15129849314689636,,0.0024975764099508524,,0.0011199722066521645,,0.002394168870523572,,0.002965316642075777,,0.0014324039220809937,,0.3097873032093048,,,,,,,,,,,,,,,,
28,23839,,0.008813118562102318,,0.0,,0.10441041737794876,,0.0012014806270599365,,0.21466517448425293,,,0.1379234790802002,0.000949131150264293,,0.0009318095399066806,,0.14713507890701294,,0.003187398659065366,,0.001434360514394939,,0.0024025728926062584,,0.003350628772750497,,0.0012014806270599365,,0.31487762928009033,,,,,,,,,,,,,,,,
28,23849,,0.007342643104493618,,0.0,,0.09178978949785233,,0.0009699994698166847,,0.2004958987236023,,,0.13995787501335144,0.000991063192486763,,0.0010587222641333938,,0.14707864820957184,,0.0023880358785390854,,0.0009317913791164756,,0.002325856126844883,,0.0028592057060450315,,0.0009699994698166847,,0.30052438378334045,,,,,,,,,,,,,,,,
28,23859,,0.00998543668538332,,0.0,,0.10269487649202347,,0.0012424588203430176,,0.20004792511463165,,,0.14252573251724243,0.0014680969761684537,,0.0013832217082381248,,0.14597401022911072,,0.0035011922009289265,,0.001467235735617578,,0.002399396849796176,,0.0031836151611059904,,0.0012424588203430176,,0.3095283806324005,,,,,,,,,,,,,,,,
28,23869,,0.004583788104355335,,0.0,,0.08495479077100754,,0.0010467367246747017,,0.19969189167022705,,,0.13906708359718323,0.0015410530613735318,,0.0008914679638110101,,0.14137959480285645,,0.0026804276276379824,,0.0009351155022159219,,0.0024553476832807064,,0.0030229617841541767,,0.0010467367246747017,,0.2926366329193115,,,,,,,,,,,,,,,,
28,23879,,0.007701121270656586,,0.0,,0.09711798280477524,,0.0038954829797148705,,0.2002740353345871,,,0.14571766555309296,0.01447389367967844,,0.0019234416540712118,,0.13695791363716125,,0.010126357898116112,,0.003067243378609419,,0.0026041334494948387,,0.003440573113039136,,0.0038954829797148705,,0.31537020206451416,,,,,,,,,,,,,,,,
28,23889,,0.005264120176434517,,0.0,,0.0907398909330368,,0.0016097240149974823,,0.1994990110397339,,,0.1382460594177246,0.0013477826723828912,,0.0006218067137524486,,0.14647437632083893,,0.00386065780185163,,0.0013639188837260008,,0.002341514453291893,,0.0029697418212890625,,0.0016097240149974823,,0.298654168844223,,,,,,,,,,,,,,,,
28,23899,,0.01480109803378582,,0.0,,0.083797387778759,,0.0011153733357787132,,0.19904369115829468,,,0.1400684118270874,0.0009610347333364189,,0.001985304057598114,,0.15332069993019104,,0.0017602017614990473,,0.0008038218948058784,,0.0023208726197481155,,0.002805466530844569,,0.0011153733357787132,,0.3027944266796112,,,,,,,,,,,,,,,,
28,23909,,0.01534140296280384,,0.0,,0.1076570451259613,,0.001990162767469883,,0.2011849284172058,,,0.14697740972042084,0.0011300671612843871,,0.003129168413579464,,0.14441239833831787,,0.004092702642083168,,0.0017736530862748623,,0.002425221260637045,,0.0031901344191282988,,0.001990162767469883,,0.3182471990585327,,,,,,,,,,,,,,,,
28,23919,,0.009319918230175972,,0.0,,0.09910345077514648,,0.0007765442132949829,,0.1990232914686203,,,0.14384517073631287,0.001359947258606553,,0.0013652844354510307,,0.14785653352737427,,0.0021780794486403465,,0.0009483593166805804,,0.0024098637513816357,,0.0030230397824198008,,0.0007765442132949829,,0.3071162700653076,,,,,,,,,,,,,,,,
28,23929,,0.014923928305506706,,0.0,,0.11494320631027222,,0.0011981995776295662,,0.19954125583171844,,,0.1395391970872879,0.0013212894555181265,,0.0027491427026689053,,0.14863523840904236,,0.002470070030540228,,0.0011522661661729217,,0.002397376811131835,,0.0029884404502809048,,0.0011981995776295662,,0.3174240291118622,,,,,,,,,,,,,,,,
28,23939,,0.010155179537832737,,0.0,,0.0954783484339714,,0.0065414393320679665,,0.19894003868103027,,,0.14856421947479248,0.019570285454392433,,0.0018518463475629687,,0.1484500914812088,,0.009301544167101383,,0.002766506979241967,,0.0027484826277941465,,0.003178556449711323,,0.0065414393320679665,,0.32536253333091736,,,,,,,,,,,,,,,,
28,23949,,0.009812608361244202,,0.0,,0.09644237160682678,,0.007689233869314194,,0.19929130375385284,,,0.14102859795093536,0.01814536564052105,,0.0022313855588436127,,0.1506604254245758,,0.007912655360996723,,0.002956521464511752,,0.002679481403902173,,0.003348579630255699,,0.007689233869314194,,0.3227735161781311,,,,,,,,,,,,,,,,
28,23959,,0.01031821221113205,,0.0,,0.09613105654716492,,0.0012574326246976852,,0.1993049681186676,,,0.14206331968307495,0.001826251856982708,,0.0031455811113119125,,0.14934894442558289,,0.0035558331292122602,,0.001435876707546413,,0.002355645876377821,,0.0030916263349354267,,0.0012574326246976852,,0.3084631860256195,,,,,,,,,,,,,,,,
28,23969,,0.009300420060753822,,0.0,,0.0842805951833725,,0.001291690394282341,,0.19929932057857513,,,0.14368055760860443,0.0010369380470365286,,0.0012401563581079245,,0.15204715728759766,,0.0021994735579937696,,0.0009888306958600879,,0.002297979313880205,,0.0028454368002712727,,0.001291690394282341,,0.30167701840400696,,,,,,,,,,,,,,,,
28,23979,,0.008630399592220783,,0.0,,0.09348338842391968,,0.0012461477890610695,,0.19905197620391846,,,0.14507946372032166,0.0006347665912471712,,0.0010204175487160683,,0.1418435126543045,,0.0031357286497950554,,0.001368128228932619,,0.00237271748483181,,0.003134471131488681,,0.0012461477890610695,,0.3020677864551544,,,,,,,,,,,,,,,,
28,23989,,0.0038756136782467365,,0.0,,0.08181498199701309,,0.0013849977403879166,,0.20019838213920593,,,0.1441744565963745,0.0010232541244477034,,0.0007189709576778114,,0.14376546442508698,,0.002212968422099948,,0.001050417311489582,,0.002425447106361389,,0.003083456540480256,,0.0013849977403879166,,0.2944059371948242,,,,,,,,,,,,,,,,
28,23999,,0.008808665908873081,,0.0,,0.08470816165208817,,0.0011916998773813248,,0.20015311241149902,,,0.1392471194267273,0.000850267824716866,,0.0009209364070557058,,0.14505043625831604,,0.002874944359064102,,0.0011619419092312455,,0.002380385296419263,,0.0029768215026706457,,0.0011916998773813248,,0.29665064811706543,,,,,,,,,,,,,,,,
28,24009,,0.008505810052156448,,0.0,,0.0865631029009819,,0.0008208900690078735,,0.19956569373607635,,,0.14482495188713074,0.001096790423616767,,0.0010147420689463615,,0.14745736122131348,,0.001773485797457397,,0.0008091821218840778,,0.0023892181925475597,,0.0028811602387577295,,0.0008208900690078735,,0.3002917766571045,,,,,,,,,,,,,,,,
28,24019,,0.010577304288744926,,0.0,,0.0948038324713707,,0.0009973980486392975,,0.19954422116279602,,,0.13321438431739807,0.0012647127732634544,,0.001565383980050683,,0.14825189113616943,,0.0038481648080050945,,0.0012471821391955018,,0.002402863698080182,,0.0030551368836313486,,0.0009973980486392975,,0.3019137680530548,,,,,,,,,,,,,,,,
28,24029,,0.008243839256465435,,0.0,,0.09233485907316208,,0.0007176855579018593,,0.19926011562347412,,,0.1380620151758194,0.0005875322967767715,,0.0009309925953857601,,0.14639189839363098,,0.00236341985873878,,0.0010115549666807055,,0.0023890540469437838,,0.002982476959004998,,0.0007176855579018593,,0.2991289794445038,,,,,,,,,,,,,,,,
28,24039,,0.00765120517462492,,0.0,,0.10048795491456985,,0.0014761369675397873,,0.20002098381519318,,,0.1403731107711792,0.002190925180912018,,0.0009551294497214258,,0.145872563123703,,0.0030073632951825857,,0.0013965800171718001,,0.0023755747824907303,,0.0032011030707508326,,0.0014761369675397873,,0.3061048686504364,,,,,,,,,,,,,,,,
28,24049,,0.006366475019603968,,0.0,,0.09699296206235886,,0.0010044500231742859,,0.19944879412651062,,,0.138152077794075,0.0013517005136236548,,0.001115789171308279,,0.14421266317367554,,0.002136850729584694,,0.0007579145603813231,,0.002478573936969042,,0.002968018874526024,,0.0010044500231742859,,0.2999771535396576,,,,,,,,,,,,,,,,
28,24059,,0.008772928267717361,,0.0,,0.09041912108659744,,0.0007384838536381721,,0.19915439188480377,,,0.13151724636554718,0.0032577174715697765,,0.002890957985073328,,0.14637251198291779,,0.0019419643795117736,,0.0008828598656691611,,0.0024136845022439957,,0.002915381919592619,,0.0007384838536381721,,0.2970963418483734,,,,,,,,,,,,,,,,
28,24069,,0.006885753944516182,,0.0,,0.09730883687734604,,0.0010134028270840645,,0.20143869519233704,,,0.14483225345611572,0.0010743867605924606,,0.0007736166007816792,,0.14196094870567322,,0.0026460320223122835,,0.0010684886947274208,,0.002280716085806489,,0.002840109635144472,,0.0010134028270840645,,0.3034816384315491,,,,,,,,,,,,,,,,
28,24079,,0.004536976106464863,,0.0,,0.09107653051614761,,0.001097511500120163,,0.21495959162712097,,,0.13741664588451385,0.0024189979303628206,,0.0010844048811122775,,0.14514872431755066,,0.002746185287833214,,0.0011364250676706433,,0.0022986142430454493,,0.002847058232873678,,0.001097511500120163,,0.3048073351383209,,,,,,,,,,,,,,,,
28,24089,,0.007042277604341507,,0.0,,0.08950857073068619,,0.0012981453910470009,,0.1990184336900711,,,0.1390906572341919,0.0018606815719977021,,0.0010219303658232093,,0.14728771150112152,,0.00347816850990057,,0.0014959226828068495,,0.002415123861283064,,0.0031663882546126842,,0.0012981453910470009,,0.29992517828941345,,,,,,,,,,,,,,,,
28,24099,,0.008099503815174103,,0.0,,0.09097633510828018,,0.0011445451527833939,,0.19952446222305298,,,0.14432504773139954,0.0009382187854498625,,0.0007250767084769905,,0.14547616243362427,,0.002812290098518133,,0.0012391674099490047,,0.0024042855948209763,,0.0030902379658073187,,0.0011445451527833939,,0.3019227683544159,,,,,,,,,,,,,,,,
28,24109,,0.009642797522246838,,0.0,,0.09758444875478745,,0.0009083803743124008,,0.19931259751319885,,,0.14145949482917786,0.0019103011582046747,,0.0015515655977651477,,0.1492064893245697,,0.00276864948682487,,0.0009716359782032669,,0.002287485869601369,,0.002771012717857957,,0.0009083803743124008,,0.30657294392585754,,,,,,,,,,,,,,,,
28,24119,,0.0076394397765398026,,0.0,,0.08605368435382843,,0.0015281196683645248,,0.20044606924057007,,,0.13856597244739532,0.0011727247620001435,,0.0008606435148976743,,0.14700885117053986,,0.0036175446584820747,,0.0012982418993487954,,0.0024966865312308073,,0.0031575642060488462,,0.0015281196683645248,,0.29850152134895325,,,,,,,,,,,,,,,,
28,24129,,0.00546275032684207,,0.0,,0.08285614848136902,,0.0012341141700744629,,0.19898217916488647,,,0.1420402228832245,0.0010918077314272523,,0.0006789308972656727,,0.1465575397014618,,0.0028882648330181837,,0.0012415352975949645,,0.002368252258747816,,0.0030451647471636534,,0.0012341141700744629,,0.2957460582256317,,,,,,,,,,,,,,,,
28,24139,,0.01194773055613041,,0.0,,0.09830726683139801,,0.0010242573916912079,,0.19900523126125336,,,0.14086708426475525,0.0017919288948178291,,0.0011788251576945186,,0.14497581124305725,,0.0029165856540203094,,0.0009396097739227116,,0.002406406681984663,,0.002983475336804986,,0.0010242573916912079,,0.3056638240814209,,,,,,,,,,,,,,,,
28,24149,,0.01155951339751482,,0.0,,0.09267790615558624,,0.03146132081747055,,0.19929742813110352,,,0.13881731033325195,0.002912823809310794,,0.002997790230438113,,0.14523042738437653,,0.006977069657295942,,0.006774302572011948,,0.0025062747299671173,,0.0034204234834760427,,0.03146132081747055,,0.324026495218277,,,,,,,,,,,,,,,,
28,24159,,0.010973663069307804,,0.0,,0.11157190054655075,,0.0008718855679035187,,0.19892838597297668,,,0.1459791213274002,0.0008572566439397633,,0.0014571291394531727,,0.145588219165802,,0.0027434215880930424,,0.000993882305920124,,0.002410227432847023,,0.0029333531856536865,,0.0008718855679035187,,0.31412091851234436,,,,,,,,,,,,,,,,
28,24169,,0.012175146490335464,,0.0,,0.09907280653715134,,0.0011144476011395454,,0.20565570890903473,,,0.13952919840812683,0.001007257029414177,,0.0014363117516040802,,0.14741042256355286,,0.0034225299023091793,,0.001396946026943624,,0.0023652836680412292,,0.0031563725788146257,,0.0011144476011395454,,0.31044942140579224,,,,,,,,,,,,,,,,
28,24179,,0.008553002029657364,,0.0,,0.08969371020793915,,0.0009890254586935043,,0.19954557716846466,,,0.1459016352891922,0.001182748470455408,,0.000990759115666151,,0.15037482976913452,,0.0027613635174930096,,0.0010781523305922747,,0.002402235521003604,,0.0030326300766319036,,0.0009890254586935043,,0.3047691285610199,,,,,,,,,,,,,,,,
28,24189,,0.007368253543972969,,0.0,,0.07952315360307693,,0.0012271534651517868,,0.19950976967811584,,,0.12829528748989105,0.002797734923660755,,0.0018866229802370071,,0.14521411061286926,,0.0028408500365912914,,0.0010263845324516296,,0.0024327707942575216,,0.003067052224650979,,0.0012271534651517868,,0.2891280949115753,,,,,,,,,,,,,,,,
28,24199,,0.011244462803006172,,0.0,,0.09573578089475632,,0.0011956486850976944,,0.1990492045879364,,,0.14484964311122894,0.0007719566347077489,,0.0015180371701717377,,0.14755281805992126,,0.0025949403643608093,,0.001178716542199254,,0.002316264435648918,,0.002906128065660596,,0.0011956486850976944,,0.30690985918045044,,,,,,,,,,,,,,,,
28,24209,,0.005581183359026909,,0.0,,0.10544699430465698,,0.001324111595749855,,0.19973330199718475,,,0.14759165048599243,0.0020244799088686705,,0.0007124533294700086,,0.14642959833145142,,0.0024686362594366074,,0.0011418057838454843,,0.002483596093952656,,0.0031981796491891146,,0.001324111595749855,,0.3106670677661896,,,,,,,,,,,,,,,,
28,24219,,0.006259990390390158,,0.0,,0.08693501353263855,,0.0011662747710943222,,0.19895851612091064,,,0.14677074551582336,0.0016370522789657116,,0.0006211412837728858,,0.14683406054973602,,0.003191838040947914,,0.001175029668956995,,0.002358953934162855,,0.0028973466251045465,,0.0011662747710943222,,0.30085164308547974,,,,,,,,,,,,,,,,
28,24229,,0.005529977381229401,,0.0,,0.08086676150560379,,0.0015042852610349655,,0.20185884833335876,,,0.14801694452762604,0.0005013609770685434,,0.0006620201165787876,,0.1417752504348755,,0.0025119141209870577,,0.0011730010155588388,,0.0022992542944848537,,0.0029705814085900784,,0.0015042852610349655,,0.2963204085826874,,,,,,,,,,,,,,,,
28,24239,,0.004923092667013407,,0.0,,0.08713257312774658,,0.0009327903389930725,,0.19889114797115326,,,0.15205198526382446,0.0010472439462319016,,0.0010704952292144299,,0.14121103286743164,,0.0024649640545248985,,0.0009317700169049203,,0.0024405254516750574,,0.0029364286456257105,,0.0009327903389930725,,0.2994852364063263,,,,,,,,,,,,,,,,
28,24249,,0.00898008607327938,,0.0,,0.1013009324669838,,0.0010414058342576027,,0.20001667737960815,,,0.14943638443946838,0.0006081757019273937,,0.0017902858089655638,,0.14896366000175476,,0.0023617600090801716,,0.001059262198396027,,0.00238211452960968,,0.002984688151627779,,0.0010414058342576027,,0.311955064535141,,,,,,,,,,,,,,,,
28,24259,,0.005509892012923956,,0.0,,0.088547483086586,,0.0009965114295482635,,0.20000307261943817,,,0.13251236081123352,0.0015077430289238691,,0.0006909206276759505,,0.14630550146102905,,0.002780862618237734,,0.0012422222644090652,,0.002330806804820895,,0.003018876537680626,,0.0009965114295482635,,0.2942325472831726,,,,,,,,,,,,,,,,
28,24269,,0.007122410461306572,,0.0,,0.08725161850452423,,0.0007737819105386734,,0.1996884047985077,,,0.1400231420993805,0.0009788400493562222,,0.0011657823342829943,,0.14402589201927185,,0.002075607655569911,,0.0008193907560780644,,0.002413364127278328,,0.002895405748859048,,0.0007737819105386734,,0.296064555644989,,,,,,,,,,,,,,,,
28,24279,,0.0062568048015236855,,0.0,,0.07196557521820068,,0.0010752379894256592,,0.2046913355588913,,,0.15241986513137817,0.0006616268074139953,,0.0014721851330250502,,0.1471771001815796,,0.0022854576818645,,0.0010466346284374595,,0.002327277325093746,,0.002890258328989148,,0.0010752379894256592,,0.2985798120498657,,,,,,,,,,,,,,,,
28,24289,,0.01182646956294775,,0.0,,0.10985463112592697,,0.0011987779289484024,,0.1990242749452591,,,0.14609459042549133,0.0006512969848699868,,0.0016985561233013868,,0.1484665870666504,,0.002551386132836342,,0.0010506786638870835,,0.002283788751810789,,0.0028896627482026815,,0.0011987779289484024,,0.31524017453193665,,,,,,,,,,,,,,,,
28,24299,,0.008507158607244492,,0.0,,0.09756118059158325,,0.0008660163730382919,,0.1993880271911621,,,0.15086984634399414,0.0010466085514053702,,0.0013109487481415272,,0.14648011326789856,,0.0020648599602282047,,0.0009326688013970852,,0.0022677353117614985,,0.0028231318574398756,,0.0008660163730382919,,0.3084707260131836,,,,,,,,,,,,,,,,
28,24309,,0.005918227136135101,,0.0,,0.07873116433620453,,0.0035574063658714294,,0.19950303435325623,,,0.14046528935432434,0.014466206543147564,,0.0021920897997915745,,0.14638856053352356,,0.009044481441378593,,0.005167483817785978,,0.0024537232238799334,,0.00338158686645329,,0.0035574063658714294,,0.3073253929615021,,,,,,,,,,,,,,,,
28,24319,,0.007576159667223692,,0.0,,0.10021931678056717,,0.0010309014469385147,,0.20107096433639526,,,0.153095081448555,0.0004937517223879695,,0.0007028471445664763,,0.1476348638534546,,0.00247679790481925,,0.0011489195749163628,,0.002341741696000099,,0.003019477240741253,,0.0010309014469385147,,0.31191518902778625,,,,,,,,,,,,,,,,
28,24329,,0.009011009708046913,,0.0,,0.10290409624576569,,0.005628477782011032,,0.20097339153289795,,,0.14914359152317047,0.010760955512523651,,0.002102004364132881,,0.1491832733154297,,0.009977567940950394,,0.0026013569440692663,,0.0026747381780296564,,0.0034894943237304688,,0.005628477782011032,,0.32596975564956665,,,,,,,,,,,,,,,,
28,24339,,0.005315310787409544,,0.0,,0.0825946033000946,,0.0010482193902134895,,0.19905279576778412,,,0.15167754888534546,0.0008252588449977338,,0.0009329087333753705,,0.15007825195789337,,0.0024920462165027857,,0.0010936736362054944,,0.0023661123123019934,,0.0030077786650508642,,0.0010482193902134895,,0.3017461597919464,,,,,,,,,,,,,,,,
28,24349,,0.00712405564263463,,0.0,,0.0850524976849556,,0.0009089335799217224,,0.1996721774339676,,,0.14327998459339142,0.001198774902150035,,0.0007737189880572259,,0.14404617249965668,,0.0021249311976134777,,0.0009648448904044926,,0.002394759561866522,,0.002931170631200075,,0.0009089335799217224,,0.2967015504837036,,,,,,,,,,,,,,,,
28,24359,,0.00687842071056366,,0.0,,0.08261453360319138,,0.0012965602800250053,,0.19920094311237335,,,0.1429576724767685,0.0007458308828063309,,0.001332469517365098,,0.14632505178451538,,0.0027749331202358007,,0.0011700574541464448,,0.002331131137907505,,0.002996805589646101,,0.0012965602800250053,,0.2968106269836426,,,,,,,,,,,,,,,,
28,24369,,0.007333552930504084,,0.0,,0.08132380247116089,,0.0009850971400737762,,0.19916580617427826,,,0.137948676943779,0.0010103038512170315,,0.0014196501579135656,,0.14895406365394592,,0.0020833422895520926,,0.0009253529133275151,,0.0023775785230100155,,0.0029147667810320854,,0.0009850971400737762,,0.29467839002609253,,,,,,,,,,,,,,,,
28,24379,,0.010694718919694424,,0.0,,0.11016752570867538,,0.0008635791018605232,,0.20229649543762207,,,0.1435447782278061,0.0012503615580499172,,0.0012069623917341232,,0.15015538036823273,,0.0022940291091799736,,0.0009689110447652638,,0.0023111391346901655,,0.002856628503650427,,0.0008635791018605232,,0.31573355197906494,,,,,,,,,,,,,,,,
28,24389,,0.010897722095251083,,0.0,,0.09161680191755295,,0.0009408127516508102,,0.1995880901813507,,,0.14640499651432037,0.0008157295524142683,,0.0016343852039426565,,0.14740969240665436,,0.001722412882372737,,0.0007909935666248202,,0.0022848746739327908,,0.002773681888356805,,0.0009408127516508102,,0.30482691526412964,,,,,,,,,,,,,,,,
28,24399,,0.008533351123332977,,0.0,,0.07504187524318695,,0.0010884199291467667,,0.1991824507713318,,,0.14271695911884308,0.0005892130429856479,,0.0008514857618138194,,0.14533007144927979,,0.0020754642318934202,,0.0008928969036787748,,0.0024029496125876904,,0.002952361712232232,,0.0010884199291467667,,0.2923049330711365,,,,,,,,,,,,,,,,
28,24409,,0.00794308166950941,,0.0,,0.10483558475971222,,0.0018491614609956741,,0.20014755427837372,,,0.15301042795181274,0.001359213492833078,,0.0009605606901459396,,0.14528164267539978,,0.004083473235368729,,0.001842486672103405,,0.002369634108617902,,0.0032185895834118128,,0.0018491614609956741,,0.3150600492954254,,,,,,,,,,,,,,,,
28,24419,,0.00605787243694067,,0.0,,0.09266507625579834,,0.0015844209119677544,,0.19903875887393951,,,0.14831070601940155,0.0016019383911043406,,0.0007995706982910633,,0.1426817774772644,,0.0024185217916965485,,0.0012494720285758376,,0.0023334180004894733,,0.0030373528134077787,,0.0015844209119677544,,0.3024081289768219,,,,,,,,,,,,,,,,
28,24429,,0.012980956584215164,,0.0,,0.11758068203926086,,0.0008271457627415657,,0.1995120644569397,,,0.14122512936592102,0.0007585551938973367,,0.0016424404457211494,,0.15016356110572815,,0.0017072102054953575,,0.0007927968399599195,,0.0023605001624673605,,0.002838239073753357,,0.0008271457627415657,,0.31761378049850464,,,,,,,,,,,,,,,,
28,24439,,0.009447257034480572,,0.0,,0.1047624722123146,,0.0014962544664740562,,0.19919511675834656,,,0.14466305077075958,0.0013475626474246383,,0.001236019772477448,,0.14361289143562317,,0.0035126155707985163,,0.0015443472657352686,,0.002443687990307808,,0.003254614071920514,,0.0014962544664740562,,0.30988526344299316,,,,,,,,,,,,,,,,
28,24449,,0.00803207978606224,,0.0,,0.07654178887605667,,0.03144892677664757,,0.19877982139587402,,,0.15315434336662292,0.002778776688501239,,0.002145546255633235,,0.14484122395515442,,0.004691276699304581,,0.006360912695527077,,0.0024382665287703276,,0.0031877325382083654,,0.03144892677664757,,0.31879422068595886,,,,,,,,,,,,,,,,
28,24459,,0.004248359706252813,,0.0,,0.08488090336322784,,0.0012525971978902817,,0.19931140542030334,,,0.13271836936473846,0.0011505691800266504,,0.0006615765742026269,,0.14295333623886108,,0.002234268933534622,,0.0009922345634549856,,0.002484458964318037,,0.0030536397825926542,,0.0012525971978902817,,0.2894976735115051,,,,,,,,,,,,,,,,
28,24469,,0.011755412444472313,,0.0,,0.09586499631404877,,0.0017774570733308792,,0.19903917610645294,,,0.1382608413696289,0.0034217580687254667,,0.004246460273861885,,0.14739254117012024,,0.0035464507527649403,,0.001489586546085775,,0.0025004278868436813,,0.003295987844467163,,0.0017774570733308792,,0.30794358253479004,,,,,,,,,,,,,,,,
28,24479,,0.007385728415101767,,0.0,,0.08482740819454193,,0.0011067967861890793,,0.2025705873966217,,,0.14446581900119781,0.002974666887894273,,0.0028867064975202084,,0.14580270648002625,,0.002390996553003788,,0.0010149604640901089,,0.0024462020955979824,,0.003069887636229396,,0.0011067967861890793,,0.30200615525245667,,,,,,,,,,,,,,,,
28,24489,,0.009939167648553848,,0.0,,0.0922464057803154,,0.03077533282339573,,0.1991417407989502,,,0.13485731184482574,0.024727152660489082,,0.0016578794457018375,,0.1464398205280304,,0.010267910547554493,,0.011828549206256866,,0.0024910317733883858,,0.0034804102033376694,,0.03077533282339573,,0.33566656708717346,,,,,,,,,,,,,,,,
28,24499,,0.011344864964485168,,0.0,,0.10122648626565933,,0.0010510757565498352,,0.19897912442684174,,,0.14688056707382202,0.0014927631709724665,,0.0019085467793047428,,0.1483553647994995,,0.003621469484642148,,0.0014520410913974047,,0.002361603546887636,,0.0030622659251093864,,0.0010510757565498352,,0.3123992383480072,,,,,,,,,,,,,,,,
28,24504,,,,,,,,,,,,,,,,,,,,,,,,,,,,,,,,0.0641946941614151,0.0,0.33980321884155273,0.1985473334789276,0.3000596761703491,0.11012619733810425,0.22181618213653564,0.036713600158691406,0.2204340100288391,0.399213045835495,0.199668750166893,0.0043561519123613834,0.018122857436537743,0.1985473334789276,1.065589427947998
28,24504,0.00888472143560648,,0.0,,0.09275759011507034,,0.002265616785734892,,0.1999906450510025,,0.001979379914700985,0.1431388556957245,,,0.0015370864421129227,,0.14676332473754883,,0.0033183302730321884,,0.0015517257852479815,,0.0023841627407819033,,0.0030282787047326565,,0.002265616785734892,,0.30531391501426697,,0.25348854064941406,,,,,,,,,,,,,,,
29,24509,,0.009115462191402912,,0.0,,0.0881967842578888,,0.005058972164988518,,0.2005864679813385,,,0.1607765257358551,0.032582685351371765,,0.0026950216852128506,,0.14797675609588623,,0.008956440724432468,,0.0021688358392566442,,0.0026564751751720905,,0.0031855138950049877,,0.005058972164988518,,0.3335706889629364,,,,,,,,,,,,,,,,
29,24519,,0.008149255998432636,,0.0,,0.09224040806293488,,0.0007374566048383713,,0.1990324854850769,,,0.1419246643781662,0.0006282365065999329,,0.0011495528742671013,,0.14466369152069092,,0.001541640842333436,,0.0006976673612371087,,0.002388016553595662,,0.0027836249209940434,,0.0007374566048383713,,0.29936015605926514,,,,,,,,,,,,,,,,
29,24529,,0.01395260076969862,,0.0,,0.10406451672315598,,0.002874298021197319,,0.1988925039768219,,,0.14198902249336243,0.013336986303329468,,0.0019683230202645063,,0.14816290140151978,,0.007450908422470093,,0.0024411051999777555,,0.0026907245628535748,,0.0033411714248359203,,0.002874298021197319,,0.32225313782691956,,,,,,,,,,,,,,,,
29,24539,,0.007762310095131397,,0.0,,0.08437729626893997,,0.0008079027757048607,,0.1992885172367096,,,0.15035711228847504,0.0004933302407152951,,0.0009171318961307406,,0.14557898044586182,,0.00163464795332402,,0.0007467090617865324,,0.0022952526342123747,,0.002734566805884242,,0.0008079027757048607,,0.29986417293548584,,,,,,,,,,,,,,,,
29,24549,,0.010214741341769695,,0.0,,0.10123784095048904,,0.0017101289704442024,,0.200078085064888,,,0.14430171251296997,0.0013248610775917768,,0.001628299942240119,,0.15398329496383667,,0.0031343745067715645,,0.0014598758425563574,,0.002335138153284788,,0.003157123224809766,,0.0017101289704442024,,0.31386128067970276,,,,,,,,,,,,,,,,
29,24559,,0.016745857894420624,,0.0,,0.09760648757219315,,0.0008423011749982834,,0.19894444942474365,,,0.14079347252845764,0.0011170058278366923,,0.002093653194606304,,0.1510351002216339,,0.00219947611913085,,0.000902320200111717,,0.0023404904641211033,,0.002858055057004094,,0.0008423011749982834,,0.3101683259010315,,,,,,,,,,,,,,,,
29,24569,,0.017106983810663223,,0.0,,0.09795922785997391,,0.031819894909858704,,0.19985786080360413,,,0.14125984907150269,0.001461164210923016,,0.0031193613540381193,,0.1530785709619522,,0.011357584036886692,,0.006652901880443096,,0.0027721745427697897,,0.0032885372638702393,,0.031819894909858704,,0.3365113139152527,,,,,,,,,,,,,,,,
29,24579,,0.007686030585318804,,0.0,,0.09402339160442352,,0.0010421769693493843,,0.19986233115196228,,,0.15119269490242004,0.0011729557299986482,,0.0007992485770955682,,0.14697209000587463,,0.0030646331142634153,,0.0012975558638572693,,0.002465080004185438,,0.0031685426365584135,,0.0010421769693493843,,0.30795761942863464,,,,,,,,,,,,,,,,
29,24589,,0.00734003446996212,,0.0,,0.0955333337187767,,0.0010943226516246796,,0.1995251178741455,,,0.1418340802192688,0.0011756427120417356,,0.0016331772785633802,,0.14661933481693268,,0.0022881166078150272,,0.0009414186934009194,,0.0022643734700977802,,0.0028223043773323298,,0.0010943226516246796,,0.3029467761516571,,,,,,,,,,,,,,,,
29,24599,,0.014463044703006744,,0.0,,0.10034122318029404,,0.0012399684637784958,,0.199186310172081,,,0.1403907686471939,0.0018073326209560037,,0.0020228056237101555,,0.15535855293273926,,0.0028766714967787266,,0.0011980464914813638,,0.0025024465285241604,,0.0032303615007549524,,0.0012399684637784958,,0.3139239549636841,,,,,,,,,,,,,,,,
29,24609,,0.00969026517122984,,0.0,,0.088173046708107,,0.0013655321672558784,,0.19921231269836426,,,0.1429683268070221,0.0006400889251381159,,0.0013405855279415846,,0.14705254137516022,,0.0028875230345875025,,0.0013233959907665849,,0.0023258361034095287,,0.0030107079073786736,,0.0013655321672558784,,0.30150046944618225,,,,,,,,,,,,,,,,
29,24619,,0.008688916452229023,,0.0,,0.10443611443042755,,0.0014461250975728035,,0.20044569671154022,,,0.13081134855747223,0.0015352920163422823,,0.0010131520684808493,,0.14134827256202698,,0.0026487326249480247,,0.0011670568492263556,,0.002392779104411602,,0.0030255960300564766,,0.0014461250975728035,,0.30099231004714966,,,,,,,,,,,,,,,,
29,24629,,0.00645305635407567,,0.0,,0.08538968861103058,,0.0007365010678768158,,0.2035476416349411,,,0.15624479949474335,0.0006553504499606788,,0.0006569470278918743,,0.14770986139774323,,0.002288797404617071,,0.000931643764488399,,0.00229046237654984,,0.002820681082084775,,0.0007365010678768158,,0.30627304315567017,,,,,,,,,,,,,,,,
29,24639,,0.008098194375634193,,0.0,,0.09564168006181717,,0.0013971123844385147,,0.19916461408138275,,,0.14408724009990692,0.0007382697076536715,,0.0010327190393581986,,0.14665192365646362,,0.00341227650642395,,0.0014558214461430907,,0.0023323888890445232,,0.003098553279414773,,0.0013971123844385147,,0.30510467290878296,,,,,,,,,,,,,,,,
29,24649,,0.012092427350580692,,0.0,,0.09995483607053757,,0.0041417283937335014,,0.19930468499660492,,,0.15229029953479767,0.012398415245115757,,0.002168781589716673,,0.14937430620193481,,0.005795451812446117,,0.0016502984799444675,,0.00264021591283381,,0.003273604903370142,,0.0041417283937335014,,0.3241793215274811,,,,,,,,,,,,,,,,
29,24659,,0.007007500156760216,,0.0,,0.10015255957841873,,0.0011182008311152458,,0.19909949600696564,,,0.1448529213666916,0.0012705180561169982,,0.0010441381018608809,,0.14719799160957336,,0.0023529897443950176,,0.00099498953204602,,0.002353477291762829,,0.0029171344358474016,,0.0011182008311152458,,0.30663955211639404,,,,,,,,,,,,,,,,
29,24669,,0.008517307229340076,,0.0,,0.09421485662460327,,0.0015090731903910637,,0.1994483470916748,,,0.1386621594429016,0.0013574369950219989,,0.0014328339602798223,,0.1418432742357254,,0.002671717433258891,,0.0011614775285124779,,0.0025053247809410095,,0.003134717233479023,,0.0015090731903910637,,0.29979661107063293,,,,,,,,,,,,,,,,
29,24679,,0.005620106123387814,,0.0,,0.08781794458627701,,0.0009830817580223083,,0.19903087615966797,,,0.15162980556488037,0.0017230873927474022,,0.0008688398520462215,,0.1482507586479187,,0.003006784012541175,,0.0009661265066824853,,0.0022861044853925705,,0.0027478307019919157,,0.0009830817580223083,,0.3038395643234253,,,,,,,,,,,,,,,,
29,24689,,0.008126172237098217,,0.0,,0.10124220699071884,,0.0012816553935408592,,0.19918614625930786,,,0.13985629379749298,0.001212041126564145,,0.0007461830973625183,,0.14140355587005615,,0.0027463752776384354,,0.0012636118335649371,,0.0023943427950143814,,0.0030775859486311674,,0.0012816553935408592,,0.30280688405036926,,,,,,,,,,,,,,,,
29,24699,,0.009876570664346218,,0.0,,0.10547768324613571,,0.001152966171503067,,0.20173247158527374,,,0.14036576449871063,0.0012304253177717328,,0.0009042647434398532,,0.1479136049747467,,0.0028570396825671196,,0.001218109973706305,,0.002463663462549448,,0.0032052856404334307,,0.001152966171503067,,0.31080156564712524,,,,,,,,,,,,,,,,
29,24709,,0.008514776825904846,,0.0,,0.08975523710250854,,0.0010435115545988083,,0.19903460144996643,,,0.148854061961174,0.0017827035626396537,,0.0022941315546631813,,0.15126028656959534,,0.0023132481146603823,,0.0009440779685974121,,0.002351928036659956,,0.0028132281731814146,,0.0010435115545988083,,0.30688750743865967,,,,,,,,,,,,,,,,
29,24719,,0.013632722198963165,,0.0,,0.10853096097707748,,0.0026920195668935776,,0.19894123077392578,,,0.15008032321929932,0.013973470777273178,,0.002272641519084573,,0.15261304378509521,,0.007312786299735308,,0.0016239987453445792,,0.0028068996034562588,,0.003437627339735627,,0.0026920195668935776,,0.33067768812179565,,,,,,,,,,,,,,,,
29,24729,,0.007867326959967613,,0.0,,0.09588546305894852,,0.001386319287121296,,0.1990598887205124,,,0.14722992479801178,0.0018667039694264531,,0.0008122305735014379,,0.14674688875675201,,0.002950865775346756,,0.001378846587613225,,0.0023038301151245832,,0.003076616209000349,,0.001386319287121296,,0.30682075023651123,,,,,,,,,,,,,,,,
29,24739,,0.010541385039687157,,0.0,,0.10283471643924713,,0.001035786233842373,,0.19952857494354248,,,0.15227921307086945,0.0005566782201640308,,0.0020366362296044827,,0.14355607330799103,,0.0029494701884686947,,0.0012879538116976619,,0.0022342924494296312,,0.0027882971335202456,,0.001035786233842373,,0.3122086822986603,,,,,,,,,,,,,,,,
29,24749,,0.004159809555858374,,0.0,,0.07251578569412231,,0.0008777659386396408,,0.19899272918701172,,,0.14473453164100647,0.0006973199779167771,,0.0006260924856178463,,0.14387278258800507,,0.0018966104835271835,,0.0006603896617889404,,0.0024222228676080704,,0.0028153008315712214,,0.0008777659386396408,,0.28854334354400635,,,,,,,,,,,,,,,,
29,24759,,0.007679753005504608,,0.0,,0.09741149842739105,,0.001918991096317768,,0.20057560503482819,,,0.13923685252666473,0.002085406333208084,,0.0008694280404597521,,0.1478748917579651,,0.0036979829892516136,,0.0015554698184132576,,0.0024658534675836563,,0.003349516773596406,,0.001918991096317768,,0.3060353696346283,,,,,,,,,,,,,,,,
29,24769,,0.008564537391066551,,0.0,,0.0965721383690834,,0.00147143192589283,,0.19915349781513214,,,0.14603661000728607,0.0015869428170844913,,0.001508266432210803,,0.14350588619709015,,0.0020988471806049347,,0.0009068240760825574,,0.0023535448126494884,,0.002836702624335885,,0.00147143192589283,,0.30471599102020264,,,,,,,,,,,,,,,,
29,24779,,0.008692217990756035,,0.0,,0.08430643379688263,,0.0019088014960289001,,0.200484037399292,,,0.13940295577049255,0.001297644223086536,,0.001198343001306057,,0.1425134837627411,,0.0035553397610783577,,0.0014348580734804273,,0.00246175704523921,,0.003254522569477558,,0.0019088014960289001,,0.2968824803829193,,,,,,,,,,,,,,,,
29,24789,,0.010619948618113995,,0.0,,0.08846703916788101,,0.0009725578129291534,,0.19924092292785645,,,0.14413385093212128,0.0022428121883422136,,0.0019612556789070368,,0.14672189950942993,,0.002382327802479267,,0.000984056037850678,,0.0023382033687084913,,0.0029312754049897194,,0.0009725578129291534,,0.3029637336730957,,,,,,,,,,,,,,,,
29,24799,,0.010622725822031498,,0.0,,0.09240582585334778,,0.0008838353678584099,,0.20121189951896667,,,0.14418362081050873,0.0006363172433339059,,0.0009839111007750034,,0.14588436484336853,,0.002713647438213229,,0.0011473065242171288,,0.0023343993816524744,,0.002968261484056711,,0.0008838353678584099,,0.3044721782207489,,,,,,,,,,,,,,,,
29,24809,,0.009465394541621208,,0.0,,0.08789674192667007,,0.0009879758581519127,,0.19917196035385132,,,0.14287781715393066,0.0015390579355880618,,0.0022214066702872515,,0.14861860871315002,,0.0030864551663398743,,0.0012153942370787263,,0.0023456946946680546,,0.0029494045302271843,,0.0009879758581519127,,0.3026626408100128,,,,,,,,,,,,,,,,
29,24819,,0.007746018003672361,,0.0,,0.08828629553318024,,0.001289650797843933,,0.19920039176940918,,,0.1406584531068802,0.0009625172824598849,,0.0011510644108057022,,0.1458217203617096,,0.0032388868276029825,,0.001308818464167416,,0.002430047607049346,,0.003181011648848653,,0.001289650797843933,,0.29922792315483093,,,,,,,,,,,,,,,,
29,24829,,0.00442554010078311,,0.0,,0.06754545122385025,,0.0011753551661968231,,0.200845867395401,,,0.1434459239244461,0.001552193658426404,,0.0008315928280353546,,0.1430252492427826,,0.0029281903989613056,,0.0011440442176535726,,0.002387046115472913,,0.0030303997918963432,,0.0011753551661968231,,0.2876836359500885,,,,,,,,,,,,,,,,
29,24839,,0.013277185149490833,,0.0,,0.10315032303333282,,0.0009507285431027412,,0.19897547364234924,,,0.1533917486667633,0.0017700443277135491,,0.0025266690645366907,,0.1530684232711792,,0.00248078815639019,,0.0011637938441708684,,0.0023617097176611423,,0.003054356202483177,,0.0009507285431027412,,0.3196128010749817,,,,,,,,,,,,,,,,
29,24849,,0.009329693391919136,,0.0,,0.08434967696666718,,0.000664382241666317,,0.19899921119213104,,,0.14809632301330566,0.0006607864052057266,,0.0014538827817887068,,0.15158405900001526,,0.0016906221862882376,,0.0006822870927862823,,0.002335132332518697,,0.0027222621720284224,,0.000664382241666317,,0.3026452958583832,,,,,,,,,,,,,,,,
29,24859,,0.003921992611140013,,0.0,,0.07773146033287048,,0.0016807317733764648,,0.1991918385028839,,,0.1453404426574707,0.0008761658100411296,,0.0009688822319731116,,0.14142706990242004,,0.0036747120320796967,,0.0015187798999249935,,0.002303158864378929,,0.0030617662705481052,,0.0016807317733764648,,0.29237937927246094,,,,,,,,,,,,,,,,
29,24869,,0.006175723858177662,,0.0,,0.0800941064953804,,0.00102991983294487,,0.1992056965827942,,,0.1377025991678238,0.0019227431621402502,,0.0020436167251318693,,0.1457212269306183,,0.0019073227886110544,,0.0007991492748260498,,0.0023997437674552202,,0.002876866841688752,,0.00102991983294487,,0.2923777997493744,,,,,,,,,,,,,,,,
29,24879,,0.010949989780783653,,0.0,,0.09862595051527023,,0.0009062634781002998,,0.1993265450000763,,,0.15079306066036224,0.0008275008294731379,,0.0014101897832006216,,0.15178969502449036,,0.0032454165630042553,,0.0010533418972045183,,0.0022508895490318537,,0.002804356627166271,,0.0009062634781002998,,0.31339380145072937,,,,,,,,,,,,,,,,
29,24889,,0.006943207234144211,,0.0,,0.09340737760066986,,0.0014213025569915771,,0.19942998886108398,,,0.13551053404808044,0.0009293427574448287,,0.0007618849049322307,,0.14175575971603394,,0.0029313997365534306,,0.0013140939408913255,,0.002368275308981538,,0.0030270435381680727,,0.0014213025569915771,,0.2964136600494385,,,,,,,,,,,,,,,,
29,24899,,0.01231655664741993,,0.0,,0.08984982967376709,,0.0013919416815042496,,0.1990630179643631,,,0.1438169926404953,0.0017348156543448567,,0.001703185960650444,,0.1510283648967743,,0.003518329467624426,,0.0014513647183775902,,0.0024210847914218903,,0.0031598384957760572,,0.0013919416815042496,,0.3073076009750366,,,,,,,,,,,,,,,,
29,24909,,0.009389284066855907,,0.0,,0.09750617295503616,,0.0008293800055980682,,0.1989700198173523,,,0.14139887690544128,0.0034302743151783943,,0.0024922031443566084,,0.14667680859565735,,0.0019837261643260717,,0.000789398851338774,,0.0023553776554763317,,0.002837286563590169,,0.0008293800055980682,,0.3057480454444885,,,,,,,,,,,,,,,,
29,24919,,0.006675977259874344,,0.0,,0.08477331697940826,,0.0015159789472818375,,0.1992565393447876,,,0.14110560715198517,0.0007175910286605358,,0.000781152630224824,,0.14352262020111084,,0.0031914236024022102,,0.0014793076552450657,,0.0022977981716394424,,0.003070249455049634,,0.0015159789472818375,,0.2957288920879364,,,,,,,,,,,,,,,,
29,24929,,0.0057622818276286125,,0.0,,0.0869632139801979,,0.0014622574672102928,,0.19885846972465515,,,0.1307317018508911,0.0009170293342322111,,0.0011497910600155592,,0.14358624815940857,,0.0028143497183918953,,0.0013562715612351894,,0.0023519753012806177,,0.0031035332940518856,,0.0014622574672102928,,0.2910802960395813,,,,,,,,,,,,,,,,
29,24939,,0.00525932852178812,,0.0,,0.08448097854852676,,0.00118185393512249,,0.19906803965568542,,,0.14479506015777588,0.0010097217746078968,,0.001410866854712367,,0.14520353078842163,,0.0032138351816684008,,0.0014442258980125189,,0.0023347327951341867,,0.003045896766707301,,0.00118185393512249,,0.2977469563484192,,,,,,,,,,,,,,,,
29,24949,,0.004622894339263439,,0.0,,0.08595763146877289,,0.0010198941454291344,,0.20119795203208923,,,0.14929921925067902,0.0008932305499911308,,0.000832191901281476,,0.14694364368915558,,0.001959956716746092,,0.0008487056475132704,,0.0023329046089202166,,0.0028126859106123447,,0.0010198941454291344,,0.30076682567596436,,,,,,,,,,,,,,,,
29,24959,,0.010599913075566292,,0.0,,0.0973222404718399,,0.0011383146047592163,,0.1990659236907959,,,0.1435326486825943,0.0012725860578939319,,0.001856083981692791,,0.15051886439323425,,0.002608918584883213,,0.0011239516315981746,,0.0022691218182444572,,0.002871577860787511,,0.0011383146047592163,,0.3085258901119232,,,,,,,,,,,,,,,,
29,24969,,0.009275121614336967,,0.0,,0.10426349937915802,,0.0009727496653795242,,0.19924825429916382,,,0.13222813606262207,0.0016038240864872932,,0.0019844239577651024,,0.14529356360435486,,0.0034666666761040688,,0.0012791510671377182,,0.002591852331534028,,0.0031957325991243124,,0.0009727496653795242,,0.30429935455322266,,,,,,,,,,,,,,,,
29,24979,,0.005535968579351902,,0.0,,0.09411954134702682,,0.0010354295372962952,,0.20067401230335236,,,0.14936517179012299,0.0032406167592853308,,0.0020092627964913845,,0.14601454138755798,,0.0022786110639572144,,0.0009475437691435218,,0.002325055655092001,,0.002869433956220746,,0.0010354295372962952,,0.3066423237323761,,,,,,,,,,,,,,,,
29,24989,,0.011740915477275848,,0.0,,0.09151054173707962,,0.0010552145540714264,,0.19896405935287476,,,0.13712316751480103,0.0009344712598249316,,0.002058392157778144,,0.1476087123155594,,0.001991532277315855,,0.0008558930712752044,,0.002325094072148204,,0.0029027871787548065,,0.0010552145540714264,,0.30098679661750793,,,,,,,,,,,,,,,,
29,24999,,0.010648436844348907,,0.0,,0.08631929755210876,,0.0009282231330871582,,0.19891734421253204,,,0.1369771957397461,0.0017676552524790168,,0.0025116438046097755,,0.14457738399505615,,0.0019810255616903305,,0.0008970628259703517,,0.0023548707831650972,,0.002919259946793318,,0.0009282231330871582,,0.2968593239784241,,,,,,,,,,,,,,,,
29,25009,,0.012897366657853127,,0.0,,0.0915621891617775,,0.03127094358205795,,0.20061859488487244,,,0.1475912481546402,0.023745445534586906,,0.0019855780992656946,,0.1465381234884262,,0.00993221253156662,,0.011738472618162632,,0.002413324313238263,,0.003423393238335848,,0.03127094358205795,,0.34357014298439026,,,,,,,,,,,,,,,,
29,25019,,0.01347197312861681,,0.0,,0.10603946447372437,,0.0009873202070593834,,0.19921469688415527,,,0.12826095521450043,0.001350904582068324,,0.0023853592574596405,,0.14046138525009155,,0.0027274414896965027,,0.0011295225704088807,,0.0024409897159785032,,0.0031951277051120996,,0.0009873202070593834,,0.302430123090744,,,,,,,,,,,,,,,,
29,25029,,0.010134227573871613,,0.0,,0.10888844728469849,,0.030967269092798233,,0.20036302506923676,,,0.14622969925403595,0.0036293165758252144,,0.0022737274412065744,,0.14916929602622986,,0.06305941939353943,,0.030999477952718735,,0.002345218090340495,,0.003954312764108181,,0.030967269092798233,,0.37798386812210083,,,,,,,,,,,,,,,,
29,25039,,0.009662395343184471,,0.0,,0.0935368537902832,,0.0007816292345523834,,0.1997213363647461,,,0.15006202459335327,0.0009202665532939136,,0.0012704235268756747,,0.14780867099761963,,0.0021750577725470066,,0.0008796920301392674,,0.002388882217928767,,0.00301257218234241,,0.0007816292345523834,,0.3076161742210388,,,,,,,,,,,,,,,,
29,25049,,0.008772781118750572,,0.0,,0.09945467114448547,,0.0011435803025960922,,0.19909554719924927,,,0.15023669600486755,0.0014932781923562288,,0.0011103670112788677,,0.14827653765678406,,0.002957741729915142,,0.0012704326072707772,,0.00241869012825191,,0.0031596901826560497,,0.0011435803025960922,,0.3112748861312866,,,,,,,,,,,,,,,,
29,25059,,0.010733066126704216,,0.0,,0.10863053053617477,,0.0011540241539478302,,0.19912917912006378,,,0.14240394532680511,0.0006192140281200409,,0.0016121515072882175,,0.1468452513217926,,0.003294129855930805,,0.0014362294459715486,,0.002420028205960989,,0.0032210845965892076,,0.0011540241539478302,,0.3123599588871002,,,,,,,,,,,,,,,,
29,25069,,0.005112661048769951,,0.0,,0.1059732437133789,,0.0013265050947666168,,0.1992204189300537,,,0.14680151641368866,0.0021848264150321484,,0.0009652362205088139,,0.14222513139247894,,0.0035098581574857235,,0.0014480955433100462,,0.0023897148203104734,,0.003148601157590747,,0.0013265050947666168,,0.3087272346019745,,,,,,,,,,,,,,,,
29,25079,,0.006059267558157444,,0.0,,0.07926112413406372,,0.0010356782004237175,,0.1989407241344452,,,0.148502916097641,0.0012125428766012192,,0.0008157356060110033,,0.14650222659111023,,0.0025678854435682297,,0.0011474023340269923,,0.002375549403950572,,0.0030145077034831047,,0.0010356782004237175,,0.2972250282764435,,,,,,,,,,,,,,,,
29,25089,,0.008198508992791176,,0.0,,0.09253983199596405,,0.0010190429165959358,,0.19890764355659485,,,0.14746955037117004,0.0008648072835057974,,0.0010782756144180894,,0.14515741169452667,,0.002163092838600278,,0.000982292229309678,,0.00237335916608572,,0.0029594185762107372,,0.0010190429165959358,,0.30333635210990906,,,,,,,,,,,,,,,,
29,25099,,0.012323394417762756,,0.0,,0.08910834789276123,,0.0010271864011883736,,0.19906623661518097,,,0.1444261074066162,0.0007313374080695212,,0.0017239957815036178,,0.15210875868797302,,0.003043646924197674,,0.0011753018479794264,,0.0023700755555182695,,0.002961469814181328,,0.0010271864011883736,,0.3065136671066284,,,,,,,,,,,,,,,,
29,25109,,0.007989535108208656,,0.0,,0.08814017474651337,,0.0009557204321026802,,0.1993480920791626,,,0.1421816498041153,0.0010022611822932959,,0.001183221349492669,,0.14175602793693542,,0.002147830557078123,,0.0009678315254859626,,0.0023514623753726482,,0.0029063483234494925,,0.0009557204321026802,,0.29691827297210693,,,,,,,,,,,,,,,,
29,25119,,0.006654986180365086,,0.0,,0.07344575971364975,,0.0007027257233858109,,0.2011614441871643,,,0.14801514148712158,0.00122633611317724,,0.0009861075086519122,,0.14525507390499115,,0.0018934754189103842,,0.0007441701018251479,,0.002355368109419942,,0.0028299358673393726,,0.0007027257233858109,,0.2940502166748047,,,,,,,,,,,,,,,,
29,25129,,0.005965423304587603,,0.0,,0.0794743150472641,,0.0011759782209992409,,0.19913364946842194,,,0.14884111285209656,0.0019832192920148373,,0.0011309836991131306,,0.14571812748908997,,0.003180114086717367,,0.0013917211908847094,,0.0022857189178466797,,0.002979991026222706,,0.0011759782209992409,,0.2981201708316803,,,,,,,,,,,,,,,,
29,25139,,0.01005801185965538,,0.0,,0.08289917558431625,,0.001307436265051365,,0.19939842820167542,,,0.14895778894424438,0.0009843036532402039,,0.001595794688910246,,0.14682826399803162,,0.00281094410456717,,0.0011709561804309487,,0.0022977401968091726,,0.0029402978252619505,,0.001307436265051365,,0.3020947277545929,,,,,,,,,,,,,,,,
29,25149,,0.015483023598790169,,0.0,,0.09917661547660828,,0.030594289302825928,,0.19973081350326538,,,0.14219191670417786,0.01634127087891102,,0.005625201389193535,,0.1498660445213318,,0.009088562801480293,,0.010925914160907269,,0.0026267562061548233,,0.0035859907511621714,,0.030594289302825928,,0.3444112241268158,,,,,,,,,,,,,,,,
29,25159,,0.012138275429606438,,0.0,,0.09173562377691269,,0.0012086881324648857,,0.19971589744091034,,,0.13540343940258026,0.0017033177427947521,,0.0021834266372025013,,0.15399527549743652,,0.00366546050645411,,0.0014283425407484174,,0.0023251015227288008,,0.0028974979650229216,,0.0012086881324648857,,0.30564895272254944,,,,,,,,,,,,,,,,
29,25169,,0.009069560095667839,,0.0,,0.09057189524173737,,0.0008235340937972069,,0.20022621750831604,,,0.14373913407325745,0.0011451550526544452,,0.0011162057053297758,,0.1492716372013092,,0.0020667873322963715,,0.0008394417236559093,,0.002336040837690234,,0.00277678482234478,,0.0008235340937972069,,0.3033795654773712,,,,,,,,,,,,,,,,
29,25179,,0.005443324334919453,,0.0,,0.08306825906038284,,0.0008004382252693176,,0.19939076900482178,,,0.14874422550201416,0.0014500239631161094,,0.0008734711445868015,,0.14509986340999603,,0.0021133010741323233,,0.0009480103035457432,,0.0023736627772450447,,0.00289399572648108,,0.0008004382252693176,,0.29804664850234985,,,,,,,,,,,,,,,,
29,25189,,0.008881398476660252,,0.0,,0.08800983428955078,,0.0017331810668110847,,0.1990857720375061,,,0.13920249044895172,0.001208860194310546,,0.0018468813505023718,,0.1495341658592224,,0.004035659600049257,,0.0017354304436594248,,0.0025000169407576323,,0.0032704381737858057,,0.0017331810668110847,,0.30215728282928467,,,,,,,,,,,,,,,,
29,25199,,0.008060192689299583,,0.0,,0.0833030641078949,,0.0008116560056805611,,0.20031636953353882,,,0.14175890386104584,0.00095944112399593,,0.0014921869151294231,,0.14530327916145325,,0.0018942243186756968,,0.0007863130304031074,,0.0023361248895525932,,0.002773609245195985,,0.0008116560056805611,,0.2962844967842102,,,,,,,,,,,,,,,,
29,25209,,0.008273252286016941,,0.0,,0.09690961241722107,,0.0010193614289164543,,0.19958142936229706,,,0.14266526699066162,0.0015307673020288348,,0.0012056976556777954,,0.14714017510414124,,0.0025167660787701607,,0.001171645475551486,,0.0022858805023133755,,0.002945577958598733,,0.0010193614289164543,,0.30509549379348755,,,,,,,,,,,,,,,,
29,25219,,0.008748862892389297,,0.0,,0.09325558692216873,,0.0007164319977164268,,0.1994263380765915,,,0.13632932305335999,0.0005765355308540165,,0.0009428630582988262,,0.14834928512573242,,0.0034400031436234713,,0.001544111524708569,,0.0022896018344908953,,0.0028457045555114746,,0.0007164319977164268,,0.30065515637397766,,,,,,,,,,,,,,,,
29,25229,,0.008083484135568142,,0.0,,0.09564588963985443,,0.0014126421883702278,,0.19953303039073944,,,0.14084018766880035,0.0020097140222787857,,0.0008929462055675685,,0.14377668499946594,,0.003183998167514801,,0.0013919060584157705,,0.002307683229446411,,0.003122137626633048,,0.0014126421883702278,,0.3026612401008606,,,,,,,,,,,,,,,,
29,25239,,0.008116336539387703,,0.0,,0.09356655180454254,,0.001135198399424553,,0.19985944032669067,,,0.13975496590137482,0.0015941954916343093,,0.0006773231434635818,,0.14868682622909546,,0.002954439725726843,,0.0010698175756260753,,0.0022551717702299356,,0.0027684876695275307,,0.001135198399424553,,0.3026036322116852,,,,,,,,,,,,,,,,
29,25249,,0.012275071814656258,,0.0,,0.09338095039129257,,0.0008815284818410873,,0.1989445984363556,,,0.1443253606557846,0.0012611657148227096,,0.0012100869789719582,,0.1443287432193756,,0.0024997745640575886,,0.0011223414912819862,,0.002362234052270651,,0.0029486080165952444,,0.0008815284818410873,,0.3042445480823517,,,,,,,,,,,,,,,,
29,25259,,0.008394800126552582,,0.0,,0.08946117013692856,,0.0011715013533830643,,0.19927391409873962,,,0.14751827716827393,0.0019523497903719544,,0.0012404078152030706,,0.14759770035743713,,0.002054425422102213,,0.0009799153776839375,,0.0024119734298437834,,0.0029265552293509245,,0.0011715013533830643,,0.3039547801017761,,,,,,,,,,,,,,,,
29,25269,,0.006295913830399513,,0.0,,0.07119414210319519,,0.0009483378380537033,,0.19973953068256378,,,0.14338715374469757,0.00047440591151826084,,0.000824442773591727,,0.1442292481660843,,0.0017746948869898915,,0.0008131495560519397,,0.0023764362558722496,,0.002904224209487438,,0.0009483378380537033,,0.2889329493045807,,,,,,,,,,,,,,,,
29,25279,,0.0065695480443537235,,0.0,,0.08093492686748505,,0.0007688747718930244,,0.19908922910690308,,,0.1423248052597046,0.0011706394143402576,,0.00090876838658005,,0.14799636602401733,,0.0020473524928092957,,0.000829727272503078,,0.002299209125339985,,0.0028260706458240747,,0.0007688747718930244,,0.2952958047389984,,,,,,,,,,,,,,,,
29,25289,,0.007312665227800608,,0.0,,0.09304141253232956,,0.001330498605966568,,0.199149489402771,,,0.13844454288482666,0.00134070566855371,,0.001283450867049396,,0.14480502903461456,,0.003931256011128426,,0.0014104355359449983,,0.0024030329659581184,,0.0030952587258070707,,0.001330498605966568,,0.3003215193748474,,,,,,,,,,,,,,,,
29,25299,,0.0039642429910600185,,0.0,,0.07662078738212585,,0.0010988833382725716,,0.19943825900554657,,,0.1423196941614151,0.0004379965830594301,,0.0011494760401546955,,0.14219897985458374,,0.0023424499668180943,,0.0010338925058022141,,0.0023078247904777527,,0.0028627095744013786,,0.0010988833382725716,,0.2893189787864685,,,,,,,,,,,,,,,,
29,25309,,0.010485835373401642,,0.0,,0.10812145471572876,,0.0009903665632009506,,0.1990191489458084,,,0.1488923728466034,0.0005478416569530964,,0.0012796774972230196,,0.14922299981117249,,0.002273533260449767,,0.0010342247551307082,,0.0023085151333361864,,0.002925665583461523,,0.0009903665632009506,,0.3150136470794678,,,,,,,,,,,,,,,,
29,25319,,0.008833315223455429,,0.0,,0.10540182143449783,,0.0012737913057208061,,0.20098617672920227,,,0.13235877454280853,0.0007196744554676116,,0.0014472896000370383,,0.1439279019832611,,0.0031113545410335064,,0.00117988302372396,,0.0024661445058882236,,0.003151197684928775,,0.0012737913057208061,,0.3040042519569397,,,,,,,,,,,,,,,,
29,25329,,0.010032393969595432,,0.0,,0.08219645172357559,,0.0009358813986182213,,0.19977912306785583,,,0.1400395929813385,0.0007141175447031856,,0.001469388953410089,,0.14380192756652832,,0.0020816263277083635,,0.0009568743407726288,,0.00243992917239666,,0.003002735087648034,,0.0009358813986182213,,0.29522639513015747,,,,,,,,,,,,,,,,
29,25339,,0.008523177355527878,,0.0,,0.09224224090576172,,0.0010516084730625153,,0.20620080828666687,,,0.1449112445116043,0.001295831985771656,,0.000821464869659394,,0.1464109718799591,,0.003193025942891836,,0.0013689229963347316,,0.002341814339160919,,0.0031498319003731012,,0.0010516084730625153,,0.3073303997516632,,,,,,,,,,,,,,,,
29,25349,,0.007155369035899639,,0.0,,0.09423207491636276,,0.0006581498309969902,,0.1989181786775589,,,0.14099057018756866,0.001565367798320949,,0.0011828006245195866,,0.14668282866477966,,0.001903935568407178,,0.0007065343670547009,,0.0025168205611407757,,0.0029487931169569492,,0.0006581498309969902,,0.3012051284313202,,,,,,,,,,,,,,,,
29,25349,,,,,,,,,,,,,,,,,,,,,,,,,,,,,,,,0.06445511430501938,0.0,0.3399757146835327,0.19921866059303284,0.2986583709716797,0.10946939885616302,0.22006618976593018,0.036944616585969925,0.221091628074646,0.39902034401893616,0.2001592218875885,0.004353026393800974,0.018124008551239967,0.19921866059303284,1.0648303031921387
29,25349,0.008848135359585285,,0.0,,0.09241263568401337,,0.002253788523375988,,0.20000037550926208,,0.0019047314999625087,0.14313891530036926,,,0.0015293805627152324,,0.14674589037895203,,0.003268907545134425,,0.0015311150345951319,,0.0023816758766770363,,0.0030198043677955866,,0.002253788523375988,,0.305027574300766,,0.25354477763175964,,,,,,,,,,,,,,,
